timestamp,reconstruction_error,status,threshold_p95,threshold_p99
2024-01-01 23:00:00,0.039828252,NORMAL,0.2635244131088257,0.4121681749820709
2024-01-02 00:00:00,0.032790508,NORMAL,0.2635244131088257,0.4121681749820709
2024-01-02 01:00:00,0.030766092,NORMAL,0.2635244131088257,0.4121681749820709
2024-01-02 02:00:00,0.032195415,NORMAL,0.2635244131088257,0.4121681749820709
2024-01-02 03:00:00,0.03391163,NORMAL,0.2635244131088257,0.4121681749820709
2024-01-02 04:00:00,0.03533911,NORMAL,0.2635244131088257,0.4121681749820709
2024-01-02 05:00:00,0.03350526,NORMAL,0.2635244131088257,0.4121681749820709
2024-01-02 06:00:00,0.039355278,NORMAL,0.2635244131088257,0.4121681749820709
2024-01-02 07:00:00,0.051424824,NORMAL,0.2635244131088257,0.4121681749820709
2024-01-02 08:00:00,0.053076368,NORMAL,0.2635244131088257,0.4121681749820709
2024-01-02 09:00:00,0.033235032,NORMAL,0.2635244131088257,0.4121681749820709
2024-01-02 10:00:00,0.030974308,NORMAL,0.2635244131088257,0.4121681749820709
2024-01-02 11:00:00,0.035185292,NORMAL,0.2635244131088257,0.4121681749820709
2024-01-02 12:00:00,0.038600087,NORMAL,0.2635244131088257,0.4121681749820709
2024-01-02 13:00:00,0.040087793,NORMAL,0.2635244131088257,0.4121681749820709
2024-01-02 14:00:00,0.04105151,NORMAL,0.2635244131088257,0.4121681749820709
2024-01-02 15:00:00,0.043036677,NORMAL,0.2635244131088257,0.4121681749820709
2024-01-02 16:00:00,0.0493607,NORMAL,0.2635244131088257,0.4121681749820709
2024-01-02 17:00:00,0.060353473,NORMAL,0.2635244131088257,0.4121681749820709
2024-01-02 18:00:00,0.06442514,NORMAL,0.2635244131088257,0.4121681749820709
2024-01-02 19:00:00,0.060429335,NORMAL,0.2635244131088257,0.4121681749820709
2024-01-02 20:00:00,0.055704407,NORMAL,0.2635244131088257,0.4121681749820709
2024-01-02 21:00:00,0.05251427,NORMAL,0.2635244131088257,0.4121681749820709
2024-01-02 22:00:00,0.045060933,NORMAL,0.2635244131088257,0.4121681749820709
2024-01-02 23:00:00,0.035635613,NORMAL,0.2635244131088257,0.4121681749820709
2024-01-03 00:00:00,0.029839784,NORMAL,0.2635244131088257,0.4121681749820709
2024-01-03 01:00:00,0.02791185,NORMAL,0.2635244131088257,0.4121681749820709
2024-01-03 02:00:00,0.029064605,NORMAL,0.2635244131088257,0.4121681749820709
2024-01-03 03:00:00,0.030572185,NORMAL,0.2635244131088257,0.4121681749820709
2024-01-03 04:00:00,0.032784063,NORMAL,0.2635244131088257,0.4121681749820709
2024-01-03 05:00:00,0.032988414,NORMAL,0.2635244131088257,0.4121681749820709
2024-01-03 06:00:00,0.039148405,NORMAL,0.2635244131088257,0.4121681749820709
2024-01-03 07:00:00,0.0520664,NORMAL,0.2635244131088257,0.4121681749820709
2024-01-03 08:00:00,0.05383478,NORMAL,0.2635244131088257,0.4121681749820709
2024-01-03 09:00:00,0.029840091,NORMAL,0.2635244131088257,0.4121681749820709
2024-01-03 10:00:00,0.024931673,NORMAL,0.2635244131088257,0.4121681749820709
2024-01-03 11:00:00,0.026815424,NORMAL,0.2635244131088257,0.4121681749820709
2024-01-03 12:00:00,0.030762771,NORMAL,0.2635244131088257,0.4121681749820709
2024-01-03 13:00:00,0.0343827,NORMAL,0.2635244131088257,0.4121681749820709
2024-01-03 14:00:00,0.038980007,NORMAL,0.2635244131088257,0.4121681749820709
2024-01-03 15:00:00,0.04554312,NORMAL,0.2635244131088257,0.4121681749820709
2024-01-03 16:00:00,0.051770385,NORMAL,0.2635244131088257,0.4121681749820709
2024-01-03 17:00:00,0.05915365,NORMAL,0.2635244131088257,0.4121681749820709
2024-01-03 18:00:00,0.05914137,NORMAL,0.2635244131088257,0.4121681749820709
2024-01-03 19:00:00,0.053145412,NORMAL,0.2635244131088257,0.4121681749820709
2024-01-03 20:00:00,0.04868488,NORMAL,0.2635244131088257,0.4121681749820709
2024-01-03 21:00:00,0.045395076,NORMAL,0.2635244131088257,0.4121681749820709
2024-01-03 22:00:00,0.039417334,NORMAL,0.2635244131088257,0.4121681749820709
2024-01-03 23:00:00,0.031154573,NORMAL,0.2635244131088257,0.4121681749820709
2024-01-04 00:00:00,0.025548456,NORMAL,0.2635244131088257,0.4121681749820709
2024-01-04 01:00:00,0.023013413,NORMAL,0.2635244131088257,0.4121681749820709
2024-01-04 02:00:00,0.023019202,NORMAL,0.2635244131088257,0.4121681749820709
2024-01-04 03:00:00,0.0219481,NORMAL,0.2635244131088257,0.4121681749820709
2024-01-04 04:00:00,0.021229662,NORMAL,0.2635244131088257,0.4121681749820709
2024-01-04 05:00:00,0.021701809,NORMAL,0.2635244131088257,0.4121681749820709
2024-01-04 06:00:00,0.027212331,NORMAL,0.2635244131088257,0.4121681749820709
2024-01-04 07:00:00,0.039748568,NORMAL,0.2635244131088257,0.4121681749820709
2024-01-04 08:00:00,0.047120366,NORMAL,0.2635244131088257,0.4121681749820709
2024-01-04 09:00:00,0.030549198,NORMAL,0.2635244131088257,0.4121681749820709
2024-01-04 10:00:00,0.019629383,NORMAL,0.2635244131088257,0.4121681749820709
2024-01-04 11:00:00,0.016621582,NORMAL,0.2635244131088257,0.4121681749820709
2024-01-04 12:00:00,0.01646388,NORMAL,0.2635244131088257,0.4121681749820709
2024-01-04 13:00:00,0.016868003,NORMAL,0.2635244131088257,0.4121681749820709
2024-01-04 14:00:00,0.018762337,NORMAL,0.2635244131088257,0.4121681749820709
2024-01-04 15:00:00,0.024430586,NORMAL,0.2635244131088257,0.4121681749820709
2024-01-04 16:00:00,0.032849416,NORMAL,0.2635244131088257,0.4121681749820709
2024-01-04 17:00:00,0.04484296,NORMAL,0.2635244131088257,0.4121681749820709
2024-01-04 18:00:00,0.05053171,NORMAL,0.2635244131088257,0.4121681749820709
2024-01-04 19:00:00,0.0498239,NORMAL,0.2635244131088257,0.4121681749820709
2024-01-04 20:00:00,0.04992996,NORMAL,0.2635244131088257,0.4121681749820709
2024-01-04 21:00:00,0.04824318,NORMAL,0.2635244131088257,0.4121681749820709
2024-01-04 22:00:00,0.039258886,NORMAL,0.2635244131088257,0.4121681749820709
2024-01-04 23:00:00,0.028422952,NORMAL,0.2635244131088257,0.4121681749820709
2024-01-05 00:00:00,0.021468488,NORMAL,0.2635244131088257,0.4121681749820709
2024-01-05 01:00:00,0.018939735,NORMAL,0.2635244131088257,0.4121681749820709
2024-01-05 02:00:00,0.020125212,NORMAL,0.2635244131088257,0.4121681749820709
2024-01-05 03:00:00,0.021982307,NORMAL,0.2635244131088257,0.4121681749820709
2024-01-05 04:00:00,0.024575833,NORMAL,0.2635244131088257,0.4121681749820709
2024-01-05 05:00:00,0.026279554,NORMAL,0.2635244131088257,0.4121681749820709
2024-01-05 06:00:00,0.032770734,NORMAL,0.2635244131088257,0.4121681749820709
2024-01-05 07:00:00,0.04331633,NORMAL,0.2635244131088257,0.4121681749820709
2024-01-05 08:00:00,0.04239823,NORMAL,0.2635244131088257,0.4121681749820709
2024-01-05 09:00:00,0.023100654,NORMAL,0.2635244131088257,0.4121681749820709
2024-01-05 10:00:00,0.017973969,NORMAL,0.2635244131088257,0.4121681749820709
2024-01-05 11:00:00,0.017830191,NORMAL,0.2635244131088257,0.4121681749820709
2024-01-05 12:00:00,0.018612726,NORMAL,0.2635244131088257,0.4121681749820709
2024-01-05 13:00:00,0.018884268,NORMAL,0.2635244131088257,0.4121681749820709
2024-01-05 14:00:00,0.01944481,NORMAL,0.2635244131088257,0.4121681749820709
2024-01-05 15:00:00,0.021800479,NORMAL,0.2635244131088257,0.4121681749820709
2024-01-05 16:00:00,0.0264591,NORMAL,0.2635244131088257,0.4121681749820709
2024-01-05 17:00:00,0.034424722,NORMAL,0.2635244131088257,0.4121681749820709
2024-01-05 18:00:00,0.03715382,NORMAL,0.2635244131088257,0.4121681749820709
2024-01-05 19:00:00,0.035077363,NORMAL,0.2635244131088257,0.4121681749820709
2024-01-05 20:00:00,0.033345956,NORMAL,0.2635244131088257,0.4121681749820709
2024-01-05 21:00:00,0.03304343,NORMAL,0.2635244131088257,0.4121681749820709
2024-01-05 22:00:00,0.029767986,NORMAL,0.2635244131088257,0.4121681749820709
2024-01-05 23:00:00,0.023263149,NORMAL,0.2635244131088257,0.4121681749820709
2024-01-06 00:00:00,0.019160816,NORMAL,0.2635244131088257,0.4121681749820709
2024-01-06 01:00:00,0.018403897,NORMAL,0.2635244131088257,0.4121681749820709
2024-01-06 02:00:00,0.020777889,NORMAL,0.2635244131088257,0.4121681749820709
2024-01-06 03:00:00,0.022929234,NORMAL,0.2635244131088257,0.4121681749820709
2024-01-06 04:00:00,0.025000844,NORMAL,0.2635244131088257,0.4121681749820709
2024-01-06 05:00:00,0.02555753,NORMAL,0.2635244131088257,0.4121681749820709
2024-01-06 06:00:00,0.0312658,NORMAL,0.2635244131088257,0.4121681749820709
2024-01-06 07:00:00,0.042949576,NORMAL,0.2635244131088257,0.4121681749820709
2024-01-06 08:00:00,0.04641178,NORMAL,0.2635244131088257,0.4121681749820709
2024-01-06 09:00:00,0.029677294,NORMAL,0.2635244131088257,0.4121681749820709
2024-01-06 10:00:00,0.025125233,NORMAL,0.2635244131088257,0.4121681749820709
2024-01-06 11:00:00,0.025034862,NORMAL,0.2635244131088257,0.4121681749820709
2024-01-06 12:00:00,0.02553421,NORMAL,0.2635244131088257,0.4121681749820709
2024-01-06 13:00:00,0.025289904,NORMAL,0.2635244131088257,0.4121681749820709
2024-01-06 14:00:00,0.0256388,NORMAL,0.2635244131088257,0.4121681749820709
2024-01-06 15:00:00,0.027170122,NORMAL,0.2635244131088257,0.4121681749820709
2024-01-06 16:00:00,0.03142476,NORMAL,0.2635244131088257,0.4121681749820709
2024-01-06 17:00:00,0.03993561,NORMAL,0.2635244131088257,0.4121681749820709
2024-01-06 18:00:00,0.044775955,NORMAL,0.2635244131088257,0.4121681749820709
2024-01-06 19:00:00,0.044350777,NORMAL,0.2635244131088257,0.4121681749820709
2024-01-06 20:00:00,0.044093095,NORMAL,0.2635244131088257,0.4121681749820709
2024-01-06 21:00:00,0.04470535,NORMAL,0.2635244131088257,0.4121681749820709
2024-01-06 22:00:00,0.03989446,NORMAL,0.2635244131088257,0.4121681749820709
2024-01-06 23:00:00,0.032147396,NORMAL,0.2635244131088257,0.4121681749820709
2024-01-07 00:00:00,0.02758681,NORMAL,0.2635244131088257,0.4121681749820709
2024-01-07 01:00:00,0.027541352,NORMAL,0.2635244131088257,0.4121681749820709
2024-01-07 02:00:00,0.030405423,NORMAL,0.2635244131088257,0.4121681749820709
2024-01-07 03:00:00,0.031823244,NORMAL,0.2635244131088257,0.4121681749820709
2024-01-07 04:00:00,0.031259164,NORMAL,0.2635244131088257,0.4121681749820709
2024-01-07 05:00:00,0.027894182,NORMAL,0.2635244131088257,0.4121681749820709
2024-01-07 06:00:00,0.030199043,NORMAL,0.2635244131088257,0.4121681749820709
2024-01-07 07:00:00,0.035887256,NORMAL,0.2635244131088257,0.4121681749820709
2024-01-07 08:00:00,0.031726044,NORMAL,0.2635244131088257,0.4121681749820709
2024-01-07 09:00:00,0.023975125,NORMAL,0.2635244131088257,0.4121681749820709
2024-01-07 10:00:00,0.025510846,NORMAL,0.2635244131088257,0.4121681749820709
2024-01-07 11:00:00,0.029177658,NORMAL,0.2635244131088257,0.4121681749820709
2024-01-07 12:00:00,0.03237488,NORMAL,0.2635244131088257,0.4121681749820709
2024-01-07 13:00:00,0.03552584,NORMAL,0.2635244131088257,0.4121681749820709
2024-01-07 14:00:00,0.039712265,NORMAL,0.2635244131088257,0.4121681749820709
2024-01-07 15:00:00,0.04339575,NORMAL,0.2635244131088257,0.4121681749820709
2024-01-07 16:00:00,0.048163965,NORMAL,0.2635244131088257,0.4121681749820709
2024-01-07 17:00:00,0.057163782,NORMAL,0.2635244131088257,0.4121681749820709
2024-01-07 18:00:00,0.06178157,NORMAL,0.2635244131088257,0.4121681749820709
2024-01-07 19:00:00,0.058636203,NORMAL,0.2635244131088257,0.4121681749820709
2024-01-07 20:00:00,0.053096313,NORMAL,0.2635244131088257,0.4121681749820709
2024-01-07 21:00:00,0.050012965,NORMAL,0.2635244131088257,0.4121681749820709
2024-01-07 22:00:00,0.044733245,NORMAL,0.2635244131088257,0.4121681749820709
2024-01-07 23:00:00,0.036406785,NORMAL,0.2635244131088257,0.4121681749820709
2024-01-08 00:00:00,0.031302184,NORMAL,0.2635244131088257,0.4121681749820709
2024-01-08 01:00:00,0.030279525,NORMAL,0.2635244131088257,0.4121681749820709
2024-01-08 02:00:00,0.031261344,NORMAL,0.2635244131088257,0.4121681749820709
2024-01-08 03:00:00,0.029477503,NORMAL,0.2635244131088257,0.4121681749820709
2024-01-08 04:00:00,0.024995035,NORMAL,0.2635244131088257,0.4121681749820709
2024-01-08 05:00:00,0.021588255,NORMAL,0.2635244131088257,0.4121681749820709
2024-01-08 06:00:00,0.024188701,NORMAL,0.2635244131088257,0.4121681749820709
2024-01-08 07:00:00,0.029032417,NORMAL,0.2635244131088257,0.4121681749820709
2024-01-08 08:00:00,0.026358377,NORMAL,0.2635244131088257,0.4121681749820709
2024-01-08 09:00:00,0.02356756,NORMAL,0.2635244131088257,0.4121681749820709
2024-01-08 10:00:00,0.02686539,NORMAL,0.2635244131088257,0.4121681749820709
2024-01-08 11:00:00,0.02984595,NORMAL,0.2635244131088257,0.4121681749820709
2024-01-08 12:00:00,0.032006048,NORMAL,0.2635244131088257,0.4121681749820709
2024-01-08 13:00:00,0.032244667,NORMAL,0.2635244131088257,0.4121681749820709
2024-01-08 14:00:00,0.032587387,NORMAL,0.2635244131088257,0.4121681749820709
2024-01-08 15:00:00,0.034089446,NORMAL,0.2635244131088257,0.4121681749820709
2024-01-08 16:00:00,0.03674813,NORMAL,0.2635244131088257,0.4121681749820709
2024-01-08 17:00:00,0.041214656,NORMAL,0.2635244131088257,0.4121681749820709
2024-01-08 18:00:00,0.043068554,NORMAL,0.2635244131088257,0.4121681749820709
2024-01-08 19:00:00,0.040659502,NORMAL,0.2635244131088257,0.4121681749820709
2024-01-08 20:00:00,0.038350757,NORMAL,0.2635244131088257,0.4121681749820709
2024-01-08 21:00:00,0.038253296,NORMAL,0.2635244131088257,0.4121681749820709
2024-01-08 22:00:00,0.036297694,NORMAL,0.2635244131088257,0.4121681749820709
2024-01-08 23:00:00,0.030411823,NORMAL,0.2635244131088257,0.4121681749820709
2024-01-09 00:00:00,0.026644342,NORMAL,0.2635244131088257,0.4121681749820709
2024-01-09 01:00:00,0.026573578,NORMAL,0.2635244131088257,0.4121681749820709
2024-01-09 02:00:00,0.028256532,NORMAL,0.2635244131088257,0.4121681749820709
2024-01-09 03:00:00,0.02660623,NORMAL,0.2635244131088257,0.4121681749820709
2024-01-09 04:00:00,0.021928804,NORMAL,0.2635244131088257,0.4121681749820709
2024-01-09 05:00:00,0.018373704,NORMAL,0.2635244131088257,0.4121681749820709
2024-01-09 06:00:00,0.019884108,NORMAL,0.2635244131088257,0.4121681749820709
2024-01-09 07:00:00,0.02154725,NORMAL,0.2635244131088257,0.4121681749820709
2024-01-09 08:00:00,0.018000415,NORMAL,0.2635244131088257,0.4121681749820709
2024-01-09 09:00:00,0.017387863,NORMAL,0.2635244131088257,0.4121681749820709
2024-01-09 10:00:00,0.01897914,NORMAL,0.2635244131088257,0.4121681749820709
2024-01-09 11:00:00,0.02261755,NORMAL,0.2635244131088257,0.4121681749820709
2024-01-09 12:00:00,0.027058966,NORMAL,0.2635244131088257,0.4121681749820709
2024-01-09 13:00:00,0.0310213,NORMAL,0.2635244131088257,0.4121681749820709
2024-01-09 14:00:00,0.034662057,NORMAL,0.2635244131088257,0.4121681749820709
2024-01-09 15:00:00,0.037276395,NORMAL,0.2635244131088257,0.4121681749820709
2024-01-09 16:00:00,0.040071364,NORMAL,0.2635244131088257,0.4121681749820709
2024-01-09 17:00:00,0.045786247,NORMAL,0.2635244131088257,0.4121681749820709
2024-01-09 18:00:00,0.047705326,NORMAL,0.2635244131088257,0.4121681749820709
2024-01-09 19:00:00,0.043356817,NORMAL,0.2635244131088257,0.4121681749820709
2024-01-09 20:00:00,0.038484816,NORMAL,0.2635244131088257,0.4121681749820709
2024-01-09 21:00:00,0.036314614,NORMAL,0.2635244131088257,0.4121681749820709
2024-01-09 22:00:00,0.033030186,NORMAL,0.2635244131088257,0.4121681749820709
2024-01-09 23:00:00,0.028241655,NORMAL,0.2635244131088257,0.4121681749820709
2024-01-10 00:00:00,0.026265722,NORMAL,0.2635244131088257,0.4121681749820709
2024-01-10 01:00:00,0.027470771,NORMAL,0.2635244131088257,0.4121681749820709
2024-01-10 02:00:00,0.030571103,NORMAL,0.2635244131088257,0.4121681749820709
2024-01-10 03:00:00,0.031869195,NORMAL,0.2635244131088257,0.4121681749820709
2024-01-10 04:00:00,0.031665448,NORMAL,0.2635244131088257,0.4121681749820709
2024-01-10 05:00:00,0.030211058,NORMAL,0.2635244131088257,0.4121681749820709
2024-01-10 06:00:00,0.035702586,NORMAL,0.2635244131088257,0.4121681749820709
2024-01-10 07:00:00,0.042406004,NORMAL,0.2635244131088257,0.4121681749820709
2024-01-10 08:00:00,0.035031963,NORMAL,0.2635244131088257,0.4121681749820709
2024-01-10 09:00:00,0.027099635,NORMAL,0.2635244131088257,0.4121681749820709
2024-01-10 10:00:00,0.029266749,NORMAL,0.2635244131088257,0.4121681749820709
2024-01-10 11:00:00,0.032520767,NORMAL,0.2635244131088257,0.4121681749820709
2024-01-10 12:00:00,0.03591205,NORMAL,0.2635244131088257,0.4121681749820709
2024-01-10 13:00:00,0.03787929,NORMAL,0.2635244131088257,0.4121681749820709
2024-01-10 14:00:00,0.039499544,NORMAL,0.2635244131088257,0.4121681749820709
2024-01-10 15:00:00,0.040085204,NORMAL,0.2635244131088257,0.4121681749820709
2024-01-10 16:00:00,0.0405688,NORMAL,0.2635244131088257,0.4121681749820709
2024-01-10 17:00:00,0.04382187,NORMAL,0.2635244131088257,0.4121681749820709
2024-01-10 18:00:00,0.04362646,NORMAL,0.2635244131088257,0.4121681749820709
2024-01-10 19:00:00,0.03809246,NORMAL,0.2635244131088257,0.4121681749820709
2024-01-10 20:00:00,0.03240807,NORMAL,0.2635244131088257,0.4121681749820709
2024-01-10 21:00:00,0.028370699,NORMAL,0.2635244131088257,0.4121681749820709
2024-01-10 22:00:00,0.02662376,NORMAL,0.2635244131088257,0.4121681749820709
2024-01-10 23:00:00,0.024035858,NORMAL,0.2635244131088257,0.4121681749820709
2024-01-11 00:00:00,0.021855166,NORMAL,0.2635244131088257,0.4121681749820709
2024-01-11 01:00:00,0.020922696,NORMAL,0.2635244131088257,0.4121681749820709
2024-01-11 02:00:00,0.02081616,NORMAL,0.2635244131088257,0.4121681749820709
2024-01-11 03:00:00,0.0191068,NORMAL,0.2635244131088257,0.4121681749820709
2024-01-11 04:00:00,0.016465707,NORMAL,0.2635244131088257,0.4121681749820709
2024-01-11 05:00:00,0.014953969,NORMAL,0.2635244131088257,0.4121681749820709
2024-01-11 06:00:00,0.016678184,NORMAL,0.2635244131088257,0.4121681749820709
2024-01-11 07:00:00,0.019902257,NORMAL,0.2635244131088257,0.4121681749820709
2024-01-11 08:00:00,0.020221535,NORMAL,0.2635244131088257,0.4121681749820709
2024-01-11 09:00:00,0.020536678,NORMAL,0.2635244131088257,0.4121681749820709
2024-01-11 10:00:00,0.020045659,NORMAL,0.2635244131088257,0.4121681749820709
2024-01-11 11:00:00,0.020883832,NORMAL,0.2635244131088257,0.4121681749820709
2024-01-11 12:00:00,0.022430625,NORMAL,0.2635244131088257,0.4121681749820709
2024-01-11 13:00:00,0.024613248,NORMAL,0.2635244131088257,0.4121681749820709
2024-01-11 14:00:00,0.028744182,NORMAL,0.2635244131088257,0.4121681749820709
2024-01-11 15:00:00,0.031226197,NORMAL,0.2635244131088257,0.4121681749820709
2024-01-11 16:00:00,0.030115135,NORMAL,0.2635244131088257,0.4121681749820709
2024-01-11 17:00:00,0.027184227,NORMAL,0.2635244131088257,0.4121681749820709
2024-01-11 18:00:00,0.027046185,NORMAL,0.2635244131088257,0.4121681749820709
2024-01-11 19:00:00,0.027084932,NORMAL,0.2635244131088257,0.4121681749820709
2024-01-11 20:00:00,0.025167326,NORMAL,0.2635244131088257,0.4121681749820709
2024-01-11 21:00:00,0.02283358,NORMAL,0.2635244131088257,0.4121681749820709
2024-01-11 22:00:00,0.021508962,NORMAL,0.2635244131088257,0.4121681749820709
2024-01-11 23:00:00,0.019632166,NORMAL,0.2635244131088257,0.4121681749820709
2024-01-12 00:00:00,0.01906914,NORMAL,0.2635244131088257,0.4121681749820709
2024-01-12 01:00:00,0.019975133,NORMAL,0.2635244131088257,0.4121681749820709
2024-01-12 02:00:00,0.022604637,NORMAL,0.2635244131088257,0.4121681749820709
2024-01-12 03:00:00,0.023280263,NORMAL,0.2635244131088257,0.4121681749820709
2024-01-12 04:00:00,0.021931056,NORMAL,0.2635244131088257,0.4121681749820709
2024-01-12 05:00:00,0.023395091,NORMAL,0.2635244131088257,0.4121681749820709
2024-01-12 06:00:00,0.026077755,NORMAL,0.2635244131088257,0.4121681749820709
2024-01-12 07:00:00,0.029028744,NORMAL,0.2635244131088257,0.4121681749820709
2024-01-12 08:00:00,0.025817944,NORMAL,0.2635244131088257,0.4121681749820709
2024-01-12 09:00:00,0.020727359,NORMAL,0.2635244131088257,0.4121681749820709
2024-01-12 10:00:00,0.023832694,NORMAL,0.2635244131088257,0.4121681749820709
2024-01-12 11:00:00,0.027107507,NORMAL,0.2635244131088257,0.4121681749820709
2024-01-12 12:00:00,0.027842041,NORMAL,0.2635244131088257,0.4121681749820709
2024-01-12 13:00:00,0.026073579,NORMAL,0.2635244131088257,0.4121681749820709
2024-01-12 14:00:00,0.02650689,NORMAL,0.2635244131088257,0.4121681749820709
2024-01-12 15:00:00,0.028278653,NORMAL,0.2635244131088257,0.4121681749820709
2024-01-12 16:00:00,0.028870642,NORMAL,0.2635244131088257,0.4121681749820709
2024-01-12 17:00:00,0.0294489,NORMAL,0.2635244131088257,0.4121681749820709
2024-01-12 18:00:00,0.030464701,NORMAL,0.2635244131088257,0.4121681749820709
2024-01-12 19:00:00,0.029070815,NORMAL,0.2635244131088257,0.4121681749820709
2024-01-12 20:00:00,0.028157882,NORMAL,0.2635244131088257,0.4121681749820709
2024-01-12 21:00:00,0.028856464,NORMAL,0.2635244131088257,0.4121681749820709
2024-01-12 22:00:00,0.032296553,NORMAL,0.2635244131088257,0.4121681749820709
2024-01-12 23:00:00,0.033396978,NORMAL,0.2635244131088257,0.4121681749820709
2024-01-13 00:00:00,0.030888392,NORMAL,0.2635244131088257,0.4121681749820709
2024-01-13 01:00:00,0.02725726,NORMAL,0.2635244131088257,0.4121681749820709
2024-01-13 02:00:00,0.026644008,NORMAL,0.2635244131088257,0.4121681749820709
2024-01-13 03:00:00,0.024760412,NORMAL,0.2635244131088257,0.4121681749820709
2024-01-13 04:00:00,0.024105974,NORMAL,0.2635244131088257,0.4121681749820709
2024-01-13 05:00:00,0.024961216,NORMAL,0.2635244131088257,0.4121681749820709
2024-01-13 06:00:00,0.026473438,NORMAL,0.2635244131088257,0.4121681749820709
2024-01-13 07:00:00,0.03257055,NORMAL,0.2635244131088257,0.4121681749820709
2024-01-13 08:00:00,0.03474508,NORMAL,0.2635244131088257,0.4121681749820709
2024-01-13 09:00:00,0.027837064,NORMAL,0.2635244131088257,0.4121681749820709
2024-01-13 10:00:00,0.026997527,NORMAL,0.2635244131088257,0.4121681749820709
2024-01-13 11:00:00,0.027325125,NORMAL,0.2635244131088257,0.4121681749820709
2024-01-13 12:00:00,0.02610906,NORMAL,0.2635244131088257,0.4121681749820709
2024-01-13 13:00:00,0.024418354,NORMAL,0.2635244131088257,0.4121681749820709
2024-01-13 14:00:00,0.025360305,NORMAL,0.2635244131088257,0.4121681749820709
2024-01-13 15:00:00,0.026881946,NORMAL,0.2635244131088257,0.4121681749820709
2024-01-13 16:00:00,0.027975284,NORMAL,0.2635244131088257,0.4121681749820709
2024-01-13 17:00:00,0.027228393,NORMAL,0.2635244131088257,0.4121681749820709
2024-01-13 18:00:00,0.026054204,NORMAL,0.2635244131088257,0.4121681749820709
2024-01-13 19:00:00,0.024362866,NORMAL,0.2635244131088257,0.4121681749820709
2024-01-13 20:00:00,0.024102917,NORMAL,0.2635244131088257,0.4121681749820709
2024-01-13 21:00:00,0.024827331,NORMAL,0.2635244131088257,0.4121681749820709
2024-01-13 22:00:00,0.025423609,NORMAL,0.2635244131088257,0.4121681749820709
2024-01-13 23:00:00,0.025190212,NORMAL,0.2635244131088257,0.4121681749820709
2024-01-14 00:00:00,0.02281252,NORMAL,0.2635244131088257,0.4121681749820709
2024-01-14 01:00:00,0.020185614,NORMAL,0.2635244131088257,0.4121681749820709
2024-01-14 02:00:00,0.019854873,NORMAL,0.2635244131088257,0.4121681749820709
2024-01-14 03:00:00,0.018952796,NORMAL,0.2635244131088257,0.4121681749820709
2024-01-14 04:00:00,0.019113932,NORMAL,0.2635244131088257,0.4121681749820709
2024-01-14 05:00:00,0.019079646,NORMAL,0.2635244131088257,0.4121681749820709
2024-01-14 06:00:00,0.018888295,NORMAL,0.2635244131088257,0.4121681749820709
2024-01-14 07:00:00,0.023217745,NORMAL,0.2635244131088257,0.4121681749820709
2024-01-14 08:00:00,0.02462333,NORMAL,0.2635244131088257,0.4121681749820709
2024-01-14 09:00:00,0.0184247,NORMAL,0.2635244131088257,0.4121681749820709
2024-01-14 10:00:00,0.016893484,NORMAL,0.2635244131088257,0.4121681749820709
2024-01-14 11:00:00,0.016730137,NORMAL,0.2635244131088257,0.4121681749820709
2024-01-14 12:00:00,0.01689259,NORMAL,0.2635244131088257,0.4121681749820709
2024-01-14 13:00:00,0.016891612,NORMAL,0.2635244131088257,0.4121681749820709
2024-01-14 14:00:00,0.018695273,NORMAL,0.2635244131088257,0.4121681749820709
2024-01-14 15:00:00,0.020436833,NORMAL,0.2635244131088257,0.4121681749820709
2024-01-14 16:00:00,0.021352593,NORMAL,0.2635244131088257,0.4121681749820709
2024-01-14 17:00:00,0.02041242,NORMAL,0.2635244131088257,0.4121681749820709
2024-01-14 18:00:00,0.01984251,NORMAL,0.2635244131088257,0.4121681749820709
2024-01-14 19:00:00,0.018934868,NORMAL,0.2635244131088257,0.4121681749820709
2024-01-14 20:00:00,0.019192897,NORMAL,0.2635244131088257,0.4121681749820709
2024-01-14 21:00:00,0.020415263,NORMAL,0.2635244131088257,0.4121681749820709
2024-01-14 22:00:00,0.022641186,NORMAL,0.2635244131088257,0.4121681749820709
2024-01-14 23:00:00,0.023093473,NORMAL,0.2635244131088257,0.4121681749820709
2024-01-15 00:00:00,0.021357987,NORMAL,0.2635244131088257,0.4121681749820709
2024-01-15 01:00:00,0.019294439,NORMAL,0.2635244131088257,0.4121681749820709
2024-01-15 02:00:00,0.018777033,NORMAL,0.2635244131088257,0.4121681749820709
2024-01-15 03:00:00,0.018465787,NORMAL,0.2635244131088257,0.4121681749820709
2024-01-15 04:00:00,0.020175107,NORMAL,0.2635244131088257,0.4121681749820709
2024-01-15 05:00:00,0.02119731,NORMAL,0.2635244131088257,0.4121681749820709
2024-01-15 06:00:00,0.023252625,NORMAL,0.2635244131088257,0.4121681749820709
2024-01-15 07:00:00,0.030253623,NORMAL,0.2635244131088257,0.4121681749820709
2024-01-15 08:00:00,0.034948714,NORMAL,0.2635244131088257,0.4121681749820709
2024-01-15 09:00:00,0.07780135,NORMAL,0.2635244131088257,0.4121681749820709
2024-01-15 10:00:00,0.05410358,NORMAL,0.2635244131088257,0.4121681749820709
2024-01-15 11:00:00,0.0798299,NORMAL,0.2635244131088257,0.4121681749820709
2024-01-15 12:00:00,0.08392621,NORMAL,0.2635244131088257,0.4121681749820709
2024-01-15 13:00:00,0.075808756,NORMAL,0.2635244131088257,0.4121681749820709
2024-01-15 14:00:00,0.07428546,NORMAL,0.2635244131088257,0.4121681749820709
2024-01-15 15:00:00,0.07857514,NORMAL,0.2635244131088257,0.4121681749820709
2024-01-15 16:00:00,0.08246537,NORMAL,0.2635244131088257,0.4121681749820709
2024-01-15 17:00:00,0.090993136,NORMAL,0.2635244131088257,0.4121681749820709
2024-01-15 18:00:00,0.096511036,NORMAL,0.2635244131088257,0.4121681749820709
2024-01-15 19:00:00,0.0923508,NORMAL,0.2635244131088257,0.4121681749820709
2024-01-15 20:00:00,0.08939519,NORMAL,0.2635244131088257,0.4121681749820709
2024-01-15 21:00:00,0.09467891,NORMAL,0.2635244131088257,0.4121681749820709
2024-01-15 22:00:00,0.10248849,NORMAL,0.2635244131088257,0.4121681749820709
2024-01-15 23:00:00,0.09668722,NORMAL,0.2635244131088257,0.4121681749820709
2024-01-16 00:00:00,0.08345638,NORMAL,0.2635244131088257,0.4121681749820709
2024-01-16 01:00:00,0.07297478,NORMAL,0.2635244131088257,0.4121681749820709
2024-01-16 02:00:00,0.0666671,NORMAL,0.2635244131088257,0.4121681749820709
2024-01-16 03:00:00,0.065586835,NORMAL,0.2635244131088257,0.4121681749820709
2024-01-16 04:00:00,0.071184985,NORMAL,0.2635244131088257,0.4121681749820709
2024-01-16 05:00:00,0.07967902,NORMAL,0.2635244131088257,0.4121681749820709
2024-01-16 06:00:00,0.0892068,NORMAL,0.2635244131088257,0.4121681749820709
2024-01-16 07:00:00,0.10522691,NORMAL,0.2635244131088257,0.4121681749820709
2024-01-16 08:00:00,0.11844036,NORMAL,0.2635244131088257,0.4121681749820709
2024-01-16 09:00:00,0.07683254,NORMAL,0.2635244131088257,0.4121681749820709
2024-01-16 10:00:00,0.023232494,NORMAL,0.2635244131088257,0.4121681749820709
2024-01-16 11:00:00,0.019657368,NORMAL,0.2635244131088257,0.4121681749820709
2024-01-16 12:00:00,0.020257883,NORMAL,0.2635244131088257,0.4121681749820709
2024-01-16 13:00:00,0.022196703,NORMAL,0.2635244131088257,0.4121681749820709
2024-01-16 14:00:00,0.025815185,NORMAL,0.2635244131088257,0.4121681749820709
2024-01-16 15:00:00,0.029155046,NORMAL,0.2635244131088257,0.4121681749820709
2024-01-16 16:00:00,0.028776467,NORMAL,0.2635244131088257,0.4121681749820709
2024-01-16 17:00:00,0.030693624,NORMAL,0.2635244131088257,0.4121681749820709
2024-01-16 18:00:00,0.0311379,NORMAL,0.2635244131088257,0.4121681749820709
2024-01-16 19:00:00,0.029692994,NORMAL,0.2635244131088257,0.4121681749820709
2024-01-16 20:00:00,0.030881457,NORMAL,0.2635244131088257,0.4121681749820709
2024-01-16 21:00:00,0.033752367,NORMAL,0.2635244131088257,0.4121681749820709
2024-01-16 22:00:00,0.032231312,NORMAL,0.2635244131088257,0.4121681749820709
2024-01-16 23:00:00,0.027099092,NORMAL,0.2635244131088257,0.4121681749820709
2024-01-17 00:00:00,0.024064908,NORMAL,0.2635244131088257,0.4121681749820709
2024-01-17 01:00:00,0.023846488,NORMAL,0.2635244131088257,0.4121681749820709
2024-01-17 02:00:00,0.024322953,NORMAL,0.2635244131088257,0.4121681749820709
2024-01-17 03:00:00,0.023397023,NORMAL,0.2635244131088257,0.4121681749820709
2024-01-17 04:00:00,0.026243567,NORMAL,0.2635244131088257,0.4121681749820709
2024-01-17 05:00:00,0.032026805,NORMAL,0.2635244131088257,0.4121681749820709
2024-01-17 06:00:00,0.038791597,NORMAL,0.2635244131088257,0.4121681749820709
2024-01-17 07:00:00,0.048154082,NORMAL,0.2635244131088257,0.4121681749820709
2024-01-17 08:00:00,0.050206803,NORMAL,0.2635244131088257,0.4121681749820709
2024-01-17 09:00:00,0.04250776,NORMAL,0.2635244131088257,0.4121681749820709
2024-01-17 10:00:00,0.028601017,NORMAL,0.2635244131088257,0.4121681749820709
2024-01-17 11:00:00,0.022717565,NORMAL,0.2635244131088257,0.4121681749820709
2024-01-17 12:00:00,0.026467804,NORMAL,0.2635244131088257,0.4121681749820709
2024-01-17 13:00:00,0.028988464,NORMAL,0.2635244131088257,0.4121681749820709
2024-01-17 14:00:00,0.032090846,NORMAL,0.2635244131088257,0.4121681749820709
2024-01-17 15:00:00,0.037510753,NORMAL,0.2635244131088257,0.4121681749820709
2024-01-17 16:00:00,0.042312868,NORMAL,0.2635244131088257,0.4121681749820709
2024-01-17 17:00:00,0.050366156,NORMAL,0.2635244131088257,0.4121681749820709
2024-01-17 18:00:00,0.056668326,NORMAL,0.2635244131088257,0.4121681749820709
2024-01-17 19:00:00,0.061389405,NORMAL,0.2635244131088257,0.4121681749820709
2024-01-17 20:00:00,0.06784543,NORMAL,0.2635244131088257,0.4121681749820709
2024-01-17 21:00:00,0.070843324,NORMAL,0.2635244131088257,0.4121681749820709
2024-01-17 22:00:00,0.062061913,NORMAL,0.2635244131088257,0.4121681749820709
2024-01-17 23:00:00,0.04817452,NORMAL,0.2635244131088257,0.4121681749820709
2024-01-18 00:00:00,0.03697325,NORMAL,0.2635244131088257,0.4121681749820709
2024-01-18 01:00:00,0.030367175,NORMAL,0.2635244131088257,0.4121681749820709
2024-01-18 02:00:00,0.028197987,NORMAL,0.2635244131088257,0.4121681749820709
2024-01-18 03:00:00,0.027378948,NORMAL,0.2635244131088257,0.4121681749820709
2024-01-18 04:00:00,0.029617287,NORMAL,0.2635244131088257,0.4121681749820709
2024-01-18 05:00:00,0.03483349,NORMAL,0.2635244131088257,0.4121681749820709
2024-01-18 06:00:00,0.041439362,NORMAL,0.2635244131088257,0.4121681749820709
2024-01-18 07:00:00,0.051121272,NORMAL,0.2635244131088257,0.4121681749820709
2024-01-18 08:00:00,0.055320665,NORMAL,0.2635244131088257,0.4121681749820709
2024-01-18 09:00:00,0.047097508,NORMAL,0.2635244131088257,0.4121681749820709
2024-01-18 10:00:00,0.03024235,NORMAL,0.2635244131088257,0.4121681749820709
2024-01-18 11:00:00,0.019742658,NORMAL,0.2635244131088257,0.4121681749820709
2024-01-18 12:00:00,0.017308215,NORMAL,0.2635244131088257,0.4121681749820709
2024-01-18 13:00:00,0.017318778,NORMAL,0.2635244131088257,0.4121681749820709
2024-01-18 14:00:00,0.018601239,NORMAL,0.2635244131088257,0.4121681749820709
2024-01-18 15:00:00,0.024089292,NORMAL,0.2635244131088257,0.4121681749820709
2024-01-18 16:00:00,0.031041516,NORMAL,0.2635244131088257,0.4121681749820709
2024-01-18 17:00:00,0.042695384,NORMAL,0.2635244131088257,0.4121681749820709
2024-01-18 18:00:00,0.05007798,NORMAL,0.2635244131088257,0.4121681749820709
2024-01-18 19:00:00,0.051924497,NORMAL,0.2635244131088257,0.4121681749820709
2024-01-18 20:00:00,0.053906605,NORMAL,0.2635244131088257,0.4121681749820709
2024-01-18 21:00:00,0.05567165,NORMAL,0.2635244131088257,0.4121681749820709
2024-01-18 22:00:00,0.047503836,NORMAL,0.2635244131088257,0.4121681749820709
2024-01-18 23:00:00,0.03479989,NORMAL,0.2635244131088257,0.4121681749820709
2024-01-19 00:00:00,0.025751585,NORMAL,0.2635244131088257,0.4121681749820709
2024-01-19 01:00:00,0.021442072,NORMAL,0.2635244131088257,0.4121681749820709
2024-01-19 02:00:00,0.021055102,NORMAL,0.2635244131088257,0.4121681749820709
2024-01-19 03:00:00,0.021123799,NORMAL,0.2635244131088257,0.4121681749820709
2024-01-19 04:00:00,0.024130687,NORMAL,0.2635244131088257,0.4121681749820709
2024-01-19 05:00:00,0.028148085,NORMAL,0.2635244131088257,0.4121681749820709
2024-01-19 06:00:00,0.034199305,NORMAL,0.2635244131088257,0.4121681749820709
2024-01-19 07:00:00,0.044474814,NORMAL,0.2635244131088257,0.4121681749820709
2024-01-19 08:00:00,0.05038376,NORMAL,0.2635244131088257,0.4121681749820709
2024-01-19 09:00:00,0.038200155,NORMAL,0.2635244131088257,0.4121681749820709
2024-01-19 10:00:00,0.02755523,NORMAL,0.2635244131088257,0.4121681749820709
2024-01-19 11:00:00,0.025756128,NORMAL,0.2635244131088257,0.4121681749820709
2024-01-19 12:00:00,0.027592875,NORMAL,0.2635244131088257,0.4121681749820709
2024-01-19 13:00:00,0.02902675,NORMAL,0.2635244131088257,0.4121681749820709
2024-01-19 14:00:00,0.026845634,NORMAL,0.2635244131088257,0.4121681749820709
2024-01-19 15:00:00,0.024314629,NORMAL,0.2635244131088257,0.4121681749820709
2024-01-19 16:00:00,0.025055315,NORMAL,0.2635244131088257,0.4121681749820709
2024-01-19 17:00:00,0.032198243,NORMAL,0.2635244131088257,0.4121681749820709
2024-01-19 18:00:00,0.03890749,NORMAL,0.2635244131088257,0.4121681749820709
2024-01-19 19:00:00,0.038794603,NORMAL,0.2635244131088257,0.4121681749820709
2024-01-19 20:00:00,0.03688121,NORMAL,0.2635244131088257,0.4121681749820709
2024-01-19 21:00:00,0.03585963,NORMAL,0.2635244131088257,0.4121681749820709
2024-01-19 22:00:00,0.030808233,NORMAL,0.2635244131088257,0.4121681749820709
2024-01-19 23:00:00,0.021885775,NORMAL,0.2635244131088257,0.4121681749820709
2024-01-20 00:00:00,0.016094388,NORMAL,0.2635244131088257,0.4121681749820709
2024-01-20 01:00:00,0.013918675,NORMAL,0.2635244131088257,0.4121681749820709
2024-01-20 02:00:00,0.014600552,NORMAL,0.2635244131088257,0.4121681749820709
2024-01-20 03:00:00,0.014921344,NORMAL,0.2635244131088257,0.4121681749820709
2024-01-20 04:00:00,0.016176974,NORMAL,0.2635244131088257,0.4121681749820709
2024-01-20 05:00:00,0.01739184,NORMAL,0.2635244131088257,0.4121681749820709
2024-01-20 06:00:00,0.022744961,NORMAL,0.2635244131088257,0.4121681749820709
2024-01-20 07:00:00,0.035632882,NORMAL,0.2635244131088257,0.4121681749820709
2024-01-20 08:00:00,0.04393449,NORMAL,0.2635244131088257,0.4121681749820709
2024-01-20 09:00:00,0.031022234,NORMAL,0.2635244131088257,0.4121681749820709
2024-01-20 10:00:00,0.024206072,NORMAL,0.2635244131088257,0.4121681749820709
2024-01-20 11:00:00,0.023360314,NORMAL,0.2635244131088257,0.4121681749820709
2024-01-20 12:00:00,0.023548407,NORMAL,0.2635244131088257,0.4121681749820709
2024-01-20 13:00:00,0.022453032,NORMAL,0.2635244131088257,0.4121681749820709
2024-01-20 14:00:00,0.022071026,NORMAL,0.2635244131088257,0.4121681749820709
2024-01-20 15:00:00,0.022022523,NORMAL,0.2635244131088257,0.4121681749820709
2024-01-20 16:00:00,0.023759792,NORMAL,0.2635244131088257,0.4121681749820709
2024-01-20 17:00:00,0.030507697,NORMAL,0.2635244131088257,0.4121681749820709
2024-01-20 18:00:00,0.03525283,NORMAL,0.2635244131088257,0.4121681749820709
2024-01-20 19:00:00,0.03440565,NORMAL,0.2635244131088257,0.4121681749820709
2024-01-20 20:00:00,0.032139305,NORMAL,0.2635244131088257,0.4121681749820709
2024-01-20 21:00:00,0.03127664,NORMAL,0.2635244131088257,0.4121681749820709
2024-01-20 22:00:00,0.027840512,NORMAL,0.2635244131088257,0.4121681749820709
2024-01-20 23:00:00,0.020431124,NORMAL,0.2635244131088257,0.4121681749820709
2024-01-21 00:00:00,0.015474703,NORMAL,0.2635244131088257,0.4121681749820709
2024-01-21 01:00:00,0.014205622,NORMAL,0.2635244131088257,0.4121681749820709
2024-01-21 02:00:00,0.016191043,NORMAL,0.2635244131088257,0.4121681749820709
2024-01-21 03:00:00,0.018173205,NORMAL,0.2635244131088257,0.4121681749820709
2024-01-21 04:00:00,0.020435745,NORMAL,0.2635244131088257,0.4121681749820709
2024-01-21 05:00:00,0.020384602,NORMAL,0.2635244131088257,0.4121681749820709
2024-01-21 06:00:00,0.024655985,NORMAL,0.2635244131088257,0.4121681749820709
2024-01-21 07:00:00,0.036200684,NORMAL,0.2635244131088257,0.4121681749820709
2024-01-21 08:00:00,0.042348716,NORMAL,0.2635244131088257,0.4121681749820709
2024-01-21 09:00:00,0.030238181,NORMAL,0.2635244131088257,0.4121681749820709
2024-01-21 10:00:00,0.02658958,NORMAL,0.2635244131088257,0.4121681749820709
2024-01-21 11:00:00,0.028432509,NORMAL,0.2635244131088257,0.4121681749820709
2024-01-21 12:00:00,0.031188663,NORMAL,0.2635244131088257,0.4121681749820709
2024-01-21 13:00:00,0.032979142,NORMAL,0.2635244131088257,0.4121681749820709
2024-01-21 14:00:00,0.034702137,NORMAL,0.2635244131088257,0.4121681749820709
2024-01-21 15:00:00,0.035099268,NORMAL,0.2635244131088257,0.4121681749820709
2024-01-21 16:00:00,0.03507294,NORMAL,0.2635244131088257,0.4121681749820709
2024-01-21 17:00:00,0.03743312,NORMAL,0.2635244131088257,0.4121681749820709
2024-01-21 18:00:00,0.039625034,NORMAL,0.2635244131088257,0.4121681749820709
2024-01-21 19:00:00,0.0377729,NORMAL,0.2635244131088257,0.4121681749820709
2024-01-21 20:00:00,0.035749003,NORMAL,0.2635244131088257,0.4121681749820709
2024-01-21 21:00:00,0.035294235,NORMAL,0.2635244131088257,0.4121681749820709
2024-01-21 22:00:00,0.03538117,NORMAL,0.2635244131088257,0.4121681749820709
2024-01-21 23:00:00,0.030641833,NORMAL,0.2635244131088257,0.4121681749820709
2024-01-22 00:00:00,0.025484921,NORMAL,0.2635244131088257,0.4121681749820709
2024-01-22 01:00:00,0.023667062,NORMAL,0.2635244131088257,0.4121681749820709
2024-01-22 02:00:00,0.024442775,NORMAL,0.2635244131088257,0.4121681749820709
2024-01-22 03:00:00,0.024985664,NORMAL,0.2635244131088257,0.4121681749820709
2024-01-22 04:00:00,0.026207618,NORMAL,0.2635244131088257,0.4121681749820709
2024-01-22 05:00:00,0.029625807,NORMAL,0.2635244131088257,0.4121681749820709
2024-01-22 06:00:00,0.03565998,NORMAL,0.2635244131088257,0.4121681749820709
2024-01-22 07:00:00,0.046909254,NORMAL,0.2635244131088257,0.4121681749820709
2024-01-22 08:00:00,0.052789643,NORMAL,0.2635244131088257,0.4121681749820709
2024-01-22 09:00:00,0.04579194,NORMAL,0.2635244131088257,0.4121681749820709
2024-01-22 10:00:00,0.0439062,NORMAL,0.2635244131088257,0.4121681749820709
2024-01-22 11:00:00,0.04432784,NORMAL,0.2635244131088257,0.4121681749820709
2024-01-22 12:00:00,0.043981448,NORMAL,0.2635244131088257,0.4121681749820709
2024-01-22 13:00:00,0.043819565,NORMAL,0.2635244131088257,0.4121681749820709
2024-01-22 14:00:00,0.04543169,NORMAL,0.2635244131088257,0.4121681749820709
2024-01-22 15:00:00,0.047024567,NORMAL,0.2635244131088257,0.4121681749820709
2024-01-22 16:00:00,0.04799161,NORMAL,0.2635244131088257,0.4121681749820709
2024-01-22 17:00:00,0.0475258,NORMAL,0.2635244131088257,0.4121681749820709
2024-01-22 18:00:00,0.046733532,NORMAL,0.2635244131088257,0.4121681749820709
2024-01-22 19:00:00,0.04460232,NORMAL,0.2635244131088257,0.4121681749820709
2024-01-22 20:00:00,0.043435276,NORMAL,0.2635244131088257,0.4121681749820709
2024-01-22 21:00:00,0.044928823,NORMAL,0.2635244131088257,0.4121681749820709
2024-01-22 22:00:00,0.047208197,NORMAL,0.2635244131088257,0.4121681749820709
2024-01-22 23:00:00,0.043645576,NORMAL,0.2635244131088257,0.4121681749820709
2024-01-23 00:00:00,0.037768815,NORMAL,0.2635244131088257,0.4121681749820709
2024-01-23 01:00:00,0.03500976,NORMAL,0.2635244131088257,0.4121681749820709
2024-01-23 02:00:00,0.035727527,NORMAL,0.2635244131088257,0.4121681749820709
2024-01-23 03:00:00,0.035202306,NORMAL,0.2635244131088257,0.4121681749820709
2024-01-23 04:00:00,0.037239864,NORMAL,0.2635244131088257,0.4121681749820709
2024-01-23 05:00:00,0.03796568,NORMAL,0.2635244131088257,0.4121681749820709
2024-01-23 06:00:00,0.039455384,NORMAL,0.2635244131088257,0.4121681749820709
2024-01-23 07:00:00,0.0466275,NORMAL,0.2635244131088257,0.4121681749820709
2024-01-23 08:00:00,0.04746755,NORMAL,0.2635244131088257,0.4121681749820709
2024-01-23 09:00:00,0.037530135,NORMAL,0.2635244131088257,0.4121681749820709
2024-01-23 10:00:00,0.035389595,NORMAL,0.2635244131088257,0.4121681749820709
2024-01-23 11:00:00,0.034571324,NORMAL,0.2635244131088257,0.4121681749820709
2024-01-23 12:00:00,0.03486424,NORMAL,0.2635244131088257,0.4121681749820709
2024-01-23 13:00:00,0.037085645,NORMAL,0.2635244131088257,0.4121681749820709
2024-01-23 14:00:00,0.042573318,NORMAL,0.2635244131088257,0.4121681749820709
2024-01-23 15:00:00,0.0473335,NORMAL,0.2635244131088257,0.4121681749820709
2024-01-23 16:00:00,0.048491284,NORMAL,0.2635244131088257,0.4121681749820709
2024-01-23 17:00:00,0.0511164,NORMAL,0.2635244131088257,0.4121681749820709
2024-01-23 18:00:00,0.050624102,NORMAL,0.2635244131088257,0.4121681749820709
2024-01-23 19:00:00,0.04580613,NORMAL,0.2635244131088257,0.4121681749820709
2024-01-23 20:00:00,0.042326406,NORMAL,0.2635244131088257,0.4121681749820709
2024-01-23 21:00:00,0.04153507,NORMAL,0.2635244131088257,0.4121681749820709
2024-01-23 22:00:00,0.03953096,NORMAL,0.2635244131088257,0.4121681749820709
2024-01-23 23:00:00,0.032921202,NORMAL,0.2635244131088257,0.4121681749820709
2024-01-24 00:00:00,0.027883418,NORMAL,0.2635244131088257,0.4121681749820709
2024-01-24 01:00:00,0.026367,NORMAL,0.2635244131088257,0.4121681749820709
2024-01-24 02:00:00,0.027023368,NORMAL,0.2635244131088257,0.4121681749820709
2024-01-24 03:00:00,0.026553826,NORMAL,0.2635244131088257,0.4121681749820709
2024-01-24 04:00:00,0.028813802,NORMAL,0.2635244131088257,0.4121681749820709
2024-01-24 05:00:00,0.03063001,NORMAL,0.2635244131088257,0.4121681749820709
2024-01-24 06:00:00,0.034781072,NORMAL,0.2635244131088257,0.4121681749820709
2024-01-24 07:00:00,0.045651514,NORMAL,0.2635244131088257,0.4121681749820709
2024-01-24 08:00:00,0.051547986,NORMAL,0.2635244131088257,0.4121681749820709
2024-01-24 09:00:00,0.041533634,NORMAL,0.2635244131088257,0.4121681749820709
2024-01-24 10:00:00,0.034288805,NORMAL,0.2635244131088257,0.4121681749820709
2024-01-24 11:00:00,0.030176882,NORMAL,0.2635244131088257,0.4121681749820709
2024-01-24 12:00:00,0.028541353,NORMAL,0.2635244131088257,0.4121681749820709
2024-01-24 13:00:00,0.028679226,NORMAL,0.2635244131088257,0.4121681749820709
2024-01-24 14:00:00,0.031810746,NORMAL,0.2635244131088257,0.4121681749820709
2024-01-24 15:00:00,0.03729414,NORMAL,0.2635244131088257,0.4121681749820709
2024-01-24 16:00:00,0.042097982,NORMAL,0.2635244131088257,0.4121681749820709
2024-01-24 17:00:00,0.048614427,NORMAL,0.2635244131088257,0.4121681749820709
2024-01-24 18:00:00,0.050766904,NORMAL,0.2635244131088257,0.4121681749820709
2024-01-24 19:00:00,0.048965134,NORMAL,0.2635244131088257,0.4121681749820709
2024-01-24 20:00:00,0.049337085,NORMAL,0.2635244131088257,0.4121681749820709
2024-01-24 21:00:00,0.05232114,NORMAL,0.2635244131088257,0.4121681749820709
2024-01-24 22:00:00,0.051487267,NORMAL,0.2635244131088257,0.4121681749820709
2024-01-24 23:00:00,0.0439253,NORMAL,0.2635244131088257,0.4121681749820709
2024-01-25 00:00:00,0.037243143,NORMAL,0.2635244131088257,0.4121681749820709
2024-01-25 01:00:00,0.034687087,NORMAL,0.2635244131088257,0.4121681749820709
2024-01-25 02:00:00,0.03496627,NORMAL,0.2635244131088257,0.4121681749820709
2024-01-25 03:00:00,0.035160024,NORMAL,0.2635244131088257,0.4121681749820709
2024-01-25 04:00:00,0.03907169,NORMAL,0.2635244131088257,0.4121681749820709
2024-01-25 05:00:00,0.04051495,NORMAL,0.2635244131088257,0.4121681749820709
2024-01-25 06:00:00,0.04448964,NORMAL,0.2635244131088257,0.4121681749820709
2024-01-25 07:00:00,0.054117855,NORMAL,0.2635244131088257,0.4121681749820709
2024-01-25 08:00:00,0.061888747,NORMAL,0.2635244131088257,0.4121681749820709
2024-01-25 09:00:00,0.05546582,NORMAL,0.2635244131088257,0.4121681749820709
2024-01-25 10:00:00,0.04890056,NORMAL,0.2635244131088257,0.4121681749820709
2024-01-25 11:00:00,0.045554504,NORMAL,0.2635244131088257,0.4121681749820709
2024-01-25 12:00:00,0.044449285,NORMAL,0.2635244131088257,0.4121681749820709
2024-01-25 13:00:00,0.04434285,NORMAL,0.2635244131088257,0.4121681749820709
2024-01-25 14:00:00,0.04406564,NORMAL,0.2635244131088257,0.4121681749820709
2024-01-25 15:00:00,0.042776678,NORMAL,0.2635244131088257,0.4121681749820709
2024-01-25 16:00:00,0.042519435,NORMAL,0.2635244131088257,0.4121681749820709
2024-01-25 17:00:00,0.043826386,NORMAL,0.2635244131088257,0.4121681749820709
2024-01-25 18:00:00,0.047246266,NORMAL,0.2635244131088257,0.4121681749820709
2024-01-25 19:00:00,0.04933061,NORMAL,0.2635244131088257,0.4121681749820709
2024-01-25 20:00:00,0.05149124,NORMAL,0.2635244131088257,0.4121681749820709
2024-01-25 21:00:00,0.05518231,NORMAL,0.2635244131088257,0.4121681749820709
2024-01-25 22:00:00,0.05633533,NORMAL,0.2635244131088257,0.4121681749820709
2024-01-25 23:00:00,0.050563496,NORMAL,0.2635244131088257,0.4121681749820709
2024-01-26 00:00:00,0.043685224,NORMAL,0.2635244131088257,0.4121681749820709
2024-01-26 01:00:00,0.040708676,NORMAL,0.2635244131088257,0.4121681749820709
2024-01-26 02:00:00,0.04157396,NORMAL,0.2635244131088257,0.4121681749820709
2024-01-26 03:00:00,0.041806024,NORMAL,0.2635244131088257,0.4121681749820709
2024-01-26 04:00:00,0.043831807,NORMAL,0.2635244131088257,0.4121681749820709
2024-01-26 05:00:00,0.043700695,NORMAL,0.2635244131088257,0.4121681749820709
2024-01-26 06:00:00,0.04572663,NORMAL,0.2635244131088257,0.4121681749820709
2024-01-26 07:00:00,0.051705122,NORMAL,0.2635244131088257,0.4121681749820709
2024-01-26 08:00:00,0.052872863,NORMAL,0.2635244131088257,0.4121681749820709
2024-01-26 09:00:00,0.043832276,NORMAL,0.2635244131088257,0.4121681749820709
2024-01-26 10:00:00,0.042290654,NORMAL,0.2635244131088257,0.4121681749820709
2024-01-26 11:00:00,0.04238393,NORMAL,0.2635244131088257,0.4121681749820709
2024-01-26 12:00:00,0.041539595,NORMAL,0.2635244131088257,0.4121681749820709
2024-01-26 13:00:00,0.039986778,NORMAL,0.2635244131088257,0.4121681749820709
2024-01-26 14:00:00,0.040239256,NORMAL,0.2635244131088257,0.4121681749820709
2024-01-26 15:00:00,0.039066568,NORMAL,0.2635244131088257,0.4121681749820709
2024-01-26 16:00:00,0.036849923,NORMAL,0.2635244131088257,0.4121681749820709
2024-01-26 17:00:00,0.03663321,NORMAL,0.2635244131088257,0.4121681749820709
2024-01-26 18:00:00,0.03870917,NORMAL,0.2635244131088257,0.4121681749820709
2024-01-26 19:00:00,0.039506238,NORMAL,0.2635244131088257,0.4121681749820709
2024-01-26 20:00:00,0.0386975,NORMAL,0.2635244131088257,0.4121681749820709
2024-01-26 21:00:00,0.038754802,NORMAL,0.2635244131088257,0.4121681749820709
2024-01-26 22:00:00,0.03890924,NORMAL,0.2635244131088257,0.4121681749820709
2024-01-26 23:00:00,0.033854324,NORMAL,0.2635244131088257,0.4121681749820709
2024-01-27 00:00:00,0.028485171,NORMAL,0.2635244131088257,0.4121681749820709
2024-01-27 01:00:00,0.027450088,NORMAL,0.2635244131088257,0.4121681749820709
2024-01-27 02:00:00,0.029797336,NORMAL,0.2635244131088257,0.4121681749820709
2024-01-27 03:00:00,0.030070974,NORMAL,0.2635244131088257,0.4121681749820709
2024-01-27 04:00:00,0.029079013,NORMAL,0.2635244131088257,0.4121681749820709
2024-01-27 05:00:00,0.024822304,NORMAL,0.2635244131088257,0.4121681749820709
2024-01-27 06:00:00,0.026225112,NORMAL,0.2635244131088257,0.4121681749820709
2024-01-27 07:00:00,0.030641254,NORMAL,0.2635244131088257,0.4121681749820709
2024-01-27 08:00:00,0.029785275,NORMAL,0.2635244131088257,0.4121681749820709
2024-01-27 09:00:00,0.029468914,NORMAL,0.2635244131088257,0.4121681749820709
2024-01-27 10:00:00,0.034111075,NORMAL,0.2635244131088257,0.4121681749820709
2024-01-27 11:00:00,0.040002283,NORMAL,0.2635244131088257,0.4121681749820709
2024-01-27 12:00:00,0.04612038,NORMAL,0.2635244131088257,0.4121681749820709
2024-01-27 13:00:00,0.050505448,NORMAL,0.2635244131088257,0.4121681749820709
2024-01-27 14:00:00,0.053595312,NORMAL,0.2635244131088257,0.4121681749820709
2024-01-27 15:00:00,0.052662645,NORMAL,0.2635244131088257,0.4121681749820709
2024-01-27 16:00:00,0.049547177,NORMAL,0.2635244131088257,0.4121681749820709
2024-01-27 17:00:00,0.046650324,NORMAL,0.2635244131088257,0.4121681749820709
2024-01-27 18:00:00,0.046039946,NORMAL,0.2635244131088257,0.4121681749820709
2024-01-27 19:00:00,0.04489794,NORMAL,0.2635244131088257,0.4121681749820709
2024-01-27 20:00:00,0.04314269,NORMAL,0.2635244131088257,0.4121681749820709
2024-01-27 21:00:00,0.041211914,NORMAL,0.2635244131088257,0.4121681749820709
2024-01-27 22:00:00,0.040868793,NORMAL,0.2635244131088257,0.4121681749820709
2024-01-27 23:00:00,0.037262976,NORMAL,0.2635244131088257,0.4121681749820709
2024-01-28 00:00:00,0.031361062,NORMAL,0.2635244131088257,0.4121681749820709
2024-01-28 01:00:00,0.026300738,NORMAL,0.2635244131088257,0.4121681749820709
2024-01-28 02:00:00,0.023726434,NORMAL,0.2635244131088257,0.4121681749820709
2024-01-28 03:00:00,0.02046337,NORMAL,0.2635244131088257,0.4121681749820709
2024-01-28 04:00:00,0.019882288,NORMAL,0.2635244131088257,0.4121681749820709
2024-01-28 05:00:00,0.022899179,NORMAL,0.2635244131088257,0.4121681749820709
2024-01-28 06:00:00,0.029175596,NORMAL,0.2635244131088257,0.4121681749820709
2024-01-28 07:00:00,0.040488034,NORMAL,0.2635244131088257,0.4121681749820709
2024-01-28 08:00:00,0.044792887,NORMAL,0.2635244131088257,0.4121681749820709
2024-01-28 09:00:00,0.038275108,NORMAL,0.2635244131088257,0.4121681749820709
2024-01-28 10:00:00,0.039937533,NORMAL,0.2635244131088257,0.4121681749820709
2024-01-28 11:00:00,0.041758914,NORMAL,0.2635244131088257,0.4121681749820709
2024-01-28 12:00:00,0.042670116,NORMAL,0.2635244131088257,0.4121681749820709
2024-01-28 13:00:00,0.043431316,NORMAL,0.2635244131088257,0.4121681749820709
2024-01-28 14:00:00,0.045911714,NORMAL,0.2635244131088257,0.4121681749820709
2024-01-28 15:00:00,0.048087526,NORMAL,0.2635244131088257,0.4121681749820709
2024-01-28 16:00:00,0.04866604,NORMAL,0.2635244131088257,0.4121681749820709
2024-01-28 17:00:00,0.04698835,NORMAL,0.2635244131088257,0.4121681749820709
2024-01-28 18:00:00,0.044377465,NORMAL,0.2635244131088257,0.4121681749820709
2024-01-28 19:00:00,0.04104729,NORMAL,0.2635244131088257,0.4121681749820709
2024-01-28 20:00:00,0.037984893,NORMAL,0.2635244131088257,0.4121681749820709
2024-01-28 21:00:00,0.036482748,NORMAL,0.2635244131088257,0.4121681749820709
2024-01-28 22:00:00,0.03621196,NORMAL,0.2635244131088257,0.4121681749820709
2024-01-28 23:00:00,0.034478266,NORMAL,0.2635244131088257,0.4121681749820709
2024-01-29 00:00:00,0.030804826,NORMAL,0.2635244131088257,0.4121681749820709
2024-01-29 01:00:00,0.02673448,NORMAL,0.2635244131088257,0.4121681749820709
2024-01-29 02:00:00,0.025505934,NORMAL,0.2635244131088257,0.4121681749820709
2024-01-29 03:00:00,0.024347702,NORMAL,0.2635244131088257,0.4121681749820709
2024-01-29 04:00:00,0.02579054,NORMAL,0.2635244131088257,0.4121681749820709
2024-01-29 05:00:00,0.028000914,NORMAL,0.2635244131088257,0.4121681749820709
2024-01-29 06:00:00,0.028950704,NORMAL,0.2635244131088257,0.4121681749820709
2024-01-29 07:00:00,0.034322288,NORMAL,0.2635244131088257,0.4121681749820709
2024-01-29 08:00:00,0.03787075,NORMAL,0.2635244131088257,0.4121681749820709
2024-01-29 09:00:00,0.030039625,NORMAL,0.2635244131088257,0.4121681749820709
2024-01-29 10:00:00,0.02615025,NORMAL,0.2635244131088257,0.4121681749820709
2024-01-29 11:00:00,0.025057811,NORMAL,0.2635244131088257,0.4121681749820709
2024-01-29 12:00:00,0.025717203,NORMAL,0.2635244131088257,0.4121681749820709
2024-01-29 13:00:00,0.02645242,NORMAL,0.2635244131088257,0.4121681749820709
2024-01-29 14:00:00,0.0283101,NORMAL,0.2635244131088257,0.4121681749820709
2024-01-29 15:00:00,0.031036295,NORMAL,0.2635244131088257,0.4121681749820709
2024-01-29 16:00:00,0.03329249,NORMAL,0.2635244131088257,0.4121681749820709
2024-01-29 17:00:00,0.03339484,NORMAL,0.2635244131088257,0.4121681749820709
2024-01-29 18:00:00,0.032327715,NORMAL,0.2635244131088257,0.4121681749820709
2024-01-29 19:00:00,0.030575166,NORMAL,0.2635244131088257,0.4121681749820709
2024-01-29 20:00:00,0.029483166,NORMAL,0.2635244131088257,0.4121681749820709
2024-01-29 21:00:00,0.030372407,NORMAL,0.2635244131088257,0.4121681749820709
2024-01-29 22:00:00,0.030510545,NORMAL,0.2635244131088257,0.4121681749820709
2024-01-29 23:00:00,0.030201389,NORMAL,0.2635244131088257,0.4121681749820709
2024-01-30 00:00:00,0.02942384,NORMAL,0.2635244131088257,0.4121681749820709
2024-01-30 01:00:00,0.028104194,NORMAL,0.2635244131088257,0.4121681749820709
2024-01-30 02:00:00,0.027506268,NORMAL,0.2635244131088257,0.4121681749820709
2024-01-30 03:00:00,0.025391515,NORMAL,0.2635244131088257,0.4121681749820709
2024-01-30 04:00:00,0.025669716,NORMAL,0.2635244131088257,0.4121681749820709
2024-01-30 05:00:00,0.029562347,NORMAL,0.2635244131088257,0.4121681749820709
2024-01-30 06:00:00,0.03129252,NORMAL,0.2635244131088257,0.4121681749820709
2024-01-30 07:00:00,0.035115447,NORMAL,0.2635244131088257,0.4121681749820709
2024-01-30 08:00:00,0.08929789,NORMAL,0.2635244131088257,0.4121681749820709
2024-01-30 09:00:00,0.07339209,NORMAL,0.2635244131088257,0.4121681749820709
2024-01-30 10:00:00,0.04497761,NORMAL,0.2635244131088257,0.4121681749820709
2024-01-30 11:00:00,0.07618848,NORMAL,0.2635244131088257,0.4121681749820709
2024-01-30 12:00:00,0.077782035,NORMAL,0.2635244131088257,0.4121681749820709
2024-01-30 13:00:00,0.07220857,NORMAL,0.2635244131088257,0.4121681749820709
2024-01-30 14:00:00,0.07204849,NORMAL,0.2635244131088257,0.4121681749820709
2024-01-30 15:00:00,0.07468184,NORMAL,0.2635244131088257,0.4121681749820709
2024-01-30 16:00:00,0.07862418,NORMAL,0.2635244131088257,0.4121681749820709
2024-01-30 17:00:00,0.07817363,NORMAL,0.2635244131088257,0.4121681749820709
2024-01-30 18:00:00,0.07891317,NORMAL,0.2635244131088257,0.4121681749820709
2024-01-30 19:00:00,0.083141334,NORMAL,0.2635244131088257,0.4121681749820709
2024-01-30 20:00:00,0.089100786,NORMAL,0.2635244131088257,0.4121681749820709
2024-01-30 21:00:00,0.09655948,NORMAL,0.2635244131088257,0.4121681749820709
2024-01-30 22:00:00,0.09966837,NORMAL,0.2635244131088257,0.4121681749820709
2024-01-30 23:00:00,0.10353884,NORMAL,0.2635244131088257,0.4121681749820709
2024-01-31 00:00:00,0.11154927,NORMAL,0.2635244131088257,0.4121681749820709
2024-01-31 01:00:00,0.11968597,NORMAL,0.2635244131088257,0.4121681749820709
2024-01-31 02:00:00,0.12239655,NORMAL,0.2635244131088257,0.4121681749820709
2024-01-31 03:00:00,0.11823568,NORMAL,0.2635244131088257,0.4121681749820709
2024-01-31 04:00:00,0.11703649,NORMAL,0.2635244131088257,0.4121681749820709
2024-01-31 05:00:00,0.119988136,NORMAL,0.2635244131088257,0.4121681749820709
2024-01-31 06:00:00,0.13224377,NORMAL,0.2635244131088257,0.4121681749820709
2024-01-31 07:00:00,0.12721615,NORMAL,0.2635244131088257,0.4121681749820709
2024-01-31 08:00:00,0.102870435,NORMAL,0.2635244131088257,0.4121681749820709
2024-01-31 09:00:00,0.07741013,NORMAL,0.2635244131088257,0.4121681749820709
2024-01-31 10:00:00,0.0542996,NORMAL,0.2635244131088257,0.4121681749820709
2024-01-31 11:00:00,0.043997765,NORMAL,0.2635244131088257,0.4121681749820709
2024-01-31 12:00:00,0.049308576,NORMAL,0.2635244131088257,0.4121681749820709
2024-01-31 13:00:00,0.054852612,NORMAL,0.2635244131088257,0.4121681749820709
2024-01-31 14:00:00,0.052126642,NORMAL,0.2635244131088257,0.4121681749820709
2024-01-31 15:00:00,0.050894927,NORMAL,0.2635244131088257,0.4121681749820709
2024-01-31 16:00:00,0.052106615,NORMAL,0.2635244131088257,0.4121681749820709
2024-01-31 17:00:00,0.052303948,NORMAL,0.2635244131088257,0.4121681749820709
2024-01-31 18:00:00,0.053700294,NORMAL,0.2635244131088257,0.4121681749820709
2024-01-31 19:00:00,0.056678765,NORMAL,0.2635244131088257,0.4121681749820709
2024-01-31 20:00:00,0.05949802,NORMAL,0.2635244131088257,0.4121681749820709
2024-01-31 21:00:00,0.062915586,NORMAL,0.2635244131088257,0.4121681749820709
2024-01-31 22:00:00,0.06422677,NORMAL,0.2635244131088257,0.4121681749820709
2024-01-31 23:00:00,0.06748433,NORMAL,0.2635244131088257,0.4121681749820709
2024-02-01 00:00:00,0.0743563,NORMAL,0.2635244131088257,0.4121681749820709
2024-02-01 01:00:00,0.082220964,NORMAL,0.2635244131088257,0.4121681749820709
2024-02-01 02:00:00,0.08646572,NORMAL,0.2635244131088257,0.4121681749820709
2024-02-01 03:00:00,0.08349365,NORMAL,0.2635244131088257,0.4121681749820709
2024-02-01 04:00:00,0.07886233,NORMAL,0.2635244131088257,0.4121681749820709
2024-02-01 05:00:00,0.10419003,NORMAL,0.2635244131088257,0.4121681749820709
2024-02-01 06:00:00,0.096332274,NORMAL,0.2635244131088257,0.4121681749820709
2024-02-01 07:00:00,0.08321962,NORMAL,0.2635244131088257,0.4121681749820709
2024-02-01 08:00:00,0.07572618,NORMAL,0.2635244131088257,0.4121681749820709
2024-02-01 09:00:00,0.079633474,NORMAL,0.2635244131088257,0.4121681749820709
2024-02-01 10:00:00,0.08790999,NORMAL,0.2635244131088257,0.4121681749820709
2024-02-01 11:00:00,0.09123997,NORMAL,0.2635244131088257,0.4121681749820709
2024-02-01 12:00:00,0.108597495,NORMAL,0.2635244131088257,0.4121681749820709
2024-02-01 13:00:00,0.10343765,NORMAL,0.2635244131088257,0.4121681749820709
2024-02-01 14:00:00,0.10015212,NORMAL,0.2635244131088257,0.4121681749820709
2024-02-01 15:00:00,0.09773257,NORMAL,0.2635244131088257,0.4121681749820709
2024-02-01 16:00:00,0.09832953,NORMAL,0.2635244131088257,0.4121681749820709
2024-02-01 17:00:00,0.0965911,NORMAL,0.2635244131088257,0.4121681749820709
2024-02-01 18:00:00,0.097040236,NORMAL,0.2635244131088257,0.4121681749820709
2024-02-01 19:00:00,0.098609835,NORMAL,0.2635244131088257,0.4121681749820709
2024-02-01 20:00:00,0.0978623,NORMAL,0.2635244131088257,0.4121681749820709
2024-02-01 21:00:00,0.096410885,NORMAL,0.2635244131088257,0.4121681749820709
2024-02-01 22:00:00,0.092609085,NORMAL,0.2635244131088257,0.4121681749820709
2024-02-01 23:00:00,0.09048017,NORMAL,0.2635244131088257,0.4121681749820709
2024-02-02 00:00:00,0.09221569,NORMAL,0.2635244131088257,0.4121681749820709
2024-02-02 01:00:00,0.095181376,NORMAL,0.2635244131088257,0.4121681749820709
2024-02-02 02:00:00,0.09637019,NORMAL,0.2635244131088257,0.4121681749820709
2024-02-02 03:00:00,0.0966617,NORMAL,0.2635244131088257,0.4121681749820709
2024-02-02 04:00:00,0.0961812,NORMAL,0.2635244131088257,0.4121681749820709
2024-02-02 05:00:00,0.08101659,NORMAL,0.2635244131088257,0.4121681749820709
2024-02-02 06:00:00,0.10266019,NORMAL,0.2635244131088257,0.4121681749820709
2024-02-02 07:00:00,0.096553385,NORMAL,0.2635244131088257,0.4121681749820709
2024-02-02 08:00:00,0.086185545,NORMAL,0.2635244131088257,0.4121681749820709
2024-02-02 09:00:00,0.086750574,NORMAL,0.2635244131088257,0.4121681749820709
2024-02-02 10:00:00,0.08678801,NORMAL,0.2635244131088257,0.4121681749820709
2024-02-02 11:00:00,0.07456712,NORMAL,0.2635244131088257,0.4121681749820709
2024-02-02 12:00:00,0.09272129,NORMAL,0.2635244131088257,0.4121681749820709
2024-02-02 13:00:00,0.090175115,NORMAL,0.2635244131088257,0.4121681749820709
2024-02-02 14:00:00,0.0837719,NORMAL,0.2635244131088257,0.4121681749820709
2024-02-02 15:00:00,0.079504944,NORMAL,0.2635244131088257,0.4121681749820709
2024-02-02 16:00:00,0.07767925,NORMAL,0.2635244131088257,0.4121681749820709
2024-02-02 17:00:00,0.07695238,NORMAL,0.2635244131088257,0.4121681749820709
2024-02-02 18:00:00,0.07869688,NORMAL,0.2635244131088257,0.4121681749820709
2024-02-02 19:00:00,0.080886334,NORMAL,0.2635244131088257,0.4121681749820709
2024-02-02 20:00:00,0.08343331,NORMAL,0.2635244131088257,0.4121681749820709
2024-02-02 21:00:00,0.08625007,NORMAL,0.2635244131088257,0.4121681749820709
2024-02-02 22:00:00,0.08552006,NORMAL,0.2635244131088257,0.4121681749820709
2024-02-02 23:00:00,0.082457766,NORMAL,0.2635244131088257,0.4121681749820709
2024-02-03 00:00:00,0.080776006,NORMAL,0.2635244131088257,0.4121681749820709
2024-02-03 01:00:00,0.08146411,NORMAL,0.2635244131088257,0.4121681749820709
2024-02-03 02:00:00,0.08174931,NORMAL,0.2635244131088257,0.4121681749820709
2024-02-03 03:00:00,0.079218194,NORMAL,0.2635244131088257,0.4121681749820709
2024-02-03 04:00:00,0.07621004,NORMAL,0.2635244131088257,0.4121681749820709
2024-02-03 05:00:00,0.072157145,NORMAL,0.2635244131088257,0.4121681749820709
2024-02-03 06:00:00,0.062695794,NORMAL,0.2635244131088257,0.4121681749820709
2024-02-03 07:00:00,0.074208364,NORMAL,0.2635244131088257,0.4121681749820709
2024-02-03 08:00:00,0.081454635,NORMAL,0.2635244131088257,0.4121681749820709
2024-02-03 09:00:00,0.080829605,NORMAL,0.2635244131088257,0.4121681749820709
2024-02-03 10:00:00,0.07109824,NORMAL,0.2635244131088257,0.4121681749820709
2024-02-03 11:00:00,0.048713088,NORMAL,0.2635244131088257,0.4121681749820709
2024-02-03 12:00:00,0.06686559,NORMAL,0.2635244131088257,0.4121681749820709
2024-02-03 13:00:00,0.06306003,NORMAL,0.2635244131088257,0.4121681749820709
2024-02-03 14:00:00,0.059075832,NORMAL,0.2635244131088257,0.4121681749820709
2024-02-03 15:00:00,0.05888549,NORMAL,0.2635244131088257,0.4121681749820709
2024-02-03 16:00:00,0.060912065,NORMAL,0.2635244131088257,0.4121681749820709
2024-02-03 17:00:00,0.061646357,NORMAL,0.2635244131088257,0.4121681749820709
2024-02-03 18:00:00,0.063468784,NORMAL,0.2635244131088257,0.4121681749820709
2024-02-03 19:00:00,0.06764168,NORMAL,0.2635244131088257,0.4121681749820709
2024-02-03 20:00:00,0.07464671,NORMAL,0.2635244131088257,0.4121681749820709
2024-02-03 21:00:00,0.082085006,NORMAL,0.2635244131088257,0.4121681749820709
2024-02-03 22:00:00,0.08283833,NORMAL,0.2635244131088257,0.4121681749820709
2024-02-03 23:00:00,0.081818834,NORMAL,0.2635244131088257,0.4121681749820709
2024-02-04 00:00:00,0.08323025,NORMAL,0.2635244131088257,0.4121681749820709
2024-02-04 01:00:00,0.08439249,NORMAL,0.2635244131088257,0.4121681749820709
2024-02-04 02:00:00,0.08349448,NORMAL,0.2635244131088257,0.4121681749820709
2024-02-04 03:00:00,0.081271105,NORMAL,0.2635244131088257,0.4121681749820709
2024-02-04 04:00:00,0.079396024,NORMAL,0.2635244131088257,0.4121681749820709
2024-02-04 05:00:00,0.07741168,NORMAL,0.2635244131088257,0.4121681749820709
2024-02-04 06:00:00,0.1049375,NORMAL,0.2635244131088257,0.4121681749820709
2024-02-04 07:00:00,0.10205681,NORMAL,0.2635244131088257,0.4121681749820709
2024-02-04 08:00:00,0.09929534,NORMAL,0.2635244131088257,0.4121681749820709
2024-02-04 09:00:00,0.09358639,NORMAL,0.2635244131088257,0.4121681749820709
2024-02-04 10:00:00,0.08283363,NORMAL,0.2635244131088257,0.4121681749820709
2024-02-04 11:00:00,0.061538883,NORMAL,0.2635244131088257,0.4121681749820709
2024-02-04 12:00:00,0.07421472,NORMAL,0.2635244131088257,0.4121681749820709
2024-02-04 13:00:00,0.074955784,NORMAL,0.2635244131088257,0.4121681749820709
2024-02-04 14:00:00,0.07732389,NORMAL,0.2635244131088257,0.4121681749820709
2024-02-04 15:00:00,0.080878586,NORMAL,0.2635244131088257,0.4121681749820709
2024-02-04 16:00:00,0.084371164,NORMAL,0.2635244131088257,0.4121681749820709
2024-02-04 17:00:00,0.08735049,NORMAL,0.2635244131088257,0.4121681749820709
2024-02-04 18:00:00,0.09363495,NORMAL,0.2635244131088257,0.4121681749820709
2024-02-04 19:00:00,0.10192459,NORMAL,0.2635244131088257,0.4121681749820709
2024-02-04 20:00:00,0.10699247,NORMAL,0.2635244131088257,0.4121681749820709
2024-02-04 21:00:00,0.10633103,NORMAL,0.2635244131088257,0.4121681749820709
2024-02-04 22:00:00,0.100472055,NORMAL,0.2635244131088257,0.4121681749820709
2024-02-04 23:00:00,0.096515745,NORMAL,0.2635244131088257,0.4121681749820709
2024-02-05 00:00:00,0.09716652,NORMAL,0.2635244131088257,0.4121681749820709
2024-02-05 01:00:00,0.097210236,NORMAL,0.2635244131088257,0.4121681749820709
2024-02-05 02:00:00,0.096324086,NORMAL,0.2635244131088257,0.4121681749820709
2024-02-05 03:00:00,0.098691955,NORMAL,0.2635244131088257,0.4121681749820709
2024-02-05 04:00:00,0.10448958,NORMAL,0.2635244131088257,0.4121681749820709
2024-02-05 05:00:00,0.10280864,NORMAL,0.2635244131088257,0.4121681749820709
2024-02-05 06:00:00,0.08602756,NORMAL,0.2635244131088257,0.4121681749820709
2024-02-05 07:00:00,0.12244817,NORMAL,0.2635244131088257,0.4121681749820709
2024-02-05 08:00:00,0.12414108,NORMAL,0.2635244131088257,0.4121681749820709
2024-02-05 09:00:00,0.0974552,NORMAL,0.2635244131088257,0.4121681749820709
2024-02-05 10:00:00,0.08041811,NORMAL,0.2635244131088257,0.4121681749820709
2024-02-05 11:00:00,0.089644104,NORMAL,0.2635244131088257,0.4121681749820709
2024-02-05 12:00:00,0.09889254,NORMAL,0.2635244131088257,0.4121681749820709
2024-02-05 13:00:00,0.097552046,NORMAL,0.2635244131088257,0.4121681749820709
2024-02-05 14:00:00,0.095091134,NORMAL,0.2635244131088257,0.4121681749820709
2024-02-05 15:00:00,0.09340593,NORMAL,0.2635244131088257,0.4121681749820709
2024-02-05 16:00:00,0.09332225,NORMAL,0.2635244131088257,0.4121681749820709
2024-02-05 17:00:00,0.090592735,NORMAL,0.2635244131088257,0.4121681749820709
2024-02-05 18:00:00,0.09211663,NORMAL,0.2635244131088257,0.4121681749820709
2024-02-05 19:00:00,0.09817002,NORMAL,0.2635244131088257,0.4121681749820709
2024-02-05 20:00:00,0.10292082,NORMAL,0.2635244131088257,0.4121681749820709
2024-02-05 21:00:00,0.10394695,NORMAL,0.2635244131088257,0.4121681749820709
2024-02-05 22:00:00,0.09921129,NORMAL,0.2635244131088257,0.4121681749820709
2024-02-05 23:00:00,0.09643377,NORMAL,0.2635244131088257,0.4121681749820709
2024-02-06 00:00:00,0.09769345,NORMAL,0.2635244131088257,0.4121681749820709
2024-02-06 01:00:00,0.099886835,NORMAL,0.2635244131088257,0.4121681749820709
2024-02-06 02:00:00,0.10060823,NORMAL,0.2635244131088257,0.4121681749820709
2024-02-06 03:00:00,0.103507586,NORMAL,0.2635244131088257,0.4121681749820709
2024-02-06 04:00:00,0.107197255,NORMAL,0.2635244131088257,0.4121681749820709
2024-02-06 05:00:00,0.104392186,NORMAL,0.2635244131088257,0.4121681749820709
2024-02-06 06:00:00,0.10800186,NORMAL,0.2635244131088257,0.4121681749820709
2024-02-06 07:00:00,0.12495801,NORMAL,0.2635244131088257,0.4121681749820709
2024-02-06 08:00:00,0.119221956,NORMAL,0.2635244131088257,0.4121681749820709
2024-02-06 09:00:00,0.07859439,NORMAL,0.2635244131088257,0.4121681749820709
2024-02-06 10:00:00,0.047452316,NORMAL,0.2635244131088257,0.4121681749820709
2024-02-06 11:00:00,0.044463143,NORMAL,0.2635244131088257,0.4121681749820709
2024-02-06 12:00:00,0.063806504,NORMAL,0.2635244131088257,0.4121681749820709
2024-02-06 13:00:00,0.06721166,NORMAL,0.2635244131088257,0.4121681749820709
2024-02-06 14:00:00,0.06535648,NORMAL,0.2635244131088257,0.4121681749820709
2024-02-06 15:00:00,0.06375719,NORMAL,0.2635244131088257,0.4121681749820709
2024-02-06 16:00:00,0.063152045,NORMAL,0.2635244131088257,0.4121681749820709
2024-02-06 17:00:00,0.061178666,NORMAL,0.2635244131088257,0.4121681749820709
2024-02-06 18:00:00,0.06198819,NORMAL,0.2635244131088257,0.4121681749820709
2024-02-06 19:00:00,0.06479223,NORMAL,0.2635244131088257,0.4121681749820709
2024-02-06 20:00:00,0.0684075,NORMAL,0.2635244131088257,0.4121681749820709
2024-02-06 21:00:00,0.07099622,NORMAL,0.2635244131088257,0.4121681749820709
2024-02-06 22:00:00,0.0706902,NORMAL,0.2635244131088257,0.4121681749820709
2024-02-06 23:00:00,0.07011959,NORMAL,0.2635244131088257,0.4121681749820709
2024-02-07 00:00:00,0.06990138,NORMAL,0.2635244131088257,0.4121681749820709
2024-02-07 01:00:00,0.06964621,NORMAL,0.2635244131088257,0.4121681749820709
2024-02-07 02:00:00,0.068567485,NORMAL,0.2635244131088257,0.4121681749820709
2024-02-07 03:00:00,0.06760323,NORMAL,0.2635244131088257,0.4121681749820709
2024-02-07 04:00:00,0.06799384,NORMAL,0.2635244131088257,0.4121681749820709
2024-02-07 05:00:00,0.06855213,NORMAL,0.2635244131088257,0.4121681749820709
2024-02-07 06:00:00,0.118797,NORMAL,0.2635244131088257,0.4121681749820709
2024-02-07 07:00:00,0.13433276,NORMAL,0.2635244131088257,0.4121681749820709
2024-02-07 08:00:00,0.13444634,NORMAL,0.2635244131088257,0.4121681749820709
2024-02-07 09:00:00,0.12727223,NORMAL,0.2635244131088257,0.4121681749820709
2024-02-07 10:00:00,0.114802755,NORMAL,0.2635244131088257,0.4121681749820709
2024-02-07 11:00:00,0.08988205,NORMAL,0.2635244131088257,0.4121681749820709
2024-02-07 12:00:00,0.10231672,NORMAL,0.2635244131088257,0.4121681749820709
2024-02-07 13:00:00,0.115563065,NORMAL,0.2635244131088257,0.4121681749820709
2024-02-07 14:00:00,0.1224879,NORMAL,0.2635244131088257,0.4121681749820709
2024-02-07 15:00:00,0.12383265,NORMAL,0.2635244131088257,0.4121681749820709
2024-02-07 16:00:00,0.117794566,NORMAL,0.2635244131088257,0.4121681749820709
2024-02-07 17:00:00,0.10867282,NORMAL,0.2635244131088257,0.4121681749820709
2024-02-07 18:00:00,0.110261776,NORMAL,0.2635244131088257,0.4121681749820709
2024-02-07 19:00:00,0.11565815,NORMAL,0.2635244131088257,0.4121681749820709
2024-02-07 20:00:00,0.11991845,NORMAL,0.2635244131088257,0.4121681749820709
2024-02-07 21:00:00,0.1229559,NORMAL,0.2635244131088257,0.4121681749820709
2024-02-07 22:00:00,0.12775026,NORMAL,0.2635244131088257,0.4121681749820709
2024-02-07 23:00:00,0.13336262,NORMAL,0.2635244131088257,0.4121681749820709
2024-02-08 00:00:00,0.13466638,NORMAL,0.2635244131088257,0.4121681749820709
2024-02-08 01:00:00,0.13139771,NORMAL,0.2635244131088257,0.4121681749820709
2024-02-08 02:00:00,0.12816365,NORMAL,0.2635244131088257,0.4121681749820709
2024-02-08 03:00:00,0.12773609,NORMAL,0.2635244131088257,0.4121681749820709
2024-02-08 04:00:00,0.13267796,NORMAL,0.2635244131088257,0.4121681749820709
2024-02-08 05:00:00,0.15204023,NORMAL,0.2635244131088257,0.4121681749820709
2024-02-08 06:00:00,0.14795725,NORMAL,0.2635244131088257,0.4121681749820709
2024-02-08 07:00:00,0.21241572,NORMAL,0.2635244131088257,0.4121681749820709
2024-02-08 08:00:00,0.22563648,NORMAL,0.2635244131088257,0.4121681749820709
2024-02-08 09:00:00,0.22401568,NORMAL,0.2635244131088257,0.4121681749820709
2024-02-08 10:00:00,0.21845776,NORMAL,0.2635244131088257,0.4121681749820709
2024-02-08 11:00:00,0.19706571,NORMAL,0.2635244131088257,0.4121681749820709
2024-02-08 12:00:00,0.1701198,NORMAL,0.2635244131088257,0.4121681749820709
2024-02-08 13:00:00,0.16689143,NORMAL,0.2635244131088257,0.4121681749820709
2024-02-08 14:00:00,0.17176992,NORMAL,0.2635244131088257,0.4121681749820709
2024-02-08 15:00:00,0.17591801,NORMAL,0.2635244131088257,0.4121681749820709
2024-02-08 16:00:00,0.16179244,NORMAL,0.2635244131088257,0.4121681749820709
2024-02-08 17:00:00,0.14260188,NORMAL,0.2635244131088257,0.4121681749820709
2024-02-08 18:00:00,0.14221388,NORMAL,0.2635244131088257,0.4121681749820709
2024-02-08 19:00:00,0.14535053,NORMAL,0.2635244131088257,0.4121681749820709
2024-02-08 20:00:00,0.14580366,NORMAL,0.2635244131088257,0.4121681749820709
2024-02-08 21:00:00,0.14465064,NORMAL,0.2635244131088257,0.4121681749820709
2024-02-08 22:00:00,0.14406003,NORMAL,0.2635244131088257,0.4121681749820709
2024-02-08 23:00:00,0.14723426,NORMAL,0.2635244131088257,0.4121681749820709
2024-02-09 00:00:00,0.14886698,NORMAL,0.2635244131088257,0.4121681749820709
2024-02-09 01:00:00,0.15603328,NORMAL,0.2635244131088257,0.4121681749820709
2024-02-09 02:00:00,0.16246668,NORMAL,0.2635244131088257,0.4121681749820709
2024-02-09 03:00:00,0.15714549,NORMAL,0.2635244131088257,0.4121681749820709
2024-02-09 04:00:00,0.15803753,NORMAL,0.2635244131088257,0.4121681749820709
2024-02-09 05:00:00,0.17558934,NORMAL,0.2635244131088257,0.4121681749820709
2024-02-09 06:00:00,0.18060105,NORMAL,0.2635244131088257,0.4121681749820709
2024-02-09 07:00:00,0.17399037,NORMAL,0.2635244131088257,0.4121681749820709
2024-02-09 08:00:00,0.1815223,NORMAL,0.2635244131088257,0.4121681749820709
2024-02-09 09:00:00,0.18341681,NORMAL,0.2635244131088257,0.4121681749820709
2024-02-09 10:00:00,0.14890347,NORMAL,0.2635244131088257,0.4121681749820709
2024-02-09 11:00:00,0.08911126,NORMAL,0.2635244131088257,0.4121681749820709
2024-02-09 12:00:00,0.08623066,NORMAL,0.2635244131088257,0.4121681749820709
2024-02-09 13:00:00,0.086118855,NORMAL,0.2635244131088257,0.4121681749820709
2024-02-09 14:00:00,0.09867472,NORMAL,0.2635244131088257,0.4121681749820709
2024-02-09 15:00:00,0.111175336,NORMAL,0.2635244131088257,0.4121681749820709
2024-02-09 16:00:00,0.113392025,NORMAL,0.2635244131088257,0.4121681749820709
2024-02-09 17:00:00,0.10428982,NORMAL,0.2635244131088257,0.4121681749820709
2024-02-09 18:00:00,0.090622716,NORMAL,0.2635244131088257,0.4121681749820709
2024-02-09 19:00:00,0.07725581,NORMAL,0.2635244131088257,0.4121681749820709
2024-02-09 20:00:00,0.065693684,NORMAL,0.2635244131088257,0.4121681749820709
2024-02-09 21:00:00,0.057367485,NORMAL,0.2635244131088257,0.4121681749820709
2024-02-09 22:00:00,0.054524157,NORMAL,0.2635244131088257,0.4121681749820709
2024-02-09 23:00:00,0.056320682,NORMAL,0.2635244131088257,0.4121681749820709
2024-02-10 00:00:00,0.060534015,NORMAL,0.2635244131088257,0.4121681749820709
2024-02-10 01:00:00,0.06429781,NORMAL,0.2635244131088257,0.4121681749820709
2024-02-10 02:00:00,0.068222426,NORMAL,0.2635244131088257,0.4121681749820709
2024-02-10 03:00:00,0.07298215,NORMAL,0.2635244131088257,0.4121681749820709
2024-02-10 04:00:00,0.08698364,NORMAL,0.2635244131088257,0.4121681749820709
2024-02-10 05:00:00,0.1093007,NORMAL,0.2635244131088257,0.4121681749820709
2024-02-10 06:00:00,0.12730005,NORMAL,0.2635244131088257,0.4121681749820709
2024-02-10 07:00:00,0.13844422,NORMAL,0.2635244131088257,0.4121681749820709
2024-02-10 08:00:00,0.13076037,NORMAL,0.2635244131088257,0.4121681749820709
2024-02-10 09:00:00,0.11187437,NORMAL,0.2635244131088257,0.4121681749820709
2024-02-10 10:00:00,0.10820205,NORMAL,0.2635244131088257,0.4121681749820709
2024-02-10 11:00:00,0.10961814,NORMAL,0.2635244131088257,0.4121681749820709
2024-02-10 12:00:00,0.10937682,NORMAL,0.2635244131088257,0.4121681749820709
2024-02-10 13:00:00,0.11247648,NORMAL,0.2635244131088257,0.4121681749820709
2024-02-10 14:00:00,0.11410528,NORMAL,0.2635244131088257,0.4121681749820709
2024-02-10 15:00:00,0.10920384,NORMAL,0.2635244131088257,0.4121681749820709
2024-02-10 16:00:00,0.10130786,NORMAL,0.2635244131088257,0.4121681749820709
2024-02-10 17:00:00,0.093522415,NORMAL,0.2635244131088257,0.4121681749820709
2024-02-10 18:00:00,0.086368196,NORMAL,0.2635244131088257,0.4121681749820709
2024-02-10 19:00:00,0.079019666,NORMAL,0.2635244131088257,0.4121681749820709
2024-02-10 20:00:00,0.07252806,NORMAL,0.2635244131088257,0.4121681749820709
2024-02-10 21:00:00,0.069537655,NORMAL,0.2635244131088257,0.4121681749820709
2024-02-10 22:00:00,0.072044045,NORMAL,0.2635244131088257,0.4121681749820709
2024-02-10 23:00:00,0.07529727,NORMAL,0.2635244131088257,0.4121681749820709
2024-02-11 00:00:00,0.07586573,NORMAL,0.2635244131088257,0.4121681749820709
2024-02-11 01:00:00,0.07524935,NORMAL,0.2635244131088257,0.4121681749820709
2024-02-11 02:00:00,0.07528508,NORMAL,0.2635244131088257,0.4121681749820709
2024-02-11 03:00:00,0.07610579,NORMAL,0.2635244131088257,0.4121681749820709
2024-02-11 04:00:00,0.08468287,NORMAL,0.2635244131088257,0.4121681749820709
2024-02-11 05:00:00,0.10024805,NORMAL,0.2635244131088257,0.4121681749820709
2024-02-11 06:00:00,0.117893726,NORMAL,0.2635244131088257,0.4121681749820709
2024-02-11 07:00:00,0.12969224,NORMAL,0.2635244131088257,0.4121681749820709
2024-02-11 08:00:00,0.12322523,NORMAL,0.2635244131088257,0.4121681749820709
2024-02-11 09:00:00,0.10890594,NORMAL,0.2635244131088257,0.4121681749820709
2024-02-11 10:00:00,0.10923259,NORMAL,0.2635244131088257,0.4121681749820709
2024-02-11 11:00:00,0.11433204,NORMAL,0.2635244131088257,0.4121681749820709
2024-02-11 12:00:00,0.11294028,NORMAL,0.2635244131088257,0.4121681749820709
2024-02-11 13:00:00,0.110607,NORMAL,0.2635244131088257,0.4121681749820709
2024-02-11 14:00:00,0.10782735,NORMAL,0.2635244131088257,0.4121681749820709
2024-02-11 15:00:00,0.102861375,NORMAL,0.2635244131088257,0.4121681749820709
2024-02-11 16:00:00,0.097137585,NORMAL,0.2635244131088257,0.4121681749820709
2024-02-11 17:00:00,0.09205577,NORMAL,0.2635244131088257,0.4121681749820709
2024-02-11 18:00:00,0.087854534,NORMAL,0.2635244131088257,0.4121681749820709
2024-02-11 19:00:00,0.082261465,NORMAL,0.2635244131088257,0.4121681749820709
2024-02-11 20:00:00,0.075592965,NORMAL,0.2635244131088257,0.4121681749820709
2024-02-11 21:00:00,0.069960915,NORMAL,0.2635244131088257,0.4121681749820709
2024-02-11 22:00:00,0.07029113,NORMAL,0.2635244131088257,0.4121681749820709
2024-02-11 23:00:00,0.07336697,NORMAL,0.2635244131088257,0.4121681749820709
2024-02-12 00:00:00,0.07301599,NORMAL,0.2635244131088257,0.4121681749820709
2024-02-12 01:00:00,0.071017705,NORMAL,0.2635244131088257,0.4121681749820709
2024-02-12 02:00:00,0.07046092,NORMAL,0.2635244131088257,0.4121681749820709
2024-02-12 03:00:00,0.070253834,NORMAL,0.2635244131088257,0.4121681749820709
2024-02-12 04:00:00,0.07547401,NORMAL,0.2635244131088257,0.4121681749820709
2024-02-12 05:00:00,0.082999915,NORMAL,0.2635244131088257,0.4121681749820709
2024-02-12 06:00:00,0.0916116,NORMAL,0.2635244131088257,0.4121681749820709
2024-02-12 07:00:00,0.09685032,NORMAL,0.2635244131088257,0.4121681749820709
2024-02-12 08:00:00,0.0900481,NORMAL,0.2635244131088257,0.4121681749820709
2024-02-12 09:00:00,0.07843723,NORMAL,0.2635244131088257,0.4121681749820709
2024-02-12 10:00:00,0.08188033,NORMAL,0.2635244131088257,0.4121681749820709
2024-02-12 11:00:00,0.08761843,NORMAL,0.2635244131088257,0.4121681749820709
2024-02-12 12:00:00,0.084573045,NORMAL,0.2635244131088257,0.4121681749820709
2024-02-12 13:00:00,0.078687176,NORMAL,0.2635244131088257,0.4121681749820709
2024-02-12 14:00:00,0.07475588,NORMAL,0.2635244131088257,0.4121681749820709
2024-02-12 15:00:00,0.071883745,NORMAL,0.2635244131088257,0.4121681749820709
2024-02-12 16:00:00,0.06908512,NORMAL,0.2635244131088257,0.4121681749820709
2024-02-12 17:00:00,0.06663504,NORMAL,0.2635244131088257,0.4121681749820709
2024-02-12 18:00:00,0.06434348,NORMAL,0.2635244131088257,0.4121681749820709
2024-02-12 19:00:00,0.061588816,NORMAL,0.2635244131088257,0.4121681749820709
2024-02-12 20:00:00,0.057017233,NORMAL,0.2635244131088257,0.4121681749820709
2024-02-12 21:00:00,0.05198391,NORMAL,0.2635244131088257,0.4121681749820709
2024-02-12 22:00:00,0.049338393,NORMAL,0.2635244131088257,0.4121681749820709
2024-02-12 23:00:00,0.05535632,NORMAL,0.2635244131088257,0.4121681749820709
2024-02-13 00:00:00,0.060078476,NORMAL,0.2635244131088257,0.4121681749820709
2024-02-13 01:00:00,0.060722545,NORMAL,0.2635244131088257,0.4121681749820709
2024-02-13 02:00:00,0.062123988,NORMAL,0.2635244131088257,0.4121681749820709
2024-02-13 03:00:00,0.06340388,NORMAL,0.2635244131088257,0.4121681749820709
2024-02-13 04:00:00,0.0681184,NORMAL,0.2635244131088257,0.4121681749820709
2024-02-13 05:00:00,0.07376664,NORMAL,0.2635244131088257,0.4121681749820709
2024-02-13 06:00:00,0.079333216,NORMAL,0.2635244131088257,0.4121681749820709
2024-02-13 07:00:00,0.08355272,NORMAL,0.2635244131088257,0.4121681749820709
2024-02-13 08:00:00,0.079437524,NORMAL,0.2635244131088257,0.4121681749820709
2024-02-13 09:00:00,0.06936863,NORMAL,0.2635244131088257,0.4121681749820709
2024-02-13 10:00:00,0.070331894,NORMAL,0.2635244131088257,0.4121681749820709
2024-02-13 11:00:00,0.069861464,NORMAL,0.2635244131088257,0.4121681749820709
2024-02-13 12:00:00,0.06221207,NORMAL,0.2635244131088257,0.4121681749820709
2024-02-13 13:00:00,0.051942557,NORMAL,0.2635244131088257,0.4121681749820709
2024-02-13 14:00:00,0.04291874,NORMAL,0.2635244131088257,0.4121681749820709
2024-02-13 15:00:00,0.038290374,NORMAL,0.2635244131088257,0.4121681749820709
2024-02-13 16:00:00,0.034855973,NORMAL,0.2635244131088257,0.4121681749820709
2024-02-13 17:00:00,0.03442814,NORMAL,0.2635244131088257,0.4121681749820709
2024-02-13 18:00:00,0.034316555,NORMAL,0.2635244131088257,0.4121681749820709
2024-02-13 19:00:00,0.034642354,NORMAL,0.2635244131088257,0.4121681749820709
2024-02-13 20:00:00,0.035625387,NORMAL,0.2635244131088257,0.4121681749820709
2024-02-13 21:00:00,0.035207585,NORMAL,0.2635244131088257,0.4121681749820709
2024-02-13 22:00:00,0.0362057,NORMAL,0.2635244131088257,0.4121681749820709
2024-02-13 23:00:00,0.04214956,NORMAL,0.2635244131088257,0.4121681749820709
2024-02-14 00:00:00,0.046152584,NORMAL,0.2635244131088257,0.4121681749820709
2024-02-14 01:00:00,0.044533532,NORMAL,0.2635244131088257,0.4121681749820709
2024-02-14 02:00:00,0.042044062,NORMAL,0.2635244131088257,0.4121681749820709
2024-02-14 03:00:00,0.039523806,NORMAL,0.2635244131088257,0.4121681749820709
2024-02-14 04:00:00,0.04145079,NORMAL,0.2635244131088257,0.4121681749820709
2024-02-14 05:00:00,0.04208573,NORMAL,0.2635244131088257,0.4121681749820709
2024-02-14 06:00:00,0.042433664,NORMAL,0.2635244131088257,0.4121681749820709
2024-02-14 07:00:00,0.043292444,NORMAL,0.2635244131088257,0.4121681749820709
2024-02-14 08:00:00,0.03890705,NORMAL,0.2635244131088257,0.4121681749820709
2024-02-14 09:00:00,0.02842328,NORMAL,0.2635244131088257,0.4121681749820709
2024-02-14 10:00:00,0.022458693,NORMAL,0.2635244131088257,0.4121681749820709
2024-02-14 11:00:00,0.022525184,NORMAL,0.2635244131088257,0.4121681749820709
2024-02-14 12:00:00,0.022856066,NORMAL,0.2635244131088257,0.4121681749820709
2024-02-14 13:00:00,0.020613171,NORMAL,0.2635244131088257,0.4121681749820709
2024-02-14 14:00:00,0.019474521,NORMAL,0.2635244131088257,0.4121681749820709
2024-02-14 15:00:00,0.020706195,NORMAL,0.2635244131088257,0.4121681749820709
2024-02-14 16:00:00,0.021070195,NORMAL,0.2635244131088257,0.4121681749820709
2024-02-14 17:00:00,0.020680282,NORMAL,0.2635244131088257,0.4121681749820709
2024-02-14 18:00:00,0.021164652,NORMAL,0.2635244131088257,0.4121681749820709
2024-02-14 19:00:00,0.022247104,NORMAL,0.2635244131088257,0.4121681749820709
2024-02-14 20:00:00,0.023929374,NORMAL,0.2635244131088257,0.4121681749820709
2024-02-14 21:00:00,0.025587963,NORMAL,0.2635244131088257,0.4121681749820709
2024-02-14 22:00:00,0.02716687,NORMAL,0.2635244131088257,0.4121681749820709
2024-02-14 23:00:00,0.0340845,NORMAL,0.2635244131088257,0.4121681749820709
2024-02-15 00:00:00,0.04229649,NORMAL,0.2635244131088257,0.4121681749820709
2024-02-15 01:00:00,0.04363163,NORMAL,0.2635244131088257,0.4121681749820709
2024-02-15 02:00:00,0.04118022,NORMAL,0.2635244131088257,0.4121681749820709
2024-02-15 03:00:00,0.03802304,NORMAL,0.2635244131088257,0.4121681749820709
2024-02-15 04:00:00,0.04046168,NORMAL,0.2635244131088257,0.4121681749820709
2024-02-15 05:00:00,0.045466494,NORMAL,0.2635244131088257,0.4121681749820709
2024-02-15 06:00:00,0.04975613,NORMAL,0.2635244131088257,0.4121681749820709
2024-02-15 07:00:00,0.051414832,NORMAL,0.2635244131088257,0.4121681749820709
2024-02-15 08:00:00,0.04785935,NORMAL,0.2635244131088257,0.4121681749820709
2024-02-15 09:00:00,0.04053388,NORMAL,0.2635244131088257,0.4121681749820709
2024-02-15 10:00:00,0.038745277,NORMAL,0.2635244131088257,0.4121681749820709
2024-02-15 11:00:00,0.041311163,NORMAL,0.2635244131088257,0.4121681749820709
2024-02-15 12:00:00,0.040865984,NORMAL,0.2635244131088257,0.4121681749820709
2024-02-15 13:00:00,0.036510706,NORMAL,0.2635244131088257,0.4121681749820709
2024-02-15 14:00:00,0.033745397,NORMAL,0.2635244131088257,0.4121681749820709
2024-02-15 15:00:00,0.034984913,NORMAL,0.2635244131088257,0.4121681749820709
2024-02-15 16:00:00,0.037906572,NORMAL,0.2635244131088257,0.4121681749820709
2024-02-15 17:00:00,0.039271284,NORMAL,0.2635244131088257,0.4121681749820709
2024-02-15 18:00:00,0.04126726,NORMAL,0.2635244131088257,0.4121681749820709
2024-02-15 19:00:00,0.043542173,NORMAL,0.2635244131088257,0.4121681749820709
2024-02-15 20:00:00,0.043055303,NORMAL,0.2635244131088257,0.4121681749820709
2024-02-15 21:00:00,0.04100223,NORMAL,0.2635244131088257,0.4121681749820709
2024-02-15 22:00:00,0.034534715,NORMAL,0.2635244131088257,0.4121681749820709
2024-02-15 23:00:00,0.034231175,NORMAL,0.2635244131088257,0.4121681749820709
2024-02-16 00:00:00,0.04012958,NORMAL,0.2635244131088257,0.4121681749820709
2024-02-16 01:00:00,0.04202413,NORMAL,0.2635244131088257,0.4121681749820709
2024-02-16 02:00:00,0.04409012,NORMAL,0.2635244131088257,0.4121681749820709
2024-02-16 03:00:00,0.048247535,NORMAL,0.2635244131088257,0.4121681749820709
2024-02-16 04:00:00,0.057759337,NORMAL,0.2635244131088257,0.4121681749820709
2024-02-16 05:00:00,0.06849556,NORMAL,0.2635244131088257,0.4121681749820709
2024-02-16 06:00:00,0.07559255,NORMAL,0.2635244131088257,0.4121681749820709
2024-02-16 07:00:00,0.07572138,NORMAL,0.2635244131088257,0.4121681749820709
2024-02-16 08:00:00,0.07267065,NORMAL,0.2635244131088257,0.4121681749820709
2024-02-16 09:00:00,0.07021877,NORMAL,0.2635244131088257,0.4121681749820709
2024-02-16 10:00:00,0.07630551,NORMAL,0.2635244131088257,0.4121681749820709
2024-02-16 11:00:00,0.08095058,NORMAL,0.2635244131088257,0.4121681749820709
2024-02-16 12:00:00,0.07605326,NORMAL,0.2635244131088257,0.4121681749820709
2024-02-16 13:00:00,0.065875754,NORMAL,0.2635244131088257,0.4121681749820709
2024-02-16 14:00:00,0.058310714,NORMAL,0.2635244131088257,0.4121681749820709
2024-02-16 15:00:00,0.058280714,NORMAL,0.2635244131088257,0.4121681749820709
2024-02-16 16:00:00,0.06153701,NORMAL,0.2635244131088257,0.4121681749820709
2024-02-16 17:00:00,0.064678565,NORMAL,0.2635244131088257,0.4121681749820709
2024-02-16 18:00:00,0.06725976,NORMAL,0.2635244131088257,0.4121681749820709
2024-02-16 19:00:00,0.06838705,NORMAL,0.2635244131088257,0.4121681749820709
2024-02-16 20:00:00,0.068129025,NORMAL,0.2635244131088257,0.4121681749820709
2024-02-16 21:00:00,0.06759905,NORMAL,0.2635244131088257,0.4121681749820709
2024-02-16 22:00:00,0.06774008,NORMAL,0.2635244131088257,0.4121681749820709
2024-02-16 23:00:00,0.07083443,NORMAL,0.2635244131088257,0.4121681749820709
2024-02-17 00:00:00,0.071492754,NORMAL,0.2635244131088257,0.4121681749820709
2024-02-17 01:00:00,0.0714653,NORMAL,0.2635244131088257,0.4121681749820709
2024-02-17 02:00:00,0.07431834,NORMAL,0.2635244131088257,0.4121681749820709
2024-02-17 03:00:00,0.079868466,NORMAL,0.2635244131088257,0.4121681749820709
2024-02-17 04:00:00,0.09279779,NORMAL,0.2635244131088257,0.4121681749820709
2024-02-17 05:00:00,0.10563665,NORMAL,0.2635244131088257,0.4121681749820709
2024-02-17 06:00:00,0.18819864,NORMAL,0.2635244131088257,0.4121681749820709
2024-02-17 07:00:00,0.22528765,NORMAL,0.2635244131088257,0.4121681749820709
2024-02-17 08:00:00,0.18881962,NORMAL,0.2635244131088257,0.4121681749820709
2024-02-17 09:00:00,0.14449848,NORMAL,0.2635244131088257,0.4121681749820709
2024-02-17 10:00:00,0.13311784,NORMAL,0.2635244131088257,0.4121681749820709
2024-02-17 11:00:00,0.13461693,NORMAL,0.2635244131088257,0.4121681749820709
2024-02-17 12:00:00,0.14003764,NORMAL,0.2635244131088257,0.4121681749820709
2024-02-17 13:00:00,0.14395083,NORMAL,0.2635244131088257,0.4121681749820709
2024-02-17 14:00:00,0.13155541,NORMAL,0.2635244131088257,0.4121681749820709
2024-02-17 15:00:00,0.12644468,NORMAL,0.2635244131088257,0.4121681749820709
2024-02-17 16:00:00,0.13191518,NORMAL,0.2635244131088257,0.4121681749820709
2024-02-17 17:00:00,0.13758488,NORMAL,0.2635244131088257,0.4121681749820709
2024-02-17 18:00:00,0.14203252,NORMAL,0.2635244131088257,0.4121681749820709
2024-02-17 19:00:00,0.14692529,NORMAL,0.2635244131088257,0.4121681749820709
2024-02-17 20:00:00,0.1452772,NORMAL,0.2635244131088257,0.4121681749820709
2024-02-17 21:00:00,0.13828877,NORMAL,0.2635244131088257,0.4121681749820709
2024-02-17 22:00:00,0.12587048,NORMAL,0.2635244131088257,0.4121681749820709
2024-02-17 23:00:00,0.11629163,NORMAL,0.2635244131088257,0.4121681749820709
2024-02-18 00:00:00,0.1120193,NORMAL,0.2635244131088257,0.4121681749820709
2024-02-18 01:00:00,0.11245362,NORMAL,0.2635244131088257,0.4121681749820709
2024-02-18 02:00:00,0.111775845,NORMAL,0.2635244131088257,0.4121681749820709
2024-02-18 03:00:00,0.10955635,NORMAL,0.2635244131088257,0.4121681749820709
2024-02-18 04:00:00,0.113347836,NORMAL,0.2635244131088257,0.4121681749820709
2024-02-18 05:00:00,0.11638628,NORMAL,0.2635244131088257,0.4121681749820709
2024-02-18 06:00:00,0.119121246,NORMAL,0.2635244131088257,0.4121681749820709
2024-02-18 07:00:00,0.1109739,NORMAL,0.2635244131088257,0.4121681749820709
2024-02-18 08:00:00,0.11044407,NORMAL,0.2635244131088257,0.4121681749820709
2024-02-18 09:00:00,0.12191011,NORMAL,0.2635244131088257,0.4121681749820709
2024-02-18 10:00:00,0.13527311,NORMAL,0.2635244131088257,0.4121681749820709
2024-02-18 11:00:00,0.13871855,NORMAL,0.2635244131088257,0.4121681749820709
2024-02-18 12:00:00,0.15649553,NORMAL,0.2635244131088257,0.4121681749820709
2024-02-18 13:00:00,0.1573062,NORMAL,0.2635244131088257,0.4121681749820709
2024-02-18 14:00:00,0.15178318,NORMAL,0.2635244131088257,0.4121681749820709
2024-02-18 15:00:00,0.15187505,NORMAL,0.2635244131088257,0.4121681749820709
2024-02-18 16:00:00,0.16607836,NORMAL,0.2635244131088257,0.4121681749820709
2024-02-18 17:00:00,0.1782843,NORMAL,0.2635244131088257,0.4121681749820709
2024-02-18 18:00:00,0.18936215,NORMAL,0.2635244131088257,0.4121681749820709
2024-02-18 19:00:00,0.20071957,NORMAL,0.2635244131088257,0.4121681749820709
2024-02-18 20:00:00,0.20192872,NORMAL,0.2635244131088257,0.4121681749820709
2024-02-18 21:00:00,0.20030251,NORMAL,0.2635244131088257,0.4121681749820709
2024-02-18 22:00:00,0.18665212,NORMAL,0.2635244131088257,0.4121681749820709
2024-02-18 23:00:00,0.17051938,NORMAL,0.2635244131088257,0.4121681749820709
2024-02-19 00:00:00,0.15574601,NORMAL,0.2635244131088257,0.4121681749820709
2024-02-19 01:00:00,0.14522195,NORMAL,0.2635244131088257,0.4121681749820709
2024-02-19 02:00:00,0.14588827,NORMAL,0.2635244131088257,0.4121681749820709
2024-02-19 03:00:00,0.15463005,NORMAL,0.2635244131088257,0.4121681749820709
2024-02-19 04:00:00,0.1665338,NORMAL,0.2635244131088257,0.4121681749820709
2024-02-19 05:00:00,0.1622618,NORMAL,0.2635244131088257,0.4121681749820709
2024-02-19 06:00:00,0.1522637,NORMAL,0.2635244131088257,0.4121681749820709
2024-02-19 07:00:00,0.14921707,NORMAL,0.2635244131088257,0.4121681749820709
2024-02-19 08:00:00,0.15490043,NORMAL,0.2635244131088257,0.4121681749820709
2024-02-19 09:00:00,0.16472268,NORMAL,0.2635244131088257,0.4121681749820709
2024-02-19 10:00:00,0.1687449,NORMAL,0.2635244131088257,0.4121681749820709
2024-02-19 11:00:00,0.15990834,NORMAL,0.2635244131088257,0.4121681749820709
2024-02-19 12:00:00,0.1517785,NORMAL,0.2635244131088257,0.4121681749820709
2024-02-19 13:00:00,0.15518934,NORMAL,0.2635244131088257,0.4121681749820709
2024-02-19 14:00:00,0.15256044,NORMAL,0.2635244131088257,0.4121681749820709
2024-02-19 15:00:00,0.13967684,NORMAL,0.2635244131088257,0.4121681749820709
2024-02-19 16:00:00,0.14177032,NORMAL,0.2635244131088257,0.4121681749820709
2024-02-19 17:00:00,0.15011328,NORMAL,0.2635244131088257,0.4121681749820709
2024-02-19 18:00:00,0.1636483,NORMAL,0.2635244131088257,0.4121681749820709
2024-02-19 19:00:00,0.17642249,NORMAL,0.2635244131088257,0.4121681749820709
2024-02-19 20:00:00,0.1778627,NORMAL,0.2635244131088257,0.4121681749820709
2024-02-19 21:00:00,0.17085505,NORMAL,0.2635244131088257,0.4121681749820709
2024-02-19 22:00:00,0.15068029,NORMAL,0.2635244131088257,0.4121681749820709
2024-02-19 23:00:00,0.13256203,NORMAL,0.2635244131088257,0.4121681749820709
2024-02-20 00:00:00,0.12540805,NORMAL,0.2635244131088257,0.4121681749820709
2024-02-20 01:00:00,0.124634944,NORMAL,0.2635244131088257,0.4121681749820709
2024-02-20 02:00:00,0.13305916,NORMAL,0.2635244131088257,0.4121681749820709
2024-02-20 03:00:00,0.14815362,NORMAL,0.2635244131088257,0.4121681749820709
2024-02-20 04:00:00,0.16392545,NORMAL,0.2635244131088257,0.4121681749820709
2024-02-20 05:00:00,0.17381617,NORMAL,0.2635244131088257,0.4121681749820709
2024-02-20 06:00:00,0.17830603,NORMAL,0.2635244131088257,0.4121681749820709
2024-02-20 07:00:00,0.17892307,NORMAL,0.2635244131088257,0.4121681749820709
2024-02-20 08:00:00,0.17478795,NORMAL,0.2635244131088257,0.4121681749820709
2024-02-20 09:00:00,0.16931489,NORMAL,0.2635244131088257,0.4121681749820709
2024-02-20 10:00:00,0.15944043,NORMAL,0.2635244131088257,0.4121681749820709
2024-02-20 11:00:00,0.15075976,NORMAL,0.2635244131088257,0.4121681749820709
2024-02-20 12:00:00,0.13837688,NORMAL,0.2635244131088257,0.4121681749820709
2024-02-20 13:00:00,0.11554706,NORMAL,0.2635244131088257,0.4121681749820709
2024-02-20 14:00:00,0.07982072,NORMAL,0.2635244131088257,0.4121681749820709
2024-02-20 15:00:00,0.06013249,NORMAL,0.2635244131088257,0.4121681749820709
2024-02-20 16:00:00,0.04816159,NORMAL,0.2635244131088257,0.4121681749820709
2024-02-20 17:00:00,0.043863006,NORMAL,0.2635244131088257,0.4121681749820709
2024-02-20 18:00:00,0.043007158,NORMAL,0.2635244131088257,0.4121681749820709
2024-02-20 19:00:00,0.044894364,NORMAL,0.2635244131088257,0.4121681749820709
2024-02-20 20:00:00,0.050630495,NORMAL,0.2635244131088257,0.4121681749820709
2024-02-20 21:00:00,0.054074433,NORMAL,0.2635244131088257,0.4121681749820709
2024-02-20 22:00:00,0.053087905,NORMAL,0.2635244131088257,0.4121681749820709
2024-02-20 23:00:00,0.05044747,NORMAL,0.2635244131088257,0.4121681749820709
2024-02-21 00:00:00,0.048877385,NORMAL,0.2635244131088257,0.4121681749820709
2024-02-21 01:00:00,0.048547965,NORMAL,0.2635244131088257,0.4121681749820709
2024-02-21 02:00:00,0.053662043,NORMAL,0.2635244131088257,0.4121681749820709
2024-02-21 03:00:00,0.06311162,NORMAL,0.2635244131088257,0.4121681749820709
2024-02-21 04:00:00,0.0697544,NORMAL,0.2635244131088257,0.4121681749820709
2024-02-21 05:00:00,0.0681098,NORMAL,0.2635244131088257,0.4121681749820709
2024-02-21 06:00:00,0.06370571,NORMAL,0.2635244131088257,0.4121681749820709
2024-02-21 07:00:00,0.05966798,NORMAL,0.2635244131088257,0.4121681749820709
2024-02-21 08:00:00,0.049346074,NORMAL,0.2635244131088257,0.4121681749820709
2024-02-21 09:00:00,0.041822504,NORMAL,0.2635244131088257,0.4121681749820709
2024-02-21 10:00:00,0.036371514,NORMAL,0.2635244131088257,0.4121681749820709
2024-02-21 11:00:00,0.031193048,NORMAL,0.2635244131088257,0.4121681749820709
2024-02-21 12:00:00,0.027100774,NORMAL,0.2635244131088257,0.4121681749820709
2024-02-21 13:00:00,0.025006166,NORMAL,0.2635244131088257,0.4121681749820709
2024-02-21 14:00:00,0.025933817,NORMAL,0.2635244131088257,0.4121681749820709
2024-02-21 15:00:00,0.028421355,NORMAL,0.2635244131088257,0.4121681749820709
2024-02-21 16:00:00,0.029999614,NORMAL,0.2635244131088257,0.4121681749820709
2024-02-21 17:00:00,0.032732684,NORMAL,0.2635244131088257,0.4121681749820709
2024-02-21 18:00:00,0.035904985,NORMAL,0.2635244131088257,0.4121681749820709
2024-02-21 19:00:00,0.040913396,NORMAL,0.2635244131088257,0.4121681749820709
2024-02-21 20:00:00,0.04787995,NORMAL,0.2635244131088257,0.4121681749820709
2024-02-21 21:00:00,0.05286028,NORMAL,0.2635244131088257,0.4121681749820709
2024-02-21 22:00:00,0.052139353,NORMAL,0.2635244131088257,0.4121681749820709
2024-02-21 23:00:00,0.050677724,NORMAL,0.2635244131088257,0.4121681749820709
2024-02-22 00:00:00,0.05180196,NORMAL,0.2635244131088257,0.4121681749820709
2024-02-22 01:00:00,0.053706106,NORMAL,0.2635244131088257,0.4121681749820709
2024-02-22 02:00:00,0.05797054,NORMAL,0.2635244131088257,0.4121681749820709
2024-02-22 03:00:00,0.06681204,NORMAL,0.2635244131088257,0.4121681749820709
2024-02-22 04:00:00,0.075066485,NORMAL,0.2635244131088257,0.4121681749820709
2024-02-22 05:00:00,0.078487374,NORMAL,0.2635244131088257,0.4121681749820709
2024-02-22 06:00:00,0.075951844,NORMAL,0.2635244131088257,0.4121681749820709
2024-02-22 07:00:00,0.06997085,NORMAL,0.2635244131088257,0.4121681749820709
2024-02-22 08:00:00,0.058209293,NORMAL,0.2635244131088257,0.4121681749820709
2024-02-22 09:00:00,0.049959607,NORMAL,0.2635244131088257,0.4121681749820709
2024-02-22 10:00:00,0.045238238,NORMAL,0.2635244131088257,0.4121681749820709
2024-02-22 11:00:00,0.04316391,NORMAL,0.2635244131088257,0.4121681749820709
2024-02-22 12:00:00,0.04322802,NORMAL,0.2635244131088257,0.4121681749820709
2024-02-22 13:00:00,0.04492248,NORMAL,0.2635244131088257,0.4121681749820709
2024-02-22 14:00:00,0.045022693,NORMAL,0.2635244131088257,0.4121681749820709
2024-02-22 15:00:00,0.045563675,NORMAL,0.2635244131088257,0.4121681749820709
2024-02-22 16:00:00,0.047678355,NORMAL,0.2635244131088257,0.4121681749820709
2024-02-22 17:00:00,0.049420986,NORMAL,0.2635244131088257,0.4121681749820709
2024-02-22 18:00:00,0.053252246,NORMAL,0.2635244131088257,0.4121681749820709
2024-02-22 19:00:00,0.05879367,NORMAL,0.2635244131088257,0.4121681749820709
2024-02-22 20:00:00,0.064834185,NORMAL,0.2635244131088257,0.4121681749820709
2024-02-22 21:00:00,0.06851378,NORMAL,0.2635244131088257,0.4121681749820709
2024-02-22 22:00:00,0.06568739,NORMAL,0.2635244131088257,0.4121681749820709
2024-02-22 23:00:00,0.05934694,NORMAL,0.2635244131088257,0.4121681749820709
2024-02-23 00:00:00,0.05409323,NORMAL,0.2635244131088257,0.4121681749820709
2024-02-23 01:00:00,0.04934436,NORMAL,0.2635244131088257,0.4121681749820709
2024-02-23 02:00:00,0.09245077,NORMAL,0.2635244131088257,0.4121681749820709
2024-02-23 03:00:00,0.10643665,NORMAL,0.2635244131088257,0.4121681749820709
2024-02-23 04:00:00,0.11543451,NORMAL,0.2635244131088257,0.4121681749820709
2024-02-23 05:00:00,0.11722156,NORMAL,0.2635244131088257,0.4121681749820709
2024-02-23 06:00:00,0.11405614,NORMAL,0.2635244131088257,0.4121681749820709
2024-02-23 07:00:00,0.10933257,NORMAL,0.2635244131088257,0.4121681749820709
2024-02-23 08:00:00,0.107149415,NORMAL,0.2635244131088257,0.4121681749820709
2024-02-23 09:00:00,0.106242396,NORMAL,0.2635244131088257,0.4121681749820709
2024-02-23 10:00:00,0.1037271,NORMAL,0.2635244131088257,0.4121681749820709
2024-02-23 11:00:00,0.10323111,NORMAL,0.2635244131088257,0.4121681749820709
2024-02-23 12:00:00,0.108952105,NORMAL,0.2635244131088257,0.4121681749820709
2024-02-23 13:00:00,0.17417952,NORMAL,0.2635244131088257,0.4121681749820709
2024-02-23 14:00:00,0.22976337,NORMAL,0.2635244131088257,0.4121681749820709
2024-02-23 15:00:00,0.26866126,WARNING,0.2635244131088257,0.4121681749820709
2024-02-23 16:00:00,0.2932433,WARNING,0.2635244131088257,0.4121681749820709
2024-02-23 17:00:00,0.3014875,WARNING,0.2635244131088257,0.4121681749820709
2024-02-23 18:00:00,0.3017406,WARNING,0.2635244131088257,0.4121681749820709
2024-02-23 19:00:00,0.29673147,WARNING,0.2635244131088257,0.4121681749820709
2024-02-23 20:00:00,0.2859501,WARNING,0.2635244131088257,0.4121681749820709
2024-02-23 21:00:00,0.27752188,WARNING,0.2635244131088257,0.4121681749820709
2024-02-23 22:00:00,0.2730762,WARNING,0.2635244131088257,0.4121681749820709
2024-02-23 23:00:00,0.2473046,NORMAL,0.2635244131088257,0.4121681749820709
2024-02-24 00:00:00,0.20744826,NORMAL,0.2635244131088257,0.4121681749820709
2024-02-24 01:00:00,0.15887159,NORMAL,0.2635244131088257,0.4121681749820709
2024-02-24 02:00:00,0.1433858,NORMAL,0.2635244131088257,0.4121681749820709
2024-02-24 03:00:00,0.10646619,NORMAL,0.2635244131088257,0.4121681749820709
2024-02-24 04:00:00,0.08358529,NORMAL,0.2635244131088257,0.4121681749820709
2024-02-24 05:00:00,0.068696894,NORMAL,0.2635244131088257,0.4121681749820709
2024-02-24 06:00:00,0.06339494,NORMAL,0.2635244131088257,0.4121681749820709
2024-02-24 07:00:00,0.07511603,NORMAL,0.2635244131088257,0.4121681749820709
2024-02-24 08:00:00,0.08195809,NORMAL,0.2635244131088257,0.4121681749820709
2024-02-24 09:00:00,0.094042234,NORMAL,0.2635244131088257,0.4121681749820709
2024-02-24 10:00:00,0.11044156,NORMAL,0.2635244131088257,0.4121681749820709
2024-02-24 11:00:00,0.11215075,NORMAL,0.2635244131088257,0.4121681749820709
2024-02-24 12:00:00,0.110145934,NORMAL,0.2635244131088257,0.4121681749820709
2024-02-24 13:00:00,0.09854497,NORMAL,0.2635244131088257,0.4121681749820709
2024-02-24 14:00:00,0.08706924,NORMAL,0.2635244131088257,0.4121681749820709
2024-02-24 15:00:00,0.083590336,NORMAL,0.2635244131088257,0.4121681749820709
2024-02-24 16:00:00,0.08338201,NORMAL,0.2635244131088257,0.4121681749820709
2024-02-24 17:00:00,0.08215934,NORMAL,0.2635244131088257,0.4121681749820709
2024-02-24 18:00:00,0.08208983,NORMAL,0.2635244131088257,0.4121681749820709
2024-02-24 19:00:00,0.08135549,NORMAL,0.2635244131088257,0.4121681749820709
2024-02-24 20:00:00,0.07955931,NORMAL,0.2635244131088257,0.4121681749820709
2024-02-24 21:00:00,0.07816711,NORMAL,0.2635244131088257,0.4121681749820709
2024-02-24 22:00:00,0.08411673,NORMAL,0.2635244131088257,0.4121681749820709
2024-02-24 23:00:00,0.092488974,NORMAL,0.2635244131088257,0.4121681749820709
2024-02-25 00:00:00,0.095125794,NORMAL,0.2635244131088257,0.4121681749820709
2024-02-25 01:00:00,0.098233916,NORMAL,0.2635244131088257,0.4121681749820709
2024-02-25 02:00:00,0.10228418,NORMAL,0.2635244131088257,0.4121681749820709
2024-02-25 03:00:00,0.10484823,NORMAL,0.2635244131088257,0.4121681749820709
2024-02-25 04:00:00,0.10427533,NORMAL,0.2635244131088257,0.4121681749820709
2024-02-25 05:00:00,0.09780419,NORMAL,0.2635244131088257,0.4121681749820709
2024-02-25 06:00:00,0.08622635,NORMAL,0.2635244131088257,0.4121681749820709
2024-02-25 07:00:00,0.087970085,NORMAL,0.2635244131088257,0.4121681749820709
2024-02-25 08:00:00,0.093355685,NORMAL,0.2635244131088257,0.4121681749820709
2024-02-25 09:00:00,0.104648694,NORMAL,0.2635244131088257,0.4121681749820709
2024-02-25 10:00:00,0.09607777,NORMAL,0.2635244131088257,0.4121681749820709
2024-02-25 11:00:00,0.04048273,NORMAL,0.2635244131088257,0.4121681749820709
2024-02-25 12:00:00,0.033790622,NORMAL,0.2635244131088257,0.4121681749820709
2024-02-25 13:00:00,0.029616594,NORMAL,0.2635244131088257,0.4121681749820709
2024-02-25 14:00:00,0.030290833,NORMAL,0.2635244131088257,0.4121681749820709
2024-02-25 15:00:00,0.033908904,NORMAL,0.2635244131088257,0.4121681749820709
2024-02-25 16:00:00,0.037943903,NORMAL,0.2635244131088257,0.4121681749820709
2024-02-25 17:00:00,0.039600126,NORMAL,0.2635244131088257,0.4121681749820709
2024-02-25 18:00:00,0.040549833,NORMAL,0.2635244131088257,0.4121681749820709
2024-02-25 19:00:00,0.041731723,NORMAL,0.2635244131088257,0.4121681749820709
2024-02-25 20:00:00,0.0424575,NORMAL,0.2635244131088257,0.4121681749820709
2024-02-25 21:00:00,0.043302983,NORMAL,0.2635244131088257,0.4121681749820709
2024-02-25 22:00:00,0.043510117,NORMAL,0.2635244131088257,0.4121681749820709
2024-02-25 23:00:00,0.047089797,NORMAL,0.2635244131088257,0.4121681749820709
2024-02-26 00:00:00,0.051488485,NORMAL,0.2635244131088257,0.4121681749820709
2024-02-26 01:00:00,0.056420524,NORMAL,0.2635244131088257,0.4121681749820709
2024-02-26 02:00:00,0.06243927,NORMAL,0.2635244131088257,0.4121681749820709
2024-02-26 03:00:00,0.066206396,NORMAL,0.2635244131088257,0.4121681749820709
2024-02-26 04:00:00,0.06676843,NORMAL,0.2635244131088257,0.4121681749820709
2024-02-26 05:00:00,0.07277098,NORMAL,0.2635244131088257,0.4121681749820709
2024-02-26 06:00:00,0.07811243,NORMAL,0.2635244131088257,0.4121681749820709
2024-02-26 07:00:00,0.077644065,NORMAL,0.2635244131088257,0.4121681749820709
2024-02-26 08:00:00,0.07664563,NORMAL,0.2635244131088257,0.4121681749820709
2024-02-26 09:00:00,0.07203494,NORMAL,0.2635244131088257,0.4121681749820709
2024-02-26 10:00:00,0.070595786,NORMAL,0.2635244131088257,0.4121681749820709
2024-02-26 11:00:00,0.072031386,NORMAL,0.2635244131088257,0.4121681749820709
2024-02-26 12:00:00,0.070784174,NORMAL,0.2635244131088257,0.4121681749820709
2024-02-26 13:00:00,0.0671425,NORMAL,0.2635244131088257,0.4121681749820709
2024-02-26 14:00:00,0.06236589,NORMAL,0.2635244131088257,0.4121681749820709
2024-02-26 15:00:00,0.05912006,NORMAL,0.2635244131088257,0.4121681749820709
2024-02-26 16:00:00,0.05663536,NORMAL,0.2635244131088257,0.4121681749820709
2024-02-26 17:00:00,0.05496455,NORMAL,0.2635244131088257,0.4121681749820709
2024-02-26 18:00:00,0.053260494,NORMAL,0.2635244131088257,0.4121681749820709
2024-02-26 19:00:00,0.051448427,NORMAL,0.2635244131088257,0.4121681749820709
2024-02-26 20:00:00,0.051855925,NORMAL,0.2635244131088257,0.4121681749820709
2024-02-26 21:00:00,0.05250106,NORMAL,0.2635244131088257,0.4121681749820709
2024-02-26 22:00:00,0.05546276,NORMAL,0.2635244131088257,0.4121681749820709
2024-02-26 23:00:00,0.059094794,NORMAL,0.2635244131088257,0.4121681749820709
2024-02-27 00:00:00,0.06112969,NORMAL,0.2635244131088257,0.4121681749820709
2024-02-27 01:00:00,0.06379635,NORMAL,0.2635244131088257,0.4121681749820709
2024-02-27 02:00:00,0.071341686,NORMAL,0.2635244131088257,0.4121681749820709
2024-02-27 03:00:00,0.07978639,NORMAL,0.2635244131088257,0.4121681749820709
2024-02-27 04:00:00,0.08264787,NORMAL,0.2635244131088257,0.4121681749820709
2024-02-27 05:00:00,0.08577189,NORMAL,0.2635244131088257,0.4121681749820709
2024-02-27 06:00:00,0.08263389,NORMAL,0.2635244131088257,0.4121681749820709
2024-02-27 07:00:00,0.07209317,NORMAL,0.2635244131088257,0.4121681749820709
2024-02-27 08:00:00,0.063590884,NORMAL,0.2635244131088257,0.4121681749820709
2024-02-27 09:00:00,0.053862996,NORMAL,0.2635244131088257,0.4121681749820709
2024-02-27 10:00:00,0.11101398,NORMAL,0.2635244131088257,0.4121681749820709
2024-02-27 11:00:00,0.113846,NORMAL,0.2635244131088257,0.4121681749820709
2024-02-27 12:00:00,0.11969059,NORMAL,0.2635244131088257,0.4121681749820709
2024-02-27 13:00:00,0.12036947,NORMAL,0.2635244131088257,0.4121681749820709
2024-02-27 14:00:00,0.11896259,NORMAL,0.2635244131088257,0.4121681749820709
2024-02-27 15:00:00,0.11797491,NORMAL,0.2635244131088257,0.4121681749820709
2024-02-27 16:00:00,0.1181543,NORMAL,0.2635244131088257,0.4121681749820709
2024-02-27 17:00:00,0.11702275,NORMAL,0.2635244131088257,0.4121681749820709
2024-02-27 18:00:00,0.115806274,NORMAL,0.2635244131088257,0.4121681749820709
2024-02-27 19:00:00,0.116408974,NORMAL,0.2635244131088257,0.4121681749820709
2024-02-27 20:00:00,0.119549274,NORMAL,0.2635244131088257,0.4121681749820709
2024-02-27 21:00:00,0.12365299,NORMAL,0.2635244131088257,0.4121681749820709
2024-02-27 22:00:00,0.12311688,NORMAL,0.2635244131088257,0.4121681749820709
2024-02-27 23:00:00,0.122665375,NORMAL,0.2635244131088257,0.4121681749820709
2024-02-28 00:00:00,0.12260146,NORMAL,0.2635244131088257,0.4121681749820709
2024-02-28 01:00:00,0.124172315,NORMAL,0.2635244131088257,0.4121681749820709
2024-02-28 02:00:00,0.1297044,NORMAL,0.2635244131088257,0.4121681749820709
2024-02-28 03:00:00,0.13665754,NORMAL,0.2635244131088257,0.4121681749820709
2024-02-28 04:00:00,0.14323851,NORMAL,0.2635244131088257,0.4121681749820709
2024-02-28 05:00:00,0.15261218,NORMAL,0.2635244131088257,0.4121681749820709
2024-02-28 06:00:00,0.16032386,NORMAL,0.2635244131088257,0.4121681749820709
2024-02-28 07:00:00,0.23039185,NORMAL,0.2635244131088257,0.4121681749820709
2024-02-28 08:00:00,0.25062022,NORMAL,0.2635244131088257,0.4121681749820709
2024-02-28 09:00:00,0.1812742,NORMAL,0.2635244131088257,0.4121681749820709
2024-02-28 10:00:00,0.14684261,NORMAL,0.2635244131088257,0.4121681749820709
2024-02-28 11:00:00,0.15845977,NORMAL,0.2635244131088257,0.4121681749820709
2024-02-28 12:00:00,0.20653015,NORMAL,0.2635244131088257,0.4121681749820709
2024-02-28 13:00:00,0.22144073,NORMAL,0.2635244131088257,0.4121681749820709
2024-02-28 14:00:00,0.20558912,NORMAL,0.2635244131088257,0.4121681749820709
2024-02-28 15:00:00,0.19131632,NORMAL,0.2635244131088257,0.4121681749820709
2024-02-28 16:00:00,0.19011833,NORMAL,0.2635244131088257,0.4121681749820709
2024-02-28 17:00:00,0.18462192,NORMAL,0.2635244131088257,0.4121681749820709
2024-02-28 18:00:00,0.17818971,NORMAL,0.2635244131088257,0.4121681749820709
2024-02-28 19:00:00,0.1784339,NORMAL,0.2635244131088257,0.4121681749820709
2024-02-28 20:00:00,0.17820859,NORMAL,0.2635244131088257,0.4121681749820709
2024-02-28 21:00:00,0.17379239,NORMAL,0.2635244131088257,0.4121681749820709
2024-02-28 22:00:00,0.16692598,NORMAL,0.2635244131088257,0.4121681749820709
2024-02-28 23:00:00,0.16414744,NORMAL,0.2635244131088257,0.4121681749820709
2024-02-29 00:00:00,0.1588375,NORMAL,0.2635244131088257,0.4121681749820709
2024-02-29 01:00:00,0.1504901,NORMAL,0.2635244131088257,0.4121681749820709
2024-02-29 02:00:00,0.14465936,NORMAL,0.2635244131088257,0.4121681749820709
2024-02-29 03:00:00,0.14449249,NORMAL,0.2635244131088257,0.4121681749820709
2024-02-29 04:00:00,0.13989152,NORMAL,0.2635244131088257,0.4121681749820709
2024-02-29 05:00:00,0.13589852,NORMAL,0.2635244131088257,0.4121681749820709
2024-02-29 06:00:00,0.1298851,NORMAL,0.2635244131088257,0.4121681749820709
2024-02-29 07:00:00,0.12846966,NORMAL,0.2635244131088257,0.4121681749820709
2024-02-29 08:00:00,0.12934399,NORMAL,0.2635244131088257,0.4121681749820709
2024-02-29 09:00:00,0.12432846,NORMAL,0.2635244131088257,0.4121681749820709
2024-02-29 10:00:00,0.10886146,NORMAL,0.2635244131088257,0.4121681749820709
2024-02-29 11:00:00,0.090112485,NORMAL,0.2635244131088257,0.4121681749820709
2024-02-29 12:00:00,0.13941744,NORMAL,0.2635244131088257,0.4121681749820709
2024-02-29 13:00:00,0.16098046,NORMAL,0.2635244131088257,0.4121681749820709
2024-02-29 14:00:00,0.15386544,NORMAL,0.2635244131088257,0.4121681749820709
2024-02-29 15:00:00,0.14778504,NORMAL,0.2635244131088257,0.4121681749820709
2024-02-29 16:00:00,0.15738772,NORMAL,0.2635244131088257,0.4121681749820709
2024-02-29 17:00:00,0.1649887,NORMAL,0.2635244131088257,0.4121681749820709
2024-02-29 18:00:00,0.1723457,NORMAL,0.2635244131088257,0.4121681749820709
2024-02-29 19:00:00,0.18293315,NORMAL,0.2635244131088257,0.4121681749820709
2024-02-29 20:00:00,0.18954076,NORMAL,0.2635244131088257,0.4121681749820709
2024-02-29 21:00:00,0.19770354,NORMAL,0.2635244131088257,0.4121681749820709
2024-02-29 22:00:00,0.18605116,NORMAL,0.2635244131088257,0.4121681749820709
2024-02-29 23:00:00,0.1603534,NORMAL,0.2635244131088257,0.4121681749820709
2024-03-01 00:00:00,0.13290559,NORMAL,0.2635244131088257,0.4121681749820709
2024-03-01 01:00:00,0.1083023,NORMAL,0.2635244131088257,0.4121681749820709
2024-03-01 02:00:00,0.10482885,NORMAL,0.2635244131088257,0.4121681749820709
2024-03-01 03:00:00,0.11982139,NORMAL,0.2635244131088257,0.4121681749820709
2024-03-01 04:00:00,0.13573368,NORMAL,0.2635244131088257,0.4121681749820709
2024-03-01 05:00:00,0.1404857,NORMAL,0.2635244131088257,0.4121681749820709
2024-03-01 06:00:00,0.13072437,NORMAL,0.2635244131088257,0.4121681749820709
2024-03-01 07:00:00,0.14095697,NORMAL,0.2635244131088257,0.4121681749820709
2024-03-01 08:00:00,0.1479165,NORMAL,0.2635244131088257,0.4121681749820709
2024-03-01 09:00:00,0.14523867,NORMAL,0.2635244131088257,0.4121681749820709
2024-03-01 10:00:00,0.12286711,NORMAL,0.2635244131088257,0.4121681749820709
2024-03-01 11:00:00,0.10009257,NORMAL,0.2635244131088257,0.4121681749820709
2024-03-01 12:00:00,0.14420547,NORMAL,0.2635244131088257,0.4121681749820709
2024-03-01 13:00:00,0.15380463,NORMAL,0.2635244131088257,0.4121681749820709
2024-03-01 14:00:00,0.14505082,NORMAL,0.2635244131088257,0.4121681749820709
2024-03-01 15:00:00,0.1434444,NORMAL,0.2635244131088257,0.4121681749820709
2024-03-01 16:00:00,0.15417986,NORMAL,0.2635244131088257,0.4121681749820709
2024-03-01 17:00:00,0.1631057,NORMAL,0.2635244131088257,0.4121681749820709
2024-03-01 18:00:00,0.16930062,NORMAL,0.2635244131088257,0.4121681749820709
2024-03-01 19:00:00,0.17708617,NORMAL,0.2635244131088257,0.4121681749820709
2024-03-01 20:00:00,0.18183555,NORMAL,0.2635244131088257,0.4121681749820709
2024-03-01 21:00:00,0.186114,NORMAL,0.2635244131088257,0.4121681749820709
2024-03-01 22:00:00,0.17941615,NORMAL,0.2635244131088257,0.4121681749820709
2024-03-01 23:00:00,0.16224639,NORMAL,0.2635244131088257,0.4121681749820709
2024-03-02 00:00:00,0.1471671,NORMAL,0.2635244131088257,0.4121681749820709
2024-03-02 01:00:00,0.13850482,NORMAL,0.2635244131088257,0.4121681749820709
2024-03-02 02:00:00,0.14660826,NORMAL,0.2635244131088257,0.4121681749820709
2024-03-02 03:00:00,0.16658433,NORMAL,0.2635244131088257,0.4121681749820709
2024-03-02 04:00:00,0.19435151,NORMAL,0.2635244131088257,0.4121681749820709
2024-03-02 05:00:00,0.24403599,NORMAL,0.2635244131088257,0.4121681749820709
2024-03-02 06:00:00,0.22241169,NORMAL,0.2635244131088257,0.4121681749820709
2024-03-02 07:00:00,0.19365507,NORMAL,0.2635244131088257,0.4121681749820709
2024-03-02 08:00:00,0.19088127,NORMAL,0.2635244131088257,0.4121681749820709
2024-03-02 09:00:00,0.19274169,NORMAL,0.2635244131088257,0.4121681749820709
2024-03-02 10:00:00,0.18203211,NORMAL,0.2635244131088257,0.4121681749820709
2024-03-02 11:00:00,0.16699553,NORMAL,0.2635244131088257,0.4121681749820709
2024-03-02 12:00:00,0.16776681,NORMAL,0.2635244131088257,0.4121681749820709
2024-03-02 13:00:00,0.17701419,NORMAL,0.2635244131088257,0.4121681749820709
2024-03-02 14:00:00,0.1897498,NORMAL,0.2635244131088257,0.4121681749820709
2024-03-02 15:00:00,0.2002742,NORMAL,0.2635244131088257,0.4121681749820709
2024-03-02 16:00:00,0.21569097,NORMAL,0.2635244131088257,0.4121681749820709
2024-03-02 17:00:00,0.23061599,NORMAL,0.2635244131088257,0.4121681749820709
2024-03-02 18:00:00,0.24366681,NORMAL,0.2635244131088257,0.4121681749820709
2024-03-02 19:00:00,0.2489546,NORMAL,0.2635244131088257,0.4121681749820709
2024-03-02 20:00:00,0.23545872,NORMAL,0.2635244131088257,0.4121681749820709
2024-03-02 21:00:00,0.21251991,NORMAL,0.2635244131088257,0.4121681749820709
2024-03-02 22:00:00,0.1947802,NORMAL,0.2635244131088257,0.4121681749820709
2024-03-02 23:00:00,0.18432246,NORMAL,0.2635244131088257,0.4121681749820709
2024-03-03 00:00:00,0.17850858,NORMAL,0.2635244131088257,0.4121681749820709
2024-03-03 01:00:00,0.19651183,NORMAL,0.2635244131088257,0.4121681749820709
2024-03-03 02:00:00,0.20412518,NORMAL,0.2635244131088257,0.4121681749820709
2024-03-03 03:00:00,0.20543516,NORMAL,0.2635244131088257,0.4121681749820709
2024-03-03 04:00:00,0.20703441,NORMAL,0.2635244131088257,0.4121681749820709
2024-03-03 05:00:00,0.204882,NORMAL,0.2635244131088257,0.4121681749820709
2024-03-03 06:00:00,0.19970107,NORMAL,0.2635244131088257,0.4121681749820709
2024-03-03 07:00:00,0.1902431,NORMAL,0.2635244131088257,0.4121681749820709
2024-03-03 08:00:00,0.1799268,NORMAL,0.2635244131088257,0.4121681749820709
2024-03-03 09:00:00,0.17408627,NORMAL,0.2635244131088257,0.4121681749820709
2024-03-03 10:00:00,0.16884845,NORMAL,0.2635244131088257,0.4121681749820709
2024-03-03 11:00:00,0.16661757,NORMAL,0.2635244131088257,0.4121681749820709
2024-03-03 12:00:00,0.165261,NORMAL,0.2635244131088257,0.4121681749820709
2024-03-03 13:00:00,0.1658693,NORMAL,0.2635244131088257,0.4121681749820709
2024-03-03 14:00:00,0.16964316,NORMAL,0.2635244131088257,0.4121681749820709
2024-03-03 15:00:00,0.17590334,NORMAL,0.2635244131088257,0.4121681749820709
2024-03-03 16:00:00,0.21954244,NORMAL,0.2635244131088257,0.4121681749820709
2024-03-03 17:00:00,0.25187033,NORMAL,0.2635244131088257,0.4121681749820709
2024-03-03 18:00:00,0.2715444,WARNING,0.2635244131088257,0.4121681749820709
2024-03-03 19:00:00,0.27893376,WARNING,0.2635244131088257,0.4121681749820709
2024-03-03 20:00:00,0.28732026,WARNING,0.2635244131088257,0.4121681749820709
2024-03-03 21:00:00,0.29664686,WARNING,0.2635244131088257,0.4121681749820709
2024-03-03 22:00:00,0.3026885,WARNING,0.2635244131088257,0.4121681749820709
2024-03-03 23:00:00,0.30903524,WARNING,0.2635244131088257,0.4121681749820709
2024-03-04 00:00:00,0.29331428,WARNING,0.2635244131088257,0.4121681749820709
2024-03-04 01:00:00,0.283484,WARNING,0.2635244131088257,0.4121681749820709
2024-03-04 02:00:00,0.28819552,WARNING,0.2635244131088257,0.4121681749820709
2024-03-04 03:00:00,0.2943827,WARNING,0.2635244131088257,0.4121681749820709
2024-03-04 04:00:00,0.31648147,WARNING,0.2635244131088257,0.4121681749820709
2024-03-04 05:00:00,0.3111581,WARNING,0.2635244131088257,0.4121681749820709
2024-03-04 06:00:00,0.3005188,WARNING,0.2635244131088257,0.4121681749820709
2024-03-04 07:00:00,0.2881749,WARNING,0.2635244131088257,0.4121681749820709
2024-03-04 08:00:00,0.27818626,WARNING,0.2635244131088257,0.4121681749820709
2024-03-04 09:00:00,0.27216518,WARNING,0.2635244131088257,0.4121681749820709
2024-03-04 10:00:00,0.2703847,WARNING,0.2635244131088257,0.4121681749820709
2024-03-04 11:00:00,0.2761005,WARNING,0.2635244131088257,0.4121681749820709
2024-03-04 12:00:00,0.28545752,WARNING,0.2635244131088257,0.4121681749820709
2024-03-04 13:00:00,0.29454386,WARNING,0.2635244131088257,0.4121681749820709
2024-03-04 14:00:00,0.29654735,WARNING,0.2635244131088257,0.4121681749820709
2024-03-04 15:00:00,0.30303928,WARNING,0.2635244131088257,0.4121681749820709
2024-03-04 16:00:00,0.29533732,WARNING,0.2635244131088257,0.4121681749820709
2024-03-04 17:00:00,0.28752485,WARNING,0.2635244131088257,0.4121681749820709
2024-03-04 18:00:00,0.29320067,WARNING,0.2635244131088257,0.4121681749820709
2024-03-04 19:00:00,0.3055721,WARNING,0.2635244131088257,0.4121681749820709
2024-03-04 20:00:00,0.29665723,WARNING,0.2635244131088257,0.4121681749820709
2024-03-04 21:00:00,0.28302705,WARNING,0.2635244131088257,0.4121681749820709
2024-03-04 22:00:00,0.25043434,NORMAL,0.2635244131088257,0.4121681749820709
2024-03-04 23:00:00,0.23433426,NORMAL,0.2635244131088257,0.4121681749820709
2024-03-05 00:00:00,0.2550632,NORMAL,0.2635244131088257,0.4121681749820709
2024-03-05 01:00:00,0.2647413,WARNING,0.2635244131088257,0.4121681749820709
2024-03-05 02:00:00,0.2776818,WARNING,0.2635244131088257,0.4121681749820709
2024-03-05 03:00:00,0.29777664,WARNING,0.2635244131088257,0.4121681749820709
2024-03-05 04:00:00,0.30168054,WARNING,0.2635244131088257,0.4121681749820709
2024-03-05 05:00:00,0.30334988,WARNING,0.2635244131088257,0.4121681749820709
2024-03-05 06:00:00,0.3035767,WARNING,0.2635244131088257,0.4121681749820709
2024-03-05 07:00:00,0.2953278,WARNING,0.2635244131088257,0.4121681749820709
2024-03-05 08:00:00,0.28678113,WARNING,0.2635244131088257,0.4121681749820709
2024-03-05 09:00:00,0.27653205,WARNING,0.2635244131088257,0.4121681749820709
2024-03-05 10:00:00,0.27064386,WARNING,0.2635244131088257,0.4121681749820709
2024-03-05 11:00:00,0.26996884,WARNING,0.2635244131088257,0.4121681749820709
2024-03-05 12:00:00,0.2712203,WARNING,0.2635244131088257,0.4121681749820709
2024-03-05 13:00:00,0.27407745,WARNING,0.2635244131088257,0.4121681749820709
2024-03-05 14:00:00,0.28364187,WARNING,0.2635244131088257,0.4121681749820709
2024-03-05 15:00:00,0.29956573,WARNING,0.2635244131088257,0.4121681749820709
2024-03-05 16:00:00,0.30853721,WARNING,0.2635244131088257,0.4121681749820709
2024-03-05 17:00:00,0.29308087,WARNING,0.2635244131088257,0.4121681749820709
2024-03-05 18:00:00,0.28178555,WARNING,0.2635244131088257,0.4121681749820709
2024-03-05 19:00:00,0.2693311,WARNING,0.2635244131088257,0.4121681749820709
2024-03-05 20:00:00,0.2572662,NORMAL,0.2635244131088257,0.4121681749820709
2024-03-05 21:00:00,0.24606448,NORMAL,0.2635244131088257,0.4121681749820709
2024-03-05 22:00:00,0.23291704,NORMAL,0.2635244131088257,0.4121681749820709
2024-03-05 23:00:00,0.21140671,NORMAL,0.2635244131088257,0.4121681749820709
2024-03-06 00:00:00,0.18655238,NORMAL,0.2635244131088257,0.4121681749820709
2024-03-06 01:00:00,0.15610068,NORMAL,0.2635244131088257,0.4121681749820709
2024-03-06 02:00:00,0.13342828,NORMAL,0.2635244131088257,0.4121681749820709
2024-03-06 03:00:00,0.09248306,NORMAL,0.2635244131088257,0.4121681749820709
2024-03-06 04:00:00,0.07685623,NORMAL,0.2635244131088257,0.4121681749820709
2024-03-06 05:00:00,0.071003415,NORMAL,0.2635244131088257,0.4121681749820709
2024-03-06 06:00:00,0.07036343,NORMAL,0.2635244131088257,0.4121681749820709
2024-03-06 07:00:00,0.065758005,NORMAL,0.2635244131088257,0.4121681749820709
2024-03-06 08:00:00,0.059832826,NORMAL,0.2635244131088257,0.4121681749820709
2024-03-06 09:00:00,0.06351327,NORMAL,0.2635244131088257,0.4121681749820709
2024-03-06 10:00:00,0.070665345,NORMAL,0.2635244131088257,0.4121681749820709
2024-03-06 11:00:00,0.07215529,NORMAL,0.2635244131088257,0.4121681749820709
2024-03-06 12:00:00,0.07651365,NORMAL,0.2635244131088257,0.4121681749820709
2024-03-06 13:00:00,0.08020441,NORMAL,0.2635244131088257,0.4121681749820709
2024-03-06 14:00:00,0.07452913,NORMAL,0.2635244131088257,0.4121681749820709
2024-03-06 15:00:00,0.067916,NORMAL,0.2635244131088257,0.4121681749820709
2024-03-06 16:00:00,0.06661383,NORMAL,0.2635244131088257,0.4121681749820709
2024-03-06 17:00:00,0.067482896,NORMAL,0.2635244131088257,0.4121681749820709
2024-03-06 18:00:00,0.06823468,NORMAL,0.2635244131088257,0.4121681749820709
2024-03-06 19:00:00,0.06913939,NORMAL,0.2635244131088257,0.4121681749820709
2024-03-06 20:00:00,0.070822805,NORMAL,0.2635244131088257,0.4121681749820709
2024-03-06 21:00:00,0.07188593,NORMAL,0.2635244131088257,0.4121681749820709
2024-03-06 22:00:00,0.069205314,NORMAL,0.2635244131088257,0.4121681749820709
2024-03-06 23:00:00,0.06624129,NORMAL,0.2635244131088257,0.4121681749820709
2024-03-07 00:00:00,0.07153115,NORMAL,0.2635244131088257,0.4121681749820709
2024-03-07 01:00:00,0.09524076,NORMAL,0.2635244131088257,0.4121681749820709
2024-03-07 02:00:00,0.105654426,NORMAL,0.2635244131088257,0.4121681749820709
2024-03-07 03:00:00,0.089340344,NORMAL,0.2635244131088257,0.4121681749820709
2024-03-07 04:00:00,0.0719309,NORMAL,0.2635244131088257,0.4121681749820709
2024-03-07 05:00:00,0.062367253,NORMAL,0.2635244131088257,0.4121681749820709
2024-03-07 06:00:00,0.063585676,NORMAL,0.2635244131088257,0.4121681749820709
2024-03-07 07:00:00,0.06440924,NORMAL,0.2635244131088257,0.4121681749820709
2024-03-07 08:00:00,0.062220328,NORMAL,0.2635244131088257,0.4121681749820709
2024-03-07 09:00:00,0.062335294,NORMAL,0.2635244131088257,0.4121681749820709
2024-03-07 10:00:00,0.06014808,NORMAL,0.2635244131088257,0.4121681749820709
2024-03-07 11:00:00,0.054518588,NORMAL,0.2635244131088257,0.4121681749820709
2024-03-07 12:00:00,0.054823216,NORMAL,0.2635244131088257,0.4121681749820709
2024-03-07 13:00:00,0.058005333,NORMAL,0.2635244131088257,0.4121681749820709
2024-03-07 14:00:00,0.058058005,NORMAL,0.2635244131088257,0.4121681749820709
2024-03-07 15:00:00,0.05690052,NORMAL,0.2635244131088257,0.4121681749820709
2024-03-07 16:00:00,0.058475785,NORMAL,0.2635244131088257,0.4121681749820709
2024-03-07 17:00:00,0.062408354,NORMAL,0.2635244131088257,0.4121681749820709
2024-03-07 18:00:00,0.06678883,NORMAL,0.2635244131088257,0.4121681749820709
2024-03-07 19:00:00,0.073154636,NORMAL,0.2635244131088257,0.4121681749820709
2024-03-07 20:00:00,0.081109494,NORMAL,0.2635244131088257,0.4121681749820709
2024-03-07 21:00:00,0.08502807,NORMAL,0.2635244131088257,0.4121681749820709
2024-03-07 22:00:00,0.08025437,NORMAL,0.2635244131088257,0.4121681749820709
2024-03-07 23:00:00,0.07367238,NORMAL,0.2635244131088257,0.4121681749820709
2024-03-08 00:00:00,0.075327694,NORMAL,0.2635244131088257,0.4121681749820709
2024-03-08 01:00:00,0.09387834,NORMAL,0.2635244131088257,0.4121681749820709
2024-03-08 02:00:00,0.102868706,NORMAL,0.2635244131088257,0.4121681749820709
2024-03-08 03:00:00,0.085656285,NORMAL,0.2635244131088257,0.4121681749820709
2024-03-08 04:00:00,0.0692169,NORMAL,0.2635244131088257,0.4121681749820709
2024-03-08 05:00:00,0.063743845,NORMAL,0.2635244131088257,0.4121681749820709
2024-03-08 06:00:00,0.06932089,NORMAL,0.2635244131088257,0.4121681749820709
2024-03-08 07:00:00,0.07185228,NORMAL,0.2635244131088257,0.4121681749820709
2024-03-08 08:00:00,0.073557526,NORMAL,0.2635244131088257,0.4121681749820709
2024-03-08 09:00:00,0.07845545,NORMAL,0.2635244131088257,0.4121681749820709
2024-03-08 10:00:00,0.078081705,NORMAL,0.2635244131088257,0.4121681749820709
2024-03-08 11:00:00,0.07471105,NORMAL,0.2635244131088257,0.4121681749820709
2024-03-08 12:00:00,0.078944765,NORMAL,0.2635244131088257,0.4121681749820709
2024-03-08 13:00:00,0.08306023,NORMAL,0.2635244131088257,0.4121681749820709
2024-03-08 14:00:00,0.077135816,NORMAL,0.2635244131088257,0.4121681749820709
2024-03-08 15:00:00,0.07184717,NORMAL,0.2635244131088257,0.4121681749820709
2024-03-08 16:00:00,0.07429786,NORMAL,0.2635244131088257,0.4121681749820709
2024-03-08 17:00:00,0.07858108,NORMAL,0.2635244131088257,0.4121681749820709
2024-03-08 18:00:00,0.08276371,NORMAL,0.2635244131088257,0.4121681749820709
2024-03-08 19:00:00,0.08719513,NORMAL,0.2635244131088257,0.4121681749820709
2024-03-08 20:00:00,0.09134345,NORMAL,0.2635244131088257,0.4121681749820709
2024-03-08 21:00:00,0.09485856,NORMAL,0.2635244131088257,0.4121681749820709
2024-03-08 22:00:00,0.09123829,NORMAL,0.2635244131088257,0.4121681749820709
2024-03-08 23:00:00,0.08540119,NORMAL,0.2635244131088257,0.4121681749820709
2024-03-09 00:00:00,0.0884213,NORMAL,0.2635244131088257,0.4121681749820709
2024-03-09 01:00:00,0.1701121,NORMAL,0.2635244131088257,0.4121681749820709
2024-03-09 02:00:00,0.2088164,NORMAL,0.2635244131088257,0.4121681749820709
2024-03-09 03:00:00,0.233866,NORMAL,0.2635244131088257,0.4121681749820709
2024-03-09 04:00:00,0.23259006,NORMAL,0.2635244131088257,0.4121681749820709
2024-03-09 05:00:00,0.24316448,NORMAL,0.2635244131088257,0.4121681749820709
2024-03-09 06:00:00,0.25111035,NORMAL,0.2635244131088257,0.4121681749820709
2024-03-09 07:00:00,0.24232991,NORMAL,0.2635244131088257,0.4121681749820709
2024-03-09 08:00:00,0.23241942,NORMAL,0.2635244131088257,0.4121681749820709
2024-03-09 09:00:00,0.22337927,NORMAL,0.2635244131088257,0.4121681749820709
2024-03-09 10:00:00,0.21292974,NORMAL,0.2635244131088257,0.4121681749820709
2024-03-09 11:00:00,0.20773156,NORMAL,0.2635244131088257,0.4121681749820709
2024-03-09 12:00:00,0.20787317,NORMAL,0.2635244131088257,0.4121681749820709
2024-03-09 13:00:00,0.21180265,NORMAL,0.2635244131088257,0.4121681749820709
2024-03-09 14:00:00,0.27470365,WARNING,0.2635244131088257,0.4121681749820709
2024-03-09 15:00:00,0.33904055,WARNING,0.2635244131088257,0.4121681749820709
2024-03-09 16:00:00,0.38864315,WARNING,0.2635244131088257,0.4121681749820709
2024-03-09 17:00:00,0.40116012,WARNING,0.2635244131088257,0.4121681749820709
2024-03-09 18:00:00,0.3970036,WARNING,0.2635244131088257,0.4121681749820709
2024-03-09 19:00:00,0.3971821,WARNING,0.2635244131088257,0.4121681749820709
2024-03-09 20:00:00,0.387187,WARNING,0.2635244131088257,0.4121681749820709
2024-03-09 21:00:00,0.36261582,WARNING,0.2635244131088257,0.4121681749820709
2024-03-09 22:00:00,0.33887646,WARNING,0.2635244131088257,0.4121681749820709
2024-03-09 23:00:00,0.29828966,WARNING,0.2635244131088257,0.4121681749820709
2024-03-10 00:00:00,0.23461951,NORMAL,0.2635244131088257,0.4121681749820709
2024-03-10 01:00:00,0.22077696,NORMAL,0.2635244131088257,0.4121681749820709
2024-03-10 02:00:00,0.2194856,NORMAL,0.2635244131088257,0.4121681749820709
2024-03-10 03:00:00,0.22135212,NORMAL,0.2635244131088257,0.4121681749820709
2024-03-10 04:00:00,0.19061098,NORMAL,0.2635244131088257,0.4121681749820709
2024-03-10 05:00:00,0.17932396,NORMAL,0.2635244131088257,0.4121681749820709
2024-03-10 06:00:00,0.17111117,NORMAL,0.2635244131088257,0.4121681749820709
2024-03-10 07:00:00,0.16150686,NORMAL,0.2635244131088257,0.4121681749820709
2024-03-10 08:00:00,0.14389369,NORMAL,0.2635244131088257,0.4121681749820709
2024-03-10 09:00:00,0.14181931,NORMAL,0.2635244131088257,0.4121681749820709
2024-03-10 10:00:00,0.15487513,NORMAL,0.2635244131088257,0.4121681749820709
2024-03-10 11:00:00,0.16700867,NORMAL,0.2635244131088257,0.4121681749820709
2024-03-10 12:00:00,0.1572023,NORMAL,0.2635244131088257,0.4121681749820709
2024-03-10 13:00:00,0.13797468,NORMAL,0.2635244131088257,0.4121681749820709
2024-03-10 14:00:00,0.13244213,NORMAL,0.2635244131088257,0.4121681749820709
2024-03-10 15:00:00,0.12772012,NORMAL,0.2635244131088257,0.4121681749820709
2024-03-10 16:00:00,0.13271564,NORMAL,0.2635244131088257,0.4121681749820709
2024-03-10 17:00:00,0.14405282,NORMAL,0.2635244131088257,0.4121681749820709
2024-03-10 18:00:00,0.16422004,NORMAL,0.2635244131088257,0.4121681749820709
2024-03-10 19:00:00,0.1952923,NORMAL,0.2635244131088257,0.4121681749820709
2024-03-10 20:00:00,0.22109844,NORMAL,0.2635244131088257,0.4121681749820709
2024-03-10 21:00:00,0.23373638,NORMAL,0.2635244131088257,0.4121681749820709
2024-03-10 22:00:00,0.20370077,NORMAL,0.2635244131088257,0.4121681749820709
2024-03-10 23:00:00,0.15733697,NORMAL,0.2635244131088257,0.4121681749820709
2024-03-11 00:00:00,0.13047448,NORMAL,0.2635244131088257,0.4121681749820709
2024-03-11 01:00:00,0.11821336,NORMAL,0.2635244131088257,0.4121681749820709
2024-03-11 02:00:00,0.11231783,NORMAL,0.2635244131088257,0.4121681749820709
2024-03-11 03:00:00,0.12353167,NORMAL,0.2635244131088257,0.4121681749820709
2024-03-11 04:00:00,0.15450472,NORMAL,0.2635244131088257,0.4121681749820709
2024-03-11 05:00:00,0.17483541,NORMAL,0.2635244131088257,0.4121681749820709
2024-03-11 06:00:00,0.20083326,NORMAL,0.2635244131088257,0.4121681749820709
2024-03-11 07:00:00,0.19483031,NORMAL,0.2635244131088257,0.4121681749820709
2024-03-11 08:00:00,0.20683366,NORMAL,0.2635244131088257,0.4121681749820709
2024-03-11 09:00:00,0.22172196,NORMAL,0.2635244131088257,0.4121681749820709
2024-03-11 10:00:00,0.2229575,NORMAL,0.2635244131088257,0.4121681749820709
2024-03-11 11:00:00,0.19709322,NORMAL,0.2635244131088257,0.4121681749820709
2024-03-11 12:00:00,0.15742947,NORMAL,0.2635244131088257,0.4121681749820709
2024-03-11 13:00:00,0.16414028,NORMAL,0.2635244131088257,0.4121681749820709
2024-03-11 14:00:00,0.18164165,NORMAL,0.2635244131088257,0.4121681749820709
2024-03-11 15:00:00,0.18042344,NORMAL,0.2635244131088257,0.4121681749820709
2024-03-11 16:00:00,0.18049365,NORMAL,0.2635244131088257,0.4121681749820709
2024-03-11 17:00:00,0.18716706,NORMAL,0.2635244131088257,0.4121681749820709
2024-03-11 18:00:00,0.26006562,NORMAL,0.2635244131088257,0.4121681749820709
2024-03-11 19:00:00,0.3424594,WARNING,0.2635244131088257,0.4121681749820709
2024-03-11 20:00:00,0.42229176,CRITICAL,0.2635244131088257,0.4121681749820709
2024-03-11 21:00:00,0.4844569,CRITICAL,0.2635244131088257,0.4121681749820709
2024-03-11 22:00:00,0.4656103,CRITICAL,0.2635244131088257,0.4121681749820709
2024-03-11 23:00:00,0.4144999,CRITICAL,0.2635244131088257,0.4121681749820709
2024-03-12 00:00:00,0.39493397,WARNING,0.2635244131088257,0.4121681749820709
2024-03-12 01:00:00,0.38743496,WARNING,0.2635244131088257,0.4121681749820709
2024-03-12 02:00:00,0.39295277,WARNING,0.2635244131088257,0.4121681749820709
2024-03-12 03:00:00,0.39603257,WARNING,0.2635244131088257,0.4121681749820709
2024-03-12 04:00:00,0.37433925,WARNING,0.2635244131088257,0.4121681749820709
2024-03-12 05:00:00,0.3398809,WARNING,0.2635244131088257,0.4121681749820709
2024-03-12 06:00:00,0.31478155,WARNING,0.2635244131088257,0.4121681749820709
2024-03-12 07:00:00,0.30201304,WARNING,0.2635244131088257,0.4121681749820709
2024-03-12 08:00:00,0.29129875,WARNING,0.2635244131088257,0.4121681749820709
2024-03-12 09:00:00,0.28611904,WARNING,0.2635244131088257,0.4121681749820709
2024-03-12 10:00:00,0.28407633,WARNING,0.2635244131088257,0.4121681749820709
2024-03-12 11:00:00,0.28121817,WARNING,0.2635244131088257,0.4121681749820709
2024-03-12 12:00:00,0.2721615,WARNING,0.2635244131088257,0.4121681749820709
2024-03-12 13:00:00,0.25327253,NORMAL,0.2635244131088257,0.4121681749820709
2024-03-12 14:00:00,0.22694646,NORMAL,0.2635244131088257,0.4121681749820709
2024-03-12 15:00:00,0.16577592,NORMAL,0.2635244131088257,0.4121681749820709
2024-03-12 16:00:00,0.11537094,NORMAL,0.2635244131088257,0.4121681749820709
2024-03-12 17:00:00,0.08105556,NORMAL,0.2635244131088257,0.4121681749820709
2024-03-12 18:00:00,0.08667764,NORMAL,0.2635244131088257,0.4121681749820709
2024-03-12 19:00:00,0.09224028,NORMAL,0.2635244131088257,0.4121681749820709
2024-03-12 20:00:00,0.09640983,NORMAL,0.2635244131088257,0.4121681749820709
2024-03-12 21:00:00,0.099481456,NORMAL,0.2635244131088257,0.4121681749820709
2024-03-12 22:00:00,0.09983868,NORMAL,0.2635244131088257,0.4121681749820709
2024-03-12 23:00:00,0.09668977,NORMAL,0.2635244131088257,0.4121681749820709
2024-03-13 00:00:00,0.09704761,NORMAL,0.2635244131088257,0.4121681749820709
2024-03-13 01:00:00,0.09863664,NORMAL,0.2635244131088257,0.4121681749820709
2024-03-13 02:00:00,0.10762909,NORMAL,0.2635244131088257,0.4121681749820709
2024-03-13 03:00:00,0.11993726,NORMAL,0.2635244131088257,0.4121681749820709
2024-03-13 04:00:00,0.12451296,NORMAL,0.2635244131088257,0.4121681749820709
2024-03-13 05:00:00,0.121132135,NORMAL,0.2635244131088257,0.4121681749820709
2024-03-13 06:00:00,0.11801651,NORMAL,0.2635244131088257,0.4121681749820709
2024-03-13 07:00:00,0.115375176,NORMAL,0.2635244131088257,0.4121681749820709
2024-03-13 08:00:00,0.11014548,NORMAL,0.2635244131088257,0.4121681749820709
2024-03-13 09:00:00,0.10578226,NORMAL,0.2635244131088257,0.4121681749820709
2024-03-13 10:00:00,0.09891662,NORMAL,0.2635244131088257,0.4121681749820709
2024-03-13 11:00:00,0.09597222,NORMAL,0.2635244131088257,0.4121681749820709
2024-03-13 12:00:00,0.093490645,NORMAL,0.2635244131088257,0.4121681749820709
2024-03-13 13:00:00,0.08757501,NORMAL,0.2635244131088257,0.4121681749820709
2024-03-13 14:00:00,0.08102227,NORMAL,0.2635244131088257,0.4121681749820709
2024-03-13 15:00:00,0.075513035,NORMAL,0.2635244131088257,0.4121681749820709
2024-03-13 16:00:00,0.0764831,NORMAL,0.2635244131088257,0.4121681749820709
2024-03-13 17:00:00,0.07882403,NORMAL,0.2635244131088257,0.4121681749820709
2024-03-13 18:00:00,0.08007464,NORMAL,0.2635244131088257,0.4121681749820709
2024-03-13 19:00:00,0.08186707,NORMAL,0.2635244131088257,0.4121681749820709
2024-03-13 20:00:00,0.082271844,NORMAL,0.2635244131088257,0.4121681749820709
2024-03-13 21:00:00,0.08409813,NORMAL,0.2635244131088257,0.4121681749820709
2024-03-13 22:00:00,0.07869996,NORMAL,0.2635244131088257,0.4121681749820709
2024-03-13 23:00:00,0.069663696,NORMAL,0.2635244131088257,0.4121681749820709
2024-03-14 00:00:00,0.06309888,NORMAL,0.2635244131088257,0.4121681749820709
2024-03-14 01:00:00,0.060463026,NORMAL,0.2635244131088257,0.4121681749820709
2024-03-14 02:00:00,0.07500472,NORMAL,0.2635244131088257,0.4121681749820709
2024-03-14 03:00:00,0.086719245,NORMAL,0.2635244131088257,0.4121681749820709
2024-03-14 04:00:00,0.09115288,NORMAL,0.2635244131088257,0.4121681749820709
2024-03-14 05:00:00,0.09432251,NORMAL,0.2635244131088257,0.4121681749820709
2024-03-14 06:00:00,0.10193311,NORMAL,0.2635244131088257,0.4121681749820709
2024-03-14 07:00:00,0.102481976,NORMAL,0.2635244131088257,0.4121681749820709
2024-03-14 08:00:00,0.09560663,NORMAL,0.2635244131088257,0.4121681749820709
2024-03-14 09:00:00,0.086315334,NORMAL,0.2635244131088257,0.4121681749820709
2024-03-14 10:00:00,0.07508261,NORMAL,0.2635244131088257,0.4121681749820709
2024-03-14 11:00:00,0.06856611,NORMAL,0.2635244131088257,0.4121681749820709
2024-03-14 12:00:00,0.063298024,NORMAL,0.2635244131088257,0.4121681749820709
2024-03-14 13:00:00,0.056539092,NORMAL,0.2635244131088257,0.4121681749820709
2024-03-14 14:00:00,0.051182695,NORMAL,0.2635244131088257,0.4121681749820709
2024-03-14 15:00:00,0.051431097,NORMAL,0.2635244131088257,0.4121681749820709
2024-03-14 16:00:00,0.05795104,NORMAL,0.2635244131088257,0.4121681749820709
2024-03-14 17:00:00,0.061775565,NORMAL,0.2635244131088257,0.4121681749820709
2024-03-14 18:00:00,0.05949745,NORMAL,0.2635244131088257,0.4121681749820709
2024-03-14 19:00:00,0.056105442,NORMAL,0.2635244131088257,0.4121681749820709
2024-03-14 20:00:00,0.051210657,NORMAL,0.2635244131088257,0.4121681749820709
2024-03-14 21:00:00,0.046298217,NORMAL,0.2635244131088257,0.4121681749820709
2024-03-14 22:00:00,0.039780203,NORMAL,0.2635244131088257,0.4121681749820709
2024-03-14 23:00:00,0.03687091,NORMAL,0.2635244131088257,0.4121681749820709
2024-03-15 00:00:00,0.04121266,NORMAL,0.2635244131088257,0.4121681749820709
2024-03-15 01:00:00,0.05660918,NORMAL,0.2635244131088257,0.4121681749820709
2024-03-15 02:00:00,0.076051734,NORMAL,0.2635244131088257,0.4121681749820709
2024-03-15 03:00:00,0.07644071,NORMAL,0.2635244131088257,0.4121681749820709
2024-03-15 04:00:00,0.07073751,NORMAL,0.2635244131088257,0.4121681749820709
2024-03-15 05:00:00,0.06671589,NORMAL,0.2635244131088257,0.4121681749820709
2024-03-15 06:00:00,0.07124873,NORMAL,0.2635244131088257,0.4121681749820709
2024-03-15 07:00:00,0.071755275,NORMAL,0.2635244131088257,0.4121681749820709
2024-03-15 08:00:00,0.065300874,NORMAL,0.2635244131088257,0.4121681749820709
2024-03-15 09:00:00,0.057775676,NORMAL,0.2635244131088257,0.4121681749820709
2024-03-15 10:00:00,0.04714117,NORMAL,0.2635244131088257,0.4121681749820709
2024-03-15 11:00:00,0.039643407,NORMAL,0.2635244131088257,0.4121681749820709
2024-03-15 12:00:00,0.037679713,NORMAL,0.2635244131088257,0.4121681749820709
2024-03-15 13:00:00,0.035979357,NORMAL,0.2635244131088257,0.4121681749820709
2024-03-15 14:00:00,0.03523425,NORMAL,0.2635244131088257,0.4121681749820709
2024-03-15 15:00:00,0.03699916,NORMAL,0.2635244131088257,0.4121681749820709
2024-03-15 16:00:00,0.04143091,NORMAL,0.2635244131088257,0.4121681749820709
2024-03-15 17:00:00,0.04477959,NORMAL,0.2635244131088257,0.4121681749820709
2024-03-15 18:00:00,0.04779779,NORMAL,0.2635244131088257,0.4121681749820709
2024-03-15 19:00:00,0.051690806,NORMAL,0.2635244131088257,0.4121681749820709
2024-03-15 20:00:00,0.053893175,NORMAL,0.2635244131088257,0.4121681749820709
2024-03-15 21:00:00,0.054103605,NORMAL,0.2635244131088257,0.4121681749820709
2024-03-15 22:00:00,0.052129984,NORMAL,0.2635244131088257,0.4121681749820709
2024-03-15 23:00:00,0.050865345,NORMAL,0.2635244131088257,0.4121681749820709
2024-03-16 00:00:00,0.11705107,NORMAL,0.2635244131088257,0.4121681749820709
2024-03-16 01:00:00,0.16078003,NORMAL,0.2635244131088257,0.4121681749820709
2024-03-16 02:00:00,0.1889103,NORMAL,0.2635244131088257,0.4121681749820709
2024-03-16 03:00:00,0.2113663,NORMAL,0.2635244131088257,0.4121681749820709
2024-03-16 04:00:00,0.2232169,NORMAL,0.2635244131088257,0.4121681749820709
2024-03-16 05:00:00,0.22709338,NORMAL,0.2635244131088257,0.4121681749820709
2024-03-16 06:00:00,0.2236008,NORMAL,0.2635244131088257,0.4121681749820709
2024-03-16 07:00:00,0.2111095,NORMAL,0.2635244131088257,0.4121681749820709
2024-03-16 08:00:00,0.19727485,NORMAL,0.2635244131088257,0.4121681749820709
2024-03-16 09:00:00,0.18678376,NORMAL,0.2635244131088257,0.4121681749820709
2024-03-16 10:00:00,0.18036774,NORMAL,0.2635244131088257,0.4121681749820709
2024-03-16 11:00:00,0.17787161,NORMAL,0.2635244131088257,0.4121681749820709
2024-03-16 12:00:00,0.17619646,NORMAL,0.2635244131088257,0.4121681749820709
2024-03-16 13:00:00,0.17584416,NORMAL,0.2635244131088257,0.4121681749820709
2024-03-16 14:00:00,0.18329294,NORMAL,0.2635244131088257,0.4121681749820709
2024-03-16 15:00:00,0.23741762,NORMAL,0.2635244131088257,0.4121681749820709
2024-03-16 16:00:00,0.28293478,WARNING,0.2635244131088257,0.4121681749820709
2024-03-16 17:00:00,0.30897176,WARNING,0.2635244131088257,0.4121681749820709
2024-03-16 18:00:00,0.32477278,WARNING,0.2635244131088257,0.4121681749820709
2024-03-16 19:00:00,0.33141443,WARNING,0.2635244131088257,0.4121681749820709
2024-03-16 20:00:00,0.3136189,WARNING,0.2635244131088257,0.4121681749820709
2024-03-16 21:00:00,0.27620256,WARNING,0.2635244131088257,0.4121681749820709
2024-03-16 22:00:00,0.2305699,NORMAL,0.2635244131088257,0.4121681749820709
2024-03-16 23:00:00,0.18680745,NORMAL,0.2635244131088257,0.4121681749820709
2024-03-17 00:00:00,0.17401119,NORMAL,0.2635244131088257,0.4121681749820709
2024-03-17 01:00:00,0.16076845,NORMAL,0.2635244131088257,0.4121681749820709
2024-03-17 02:00:00,0.15631968,NORMAL,0.2635244131088257,0.4121681749820709
2024-03-17 03:00:00,0.1673506,NORMAL,0.2635244131088257,0.4121681749820709
2024-03-17 04:00:00,0.1541784,NORMAL,0.2635244131088257,0.4121681749820709
2024-03-17 05:00:00,0.15685855,NORMAL,0.2635244131088257,0.4121681749820709
2024-03-17 06:00:00,0.16370675,NORMAL,0.2635244131088257,0.4121681749820709
2024-03-17 07:00:00,0.1462808,NORMAL,0.2635244131088257,0.4121681749820709
2024-03-17 08:00:00,0.13132876,NORMAL,0.2635244131088257,0.4121681749820709
2024-03-17 09:00:00,0.13127556,NORMAL,0.2635244131088257,0.4121681749820709
2024-03-17 10:00:00,0.14162304,NORMAL,0.2635244131088257,0.4121681749820709
2024-03-17 11:00:00,0.15318835,NORMAL,0.2635244131088257,0.4121681749820709
2024-03-17 12:00:00,0.152194,NORMAL,0.2635244131088257,0.4121681749820709
2024-03-17 13:00:00,0.13829204,NORMAL,0.2635244131088257,0.4121681749820709
2024-03-17 14:00:00,0.11948102,NORMAL,0.2635244131088257,0.4121681749820709
2024-03-17 15:00:00,0.117059074,NORMAL,0.2635244131088257,0.4121681749820709
2024-03-17 16:00:00,0.123738475,NORMAL,0.2635244131088257,0.4121681749820709
2024-03-17 17:00:00,0.13350792,NORMAL,0.2635244131088257,0.4121681749820709
2024-03-17 18:00:00,0.14642464,NORMAL,0.2635244131088257,0.4121681749820709
2024-03-17 19:00:00,0.16272683,NORMAL,0.2635244131088257,0.4121681749820709
2024-03-17 20:00:00,0.1695885,NORMAL,0.2635244131088257,0.4121681749820709
2024-03-17 21:00:00,0.16553026,NORMAL,0.2635244131088257,0.4121681749820709
2024-03-17 22:00:00,0.13704342,NORMAL,0.2635244131088257,0.4121681749820709
2024-03-17 23:00:00,0.11301425,NORMAL,0.2635244131088257,0.4121681749820709
2024-03-18 00:00:00,0.10218844,NORMAL,0.2635244131088257,0.4121681749820709
2024-03-18 01:00:00,0.099667326,NORMAL,0.2635244131088257,0.4121681749820709
2024-03-18 02:00:00,0.09486819,NORMAL,0.2635244131088257,0.4121681749820709
2024-03-18 03:00:00,0.094814844,NORMAL,0.2635244131088257,0.4121681749820709
2024-03-18 04:00:00,0.11187058,NORMAL,0.2635244131088257,0.4121681749820709
2024-03-18 05:00:00,0.15955704,NORMAL,0.2635244131088257,0.4121681749820709
2024-03-18 06:00:00,0.14990997,NORMAL,0.2635244131088257,0.4121681749820709
2024-03-18 07:00:00,0.13306275,NORMAL,0.2635244131088257,0.4121681749820709
2024-03-18 08:00:00,0.13181788,NORMAL,0.2635244131088257,0.4121681749820709
2024-03-18 09:00:00,0.14662208,NORMAL,0.2635244131088257,0.4121681749820709
2024-03-18 10:00:00,0.16867384,NORMAL,0.2635244131088257,0.4121681749820709
2024-03-18 11:00:00,0.17691217,NORMAL,0.2635244131088257,0.4121681749820709
2024-03-18 12:00:00,0.16515432,NORMAL,0.2635244131088257,0.4121681749820709
2024-03-18 13:00:00,0.14951012,NORMAL,0.2635244131088257,0.4121681749820709
2024-03-18 14:00:00,0.16896948,NORMAL,0.2635244131088257,0.4121681749820709
2024-03-18 15:00:00,0.17424688,NORMAL,0.2635244131088257,0.4121681749820709
2024-03-18 16:00:00,0.18133183,NORMAL,0.2635244131088257,0.4121681749820709
2024-03-18 17:00:00,0.19136332,NORMAL,0.2635244131088257,0.4121681749820709
2024-03-18 18:00:00,0.2006215,NORMAL,0.2635244131088257,0.4121681749820709
2024-03-18 19:00:00,0.21117625,NORMAL,0.2635244131088257,0.4121681749820709
2024-03-18 20:00:00,0.21326564,NORMAL,0.2635244131088257,0.4121681749820709
2024-03-18 21:00:00,0.2090041,NORMAL,0.2635244131088257,0.4121681749820709
2024-03-18 22:00:00,0.19323124,NORMAL,0.2635244131088257,0.4121681749820709
2024-03-18 23:00:00,0.18308705,NORMAL,0.2635244131088257,0.4121681749820709
2024-03-19 00:00:00,0.17576014,NORMAL,0.2635244131088257,0.4121681749820709
2024-03-19 01:00:00,0.16889654,NORMAL,0.2635244131088257,0.4121681749820709
2024-03-19 02:00:00,0.16366693,NORMAL,0.2635244131088257,0.4121681749820709
2024-03-19 03:00:00,0.16835813,NORMAL,0.2635244131088257,0.4121681749820709
2024-03-19 04:00:00,0.18471274,NORMAL,0.2635244131088257,0.4121681749820709
2024-03-19 05:00:00,0.18131202,NORMAL,0.2635244131088257,0.4121681749820709
2024-03-19 06:00:00,0.18125334,NORMAL,0.2635244131088257,0.4121681749820709
2024-03-19 07:00:00,0.19395189,NORMAL,0.2635244131088257,0.4121681749820709
2024-03-19 08:00:00,0.18478793,NORMAL,0.2635244131088257,0.4121681749820709
2024-03-19 09:00:00,0.17103432,NORMAL,0.2635244131088257,0.4121681749820709
2024-03-19 10:00:00,0.1744116,NORMAL,0.2635244131088257,0.4121681749820709
2024-03-19 11:00:00,0.18309243,NORMAL,0.2635244131088257,0.4121681749820709
2024-03-19 12:00:00,0.2477776,NORMAL,0.2635244131088257,0.4121681749820709
2024-03-19 13:00:00,0.22309923,NORMAL,0.2635244131088257,0.4121681749820709
2024-03-19 14:00:00,0.14597188,NORMAL,0.2635244131088257,0.4121681749820709
2024-03-19 15:00:00,0.1457368,NORMAL,0.2635244131088257,0.4121681749820709
2024-03-19 16:00:00,0.15928632,NORMAL,0.2635244131088257,0.4121681749820709
2024-03-19 17:00:00,0.17348765,NORMAL,0.2635244131088257,0.4121681749820709
2024-03-19 18:00:00,0.1905747,NORMAL,0.2635244131088257,0.4121681749820709
2024-03-19 19:00:00,0.20927538,NORMAL,0.2635244131088257,0.4121681749820709
2024-03-19 20:00:00,0.20760025,NORMAL,0.2635244131088257,0.4121681749820709
2024-03-19 21:00:00,0.18892689,NORMAL,0.2635244131088257,0.4121681749820709
2024-03-19 22:00:00,0.15355855,NORMAL,0.2635244131088257,0.4121681749820709
2024-03-19 23:00:00,0.13014036,NORMAL,0.2635244131088257,0.4121681749820709
2024-03-20 00:00:00,0.122435465,NORMAL,0.2635244131088257,0.4121681749820709
2024-03-20 01:00:00,0.12315379,NORMAL,0.2635244131088257,0.4121681749820709
2024-03-20 02:00:00,0.12302983,NORMAL,0.2635244131088257,0.4121681749820709
2024-03-20 03:00:00,0.13036236,NORMAL,0.2635244131088257,0.4121681749820709
2024-03-20 04:00:00,0.14929944,NORMAL,0.2635244131088257,0.4121681749820709
2024-03-20 05:00:00,0.15076052,NORMAL,0.2635244131088257,0.4121681749820709
2024-03-20 06:00:00,0.14084476,NORMAL,0.2635244131088257,0.4121681749820709
2024-03-20 07:00:00,0.16089457,NORMAL,0.2635244131088257,0.4121681749820709
2024-03-20 08:00:00,0.18657273,NORMAL,0.2635244131088257,0.4121681749820709
2024-03-20 09:00:00,0.1968897,NORMAL,0.2635244131088257,0.4121681749820709
2024-03-20 10:00:00,0.14662698,NORMAL,0.2635244131088257,0.4121681749820709
2024-03-20 11:00:00,0.092499204,NORMAL,0.2635244131088257,0.4121681749820709
2024-03-20 12:00:00,0.090347,NORMAL,0.2635244131088257,0.4121681749820709
2024-03-20 13:00:00,0.08700517,NORMAL,0.2635244131088257,0.4121681749820709
2024-03-20 14:00:00,0.0799536,NORMAL,0.2635244131088257,0.4121681749820709
2024-03-20 15:00:00,0.07375447,NORMAL,0.2635244131088257,0.4121681749820709
2024-03-20 16:00:00,0.074856825,NORMAL,0.2635244131088257,0.4121681749820709
2024-03-20 17:00:00,0.07884236,NORMAL,0.2635244131088257,0.4121681749820709
2024-03-20 18:00:00,0.08753833,NORMAL,0.2635244131088257,0.4121681749820709
2024-03-20 19:00:00,0.09943292,NORMAL,0.2635244131088257,0.4121681749820709
2024-03-20 20:00:00,0.104475476,NORMAL,0.2635244131088257,0.4121681749820709
2024-03-20 21:00:00,0.10463856,NORMAL,0.2635244131088257,0.4121681749820709
2024-03-20 22:00:00,0.08726475,NORMAL,0.2635244131088257,0.4121681749820709
2024-03-20 23:00:00,0.06894987,NORMAL,0.2635244131088257,0.4121681749820709
2024-03-21 00:00:00,0.062333576,NORMAL,0.2635244131088257,0.4121681749820709
2024-03-21 01:00:00,0.060583726,NORMAL,0.2635244131088257,0.4121681749820709
2024-03-21 02:00:00,0.06629404,NORMAL,0.2635244131088257,0.4121681749820709
2024-03-21 03:00:00,0.08374699,NORMAL,0.2635244131088257,0.4121681749820709
2024-03-21 04:00:00,0.10737744,NORMAL,0.2635244131088257,0.4121681749820709
2024-03-21 05:00:00,0.13174708,NORMAL,0.2635244131088257,0.4121681749820709
2024-03-21 06:00:00,0.1427548,NORMAL,0.2635244131088257,0.4121681749820709
2024-03-21 07:00:00,0.13998927,NORMAL,0.2635244131088257,0.4121681749820709
2024-03-21 08:00:00,0.13391683,NORMAL,0.2635244131088257,0.4121681749820709
2024-03-21 09:00:00,0.1313789,NORMAL,0.2635244131088257,0.4121681749820709
2024-03-21 10:00:00,0.13254324,NORMAL,0.2635244131088257,0.4121681749820709
2024-03-21 11:00:00,0.13624753,NORMAL,0.2635244131088257,0.4121681749820709
2024-03-21 12:00:00,0.13780709,NORMAL,0.2635244131088257,0.4121681749820709
2024-03-21 13:00:00,0.13113005,NORMAL,0.2635244131088257,0.4121681749820709
2024-03-21 14:00:00,0.11910518,NORMAL,0.2635244131088257,0.4121681749820709
2024-03-21 15:00:00,0.10469811,NORMAL,0.2635244131088257,0.4121681749820709
2024-03-21 16:00:00,0.09389236,NORMAL,0.2635244131088257,0.4121681749820709
2024-03-21 17:00:00,0.09056902,NORMAL,0.2635244131088257,0.4121681749820709
2024-03-21 18:00:00,0.09302782,NORMAL,0.2635244131088257,0.4121681749820709
2024-03-21 19:00:00,0.09834501,NORMAL,0.2635244131088257,0.4121681749820709
2024-03-21 20:00:00,0.0984536,NORMAL,0.2635244131088257,0.4121681749820709
2024-03-21 21:00:00,0.09400353,NORMAL,0.2635244131088257,0.4121681749820709
2024-03-21 22:00:00,0.08980009,NORMAL,0.2635244131088257,0.4121681749820709
2024-03-21 23:00:00,0.090248436,NORMAL,0.2635244131088257,0.4121681749820709
2024-03-22 00:00:00,0.09274754,NORMAL,0.2635244131088257,0.4121681749820709
2024-03-22 01:00:00,0.09848089,NORMAL,0.2635244131088257,0.4121681749820709
2024-03-22 02:00:00,0.10390041,NORMAL,0.2635244131088257,0.4121681749820709
2024-03-22 03:00:00,0.115818344,NORMAL,0.2635244131088257,0.4121681749820709
2024-03-22 04:00:00,0.13416849,NORMAL,0.2635244131088257,0.4121681749820709
2024-03-22 05:00:00,0.1529866,NORMAL,0.2635244131088257,0.4121681749820709
2024-03-22 06:00:00,0.22114298,NORMAL,0.2635244131088257,0.4121681749820709
2024-03-22 07:00:00,0.25521514,NORMAL,0.2635244131088257,0.4121681749820709
2024-03-22 08:00:00,0.2697293,WARNING,0.2635244131088257,0.4121681749820709
2024-03-22 09:00:00,0.23889865,NORMAL,0.2635244131088257,0.4121681749820709
2024-03-22 10:00:00,0.17665786,NORMAL,0.2635244131088257,0.4121681749820709
2024-03-22 11:00:00,0.15214215,NORMAL,0.2635244131088257,0.4121681749820709
2024-03-22 12:00:00,0.15817074,NORMAL,0.2635244131088257,0.4121681749820709
2024-03-22 13:00:00,0.18791407,NORMAL,0.2635244131088257,0.4121681749820709
2024-03-22 14:00:00,0.19012147,NORMAL,0.2635244131088257,0.4121681749820709
2024-03-22 15:00:00,0.18683913,NORMAL,0.2635244131088257,0.4121681749820709
2024-03-22 16:00:00,0.19019364,NORMAL,0.2635244131088257,0.4121681749820709
2024-03-22 17:00:00,0.19104658,NORMAL,0.2635244131088257,0.4121681749820709
2024-03-22 18:00:00,0.20059484,NORMAL,0.2635244131088257,0.4121681749820709
2024-03-22 19:00:00,0.21565379,NORMAL,0.2635244131088257,0.4121681749820709
2024-03-22 20:00:00,0.21934733,NORMAL,0.2635244131088257,0.4121681749820709
2024-03-22 21:00:00,0.21228254,NORMAL,0.2635244131088257,0.4121681749820709
2024-03-22 22:00:00,0.18758526,NORMAL,0.2635244131088257,0.4121681749820709
2024-03-22 23:00:00,0.16089962,NORMAL,0.2635244131088257,0.4121681749820709
2024-03-23 00:00:00,0.14143032,NORMAL,0.2635244131088257,0.4121681749820709
2024-03-23 01:00:00,0.13510601,NORMAL,0.2635244131088257,0.4121681749820709
2024-03-23 02:00:00,0.13360447,NORMAL,0.2635244131088257,0.4121681749820709
2024-03-23 03:00:00,0.14003588,NORMAL,0.2635244131088257,0.4121681749820709
2024-03-23 04:00:00,0.1468241,NORMAL,0.2635244131088257,0.4121681749820709
2024-03-23 05:00:00,0.19150314,NORMAL,0.2635244131088257,0.4121681749820709
2024-03-23 06:00:00,0.1965698,NORMAL,0.2635244131088257,0.4121681749820709
2024-03-23 07:00:00,0.18145752,NORMAL,0.2635244131088257,0.4121681749820709
2024-03-23 08:00:00,0.17363209,NORMAL,0.2635244131088257,0.4121681749820709
2024-03-23 09:00:00,0.17910096,NORMAL,0.2635244131088257,0.4121681749820709
2024-03-23 10:00:00,0.1902136,NORMAL,0.2635244131088257,0.4121681749820709
2024-03-23 11:00:00,0.2036047,NORMAL,0.2635244131088257,0.4121681749820709
2024-03-23 12:00:00,0.22194436,NORMAL,0.2635244131088257,0.4121681749820709
2024-03-23 13:00:00,0.23022614,NORMAL,0.2635244131088257,0.4121681749820709
2024-03-23 14:00:00,0.2561716,NORMAL,0.2635244131088257,0.4121681749820709
2024-03-23 15:00:00,0.25172964,NORMAL,0.2635244131088257,0.4121681749820709
2024-03-23 16:00:00,0.25724453,NORMAL,0.2635244131088257,0.4121681749820709
2024-03-23 17:00:00,0.2609166,NORMAL,0.2635244131088257,0.4121681749820709
2024-03-23 18:00:00,0.27848855,WARNING,0.2635244131088257,0.4121681749820709
2024-03-23 19:00:00,0.34427685,WARNING,0.2635244131088257,0.4121681749820709
2024-03-23 20:00:00,0.39030594,WARNING,0.2635244131088257,0.4121681749820709
2024-03-23 21:00:00,0.4054023,WARNING,0.2635244131088257,0.4121681749820709
2024-03-23 22:00:00,0.39496586,WARNING,0.2635244131088257,0.4121681749820709
2024-03-23 23:00:00,0.36553413,WARNING,0.2635244131088257,0.4121681749820709
2024-03-24 00:00:00,0.34107196,WARNING,0.2635244131088257,0.4121681749820709
2024-03-24 01:00:00,0.32365692,WARNING,0.2635244131088257,0.4121681749820709
2024-03-24 02:00:00,0.3111293,WARNING,0.2635244131088257,0.4121681749820709
2024-03-24 03:00:00,0.30673948,WARNING,0.2635244131088257,0.4121681749820709
2024-03-24 04:00:00,0.3164337,WARNING,0.2635244131088257,0.4121681749820709
2024-03-24 05:00:00,0.36542922,WARNING,0.2635244131088257,0.4121681749820709
2024-03-24 06:00:00,0.36983517,WARNING,0.2635244131088257,0.4121681749820709
2024-03-24 07:00:00,0.3469678,WARNING,0.2635244131088257,0.4121681749820709
2024-03-24 08:00:00,0.33176893,WARNING,0.2635244131088257,0.4121681749820709
2024-03-24 09:00:00,0.3355335,WARNING,0.2635244131088257,0.4121681749820709
2024-03-24 10:00:00,0.35950792,WARNING,0.2635244131088257,0.4121681749820709
2024-03-24 11:00:00,0.3873511,WARNING,0.2635244131088257,0.4121681749820709
2024-03-24 12:00:00,0.4069327,WARNING,0.2635244131088257,0.4121681749820709
2024-03-24 13:00:00,0.4596993,CRITICAL,0.2635244131088257,0.4121681749820709
2024-03-24 14:00:00,0.46214622,CRITICAL,0.2635244131088257,0.4121681749820709
2024-03-24 15:00:00,0.46812958,CRITICAL,0.2635244131088257,0.4121681749820709
2024-03-24 16:00:00,0.4935619,CRITICAL,0.2635244131088257,0.4121681749820709
2024-03-24 17:00:00,0.51442635,CRITICAL,0.2635244131088257,0.4121681749820709
2024-03-24 18:00:00,0.512532,CRITICAL,0.2635244131088257,0.4121681749820709
2024-03-24 19:00:00,0.4794898,CRITICAL,0.2635244131088257,0.4121681749820709
2024-03-24 20:00:00,0.43100834,CRITICAL,0.2635244131088257,0.4121681749820709
2024-03-24 21:00:00,0.38776797,WARNING,0.2635244131088257,0.4121681749820709
2024-03-24 22:00:00,0.367713,WARNING,0.2635244131088257,0.4121681749820709
2024-03-24 23:00:00,0.3378249,WARNING,0.2635244131088257,0.4121681749820709
2024-03-25 00:00:00,0.31010062,WARNING,0.2635244131088257,0.4121681749820709
2024-03-25 01:00:00,0.2869244,WARNING,0.2635244131088257,0.4121681749820709
2024-03-25 02:00:00,0.25778133,NORMAL,0.2635244131088257,0.4121681749820709
2024-03-25 03:00:00,0.22365206,NORMAL,0.2635244131088257,0.4121681749820709
2024-03-25 04:00:00,0.20394951,NORMAL,0.2635244131088257,0.4121681749820709
2024-03-25 05:00:00,0.18834734,NORMAL,0.2635244131088257,0.4121681749820709
2024-03-25 06:00:00,0.20277435,NORMAL,0.2635244131088257,0.4121681749820709
2024-03-25 07:00:00,0.24492973,NORMAL,0.2635244131088257,0.4121681749820709
2024-03-25 08:00:00,0.2651342,WARNING,0.2635244131088257,0.4121681749820709
2024-03-25 09:00:00,0.27722564,WARNING,0.2635244131088257,0.4121681749820709
2024-03-25 10:00:00,0.27850002,WARNING,0.2635244131088257,0.4121681749820709
2024-03-25 11:00:00,0.27116933,WARNING,0.2635244131088257,0.4121681749820709
2024-03-25 12:00:00,0.25960782,NORMAL,0.2635244131088257,0.4121681749820709
2024-03-25 13:00:00,0.25428534,NORMAL,0.2635244131088257,0.4121681749820709
2024-03-25 14:00:00,0.2564572,NORMAL,0.2635244131088257,0.4121681749820709
2024-03-25 15:00:00,0.2607778,NORMAL,0.2635244131088257,0.4121681749820709
2024-03-25 16:00:00,0.26751918,WARNING,0.2635244131088257,0.4121681749820709
2024-03-25 17:00:00,0.28220442,WARNING,0.2635244131088257,0.4121681749820709
2024-03-25 18:00:00,0.3587073,WARNING,0.2635244131088257,0.4121681749820709
2024-03-25 19:00:00,0.42863894,CRITICAL,0.2635244131088257,0.4121681749820709
2024-03-25 20:00:00,0.4693023,CRITICAL,0.2635244131088257,0.4121681749820709
2024-03-25 21:00:00,0.48166168,CRITICAL,0.2635244131088257,0.4121681749820709
2024-03-25 22:00:00,0.462814,CRITICAL,0.2635244131088257,0.4121681749820709
2024-03-25 23:00:00,0.43247753,CRITICAL,0.2635244131088257,0.4121681749820709
2024-03-26 00:00:00,0.4164892,CRITICAL,0.2635244131088257,0.4121681749820709
2024-03-26 01:00:00,0.4048229,WARNING,0.2635244131088257,0.4121681749820709
2024-03-26 02:00:00,0.40223837,WARNING,0.2635244131088257,0.4121681749820709
2024-03-26 03:00:00,0.41955096,CRITICAL,0.2635244131088257,0.4121681749820709
2024-03-26 04:00:00,0.50086,CRITICAL,0.2635244131088257,0.4121681749820709
2024-03-26 05:00:00,0.5105262,CRITICAL,0.2635244131088257,0.4121681749820709
2024-03-26 06:00:00,0.48710844,CRITICAL,0.2635244131088257,0.4121681749820709
2024-03-26 07:00:00,0.47925887,CRITICAL,0.2635244131088257,0.4121681749820709
2024-03-26 08:00:00,0.47627428,CRITICAL,0.2635244131088257,0.4121681749820709
2024-03-26 09:00:00,0.4806199,CRITICAL,0.2635244131088257,0.4121681749820709
2024-03-26 10:00:00,0.48924053,CRITICAL,0.2635244131088257,0.4121681749820709
2024-03-26 11:00:00,0.48782042,CRITICAL,0.2635244131088257,0.4121681749820709
2024-03-26 12:00:00,0.4690334,CRITICAL,0.2635244131088257,0.4121681749820709
2024-03-26 13:00:00,0.43983677,CRITICAL,0.2635244131088257,0.4121681749820709
2024-03-26 14:00:00,0.4262822,CRITICAL,0.2635244131088257,0.4121681749820709
2024-03-26 15:00:00,0.43479502,CRITICAL,0.2635244131088257,0.4121681749820709
2024-03-26 16:00:00,0.45369115,CRITICAL,0.2635244131088257,0.4121681749820709
2024-03-26 17:00:00,0.48030365,CRITICAL,0.2635244131088257,0.4121681749820709
2024-03-26 18:00:00,0.48420244,CRITICAL,0.2635244131088257,0.4121681749820709
2024-03-26 19:00:00,0.48385465,CRITICAL,0.2635244131088257,0.4121681749820709
2024-03-26 20:00:00,0.4654022,CRITICAL,0.2635244131088257,0.4121681749820709
2024-03-26 21:00:00,0.44766086,CRITICAL,0.2635244131088257,0.4121681749820709
2024-03-26 22:00:00,0.4450022,CRITICAL,0.2635244131088257,0.4121681749820709
2024-03-26 23:00:00,0.42265493,CRITICAL,0.2635244131088257,0.4121681749820709
2024-03-27 00:00:00,0.38556862,WARNING,0.2635244131088257,0.4121681749820709
2024-03-27 01:00:00,0.335631,WARNING,0.2635244131088257,0.4121681749820709
2024-03-27 02:00:00,0.2800855,WARNING,0.2635244131088257,0.4121681749820709
2024-03-27 03:00:00,0.2599695,NORMAL,0.2635244131088257,0.4121681749820709
2024-03-27 04:00:00,0.26357284,WARNING,0.2635244131088257,0.4121681749820709
2024-03-27 05:00:00,0.2994407,WARNING,0.2635244131088257,0.4121681749820709
2024-03-27 06:00:00,0.3502939,WARNING,0.2635244131088257,0.4121681749820709
2024-03-27 07:00:00,0.3590584,WARNING,0.2635244131088257,0.4121681749820709
2024-03-27 08:00:00,0.369245,WARNING,0.2635244131088257,0.4121681749820709
2024-03-27 09:00:00,0.37503615,WARNING,0.2635244131088257,0.4121681749820709
2024-03-27 10:00:00,0.37401518,WARNING,0.2635244131088257,0.4121681749820709
2024-03-27 11:00:00,0.35390878,WARNING,0.2635244131088257,0.4121681749820709
2024-03-27 12:00:00,0.3214928,WARNING,0.2635244131088257,0.4121681749820709
2024-03-27 13:00:00,0.29626825,WARNING,0.2635244131088257,0.4121681749820709
2024-03-27 14:00:00,0.28462207,WARNING,0.2635244131088257,0.4121681749820709
2024-03-27 15:00:00,0.2821762,WARNING,0.2635244131088257,0.4121681749820709
2024-03-27 16:00:00,0.3024534,WARNING,0.2635244131088257,0.4121681749820709
2024-03-27 17:00:00,0.32665008,WARNING,0.2635244131088257,0.4121681749820709
2024-03-27 18:00:00,0.3550364,WARNING,0.2635244131088257,0.4121681749820709
2024-03-27 19:00:00,0.39218378,WARNING,0.2635244131088257,0.4121681749820709
2024-03-27 20:00:00,0.42385697,CRITICAL,0.2635244131088257,0.4121681749820709
2024-03-27 21:00:00,0.45653206,CRITICAL,0.2635244131088257,0.4121681749820709
2024-03-27 22:00:00,0.47226906,CRITICAL,0.2635244131088257,0.4121681749820709
2024-03-27 23:00:00,0.46966967,CRITICAL,0.2635244131088257,0.4121681749820709
2024-03-28 00:00:00,0.4550635,CRITICAL,0.2635244131088257,0.4121681749820709
2024-03-28 01:00:00,0.42987502,CRITICAL,0.2635244131088257,0.4121681749820709
2024-03-28 02:00:00,0.39572674,WARNING,0.2635244131088257,0.4121681749820709
2024-03-28 03:00:00,0.3348946,WARNING,0.2635244131088257,0.4121681749820709
2024-03-28 04:00:00,0.29937553,WARNING,0.2635244131088257,0.4121681749820709
2024-03-28 05:00:00,0.40054703,WARNING,0.2635244131088257,0.4121681749820709
2024-03-28 06:00:00,0.43597448,CRITICAL,0.2635244131088257,0.4121681749820709
2024-03-28 07:00:00,0.4464231,CRITICAL,0.2635244131088257,0.4121681749820709
2024-03-28 08:00:00,0.44717824,CRITICAL,0.2635244131088257,0.4121681749820709
2024-03-28 09:00:00,0.43990982,CRITICAL,0.2635244131088257,0.4121681749820709
2024-03-28 10:00:00,0.42433655,CRITICAL,0.2635244131088257,0.4121681749820709
2024-03-28 11:00:00,0.39546862,WARNING,0.2635244131088257,0.4121681749820709
2024-03-28 12:00:00,0.36920226,WARNING,0.2635244131088257,0.4121681749820709
2024-03-28 13:00:00,0.35329226,WARNING,0.2635244131088257,0.4121681749820709
2024-03-28 14:00:00,0.3531553,WARNING,0.2635244131088257,0.4121681749820709
2024-03-28 15:00:00,0.3524567,WARNING,0.2635244131088257,0.4121681749820709
2024-03-28 16:00:00,0.35855988,WARNING,0.2635244131088257,0.4121681749820709
2024-03-28 17:00:00,0.36992523,WARNING,0.2635244131088257,0.4121681749820709
2024-03-28 18:00:00,0.45904982,CRITICAL,0.2635244131088257,0.4121681749820709
2024-03-28 19:00:00,0.51905566,CRITICAL,0.2635244131088257,0.4121681749820709
2024-03-28 20:00:00,0.53645885,CRITICAL,0.2635244131088257,0.4121681749820709
2024-03-28 21:00:00,0.5243187,CRITICAL,0.2635244131088257,0.4121681749820709
2024-03-28 22:00:00,0.47620922,CRITICAL,0.2635244131088257,0.4121681749820709
2024-03-28 23:00:00,0.41436094,CRITICAL,0.2635244131088257,0.4121681749820709
2024-03-29 00:00:00,0.36864287,WARNING,0.2635244131088257,0.4121681749820709
2024-03-29 01:00:00,0.33578905,WARNING,0.2635244131088257,0.4121681749820709
2024-03-29 02:00:00,0.29965925,WARNING,0.2635244131088257,0.4121681749820709
2024-03-29 03:00:00,0.27262425,WARNING,0.2635244131088257,0.4121681749820709
2024-03-29 04:00:00,0.27422878,WARNING,0.2635244131088257,0.4121681749820709
2024-03-29 05:00:00,0.3054515,WARNING,0.2635244131088257,0.4121681749820709
2024-03-29 06:00:00,0.33769166,WARNING,0.2635244131088257,0.4121681749820709
2024-03-29 07:00:00,0.34990916,WARNING,0.2635244131088257,0.4121681749820709
2024-03-29 08:00:00,0.3476364,WARNING,0.2635244131088257,0.4121681749820709
2024-03-29 09:00:00,0.34205124,WARNING,0.2635244131088257,0.4121681749820709
2024-03-29 10:00:00,0.3383637,WARNING,0.2635244131088257,0.4121681749820709
2024-03-29 11:00:00,0.3351343,WARNING,0.2635244131088257,0.4121681749820709
2024-03-29 12:00:00,0.321217,WARNING,0.2635244131088257,0.4121681749820709
2024-03-29 13:00:00,0.29605317,WARNING,0.2635244131088257,0.4121681749820709
2024-03-29 14:00:00,0.26953375,WARNING,0.2635244131088257,0.4121681749820709
2024-03-29 15:00:00,0.2151459,NORMAL,0.2635244131088257,0.4121681749820709
2024-03-29 16:00:00,0.17603856,NORMAL,0.2635244131088257,0.4121681749820709
2024-03-29 17:00:00,0.15269512,NORMAL,0.2635244131088257,0.4121681749820709
2024-03-29 18:00:00,0.1457449,NORMAL,0.2635244131088257,0.4121681749820709
2024-03-29 19:00:00,0.14724278,NORMAL,0.2635244131088257,0.4121681749820709
2024-03-29 20:00:00,0.14655393,NORMAL,0.2635244131088257,0.4121681749820709
2024-03-29 21:00:00,0.14592141,NORMAL,0.2635244131088257,0.4121681749820709
2024-03-29 22:00:00,0.13859802,NORMAL,0.2635244131088257,0.4121681749820709
2024-03-29 23:00:00,0.123625636,NORMAL,0.2635244131088257,0.4121681749820709
2024-03-30 00:00:00,0.106395505,NORMAL,0.2635244131088257,0.4121681749820709
2024-03-30 01:00:00,0.08977415,NORMAL,0.2635244131088257,0.4121681749820709
2024-03-30 02:00:00,0.08934738,NORMAL,0.2635244131088257,0.4121681749820709
2024-03-30 03:00:00,0.100005716,NORMAL,0.2635244131088257,0.4121681749820709
2024-03-30 04:00:00,0.12182328,NORMAL,0.2635244131088257,0.4121681749820709
2024-03-30 05:00:00,0.16086686,NORMAL,0.2635244131088257,0.4121681749820709
2024-03-30 06:00:00,0.19483036,NORMAL,0.2635244131088257,0.4121681749820709
2024-03-30 07:00:00,0.21023901,NORMAL,0.2635244131088257,0.4121681749820709
2024-03-30 08:00:00,0.21339181,NORMAL,0.2635244131088257,0.4121681749820709
2024-03-30 09:00:00,0.21276705,NORMAL,0.2635244131088257,0.4121681749820709
2024-03-30 10:00:00,0.21084224,NORMAL,0.2635244131088257,0.4121681749820709
2024-03-30 11:00:00,0.20592292,NORMAL,0.2635244131088257,0.4121681749820709
2024-03-30 12:00:00,0.19329545,NORMAL,0.2635244131088257,0.4121681749820709
2024-03-30 13:00:00,0.17043471,NORMAL,0.2635244131088257,0.4121681749820709
2024-03-30 14:00:00,0.1522414,NORMAL,0.2635244131088257,0.4121681749820709
2024-03-30 15:00:00,0.14199518,NORMAL,0.2635244131088257,0.4121681749820709
2024-03-30 16:00:00,0.14317724,NORMAL,0.2635244131088257,0.4121681749820709
2024-03-30 17:00:00,0.14737037,NORMAL,0.2635244131088257,0.4121681749820709
2024-03-30 18:00:00,0.148449,NORMAL,0.2635244131088257,0.4121681749820709
2024-03-30 19:00:00,0.15111163,NORMAL,0.2635244131088257,0.4121681749820709
2024-03-30 20:00:00,0.14970258,NORMAL,0.2635244131088257,0.4121681749820709
2024-03-30 21:00:00,0.14816268,NORMAL,0.2635244131088257,0.4121681749820709
2024-03-30 22:00:00,0.13812883,NORMAL,0.2635244131088257,0.4121681749820709
2024-03-30 23:00:00,0.12158534,NORMAL,0.2635244131088257,0.4121681749820709
2024-03-31 00:00:00,0.10482012,NORMAL,0.2635244131088257,0.4121681749820709
2024-03-31 01:00:00,0.09108253,NORMAL,0.2635244131088257,0.4121681749820709
2024-03-31 02:00:00,0.09528659,NORMAL,0.2635244131088257,0.4121681749820709
2024-03-31 03:00:00,0.11307621,NORMAL,0.2635244131088257,0.4121681749820709
2024-03-31 04:00:00,0.13813466,NORMAL,0.2635244131088257,0.4121681749820709
2024-03-31 05:00:00,0.16782552,NORMAL,0.2635244131088257,0.4121681749820709
2024-03-31 06:00:00,0.19461556,NORMAL,0.2635244131088257,0.4121681749820709
2024-03-31 07:00:00,0.2158759,NORMAL,0.2635244131088257,0.4121681749820709
2024-03-31 08:00:00,0.22552472,NORMAL,0.2635244131088257,0.4121681749820709
2024-03-31 09:00:00,0.22921726,NORMAL,0.2635244131088257,0.4121681749820709
2024-03-31 10:00:00,0.2276659,NORMAL,0.2635244131088257,0.4121681749820709
2024-03-31 11:00:00,0.21219666,NORMAL,0.2635244131088257,0.4121681749820709
2024-03-31 12:00:00,0.17773874,NORMAL,0.2635244131088257,0.4121681749820709
2024-03-31 13:00:00,0.13245998,NORMAL,0.2635244131088257,0.4121681749820709
2024-03-31 14:00:00,0.10089673,NORMAL,0.2635244131088257,0.4121681749820709
2024-03-31 15:00:00,0.08213214,NORMAL,0.2635244131088257,0.4121681749820709
2024-03-31 16:00:00,0.0787562,NORMAL,0.2635244131088257,0.4121681749820709
2024-03-31 17:00:00,0.07855023,NORMAL,0.2635244131088257,0.4121681749820709
2024-03-31 18:00:00,0.07117309,NORMAL,0.2635244131088257,0.4121681749820709
2024-03-31 19:00:00,0.06386189,NORMAL,0.2635244131088257,0.4121681749820709
2024-03-31 20:00:00,0.056954913,NORMAL,0.2635244131088257,0.4121681749820709
2024-03-31 21:00:00,0.052512746,NORMAL,0.2635244131088257,0.4121681749820709
2024-03-31 22:00:00,0.0475337,NORMAL,0.2635244131088257,0.4121681749820709
2024-03-31 23:00:00,0.04298772,NORMAL,0.2635244131088257,0.4121681749820709
2024-04-01 00:00:00,0.04062448,NORMAL,0.2635244131088257,0.4121681749820709
2024-04-01 01:00:00,0.040278602,NORMAL,0.2635244131088257,0.4121681749820709
2024-04-01 02:00:00,0.04778974,NORMAL,0.2635244131088257,0.4121681749820709
2024-04-01 03:00:00,0.055738732,NORMAL,0.2635244131088257,0.4121681749820709
2024-04-01 04:00:00,0.060558558,NORMAL,0.2635244131088257,0.4121681749820709
2024-04-01 05:00:00,0.07077183,NORMAL,0.2635244131088257,0.4121681749820709
2024-04-01 06:00:00,0.08025571,NORMAL,0.2635244131088257,0.4121681749820709
2024-04-01 07:00:00,0.07950734,NORMAL,0.2635244131088257,0.4121681749820709
2024-04-01 08:00:00,0.07348402,NORMAL,0.2635244131088257,0.4121681749820709
2024-04-01 09:00:00,0.07153068,NORMAL,0.2635244131088257,0.4121681749820709
2024-04-01 10:00:00,0.067095265,NORMAL,0.2635244131088257,0.4121681749820709
2024-04-01 11:00:00,0.065543875,NORMAL,0.2635244131088257,0.4121681749820709
2024-04-01 12:00:00,0.06420633,NORMAL,0.2635244131088257,0.4121681749820709
2024-04-01 13:00:00,0.06409572,NORMAL,0.2635244131088257,0.4121681749820709
2024-04-01 14:00:00,0.060601287,NORMAL,0.2635244131088257,0.4121681749820709
2024-04-01 15:00:00,0.05535873,NORMAL,0.2635244131088257,0.4121681749820709
2024-04-01 16:00:00,0.05340778,NORMAL,0.2635244131088257,0.4121681749820709
2024-04-01 17:00:00,0.05114512,NORMAL,0.2635244131088257,0.4121681749820709
2024-04-01 18:00:00,0.053545814,NORMAL,0.2635244131088257,0.4121681749820709
2024-04-01 19:00:00,0.060624316,NORMAL,0.2635244131088257,0.4121681749820709
2024-04-01 20:00:00,0.06708789,NORMAL,0.2635244131088257,0.4121681749820709
2024-04-01 21:00:00,0.07362767,NORMAL,0.2635244131088257,0.4121681749820709
2024-04-01 22:00:00,0.07787316,NORMAL,0.2635244131088257,0.4121681749820709
2024-04-01 23:00:00,0.084732346,NORMAL,0.2635244131088257,0.4121681749820709
2024-04-02 00:00:00,0.09386945,NORMAL,0.2635244131088257,0.4121681749820709
2024-04-02 01:00:00,0.09959528,NORMAL,0.2635244131088257,0.4121681749820709
2024-04-02 02:00:00,0.11273801,NORMAL,0.2635244131088257,0.4121681749820709
2024-04-02 03:00:00,0.114970595,NORMAL,0.2635244131088257,0.4121681749820709
2024-04-02 04:00:00,0.10761371,NORMAL,0.2635244131088257,0.4121681749820709
2024-04-02 05:00:00,0.11537949,NORMAL,0.2635244131088257,0.4121681749820709
2024-04-02 06:00:00,0.12133789,NORMAL,0.2635244131088257,0.4121681749820709
2024-04-02 07:00:00,0.119192325,NORMAL,0.2635244131088257,0.4121681749820709
2024-04-02 08:00:00,0.11478525,NORMAL,0.2635244131088257,0.4121681749820709
2024-04-02 09:00:00,0.113953404,NORMAL,0.2635244131088257,0.4121681749820709
2024-04-02 10:00:00,0.11195449,NORMAL,0.2635244131088257,0.4121681749820709
2024-04-02 11:00:00,0.10821254,NORMAL,0.2635244131088257,0.4121681749820709
2024-04-02 12:00:00,0.10329865,NORMAL,0.2635244131088257,0.4121681749820709
2024-04-02 13:00:00,0.100794554,NORMAL,0.2635244131088257,0.4121681749820709
2024-04-02 14:00:00,0.09876377,NORMAL,0.2635244131088257,0.4121681749820709
2024-04-02 15:00:00,0.095236525,NORMAL,0.2635244131088257,0.4121681749820709
2024-04-02 16:00:00,0.09040908,NORMAL,0.2635244131088257,0.4121681749820709
2024-04-02 17:00:00,0.0886458,NORMAL,0.2635244131088257,0.4121681749820709
2024-04-02 18:00:00,0.09483811,NORMAL,0.2635244131088257,0.4121681749820709
2024-04-02 19:00:00,0.10310962,NORMAL,0.2635244131088257,0.4121681749820709
2024-04-02 20:00:00,0.11000797,NORMAL,0.2635244131088257,0.4121681749820709
2024-04-02 21:00:00,0.11269331,NORMAL,0.2635244131088257,0.4121681749820709
2024-04-02 22:00:00,0.1100032,NORMAL,0.2635244131088257,0.4121681749820709
2024-04-02 23:00:00,0.10832266,NORMAL,0.2635244131088257,0.4121681749820709
2024-04-03 00:00:00,0.10899962,NORMAL,0.2635244131088257,0.4121681749820709
2024-04-03 01:00:00,0.11004632,NORMAL,0.2635244131088257,0.4121681749820709
2024-04-03 02:00:00,0.11717563,NORMAL,0.2635244131088257,0.4121681749820709
2024-04-03 03:00:00,0.119671516,NORMAL,0.2635244131088257,0.4121681749820709
2024-04-03 04:00:00,0.11628625,NORMAL,0.2635244131088257,0.4121681749820709
2024-04-03 05:00:00,0.12649935,NORMAL,0.2635244131088257,0.4121681749820709
2024-04-03 06:00:00,0.13725421,NORMAL,0.2635244131088257,0.4121681749820709
2024-04-03 07:00:00,0.1368137,NORMAL,0.2635244131088257,0.4121681749820709
2024-04-03 08:00:00,0.12948464,NORMAL,0.2635244131088257,0.4121681749820709
2024-04-03 09:00:00,0.123867735,NORMAL,0.2635244131088257,0.4121681749820709
2024-04-03 10:00:00,0.11518547,NORMAL,0.2635244131088257,0.4121681749820709
2024-04-03 11:00:00,0.10313073,NORMAL,0.2635244131088257,0.4121681749820709
2024-04-03 12:00:00,0.08975387,NORMAL,0.2635244131088257,0.4121681749820709
2024-04-03 13:00:00,0.0796163,NORMAL,0.2635244131088257,0.4121681749820709
2024-04-03 14:00:00,0.07292089,NORMAL,0.2635244131088257,0.4121681749820709
2024-04-03 15:00:00,0.06640478,NORMAL,0.2635244131088257,0.4121681749820709
2024-04-03 16:00:00,0.06285552,NORMAL,0.2635244131088257,0.4121681749820709
2024-04-03 17:00:00,0.06394347,NORMAL,0.2635244131088257,0.4121681749820709
2024-04-03 18:00:00,0.06760231,NORMAL,0.2635244131088257,0.4121681749820709
2024-04-03 19:00:00,0.07242748,NORMAL,0.2635244131088257,0.4121681749820709
2024-04-03 20:00:00,0.07634506,NORMAL,0.2635244131088257,0.4121681749820709
2024-04-03 21:00:00,0.077822074,NORMAL,0.2635244131088257,0.4121681749820709
2024-04-03 22:00:00,0.0753826,NORMAL,0.2635244131088257,0.4121681749820709
2024-04-03 23:00:00,0.0718588,NORMAL,0.2635244131088257,0.4121681749820709
2024-04-04 00:00:00,0.06886658,NORMAL,0.2635244131088257,0.4121681749820709
2024-04-04 01:00:00,0.06662398,NORMAL,0.2635244131088257,0.4121681749820709
2024-04-04 02:00:00,0.07206377,NORMAL,0.2635244131088257,0.4121681749820709
2024-04-04 03:00:00,0.078457065,NORMAL,0.2635244131088257,0.4121681749820709
2024-04-04 04:00:00,0.079420626,NORMAL,0.2635244131088257,0.4121681749820709
2024-04-04 05:00:00,0.09110609,NORMAL,0.2635244131088257,0.4121681749820709
2024-04-04 06:00:00,0.10129567,NORMAL,0.2635244131088257,0.4121681749820709
2024-04-04 07:00:00,0.098674566,NORMAL,0.2635244131088257,0.4121681749820709
2024-04-04 08:00:00,0.09040477,NORMAL,0.2635244131088257,0.4121681749820709
2024-04-04 09:00:00,0.08464033,NORMAL,0.2635244131088257,0.4121681749820709
2024-04-04 10:00:00,0.0781953,NORMAL,0.2635244131088257,0.4121681749820709
2024-04-04 11:00:00,0.07075867,NORMAL,0.2635244131088257,0.4121681749820709
2024-04-04 12:00:00,0.062083602,NORMAL,0.2635244131088257,0.4121681749820709
2024-04-04 13:00:00,0.055756196,NORMAL,0.2635244131088257,0.4121681749820709
2024-04-04 14:00:00,0.05130084,NORMAL,0.2635244131088257,0.4121681749820709
2024-04-04 15:00:00,0.045602925,NORMAL,0.2635244131088257,0.4121681749820709
2024-04-04 16:00:00,0.042747717,NORMAL,0.2635244131088257,0.4121681749820709
2024-04-04 17:00:00,0.04280995,NORMAL,0.2635244131088257,0.4121681749820709
2024-04-04 18:00:00,0.0448627,NORMAL,0.2635244131088257,0.4121681749820709
2024-04-04 19:00:00,0.048472498,NORMAL,0.2635244131088257,0.4121681749820709
2024-04-04 20:00:00,0.05109726,NORMAL,0.2635244131088257,0.4121681749820709
2024-04-04 21:00:00,0.05207502,NORMAL,0.2635244131088257,0.4121681749820709
2024-04-04 22:00:00,0.05098629,NORMAL,0.2635244131088257,0.4121681749820709
2024-04-04 23:00:00,0.05001168,NORMAL,0.2635244131088257,0.4121681749820709
2024-04-05 00:00:00,0.04980249,NORMAL,0.2635244131088257,0.4121681749820709
2024-04-05 01:00:00,0.04969379,NORMAL,0.2635244131088257,0.4121681749820709
2024-04-05 02:00:00,0.05672598,NORMAL,0.2635244131088257,0.4121681749820709
2024-04-05 03:00:00,0.061483517,NORMAL,0.2635244131088257,0.4121681749820709
2024-04-05 04:00:00,0.063131005,NORMAL,0.2635244131088257,0.4121681749820709
2024-04-05 05:00:00,0.07530871,NORMAL,0.2635244131088257,0.4121681749820709
2024-04-05 06:00:00,0.088470355,NORMAL,0.2635244131088257,0.4121681749820709
2024-04-05 07:00:00,0.09146321,NORMAL,0.2635244131088257,0.4121681749820709
2024-04-05 08:00:00,0.0867555,NORMAL,0.2635244131088257,0.4121681749820709
2024-04-05 09:00:00,0.08394619,NORMAL,0.2635244131088257,0.4121681749820709
2024-04-05 10:00:00,0.079135984,NORMAL,0.2635244131088257,0.4121681749820709
2024-04-05 11:00:00,0.07417362,NORMAL,0.2635244131088257,0.4121681749820709
2024-04-05 12:00:00,0.06847397,NORMAL,0.2635244131088257,0.4121681749820709
2024-04-05 13:00:00,0.06368088,NORMAL,0.2635244131088257,0.4121681749820709
2024-04-05 14:00:00,0.05890115,NORMAL,0.2635244131088257,0.4121681749820709
2024-04-05 15:00:00,0.051751487,NORMAL,0.2635244131088257,0.4121681749820709
2024-04-05 16:00:00,0.046396222,NORMAL,0.2635244131088257,0.4121681749820709
2024-04-05 17:00:00,0.042372577,NORMAL,0.2635244131088257,0.4121681749820709
2024-04-05 18:00:00,0.04264811,NORMAL,0.2635244131088257,0.4121681749820709
2024-04-05 19:00:00,0.04746949,NORMAL,0.2635244131088257,0.4121681749820709
2024-04-05 20:00:00,0.053373557,NORMAL,0.2635244131088257,0.4121681749820709
2024-04-05 21:00:00,0.058824982,NORMAL,0.2635244131088257,0.4121681749820709
2024-04-05 22:00:00,0.061610315,NORMAL,0.2635244131088257,0.4121681749820709
2024-04-05 23:00:00,0.06589679,NORMAL,0.2635244131088257,0.4121681749820709
2024-04-06 00:00:00,0.07165691,NORMAL,0.2635244131088257,0.4121681749820709
2024-04-06 01:00:00,0.07531986,NORMAL,0.2635244131088257,0.4121681749820709
2024-04-06 02:00:00,0.08432035,NORMAL,0.2635244131088257,0.4121681749820709
2024-04-06 03:00:00,0.0890826,NORMAL,0.2635244131088257,0.4121681749820709
2024-04-06 04:00:00,0.08770022,NORMAL,0.2635244131088257,0.4121681749820709
2024-04-06 05:00:00,0.09956843,NORMAL,0.2635244131088257,0.4121681749820709
2024-04-06 06:00:00,0.10607201,NORMAL,0.2635244131088257,0.4121681749820709
2024-04-06 07:00:00,0.100136295,NORMAL,0.2635244131088257,0.4121681749820709
2024-04-06 08:00:00,0.08956599,NORMAL,0.2635244131088257,0.4121681749820709
2024-04-06 09:00:00,0.08292871,NORMAL,0.2635244131088257,0.4121681749820709
2024-04-06 10:00:00,0.076140955,NORMAL,0.2635244131088257,0.4121681749820709
2024-04-06 11:00:00,0.07082038,NORMAL,0.2635244131088257,0.4121681749820709
2024-04-06 12:00:00,0.06671056,NORMAL,0.2635244131088257,0.4121681749820709
2024-04-06 13:00:00,0.065929905,NORMAL,0.2635244131088257,0.4121681749820709
2024-04-06 14:00:00,0.06366904,NORMAL,0.2635244131088257,0.4121681749820709
2024-04-06 15:00:00,0.060155418,NORMAL,0.2635244131088257,0.4121681749820709
2024-04-06 16:00:00,0.05781649,NORMAL,0.2635244131088257,0.4121681749820709
2024-04-06 17:00:00,0.054199535,NORMAL,0.2635244131088257,0.4121681749820709
2024-04-06 18:00:00,0.057360377,NORMAL,0.2635244131088257,0.4121681749820709
2024-04-06 19:00:00,0.064646855,NORMAL,0.2635244131088257,0.4121681749820709
2024-04-06 20:00:00,0.069260985,NORMAL,0.2635244131088257,0.4121681749820709
2024-04-06 21:00:00,0.07245937,NORMAL,0.2635244131088257,0.4121681749820709
2024-04-06 22:00:00,0.06897203,NORMAL,0.2635244131088257,0.4121681749820709
2024-04-06 23:00:00,0.06630549,NORMAL,0.2635244131088257,0.4121681749820709
2024-04-07 00:00:00,0.068219185,NORMAL,0.2635244131088257,0.4121681749820709
2024-04-07 01:00:00,0.07058118,NORMAL,0.2635244131088257,0.4121681749820709
2024-04-07 02:00:00,0.08619502,NORMAL,0.2635244131088257,0.4121681749820709
2024-04-07 03:00:00,0.09088522,NORMAL,0.2635244131088257,0.4121681749820709
2024-04-07 04:00:00,0.08787224,NORMAL,0.2635244131088257,0.4121681749820709
2024-04-07 05:00:00,0.09874196,NORMAL,0.2635244131088257,0.4121681749820709
2024-04-07 06:00:00,0.10454956,NORMAL,0.2635244131088257,0.4121681749820709
2024-04-07 07:00:00,0.10111162,NORMAL,0.2635244131088257,0.4121681749820709
2024-04-07 08:00:00,0.09632413,NORMAL,0.2635244131088257,0.4121681749820709
2024-04-07 09:00:00,0.09449982,NORMAL,0.2635244131088257,0.4121681749820709
2024-04-07 10:00:00,0.089880094,NORMAL,0.2635244131088257,0.4121681749820709
2024-04-07 11:00:00,0.08551086,NORMAL,0.2635244131088257,0.4121681749820709
2024-04-07 12:00:00,0.08208733,NORMAL,0.2635244131088257,0.4121681749820709
2024-04-07 13:00:00,0.084132224,NORMAL,0.2635244131088257,0.4121681749820709
2024-04-07 14:00:00,0.087966815,NORMAL,0.2635244131088257,0.4121681749820709
2024-04-07 15:00:00,0.09071904,NORMAL,0.2635244131088257,0.4121681749820709
2024-04-07 16:00:00,0.08975067,NORMAL,0.2635244131088257,0.4121681749820709
2024-04-07 17:00:00,0.08729753,NORMAL,0.2635244131088257,0.4121681749820709
2024-04-07 18:00:00,0.08957693,NORMAL,0.2635244131088257,0.4121681749820709
2024-04-07 19:00:00,0.09077701,NORMAL,0.2635244131088257,0.4121681749820709
2024-04-07 20:00:00,0.08757336,NORMAL,0.2635244131088257,0.4121681749820709
2024-04-07 21:00:00,0.081814855,NORMAL,0.2635244131088257,0.4121681749820709
2024-04-07 22:00:00,0.0741314,NORMAL,0.2635244131088257,0.4121681749820709
2024-04-07 23:00:00,0.06880131,NORMAL,0.2635244131088257,0.4121681749820709
2024-04-08 00:00:00,0.06531573,NORMAL,0.2635244131088257,0.4121681749820709
2024-04-08 01:00:00,0.06559332,NORMAL,0.2635244131088257,0.4121681749820709
2024-04-08 02:00:00,0.1348239,NORMAL,0.2635244131088257,0.4121681749820709
2024-04-08 03:00:00,0.18097755,NORMAL,0.2635244131088257,0.4121681749820709
2024-04-08 04:00:00,0.19387998,NORMAL,0.2635244131088257,0.4121681749820709
2024-04-08 05:00:00,0.21801363,NORMAL,0.2635244131088257,0.4121681749820709
2024-04-08 06:00:00,0.22562075,NORMAL,0.2635244131088257,0.4121681749820709
2024-04-08 07:00:00,0.21497382,NORMAL,0.2635244131088257,0.4121681749820709
2024-04-08 08:00:00,0.19586341,NORMAL,0.2635244131088257,0.4121681749820709
2024-04-08 09:00:00,0.17868826,NORMAL,0.2635244131088257,0.4121681749820709
2024-04-08 10:00:00,0.16346115,NORMAL,0.2635244131088257,0.4121681749820709
2024-04-08 11:00:00,0.15413275,NORMAL,0.2635244131088257,0.4121681749820709
2024-04-08 12:00:00,0.15075456,NORMAL,0.2635244131088257,0.4121681749820709
2024-04-08 13:00:00,0.15590872,NORMAL,0.2635244131088257,0.4121681749820709
2024-04-08 14:00:00,0.21843654,NORMAL,0.2635244131088257,0.4121681749820709
2024-04-08 15:00:00,0.27032548,WARNING,0.2635244131088257,0.4121681749820709
2024-04-08 16:00:00,0.31995058,WARNING,0.2635244131088257,0.4121681749820709
2024-04-08 17:00:00,0.36490706,WARNING,0.2635244131088257,0.4121681749820709
2024-04-08 18:00:00,0.40823036,WARNING,0.2635244131088257,0.4121681749820709
2024-04-08 19:00:00,0.44011396,CRITICAL,0.2635244131088257,0.4121681749820709
2024-04-08 20:00:00,0.44546577,CRITICAL,0.2635244131088257,0.4121681749820709
2024-04-08 21:00:00,0.43017352,CRITICAL,0.2635244131088257,0.4121681749820709
2024-04-08 22:00:00,0.38487864,WARNING,0.2635244131088257,0.4121681749820709
2024-04-08 23:00:00,0.3332094,WARNING,0.2635244131088257,0.4121681749820709
2024-04-09 00:00:00,0.28164938,WARNING,0.2635244131088257,0.4121681749820709
2024-04-09 01:00:00,0.24146563,NORMAL,0.2635244131088257,0.4121681749820709
2024-04-09 02:00:00,0.20465708,NORMAL,0.2635244131088257,0.4121681749820709
2024-04-09 03:00:00,0.18023884,NORMAL,0.2635244131088257,0.4121681749820709
2024-04-09 04:00:00,0.15632083,NORMAL,0.2635244131088257,0.4121681749820709
2024-04-09 05:00:00,0.16065063,NORMAL,0.2635244131088257,0.4121681749820709
2024-04-09 06:00:00,0.17466517,NORMAL,0.2635244131088257,0.4121681749820709
2024-04-09 07:00:00,0.18811439,NORMAL,0.2635244131088257,0.4121681749820709
2024-04-09 08:00:00,0.1630162,NORMAL,0.2635244131088257,0.4121681749820709
2024-04-09 09:00:00,0.14938107,NORMAL,0.2635244131088257,0.4121681749820709
2024-04-09 10:00:00,0.15379936,NORMAL,0.2635244131088257,0.4121681749820709
2024-04-09 11:00:00,0.15530866,NORMAL,0.2635244131088257,0.4121681749820709
2024-04-09 12:00:00,0.14230578,NORMAL,0.2635244131088257,0.4121681749820709
2024-04-09 13:00:00,0.1480992,NORMAL,0.2635244131088257,0.4121681749820709
2024-04-09 14:00:00,0.16064933,NORMAL,0.2635244131088257,0.4121681749820709
2024-04-09 15:00:00,0.16673616,NORMAL,0.2635244131088257,0.4121681749820709
2024-04-09 16:00:00,0.17761272,NORMAL,0.2635244131088257,0.4121681749820709
2024-04-09 17:00:00,0.18852669,NORMAL,0.2635244131088257,0.4121681749820709
2024-04-09 18:00:00,0.20943692,NORMAL,0.2635244131088257,0.4121681749820709
2024-04-09 19:00:00,0.23594154,NORMAL,0.2635244131088257,0.4121681749820709
2024-04-09 20:00:00,0.24209748,NORMAL,0.2635244131088257,0.4121681749820709
2024-04-09 21:00:00,0.23032337,NORMAL,0.2635244131088257,0.4121681749820709
2024-04-09 22:00:00,0.19897121,NORMAL,0.2635244131088257,0.4121681749820709
2024-04-09 23:00:00,0.17643285,NORMAL,0.2635244131088257,0.4121681749820709
2024-04-10 00:00:00,0.16268569,NORMAL,0.2635244131088257,0.4121681749820709
2024-04-10 01:00:00,0.15746373,NORMAL,0.2635244131088257,0.4121681749820709
2024-04-10 02:00:00,0.1444549,NORMAL,0.2635244131088257,0.4121681749820709
2024-04-10 03:00:00,0.14873104,NORMAL,0.2635244131088257,0.4121681749820709
2024-04-10 04:00:00,0.15752678,NORMAL,0.2635244131088257,0.4121681749820709
2024-04-10 05:00:00,0.16695078,NORMAL,0.2635244131088257,0.4121681749820709
2024-04-10 06:00:00,0.17202763,NORMAL,0.2635244131088257,0.4121681749820709
2024-04-10 07:00:00,0.18050176,NORMAL,0.2635244131088257,0.4121681749820709
2024-04-10 08:00:00,0.19923565,NORMAL,0.2635244131088257,0.4121681749820709
2024-04-10 09:00:00,0.21877724,NORMAL,0.2635244131088257,0.4121681749820709
2024-04-10 10:00:00,0.18983975,NORMAL,0.2635244131088257,0.4121681749820709
2024-04-10 11:00:00,0.1704251,NORMAL,0.2635244131088257,0.4121681749820709
2024-04-10 12:00:00,0.17694563,NORMAL,0.2635244131088257,0.4121681749820709
2024-04-10 13:00:00,0.17505154,NORMAL,0.2635244131088257,0.4121681749820709
2024-04-10 14:00:00,0.17845103,NORMAL,0.2635244131088257,0.4121681749820709
2024-04-10 15:00:00,0.18256058,NORMAL,0.2635244131088257,0.4121681749820709
2024-04-10 16:00:00,0.18647058,NORMAL,0.2635244131088257,0.4121681749820709
2024-04-10 17:00:00,0.19051068,NORMAL,0.2635244131088257,0.4121681749820709
2024-04-10 18:00:00,0.19814456,NORMAL,0.2635244131088257,0.4121681749820709
2024-04-10 19:00:00,0.21089095,NORMAL,0.2635244131088257,0.4121681749820709
2024-04-10 20:00:00,0.22187418,NORMAL,0.2635244131088257,0.4121681749820709
2024-04-10 21:00:00,0.23005533,NORMAL,0.2635244131088257,0.4121681749820709
2024-04-10 22:00:00,0.23177549,NORMAL,0.2635244131088257,0.4121681749820709
2024-04-10 23:00:00,0.2343395,NORMAL,0.2635244131088257,0.4121681749820709
2024-04-11 00:00:00,0.23809811,NORMAL,0.2635244131088257,0.4121681749820709
2024-04-11 01:00:00,0.24360497,NORMAL,0.2635244131088257,0.4121681749820709
2024-04-11 02:00:00,0.24688217,NORMAL,0.2635244131088257,0.4121681749820709
2024-04-11 03:00:00,0.26592147,WARNING,0.2635244131088257,0.4121681749820709
2024-04-11 04:00:00,0.28991324,WARNING,0.2635244131088257,0.4121681749820709
2024-04-11 05:00:00,0.31611636,WARNING,0.2635244131088257,0.4121681749820709
2024-04-11 06:00:00,0.3179518,WARNING,0.2635244131088257,0.4121681749820709
2024-04-11 07:00:00,0.29271543,WARNING,0.2635244131088257,0.4121681749820709
2024-04-11 08:00:00,0.2512279,NORMAL,0.2635244131088257,0.4121681749820709
2024-04-11 09:00:00,0.23299551,NORMAL,0.2635244131088257,0.4121681749820709
2024-04-11 10:00:00,0.19761069,NORMAL,0.2635244131088257,0.4121681749820709
2024-04-11 11:00:00,0.15399203,NORMAL,0.2635244131088257,0.4121681749820709
2024-04-11 12:00:00,0.13653429,NORMAL,0.2635244131088257,0.4121681749820709
2024-04-11 13:00:00,0.12586524,NORMAL,0.2635244131088257,0.4121681749820709
2024-04-11 14:00:00,0.12340954,NORMAL,0.2635244131088257,0.4121681749820709
2024-04-11 15:00:00,0.1225074,NORMAL,0.2635244131088257,0.4121681749820709
2024-04-11 16:00:00,0.12387654,NORMAL,0.2635244131088257,0.4121681749820709
2024-04-11 17:00:00,0.12835485,NORMAL,0.2635244131088257,0.4121681749820709
2024-04-11 18:00:00,0.1401687,NORMAL,0.2635244131088257,0.4121681749820709
2024-04-11 19:00:00,0.15773077,NORMAL,0.2635244131088257,0.4121681749820709
2024-04-11 20:00:00,0.16977412,NORMAL,0.2635244131088257,0.4121681749820709
2024-04-11 21:00:00,0.17597018,NORMAL,0.2635244131088257,0.4121681749820709
2024-04-11 22:00:00,0.17086361,NORMAL,0.2635244131088257,0.4121681749820709
2024-04-11 23:00:00,0.16744602,NORMAL,0.2635244131088257,0.4121681749820709
2024-04-12 00:00:00,0.16467565,NORMAL,0.2635244131088257,0.4121681749820709
2024-04-12 01:00:00,0.16424203,NORMAL,0.2635244131088257,0.4121681749820709
2024-04-12 02:00:00,0.15866955,NORMAL,0.2635244131088257,0.4121681749820709
2024-04-12 03:00:00,0.16786718,NORMAL,0.2635244131088257,0.4121681749820709
2024-04-12 04:00:00,0.1851701,NORMAL,0.2635244131088257,0.4121681749820709
2024-04-12 05:00:00,0.19822304,NORMAL,0.2635244131088257,0.4121681749820709
2024-04-12 06:00:00,0.1943663,NORMAL,0.2635244131088257,0.4121681749820709
2024-04-12 07:00:00,0.1777678,NORMAL,0.2635244131088257,0.4121681749820709
2024-04-12 08:00:00,0.15853786,NORMAL,0.2635244131088257,0.4121681749820709
2024-04-12 09:00:00,0.18391594,NORMAL,0.2635244131088257,0.4121681749820709
2024-04-12 10:00:00,0.20779139,NORMAL,0.2635244131088257,0.4121681749820709
2024-04-12 11:00:00,0.21518509,NORMAL,0.2635244131088257,0.4121681749820709
2024-04-12 12:00:00,0.20501825,NORMAL,0.2635244131088257,0.4121681749820709
2024-04-12 13:00:00,0.22510856,NORMAL,0.2635244131088257,0.4121681749820709
2024-04-12 14:00:00,0.21499532,NORMAL,0.2635244131088257,0.4121681749820709
2024-04-12 15:00:00,0.20201574,NORMAL,0.2635244131088257,0.4121681749820709
2024-04-12 16:00:00,0.19321707,NORMAL,0.2635244131088257,0.4121681749820709
2024-04-12 17:00:00,0.1922458,NORMAL,0.2635244131088257,0.4121681749820709
2024-04-12 18:00:00,0.20140825,NORMAL,0.2635244131088257,0.4121681749820709
2024-04-12 19:00:00,0.22003742,NORMAL,0.2635244131088257,0.4121681749820709
2024-04-12 20:00:00,0.22699158,NORMAL,0.2635244131088257,0.4121681749820709
2024-04-12 21:00:00,0.22558959,NORMAL,0.2635244131088257,0.4121681749820709
2024-04-12 22:00:00,0.2072684,NORMAL,0.2635244131088257,0.4121681749820709
2024-04-12 23:00:00,0.18854658,NORMAL,0.2635244131088257,0.4121681749820709
2024-04-13 00:00:00,0.17779115,NORMAL,0.2635244131088257,0.4121681749820709
2024-04-13 01:00:00,0.17247264,NORMAL,0.2635244131088257,0.4121681749820709
2024-04-13 02:00:00,0.17242941,NORMAL,0.2635244131088257,0.4121681749820709
2024-04-13 03:00:00,0.20535025,NORMAL,0.2635244131088257,0.4121681749820709
2024-04-13 04:00:00,0.24367261,NORMAL,0.2635244131088257,0.4121681749820709
2024-04-13 05:00:00,0.2824569,WARNING,0.2635244131088257,0.4121681749820709
2024-04-13 06:00:00,0.28764427,WARNING,0.2635244131088257,0.4121681749820709
2024-04-13 07:00:00,0.27109277,WARNING,0.2635244131088257,0.4121681749820709
2024-04-13 08:00:00,0.22156629,NORMAL,0.2635244131088257,0.4121681749820709
2024-04-13 09:00:00,0.22192602,NORMAL,0.2635244131088257,0.4121681749820709
2024-04-13 10:00:00,0.2208457,NORMAL,0.2635244131088257,0.4121681749820709
2024-04-13 11:00:00,0.22178984,NORMAL,0.2635244131088257,0.4121681749820709
2024-04-13 12:00:00,0.24598582,NORMAL,0.2635244131088257,0.4121681749820709
2024-04-13 13:00:00,0.25970057,NORMAL,0.2635244131088257,0.4121681749820709
2024-04-13 14:00:00,0.2427986,NORMAL,0.2635244131088257,0.4121681749820709
2024-04-13 15:00:00,0.23470497,NORMAL,0.2635244131088257,0.4121681749820709
2024-04-13 16:00:00,0.24075168,NORMAL,0.2635244131088257,0.4121681749820709
2024-04-13 17:00:00,0.25139114,NORMAL,0.2635244131088257,0.4121681749820709
2024-04-13 18:00:00,0.2703513,WARNING,0.2635244131088257,0.4121681749820709
2024-04-13 19:00:00,0.29542854,WARNING,0.2635244131088257,0.4121681749820709
2024-04-13 20:00:00,0.3065075,WARNING,0.2635244131088257,0.4121681749820709
2024-04-13 21:00:00,0.30946958,WARNING,0.2635244131088257,0.4121681749820709
2024-04-13 22:00:00,0.29015473,WARNING,0.2635244131088257,0.4121681749820709
2024-04-13 23:00:00,0.26384598,WARNING,0.2635244131088257,0.4121681749820709
2024-04-14 00:00:00,0.24144533,NORMAL,0.2635244131088257,0.4121681749820709
2024-04-14 01:00:00,0.22772591,NORMAL,0.2635244131088257,0.4121681749820709
2024-04-14 02:00:00,0.2116215,NORMAL,0.2635244131088257,0.4121681749820709
2024-04-14 03:00:00,0.23922712,NORMAL,0.2635244131088257,0.4121681749820709
2024-04-14 04:00:00,0.28348657,WARNING,0.2635244131088257,0.4121681749820709
2024-04-14 05:00:00,0.326909,WARNING,0.2635244131088257,0.4121681749820709
2024-04-14 06:00:00,0.33432686,WARNING,0.2635244131088257,0.4121681749820709
2024-04-14 07:00:00,0.30640504,WARNING,0.2635244131088257,0.4121681749820709
2024-04-14 08:00:00,0.3227285,WARNING,0.2635244131088257,0.4121681749820709
2024-04-14 09:00:00,0.33298448,WARNING,0.2635244131088257,0.4121681749820709
2024-04-14 10:00:00,0.33486882,WARNING,0.2635244131088257,0.4121681749820709
2024-04-14 11:00:00,0.34277138,WARNING,0.2635244131088257,0.4121681749820709
2024-04-14 12:00:00,0.4132684,CRITICAL,0.2635244131088257,0.4121681749820709
2024-04-14 13:00:00,0.39073604,WARNING,0.2635244131088257,0.4121681749820709
2024-04-14 14:00:00,0.37949955,WARNING,0.2635244131088257,0.4121681749820709
2024-04-14 15:00:00,0.37975222,WARNING,0.2635244131088257,0.4121681749820709
2024-04-14 16:00:00,0.3932361,WARNING,0.2635244131088257,0.4121681749820709
2024-04-14 17:00:00,0.4029714,WARNING,0.2635244131088257,0.4121681749820709
2024-04-14 18:00:00,0.41704476,CRITICAL,0.2635244131088257,0.4121681749820709
2024-04-14 19:00:00,0.43500075,CRITICAL,0.2635244131088257,0.4121681749820709
2024-04-14 20:00:00,0.44402573,CRITICAL,0.2635244131088257,0.4121681749820709
2024-04-14 21:00:00,0.4484095,CRITICAL,0.2635244131088257,0.4121681749820709
2024-04-14 22:00:00,0.44068182,CRITICAL,0.2635244131088257,0.4121681749820709
2024-04-14 23:00:00,0.42128122,CRITICAL,0.2635244131088257,0.4121681749820709
2024-04-15 00:00:00,0.39755833,WARNING,0.2635244131088257,0.4121681749820709
2024-04-15 01:00:00,0.37375647,WARNING,0.2635244131088257,0.4121681749820709
2024-04-15 02:00:00,0.33731276,WARNING,0.2635244131088257,0.4121681749820709
2024-04-15 03:00:00,0.32367188,WARNING,0.2635244131088257,0.4121681749820709
2024-04-15 04:00:00,0.40746054,WARNING,0.2635244131088257,0.4121681749820709
2024-04-15 05:00:00,0.4543946,CRITICAL,0.2635244131088257,0.4121681749820709
2024-04-15 06:00:00,0.42946446,CRITICAL,0.2635244131088257,0.4121681749820709
2024-04-15 07:00:00,0.43979585,CRITICAL,0.2635244131088257,0.4121681749820709
2024-04-15 08:00:00,0.4453553,CRITICAL,0.2635244131088257,0.4121681749820709
2024-04-15 09:00:00,0.4436196,CRITICAL,0.2635244131088257,0.4121681749820709
2024-04-15 10:00:00,0.43943465,CRITICAL,0.2635244131088257,0.4121681749820709
2024-04-15 11:00:00,0.4470313,CRITICAL,0.2635244131088257,0.4121681749820709
2024-04-15 12:00:00,0.4120234,WARNING,0.2635244131088257,0.4121681749820709
2024-04-15 13:00:00,0.39093104,WARNING,0.2635244131088257,0.4121681749820709
2024-04-15 14:00:00,0.38743627,WARNING,0.2635244131088257,0.4121681749820709
2024-04-15 15:00:00,0.3971555,WARNING,0.2635244131088257,0.4121681749820709
2024-04-15 16:00:00,0.41451183,CRITICAL,0.2635244131088257,0.4121681749820709
2024-04-15 17:00:00,0.42055425,CRITICAL,0.2635244131088257,0.4121681749820709
2024-04-15 18:00:00,0.41139364,WARNING,0.2635244131088257,0.4121681749820709
2024-04-15 19:00:00,0.38785577,WARNING,0.2635244131088257,0.4121681749820709
2024-04-15 20:00:00,0.35079378,WARNING,0.2635244131088257,0.4121681749820709
2024-04-15 21:00:00,0.31003183,WARNING,0.2635244131088257,0.4121681749820709
2024-04-15 22:00:00,0.26989022,WARNING,0.2635244131088257,0.4121681749820709
2024-04-15 23:00:00,0.23599418,NORMAL,0.2635244131088257,0.4121681749820709
2024-04-16 00:00:00,0.2090573,NORMAL,0.2635244131088257,0.4121681749820709
2024-04-16 01:00:00,0.18622276,NORMAL,0.2635244131088257,0.4121681749820709
2024-04-16 02:00:00,0.15656091,NORMAL,0.2635244131088257,0.4121681749820709
2024-04-16 03:00:00,0.14009608,NORMAL,0.2635244131088257,0.4121681749820709
2024-04-16 04:00:00,0.13652813,NORMAL,0.2635244131088257,0.4121681749820709
2024-04-16 05:00:00,0.15061633,NORMAL,0.2635244131088257,0.4121681749820709
2024-04-16 06:00:00,0.16313797,NORMAL,0.2635244131088257,0.4121681749820709
2024-04-16 07:00:00,0.16147725,NORMAL,0.2635244131088257,0.4121681749820709
2024-04-16 08:00:00,0.15345632,NORMAL,0.2635244131088257,0.4121681749820709
2024-04-16 09:00:00,0.1468282,NORMAL,0.2635244131088257,0.4121681749820709
2024-04-16 10:00:00,0.13878335,NORMAL,0.2635244131088257,0.4121681749820709
2024-04-16 11:00:00,0.13080078,NORMAL,0.2635244131088257,0.4121681749820709
2024-04-16 12:00:00,0.12128757,NORMAL,0.2635244131088257,0.4121681749820709
2024-04-16 13:00:00,0.10848226,NORMAL,0.2635244131088257,0.4121681749820709
2024-04-16 14:00:00,0.09568547,NORMAL,0.2635244131088257,0.4121681749820709
2024-04-16 15:00:00,0.085758924,NORMAL,0.2635244131088257,0.4121681749820709
2024-04-16 16:00:00,0.08370836,NORMAL,0.2635244131088257,0.4121681749820709
2024-04-16 17:00:00,0.081219666,NORMAL,0.2635244131088257,0.4121681749820709
2024-04-16 18:00:00,0.07601575,NORMAL,0.2635244131088257,0.4121681749820709
2024-04-16 19:00:00,0.072016574,NORMAL,0.2635244131088257,0.4121681749820709
2024-04-16 20:00:00,0.06827216,NORMAL,0.2635244131088257,0.4121681749820709
2024-04-16 21:00:00,0.065379106,NORMAL,0.2635244131088257,0.4121681749820709
2024-04-16 22:00:00,0.06454566,NORMAL,0.2635244131088257,0.4121681749820709
2024-04-16 23:00:00,0.062524095,NORMAL,0.2635244131088257,0.4121681749820709
2024-04-17 00:00:00,0.06017624,NORMAL,0.2635244131088257,0.4121681749820709
2024-04-17 01:00:00,0.05847328,NORMAL,0.2635244131088257,0.4121681749820709
2024-04-17 02:00:00,0.062010698,NORMAL,0.2635244131088257,0.4121681749820709
2024-04-17 03:00:00,0.07197853,NORMAL,0.2635244131088257,0.4121681749820709
2024-04-17 04:00:00,0.076769836,NORMAL,0.2635244131088257,0.4121681749820709
2024-04-17 05:00:00,0.08665095,NORMAL,0.2635244131088257,0.4121681749820709
2024-04-17 06:00:00,0.09299166,NORMAL,0.2635244131088257,0.4121681749820709
2024-04-17 07:00:00,0.090256296,NORMAL,0.2635244131088257,0.4121681749820709
2024-04-17 08:00:00,0.085277915,NORMAL,0.2635244131088257,0.4121681749820709
2024-04-17 09:00:00,0.08248597,NORMAL,0.2635244131088257,0.4121681749820709
2024-04-17 10:00:00,0.07619935,NORMAL,0.2635244131088257,0.4121681749820709
2024-04-17 11:00:00,0.06993795,NORMAL,0.2635244131088257,0.4121681749820709
2024-04-17 12:00:00,0.06435198,NORMAL,0.2635244131088257,0.4121681749820709
2024-04-17 13:00:00,0.060313504,NORMAL,0.2635244131088257,0.4121681749820709
2024-04-17 14:00:00,0.057564512,NORMAL,0.2635244131088257,0.4121681749820709
2024-04-17 15:00:00,0.053746,NORMAL,0.2635244131088257,0.4121681749820709
2024-04-17 16:00:00,0.05126074,NORMAL,0.2635244131088257,0.4121681749820709
2024-04-17 17:00:00,0.05103451,NORMAL,0.2635244131088257,0.4121681749820709
2024-04-17 18:00:00,0.05319006,NORMAL,0.2635244131088257,0.4121681749820709
2024-04-17 19:00:00,0.05793486,NORMAL,0.2635244131088257,0.4121681749820709
2024-04-17 20:00:00,0.06302365,NORMAL,0.2635244131088257,0.4121681749820709
2024-04-17 21:00:00,0.066901445,NORMAL,0.2635244131088257,0.4121681749820709
2024-04-17 22:00:00,0.068843424,NORMAL,0.2635244131088257,0.4121681749820709
2024-04-17 23:00:00,0.07082621,NORMAL,0.2635244131088257,0.4121681749820709
2024-04-18 00:00:00,0.073176116,NORMAL,0.2635244131088257,0.4121681749820709
2024-04-18 01:00:00,0.07540167,NORMAL,0.2635244131088257,0.4121681749820709
2024-04-18 02:00:00,0.08539072,NORMAL,0.2635244131088257,0.4121681749820709
2024-04-18 03:00:00,0.09705663,NORMAL,0.2635244131088257,0.4121681749820709
2024-04-18 04:00:00,0.1020712,NORMAL,0.2635244131088257,0.4121681749820709
2024-04-18 05:00:00,0.11137051,NORMAL,0.2635244131088257,0.4121681749820709
2024-04-18 06:00:00,0.11815389,NORMAL,0.2635244131088257,0.4121681749820709
2024-04-18 07:00:00,0.12056269,NORMAL,0.2635244131088257,0.4121681749820709
2024-04-18 08:00:00,0.1219475,NORMAL,0.2635244131088257,0.4121681749820709
2024-04-18 09:00:00,0.12374049,NORMAL,0.2635244131088257,0.4121681749820709
2024-04-18 10:00:00,0.12257179,NORMAL,0.2635244131088257,0.4121681749820709
2024-04-18 11:00:00,0.11971721,NORMAL,0.2635244131088257,0.4121681749820709
2024-04-18 12:00:00,0.11817874,NORMAL,0.2635244131088257,0.4121681749820709
2024-04-18 13:00:00,0.11707462,NORMAL,0.2635244131088257,0.4121681749820709
2024-04-18 14:00:00,0.11823453,NORMAL,0.2635244131088257,0.4121681749820709
2024-04-18 15:00:00,0.1168031,NORMAL,0.2635244131088257,0.4121681749820709
2024-04-18 16:00:00,0.11228372,NORMAL,0.2635244131088257,0.4121681749820709
2024-04-18 17:00:00,0.1073179,NORMAL,0.2635244131088257,0.4121681749820709
2024-04-18 18:00:00,0.103282824,NORMAL,0.2635244131088257,0.4121681749820709
2024-04-18 19:00:00,0.10006037,NORMAL,0.2635244131088257,0.4121681749820709
2024-04-18 20:00:00,0.09786853,NORMAL,0.2635244131088257,0.4121681749820709
2024-04-18 21:00:00,0.09490784,NORMAL,0.2635244131088257,0.4121681749820709
2024-04-18 22:00:00,0.09353995,NORMAL,0.2635244131088257,0.4121681749820709
2024-04-18 23:00:00,0.09536369,NORMAL,0.2635244131088257,0.4121681749820709
2024-04-19 00:00:00,0.09993272,NORMAL,0.2635244131088257,0.4121681749820709
2024-04-19 01:00:00,0.106223136,NORMAL,0.2635244131088257,0.4121681749820709
2024-04-19 02:00:00,0.11390606,NORMAL,0.2635244131088257,0.4121681749820709
2024-04-19 03:00:00,0.11603778,NORMAL,0.2635244131088257,0.4121681749820709
2024-04-19 04:00:00,0.1133516,NORMAL,0.2635244131088257,0.4121681749820709
2024-04-19 05:00:00,0.11400088,NORMAL,0.2635244131088257,0.4121681749820709
2024-04-19 06:00:00,0.11782418,NORMAL,0.2635244131088257,0.4121681749820709
2024-04-19 07:00:00,0.11581213,NORMAL,0.2635244131088257,0.4121681749820709
2024-04-19 08:00:00,0.11293003,NORMAL,0.2635244131088257,0.4121681749820709
2024-04-19 09:00:00,0.112990886,NORMAL,0.2635244131088257,0.4121681749820709
2024-04-19 10:00:00,0.11303631,NORMAL,0.2635244131088257,0.4121681749820709
2024-04-19 11:00:00,0.11077523,NORMAL,0.2635244131088257,0.4121681749820709
2024-04-19 12:00:00,0.107382685,NORMAL,0.2635244131088257,0.4121681749820709
2024-04-19 13:00:00,0.10430821,NORMAL,0.2635244131088257,0.4121681749820709
2024-04-19 14:00:00,0.103435196,NORMAL,0.2635244131088257,0.4121681749820709
2024-04-19 15:00:00,0.10250027,NORMAL,0.2635244131088257,0.4121681749820709
2024-04-19 16:00:00,0.0995653,NORMAL,0.2635244131088257,0.4121681749820709
2024-04-19 17:00:00,0.0966346,NORMAL,0.2635244131088257,0.4121681749820709
2024-04-19 18:00:00,0.09558605,NORMAL,0.2635244131088257,0.4121681749820709
2024-04-19 19:00:00,0.09557692,NORMAL,0.2635244131088257,0.4121681749820709
2024-04-19 20:00:00,0.09595466,NORMAL,0.2635244131088257,0.4121681749820709
2024-04-19 21:00:00,0.09453915,NORMAL,0.2635244131088257,0.4121681749820709
2024-04-19 22:00:00,0.091711655,NORMAL,0.2635244131088257,0.4121681749820709
2024-04-19 23:00:00,0.09143552,NORMAL,0.2635244131088257,0.4121681749820709
2024-04-20 00:00:00,0.09096001,NORMAL,0.2635244131088257,0.4121681749820709
2024-04-20 01:00:00,0.089039415,NORMAL,0.2635244131088257,0.4121681749820709
2024-04-20 02:00:00,0.09265247,NORMAL,0.2635244131088257,0.4121681749820709
2024-04-20 03:00:00,0.09173759,NORMAL,0.2635244131088257,0.4121681749820709
2024-04-20 04:00:00,0.088389926,NORMAL,0.2635244131088257,0.4121681749820709
2024-04-20 05:00:00,0.09360386,NORMAL,0.2635244131088257,0.4121681749820709
2024-04-20 06:00:00,0.09863727,NORMAL,0.2635244131088257,0.4121681749820709
2024-04-20 07:00:00,0.09654595,NORMAL,0.2635244131088257,0.4121681749820709
2024-04-20 08:00:00,0.09467086,NORMAL,0.2635244131088257,0.4121681749820709
2024-04-20 09:00:00,0.09628517,NORMAL,0.2635244131088257,0.4121681749820709
2024-04-20 10:00:00,0.09802447,NORMAL,0.2635244131088257,0.4121681749820709
2024-04-20 11:00:00,0.09698407,NORMAL,0.2635244131088257,0.4121681749820709
2024-04-20 12:00:00,0.09491972,NORMAL,0.2635244131088257,0.4121681749820709
2024-04-20 13:00:00,0.094878644,NORMAL,0.2635244131088257,0.4121681749820709
2024-04-20 14:00:00,0.09721547,NORMAL,0.2635244131088257,0.4121681749820709
2024-04-20 15:00:00,0.0996883,NORMAL,0.2635244131088257,0.4121681749820709
2024-04-20 16:00:00,0.10076776,NORMAL,0.2635244131088257,0.4121681749820709
2024-04-20 17:00:00,0.10074017,NORMAL,0.2635244131088257,0.4121681749820709
2024-04-20 18:00:00,0.102555975,NORMAL,0.2635244131088257,0.4121681749820709
2024-04-20 19:00:00,0.10429293,NORMAL,0.2635244131088257,0.4121681749820709
2024-04-20 20:00:00,0.10326299,NORMAL,0.2635244131088257,0.4121681749820709
2024-04-20 21:00:00,0.098833516,NORMAL,0.2635244131088257,0.4121681749820709
2024-04-20 22:00:00,0.09227734,NORMAL,0.2635244131088257,0.4121681749820709
2024-04-20 23:00:00,0.09031201,NORMAL,0.2635244131088257,0.4121681749820709
2024-04-21 00:00:00,0.09100694,NORMAL,0.2635244131088257,0.4121681749820709
2024-04-21 01:00:00,0.08996243,NORMAL,0.2635244131088257,0.4121681749820709
2024-04-21 02:00:00,0.095626935,NORMAL,0.2635244131088257,0.4121681749820709
2024-04-21 03:00:00,0.09733436,NORMAL,0.2635244131088257,0.4121681749820709
2024-04-21 04:00:00,0.096940406,NORMAL,0.2635244131088257,0.4121681749820709
2024-04-21 05:00:00,0.103556424,NORMAL,0.2635244131088257,0.4121681749820709
2024-04-21 06:00:00,0.10726387,NORMAL,0.2635244131088257,0.4121681749820709
2024-04-21 07:00:00,0.104869284,NORMAL,0.2635244131088257,0.4121681749820709
2024-04-21 08:00:00,0.10294726,NORMAL,0.2635244131088257,0.4121681749820709
2024-04-21 09:00:00,0.103840694,NORMAL,0.2635244131088257,0.4121681749820709
2024-04-21 10:00:00,0.10282448,NORMAL,0.2635244131088257,0.4121681749820709
2024-04-21 11:00:00,0.1003713,NORMAL,0.2635244131088257,0.4121681749820709
2024-04-21 12:00:00,0.09779935,NORMAL,0.2635244131088257,0.4121681749820709
2024-04-21 13:00:00,0.09765295,NORMAL,0.2635244131088257,0.4121681749820709
2024-04-21 14:00:00,0.100172244,NORMAL,0.2635244131088257,0.4121681749820709
2024-04-21 15:00:00,0.10266265,NORMAL,0.2635244131088257,0.4121681749820709
2024-04-21 16:00:00,0.10459034,NORMAL,0.2635244131088257,0.4121681749820709
2024-04-21 17:00:00,0.10155961,NORMAL,0.2635244131088257,0.4121681749820709
2024-04-21 18:00:00,0.0990504,NORMAL,0.2635244131088257,0.4121681749820709
2024-04-21 19:00:00,0.09695901,NORMAL,0.2635244131088257,0.4121681749820709
2024-04-21 20:00:00,0.091902524,NORMAL,0.2635244131088257,0.4121681749820709
2024-04-21 21:00:00,0.08493822,NORMAL,0.2635244131088257,0.4121681749820709
2024-04-21 22:00:00,0.07555585,NORMAL,0.2635244131088257,0.4121681749820709
2024-04-21 23:00:00,0.06952485,NORMAL,0.2635244131088257,0.4121681749820709
2024-04-22 00:00:00,0.0685837,NORMAL,0.2635244131088257,0.4121681749820709
2024-04-22 01:00:00,0.06924818,NORMAL,0.2635244131088257,0.4121681749820709
2024-04-22 02:00:00,0.07729538,NORMAL,0.2635244131088257,0.4121681749820709
2024-04-22 03:00:00,0.0822822,NORMAL,0.2635244131088257,0.4121681749820709
2024-04-22 04:00:00,0.083548695,NORMAL,0.2635244131088257,0.4121681749820709
2024-04-22 05:00:00,0.095027864,NORMAL,0.2635244131088257,0.4121681749820709
2024-04-22 06:00:00,0.105373226,NORMAL,0.2635244131088257,0.4121681749820709
2024-04-22 07:00:00,0.10742298,NORMAL,0.2635244131088257,0.4121681749820709
2024-04-22 08:00:00,0.10498701,NORMAL,0.2635244131088257,0.4121681749820709
2024-04-22 09:00:00,0.10264842,NORMAL,0.2635244131088257,0.4121681749820709
2024-04-22 10:00:00,0.09773287,NORMAL,0.2635244131088257,0.4121681749820709
2024-04-22 11:00:00,0.09026989,NORMAL,0.2635244131088257,0.4121681749820709
2024-04-22 12:00:00,0.08205728,NORMAL,0.2635244131088257,0.4121681749820709
2024-04-22 13:00:00,0.07731996,NORMAL,0.2635244131088257,0.4121681749820709
2024-04-22 14:00:00,0.076310076,NORMAL,0.2635244131088257,0.4121681749820709
2024-04-22 15:00:00,0.07240234,NORMAL,0.2635244131088257,0.4121681749820709
2024-04-22 16:00:00,0.06608061,NORMAL,0.2635244131088257,0.4121681749820709
2024-04-22 17:00:00,0.06251038,NORMAL,0.2635244131088257,0.4121681749820709
2024-04-22 18:00:00,0.06001304,NORMAL,0.2635244131088257,0.4121681749820709
2024-04-22 19:00:00,0.058259122,NORMAL,0.2635244131088257,0.4121681749820709
2024-04-22 20:00:00,0.058937058,NORMAL,0.2635244131088257,0.4121681749820709
2024-04-22 21:00:00,0.058814004,NORMAL,0.2635244131088257,0.4121681749820709
2024-04-22 22:00:00,0.05964623,NORMAL,0.2635244131088257,0.4121681749820709
2024-04-22 23:00:00,0.062105615,NORMAL,0.2635244131088257,0.4121681749820709
2024-04-23 00:00:00,0.065715216,NORMAL,0.2635244131088257,0.4121681749820709
2024-04-23 01:00:00,0.07099518,NORMAL,0.2635244131088257,0.4121681749820709
2024-04-23 02:00:00,0.07879502,NORMAL,0.2635244131088257,0.4121681749820709
2024-04-23 03:00:00,0.08623392,NORMAL,0.2635244131088257,0.4121681749820709
2024-04-23 04:00:00,0.089436084,NORMAL,0.2635244131088257,0.4121681749820709
2024-04-23 05:00:00,0.0989184,NORMAL,0.2635244131088257,0.4121681749820709
2024-04-23 06:00:00,0.10542184,NORMAL,0.2635244131088257,0.4121681749820709
2024-04-23 07:00:00,0.10083025,NORMAL,0.2635244131088257,0.4121681749820709
2024-04-23 08:00:00,0.09402719,NORMAL,0.2635244131088257,0.4121681749820709
2024-04-23 09:00:00,0.091495685,NORMAL,0.2635244131088257,0.4121681749820709
2024-04-23 10:00:00,0.08857469,NORMAL,0.2635244131088257,0.4121681749820709
2024-04-23 11:00:00,0.08546582,NORMAL,0.2635244131088257,0.4121681749820709
2024-04-23 12:00:00,0.08187255,NORMAL,0.2635244131088257,0.4121681749820709
2024-04-23 13:00:00,0.08015622,NORMAL,0.2635244131088257,0.4121681749820709
2024-04-23 14:00:00,0.07855129,NORMAL,0.2635244131088257,0.4121681749820709
2024-04-23 15:00:00,0.075652204,NORMAL,0.2635244131088257,0.4121681749820709
2024-04-23 16:00:00,0.07268177,NORMAL,0.2635244131088257,0.4121681749820709
2024-04-23 17:00:00,0.068013646,NORMAL,0.2635244131088257,0.4121681749820709
2024-04-23 18:00:00,0.06932288,NORMAL,0.2635244131088257,0.4121681749820709
2024-04-23 19:00:00,0.075295135,NORMAL,0.2635244131088257,0.4121681749820709
2024-04-23 20:00:00,0.08129787,NORMAL,0.2635244131088257,0.4121681749820709
2024-04-23 21:00:00,0.08621536,NORMAL,0.2635244131088257,0.4121681749820709
2024-04-23 22:00:00,0.08338586,NORMAL,0.2635244131088257,0.4121681749820709
2024-04-23 23:00:00,0.0778127,NORMAL,0.2635244131088257,0.4121681749820709
2024-04-24 00:00:00,0.07662286,NORMAL,0.2635244131088257,0.4121681749820709
2024-04-24 01:00:00,0.076541014,NORMAL,0.2635244131088257,0.4121681749820709
2024-04-24 02:00:00,0.08799442,NORMAL,0.2635244131088257,0.4121681749820709
2024-04-24 03:00:00,0.09278646,NORMAL,0.2635244131088257,0.4121681749820709
2024-04-24 04:00:00,0.09264709,NORMAL,0.2635244131088257,0.4121681749820709
2024-04-24 05:00:00,0.10319427,NORMAL,0.2635244131088257,0.4121681749820709
2024-04-24 06:00:00,0.107441545,NORMAL,0.2635244131088257,0.4121681749820709
2024-04-24 07:00:00,0.104305774,NORMAL,0.2635244131088257,0.4121681749820709
2024-04-24 08:00:00,0.1033734,NORMAL,0.2635244131088257,0.4121681749820709
2024-04-24 09:00:00,0.10611831,NORMAL,0.2635244131088257,0.4121681749820709
2024-04-24 10:00:00,0.10582053,NORMAL,0.2635244131088257,0.4121681749820709
2024-04-24 11:00:00,0.10488735,NORMAL,0.2635244131088257,0.4121681749820709
2024-04-24 12:00:00,0.10449269,NORMAL,0.2635244131088257,0.4121681749820709
2024-04-24 13:00:00,0.107525736,NORMAL,0.2635244131088257,0.4121681749820709
2024-04-24 14:00:00,0.11330668,NORMAL,0.2635244131088257,0.4121681749820709
2024-04-24 15:00:00,0.11972957,NORMAL,0.2635244131088257,0.4121681749820709
2024-04-24 16:00:00,0.12654418,NORMAL,0.2635244131088257,0.4121681749820709
2024-04-24 17:00:00,0.12366021,NORMAL,0.2635244131088257,0.4121681749820709
2024-04-24 18:00:00,0.12297901,NORMAL,0.2635244131088257,0.4121681749820709
2024-04-24 19:00:00,0.124614015,NORMAL,0.2635244131088257,0.4121681749820709
2024-04-24 20:00:00,0.12170468,NORMAL,0.2635244131088257,0.4121681749820709
2024-04-24 21:00:00,0.117986545,NORMAL,0.2635244131088257,0.4121681749820709
2024-04-24 22:00:00,0.10682074,NORMAL,0.2635244131088257,0.4121681749820709
2024-04-24 23:00:00,0.093121916,NORMAL,0.2635244131088257,0.4121681749820709
2024-04-25 00:00:00,0.08581582,NORMAL,0.2635244131088257,0.4121681749820709
2024-04-25 01:00:00,0.08369786,NORMAL,0.2635244131088257,0.4121681749820709
2024-04-25 02:00:00,0.09567196,NORMAL,0.2635244131088257,0.4121681749820709
2024-04-25 03:00:00,0.103102714,NORMAL,0.2635244131088257,0.4121681749820709
2024-04-25 04:00:00,0.106257714,NORMAL,0.2635244131088257,0.4121681749820709
2024-04-25 05:00:00,0.116964,NORMAL,0.2635244131088257,0.4121681749820709
2024-04-25 06:00:00,0.120911516,NORMAL,0.2635244131088257,0.4121681749820709
2024-04-25 07:00:00,0.117748074,NORMAL,0.2635244131088257,0.4121681749820709
2024-04-25 08:00:00,0.11334535,NORMAL,0.2635244131088257,0.4121681749820709
2024-04-25 09:00:00,0.109785184,NORMAL,0.2635244131088257,0.4121681749820709
2024-04-25 10:00:00,0.10477726,NORMAL,0.2635244131088257,0.4121681749820709
2024-04-25 11:00:00,0.101926886,NORMAL,0.2635244131088257,0.4121681749820709
2024-04-25 12:00:00,0.10282846,NORMAL,0.2635244131088257,0.4121681749820709
2024-04-25 13:00:00,0.106946975,NORMAL,0.2635244131088257,0.4121681749820709
2024-04-25 14:00:00,0.11377711,NORMAL,0.2635244131088257,0.4121681749820709
2024-04-25 15:00:00,0.120183505,NORMAL,0.2635244131088257,0.4121681749820709
2024-04-25 16:00:00,0.124319464,NORMAL,0.2635244131088257,0.4121681749820709
2024-04-25 17:00:00,0.117140636,NORMAL,0.2635244131088257,0.4121681749820709
2024-04-25 18:00:00,0.11257727,NORMAL,0.2635244131088257,0.4121681749820709
2024-04-25 19:00:00,0.11059174,NORMAL,0.2635244131088257,0.4121681749820709
2024-04-25 20:00:00,0.10705246,NORMAL,0.2635244131088257,0.4121681749820709
2024-04-25 21:00:00,0.10633678,NORMAL,0.2635244131088257,0.4121681749820709
2024-04-25 22:00:00,0.09900006,NORMAL,0.2635244131088257,0.4121681749820709
2024-04-25 23:00:00,0.08908583,NORMAL,0.2635244131088257,0.4121681749820709
2024-04-26 00:00:00,0.083651766,NORMAL,0.2635244131088257,0.4121681749820709
2024-04-26 01:00:00,0.0838112,NORMAL,0.2635244131088257,0.4121681749820709
2024-04-26 02:00:00,0.09410581,NORMAL,0.2635244131088257,0.4121681749820709
2024-04-26 03:00:00,0.10190611,NORMAL,0.2635244131088257,0.4121681749820709
2024-04-26 04:00:00,0.10614405,NORMAL,0.2635244131088257,0.4121681749820709
2024-04-26 05:00:00,0.113682784,NORMAL,0.2635244131088257,0.4121681749820709
2024-04-26 06:00:00,0.11702699,NORMAL,0.2635244131088257,0.4121681749820709
2024-04-26 07:00:00,0.115765065,NORMAL,0.2635244131088257,0.4121681749820709
2024-04-26 08:00:00,0.11353013,NORMAL,0.2635244131088257,0.4121681749820709
2024-04-26 09:00:00,0.11257839,NORMAL,0.2635244131088257,0.4121681749820709
2024-04-26 10:00:00,0.10983079,NORMAL,0.2635244131088257,0.4121681749820709
2024-04-26 11:00:00,0.107461125,NORMAL,0.2635244131088257,0.4121681749820709
2024-04-26 12:00:00,0.1058446,NORMAL,0.2635244131088257,0.4121681749820709
2024-04-26 13:00:00,0.10548793,NORMAL,0.2635244131088257,0.4121681749820709
2024-04-26 14:00:00,0.10966164,NORMAL,0.2635244131088257,0.4121681749820709
2024-04-26 15:00:00,0.11325991,NORMAL,0.2635244131088257,0.4121681749820709
2024-04-26 16:00:00,0.11534308,NORMAL,0.2635244131088257,0.4121681749820709
2024-04-26 17:00:00,0.11034309,NORMAL,0.2635244131088257,0.4121681749820709
2024-04-26 18:00:00,0.10720547,NORMAL,0.2635244131088257,0.4121681749820709
2024-04-26 19:00:00,0.10611756,NORMAL,0.2635244131088257,0.4121681749820709
2024-04-26 20:00:00,0.102990836,NORMAL,0.2635244131088257,0.4121681749820709
2024-04-26 21:00:00,0.101598024,NORMAL,0.2635244131088257,0.4121681749820709
2024-04-26 22:00:00,0.092977785,NORMAL,0.2635244131088257,0.4121681749820709
2024-04-26 23:00:00,0.084007956,NORMAL,0.2635244131088257,0.4121681749820709
2024-04-27 00:00:00,0.08044934,NORMAL,0.2635244131088257,0.4121681749820709
2024-04-27 01:00:00,0.08272305,NORMAL,0.2635244131088257,0.4121681749820709
2024-04-27 02:00:00,0.09373619,NORMAL,0.2635244131088257,0.4121681749820709
2024-04-27 03:00:00,0.10275729,NORMAL,0.2635244131088257,0.4121681749820709
2024-04-27 04:00:00,0.10896782,NORMAL,0.2635244131088257,0.4121681749820709
2024-04-27 05:00:00,0.11673021,NORMAL,0.2635244131088257,0.4121681749820709
2024-04-27 06:00:00,0.12176606,NORMAL,0.2635244131088257,0.4121681749820709
2024-04-27 07:00:00,0.12277051,NORMAL,0.2635244131088257,0.4121681749820709
2024-04-27 08:00:00,0.1213612,NORMAL,0.2635244131088257,0.4121681749820709
2024-04-27 09:00:00,0.12010023,NORMAL,0.2635244131088257,0.4121681749820709
2024-04-27 10:00:00,0.11835429,NORMAL,0.2635244131088257,0.4121681749820709
2024-04-27 11:00:00,0.11398807,NORMAL,0.2635244131088257,0.4121681749820709
2024-04-27 12:00:00,0.1078244,NORMAL,0.2635244131088257,0.4121681749820709
2024-04-27 13:00:00,0.10264411,NORMAL,0.2635244131088257,0.4121681749820709
2024-04-27 14:00:00,0.10253884,NORMAL,0.2635244131088257,0.4121681749820709
2024-04-27 15:00:00,0.10148689,NORMAL,0.2635244131088257,0.4121681749820709
2024-04-27 16:00:00,0.10020416,NORMAL,0.2635244131088257,0.4121681749820709
2024-04-27 17:00:00,0.094119444,NORMAL,0.2635244131088257,0.4121681749820709
2024-04-27 18:00:00,0.09053249,NORMAL,0.2635244131088257,0.4121681749820709
2024-04-27 19:00:00,0.0899666,NORMAL,0.2635244131088257,0.4121681749820709
2024-04-27 20:00:00,0.09001404,NORMAL,0.2635244131088257,0.4121681749820709
2024-04-27 21:00:00,0.09244921,NORMAL,0.2635244131088257,0.4121681749820709
2024-04-27 22:00:00,0.0893383,NORMAL,0.2635244131088257,0.4121681749820709
2024-04-27 23:00:00,0.0809578,NORMAL,0.2635244131088257,0.4121681749820709
2024-04-28 00:00:00,0.074942134,NORMAL,0.2635244131088257,0.4121681749820709
2024-04-28 01:00:00,0.07285768,NORMAL,0.2635244131088257,0.4121681749820709
2024-04-28 02:00:00,0.079006195,NORMAL,0.2635244131088257,0.4121681749820709
2024-04-28 03:00:00,0.08311047,NORMAL,0.2635244131088257,0.4121681749820709
2024-04-28 04:00:00,0.084420726,NORMAL,0.2635244131088257,0.4121681749820709
2024-04-28 05:00:00,0.0902368,NORMAL,0.2635244131088257,0.4121681749820709
2024-04-28 06:00:00,0.09414557,NORMAL,0.2635244131088257,0.4121681749820709
2024-04-28 07:00:00,0.09245719,NORMAL,0.2635244131088257,0.4121681749820709
2024-04-28 08:00:00,0.090922765,NORMAL,0.2635244131088257,0.4121681749820709
2024-04-28 09:00:00,0.09133758,NORMAL,0.2635244131088257,0.4121681749820709
2024-04-28 10:00:00,0.08996484,NORMAL,0.2635244131088257,0.4121681749820709
2024-04-28 11:00:00,0.08800716,NORMAL,0.2635244131088257,0.4121681749820709
2024-04-28 12:00:00,0.086225316,NORMAL,0.2635244131088257,0.4121681749820709
2024-04-28 13:00:00,0.08666819,NORMAL,0.2635244131088257,0.4121681749820709
2024-04-28 14:00:00,0.09086527,NORMAL,0.2635244131088257,0.4121681749820709
2024-04-28 15:00:00,0.095524006,NORMAL,0.2635244131088257,0.4121681749820709
2024-04-28 16:00:00,0.100442104,NORMAL,0.2635244131088257,0.4121681749820709
2024-04-28 17:00:00,0.10016033,NORMAL,0.2635244131088257,0.4121681749820709
2024-04-28 18:00:00,0.10054202,NORMAL,0.2635244131088257,0.4121681749820709
2024-04-28 19:00:00,0.10145361,NORMAL,0.2635244131088257,0.4121681749820709
2024-04-28 20:00:00,0.099316835,NORMAL,0.2635244131088257,0.4121681749820709
2024-04-28 21:00:00,0.095873356,NORMAL,0.2635244131088257,0.4121681749820709
2024-04-28 22:00:00,0.08828746,NORMAL,0.2635244131088257,0.4121681749820709
2024-04-28 23:00:00,0.07977948,NORMAL,0.2635244131088257,0.4121681749820709
2024-04-29 00:00:00,0.07551837,NORMAL,0.2635244131088257,0.4121681749820709
2024-04-29 01:00:00,0.07474696,NORMAL,0.2635244131088257,0.4121681749820709
2024-04-29 02:00:00,0.08392112,NORMAL,0.2635244131088257,0.4121681749820709
2024-04-29 03:00:00,0.090982,NORMAL,0.2635244131088257,0.4121681749820709
2024-04-29 04:00:00,0.09448078,NORMAL,0.2635244131088257,0.4121681749820709
2024-04-29 05:00:00,0.10645567,NORMAL,0.2635244131088257,0.4121681749820709
2024-04-29 06:00:00,0.11745085,NORMAL,0.2635244131088257,0.4121681749820709
2024-04-29 07:00:00,0.1201021,NORMAL,0.2635244131088257,0.4121681749820709
2024-04-29 08:00:00,0.11819535,NORMAL,0.2635244131088257,0.4121681749820709
2024-04-29 09:00:00,0.11489814,NORMAL,0.2635244131088257,0.4121681749820709
2024-04-29 10:00:00,0.109582216,NORMAL,0.2635244131088257,0.4121681749820709
2024-04-29 11:00:00,0.10291168,NORMAL,0.2635244131088257,0.4121681749820709
2024-04-29 12:00:00,0.09640679,NORMAL,0.2635244131088257,0.4121681749820709
2024-04-29 13:00:00,0.09266423,NORMAL,0.2635244131088257,0.4121681749820709
2024-04-29 14:00:00,0.0946213,NORMAL,0.2635244131088257,0.4121681749820709
2024-04-29 15:00:00,0.094931364,NORMAL,0.2635244131088257,0.4121681749820709
2024-04-29 16:00:00,0.09311142,NORMAL,0.2635244131088257,0.4121681749820709
2024-04-29 17:00:00,0.089737184,NORMAL,0.2635244131088257,0.4121681749820709
2024-04-29 18:00:00,0.08578255,NORMAL,0.2635244131088257,0.4121681749820709
2024-04-29 19:00:00,0.08191706,NORMAL,0.2635244131088257,0.4121681749820709
2024-04-29 20:00:00,0.07872486,NORMAL,0.2635244131088257,0.4121681749820709
2024-04-29 21:00:00,0.075881675,NORMAL,0.2635244131088257,0.4121681749820709
2024-04-29 22:00:00,0.07092518,NORMAL,0.2635244131088257,0.4121681749820709
2024-04-29 23:00:00,0.0695697,NORMAL,0.2635244131088257,0.4121681749820709
2024-04-30 00:00:00,0.072624005,NORMAL,0.2635244131088257,0.4121681749820709
2024-04-30 01:00:00,0.07753141,NORMAL,0.2635244131088257,0.4121681749820709
2024-04-30 02:00:00,0.09237215,NORMAL,0.2635244131088257,0.4121681749820709
2024-04-30 03:00:00,0.10392985,NORMAL,0.2635244131088257,0.4121681749820709
2024-04-30 04:00:00,0.10769667,NORMAL,0.2635244131088257,0.4121681749820709
2024-04-30 05:00:00,0.11790509,NORMAL,0.2635244131088257,0.4121681749820709
2024-04-30 06:00:00,0.12445871,NORMAL,0.2635244131088257,0.4121681749820709
2024-04-30 07:00:00,0.12607116,NORMAL,0.2635244131088257,0.4121681749820709
2024-04-30 08:00:00,0.131905,NORMAL,0.2635244131088257,0.4121681749820709
2024-04-30 09:00:00,0.14020367,NORMAL,0.2635244131088257,0.4121681749820709
2024-04-30 10:00:00,0.14556211,NORMAL,0.2635244131088257,0.4121681749820709
2024-04-30 11:00:00,0.15064658,NORMAL,0.2635244131088257,0.4121681749820709
2024-04-30 12:00:00,0.15530235,NORMAL,0.2635244131088257,0.4121681749820709
2024-04-30 13:00:00,0.16112822,NORMAL,0.2635244131088257,0.4121681749820709
2024-04-30 14:00:00,0.16726719,NORMAL,0.2635244131088257,0.4121681749820709
2024-04-30 15:00:00,0.17272262,NORMAL,0.2635244131088257,0.4121681749820709
2024-04-30 16:00:00,0.1770655,NORMAL,0.2635244131088257,0.4121681749820709
2024-04-30 17:00:00,0.17388463,NORMAL,0.2635244131088257,0.4121681749820709
2024-04-30 18:00:00,0.17206465,NORMAL,0.2635244131088257,0.4121681749820709
2024-04-30 19:00:00,0.17488824,NORMAL,0.2635244131088257,0.4121681749820709
2024-04-30 20:00:00,0.17535043,NORMAL,0.2635244131088257,0.4121681749820709
2024-04-30 21:00:00,0.17405476,NORMAL,0.2635244131088257,0.4121681749820709
2024-04-30 22:00:00,0.16698377,NORMAL,0.2635244131088257,0.4121681749820709
2024-04-30 23:00:00,0.16312408,NORMAL,0.2635244131088257,0.4121681749820709
2024-05-01 00:00:00,0.16646639,NORMAL,0.2635244131088257,0.4121681749820709
2024-05-01 01:00:00,0.16630626,NORMAL,0.2635244131088257,0.4121681749820709
2024-05-01 02:00:00,0.1771434,NORMAL,0.2635244131088257,0.4121681749820709
2024-05-01 03:00:00,0.17560901,NORMAL,0.2635244131088257,0.4121681749820709
2024-05-01 04:00:00,0.16934402,NORMAL,0.2635244131088257,0.4121681749820709
2024-05-01 05:00:00,0.17466068,NORMAL,0.2635244131088257,0.4121681749820709
2024-05-01 06:00:00,0.18120128,NORMAL,0.2635244131088257,0.4121681749820709
2024-05-01 07:00:00,0.18615805,NORMAL,0.2635244131088257,0.4121681749820709
2024-05-01 08:00:00,0.19332846,NORMAL,0.2635244131088257,0.4121681749820709
2024-05-01 09:00:00,0.20337857,NORMAL,0.2635244131088257,0.4121681749820709
2024-05-01 10:00:00,0.21148267,NORMAL,0.2635244131088257,0.4121681749820709
2024-05-01 11:00:00,0.21504438,NORMAL,0.2635244131088257,0.4121681749820709
2024-05-01 12:00:00,0.21637331,NORMAL,0.2635244131088257,0.4121681749820709
2024-05-01 13:00:00,0.2204935,NORMAL,0.2635244131088257,0.4121681749820709
2024-05-01 14:00:00,0.22891606,NORMAL,0.2635244131088257,0.4121681749820709
2024-05-01 15:00:00,0.23814702,NORMAL,0.2635244131088257,0.4121681749820709
2024-05-01 16:00:00,0.24639575,NORMAL,0.2635244131088257,0.4121681749820709
2024-05-01 17:00:00,0.24813949,NORMAL,0.2635244131088257,0.4121681749820709
2024-05-01 18:00:00,0.25141263,NORMAL,0.2635244131088257,0.4121681749820709
2024-05-01 19:00:00,0.2572183,NORMAL,0.2635244131088257,0.4121681749820709
2024-05-01 20:00:00,0.25845256,NORMAL,0.2635244131088257,0.4121681749820709
2024-05-01 21:00:00,0.2504952,NORMAL,0.2635244131088257,0.4121681749820709
2024-05-01 22:00:00,0.22641441,NORMAL,0.2635244131088257,0.4121681749820709
2024-05-01 23:00:00,0.21695375,NORMAL,0.2635244131088257,0.4121681749820709
2024-05-02 00:00:00,0.2171879,NORMAL,0.2635244131088257,0.4121681749820709
2024-05-02 01:00:00,0.21249245,NORMAL,0.2635244131088257,0.4121681749820709
2024-05-02 02:00:00,0.21941331,NORMAL,0.2635244131088257,0.4121681749820709
2024-05-02 03:00:00,0.21744129,NORMAL,0.2635244131088257,0.4121681749820709
2024-05-02 04:00:00,0.21429794,NORMAL,0.2635244131088257,0.4121681749820709
2024-05-02 05:00:00,0.22433859,NORMAL,0.2635244131088257,0.4121681749820709
2024-05-02 06:00:00,0.22911535,NORMAL,0.2635244131088257,0.4121681749820709
2024-05-02 07:00:00,0.22536224,NORMAL,0.2635244131088257,0.4121681749820709
2024-05-02 08:00:00,0.22024518,NORMAL,0.2635244131088257,0.4121681749820709
2024-05-02 09:00:00,0.21534517,NORMAL,0.2635244131088257,0.4121681749820709
2024-05-02 10:00:00,0.21068145,NORMAL,0.2635244131088257,0.4121681749820709
2024-05-02 11:00:00,0.2048127,NORMAL,0.2635244131088257,0.4121681749820709
2024-05-02 12:00:00,0.20028871,NORMAL,0.2635244131088257,0.4121681749820709
2024-05-02 13:00:00,0.20055906,NORMAL,0.2635244131088257,0.4121681749820709
2024-05-02 14:00:00,0.20415854,NORMAL,0.2635244131088257,0.4121681749820709
2024-05-02 15:00:00,0.20960887,NORMAL,0.2635244131088257,0.4121681749820709
2024-05-02 16:00:00,0.21512234,NORMAL,0.2635244131088257,0.4121681749820709
2024-05-02 17:00:00,0.21056408,NORMAL,0.2635244131088257,0.4121681749820709
2024-05-02 18:00:00,0.20590064,NORMAL,0.2635244131088257,0.4121681749820709
2024-05-02 19:00:00,0.20165522,NORMAL,0.2635244131088257,0.4121681749820709
2024-05-02 20:00:00,0.19105129,NORMAL,0.2635244131088257,0.4121681749820709
2024-05-02 21:00:00,0.17787391,NORMAL,0.2635244131088257,0.4121681749820709
2024-05-02 22:00:00,0.15975608,NORMAL,0.2635244131088257,0.4121681749820709
2024-05-02 23:00:00,0.15257856,NORMAL,0.2635244131088257,0.4121681749820709
2024-05-03 00:00:00,0.1572255,NORMAL,0.2635244131088257,0.4121681749820709
2024-05-03 01:00:00,0.15958646,NORMAL,0.2635244131088257,0.4121681749820709
2024-05-03 02:00:00,0.17676695,NORMAL,0.2635244131088257,0.4121681749820709
2024-05-03 03:00:00,0.17930739,NORMAL,0.2635244131088257,0.4121681749820709
2024-05-03 04:00:00,0.1763764,NORMAL,0.2635244131088257,0.4121681749820709
2024-05-03 05:00:00,0.18486364,NORMAL,0.2635244131088257,0.4121681749820709
2024-05-03 06:00:00,0.1874959,NORMAL,0.2635244131088257,0.4121681749820709
2024-05-03 07:00:00,0.18528318,NORMAL,0.2635244131088257,0.4121681749820709
2024-05-03 08:00:00,0.18476157,NORMAL,0.2635244131088257,0.4121681749820709
2024-05-03 09:00:00,0.18389232,NORMAL,0.2635244131088257,0.4121681749820709
2024-05-03 10:00:00,0.18088597,NORMAL,0.2635244131088257,0.4121681749820709
2024-05-03 11:00:00,0.17837042,NORMAL,0.2635244131088257,0.4121681749820709
2024-05-03 12:00:00,0.1788649,NORMAL,0.2635244131088257,0.4121681749820709
2024-05-03 13:00:00,0.18521504,NORMAL,0.2635244131088257,0.4121681749820709
2024-05-03 14:00:00,0.19553381,NORMAL,0.2635244131088257,0.4121681749820709
2024-05-03 15:00:00,0.20511262,NORMAL,0.2635244131088257,0.4121681749820709
2024-05-03 16:00:00,0.21100582,NORMAL,0.2635244131088257,0.4121681749820709
2024-05-03 17:00:00,0.2074565,NORMAL,0.2635244131088257,0.4121681749820709
2024-05-03 18:00:00,0.20359325,NORMAL,0.2635244131088257,0.4121681749820709
2024-05-03 19:00:00,0.19763428,NORMAL,0.2635244131088257,0.4121681749820709
2024-05-03 20:00:00,0.18336497,NORMAL,0.2635244131088257,0.4121681749820709
2024-05-03 21:00:00,0.16629143,NORMAL,0.2635244131088257,0.4121681749820709
2024-05-03 22:00:00,0.14395027,NORMAL,0.2635244131088257,0.4121681749820709
2024-05-03 23:00:00,0.12721384,NORMAL,0.2635244131088257,0.4121681749820709
2024-05-04 00:00:00,0.120467864,NORMAL,0.2635244131088257,0.4121681749820709
2024-05-04 01:00:00,0.11845382,NORMAL,0.2635244131088257,0.4121681749820709
2024-05-04 02:00:00,0.13091864,NORMAL,0.2635244131088257,0.4121681749820709
2024-05-04 03:00:00,0.13537425,NORMAL,0.2635244131088257,0.4121681749820709
2024-05-04 04:00:00,0.13586317,NORMAL,0.2635244131088257,0.4121681749820709
2024-05-04 05:00:00,0.14270867,NORMAL,0.2635244131088257,0.4121681749820709
2024-05-04 06:00:00,0.14684522,NORMAL,0.2635244131088257,0.4121681749820709
2024-05-04 07:00:00,0.14832704,NORMAL,0.2635244131088257,0.4121681749820709
2024-05-04 08:00:00,0.14911455,NORMAL,0.2635244131088257,0.4121681749820709
2024-05-04 09:00:00,0.14850667,NORMAL,0.2635244131088257,0.4121681749820709
2024-05-04 10:00:00,0.14753817,NORMAL,0.2635244131088257,0.4121681749820709
2024-05-04 11:00:00,0.14440373,NORMAL,0.2635244131088257,0.4121681749820709
2024-05-04 12:00:00,0.13957593,NORMAL,0.2635244131088257,0.4121681749820709
2024-05-04 13:00:00,0.13728897,NORMAL,0.2635244131088257,0.4121681749820709
2024-05-04 14:00:00,0.1386995,NORMAL,0.2635244131088257,0.4121681749820709
2024-05-04 15:00:00,0.13643877,NORMAL,0.2635244131088257,0.4121681749820709
2024-05-04 16:00:00,0.13123803,NORMAL,0.2635244131088257,0.4121681749820709
2024-05-04 17:00:00,0.12586443,NORMAL,0.2635244131088257,0.4121681749820709
2024-05-04 18:00:00,0.11828759,NORMAL,0.2635244131088257,0.4121681749820709
2024-05-04 19:00:00,0.110496074,NORMAL,0.2635244131088257,0.4121681749820709
2024-05-04 20:00:00,0.10418713,NORMAL,0.2635244131088257,0.4121681749820709
2024-05-04 21:00:00,0.09824659,NORMAL,0.2635244131088257,0.4121681749820709
2024-05-04 22:00:00,0.09326671,NORMAL,0.2635244131088257,0.4121681749820709
2024-05-04 23:00:00,0.09313321,NORMAL,0.2635244131088257,0.4121681749820709
2024-05-05 00:00:00,0.096667334,NORMAL,0.2635244131088257,0.4121681749820709
2024-05-05 01:00:00,0.10143469,NORMAL,0.2635244131088257,0.4121681749820709
2024-05-05 02:00:00,0.11029632,NORMAL,0.2635244131088257,0.4121681749820709
2024-05-05 03:00:00,0.115019135,NORMAL,0.2635244131088257,0.4121681749820709
2024-05-05 04:00:00,0.116260104,NORMAL,0.2635244131088257,0.4121681749820709
2024-05-05 05:00:00,0.11789346,NORMAL,0.2635244131088257,0.4121681749820709
2024-05-05 06:00:00,0.11522445,NORMAL,0.2635244131088257,0.4121681749820709
2024-05-05 07:00:00,0.1096282,NORMAL,0.2635244131088257,0.4121681749820709
2024-05-05 08:00:00,0.10372552,NORMAL,0.2635244131088257,0.4121681749820709
2024-05-05 09:00:00,0.10115937,NORMAL,0.2635244131088257,0.4121681749820709
2024-05-05 10:00:00,0.100918144,NORMAL,0.2635244131088257,0.4121681749820709
2024-05-05 11:00:00,0.09927599,NORMAL,0.2635244131088257,0.4121681749820709
2024-05-05 12:00:00,0.09607016,NORMAL,0.2635244131088257,0.4121681749820709
2024-05-05 13:00:00,0.09413248,NORMAL,0.2635244131088257,0.4121681749820709
2024-05-05 14:00:00,0.09560376,NORMAL,0.2635244131088257,0.4121681749820709
2024-05-05 15:00:00,0.09660686,NORMAL,0.2635244131088257,0.4121681749820709
2024-05-05 16:00:00,0.096698165,NORMAL,0.2635244131088257,0.4121681749820709
2024-05-05 17:00:00,0.09610533,NORMAL,0.2635244131088257,0.4121681749820709
2024-05-05 18:00:00,0.09648287,NORMAL,0.2635244131088257,0.4121681749820709
2024-05-05 19:00:00,0.097586945,NORMAL,0.2635244131088257,0.4121681749820709
2024-05-05 20:00:00,0.09680013,NORMAL,0.2635244131088257,0.4121681749820709
2024-05-05 21:00:00,0.09294987,NORMAL,0.2635244131088257,0.4121681749820709
2024-05-05 22:00:00,0.08313552,NORMAL,0.2635244131088257,0.4121681749820709
2024-05-05 23:00:00,0.07439032,NORMAL,0.2635244131088257,0.4121681749820709
2024-05-06 00:00:00,0.07020965,NORMAL,0.2635244131088257,0.4121681749820709
2024-05-06 01:00:00,0.06922857,NORMAL,0.2635244131088257,0.4121681749820709
2024-05-06 02:00:00,0.07449964,NORMAL,0.2635244131088257,0.4121681749820709
2024-05-06 03:00:00,0.07988212,NORMAL,0.2635244131088257,0.4121681749820709
2024-05-06 04:00:00,0.08683167,NORMAL,0.2635244131088257,0.4121681749820709
2024-05-06 05:00:00,0.09824609,NORMAL,0.2635244131088257,0.4121681749820709
2024-05-06 06:00:00,0.11046792,NORMAL,0.2635244131088257,0.4121681749820709
2024-05-06 07:00:00,0.11808983,NORMAL,0.2635244131088257,0.4121681749820709
2024-05-06 08:00:00,0.118591055,NORMAL,0.2635244131088257,0.4121681749820709
2024-05-06 09:00:00,0.116003565,NORMAL,0.2635244131088257,0.4121681749820709
2024-05-06 10:00:00,0.110002965,NORMAL,0.2635244131088257,0.4121681749820709
2024-05-06 11:00:00,0.10149058,NORMAL,0.2635244131088257,0.4121681749820709
2024-05-06 12:00:00,0.09308029,NORMAL,0.2635244131088257,0.4121681749820709
2024-05-06 13:00:00,0.08904123,NORMAL,0.2635244131088257,0.4121681749820709
2024-05-06 14:00:00,0.091091804,NORMAL,0.2635244131088257,0.4121681749820709
2024-05-06 15:00:00,0.093670584,NORMAL,0.2635244131088257,0.4121681749820709
2024-05-06 16:00:00,0.0965083,NORMAL,0.2635244131088257,0.4121681749820709
2024-05-06 17:00:00,0.09758285,NORMAL,0.2635244131088257,0.4121681749820709
2024-05-06 18:00:00,0.09732791,NORMAL,0.2635244131088257,0.4121681749820709
2024-05-06 19:00:00,0.09621986,NORMAL,0.2635244131088257,0.4121681749820709
2024-05-06 20:00:00,0.09475345,NORMAL,0.2635244131088257,0.4121681749820709
2024-05-06 21:00:00,0.09470918,NORMAL,0.2635244131088257,0.4121681749820709
2024-05-06 22:00:00,0.091141015,NORMAL,0.2635244131088257,0.4121681749820709
2024-05-06 23:00:00,0.084007226,NORMAL,0.2635244131088257,0.4121681749820709
2024-05-07 00:00:00,0.07811591,NORMAL,0.2635244131088257,0.4121681749820709
2024-05-07 01:00:00,0.07634441,NORMAL,0.2635244131088257,0.4121681749820709
2024-05-07 02:00:00,0.08096959,NORMAL,0.2635244131088257,0.4121681749820709
2024-05-07 03:00:00,0.08823599,NORMAL,0.2635244131088257,0.4121681749820709
2024-05-07 04:00:00,0.09798197,NORMAL,0.2635244131088257,0.4121681749820709
2024-05-07 05:00:00,0.11251664,NORMAL,0.2635244131088257,0.4121681749820709
2024-05-07 06:00:00,0.13104372,NORMAL,0.2635244131088257,0.4121681749820709
2024-05-07 07:00:00,0.1450791,NORMAL,0.2635244131088257,0.4121681749820709
2024-05-07 08:00:00,0.1501653,NORMAL,0.2635244131088257,0.4121681749820709
2024-05-07 09:00:00,0.1476662,NORMAL,0.2635244131088257,0.4121681749820709
2024-05-07 10:00:00,0.13704473,NORMAL,0.2635244131088257,0.4121681749820709
2024-05-07 11:00:00,0.12223499,NORMAL,0.2635244131088257,0.4121681749820709
2024-05-07 12:00:00,0.10786616,NORMAL,0.2635244131088257,0.4121681749820709
2024-05-07 13:00:00,0.10021266,NORMAL,0.2635244131088257,0.4121681749820709
2024-05-07 14:00:00,0.10373803,NORMAL,0.2635244131088257,0.4121681749820709
2024-05-07 15:00:00,0.109923966,NORMAL,0.2635244131088257,0.4121681749820709
2024-05-07 16:00:00,0.11780817,NORMAL,0.2635244131088257,0.4121681749820709
2024-05-07 17:00:00,0.124933615,NORMAL,0.2635244131088257,0.4121681749820709
2024-05-07 18:00:00,0.12937568,NORMAL,0.2635244131088257,0.4121681749820709
2024-05-07 19:00:00,0.13311733,NORMAL,0.2635244131088257,0.4121681749820709
2024-05-07 20:00:00,0.13404243,NORMAL,0.2635244131088257,0.4121681749820709
2024-05-07 21:00:00,0.13450882,NORMAL,0.2635244131088257,0.4121681749820709
2024-05-07 22:00:00,0.13435453,NORMAL,0.2635244131088257,0.4121681749820709
2024-05-07 23:00:00,0.12919827,NORMAL,0.2635244131088257,0.4121681749820709
2024-05-08 00:00:00,0.12226546,NORMAL,0.2635244131088257,0.4121681749820709
2024-05-08 01:00:00,0.11891898,NORMAL,0.2635244131088257,0.4121681749820709
2024-05-08 02:00:00,0.11347706,NORMAL,0.2635244131088257,0.4121681749820709
2024-05-08 03:00:00,0.11796662,NORMAL,0.2635244131088257,0.4121681749820709
2024-05-08 04:00:00,0.12734951,NORMAL,0.2635244131088257,0.4121681749820709
2024-05-08 05:00:00,0.14132766,NORMAL,0.2635244131088257,0.4121681749820709
2024-05-08 06:00:00,0.16128084,NORMAL,0.2635244131088257,0.4121681749820709
2024-05-08 07:00:00,0.17261913,NORMAL,0.2635244131088257,0.4121681749820709
2024-05-08 08:00:00,0.17185687,NORMAL,0.2635244131088257,0.4121681749820709
2024-05-08 09:00:00,0.16539027,NORMAL,0.2635244131088257,0.4121681749820709
2024-05-08 10:00:00,0.1541211,NORMAL,0.2635244131088257,0.4121681749820709
2024-05-08 11:00:00,0.14071804,NORMAL,0.2635244131088257,0.4121681749820709
2024-05-08 12:00:00,0.13048016,NORMAL,0.2635244131088257,0.4121681749820709
2024-05-08 13:00:00,0.12681897,NORMAL,0.2635244131088257,0.4121681749820709
2024-05-08 14:00:00,0.13516188,NORMAL,0.2635244131088257,0.4121681749820709
2024-05-08 15:00:00,0.1441849,NORMAL,0.2635244131088257,0.4121681749820709
2024-05-08 16:00:00,0.15349688,NORMAL,0.2635244131088257,0.4121681749820709
2024-05-08 17:00:00,0.16003165,NORMAL,0.2635244131088257,0.4121681749820709
2024-05-08 18:00:00,0.16624603,NORMAL,0.2635244131088257,0.4121681749820709
2024-05-08 19:00:00,0.17286468,NORMAL,0.2635244131088257,0.4121681749820709
2024-05-08 20:00:00,0.1742656,NORMAL,0.2635244131088257,0.4121681749820709
2024-05-08 21:00:00,0.17327534,NORMAL,0.2635244131088257,0.4121681749820709
2024-05-08 22:00:00,0.16729757,NORMAL,0.2635244131088257,0.4121681749820709
2024-05-08 23:00:00,0.15934406,NORMAL,0.2635244131088257,0.4121681749820709
2024-05-09 00:00:00,0.1513069,NORMAL,0.2635244131088257,0.4121681749820709
2024-05-09 01:00:00,0.14542894,NORMAL,0.2635244131088257,0.4121681749820709
2024-05-09 02:00:00,0.14099494,NORMAL,0.2635244131088257,0.4121681749820709
2024-05-09 03:00:00,0.14407483,NORMAL,0.2635244131088257,0.4121681749820709
2024-05-09 04:00:00,0.14743072,NORMAL,0.2635244131088257,0.4121681749820709
2024-05-09 05:00:00,0.15230778,NORMAL,0.2635244131088257,0.4121681749820709
2024-05-09 06:00:00,0.15634912,NORMAL,0.2635244131088257,0.4121681749820709
2024-05-09 07:00:00,0.15618144,NORMAL,0.2635244131088257,0.4121681749820709
2024-05-09 08:00:00,0.14988972,NORMAL,0.2635244131088257,0.4121681749820709
2024-05-09 09:00:00,0.14104168,NORMAL,0.2635244131088257,0.4121681749820709
2024-05-09 10:00:00,0.12924822,NORMAL,0.2635244131088257,0.4121681749820709
2024-05-09 11:00:00,0.11787171,NORMAL,0.2635244131088257,0.4121681749820709
2024-05-09 12:00:00,0.10759565,NORMAL,0.2635244131088257,0.4121681749820709
2024-05-09 13:00:00,0.101384126,NORMAL,0.2635244131088257,0.4121681749820709
2024-05-09 14:00:00,0.10052582,NORMAL,0.2635244131088257,0.4121681749820709
2024-05-09 15:00:00,0.10051478,NORMAL,0.2635244131088257,0.4121681749820709
2024-05-09 16:00:00,0.10545356,NORMAL,0.2635244131088257,0.4121681749820709
2024-05-09 17:00:00,0.11135619,NORMAL,0.2635244131088257,0.4121681749820709
2024-05-09 18:00:00,0.11795179,NORMAL,0.2635244131088257,0.4121681749820709
2024-05-09 19:00:00,0.12545037,NORMAL,0.2635244131088257,0.4121681749820709
2024-05-09 20:00:00,0.1297249,NORMAL,0.2635244131088257,0.4121681749820709
2024-05-09 21:00:00,0.13431613,NORMAL,0.2635244131088257,0.4121681749820709
2024-05-09 22:00:00,0.13788067,NORMAL,0.2635244131088257,0.4121681749820709
2024-05-09 23:00:00,0.13849652,NORMAL,0.2635244131088257,0.4121681749820709
2024-05-10 00:00:00,0.13556838,NORMAL,0.2635244131088257,0.4121681749820709
2024-05-10 01:00:00,0.13319714,NORMAL,0.2635244131088257,0.4121681749820709
2024-05-10 02:00:00,0.12912692,NORMAL,0.2635244131088257,0.4121681749820709
2024-05-10 03:00:00,0.13138057,NORMAL,0.2635244131088257,0.4121681749820709
2024-05-10 04:00:00,0.13950157,NORMAL,0.2635244131088257,0.4121681749820709
2024-05-10 05:00:00,0.15367478,NORMAL,0.2635244131088257,0.4121681749820709
2024-05-10 06:00:00,0.17176907,NORMAL,0.2635244131088257,0.4121681749820709
2024-05-10 07:00:00,0.17905779,NORMAL,0.2635244131088257,0.4121681749820709
2024-05-10 08:00:00,0.17317025,NORMAL,0.2635244131088257,0.4121681749820709
2024-05-10 09:00:00,0.16106643,NORMAL,0.2635244131088257,0.4121681749820709
2024-05-10 10:00:00,0.14384441,NORMAL,0.2635244131088257,0.4121681749820709
2024-05-10 11:00:00,0.12673618,NORMAL,0.2635244131088257,0.4121681749820709
2024-05-10 12:00:00,0.1113848,NORMAL,0.2635244131088257,0.4121681749820709
2024-05-10 13:00:00,0.10424065,NORMAL,0.2635244131088257,0.4121681749820709
2024-05-10 14:00:00,0.110880524,NORMAL,0.2635244131088257,0.4121681749820709
2024-05-10 15:00:00,0.11580343,NORMAL,0.2635244131088257,0.4121681749820709
2024-05-10 16:00:00,0.12379573,NORMAL,0.2635244131088257,0.4121681749820709
2024-05-10 17:00:00,0.13355614,NORMAL,0.2635244131088257,0.4121681749820709
2024-05-10 18:00:00,0.14509116,NORMAL,0.2635244131088257,0.4121681749820709
2024-05-10 19:00:00,0.15669459,NORMAL,0.2635244131088257,0.4121681749820709
2024-05-10 20:00:00,0.16095074,NORMAL,0.2635244131088257,0.4121681749820709
2024-05-10 21:00:00,0.1638678,NORMAL,0.2635244131088257,0.4121681749820709
2024-05-10 22:00:00,0.16486526,NORMAL,0.2635244131088257,0.4121681749820709
2024-05-10 23:00:00,0.16553621,NORMAL,0.2635244131088257,0.4121681749820709
2024-05-11 00:00:00,0.16410412,NORMAL,0.2635244131088257,0.4121681749820709
2024-05-11 01:00:00,0.16048408,NORMAL,0.2635244131088257,0.4121681749820709
2024-05-11 02:00:00,0.15362632,NORMAL,0.2635244131088257,0.4121681749820709
2024-05-11 03:00:00,0.15712449,NORMAL,0.2635244131088257,0.4121681749820709
2024-05-11 04:00:00,0.17283638,NORMAL,0.2635244131088257,0.4121681749820709
2024-05-11 05:00:00,0.20464551,NORMAL,0.2635244131088257,0.4121681749820709
2024-05-11 06:00:00,0.2348498,NORMAL,0.2635244131088257,0.4121681749820709
2024-05-11 07:00:00,0.2472323,NORMAL,0.2635244131088257,0.4121681749820709
2024-05-11 08:00:00,0.24637955,NORMAL,0.2635244131088257,0.4121681749820709
2024-05-11 09:00:00,0.23808533,NORMAL,0.2635244131088257,0.4121681749820709
2024-05-11 10:00:00,0.22082408,NORMAL,0.2635244131088257,0.4121681749820709
2024-05-11 11:00:00,0.20018002,NORMAL,0.2635244131088257,0.4121681749820709
2024-05-11 12:00:00,0.17737447,NORMAL,0.2635244131088257,0.4121681749820709
2024-05-11 13:00:00,0.15821227,NORMAL,0.2635244131088257,0.4121681749820709
2024-05-11 14:00:00,0.14558648,NORMAL,0.2635244131088257,0.4121681749820709
2024-05-11 15:00:00,0.14605032,NORMAL,0.2635244131088257,0.4121681749820709
2024-05-11 16:00:00,0.15610056,NORMAL,0.2635244131088257,0.4121681749820709
2024-05-11 17:00:00,0.16787723,NORMAL,0.2635244131088257,0.4121681749820709
2024-05-11 18:00:00,0.17951031,NORMAL,0.2635244131088257,0.4121681749820709
2024-05-11 19:00:00,0.18951005,NORMAL,0.2635244131088257,0.4121681749820709
2024-05-11 20:00:00,0.19004713,NORMAL,0.2635244131088257,0.4121681749820709
2024-05-11 21:00:00,0.1891602,NORMAL,0.2635244131088257,0.4121681749820709
2024-05-11 22:00:00,0.18348676,NORMAL,0.2635244131088257,0.4121681749820709
2024-05-11 23:00:00,0.17745084,NORMAL,0.2635244131088257,0.4121681749820709
2024-05-12 00:00:00,0.16871746,NORMAL,0.2635244131088257,0.4121681749820709
2024-05-12 01:00:00,0.15812212,NORMAL,0.2635244131088257,0.4121681749820709
2024-05-12 02:00:00,0.14153723,NORMAL,0.2635244131088257,0.4121681749820709
2024-05-12 03:00:00,0.14034353,NORMAL,0.2635244131088257,0.4121681749820709
2024-05-12 04:00:00,0.15707809,NORMAL,0.2635244131088257,0.4121681749820709
2024-05-12 05:00:00,0.18903425,NORMAL,0.2635244131088257,0.4121681749820709
2024-05-12 06:00:00,0.21947157,NORMAL,0.2635244131088257,0.4121681749820709
2024-05-12 07:00:00,0.23288399,NORMAL,0.2635244131088257,0.4121681749820709
2024-05-12 08:00:00,0.23147324,NORMAL,0.2635244131088257,0.4121681749820709
2024-05-12 09:00:00,0.22231,NORMAL,0.2635244131088257,0.4121681749820709
2024-05-12 10:00:00,0.2043604,NORMAL,0.2635244131088257,0.4121681749820709
2024-05-12 11:00:00,0.18457791,NORMAL,0.2635244131088257,0.4121681749820709
2024-05-12 12:00:00,0.16494168,NORMAL,0.2635244131088257,0.4121681749820709
2024-05-12 13:00:00,0.15077537,NORMAL,0.2635244131088257,0.4121681749820709
2024-05-12 14:00:00,0.14339808,NORMAL,0.2635244131088257,0.4121681749820709
2024-05-12 15:00:00,0.14242965,NORMAL,0.2635244131088257,0.4121681749820709
2024-05-12 16:00:00,0.14767528,NORMAL,0.2635244131088257,0.4121681749820709
2024-05-12 17:00:00,0.15355873,NORMAL,0.2635244131088257,0.4121681749820709
2024-05-12 18:00:00,0.15801236,NORMAL,0.2635244131088257,0.4121681749820709
2024-05-12 19:00:00,0.16096477,NORMAL,0.2635244131088257,0.4121681749820709
2024-05-12 20:00:00,0.15587588,NORMAL,0.2635244131088257,0.4121681749820709
2024-05-12 21:00:00,0.15062307,NORMAL,0.2635244131088257,0.4121681749820709
2024-05-12 22:00:00,0.14603312,NORMAL,0.2635244131088257,0.4121681749820709
2024-05-12 23:00:00,0.14339535,NORMAL,0.2635244131088257,0.4121681749820709
2024-05-13 00:00:00,0.14143308,NORMAL,0.2635244131088257,0.4121681749820709
2024-05-13 01:00:00,0.14135474,NORMAL,0.2635244131088257,0.4121681749820709
2024-05-13 02:00:00,0.13704401,NORMAL,0.2635244131088257,0.4121681749820709
2024-05-13 03:00:00,0.14275554,NORMAL,0.2635244131088257,0.4121681749820709
2024-05-13 04:00:00,0.1569348,NORMAL,0.2635244131088257,0.4121681749820709
2024-05-13 05:00:00,0.17859042,NORMAL,0.2635244131088257,0.4121681749820709
2024-05-13 06:00:00,0.1951899,NORMAL,0.2635244131088257,0.4121681749820709
2024-05-13 07:00:00,0.19573146,NORMAL,0.2635244131088257,0.4121681749820709
2024-05-13 08:00:00,0.18599087,NORMAL,0.2635244131088257,0.4121681749820709
2024-05-13 09:00:00,0.1721502,NORMAL,0.2635244131088257,0.4121681749820709
2024-05-13 10:00:00,0.15271774,NORMAL,0.2635244131088257,0.4121681749820709
2024-05-13 11:00:00,0.13396166,NORMAL,0.2635244131088257,0.4121681749820709
2024-05-13 12:00:00,0.11907016,NORMAL,0.2635244131088257,0.4121681749820709
2024-05-13 13:00:00,0.11757942,NORMAL,0.2635244131088257,0.4121681749820709
2024-05-13 14:00:00,0.14391631,NORMAL,0.2635244131088257,0.4121681749820709
2024-05-13 15:00:00,0.15679318,NORMAL,0.2635244131088257,0.4121681749820709
2024-05-13 16:00:00,0.1730756,NORMAL,0.2635244131088257,0.4121681749820709
2024-05-13 17:00:00,0.18881764,NORMAL,0.2635244131088257,0.4121681749820709
2024-05-13 18:00:00,0.2053695,NORMAL,0.2635244131088257,0.4121681749820709
2024-05-13 19:00:00,0.22099382,NORMAL,0.2635244131088257,0.4121681749820709
2024-05-13 20:00:00,0.22658437,NORMAL,0.2635244131088257,0.4121681749820709
2024-05-13 21:00:00,0.22828394,NORMAL,0.2635244131088257,0.4121681749820709
2024-05-13 22:00:00,0.22526638,NORMAL,0.2635244131088257,0.4121681749820709
2024-05-13 23:00:00,0.21997745,NORMAL,0.2635244131088257,0.4121681749820709
2024-05-14 00:00:00,0.20906755,NORMAL,0.2635244131088257,0.4121681749820709
2024-05-14 01:00:00,0.19420314,NORMAL,0.2635244131088257,0.4121681749820709
2024-05-14 02:00:00,0.1767277,NORMAL,0.2635244131088257,0.4121681749820709
2024-05-14 03:00:00,0.1824976,NORMAL,0.2635244131088257,0.4121681749820709
2024-05-14 04:00:00,0.20063742,NORMAL,0.2635244131088257,0.4121681749820709
2024-05-14 05:00:00,0.23118833,NORMAL,0.2635244131088257,0.4121681749820709
2024-05-14 06:00:00,0.2482868,NORMAL,0.2635244131088257,0.4121681749820709
2024-05-14 07:00:00,0.24713618,NORMAL,0.2635244131088257,0.4121681749820709
2024-05-14 08:00:00,0.2365813,NORMAL,0.2635244131088257,0.4121681749820709
2024-05-14 09:00:00,0.2213513,NORMAL,0.2635244131088257,0.4121681749820709
2024-05-14 10:00:00,0.20298593,NORMAL,0.2635244131088257,0.4121681749820709
2024-05-14 11:00:00,0.18310802,NORMAL,0.2635244131088257,0.4121681749820709
2024-05-14 12:00:00,0.1653787,NORMAL,0.2635244131088257,0.4121681749820709
2024-05-14 13:00:00,0.16152547,NORMAL,0.2635244131088257,0.4121681749820709
2024-05-14 14:00:00,0.1526848,NORMAL,0.2635244131088257,0.4121681749820709
2024-05-14 15:00:00,0.15920204,NORMAL,0.2635244131088257,0.4121681749820709
2024-05-14 16:00:00,0.17404778,NORMAL,0.2635244131088257,0.4121681749820709
2024-05-14 17:00:00,0.1877168,NORMAL,0.2635244131088257,0.4121681749820709
2024-05-14 18:00:00,0.19784485,NORMAL,0.2635244131088257,0.4121681749820709
2024-05-14 19:00:00,0.2029571,NORMAL,0.2635244131088257,0.4121681749820709
2024-05-14 20:00:00,0.19943397,NORMAL,0.2635244131088257,0.4121681749820709
2024-05-14 21:00:00,0.19423908,NORMAL,0.2635244131088257,0.4121681749820709
2024-05-14 22:00:00,0.18677609,NORMAL,0.2635244131088257,0.4121681749820709
2024-05-14 23:00:00,0.18198566,NORMAL,0.2635244131088257,0.4121681749820709
2024-05-15 00:00:00,0.1770634,NORMAL,0.2635244131088257,0.4121681749820709
2024-05-15 01:00:00,0.17332652,NORMAL,0.2635244131088257,0.4121681749820709
2024-05-15 02:00:00,0.15863271,NORMAL,0.2635244131088257,0.4121681749820709
2024-05-15 03:00:00,0.15433432,NORMAL,0.2635244131088257,0.4121681749820709
2024-05-15 04:00:00,0.16449144,NORMAL,0.2635244131088257,0.4121681749820709
2024-05-15 05:00:00,0.18781723,NORMAL,0.2635244131088257,0.4121681749820709
2024-05-15 06:00:00,0.20831822,NORMAL,0.2635244131088257,0.4121681749820709
2024-05-15 07:00:00,0.20999162,NORMAL,0.2635244131088257,0.4121681749820709
2024-05-15 08:00:00,0.196646,NORMAL,0.2635244131088257,0.4121681749820709
2024-05-15 09:00:00,0.17920147,NORMAL,0.2635244131088257,0.4121681749820709
2024-05-15 10:00:00,0.15872847,NORMAL,0.2635244131088257,0.4121681749820709
2024-05-15 11:00:00,0.14087668,NORMAL,0.2635244131088257,0.4121681749820709
2024-05-15 12:00:00,0.1277174,NORMAL,0.2635244131088257,0.4121681749820709
2024-05-15 13:00:00,0.12575777,NORMAL,0.2635244131088257,0.4121681749820709
2024-05-15 14:00:00,0.13772008,NORMAL,0.2635244131088257,0.4121681749820709
2024-05-15 15:00:00,0.15403575,NORMAL,0.2635244131088257,0.4121681749820709
2024-05-15 16:00:00,0.17658973,NORMAL,0.2635244131088257,0.4121681749820709
2024-05-15 17:00:00,0.20018724,NORMAL,0.2635244131088257,0.4121681749820709
2024-05-15 18:00:00,0.22308628,NORMAL,0.2635244131088257,0.4121681749820709
2024-05-15 19:00:00,0.24222796,NORMAL,0.2635244131088257,0.4121681749820709
2024-05-15 20:00:00,0.24927211,NORMAL,0.2635244131088257,0.4121681749820709
2024-05-15 21:00:00,0.2501732,NORMAL,0.2635244131088257,0.4121681749820709
2024-05-15 22:00:00,0.24615468,NORMAL,0.2635244131088257,0.4121681749820709
2024-05-15 23:00:00,0.24199231,NORMAL,0.2635244131088257,0.4121681749820709
2024-05-16 00:00:00,0.23741211,NORMAL,0.2635244131088257,0.4121681749820709
2024-05-16 01:00:00,0.23462513,NORMAL,0.2635244131088257,0.4121681749820709
2024-05-16 02:00:00,0.21350296,NORMAL,0.2635244131088257,0.4121681749820709
2024-05-16 03:00:00,0.20189759,NORMAL,0.2635244131088257,0.4121681749820709
2024-05-16 04:00:00,0.21743988,NORMAL,0.2635244131088257,0.4121681749820709
2024-05-16 05:00:00,0.25608984,NORMAL,0.2635244131088257,0.4121681749820709
2024-05-16 06:00:00,0.27676138,WARNING,0.2635244131088257,0.4121681749820709
2024-05-16 07:00:00,0.26878154,WARNING,0.2635244131088257,0.4121681749820709
2024-05-16 08:00:00,0.24414195,NORMAL,0.2635244131088257,0.4121681749820709
2024-05-16 09:00:00,0.21886124,NORMAL,0.2635244131088257,0.4121681749820709
2024-05-16 10:00:00,0.19560623,NORMAL,0.2635244131088257,0.4121681749820709
2024-05-16 11:00:00,0.17444202,NORMAL,0.2635244131088257,0.4121681749820709
2024-05-16 12:00:00,0.1538002,NORMAL,0.2635244131088257,0.4121681749820709
2024-05-16 13:00:00,0.13850005,NORMAL,0.2635244131088257,0.4121681749820709
2024-05-16 14:00:00,0.1381122,NORMAL,0.2635244131088257,0.4121681749820709
2024-05-16 15:00:00,0.14039646,NORMAL,0.2635244131088257,0.4121681749820709
2024-05-16 16:00:00,0.14235078,NORMAL,0.2635244131088257,0.4121681749820709
2024-05-16 17:00:00,0.14227083,NORMAL,0.2635244131088257,0.4121681749820709
2024-05-16 18:00:00,0.13952321,NORMAL,0.2635244131088257,0.4121681749820709
2024-05-16 19:00:00,0.13517383,NORMAL,0.2635244131088257,0.4121681749820709
2024-05-16 20:00:00,0.13234949,NORMAL,0.2635244131088257,0.4121681749820709
2024-05-16 21:00:00,0.13237938,NORMAL,0.2635244131088257,0.4121681749820709
2024-05-16 22:00:00,0.13012668,NORMAL,0.2635244131088257,0.4121681749820709
2024-05-16 23:00:00,0.12673272,NORMAL,0.2635244131088257,0.4121681749820709
2024-05-17 00:00:00,0.122536406,NORMAL,0.2635244131088257,0.4121681749820709
2024-05-17 01:00:00,0.117804766,NORMAL,0.2635244131088257,0.4121681749820709
2024-05-17 02:00:00,0.11066247,NORMAL,0.2635244131088257,0.4121681749820709
2024-05-17 03:00:00,0.11228034,NORMAL,0.2635244131088257,0.4121681749820709
2024-05-17 04:00:00,0.11508923,NORMAL,0.2635244131088257,0.4121681749820709
2024-05-17 05:00:00,0.123633415,NORMAL,0.2635244131088257,0.4121681749820709
2024-05-17 06:00:00,0.13295132,NORMAL,0.2635244131088257,0.4121681749820709
2024-05-17 07:00:00,0.13109146,NORMAL,0.2635244131088257,0.4121681749820709
2024-05-17 08:00:00,0.11932887,NORMAL,0.2635244131088257,0.4121681749820709
2024-05-17 09:00:00,0.1065211,NORMAL,0.2635244131088257,0.4121681749820709
2024-05-17 10:00:00,0.09395865,NORMAL,0.2635244131088257,0.4121681749820709
2024-05-17 11:00:00,0.08156819,NORMAL,0.2635244131088257,0.4121681749820709
2024-05-17 12:00:00,0.07048443,NORMAL,0.2635244131088257,0.4121681749820709
2024-05-17 13:00:00,0.06551223,NORMAL,0.2635244131088257,0.4121681749820709
2024-05-17 14:00:00,0.0679048,NORMAL,0.2635244131088257,0.4121681749820709
2024-05-17 15:00:00,0.068773136,NORMAL,0.2635244131088257,0.4121681749820709
2024-05-17 16:00:00,0.068800464,NORMAL,0.2635244131088257,0.4121681749820709
2024-05-17 17:00:00,0.069275945,NORMAL,0.2635244131088257,0.4121681749820709
2024-05-17 18:00:00,0.06766119,NORMAL,0.2635244131088257,0.4121681749820709
2024-05-17 19:00:00,0.06570932,NORMAL,0.2635244131088257,0.4121681749820709
2024-05-17 20:00:00,0.0656983,NORMAL,0.2635244131088257,0.4121681749820709
2024-05-17 21:00:00,0.06693551,NORMAL,0.2635244131088257,0.4121681749820709
2024-05-17 22:00:00,0.0665391,NORMAL,0.2635244131088257,0.4121681749820709
2024-05-17 23:00:00,0.06437936,NORMAL,0.2635244131088257,0.4121681749820709
2024-05-18 00:00:00,0.0633695,NORMAL,0.2635244131088257,0.4121681749820709
2024-05-18 01:00:00,0.065654516,NORMAL,0.2635244131088257,0.4121681749820709
2024-05-18 02:00:00,0.070903026,NORMAL,0.2635244131088257,0.4121681749820709
2024-05-18 03:00:00,0.078292795,NORMAL,0.2635244131088257,0.4121681749820709
2024-05-18 04:00:00,0.08244935,NORMAL,0.2635244131088257,0.4121681749820709
2024-05-18 05:00:00,0.088395804,NORMAL,0.2635244131088257,0.4121681749820709
2024-05-18 06:00:00,0.09320841,NORMAL,0.2635244131088257,0.4121681749820709
2024-05-18 07:00:00,0.091077074,NORMAL,0.2635244131088257,0.4121681749820709
2024-05-18 08:00:00,0.08430909,NORMAL,0.2635244131088257,0.4121681749820709
2024-05-18 09:00:00,0.077839315,NORMAL,0.2635244131088257,0.4121681749820709
2024-05-18 10:00:00,0.070540294,NORMAL,0.2635244131088257,0.4121681749820709
2024-05-18 11:00:00,0.064447284,NORMAL,0.2635244131088257,0.4121681749820709
2024-05-18 12:00:00,0.059634447,NORMAL,0.2635244131088257,0.4121681749820709
2024-05-18 13:00:00,0.05742648,NORMAL,0.2635244131088257,0.4121681749820709
2024-05-18 14:00:00,0.059227705,NORMAL,0.2635244131088257,0.4121681749820709
2024-05-18 15:00:00,0.060226604,NORMAL,0.2635244131088257,0.4121681749820709
2024-05-18 16:00:00,0.059970565,NORMAL,0.2635244131088257,0.4121681749820709
2024-05-18 17:00:00,0.059142,NORMAL,0.2635244131088257,0.4121681749820709
2024-05-18 18:00:00,0.0581078,NORMAL,0.2635244131088257,0.4121681749820709
2024-05-18 19:00:00,0.058162913,NORMAL,0.2635244131088257,0.4121681749820709
2024-05-18 20:00:00,0.060233824,NORMAL,0.2635244131088257,0.4121681749820709
2024-05-18 21:00:00,0.062286396,NORMAL,0.2635244131088257,0.4121681749820709
2024-05-18 22:00:00,0.061683033,NORMAL,0.2635244131088257,0.4121681749820709
2024-05-18 23:00:00,0.059982233,NORMAL,0.2635244131088257,0.4121681749820709
2024-05-19 00:00:00,0.060358167,NORMAL,0.2635244131088257,0.4121681749820709
2024-05-19 01:00:00,0.062256914,NORMAL,0.2635244131088257,0.4121681749820709
2024-05-19 02:00:00,0.06747869,NORMAL,0.2635244131088257,0.4121681749820709
2024-05-19 03:00:00,0.07270959,NORMAL,0.2635244131088257,0.4121681749820709
2024-05-19 04:00:00,0.07642749,NORMAL,0.2635244131088257,0.4121681749820709
2024-05-19 05:00:00,0.07969085,NORMAL,0.2635244131088257,0.4121681749820709
2024-05-19 06:00:00,0.08197057,NORMAL,0.2635244131088257,0.4121681749820709
2024-05-19 07:00:00,0.081912115,NORMAL,0.2635244131088257,0.4121681749820709
2024-05-19 08:00:00,0.07903042,NORMAL,0.2635244131088257,0.4121681749820709
2024-05-19 09:00:00,0.076741524,NORMAL,0.2635244131088257,0.4121681749820709
2024-05-19 10:00:00,0.0746275,NORMAL,0.2635244131088257,0.4121681749820709
2024-05-19 11:00:00,0.07241143,NORMAL,0.2635244131088257,0.4121681749820709
2024-05-19 12:00:00,0.06977383,NORMAL,0.2635244131088257,0.4121681749820709
2024-05-19 13:00:00,0.06778711,NORMAL,0.2635244131088257,0.4121681749820709
2024-05-19 14:00:00,0.06937851,NORMAL,0.2635244131088257,0.4121681749820709
2024-05-19 15:00:00,0.07180545,NORMAL,0.2635244131088257,0.4121681749820709
2024-05-19 16:00:00,0.075290054,NORMAL,0.2635244131088257,0.4121681749820709
2024-05-19 17:00:00,0.0775741,NORMAL,0.2635244131088257,0.4121681749820709
2024-05-19 18:00:00,0.08076131,NORMAL,0.2635244131088257,0.4121681749820709
2024-05-19 19:00:00,0.08548817,NORMAL,0.2635244131088257,0.4121681749820709
2024-05-19 20:00:00,0.08974674,NORMAL,0.2635244131088257,0.4121681749820709
2024-05-19 21:00:00,0.09501951,NORMAL,0.2635244131088257,0.4121681749820709
2024-05-19 22:00:00,0.09375405,NORMAL,0.2635244131088257,0.4121681749820709
2024-05-19 23:00:00,0.08659587,NORMAL,0.2635244131088257,0.4121681749820709
2024-05-20 00:00:00,0.08053221,NORMAL,0.2635244131088257,0.4121681749820709
2024-05-20 01:00:00,0.07690333,NORMAL,0.2635244131088257,0.4121681749820709
2024-05-20 02:00:00,0.08079145,NORMAL,0.2635244131088257,0.4121681749820709
2024-05-20 03:00:00,0.084663264,NORMAL,0.2635244131088257,0.4121681749820709
2024-05-20 04:00:00,0.08930467,NORMAL,0.2635244131088257,0.4121681749820709
2024-05-20 05:00:00,0.095613144,NORMAL,0.2635244131088257,0.4121681749820709
2024-05-20 06:00:00,0.10333347,NORMAL,0.2635244131088257,0.4121681749820709
2024-05-20 07:00:00,0.11199948,NORMAL,0.2635244131088257,0.4121681749820709
2024-05-20 08:00:00,0.11692663,NORMAL,0.2635244131088257,0.4121681749820709
2024-05-20 09:00:00,0.11904711,NORMAL,0.2635244131088257,0.4121681749820709
2024-05-20 10:00:00,0.11192385,NORMAL,0.2635244131088257,0.4121681749820709
2024-05-20 11:00:00,0.10006764,NORMAL,0.2635244131088257,0.4121681749820709
2024-05-20 12:00:00,0.08656589,NORMAL,0.2635244131088257,0.4121681749820709
2024-05-20 13:00:00,0.07369104,NORMAL,0.2635244131088257,0.4121681749820709
2024-05-20 14:00:00,0.06910769,NORMAL,0.2635244131088257,0.4121681749820709
2024-05-20 15:00:00,0.068103544,NORMAL,0.2635244131088257,0.4121681749820709
2024-05-20 16:00:00,0.06979871,NORMAL,0.2635244131088257,0.4121681749820709
2024-05-20 17:00:00,0.07126462,NORMAL,0.2635244131088257,0.4121681749820709
2024-05-20 18:00:00,0.07240432,NORMAL,0.2635244131088257,0.4121681749820709
2024-05-20 19:00:00,0.072816886,NORMAL,0.2635244131088257,0.4121681749820709
2024-05-20 20:00:00,0.07425931,NORMAL,0.2635244131088257,0.4121681749820709
2024-05-20 21:00:00,0.07644994,NORMAL,0.2635244131088257,0.4121681749820709
2024-05-20 22:00:00,0.074211545,NORMAL,0.2635244131088257,0.4121681749820709
2024-05-20 23:00:00,0.06691864,NORMAL,0.2635244131088257,0.4121681749820709
2024-05-21 00:00:00,0.06109288,NORMAL,0.2635244131088257,0.4121681749820709
2024-05-21 01:00:00,0.059609678,NORMAL,0.2635244131088257,0.4121681749820709
2024-05-21 02:00:00,0.06337634,NORMAL,0.2635244131088257,0.4121681749820709
2024-05-21 03:00:00,0.06999363,NORMAL,0.2635244131088257,0.4121681749820709
2024-05-21 04:00:00,0.07750057,NORMAL,0.2635244131088257,0.4121681749820709
2024-05-21 05:00:00,0.081982404,NORMAL,0.2635244131088257,0.4121681749820709
2024-05-21 06:00:00,0.0869143,NORMAL,0.2635244131088257,0.4121681749820709
2024-05-21 07:00:00,0.0930086,NORMAL,0.2635244131088257,0.4121681749820709
2024-05-21 08:00:00,0.096981905,NORMAL,0.2635244131088257,0.4121681749820709
2024-05-21 09:00:00,0.10034108,NORMAL,0.2635244131088257,0.4121681749820709
2024-05-21 10:00:00,0.09947056,NORMAL,0.2635244131088257,0.4121681749820709
2024-05-21 11:00:00,0.09499746,NORMAL,0.2635244131088257,0.4121681749820709
2024-05-21 12:00:00,0.0896827,NORMAL,0.2635244131088257,0.4121681749820709
2024-05-21 13:00:00,0.08485869,NORMAL,0.2635244131088257,0.4121681749820709
2024-05-21 14:00:00,0.08655827,NORMAL,0.2635244131088257,0.4121681749820709
2024-05-21 15:00:00,0.09089677,NORMAL,0.2635244131088257,0.4121681749820709
2024-05-21 16:00:00,0.09817653,NORMAL,0.2635244131088257,0.4121681749820709
2024-05-21 17:00:00,0.105409175,NORMAL,0.2635244131088257,0.4121681749820709
2024-05-21 18:00:00,0.112018414,NORMAL,0.2635244131088257,0.4121681749820709
2024-05-21 19:00:00,0.11633449,NORMAL,0.2635244131088257,0.4121681749820709
2024-05-21 20:00:00,0.118015185,NORMAL,0.2635244131088257,0.4121681749820709
2024-05-21 21:00:00,0.12305406,NORMAL,0.2635244131088257,0.4121681749820709
2024-05-21 22:00:00,0.12631978,NORMAL,0.2635244131088257,0.4121681749820709
2024-05-21 23:00:00,0.122417465,NORMAL,0.2635244131088257,0.4121681749820709
2024-05-22 00:00:00,0.114130974,NORMAL,0.2635244131088257,0.4121681749820709
2024-05-22 01:00:00,0.10813926,NORMAL,0.2635244131088257,0.4121681749820709
2024-05-22 02:00:00,0.10678002,NORMAL,0.2635244131088257,0.4121681749820709
2024-05-22 03:00:00,0.11142659,NORMAL,0.2635244131088257,0.4121681749820709
2024-05-22 04:00:00,0.116975784,NORMAL,0.2635244131088257,0.4121681749820709
2024-05-22 05:00:00,0.11918937,NORMAL,0.2635244131088257,0.4121681749820709
2024-05-22 06:00:00,0.12110317,NORMAL,0.2635244131088257,0.4121681749820709
2024-05-22 07:00:00,0.121663965,NORMAL,0.2635244131088257,0.4121681749820709
2024-05-22 08:00:00,0.11589535,NORMAL,0.2635244131088257,0.4121681749820709
2024-05-22 09:00:00,0.1099668,NORMAL,0.2635244131088257,0.4121681749820709
2024-05-22 10:00:00,0.10139152,NORMAL,0.2635244131088257,0.4121681749820709
2024-05-22 11:00:00,0.0917195,NORMAL,0.2635244131088257,0.4121681749820709
2024-05-22 12:00:00,0.08106773,NORMAL,0.2635244131088257,0.4121681749820709
2024-05-22 13:00:00,0.06910041,NORMAL,0.2635244131088257,0.4121681749820709
2024-05-22 14:00:00,0.065794244,NORMAL,0.2635244131088257,0.4121681749820709
2024-05-22 15:00:00,0.0653452,NORMAL,0.2635244131088257,0.4121681749820709
2024-05-22 16:00:00,0.06708903,NORMAL,0.2635244131088257,0.4121681749820709
2024-05-22 17:00:00,0.07017966,NORMAL,0.2635244131088257,0.4121681749820709
2024-05-22 18:00:00,0.072998226,NORMAL,0.2635244131088257,0.4121681749820709
2024-05-22 19:00:00,0.07654946,NORMAL,0.2635244131088257,0.4121681749820709
2024-05-22 20:00:00,0.083012424,NORMAL,0.2635244131088257,0.4121681749820709
2024-05-22 21:00:00,0.09305546,NORMAL,0.2635244131088257,0.4121681749820709
2024-05-22 22:00:00,0.0979915,NORMAL,0.2635244131088257,0.4121681749820709
2024-05-22 23:00:00,0.09663254,NORMAL,0.2635244131088257,0.4121681749820709
2024-05-23 00:00:00,0.09531972,NORMAL,0.2635244131088257,0.4121681749820709
2024-05-23 01:00:00,0.09631421,NORMAL,0.2635244131088257,0.4121681749820709
2024-05-23 02:00:00,0.103839695,NORMAL,0.2635244131088257,0.4121681749820709
2024-05-23 03:00:00,0.11295904,NORMAL,0.2635244131088257,0.4121681749820709
2024-05-23 04:00:00,0.11930209,NORMAL,0.2635244131088257,0.4121681749820709
2024-05-23 05:00:00,0.118508816,NORMAL,0.2635244131088257,0.4121681749820709
2024-05-23 06:00:00,0.11632625,NORMAL,0.2635244131088257,0.4121681749820709
2024-05-23 07:00:00,0.11594733,NORMAL,0.2635244131088257,0.4121681749820709
2024-05-23 08:00:00,0.113299556,NORMAL,0.2635244131088257,0.4121681749820709
2024-05-23 09:00:00,0.11390253,NORMAL,0.2635244131088257,0.4121681749820709
2024-05-23 10:00:00,0.11289951,NORMAL,0.2635244131088257,0.4121681749820709
2024-05-23 11:00:00,0.10493476,NORMAL,0.2635244131088257,0.4121681749820709
2024-05-23 12:00:00,0.09003171,NORMAL,0.2635244131088257,0.4121681749820709
2024-05-23 13:00:00,0.074118994,NORMAL,0.2635244131088257,0.4121681749820709
2024-05-23 14:00:00,0.06714229,NORMAL,0.2635244131088257,0.4121681749820709
2024-05-23 15:00:00,0.06268666,NORMAL,0.2635244131088257,0.4121681749820709
2024-05-23 16:00:00,0.061864324,NORMAL,0.2635244131088257,0.4121681749820709
2024-05-23 17:00:00,0.0621955,NORMAL,0.2635244131088257,0.4121681749820709
2024-05-23 18:00:00,0.06457556,NORMAL,0.2635244131088257,0.4121681749820709
2024-05-23 19:00:00,0.070090346,NORMAL,0.2635244131088257,0.4121681749820709
2024-05-23 20:00:00,0.077572435,NORMAL,0.2635244131088257,0.4121681749820709
2024-05-23 21:00:00,0.08715817,NORMAL,0.2635244131088257,0.4121681749820709
2024-05-23 22:00:00,0.092437044,NORMAL,0.2635244131088257,0.4121681749820709
2024-05-23 23:00:00,0.09237186,NORMAL,0.2635244131088257,0.4121681749820709
2024-05-24 00:00:00,0.09300104,NORMAL,0.2635244131088257,0.4121681749820709
2024-05-24 01:00:00,0.095294595,NORMAL,0.2635244131088257,0.4121681749820709
2024-05-24 02:00:00,0.10409921,NORMAL,0.2635244131088257,0.4121681749820709
2024-05-24 03:00:00,0.11209987,NORMAL,0.2635244131088257,0.4121681749820709
2024-05-24 04:00:00,0.11700037,NORMAL,0.2635244131088257,0.4121681749820709
2024-05-24 05:00:00,0.11674872,NORMAL,0.2635244131088257,0.4121681749820709
2024-05-24 06:00:00,0.116506234,NORMAL,0.2635244131088257,0.4121681749820709
2024-05-24 07:00:00,0.11959563,NORMAL,0.2635244131088257,0.4121681749820709
2024-05-24 08:00:00,0.12181585,NORMAL,0.2635244131088257,0.4121681749820709
2024-05-24 09:00:00,0.12789318,NORMAL,0.2635244131088257,0.4121681749820709
2024-05-24 10:00:00,0.13335964,NORMAL,0.2635244131088257,0.4121681749820709
2024-05-24 11:00:00,0.13034537,NORMAL,0.2635244131088257,0.4121681749820709
2024-05-24 12:00:00,0.117156774,NORMAL,0.2635244131088257,0.4121681749820709
2024-05-24 13:00:00,0.10133951,NORMAL,0.2635244131088257,0.4121681749820709
2024-05-24 14:00:00,0.090984255,NORMAL,0.2635244131088257,0.4121681749820709
2024-05-24 15:00:00,0.08255866,NORMAL,0.2635244131088257,0.4121681749820709
2024-05-24 16:00:00,0.07934294,NORMAL,0.2635244131088257,0.4121681749820709
2024-05-24 17:00:00,0.07842362,NORMAL,0.2635244131088257,0.4121681749820709
2024-05-24 18:00:00,0.078922525,NORMAL,0.2635244131088257,0.4121681749820709
2024-05-24 19:00:00,0.08314792,NORMAL,0.2635244131088257,0.4121681749820709
2024-05-24 20:00:00,0.089927115,NORMAL,0.2635244131088257,0.4121681749820709
2024-05-24 21:00:00,0.09825431,NORMAL,0.2635244131088257,0.4121681749820709
2024-05-24 22:00:00,0.09678296,NORMAL,0.2635244131088257,0.4121681749820709
2024-05-24 23:00:00,0.08879915,NORMAL,0.2635244131088257,0.4121681749820709
2024-05-25 00:00:00,0.08526003,NORMAL,0.2635244131088257,0.4121681749820709
2024-05-25 01:00:00,0.08697012,NORMAL,0.2635244131088257,0.4121681749820709
2024-05-25 02:00:00,0.096688576,NORMAL,0.2635244131088257,0.4121681749820709
2024-05-25 03:00:00,0.10520472,NORMAL,0.2635244131088257,0.4121681749820709
2024-05-25 04:00:00,0.108369,NORMAL,0.2635244131088257,0.4121681749820709
2024-05-25 05:00:00,0.10577346,NORMAL,0.2635244131088257,0.4121681749820709
2024-05-25 06:00:00,0.10218253,NORMAL,0.2635244131088257,0.4121681749820709
2024-05-25 07:00:00,0.10094634,NORMAL,0.2635244131088257,0.4121681749820709
2024-05-25 08:00:00,0.09976067,NORMAL,0.2635244131088257,0.4121681749820709
2024-05-25 09:00:00,0.10062251,NORMAL,0.2635244131088257,0.4121681749820709
2024-05-25 10:00:00,0.09370828,NORMAL,0.2635244131088257,0.4121681749820709
2024-05-25 11:00:00,0.0797322,NORMAL,0.2635244131088257,0.4121681749820709
2024-05-25 12:00:00,0.06359051,NORMAL,0.2635244131088257,0.4121681749820709
2024-05-25 13:00:00,0.051604096,NORMAL,0.2635244131088257,0.4121681749820709
2024-05-25 14:00:00,0.04777042,NORMAL,0.2635244131088257,0.4121681749820709
2024-05-25 15:00:00,0.04661186,NORMAL,0.2635244131088257,0.4121681749820709
2024-05-25 16:00:00,0.048597164,NORMAL,0.2635244131088257,0.4121681749820709
2024-05-25 17:00:00,0.05282428,NORMAL,0.2635244131088257,0.4121681749820709
2024-05-25 18:00:00,0.05846188,NORMAL,0.2635244131088257,0.4121681749820709
2024-05-25 19:00:00,0.06569128,NORMAL,0.2635244131088257,0.4121681749820709
2024-05-25 20:00:00,0.07269306,NORMAL,0.2635244131088257,0.4121681749820709
2024-05-25 21:00:00,0.07814116,NORMAL,0.2635244131088257,0.4121681749820709
2024-05-25 22:00:00,0.07159997,NORMAL,0.2635244131088257,0.4121681749820709
2024-05-25 23:00:00,0.062278032,NORMAL,0.2635244131088257,0.4121681749820709
2024-05-26 00:00:00,0.06247476,NORMAL,0.2635244131088257,0.4121681749820709
2024-05-26 01:00:00,0.06717367,NORMAL,0.2635244131088257,0.4121681749820709
2024-05-26 02:00:00,0.07906139,NORMAL,0.2635244131088257,0.4121681749820709
2024-05-26 03:00:00,0.08858141,NORMAL,0.2635244131088257,0.4121681749820709
2024-05-26 04:00:00,0.090107076,NORMAL,0.2635244131088257,0.4121681749820709
2024-05-26 05:00:00,0.0872934,NORMAL,0.2635244131088257,0.4121681749820709
2024-05-26 06:00:00,0.085461535,NORMAL,0.2635244131088257,0.4121681749820709
2024-05-26 07:00:00,0.08138637,NORMAL,0.2635244131088257,0.4121681749820709
2024-05-26 08:00:00,0.07437645,NORMAL,0.2635244131088257,0.4121681749820709
2024-05-26 09:00:00,0.06658258,NORMAL,0.2635244131088257,0.4121681749820709
2024-05-26 10:00:00,0.05416615,NORMAL,0.2635244131088257,0.4121681749820709
2024-05-26 11:00:00,0.044212148,NORMAL,0.2635244131088257,0.4121681749820709
2024-05-26 12:00:00,0.037349418,NORMAL,0.2635244131088257,0.4121681749820709
2024-05-26 13:00:00,0.035603948,NORMAL,0.2635244131088257,0.4121681749820709
2024-05-26 14:00:00,0.03624024,NORMAL,0.2635244131088257,0.4121681749820709
2024-05-26 15:00:00,0.037217516,NORMAL,0.2635244131088257,0.4121681749820709
2024-05-26 16:00:00,0.038646623,NORMAL,0.2635244131088257,0.4121681749820709
2024-05-26 17:00:00,0.038988043,NORMAL,0.2635244131088257,0.4121681749820709
2024-05-26 18:00:00,0.040175952,NORMAL,0.2635244131088257,0.4121681749820709
2024-05-26 19:00:00,0.042913537,NORMAL,0.2635244131088257,0.4121681749820709
2024-05-26 20:00:00,0.04642643,NORMAL,0.2635244131088257,0.4121681749820709
2024-05-26 21:00:00,0.047781844,NORMAL,0.2635244131088257,0.4121681749820709
2024-05-26 22:00:00,0.0399583,NORMAL,0.2635244131088257,0.4121681749820709
2024-05-26 23:00:00,0.032476243,NORMAL,0.2635244131088257,0.4121681749820709
2024-05-27 00:00:00,0.03215398,NORMAL,0.2635244131088257,0.4121681749820709
2024-05-27 01:00:00,0.03548735,NORMAL,0.2635244131088257,0.4121681749820709
2024-05-27 02:00:00,0.043234527,NORMAL,0.2635244131088257,0.4121681749820709
2024-05-27 03:00:00,0.049808152,NORMAL,0.2635244131088257,0.4121681749820709
2024-05-27 04:00:00,0.051504746,NORMAL,0.2635244131088257,0.4121681749820709
2024-05-27 05:00:00,0.047699545,NORMAL,0.2635244131088257,0.4121681749820709
2024-05-27 06:00:00,0.04465058,NORMAL,0.2635244131088257,0.4121681749820709
2024-05-27 07:00:00,0.04494053,NORMAL,0.2635244131088257,0.4121681749820709
2024-05-27 08:00:00,0.048518125,NORMAL,0.2635244131088257,0.4121681749820709
2024-05-27 09:00:00,0.050818406,NORMAL,0.2635244131088257,0.4121681749820709
2024-05-27 10:00:00,0.048264086,NORMAL,0.2635244131088257,0.4121681749820709
2024-05-27 11:00:00,0.0446865,NORMAL,0.2635244131088257,0.4121681749820709
2024-05-27 12:00:00,0.041609883,NORMAL,0.2635244131088257,0.4121681749820709
2024-05-27 13:00:00,0.04199857,NORMAL,0.2635244131088257,0.4121681749820709
2024-05-27 14:00:00,0.043245222,NORMAL,0.2635244131088257,0.4121681749820709
2024-05-27 15:00:00,0.044600803,NORMAL,0.2635244131088257,0.4121681749820709
2024-05-27 16:00:00,0.0450234,NORMAL,0.2635244131088257,0.4121681749820709
2024-05-27 17:00:00,0.044938043,NORMAL,0.2635244131088257,0.4121681749820709
2024-05-27 18:00:00,0.042757943,NORMAL,0.2635244131088257,0.4121681749820709
2024-05-27 19:00:00,0.041203517,NORMAL,0.2635244131088257,0.4121681749820709
2024-05-27 20:00:00,0.041840978,NORMAL,0.2635244131088257,0.4121681749820709
2024-05-27 21:00:00,0.041258182,NORMAL,0.2635244131088257,0.4121681749820709
2024-05-27 22:00:00,0.0368936,NORMAL,0.2635244131088257,0.4121681749820709
2024-05-27 23:00:00,0.034630716,NORMAL,0.2635244131088257,0.4121681749820709
2024-05-28 00:00:00,0.035173494,NORMAL,0.2635244131088257,0.4121681749820709
2024-05-28 01:00:00,0.03752415,NORMAL,0.2635244131088257,0.4121681749820709
2024-05-28 02:00:00,0.041976698,NORMAL,0.2635244131088257,0.4121681749820709
2024-05-28 03:00:00,0.043108616,NORMAL,0.2635244131088257,0.4121681749820709
2024-05-28 04:00:00,0.039872274,NORMAL,0.2635244131088257,0.4121681749820709
2024-05-28 05:00:00,0.03677465,NORMAL,0.2635244131088257,0.4121681749820709
2024-05-28 06:00:00,0.036488406,NORMAL,0.2635244131088257,0.4121681749820709
2024-05-28 07:00:00,0.04057435,NORMAL,0.2635244131088257,0.4121681749820709
2024-05-28 08:00:00,0.048700836,NORMAL,0.2635244131088257,0.4121681749820709
2024-05-28 09:00:00,0.054542676,NORMAL,0.2635244131088257,0.4121681749820709
2024-05-28 10:00:00,0.05723674,NORMAL,0.2635244131088257,0.4121681749820709
2024-05-28 11:00:00,0.057730827,NORMAL,0.2635244131088257,0.4121681749820709
2024-05-28 12:00:00,0.057942763,NORMAL,0.2635244131088257,0.4121681749820709
2024-05-28 13:00:00,0.060473613,NORMAL,0.2635244131088257,0.4121681749820709
2024-05-28 14:00:00,0.061474383,NORMAL,0.2635244131088257,0.4121681749820709
2024-05-28 15:00:00,0.062055428,NORMAL,0.2635244131088257,0.4121681749820709
2024-05-28 16:00:00,0.06118001,NORMAL,0.2635244131088257,0.4121681749820709
2024-05-28 17:00:00,0.05917812,NORMAL,0.2635244131088257,0.4121681749820709
2024-05-28 18:00:00,0.05630277,NORMAL,0.2635244131088257,0.4121681749820709
2024-05-28 19:00:00,0.05371941,NORMAL,0.2635244131088257,0.4121681749820709
2024-05-28 20:00:00,0.05402036,NORMAL,0.2635244131088257,0.4121681749820709
2024-05-28 21:00:00,0.0534751,NORMAL,0.2635244131088257,0.4121681749820709
2024-05-28 22:00:00,0.051440775,NORMAL,0.2635244131088257,0.4121681749820709
2024-05-28 23:00:00,0.05080413,NORMAL,0.2635244131088257,0.4121681749820709
2024-05-29 00:00:00,0.052972768,NORMAL,0.2635244131088257,0.4121681749820709
2024-05-29 01:00:00,0.057148173,NORMAL,0.2635244131088257,0.4121681749820709
2024-05-29 02:00:00,0.063012764,NORMAL,0.2635244131088257,0.4121681749820709
2024-05-29 03:00:00,0.065018125,NORMAL,0.2635244131088257,0.4121681749820709
2024-05-29 04:00:00,0.062547535,NORMAL,0.2635244131088257,0.4121681749820709
2024-05-29 05:00:00,0.061033845,NORMAL,0.2635244131088257,0.4121681749820709
2024-05-29 06:00:00,0.059483144,NORMAL,0.2635244131088257,0.4121681749820709
2024-05-29 07:00:00,0.060466785,NORMAL,0.2635244131088257,0.4121681749820709
2024-05-29 08:00:00,0.0658025,NORMAL,0.2635244131088257,0.4121681749820709
2024-05-29 09:00:00,0.06692752,NORMAL,0.2635244131088257,0.4121681749820709
2024-05-29 10:00:00,0.06376011,NORMAL,0.2635244131088257,0.4121681749820709
2024-05-29 11:00:00,0.057976596,NORMAL,0.2635244131088257,0.4121681749820709
2024-05-29 12:00:00,0.053598985,NORMAL,0.2635244131088257,0.4121681749820709
2024-05-29 13:00:00,0.05338055,NORMAL,0.2635244131088257,0.4121681749820709
2024-05-29 14:00:00,0.0560984,NORMAL,0.2635244131088257,0.4121681749820709
2024-05-29 15:00:00,0.05910043,NORMAL,0.2635244131088257,0.4121681749820709
2024-05-29 16:00:00,0.06129188,NORMAL,0.2635244131088257,0.4121681749820709
2024-05-29 17:00:00,0.061565433,NORMAL,0.2635244131088257,0.4121681749820709
2024-05-29 18:00:00,0.05973545,NORMAL,0.2635244131088257,0.4121681749820709
2024-05-29 19:00:00,0.056989715,NORMAL,0.2635244131088257,0.4121681749820709
2024-05-29 20:00:00,0.055805523,NORMAL,0.2635244131088257,0.4121681749820709
2024-05-29 21:00:00,0.05397047,NORMAL,0.2635244131088257,0.4121681749820709
2024-05-29 22:00:00,0.051176675,NORMAL,0.2635244131088257,0.4121681749820709
2024-05-29 23:00:00,0.049796276,NORMAL,0.2635244131088257,0.4121681749820709
2024-05-30 00:00:00,0.052556794,NORMAL,0.2635244131088257,0.4121681749820709
2024-05-30 01:00:00,0.058207292,NORMAL,0.2635244131088257,0.4121681749820709
2024-05-30 02:00:00,0.066219315,NORMAL,0.2635244131088257,0.4121681749820709
2024-05-30 03:00:00,0.07334395,NORMAL,0.2635244131088257,0.4121681749820709
2024-05-30 04:00:00,0.0795489,NORMAL,0.2635244131088257,0.4121681749820709
2024-05-30 05:00:00,0.08492936,NORMAL,0.2635244131088257,0.4121681749820709
2024-05-30 06:00:00,0.08534857,NORMAL,0.2635244131088257,0.4121681749820709
2024-05-30 07:00:00,0.08279892,NORMAL,0.2635244131088257,0.4121681749820709
2024-05-30 08:00:00,0.07704665,NORMAL,0.2635244131088257,0.4121681749820709
2024-05-30 09:00:00,0.06993449,NORMAL,0.2635244131088257,0.4121681749820709
2024-05-30 10:00:00,0.061705187,NORMAL,0.2635244131088257,0.4121681749820709
2024-05-30 11:00:00,0.052290723,NORMAL,0.2635244131088257,0.4121681749820709
2024-05-30 12:00:00,0.043920014,NORMAL,0.2635244131088257,0.4121681749820709
2024-05-30 13:00:00,0.0394181,NORMAL,0.2635244131088257,0.4121681749820709
2024-05-30 14:00:00,0.041859474,NORMAL,0.2635244131088257,0.4121681749820709
2024-05-30 15:00:00,0.044865754,NORMAL,0.2635244131088257,0.4121681749820709
2024-05-30 16:00:00,0.04787685,NORMAL,0.2635244131088257,0.4121681749820709
2024-05-30 17:00:00,0.0502401,NORMAL,0.2635244131088257,0.4121681749820709
2024-05-30 18:00:00,0.04888808,NORMAL,0.2635244131088257,0.4121681749820709
2024-05-30 19:00:00,0.045630805,NORMAL,0.2635244131088257,0.4121681749820709
2024-05-30 20:00:00,0.042576827,NORMAL,0.2635244131088257,0.4121681749820709
2024-05-30 21:00:00,0.03869219,NORMAL,0.2635244131088257,0.4121681749820709
2024-05-30 22:00:00,0.03378564,NORMAL,0.2635244131088257,0.4121681749820709
2024-05-30 23:00:00,0.032764748,NORMAL,0.2635244131088257,0.4121681749820709
2024-05-31 00:00:00,0.03651008,NORMAL,0.2635244131088257,0.4121681749820709
2024-05-31 01:00:00,0.04138538,NORMAL,0.2635244131088257,0.4121681749820709
2024-05-31 02:00:00,0.04767492,NORMAL,0.2635244131088257,0.4121681749820709
2024-05-31 03:00:00,0.05400953,NORMAL,0.2635244131088257,0.4121681749820709
2024-05-31 04:00:00,0.06057821,NORMAL,0.2635244131088257,0.4121681749820709
2024-05-31 05:00:00,0.06871124,NORMAL,0.2635244131088257,0.4121681749820709
2024-05-31 06:00:00,0.07358323,NORMAL,0.2635244131088257,0.4121681749820709
2024-05-31 07:00:00,0.073510736,NORMAL,0.2635244131088257,0.4121681749820709
2024-05-31 08:00:00,0.06648031,NORMAL,0.2635244131088257,0.4121681749820709
2024-05-31 09:00:00,0.058310382,NORMAL,0.2635244131088257,0.4121681749820709
2024-05-31 10:00:00,0.05017381,NORMAL,0.2635244131088257,0.4121681749820709
2024-05-31 11:00:00,0.04193214,NORMAL,0.2635244131088257,0.4121681749820709
2024-05-31 12:00:00,0.034713645,NORMAL,0.2635244131088257,0.4121681749820709
2024-05-31 13:00:00,0.03126274,NORMAL,0.2635244131088257,0.4121681749820709
2024-05-31 14:00:00,0.034040544,NORMAL,0.2635244131088257,0.4121681749820709
2024-05-31 15:00:00,0.037169147,NORMAL,0.2635244131088257,0.4121681749820709
2024-05-31 16:00:00,0.040508773,NORMAL,0.2635244131088257,0.4121681749820709
2024-05-31 17:00:00,0.043700974,NORMAL,0.2635244131088257,0.4121681749820709
2024-05-31 18:00:00,0.043890297,NORMAL,0.2635244131088257,0.4121681749820709
2024-05-31 19:00:00,0.043286078,NORMAL,0.2635244131088257,0.4121681749820709
2024-05-31 20:00:00,0.042422883,NORMAL,0.2635244131088257,0.4121681749820709
2024-05-31 21:00:00,0.039025825,NORMAL,0.2635244131088257,0.4121681749820709
2024-05-31 22:00:00,0.034924164,NORMAL,0.2635244131088257,0.4121681749820709
2024-05-31 23:00:00,0.033944294,NORMAL,0.2635244131088257,0.4121681749820709
2024-06-01 00:00:00,0.037740212,NORMAL,0.2635244131088257,0.4121681749820709
2024-06-01 01:00:00,0.042603392,NORMAL,0.2635244131088257,0.4121681749820709
2024-06-01 02:00:00,0.05031614,NORMAL,0.2635244131088257,0.4121681749820709
2024-06-01 03:00:00,0.05830888,NORMAL,0.2635244131088257,0.4121681749820709
2024-06-01 04:00:00,0.06828243,NORMAL,0.2635244131088257,0.4121681749820709
2024-06-01 05:00:00,0.08196355,NORMAL,0.2635244131088257,0.4121681749820709
2024-06-01 06:00:00,0.09756313,NORMAL,0.2635244131088257,0.4121681749820709
2024-06-01 07:00:00,0.10711938,NORMAL,0.2635244131088257,0.4121681749820709
2024-06-01 08:00:00,0.10431948,NORMAL,0.2635244131088257,0.4121681749820709
2024-06-01 09:00:00,0.0969491,NORMAL,0.2635244131088257,0.4121681749820709
2024-06-01 10:00:00,0.08318877,NORMAL,0.2635244131088257,0.4121681749820709
2024-06-01 11:00:00,0.06761849,NORMAL,0.2635244131088257,0.4121681749820709
2024-06-01 12:00:00,0.05356706,NORMAL,0.2635244131088257,0.4121681749820709
2024-06-01 13:00:00,0.042425625,NORMAL,0.2635244131088257,0.4121681749820709
2024-06-01 14:00:00,0.041468006,NORMAL,0.2635244131088257,0.4121681749820709
2024-06-01 15:00:00,0.041253466,NORMAL,0.2635244131088257,0.4121681749820709
2024-06-01 16:00:00,0.042768873,NORMAL,0.2635244131088257,0.4121681749820709
2024-06-01 17:00:00,0.045611102,NORMAL,0.2635244131088257,0.4121681749820709
2024-06-01 18:00:00,0.042744838,NORMAL,0.2635244131088257,0.4121681749820709
2024-06-01 19:00:00,0.037898496,NORMAL,0.2635244131088257,0.4121681749820709
2024-06-01 20:00:00,0.032933753,NORMAL,0.2635244131088257,0.4121681749820709
2024-06-01 21:00:00,0.027791841,NORMAL,0.2635244131088257,0.4121681749820709
2024-06-01 22:00:00,0.024459453,NORMAL,0.2635244131088257,0.4121681749820709
2024-06-01 23:00:00,0.025606675,NORMAL,0.2635244131088257,0.4121681749820709
2024-06-02 00:00:00,0.029680468,NORMAL,0.2635244131088257,0.4121681749820709
2024-06-02 01:00:00,0.035040803,NORMAL,0.2635244131088257,0.4121681749820709
2024-06-02 02:00:00,0.041808173,NORMAL,0.2635244131088257,0.4121681749820709
2024-06-02 03:00:00,0.048975434,NORMAL,0.2635244131088257,0.4121681749820709
2024-06-02 04:00:00,0.057558894,NORMAL,0.2635244131088257,0.4121681749820709
2024-06-02 05:00:00,0.07127012,NORMAL,0.2635244131088257,0.4121681749820709
2024-06-02 06:00:00,0.08255647,NORMAL,0.2635244131088257,0.4121681749820709
2024-06-02 07:00:00,0.084696226,NORMAL,0.2635244131088257,0.4121681749820709
2024-06-02 08:00:00,0.07909712,NORMAL,0.2635244131088257,0.4121681749820709
2024-06-02 09:00:00,0.07186994,NORMAL,0.2635244131088257,0.4121681749820709
2024-06-02 10:00:00,0.060923774,NORMAL,0.2635244131088257,0.4121681749820709
2024-06-02 11:00:00,0.049526364,NORMAL,0.2635244131088257,0.4121681749820709
2024-06-02 12:00:00,0.040651567,NORMAL,0.2635244131088257,0.4121681749820709
2024-06-02 13:00:00,0.035121314,NORMAL,0.2635244131088257,0.4121681749820709
2024-06-02 14:00:00,0.03560297,NORMAL,0.2635244131088257,0.4121681749820709
2024-06-02 15:00:00,0.03480319,NORMAL,0.2635244131088257,0.4121681749820709
2024-06-02 16:00:00,0.035211977,NORMAL,0.2635244131088257,0.4121681749820709
2024-06-02 17:00:00,0.03478681,NORMAL,0.2635244131088257,0.4121681749820709
2024-06-02 18:00:00,0.029033158,NORMAL,0.2635244131088257,0.4121681749820709
2024-06-02 19:00:00,0.023374952,NORMAL,0.2635244131088257,0.4121681749820709
2024-06-02 20:00:00,0.02296627,NORMAL,0.2635244131088257,0.4121681749820709
2024-06-02 21:00:00,0.022308975,NORMAL,0.2635244131088257,0.4121681749820709
2024-06-02 22:00:00,0.020944215,NORMAL,0.2635244131088257,0.4121681749820709
2024-06-02 23:00:00,0.021551196,NORMAL,0.2635244131088257,0.4121681749820709
2024-06-03 00:00:00,0.02421414,NORMAL,0.2635244131088257,0.4121681749820709
2024-06-03 01:00:00,0.028959857,NORMAL,0.2635244131088257,0.4121681749820709
2024-06-03 02:00:00,0.034092896,NORMAL,0.2635244131088257,0.4121681749820709
2024-06-03 03:00:00,0.0377287,NORMAL,0.2635244131088257,0.4121681749820709
2024-06-03 04:00:00,0.040928807,NORMAL,0.2635244131088257,0.4121681749820709
2024-06-03 05:00:00,0.047803562,NORMAL,0.2635244131088257,0.4121681749820709
2024-06-03 06:00:00,0.05157555,NORMAL,0.2635244131088257,0.4121681749820709
2024-06-03 07:00:00,0.049995672,NORMAL,0.2635244131088257,0.4121681749820709
2024-06-03 08:00:00,0.047028333,NORMAL,0.2635244131088257,0.4121681749820709
2024-06-03 09:00:00,0.04480303,NORMAL,0.2635244131088257,0.4121681749820709
2024-06-03 10:00:00,0.041398324,NORMAL,0.2635244131088257,0.4121681749820709
2024-06-03 11:00:00,0.037276275,NORMAL,0.2635244131088257,0.4121681749820709
2024-06-03 12:00:00,0.033761,NORMAL,0.2635244131088257,0.4121681749820709
2024-06-03 13:00:00,0.03164879,NORMAL,0.2635244131088257,0.4121681749820709
2024-06-03 14:00:00,0.03024682,NORMAL,0.2635244131088257,0.4121681749820709
2024-06-03 15:00:00,0.02623498,NORMAL,0.2635244131088257,0.4121681749820709
2024-06-03 16:00:00,0.024333766,NORMAL,0.2635244131088257,0.4121681749820709
2024-06-03 17:00:00,0.022494545,NORMAL,0.2635244131088257,0.4121681749820709
2024-06-03 18:00:00,0.017909689,NORMAL,0.2635244131088257,0.4121681749820709
2024-06-03 19:00:00,0.014470211,NORMAL,0.2635244131088257,0.4121681749820709
2024-06-03 20:00:00,0.0141420765,NORMAL,0.2635244131088257,0.4121681749820709
2024-06-03 21:00:00,0.016050633,NORMAL,0.2635244131088257,0.4121681749820709
2024-06-03 22:00:00,0.018560091,NORMAL,0.2635244131088257,0.4121681749820709
2024-06-03 23:00:00,0.021275736,NORMAL,0.2635244131088257,0.4121681749820709
2024-06-04 00:00:00,0.02619915,NORMAL,0.2635244131088257,0.4121681749820709
2024-06-04 01:00:00,0.031987652,NORMAL,0.2635244131088257,0.4121681749820709
2024-06-04 02:00:00,0.036644496,NORMAL,0.2635244131088257,0.4121681749820709
2024-06-04 03:00:00,0.03807244,NORMAL,0.2635244131088257,0.4121681749820709
2024-06-04 04:00:00,0.040290263,NORMAL,0.2635244131088257,0.4121681749820709
2024-06-04 05:00:00,0.04774446,NORMAL,0.2635244131088257,0.4121681749820709
2024-06-04 06:00:00,0.053148773,NORMAL,0.2635244131088257,0.4121681749820709
2024-06-04 07:00:00,0.05686164,NORMAL,0.2635244131088257,0.4121681749820709
2024-06-04 08:00:00,0.05919454,NORMAL,0.2635244131088257,0.4121681749820709
2024-06-04 09:00:00,0.059805088,NORMAL,0.2635244131088257,0.4121681749820709
2024-06-04 10:00:00,0.058358286,NORMAL,0.2635244131088257,0.4121681749820709
2024-06-04 11:00:00,0.05356936,NORMAL,0.2635244131088257,0.4121681749820709
2024-06-04 12:00:00,0.048142,NORMAL,0.2635244131088257,0.4121681749820709
2024-06-04 13:00:00,0.04308586,NORMAL,0.2635244131088257,0.4121681749820709
2024-06-04 14:00:00,0.041904714,NORMAL,0.2635244131088257,0.4121681749820709
2024-06-04 15:00:00,0.041126914,NORMAL,0.2635244131088257,0.4121681749820709
2024-06-04 16:00:00,0.040114198,NORMAL,0.2635244131088257,0.4121681749820709
2024-06-04 17:00:00,0.038052008,NORMAL,0.2635244131088257,0.4121681749820709
2024-06-04 18:00:00,0.030796925,NORMAL,0.2635244131088257,0.4121681749820709
2024-06-04 19:00:00,0.027076295,NORMAL,0.2635244131088257,0.4121681749820709
2024-06-04 20:00:00,0.03054858,NORMAL,0.2635244131088257,0.4121681749820709
2024-06-04 21:00:00,0.0313987,NORMAL,0.2635244131088257,0.4121681749820709
2024-06-04 22:00:00,0.0288497,NORMAL,0.2635244131088257,0.4121681749820709
2024-06-04 23:00:00,0.028792553,NORMAL,0.2635244131088257,0.4121681749820709
2024-06-05 00:00:00,0.031062437,NORMAL,0.2635244131088257,0.4121681749820709
2024-06-05 01:00:00,0.034495115,NORMAL,0.2635244131088257,0.4121681749820709
2024-06-05 02:00:00,0.035371482,NORMAL,0.2635244131088257,0.4121681749820709
2024-06-05 03:00:00,0.037717197,NORMAL,0.2635244131088257,0.4121681749820709
2024-06-05 04:00:00,0.041281864,NORMAL,0.2635244131088257,0.4121681749820709
2024-06-05 05:00:00,0.046601832,NORMAL,0.2635244131088257,0.4121681749820709
2024-06-05 06:00:00,0.05064056,NORMAL,0.2635244131088257,0.4121681749820709
2024-06-05 07:00:00,0.052375387,NORMAL,0.2635244131088257,0.4121681749820709
2024-06-05 08:00:00,0.050565243,NORMAL,0.2635244131088257,0.4121681749820709
2024-06-05 09:00:00,0.047605697,NORMAL,0.2635244131088257,0.4121681749820709
2024-06-05 10:00:00,0.0468218,NORMAL,0.2635244131088257,0.4121681749820709
2024-06-05 11:00:00,0.043939337,NORMAL,0.2635244131088257,0.4121681749820709
2024-06-05 12:00:00,0.039546743,NORMAL,0.2635244131088257,0.4121681749820709
2024-06-05 13:00:00,0.035191014,NORMAL,0.2635244131088257,0.4121681749820709
2024-06-05 14:00:00,0.03212385,NORMAL,0.2635244131088257,0.4121681749820709
2024-06-05 15:00:00,0.027605478,NORMAL,0.2635244131088257,0.4121681749820709
2024-06-05 16:00:00,0.026470806,NORMAL,0.2635244131088257,0.4121681749820709
2024-06-05 17:00:00,0.026388088,NORMAL,0.2635244131088257,0.4121681749820709
2024-06-05 18:00:00,0.023829404,NORMAL,0.2635244131088257,0.4121681749820709
2024-06-05 19:00:00,0.022559024,NORMAL,0.2635244131088257,0.4121681749820709
2024-06-05 20:00:00,0.02439978,NORMAL,0.2635244131088257,0.4121681749820709
2024-06-05 21:00:00,0.024851386,NORMAL,0.2635244131088257,0.4121681749820709
2024-06-05 22:00:00,0.023188516,NORMAL,0.2635244131088257,0.4121681749820709
2024-06-05 23:00:00,0.022725865,NORMAL,0.2635244131088257,0.4121681749820709
2024-06-06 00:00:00,0.024641804,NORMAL,0.2635244131088257,0.4121681749820709
2024-06-06 01:00:00,0.027550813,NORMAL,0.2635244131088257,0.4121681749820709
2024-06-06 02:00:00,0.030070255,NORMAL,0.2635244131088257,0.4121681749820709
2024-06-06 03:00:00,0.03616429,NORMAL,0.2635244131088257,0.4121681749820709
2024-06-06 04:00:00,0.043364614,NORMAL,0.2635244131088257,0.4121681749820709
2024-06-06 05:00:00,0.0490113,NORMAL,0.2635244131088257,0.4121681749820709
2024-06-06 06:00:00,0.053579565,NORMAL,0.2635244131088257,0.4121681749820709
2024-06-06 07:00:00,0.056468673,NORMAL,0.2635244131088257,0.4121681749820709
2024-06-06 08:00:00,0.05553351,NORMAL,0.2635244131088257,0.4121681749820709
2024-06-06 09:00:00,0.053733185,NORMAL,0.2635244131088257,0.4121681749820709
2024-06-06 10:00:00,0.054159097,NORMAL,0.2635244131088257,0.4121681749820709
2024-06-06 11:00:00,0.053264204,NORMAL,0.2635244131088257,0.4121681749820709
2024-06-06 12:00:00,0.053963266,NORMAL,0.2635244131088257,0.4121681749820709
2024-06-06 13:00:00,0.05558253,NORMAL,0.2635244131088257,0.4121681749820709
2024-06-06 14:00:00,0.05048934,NORMAL,0.2635244131088257,0.4121681749820709
2024-06-06 15:00:00,0.0423422,NORMAL,0.2635244131088257,0.4121681749820709
2024-06-06 16:00:00,0.041095532,NORMAL,0.2635244131088257,0.4121681749820709
2024-06-06 17:00:00,0.04521576,NORMAL,0.2635244131088257,0.4121681749820709
2024-06-06 18:00:00,0.045445904,NORMAL,0.2635244131088257,0.4121681749820709
2024-06-06 19:00:00,0.042480484,NORMAL,0.2635244131088257,0.4121681749820709
2024-06-06 20:00:00,0.03830855,NORMAL,0.2635244131088257,0.4121681749820709
2024-06-06 21:00:00,0.03428518,NORMAL,0.2635244131088257,0.4121681749820709
2024-06-06 22:00:00,0.02812666,NORMAL,0.2635244131088257,0.4121681749820709
2024-06-06 23:00:00,0.023635892,NORMAL,0.2635244131088257,0.4121681749820709
2024-06-07 00:00:00,0.023784779,NORMAL,0.2635244131088257,0.4121681749820709
2024-06-07 01:00:00,0.026223637,NORMAL,0.2635244131088257,0.4121681749820709
2024-06-07 02:00:00,0.033985708,NORMAL,0.2635244131088257,0.4121681749820709
2024-06-07 03:00:00,0.045406904,NORMAL,0.2635244131088257,0.4121681749820709
2024-06-07 04:00:00,0.052050512,NORMAL,0.2635244131088257,0.4121681749820709
2024-06-07 05:00:00,0.0579006,NORMAL,0.2635244131088257,0.4121681749820709
2024-06-07 06:00:00,0.05887936,NORMAL,0.2635244131088257,0.4121681749820709
2024-06-07 07:00:00,0.053889304,NORMAL,0.2635244131088257,0.4121681749820709
2024-06-07 08:00:00,0.047553744,NORMAL,0.2635244131088257,0.4121681749820709
2024-06-07 09:00:00,0.04495973,NORMAL,0.2635244131088257,0.4121681749820709
2024-06-07 10:00:00,0.04452508,NORMAL,0.2635244131088257,0.4121681749820709
2024-06-07 11:00:00,0.046271987,NORMAL,0.2635244131088257,0.4121681749820709
2024-06-07 12:00:00,0.047828358,NORMAL,0.2635244131088257,0.4121681749820709
2024-06-07 13:00:00,0.04905397,NORMAL,0.2635244131088257,0.4121681749820709
2024-06-07 14:00:00,0.04581597,NORMAL,0.2635244131088257,0.4121681749820709
2024-06-07 15:00:00,0.03852682,NORMAL,0.2635244131088257,0.4121681749820709
2024-06-07 16:00:00,0.034863308,NORMAL,0.2635244131088257,0.4121681749820709
2024-06-07 17:00:00,0.031809792,NORMAL,0.2635244131088257,0.4121681749820709
2024-06-07 18:00:00,0.02693125,NORMAL,0.2635244131088257,0.4121681749820709
2024-06-07 19:00:00,0.022451527,NORMAL,0.2635244131088257,0.4121681749820709
2024-06-07 20:00:00,0.020547634,NORMAL,0.2635244131088257,0.4121681749820709
2024-06-07 21:00:00,0.02180452,NORMAL,0.2635244131088257,0.4121681749820709
2024-06-07 22:00:00,0.022029065,NORMAL,0.2635244131088257,0.4121681749820709
2024-06-07 23:00:00,0.023735533,NORMAL,0.2635244131088257,0.4121681749820709
2024-06-08 00:00:00,0.027170029,NORMAL,0.2635244131088257,0.4121681749820709
2024-06-08 01:00:00,0.03072699,NORMAL,0.2635244131088257,0.4121681749820709
2024-06-08 02:00:00,0.03405618,NORMAL,0.2635244131088257,0.4121681749820709
2024-06-08 03:00:00,0.036995064,NORMAL,0.2635244131088257,0.4121681749820709
2024-06-08 04:00:00,0.03977213,NORMAL,0.2635244131088257,0.4121681749820709
2024-06-08 05:00:00,0.046831004,NORMAL,0.2635244131088257,0.4121681749820709
2024-06-08 06:00:00,0.047988005,NORMAL,0.2635244131088257,0.4121681749820709
2024-06-08 07:00:00,0.045404725,NORMAL,0.2635244131088257,0.4121681749820709
2024-06-08 08:00:00,0.042771537,NORMAL,0.2635244131088257,0.4121681749820709
2024-06-08 09:00:00,0.04071681,NORMAL,0.2635244131088257,0.4121681749820709
2024-06-08 10:00:00,0.0403528,NORMAL,0.2635244131088257,0.4121681749820709
2024-06-08 11:00:00,0.03975863,NORMAL,0.2635244131088257,0.4121681749820709
2024-06-08 12:00:00,0.03860018,NORMAL,0.2635244131088257,0.4121681749820709
2024-06-08 13:00:00,0.037053645,NORMAL,0.2635244131088257,0.4121681749820709
2024-06-08 14:00:00,0.03516001,NORMAL,0.2635244131088257,0.4121681749820709
2024-06-08 15:00:00,0.030999098,NORMAL,0.2635244131088257,0.4121681749820709
2024-06-08 16:00:00,0.028800275,NORMAL,0.2635244131088257,0.4121681749820709
2024-06-08 17:00:00,0.028034138,NORMAL,0.2635244131088257,0.4121681749820709
2024-06-08 18:00:00,0.025568515,NORMAL,0.2635244131088257,0.4121681749820709
2024-06-08 19:00:00,0.024084946,NORMAL,0.2635244131088257,0.4121681749820709
2024-06-08 20:00:00,0.026544102,NORMAL,0.2635244131088257,0.4121681749820709
2024-06-08 21:00:00,0.028416134,NORMAL,0.2635244131088257,0.4121681749820709
2024-06-08 22:00:00,0.029172616,NORMAL,0.2635244131088257,0.4121681749820709
2024-06-08 23:00:00,0.031399615,NORMAL,0.2635244131088257,0.4121681749820709
2024-06-09 00:00:00,0.03470187,NORMAL,0.2635244131088257,0.4121681749820709
2024-06-09 01:00:00,0.03745616,NORMAL,0.2635244131088257,0.4121681749820709
2024-06-09 02:00:00,0.04086618,NORMAL,0.2635244131088257,0.4121681749820709
2024-06-09 03:00:00,0.043524034,NORMAL,0.2635244131088257,0.4121681749820709
2024-06-09 04:00:00,0.04682599,NORMAL,0.2635244131088257,0.4121681749820709
2024-06-09 05:00:00,0.05317472,NORMAL,0.2635244131088257,0.4121681749820709
2024-06-09 06:00:00,0.049402192,NORMAL,0.2635244131088257,0.4121681749820709
2024-06-09 07:00:00,0.043944,NORMAL,0.2635244131088257,0.4121681749820709
2024-06-09 08:00:00,0.04142715,NORMAL,0.2635244131088257,0.4121681749820709
2024-06-09 09:00:00,0.039949127,NORMAL,0.2635244131088257,0.4121681749820709
2024-06-09 10:00:00,0.039576046,NORMAL,0.2635244131088257,0.4121681749820709
2024-06-09 11:00:00,0.03986712,NORMAL,0.2635244131088257,0.4121681749820709
2024-06-09 12:00:00,0.03896542,NORMAL,0.2635244131088257,0.4121681749820709
2024-06-09 13:00:00,0.037538365,NORMAL,0.2635244131088257,0.4121681749820709
2024-06-09 14:00:00,0.036082916,NORMAL,0.2635244131088257,0.4121681749820709
2024-06-09 15:00:00,0.034578204,NORMAL,0.2635244131088257,0.4121681749820709
2024-06-09 16:00:00,0.03572597,NORMAL,0.2635244131088257,0.4121681749820709
2024-06-09 17:00:00,0.03626859,NORMAL,0.2635244131088257,0.4121681749820709
2024-06-09 18:00:00,0.034304842,NORMAL,0.2635244131088257,0.4121681749820709
2024-06-09 19:00:00,0.031448066,NORMAL,0.2635244131088257,0.4121681749820709
2024-06-09 20:00:00,0.03071476,NORMAL,0.2635244131088257,0.4121681749820709
2024-06-09 21:00:00,0.03230909,NORMAL,0.2635244131088257,0.4121681749820709
2024-06-09 22:00:00,0.032041233,NORMAL,0.2635244131088257,0.4121681749820709
2024-06-09 23:00:00,0.031057285,NORMAL,0.2635244131088257,0.4121681749820709
2024-06-10 00:00:00,0.03153865,NORMAL,0.2635244131088257,0.4121681749820709
2024-06-10 01:00:00,0.032416422,NORMAL,0.2635244131088257,0.4121681749820709
2024-06-10 02:00:00,0.032520514,NORMAL,0.2635244131088257,0.4121681749820709
2024-06-10 03:00:00,0.034314804,NORMAL,0.2635244131088257,0.4121681749820709
2024-06-10 04:00:00,0.03887156,NORMAL,0.2635244131088257,0.4121681749820709
2024-06-10 05:00:00,0.044651344,NORMAL,0.2635244131088257,0.4121681749820709
2024-06-10 06:00:00,0.04298065,NORMAL,0.2635244131088257,0.4121681749820709
2024-06-10 07:00:00,0.04168254,NORMAL,0.2635244131088257,0.4121681749820709
2024-06-10 08:00:00,0.040386345,NORMAL,0.2635244131088257,0.4121681749820709
2024-06-10 09:00:00,0.038116004,NORMAL,0.2635244131088257,0.4121681749820709
2024-06-10 10:00:00,0.04034499,NORMAL,0.2635244131088257,0.4121681749820709
2024-06-10 11:00:00,0.04428602,NORMAL,0.2635244131088257,0.4121681749820709
2024-06-10 12:00:00,0.044234805,NORMAL,0.2635244131088257,0.4121681749820709
2024-06-10 13:00:00,0.040625803,NORMAL,0.2635244131088257,0.4121681749820709
2024-06-10 14:00:00,0.036616787,NORMAL,0.2635244131088257,0.4121681749820709
2024-06-10 15:00:00,0.0332811,NORMAL,0.2635244131088257,0.4121681749820709
2024-06-10 16:00:00,0.033459283,NORMAL,0.2635244131088257,0.4121681749820709
2024-06-10 17:00:00,0.032529373,NORMAL,0.2635244131088257,0.4121681749820709
2024-06-10 18:00:00,0.030410089,NORMAL,0.2635244131088257,0.4121681749820709
2024-06-10 19:00:00,0.030427665,NORMAL,0.2635244131088257,0.4121681749820709
2024-06-10 20:00:00,0.034238406,NORMAL,0.2635244131088257,0.4121681749820709
2024-06-10 21:00:00,0.037431877,NORMAL,0.2635244131088257,0.4121681749820709
2024-06-10 22:00:00,0.03544306,NORMAL,0.2635244131088257,0.4121681749820709
2024-06-10 23:00:00,0.032084703,NORMAL,0.2635244131088257,0.4121681749820709
2024-06-11 00:00:00,0.030124584,NORMAL,0.2635244131088257,0.4121681749820709
2024-06-11 01:00:00,0.029395143,NORMAL,0.2635244131088257,0.4121681749820709
2024-06-11 02:00:00,0.0279689,NORMAL,0.2635244131088257,0.4121681749820709
2024-06-11 03:00:00,0.030876735,NORMAL,0.2635244131088257,0.4121681749820709
2024-06-11 04:00:00,0.038463295,NORMAL,0.2635244131088257,0.4121681749820709
2024-06-11 05:00:00,0.0430414,NORMAL,0.2635244131088257,0.4121681749820709
2024-06-11 06:00:00,0.04304277,NORMAL,0.2635244131088257,0.4121681749820709
2024-06-11 07:00:00,0.04402022,NORMAL,0.2635244131088257,0.4121681749820709
2024-06-11 08:00:00,0.0433931,NORMAL,0.2635244131088257,0.4121681749820709
2024-06-11 09:00:00,0.04172126,NORMAL,0.2635244131088257,0.4121681749820709
2024-06-11 10:00:00,0.04492536,NORMAL,0.2635244131088257,0.4121681749820709
2024-06-11 11:00:00,0.05050179,NORMAL,0.2635244131088257,0.4121681749820709
2024-06-11 12:00:00,0.052319836,NORMAL,0.2635244131088257,0.4121681749820709
2024-06-11 13:00:00,0.04983415,NORMAL,0.2635244131088257,0.4121681749820709
2024-06-11 14:00:00,0.045653358,NORMAL,0.2635244131088257,0.4121681749820709
2024-06-11 15:00:00,0.039667115,NORMAL,0.2635244131088257,0.4121681749820709
2024-06-11 16:00:00,0.037227966,NORMAL,0.2635244131088257,0.4121681749820709
2024-06-11 17:00:00,0.034960575,NORMAL,0.2635244131088257,0.4121681749820709
2024-06-11 18:00:00,0.031677168,NORMAL,0.2635244131088257,0.4121681749820709
2024-06-11 19:00:00,0.031576887,NORMAL,0.2635244131088257,0.4121681749820709
2024-06-11 20:00:00,0.035003662,NORMAL,0.2635244131088257,0.4121681749820709
2024-06-11 21:00:00,0.037995078,NORMAL,0.2635244131088257,0.4121681749820709
2024-06-11 22:00:00,0.035965852,NORMAL,0.2635244131088257,0.4121681749820709
2024-06-11 23:00:00,0.033847842,NORMAL,0.2635244131088257,0.4121681749820709
2024-06-12 00:00:00,0.033128254,NORMAL,0.2635244131088257,0.4121681749820709
2024-06-12 01:00:00,0.03223354,NORMAL,0.2635244131088257,0.4121681749820709
2024-06-12 02:00:00,0.029800931,NORMAL,0.2635244131088257,0.4121681749820709
2024-06-12 03:00:00,0.030849695,NORMAL,0.2635244131088257,0.4121681749820709
2024-06-12 04:00:00,0.03862457,NORMAL,0.2635244131088257,0.4121681749820709
2024-06-12 05:00:00,0.043794934,NORMAL,0.2635244131088257,0.4121681749820709
2024-06-12 06:00:00,0.043072402,NORMAL,0.2635244131088257,0.4121681749820709
2024-06-12 07:00:00,0.04505933,NORMAL,0.2635244131088257,0.4121681749820709
2024-06-12 08:00:00,0.045331366,NORMAL,0.2635244131088257,0.4121681749820709
2024-06-12 09:00:00,0.047198635,NORMAL,0.2635244131088257,0.4121681749820709
2024-06-12 10:00:00,0.054869715,NORMAL,0.2635244131088257,0.4121681749820709
2024-06-12 11:00:00,0.06597377,NORMAL,0.2635244131088257,0.4121681749820709
2024-06-12 12:00:00,0.0712189,NORMAL,0.2635244131088257,0.4121681749820709
2024-06-12 13:00:00,0.07159807,NORMAL,0.2635244131088257,0.4121681749820709
2024-06-12 14:00:00,0.06593172,NORMAL,0.2635244131088257,0.4121681749820709
2024-06-12 15:00:00,0.05533462,NORMAL,0.2635244131088257,0.4121681749820709
2024-06-12 16:00:00,0.04865723,NORMAL,0.2635244131088257,0.4121681749820709
2024-06-12 17:00:00,0.04636757,NORMAL,0.2635244131088257,0.4121681749820709
2024-06-12 18:00:00,0.044299603,NORMAL,0.2635244131088257,0.4121681749820709
2024-06-12 19:00:00,0.04502841,NORMAL,0.2635244131088257,0.4121681749820709
2024-06-12 20:00:00,0.050923664,NORMAL,0.2635244131088257,0.4121681749820709
2024-06-12 21:00:00,0.057394784,NORMAL,0.2635244131088257,0.4121681749820709
2024-06-12 22:00:00,0.056643613,NORMAL,0.2635244131088257,0.4121681749820709
2024-06-12 23:00:00,0.050270747,NORMAL,0.2635244131088257,0.4121681749820709
2024-06-13 00:00:00,0.044399783,NORMAL,0.2635244131088257,0.4121681749820709
2024-06-13 01:00:00,0.039140955,NORMAL,0.2635244131088257,0.4121681749820709
2024-06-13 02:00:00,0.034974184,NORMAL,0.2635244131088257,0.4121681749820709
2024-06-13 03:00:00,0.035942283,NORMAL,0.2635244131088257,0.4121681749820709
2024-06-13 04:00:00,0.044580966,NORMAL,0.2635244131088257,0.4121681749820709
2024-06-13 05:00:00,0.048615888,NORMAL,0.2635244131088257,0.4121681749820709
2024-06-13 06:00:00,0.045569297,NORMAL,0.2635244131088257,0.4121681749820709
2024-06-13 07:00:00,0.044686127,NORMAL,0.2635244131088257,0.4121681749820709
2024-06-13 08:00:00,0.04328397,NORMAL,0.2635244131088257,0.4121681749820709
2024-06-13 09:00:00,0.04278085,NORMAL,0.2635244131088257,0.4121681749820709
2024-06-13 10:00:00,0.048313577,NORMAL,0.2635244131088257,0.4121681749820709
2024-06-13 11:00:00,0.056415822,NORMAL,0.2635244131088257,0.4121681749820709
2024-06-13 12:00:00,0.06088589,NORMAL,0.2635244131088257,0.4121681749820709
2024-06-13 13:00:00,0.061066866,NORMAL,0.2635244131088257,0.4121681749820709
2024-06-13 14:00:00,0.056512993,NORMAL,0.2635244131088257,0.4121681749820709
2024-06-13 15:00:00,0.047130477,NORMAL,0.2635244131088257,0.4121681749820709
2024-06-13 16:00:00,0.041003868,NORMAL,0.2635244131088257,0.4121681749820709
2024-06-13 17:00:00,0.03731121,NORMAL,0.2635244131088257,0.4121681749820709
2024-06-13 18:00:00,0.033322886,NORMAL,0.2635244131088257,0.4121681749820709
2024-06-13 19:00:00,0.031775195,NORMAL,0.2635244131088257,0.4121681749820709
2024-06-13 20:00:00,0.034058377,NORMAL,0.2635244131088257,0.4121681749820709
2024-06-13 21:00:00,0.035158668,NORMAL,0.2635244131088257,0.4121681749820709
2024-06-13 22:00:00,0.03303212,NORMAL,0.2635244131088257,0.4121681749820709
2024-06-13 23:00:00,0.030968687,NORMAL,0.2635244131088257,0.4121681749820709
2024-06-14 00:00:00,0.031358615,NORMAL,0.2635244131088257,0.4121681749820709
2024-06-14 01:00:00,0.033380263,NORMAL,0.2635244131088257,0.4121681749820709
2024-06-14 02:00:00,0.034981877,NORMAL,0.2635244131088257,0.4121681749820709
2024-06-14 03:00:00,0.038788307,NORMAL,0.2635244131088257,0.4121681749820709
2024-06-14 04:00:00,0.04381802,NORMAL,0.2635244131088257,0.4121681749820709
2024-06-14 05:00:00,0.050600663,NORMAL,0.2635244131088257,0.4121681749820709
2024-06-14 06:00:00,0.049850073,NORMAL,0.2635244131088257,0.4121681749820709
2024-06-14 07:00:00,0.046012983,NORMAL,0.2635244131088257,0.4121681749820709
2024-06-14 08:00:00,0.040912874,NORMAL,0.2635244131088257,0.4121681749820709
2024-06-14 09:00:00,0.03537013,NORMAL,0.2635244131088257,0.4121681749820709
2024-06-14 10:00:00,0.033533156,NORMAL,0.2635244131088257,0.4121681749820709
2024-06-14 11:00:00,0.031684425,NORMAL,0.2635244131088257,0.4121681749820709
2024-06-14 12:00:00,0.029535148,NORMAL,0.2635244131088257,0.4121681749820709
2024-06-14 13:00:00,0.026791688,NORMAL,0.2635244131088257,0.4121681749820709
2024-06-14 14:00:00,0.02550057,NORMAL,0.2635244131088257,0.4121681749820709
2024-06-14 15:00:00,0.024206797,NORMAL,0.2635244131088257,0.4121681749820709
2024-06-14 16:00:00,0.024190286,NORMAL,0.2635244131088257,0.4121681749820709
2024-06-14 17:00:00,0.024068084,NORMAL,0.2635244131088257,0.4121681749820709
2024-06-14 18:00:00,0.021790685,NORMAL,0.2635244131088257,0.4121681749820709
2024-06-14 19:00:00,0.019661138,NORMAL,0.2635244131088257,0.4121681749820709
2024-06-14 20:00:00,0.020295229,NORMAL,0.2635244131088257,0.4121681749820709
2024-06-14 21:00:00,0.021466097,NORMAL,0.2635244131088257,0.4121681749820709
2024-06-14 22:00:00,0.022663161,NORMAL,0.2635244131088257,0.4121681749820709
2024-06-14 23:00:00,0.024431169,NORMAL,0.2635244131088257,0.4121681749820709
2024-06-15 00:00:00,0.026568258,NORMAL,0.2635244131088257,0.4121681749820709
2024-06-15 01:00:00,0.029111395,NORMAL,0.2635244131088257,0.4121681749820709
2024-06-15 02:00:00,0.031494394,NORMAL,0.2635244131088257,0.4121681749820709
2024-06-15 03:00:00,0.034517262,NORMAL,0.2635244131088257,0.4121681749820709
2024-06-15 04:00:00,0.0397833,NORMAL,0.2635244131088257,0.4121681749820709
2024-06-15 05:00:00,0.048236176,NORMAL,0.2635244131088257,0.4121681749820709
2024-06-15 06:00:00,0.048551396,NORMAL,0.2635244131088257,0.4121681749820709
2024-06-15 07:00:00,0.043649647,NORMAL,0.2635244131088257,0.4121681749820709
2024-06-15 08:00:00,0.03827016,NORMAL,0.2635244131088257,0.4121681749820709
2024-06-15 09:00:00,0.033999577,NORMAL,0.2635244131088257,0.4121681749820709
2024-06-15 10:00:00,0.030916499,NORMAL,0.2635244131088257,0.4121681749820709
2024-06-15 11:00:00,0.027515272,NORMAL,0.2635244131088257,0.4121681749820709
2024-06-15 12:00:00,0.024720207,NORMAL,0.2635244131088257,0.4121681749820709
2024-06-15 13:00:00,0.02347947,NORMAL,0.2635244131088257,0.4121681749820709
2024-06-15 14:00:00,0.023781035,NORMAL,0.2635244131088257,0.4121681749820709
2024-06-15 15:00:00,0.02364705,NORMAL,0.2635244131088257,0.4121681749820709
2024-06-15 16:00:00,0.024744458,NORMAL,0.2635244131088257,0.4121681749820709
2024-06-15 17:00:00,0.026747582,NORMAL,0.2635244131088257,0.4121681749820709
2024-06-15 18:00:00,0.025948908,NORMAL,0.2635244131088257,0.4121681749820709
2024-06-15 19:00:00,0.023667498,NORMAL,0.2635244131088257,0.4121681749820709
2024-06-15 20:00:00,0.02268334,NORMAL,0.2635244131088257,0.4121681749820709
2024-06-15 21:00:00,0.02289474,NORMAL,0.2635244131088257,0.4121681749820709
2024-06-15 22:00:00,0.023724807,NORMAL,0.2635244131088257,0.4121681749820709
2024-06-15 23:00:00,0.025508326,NORMAL,0.2635244131088257,0.4121681749820709
2024-06-16 00:00:00,0.027936812,NORMAL,0.2635244131088257,0.4121681749820709
2024-06-16 01:00:00,0.030367933,NORMAL,0.2635244131088257,0.4121681749820709
2024-06-16 02:00:00,0.033868235,NORMAL,0.2635244131088257,0.4121681749820709
2024-06-16 03:00:00,0.038220804,NORMAL,0.2635244131088257,0.4121681749820709
2024-06-16 04:00:00,0.044897113,NORMAL,0.2635244131088257,0.4121681749820709
2024-06-16 05:00:00,0.058498,NORMAL,0.2635244131088257,0.4121681749820709
2024-06-16 06:00:00,0.065737866,NORMAL,0.2635244131088257,0.4121681749820709
2024-06-16 07:00:00,0.06511949,NORMAL,0.2635244131088257,0.4121681749820709
2024-06-16 08:00:00,0.059200484,NORMAL,0.2635244131088257,0.4121681749820709
2024-06-16 09:00:00,0.051814403,NORMAL,0.2635244131088257,0.4121681749820709
2024-06-16 10:00:00,0.04429931,NORMAL,0.2635244131088257,0.4121681749820709
2024-06-16 11:00:00,0.036996048,NORMAL,0.2635244131088257,0.4121681749820709
2024-06-16 12:00:00,0.030681746,NORMAL,0.2635244131088257,0.4121681749820709
2024-06-16 13:00:00,0.027502967,NORMAL,0.2635244131088257,0.4121681749820709
2024-06-16 14:00:00,0.027933802,NORMAL,0.2635244131088257,0.4121681749820709
2024-06-16 15:00:00,0.028348973,NORMAL,0.2635244131088257,0.4121681749820709
2024-06-16 16:00:00,0.030845609,NORMAL,0.2635244131088257,0.4121681749820709
2024-06-16 17:00:00,0.035755396,NORMAL,0.2635244131088257,0.4121681749820709
2024-06-16 18:00:00,0.037674114,NORMAL,0.2635244131088257,0.4121681749820709
2024-06-16 19:00:00,0.035691604,NORMAL,0.2635244131088257,0.4121681749820709
2024-06-16 20:00:00,0.033255283,NORMAL,0.2635244131088257,0.4121681749820709
2024-06-16 21:00:00,0.03160306,NORMAL,0.2635244131088257,0.4121681749820709
2024-06-16 22:00:00,0.029486295,NORMAL,0.2635244131088257,0.4121681749820709
2024-06-16 23:00:00,0.029489908,NORMAL,0.2635244131088257,0.4121681749820709
2024-06-17 00:00:00,0.031756397,NORMAL,0.2635244131088257,0.4121681749820709
2024-06-17 01:00:00,0.035056856,NORMAL,0.2635244131088257,0.4121681749820709
2024-06-17 02:00:00,0.039987627,NORMAL,0.2635244131088257,0.4121681749820709
2024-06-17 03:00:00,0.04688463,NORMAL,0.2635244131088257,0.4121681749820709
2024-06-17 04:00:00,0.05468039,NORMAL,0.2635244131088257,0.4121681749820709
2024-06-17 05:00:00,0.06694734,NORMAL,0.2635244131088257,0.4121681749820709
2024-06-17 06:00:00,0.07117511,NORMAL,0.2635244131088257,0.4121681749820709
2024-06-17 07:00:00,0.06660162,NORMAL,0.2635244131088257,0.4121681749820709
2024-06-17 08:00:00,0.058752127,NORMAL,0.2635244131088257,0.4121681749820709
2024-06-17 09:00:00,0.05142012,NORMAL,0.2635244131088257,0.4121681749820709
2024-06-17 10:00:00,0.044754673,NORMAL,0.2635244131088257,0.4121681749820709
2024-06-17 11:00:00,0.038452286,NORMAL,0.2635244131088257,0.4121681749820709
2024-06-17 12:00:00,0.03183617,NORMAL,0.2635244131088257,0.4121681749820709
2024-06-17 13:00:00,0.026667526,NORMAL,0.2635244131088257,0.4121681749820709
2024-06-17 14:00:00,0.025733925,NORMAL,0.2635244131088257,0.4121681749820709
2024-06-17 15:00:00,0.024497911,NORMAL,0.2635244131088257,0.4121681749820709
2024-06-17 16:00:00,0.026113084,NORMAL,0.2635244131088257,0.4121681749820709
2024-06-17 17:00:00,0.030280672,NORMAL,0.2635244131088257,0.4121681749820709
2024-06-17 18:00:00,0.031658255,NORMAL,0.2635244131088257,0.4121681749820709
2024-06-17 19:00:00,0.030278424,NORMAL,0.2635244131088257,0.4121681749820709
2024-06-17 20:00:00,0.02955787,NORMAL,0.2635244131088257,0.4121681749820709
2024-06-17 21:00:00,0.029062204,NORMAL,0.2635244131088257,0.4121681749820709
2024-06-17 22:00:00,0.026511537,NORMAL,0.2635244131088257,0.4121681749820709
2024-06-17 23:00:00,0.025543,NORMAL,0.2635244131088257,0.4121681749820709
2024-06-18 00:00:00,0.027951121,NORMAL,0.2635244131088257,0.4121681749820709
2024-06-18 01:00:00,0.03181145,NORMAL,0.2635244131088257,0.4121681749820709
2024-06-18 02:00:00,0.037433058,NORMAL,0.2635244131088257,0.4121681749820709
2024-06-18 03:00:00,0.04486008,NORMAL,0.2635244131088257,0.4121681749820709
2024-06-18 04:00:00,0.05213514,NORMAL,0.2635244131088257,0.4121681749820709
2024-06-18 05:00:00,0.05881152,NORMAL,0.2635244131088257,0.4121681749820709
2024-06-18 06:00:00,0.059548482,NORMAL,0.2635244131088257,0.4121681749820709
2024-06-18 07:00:00,0.05529706,NORMAL,0.2635244131088257,0.4121681749820709
2024-06-18 08:00:00,0.0486916,NORMAL,0.2635244131088257,0.4121681749820709
2024-06-18 09:00:00,0.043535497,NORMAL,0.2635244131088257,0.4121681749820709
2024-06-18 10:00:00,0.039745912,NORMAL,0.2635244131088257,0.4121681749820709
2024-06-18 11:00:00,0.037874844,NORMAL,0.2635244131088257,0.4121681749820709
2024-06-18 12:00:00,0.035614405,NORMAL,0.2635244131088257,0.4121681749820709
2024-06-18 13:00:00,0.033120856,NORMAL,0.2635244131088257,0.4121681749820709
2024-06-18 14:00:00,0.031468395,NORMAL,0.2635244131088257,0.4121681749820709
2024-06-18 15:00:00,0.028404465,NORMAL,0.2635244131088257,0.4121681749820709
2024-06-18 16:00:00,0.026193028,NORMAL,0.2635244131088257,0.4121681749820709
2024-06-18 17:00:00,0.026766744,NORMAL,0.2635244131088257,0.4121681749820709
2024-06-18 18:00:00,0.02718231,NORMAL,0.2635244131088257,0.4121681749820709
2024-06-18 19:00:00,0.027170938,NORMAL,0.2635244131088257,0.4121681749820709
2024-06-18 20:00:00,0.028503021,NORMAL,0.2635244131088257,0.4121681749820709
2024-06-18 21:00:00,0.028197119,NORMAL,0.2635244131088257,0.4121681749820709
2024-06-18 22:00:00,0.027181169,NORMAL,0.2635244131088257,0.4121681749820709
2024-06-18 23:00:00,0.029051296,NORMAL,0.2635244131088257,0.4121681749820709
2024-06-19 00:00:00,0.032131214,NORMAL,0.2635244131088257,0.4121681749820709
2024-06-19 01:00:00,0.03542546,NORMAL,0.2635244131088257,0.4121681749820709
2024-06-19 02:00:00,0.039672043,NORMAL,0.2635244131088257,0.4121681749820709
2024-06-19 03:00:00,0.043931775,NORMAL,0.2635244131088257,0.4121681749820709
2024-06-19 04:00:00,0.046133045,NORMAL,0.2635244131088257,0.4121681749820709
2024-06-19 05:00:00,0.0489333,NORMAL,0.2635244131088257,0.4121681749820709
2024-06-19 06:00:00,0.04879545,NORMAL,0.2635244131088257,0.4121681749820709
2024-06-19 07:00:00,0.04583976,NORMAL,0.2635244131088257,0.4121681749820709
2024-06-19 08:00:00,0.041897196,NORMAL,0.2635244131088257,0.4121681749820709
2024-06-19 09:00:00,0.03785095,NORMAL,0.2635244131088257,0.4121681749820709
2024-06-19 10:00:00,0.03430113,NORMAL,0.2635244131088257,0.4121681749820709
2024-06-19 11:00:00,0.03237248,NORMAL,0.2635244131088257,0.4121681749820709
2024-06-19 12:00:00,0.03056895,NORMAL,0.2635244131088257,0.4121681749820709
2024-06-19 13:00:00,0.02799501,NORMAL,0.2635244131088257,0.4121681749820709
2024-06-19 14:00:00,0.026692275,NORMAL,0.2635244131088257,0.4121681749820709
2024-06-19 15:00:00,0.024369095,NORMAL,0.2635244131088257,0.4121681749820709
2024-06-19 16:00:00,0.021906115,NORMAL,0.2635244131088257,0.4121681749820709
2024-06-19 17:00:00,0.021536238,NORMAL,0.2635244131088257,0.4121681749820709
2024-06-19 18:00:00,0.021226969,NORMAL,0.2635244131088257,0.4121681749820709
2024-06-19 19:00:00,0.020340685,NORMAL,0.2635244131088257,0.4121681749820709
2024-06-19 20:00:00,0.020338766,NORMAL,0.2635244131088257,0.4121681749820709
2024-06-19 21:00:00,0.021534638,NORMAL,0.2635244131088257,0.4121681749820709
2024-06-19 22:00:00,0.02306311,NORMAL,0.2635244131088257,0.4121681749820709
2024-06-19 23:00:00,0.02630849,NORMAL,0.2635244131088257,0.4121681749820709
2024-06-20 00:00:00,0.029521294,NORMAL,0.2635244131088257,0.4121681749820709
2024-06-20 01:00:00,0.030700687,NORMAL,0.2635244131088257,0.4121681749820709
2024-06-20 02:00:00,0.0314019,NORMAL,0.2635244131088257,0.4121681749820709
2024-06-20 03:00:00,0.031951837,NORMAL,0.2635244131088257,0.4121681749820709
2024-06-20 04:00:00,0.032830726,NORMAL,0.2635244131088257,0.4121681749820709
2024-06-20 05:00:00,0.036166362,NORMAL,0.2635244131088257,0.4121681749820709
2024-06-20 06:00:00,0.03777339,NORMAL,0.2635244131088257,0.4121681749820709
2024-06-20 07:00:00,0.03718315,NORMAL,0.2635244131088257,0.4121681749820709
2024-06-20 08:00:00,0.037020564,NORMAL,0.2635244131088257,0.4121681749820709
2024-06-20 09:00:00,0.034291778,NORMAL,0.2635244131088257,0.4121681749820709
2024-06-20 10:00:00,0.029994985,NORMAL,0.2635244131088257,0.4121681749820709
2024-06-20 11:00:00,0.026203405,NORMAL,0.2635244131088257,0.4121681749820709
2024-06-20 12:00:00,0.023807453,NORMAL,0.2635244131088257,0.4121681749820709
2024-06-20 13:00:00,0.022420704,NORMAL,0.2635244131088257,0.4121681749820709
2024-06-20 14:00:00,0.022858357,NORMAL,0.2635244131088257,0.4121681749820709
2024-06-20 15:00:00,0.023808349,NORMAL,0.2635244131088257,0.4121681749820709
2024-06-20 16:00:00,0.024688235,NORMAL,0.2635244131088257,0.4121681749820709
2024-06-20 17:00:00,0.028159996,NORMAL,0.2635244131088257,0.4121681749820709
2024-06-20 18:00:00,0.03080397,NORMAL,0.2635244131088257,0.4121681749820709
2024-06-20 19:00:00,0.031516008,NORMAL,0.2635244131088257,0.4121681749820709
2024-06-20 20:00:00,0.03168526,NORMAL,0.2635244131088257,0.4121681749820709
2024-06-20 21:00:00,0.03174772,NORMAL,0.2635244131088257,0.4121681749820709
2024-06-20 22:00:00,0.03130905,NORMAL,0.2635244131088257,0.4121681749820709
2024-06-20 23:00:00,0.030465417,NORMAL,0.2635244131088257,0.4121681749820709
2024-06-21 00:00:00,0.031439513,NORMAL,0.2635244131088257,0.4121681749820709
2024-06-21 01:00:00,0.033586383,NORMAL,0.2635244131088257,0.4121681749820709
2024-06-21 02:00:00,0.0363476,NORMAL,0.2635244131088257,0.4121681749820709
2024-06-21 03:00:00,0.038058084,NORMAL,0.2635244131088257,0.4121681749820709
2024-06-21 04:00:00,0.03700901,NORMAL,0.2635244131088257,0.4121681749820709
2024-06-21 05:00:00,0.037282582,NORMAL,0.2635244131088257,0.4121681749820709
2024-06-21 06:00:00,0.037075967,NORMAL,0.2635244131088257,0.4121681749820709
2024-06-21 07:00:00,0.03473207,NORMAL,0.2635244131088257,0.4121681749820709
2024-06-21 08:00:00,0.032804415,NORMAL,0.2635244131088257,0.4121681749820709
2024-06-21 09:00:00,0.030033996,NORMAL,0.2635244131088257,0.4121681749820709
2024-06-21 10:00:00,0.025579985,NORMAL,0.2635244131088257,0.4121681749820709
2024-06-21 11:00:00,0.021570971,NORMAL,0.2635244131088257,0.4121681749820709
2024-06-21 12:00:00,0.019609613,NORMAL,0.2635244131088257,0.4121681749820709
2024-06-21 13:00:00,0.019984415,NORMAL,0.2635244131088257,0.4121681749820709
2024-06-21 14:00:00,0.021918915,NORMAL,0.2635244131088257,0.4121681749820709
2024-06-21 15:00:00,0.022782912,NORMAL,0.2635244131088257,0.4121681749820709
2024-06-21 16:00:00,0.024239609,NORMAL,0.2635244131088257,0.4121681749820709
2024-06-21 17:00:00,0.026665937,NORMAL,0.2635244131088257,0.4121681749820709
2024-06-21 18:00:00,0.027923312,NORMAL,0.2635244131088257,0.4121681749820709
2024-06-21 19:00:00,0.028204061,NORMAL,0.2635244131088257,0.4121681749820709
2024-06-21 20:00:00,0.028020438,NORMAL,0.2635244131088257,0.4121681749820709
2024-06-21 21:00:00,0.02861946,NORMAL,0.2635244131088257,0.4121681749820709
2024-06-21 22:00:00,0.029085139,NORMAL,0.2635244131088257,0.4121681749820709
2024-06-21 23:00:00,0.028696332,NORMAL,0.2635244131088257,0.4121681749820709
2024-06-22 00:00:00,0.029151222,NORMAL,0.2635244131088257,0.4121681749820709
2024-06-22 01:00:00,0.03097109,NORMAL,0.2635244131088257,0.4121681749820709
2024-06-22 02:00:00,0.03583418,NORMAL,0.2635244131088257,0.4121681749820709
2024-06-22 03:00:00,0.039084148,NORMAL,0.2635244131088257,0.4121681749820709
2024-06-22 04:00:00,0.04031445,NORMAL,0.2635244131088257,0.4121681749820709
2024-06-22 05:00:00,0.045114156,NORMAL,0.2635244131088257,0.4121681749820709
2024-06-22 06:00:00,0.048804194,NORMAL,0.2635244131088257,0.4121681749820709
2024-06-22 07:00:00,0.046956353,NORMAL,0.2635244131088257,0.4121681749820709
2024-06-22 08:00:00,0.04433259,NORMAL,0.2635244131088257,0.4121681749820709
2024-06-22 09:00:00,0.04305768,NORMAL,0.2635244131088257,0.4121681749820709
2024-06-22 10:00:00,0.038225252,NORMAL,0.2635244131088257,0.4121681749820709
2024-06-22 11:00:00,0.035147432,NORMAL,0.2635244131088257,0.4121681749820709
2024-06-22 12:00:00,0.034417674,NORMAL,0.2635244131088257,0.4121681749820709
2024-06-22 13:00:00,0.036415175,NORMAL,0.2635244131088257,0.4121681749820709
2024-06-22 14:00:00,0.03836342,NORMAL,0.2635244131088257,0.4121681749820709
2024-06-22 15:00:00,0.038925607,NORMAL,0.2635244131088257,0.4121681749820709
2024-06-22 16:00:00,0.039736636,NORMAL,0.2635244131088257,0.4121681749820709
2024-06-22 17:00:00,0.041307747,NORMAL,0.2635244131088257,0.4121681749820709
2024-06-22 18:00:00,0.043495283,NORMAL,0.2635244131088257,0.4121681749820709
2024-06-22 19:00:00,0.04552617,NORMAL,0.2635244131088257,0.4121681749820709
2024-06-22 20:00:00,0.047275208,NORMAL,0.2635244131088257,0.4121681749820709
2024-06-22 21:00:00,0.05072637,NORMAL,0.2635244131088257,0.4121681749820709
2024-06-22 22:00:00,0.051754676,NORMAL,0.2635244131088257,0.4121681749820709
2024-06-22 23:00:00,0.04984035,NORMAL,0.2635244131088257,0.4121681749820709
2024-06-23 00:00:00,0.04783898,NORMAL,0.2635244131088257,0.4121681749820709
2024-06-23 01:00:00,0.048565183,NORMAL,0.2635244131088257,0.4121681749820709
2024-06-23 02:00:00,0.054389674,NORMAL,0.2635244131088257,0.4121681749820709
2024-06-23 03:00:00,0.059289463,NORMAL,0.2635244131088257,0.4121681749820709
2024-06-23 04:00:00,0.06296027,NORMAL,0.2635244131088257,0.4121681749820709
2024-06-23 05:00:00,0.070026904,NORMAL,0.2635244131088257,0.4121681749820709
2024-06-23 06:00:00,0.073776945,NORMAL,0.2635244131088257,0.4121681749820709
2024-06-23 07:00:00,0.07104694,NORMAL,0.2635244131088257,0.4121681749820709
2024-06-23 08:00:00,0.066822074,NORMAL,0.2635244131088257,0.4121681749820709
2024-06-23 09:00:00,0.06164382,NORMAL,0.2635244131088257,0.4121681749820709
2024-06-23 10:00:00,0.05152089,NORMAL,0.2635244131088257,0.4121681749820709
2024-06-23 11:00:00,0.042301133,NORMAL,0.2635244131088257,0.4121681749820709
2024-06-23 12:00:00,0.036439855,NORMAL,0.2635244131088257,0.4121681749820709
2024-06-23 13:00:00,0.035233304,NORMAL,0.2635244131088257,0.4121681749820709
2024-06-23 14:00:00,0.036909156,NORMAL,0.2635244131088257,0.4121681749820709
2024-06-23 15:00:00,0.037413802,NORMAL,0.2635244131088257,0.4121681749820709
2024-06-23 16:00:00,0.03803056,NORMAL,0.2635244131088257,0.4121681749820709
2024-06-23 17:00:00,0.03997992,NORMAL,0.2635244131088257,0.4121681749820709
2024-06-23 18:00:00,0.041851293,NORMAL,0.2635244131088257,0.4121681749820709
2024-06-23 19:00:00,0.043962896,NORMAL,0.2635244131088257,0.4121681749820709
2024-06-23 20:00:00,0.04615341,NORMAL,0.2635244131088257,0.4121681749820709
2024-06-23 21:00:00,0.049432952,NORMAL,0.2635244131088257,0.4121681749820709
2024-06-23 22:00:00,0.05088568,NORMAL,0.2635244131088257,0.4121681749820709
2024-06-23 23:00:00,0.049398083,NORMAL,0.2635244131088257,0.4121681749820709
2024-06-24 00:00:00,0.048209473,NORMAL,0.2635244131088257,0.4121681749820709
2024-06-24 01:00:00,0.04961207,NORMAL,0.2635244131088257,0.4121681749820709
2024-06-24 02:00:00,0.056693487,NORMAL,0.2635244131088257,0.4121681749820709
2024-06-24 03:00:00,0.06271766,NORMAL,0.2635244131088257,0.4121681749820709
2024-06-24 04:00:00,0.066291824,NORMAL,0.2635244131088257,0.4121681749820709
2024-06-24 05:00:00,0.07241734,NORMAL,0.2635244131088257,0.4121681749820709
2024-06-24 06:00:00,0.0745624,NORMAL,0.2635244131088257,0.4121681749820709
2024-06-24 07:00:00,0.071946956,NORMAL,0.2635244131088257,0.4121681749820709
2024-06-24 08:00:00,0.0693261,NORMAL,0.2635244131088257,0.4121681749820709
2024-06-24 09:00:00,0.065776244,NORMAL,0.2635244131088257,0.4121681749820709
2024-06-24 10:00:00,0.05759934,NORMAL,0.2635244131088257,0.4121681749820709
2024-06-24 11:00:00,0.04949861,NORMAL,0.2635244131088257,0.4121681749820709
2024-06-24 12:00:00,0.043493208,NORMAL,0.2635244131088257,0.4121681749820709
2024-06-24 13:00:00,0.041510716,NORMAL,0.2635244131088257,0.4121681749820709
2024-06-24 14:00:00,0.043168247,NORMAL,0.2635244131088257,0.4121681749820709
2024-06-24 15:00:00,0.043785196,NORMAL,0.2635244131088257,0.4121681749820709
2024-06-24 16:00:00,0.04503672,NORMAL,0.2635244131088257,0.4121681749820709
2024-06-24 17:00:00,0.047739163,NORMAL,0.2635244131088257,0.4121681749820709
2024-06-24 18:00:00,0.049910165,NORMAL,0.2635244131088257,0.4121681749820709
2024-06-24 19:00:00,0.051613912,NORMAL,0.2635244131088257,0.4121681749820709
2024-06-24 20:00:00,0.053255208,NORMAL,0.2635244131088257,0.4121681749820709
2024-06-24 21:00:00,0.056128487,NORMAL,0.2635244131088257,0.4121681749820709
2024-06-24 22:00:00,0.055660043,NORMAL,0.2635244131088257,0.4121681749820709
2024-06-24 23:00:00,0.05167916,NORMAL,0.2635244131088257,0.4121681749820709
2024-06-25 00:00:00,0.04739099,NORMAL,0.2635244131088257,0.4121681749820709
2024-06-25 01:00:00,0.04538493,NORMAL,0.2635244131088257,0.4121681749820709
2024-06-25 02:00:00,0.04848008,NORMAL,0.2635244131088257,0.4121681749820709
2024-06-25 03:00:00,0.051756516,NORMAL,0.2635244131088257,0.4121681749820709
2024-06-25 04:00:00,0.053916197,NORMAL,0.2635244131088257,0.4121681749820709
2024-06-25 05:00:00,0.058330543,NORMAL,0.2635244131088257,0.4121681749820709
2024-06-25 06:00:00,0.062442105,NORMAL,0.2635244131088257,0.4121681749820709
2024-06-25 07:00:00,0.06415289,NORMAL,0.2635244131088257,0.4121681749820709
2024-06-25 08:00:00,0.065029725,NORMAL,0.2635244131088257,0.4121681749820709
2024-06-25 09:00:00,0.06397368,NORMAL,0.2635244131088257,0.4121681749820709
2024-06-25 10:00:00,0.057329867,NORMAL,0.2635244131088257,0.4121681749820709
2024-06-25 11:00:00,0.05017916,NORMAL,0.2635244131088257,0.4121681749820709
2024-06-25 12:00:00,0.044313066,NORMAL,0.2635244131088257,0.4121681749820709
2024-06-25 13:00:00,0.04264589,NORMAL,0.2635244131088257,0.4121681749820709
2024-06-25 14:00:00,0.045331895,NORMAL,0.2635244131088257,0.4121681749820709
2024-06-25 15:00:00,0.046600126,NORMAL,0.2635244131088257,0.4121681749820709
2024-06-25 16:00:00,0.047818787,NORMAL,0.2635244131088257,0.4121681749820709
2024-06-25 17:00:00,0.049638394,NORMAL,0.2635244131088257,0.4121681749820709
2024-06-25 18:00:00,0.050948158,NORMAL,0.2635244131088257,0.4121681749820709
2024-06-25 19:00:00,0.052431826,NORMAL,0.2635244131088257,0.4121681749820709
2024-06-25 20:00:00,0.053078398,NORMAL,0.2635244131088257,0.4121681749820709
2024-06-25 21:00:00,0.055526543,NORMAL,0.2635244131088257,0.4121681749820709
2024-06-25 22:00:00,0.05474946,NORMAL,0.2635244131088257,0.4121681749820709
2024-06-25 23:00:00,0.051437646,NORMAL,0.2635244131088257,0.4121681749820709
2024-06-26 00:00:00,0.048177253,NORMAL,0.2635244131088257,0.4121681749820709
2024-06-26 01:00:00,0.047129557,NORMAL,0.2635244131088257,0.4121681749820709
2024-06-26 02:00:00,0.050010853,NORMAL,0.2635244131088257,0.4121681749820709
2024-06-26 03:00:00,0.0536372,NORMAL,0.2635244131088257,0.4121681749820709
2024-06-26 04:00:00,0.057050485,NORMAL,0.2635244131088257,0.4121681749820709
2024-06-26 05:00:00,0.061938796,NORMAL,0.2635244131088257,0.4121681749820709
2024-06-26 06:00:00,0.06686443,NORMAL,0.2635244131088257,0.4121681749820709
2024-06-26 07:00:00,0.07187474,NORMAL,0.2635244131088257,0.4121681749820709
2024-06-26 08:00:00,0.07660905,NORMAL,0.2635244131088257,0.4121681749820709
2024-06-26 09:00:00,0.07895165,NORMAL,0.2635244131088257,0.4121681749820709
2024-06-26 10:00:00,0.07428122,NORMAL,0.2635244131088257,0.4121681749820709
2024-06-26 11:00:00,0.06637507,NORMAL,0.2635244131088257,0.4121681749820709
2024-06-26 12:00:00,0.058671184,NORMAL,0.2635244131088257,0.4121681749820709
2024-06-26 13:00:00,0.056144007,NORMAL,0.2635244131088257,0.4121681749820709
2024-06-26 14:00:00,0.0570512,NORMAL,0.2635244131088257,0.4121681749820709
2024-06-26 15:00:00,0.059271865,NORMAL,0.2635244131088257,0.4121681749820709
2024-06-26 16:00:00,0.062400836,NORMAL,0.2635244131088257,0.4121681749820709
2024-06-26 17:00:00,0.06534549,NORMAL,0.2635244131088257,0.4121681749820709
2024-06-26 18:00:00,0.066901185,NORMAL,0.2635244131088257,0.4121681749820709
2024-06-26 19:00:00,0.06693855,NORMAL,0.2635244131088257,0.4121681749820709
2024-06-26 20:00:00,0.06549666,NORMAL,0.2635244131088257,0.4121681749820709
2024-06-26 21:00:00,0.06506741,NORMAL,0.2635244131088257,0.4121681749820709
2024-06-26 22:00:00,0.06347369,NORMAL,0.2635244131088257,0.4121681749820709
2024-06-26 23:00:00,0.06091071,NORMAL,0.2635244131088257,0.4121681749820709
2024-06-27 00:00:00,0.059072793,NORMAL,0.2635244131088257,0.4121681749820709
2024-06-27 01:00:00,0.0600785,NORMAL,0.2635244131088257,0.4121681749820709
2024-06-27 02:00:00,0.064761,NORMAL,0.2635244131088257,0.4121681749820709
2024-06-27 03:00:00,0.07011983,NORMAL,0.2635244131088257,0.4121681749820709
2024-06-27 04:00:00,0.07512209,NORMAL,0.2635244131088257,0.4121681749820709
2024-06-27 05:00:00,0.08028043,NORMAL,0.2635244131088257,0.4121681749820709
2024-06-27 06:00:00,0.08544817,NORMAL,0.2635244131088257,0.4121681749820709
2024-06-27 07:00:00,0.08603086,NORMAL,0.2635244131088257,0.4121681749820709
2024-06-27 08:00:00,0.08290377,NORMAL,0.2635244131088257,0.4121681749820709
2024-06-27 09:00:00,0.07841955,NORMAL,0.2635244131088257,0.4121681749820709
2024-06-27 10:00:00,0.06830039,NORMAL,0.2635244131088257,0.4121681749820709
2024-06-27 11:00:00,0.05833986,NORMAL,0.2635244131088257,0.4121681749820709
2024-06-27 12:00:00,0.05107889,NORMAL,0.2635244131088257,0.4121681749820709
2024-06-27 13:00:00,0.04821292,NORMAL,0.2635244131088257,0.4121681749820709
2024-06-27 14:00:00,0.049066197,NORMAL,0.2635244131088257,0.4121681749820709
2024-06-27 15:00:00,0.049724914,NORMAL,0.2635244131088257,0.4121681749820709
2024-06-27 16:00:00,0.051365945,NORMAL,0.2635244131088257,0.4121681749820709
2024-06-27 17:00:00,0.05402928,NORMAL,0.2635244131088257,0.4121681749820709
2024-06-27 18:00:00,0.0558061,NORMAL,0.2635244131088257,0.4121681749820709
2024-06-27 19:00:00,0.057154402,NORMAL,0.2635244131088257,0.4121681749820709
2024-06-27 20:00:00,0.056615155,NORMAL,0.2635244131088257,0.4121681749820709
2024-06-27 21:00:00,0.056746304,NORMAL,0.2635244131088257,0.4121681749820709
2024-06-27 22:00:00,0.05379623,NORMAL,0.2635244131088257,0.4121681749820709
2024-06-27 23:00:00,0.050751455,NORMAL,0.2635244131088257,0.4121681749820709
2024-06-28 00:00:00,0.05028597,NORMAL,0.2635244131088257,0.4121681749820709
2024-06-28 01:00:00,0.052988578,NORMAL,0.2635244131088257,0.4121681749820709
2024-06-28 02:00:00,0.05748382,NORMAL,0.2635244131088257,0.4121681749820709
2024-06-28 03:00:00,0.061526988,NORMAL,0.2635244131088257,0.4121681749820709
2024-06-28 04:00:00,0.06520757,NORMAL,0.2635244131088257,0.4121681749820709
2024-06-28 05:00:00,0.069186226,NORMAL,0.2635244131088257,0.4121681749820709
2024-06-28 06:00:00,0.07106982,NORMAL,0.2635244131088257,0.4121681749820709
2024-06-28 07:00:00,0.06905884,NORMAL,0.2635244131088257,0.4121681749820709
2024-06-28 08:00:00,0.06368668,NORMAL,0.2635244131088257,0.4121681749820709
2024-06-28 09:00:00,0.058637448,NORMAL,0.2635244131088257,0.4121681749820709
2024-06-28 10:00:00,0.053775743,NORMAL,0.2635244131088257,0.4121681749820709
2024-06-28 11:00:00,0.049847562,NORMAL,0.2635244131088257,0.4121681749820709
2024-06-28 12:00:00,0.04938259,NORMAL,0.2635244131088257,0.4121681749820709
2024-06-28 13:00:00,0.05221568,NORMAL,0.2635244131088257,0.4121681749820709
2024-06-28 14:00:00,0.055060156,NORMAL,0.2635244131088257,0.4121681749820709
2024-06-28 15:00:00,0.05645383,NORMAL,0.2635244131088257,0.4121681749820709
2024-06-28 16:00:00,0.05686262,NORMAL,0.2635244131088257,0.4121681749820709
2024-06-28 17:00:00,0.056372974,NORMAL,0.2635244131088257,0.4121681749820709
2024-06-28 18:00:00,0.054022532,NORMAL,0.2635244131088257,0.4121681749820709
2024-06-28 19:00:00,0.05130945,NORMAL,0.2635244131088257,0.4121681749820709
2024-06-28 20:00:00,0.04866822,NORMAL,0.2635244131088257,0.4121681749820709
2024-06-28 21:00:00,0.048554484,NORMAL,0.2635244131088257,0.4121681749820709
2024-06-28 22:00:00,0.0474611,NORMAL,0.2635244131088257,0.4121681749820709
2024-06-28 23:00:00,0.047263984,NORMAL,0.2635244131088257,0.4121681749820709
2024-06-29 00:00:00,0.049032733,NORMAL,0.2635244131088257,0.4121681749820709
2024-06-29 01:00:00,0.05305354,NORMAL,0.2635244131088257,0.4121681749820709
2024-06-29 02:00:00,0.060254667,NORMAL,0.2635244131088257,0.4121681749820709
2024-06-29 03:00:00,0.06614092,NORMAL,0.2635244131088257,0.4121681749820709
2024-06-29 04:00:00,0.06862506,NORMAL,0.2635244131088257,0.4121681749820709
2024-06-29 05:00:00,0.07032001,NORMAL,0.2635244131088257,0.4121681749820709
2024-06-29 06:00:00,0.06901048,NORMAL,0.2635244131088257,0.4121681749820709
2024-06-29 07:00:00,0.065064326,NORMAL,0.2635244131088257,0.4121681749820709
2024-06-29 08:00:00,0.062423587,NORMAL,0.2635244131088257,0.4121681749820709
2024-06-29 09:00:00,0.06253789,NORMAL,0.2635244131088257,0.4121681749820709
2024-06-29 10:00:00,0.05497323,NORMAL,0.2635244131088257,0.4121681749820709
2024-06-29 11:00:00,0.048964746,NORMAL,0.2635244131088257,0.4121681749820709
2024-06-29 12:00:00,0.04564166,NORMAL,0.2635244131088257,0.4121681749820709
2024-06-29 13:00:00,0.04489453,NORMAL,0.2635244131088257,0.4121681749820709
2024-06-29 14:00:00,0.04605998,NORMAL,0.2635244131088257,0.4121681749820709
2024-06-29 15:00:00,0.047227696,NORMAL,0.2635244131088257,0.4121681749820709
2024-06-29 16:00:00,0.049638074,NORMAL,0.2635244131088257,0.4121681749820709
2024-06-29 17:00:00,0.052060816,NORMAL,0.2635244131088257,0.4121681749820709
2024-06-29 18:00:00,0.051413946,NORMAL,0.2635244131088257,0.4121681749820709
2024-06-29 19:00:00,0.04810928,NORMAL,0.2635244131088257,0.4121681749820709
2024-06-29 20:00:00,0.043799315,NORMAL,0.2635244131088257,0.4121681749820709
2024-06-29 21:00:00,0.0412431,NORMAL,0.2635244131088257,0.4121681749820709
2024-06-29 22:00:00,0.038098738,NORMAL,0.2635244131088257,0.4121681749820709
2024-06-29 23:00:00,0.0356903,NORMAL,0.2635244131088257,0.4121681749820709
2024-06-30 00:00:00,0.0357416,NORMAL,0.2635244131088257,0.4121681749820709
2024-06-30 01:00:00,0.0379187,NORMAL,0.2635244131088257,0.4121681749820709
2024-06-30 02:00:00,0.0417849,NORMAL,0.2635244131088257,0.4121681749820709
2024-06-30 03:00:00,0.0443796,NORMAL,0.2635244131088257,0.4121681749820709
2024-06-30 04:00:00,0.044892862,NORMAL,0.2635244131088257,0.4121681749820709
2024-06-30 05:00:00,0.044725027,NORMAL,0.2635244131088257,0.4121681749820709
2024-06-30 06:00:00,0.04306682,NORMAL,0.2635244131088257,0.4121681749820709
2024-06-30 07:00:00,0.040328402,NORMAL,0.2635244131088257,0.4121681749820709
2024-06-30 08:00:00,0.038654905,NORMAL,0.2635244131088257,0.4121681749820709
2024-06-30 09:00:00,0.038103737,NORMAL,0.2635244131088257,0.4121681749820709
2024-06-30 10:00:00,0.03921234,NORMAL,0.2635244131088257,0.4121681749820709
2024-06-30 11:00:00,0.04343699,NORMAL,0.2635244131088257,0.4121681749820709
2024-06-30 12:00:00,0.050878704,NORMAL,0.2635244131088257,0.4121681749820709
2024-06-30 13:00:00,0.05530768,NORMAL,0.2635244131088257,0.4121681749820709
2024-06-30 14:00:00,0.052593417,NORMAL,0.2635244131088257,0.4121681749820709
2024-06-30 15:00:00,0.0482218,NORMAL,0.2635244131088257,0.4121681749820709
2024-06-30 16:00:00,0.045243032,NORMAL,0.2635244131088257,0.4121681749820709
2024-06-30 17:00:00,0.0446354,NORMAL,0.2635244131088257,0.4121681749820709
2024-06-30 18:00:00,0.04345874,NORMAL,0.2635244131088257,0.4121681749820709
2024-06-30 19:00:00,0.04085266,NORMAL,0.2635244131088257,0.4121681749820709
2024-06-30 20:00:00,0.037665505,NORMAL,0.2635244131088257,0.4121681749820709
2024-06-30 21:00:00,0.035989914,NORMAL,0.2635244131088257,0.4121681749820709
2024-06-30 22:00:00,0.03399843,NORMAL,0.2635244131088257,0.4121681749820709
2024-06-30 23:00:00,0.032070424,NORMAL,0.2635244131088257,0.4121681749820709
2024-07-01 00:00:00,0.032247487,NORMAL,0.2635244131088257,0.4121681749820709
2024-07-01 01:00:00,0.034711644,NORMAL,0.2635244131088257,0.4121681749820709
2024-07-01 02:00:00,0.040781584,NORMAL,0.2635244131088257,0.4121681749820709
2024-07-01 03:00:00,0.04527582,NORMAL,0.2635244131088257,0.4121681749820709
2024-07-01 04:00:00,0.045016766,NORMAL,0.2635244131088257,0.4121681749820709
2024-07-01 05:00:00,0.043341737,NORMAL,0.2635244131088257,0.4121681749820709
2024-07-01 06:00:00,0.03989438,NORMAL,0.2635244131088257,0.4121681749820709
2024-07-01 07:00:00,0.037826248,NORMAL,0.2635244131088257,0.4121681749820709
2024-07-01 08:00:00,0.03753904,NORMAL,0.2635244131088257,0.4121681749820709
2024-07-01 09:00:00,0.038786013,NORMAL,0.2635244131088257,0.4121681749820709
2024-07-01 10:00:00,0.040071268,NORMAL,0.2635244131088257,0.4121681749820709
2024-07-01 11:00:00,0.044150405,NORMAL,0.2635244131088257,0.4121681749820709
2024-07-01 12:00:00,0.04969062,NORMAL,0.2635244131088257,0.4121681749820709
2024-07-01 13:00:00,0.05273997,NORMAL,0.2635244131088257,0.4121681749820709
2024-07-01 14:00:00,0.051455338,NORMAL,0.2635244131088257,0.4121681749820709
2024-07-01 15:00:00,0.04805641,NORMAL,0.2635244131088257,0.4121681749820709
2024-07-01 16:00:00,0.044511564,NORMAL,0.2635244131088257,0.4121681749820709
2024-07-01 17:00:00,0.041495312,NORMAL,0.2635244131088257,0.4121681749820709
2024-07-01 18:00:00,0.036177643,NORMAL,0.2635244131088257,0.4121681749820709
2024-07-01 19:00:00,0.030816972,NORMAL,0.2635244131088257,0.4121681749820709
2024-07-01 20:00:00,0.026752908,NORMAL,0.2635244131088257,0.4121681749820709
2024-07-01 21:00:00,0.025006663,NORMAL,0.2635244131088257,0.4121681749820709
2024-07-01 22:00:00,0.02379054,NORMAL,0.2635244131088257,0.4121681749820709
2024-07-01 23:00:00,0.023109144,NORMAL,0.2635244131088257,0.4121681749820709
2024-07-02 00:00:00,0.023570249,NORMAL,0.2635244131088257,0.4121681749820709
2024-07-02 01:00:00,0.025466397,NORMAL,0.2635244131088257,0.4121681749820709
2024-07-02 02:00:00,0.028669152,NORMAL,0.2635244131088257,0.4121681749820709
2024-07-02 03:00:00,0.031472728,NORMAL,0.2635244131088257,0.4121681749820709
2024-07-02 04:00:00,0.032362062,NORMAL,0.2635244131088257,0.4121681749820709
2024-07-02 05:00:00,0.03161238,NORMAL,0.2635244131088257,0.4121681749820709
2024-07-02 06:00:00,0.032400414,NORMAL,0.2635244131088257,0.4121681749820709
2024-07-02 07:00:00,0.03317592,NORMAL,0.2635244131088257,0.4121681749820709
2024-07-02 08:00:00,0.033919394,NORMAL,0.2635244131088257,0.4121681749820709
2024-07-02 09:00:00,0.034352727,NORMAL,0.2635244131088257,0.4121681749820709
2024-07-02 10:00:00,0.032686327,NORMAL,0.2635244131088257,0.4121681749820709
2024-07-02 11:00:00,0.031692974,NORMAL,0.2635244131088257,0.4121681749820709
2024-07-02 12:00:00,0.033535227,NORMAL,0.2635244131088257,0.4121681749820709
2024-07-02 13:00:00,0.037396237,NORMAL,0.2635244131088257,0.4121681749820709
2024-07-02 14:00:00,0.041312665,NORMAL,0.2635244131088257,0.4121681749820709
2024-07-02 15:00:00,0.04229637,NORMAL,0.2635244131088257,0.4121681749820709
2024-07-02 16:00:00,0.042280253,NORMAL,0.2635244131088257,0.4121681749820709
2024-07-02 17:00:00,0.04362999,NORMAL,0.2635244131088257,0.4121681749820709
2024-07-02 18:00:00,0.043543532,NORMAL,0.2635244131088257,0.4121681749820709
2024-07-02 19:00:00,0.042474587,NORMAL,0.2635244131088257,0.4121681749820709
2024-07-02 20:00:00,0.040414587,NORMAL,0.2635244131088257,0.4121681749820709
2024-07-02 21:00:00,0.03961356,NORMAL,0.2635244131088257,0.4121681749820709
2024-07-02 22:00:00,0.039631322,NORMAL,0.2635244131088257,0.4121681749820709
2024-07-02 23:00:00,0.0392189,NORMAL,0.2635244131088257,0.4121681749820709
2024-07-03 00:00:00,0.03887489,NORMAL,0.2635244131088257,0.4121681749820709
2024-07-03 01:00:00,0.039528783,NORMAL,0.2635244131088257,0.4121681749820709
2024-07-03 02:00:00,0.044210598,NORMAL,0.2635244131088257,0.4121681749820709
2024-07-03 03:00:00,0.04927794,NORMAL,0.2635244131088257,0.4121681749820709
2024-07-03 04:00:00,0.052184332,NORMAL,0.2635244131088257,0.4121681749820709
2024-07-03 05:00:00,0.056935437,NORMAL,0.2635244131088257,0.4121681749820709
2024-07-03 06:00:00,0.061708406,NORMAL,0.2635244131088257,0.4121681749820709
2024-07-03 07:00:00,0.06223929,NORMAL,0.2635244131088257,0.4121681749820709
2024-07-03 08:00:00,0.060528703,NORMAL,0.2635244131088257,0.4121681749820709
2024-07-03 09:00:00,0.05801613,NORMAL,0.2635244131088257,0.4121681749820709
2024-07-03 10:00:00,0.051518857,NORMAL,0.2635244131088257,0.4121681749820709
2024-07-03 11:00:00,0.04630096,NORMAL,0.2635244131088257,0.4121681749820709
2024-07-03 12:00:00,0.04436738,NORMAL,0.2635244131088257,0.4121681749820709
2024-07-03 13:00:00,0.045052953,NORMAL,0.2635244131088257,0.4121681749820709
2024-07-03 14:00:00,0.048327304,NORMAL,0.2635244131088257,0.4121681749820709
2024-07-03 15:00:00,0.051541224,NORMAL,0.2635244131088257,0.4121681749820709
2024-07-03 16:00:00,0.055983655,NORMAL,0.2635244131088257,0.4121681749820709
2024-07-03 17:00:00,0.062090058,NORMAL,0.2635244131088257,0.4121681749820709
2024-07-03 18:00:00,0.06514302,NORMAL,0.2635244131088257,0.4121681749820709
2024-07-03 19:00:00,0.06448168,NORMAL,0.2635244131088257,0.4121681749820709
2024-07-03 20:00:00,0.060441256,NORMAL,0.2635244131088257,0.4121681749820709
2024-07-03 21:00:00,0.057041686,NORMAL,0.2635244131088257,0.4121681749820709
2024-07-03 22:00:00,0.052282326,NORMAL,0.2635244131088257,0.4121681749820709
2024-07-03 23:00:00,0.04848615,NORMAL,0.2635244131088257,0.4121681749820709
2024-07-04 00:00:00,0.04687373,NORMAL,0.2635244131088257,0.4121681749820709
2024-07-04 01:00:00,0.047781784,NORMAL,0.2635244131088257,0.4121681749820709
2024-07-04 02:00:00,0.05181907,NORMAL,0.2635244131088257,0.4121681749820709
2024-07-04 03:00:00,0.05617909,NORMAL,0.2635244131088257,0.4121681749820709
2024-07-04 04:00:00,0.05855625,NORMAL,0.2635244131088257,0.4121681749820709
2024-07-04 05:00:00,0.060239553,NORMAL,0.2635244131088257,0.4121681749820709
2024-07-04 06:00:00,0.05955691,NORMAL,0.2635244131088257,0.4121681749820709
2024-07-04 07:00:00,0.055563953,NORMAL,0.2635244131088257,0.4121681749820709
2024-07-04 08:00:00,0.05116361,NORMAL,0.2635244131088257,0.4121681749820709
2024-07-04 09:00:00,0.048509333,NORMAL,0.2635244131088257,0.4121681749820709
2024-07-04 10:00:00,0.045210008,NORMAL,0.2635244131088257,0.4121681749820709
2024-07-04 11:00:00,0.044373225,NORMAL,0.2635244131088257,0.4121681749820709
2024-07-04 12:00:00,0.04915362,NORMAL,0.2635244131088257,0.4121681749820709
2024-07-04 13:00:00,0.05481257,NORMAL,0.2635244131088257,0.4121681749820709
2024-07-04 14:00:00,0.054418586,NORMAL,0.2635244131088257,0.4121681749820709
2024-07-04 15:00:00,0.051385034,NORMAL,0.2635244131088257,0.4121681749820709
2024-07-04 16:00:00,0.050000913,NORMAL,0.2635244131088257,0.4121681749820709
2024-07-04 17:00:00,0.05178459,NORMAL,0.2635244131088257,0.4121681749820709
2024-07-04 18:00:00,0.05299677,NORMAL,0.2635244131088257,0.4121681749820709
2024-07-04 19:00:00,0.051594757,NORMAL,0.2635244131088257,0.4121681749820709
2024-07-04 20:00:00,0.048302602,NORMAL,0.2635244131088257,0.4121681749820709
2024-07-04 21:00:00,0.045887273,NORMAL,0.2635244131088257,0.4121681749820709
2024-07-04 22:00:00,0.043576613,NORMAL,0.2635244131088257,0.4121681749820709
2024-07-04 23:00:00,0.04164613,NORMAL,0.2635244131088257,0.4121681749820709
2024-07-05 00:00:00,0.04178468,NORMAL,0.2635244131088257,0.4121681749820709
2024-07-05 01:00:00,0.043892052,NORMAL,0.2635244131088257,0.4121681749820709
2024-07-05 02:00:00,0.04969349,NORMAL,0.2635244131088257,0.4121681749820709
2024-07-05 03:00:00,0.055945363,NORMAL,0.2635244131088257,0.4121681749820709
2024-07-05 04:00:00,0.059499756,NORMAL,0.2635244131088257,0.4121681749820709
2024-07-05 05:00:00,0.060171112,NORMAL,0.2635244131088257,0.4121681749820709
2024-07-05 06:00:00,0.059548363,NORMAL,0.2635244131088257,0.4121681749820709
2024-07-05 07:00:00,0.058068316,NORMAL,0.2635244131088257,0.4121681749820709
2024-07-05 08:00:00,0.055416893,NORMAL,0.2635244131088257,0.4121681749820709
2024-07-05 09:00:00,0.05511715,NORMAL,0.2635244131088257,0.4121681749820709
2024-07-05 10:00:00,0.05611144,NORMAL,0.2635244131088257,0.4121681749820709
2024-07-05 11:00:00,0.058355246,NORMAL,0.2635244131088257,0.4121681749820709
2024-07-05 12:00:00,0.062625766,NORMAL,0.2635244131088257,0.4121681749820709
2024-07-05 13:00:00,0.06710858,NORMAL,0.2635244131088257,0.4121681749820709
2024-07-05 14:00:00,0.06882298,NORMAL,0.2635244131088257,0.4121681749820709
2024-07-05 15:00:00,0.0650204,NORMAL,0.2635244131088257,0.4121681749820709
2024-07-05 16:00:00,0.05897951,NORMAL,0.2635244131088257,0.4121681749820709
2024-07-05 17:00:00,0.051782217,NORMAL,0.2635244131088257,0.4121681749820709
2024-07-05 18:00:00,0.044244032,NORMAL,0.2635244131088257,0.4121681749820709
2024-07-05 19:00:00,0.039195307,NORMAL,0.2635244131088257,0.4121681749820709
2024-07-05 20:00:00,0.03648892,NORMAL,0.2635244131088257,0.4121681749820709
2024-07-05 21:00:00,0.036990747,NORMAL,0.2635244131088257,0.4121681749820709
2024-07-05 22:00:00,0.036444515,NORMAL,0.2635244131088257,0.4121681749820709
2024-07-05 23:00:00,0.03658712,NORMAL,0.2635244131088257,0.4121681749820709
2024-07-06 00:00:00,0.0374494,NORMAL,0.2635244131088257,0.4121681749820709
2024-07-06 01:00:00,0.038066443,NORMAL,0.2635244131088257,0.4121681749820709
2024-07-06 02:00:00,0.040006127,NORMAL,0.2635244131088257,0.4121681749820709
2024-07-06 03:00:00,0.04083927,NORMAL,0.2635244131088257,0.4121681749820709
2024-07-06 04:00:00,0.040072057,NORMAL,0.2635244131088257,0.4121681749820709
2024-07-06 05:00:00,0.038942903,NORMAL,0.2635244131088257,0.4121681749820709
2024-07-06 06:00:00,0.03934435,NORMAL,0.2635244131088257,0.4121681749820709
2024-07-06 07:00:00,0.039245736,NORMAL,0.2635244131088257,0.4121681749820709
2024-07-06 08:00:00,0.03965951,NORMAL,0.2635244131088257,0.4121681749820709
2024-07-06 09:00:00,0.037761744,NORMAL,0.2635244131088257,0.4121681749820709
2024-07-06 10:00:00,0.0336821,NORMAL,0.2635244131088257,0.4121681749820709
2024-07-06 11:00:00,0.030123254,NORMAL,0.2635244131088257,0.4121681749820709
2024-07-06 12:00:00,0.028165333,NORMAL,0.2635244131088257,0.4121681749820709
2024-07-06 13:00:00,0.028168837,NORMAL,0.2635244131088257,0.4121681749820709
2024-07-06 14:00:00,0.031324252,NORMAL,0.2635244131088257,0.4121681749820709
2024-07-06 15:00:00,0.035861924,NORMAL,0.2635244131088257,0.4121681749820709
2024-07-06 16:00:00,0.03993928,NORMAL,0.2635244131088257,0.4121681749820709
2024-07-06 17:00:00,0.043480195,NORMAL,0.2635244131088257,0.4121681749820709
2024-07-06 18:00:00,0.046445847,NORMAL,0.2635244131088257,0.4121681749820709
2024-07-06 19:00:00,0.049142107,NORMAL,0.2635244131088257,0.4121681749820709
2024-07-06 20:00:00,0.050632823,NORMAL,0.2635244131088257,0.4121681749820709
2024-07-06 21:00:00,0.051952124,NORMAL,0.2635244131088257,0.4121681749820709
2024-07-06 22:00:00,0.05203722,NORMAL,0.2635244131088257,0.4121681749820709
2024-07-06 23:00:00,0.05237064,NORMAL,0.2635244131088257,0.4121681749820709
2024-07-07 00:00:00,0.053463884,NORMAL,0.2635244131088257,0.4121681749820709
2024-07-07 01:00:00,0.055426475,NORMAL,0.2635244131088257,0.4121681749820709
2024-07-07 02:00:00,0.058360822,NORMAL,0.2635244131088257,0.4121681749820709
2024-07-07 03:00:00,0.060057476,NORMAL,0.2635244131088257,0.4121681749820709
2024-07-07 04:00:00,0.06011096,NORMAL,0.2635244131088257,0.4121681749820709
2024-07-07 05:00:00,0.06087876,NORMAL,0.2635244131088257,0.4121681749820709
2024-07-07 06:00:00,0.061518185,NORMAL,0.2635244131088257,0.4121681749820709
2024-07-07 07:00:00,0.05877024,NORMAL,0.2635244131088257,0.4121681749820709
2024-07-07 08:00:00,0.054853994,NORMAL,0.2635244131088257,0.4121681749820709
2024-07-07 09:00:00,0.05048988,NORMAL,0.2635244131088257,0.4121681749820709
2024-07-07 10:00:00,0.044658218,NORMAL,0.2635244131088257,0.4121681749820709
2024-07-07 11:00:00,0.03991727,NORMAL,0.2635244131088257,0.4121681749820709
2024-07-07 12:00:00,0.03804423,NORMAL,0.2635244131088257,0.4121681749820709
2024-07-07 13:00:00,0.038626812,NORMAL,0.2635244131088257,0.4121681749820709
2024-07-07 14:00:00,0.04066308,NORMAL,0.2635244131088257,0.4121681749820709
2024-07-07 15:00:00,0.04319867,NORMAL,0.2635244131088257,0.4121681749820709
2024-07-07 16:00:00,0.046895962,NORMAL,0.2635244131088257,0.4121681749820709
2024-07-07 17:00:00,0.050370652,NORMAL,0.2635244131088257,0.4121681749820709
2024-07-07 18:00:00,0.05227876,NORMAL,0.2635244131088257,0.4121681749820709
2024-07-07 19:00:00,0.05348036,NORMAL,0.2635244131088257,0.4121681749820709
2024-07-07 20:00:00,0.05307633,NORMAL,0.2635244131088257,0.4121681749820709
2024-07-07 21:00:00,0.053476006,NORMAL,0.2635244131088257,0.4121681749820709
2024-07-07 22:00:00,0.052588567,NORMAL,0.2635244131088257,0.4121681749820709
2024-07-07 23:00:00,0.05070974,NORMAL,0.2635244131088257,0.4121681749820709
2024-07-08 00:00:00,0.049725622,NORMAL,0.2635244131088257,0.4121681749820709
2024-07-08 01:00:00,0.050032094,NORMAL,0.2635244131088257,0.4121681749820709
2024-07-08 02:00:00,0.054042075,NORMAL,0.2635244131088257,0.4121681749820709
2024-07-08 03:00:00,0.058659595,NORMAL,0.2635244131088257,0.4121681749820709
2024-07-08 04:00:00,0.062619776,NORMAL,0.2635244131088257,0.4121681749820709
2024-07-08 05:00:00,0.06726059,NORMAL,0.2635244131088257,0.4121681749820709
2024-07-08 06:00:00,0.07150572,NORMAL,0.2635244131088257,0.4121681749820709
2024-07-08 07:00:00,0.07199073,NORMAL,0.2635244131088257,0.4121681749820709
2024-07-08 08:00:00,0.06954176,NORMAL,0.2635244131088257,0.4121681749820709
2024-07-08 09:00:00,0.06693668,NORMAL,0.2635244131088257,0.4121681749820709
2024-07-08 10:00:00,0.06123732,NORMAL,0.2635244131088257,0.4121681749820709
2024-07-08 11:00:00,0.05737841,NORMAL,0.2635244131088257,0.4121681749820709
2024-07-08 12:00:00,0.05775239,NORMAL,0.2635244131088257,0.4121681749820709
2024-07-08 13:00:00,0.06088315,NORMAL,0.2635244131088257,0.4121681749820709
2024-07-08 14:00:00,0.06387354,NORMAL,0.2635244131088257,0.4121681749820709
2024-07-08 15:00:00,0.06637103,NORMAL,0.2635244131088257,0.4121681749820709
2024-07-08 16:00:00,0.06912419,NORMAL,0.2635244131088257,0.4121681749820709
2024-07-08 17:00:00,0.06959397,NORMAL,0.2635244131088257,0.4121681749820709
2024-07-08 18:00:00,0.06955087,NORMAL,0.2635244131088257,0.4121681749820709
2024-07-08 19:00:00,0.07000409,NORMAL,0.2635244131088257,0.4121681749820709
2024-07-08 20:00:00,0.07021522,NORMAL,0.2635244131088257,0.4121681749820709
2024-07-08 21:00:00,0.073423415,NORMAL,0.2635244131088257,0.4121681749820709
2024-07-08 22:00:00,0.07386819,NORMAL,0.2635244131088257,0.4121681749820709
2024-07-08 23:00:00,0.07200375,NORMAL,0.2635244131088257,0.4121681749820709
2024-07-09 00:00:00,0.06934508,NORMAL,0.2635244131088257,0.4121681749820709
2024-07-09 01:00:00,0.068279296,NORMAL,0.2635244131088257,0.4121681749820709
2024-07-09 02:00:00,0.073645696,NORMAL,0.2635244131088257,0.4121681749820709
2024-07-09 03:00:00,0.08047095,NORMAL,0.2635244131088257,0.4121681749820709
2024-07-09 04:00:00,0.0867058,NORMAL,0.2635244131088257,0.4121681749820709
2024-07-09 05:00:00,0.093560316,NORMAL,0.2635244131088257,0.4121681749820709
2024-07-09 06:00:00,0.09868388,NORMAL,0.2635244131088257,0.4121681749820709
2024-07-09 07:00:00,0.09660402,NORMAL,0.2635244131088257,0.4121681749820709
2024-07-09 08:00:00,0.08994223,NORMAL,0.2635244131088257,0.4121681749820709
2024-07-09 09:00:00,0.08360356,NORMAL,0.2635244131088257,0.4121681749820709
2024-07-09 10:00:00,0.073598504,NORMAL,0.2635244131088257,0.4121681749820709
2024-07-09 11:00:00,0.0657697,NORMAL,0.2635244131088257,0.4121681749820709
2024-07-09 12:00:00,0.06221084,NORMAL,0.2635244131088257,0.4121681749820709
2024-07-09 13:00:00,0.063755006,NORMAL,0.2635244131088257,0.4121681749820709
2024-07-09 14:00:00,0.066240035,NORMAL,0.2635244131088257,0.4121681749820709
2024-07-09 15:00:00,0.068379186,NORMAL,0.2635244131088257,0.4121681749820709
2024-07-09 16:00:00,0.07181605,NORMAL,0.2635244131088257,0.4121681749820709
2024-07-09 17:00:00,0.075041495,NORMAL,0.2635244131088257,0.4121681749820709
2024-07-09 18:00:00,0.07800536,NORMAL,0.2635244131088257,0.4121681749820709
2024-07-09 19:00:00,0.0816273,NORMAL,0.2635244131088257,0.4121681749820709
2024-07-09 20:00:00,0.083576545,NORMAL,0.2635244131088257,0.4121681749820709
2024-07-09 21:00:00,0.08544062,NORMAL,0.2635244131088257,0.4121681749820709
2024-07-09 22:00:00,0.08317402,NORMAL,0.2635244131088257,0.4121681749820709
2024-07-09 23:00:00,0.08020306,NORMAL,0.2635244131088257,0.4121681749820709
2024-07-10 00:00:00,0.08024983,NORMAL,0.2635244131088257,0.4121681749820709
2024-07-10 01:00:00,0.08399883,NORMAL,0.2635244131088257,0.4121681749820709
2024-07-10 02:00:00,0.092408456,NORMAL,0.2635244131088257,0.4121681749820709
2024-07-10 03:00:00,0.09978603,NORMAL,0.2635244131088257,0.4121681749820709
2024-07-10 04:00:00,0.10518042,NORMAL,0.2635244131088257,0.4121681749820709
2024-07-10 05:00:00,0.10854629,NORMAL,0.2635244131088257,0.4121681749820709
2024-07-10 06:00:00,0.10727893,NORMAL,0.2635244131088257,0.4121681749820709
2024-07-10 07:00:00,0.10305564,NORMAL,0.2635244131088257,0.4121681749820709
2024-07-10 08:00:00,0.09751147,NORMAL,0.2635244131088257,0.4121681749820709
2024-07-10 09:00:00,0.09375771,NORMAL,0.2635244131088257,0.4121681749820709
2024-07-10 10:00:00,0.090274416,NORMAL,0.2635244131088257,0.4121681749820709
2024-07-10 11:00:00,0.08915576,NORMAL,0.2635244131088257,0.4121681749820709
2024-07-10 12:00:00,0.09124252,NORMAL,0.2635244131088257,0.4121681749820709
2024-07-10 13:00:00,0.09514594,NORMAL,0.2635244131088257,0.4121681749820709
2024-07-10 14:00:00,0.09240896,NORMAL,0.2635244131088257,0.4121681749820709
2024-07-10 15:00:00,0.08612983,NORMAL,0.2635244131088257,0.4121681749820709
2024-07-10 16:00:00,0.08655259,NORMAL,0.2635244131088257,0.4121681749820709
2024-07-10 17:00:00,0.09333281,NORMAL,0.2635244131088257,0.4121681749820709
2024-07-10 18:00:00,0.09568968,NORMAL,0.2635244131088257,0.4121681749820709
2024-07-10 19:00:00,0.09400088,NORMAL,0.2635244131088257,0.4121681749820709
2024-07-10 20:00:00,0.08969252,NORMAL,0.2635244131088257,0.4121681749820709
2024-07-10 21:00:00,0.084211774,NORMAL,0.2635244131088257,0.4121681749820709
2024-07-10 22:00:00,0.07379223,NORMAL,0.2635244131088257,0.4121681749820709
2024-07-10 23:00:00,0.064151764,NORMAL,0.2635244131088257,0.4121681749820709
2024-07-11 00:00:00,0.060686488,NORMAL,0.2635244131088257,0.4121681749820709
2024-07-11 01:00:00,0.06148247,NORMAL,0.2635244131088257,0.4121681749820709
2024-07-11 02:00:00,0.06711736,NORMAL,0.2635244131088257,0.4121681749820709
2024-07-11 03:00:00,0.07350845,NORMAL,0.2635244131088257,0.4121681749820709
2024-07-11 04:00:00,0.078672774,NORMAL,0.2635244131088257,0.4121681749820709
2024-07-11 05:00:00,0.081144236,NORMAL,0.2635244131088257,0.4121681749820709
2024-07-11 06:00:00,0.07992112,NORMAL,0.2635244131088257,0.4121681749820709
2024-07-11 07:00:00,0.076135546,NORMAL,0.2635244131088257,0.4121681749820709
2024-07-11 08:00:00,0.07136898,NORMAL,0.2635244131088257,0.4121681749820709
2024-07-11 09:00:00,0.070284165,NORMAL,0.2635244131088257,0.4121681749820709
2024-07-11 10:00:00,0.07349439,NORMAL,0.2635244131088257,0.4121681749820709
2024-07-11 11:00:00,0.08336289,NORMAL,0.2635244131088257,0.4121681749820709
2024-07-11 12:00:00,0.09658664,NORMAL,0.2635244131088257,0.4121681749820709
2024-07-11 13:00:00,0.1024201,NORMAL,0.2635244131088257,0.4121681749820709
2024-07-11 14:00:00,0.09796366,NORMAL,0.2635244131088257,0.4121681749820709
2024-07-11 15:00:00,0.091134615,NORMAL,0.2635244131088257,0.4121681749820709
2024-07-11 16:00:00,0.08655501,NORMAL,0.2635244131088257,0.4121681749820709
2024-07-11 17:00:00,0.08512248,NORMAL,0.2635244131088257,0.4121681749820709
2024-07-11 18:00:00,0.08255836,NORMAL,0.2635244131088257,0.4121681749820709
2024-07-11 19:00:00,0.0786187,NORMAL,0.2635244131088257,0.4121681749820709
2024-07-11 20:00:00,0.07365281,NORMAL,0.2635244131088257,0.4121681749820709
2024-07-11 21:00:00,0.07173455,NORMAL,0.2635244131088257,0.4121681749820709
2024-07-11 22:00:00,0.06944147,NORMAL,0.2635244131088257,0.4121681749820709
2024-07-11 23:00:00,0.06723421,NORMAL,0.2635244131088257,0.4121681749820709
2024-07-12 00:00:00,0.06512813,NORMAL,0.2635244131088257,0.4121681749820709
2024-07-12 01:00:00,0.062351838,NORMAL,0.2635244131088257,0.4121681749820709
2024-07-12 02:00:00,0.06406334,NORMAL,0.2635244131088257,0.4121681749820709
2024-07-12 03:00:00,0.06795401,NORMAL,0.2635244131088257,0.4121681749820709
2024-07-12 04:00:00,0.06879533,NORMAL,0.2635244131088257,0.4121681749820709
2024-07-12 05:00:00,0.06632945,NORMAL,0.2635244131088257,0.4121681749820709
2024-07-12 06:00:00,0.06301663,NORMAL,0.2635244131088257,0.4121681749820709
2024-07-12 07:00:00,0.05891903,NORMAL,0.2635244131088257,0.4121681749820709
2024-07-12 08:00:00,0.05566631,NORMAL,0.2635244131088257,0.4121681749820709
2024-07-12 09:00:00,0.05480635,NORMAL,0.2635244131088257,0.4121681749820709
2024-07-12 10:00:00,0.049711406,NORMAL,0.2635244131088257,0.4121681749820709
2024-07-12 11:00:00,0.046256594,NORMAL,0.2635244131088257,0.4121681749820709
2024-07-12 12:00:00,0.04404947,NORMAL,0.2635244131088257,0.4121681749820709
2024-07-12 13:00:00,0.04209827,NORMAL,0.2635244131088257,0.4121681749820709
2024-07-12 14:00:00,0.040595725,NORMAL,0.2635244131088257,0.4121681749820709
2024-07-12 15:00:00,0.038722083,NORMAL,0.2635244131088257,0.4121681749820709
2024-07-12 16:00:00,0.036655698,NORMAL,0.2635244131088257,0.4121681749820709
2024-07-12 17:00:00,0.035426866,NORMAL,0.2635244131088257,0.4121681749820709
2024-07-12 18:00:00,0.03256266,NORMAL,0.2635244131088257,0.4121681749820709
2024-07-12 19:00:00,0.029556086,NORMAL,0.2635244131088257,0.4121681749820709
2024-07-12 20:00:00,0.026960438,NORMAL,0.2635244131088257,0.4121681749820709
2024-07-12 21:00:00,0.025776008,NORMAL,0.2635244131088257,0.4121681749820709
2024-07-12 22:00:00,0.023361739,NORMAL,0.2635244131088257,0.4121681749820709
2024-07-12 23:00:00,0.022367543,NORMAL,0.2635244131088257,0.4121681749820709
2024-07-13 00:00:00,0.02258978,NORMAL,0.2635244131088257,0.4121681749820709
2024-07-13 01:00:00,0.023232825,NORMAL,0.2635244131088257,0.4121681749820709
2024-07-13 02:00:00,0.025661167,NORMAL,0.2635244131088257,0.4121681749820709
2024-07-13 03:00:00,0.02764065,NORMAL,0.2635244131088257,0.4121681749820709
2024-07-13 04:00:00,0.027473167,NORMAL,0.2635244131088257,0.4121681749820709
2024-07-13 05:00:00,0.026955482,NORMAL,0.2635244131088257,0.4121681749820709
2024-07-13 06:00:00,0.027520563,NORMAL,0.2635244131088257,0.4121681749820709
2024-07-13 07:00:00,0.02806188,NORMAL,0.2635244131088257,0.4121681749820709
2024-07-13 08:00:00,0.02915952,NORMAL,0.2635244131088257,0.4121681749820709
2024-07-13 09:00:00,0.028663078,NORMAL,0.2635244131088257,0.4121681749820709
2024-07-13 10:00:00,0.025514135,NORMAL,0.2635244131088257,0.4121681749820709
2024-07-13 11:00:00,0.023454387,NORMAL,0.2635244131088257,0.4121681749820709
2024-07-13 12:00:00,0.023989968,NORMAL,0.2635244131088257,0.4121681749820709
2024-07-13 13:00:00,0.026235314,NORMAL,0.2635244131088257,0.4121681749820709
2024-07-13 14:00:00,0.029599335,NORMAL,0.2635244131088257,0.4121681749820709
2024-07-13 15:00:00,0.03184436,NORMAL,0.2635244131088257,0.4121681749820709
2024-07-13 16:00:00,0.033125587,NORMAL,0.2635244131088257,0.4121681749820709
2024-07-13 17:00:00,0.034325734,NORMAL,0.2635244131088257,0.4121681749820709
2024-07-13 18:00:00,0.034214873,NORMAL,0.2635244131088257,0.4121681749820709
2024-07-13 19:00:00,0.033268463,NORMAL,0.2635244131088257,0.4121681749820709
2024-07-13 20:00:00,0.031403445,NORMAL,0.2635244131088257,0.4121681749820709
2024-07-13 21:00:00,0.030609969,NORMAL,0.2635244131088257,0.4121681749820709
2024-07-13 22:00:00,0.029388674,NORMAL,0.2635244131088257,0.4121681749820709
2024-07-13 23:00:00,0.029495213,NORMAL,0.2635244131088257,0.4121681749820709
2024-07-14 00:00:00,0.031115703,NORMAL,0.2635244131088257,0.4121681749820709
2024-07-14 01:00:00,0.031980906,NORMAL,0.2635244131088257,0.4121681749820709
2024-07-14 02:00:00,0.035208188,NORMAL,0.2635244131088257,0.4121681749820709
2024-07-14 03:00:00,0.038191713,NORMAL,0.2635244131088257,0.4121681749820709
2024-07-14 04:00:00,0.038786657,NORMAL,0.2635244131088257,0.4121681749820709
2024-07-14 05:00:00,0.04005907,NORMAL,0.2635244131088257,0.4121681749820709
2024-07-14 06:00:00,0.044512495,NORMAL,0.2635244131088257,0.4121681749820709
2024-07-14 07:00:00,0.046903484,NORMAL,0.2635244131088257,0.4121681749820709
2024-07-14 08:00:00,0.046957105,NORMAL,0.2635244131088257,0.4121681749820709
2024-07-14 09:00:00,0.044497613,NORMAL,0.2635244131088257,0.4121681749820709
2024-07-14 10:00:00,0.04032839,NORMAL,0.2635244131088257,0.4121681749820709
2024-07-14 11:00:00,0.03707452,NORMAL,0.2635244131088257,0.4121681749820709
2024-07-14 12:00:00,0.036556832,NORMAL,0.2635244131088257,0.4121681749820709
2024-07-14 13:00:00,0.03876068,NORMAL,0.2635244131088257,0.4121681749820709
2024-07-14 14:00:00,0.04179187,NORMAL,0.2635244131088257,0.4121681749820709
2024-07-14 15:00:00,0.04347005,NORMAL,0.2635244131088257,0.4121681749820709
2024-07-14 16:00:00,0.044466652,NORMAL,0.2635244131088257,0.4121681749820709
2024-07-14 17:00:00,0.0448633,NORMAL,0.2635244131088257,0.4121681749820709
2024-07-14 18:00:00,0.045286756,NORMAL,0.2635244131088257,0.4121681749820709
2024-07-14 19:00:00,0.045778953,NORMAL,0.2635244131088257,0.4121681749820709
2024-07-14 20:00:00,0.045523345,NORMAL,0.2635244131088257,0.4121681749820709
2024-07-14 21:00:00,0.04745941,NORMAL,0.2635244131088257,0.4121681749820709
2024-07-14 22:00:00,0.04900396,NORMAL,0.2635244131088257,0.4121681749820709
2024-07-14 23:00:00,0.050332054,NORMAL,0.2635244131088257,0.4121681749820709
2024-07-15 00:00:00,0.052085925,NORMAL,0.2635244131088257,0.4121681749820709
2024-07-15 01:00:00,0.054231543,NORMAL,0.2635244131088257,0.4121681749820709
2024-07-15 02:00:00,0.060938254,NORMAL,0.2635244131088257,0.4121681749820709
2024-07-15 03:00:00,0.06653032,NORMAL,0.2635244131088257,0.4121681749820709
2024-07-15 04:00:00,0.06839657,NORMAL,0.2635244131088257,0.4121681749820709
2024-07-15 05:00:00,0.07208219,NORMAL,0.2635244131088257,0.4121681749820709
2024-07-15 06:00:00,0.07669917,NORMAL,0.2635244131088257,0.4121681749820709
2024-07-15 07:00:00,0.07660736,NORMAL,0.2635244131088257,0.4121681749820709
2024-07-15 08:00:00,0.07294648,NORMAL,0.2635244131088257,0.4121681749820709
2024-07-15 09:00:00,0.06740507,NORMAL,0.2635244131088257,0.4121681749820709
2024-07-15 10:00:00,0.058719072,NORMAL,0.2635244131088257,0.4121681749820709
2024-07-15 11:00:00,0.050294016,NORMAL,0.2635244131088257,0.4121681749820709
2024-07-15 12:00:00,0.04574255,NORMAL,0.2635244131088257,0.4121681749820709
2024-07-15 13:00:00,0.045377832,NORMAL,0.2635244131088257,0.4121681749820709
2024-07-15 14:00:00,0.04696651,NORMAL,0.2635244131088257,0.4121681749820709
2024-07-15 15:00:00,0.04846602,NORMAL,0.2635244131088257,0.4121681749820709
2024-07-15 16:00:00,0.051376548,NORMAL,0.2635244131088257,0.4121681749820709
2024-07-15 17:00:00,0.054657932,NORMAL,0.2635244131088257,0.4121681749820709
2024-07-15 18:00:00,0.056995537,NORMAL,0.2635244131088257,0.4121681749820709
2024-07-15 19:00:00,0.057311602,NORMAL,0.2635244131088257,0.4121681749820709
2024-07-15 20:00:00,0.055148706,NORMAL,0.2635244131088257,0.4121681749820709
2024-07-15 21:00:00,0.054249983,NORMAL,0.2635244131088257,0.4121681749820709
2024-07-15 22:00:00,0.05290176,NORMAL,0.2635244131088257,0.4121681749820709
2024-07-15 23:00:00,0.05188249,NORMAL,0.2635244131088257,0.4121681749820709
2024-07-16 00:00:00,0.05204944,NORMAL,0.2635244131088257,0.4121681749820709
2024-07-16 01:00:00,0.05308555,NORMAL,0.2635244131088257,0.4121681749820709
2024-07-16 02:00:00,0.058285832,NORMAL,0.2635244131088257,0.4121681749820709
2024-07-16 03:00:00,0.06383757,NORMAL,0.2635244131088257,0.4121681749820709
2024-07-16 04:00:00,0.06769553,NORMAL,0.2635244131088257,0.4121681749820709
2024-07-16 05:00:00,0.07225396,NORMAL,0.2635244131088257,0.4121681749820709
2024-07-16 06:00:00,0.07653161,NORMAL,0.2635244131088257,0.4121681749820709
2024-07-16 07:00:00,0.075191416,NORMAL,0.2635244131088257,0.4121681749820709
2024-07-16 08:00:00,0.07215246,NORMAL,0.2635244131088257,0.4121681749820709
2024-07-16 09:00:00,0.07003664,NORMAL,0.2635244131088257,0.4121681749820709
2024-07-16 10:00:00,0.06218458,NORMAL,0.2635244131088257,0.4121681749820709
2024-07-16 11:00:00,0.056129396,NORMAL,0.2635244131088257,0.4121681749820709
2024-07-16 12:00:00,0.054393504,NORMAL,0.2635244131088257,0.4121681749820709
2024-07-16 13:00:00,0.056276295,NORMAL,0.2635244131088257,0.4121681749820709
2024-07-16 14:00:00,0.057334047,NORMAL,0.2635244131088257,0.4121681749820709
2024-07-16 15:00:00,0.057461157,NORMAL,0.2635244131088257,0.4121681749820709
2024-07-16 16:00:00,0.0579771,NORMAL,0.2635244131088257,0.4121681749820709
2024-07-16 17:00:00,0.05968495,NORMAL,0.2635244131088257,0.4121681749820709
2024-07-16 18:00:00,0.061159424,NORMAL,0.2635244131088257,0.4121681749820709
2024-07-16 19:00:00,0.06163098,NORMAL,0.2635244131088257,0.4121681749820709
2024-07-16 20:00:00,0.059366386,NORMAL,0.2635244131088257,0.4121681749820709
2024-07-16 21:00:00,0.05809091,NORMAL,0.2635244131088257,0.4121681749820709
2024-07-16 22:00:00,0.05710119,NORMAL,0.2635244131088257,0.4121681749820709
2024-07-16 23:00:00,0.056433413,NORMAL,0.2635244131088257,0.4121681749820709
2024-07-17 00:00:00,0.056983676,NORMAL,0.2635244131088257,0.4121681749820709
2024-07-17 01:00:00,0.057871442,NORMAL,0.2635244131088257,0.4121681749820709
2024-07-17 02:00:00,0.06458455,NORMAL,0.2635244131088257,0.4121681749820709
2024-07-17 03:00:00,0.07176128,NORMAL,0.2635244131088257,0.4121681749820709
2024-07-17 04:00:00,0.076184206,NORMAL,0.2635244131088257,0.4121681749820709
2024-07-17 05:00:00,0.08194999,NORMAL,0.2635244131088257,0.4121681749820709
2024-07-17 06:00:00,0.08640651,NORMAL,0.2635244131088257,0.4121681749820709
2024-07-17 07:00:00,0.08478334,NORMAL,0.2635244131088257,0.4121681749820709
2024-07-17 08:00:00,0.0801197,NORMAL,0.2635244131088257,0.4121681749820709
2024-07-17 09:00:00,0.07544242,NORMAL,0.2635244131088257,0.4121681749820709
2024-07-17 10:00:00,0.06817134,NORMAL,0.2635244131088257,0.4121681749820709
2024-07-17 11:00:00,0.06253098,NORMAL,0.2635244131088257,0.4121681749820709
2024-07-17 12:00:00,0.05994204,NORMAL,0.2635244131088257,0.4121681749820709
2024-07-17 13:00:00,0.060383864,NORMAL,0.2635244131088257,0.4121681749820709
2024-07-17 14:00:00,0.06079279,NORMAL,0.2635244131088257,0.4121681749820709
2024-07-17 15:00:00,0.05920674,NORMAL,0.2635244131088257,0.4121681749820709
2024-07-17 16:00:00,0.059632268,NORMAL,0.2635244131088257,0.4121681749820709
2024-07-17 17:00:00,0.06270337,NORMAL,0.2635244131088257,0.4121681749820709
2024-07-17 18:00:00,0.065238714,NORMAL,0.2635244131088257,0.4121681749820709
2024-07-17 19:00:00,0.06592909,NORMAL,0.2635244131088257,0.4121681749820709
2024-07-17 20:00:00,0.063268065,NORMAL,0.2635244131088257,0.4121681749820709
2024-07-17 21:00:00,0.062425032,NORMAL,0.2635244131088257,0.4121681749820709
2024-07-17 22:00:00,0.05906505,NORMAL,0.2635244131088257,0.4121681749820709
2024-07-17 23:00:00,0.057290845,NORMAL,0.2635244131088257,0.4121681749820709
2024-07-18 00:00:00,0.057139687,NORMAL,0.2635244131088257,0.4121681749820709
2024-07-18 01:00:00,0.057996076,NORMAL,0.2635244131088257,0.4121681749820709
2024-07-18 02:00:00,0.062120914,NORMAL,0.2635244131088257,0.4121681749820709
2024-07-18 03:00:00,0.06652436,NORMAL,0.2635244131088257,0.4121681749820709
2024-07-18 04:00:00,0.06932861,NORMAL,0.2635244131088257,0.4121681749820709
2024-07-18 05:00:00,0.071072884,NORMAL,0.2635244131088257,0.4121681749820709
2024-07-18 06:00:00,0.07417537,NORMAL,0.2635244131088257,0.4121681749820709
2024-07-18 07:00:00,0.075087875,NORMAL,0.2635244131088257,0.4121681749820709
2024-07-18 08:00:00,0.07319853,NORMAL,0.2635244131088257,0.4121681749820709
2024-07-18 09:00:00,0.07128271,NORMAL,0.2635244131088257,0.4121681749820709
2024-07-18 10:00:00,0.0642207,NORMAL,0.2635244131088257,0.4121681749820709
2024-07-18 11:00:00,0.059714098,NORMAL,0.2635244131088257,0.4121681749820709
2024-07-18 12:00:00,0.058669176,NORMAL,0.2635244131088257,0.4121681749820709
2024-07-18 13:00:00,0.061383206,NORMAL,0.2635244131088257,0.4121681749820709
2024-07-18 14:00:00,0.06356178,NORMAL,0.2635244131088257,0.4121681749820709
2024-07-18 15:00:00,0.06317782,NORMAL,0.2635244131088257,0.4121681749820709
2024-07-18 16:00:00,0.061843183,NORMAL,0.2635244131088257,0.4121681749820709
2024-07-18 17:00:00,0.06041664,NORMAL,0.2635244131088257,0.4121681749820709
2024-07-18 18:00:00,0.057144575,NORMAL,0.2635244131088257,0.4121681749820709
2024-07-18 19:00:00,0.052408263,NORMAL,0.2635244131088257,0.4121681749820709
2024-07-18 20:00:00,0.047878683,NORMAL,0.2635244131088257,0.4121681749820709
2024-07-18 21:00:00,0.04699233,NORMAL,0.2635244131088257,0.4121681749820709
2024-07-18 22:00:00,0.046197597,NORMAL,0.2635244131088257,0.4121681749820709
2024-07-18 23:00:00,0.046693757,NORMAL,0.2635244131088257,0.4121681749820709
2024-07-19 00:00:00,0.04804643,NORMAL,0.2635244131088257,0.4121681749820709
2024-07-19 01:00:00,0.049156893,NORMAL,0.2635244131088257,0.4121681749820709
2024-07-19 02:00:00,0.05264059,NORMAL,0.2635244131088257,0.4121681749820709
2024-07-19 03:00:00,0.05603226,NORMAL,0.2635244131088257,0.4121681749820709
2024-07-19 04:00:00,0.056713596,NORMAL,0.2635244131088257,0.4121681749820709
2024-07-19 05:00:00,0.056357726,NORMAL,0.2635244131088257,0.4121681749820709
2024-07-19 06:00:00,0.05947511,NORMAL,0.2635244131088257,0.4121681749820709
2024-07-19 07:00:00,0.062019527,NORMAL,0.2635244131088257,0.4121681749820709
2024-07-19 08:00:00,0.061198607,NORMAL,0.2635244131088257,0.4121681749820709
2024-07-19 09:00:00,0.058825426,NORMAL,0.2635244131088257,0.4121681749820709
2024-07-19 10:00:00,0.053447776,NORMAL,0.2635244131088257,0.4121681749820709
2024-07-19 11:00:00,0.04965152,NORMAL,0.2635244131088257,0.4121681749820709
2024-07-19 12:00:00,0.049362786,NORMAL,0.2635244131088257,0.4121681749820709
2024-07-19 13:00:00,0.052805807,NORMAL,0.2635244131088257,0.4121681749820709
2024-07-19 14:00:00,0.056702808,NORMAL,0.2635244131088257,0.4121681749820709
2024-07-19 15:00:00,0.057012532,NORMAL,0.2635244131088257,0.4121681749820709
2024-07-19 16:00:00,0.055896953,NORMAL,0.2635244131088257,0.4121681749820709
2024-07-19 17:00:00,0.054609336,NORMAL,0.2635244131088257,0.4121681749820709
2024-07-19 18:00:00,0.052853588,NORMAL,0.2635244131088257,0.4121681749820709
2024-07-19 19:00:00,0.051395644,NORMAL,0.2635244131088257,0.4121681749820709
2024-07-19 20:00:00,0.04981078,NORMAL,0.2635244131088257,0.4121681749820709
2024-07-19 21:00:00,0.05043694,NORMAL,0.2635244131088257,0.4121681749820709
2024-07-19 22:00:00,0.050230883,NORMAL,0.2635244131088257,0.4121681749820709
2024-07-19 23:00:00,0.050214514,NORMAL,0.2635244131088257,0.4121681749820709
2024-07-20 00:00:00,0.050910704,NORMAL,0.2635244131088257,0.4121681749820709
2024-07-20 01:00:00,0.052224264,NORMAL,0.2635244131088257,0.4121681749820709
2024-07-20 02:00:00,0.05835763,NORMAL,0.2635244131088257,0.4121681749820709
2024-07-20 03:00:00,0.064654104,NORMAL,0.2635244131088257,0.4121681749820709
2024-07-20 04:00:00,0.06894261,NORMAL,0.2635244131088257,0.4121681749820709
2024-07-20 05:00:00,0.07642116,NORMAL,0.2635244131088257,0.4121681749820709
2024-07-20 06:00:00,0.08546874,NORMAL,0.2635244131088257,0.4121681749820709
2024-07-20 07:00:00,0.088326156,NORMAL,0.2635244131088257,0.4121681749820709
2024-07-20 08:00:00,0.086079545,NORMAL,0.2635244131088257,0.4121681749820709
2024-07-20 09:00:00,0.08045265,NORMAL,0.2635244131088257,0.4121681749820709
2024-07-20 10:00:00,0.070843995,NORMAL,0.2635244131088257,0.4121681749820709
2024-07-20 11:00:00,0.0621704,NORMAL,0.2635244131088257,0.4121681749820709
2024-07-20 12:00:00,0.05748172,NORMAL,0.2635244131088257,0.4121681749820709
2024-07-20 13:00:00,0.057285275,NORMAL,0.2635244131088257,0.4121681749820709
2024-07-20 14:00:00,0.058322497,NORMAL,0.2635244131088257,0.4121681749820709
2024-07-20 15:00:00,0.05914512,NORMAL,0.2635244131088257,0.4121681749820709
2024-07-20 16:00:00,0.06153982,NORMAL,0.2635244131088257,0.4121681749820709
2024-07-20 17:00:00,0.06537045,NORMAL,0.2635244131088257,0.4121681749820709
2024-07-20 18:00:00,0.06714734,NORMAL,0.2635244131088257,0.4121681749820709
2024-07-20 19:00:00,0.06653617,NORMAL,0.2635244131088257,0.4121681749820709
2024-07-20 20:00:00,0.06268284,NORMAL,0.2635244131088257,0.4121681749820709
2024-07-20 21:00:00,0.05941791,NORMAL,0.2635244131088257,0.4121681749820709
2024-07-20 22:00:00,0.05587794,NORMAL,0.2635244131088257,0.4121681749820709
2024-07-20 23:00:00,0.052874055,NORMAL,0.2635244131088257,0.4121681749820709
2024-07-21 00:00:00,0.051120088,NORMAL,0.2635244131088257,0.4121681749820709
2024-07-21 01:00:00,0.051287528,NORMAL,0.2635244131088257,0.4121681749820709
2024-07-21 02:00:00,0.055996936,NORMAL,0.2635244131088257,0.4121681749820709
2024-07-21 03:00:00,0.061399825,NORMAL,0.2635244131088257,0.4121681749820709
2024-07-21 04:00:00,0.06498038,NORMAL,0.2635244131088257,0.4121681749820709
2024-07-21 05:00:00,0.06901879,NORMAL,0.2635244131088257,0.4121681749820709
2024-07-21 06:00:00,0.07439533,NORMAL,0.2635244131088257,0.4121681749820709
2024-07-21 07:00:00,0.07531667,NORMAL,0.2635244131088257,0.4121681749820709
2024-07-21 08:00:00,0.07269749,NORMAL,0.2635244131088257,0.4121681749820709
2024-07-21 09:00:00,0.06952474,NORMAL,0.2635244131088257,0.4121681749820709
2024-07-21 10:00:00,0.06434974,NORMAL,0.2635244131088257,0.4121681749820709
2024-07-21 11:00:00,0.05971484,NORMAL,0.2635244131088257,0.4121681749820709
2024-07-21 12:00:00,0.058600586,NORMAL,0.2635244131088257,0.4121681749820709
2024-07-21 13:00:00,0.061017886,NORMAL,0.2635244131088257,0.4121681749820709
2024-07-21 14:00:00,0.062706485,NORMAL,0.2635244131088257,0.4121681749820709
2024-07-21 15:00:00,0.063029096,NORMAL,0.2635244131088257,0.4121681749820709
2024-07-21 16:00:00,0.06392437,NORMAL,0.2635244131088257,0.4121681749820709
2024-07-21 17:00:00,0.06645306,NORMAL,0.2635244131088257,0.4121681749820709
2024-07-21 18:00:00,0.06843173,NORMAL,0.2635244131088257,0.4121681749820709
2024-07-21 19:00:00,0.06823725,NORMAL,0.2635244131088257,0.4121681749820709
2024-07-21 20:00:00,0.06497227,NORMAL,0.2635244131088257,0.4121681749820709
2024-07-21 21:00:00,0.06184406,NORMAL,0.2635244131088257,0.4121681749820709
2024-07-21 22:00:00,0.057534702,NORMAL,0.2635244131088257,0.4121681749820709
2024-07-21 23:00:00,0.05457255,NORMAL,0.2635244131088257,0.4121681749820709
2024-07-22 00:00:00,0.0537663,NORMAL,0.2635244131088257,0.4121681749820709
2024-07-22 01:00:00,0.05487255,NORMAL,0.2635244131088257,0.4121681749820709
2024-07-22 02:00:00,0.059233733,NORMAL,0.2635244131088257,0.4121681749820709
2024-07-22 03:00:00,0.06389522,NORMAL,0.2635244131088257,0.4121681749820709
2024-07-22 04:00:00,0.066824384,NORMAL,0.2635244131088257,0.4121681749820709
2024-07-22 05:00:00,0.069021225,NORMAL,0.2635244131088257,0.4121681749820709
2024-07-22 06:00:00,0.069706924,NORMAL,0.2635244131088257,0.4121681749820709
2024-07-22 07:00:00,0.06852035,NORMAL,0.2635244131088257,0.4121681749820709
2024-07-22 08:00:00,0.06540528,NORMAL,0.2635244131088257,0.4121681749820709
2024-07-22 09:00:00,0.06502072,NORMAL,0.2635244131088257,0.4121681749820709
2024-07-22 10:00:00,0.06242891,NORMAL,0.2635244131088257,0.4121681749820709
2024-07-22 11:00:00,0.060405068,NORMAL,0.2635244131088257,0.4121681749820709
2024-07-22 12:00:00,0.061870176,NORMAL,0.2635244131088257,0.4121681749820709
2024-07-22 13:00:00,0.064836696,NORMAL,0.2635244131088257,0.4121681749820709
2024-07-22 14:00:00,0.064674705,NORMAL,0.2635244131088257,0.4121681749820709
2024-07-22 15:00:00,0.062132027,NORMAL,0.2635244131088257,0.4121681749820709
2024-07-22 16:00:00,0.061572447,NORMAL,0.2635244131088257,0.4121681749820709
2024-07-22 17:00:00,0.06348435,NORMAL,0.2635244131088257,0.4121681749820709
2024-07-22 18:00:00,0.062370643,NORMAL,0.2635244131088257,0.4121681749820709
2024-07-22 19:00:00,0.059393365,NORMAL,0.2635244131088257,0.4121681749820709
2024-07-22 20:00:00,0.055612233,NORMAL,0.2635244131088257,0.4121681749820709
2024-07-22 21:00:00,0.05348289,NORMAL,0.2635244131088257,0.4121681749820709
2024-07-22 22:00:00,0.049795434,NORMAL,0.2635244131088257,0.4121681749820709
2024-07-22 23:00:00,0.046005875,NORMAL,0.2635244131088257,0.4121681749820709
2024-07-23 00:00:00,0.04458913,NORMAL,0.2635244131088257,0.4121681749820709
2024-07-23 01:00:00,0.04592192,NORMAL,0.2635244131088257,0.4121681749820709
2024-07-23 02:00:00,0.050610468,NORMAL,0.2635244131088257,0.4121681749820709
2024-07-23 03:00:00,0.054551844,NORMAL,0.2635244131088257,0.4121681749820709
2024-07-23 04:00:00,0.05563484,NORMAL,0.2635244131088257,0.4121681749820709
2024-07-23 05:00:00,0.05528031,NORMAL,0.2635244131088257,0.4121681749820709
2024-07-23 06:00:00,0.054767806,NORMAL,0.2635244131088257,0.4121681749820709
2024-07-23 07:00:00,0.054842312,NORMAL,0.2635244131088257,0.4121681749820709
2024-07-23 08:00:00,0.053113252,NORMAL,0.2635244131088257,0.4121681749820709
2024-07-23 09:00:00,0.05397875,NORMAL,0.2635244131088257,0.4121681749820709
2024-07-23 10:00:00,0.05426812,NORMAL,0.2635244131088257,0.4121681749820709
2024-07-23 11:00:00,0.061920293,NORMAL,0.2635244131088257,0.4121681749820709
2024-07-23 12:00:00,0.07287596,NORMAL,0.2635244131088257,0.4121681749820709
2024-07-23 13:00:00,0.077203564,NORMAL,0.2635244131088257,0.4121681749820709
2024-07-23 14:00:00,0.07351799,NORMAL,0.2635244131088257,0.4121681749820709
2024-07-23 15:00:00,0.06753793,NORMAL,0.2635244131088257,0.4121681749820709
2024-07-23 16:00:00,0.06339008,NORMAL,0.2635244131088257,0.4121681749820709
2024-07-23 17:00:00,0.060244825,NORMAL,0.2635244131088257,0.4121681749820709
2024-07-23 18:00:00,0.05495229,NORMAL,0.2635244131088257,0.4121681749820709
2024-07-23 19:00:00,0.048757795,NORMAL,0.2635244131088257,0.4121681749820709
2024-07-23 20:00:00,0.043877237,NORMAL,0.2635244131088257,0.4121681749820709
2024-07-23 21:00:00,0.042407293,NORMAL,0.2635244131088257,0.4121681749820709
2024-07-23 22:00:00,0.040991705,NORMAL,0.2635244131088257,0.4121681749820709
2024-07-23 23:00:00,0.04119615,NORMAL,0.2635244131088257,0.4121681749820709
2024-07-24 00:00:00,0.042543665,NORMAL,0.2635244131088257,0.4121681749820709
2024-07-24 01:00:00,0.04346368,NORMAL,0.2635244131088257,0.4121681749820709
2024-07-24 02:00:00,0.046498135,NORMAL,0.2635244131088257,0.4121681749820709
2024-07-24 03:00:00,0.049700737,NORMAL,0.2635244131088257,0.4121681749820709
2024-07-24 04:00:00,0.05020179,NORMAL,0.2635244131088257,0.4121681749820709
2024-07-24 05:00:00,0.050655667,NORMAL,0.2635244131088257,0.4121681749820709
2024-07-24 06:00:00,0.05233581,NORMAL,0.2635244131088257,0.4121681749820709
2024-07-24 07:00:00,0.054714262,NORMAL,0.2635244131088257,0.4121681749820709
2024-07-24 08:00:00,0.056694515,NORMAL,0.2635244131088257,0.4121681749820709
2024-07-24 09:00:00,0.05791945,NORMAL,0.2635244131088257,0.4121681749820709
2024-07-24 10:00:00,0.056943245,NORMAL,0.2635244131088257,0.4121681749820709
2024-07-24 11:00:00,0.05848462,NORMAL,0.2635244131088257,0.4121681749820709
2024-07-24 12:00:00,0.062069193,NORMAL,0.2635244131088257,0.4121681749820709
2024-07-24 13:00:00,0.06872494,NORMAL,0.2635244131088257,0.4121681749820709
2024-07-24 14:00:00,0.07349421,NORMAL,0.2635244131088257,0.4121681749820709
2024-07-24 15:00:00,0.07292131,NORMAL,0.2635244131088257,0.4121681749820709
2024-07-24 16:00:00,0.06791034,NORMAL,0.2635244131088257,0.4121681749820709
2024-07-24 17:00:00,0.06049661,NORMAL,0.2635244131088257,0.4121681749820709
2024-07-24 18:00:00,0.052800972,NORMAL,0.2635244131088257,0.4121681749820709
2024-07-24 19:00:00,0.046706937,NORMAL,0.2635244131088257,0.4121681749820709
2024-07-24 20:00:00,0.041622896,NORMAL,0.2635244131088257,0.4121681749820709
2024-07-24 21:00:00,0.038208883,NORMAL,0.2635244131088257,0.4121681749820709
2024-07-24 22:00:00,0.036362343,NORMAL,0.2635244131088257,0.4121681749820709
2024-07-24 23:00:00,0.03638295,NORMAL,0.2635244131088257,0.4121681749820709
2024-07-25 00:00:00,0.037812844,NORMAL,0.2635244131088257,0.4121681749820709
2024-07-25 01:00:00,0.038769875,NORMAL,0.2635244131088257,0.4121681749820709
2024-07-25 02:00:00,0.040056948,NORMAL,0.2635244131088257,0.4121681749820709
2024-07-25 03:00:00,0.040749457,NORMAL,0.2635244131088257,0.4121681749820709
2024-07-25 04:00:00,0.041361764,NORMAL,0.2635244131088257,0.4121681749820709
2024-07-25 05:00:00,0.04115101,NORMAL,0.2635244131088257,0.4121681749820709
2024-07-25 06:00:00,0.044042468,NORMAL,0.2635244131088257,0.4121681749820709
2024-07-25 07:00:00,0.0514803,NORMAL,0.2635244131088257,0.4121681749820709
2024-07-25 08:00:00,0.057536203,NORMAL,0.2635244131088257,0.4121681749820709
2024-07-25 09:00:00,0.056841865,NORMAL,0.2635244131088257,0.4121681749820709
2024-07-25 10:00:00,0.053831957,NORMAL,0.2635244131088257,0.4121681749820709
2024-07-25 11:00:00,0.052153755,NORMAL,0.2635244131088257,0.4121681749820709
2024-07-25 12:00:00,0.052930556,NORMAL,0.2635244131088257,0.4121681749820709
2024-07-25 13:00:00,0.057182565,NORMAL,0.2635244131088257,0.4121681749820709
2024-07-25 14:00:00,0.0649224,NORMAL,0.2635244131088257,0.4121681749820709
2024-07-25 15:00:00,0.0697506,NORMAL,0.2635244131088257,0.4121681749820709
2024-07-25 16:00:00,0.07071315,NORMAL,0.2635244131088257,0.4121681749820709
2024-07-25 17:00:00,0.070323266,NORMAL,0.2635244131088257,0.4121681749820709
2024-07-25 18:00:00,0.06900242,NORMAL,0.2635244131088257,0.4121681749820709
2024-07-25 19:00:00,0.06743581,NORMAL,0.2635244131088257,0.4121681749820709
2024-07-25 20:00:00,0.064152494,NORMAL,0.2635244131088257,0.4121681749820709
2024-07-25 21:00:00,0.0596898,NORMAL,0.2635244131088257,0.4121681749820709
2024-07-25 22:00:00,0.055812094,NORMAL,0.2635244131088257,0.4121681749820709
2024-07-25 23:00:00,0.053091124,NORMAL,0.2635244131088257,0.4121681749820709
2024-07-26 00:00:00,0.052264273,NORMAL,0.2635244131088257,0.4121681749820709
2024-07-26 01:00:00,0.05247932,NORMAL,0.2635244131088257,0.4121681749820709
2024-07-26 02:00:00,0.0540745,NORMAL,0.2635244131088257,0.4121681749820709
2024-07-26 03:00:00,0.055612803,NORMAL,0.2635244131088257,0.4121681749820709
2024-07-26 04:00:00,0.056646943,NORMAL,0.2635244131088257,0.4121681749820709
2024-07-26 05:00:00,0.05860342,NORMAL,0.2635244131088257,0.4121681749820709
2024-07-26 06:00:00,0.065268904,NORMAL,0.2635244131088257,0.4121681749820709
2024-07-26 07:00:00,0.07243204,NORMAL,0.2635244131088257,0.4121681749820709
2024-07-26 08:00:00,0.07395152,NORMAL,0.2635244131088257,0.4121681749820709
2024-07-26 09:00:00,0.06801283,NORMAL,0.2635244131088257,0.4121681749820709
2024-07-26 10:00:00,0.061622426,NORMAL,0.2635244131088257,0.4121681749820709
2024-07-26 11:00:00,0.05665724,NORMAL,0.2635244131088257,0.4121681749820709
2024-07-26 12:00:00,0.05409046,NORMAL,0.2635244131088257,0.4121681749820709
2024-07-26 13:00:00,0.055141687,NORMAL,0.2635244131088257,0.4121681749820709
2024-07-26 14:00:00,0.05977518,NORMAL,0.2635244131088257,0.4121681749820709
2024-07-26 15:00:00,0.0637041,NORMAL,0.2635244131088257,0.4121681749820709
2024-07-26 16:00:00,0.06722667,NORMAL,0.2635244131088257,0.4121681749820709
2024-07-26 17:00:00,0.07010085,NORMAL,0.2635244131088257,0.4121681749820709
2024-07-26 18:00:00,0.0710737,NORMAL,0.2635244131088257,0.4121681749820709
2024-07-26 19:00:00,0.06943373,NORMAL,0.2635244131088257,0.4121681749820709
2024-07-26 20:00:00,0.06477061,NORMAL,0.2635244131088257,0.4121681749820709
2024-07-26 21:00:00,0.060305372,NORMAL,0.2635244131088257,0.4121681749820709
2024-07-26 22:00:00,0.057330564,NORMAL,0.2635244131088257,0.4121681749820709
2024-07-26 23:00:00,0.055224463,NORMAL,0.2635244131088257,0.4121681749820709
2024-07-27 00:00:00,0.054078065,NORMAL,0.2635244131088257,0.4121681749820709
2024-07-27 01:00:00,0.054788794,NORMAL,0.2635244131088257,0.4121681749820709
2024-07-27 02:00:00,0.060533002,NORMAL,0.2635244131088257,0.4121681749820709
2024-07-27 03:00:00,0.06736776,NORMAL,0.2635244131088257,0.4121681749820709
2024-07-27 04:00:00,0.07318118,NORMAL,0.2635244131088257,0.4121681749820709
2024-07-27 05:00:00,0.081473134,NORMAL,0.2635244131088257,0.4121681749820709
2024-07-27 06:00:00,0.092211984,NORMAL,0.2635244131088257,0.4121681749820709
2024-07-27 07:00:00,0.098122135,NORMAL,0.2635244131088257,0.4121681749820709
2024-07-27 08:00:00,0.09751111,NORMAL,0.2635244131088257,0.4121681749820709
2024-07-27 09:00:00,0.09212444,NORMAL,0.2635244131088257,0.4121681749820709
2024-07-27 10:00:00,0.0835102,NORMAL,0.2635244131088257,0.4121681749820709
2024-07-27 11:00:00,0.07551626,NORMAL,0.2635244131088257,0.4121681749820709
2024-07-27 12:00:00,0.07184414,NORMAL,0.2635244131088257,0.4121681749820709
2024-07-27 13:00:00,0.072061166,NORMAL,0.2635244131088257,0.4121681749820709
2024-07-27 14:00:00,0.07386237,NORMAL,0.2635244131088257,0.4121681749820709
2024-07-27 15:00:00,0.07361841,NORMAL,0.2635244131088257,0.4121681749820709
2024-07-27 16:00:00,0.07384686,NORMAL,0.2635244131088257,0.4121681749820709
2024-07-27 17:00:00,0.07329823,NORMAL,0.2635244131088257,0.4121681749820709
2024-07-27 18:00:00,0.07049303,NORMAL,0.2635244131088257,0.4121681749820709
2024-07-27 19:00:00,0.06569695,NORMAL,0.2635244131088257,0.4121681749820709
2024-07-27 20:00:00,0.059119437,NORMAL,0.2635244131088257,0.4121681749820709
2024-07-27 21:00:00,0.054022588,NORMAL,0.2635244131088257,0.4121681749820709
2024-07-27 22:00:00,0.049674228,NORMAL,0.2635244131088257,0.4121681749820709
2024-07-27 23:00:00,0.046963267,NORMAL,0.2635244131088257,0.4121681749820709
2024-07-28 00:00:00,0.047119133,NORMAL,0.2635244131088257,0.4121681749820709
2024-07-28 01:00:00,0.05038435,NORMAL,0.2635244131088257,0.4121681749820709
2024-07-28 02:00:00,0.05652662,NORMAL,0.2635244131088257,0.4121681749820709
2024-07-28 03:00:00,0.06173677,NORMAL,0.2635244131088257,0.4121681749820709
2024-07-28 04:00:00,0.06555665,NORMAL,0.2635244131088257,0.4121681749820709
2024-07-28 05:00:00,0.07238008,NORMAL,0.2635244131088257,0.4121681749820709
2024-07-28 06:00:00,0.079107076,NORMAL,0.2635244131088257,0.4121681749820709
2024-07-28 07:00:00,0.08129368,NORMAL,0.2635244131088257,0.4121681749820709
2024-07-28 08:00:00,0.07887534,NORMAL,0.2635244131088257,0.4121681749820709
2024-07-28 09:00:00,0.07529456,NORMAL,0.2635244131088257,0.4121681749820709
2024-07-28 10:00:00,0.06814357,NORMAL,0.2635244131088257,0.4121681749820709
2024-07-28 11:00:00,0.062910885,NORMAL,0.2635244131088257,0.4121681749820709
2024-07-28 12:00:00,0.060853668,NORMAL,0.2635244131088257,0.4121681749820709
2024-07-28 13:00:00,0.06286538,NORMAL,0.2635244131088257,0.4121681749820709
2024-07-28 14:00:00,0.06355358,NORMAL,0.2635244131088257,0.4121681749820709
2024-07-28 15:00:00,0.06200581,NORMAL,0.2635244131088257,0.4121681749820709
2024-07-28 16:00:00,0.0595275,NORMAL,0.2635244131088257,0.4121681749820709
2024-07-28 17:00:00,0.056101136,NORMAL,0.2635244131088257,0.4121681749820709
2024-07-28 18:00:00,0.052393787,NORMAL,0.2635244131088257,0.4121681749820709
2024-07-28 19:00:00,0.04964714,NORMAL,0.2635244131088257,0.4121681749820709
2024-07-28 20:00:00,0.0474665,NORMAL,0.2635244131088257,0.4121681749820709
2024-07-28 21:00:00,0.047340762,NORMAL,0.2635244131088257,0.4121681749820709
2024-07-28 22:00:00,0.047283124,NORMAL,0.2635244131088257,0.4121681749820709
2024-07-28 23:00:00,0.047238983,NORMAL,0.2635244131088257,0.4121681749820709
2024-07-29 00:00:00,0.04809824,NORMAL,0.2635244131088257,0.4121681749820709
2024-07-29 01:00:00,0.051408887,NORMAL,0.2635244131088257,0.4121681749820709
2024-07-29 02:00:00,0.0584646,NORMAL,0.2635244131088257,0.4121681749820709
2024-07-29 03:00:00,0.06314084,NORMAL,0.2635244131088257,0.4121681749820709
2024-07-29 04:00:00,0.0657709,NORMAL,0.2635244131088257,0.4121681749820709
2024-07-29 05:00:00,0.07210252,NORMAL,0.2635244131088257,0.4121681749820709
2024-07-29 06:00:00,0.07617262,NORMAL,0.2635244131088257,0.4121681749820709
2024-07-29 07:00:00,0.07617292,NORMAL,0.2635244131088257,0.4121681749820709
2024-07-29 08:00:00,0.0747762,NORMAL,0.2635244131088257,0.4121681749820709
2024-07-29 09:00:00,0.07271518,NORMAL,0.2635244131088257,0.4121681749820709
2024-07-29 10:00:00,0.06407126,NORMAL,0.2635244131088257,0.4121681749820709
2024-07-29 11:00:00,0.056231365,NORMAL,0.2635244131088257,0.4121681749820709
2024-07-29 12:00:00,0.051842477,NORMAL,0.2635244131088257,0.4121681749820709
2024-07-29 13:00:00,0.052000705,NORMAL,0.2635244131088257,0.4121681749820709
2024-07-29 14:00:00,0.052609053,NORMAL,0.2635244131088257,0.4121681749820709
2024-07-29 15:00:00,0.052519307,NORMAL,0.2635244131088257,0.4121681749820709
2024-07-29 16:00:00,0.054186735,NORMAL,0.2635244131088257,0.4121681749820709
2024-07-29 17:00:00,0.05744729,NORMAL,0.2635244131088257,0.4121681749820709
2024-07-29 18:00:00,0.060226142,NORMAL,0.2635244131088257,0.4121681749820709
2024-07-29 19:00:00,0.061243825,NORMAL,0.2635244131088257,0.4121681749820709
2024-07-29 20:00:00,0.060900357,NORMAL,0.2635244131088257,0.4121681749820709
2024-07-29 21:00:00,0.059977993,NORMAL,0.2635244131088257,0.4121681749820709
2024-07-29 22:00:00,0.056525663,NORMAL,0.2635244131088257,0.4121681749820709
2024-07-29 23:00:00,0.052572414,NORMAL,0.2635244131088257,0.4121681749820709
2024-07-30 00:00:00,0.051545925,NORMAL,0.2635244131088257,0.4121681749820709
2024-07-30 01:00:00,0.055804804,NORMAL,0.2635244131088257,0.4121681749820709
2024-07-30 02:00:00,0.062422343,NORMAL,0.2635244131088257,0.4121681749820709
2024-07-30 03:00:00,0.067175604,NORMAL,0.2635244131088257,0.4121681749820709
2024-07-30 04:00:00,0.07212751,NORMAL,0.2635244131088257,0.4121681749820709
2024-07-30 05:00:00,0.07979121,NORMAL,0.2635244131088257,0.4121681749820709
2024-07-30 06:00:00,0.08241044,NORMAL,0.2635244131088257,0.4121681749820709
2024-07-30 07:00:00,0.0806671,NORMAL,0.2635244131088257,0.4121681749820709
2024-07-30 08:00:00,0.07731034,NORMAL,0.2635244131088257,0.4121681749820709
2024-07-30 09:00:00,0.07276702,NORMAL,0.2635244131088257,0.4121681749820709
2024-07-30 10:00:00,0.06312071,NORMAL,0.2635244131088257,0.4121681749820709
2024-07-30 11:00:00,0.055534318,NORMAL,0.2635244131088257,0.4121681749820709
2024-07-30 12:00:00,0.051986195,NORMAL,0.2635244131088257,0.4121681749820709
2024-07-30 13:00:00,0.051858798,NORMAL,0.2635244131088257,0.4121681749820709
2024-07-30 14:00:00,0.051604696,NORMAL,0.2635244131088257,0.4121681749820709
2024-07-30 15:00:00,0.051724598,NORMAL,0.2635244131088257,0.4121681749820709
2024-07-30 16:00:00,0.05483263,NORMAL,0.2635244131088257,0.4121681749820709
2024-07-30 17:00:00,0.05999034,NORMAL,0.2635244131088257,0.4121681749820709
2024-07-30 18:00:00,0.06343326,NORMAL,0.2635244131088257,0.4121681749820709
2024-07-30 19:00:00,0.06401297,NORMAL,0.2635244131088257,0.4121681749820709
2024-07-30 20:00:00,0.06079977,NORMAL,0.2635244131088257,0.4121681749820709
2024-07-30 21:00:00,0.05709962,NORMAL,0.2635244131088257,0.4121681749820709
2024-07-30 22:00:00,0.05242542,NORMAL,0.2635244131088257,0.4121681749820709
2024-07-30 23:00:00,0.049313974,NORMAL,0.2635244131088257,0.4121681749820709
2024-07-31 00:00:00,0.05058047,NORMAL,0.2635244131088257,0.4121681749820709
2024-07-31 01:00:00,0.055526763,NORMAL,0.2635244131088257,0.4121681749820709
2024-07-31 02:00:00,0.061688583,NORMAL,0.2635244131088257,0.4121681749820709
2024-07-31 03:00:00,0.066226244,NORMAL,0.2635244131088257,0.4121681749820709
2024-07-31 04:00:00,0.0688324,NORMAL,0.2635244131088257,0.4121681749820709
2024-07-31 05:00:00,0.069212474,NORMAL,0.2635244131088257,0.4121681749820709
2024-07-31 06:00:00,0.065870784,NORMAL,0.2635244131088257,0.4121681749820709
2024-07-31 07:00:00,0.0625639,NORMAL,0.2635244131088257,0.4121681749820709
2024-07-31 08:00:00,0.060016003,NORMAL,0.2635244131088257,0.4121681749820709
2024-07-31 09:00:00,0.059565093,NORMAL,0.2635244131088257,0.4121681749820709
2024-07-31 10:00:00,0.056812182,NORMAL,0.2635244131088257,0.4121681749820709
2024-07-31 11:00:00,0.05790021,NORMAL,0.2635244131088257,0.4121681749820709
2024-07-31 12:00:00,0.06539309,NORMAL,0.2635244131088257,0.4121681749820709
2024-07-31 13:00:00,0.067372784,NORMAL,0.2635244131088257,0.4121681749820709
2024-07-31 14:00:00,0.06189468,NORMAL,0.2635244131088257,0.4121681749820709
2024-07-31 15:00:00,0.055928588,NORMAL,0.2635244131088257,0.4121681749820709
2024-07-31 16:00:00,0.05376415,NORMAL,0.2635244131088257,0.4121681749820709
2024-07-31 17:00:00,0.05637059,NORMAL,0.2635244131088257,0.4121681749820709
2024-07-31 18:00:00,0.056669667,NORMAL,0.2635244131088257,0.4121681749820709
2024-07-31 19:00:00,0.0551618,NORMAL,0.2635244131088257,0.4121681749820709
2024-07-31 20:00:00,0.05316289,NORMAL,0.2635244131088257,0.4121681749820709
2024-07-31 21:00:00,0.051893122,NORMAL,0.2635244131088257,0.4121681749820709
2024-07-31 22:00:00,0.046437662,NORMAL,0.2635244131088257,0.4121681749820709
2024-07-31 23:00:00,0.04249594,NORMAL,0.2635244131088257,0.4121681749820709
2024-08-01 00:00:00,0.04255963,NORMAL,0.2635244131088257,0.4121681749820709
2024-08-01 01:00:00,0.04555286,NORMAL,0.2635244131088257,0.4121681749820709
2024-08-01 02:00:00,0.049778715,NORMAL,0.2635244131088257,0.4121681749820709
2024-08-01 03:00:00,0.053765837,NORMAL,0.2635244131088257,0.4121681749820709
2024-08-01 04:00:00,0.054813743,NORMAL,0.2635244131088257,0.4121681749820709
2024-08-01 05:00:00,0.05345563,NORMAL,0.2635244131088257,0.4121681749820709
2024-08-01 06:00:00,0.052490607,NORMAL,0.2635244131088257,0.4121681749820709
2024-08-01 07:00:00,0.05321822,NORMAL,0.2635244131088257,0.4121681749820709
2024-08-01 08:00:00,0.052222062,NORMAL,0.2635244131088257,0.4121681749820709
2024-08-01 09:00:00,0.052756973,NORMAL,0.2635244131088257,0.4121681749820709
2024-08-01 10:00:00,0.05695143,NORMAL,0.2635244131088257,0.4121681749820709
2024-08-01 11:00:00,0.060710803,NORMAL,0.2635244131088257,0.4121681749820709
2024-08-01 12:00:00,0.065410644,NORMAL,0.2635244131088257,0.4121681749820709
2024-08-01 13:00:00,0.06778118,NORMAL,0.2635244131088257,0.4121681749820709
2024-08-01 14:00:00,0.06866441,NORMAL,0.2635244131088257,0.4121681749820709
2024-08-01 15:00:00,0.06925603,NORMAL,0.2635244131088257,0.4121681749820709
2024-08-01 16:00:00,0.06679561,NORMAL,0.2635244131088257,0.4121681749820709
2024-08-01 17:00:00,0.06109782,NORMAL,0.2635244131088257,0.4121681749820709
2024-08-01 18:00:00,0.053277273,NORMAL,0.2635244131088257,0.4121681749820709
2024-08-01 19:00:00,0.04643982,NORMAL,0.2635244131088257,0.4121681749820709
2024-08-01 20:00:00,0.041455433,NORMAL,0.2635244131088257,0.4121681749820709
2024-08-01 21:00:00,0.037650745,NORMAL,0.2635244131088257,0.4121681749820709
2024-08-01 22:00:00,0.034268126,NORMAL,0.2635244131088257,0.4121681749820709
2024-08-01 23:00:00,0.03276143,NORMAL,0.2635244131088257,0.4121681749820709
2024-08-02 00:00:00,0.03372354,NORMAL,0.2635244131088257,0.4121681749820709
2024-08-02 01:00:00,0.03624262,NORMAL,0.2635244131088257,0.4121681749820709
2024-08-02 02:00:00,0.03964158,NORMAL,0.2635244131088257,0.4121681749820709
2024-08-02 03:00:00,0.042957895,NORMAL,0.2635244131088257,0.4121681749820709
2024-08-02 04:00:00,0.0463896,NORMAL,0.2635244131088257,0.4121681749820709
2024-08-02 05:00:00,0.04913627,NORMAL,0.2635244131088257,0.4121681749820709
2024-08-02 06:00:00,0.052144222,NORMAL,0.2635244131088257,0.4121681749820709
2024-08-02 07:00:00,0.053891018,NORMAL,0.2635244131088257,0.4121681749820709
2024-08-02 08:00:00,0.05507556,NORMAL,0.2635244131088257,0.4121681749820709
2024-08-02 09:00:00,0.055932418,NORMAL,0.2635244131088257,0.4121681749820709
2024-08-02 10:00:00,0.05234192,NORMAL,0.2635244131088257,0.4121681749820709
2024-08-02 11:00:00,0.051253974,NORMAL,0.2635244131088257,0.4121681749820709
2024-08-02 12:00:00,0.052029345,NORMAL,0.2635244131088257,0.4121681749820709
2024-08-02 13:00:00,0.053387303,NORMAL,0.2635244131088257,0.4121681749820709
2024-08-02 14:00:00,0.054378696,NORMAL,0.2635244131088257,0.4121681749820709
2024-08-02 15:00:00,0.05492504,NORMAL,0.2635244131088257,0.4121681749820709
2024-08-02 16:00:00,0.05462204,NORMAL,0.2635244131088257,0.4121681749820709
2024-08-02 17:00:00,0.053037148,NORMAL,0.2635244131088257,0.4121681749820709
2024-08-02 18:00:00,0.050066862,NORMAL,0.2635244131088257,0.4121681749820709
2024-08-02 19:00:00,0.046704903,NORMAL,0.2635244131088257,0.4121681749820709
2024-08-02 20:00:00,0.04357533,NORMAL,0.2635244131088257,0.4121681749820709
2024-08-02 21:00:00,0.041492812,NORMAL,0.2635244131088257,0.4121681749820709
2024-08-02 22:00:00,0.039849117,NORMAL,0.2635244131088257,0.4121681749820709
2024-08-02 23:00:00,0.039091274,NORMAL,0.2635244131088257,0.4121681749820709
2024-08-03 00:00:00,0.040442176,NORMAL,0.2635244131088257,0.4121681749820709
2024-08-03 01:00:00,0.042840496,NORMAL,0.2635244131088257,0.4121681749820709
2024-08-03 02:00:00,0.047908936,NORMAL,0.2635244131088257,0.4121681749820709
2024-08-03 03:00:00,0.054475784,NORMAL,0.2635244131088257,0.4121681749820709
2024-08-03 04:00:00,0.0605215,NORMAL,0.2635244131088257,0.4121681749820709
2024-08-03 05:00:00,0.06593314,NORMAL,0.2635244131088257,0.4121681749820709
2024-08-03 06:00:00,0.069133066,NORMAL,0.2635244131088257,0.4121681749820709
2024-08-03 07:00:00,0.06969639,NORMAL,0.2635244131088257,0.4121681749820709
2024-08-03 08:00:00,0.070940934,NORMAL,0.2635244131088257,0.4121681749820709
2024-08-03 09:00:00,0.06896501,NORMAL,0.2635244131088257,0.4121681749820709
2024-08-03 10:00:00,0.065050304,NORMAL,0.2635244131088257,0.4121681749820709
2024-08-03 11:00:00,0.06329271,NORMAL,0.2635244131088257,0.4121681749820709
2024-08-03 12:00:00,0.06259616,NORMAL,0.2635244131088257,0.4121681749820709
2024-08-03 13:00:00,0.061904218,NORMAL,0.2635244131088257,0.4121681749820709
2024-08-03 14:00:00,0.06294326,NORMAL,0.2635244131088257,0.4121681749820709
2024-08-03 15:00:00,0.06681788,NORMAL,0.2635244131088257,0.4121681749820709
2024-08-03 16:00:00,0.072482824,NORMAL,0.2635244131088257,0.4121681749820709
2024-08-03 17:00:00,0.076089285,NORMAL,0.2635244131088257,0.4121681749820709
2024-08-03 18:00:00,0.076152,NORMAL,0.2635244131088257,0.4121681749820709
2024-08-03 19:00:00,0.0736817,NORMAL,0.2635244131088257,0.4121681749820709
2024-08-03 20:00:00,0.06952825,NORMAL,0.2635244131088257,0.4121681749820709
2024-08-03 21:00:00,0.06554755,NORMAL,0.2635244131088257,0.4121681749820709
2024-08-03 22:00:00,0.06186325,NORMAL,0.2635244131088257,0.4121681749820709
2024-08-03 23:00:00,0.058731727,NORMAL,0.2635244131088257,0.4121681749820709
2024-08-04 00:00:00,0.057920866,NORMAL,0.2635244131088257,0.4121681749820709
2024-08-04 01:00:00,0.058463003,NORMAL,0.2635244131088257,0.4121681749820709
2024-08-04 02:00:00,0.06293183,NORMAL,0.2635244131088257,0.4121681749820709
2024-08-04 03:00:00,0.068867974,NORMAL,0.2635244131088257,0.4121681749820709
2024-08-04 04:00:00,0.07552988,NORMAL,0.2635244131088257,0.4121681749820709
2024-08-04 05:00:00,0.081093065,NORMAL,0.2635244131088257,0.4121681749820709
2024-08-04 06:00:00,0.08370749,NORMAL,0.2635244131088257,0.4121681749820709
2024-08-04 07:00:00,0.0841649,NORMAL,0.2635244131088257,0.4121681749820709
2024-08-04 08:00:00,0.0836349,NORMAL,0.2635244131088257,0.4121681749820709
2024-08-04 09:00:00,0.082766235,NORMAL,0.2635244131088257,0.4121681749820709
2024-08-04 10:00:00,0.08374616,NORMAL,0.2635244131088257,0.4121681749820709
2024-08-04 11:00:00,0.08611261,NORMAL,0.2635244131088257,0.4121681749820709
2024-08-04 12:00:00,0.08856063,NORMAL,0.2635244131088257,0.4121681749820709
2024-08-04 13:00:00,0.08859275,NORMAL,0.2635244131088257,0.4121681749820709
2024-08-04 14:00:00,0.08935817,NORMAL,0.2635244131088257,0.4121681749820709
2024-08-04 15:00:00,0.093603216,NORMAL,0.2635244131088257,0.4121681749820709
2024-08-04 16:00:00,0.09670075,NORMAL,0.2635244131088257,0.4121681749820709
2024-08-04 17:00:00,0.09630695,NORMAL,0.2635244131088257,0.4121681749820709
2024-08-04 18:00:00,0.09246825,NORMAL,0.2635244131088257,0.4121681749820709
2024-08-04 19:00:00,0.08734392,NORMAL,0.2635244131088257,0.4121681749820709
2024-08-04 20:00:00,0.08126758,NORMAL,0.2635244131088257,0.4121681749820709
2024-08-04 21:00:00,0.076239854,NORMAL,0.2635244131088257,0.4121681749820709
2024-08-04 22:00:00,0.071822144,NORMAL,0.2635244131088257,0.4121681749820709
2024-08-04 23:00:00,0.06976518,NORMAL,0.2635244131088257,0.4121681749820709
2024-08-05 00:00:00,0.07157121,NORMAL,0.2635244131088257,0.4121681749820709
2024-08-05 01:00:00,0.074864,NORMAL,0.2635244131088257,0.4121681749820709
2024-08-05 02:00:00,0.07993141,NORMAL,0.2635244131088257,0.4121681749820709
2024-08-05 03:00:00,0.085083,NORMAL,0.2635244131088257,0.4121681749820709
2024-08-05 04:00:00,0.09010167,NORMAL,0.2635244131088257,0.4121681749820709
2024-08-05 05:00:00,0.09345993,NORMAL,0.2635244131088257,0.4121681749820709
2024-08-05 06:00:00,0.093749195,NORMAL,0.2635244131088257,0.4121681749820709
2024-08-05 07:00:00,0.0913748,NORMAL,0.2635244131088257,0.4121681749820709
2024-08-05 08:00:00,0.090082906,NORMAL,0.2635244131088257,0.4121681749820709
2024-08-05 09:00:00,0.092503004,NORMAL,0.2635244131088257,0.4121681749820709
2024-08-05 10:00:00,0.0924107,NORMAL,0.2635244131088257,0.4121681749820709
2024-08-05 11:00:00,0.09610364,NORMAL,0.2635244131088257,0.4121681749820709
2024-08-05 12:00:00,0.102140546,NORMAL,0.2635244131088257,0.4121681749820709
2024-08-05 13:00:00,0.10347021,NORMAL,0.2635244131088257,0.4121681749820709
2024-08-05 14:00:00,0.101715,NORMAL,0.2635244131088257,0.4121681749820709
2024-08-05 15:00:00,0.10379098,NORMAL,0.2635244131088257,0.4121681749820709
2024-08-05 16:00:00,0.10904503,NORMAL,0.2635244131088257,0.4121681749820709
2024-08-05 17:00:00,0.108517975,NORMAL,0.2635244131088257,0.4121681749820709
2024-08-05 18:00:00,0.10053836,NORMAL,0.2635244131088257,0.4121681749820709
2024-08-05 19:00:00,0.09185405,NORMAL,0.2635244131088257,0.4121681749820709
2024-08-05 20:00:00,0.08268371,NORMAL,0.2635244131088257,0.4121681749820709
2024-08-05 21:00:00,0.07476861,NORMAL,0.2635244131088257,0.4121681749820709
2024-08-05 22:00:00,0.06868258,NORMAL,0.2635244131088257,0.4121681749820709
2024-08-05 23:00:00,0.06519934,NORMAL,0.2635244131088257,0.4121681749820709
2024-08-06 00:00:00,0.06666556,NORMAL,0.2635244131088257,0.4121681749820709
2024-08-06 01:00:00,0.06944086,NORMAL,0.2635244131088257,0.4121681749820709
2024-08-06 02:00:00,0.07426912,NORMAL,0.2635244131088257,0.4121681749820709
2024-08-06 03:00:00,0.07873711,NORMAL,0.2635244131088257,0.4121681749820709
2024-08-06 04:00:00,0.08292267,NORMAL,0.2635244131088257,0.4121681749820709
2024-08-06 05:00:00,0.087390214,NORMAL,0.2635244131088257,0.4121681749820709
2024-08-06 06:00:00,0.09208533,NORMAL,0.2635244131088257,0.4121681749820709
2024-08-06 07:00:00,0.09322569,NORMAL,0.2635244131088257,0.4121681749820709
2024-08-06 08:00:00,0.08943504,NORMAL,0.2635244131088257,0.4121681749820709
2024-08-06 09:00:00,0.08814504,NORMAL,0.2635244131088257,0.4121681749820709
2024-08-06 10:00:00,0.085166186,NORMAL,0.2635244131088257,0.4121681749820709
2024-08-06 11:00:00,0.084572226,NORMAL,0.2635244131088257,0.4121681749820709
2024-08-06 12:00:00,0.08611788,NORMAL,0.2635244131088257,0.4121681749820709
2024-08-06 13:00:00,0.08747338,NORMAL,0.2635244131088257,0.4121681749820709
2024-08-06 14:00:00,0.0901689,NORMAL,0.2635244131088257,0.4121681749820709
2024-08-06 15:00:00,0.09208468,NORMAL,0.2635244131088257,0.4121681749820709
2024-08-06 16:00:00,0.09264084,NORMAL,0.2635244131088257,0.4121681749820709
2024-08-06 17:00:00,0.09044181,NORMAL,0.2635244131088257,0.4121681749820709
2024-08-06 18:00:00,0.086262055,NORMAL,0.2635244131088257,0.4121681749820709
2024-08-06 19:00:00,0.08114897,NORMAL,0.2635244131088257,0.4121681749820709
2024-08-06 20:00:00,0.075183295,NORMAL,0.2635244131088257,0.4121681749820709
2024-08-06 21:00:00,0.07120469,NORMAL,0.2635244131088257,0.4121681749820709
2024-08-06 22:00:00,0.07001737,NORMAL,0.2635244131088257,0.4121681749820709
2024-08-06 23:00:00,0.06957561,NORMAL,0.2635244131088257,0.4121681749820709
2024-08-07 00:00:00,0.070356116,NORMAL,0.2635244131088257,0.4121681749820709
2024-08-07 01:00:00,0.0712025,NORMAL,0.2635244131088257,0.4121681749820709
2024-08-07 02:00:00,0.0748784,NORMAL,0.2635244131088257,0.4121681749820709
2024-08-07 03:00:00,0.08002227,NORMAL,0.2635244131088257,0.4121681749820709
2024-08-07 04:00:00,0.08469983,NORMAL,0.2635244131088257,0.4121681749820709
2024-08-07 05:00:00,0.08804414,NORMAL,0.2635244131088257,0.4121681749820709
2024-08-07 06:00:00,0.090027764,NORMAL,0.2635244131088257,0.4121681749820709
2024-08-07 07:00:00,0.087929636,NORMAL,0.2635244131088257,0.4121681749820709
2024-08-07 08:00:00,0.08338098,NORMAL,0.2635244131088257,0.4121681749820709
2024-08-07 09:00:00,0.07917997,NORMAL,0.2635244131088257,0.4121681749820709
2024-08-07 10:00:00,0.07466502,NORMAL,0.2635244131088257,0.4121681749820709
2024-08-07 11:00:00,0.07220622,NORMAL,0.2635244131088257,0.4121681749820709
2024-08-07 12:00:00,0.071766764,NORMAL,0.2635244131088257,0.4121681749820709
2024-08-07 13:00:00,0.072294384,NORMAL,0.2635244131088257,0.4121681749820709
2024-08-07 14:00:00,0.07352282,NORMAL,0.2635244131088257,0.4121681749820709
2024-08-07 15:00:00,0.07539878,NORMAL,0.2635244131088257,0.4121681749820709
2024-08-07 16:00:00,0.07856544,NORMAL,0.2635244131088257,0.4121681749820709
2024-08-07 17:00:00,0.08050731,NORMAL,0.2635244131088257,0.4121681749820709
2024-08-07 18:00:00,0.08036262,NORMAL,0.2635244131088257,0.4121681749820709
2024-08-07 19:00:00,0.07888043,NORMAL,0.2635244131088257,0.4121681749820709
2024-08-07 20:00:00,0.07540697,NORMAL,0.2635244131088257,0.4121681749820709
2024-08-07 21:00:00,0.07327774,NORMAL,0.2635244131088257,0.4121681749820709
2024-08-07 22:00:00,0.06948441,NORMAL,0.2635244131088257,0.4121681749820709
2024-08-07 23:00:00,0.06711953,NORMAL,0.2635244131088257,0.4121681749820709
2024-08-08 00:00:00,0.06702939,NORMAL,0.2635244131088257,0.4121681749820709
2024-08-08 01:00:00,0.06729656,NORMAL,0.2635244131088257,0.4121681749820709
2024-08-08 02:00:00,0.07006003,NORMAL,0.2635244131088257,0.4121681749820709
2024-08-08 03:00:00,0.07466853,NORMAL,0.2635244131088257,0.4121681749820709
2024-08-08 04:00:00,0.07988129,NORMAL,0.2635244131088257,0.4121681749820709
2024-08-08 05:00:00,0.08498214,NORMAL,0.2635244131088257,0.4121681749820709
2024-08-08 06:00:00,0.088186234,NORMAL,0.2635244131088257,0.4121681749820709
2024-08-08 07:00:00,0.087962,NORMAL,0.2635244131088257,0.4121681749820709
2024-08-08 08:00:00,0.08651391,NORMAL,0.2635244131088257,0.4121681749820709
2024-08-08 09:00:00,0.086197466,NORMAL,0.2635244131088257,0.4121681749820709
2024-08-08 10:00:00,0.08369928,NORMAL,0.2635244131088257,0.4121681749820709
2024-08-08 11:00:00,0.08219448,NORMAL,0.2635244131088257,0.4121681749820709
2024-08-08 12:00:00,0.081770316,NORMAL,0.2635244131088257,0.4121681749820709
2024-08-08 13:00:00,0.081213206,NORMAL,0.2635244131088257,0.4121681749820709
2024-08-08 14:00:00,0.082282044,NORMAL,0.2635244131088257,0.4121681749820709
2024-08-08 15:00:00,0.08703288,NORMAL,0.2635244131088257,0.4121681749820709
2024-08-08 16:00:00,0.09468062,NORMAL,0.2635244131088257,0.4121681749820709
2024-08-08 17:00:00,0.098076314,NORMAL,0.2635244131088257,0.4121681749820709
2024-08-08 18:00:00,0.09540864,NORMAL,0.2635244131088257,0.4121681749820709
2024-08-08 19:00:00,0.08960085,NORMAL,0.2635244131088257,0.4121681749820709
2024-08-08 20:00:00,0.08266643,NORMAL,0.2635244131088257,0.4121681749820709
2024-08-08 21:00:00,0.07733958,NORMAL,0.2635244131088257,0.4121681749820709
2024-08-08 22:00:00,0.07314415,NORMAL,0.2635244131088257,0.4121681749820709
2024-08-08 23:00:00,0.070801534,NORMAL,0.2635244131088257,0.4121681749820709
2024-08-09 00:00:00,0.07261341,NORMAL,0.2635244131088257,0.4121681749820709
2024-08-09 01:00:00,0.07593891,NORMAL,0.2635244131088257,0.4121681749820709
2024-08-09 02:00:00,0.080201864,NORMAL,0.2635244131088257,0.4121681749820709
2024-08-09 03:00:00,0.083472125,NORMAL,0.2635244131088257,0.4121681749820709
2024-08-09 04:00:00,0.08917057,NORMAL,0.2635244131088257,0.4121681749820709
2024-08-09 05:00:00,0.09494957,NORMAL,0.2635244131088257,0.4121681749820709
2024-08-09 06:00:00,0.09834531,NORMAL,0.2635244131088257,0.4121681749820709
2024-08-09 07:00:00,0.09753488,NORMAL,0.2635244131088257,0.4121681749820709
2024-08-09 08:00:00,0.0968481,NORMAL,0.2635244131088257,0.4121681749820709
2024-08-09 09:00:00,0.09694042,NORMAL,0.2635244131088257,0.4121681749820709
2024-08-09 10:00:00,0.09400504,NORMAL,0.2635244131088257,0.4121681749820709
2024-08-09 11:00:00,0.09421393,NORMAL,0.2635244131088257,0.4121681749820709
2024-08-09 12:00:00,0.09547782,NORMAL,0.2635244131088257,0.4121681749820709
2024-08-09 13:00:00,0.095780246,NORMAL,0.2635244131088257,0.4121681749820709
2024-08-09 14:00:00,0.09469064,NORMAL,0.2635244131088257,0.4121681749820709
2024-08-09 15:00:00,0.09636899,NORMAL,0.2635244131088257,0.4121681749820709
2024-08-09 16:00:00,0.10247216,NORMAL,0.2635244131088257,0.4121681749820709
2024-08-09 17:00:00,0.10692338,NORMAL,0.2635244131088257,0.4121681749820709
2024-08-09 18:00:00,0.10657533,NORMAL,0.2635244131088257,0.4121681749820709
2024-08-09 19:00:00,0.10335706,NORMAL,0.2635244131088257,0.4121681749820709
2024-08-09 20:00:00,0.097285956,NORMAL,0.2635244131088257,0.4121681749820709
2024-08-09 21:00:00,0.091416955,NORMAL,0.2635244131088257,0.4121681749820709
2024-08-09 22:00:00,0.086637884,NORMAL,0.2635244131088257,0.4121681749820709
2024-08-09 23:00:00,0.08365955,NORMAL,0.2635244131088257,0.4121681749820709
2024-08-10 00:00:00,0.085458964,NORMAL,0.2635244131088257,0.4121681749820709
2024-08-10 01:00:00,0.09030846,NORMAL,0.2635244131088257,0.4121681749820709
2024-08-10 02:00:00,0.0968754,NORMAL,0.2635244131088257,0.4121681749820709
2024-08-10 03:00:00,0.10038732,NORMAL,0.2635244131088257,0.4121681749820709
2024-08-10 04:00:00,0.10342008,NORMAL,0.2635244131088257,0.4121681749820709
2024-08-10 05:00:00,0.10689542,NORMAL,0.2635244131088257,0.4121681749820709
2024-08-10 06:00:00,0.10749444,NORMAL,0.2635244131088257,0.4121681749820709
2024-08-10 07:00:00,0.10434851,NORMAL,0.2635244131088257,0.4121681749820709
2024-08-10 08:00:00,0.10037765,NORMAL,0.2635244131088257,0.4121681749820709
2024-08-10 09:00:00,0.09819922,NORMAL,0.2635244131088257,0.4121681749820709
2024-08-10 10:00:00,0.09506486,NORMAL,0.2635244131088257,0.4121681749820709
2024-08-10 11:00:00,0.09464451,NORMAL,0.2635244131088257,0.4121681749820709
2024-08-10 12:00:00,0.09479366,NORMAL,0.2635244131088257,0.4121681749820709
2024-08-10 13:00:00,0.092721924,NORMAL,0.2635244131088257,0.4121681749820709
2024-08-10 14:00:00,0.08732203,NORMAL,0.2635244131088257,0.4121681749820709
2024-08-10 15:00:00,0.083807245,NORMAL,0.2635244131088257,0.4121681749820709
2024-08-10 16:00:00,0.086151496,NORMAL,0.2635244131088257,0.4121681749820709
2024-08-10 17:00:00,0.08984205,NORMAL,0.2635244131088257,0.4121681749820709
2024-08-10 18:00:00,0.088202775,NORMAL,0.2635244131088257,0.4121681749820709
2024-08-10 19:00:00,0.0834189,NORMAL,0.2635244131088257,0.4121681749820709
2024-08-10 20:00:00,0.07647521,NORMAL,0.2635244131088257,0.4121681749820709
2024-08-10 21:00:00,0.06992368,NORMAL,0.2635244131088257,0.4121681749820709
2024-08-10 22:00:00,0.06368509,NORMAL,0.2635244131088257,0.4121681749820709
2024-08-10 23:00:00,0.060236447,NORMAL,0.2635244131088257,0.4121681749820709
2024-08-11 00:00:00,0.061356824,NORMAL,0.2635244131088257,0.4121681749820709
2024-08-11 01:00:00,0.0637699,NORMAL,0.2635244131088257,0.4121681749820709
2024-08-11 02:00:00,0.07010064,NORMAL,0.2635244131088257,0.4121681749820709
2024-08-11 03:00:00,0.07748006,NORMAL,0.2635244131088257,0.4121681749820709
2024-08-11 04:00:00,0.08383599,NORMAL,0.2635244131088257,0.4121681749820709
2024-08-11 05:00:00,0.08839713,NORMAL,0.2635244131088257,0.4121681749820709
2024-08-11 06:00:00,0.09218271,NORMAL,0.2635244131088257,0.4121681749820709
2024-08-11 07:00:00,0.09037653,NORMAL,0.2635244131088257,0.4121681749820709
2024-08-11 08:00:00,0.08406375,NORMAL,0.2635244131088257,0.4121681749820709
2024-08-11 09:00:00,0.07753551,NORMAL,0.2635244131088257,0.4121681749820709
2024-08-11 10:00:00,0.072739184,NORMAL,0.2635244131088257,0.4121681749820709
2024-08-11 11:00:00,0.06986415,NORMAL,0.2635244131088257,0.4121681749820709
2024-08-11 12:00:00,0.07098348,NORMAL,0.2635244131088257,0.4121681749820709
2024-08-11 13:00:00,0.07529923,NORMAL,0.2635244131088257,0.4121681749820709
2024-08-11 14:00:00,0.08330958,NORMAL,0.2635244131088257,0.4121681749820709
2024-08-11 15:00:00,0.08928594,NORMAL,0.2635244131088257,0.4121681749820709
2024-08-11 16:00:00,0.09145509,NORMAL,0.2635244131088257,0.4121681749820709
2024-08-11 17:00:00,0.08943829,NORMAL,0.2635244131088257,0.4121681749820709
2024-08-11 18:00:00,0.0863343,NORMAL,0.2635244131088257,0.4121681749820709
2024-08-11 19:00:00,0.08451572,NORMAL,0.2635244131088257,0.4121681749820709
2024-08-11 20:00:00,0.08293012,NORMAL,0.2635244131088257,0.4121681749820709
2024-08-11 21:00:00,0.08305195,NORMAL,0.2635244131088257,0.4121681749820709
2024-08-11 22:00:00,0.08262365,NORMAL,0.2635244131088257,0.4121681749820709
2024-08-11 23:00:00,0.07974532,NORMAL,0.2635244131088257,0.4121681749820709
2024-08-12 00:00:00,0.077485055,NORMAL,0.2635244131088257,0.4121681749820709
2024-08-12 01:00:00,0.07884355,NORMAL,0.2635244131088257,0.4121681749820709
2024-08-12 02:00:00,0.08653604,NORMAL,0.2635244131088257,0.4121681749820709
2024-08-12 03:00:00,0.09528976,NORMAL,0.2635244131088257,0.4121681749820709
2024-08-12 04:00:00,0.10327993,NORMAL,0.2635244131088257,0.4121681749820709
2024-08-12 05:00:00,0.108191654,NORMAL,0.2635244131088257,0.4121681749820709
2024-08-12 06:00:00,0.114943795,NORMAL,0.2635244131088257,0.4121681749820709
2024-08-12 07:00:00,0.118165955,NORMAL,0.2635244131088257,0.4121681749820709
2024-08-12 08:00:00,0.11400255,NORMAL,0.2635244131088257,0.4121681749820709
2024-08-12 09:00:00,0.10681772,NORMAL,0.2635244131088257,0.4121681749820709
2024-08-12 10:00:00,0.096885234,NORMAL,0.2635244131088257,0.4121681749820709
2024-08-12 11:00:00,0.08602187,NORMAL,0.2635244131088257,0.4121681749820709
2024-08-12 12:00:00,0.07877289,NORMAL,0.2635244131088257,0.4121681749820709
2024-08-12 13:00:00,0.07821536,NORMAL,0.2635244131088257,0.4121681749820709
2024-08-12 14:00:00,0.08272266,NORMAL,0.2635244131088257,0.4121681749820709
2024-08-12 15:00:00,0.08817232,NORMAL,0.2635244131088257,0.4121681749820709
2024-08-12 16:00:00,0.09303754,NORMAL,0.2635244131088257,0.4121681749820709
2024-08-12 17:00:00,0.095136575,NORMAL,0.2635244131088257,0.4121681749820709
2024-08-12 18:00:00,0.096663095,NORMAL,0.2635244131088257,0.4121681749820709
2024-08-12 19:00:00,0.0990518,NORMAL,0.2635244131088257,0.4121681749820709
2024-08-12 20:00:00,0.09977065,NORMAL,0.2635244131088257,0.4121681749820709
2024-08-12 21:00:00,0.10255714,NORMAL,0.2635244131088257,0.4121681749820709
2024-08-12 22:00:00,0.1035096,NORMAL,0.2635244131088257,0.4121681749820709
2024-08-12 23:00:00,0.10390174,NORMAL,0.2635244131088257,0.4121681749820709
2024-08-13 00:00:00,0.105924375,NORMAL,0.2635244131088257,0.4121681749820709
2024-08-13 01:00:00,0.11027223,NORMAL,0.2635244131088257,0.4121681749820709
2024-08-13 02:00:00,0.11980331,NORMAL,0.2635244131088257,0.4121681749820709
2024-08-13 03:00:00,0.12775809,NORMAL,0.2635244131088257,0.4121681749820709
2024-08-13 04:00:00,0.13230266,NORMAL,0.2635244131088257,0.4121681749820709
2024-08-13 05:00:00,0.13453844,NORMAL,0.2635244131088257,0.4121681749820709
2024-08-13 06:00:00,0.13878335,NORMAL,0.2635244131088257,0.4121681749820709
2024-08-13 07:00:00,0.13963397,NORMAL,0.2635244131088257,0.4121681749820709
2024-08-13 08:00:00,0.1328813,NORMAL,0.2635244131088257,0.4121681749820709
2024-08-13 09:00:00,0.12149233,NORMAL,0.2635244131088257,0.4121681749820709
2024-08-13 10:00:00,0.108320065,NORMAL,0.2635244131088257,0.4121681749820709
2024-08-13 11:00:00,0.095510654,NORMAL,0.2635244131088257,0.4121681749820709
2024-08-13 12:00:00,0.08672456,NORMAL,0.2635244131088257,0.4121681749820709
2024-08-13 13:00:00,0.0857396,NORMAL,0.2635244131088257,0.4121681749820709
2024-08-13 14:00:00,0.089250006,NORMAL,0.2635244131088257,0.4121681749820709
2024-08-13 15:00:00,0.09469248,NORMAL,0.2635244131088257,0.4121681749820709
2024-08-13 16:00:00,0.10086034,NORMAL,0.2635244131088257,0.4121681749820709
2024-08-13 17:00:00,0.10352825,NORMAL,0.2635244131088257,0.4121681749820709
2024-08-13 18:00:00,0.10617927,NORMAL,0.2635244131088257,0.4121681749820709
2024-08-13 19:00:00,0.109757856,NORMAL,0.2635244131088257,0.4121681749820709
2024-08-13 20:00:00,0.10994029,NORMAL,0.2635244131088257,0.4121681749820709
2024-08-13 21:00:00,0.10914329,NORMAL,0.2635244131088257,0.4121681749820709
2024-08-13 22:00:00,0.108664684,NORMAL,0.2635244131088257,0.4121681749820709
2024-08-13 23:00:00,0.11076481,NORMAL,0.2635244131088257,0.4121681749820709
2024-08-14 00:00:00,0.11651471,NORMAL,0.2635244131088257,0.4121681749820709
2024-08-14 01:00:00,0.124372534,NORMAL,0.2635244131088257,0.4121681749820709
2024-08-14 02:00:00,0.13406369,NORMAL,0.2635244131088257,0.4121681749820709
2024-08-14 03:00:00,0.1416662,NORMAL,0.2635244131088257,0.4121681749820709
2024-08-14 04:00:00,0.14451699,NORMAL,0.2635244131088257,0.4121681749820709
2024-08-14 05:00:00,0.1438347,NORMAL,0.2635244131088257,0.4121681749820709
2024-08-14 06:00:00,0.14384927,NORMAL,0.2635244131088257,0.4121681749820709
2024-08-14 07:00:00,0.14051004,NORMAL,0.2635244131088257,0.4121681749820709
2024-08-14 08:00:00,0.12924516,NORMAL,0.2635244131088257,0.4121681749820709
2024-08-14 09:00:00,0.116846085,NORMAL,0.2635244131088257,0.4121681749820709
2024-08-14 10:00:00,0.10336346,NORMAL,0.2635244131088257,0.4121681749820709
2024-08-14 11:00:00,0.09380868,NORMAL,0.2635244131088257,0.4121681749820709
2024-08-14 12:00:00,0.09064196,NORMAL,0.2635244131088257,0.4121681749820709
2024-08-14 13:00:00,0.09589803,NORMAL,0.2635244131088257,0.4121681749820709
2024-08-14 14:00:00,0.10185224,NORMAL,0.2635244131088257,0.4121681749820709
2024-08-14 15:00:00,0.10724662,NORMAL,0.2635244131088257,0.4121681749820709
2024-08-14 16:00:00,0.11315862,NORMAL,0.2635244131088257,0.4121681749820709
2024-08-14 17:00:00,0.1151802,NORMAL,0.2635244131088257,0.4121681749820709
2024-08-14 18:00:00,0.11484984,NORMAL,0.2635244131088257,0.4121681749820709
2024-08-14 19:00:00,0.11351328,NORMAL,0.2635244131088257,0.4121681749820709
2024-08-14 20:00:00,0.108457536,NORMAL,0.2635244131088257,0.4121681749820709
2024-08-14 21:00:00,0.103395276,NORMAL,0.2635244131088257,0.4121681749820709
2024-08-14 22:00:00,0.099399686,NORMAL,0.2635244131088257,0.4121681749820709
2024-08-14 23:00:00,0.09776589,NORMAL,0.2635244131088257,0.4121681749820709
2024-08-15 00:00:00,0.099712424,NORMAL,0.2635244131088257,0.4121681749820709
2024-08-15 01:00:00,0.10479082,NORMAL,0.2635244131088257,0.4121681749820709
2024-08-15 02:00:00,0.113563456,NORMAL,0.2635244131088257,0.4121681749820709
2024-08-15 03:00:00,0.12028119,NORMAL,0.2635244131088257,0.4121681749820709
2024-08-15 04:00:00,0.123936325,NORMAL,0.2635244131088257,0.4121681749820709
2024-08-15 05:00:00,0.1264134,NORMAL,0.2635244131088257,0.4121681749820709
2024-08-15 06:00:00,0.13077128,NORMAL,0.2635244131088257,0.4121681749820709
2024-08-15 07:00:00,0.12854114,NORMAL,0.2635244131088257,0.4121681749820709
2024-08-15 08:00:00,0.11756411,NORMAL,0.2635244131088257,0.4121681749820709
2024-08-15 09:00:00,0.10409952,NORMAL,0.2635244131088257,0.4121681749820709
2024-08-15 10:00:00,0.09228914,NORMAL,0.2635244131088257,0.4121681749820709
2024-08-15 11:00:00,0.0821982,NORMAL,0.2635244131088257,0.4121681749820709
2024-08-15 12:00:00,0.07740696,NORMAL,0.2635244131088257,0.4121681749820709
2024-08-15 13:00:00,0.07920707,NORMAL,0.2635244131088257,0.4121681749820709
2024-08-15 14:00:00,0.08318042,NORMAL,0.2635244131088257,0.4121681749820709
2024-08-15 15:00:00,0.08645836,NORMAL,0.2635244131088257,0.4121681749820709
2024-08-15 16:00:00,0.08611892,NORMAL,0.2635244131088257,0.4121681749820709
2024-08-15 17:00:00,0.08287284,NORMAL,0.2635244131088257,0.4121681749820709
2024-08-15 18:00:00,0.07953128,NORMAL,0.2635244131088257,0.4121681749820709
2024-08-15 19:00:00,0.07822117,NORMAL,0.2635244131088257,0.4121681749820709
2024-08-15 20:00:00,0.0775297,NORMAL,0.2635244131088257,0.4121681749820709
2024-08-15 21:00:00,0.078612685,NORMAL,0.2635244131088257,0.4121681749820709
2024-08-15 22:00:00,0.078939766,NORMAL,0.2635244131088257,0.4121681749820709
2024-08-15 23:00:00,0.07807579,NORMAL,0.2635244131088257,0.4121681749820709
2024-08-16 00:00:00,0.07839237,NORMAL,0.2635244131088257,0.4121681749820709
2024-08-16 01:00:00,0.08173624,NORMAL,0.2635244131088257,0.4121681749820709
2024-08-16 02:00:00,0.088235915,NORMAL,0.2635244131088257,0.4121681749820709
2024-08-16 03:00:00,0.09330526,NORMAL,0.2635244131088257,0.4121681749820709
2024-08-16 04:00:00,0.09798215,NORMAL,0.2635244131088257,0.4121681749820709
2024-08-16 05:00:00,0.102185234,NORMAL,0.2635244131088257,0.4121681749820709
2024-08-16 06:00:00,0.10752146,NORMAL,0.2635244131088257,0.4121681749820709
2024-08-16 07:00:00,0.10867996,NORMAL,0.2635244131088257,0.4121681749820709
2024-08-16 08:00:00,0.103646606,NORMAL,0.2635244131088257,0.4121681749820709
2024-08-16 09:00:00,0.09643614,NORMAL,0.2635244131088257,0.4121681749820709
2024-08-16 10:00:00,0.08802045,NORMAL,0.2635244131088257,0.4121681749820709
2024-08-16 11:00:00,0.07750797,NORMAL,0.2635244131088257,0.4121681749820709
2024-08-16 12:00:00,0.069860615,NORMAL,0.2635244131088257,0.4121681749820709
2024-08-16 13:00:00,0.068665035,NORMAL,0.2635244131088257,0.4121681749820709
2024-08-16 14:00:00,0.07203335,NORMAL,0.2635244131088257,0.4121681749820709
2024-08-16 15:00:00,0.07517145,NORMAL,0.2635244131088257,0.4121681749820709
2024-08-16 16:00:00,0.07608383,NORMAL,0.2635244131088257,0.4121681749820709
2024-08-16 17:00:00,0.07517412,NORMAL,0.2635244131088257,0.4121681749820709
2024-08-16 18:00:00,0.075525984,NORMAL,0.2635244131088257,0.4121681749820709
2024-08-16 19:00:00,0.07798975,NORMAL,0.2635244131088257,0.4121681749820709
2024-08-16 20:00:00,0.0803775,NORMAL,0.2635244131088257,0.4121681749820709
2024-08-16 21:00:00,0.08302789,NORMAL,0.2635244131088257,0.4121681749820709
2024-08-16 22:00:00,0.08356387,NORMAL,0.2635244131088257,0.4121681749820709
2024-08-16 23:00:00,0.08400797,NORMAL,0.2635244131088257,0.4121681749820709
2024-08-17 00:00:00,0.08730881,NORMAL,0.2635244131088257,0.4121681749820709
2024-08-17 01:00:00,0.092627436,NORMAL,0.2635244131088257,0.4121681749820709
2024-08-17 02:00:00,0.1001808,NORMAL,0.2635244131088257,0.4121681749820709
2024-08-17 03:00:00,0.10745948,NORMAL,0.2635244131088257,0.4121681749820709
2024-08-17 04:00:00,0.11378309,NORMAL,0.2635244131088257,0.4121681749820709
2024-08-17 05:00:00,0.11764496,NORMAL,0.2635244131088257,0.4121681749820709
2024-08-17 06:00:00,0.12061349,NORMAL,0.2635244131088257,0.4121681749820709
2024-08-17 07:00:00,0.11984948,NORMAL,0.2635244131088257,0.4121681749820709
2024-08-17 08:00:00,0.112751566,NORMAL,0.2635244131088257,0.4121681749820709
2024-08-17 09:00:00,0.10461749,NORMAL,0.2635244131088257,0.4121681749820709
2024-08-17 10:00:00,0.09480092,NORMAL,0.2635244131088257,0.4121681749820709
2024-08-17 11:00:00,0.08545061,NORMAL,0.2635244131088257,0.4121681749820709
2024-08-17 12:00:00,0.08033978,NORMAL,0.2635244131088257,0.4121681749820709
2024-08-17 13:00:00,0.08015689,NORMAL,0.2635244131088257,0.4121681749820709
2024-08-17 14:00:00,0.0831176,NORMAL,0.2635244131088257,0.4121681749820709
2024-08-17 15:00:00,0.089002356,NORMAL,0.2635244131088257,0.4121681749820709
2024-08-17 16:00:00,0.094507664,NORMAL,0.2635244131088257,0.4121681749820709
2024-08-17 17:00:00,0.09725659,NORMAL,0.2635244131088257,0.4121681749820709
2024-08-17 18:00:00,0.09803942,NORMAL,0.2635244131088257,0.4121681749820709
2024-08-17 19:00:00,0.096411124,NORMAL,0.2635244131088257,0.4121681749820709
2024-08-17 20:00:00,0.0906949,NORMAL,0.2635244131088257,0.4121681749820709
2024-08-17 21:00:00,0.08597019,NORMAL,0.2635244131088257,0.4121681749820709
2024-08-17 22:00:00,0.08314446,NORMAL,0.2635244131088257,0.4121681749820709
2024-08-17 23:00:00,0.08344148,NORMAL,0.2635244131088257,0.4121681749820709
2024-08-18 00:00:00,0.08767875,NORMAL,0.2635244131088257,0.4121681749820709
2024-08-18 01:00:00,0.092390314,NORMAL,0.2635244131088257,0.4121681749820709
2024-08-18 02:00:00,0.09884226,NORMAL,0.2635244131088257,0.4121681749820709
2024-08-18 03:00:00,0.10468099,NORMAL,0.2635244131088257,0.4121681749820709
2024-08-18 04:00:00,0.11058122,NORMAL,0.2635244131088257,0.4121681749820709
2024-08-18 05:00:00,0.112951025,NORMAL,0.2635244131088257,0.4121681749820709
2024-08-18 06:00:00,0.11314947,NORMAL,0.2635244131088257,0.4121681749820709
2024-08-18 07:00:00,0.11085922,NORMAL,0.2635244131088257,0.4121681749820709
2024-08-18 08:00:00,0.10536264,NORMAL,0.2635244131088257,0.4121681749820709
2024-08-18 09:00:00,0.09998175,NORMAL,0.2635244131088257,0.4121681749820709
2024-08-18 10:00:00,0.09738517,NORMAL,0.2635244131088257,0.4121681749820709
2024-08-18 11:00:00,0.095234655,NORMAL,0.2635244131088257,0.4121681749820709
2024-08-18 12:00:00,0.09583994,NORMAL,0.2635244131088257,0.4121681749820709
2024-08-18 13:00:00,0.09841544,NORMAL,0.2635244131088257,0.4121681749820709
2024-08-18 14:00:00,0.10142776,NORMAL,0.2635244131088257,0.4121681749820709
2024-08-18 15:00:00,0.10609826,NORMAL,0.2635244131088257,0.4121681749820709
2024-08-18 16:00:00,0.11067539,NORMAL,0.2635244131088257,0.4121681749820709
2024-08-18 17:00:00,0.11168023,NORMAL,0.2635244131088257,0.4121681749820709
2024-08-18 18:00:00,0.11079514,NORMAL,0.2635244131088257,0.4121681749820709
2024-08-18 19:00:00,0.10813766,NORMAL,0.2635244131088257,0.4121681749820709
2024-08-18 20:00:00,0.10137699,NORMAL,0.2635244131088257,0.4121681749820709
2024-08-18 21:00:00,0.094931856,NORMAL,0.2635244131088257,0.4121681749820709
2024-08-18 22:00:00,0.09000373,NORMAL,0.2635244131088257,0.4121681749820709
2024-08-18 23:00:00,0.088440925,NORMAL,0.2635244131088257,0.4121681749820709
2024-08-19 00:00:00,0.09188941,NORMAL,0.2635244131088257,0.4121681749820709
2024-08-19 01:00:00,0.09806795,NORMAL,0.2635244131088257,0.4121681749820709
2024-08-19 02:00:00,0.106729016,NORMAL,0.2635244131088257,0.4121681749820709
2024-08-19 03:00:00,0.1141375,NORMAL,0.2635244131088257,0.4121681749820709
2024-08-19 04:00:00,0.11956431,NORMAL,0.2635244131088257,0.4121681749820709
2024-08-19 05:00:00,0.119813204,NORMAL,0.2635244131088257,0.4121681749820709
2024-08-19 06:00:00,0.117714725,NORMAL,0.2635244131088257,0.4121681749820709
2024-08-19 07:00:00,0.112334065,NORMAL,0.2635244131088257,0.4121681749820709
2024-08-19 08:00:00,0.102594525,NORMAL,0.2635244131088257,0.4121681749820709
2024-08-19 09:00:00,0.094512135,NORMAL,0.2635244131088257,0.4121681749820709
2024-08-19 10:00:00,0.086815655,NORMAL,0.2635244131088257,0.4121681749820709
2024-08-19 11:00:00,0.081131965,NORMAL,0.2635244131088257,0.4121681749820709
2024-08-19 12:00:00,0.07920989,NORMAL,0.2635244131088257,0.4121681749820709
2024-08-19 13:00:00,0.08040004,NORMAL,0.2635244131088257,0.4121681749820709
2024-08-19 14:00:00,0.084739976,NORMAL,0.2635244131088257,0.4121681749820709
2024-08-19 15:00:00,0.08685901,NORMAL,0.2635244131088257,0.4121681749820709
2024-08-19 16:00:00,0.0865193,NORMAL,0.2635244131088257,0.4121681749820709
2024-08-19 17:00:00,0.083013885,NORMAL,0.2635244131088257,0.4121681749820709
2024-08-19 18:00:00,0.07840819,NORMAL,0.2635244131088257,0.4121681749820709
2024-08-19 19:00:00,0.07415877,NORMAL,0.2635244131088257,0.4121681749820709
2024-08-19 20:00:00,0.068716235,NORMAL,0.2635244131088257,0.4121681749820709
2024-08-19 21:00:00,0.06470435,NORMAL,0.2635244131088257,0.4121681749820709
2024-08-19 22:00:00,0.06135954,NORMAL,0.2635244131088257,0.4121681749820709
2024-08-19 23:00:00,0.05972837,NORMAL,0.2635244131088257,0.4121681749820709
2024-08-20 00:00:00,0.061764736,NORMAL,0.2635244131088257,0.4121681749820709
2024-08-20 01:00:00,0.06607922,NORMAL,0.2635244131088257,0.4121681749820709
2024-08-20 02:00:00,0.07370351,NORMAL,0.2635244131088257,0.4121681749820709
2024-08-20 03:00:00,0.08137235,NORMAL,0.2635244131088257,0.4121681749820709
2024-08-20 04:00:00,0.08688542,NORMAL,0.2635244131088257,0.4121681749820709
2024-08-20 05:00:00,0.08858493,NORMAL,0.2635244131088257,0.4121681749820709
2024-08-20 06:00:00,0.090837345,NORMAL,0.2635244131088257,0.4121681749820709
2024-08-20 07:00:00,0.08922289,NORMAL,0.2635244131088257,0.4121681749820709
2024-08-20 08:00:00,0.08312207,NORMAL,0.2635244131088257,0.4121681749820709
2024-08-20 09:00:00,0.07844144,NORMAL,0.2635244131088257,0.4121681749820709
2024-08-20 10:00:00,0.07272004,NORMAL,0.2635244131088257,0.4121681749820709
2024-08-20 11:00:00,0.06932283,NORMAL,0.2635244131088257,0.4121681749820709
2024-08-20 12:00:00,0.06924971,NORMAL,0.2635244131088257,0.4121681749820709
2024-08-20 13:00:00,0.072264284,NORMAL,0.2635244131088257,0.4121681749820709
2024-08-20 14:00:00,0.07715996,NORMAL,0.2635244131088257,0.4121681749820709
2024-08-20 15:00:00,0.08274387,NORMAL,0.2635244131088257,0.4121681749820709
2024-08-20 16:00:00,0.0863033,NORMAL,0.2635244131088257,0.4121681749820709
2024-08-20 17:00:00,0.087746345,NORMAL,0.2635244131088257,0.4121681749820709
2024-08-20 18:00:00,0.08881134,NORMAL,0.2635244131088257,0.4121681749820709
2024-08-20 19:00:00,0.090096354,NORMAL,0.2635244131088257,0.4121681749820709
2024-08-20 20:00:00,0.088179074,NORMAL,0.2635244131088257,0.4121681749820709
2024-08-20 21:00:00,0.086000375,NORMAL,0.2635244131088257,0.4121681749820709
2024-08-20 22:00:00,0.08334315,NORMAL,0.2635244131088257,0.4121681749820709
2024-08-20 23:00:00,0.08274731,NORMAL,0.2635244131088257,0.4121681749820709
2024-08-21 00:00:00,0.08534209,NORMAL,0.2635244131088257,0.4121681749820709
2024-08-21 01:00:00,0.08946351,NORMAL,0.2635244131088257,0.4121681749820709
2024-08-21 02:00:00,0.09643123,NORMAL,0.2635244131088257,0.4121681749820709
2024-08-21 03:00:00,0.103987224,NORMAL,0.2635244131088257,0.4121681749820709
2024-08-21 04:00:00,0.11098351,NORMAL,0.2635244131088257,0.4121681749820709
2024-08-21 05:00:00,0.11277013,NORMAL,0.2635244131088257,0.4121681749820709
2024-08-21 06:00:00,0.11277118,NORMAL,0.2635244131088257,0.4121681749820709
2024-08-21 07:00:00,0.10936478,NORMAL,0.2635244131088257,0.4121681749820709
2024-08-21 08:00:00,0.10197029,NORMAL,0.2635244131088257,0.4121681749820709
2024-08-21 09:00:00,0.09738949,NORMAL,0.2635244131088257,0.4121681749820709
2024-08-21 10:00:00,0.096305445,NORMAL,0.2635244131088257,0.4121681749820709
2024-08-21 11:00:00,0.096211664,NORMAL,0.2635244131088257,0.4121681749820709
2024-08-21 12:00:00,0.09816901,NORMAL,0.2635244131088257,0.4121681749820709
2024-08-21 13:00:00,0.101806395,NORMAL,0.2635244131088257,0.4121681749820709
2024-08-21 14:00:00,0.1032733,NORMAL,0.2635244131088257,0.4121681749820709
2024-08-21 15:00:00,0.108601764,NORMAL,0.2635244131088257,0.4121681749820709
2024-08-21 16:00:00,0.11523618,NORMAL,0.2635244131088257,0.4121681749820709
2024-08-21 17:00:00,0.115069985,NORMAL,0.2635244131088257,0.4121681749820709
2024-08-21 18:00:00,0.10940133,NORMAL,0.2635244131088257,0.4121681749820709
2024-08-21 19:00:00,0.1020907,NORMAL,0.2635244131088257,0.4121681749820709
2024-08-21 20:00:00,0.0943389,NORMAL,0.2635244131088257,0.4121681749820709
2024-08-21 21:00:00,0.08820203,NORMAL,0.2635244131088257,0.4121681749820709
2024-08-21 22:00:00,0.08387412,NORMAL,0.2635244131088257,0.4121681749820709
2024-08-21 23:00:00,0.08213418,NORMAL,0.2635244131088257,0.4121681749820709
2024-08-22 00:00:00,0.084718406,NORMAL,0.2635244131088257,0.4121681749820709
2024-08-22 01:00:00,0.0883819,NORMAL,0.2635244131088257,0.4121681749820709
2024-08-22 02:00:00,0.09401995,NORMAL,0.2635244131088257,0.4121681749820709
2024-08-22 03:00:00,0.09903565,NORMAL,0.2635244131088257,0.4121681749820709
2024-08-22 04:00:00,0.103569366,NORMAL,0.2635244131088257,0.4121681749820709
2024-08-22 05:00:00,0.10621439,NORMAL,0.2635244131088257,0.4121681749820709
2024-08-22 06:00:00,0.10611132,NORMAL,0.2635244131088257,0.4121681749820709
2024-08-22 07:00:00,0.10123193,NORMAL,0.2635244131088257,0.4121681749820709
2024-08-22 08:00:00,0.09571115,NORMAL,0.2635244131088257,0.4121681749820709
2024-08-22 09:00:00,0.09378696,NORMAL,0.2635244131088257,0.4121681749820709
2024-08-22 10:00:00,0.09431,NORMAL,0.2635244131088257,0.4121681749820709
2024-08-22 11:00:00,0.09736299,NORMAL,0.2635244131088257,0.4121681749820709
2024-08-22 12:00:00,0.101281136,NORMAL,0.2635244131088257,0.4121681749820709
2024-08-22 13:00:00,0.100375615,NORMAL,0.2635244131088257,0.4121681749820709
2024-08-22 14:00:00,0.099444896,NORMAL,0.2635244131088257,0.4121681749820709
2024-08-22 15:00:00,0.10239193,NORMAL,0.2635244131088257,0.4121681749820709
2024-08-22 16:00:00,0.10835628,NORMAL,0.2635244131088257,0.4121681749820709
2024-08-22 17:00:00,0.10877638,NORMAL,0.2635244131088257,0.4121681749820709
2024-08-22 18:00:00,0.103420764,NORMAL,0.2635244131088257,0.4121681749820709
2024-08-22 19:00:00,0.09766373,NORMAL,0.2635244131088257,0.4121681749820709
2024-08-22 20:00:00,0.09149812,NORMAL,0.2635244131088257,0.4121681749820709
2024-08-22 21:00:00,0.08627167,NORMAL,0.2635244131088257,0.4121681749820709
2024-08-22 22:00:00,0.082252435,NORMAL,0.2635244131088257,0.4121681749820709
2024-08-22 23:00:00,0.079982944,NORMAL,0.2635244131088257,0.4121681749820709
2024-08-23 00:00:00,0.08184996,NORMAL,0.2635244131088257,0.4121681749820709
2024-08-23 01:00:00,0.08473285,NORMAL,0.2635244131088257,0.4121681749820709
2024-08-23 02:00:00,0.08937672,NORMAL,0.2635244131088257,0.4121681749820709
2024-08-23 03:00:00,0.093235776,NORMAL,0.2635244131088257,0.4121681749820709
2024-08-23 04:00:00,0.0976162,NORMAL,0.2635244131088257,0.4121681749820709
2024-08-23 05:00:00,0.09993573,NORMAL,0.2635244131088257,0.4121681749820709
2024-08-23 06:00:00,0.10079953,NORMAL,0.2635244131088257,0.4121681749820709
2024-08-23 07:00:00,0.09817073,NORMAL,0.2635244131088257,0.4121681749820709
2024-08-23 08:00:00,0.0953628,NORMAL,0.2635244131088257,0.4121681749820709
2024-08-23 09:00:00,0.09728542,NORMAL,0.2635244131088257,0.4121681749820709
2024-08-23 10:00:00,0.10173496,NORMAL,0.2635244131088257,0.4121681749820709
2024-08-23 11:00:00,0.10905224,NORMAL,0.2635244131088257,0.4121681749820709
2024-08-23 12:00:00,0.11521072,NORMAL,0.2635244131088257,0.4121681749820709
2024-08-23 13:00:00,0.115156,NORMAL,0.2635244131088257,0.4121681749820709
2024-08-23 14:00:00,0.11573601,NORMAL,0.2635244131088257,0.4121681749820709
2024-08-23 15:00:00,0.12019213,NORMAL,0.2635244131088257,0.4121681749820709
2024-08-23 16:00:00,0.12480863,NORMAL,0.2635244131088257,0.4121681749820709
2024-08-23 17:00:00,0.12102131,NORMAL,0.2635244131088257,0.4121681749820709
2024-08-23 18:00:00,0.11210665,NORMAL,0.2635244131088257,0.4121681749820709
2024-08-23 19:00:00,0.10463834,NORMAL,0.2635244131088257,0.4121681749820709
2024-08-23 20:00:00,0.09863135,NORMAL,0.2635244131088257,0.4121681749820709
2024-08-23 21:00:00,0.094630755,NORMAL,0.2635244131088257,0.4121681749820709
2024-08-23 22:00:00,0.08806427,NORMAL,0.2635244131088257,0.4121681749820709
2024-08-23 23:00:00,0.083406895,NORMAL,0.2635244131088257,0.4121681749820709
2024-08-24 00:00:00,0.083495125,NORMAL,0.2635244131088257,0.4121681749820709
2024-08-24 01:00:00,0.08569063,NORMAL,0.2635244131088257,0.4121681749820709
2024-08-24 02:00:00,0.0905813,NORMAL,0.2635244131088257,0.4121681749820709
2024-08-24 03:00:00,0.0936195,NORMAL,0.2635244131088257,0.4121681749820709
2024-08-24 04:00:00,0.09585199,NORMAL,0.2635244131088257,0.4121681749820709
2024-08-24 05:00:00,0.0980542,NORMAL,0.2635244131088257,0.4121681749820709
2024-08-24 06:00:00,0.10048112,NORMAL,0.2635244131088257,0.4121681749820709
2024-08-24 07:00:00,0.10152609,NORMAL,0.2635244131088257,0.4121681749820709
2024-08-24 08:00:00,0.10258284,NORMAL,0.2635244131088257,0.4121681749820709
2024-08-24 09:00:00,0.10434125,NORMAL,0.2635244131088257,0.4121681749820709
2024-08-24 10:00:00,0.10128385,NORMAL,0.2635244131088257,0.4121681749820709
2024-08-24 11:00:00,0.10186116,NORMAL,0.2635244131088257,0.4121681749820709
2024-08-24 12:00:00,0.10466288,NORMAL,0.2635244131088257,0.4121681749820709
2024-08-24 13:00:00,0.10389779,NORMAL,0.2635244131088257,0.4121681749820709
2024-08-24 14:00:00,0.10256811,NORMAL,0.2635244131088257,0.4121681749820709
2024-08-24 15:00:00,0.102424406,NORMAL,0.2635244131088257,0.4121681749820709
2024-08-24 16:00:00,0.10114446,NORMAL,0.2635244131088257,0.4121681749820709
2024-08-24 17:00:00,0.09419096,NORMAL,0.2635244131088257,0.4121681749820709
2024-08-24 18:00:00,0.08443203,NORMAL,0.2635244131088257,0.4121681749820709
2024-08-24 19:00:00,0.077010445,NORMAL,0.2635244131088257,0.4121681749820709
2024-08-24 20:00:00,0.0711179,NORMAL,0.2635244131088257,0.4121681749820709
2024-08-24 21:00:00,0.066474356,NORMAL,0.2635244131088257,0.4121681749820709
2024-08-24 22:00:00,0.061911277,NORMAL,0.2635244131088257,0.4121681749820709
2024-08-24 23:00:00,0.06016044,NORMAL,0.2635244131088257,0.4121681749820709
2024-08-25 00:00:00,0.06301342,NORMAL,0.2635244131088257,0.4121681749820709
2024-08-25 01:00:00,0.06765924,NORMAL,0.2635244131088257,0.4121681749820709
2024-08-25 02:00:00,0.07364191,NORMAL,0.2635244131088257,0.4121681749820709
2024-08-25 03:00:00,0.07666925,NORMAL,0.2635244131088257,0.4121681749820709
2024-08-25 04:00:00,0.07837064,NORMAL,0.2635244131088257,0.4121681749820709
2024-08-25 05:00:00,0.080670275,NORMAL,0.2635244131088257,0.4121681749820709
2024-08-25 06:00:00,0.08222948,NORMAL,0.2635244131088257,0.4121681749820709
2024-08-25 07:00:00,0.0817179,NORMAL,0.2635244131088257,0.4121681749820709
2024-08-25 08:00:00,0.08071439,NORMAL,0.2635244131088257,0.4121681749820709
2024-08-25 09:00:00,0.079543285,NORMAL,0.2635244131088257,0.4121681749820709
2024-08-25 10:00:00,0.07863403,NORMAL,0.2635244131088257,0.4121681749820709
2024-08-25 11:00:00,0.0831699,NORMAL,0.2635244131088257,0.4121681749820709
2024-08-25 12:00:00,0.08903025,NORMAL,0.2635244131088257,0.4121681749820709
2024-08-25 13:00:00,0.088297546,NORMAL,0.2635244131088257,0.4121681749820709
2024-08-25 14:00:00,0.08568564,NORMAL,0.2635244131088257,0.4121681749820709
2024-08-25 15:00:00,0.08590852,NORMAL,0.2635244131088257,0.4121681749820709
2024-08-25 16:00:00,0.08913621,NORMAL,0.2635244131088257,0.4121681749820709
2024-08-25 17:00:00,0.08885853,NORMAL,0.2635244131088257,0.4121681749820709
2024-08-25 18:00:00,0.08280167,NORMAL,0.2635244131088257,0.4121681749820709
2024-08-25 19:00:00,0.07631675,NORMAL,0.2635244131088257,0.4121681749820709
2024-08-25 20:00:00,0.070321254,NORMAL,0.2635244131088257,0.4121681749820709
2024-08-25 21:00:00,0.065772995,NORMAL,0.2635244131088257,0.4121681749820709
2024-08-25 22:00:00,0.05981121,NORMAL,0.2635244131088257,0.4121681749820709
2024-08-25 23:00:00,0.05659624,NORMAL,0.2635244131088257,0.4121681749820709
2024-08-26 00:00:00,0.058022756,NORMAL,0.2635244131088257,0.4121681749820709
2024-08-26 01:00:00,0.06039073,NORMAL,0.2635244131088257,0.4121681749820709
2024-08-26 02:00:00,0.06462595,NORMAL,0.2635244131088257,0.4121681749820709
2024-08-26 03:00:00,0.067573994,NORMAL,0.2635244131088257,0.4121681749820709
2024-08-26 04:00:00,0.06842858,NORMAL,0.2635244131088257,0.4121681749820709
2024-08-26 05:00:00,0.0686073,NORMAL,0.2635244131088257,0.4121681749820709
2024-08-26 06:00:00,0.065954246,NORMAL,0.2635244131088257,0.4121681749820709
2024-08-26 07:00:00,0.06148427,NORMAL,0.2635244131088257,0.4121681749820709
2024-08-26 08:00:00,0.060527485,NORMAL,0.2635244131088257,0.4121681749820709
2024-08-26 09:00:00,0.06257306,NORMAL,0.2635244131088257,0.4121681749820709
2024-08-26 10:00:00,0.06399317,NORMAL,0.2635244131088257,0.4121681749820709
2024-08-26 11:00:00,0.06778998,NORMAL,0.2635244131088257,0.4121681749820709
2024-08-26 12:00:00,0.07027829,NORMAL,0.2635244131088257,0.4121681749820709
2024-08-26 13:00:00,0.06723213,NORMAL,0.2635244131088257,0.4121681749820709
2024-08-26 14:00:00,0.06361756,NORMAL,0.2635244131088257,0.4121681749820709
2024-08-26 15:00:00,0.064422436,NORMAL,0.2635244131088257,0.4121681749820709
2024-08-26 16:00:00,0.06604108,NORMAL,0.2635244131088257,0.4121681749820709
2024-08-26 17:00:00,0.06407395,NORMAL,0.2635244131088257,0.4121681749820709
2024-08-26 18:00:00,0.057941813,NORMAL,0.2635244131088257,0.4121681749820709
2024-08-26 19:00:00,0.051604893,NORMAL,0.2635244131088257,0.4121681749820709
2024-08-26 20:00:00,0.045613844,NORMAL,0.2635244131088257,0.4121681749820709
2024-08-26 21:00:00,0.04121676,NORMAL,0.2635244131088257,0.4121681749820709
2024-08-26 22:00:00,0.037493262,NORMAL,0.2635244131088257,0.4121681749820709
2024-08-26 23:00:00,0.035854425,NORMAL,0.2635244131088257,0.4121681749820709
2024-08-27 00:00:00,0.03849009,NORMAL,0.2635244131088257,0.4121681749820709
2024-08-27 01:00:00,0.0430177,NORMAL,0.2635244131088257,0.4121681749820709
2024-08-27 02:00:00,0.04832605,NORMAL,0.2635244131088257,0.4121681749820709
2024-08-27 03:00:00,0.051886097,NORMAL,0.2635244131088257,0.4121681749820709
2024-08-27 04:00:00,0.05382629,NORMAL,0.2635244131088257,0.4121681749820709
2024-08-27 05:00:00,0.056009617,NORMAL,0.2635244131088257,0.4121681749820709
2024-08-27 06:00:00,0.058000207,NORMAL,0.2635244131088257,0.4121681749820709
2024-08-27 07:00:00,0.059862964,NORMAL,0.2635244131088257,0.4121681749820709
2024-08-27 08:00:00,0.0634942,NORMAL,0.2635244131088257,0.4121681749820709
2024-08-27 09:00:00,0.067774154,NORMAL,0.2635244131088257,0.4121681749820709
2024-08-27 10:00:00,0.06875786,NORMAL,0.2635244131088257,0.4121681749820709
2024-08-27 11:00:00,0.07224551,NORMAL,0.2635244131088257,0.4121681749820709
2024-08-27 12:00:00,0.07682424,NORMAL,0.2635244131088257,0.4121681749820709
2024-08-27 13:00:00,0.07857868,NORMAL,0.2635244131088257,0.4121681749820709
2024-08-27 14:00:00,0.081781305,NORMAL,0.2635244131088257,0.4121681749820709
2024-08-27 15:00:00,0.08736436,NORMAL,0.2635244131088257,0.4121681749820709
2024-08-27 16:00:00,0.088108234,NORMAL,0.2635244131088257,0.4121681749820709
2024-08-27 17:00:00,0.08119239,NORMAL,0.2635244131088257,0.4121681749820709
2024-08-27 18:00:00,0.07232973,NORMAL,0.2635244131088257,0.4121681749820709
2024-08-27 19:00:00,0.06529103,NORMAL,0.2635244131088257,0.4121681749820709
2024-08-27 20:00:00,0.0582249,NORMAL,0.2635244131088257,0.4121681749820709
2024-08-27 21:00:00,0.05210269,NORMAL,0.2635244131088257,0.4121681749820709
2024-08-27 22:00:00,0.046782326,NORMAL,0.2635244131088257,0.4121681749820709
2024-08-27 23:00:00,0.044930693,NORMAL,0.2635244131088257,0.4121681749820709
2024-08-28 00:00:00,0.048112266,NORMAL,0.2635244131088257,0.4121681749820709
2024-08-28 01:00:00,0.053658273,NORMAL,0.2635244131088257,0.4121681749820709
2024-08-28 02:00:00,0.06092906,NORMAL,0.2635244131088257,0.4121681749820709
2024-08-28 03:00:00,0.065487504,NORMAL,0.2635244131088257,0.4121681749820709
2024-08-28 04:00:00,0.068065256,NORMAL,0.2635244131088257,0.4121681749820709
2024-08-28 05:00:00,0.07005867,NORMAL,0.2635244131088257,0.4121681749820709
2024-08-28 06:00:00,0.07209441,NORMAL,0.2635244131088257,0.4121681749820709
2024-08-28 07:00:00,0.07360127,NORMAL,0.2635244131088257,0.4121681749820709
2024-08-28 08:00:00,0.07247891,NORMAL,0.2635244131088257,0.4121681749820709
2024-08-28 09:00:00,0.06855264,NORMAL,0.2635244131088257,0.4121681749820709
2024-08-28 10:00:00,0.06825687,NORMAL,0.2635244131088257,0.4121681749820709
2024-08-28 11:00:00,0.07278854,NORMAL,0.2635244131088257,0.4121681749820709
2024-08-28 12:00:00,0.079197794,NORMAL,0.2635244131088257,0.4121681749820709
2024-08-28 13:00:00,0.08292505,NORMAL,0.2635244131088257,0.4121681749820709
2024-08-28 14:00:00,0.08632646,NORMAL,0.2635244131088257,0.4121681749820709
2024-08-28 15:00:00,0.091467515,NORMAL,0.2635244131088257,0.4121681749820709
2024-08-28 16:00:00,0.093416,NORMAL,0.2635244131088257,0.4121681749820709
2024-08-28 17:00:00,0.08773034,NORMAL,0.2635244131088257,0.4121681749820709
2024-08-28 18:00:00,0.07887432,NORMAL,0.2635244131088257,0.4121681749820709
2024-08-28 19:00:00,0.071612984,NORMAL,0.2635244131088257,0.4121681749820709
2024-08-28 20:00:00,0.06447765,NORMAL,0.2635244131088257,0.4121681749820709
2024-08-28 21:00:00,0.059137743,NORMAL,0.2635244131088257,0.4121681749820709
2024-08-28 22:00:00,0.055831168,NORMAL,0.2635244131088257,0.4121681749820709
2024-08-28 23:00:00,0.05578408,NORMAL,0.2635244131088257,0.4121681749820709
2024-08-29 00:00:00,0.05982256,NORMAL,0.2635244131088257,0.4121681749820709
2024-08-29 01:00:00,0.063656986,NORMAL,0.2635244131088257,0.4121681749820709
2024-08-29 02:00:00,0.06763951,NORMAL,0.2635244131088257,0.4121681749820709
2024-08-29 03:00:00,0.07065884,NORMAL,0.2635244131088257,0.4121681749820709
2024-08-29 04:00:00,0.072784804,NORMAL,0.2635244131088257,0.4121681749820709
2024-08-29 05:00:00,0.07485092,NORMAL,0.2635244131088257,0.4121681749820709
2024-08-29 06:00:00,0.07496447,NORMAL,0.2635244131088257,0.4121681749820709
2024-08-29 07:00:00,0.0721393,NORMAL,0.2635244131088257,0.4121681749820709
2024-08-29 08:00:00,0.070421845,NORMAL,0.2635244131088257,0.4121681749820709
2024-08-29 09:00:00,0.069684185,NORMAL,0.2635244131088257,0.4121681749820709
2024-08-29 10:00:00,0.068294324,NORMAL,0.2635244131088257,0.4121681749820709
2024-08-29 11:00:00,0.070641845,NORMAL,0.2635244131088257,0.4121681749820709
2024-08-29 12:00:00,0.07246631,NORMAL,0.2635244131088257,0.4121681749820709
2024-08-29 13:00:00,0.070096105,NORMAL,0.2635244131088257,0.4121681749820709
2024-08-29 14:00:00,0.06880482,NORMAL,0.2635244131088257,0.4121681749820709
2024-08-29 15:00:00,0.07025238,NORMAL,0.2635244131088257,0.4121681749820709
2024-08-29 16:00:00,0.07236669,NORMAL,0.2635244131088257,0.4121681749820709
2024-08-29 17:00:00,0.070970535,NORMAL,0.2635244131088257,0.4121681749820709
2024-08-29 18:00:00,0.065283805,NORMAL,0.2635244131088257,0.4121681749820709
2024-08-29 19:00:00,0.05921564,NORMAL,0.2635244131088257,0.4121681749820709
2024-08-29 20:00:00,0.053358868,NORMAL,0.2635244131088257,0.4121681749820709
2024-08-29 21:00:00,0.049557123,NORMAL,0.2635244131088257,0.4121681749820709
2024-08-29 22:00:00,0.04672057,NORMAL,0.2635244131088257,0.4121681749820709
2024-08-29 23:00:00,0.046514098,NORMAL,0.2635244131088257,0.4121681749820709
2024-08-30 00:00:00,0.049709175,NORMAL,0.2635244131088257,0.4121681749820709
2024-08-30 01:00:00,0.05231835,NORMAL,0.2635244131088257,0.4121681749820709
2024-08-30 02:00:00,0.056469336,NORMAL,0.2635244131088257,0.4121681749820709
2024-08-30 03:00:00,0.060373306,NORMAL,0.2635244131088257,0.4121681749820709
2024-08-30 04:00:00,0.06327512,NORMAL,0.2635244131088257,0.4121681749820709
2024-08-30 05:00:00,0.06649717,NORMAL,0.2635244131088257,0.4121681749820709
2024-08-30 06:00:00,0.06682517,NORMAL,0.2635244131088257,0.4121681749820709
2024-08-30 07:00:00,0.06441602,NORMAL,0.2635244131088257,0.4121681749820709
2024-08-30 08:00:00,0.065400325,NORMAL,0.2635244131088257,0.4121681749820709
2024-08-30 09:00:00,0.06908389,NORMAL,0.2635244131088257,0.4121681749820709
2024-08-30 10:00:00,0.0687438,NORMAL,0.2635244131088257,0.4121681749820709
2024-08-30 11:00:00,0.07089737,NORMAL,0.2635244131088257,0.4121681749820709
2024-08-30 12:00:00,0.07512099,NORMAL,0.2635244131088257,0.4121681749820709
2024-08-30 13:00:00,0.07771573,NORMAL,0.2635244131088257,0.4121681749820709
2024-08-30 14:00:00,0.08087877,NORMAL,0.2635244131088257,0.4121681749820709
2024-08-30 15:00:00,0.088440835,NORMAL,0.2635244131088257,0.4121681749820709
2024-08-30 16:00:00,0.09600436,NORMAL,0.2635244131088257,0.4121681749820709
2024-08-30 17:00:00,0.094641246,NORMAL,0.2635244131088257,0.4121681749820709
2024-08-30 18:00:00,0.08714245,NORMAL,0.2635244131088257,0.4121681749820709
2024-08-30 19:00:00,0.080298714,NORMAL,0.2635244131088257,0.4121681749820709
2024-08-30 20:00:00,0.07288909,NORMAL,0.2635244131088257,0.4121681749820709
2024-08-30 21:00:00,0.0653242,NORMAL,0.2635244131088257,0.4121681749820709
2024-08-30 22:00:00,0.058802884,NORMAL,0.2635244131088257,0.4121681749820709
2024-08-30 23:00:00,0.055265885,NORMAL,0.2635244131088257,0.4121681749820709
2024-08-31 00:00:00,0.057471514,NORMAL,0.2635244131088257,0.4121681749820709
2024-08-31 01:00:00,0.06186531,NORMAL,0.2635244131088257,0.4121681749820709
2024-08-31 02:00:00,0.06869616,NORMAL,0.2635244131088257,0.4121681749820709
2024-08-31 03:00:00,0.073702455,NORMAL,0.2635244131088257,0.4121681749820709
2024-08-31 04:00:00,0.077397324,NORMAL,0.2635244131088257,0.4121681749820709
2024-08-31 05:00:00,0.07987362,NORMAL,0.2635244131088257,0.4121681749820709
2024-08-31 06:00:00,0.082186006,NORMAL,0.2635244131088257,0.4121681749820709
2024-08-31 07:00:00,0.08126204,NORMAL,0.2635244131088257,0.4121681749820709
2024-08-31 08:00:00,0.08008614,NORMAL,0.2635244131088257,0.4121681749820709
2024-08-31 09:00:00,0.08050492,NORMAL,0.2635244131088257,0.4121681749820709
2024-08-31 10:00:00,0.0798891,NORMAL,0.2635244131088257,0.4121681749820709
2024-08-31 11:00:00,0.0822408,NORMAL,0.2635244131088257,0.4121681749820709
2024-08-31 12:00:00,0.08768137,NORMAL,0.2635244131088257,0.4121681749820709
2024-08-31 13:00:00,0.09070396,NORMAL,0.2635244131088257,0.4121681749820709
2024-08-31 14:00:00,0.09422666,NORMAL,0.2635244131088257,0.4121681749820709
2024-08-31 15:00:00,0.101490974,NORMAL,0.2635244131088257,0.4121681749820709
2024-08-31 16:00:00,0.10785033,NORMAL,0.2635244131088257,0.4121681749820709
2024-08-31 17:00:00,0.10587398,NORMAL,0.2635244131088257,0.4121681749820709
2024-08-31 18:00:00,0.09783297,NORMAL,0.2635244131088257,0.4121681749820709
2024-08-31 19:00:00,0.09063387,NORMAL,0.2635244131088257,0.4121681749820709
2024-08-31 20:00:00,0.084133945,NORMAL,0.2635244131088257,0.4121681749820709
2024-08-31 21:00:00,0.078951865,NORMAL,0.2635244131088257,0.4121681749820709
2024-08-31 22:00:00,0.07627647,NORMAL,0.2635244131088257,0.4121681749820709
2024-08-31 23:00:00,0.07566746,NORMAL,0.2635244131088257,0.4121681749820709
2024-09-01 00:00:00,0.079467446,NORMAL,0.2635244131088257,0.4121681749820709
2024-09-01 01:00:00,0.08406875,NORMAL,0.2635244131088257,0.4121681749820709
2024-09-01 02:00:00,0.090128265,NORMAL,0.2635244131088257,0.4121681749820709
2024-09-01 03:00:00,0.09545657,NORMAL,0.2635244131088257,0.4121681749820709
2024-09-01 04:00:00,0.1006353,NORMAL,0.2635244131088257,0.4121681749820709
2024-09-01 05:00:00,0.10508978,NORMAL,0.2635244131088257,0.4121681749820709
2024-09-01 06:00:00,0.108433634,NORMAL,0.2635244131088257,0.4121681749820709
2024-09-01 07:00:00,0.106451795,NORMAL,0.2635244131088257,0.4121681749820709
2024-09-01 08:00:00,0.10370128,NORMAL,0.2635244131088257,0.4121681749820709
2024-09-01 09:00:00,0.10371915,NORMAL,0.2635244131088257,0.4121681749820709
2024-09-01 10:00:00,0.10316925,NORMAL,0.2635244131088257,0.4121681749820709
2024-09-01 11:00:00,0.10511533,NORMAL,0.2635244131088257,0.4121681749820709
2024-09-01 12:00:00,0.10659568,NORMAL,0.2635244131088257,0.4121681749820709
2024-09-01 13:00:00,0.10725748,NORMAL,0.2635244131088257,0.4121681749820709
2024-09-01 14:00:00,0.11050192,NORMAL,0.2635244131088257,0.4121681749820709
2024-09-01 15:00:00,0.11646839,NORMAL,0.2635244131088257,0.4121681749820709
2024-09-01 16:00:00,0.12161282,NORMAL,0.2635244131088257,0.4121681749820709
2024-09-01 17:00:00,0.12109363,NORMAL,0.2635244131088257,0.4121681749820709
2024-09-01 18:00:00,0.116439156,NORMAL,0.2635244131088257,0.4121681749820709
2024-09-01 19:00:00,0.11049373,NORMAL,0.2635244131088257,0.4121681749820709
2024-09-01 20:00:00,0.10363673,NORMAL,0.2635244131088257,0.4121681749820709
2024-09-01 21:00:00,0.09875819,NORMAL,0.2635244131088257,0.4121681749820709
2024-09-01 22:00:00,0.09591046,NORMAL,0.2635244131088257,0.4121681749820709
2024-09-01 23:00:00,0.09569332,NORMAL,0.2635244131088257,0.4121681749820709
2024-09-02 00:00:00,0.09971001,NORMAL,0.2635244131088257,0.4121681749820709
2024-09-02 01:00:00,0.10463069,NORMAL,0.2635244131088257,0.4121681749820709
2024-09-02 02:00:00,0.1122947,NORMAL,0.2635244131088257,0.4121681749820709
2024-09-02 03:00:00,0.11910842,NORMAL,0.2635244131088257,0.4121681749820709
2024-09-02 04:00:00,0.12417926,NORMAL,0.2635244131088257,0.4121681749820709
2024-09-02 05:00:00,0.12437166,NORMAL,0.2635244131088257,0.4121681749820709
2024-09-02 06:00:00,0.124183625,NORMAL,0.2635244131088257,0.4121681749820709
2024-09-02 07:00:00,0.12007778,NORMAL,0.2635244131088257,0.4121681749820709
2024-09-02 08:00:00,0.11420352,NORMAL,0.2635244131088257,0.4121681749820709
2024-09-02 09:00:00,0.11129376,NORMAL,0.2635244131088257,0.4121681749820709
2024-09-02 10:00:00,0.1100187,NORMAL,0.2635244131088257,0.4121681749820709
2024-09-02 11:00:00,0.10927291,NORMAL,0.2635244131088257,0.4121681749820709
2024-09-02 12:00:00,0.10836607,NORMAL,0.2635244131088257,0.4121681749820709
2024-09-02 13:00:00,0.10653056,NORMAL,0.2635244131088257,0.4121681749820709
2024-09-02 14:00:00,0.10695946,NORMAL,0.2635244131088257,0.4121681749820709
2024-09-02 15:00:00,0.11067965,NORMAL,0.2635244131088257,0.4121681749820709
2024-09-02 16:00:00,0.11502358,NORMAL,0.2635244131088257,0.4121681749820709
2024-09-02 17:00:00,0.11501653,NORMAL,0.2635244131088257,0.4121681749820709
2024-09-02 18:00:00,0.1104855,NORMAL,0.2635244131088257,0.4121681749820709
2024-09-02 19:00:00,0.104963645,NORMAL,0.2635244131088257,0.4121681749820709
2024-09-02 20:00:00,0.099745765,NORMAL,0.2635244131088257,0.4121681749820709
2024-09-02 21:00:00,0.097328514,NORMAL,0.2635244131088257,0.4121681749820709
2024-09-02 22:00:00,0.093485676,NORMAL,0.2635244131088257,0.4121681749820709
2024-09-02 23:00:00,0.092227995,NORMAL,0.2635244131088257,0.4121681749820709
2024-09-03 00:00:00,0.09463665,NORMAL,0.2635244131088257,0.4121681749820709
2024-09-03 01:00:00,0.0966095,NORMAL,0.2635244131088257,0.4121681749820709
2024-09-03 02:00:00,0.09988333,NORMAL,0.2635244131088257,0.4121681749820709
2024-09-03 03:00:00,0.103073515,NORMAL,0.2635244131088257,0.4121681749820709
2024-09-03 04:00:00,0.10586679,NORMAL,0.2635244131088257,0.4121681749820709
2024-09-03 05:00:00,0.108561486,NORMAL,0.2635244131088257,0.4121681749820709
2024-09-03 06:00:00,0.111264706,NORMAL,0.2635244131088257,0.4121681749820709
2024-09-03 07:00:00,0.1107201,NORMAL,0.2635244131088257,0.4121681749820709
2024-09-03 08:00:00,0.11144069,NORMAL,0.2635244131088257,0.4121681749820709
2024-09-03 09:00:00,0.11033726,NORMAL,0.2635244131088257,0.4121681749820709
2024-09-03 10:00:00,0.10646105,NORMAL,0.2635244131088257,0.4121681749820709
2024-09-03 11:00:00,0.10219931,NORMAL,0.2635244131088257,0.4121681749820709
2024-09-03 12:00:00,0.10033162,NORMAL,0.2635244131088257,0.4121681749820709
2024-09-03 13:00:00,0.1016388,NORMAL,0.2635244131088257,0.4121681749820709
2024-09-03 14:00:00,0.10623941,NORMAL,0.2635244131088257,0.4121681749820709
2024-09-03 15:00:00,0.11337423,NORMAL,0.2635244131088257,0.4121681749820709
2024-09-03 16:00:00,0.11596236,NORMAL,0.2635244131088257,0.4121681749820709
2024-09-03 17:00:00,0.10847468,NORMAL,0.2635244131088257,0.4121681749820709
2024-09-03 18:00:00,0.09791953,NORMAL,0.2635244131088257,0.4121681749820709
2024-09-03 19:00:00,0.09056029,NORMAL,0.2635244131088257,0.4121681749820709
2024-09-03 20:00:00,0.084384374,NORMAL,0.2635244131088257,0.4121681749820709
2024-09-03 21:00:00,0.07958094,NORMAL,0.2635244131088257,0.4121681749820709
2024-09-03 22:00:00,0.07528028,NORMAL,0.2635244131088257,0.4121681749820709
2024-09-03 23:00:00,0.07334009,NORMAL,0.2635244131088257,0.4121681749820709
2024-09-04 00:00:00,0.07604627,NORMAL,0.2635244131088257,0.4121681749820709
2024-09-04 01:00:00,0.08071104,NORMAL,0.2635244131088257,0.4121681749820709
2024-09-04 02:00:00,0.08771172,NORMAL,0.2635244131088257,0.4121681749820709
2024-09-04 03:00:00,0.09367367,NORMAL,0.2635244131088257,0.4121681749820709
2024-09-04 04:00:00,0.09883765,NORMAL,0.2635244131088257,0.4121681749820709
2024-09-04 05:00:00,0.102595925,NORMAL,0.2635244131088257,0.4121681749820709
2024-09-04 06:00:00,0.10580553,NORMAL,0.2635244131088257,0.4121681749820709
2024-09-04 07:00:00,0.106187135,NORMAL,0.2635244131088257,0.4121681749820709
2024-09-04 08:00:00,0.09811566,NORMAL,0.2635244131088257,0.4121681749820709
2024-09-04 09:00:00,0.08950501,NORMAL,0.2635244131088257,0.4121681749820709
2024-09-04 10:00:00,0.08417022,NORMAL,0.2635244131088257,0.4121681749820709
2024-09-04 11:00:00,0.08295107,NORMAL,0.2635244131088257,0.4121681749820709
2024-09-04 12:00:00,0.085708536,NORMAL,0.2635244131088257,0.4121681749820709
2024-09-04 13:00:00,0.0886933,NORMAL,0.2635244131088257,0.4121681749820709
2024-09-04 14:00:00,0.091508895,NORMAL,0.2635244131088257,0.4121681749820709
2024-09-04 15:00:00,0.092978135,NORMAL,0.2635244131088257,0.4121681749820709
2024-09-04 16:00:00,0.093599744,NORMAL,0.2635244131088257,0.4121681749820709
2024-09-04 17:00:00,0.090046644,NORMAL,0.2635244131088257,0.4121681749820709
2024-09-04 18:00:00,0.08205136,NORMAL,0.2635244131088257,0.4121681749820709
2024-09-04 19:00:00,0.07432134,NORMAL,0.2635244131088257,0.4121681749820709
2024-09-04 20:00:00,0.06747809,NORMAL,0.2635244131088257,0.4121681749820709
2024-09-04 21:00:00,0.06351066,NORMAL,0.2635244131088257,0.4121681749820709
2024-09-04 22:00:00,0.06094231,NORMAL,0.2635244131088257,0.4121681749820709
2024-09-04 23:00:00,0.061444096,NORMAL,0.2635244131088257,0.4121681749820709
2024-09-05 00:00:00,0.06450096,NORMAL,0.2635244131088257,0.4121681749820709
2024-09-05 01:00:00,0.06626616,NORMAL,0.2635244131088257,0.4121681749820709
2024-09-05 02:00:00,0.068601094,NORMAL,0.2635244131088257,0.4121681749820709
2024-09-05 03:00:00,0.07187879,NORMAL,0.2635244131088257,0.4121681749820709
2024-09-05 04:00:00,0.07401889,NORMAL,0.2635244131088257,0.4121681749820709
2024-09-05 05:00:00,0.07579276,NORMAL,0.2635244131088257,0.4121681749820709
2024-09-05 06:00:00,0.07582034,NORMAL,0.2635244131088257,0.4121681749820709
2024-09-05 07:00:00,0.07303955,NORMAL,0.2635244131088257,0.4121681749820709
2024-09-05 08:00:00,0.06745524,NORMAL,0.2635244131088257,0.4121681749820709
2024-09-05 09:00:00,0.062240846,NORMAL,0.2635244131088257,0.4121681749820709
2024-09-05 10:00:00,0.057970736,NORMAL,0.2635244131088257,0.4121681749820709
2024-09-05 11:00:00,0.05657012,NORMAL,0.2635244131088257,0.4121681749820709
2024-09-05 12:00:00,0.056509808,NORMAL,0.2635244131088257,0.4121681749820709
2024-09-05 13:00:00,0.055876415,NORMAL,0.2635244131088257,0.4121681749820709
2024-09-05 14:00:00,0.054972913,NORMAL,0.2635244131088257,0.4121681749820709
2024-09-05 15:00:00,0.05390684,NORMAL,0.2635244131088257,0.4121681749820709
2024-09-05 16:00:00,0.053716283,NORMAL,0.2635244131088257,0.4121681749820709
2024-09-05 17:00:00,0.052911684,NORMAL,0.2635244131088257,0.4121681749820709
2024-09-05 18:00:00,0.051287252,NORMAL,0.2635244131088257,0.4121681749820709
2024-09-05 19:00:00,0.04873899,NORMAL,0.2635244131088257,0.4121681749820709
2024-09-05 20:00:00,0.04493565,NORMAL,0.2635244131088257,0.4121681749820709
2024-09-05 21:00:00,0.042922333,NORMAL,0.2635244131088257,0.4121681749820709
2024-09-05 22:00:00,0.04208751,NORMAL,0.2635244131088257,0.4121681749820709
2024-09-05 23:00:00,0.04263049,NORMAL,0.2635244131088257,0.4121681749820709
2024-09-06 00:00:00,0.0450265,NORMAL,0.2635244131088257,0.4121681749820709
2024-09-06 01:00:00,0.04715021,NORMAL,0.2635244131088257,0.4121681749820709
2024-09-06 02:00:00,0.052505005,NORMAL,0.2635244131088257,0.4121681749820709
2024-09-06 03:00:00,0.05916232,NORMAL,0.2635244131088257,0.4121681749820709
2024-09-06 04:00:00,0.064454526,NORMAL,0.2635244131088257,0.4121681749820709
2024-09-06 05:00:00,0.06988117,NORMAL,0.2635244131088257,0.4121681749820709
2024-09-06 06:00:00,0.07376806,NORMAL,0.2635244131088257,0.4121681749820709
2024-09-06 07:00:00,0.07302142,NORMAL,0.2635244131088257,0.4121681749820709
2024-09-06 08:00:00,0.071544975,NORMAL,0.2635244131088257,0.4121681749820709
2024-09-06 09:00:00,0.07028202,NORMAL,0.2635244131088257,0.4121681749820709
2024-09-06 10:00:00,0.065241896,NORMAL,0.2635244131088257,0.4121681749820709
2024-09-06 11:00:00,0.060336273,NORMAL,0.2635244131088257,0.4121681749820709
2024-09-06 12:00:00,0.057109457,NORMAL,0.2635244131088257,0.4121681749820709
2024-09-06 13:00:00,0.053915817,NORMAL,0.2635244131088257,0.4121681749820709
2024-09-06 14:00:00,0.05252426,NORMAL,0.2635244131088257,0.4121681749820709
2024-09-06 15:00:00,0.053770702,NORMAL,0.2635244131088257,0.4121681749820709
2024-09-06 16:00:00,0.058512125,NORMAL,0.2635244131088257,0.4121681749820709
2024-09-06 17:00:00,0.063593574,NORMAL,0.2635244131088257,0.4121681749820709
2024-09-06 18:00:00,0.064248994,NORMAL,0.2635244131088257,0.4121681749820709
2024-09-06 19:00:00,0.06120135,NORMAL,0.2635244131088257,0.4121681749820709
2024-09-06 20:00:00,0.056194875,NORMAL,0.2635244131088257,0.4121681749820709
2024-09-06 21:00:00,0.05264175,NORMAL,0.2635244131088257,0.4121681749820709
2024-09-06 22:00:00,0.0492937,NORMAL,0.2635244131088257,0.4121681749820709
2024-09-06 23:00:00,0.048220396,NORMAL,0.2635244131088257,0.4121681749820709
2024-09-07 00:00:00,0.05111538,NORMAL,0.2635244131088257,0.4121681749820709
2024-09-07 01:00:00,0.05381082,NORMAL,0.2635244131088257,0.4121681749820709
2024-09-07 02:00:00,0.058401585,NORMAL,0.2635244131088257,0.4121681749820709
2024-09-07 03:00:00,0.062718645,NORMAL,0.2635244131088257,0.4121681749820709
2024-09-07 04:00:00,0.06552179,NORMAL,0.2635244131088257,0.4121681749820709
2024-09-07 05:00:00,0.068347014,NORMAL,0.2635244131088257,0.4121681749820709
2024-09-07 06:00:00,0.068015955,NORMAL,0.2635244131088257,0.4121681749820709
2024-09-07 07:00:00,0.06310412,NORMAL,0.2635244131088257,0.4121681749820709
2024-09-07 08:00:00,0.059573412,NORMAL,0.2635244131088257,0.4121681749820709
2024-09-07 09:00:00,0.058828037,NORMAL,0.2635244131088257,0.4121681749820709
2024-09-07 10:00:00,0.058895264,NORMAL,0.2635244131088257,0.4121681749820709
2024-09-07 11:00:00,0.06289347,NORMAL,0.2635244131088257,0.4121681749820709
2024-09-07 12:00:00,0.06803413,NORMAL,0.2635244131088257,0.4121681749820709
2024-09-07 13:00:00,0.06844185,NORMAL,0.2635244131088257,0.4121681749820709
2024-09-07 14:00:00,0.06764984,NORMAL,0.2635244131088257,0.4121681749820709
2024-09-07 15:00:00,0.07167253,NORMAL,0.2635244131088257,0.4121681749820709
2024-09-07 16:00:00,0.080882825,NORMAL,0.2635244131088257,0.4121681749820709
2024-09-07 17:00:00,0.08652722,NORMAL,0.2635244131088257,0.4121681749820709
2024-09-07 18:00:00,0.08331703,NORMAL,0.2635244131088257,0.4121681749820709
2024-09-07 19:00:00,0.078211464,NORMAL,0.2635244131088257,0.4121681749820709
2024-09-07 20:00:00,0.07153594,NORMAL,0.2635244131088257,0.4121681749820709
2024-09-07 21:00:00,0.06490964,NORMAL,0.2635244131088257,0.4121681749820709
2024-09-07 22:00:00,0.05736263,NORMAL,0.2635244131088257,0.4121681749820709
2024-09-07 23:00:00,0.05200054,NORMAL,0.2635244131088257,0.4121681749820709
2024-09-08 00:00:00,0.052249447,NORMAL,0.2635244131088257,0.4121681749820709
2024-09-08 01:00:00,0.05485265,NORMAL,0.2635244131088257,0.4121681749820709
2024-09-08 02:00:00,0.06212078,NORMAL,0.2635244131088257,0.4121681749820709
2024-09-08 03:00:00,0.06677372,NORMAL,0.2635244131088257,0.4121681749820709
2024-09-08 04:00:00,0.06650082,NORMAL,0.2635244131088257,0.4121681749820709
2024-09-08 05:00:00,0.06486508,NORMAL,0.2635244131088257,0.4121681749820709
2024-09-08 06:00:00,0.06279853,NORMAL,0.2635244131088257,0.4121681749820709
2024-09-08 07:00:00,0.06114994,NORMAL,0.2635244131088257,0.4121681749820709
2024-09-08 08:00:00,0.0605551,NORMAL,0.2635244131088257,0.4121681749820709
2024-09-08 09:00:00,0.06253633,NORMAL,0.2635244131088257,0.4121681749820709
2024-09-08 10:00:00,0.0630891,NORMAL,0.2635244131088257,0.4121681749820709
2024-09-08 11:00:00,0.06650552,NORMAL,0.2635244131088257,0.4121681749820709
2024-09-08 12:00:00,0.07225239,NORMAL,0.2635244131088257,0.4121681749820709
2024-09-08 13:00:00,0.076187305,NORMAL,0.2635244131088257,0.4121681749820709
2024-09-08 14:00:00,0.07854594,NORMAL,0.2635244131088257,0.4121681749820709
2024-09-08 15:00:00,0.07940778,NORMAL,0.2635244131088257,0.4121681749820709
2024-09-08 16:00:00,0.08021322,NORMAL,0.2635244131088257,0.4121681749820709
2024-09-08 17:00:00,0.07750589,NORMAL,0.2635244131088257,0.4121681749820709
2024-09-08 18:00:00,0.07096108,NORMAL,0.2635244131088257,0.4121681749820709
2024-09-08 19:00:00,0.0639362,NORMAL,0.2635244131088257,0.4121681749820709
2024-09-08 20:00:00,0.055215195,NORMAL,0.2635244131088257,0.4121681749820709
2024-09-08 21:00:00,0.047460005,NORMAL,0.2635244131088257,0.4121681749820709
2024-09-08 22:00:00,0.040657036,NORMAL,0.2635244131088257,0.4121681749820709
2024-09-08 23:00:00,0.03816286,NORMAL,0.2635244131088257,0.4121681749820709
2024-09-09 00:00:00,0.040694766,NORMAL,0.2635244131088257,0.4121681749820709
2024-09-09 01:00:00,0.04487743,NORMAL,0.2635244131088257,0.4121681749820709
2024-09-09 02:00:00,0.05067742,NORMAL,0.2635244131088257,0.4121681749820709
2024-09-09 03:00:00,0.053441368,NORMAL,0.2635244131088257,0.4121681749820709
2024-09-09 04:00:00,0.051577203,NORMAL,0.2635244131088257,0.4121681749820709
2024-09-09 05:00:00,0.04799781,NORMAL,0.2635244131088257,0.4121681749820709
2024-09-09 06:00:00,0.044782847,NORMAL,0.2635244131088257,0.4121681749820709
2024-09-09 07:00:00,0.041021664,NORMAL,0.2635244131088257,0.4121681749820709
2024-09-09 08:00:00,0.03924312,NORMAL,0.2635244131088257,0.4121681749820709
2024-09-09 09:00:00,0.039257612,NORMAL,0.2635244131088257,0.4121681749820709
2024-09-09 10:00:00,0.04216363,NORMAL,0.2635244131088257,0.4121681749820709
2024-09-09 11:00:00,0.05041484,NORMAL,0.2635244131088257,0.4121681749820709
2024-09-09 12:00:00,0.05638464,NORMAL,0.2635244131088257,0.4121681749820709
2024-09-09 13:00:00,0.055057235,NORMAL,0.2635244131088257,0.4121681749820709
2024-09-09 14:00:00,0.050258175,NORMAL,0.2635244131088257,0.4121681749820709
2024-09-09 15:00:00,0.045929708,NORMAL,0.2635244131088257,0.4121681749820709
2024-09-09 16:00:00,0.042939417,NORMAL,0.2635244131088257,0.4121681749820709
2024-09-09 17:00:00,0.04074241,NORMAL,0.2635244131088257,0.4121681749820709
2024-09-09 18:00:00,0.036547944,NORMAL,0.2635244131088257,0.4121681749820709
2024-09-09 19:00:00,0.03201959,NORMAL,0.2635244131088257,0.4121681749820709
2024-09-09 20:00:00,0.028082404,NORMAL,0.2635244131088257,0.4121681749820709
2024-09-09 21:00:00,0.026272302,NORMAL,0.2635244131088257,0.4121681749820709
2024-09-09 22:00:00,0.024958715,NORMAL,0.2635244131088257,0.4121681749820709
2024-09-09 23:00:00,0.02474122,NORMAL,0.2635244131088257,0.4121681749820709
2024-09-10 00:00:00,0.026879119,NORMAL,0.2635244131088257,0.4121681749820709
2024-09-10 01:00:00,0.029497756,NORMAL,0.2635244131088257,0.4121681749820709
2024-09-10 02:00:00,0.034428306,NORMAL,0.2635244131088257,0.4121681749820709
2024-09-10 03:00:00,0.037242133,NORMAL,0.2635244131088257,0.4121681749820709
2024-09-10 04:00:00,0.035302617,NORMAL,0.2635244131088257,0.4121681749820709
2024-09-10 05:00:00,0.033000827,NORMAL,0.2635244131088257,0.4121681749820709
2024-09-10 06:00:00,0.029054403,NORMAL,0.2635244131088257,0.4121681749820709
2024-09-10 07:00:00,0.024760552,NORMAL,0.2635244131088257,0.4121681749820709
2024-09-10 08:00:00,0.023031043,NORMAL,0.2635244131088257,0.4121681749820709
2024-09-10 09:00:00,0.023561645,NORMAL,0.2635244131088257,0.4121681749820709
2024-09-10 10:00:00,0.025152858,NORMAL,0.2635244131088257,0.4121681749820709
2024-09-10 11:00:00,0.030365607,NORMAL,0.2635244131088257,0.4121681749820709
2024-09-10 12:00:00,0.03511452,NORMAL,0.2635244131088257,0.4121681749820709
2024-09-10 13:00:00,0.0350824,NORMAL,0.2635244131088257,0.4121681749820709
2024-09-10 14:00:00,0.033297103,NORMAL,0.2635244131088257,0.4121681749820709
2024-09-10 15:00:00,0.032347407,NORMAL,0.2635244131088257,0.4121681749820709
2024-09-10 16:00:00,0.03292695,NORMAL,0.2635244131088257,0.4121681749820709
2024-09-10 17:00:00,0.03361766,NORMAL,0.2635244131088257,0.4121681749820709
2024-09-10 18:00:00,0.031963106,NORMAL,0.2635244131088257,0.4121681749820709
2024-09-10 19:00:00,0.029120587,NORMAL,0.2635244131088257,0.4121681749820709
2024-09-10 20:00:00,0.026256124,NORMAL,0.2635244131088257,0.4121681749820709
2024-09-10 21:00:00,0.023955915,NORMAL,0.2635244131088257,0.4121681749820709
2024-09-10 22:00:00,0.021256793,NORMAL,0.2635244131088257,0.4121681749820709
2024-09-10 23:00:00,0.02008892,NORMAL,0.2635244131088257,0.4121681749820709
2024-09-11 00:00:00,0.022144655,NORMAL,0.2635244131088257,0.4121681749820709
2024-09-11 01:00:00,0.025677318,NORMAL,0.2635244131088257,0.4121681749820709
2024-09-11 02:00:00,0.030899823,NORMAL,0.2635244131088257,0.4121681749820709
2024-09-11 03:00:00,0.033557493,NORMAL,0.2635244131088257,0.4121681749820709
2024-09-11 04:00:00,0.03146126,NORMAL,0.2635244131088257,0.4121681749820709
2024-09-11 05:00:00,0.028865648,NORMAL,0.2635244131088257,0.4121681749820709
2024-09-11 06:00:00,0.025700347,NORMAL,0.2635244131088257,0.4121681749820709
2024-09-11 07:00:00,0.023403935,NORMAL,0.2635244131088257,0.4121681749820709
2024-09-11 08:00:00,0.022987707,NORMAL,0.2635244131088257,0.4121681749820709
2024-09-11 09:00:00,0.025017159,NORMAL,0.2635244131088257,0.4121681749820709
2024-09-11 10:00:00,0.028809594,NORMAL,0.2635244131088257,0.4121681749820709
2024-09-11 11:00:00,0.036236715,NORMAL,0.2635244131088257,0.4121681749820709
2024-09-11 12:00:00,0.043637373,NORMAL,0.2635244131088257,0.4121681749820709
2024-09-11 13:00:00,0.045276225,NORMAL,0.2635244131088257,0.4121681749820709
2024-09-11 14:00:00,0.044351697,NORMAL,0.2635244131088257,0.4121681749820709
2024-09-11 15:00:00,0.04558684,NORMAL,0.2635244131088257,0.4121681749820709
2024-09-11 16:00:00,0.05030543,NORMAL,0.2635244131088257,0.4121681749820709
2024-09-11 17:00:00,0.05428153,NORMAL,0.2635244131088257,0.4121681749820709
2024-09-11 18:00:00,0.052371018,NORMAL,0.2635244131088257,0.4121681749820709
2024-09-11 19:00:00,0.048653506,NORMAL,0.2635244131088257,0.4121681749820709
2024-09-11 20:00:00,0.042269528,NORMAL,0.2635244131088257,0.4121681749820709
2024-09-11 21:00:00,0.035343632,NORMAL,0.2635244131088257,0.4121681749820709
2024-09-11 22:00:00,0.028034024,NORMAL,0.2635244131088257,0.4121681749820709
2024-09-11 23:00:00,0.02362568,NORMAL,0.2635244131088257,0.4121681749820709
2024-09-12 00:00:00,0.024292655,NORMAL,0.2635244131088257,0.4121681749820709
2024-09-12 01:00:00,0.027589422,NORMAL,0.2635244131088257,0.4121681749820709
2024-09-12 02:00:00,0.034771763,NORMAL,0.2635244131088257,0.4121681749820709
2024-09-12 03:00:00,0.038513616,NORMAL,0.2635244131088257,0.4121681749820709
2024-09-12 04:00:00,0.03545099,NORMAL,0.2635244131088257,0.4121681749820709
2024-09-12 05:00:00,0.02988378,NORMAL,0.2635244131088257,0.4121681749820709
2024-09-12 06:00:00,0.02564738,NORMAL,0.2635244131088257,0.4121681749820709
2024-09-12 07:00:00,0.024052791,NORMAL,0.2635244131088257,0.4121681749820709
2024-09-12 08:00:00,0.024005566,NORMAL,0.2635244131088257,0.4121681749820709
2024-09-12 09:00:00,0.025531147,NORMAL,0.2635244131088257,0.4121681749820709
2024-09-12 10:00:00,0.029458212,NORMAL,0.2635244131088257,0.4121681749820709
2024-09-12 11:00:00,0.039079286,NORMAL,0.2635244131088257,0.4121681749820709
2024-09-12 12:00:00,0.048661698,NORMAL,0.2635244131088257,0.4121681749820709
2024-09-12 13:00:00,0.053504143,NORMAL,0.2635244131088257,0.4121681749820709
2024-09-12 14:00:00,0.05567692,NORMAL,0.2635244131088257,0.4121681749820709
2024-09-12 15:00:00,0.059334636,NORMAL,0.2635244131088257,0.4121681749820709
2024-09-12 16:00:00,0.065030135,NORMAL,0.2635244131088257,0.4121681749820709
2024-09-12 17:00:00,0.06582828,NORMAL,0.2635244131088257,0.4121681749820709
2024-09-12 18:00:00,0.060884092,NORMAL,0.2635244131088257,0.4121681749820709
2024-09-12 19:00:00,0.054270227,NORMAL,0.2635244131088257,0.4121681749820709
2024-09-12 20:00:00,0.046104345,NORMAL,0.2635244131088257,0.4121681749820709
2024-09-12 21:00:00,0.038985644,NORMAL,0.2635244131088257,0.4121681749820709
2024-09-12 22:00:00,0.032979224,NORMAL,0.2635244131088257,0.4121681749820709
2024-09-12 23:00:00,0.0302189,NORMAL,0.2635244131088257,0.4121681749820709
2024-09-13 00:00:00,0.03173192,NORMAL,0.2635244131088257,0.4121681749820709
2024-09-13 01:00:00,0.035543367,NORMAL,0.2635244131088257,0.4121681749820709
2024-09-13 02:00:00,0.041063923,NORMAL,0.2635244131088257,0.4121681749820709
2024-09-13 03:00:00,0.043408334,NORMAL,0.2635244131088257,0.4121681749820709
2024-09-13 04:00:00,0.04123493,NORMAL,0.2635244131088257,0.4121681749820709
2024-09-13 05:00:00,0.036853597,NORMAL,0.2635244131088257,0.4121681749820709
2024-09-13 06:00:00,0.033250432,NORMAL,0.2635244131088257,0.4121681749820709
2024-09-13 07:00:00,0.03083705,NORMAL,0.2635244131088257,0.4121681749820709
2024-09-13 08:00:00,0.029671835,NORMAL,0.2635244131088257,0.4121681749820709
2024-09-13 09:00:00,0.03087879,NORMAL,0.2635244131088257,0.4121681749820709
2024-09-13 10:00:00,0.035891354,NORMAL,0.2635244131088257,0.4121681749820709
2024-09-13 11:00:00,0.046457063,NORMAL,0.2635244131088257,0.4121681749820709
2024-09-13 12:00:00,0.055552192,NORMAL,0.2635244131088257,0.4121681749820709
2024-09-13 13:00:00,0.0553053,NORMAL,0.2635244131088257,0.4121681749820709
2024-09-13 14:00:00,0.050482184,NORMAL,0.2635244131088257,0.4121681749820709
2024-09-13 15:00:00,0.04626467,NORMAL,0.2635244131088257,0.4121681749820709
2024-09-13 16:00:00,0.044996653,NORMAL,0.2635244131088257,0.4121681749820709
2024-09-13 17:00:00,0.043801367,NORMAL,0.2635244131088257,0.4121681749820709
2024-09-13 18:00:00,0.038562898,NORMAL,0.2635244131088257,0.4121681749820709
2024-09-13 19:00:00,0.03261571,NORMAL,0.2635244131088257,0.4121681749820709
2024-09-13 20:00:00,0.027680596,NORMAL,0.2635244131088257,0.4121681749820709
2024-09-13 21:00:00,0.024555696,NORMAL,0.2635244131088257,0.4121681749820709
2024-09-13 22:00:00,0.021695737,NORMAL,0.2635244131088257,0.4121681749820709
2024-09-13 23:00:00,0.020492716,NORMAL,0.2635244131088257,0.4121681749820709
2024-09-14 00:00:00,0.022187091,NORMAL,0.2635244131088257,0.4121681749820709
2024-09-14 01:00:00,0.024301682,NORMAL,0.2635244131088257,0.4121681749820709
2024-09-14 02:00:00,0.028470345,NORMAL,0.2635244131088257,0.4121681749820709
2024-09-14 03:00:00,0.030954024,NORMAL,0.2635244131088257,0.4121681749820709
2024-09-14 04:00:00,0.028916381,NORMAL,0.2635244131088257,0.4121681749820709
2024-09-14 05:00:00,0.024645887,NORMAL,0.2635244131088257,0.4121681749820709
2024-09-14 06:00:00,0.020746456,NORMAL,0.2635244131088257,0.4121681749820709
2024-09-14 07:00:00,0.017819664,NORMAL,0.2635244131088257,0.4121681749820709
2024-09-14 08:00:00,0.01657627,NORMAL,0.2635244131088257,0.4121681749820709
2024-09-14 09:00:00,0.017179787,NORMAL,0.2635244131088257,0.4121681749820709
2024-09-14 10:00:00,0.019232823,NORMAL,0.2635244131088257,0.4121681749820709
2024-09-14 11:00:00,0.024662877,NORMAL,0.2635244131088257,0.4121681749820709
2024-09-14 12:00:00,0.030706456,NORMAL,0.2635244131088257,0.4121681749820709
2024-09-14 13:00:00,0.032169025,NORMAL,0.2635244131088257,0.4121681749820709
2024-09-14 14:00:00,0.030900875,NORMAL,0.2635244131088257,0.4121681749820709
2024-09-14 15:00:00,0.029882828,NORMAL,0.2635244131088257,0.4121681749820709
2024-09-14 16:00:00,0.031119019,NORMAL,0.2635244131088257,0.4121681749820709
2024-09-14 17:00:00,0.033631016,NORMAL,0.2635244131088257,0.4121681749820709
2024-09-14 18:00:00,0.03429647,NORMAL,0.2635244131088257,0.4121681749820709
2024-09-14 19:00:00,0.032989457,NORMAL,0.2635244131088257,0.4121681749820709
2024-09-14 20:00:00,0.030361759,NORMAL,0.2635244131088257,0.4121681749820709
2024-09-14 21:00:00,0.027333047,NORMAL,0.2635244131088257,0.4121681749820709
2024-09-14 22:00:00,0.023654697,NORMAL,0.2635244131088257,0.4121681749820709
2024-09-14 23:00:00,0.021095818,NORMAL,0.2635244131088257,0.4121681749820709
2024-09-15 00:00:00,0.021665812,NORMAL,0.2635244131088257,0.4121681749820709
2024-09-15 01:00:00,0.023691442,NORMAL,0.2635244131088257,0.4121681749820709
2024-09-15 02:00:00,0.028232541,NORMAL,0.2635244131088257,0.4121681749820709
2024-09-15 03:00:00,0.031207971,NORMAL,0.2635244131088257,0.4121681749820709
2024-09-15 04:00:00,0.029125042,NORMAL,0.2635244131088257,0.4121681749820709
2024-09-15 05:00:00,0.025881695,NORMAL,0.2635244131088257,0.4121681749820709
2024-09-15 06:00:00,0.023049928,NORMAL,0.2635244131088257,0.4121681749820709
2024-09-15 07:00:00,0.020494504,NORMAL,0.2635244131088257,0.4121681749820709
2024-09-15 08:00:00,0.019166015,NORMAL,0.2635244131088257,0.4121681749820709
2024-09-15 09:00:00,0.018799951,NORMAL,0.2635244131088257,0.4121681749820709
2024-09-15 10:00:00,0.020676646,NORMAL,0.2635244131088257,0.4121681749820709
2024-09-15 11:00:00,0.025761388,NORMAL,0.2635244131088257,0.4121681749820709
2024-09-15 12:00:00,0.03163182,NORMAL,0.2635244131088257,0.4121681749820709
2024-09-15 13:00:00,0.03302992,NORMAL,0.2635244131088257,0.4121681749820709
2024-09-15 14:00:00,0.031859353,NORMAL,0.2635244131088257,0.4121681749820709
2024-09-15 15:00:00,0.03184862,NORMAL,0.2635244131088257,0.4121681749820709
2024-09-15 16:00:00,0.034889445,NORMAL,0.2635244131088257,0.4121681749820709
2024-09-15 17:00:00,0.03911455,NORMAL,0.2635244131088257,0.4121681749820709
2024-09-15 18:00:00,0.04032121,NORMAL,0.2635244131088257,0.4121681749820709
2024-09-15 19:00:00,0.038171392,NORMAL,0.2635244131088257,0.4121681749820709
2024-09-15 20:00:00,0.034245845,NORMAL,0.2635244131088257,0.4121681749820709
2024-09-15 21:00:00,0.030535929,NORMAL,0.2635244131088257,0.4121681749820709
2024-09-15 22:00:00,0.026848858,NORMAL,0.2635244131088257,0.4121681749820709
2024-09-15 23:00:00,0.02481883,NORMAL,0.2635244131088257,0.4121681749820709
2024-09-16 00:00:00,0.026398122,NORMAL,0.2635244131088257,0.4121681749820709
2024-09-16 01:00:00,0.029092811,NORMAL,0.2635244131088257,0.4121681749820709
2024-09-16 02:00:00,0.034643274,NORMAL,0.2635244131088257,0.4121681749820709
2024-09-16 03:00:00,0.03881024,NORMAL,0.2635244131088257,0.4121681749820709
2024-09-16 04:00:00,0.03900246,NORMAL,0.2635244131088257,0.4121681749820709
2024-09-16 05:00:00,0.038823158,NORMAL,0.2635244131088257,0.4121681749820709
2024-09-16 06:00:00,0.038922742,NORMAL,0.2635244131088257,0.4121681749820709
2024-09-16 07:00:00,0.036593184,NORMAL,0.2635244131088257,0.4121681749820709
2024-09-16 08:00:00,0.035738308,NORMAL,0.2635244131088257,0.4121681749820709
2024-09-16 09:00:00,0.036916837,NORMAL,0.2635244131088257,0.4121681749820709
2024-09-16 10:00:00,0.03876133,NORMAL,0.2635244131088257,0.4121681749820709
2024-09-16 11:00:00,0.04187308,NORMAL,0.2635244131088257,0.4121681749820709
2024-09-16 12:00:00,0.046289865,NORMAL,0.2635244131088257,0.4121681749820709
2024-09-16 13:00:00,0.047660243,NORMAL,0.2635244131088257,0.4121681749820709
2024-09-16 14:00:00,0.04707848,NORMAL,0.2635244131088257,0.4121681749820709
2024-09-16 15:00:00,0.048455253,NORMAL,0.2635244131088257,0.4121681749820709
2024-09-16 16:00:00,0.05499412,NORMAL,0.2635244131088257,0.4121681749820709
2024-09-16 17:00:00,0.06219779,NORMAL,0.2635244131088257,0.4121681749820709
2024-09-16 18:00:00,0.06276334,NORMAL,0.2635244131088257,0.4121681749820709
2024-09-16 19:00:00,0.058434613,NORMAL,0.2635244131088257,0.4121681749820709
2024-09-16 20:00:00,0.05166471,NORMAL,0.2635244131088257,0.4121681749820709
2024-09-16 21:00:00,0.04537534,NORMAL,0.2635244131088257,0.4121681749820709
2024-09-16 22:00:00,0.039285306,NORMAL,0.2635244131088257,0.4121681749820709
2024-09-16 23:00:00,0.03621295,NORMAL,0.2635244131088257,0.4121681749820709
2024-09-17 00:00:00,0.03852984,NORMAL,0.2635244131088257,0.4121681749820709
2024-09-17 01:00:00,0.04421093,NORMAL,0.2635244131088257,0.4121681749820709
2024-09-17 02:00:00,0.05377494,NORMAL,0.2635244131088257,0.4121681749820709
2024-09-17 03:00:00,0.060269766,NORMAL,0.2635244131088257,0.4121681749820709
2024-09-17 04:00:00,0.063173816,NORMAL,0.2635244131088257,0.4121681749820709
2024-09-17 05:00:00,0.06717657,NORMAL,0.2635244131088257,0.4121681749820709
2024-09-17 06:00:00,0.07137581,NORMAL,0.2635244131088257,0.4121681749820709
2024-09-17 07:00:00,0.07037381,NORMAL,0.2635244131088257,0.4121681749820709
2024-09-17 08:00:00,0.06681096,NORMAL,0.2635244131088257,0.4121681749820709
2024-09-17 09:00:00,0.06385089,NORMAL,0.2635244131088257,0.4121681749820709
2024-09-17 10:00:00,0.06467959,NORMAL,0.2635244131088257,0.4121681749820709
2024-09-17 11:00:00,0.06615996,NORMAL,0.2635244131088257,0.4121681749820709
2024-09-17 12:00:00,0.06728016,NORMAL,0.2635244131088257,0.4121681749820709
2024-09-17 13:00:00,0.06433001,NORMAL,0.2635244131088257,0.4121681749820709
2024-09-17 14:00:00,0.06128286,NORMAL,0.2635244131088257,0.4121681749820709
2024-09-17 15:00:00,0.062394116,NORMAL,0.2635244131088257,0.4121681749820709
2024-09-17 16:00:00,0.066913396,NORMAL,0.2635244131088257,0.4121681749820709
2024-09-17 17:00:00,0.070303835,NORMAL,0.2635244131088257,0.4121681749820709
2024-09-17 18:00:00,0.06857998,NORMAL,0.2635244131088257,0.4121681749820709
2024-09-17 19:00:00,0.06399055,NORMAL,0.2635244131088257,0.4121681749820709
2024-09-17 20:00:00,0.059067965,NORMAL,0.2635244131088257,0.4121681749820709
2024-09-17 21:00:00,0.055637777,NORMAL,0.2635244131088257,0.4121681749820709
2024-09-17 22:00:00,0.053253215,NORMAL,0.2635244131088257,0.4121681749820709
2024-09-17 23:00:00,0.05287004,NORMAL,0.2635244131088257,0.4121681749820709
2024-09-18 00:00:00,0.056195542,NORMAL,0.2635244131088257,0.4121681749820709
2024-09-18 01:00:00,0.060499184,NORMAL,0.2635244131088257,0.4121681749820709
2024-09-18 02:00:00,0.06648861,NORMAL,0.2635244131088257,0.4121681749820709
2024-09-18 03:00:00,0.07166502,NORMAL,0.2635244131088257,0.4121681749820709
2024-09-18 04:00:00,0.07723717,NORMAL,0.2635244131088257,0.4121681749820709
2024-09-18 05:00:00,0.08230499,NORMAL,0.2635244131088257,0.4121681749820709
2024-09-18 06:00:00,0.08562509,NORMAL,0.2635244131088257,0.4121681749820709
2024-09-18 07:00:00,0.08271431,NORMAL,0.2635244131088257,0.4121681749820709
2024-09-18 08:00:00,0.075500876,NORMAL,0.2635244131088257,0.4121681749820709
2024-09-18 09:00:00,0.069240734,NORMAL,0.2635244131088257,0.4121681749820709
2024-09-18 10:00:00,0.06609632,NORMAL,0.2635244131088257,0.4121681749820709
2024-09-18 11:00:00,0.06448165,NORMAL,0.2635244131088257,0.4121681749820709
2024-09-18 12:00:00,0.06424767,NORMAL,0.2635244131088257,0.4121681749820709
2024-09-18 13:00:00,0.06333281,NORMAL,0.2635244131088257,0.4121681749820709
2024-09-18 14:00:00,0.062224448,NORMAL,0.2635244131088257,0.4121681749820709
2024-09-18 15:00:00,0.06293123,NORMAL,0.2635244131088257,0.4121681749820709
2024-09-18 16:00:00,0.06579052,NORMAL,0.2635244131088257,0.4121681749820709
2024-09-18 17:00:00,0.06885149,NORMAL,0.2635244131088257,0.4121681749820709
2024-09-18 18:00:00,0.0693988,NORMAL,0.2635244131088257,0.4121681749820709
2024-09-18 19:00:00,0.06814957,NORMAL,0.2635244131088257,0.4121681749820709
2024-09-18 20:00:00,0.064848445,NORMAL,0.2635244131088257,0.4121681749820709
2024-09-18 21:00:00,0.0626814,NORMAL,0.2635244131088257,0.4121681749820709
2024-09-18 22:00:00,0.060945723,NORMAL,0.2635244131088257,0.4121681749820709
2024-09-18 23:00:00,0.06090788,NORMAL,0.2635244131088257,0.4121681749820709
2024-09-19 00:00:00,0.06466173,NORMAL,0.2635244131088257,0.4121681749820709
2024-09-19 01:00:00,0.06906983,NORMAL,0.2635244131088257,0.4121681749820709
2024-09-19 02:00:00,0.07704993,NORMAL,0.2635244131088257,0.4121681749820709
2024-09-19 03:00:00,0.08489653,NORMAL,0.2635244131088257,0.4121681749820709
2024-09-19 04:00:00,0.09245368,NORMAL,0.2635244131088257,0.4121681749820709
2024-09-19 05:00:00,0.097848944,NORMAL,0.2635244131088257,0.4121681749820709
2024-09-19 06:00:00,0.10068534,NORMAL,0.2635244131088257,0.4121681749820709
2024-09-19 07:00:00,0.09703059,NORMAL,0.2635244131088257,0.4121681749820709
2024-09-19 08:00:00,0.08877248,NORMAL,0.2635244131088257,0.4121681749820709
2024-09-19 09:00:00,0.08227423,NORMAL,0.2635244131088257,0.4121681749820709
2024-09-19 10:00:00,0.07950907,NORMAL,0.2635244131088257,0.4121681749820709
2024-09-19 11:00:00,0.07740149,NORMAL,0.2635244131088257,0.4121681749820709
2024-09-19 12:00:00,0.07752939,NORMAL,0.2635244131088257,0.4121681749820709
2024-09-19 13:00:00,0.076843716,NORMAL,0.2635244131088257,0.4121681749820709
2024-09-19 14:00:00,0.07585056,NORMAL,0.2635244131088257,0.4121681749820709
2024-09-19 15:00:00,0.07689533,NORMAL,0.2635244131088257,0.4121681749820709
2024-09-19 16:00:00,0.08262951,NORMAL,0.2635244131088257,0.4121681749820709
2024-09-19 17:00:00,0.08949155,NORMAL,0.2635244131088257,0.4121681749820709
2024-09-19 18:00:00,0.09278711,NORMAL,0.2635244131088257,0.4121681749820709
2024-09-19 19:00:00,0.091519624,NORMAL,0.2635244131088257,0.4121681749820709
2024-09-19 20:00:00,0.0858054,NORMAL,0.2635244131088257,0.4121681749820709
2024-09-19 21:00:00,0.08128937,NORMAL,0.2635244131088257,0.4121681749820709
2024-09-19 22:00:00,0.07714801,NORMAL,0.2635244131088257,0.4121681749820709
2024-09-19 23:00:00,0.07484058,NORMAL,0.2635244131088257,0.4121681749820709
2024-09-20 00:00:00,0.07734137,NORMAL,0.2635244131088257,0.4121681749820709
2024-09-20 01:00:00,0.08122334,NORMAL,0.2635244131088257,0.4121681749820709
2024-09-20 02:00:00,0.088106945,NORMAL,0.2635244131088257,0.4121681749820709
2024-09-20 03:00:00,0.09468142,NORMAL,0.2635244131088257,0.4121681749820709
2024-09-20 04:00:00,0.10116687,NORMAL,0.2635244131088257,0.4121681749820709
2024-09-20 05:00:00,0.1053615,NORMAL,0.2635244131088257,0.4121681749820709
2024-09-20 06:00:00,0.10843466,NORMAL,0.2635244131088257,0.4121681749820709
2024-09-20 07:00:00,0.10547107,NORMAL,0.2635244131088257,0.4121681749820709
2024-09-20 08:00:00,0.09640204,NORMAL,0.2635244131088257,0.4121681749820709
2024-09-20 09:00:00,0.09033493,NORMAL,0.2635244131088257,0.4121681749820709
2024-09-20 10:00:00,0.088070065,NORMAL,0.2635244131088257,0.4121681749820709
2024-09-20 11:00:00,0.08634979,NORMAL,0.2635244131088257,0.4121681749820709
2024-09-20 12:00:00,0.08801109,NORMAL,0.2635244131088257,0.4121681749820709
2024-09-20 13:00:00,0.08989663,NORMAL,0.2635244131088257,0.4121681749820709
2024-09-20 14:00:00,0.09071874,NORMAL,0.2635244131088257,0.4121681749820709
2024-09-20 15:00:00,0.09139901,NORMAL,0.2635244131088257,0.4121681749820709
2024-09-20 16:00:00,0.09622454,NORMAL,0.2635244131088257,0.4121681749820709
2024-09-20 17:00:00,0.10169327,NORMAL,0.2635244131088257,0.4121681749820709
2024-09-20 18:00:00,0.10439542,NORMAL,0.2635244131088257,0.4121681749820709
2024-09-20 19:00:00,0.10416148,NORMAL,0.2635244131088257,0.4121681749820709
2024-09-20 20:00:00,0.09841847,NORMAL,0.2635244131088257,0.4121681749820709
2024-09-20 21:00:00,0.09239282,NORMAL,0.2635244131088257,0.4121681749820709
2024-09-20 22:00:00,0.08643603,NORMAL,0.2635244131088257,0.4121681749820709
2024-09-20 23:00:00,0.083166964,NORMAL,0.2635244131088257,0.4121681749820709
2024-09-21 00:00:00,0.08643842,NORMAL,0.2635244131088257,0.4121681749820709
2024-09-21 01:00:00,0.093043,NORMAL,0.2635244131088257,0.4121681749820709
2024-09-21 02:00:00,0.10395133,NORMAL,0.2635244131088257,0.4121681749820709
2024-09-21 03:00:00,0.1133749,NORMAL,0.2635244131088257,0.4121681749820709
2024-09-21 04:00:00,0.12107854,NORMAL,0.2635244131088257,0.4121681749820709
2024-09-21 05:00:00,0.12504368,NORMAL,0.2635244131088257,0.4121681749820709
2024-09-21 06:00:00,0.12843779,NORMAL,0.2635244131088257,0.4121681749820709
2024-09-21 07:00:00,0.12685773,NORMAL,0.2635244131088257,0.4121681749820709
2024-09-21 08:00:00,0.11796394,NORMAL,0.2635244131088257,0.4121681749820709
2024-09-21 09:00:00,0.11019673,NORMAL,0.2635244131088257,0.4121681749820709
2024-09-21 10:00:00,0.10738305,NORMAL,0.2635244131088257,0.4121681749820709
2024-09-21 11:00:00,0.102618404,NORMAL,0.2635244131088257,0.4121681749820709
2024-09-21 12:00:00,0.09926088,NORMAL,0.2635244131088257,0.4121681749820709
2024-09-21 13:00:00,0.098014444,NORMAL,0.2635244131088257,0.4121681749820709
2024-09-21 14:00:00,0.096917406,NORMAL,0.2635244131088257,0.4121681749820709
2024-09-21 15:00:00,0.097768515,NORMAL,0.2635244131088257,0.4121681749820709
2024-09-21 16:00:00,0.10393268,NORMAL,0.2635244131088257,0.4121681749820709
2024-09-21 17:00:00,0.10972296,NORMAL,0.2635244131088257,0.4121681749820709
2024-09-21 18:00:00,0.1117537,NORMAL,0.2635244131088257,0.4121681749820709
2024-09-21 19:00:00,0.11017794,NORMAL,0.2635244131088257,0.4121681749820709
2024-09-21 20:00:00,0.104384094,NORMAL,0.2635244131088257,0.4121681749820709
2024-09-21 21:00:00,0.09974493,NORMAL,0.2635244131088257,0.4121681749820709
2024-09-21 22:00:00,0.09566063,NORMAL,0.2635244131088257,0.4121681749820709
2024-09-21 23:00:00,0.093143895,NORMAL,0.2635244131088257,0.4121681749820709
2024-09-22 00:00:00,0.09621474,NORMAL,0.2635244131088257,0.4121681749820709
2024-09-22 01:00:00,0.10201188,NORMAL,0.2635244131088257,0.4121681749820709
2024-09-22 02:00:00,0.11141091,NORMAL,0.2635244131088257,0.4121681749820709
2024-09-22 03:00:00,0.11938184,NORMAL,0.2635244131088257,0.4121681749820709
2024-09-22 04:00:00,0.1271704,NORMAL,0.2635244131088257,0.4121681749820709
2024-09-22 05:00:00,0.13172585,NORMAL,0.2635244131088257,0.4121681749820709
2024-09-22 06:00:00,0.1346924,NORMAL,0.2635244131088257,0.4121681749820709
2024-09-22 07:00:00,0.1338436,NORMAL,0.2635244131088257,0.4121681749820709
2024-09-22 08:00:00,0.12685543,NORMAL,0.2635244131088257,0.4121681749820709
2024-09-22 09:00:00,0.12046782,NORMAL,0.2635244131088257,0.4121681749820709
2024-09-22 10:00:00,0.11661858,NORMAL,0.2635244131088257,0.4121681749820709
2024-09-22 11:00:00,0.112437114,NORMAL,0.2635244131088257,0.4121681749820709
2024-09-22 12:00:00,0.111565776,NORMAL,0.2635244131088257,0.4121681749820709
2024-09-22 13:00:00,0.11147126,NORMAL,0.2635244131088257,0.4121681749820709
2024-09-22 14:00:00,0.11049267,NORMAL,0.2635244131088257,0.4121681749820709
2024-09-22 15:00:00,0.11080292,NORMAL,0.2635244131088257,0.4121681749820709
2024-09-22 16:00:00,0.11297756,NORMAL,0.2635244131088257,0.4121681749820709
2024-09-22 17:00:00,0.113882676,NORMAL,0.2635244131088257,0.4121681749820709
2024-09-22 18:00:00,0.11240891,NORMAL,0.2635244131088257,0.4121681749820709
2024-09-22 19:00:00,0.10915278,NORMAL,0.2635244131088257,0.4121681749820709
2024-09-22 20:00:00,0.10263284,NORMAL,0.2635244131088257,0.4121681749820709
2024-09-22 21:00:00,0.096865945,NORMAL,0.2635244131088257,0.4121681749820709
2024-09-22 22:00:00,0.0910632,NORMAL,0.2635244131088257,0.4121681749820709
2024-09-22 23:00:00,0.08733766,NORMAL,0.2635244131088257,0.4121681749820709
2024-09-23 00:00:00,0.08871372,NORMAL,0.2635244131088257,0.4121681749820709
2024-09-23 01:00:00,0.09291315,NORMAL,0.2635244131088257,0.4121681749820709
2024-09-23 02:00:00,0.10159409,NORMAL,0.2635244131088257,0.4121681749820709
2024-09-23 03:00:00,0.10984354,NORMAL,0.2635244131088257,0.4121681749820709
2024-09-23 04:00:00,0.11646676,NORMAL,0.2635244131088257,0.4121681749820709
2024-09-23 05:00:00,0.12027926,NORMAL,0.2635244131088257,0.4121681749820709
2024-09-23 06:00:00,0.12163165,NORMAL,0.2635244131088257,0.4121681749820709
2024-09-23 07:00:00,0.11728629,NORMAL,0.2635244131088257,0.4121681749820709
2024-09-23 08:00:00,0.105957195,NORMAL,0.2635244131088257,0.4121681749820709
2024-09-23 09:00:00,0.09510745,NORMAL,0.2635244131088257,0.4121681749820709
2024-09-23 10:00:00,0.08890811,NORMAL,0.2635244131088257,0.4121681749820709
2024-09-23 11:00:00,0.08435789,NORMAL,0.2635244131088257,0.4121681749820709
2024-09-23 12:00:00,0.08352783,NORMAL,0.2635244131088257,0.4121681749820709
2024-09-23 13:00:00,0.08318852,NORMAL,0.2635244131088257,0.4121681749820709
2024-09-23 14:00:00,0.08126465,NORMAL,0.2635244131088257,0.4121681749820709
2024-09-23 15:00:00,0.08220034,NORMAL,0.2635244131088257,0.4121681749820709
2024-09-23 16:00:00,0.08625433,NORMAL,0.2635244131088257,0.4121681749820709
2024-09-23 17:00:00,0.08932577,NORMAL,0.2635244131088257,0.4121681749820709
2024-09-23 18:00:00,0.08793019,NORMAL,0.2635244131088257,0.4121681749820709
2024-09-23 19:00:00,0.08277632,NORMAL,0.2635244131088257,0.4121681749820709
2024-09-23 20:00:00,0.07516274,NORMAL,0.2635244131088257,0.4121681749820709
2024-09-23 21:00:00,0.06918935,NORMAL,0.2635244131088257,0.4121681749820709
2024-09-23 22:00:00,0.06349908,NORMAL,0.2635244131088257,0.4121681749820709
2024-09-23 23:00:00,0.060985606,NORMAL,0.2635244131088257,0.4121681749820709
2024-09-24 00:00:00,0.06432709,NORMAL,0.2635244131088257,0.4121681749820709
2024-09-24 01:00:00,0.071277894,NORMAL,0.2635244131088257,0.4121681749820709
2024-09-24 02:00:00,0.0815454,NORMAL,0.2635244131088257,0.4121681749820709
2024-09-24 03:00:00,0.09110791,NORMAL,0.2635244131088257,0.4121681749820709
2024-09-24 04:00:00,0.0992932,NORMAL,0.2635244131088257,0.4121681749820709
2024-09-24 05:00:00,0.10150359,NORMAL,0.2635244131088257,0.4121681749820709
2024-09-24 06:00:00,0.10382813,NORMAL,0.2635244131088257,0.4121681749820709
2024-09-24 07:00:00,0.100590885,NORMAL,0.2635244131088257,0.4121681749820709
2024-09-24 08:00:00,0.08895871,NORMAL,0.2635244131088257,0.4121681749820709
2024-09-24 09:00:00,0.078950554,NORMAL,0.2635244131088257,0.4121681749820709
2024-09-24 10:00:00,0.07379729,NORMAL,0.2635244131088257,0.4121681749820709
2024-09-24 11:00:00,0.071017385,NORMAL,0.2635244131088257,0.4121681749820709
2024-09-24 12:00:00,0.07137881,NORMAL,0.2635244131088257,0.4121681749820709
2024-09-24 13:00:00,0.072062224,NORMAL,0.2635244131088257,0.4121681749820709
2024-09-24 14:00:00,0.07102214,NORMAL,0.2635244131088257,0.4121681749820709
2024-09-24 15:00:00,0.07056974,NORMAL,0.2635244131088257,0.4121681749820709
2024-09-24 16:00:00,0.07037833,NORMAL,0.2635244131088257,0.4121681749820709
2024-09-24 17:00:00,0.06913398,NORMAL,0.2635244131088257,0.4121681749820709
2024-09-24 18:00:00,0.06611404,NORMAL,0.2635244131088257,0.4121681749820709
2024-09-24 19:00:00,0.06258271,NORMAL,0.2635244131088257,0.4121681749820709
2024-09-24 20:00:00,0.058281574,NORMAL,0.2635244131088257,0.4121681749820709
2024-09-24 21:00:00,0.05603585,NORMAL,0.2635244131088257,0.4121681749820709
2024-09-24 22:00:00,0.05328669,NORMAL,0.2635244131088257,0.4121681749820709
2024-09-24 23:00:00,0.0513414,NORMAL,0.2635244131088257,0.4121681749820709
2024-09-25 00:00:00,0.053146735,NORMAL,0.2635244131088257,0.4121681749820709
2024-09-25 01:00:00,0.05873345,NORMAL,0.2635244131088257,0.4121681749820709
2024-09-25 02:00:00,0.06756752,NORMAL,0.2635244131088257,0.4121681749820709
2024-09-25 03:00:00,0.075227514,NORMAL,0.2635244131088257,0.4121681749820709
2024-09-25 04:00:00,0.081679836,NORMAL,0.2635244131088257,0.4121681749820709
2024-09-25 05:00:00,0.08893341,NORMAL,0.2635244131088257,0.4121681749820709
2024-09-25 06:00:00,0.09625222,NORMAL,0.2635244131088257,0.4121681749820709
2024-09-25 07:00:00,0.09644183,NORMAL,0.2635244131088257,0.4121681749820709
2024-09-25 08:00:00,0.08913256,NORMAL,0.2635244131088257,0.4121681749820709
2024-09-25 09:00:00,0.08134891,NORMAL,0.2635244131088257,0.4121681749820709
2024-09-25 10:00:00,0.07717669,NORMAL,0.2635244131088257,0.4121681749820709
2024-09-25 11:00:00,0.07223438,NORMAL,0.2635244131088257,0.4121681749820709
2024-09-25 12:00:00,0.071189605,NORMAL,0.2635244131088257,0.4121681749820709
2024-09-25 13:00:00,0.06991948,NORMAL,0.2635244131088257,0.4121681749820709
2024-09-25 14:00:00,0.070388466,NORMAL,0.2635244131088257,0.4121681749820709
2024-09-25 15:00:00,0.070238955,NORMAL,0.2635244131088257,0.4121681749820709
2024-09-25 16:00:00,0.069296904,NORMAL,0.2635244131088257,0.4121681749820709
2024-09-25 17:00:00,0.067682065,NORMAL,0.2635244131088257,0.4121681749820709
2024-09-25 18:00:00,0.06511036,NORMAL,0.2635244131088257,0.4121681749820709
2024-09-25 19:00:00,0.06408662,NORMAL,0.2635244131088257,0.4121681749820709
2024-09-25 20:00:00,0.064987764,NORMAL,0.2635244131088257,0.4121681749820709
2024-09-25 21:00:00,0.06794743,NORMAL,0.2635244131088257,0.4121681749820709
2024-09-25 22:00:00,0.0688995,NORMAL,0.2635244131088257,0.4121681749820709
2024-09-25 23:00:00,0.068798706,NORMAL,0.2635244131088257,0.4121681749820709
2024-09-26 00:00:00,0.07128889,NORMAL,0.2635244131088257,0.4121681749820709
2024-09-26 01:00:00,0.0777201,NORMAL,0.2635244131088257,0.4121681749820709
2024-09-26 02:00:00,0.08714891,NORMAL,0.2635244131088257,0.4121681749820709
2024-09-26 03:00:00,0.09518704,NORMAL,0.2635244131088257,0.4121681749820709
2024-09-26 04:00:00,0.10156026,NORMAL,0.2635244131088257,0.4121681749820709
2024-09-26 05:00:00,0.10450693,NORMAL,0.2635244131088257,0.4121681749820709
2024-09-26 06:00:00,0.10947769,NORMAL,0.2635244131088257,0.4121681749820709
2024-09-26 07:00:00,0.10945761,NORMAL,0.2635244131088257,0.4121681749820709
2024-09-26 08:00:00,0.10215752,NORMAL,0.2635244131088257,0.4121681749820709
2024-09-26 09:00:00,0.095357515,NORMAL,0.2635244131088257,0.4121681749820709
2024-09-26 10:00:00,0.089348584,NORMAL,0.2635244131088257,0.4121681749820709
2024-09-26 11:00:00,0.08428646,NORMAL,0.2635244131088257,0.4121681749820709
2024-09-26 12:00:00,0.08107868,NORMAL,0.2635244131088257,0.4121681749820709
2024-09-26 13:00:00,0.07792381,NORMAL,0.2635244131088257,0.4121681749820709
2024-09-26 14:00:00,0.07747924,NORMAL,0.2635244131088257,0.4121681749820709
2024-09-26 15:00:00,0.07579404,NORMAL,0.2635244131088257,0.4121681749820709
2024-09-26 16:00:00,0.072349496,NORMAL,0.2635244131088257,0.4121681749820709
2024-09-26 17:00:00,0.06991774,NORMAL,0.2635244131088257,0.4121681749820709
2024-09-26 18:00:00,0.0685983,NORMAL,0.2635244131088257,0.4121681749820709
2024-09-26 19:00:00,0.0699896,NORMAL,0.2635244131088257,0.4121681749820709
2024-09-26 20:00:00,0.07318648,NORMAL,0.2635244131088257,0.4121681749820709
2024-09-26 21:00:00,0.07782967,NORMAL,0.2635244131088257,0.4121681749820709
2024-09-26 22:00:00,0.078315996,NORMAL,0.2635244131088257,0.4121681749820709
2024-09-26 23:00:00,0.076149195,NORMAL,0.2635244131088257,0.4121681749820709
2024-09-27 00:00:00,0.075837985,NORMAL,0.2635244131088257,0.4121681749820709
2024-09-27 01:00:00,0.08041278,NORMAL,0.2635244131088257,0.4121681749820709
2024-09-27 02:00:00,0.0895696,NORMAL,0.2635244131088257,0.4121681749820709
2024-09-27 03:00:00,0.099510826,NORMAL,0.2635244131088257,0.4121681749820709
2024-09-27 04:00:00,0.10610011,NORMAL,0.2635244131088257,0.4121681749820709
2024-09-27 05:00:00,0.10590615,NORMAL,0.2635244131088257,0.4121681749820709
2024-09-27 06:00:00,0.109734885,NORMAL,0.2635244131088257,0.4121681749820709
2024-09-27 07:00:00,0.11254915,NORMAL,0.2635244131088257,0.4121681749820709
2024-09-27 08:00:00,0.10745795,NORMAL,0.2635244131088257,0.4121681749820709
2024-09-27 09:00:00,0.10119242,NORMAL,0.2635244131088257,0.4121681749820709
2024-09-27 10:00:00,0.09381778,NORMAL,0.2635244131088257,0.4121681749820709
2024-09-27 11:00:00,0.08582868,NORMAL,0.2635244131088257,0.4121681749820709
2024-09-27 12:00:00,0.08017643,NORMAL,0.2635244131088257,0.4121681749820709
2024-09-27 13:00:00,0.0779151,NORMAL,0.2635244131088257,0.4121681749820709
2024-09-27 14:00:00,0.080068305,NORMAL,0.2635244131088257,0.4121681749820709
2024-09-27 15:00:00,0.07999561,NORMAL,0.2635244131088257,0.4121681749820709
2024-09-27 16:00:00,0.076701455,NORMAL,0.2635244131088257,0.4121681749820709
2024-09-27 17:00:00,0.07295583,NORMAL,0.2635244131088257,0.4121681749820709
2024-09-27 18:00:00,0.070015155,NORMAL,0.2635244131088257,0.4121681749820709
2024-09-27 19:00:00,0.068296604,NORMAL,0.2635244131088257,0.4121681749820709
2024-09-27 20:00:00,0.06659106,NORMAL,0.2635244131088257,0.4121681749820709
2024-09-27 21:00:00,0.066469505,NORMAL,0.2635244131088257,0.4121681749820709
2024-09-27 22:00:00,0.06673135,NORMAL,0.2635244131088257,0.4121681749820709
2024-09-27 23:00:00,0.06815134,NORMAL,0.2635244131088257,0.4121681749820709
2024-09-28 00:00:00,0.07321993,NORMAL,0.2635244131088257,0.4121681749820709
2024-09-28 01:00:00,0.08200594,NORMAL,0.2635244131088257,0.4121681749820709
2024-09-28 02:00:00,0.09468374,NORMAL,0.2635244131088257,0.4121681749820709
2024-09-28 03:00:00,0.10642785,NORMAL,0.2635244131088257,0.4121681749820709
2024-09-28 04:00:00,0.11112496,NORMAL,0.2635244131088257,0.4121681749820709
2024-09-28 05:00:00,0.10771164,NORMAL,0.2635244131088257,0.4121681749820709
2024-09-28 06:00:00,0.11019787,NORMAL,0.2635244131088257,0.4121681749820709
2024-09-28 07:00:00,0.11472954,NORMAL,0.2635244131088257,0.4121681749820709
2024-09-28 08:00:00,0.107814744,NORMAL,0.2635244131088257,0.4121681749820709
2024-09-28 09:00:00,0.09689419,NORMAL,0.2635244131088257,0.4121681749820709
2024-09-28 10:00:00,0.089225054,NORMAL,0.2635244131088257,0.4121681749820709
2024-09-28 11:00:00,0.08443388,NORMAL,0.2635244131088257,0.4121681749820709
2024-09-28 12:00:00,0.08324935,NORMAL,0.2635244131088257,0.4121681749820709
2024-09-28 13:00:00,0.08598912,NORMAL,0.2635244131088257,0.4121681749820709
2024-09-28 14:00:00,0.09128875,NORMAL,0.2635244131088257,0.4121681749820709
2024-09-28 15:00:00,0.095568195,NORMAL,0.2635244131088257,0.4121681749820709
2024-09-28 16:00:00,0.097628556,NORMAL,0.2635244131088257,0.4121681749820709
2024-09-28 17:00:00,0.0995156,NORMAL,0.2635244131088257,0.4121681749820709
2024-09-28 18:00:00,0.10375598,NORMAL,0.2635244131088257,0.4121681749820709
2024-09-28 19:00:00,0.111102775,NORMAL,0.2635244131088257,0.4121681749820709
2024-09-28 20:00:00,0.119426064,NORMAL,0.2635244131088257,0.4121681749820709
2024-09-28 21:00:00,0.12932765,NORMAL,0.2635244131088257,0.4121681749820709
2024-09-28 22:00:00,0.13991605,NORMAL,0.2635244131088257,0.4121681749820709
2024-09-28 23:00:00,0.15032713,NORMAL,0.2635244131088257,0.4121681749820709
2024-09-29 00:00:00,0.16103417,NORMAL,0.2635244131088257,0.4121681749820709
2024-09-29 01:00:00,0.17173794,NORMAL,0.2635244131088257,0.4121681749820709
2024-09-29 02:00:00,0.18383509,NORMAL,0.2635244131088257,0.4121681749820709
2024-09-29 03:00:00,0.19292432,NORMAL,0.2635244131088257,0.4121681749820709
2024-09-29 04:00:00,0.19189848,NORMAL,0.2635244131088257,0.4121681749820709
2024-09-29 05:00:00,0.17877392,NORMAL,0.2635244131088257,0.4121681749820709
2024-09-29 06:00:00,0.18072395,NORMAL,0.2635244131088257,0.4121681749820709
2024-09-29 07:00:00,0.17915685,NORMAL,0.2635244131088257,0.4121681749820709
2024-09-29 08:00:00,0.16295725,NORMAL,0.2635244131088257,0.4121681749820709
2024-09-29 09:00:00,0.14724758,NORMAL,0.2635244131088257,0.4121681749820709
2024-09-29 10:00:00,0.13557667,NORMAL,0.2635244131088257,0.4121681749820709
2024-09-29 11:00:00,0.12761575,NORMAL,0.2635244131088257,0.4121681749820709
2024-09-29 12:00:00,0.12418338,NORMAL,0.2635244131088257,0.4121681749820709
2024-09-29 13:00:00,0.12427192,NORMAL,0.2635244131088257,0.4121681749820709
2024-09-29 14:00:00,0.12817179,NORMAL,0.2635244131088257,0.4121681749820709
2024-09-29 15:00:00,0.13407886,NORMAL,0.2635244131088257,0.4121681749820709
2024-09-29 16:00:00,0.13627805,NORMAL,0.2635244131088257,0.4121681749820709
2024-09-29 17:00:00,0.13485405,NORMAL,0.2635244131088257,0.4121681749820709
2024-09-29 18:00:00,0.13398883,NORMAL,0.2635244131088257,0.4121681749820709
2024-09-29 19:00:00,0.13582398,NORMAL,0.2635244131088257,0.4121681749820709
2024-09-29 20:00:00,0.13836919,NORMAL,0.2635244131088257,0.4121681749820709
2024-09-29 21:00:00,0.14275682,NORMAL,0.2635244131088257,0.4121681749820709
2024-09-29 22:00:00,0.14669728,NORMAL,0.2635244131088257,0.4121681749820709
2024-09-29 23:00:00,0.15305246,NORMAL,0.2635244131088257,0.4121681749820709
2024-09-30 00:00:00,0.16372328,NORMAL,0.2635244131088257,0.4121681749820709
2024-09-30 01:00:00,0.17564891,NORMAL,0.2635244131088257,0.4121681749820709
2024-09-30 02:00:00,0.18662381,NORMAL,0.2635244131088257,0.4121681749820709
2024-09-30 03:00:00,0.19025193,NORMAL,0.2635244131088257,0.4121681749820709
2024-09-30 04:00:00,0.18851325,NORMAL,0.2635244131088257,0.4121681749820709
2024-09-30 05:00:00,0.18059932,NORMAL,0.2635244131088257,0.4121681749820709
2024-09-30 06:00:00,0.18006724,NORMAL,0.2635244131088257,0.4121681749820709
2024-09-30 07:00:00,0.17724857,NORMAL,0.2635244131088257,0.4121681749820709
2024-09-30 08:00:00,0.16421816,NORMAL,0.2635244131088257,0.4121681749820709
2024-09-30 09:00:00,0.15189007,NORMAL,0.2635244131088257,0.4121681749820709
2024-09-30 10:00:00,0.14644742,NORMAL,0.2635244131088257,0.4121681749820709
2024-09-30 11:00:00,0.14291705,NORMAL,0.2635244131088257,0.4121681749820709
2024-09-30 12:00:00,0.1406969,NORMAL,0.2635244131088257,0.4121681749820709
2024-09-30 13:00:00,0.13689733,NORMAL,0.2635244131088257,0.4121681749820709
2024-09-30 14:00:00,0.13474764,NORMAL,0.2635244131088257,0.4121681749820709
2024-09-30 15:00:00,0.13596927,NORMAL,0.2635244131088257,0.4121681749820709
2024-09-30 16:00:00,0.13925302,NORMAL,0.2635244131088257,0.4121681749820709
2024-09-30 17:00:00,0.13905655,NORMAL,0.2635244131088257,0.4121681749820709
2024-09-30 18:00:00,0.13410448,NORMAL,0.2635244131088257,0.4121681749820709
2024-09-30 19:00:00,0.12834375,NORMAL,0.2635244131088257,0.4121681749820709
2024-09-30 20:00:00,0.12354909,NORMAL,0.2635244131088257,0.4121681749820709
2024-09-30 21:00:00,0.12264534,NORMAL,0.2635244131088257,0.4121681749820709
2024-09-30 22:00:00,0.124425516,NORMAL,0.2635244131088257,0.4121681749820709
2024-09-30 23:00:00,0.12948063,NORMAL,0.2635244131088257,0.4121681749820709
2024-10-01 00:00:00,0.13871214,NORMAL,0.2635244131088257,0.4121681749820709
2024-10-01 01:00:00,0.1480293,NORMAL,0.2635244131088257,0.4121681749820709
2024-10-01 02:00:00,0.1547423,NORMAL,0.2635244131088257,0.4121681749820709
2024-10-01 03:00:00,0.15775782,NORMAL,0.2635244131088257,0.4121681749820709
2024-10-01 04:00:00,0.16134302,NORMAL,0.2635244131088257,0.4121681749820709
2024-10-01 05:00:00,0.15935479,NORMAL,0.2635244131088257,0.4121681749820709
2024-10-01 06:00:00,0.15883431,NORMAL,0.2635244131088257,0.4121681749820709
2024-10-01 07:00:00,0.15387936,NORMAL,0.2635244131088257,0.4121681749820709
2024-10-01 08:00:00,0.13863897,NORMAL,0.2635244131088257,0.4121681749820709
2024-10-01 09:00:00,0.12520751,NORMAL,0.2635244131088257,0.4121681749820709
2024-10-01 10:00:00,0.11951523,NORMAL,0.2635244131088257,0.4121681749820709
2024-10-01 11:00:00,0.11771377,NORMAL,0.2635244131088257,0.4121681749820709
2024-10-01 12:00:00,0.11865902,NORMAL,0.2635244131088257,0.4121681749820709
2024-10-01 13:00:00,0.11727668,NORMAL,0.2635244131088257,0.4121681749820709
2024-10-01 14:00:00,0.11208248,NORMAL,0.2635244131088257,0.4121681749820709
2024-10-01 15:00:00,0.1081719,NORMAL,0.2635244131088257,0.4121681749820709
2024-10-01 16:00:00,0.10802995,NORMAL,0.2635244131088257,0.4121681749820709
2024-10-01 17:00:00,0.10685224,NORMAL,0.2635244131088257,0.4121681749820709
2024-10-01 18:00:00,0.10374308,NORMAL,0.2635244131088257,0.4121681749820709
2024-10-01 19:00:00,0.09988664,NORMAL,0.2635244131088257,0.4121681749820709
2024-10-01 20:00:00,0.09551038,NORMAL,0.2635244131088257,0.4121681749820709
2024-10-01 21:00:00,0.09311685,NORMAL,0.2635244131088257,0.4121681749820709
2024-10-01 22:00:00,0.09069962,NORMAL,0.2635244131088257,0.4121681749820709
2024-10-01 23:00:00,0.08723091,NORMAL,0.2635244131088257,0.4121681749820709
2024-10-02 00:00:00,0.085947916,NORMAL,0.2635244131088257,0.4121681749820709
2024-10-02 01:00:00,0.0887542,NORMAL,0.2635244131088257,0.4121681749820709
2024-10-02 02:00:00,0.09656565,NORMAL,0.2635244131088257,0.4121681749820709
2024-10-02 03:00:00,0.105776764,NORMAL,0.2635244131088257,0.4121681749820709
2024-10-02 04:00:00,0.111788854,NORMAL,0.2635244131088257,0.4121681749820709
2024-10-02 05:00:00,0.11287382,NORMAL,0.2635244131088257,0.4121681749820709
2024-10-02 06:00:00,0.11017782,NORMAL,0.2635244131088257,0.4121681749820709
2024-10-02 07:00:00,0.10214722,NORMAL,0.2635244131088257,0.4121681749820709
2024-10-02 08:00:00,0.09261045,NORMAL,0.2635244131088257,0.4121681749820709
2024-10-02 09:00:00,0.08630126,NORMAL,0.2635244131088257,0.4121681749820709
2024-10-02 10:00:00,0.085628,NORMAL,0.2635244131088257,0.4121681749820709
2024-10-02 11:00:00,0.08684439,NORMAL,0.2635244131088257,0.4121681749820709
2024-10-02 12:00:00,0.08603683,NORMAL,0.2635244131088257,0.4121681749820709
2024-10-02 13:00:00,0.08144274,NORMAL,0.2635244131088257,0.4121681749820709
2024-10-02 14:00:00,0.0707499,NORMAL,0.2635244131088257,0.4121681749820709
2024-10-02 15:00:00,0.062822,NORMAL,0.2635244131088257,0.4121681749820709
2024-10-02 16:00:00,0.06162699,NORMAL,0.2635244131088257,0.4121681749820709
2024-10-02 17:00:00,0.062212016,NORMAL,0.2635244131088257,0.4121681749820709
2024-10-02 18:00:00,0.05990886,NORMAL,0.2635244131088257,0.4121681749820709
2024-10-02 19:00:00,0.054679465,NORMAL,0.2635244131088257,0.4121681749820709
2024-10-02 20:00:00,0.048064224,NORMAL,0.2635244131088257,0.4121681749820709
2024-10-02 21:00:00,0.041635554,NORMAL,0.2635244131088257,0.4121681749820709
2024-10-02 22:00:00,0.034125343,NORMAL,0.2635244131088257,0.4121681749820709
2024-10-02 23:00:00,0.029225472,NORMAL,0.2635244131088257,0.4121681749820709
2024-10-03 00:00:00,0.030348757,NORMAL,0.2635244131088257,0.4121681749820709
2024-10-03 01:00:00,0.0343549,NORMAL,0.2635244131088257,0.4121681749820709
2024-10-03 02:00:00,0.040701717,NORMAL,0.2635244131088257,0.4121681749820709
2024-10-03 03:00:00,0.047637414,NORMAL,0.2635244131088257,0.4121681749820709
2024-10-03 04:00:00,0.052659392,NORMAL,0.2635244131088257,0.4121681749820709
2024-10-03 05:00:00,0.054748926,NORMAL,0.2635244131088257,0.4121681749820709
2024-10-03 06:00:00,0.055800147,NORMAL,0.2635244131088257,0.4121681749820709
2024-10-03 07:00:00,0.05298965,NORMAL,0.2635244131088257,0.4121681749820709
2024-10-03 08:00:00,0.047881186,NORMAL,0.2635244131088257,0.4121681749820709
2024-10-03 09:00:00,0.044435967,NORMAL,0.2635244131088257,0.4121681749820709
2024-10-03 10:00:00,0.044319525,NORMAL,0.2635244131088257,0.4121681749820709
2024-10-03 11:00:00,0.04816029,NORMAL,0.2635244131088257,0.4121681749820709
2024-10-03 12:00:00,0.05361448,NORMAL,0.2635244131088257,0.4121681749820709
2024-10-03 13:00:00,0.054856043,NORMAL,0.2635244131088257,0.4121681749820709
2024-10-03 14:00:00,0.049332306,NORMAL,0.2635244131088257,0.4121681749820709
2024-10-03 15:00:00,0.04517825,NORMAL,0.2635244131088257,0.4121681749820709
2024-10-03 16:00:00,0.046317272,NORMAL,0.2635244131088257,0.4121681749820709
2024-10-03 17:00:00,0.047989562,NORMAL,0.2635244131088257,0.4121681749820709
2024-10-03 18:00:00,0.04703917,NORMAL,0.2635244131088257,0.4121681749820709
2024-10-03 19:00:00,0.044669732,NORMAL,0.2635244131088257,0.4121681749820709
2024-10-03 20:00:00,0.04215938,NORMAL,0.2635244131088257,0.4121681749820709
2024-10-03 21:00:00,0.040446438,NORMAL,0.2635244131088257,0.4121681749820709
2024-10-03 22:00:00,0.037866857,NORMAL,0.2635244131088257,0.4121681749820709
2024-10-03 23:00:00,0.035312243,NORMAL,0.2635244131088257,0.4121681749820709
2024-10-04 00:00:00,0.03606571,NORMAL,0.2635244131088257,0.4121681749820709
2024-10-04 01:00:00,0.03851109,NORMAL,0.2635244131088257,0.4121681749820709
2024-10-04 02:00:00,0.044337887,NORMAL,0.2635244131088257,0.4121681749820709
2024-10-04 03:00:00,0.0525365,NORMAL,0.2635244131088257,0.4121681749820709
2024-10-04 04:00:00,0.05977818,NORMAL,0.2635244131088257,0.4121681749820709
2024-10-04 05:00:00,0.06617613,NORMAL,0.2635244131088257,0.4121681749820709
2024-10-04 06:00:00,0.071133904,NORMAL,0.2635244131088257,0.4121681749820709
2024-10-04 07:00:00,0.07018697,NORMAL,0.2635244131088257,0.4121681749820709
2024-10-04 08:00:00,0.066226155,NORMAL,0.2635244131088257,0.4121681749820709
2024-10-04 09:00:00,0.062574476,NORMAL,0.2635244131088257,0.4121681749820709
2024-10-04 10:00:00,0.05954953,NORMAL,0.2635244131088257,0.4121681749820709
2024-10-04 11:00:00,0.060296733,NORMAL,0.2635244131088257,0.4121681749820709
2024-10-04 12:00:00,0.061692502,NORMAL,0.2635244131088257,0.4121681749820709
2024-10-04 13:00:00,0.05930117,NORMAL,0.2635244131088257,0.4121681749820709
2024-10-04 14:00:00,0.05408558,NORMAL,0.2635244131088257,0.4121681749820709
2024-10-04 15:00:00,0.052377045,NORMAL,0.2635244131088257,0.4121681749820709
2024-10-04 16:00:00,0.054571263,NORMAL,0.2635244131088257,0.4121681749820709
2024-10-04 17:00:00,0.05670668,NORMAL,0.2635244131088257,0.4121681749820709
2024-10-04 18:00:00,0.055091314,NORMAL,0.2635244131088257,0.4121681749820709
2024-10-04 19:00:00,0.051887833,NORMAL,0.2635244131088257,0.4121681749820709
2024-10-04 20:00:00,0.048919987,NORMAL,0.2635244131088257,0.4121681749820709
2024-10-04 21:00:00,0.047505897,NORMAL,0.2635244131088257,0.4121681749820709
2024-10-04 22:00:00,0.04618799,NORMAL,0.2635244131088257,0.4121681749820709
2024-10-04 23:00:00,0.047100775,NORMAL,0.2635244131088257,0.4121681749820709
2024-10-05 00:00:00,0.053185754,NORMAL,0.2635244131088257,0.4121681749820709
2024-10-05 01:00:00,0.062284973,NORMAL,0.2635244131088257,0.4121681749820709
2024-10-05 02:00:00,0.0753762,NORMAL,0.2635244131088257,0.4121681749820709
2024-10-05 03:00:00,0.08929917,NORMAL,0.2635244131088257,0.4121681749820709
2024-10-05 04:00:00,0.102473885,NORMAL,0.2635244131088257,0.4121681749820709
2024-10-05 05:00:00,0.11040045,NORMAL,0.2635244131088257,0.4121681749820709
2024-10-05 06:00:00,0.12006564,NORMAL,0.2635244131088257,0.4121681749820709
2024-10-05 07:00:00,0.12382068,NORMAL,0.2635244131088257,0.4121681749820709
2024-10-05 08:00:00,0.114978105,NORMAL,0.2635244131088257,0.4121681749820709
2024-10-05 09:00:00,0.10296341,NORMAL,0.2635244131088257,0.4121681749820709
2024-10-05 10:00:00,0.0933327,NORMAL,0.2635244131088257,0.4121681749820709
2024-10-05 11:00:00,0.08567552,NORMAL,0.2635244131088257,0.4121681749820709
2024-10-05 12:00:00,0.07933523,NORMAL,0.2635244131088257,0.4121681749820709
2024-10-05 13:00:00,0.072984695,NORMAL,0.2635244131088257,0.4121681749820709
2024-10-05 14:00:00,0.06931276,NORMAL,0.2635244131088257,0.4121681749820709
2024-10-05 15:00:00,0.07093973,NORMAL,0.2635244131088257,0.4121681749820709
2024-10-05 16:00:00,0.07221457,NORMAL,0.2635244131088257,0.4121681749820709
2024-10-05 17:00:00,0.07193419,NORMAL,0.2635244131088257,0.4121681749820709
2024-10-05 18:00:00,0.07078917,NORMAL,0.2635244131088257,0.4121681749820709
2024-10-05 19:00:00,0.07129717,NORMAL,0.2635244131088257,0.4121681749820709
2024-10-05 20:00:00,0.07380138,NORMAL,0.2635244131088257,0.4121681749820709
2024-10-05 21:00:00,0.079677075,NORMAL,0.2635244131088257,0.4121681749820709
2024-10-05 22:00:00,0.08923167,NORMAL,0.2635244131088257,0.4121681749820709
2024-10-05 23:00:00,0.10349,NORMAL,0.2635244131088257,0.4121681749820709
2024-10-06 00:00:00,0.12183086,NORMAL,0.2635244131088257,0.4121681749820709
2024-10-06 01:00:00,0.1412798,NORMAL,0.2635244131088257,0.4121681749820709
2024-10-06 02:00:00,0.1608123,NORMAL,0.2635244131088257,0.4121681749820709
2024-10-06 03:00:00,0.17716685,NORMAL,0.2635244131088257,0.4121681749820709
2024-10-06 04:00:00,0.18813843,NORMAL,0.2635244131088257,0.4121681749820709
2024-10-06 05:00:00,0.19090244,NORMAL,0.2635244131088257,0.4121681749820709
2024-10-06 06:00:00,0.20546724,NORMAL,0.2635244131088257,0.4121681749820709
2024-10-06 07:00:00,0.20702499,NORMAL,0.2635244131088257,0.4121681749820709
2024-10-06 08:00:00,0.1863193,NORMAL,0.2635244131088257,0.4121681749820709
2024-10-06 09:00:00,0.16659448,NORMAL,0.2635244131088257,0.4121681749820709
2024-10-06 10:00:00,0.14901023,NORMAL,0.2635244131088257,0.4121681749820709
2024-10-06 11:00:00,0.13769457,NORMAL,0.2635244131088257,0.4121681749820709
2024-10-06 12:00:00,0.13380396,NORMAL,0.2635244131088257,0.4121681749820709
2024-10-06 13:00:00,0.14127772,NORMAL,0.2635244131088257,0.4121681749820709
2024-10-06 14:00:00,0.17020294,NORMAL,0.2635244131088257,0.4121681749820709
2024-10-06 15:00:00,0.19575913,NORMAL,0.2635244131088257,0.4121681749820709
2024-10-06 16:00:00,0.22010106,NORMAL,0.2635244131088257,0.4121681749820709
2024-10-06 17:00:00,0.24398391,NORMAL,0.2635244131088257,0.4121681749820709
2024-10-06 18:00:00,0.27064168,WARNING,0.2635244131088257,0.4121681749820709
2024-10-06 19:00:00,0.30091488,WARNING,0.2635244131088257,0.4121681749820709
2024-10-06 20:00:00,0.3318111,WARNING,0.2635244131088257,0.4121681749820709
2024-10-06 21:00:00,0.3639661,WARNING,0.2635244131088257,0.4121681749820709
2024-10-06 22:00:00,0.3936979,WARNING,0.2635244131088257,0.4121681749820709
2024-10-06 23:00:00,0.41839653,CRITICAL,0.2635244131088257,0.4121681749820709
2024-10-07 00:00:00,0.4374325,CRITICAL,0.2635244131088257,0.4121681749820709
2024-10-07 01:00:00,0.4458328,CRITICAL,0.2635244131088257,0.4121681749820709
2024-10-07 02:00:00,0.44751346,CRITICAL,0.2635244131088257,0.4121681749820709
2024-10-07 03:00:00,0.4435869,CRITICAL,0.2635244131088257,0.4121681749820709
2024-10-07 04:00:00,0.44326591,CRITICAL,0.2635244131088257,0.4121681749820709
2024-10-07 05:00:00,0.3991762,WARNING,0.2635244131088257,0.4121681749820709
2024-10-07 06:00:00,0.40192604,WARNING,0.2635244131088257,0.4121681749820709
2024-10-07 07:00:00,0.36819756,WARNING,0.2635244131088257,0.4121681749820709
2024-10-07 08:00:00,0.33725065,WARNING,0.2635244131088257,0.4121681749820709
2024-10-07 09:00:00,0.32251474,WARNING,0.2635244131088257,0.4121681749820709
2024-10-07 10:00:00,0.32088342,WARNING,0.2635244131088257,0.4121681749820709
2024-10-07 11:00:00,0.31880844,WARNING,0.2635244131088257,0.4121681749820709
2024-10-07 12:00:00,0.31434783,WARNING,0.2635244131088257,0.4121681749820709
2024-10-07 13:00:00,0.3169845,WARNING,0.2635244131088257,0.4121681749820709
2024-10-07 14:00:00,0.3198038,WARNING,0.2635244131088257,0.4121681749820709
2024-10-07 15:00:00,0.32835862,WARNING,0.2635244131088257,0.4121681749820709
2024-10-07 16:00:00,0.3376354,WARNING,0.2635244131088257,0.4121681749820709
2024-10-07 17:00:00,0.34148708,WARNING,0.2635244131088257,0.4121681749820709
2024-10-07 18:00:00,0.34493414,WARNING,0.2635244131088257,0.4121681749820709
2024-10-07 19:00:00,0.3501395,WARNING,0.2635244131088257,0.4121681749820709
2024-10-07 20:00:00,0.3551648,WARNING,0.2635244131088257,0.4121681749820709
2024-10-07 21:00:00,0.3637601,WARNING,0.2635244131088257,0.4121681749820709
2024-10-07 22:00:00,0.3659143,WARNING,0.2635244131088257,0.4121681749820709
2024-10-07 23:00:00,0.36782038,WARNING,0.2635244131088257,0.4121681749820709
2024-10-08 00:00:00,0.37195927,WARNING,0.2635244131088257,0.4121681749820709
2024-10-08 01:00:00,0.37464556,WARNING,0.2635244131088257,0.4121681749820709
2024-10-08 02:00:00,0.3724387,WARNING,0.2635244131088257,0.4121681749820709
2024-10-08 03:00:00,0.36570838,WARNING,0.2635244131088257,0.4121681749820709
2024-10-08 04:00:00,0.36364833,WARNING,0.2635244131088257,0.4121681749820709
2024-10-08 05:00:00,0.3265499,WARNING,0.2635244131088257,0.4121681749820709
2024-10-08 06:00:00,0.3227698,WARNING,0.2635244131088257,0.4121681749820709
2024-10-08 07:00:00,0.29284543,WARNING,0.2635244131088257,0.4121681749820709
2024-10-08 08:00:00,0.25852638,NORMAL,0.2635244131088257,0.4121681749820709
2024-10-08 09:00:00,0.2351981,NORMAL,0.2635244131088257,0.4121681749820709
2024-10-08 10:00:00,0.2237415,NORMAL,0.2635244131088257,0.4121681749820709
2024-10-08 11:00:00,0.21283838,NORMAL,0.2635244131088257,0.4121681749820709
2024-10-08 12:00:00,0.20571043,NORMAL,0.2635244131088257,0.4121681749820709
2024-10-08 13:00:00,0.20757951,NORMAL,0.2635244131088257,0.4121681749820709
2024-10-08 14:00:00,0.21882017,NORMAL,0.2635244131088257,0.4121681749820709
2024-10-08 15:00:00,0.23070516,NORMAL,0.2635244131088257,0.4121681749820709
2024-10-08 16:00:00,0.24081323,NORMAL,0.2635244131088257,0.4121681749820709
2024-10-08 17:00:00,0.25036365,NORMAL,0.2635244131088257,0.4121681749820709
2024-10-08 18:00:00,0.26255223,NORMAL,0.2635244131088257,0.4121681749820709
2024-10-08 19:00:00,0.2788024,WARNING,0.2635244131088257,0.4121681749820709
2024-10-08 20:00:00,0.2950167,WARNING,0.2635244131088257,0.4121681749820709
2024-10-08 21:00:00,0.31114691,WARNING,0.2635244131088257,0.4121681749820709
2024-10-08 22:00:00,0.3252853,WARNING,0.2635244131088257,0.4121681749820709
2024-10-08 23:00:00,0.3351495,WARNING,0.2635244131088257,0.4121681749820709
2024-10-09 00:00:00,0.33929592,WARNING,0.2635244131088257,0.4121681749820709
2024-10-09 01:00:00,0.3392683,WARNING,0.2635244131088257,0.4121681749820709
2024-10-09 02:00:00,0.3369325,WARNING,0.2635244131088257,0.4121681749820709
2024-10-09 03:00:00,0.32876974,WARNING,0.2635244131088257,0.4121681749820709
2024-10-09 04:00:00,0.30981642,WARNING,0.2635244131088257,0.4121681749820709
2024-10-09 05:00:00,0.27170834,WARNING,0.2635244131088257,0.4121681749820709
2024-10-09 06:00:00,0.27430114,WARNING,0.2635244131088257,0.4121681749820709
2024-10-09 07:00:00,0.26453036,WARNING,0.2635244131088257,0.4121681749820709
2024-10-09 08:00:00,0.23895723,NORMAL,0.2635244131088257,0.4121681749820709
2024-10-09 09:00:00,0.22046287,NORMAL,0.2635244131088257,0.4121681749820709
2024-10-09 10:00:00,0.21084929,NORMAL,0.2635244131088257,0.4121681749820709
2024-10-09 11:00:00,0.20148106,NORMAL,0.2635244131088257,0.4121681749820709
2024-10-09 12:00:00,0.19299197,NORMAL,0.2635244131088257,0.4121681749820709
2024-10-09 13:00:00,0.1894003,NORMAL,0.2635244131088257,0.4121681749820709
2024-10-09 14:00:00,0.19138964,NORMAL,0.2635244131088257,0.4121681749820709
2024-10-09 15:00:00,0.19072653,NORMAL,0.2635244131088257,0.4121681749820709
2024-10-09 16:00:00,0.1869846,NORMAL,0.2635244131088257,0.4121681749820709
2024-10-09 17:00:00,0.18091667,NORMAL,0.2635244131088257,0.4121681749820709
2024-10-09 18:00:00,0.17628309,NORMAL,0.2635244131088257,0.4121681749820709
2024-10-09 19:00:00,0.17552517,NORMAL,0.2635244131088257,0.4121681749820709
2024-10-09 20:00:00,0.17651254,NORMAL,0.2635244131088257,0.4121681749820709
2024-10-09 21:00:00,0.1804108,NORMAL,0.2635244131088257,0.4121681749820709
2024-10-09 22:00:00,0.18368345,NORMAL,0.2635244131088257,0.4121681749820709
2024-10-09 23:00:00,0.18550047,NORMAL,0.2635244131088257,0.4121681749820709
2024-10-10 00:00:00,0.18938754,NORMAL,0.2635244131088257,0.4121681749820709
2024-10-10 01:00:00,0.19216911,NORMAL,0.2635244131088257,0.4121681749820709
2024-10-10 02:00:00,0.19391826,NORMAL,0.2635244131088257,0.4121681749820709
2024-10-10 03:00:00,0.19584121,NORMAL,0.2635244131088257,0.4121681749820709
2024-10-10 04:00:00,0.1938086,NORMAL,0.2635244131088257,0.4121681749820709
2024-10-10 05:00:00,0.19297019,NORMAL,0.2635244131088257,0.4121681749820709
2024-10-10 06:00:00,0.2038667,NORMAL,0.2635244131088257,0.4121681749820709
2024-10-10 07:00:00,0.20143333,NORMAL,0.2635244131088257,0.4121681749820709
2024-10-10 08:00:00,0.18471296,NORMAL,0.2635244131088257,0.4121681749820709
2024-10-10 09:00:00,0.16926482,NORMAL,0.2635244131088257,0.4121681749820709
2024-10-10 10:00:00,0.15679514,NORMAL,0.2635244131088257,0.4121681749820709
2024-10-10 11:00:00,0.14233033,NORMAL,0.2635244131088257,0.4121681749820709
2024-10-10 12:00:00,0.12794892,NORMAL,0.2635244131088257,0.4121681749820709
2024-10-10 13:00:00,0.11690308,NORMAL,0.2635244131088257,0.4121681749820709
2024-10-10 14:00:00,0.109705254,NORMAL,0.2635244131088257,0.4121681749820709
2024-10-10 15:00:00,0.10470125,NORMAL,0.2635244131088257,0.4121681749820709
2024-10-10 16:00:00,0.10187406,NORMAL,0.2635244131088257,0.4121681749820709
2024-10-10 17:00:00,0.10096067,NORMAL,0.2635244131088257,0.4121681749820709
2024-10-10 18:00:00,0.10211706,NORMAL,0.2635244131088257,0.4121681749820709
2024-10-10 19:00:00,0.106963895,NORMAL,0.2635244131088257,0.4121681749820709
2024-10-10 20:00:00,0.113868766,NORMAL,0.2635244131088257,0.4121681749820709
2024-10-10 21:00:00,0.12374844,NORMAL,0.2635244131088257,0.4121681749820709
2024-10-10 22:00:00,0.13192792,NORMAL,0.2635244131088257,0.4121681749820709
2024-10-10 23:00:00,0.13624424,NORMAL,0.2635244131088257,0.4121681749820709
2024-10-11 00:00:00,0.1389634,NORMAL,0.2635244131088257,0.4121681749820709
2024-10-11 01:00:00,0.14320977,NORMAL,0.2635244131088257,0.4121681749820709
2024-10-11 02:00:00,0.15148705,NORMAL,0.2635244131088257,0.4121681749820709
2024-10-11 03:00:00,0.15942964,NORMAL,0.2635244131088257,0.4121681749820709
2024-10-11 04:00:00,0.16655308,NORMAL,0.2635244131088257,0.4121681749820709
2024-10-11 05:00:00,0.17604953,NORMAL,0.2635244131088257,0.4121681749820709
2024-10-11 06:00:00,0.18646076,NORMAL,0.2635244131088257,0.4121681749820709
2024-10-11 07:00:00,0.18256126,NORMAL,0.2635244131088257,0.4121681749820709
2024-10-11 08:00:00,0.16692033,NORMAL,0.2635244131088257,0.4121681749820709
2024-10-11 09:00:00,0.15229315,NORMAL,0.2635244131088257,0.4121681749820709
2024-10-11 10:00:00,0.13910653,NORMAL,0.2635244131088257,0.4121681749820709
2024-10-11 11:00:00,0.12657028,NORMAL,0.2635244131088257,0.4121681749820709
2024-10-11 12:00:00,0.115174025,NORMAL,0.2635244131088257,0.4121681749820709
2024-10-11 13:00:00,0.1075494,NORMAL,0.2635244131088257,0.4121681749820709
2024-10-11 14:00:00,0.10362098,NORMAL,0.2635244131088257,0.4121681749820709
2024-10-11 15:00:00,0.10243681,NORMAL,0.2635244131088257,0.4121681749820709
2024-10-11 16:00:00,0.10454911,NORMAL,0.2635244131088257,0.4121681749820709
2024-10-11 17:00:00,0.10738944,NORMAL,0.2635244131088257,0.4121681749820709
2024-10-11 18:00:00,0.11030048,NORMAL,0.2635244131088257,0.4121681749820709
2024-10-11 19:00:00,0.1154429,NORMAL,0.2635244131088257,0.4121681749820709
2024-10-11 20:00:00,0.123034924,NORMAL,0.2635244131088257,0.4121681749820709
2024-10-11 21:00:00,0.13520746,NORMAL,0.2635244131088257,0.4121681749820709
2024-10-11 22:00:00,0.14565122,NORMAL,0.2635244131088257,0.4121681749820709
2024-10-11 23:00:00,0.15021183,NORMAL,0.2635244131088257,0.4121681749820709
2024-10-12 00:00:00,0.15187795,NORMAL,0.2635244131088257,0.4121681749820709
2024-10-12 01:00:00,0.1555757,NORMAL,0.2635244131088257,0.4121681749820709
2024-10-12 02:00:00,0.16547288,NORMAL,0.2635244131088257,0.4121681749820709
2024-10-12 03:00:00,0.17821798,NORMAL,0.2635244131088257,0.4121681749820709
2024-10-12 04:00:00,0.19789271,NORMAL,0.2635244131088257,0.4121681749820709
2024-10-12 05:00:00,0.2220397,NORMAL,0.2635244131088257,0.4121681749820709
2024-10-12 06:00:00,0.23325706,NORMAL,0.2635244131088257,0.4121681749820709
2024-10-12 07:00:00,0.2277566,NORMAL,0.2635244131088257,0.4121681749820709
2024-10-12 08:00:00,0.21416175,NORMAL,0.2635244131088257,0.4121681749820709
2024-10-12 09:00:00,0.20240341,NORMAL,0.2635244131088257,0.4121681749820709
2024-10-12 10:00:00,0.19074576,NORMAL,0.2635244131088257,0.4121681749820709
2024-10-12 11:00:00,0.18220541,NORMAL,0.2635244131088257,0.4121681749820709
2024-10-12 12:00:00,0.17561986,NORMAL,0.2635244131088257,0.4121681749820709
2024-10-12 13:00:00,0.17320617,NORMAL,0.2635244131088257,0.4121681749820709
2024-10-12 14:00:00,0.1778205,NORMAL,0.2635244131088257,0.4121681749820709
2024-10-12 15:00:00,0.18793686,NORMAL,0.2635244131088257,0.4121681749820709
2024-10-12 16:00:00,0.20092793,NORMAL,0.2635244131088257,0.4121681749820709
2024-10-12 17:00:00,0.20838732,NORMAL,0.2635244131088257,0.4121681749820709
2024-10-12 18:00:00,0.21077678,NORMAL,0.2635244131088257,0.4121681749820709
2024-10-12 19:00:00,0.21213505,NORMAL,0.2635244131088257,0.4121681749820709
2024-10-12 20:00:00,0.21187706,NORMAL,0.2635244131088257,0.4121681749820709
2024-10-12 21:00:00,0.21455349,NORMAL,0.2635244131088257,0.4121681749820709
2024-10-12 22:00:00,0.2146261,NORMAL,0.2635244131088257,0.4121681749820709
2024-10-12 23:00:00,0.21096575,NORMAL,0.2635244131088257,0.4121681749820709
2024-10-13 00:00:00,0.20438778,NORMAL,0.2635244131088257,0.4121681749820709
2024-10-13 01:00:00,0.19697867,NORMAL,0.2635244131088257,0.4121681749820709
2024-10-13 02:00:00,0.19752713,NORMAL,0.2635244131088257,0.4121681749820709
2024-10-13 03:00:00,0.20893411,NORMAL,0.2635244131088257,0.4121681749820709
2024-10-13 04:00:00,0.23644389,NORMAL,0.2635244131088257,0.4121681749820709
2024-10-13 05:00:00,0.27323082,WARNING,0.2635244131088257,0.4121681749820709
2024-10-13 06:00:00,0.29101196,WARNING,0.2635244131088257,0.4121681749820709
2024-10-13 07:00:00,0.28643894,WARNING,0.2635244131088257,0.4121681749820709
2024-10-13 08:00:00,0.27173513,WARNING,0.2635244131088257,0.4121681749820709
2024-10-13 09:00:00,0.25783524,NORMAL,0.2635244131088257,0.4121681749820709
2024-10-13 10:00:00,0.24947235,NORMAL,0.2635244131088257,0.4121681749820709
2024-10-13 11:00:00,0.24075502,NORMAL,0.2635244131088257,0.4121681749820709
2024-10-13 12:00:00,0.22948557,NORMAL,0.2635244131088257,0.4121681749820709
2024-10-13 13:00:00,0.21989107,NORMAL,0.2635244131088257,0.4121681749820709
2024-10-13 14:00:00,0.21826336,NORMAL,0.2635244131088257,0.4121681749820709
2024-10-13 15:00:00,0.2201005,NORMAL,0.2635244131088257,0.4121681749820709
2024-10-13 16:00:00,0.22305329,NORMAL,0.2635244131088257,0.4121681749820709
2024-10-13 17:00:00,0.22105965,NORMAL,0.2635244131088257,0.4121681749820709
2024-10-13 18:00:00,0.2171482,NORMAL,0.2635244131088257,0.4121681749820709
2024-10-13 19:00:00,0.21503891,NORMAL,0.2635244131088257,0.4121681749820709
2024-10-13 20:00:00,0.21240658,NORMAL,0.2635244131088257,0.4121681749820709
2024-10-13 21:00:00,0.21306032,NORMAL,0.2635244131088257,0.4121681749820709
2024-10-13 22:00:00,0.21373549,NORMAL,0.2635244131088257,0.4121681749820709
2024-10-13 23:00:00,0.2124112,NORMAL,0.2635244131088257,0.4121681749820709
2024-10-14 00:00:00,0.21109073,NORMAL,0.2635244131088257,0.4121681749820709
2024-10-14 01:00:00,0.20888798,NORMAL,0.2635244131088257,0.4121681749820709
2024-10-14 02:00:00,0.21080503,NORMAL,0.2635244131088257,0.4121681749820709
2024-10-14 03:00:00,0.21714747,NORMAL,0.2635244131088257,0.4121681749820709
2024-10-14 04:00:00,0.23921043,NORMAL,0.2635244131088257,0.4121681749820709
2024-10-14 05:00:00,0.27227175,WARNING,0.2635244131088257,0.4121681749820709
2024-10-14 06:00:00,0.2823977,WARNING,0.2635244131088257,0.4121681749820709
2024-10-14 07:00:00,0.2718272,WARNING,0.2635244131088257,0.4121681749820709
2024-10-14 08:00:00,0.25209847,NORMAL,0.2635244131088257,0.4121681749820709
2024-10-14 09:00:00,0.2368861,NORMAL,0.2635244131088257,0.4121681749820709
2024-10-14 10:00:00,0.23177065,NORMAL,0.2635244131088257,0.4121681749820709
2024-10-14 11:00:00,0.22566241,NORMAL,0.2635244131088257,0.4121681749820709
2024-10-14 12:00:00,0.21668996,NORMAL,0.2635244131088257,0.4121681749820709
2024-10-14 13:00:00,0.21062995,NORMAL,0.2635244131088257,0.4121681749820709
2024-10-14 14:00:00,0.21198194,NORMAL,0.2635244131088257,0.4121681749820709
2024-10-14 15:00:00,0.21513234,NORMAL,0.2635244131088257,0.4121681749820709
2024-10-14 16:00:00,0.21890847,NORMAL,0.2635244131088257,0.4121681749820709
2024-10-14 17:00:00,0.2174895,NORMAL,0.2635244131088257,0.4121681749820709
2024-10-14 18:00:00,0.21373998,NORMAL,0.2635244131088257,0.4121681749820709
2024-10-14 19:00:00,0.21173476,NORMAL,0.2635244131088257,0.4121681749820709
2024-10-14 20:00:00,0.20957552,NORMAL,0.2635244131088257,0.4121681749820709
2024-10-14 21:00:00,0.211052,NORMAL,0.2635244131088257,0.4121681749820709
2024-10-14 22:00:00,0.21567446,NORMAL,0.2635244131088257,0.4121681749820709
2024-10-14 23:00:00,0.21909867,NORMAL,0.2635244131088257,0.4121681749820709
2024-10-15 00:00:00,0.22250658,NORMAL,0.2635244131088257,0.4121681749820709
2024-10-15 01:00:00,0.22428268,NORMAL,0.2635244131088257,0.4121681749820709
2024-10-15 02:00:00,0.22961442,NORMAL,0.2635244131088257,0.4121681749820709
2024-10-15 03:00:00,0.23647195,NORMAL,0.2635244131088257,0.4121681749820709
2024-10-15 04:00:00,0.24321757,NORMAL,0.2635244131088257,0.4121681749820709
2024-10-15 05:00:00,0.262448,NORMAL,0.2635244131088257,0.4121681749820709
2024-10-15 06:00:00,0.27209997,WARNING,0.2635244131088257,0.4121681749820709
2024-10-15 07:00:00,0.2540307,NORMAL,0.2635244131088257,0.4121681749820709
2024-10-15 08:00:00,0.22395843,NORMAL,0.2635244131088257,0.4121681749820709
2024-10-15 09:00:00,0.19871362,NORMAL,0.2635244131088257,0.4121681749820709
2024-10-15 10:00:00,0.18288453,NORMAL,0.2635244131088257,0.4121681749820709
2024-10-15 11:00:00,0.16955024,NORMAL,0.2635244131088257,0.4121681749820709
2024-10-15 12:00:00,0.15959181,NORMAL,0.2635244131088257,0.4121681749820709
2024-10-15 13:00:00,0.15381175,NORMAL,0.2635244131088257,0.4121681749820709
2024-10-15 14:00:00,0.1533277,NORMAL,0.2635244131088257,0.4121681749820709
2024-10-15 15:00:00,0.15336111,NORMAL,0.2635244131088257,0.4121681749820709
2024-10-15 16:00:00,0.15471756,NORMAL,0.2635244131088257,0.4121681749820709
2024-10-15 17:00:00,0.15350577,NORMAL,0.2635244131088257,0.4121681749820709
2024-10-15 18:00:00,0.15169835,NORMAL,0.2635244131088257,0.4121681749820709
2024-10-15 19:00:00,0.15254873,NORMAL,0.2635244131088257,0.4121681749820709
2024-10-15 20:00:00,0.15488625,NORMAL,0.2635244131088257,0.4121681749820709
2024-10-15 21:00:00,0.16058293,NORMAL,0.2635244131088257,0.4121681749820709
2024-10-15 22:00:00,0.16429724,NORMAL,0.2635244131088257,0.4121681749820709
2024-10-15 23:00:00,0.16373822,NORMAL,0.2635244131088257,0.4121681749820709
2024-10-16 00:00:00,0.16258194,NORMAL,0.2635244131088257,0.4121681749820709
2024-10-16 01:00:00,0.1632781,NORMAL,0.2635244131088257,0.4121681749820709
2024-10-16 02:00:00,0.16965753,NORMAL,0.2635244131088257,0.4121681749820709
2024-10-16 03:00:00,0.17859572,NORMAL,0.2635244131088257,0.4121681749820709
2024-10-16 04:00:00,0.19305447,NORMAL,0.2635244131088257,0.4121681749820709
2024-10-16 05:00:00,0.21233286,NORMAL,0.2635244131088257,0.4121681749820709
2024-10-16 06:00:00,0.22276282,NORMAL,0.2635244131088257,0.4121681749820709
2024-10-16 07:00:00,0.21389976,NORMAL,0.2635244131088257,0.4121681749820709
2024-10-16 08:00:00,0.197019,NORMAL,0.2635244131088257,0.4121681749820709
2024-10-16 09:00:00,0.18497364,NORMAL,0.2635244131088257,0.4121681749820709
2024-10-16 10:00:00,0.17682569,NORMAL,0.2635244131088257,0.4121681749820709
2024-10-16 11:00:00,0.16864246,NORMAL,0.2635244131088257,0.4121681749820709
2024-10-16 12:00:00,0.15835166,NORMAL,0.2635244131088257,0.4121681749820709
2024-10-16 13:00:00,0.14441583,NORMAL,0.2635244131088257,0.4121681749820709
2024-10-16 14:00:00,0.1350239,NORMAL,0.2635244131088257,0.4121681749820709
2024-10-16 15:00:00,0.1287662,NORMAL,0.2635244131088257,0.4121681749820709
2024-10-16 16:00:00,0.1257365,NORMAL,0.2635244131088257,0.4121681749820709
2024-10-16 17:00:00,0.123798095,NORMAL,0.2635244131088257,0.4121681749820709
2024-10-16 18:00:00,0.1222082,NORMAL,0.2635244131088257,0.4121681749820709
2024-10-16 19:00:00,0.12466648,NORMAL,0.2635244131088257,0.4121681749820709
2024-10-16 20:00:00,0.13163257,NORMAL,0.2635244131088257,0.4121681749820709
2024-10-16 21:00:00,0.14312156,NORMAL,0.2635244131088257,0.4121681749820709
2024-10-16 22:00:00,0.15040916,NORMAL,0.2635244131088257,0.4121681749820709
2024-10-16 23:00:00,0.14944527,NORMAL,0.2635244131088257,0.4121681749820709
2024-10-17 00:00:00,0.14500158,NORMAL,0.2635244131088257,0.4121681749820709
2024-10-17 01:00:00,0.14375316,NORMAL,0.2635244131088257,0.4121681749820709
2024-10-17 02:00:00,0.15255019,NORMAL,0.2635244131088257,0.4121681749820709
2024-10-17 03:00:00,0.16531236,NORMAL,0.2635244131088257,0.4121681749820709
2024-10-17 04:00:00,0.18192774,NORMAL,0.2635244131088257,0.4121681749820709
2024-10-17 05:00:00,0.19985121,NORMAL,0.2635244131088257,0.4121681749820709
2024-10-17 06:00:00,0.21210182,NORMAL,0.2635244131088257,0.4121681749820709
2024-10-17 07:00:00,0.20787477,NORMAL,0.2635244131088257,0.4121681749820709
2024-10-17 08:00:00,0.19196184,NORMAL,0.2635244131088257,0.4121681749820709
2024-10-17 09:00:00,0.17810567,NORMAL,0.2635244131088257,0.4121681749820709
2024-10-17 10:00:00,0.16836858,NORMAL,0.2635244131088257,0.4121681749820709
2024-10-17 11:00:00,0.15814102,NORMAL,0.2635244131088257,0.4121681749820709
2024-10-17 12:00:00,0.14450906,NORMAL,0.2635244131088257,0.4121681749820709
2024-10-17 13:00:00,0.12959684,NORMAL,0.2635244131088257,0.4121681749820709
2024-10-17 14:00:00,0.12115877,NORMAL,0.2635244131088257,0.4121681749820709
2024-10-17 15:00:00,0.11784029,NORMAL,0.2635244131088257,0.4121681749820709
2024-10-17 16:00:00,0.11671252,NORMAL,0.2635244131088257,0.4121681749820709
2024-10-17 17:00:00,0.117081195,NORMAL,0.2635244131088257,0.4121681749820709
2024-10-17 18:00:00,0.11764243,NORMAL,0.2635244131088257,0.4121681749820709
2024-10-17 19:00:00,0.12185914,NORMAL,0.2635244131088257,0.4121681749820709
2024-10-17 20:00:00,0.12998669,NORMAL,0.2635244131088257,0.4121681749820709
2024-10-17 21:00:00,0.14222029,NORMAL,0.2635244131088257,0.4121681749820709
2024-10-17 22:00:00,0.15054601,NORMAL,0.2635244131088257,0.4121681749820709
2024-10-17 23:00:00,0.15238482,NORMAL,0.2635244131088257,0.4121681749820709
2024-10-18 00:00:00,0.15204984,NORMAL,0.2635244131088257,0.4121681749820709
2024-10-18 01:00:00,0.15398198,NORMAL,0.2635244131088257,0.4121681749820709
2024-10-18 02:00:00,0.16292053,NORMAL,0.2635244131088257,0.4121681749820709
2024-10-18 03:00:00,0.17423683,NORMAL,0.2635244131088257,0.4121681749820709
2024-10-18 04:00:00,0.18586391,NORMAL,0.2635244131088257,0.4121681749820709
2024-10-18 05:00:00,0.19898075,NORMAL,0.2635244131088257,0.4121681749820709
2024-10-18 06:00:00,0.21159911,NORMAL,0.2635244131088257,0.4121681749820709
2024-10-18 07:00:00,0.20872149,NORMAL,0.2635244131088257,0.4121681749820709
2024-10-18 08:00:00,0.1928938,NORMAL,0.2635244131088257,0.4121681749820709
2024-10-18 09:00:00,0.17818409,NORMAL,0.2635244131088257,0.4121681749820709
2024-10-18 10:00:00,0.16661689,NORMAL,0.2635244131088257,0.4121681749820709
2024-10-18 11:00:00,0.15489782,NORMAL,0.2635244131088257,0.4121681749820709
2024-10-18 12:00:00,0.14144893,NORMAL,0.2635244131088257,0.4121681749820709
2024-10-18 13:00:00,0.1290931,NORMAL,0.2635244131088257,0.4121681749820709
2024-10-18 14:00:00,0.12215049,NORMAL,0.2635244131088257,0.4121681749820709
2024-10-18 15:00:00,0.11886123,NORMAL,0.2635244131088257,0.4121681749820709
2024-10-18 16:00:00,0.11748159,NORMAL,0.2635244131088257,0.4121681749820709
2024-10-18 17:00:00,0.11559948,NORMAL,0.2635244131088257,0.4121681749820709
2024-10-18 18:00:00,0.1130289,NORMAL,0.2635244131088257,0.4121681749820709
2024-10-18 19:00:00,0.11369637,NORMAL,0.2635244131088257,0.4121681749820709
2024-10-18 20:00:00,0.11816398,NORMAL,0.2635244131088257,0.4121681749820709
2024-10-18 21:00:00,0.12724493,NORMAL,0.2635244131088257,0.4121681749820709
2024-10-18 22:00:00,0.13562655,NORMAL,0.2635244131088257,0.4121681749820709
2024-10-18 23:00:00,0.140779,NORMAL,0.2635244131088257,0.4121681749820709
2024-10-19 00:00:00,0.14466813,NORMAL,0.2635244131088257,0.4121681749820709
2024-10-19 01:00:00,0.15031368,NORMAL,0.2635244131088257,0.4121681749820709
2024-10-19 02:00:00,0.16090845,NORMAL,0.2635244131088257,0.4121681749820709
2024-10-19 03:00:00,0.17558374,NORMAL,0.2635244131088257,0.4121681749820709
2024-10-19 04:00:00,0.19001499,NORMAL,0.2635244131088257,0.4121681749820709
2024-10-19 05:00:00,0.20378062,NORMAL,0.2635244131088257,0.4121681749820709
2024-10-19 06:00:00,0.2094536,NORMAL,0.2635244131088257,0.4121681749820709
2024-10-19 07:00:00,0.19846272,NORMAL,0.2635244131088257,0.4121681749820709
2024-10-19 08:00:00,0.17742899,NORMAL,0.2635244131088257,0.4121681749820709
2024-10-19 09:00:00,0.16565777,NORMAL,0.2635244131088257,0.4121681749820709
2024-10-19 10:00:00,0.15707761,NORMAL,0.2635244131088257,0.4121681749820709
2024-10-19 11:00:00,0.15017387,NORMAL,0.2635244131088257,0.4121681749820709
2024-10-19 12:00:00,0.14269345,NORMAL,0.2635244131088257,0.4121681749820709
2024-10-19 13:00:00,0.1373319,NORMAL,0.2635244131088257,0.4121681749820709
2024-10-19 14:00:00,0.13751274,NORMAL,0.2635244131088257,0.4121681749820709
2024-10-19 15:00:00,0.14128886,NORMAL,0.2635244131088257,0.4121681749820709
2024-10-19 16:00:00,0.14654624,NORMAL,0.2635244131088257,0.4121681749820709
2024-10-19 17:00:00,0.15021656,NORMAL,0.2635244131088257,0.4121681749820709
2024-10-19 18:00:00,0.15335679,NORMAL,0.2635244131088257,0.4121681749820709
2024-10-19 19:00:00,0.16033345,NORMAL,0.2635244131088257,0.4121681749820709
2024-10-19 20:00:00,0.17063135,NORMAL,0.2635244131088257,0.4121681749820709
2024-10-19 21:00:00,0.1851743,NORMAL,0.2635244131088257,0.4121681749820709
2024-10-19 22:00:00,0.19556281,NORMAL,0.2635244131088257,0.4121681749820709
2024-10-19 23:00:00,0.19883117,NORMAL,0.2635244131088257,0.4121681749820709
2024-10-20 00:00:00,0.1983957,NORMAL,0.2635244131088257,0.4121681749820709
2024-10-20 01:00:00,0.19290446,NORMAL,0.2635244131088257,0.4121681749820709
2024-10-20 02:00:00,0.19438608,NORMAL,0.2635244131088257,0.4121681749820709
2024-10-20 03:00:00,0.20786197,NORMAL,0.2635244131088257,0.4121681749820709
2024-10-20 04:00:00,0.22899127,NORMAL,0.2635244131088257,0.4121681749820709
2024-10-20 05:00:00,0.24602832,NORMAL,0.2635244131088257,0.4121681749820709
2024-10-20 06:00:00,0.2533055,NORMAL,0.2635244131088257,0.4121681749820709
2024-10-20 07:00:00,0.2466335,NORMAL,0.2635244131088257,0.4121681749820709
2024-10-20 08:00:00,0.23251873,NORMAL,0.2635244131088257,0.4121681749820709
2024-10-20 09:00:00,0.2250571,NORMAL,0.2635244131088257,0.4121681749820709
2024-10-20 10:00:00,0.21784395,NORMAL,0.2635244131088257,0.4121681749820709
2024-10-20 11:00:00,0.20681508,NORMAL,0.2635244131088257,0.4121681749820709
2024-10-20 12:00:00,0.19474956,NORMAL,0.2635244131088257,0.4121681749820709
2024-10-20 13:00:00,0.18439192,NORMAL,0.2635244131088257,0.4121681749820709
2024-10-20 14:00:00,0.18223359,NORMAL,0.2635244131088257,0.4121681749820709
2024-10-20 15:00:00,0.18401864,NORMAL,0.2635244131088257,0.4121681749820709
2024-10-20 16:00:00,0.18717223,NORMAL,0.2635244131088257,0.4121681749820709
2024-10-20 17:00:00,0.18986541,NORMAL,0.2635244131088257,0.4121681749820709
2024-10-20 18:00:00,0.19288446,NORMAL,0.2635244131088257,0.4121681749820709
2024-10-20 19:00:00,0.20088285,NORMAL,0.2635244131088257,0.4121681749820709
2024-10-20 20:00:00,0.2116484,NORMAL,0.2635244131088257,0.4121681749820709
2024-10-20 21:00:00,0.22480589,NORMAL,0.2635244131088257,0.4121681749820709
2024-10-20 22:00:00,0.23081388,NORMAL,0.2635244131088257,0.4121681749820709
2024-10-20 23:00:00,0.22848685,NORMAL,0.2635244131088257,0.4121681749820709
2024-10-21 00:00:00,0.2253607,NORMAL,0.2635244131088257,0.4121681749820709
2024-10-21 01:00:00,0.22272155,NORMAL,0.2635244131088257,0.4121681749820709
2024-10-21 02:00:00,0.22743627,NORMAL,0.2635244131088257,0.4121681749820709
2024-10-21 03:00:00,0.23578058,NORMAL,0.2635244131088257,0.4121681749820709
2024-10-21 04:00:00,0.25238898,NORMAL,0.2635244131088257,0.4121681749820709
2024-10-21 05:00:00,0.26644617,WARNING,0.2635244131088257,0.4121681749820709
2024-10-21 06:00:00,0.26655164,WARNING,0.2635244131088257,0.4121681749820709
2024-10-21 07:00:00,0.24796456,NORMAL,0.2635244131088257,0.4121681749820709
2024-10-21 08:00:00,0.22004,NORMAL,0.2635244131088257,0.4121681749820709
2024-10-21 09:00:00,0.20267023,NORMAL,0.2635244131088257,0.4121681749820709
2024-10-21 10:00:00,0.19278407,NORMAL,0.2635244131088257,0.4121681749820709
2024-10-21 11:00:00,0.18045568,NORMAL,0.2635244131088257,0.4121681749820709
2024-10-21 12:00:00,0.17068475,NORMAL,0.2635244131088257,0.4121681749820709
2024-10-21 13:00:00,0.16525711,NORMAL,0.2635244131088257,0.4121681749820709
2024-10-21 14:00:00,0.16862592,NORMAL,0.2635244131088257,0.4121681749820709
2024-10-21 15:00:00,0.17299117,NORMAL,0.2635244131088257,0.4121681749820709
2024-10-21 16:00:00,0.17688619,NORMAL,0.2635244131088257,0.4121681749820709
2024-10-21 17:00:00,0.17942034,NORMAL,0.2635244131088257,0.4121681749820709
2024-10-21 18:00:00,0.1828507,NORMAL,0.2635244131088257,0.4121681749820709
2024-10-21 19:00:00,0.19172435,NORMAL,0.2635244131088257,0.4121681749820709
2024-10-21 20:00:00,0.20495993,NORMAL,0.2635244131088257,0.4121681749820709
2024-10-21 21:00:00,0.2207517,NORMAL,0.2635244131088257,0.4121681749820709
2024-10-21 22:00:00,0.23086101,NORMAL,0.2635244131088257,0.4121681749820709
2024-10-21 23:00:00,0.23335457,NORMAL,0.2635244131088257,0.4121681749820709
2024-10-22 00:00:00,0.23659319,NORMAL,0.2635244131088257,0.4121681749820709
2024-10-22 01:00:00,0.24407199,NORMAL,0.2635244131088257,0.4121681749820709
2024-10-22 02:00:00,0.25897637,NORMAL,0.2635244131088257,0.4121681749820709
2024-10-22 03:00:00,0.27154127,WARNING,0.2635244131088257,0.4121681749820709
2024-10-22 04:00:00,0.28465384,WARNING,0.2635244131088257,0.4121681749820709
2024-10-22 05:00:00,0.29546553,WARNING,0.2635244131088257,0.4121681749820709
2024-10-22 06:00:00,0.2930085,WARNING,0.2635244131088257,0.4121681749820709
2024-10-22 07:00:00,0.26772463,WARNING,0.2635244131088257,0.4121681749820709
2024-10-22 08:00:00,0.23558937,NORMAL,0.2635244131088257,0.4121681749820709
2024-10-22 09:00:00,0.21632057,NORMAL,0.2635244131088257,0.4121681749820709
2024-10-22 10:00:00,0.20627838,NORMAL,0.2635244131088257,0.4121681749820709
2024-10-22 11:00:00,0.19578524,NORMAL,0.2635244131088257,0.4121681749820709
2024-10-22 12:00:00,0.18942453,NORMAL,0.2635244131088257,0.4121681749820709
2024-10-22 13:00:00,0.18870896,NORMAL,0.2635244131088257,0.4121681749820709
2024-10-22 14:00:00,0.19689973,NORMAL,0.2635244131088257,0.4121681749820709
2024-10-22 15:00:00,0.20321527,NORMAL,0.2635244131088257,0.4121681749820709
2024-10-22 16:00:00,0.20703126,NORMAL,0.2635244131088257,0.4121681749820709
2024-10-22 17:00:00,0.20771879,NORMAL,0.2635244131088257,0.4121681749820709
2024-10-22 18:00:00,0.20815088,NORMAL,0.2635244131088257,0.4121681749820709
2024-10-22 19:00:00,0.21180657,NORMAL,0.2635244131088257,0.4121681749820709
2024-10-22 20:00:00,0.21860379,NORMAL,0.2635244131088257,0.4121681749820709
2024-10-22 21:00:00,0.22718655,NORMAL,0.2635244131088257,0.4121681749820709
2024-10-22 22:00:00,0.22868572,NORMAL,0.2635244131088257,0.4121681749820709
2024-10-22 23:00:00,0.22396895,NORMAL,0.2635244131088257,0.4121681749820709
2024-10-23 00:00:00,0.22287723,NORMAL,0.2635244131088257,0.4121681749820709
2024-10-23 01:00:00,0.22669986,NORMAL,0.2635244131088257,0.4121681749820709
2024-10-23 02:00:00,0.23821364,NORMAL,0.2635244131088257,0.4121681749820709
2024-10-23 03:00:00,0.24954966,NORMAL,0.2635244131088257,0.4121681749820709
2024-10-23 04:00:00,0.25822434,NORMAL,0.2635244131088257,0.4121681749820709
2024-10-23 05:00:00,0.26243788,NORMAL,0.2635244131088257,0.4121681749820709
2024-10-23 06:00:00,0.26709768,WARNING,0.2635244131088257,0.4121681749820709
2024-10-23 07:00:00,0.24924159,NORMAL,0.2635244131088257,0.4121681749820709
2024-10-23 08:00:00,0.2145012,NORMAL,0.2635244131088257,0.4121681749820709
2024-10-23 09:00:00,0.18923074,NORMAL,0.2635244131088257,0.4121681749820709
2024-10-23 10:00:00,0.1761913,NORMAL,0.2635244131088257,0.4121681749820709
2024-10-23 11:00:00,0.16274834,NORMAL,0.2635244131088257,0.4121681749820709
2024-10-23 12:00:00,0.15132983,NORMAL,0.2635244131088257,0.4121681749820709
2024-10-23 13:00:00,0.1426553,NORMAL,0.2635244131088257,0.4121681749820709
2024-10-23 14:00:00,0.1406565,NORMAL,0.2635244131088257,0.4121681749820709
2024-10-23 15:00:00,0.13925718,NORMAL,0.2635244131088257,0.4121681749820709
2024-10-23 16:00:00,0.1346764,NORMAL,0.2635244131088257,0.4121681749820709
2024-10-23 17:00:00,0.12781137,NORMAL,0.2635244131088257,0.4121681749820709
2024-10-23 18:00:00,0.12104532,NORMAL,0.2635244131088257,0.4121681749820709
2024-10-23 19:00:00,0.11903313,NORMAL,0.2635244131088257,0.4121681749820709
2024-10-23 20:00:00,0.121301055,NORMAL,0.2635244131088257,0.4121681749820709
2024-10-23 21:00:00,0.12645145,NORMAL,0.2635244131088257,0.4121681749820709
2024-10-23 22:00:00,0.13102892,NORMAL,0.2635244131088257,0.4121681749820709
2024-10-23 23:00:00,0.13502476,NORMAL,0.2635244131088257,0.4121681749820709
2024-10-24 00:00:00,0.13924357,NORMAL,0.2635244131088257,0.4121681749820709
2024-10-24 01:00:00,0.14103477,NORMAL,0.2635244131088257,0.4121681749820709
2024-10-24 02:00:00,0.14665404,NORMAL,0.2635244131088257,0.4121681749820709
2024-10-24 03:00:00,0.15571384,NORMAL,0.2635244131088257,0.4121681749820709
2024-10-24 04:00:00,0.16100258,NORMAL,0.2635244131088257,0.4121681749820709
2024-10-24 05:00:00,0.16082117,NORMAL,0.2635244131088257,0.4121681749820709
2024-10-24 06:00:00,0.1549694,NORMAL,0.2635244131088257,0.4121681749820709
2024-10-24 07:00:00,0.14854468,NORMAL,0.2635244131088257,0.4121681749820709
2024-10-24 08:00:00,0.14156038,NORMAL,0.2635244131088257,0.4121681749820709
2024-10-24 09:00:00,0.13331033,NORMAL,0.2635244131088257,0.4121681749820709
2024-10-24 10:00:00,0.12205294,NORMAL,0.2635244131088257,0.4121681749820709
2024-10-24 11:00:00,0.10732793,NORMAL,0.2635244131088257,0.4121681749820709
2024-10-24 12:00:00,0.08990565,NORMAL,0.2635244131088257,0.4121681749820709
2024-10-24 13:00:00,0.073374964,NORMAL,0.2635244131088257,0.4121681749820709
2024-10-24 14:00:00,0.06309721,NORMAL,0.2635244131088257,0.4121681749820709
2024-10-24 15:00:00,0.057635453,NORMAL,0.2635244131088257,0.4121681749820709
2024-10-24 16:00:00,0.055367343,NORMAL,0.2635244131088257,0.4121681749820709
2024-10-24 17:00:00,0.05457373,NORMAL,0.2635244131088257,0.4121681749820709
2024-10-24 18:00:00,0.052537084,NORMAL,0.2635244131088257,0.4121681749820709
2024-10-24 19:00:00,0.051558938,NORMAL,0.2635244131088257,0.4121681749820709
2024-10-24 20:00:00,0.05245712,NORMAL,0.2635244131088257,0.4121681749820709
2024-10-24 21:00:00,0.05639116,NORMAL,0.2635244131088257,0.4121681749820709
2024-10-24 22:00:00,0.060624667,NORMAL,0.2635244131088257,0.4121681749820709
2024-10-24 23:00:00,0.064407885,NORMAL,0.2635244131088257,0.4121681749820709
2024-10-25 00:00:00,0.069229394,NORMAL,0.2635244131088257,0.4121681749820709
2024-10-25 01:00:00,0.077038035,NORMAL,0.2635244131088257,0.4121681749820709
2024-10-25 02:00:00,0.09319016,NORMAL,0.2635244131088257,0.4121681749820709
2024-10-25 03:00:00,0.10827715,NORMAL,0.2635244131088257,0.4121681749820709
2024-10-25 04:00:00,0.11238056,NORMAL,0.2635244131088257,0.4121681749820709
2024-10-25 05:00:00,0.11273311,NORMAL,0.2635244131088257,0.4121681749820709
2024-10-25 06:00:00,0.11235869,NORMAL,0.2635244131088257,0.4121681749820709
2024-10-25 07:00:00,0.11599938,NORMAL,0.2635244131088257,0.4121681749820709
2024-10-25 08:00:00,0.121577926,NORMAL,0.2635244131088257,0.4121681749820709
2024-10-25 09:00:00,0.119495116,NORMAL,0.2635244131088257,0.4121681749820709
2024-10-25 10:00:00,0.108364314,NORMAL,0.2635244131088257,0.4121681749820709
2024-10-25 11:00:00,0.0939633,NORMAL,0.2635244131088257,0.4121681749820709
2024-10-25 12:00:00,0.07922586,NORMAL,0.2635244131088257,0.4121681749820709
2024-10-25 13:00:00,0.06502667,NORMAL,0.2635244131088257,0.4121681749820709
2024-10-25 14:00:00,0.056016088,NORMAL,0.2635244131088257,0.4121681749820709
2024-10-25 15:00:00,0.052326147,NORMAL,0.2635244131088257,0.4121681749820709
2024-10-25 16:00:00,0.052762523,NORMAL,0.2635244131088257,0.4121681749820709
2024-10-25 17:00:00,0.05547603,NORMAL,0.2635244131088257,0.4121681749820709
2024-10-25 18:00:00,0.056846287,NORMAL,0.2635244131088257,0.4121681749820709
2024-10-25 19:00:00,0.058825586,NORMAL,0.2635244131088257,0.4121681749820709
2024-10-25 20:00:00,0.061331544,NORMAL,0.2635244131088257,0.4121681749820709
2024-10-25 21:00:00,0.06511806,NORMAL,0.2635244131088257,0.4121681749820709
2024-10-25 22:00:00,0.06699819,NORMAL,0.2635244131088257,0.4121681749820709
2024-10-25 23:00:00,0.06734669,NORMAL,0.2635244131088257,0.4121681749820709
2024-10-26 00:00:00,0.069799155,NORMAL,0.2635244131088257,0.4121681749820709
2024-10-26 01:00:00,0.08359163,NORMAL,0.2635244131088257,0.4121681749820709
2024-10-26 02:00:00,0.1110599,NORMAL,0.2635244131088257,0.4121681749820709
2024-10-26 03:00:00,0.129848,NORMAL,0.2635244131088257,0.4121681749820709
2024-10-26 04:00:00,0.13196078,NORMAL,0.2635244131088257,0.4121681749820709
2024-10-26 05:00:00,0.13126162,NORMAL,0.2635244131088257,0.4121681749820709
2024-10-26 06:00:00,0.13667063,NORMAL,0.2635244131088257,0.4121681749820709
2024-10-26 07:00:00,0.15157506,NORMAL,0.2635244131088257,0.4121681749820709
2024-10-26 08:00:00,0.16032635,NORMAL,0.2635244131088257,0.4121681749820709
2024-10-26 09:00:00,0.15052038,NORMAL,0.2635244131088257,0.4121681749820709
2024-10-26 10:00:00,0.13503878,NORMAL,0.2635244131088257,0.4121681749820709
2024-10-26 11:00:00,0.11654084,NORMAL,0.2635244131088257,0.4121681749820709
2024-10-26 12:00:00,0.097078115,NORMAL,0.2635244131088257,0.4121681749820709
2024-10-26 13:00:00,0.07829189,NORMAL,0.2635244131088257,0.4121681749820709
2024-10-26 14:00:00,0.06535134,NORMAL,0.2635244131088257,0.4121681749820709
2024-10-26 15:00:00,0.05891208,NORMAL,0.2635244131088257,0.4121681749820709
2024-10-26 16:00:00,0.05882013,NORMAL,0.2635244131088257,0.4121681749820709
2024-10-26 17:00:00,0.060515244,NORMAL,0.2635244131088257,0.4121681749820709
2024-10-26 18:00:00,0.06100487,NORMAL,0.2635244131088257,0.4121681749820709
2024-10-26 19:00:00,0.063188165,NORMAL,0.2635244131088257,0.4121681749820709
2024-10-26 20:00:00,0.06777623,NORMAL,0.2635244131088257,0.4121681749820709
2024-10-26 21:00:00,0.073696636,NORMAL,0.2635244131088257,0.4121681749820709
2024-10-26 22:00:00,0.07692416,NORMAL,0.2635244131088257,0.4121681749820709
2024-10-26 23:00:00,0.07730255,NORMAL,0.2635244131088257,0.4121681749820709
2024-10-27 00:00:00,0.07883949,NORMAL,0.2635244131088257,0.4121681749820709
2024-10-27 01:00:00,0.08566657,NORMAL,0.2635244131088257,0.4121681749820709
2024-10-27 02:00:00,0.103373565,NORMAL,0.2635244131088257,0.4121681749820709
2024-10-27 03:00:00,0.11790938,NORMAL,0.2635244131088257,0.4121681749820709
2024-10-27 04:00:00,0.1216196,NORMAL,0.2635244131088257,0.4121681749820709
2024-10-27 05:00:00,0.12292889,NORMAL,0.2635244131088257,0.4121681749820709
2024-10-27 06:00:00,0.1255204,NORMAL,0.2635244131088257,0.4121681749820709
2024-10-27 07:00:00,0.12992416,NORMAL,0.2635244131088257,0.4121681749820709
2024-10-27 08:00:00,0.13366193,NORMAL,0.2635244131088257,0.4121681749820709
2024-10-27 09:00:00,0.13145988,NORMAL,0.2635244131088257,0.4121681749820709
2024-10-27 10:00:00,0.12737475,NORMAL,0.2635244131088257,0.4121681749820709
2024-10-27 11:00:00,0.119360656,NORMAL,0.2635244131088257,0.4121681749820709
2024-10-27 12:00:00,0.105438285,NORMAL,0.2635244131088257,0.4121681749820709
2024-10-27 13:00:00,0.08748472,NORMAL,0.2635244131088257,0.4121681749820709
2024-10-27 14:00:00,0.07432062,NORMAL,0.2635244131088257,0.4121681749820709
2024-10-27 15:00:00,0.06728174,NORMAL,0.2635244131088257,0.4121681749820709
2024-10-27 16:00:00,0.06748108,NORMAL,0.2635244131088257,0.4121681749820709
2024-10-27 17:00:00,0.069512665,NORMAL,0.2635244131088257,0.4121681749820709
2024-10-27 18:00:00,0.06899412,NORMAL,0.2635244131088257,0.4121681749820709
2024-10-27 19:00:00,0.06935697,NORMAL,0.2635244131088257,0.4121681749820709
2024-10-27 20:00:00,0.07161624,NORMAL,0.2635244131088257,0.4121681749820709
2024-10-27 21:00:00,0.074372,NORMAL,0.2635244131088257,0.4121681749820709
2024-10-27 22:00:00,0.07354796,NORMAL,0.2635244131088257,0.4121681749820709
2024-10-27 23:00:00,0.07102074,NORMAL,0.2635244131088257,0.4121681749820709
2024-10-28 00:00:00,0.07044837,NORMAL,0.2635244131088257,0.4121681749820709
2024-10-28 01:00:00,0.06854976,NORMAL,0.2635244131088257,0.4121681749820709
2024-10-28 02:00:00,0.07219539,NORMAL,0.2635244131088257,0.4121681749820709
2024-10-28 03:00:00,0.08494074,NORMAL,0.2635244131088257,0.4121681749820709
2024-10-28 04:00:00,0.099336006,NORMAL,0.2635244131088257,0.4121681749820709
2024-10-28 05:00:00,0.11393264,NORMAL,0.2635244131088257,0.4121681749820709
2024-10-28 06:00:00,0.12186971,NORMAL,0.2635244131088257,0.4121681749820709
2024-10-28 07:00:00,0.119766526,NORMAL,0.2635244131088257,0.4121681749820709
2024-10-28 08:00:00,0.1125577,NORMAL,0.2635244131088257,0.4121681749820709
2024-10-28 09:00:00,0.10636461,NORMAL,0.2635244131088257,0.4121681749820709
2024-10-28 10:00:00,0.10791822,NORMAL,0.2635244131088257,0.4121681749820709
2024-10-28 11:00:00,0.10896722,NORMAL,0.2635244131088257,0.4121681749820709
2024-10-28 12:00:00,0.10365227,NORMAL,0.2635244131088257,0.4121681749820709
2024-10-28 13:00:00,0.091998905,NORMAL,0.2635244131088257,0.4121681749820709
2024-10-28 14:00:00,0.07936503,NORMAL,0.2635244131088257,0.4121681749820709
2024-10-28 15:00:00,0.07048999,NORMAL,0.2635244131088257,0.4121681749820709
2024-10-28 16:00:00,0.06677793,NORMAL,0.2635244131088257,0.4121681749820709
2024-10-28 17:00:00,0.06545876,NORMAL,0.2635244131088257,0.4121681749820709
2024-10-28 18:00:00,0.0633269,NORMAL,0.2635244131088257,0.4121681749820709
2024-10-28 19:00:00,0.06379561,NORMAL,0.2635244131088257,0.4121681749820709
2024-10-28 20:00:00,0.06582206,NORMAL,0.2635244131088257,0.4121681749820709
2024-10-28 21:00:00,0.06687066,NORMAL,0.2635244131088257,0.4121681749820709
2024-10-28 22:00:00,0.06260777,NORMAL,0.2635244131088257,0.4121681749820709
2024-10-28 23:00:00,0.05754247,NORMAL,0.2635244131088257,0.4121681749820709
2024-10-29 00:00:00,0.055406697,NORMAL,0.2635244131088257,0.4121681749820709
2024-10-29 01:00:00,0.05621401,NORMAL,0.2635244131088257,0.4121681749820709
2024-10-29 02:00:00,0.06622172,NORMAL,0.2635244131088257,0.4121681749820709
2024-10-29 03:00:00,0.08130242,NORMAL,0.2635244131088257,0.4121681749820709
2024-10-29 04:00:00,0.09501593,NORMAL,0.2635244131088257,0.4121681749820709
2024-10-29 05:00:00,0.10103652,NORMAL,0.2635244131088257,0.4121681749820709
2024-10-29 06:00:00,0.1012018,NORMAL,0.2635244131088257,0.4121681749820709
2024-10-29 07:00:00,0.09725729,NORMAL,0.2635244131088257,0.4121681749820709
2024-10-29 08:00:00,0.09027344,NORMAL,0.2635244131088257,0.4121681749820709
2024-10-29 09:00:00,0.0848198,NORMAL,0.2635244131088257,0.4121681749820709
2024-10-29 10:00:00,0.08384589,NORMAL,0.2635244131088257,0.4121681749820709
2024-10-29 11:00:00,0.0828107,NORMAL,0.2635244131088257,0.4121681749820709
2024-10-29 12:00:00,0.08013138,NORMAL,0.2635244131088257,0.4121681749820709
2024-10-29 13:00:00,0.074242644,NORMAL,0.2635244131088257,0.4121681749820709
2024-10-29 14:00:00,0.068198726,NORMAL,0.2635244131088257,0.4121681749820709
2024-10-29 15:00:00,0.065856606,NORMAL,0.2635244131088257,0.4121681749820709
2024-10-29 16:00:00,0.06753871,NORMAL,0.2635244131088257,0.4121681749820709
2024-10-29 17:00:00,0.07054423,NORMAL,0.2635244131088257,0.4121681749820709
2024-10-29 18:00:00,0.071885616,NORMAL,0.2635244131088257,0.4121681749820709
2024-10-29 19:00:00,0.07500416,NORMAL,0.2635244131088257,0.4121681749820709
2024-10-29 20:00:00,0.07996759,NORMAL,0.2635244131088257,0.4121681749820709
2024-10-29 21:00:00,0.0868429,NORMAL,0.2635244131088257,0.4121681749820709
2024-10-29 22:00:00,0.09207522,NORMAL,0.2635244131088257,0.4121681749820709
2024-10-29 23:00:00,0.09591163,NORMAL,0.2635244131088257,0.4121681749820709
2024-10-30 00:00:00,0.09949323,NORMAL,0.2635244131088257,0.4121681749820709
2024-10-30 01:00:00,0.10103185,NORMAL,0.2635244131088257,0.4121681749820709
2024-10-30 02:00:00,0.112068325,NORMAL,0.2635244131088257,0.4121681749820709
2024-10-30 03:00:00,0.12905785,NORMAL,0.2635244131088257,0.4121681749820709
2024-10-30 04:00:00,0.14160267,NORMAL,0.2635244131088257,0.4121681749820709
2024-10-30 05:00:00,0.1529149,NORMAL,0.2635244131088257,0.4121681749820709
2024-10-30 06:00:00,0.15893477,NORMAL,0.2635244131088257,0.4121681749820709
2024-10-30 07:00:00,0.15478314,NORMAL,0.2635244131088257,0.4121681749820709
2024-10-30 08:00:00,0.14287053,NORMAL,0.2635244131088257,0.4121681749820709
2024-10-30 09:00:00,0.13634306,NORMAL,0.2635244131088257,0.4121681749820709
2024-10-30 10:00:00,0.13687353,NORMAL,0.2635244131088257,0.4121681749820709
2024-10-30 11:00:00,0.13638744,NORMAL,0.2635244131088257,0.4121681749820709
2024-10-30 12:00:00,0.12863265,NORMAL,0.2635244131088257,0.4121681749820709
2024-10-30 13:00:00,0.11625438,NORMAL,0.2635244131088257,0.4121681749820709
2024-10-30 14:00:00,0.110346004,NORMAL,0.2635244131088257,0.4121681749820709
2024-10-30 15:00:00,0.11291047,NORMAL,0.2635244131088257,0.4121681749820709
2024-10-30 16:00:00,0.11927872,NORMAL,0.2635244131088257,0.4121681749820709
2024-10-30 17:00:00,0.12736765,NORMAL,0.2635244131088257,0.4121681749820709
2024-10-30 18:00:00,0.1363135,NORMAL,0.2635244131088257,0.4121681749820709
2024-10-30 19:00:00,0.14964525,NORMAL,0.2635244131088257,0.4121681749820709
2024-10-30 20:00:00,0.1671887,NORMAL,0.2635244131088257,0.4121681749820709
2024-10-30 21:00:00,0.18724792,NORMAL,0.2635244131088257,0.4121681749820709
2024-10-30 22:00:00,0.20053804,NORMAL,0.2635244131088257,0.4121681749820709
2024-10-30 23:00:00,0.20861703,NORMAL,0.2635244131088257,0.4121681749820709
2024-10-31 00:00:00,0.2152834,NORMAL,0.2635244131088257,0.4121681749820709
2024-10-31 01:00:00,0.2226341,NORMAL,0.2635244131088257,0.4121681749820709
2024-10-31 02:00:00,0.23931377,NORMAL,0.2635244131088257,0.4121681749820709
2024-10-31 03:00:00,0.25763047,NORMAL,0.2635244131088257,0.4121681749820709
2024-10-31 04:00:00,0.27282614,WARNING,0.2635244131088257,0.4121681749820709
2024-10-31 05:00:00,0.2858291,WARNING,0.2635244131088257,0.4121681749820709
2024-10-31 06:00:00,0.2829433,WARNING,0.2635244131088257,0.4121681749820709
2024-10-31 07:00:00,0.2589385,NORMAL,0.2635244131088257,0.4121681749820709
2024-10-31 08:00:00,0.22482856,NORMAL,0.2635244131088257,0.4121681749820709
2024-10-31 09:00:00,0.20183791,NORMAL,0.2635244131088257,0.4121681749820709
2024-10-31 10:00:00,0.18806206,NORMAL,0.2635244131088257,0.4121681749820709
2024-10-31 11:00:00,0.17593622,NORMAL,0.2635244131088257,0.4121681749820709
2024-10-31 12:00:00,0.16280136,NORMAL,0.2635244131088257,0.4121681749820709
2024-10-31 13:00:00,0.15162483,NORMAL,0.2635244131088257,0.4121681749820709
2024-10-31 14:00:00,0.14941943,NORMAL,0.2635244131088257,0.4121681749820709
2024-10-31 15:00:00,0.15388979,NORMAL,0.2635244131088257,0.4121681749820709
2024-10-31 16:00:00,0.15891321,NORMAL,0.2635244131088257,0.4121681749820709
2024-10-31 17:00:00,0.16193412,NORMAL,0.2635244131088257,0.4121681749820709
2024-10-31 18:00:00,0.16521394,NORMAL,0.2635244131088257,0.4121681749820709
2024-10-31 19:00:00,0.17398626,NORMAL,0.2635244131088257,0.4121681749820709
2024-10-31 20:00:00,0.18702272,NORMAL,0.2635244131088257,0.4121681749820709
2024-10-31 21:00:00,0.2030462,NORMAL,0.2635244131088257,0.4121681749820709
2024-10-31 22:00:00,0.21285717,NORMAL,0.2635244131088257,0.4121681749820709
2024-10-31 23:00:00,0.2146737,NORMAL,0.2635244131088257,0.4121681749820709
2024-11-01 00:00:00,0.2155056,NORMAL,0.2635244131088257,0.4121681749820709
2024-11-01 01:00:00,0.21907797,NORMAL,0.2635244131088257,0.4121681749820709
2024-11-01 02:00:00,0.23522738,NORMAL,0.2635244131088257,0.4121681749820709
2024-11-01 03:00:00,0.25741255,NORMAL,0.2635244131088257,0.4121681749820709
2024-11-01 04:00:00,0.2726865,WARNING,0.2635244131088257,0.4121681749820709
2024-11-01 05:00:00,0.2670005,WARNING,0.2635244131088257,0.4121681749820709
2024-11-01 06:00:00,0.25180012,NORMAL,0.2635244131088257,0.4121681749820709
2024-11-01 07:00:00,0.2324357,NORMAL,0.2635244131088257,0.4121681749820709
2024-11-01 08:00:00,0.21110922,NORMAL,0.2635244131088257,0.4121681749820709
2024-11-01 09:00:00,0.19809358,NORMAL,0.2635244131088257,0.4121681749820709
2024-11-01 10:00:00,0.18676622,NORMAL,0.2635244131088257,0.4121681749820709
2024-11-01 11:00:00,0.16870716,NORMAL,0.2635244131088257,0.4121681749820709
2024-11-01 12:00:00,0.14714485,NORMAL,0.2635244131088257,0.4121681749820709
2024-11-01 13:00:00,0.12879384,NORMAL,0.2635244131088257,0.4121681749820709
2024-11-01 14:00:00,0.124209136,NORMAL,0.2635244131088257,0.4121681749820709
2024-11-01 15:00:00,0.13214213,NORMAL,0.2635244131088257,0.4121681749820709
2024-11-01 16:00:00,0.14424926,NORMAL,0.2635244131088257,0.4121681749820709
2024-11-01 17:00:00,0.1516617,NORMAL,0.2635244131088257,0.4121681749820709
2024-11-01 18:00:00,0.15604234,NORMAL,0.2635244131088257,0.4121681749820709
2024-11-01 19:00:00,0.16311046,NORMAL,0.2635244131088257,0.4121681749820709
2024-11-01 20:00:00,0.17224868,NORMAL,0.2635244131088257,0.4121681749820709
2024-11-01 21:00:00,0.18493296,NORMAL,0.2635244131088257,0.4121681749820709
2024-11-01 22:00:00,0.19674784,NORMAL,0.2635244131088257,0.4121681749820709
2024-11-01 23:00:00,0.20636325,NORMAL,0.2635244131088257,0.4121681749820709
2024-11-02 00:00:00,0.21772009,NORMAL,0.2635244131088257,0.4121681749820709
2024-11-02 01:00:00,0.2374097,NORMAL,0.2635244131088257,0.4121681749820709
2024-11-02 02:00:00,0.28635007,WARNING,0.2635244131088257,0.4121681749820709
2024-11-02 03:00:00,0.35379982,WARNING,0.2635244131088257,0.4121681749820709
2024-11-02 04:00:00,0.39858022,WARNING,0.2635244131088257,0.4121681749820709
2024-11-02 05:00:00,0.37036324,WARNING,0.2635244131088257,0.4121681749820709
2024-11-02 06:00:00,0.34553364,WARNING,0.2635244131088257,0.4121681749820709
2024-11-02 07:00:00,0.33050385,WARNING,0.2635244131088257,0.4121681749820709
2024-11-02 08:00:00,0.31077057,WARNING,0.2635244131088257,0.4121681749820709
2024-11-02 09:00:00,0.2896862,WARNING,0.2635244131088257,0.4121681749820709
2024-11-02 10:00:00,0.2690602,WARNING,0.2635244131088257,0.4121681749820709
2024-11-02 11:00:00,0.23779376,NORMAL,0.2635244131088257,0.4121681749820709
2024-11-02 12:00:00,0.29913276,WARNING,0.2635244131088257,0.4121681749820709
2024-11-02 13:00:00,0.34054095,WARNING,0.2635244131088257,0.4121681749820709
2024-11-02 14:00:00,0.39398757,WARNING,0.2635244131088257,0.4121681749820709
2024-11-02 15:00:00,0.45237625,CRITICAL,0.2635244131088257,0.4121681749820709
2024-11-02 16:00:00,0.509003,CRITICAL,0.2635244131088257,0.4121681749820709
2024-11-02 17:00:00,0.56325436,CRITICAL,0.2635244131088257,0.4121681749820709
2024-11-02 18:00:00,0.617445,CRITICAL,0.2635244131088257,0.4121681749820709
2024-11-02 19:00:00,0.6796731,CRITICAL,0.2635244131088257,0.4121681749820709
2024-11-02 20:00:00,0.74833584,CRITICAL,0.2635244131088257,0.4121681749820709
2024-11-02 21:00:00,0.8102882,CRITICAL,0.2635244131088257,0.4121681749820709
2024-11-02 22:00:00,0.83778036,CRITICAL,0.2635244131088257,0.4121681749820709
2024-11-02 23:00:00,0.82131284,CRITICAL,0.2635244131088257,0.4121681749820709
2024-11-03 00:00:00,0.771981,CRITICAL,0.2635244131088257,0.4121681749820709
2024-11-03 01:00:00,0.68704563,CRITICAL,0.2635244131088257,0.4121681749820709
2024-11-03 02:00:00,0.57370865,CRITICAL,0.2635244131088257,0.4121681749820709
2024-11-03 03:00:00,0.44019184,CRITICAL,0.2635244131088257,0.4121681749820709
2024-11-03 04:00:00,0.36682504,WARNING,0.2635244131088257,0.4121681749820709
2024-11-03 05:00:00,0.3513965,WARNING,0.2635244131088257,0.4121681749820709
2024-11-03 06:00:00,0.35326672,WARNING,0.2635244131088257,0.4121681749820709
2024-11-03 07:00:00,0.3436241,WARNING,0.2635244131088257,0.4121681749820709
2024-11-03 08:00:00,0.30603528,WARNING,0.2635244131088257,0.4121681749820709
2024-11-03 09:00:00,0.2526156,NORMAL,0.2635244131088257,0.4121681749820709
2024-11-03 10:00:00,0.20472448,NORMAL,0.2635244131088257,0.4121681749820709
2024-11-03 11:00:00,0.17514126,NORMAL,0.2635244131088257,0.4121681749820709
2024-11-03 12:00:00,0.16439587,NORMAL,0.2635244131088257,0.4121681749820709
2024-11-03 13:00:00,0.16180044,NORMAL,0.2635244131088257,0.4121681749820709
2024-11-03 14:00:00,0.16441105,NORMAL,0.2635244131088257,0.4121681749820709
2024-11-03 15:00:00,0.17079096,NORMAL,0.2635244131088257,0.4121681749820709
2024-11-03 16:00:00,0.18240958,NORMAL,0.2635244131088257,0.4121681749820709
2024-11-03 17:00:00,0.1943076,NORMAL,0.2635244131088257,0.4121681749820709
2024-11-03 18:00:00,0.21054357,NORMAL,0.2635244131088257,0.4121681749820709
2024-11-03 19:00:00,0.23198292,NORMAL,0.2635244131088257,0.4121681749820709
2024-11-03 20:00:00,0.2509231,NORMAL,0.2635244131088257,0.4121681749820709
2024-11-03 21:00:00,0.26849383,WARNING,0.2635244131088257,0.4121681749820709
2024-11-03 22:00:00,0.27439952,WARNING,0.2635244131088257,0.4121681749820709
2024-11-03 23:00:00,0.2711022,WARNING,0.2635244131088257,0.4121681749820709
2024-11-04 00:00:00,0.26858523,WARNING,0.2635244131088257,0.4121681749820709
2024-11-04 01:00:00,0.26640734,WARNING,0.2635244131088257,0.4121681749820709
2024-11-04 02:00:00,0.2689052,WARNING,0.2635244131088257,0.4121681749820709
2024-11-04 03:00:00,0.2635592,WARNING,0.2635244131088257,0.4121681749820709
2024-11-04 04:00:00,0.25448105,NORMAL,0.2635244131088257,0.4121681749820709
2024-11-04 05:00:00,0.27077273,WARNING,0.2635244131088257,0.4121681749820709
2024-11-04 06:00:00,0.2645597,WARNING,0.2635244131088257,0.4121681749820709
2024-11-04 07:00:00,0.24073829,NORMAL,0.2635244131088257,0.4121681749820709
2024-11-04 08:00:00,0.21822056,NORMAL,0.2635244131088257,0.4121681749820709
2024-11-04 09:00:00,0.20500211,NORMAL,0.2635244131088257,0.4121681749820709
2024-11-04 10:00:00,0.19193122,NORMAL,0.2635244131088257,0.4121681749820709
2024-11-04 11:00:00,0.18203044,NORMAL,0.2635244131088257,0.4121681749820709
2024-11-04 12:00:00,0.17706947,NORMAL,0.2635244131088257,0.4121681749820709
2024-11-04 13:00:00,0.17821665,NORMAL,0.2635244131088257,0.4121681749820709
2024-11-04 14:00:00,0.1837191,NORMAL,0.2635244131088257,0.4121681749820709
2024-11-04 15:00:00,0.19216383,NORMAL,0.2635244131088257,0.4121681749820709
2024-11-04 16:00:00,0.20518959,NORMAL,0.2635244131088257,0.4121681749820709
2024-11-04 17:00:00,0.21650696,NORMAL,0.2635244131088257,0.4121681749820709
2024-11-04 18:00:00,0.229611,NORMAL,0.2635244131088257,0.4121681749820709
2024-11-04 19:00:00,0.2461649,NORMAL,0.2635244131088257,0.4121681749820709
2024-11-04 20:00:00,0.25950527,NORMAL,0.2635244131088257,0.4121681749820709
2024-11-04 21:00:00,0.2717907,WARNING,0.2635244131088257,0.4121681749820709
2024-11-04 22:00:00,0.2737096,WARNING,0.2635244131088257,0.4121681749820709
2024-11-04 23:00:00,0.2669202,WARNING,0.2635244131088257,0.4121681749820709
2024-11-05 00:00:00,0.2589422,NORMAL,0.2635244131088257,0.4121681749820709
2024-11-05 01:00:00,0.24923676,NORMAL,0.2635244131088257,0.4121681749820709
2024-11-05 02:00:00,0.24466266,NORMAL,0.2635244131088257,0.4121681749820709
2024-11-05 03:00:00,0.2391771,NORMAL,0.2635244131088257,0.4121681749820709
2024-11-05 04:00:00,0.25139964,NORMAL,0.2635244131088257,0.4121681749820709
2024-11-05 05:00:00,0.26478437,WARNING,0.2635244131088257,0.4121681749820709
2024-11-05 06:00:00,0.25359026,NORMAL,0.2635244131088257,0.4121681749820709
2024-11-05 07:00:00,0.23017775,NORMAL,0.2635244131088257,0.4121681749820709
2024-11-05 08:00:00,0.20936206,NORMAL,0.2635244131088257,0.4121681749820709
2024-11-05 09:00:00,0.19553988,NORMAL,0.2635244131088257,0.4121681749820709
2024-11-05 10:00:00,0.1794446,NORMAL,0.2635244131088257,0.4121681749820709
2024-11-05 11:00:00,0.16977613,NORMAL,0.2635244131088257,0.4121681749820709
2024-11-05 12:00:00,0.1663438,NORMAL,0.2635244131088257,0.4121681749820709
2024-11-05 13:00:00,0.17121261,NORMAL,0.2635244131088257,0.4121681749820709
2024-11-05 14:00:00,0.17876394,NORMAL,0.2635244131088257,0.4121681749820709
2024-11-05 15:00:00,0.18802118,NORMAL,0.2635244131088257,0.4121681749820709
2024-11-05 16:00:00,0.2009587,NORMAL,0.2635244131088257,0.4121681749820709
2024-11-05 17:00:00,0.21172278,NORMAL,0.2635244131088257,0.4121681749820709
2024-11-05 18:00:00,0.2247253,NORMAL,0.2635244131088257,0.4121681749820709
2024-11-05 19:00:00,0.24145937,NORMAL,0.2635244131088257,0.4121681749820709
2024-11-05 20:00:00,0.2552104,NORMAL,0.2635244131088257,0.4121681749820709
2024-11-05 21:00:00,0.26820913,WARNING,0.2635244131088257,0.4121681749820709
2024-11-05 22:00:00,0.27230763,WARNING,0.2635244131088257,0.4121681749820709
2024-11-05 23:00:00,0.2680251,WARNING,0.2635244131088257,0.4121681749820709
2024-11-06 00:00:00,0.2623229,NORMAL,0.2635244131088257,0.4121681749820709
2024-11-06 01:00:00,0.25303435,NORMAL,0.2635244131088257,0.4121681749820709
2024-11-06 02:00:00,0.24979857,NORMAL,0.2635244131088257,0.4121681749820709
2024-11-06 03:00:00,0.24088351,NORMAL,0.2635244131088257,0.4121681749820709
2024-11-06 04:00:00,0.23652898,NORMAL,0.2635244131088257,0.4121681749820709
2024-11-06 05:00:00,0.24374904,NORMAL,0.2635244131088257,0.4121681749820709
2024-11-06 06:00:00,0.23101115,NORMAL,0.2635244131088257,0.4121681749820709
2024-11-06 07:00:00,0.20905301,NORMAL,0.2635244131088257,0.4121681749820709
2024-11-06 08:00:00,0.19156016,NORMAL,0.2635244131088257,0.4121681749820709
2024-11-06 09:00:00,0.18227166,NORMAL,0.2635244131088257,0.4121681749820709
2024-11-06 10:00:00,0.16702901,NORMAL,0.2635244131088257,0.4121681749820709
2024-11-06 11:00:00,0.15691665,NORMAL,0.2635244131088257,0.4121681749820709
2024-11-06 12:00:00,0.1525529,NORMAL,0.2635244131088257,0.4121681749820709
2024-11-06 13:00:00,0.15559697,NORMAL,0.2635244131088257,0.4121681749820709
2024-11-06 14:00:00,0.16140796,NORMAL,0.2635244131088257,0.4121681749820709
2024-11-06 15:00:00,0.16941124,NORMAL,0.2635244131088257,0.4121681749820709
2024-11-06 16:00:00,0.18194386,NORMAL,0.2635244131088257,0.4121681749820709
2024-11-06 17:00:00,0.19353299,NORMAL,0.2635244131088257,0.4121681749820709
2024-11-06 18:00:00,0.20800287,NORMAL,0.2635244131088257,0.4121681749820709
2024-11-06 19:00:00,0.22615173,NORMAL,0.2635244131088257,0.4121681749820709
2024-11-06 20:00:00,0.24115592,NORMAL,0.2635244131088257,0.4121681749820709
2024-11-06 21:00:00,0.2538415,NORMAL,0.2635244131088257,0.4121681749820709
2024-11-06 22:00:00,0.25446486,NORMAL,0.2635244131088257,0.4121681749820709
2024-11-06 23:00:00,0.24543585,NORMAL,0.2635244131088257,0.4121681749820709
2024-11-07 00:00:00,0.2378633,NORMAL,0.2635244131088257,0.4121681749820709
2024-11-07 01:00:00,0.2306877,NORMAL,0.2635244131088257,0.4121681749820709
2024-11-07 02:00:00,0.228269,NORMAL,0.2635244131088257,0.4121681749820709
2024-11-07 03:00:00,0.22149755,NORMAL,0.2635244131088257,0.4121681749820709
2024-11-07 04:00:00,0.22961515,NORMAL,0.2635244131088257,0.4121681749820709
2024-11-07 05:00:00,0.24754477,NORMAL,0.2635244131088257,0.4121681749820709
2024-11-07 06:00:00,0.2401716,NORMAL,0.2635244131088257,0.4121681749820709
2024-11-07 07:00:00,0.21971652,NORMAL,0.2635244131088257,0.4121681749820709
2024-11-07 08:00:00,0.20253412,NORMAL,0.2635244131088257,0.4121681749820709
2024-11-07 09:00:00,0.1930619,NORMAL,0.2635244131088257,0.4121681749820709
2024-11-07 10:00:00,0.17708813,NORMAL,0.2635244131088257,0.4121681749820709
2024-11-07 11:00:00,0.16411532,NORMAL,0.2635244131088257,0.4121681749820709
2024-11-07 12:00:00,0.15732458,NORMAL,0.2635244131088257,0.4121681749820709
2024-11-07 13:00:00,0.15838848,NORMAL,0.2635244131088257,0.4121681749820709
2024-11-07 14:00:00,0.16462246,NORMAL,0.2635244131088257,0.4121681749820709
2024-11-07 15:00:00,0.17520736,NORMAL,0.2635244131088257,0.4121681749820709
2024-11-07 16:00:00,0.1921823,NORMAL,0.2635244131088257,0.4121681749820709
2024-11-07 17:00:00,0.20855585,NORMAL,0.2635244131088257,0.4121681749820709
2024-11-07 18:00:00,0.22710834,NORMAL,0.2635244131088257,0.4121681749820709
2024-11-07 19:00:00,0.2482344,NORMAL,0.2635244131088257,0.4121681749820709
2024-11-07 20:00:00,0.26491624,WARNING,0.2635244131088257,0.4121681749820709
2024-11-07 21:00:00,0.28044036,WARNING,0.2635244131088257,0.4121681749820709
2024-11-07 22:00:00,0.2843003,WARNING,0.2635244131088257,0.4121681749820709
2024-11-07 23:00:00,0.2766099,WARNING,0.2635244131088257,0.4121681749820709
2024-11-08 00:00:00,0.26839286,WARNING,0.2635244131088257,0.4121681749820709
2024-11-08 01:00:00,0.25734717,NORMAL,0.2635244131088257,0.4121681749820709
2024-11-08 02:00:00,0.25004008,NORMAL,0.2635244131088257,0.4121681749820709
2024-11-08 03:00:00,0.24965365,NORMAL,0.2635244131088257,0.4121681749820709
2024-11-08 04:00:00,0.27725366,WARNING,0.2635244131088257,0.4121681749820709
2024-11-08 05:00:00,0.28880817,WARNING,0.2635244131088257,0.4121681749820709
2024-11-08 06:00:00,0.2750434,WARNING,0.2635244131088257,0.4121681749820709
2024-11-08 07:00:00,0.2526295,NORMAL,0.2635244131088257,0.4121681749820709
2024-11-08 08:00:00,0.23198181,NORMAL,0.2635244131088257,0.4121681749820709
2024-11-08 09:00:00,0.2182418,NORMAL,0.2635244131088257,0.4121681749820709
2024-11-08 10:00:00,0.20276363,NORMAL,0.2635244131088257,0.4121681749820709
2024-11-08 11:00:00,0.19053586,NORMAL,0.2635244131088257,0.4121681749820709
2024-11-08 12:00:00,0.18157512,NORMAL,0.2635244131088257,0.4121681749820709
2024-11-08 13:00:00,0.17830889,NORMAL,0.2635244131088257,0.4121681749820709
2024-11-08 14:00:00,0.17952116,NORMAL,0.2635244131088257,0.4121681749820709
2024-11-08 15:00:00,0.18453161,NORMAL,0.2635244131088257,0.4121681749820709
2024-11-08 16:00:00,0.195476,NORMAL,0.2635244131088257,0.4121681749820709
2024-11-08 17:00:00,0.2071322,NORMAL,0.2635244131088257,0.4121681749820709
2024-11-08 18:00:00,0.22223745,NORMAL,0.2635244131088257,0.4121681749820709
2024-11-08 19:00:00,0.24109398,NORMAL,0.2635244131088257,0.4121681749820709
2024-11-08 20:00:00,0.25485587,NORMAL,0.2635244131088257,0.4121681749820709
2024-11-08 21:00:00,0.2653945,WARNING,0.2635244131088257,0.4121681749820709
2024-11-08 22:00:00,0.2634585,NORMAL,0.2635244131088257,0.4121681749820709
2024-11-08 23:00:00,0.25232378,NORMAL,0.2635244131088257,0.4121681749820709
2024-11-09 00:00:00,0.24241908,NORMAL,0.2635244131088257,0.4121681749820709
2024-11-09 01:00:00,0.23432262,NORMAL,0.2635244131088257,0.4121681749820709
2024-11-09 02:00:00,0.23506668,NORMAL,0.2635244131088257,0.4121681749820709
2024-11-09 03:00:00,0.2487846,NORMAL,0.2635244131088257,0.4121681749820709
2024-11-09 04:00:00,0.27469411,WARNING,0.2635244131088257,0.4121681749820709
2024-11-09 05:00:00,0.28060347,WARNING,0.2635244131088257,0.4121681749820709
2024-11-09 06:00:00,0.26497382,WARNING,0.2635244131088257,0.4121681749820709
2024-11-09 07:00:00,0.24063022,NORMAL,0.2635244131088257,0.4121681749820709
2024-11-09 08:00:00,0.21750562,NORMAL,0.2635244131088257,0.4121681749820709
2024-11-09 09:00:00,0.201331,NORMAL,0.2635244131088257,0.4121681749820709
2024-11-09 10:00:00,0.18378468,NORMAL,0.2635244131088257,0.4121681749820709
2024-11-09 11:00:00,0.17290097,NORMAL,0.2635244131088257,0.4121681749820709
2024-11-09 12:00:00,0.16801502,NORMAL,0.2635244131088257,0.4121681749820709
2024-11-09 13:00:00,0.16970438,NORMAL,0.2635244131088257,0.4121681749820709
2024-11-09 14:00:00,0.17559107,NORMAL,0.2635244131088257,0.4121681749820709
2024-11-09 15:00:00,0.18417993,NORMAL,0.2635244131088257,0.4121681749820709
2024-11-09 16:00:00,0.1970763,NORMAL,0.2635244131088257,0.4121681749820709
2024-11-09 17:00:00,0.20748399,NORMAL,0.2635244131088257,0.4121681749820709
2024-11-09 18:00:00,0.21974733,NORMAL,0.2635244131088257,0.4121681749820709
2024-11-09 19:00:00,0.2345561,NORMAL,0.2635244131088257,0.4121681749820709
2024-11-09 20:00:00,0.24467754,NORMAL,0.2635244131088257,0.4121681749820709
2024-11-09 21:00:00,0.25283587,NORMAL,0.2635244131088257,0.4121681749820709
2024-11-09 22:00:00,0.248645,NORMAL,0.2635244131088257,0.4121681749820709
2024-11-09 23:00:00,0.23377596,NORMAL,0.2635244131088257,0.4121681749820709
2024-11-10 00:00:00,0.22195941,NORMAL,0.2635244131088257,0.4121681749820709
2024-11-10 01:00:00,0.21268696,NORMAL,0.2635244131088257,0.4121681749820709
2024-11-10 02:00:00,0.21200682,NORMAL,0.2635244131088257,0.4121681749820709
2024-11-10 03:00:00,0.21975915,NORMAL,0.2635244131088257,0.4121681749820709
2024-11-10 04:00:00,0.24166144,NORMAL,0.2635244131088257,0.4121681749820709
2024-11-10 05:00:00,0.2509089,NORMAL,0.2635244131088257,0.4121681749820709
2024-11-10 06:00:00,0.24131915,NORMAL,0.2635244131088257,0.4121681749820709
2024-11-10 07:00:00,0.22010127,NORMAL,0.2635244131088257,0.4121681749820709
2024-11-10 08:00:00,0.19924624,NORMAL,0.2635244131088257,0.4121681749820709
2024-11-10 09:00:00,0.1856915,NORMAL,0.2635244131088257,0.4121681749820709
2024-11-10 10:00:00,0.17281996,NORMAL,0.2635244131088257,0.4121681749820709
2024-11-10 11:00:00,0.16540724,NORMAL,0.2635244131088257,0.4121681749820709
2024-11-10 12:00:00,0.1623041,NORMAL,0.2635244131088257,0.4121681749820709
2024-11-10 13:00:00,0.16395576,NORMAL,0.2635244131088257,0.4121681749820709
2024-11-10 14:00:00,0.16882679,NORMAL,0.2635244131088257,0.4121681749820709
2024-11-10 15:00:00,0.17613919,NORMAL,0.2635244131088257,0.4121681749820709
2024-11-10 16:00:00,0.18695791,NORMAL,0.2635244131088257,0.4121681749820709
2024-11-10 17:00:00,0.19535862,NORMAL,0.2635244131088257,0.4121681749820709
2024-11-10 18:00:00,0.20565854,NORMAL,0.2635244131088257,0.4121681749820709
2024-11-10 19:00:00,0.21904963,NORMAL,0.2635244131088257,0.4121681749820709
2024-11-10 20:00:00,0.22818173,NORMAL,0.2635244131088257,0.4121681749820709
2024-11-10 21:00:00,0.23433249,NORMAL,0.2635244131088257,0.4121681749820709
2024-11-10 22:00:00,0.22893722,NORMAL,0.2635244131088257,0.4121681749820709
2024-11-10 23:00:00,0.21468222,NORMAL,0.2635244131088257,0.4121681749820709
2024-11-11 00:00:00,0.2055363,NORMAL,0.2635244131088257,0.4121681749820709
2024-11-11 01:00:00,0.19979608,NORMAL,0.2635244131088257,0.4121681749820709
2024-11-11 02:00:00,0.20067085,NORMAL,0.2635244131088257,0.4121681749820709
2024-11-11 03:00:00,0.20731981,NORMAL,0.2635244131088257,0.4121681749820709
2024-11-11 04:00:00,0.22713307,NORMAL,0.2635244131088257,0.4121681749820709
2024-11-11 05:00:00,0.24042866,NORMAL,0.2635244131088257,0.4121681749820709
2024-11-11 06:00:00,0.23213927,NORMAL,0.2635244131088257,0.4121681749820709
2024-11-11 07:00:00,0.21300286,NORMAL,0.2635244131088257,0.4121681749820709
2024-11-11 08:00:00,0.19753411,NORMAL,0.2635244131088257,0.4121681749820709
2024-11-11 09:00:00,0.19140856,NORMAL,0.2635244131088257,0.4121681749820709
2024-11-11 10:00:00,0.24160746,NORMAL,0.2635244131088257,0.4121681749820709
2024-11-11 11:00:00,0.24477553,NORMAL,0.2635244131088257,0.4121681749820709
2024-11-11 12:00:00,0.24485499,NORMAL,0.2635244131088257,0.4121681749820709
2024-11-11 13:00:00,0.2480251,NORMAL,0.2635244131088257,0.4121681749820709
2024-11-11 14:00:00,0.25285056,NORMAL,0.2635244131088257,0.4121681749820709
2024-11-11 15:00:00,0.25919995,NORMAL,0.2635244131088257,0.4121681749820709
2024-11-11 16:00:00,0.27034935,WARNING,0.2635244131088257,0.4121681749820709
2024-11-11 17:00:00,0.27966338,WARNING,0.2635244131088257,0.4121681749820709
2024-11-11 18:00:00,0.28998348,WARNING,0.2635244131088257,0.4121681749820709
2024-11-11 19:00:00,0.3024825,WARNING,0.2635244131088257,0.4121681749820709
2024-11-11 20:00:00,0.30897653,WARNING,0.2635244131088257,0.4121681749820709
2024-11-11 21:00:00,0.31388134,WARNING,0.2635244131088257,0.4121681749820709
2024-11-11 22:00:00,0.30887687,WARNING,0.2635244131088257,0.4121681749820709
2024-11-11 23:00:00,0.29612744,WARNING,0.2635244131088257,0.4121681749820709
2024-11-12 00:00:00,0.2862668,WARNING,0.2635244131088257,0.4121681749820709
2024-11-12 01:00:00,0.27956188,WARNING,0.2635244131088257,0.4121681749820709
2024-11-12 02:00:00,0.282804,WARNING,0.2635244131088257,0.4121681749820709
2024-11-12 03:00:00,0.29789692,WARNING,0.2635244131088257,0.4121681749820709
2024-11-12 04:00:00,0.3233397,WARNING,0.2635244131088257,0.4121681749820709
2024-11-12 05:00:00,0.33850315,WARNING,0.2635244131088257,0.4121681749820709
2024-11-12 06:00:00,0.32531106,WARNING,0.2635244131088257,0.4121681749820709
2024-11-12 07:00:00,0.29841116,WARNING,0.2635244131088257,0.4121681749820709
2024-11-12 08:00:00,0.3105961,WARNING,0.2635244131088257,0.4121681749820709
2024-11-12 09:00:00,0.29228422,WARNING,0.2635244131088257,0.4121681749820709
2024-11-12 10:00:00,0.300995,WARNING,0.2635244131088257,0.4121681749820709
2024-11-12 11:00:00,0.28546232,WARNING,0.2635244131088257,0.4121681749820709
2024-11-12 12:00:00,0.28378138,WARNING,0.2635244131088257,0.4121681749820709
2024-11-12 13:00:00,0.2967342,WARNING,0.2635244131088257,0.4121681749820709
2024-11-12 14:00:00,0.30944946,WARNING,0.2635244131088257,0.4121681749820709
2024-11-12 15:00:00,0.3185102,WARNING,0.2635244131088257,0.4121681749820709
2024-11-12 16:00:00,0.33162478,WARNING,0.2635244131088257,0.4121681749820709
2024-11-12 17:00:00,0.33981907,WARNING,0.2635244131088257,0.4121681749820709
2024-11-12 18:00:00,0.3481964,WARNING,0.2635244131088257,0.4121681749820709
2024-11-12 19:00:00,0.35792863,WARNING,0.2635244131088257,0.4121681749820709
2024-11-12 20:00:00,0.3610103,WARNING,0.2635244131088257,0.4121681749820709
2024-11-12 21:00:00,0.3629629,WARNING,0.2635244131088257,0.4121681749820709
2024-11-12 22:00:00,0.3535508,WARNING,0.2635244131088257,0.4121681749820709
2024-11-12 23:00:00,0.3335644,WARNING,0.2635244131088257,0.4121681749820709
2024-11-13 00:00:00,0.3161502,WARNING,0.2635244131088257,0.4121681749820709
2024-11-13 01:00:00,0.30969048,WARNING,0.2635244131088257,0.4121681749820709
2024-11-13 02:00:00,0.3241197,WARNING,0.2635244131088257,0.4121681749820709
2024-11-13 03:00:00,0.35115564,WARNING,0.2635244131088257,0.4121681749820709
2024-11-13 04:00:00,0.3736696,WARNING,0.2635244131088257,0.4121681749820709
2024-11-13 05:00:00,0.38087517,WARNING,0.2635244131088257,0.4121681749820709
2024-11-13 06:00:00,0.34279525,WARNING,0.2635244131088257,0.4121681749820709
2024-11-13 07:00:00,0.2733945,WARNING,0.2635244131088257,0.4121681749820709
2024-11-13 08:00:00,0.24821223,NORMAL,0.2635244131088257,0.4121681749820709
2024-11-13 09:00:00,0.22030297,NORMAL,0.2635244131088257,0.4121681749820709
2024-11-13 10:00:00,0.20038295,NORMAL,0.2635244131088257,0.4121681749820709
2024-11-13 11:00:00,0.19245598,NORMAL,0.2635244131088257,0.4121681749820709
2024-11-13 12:00:00,0.18976364,NORMAL,0.2635244131088257,0.4121681749820709
2024-11-13 13:00:00,0.19300367,NORMAL,0.2635244131088257,0.4121681749820709
2024-11-13 14:00:00,0.19641352,NORMAL,0.2635244131088257,0.4121681749820709
2024-11-13 15:00:00,0.19797052,NORMAL,0.2635244131088257,0.4121681749820709
2024-11-13 16:00:00,0.20437652,NORMAL,0.2635244131088257,0.4121681749820709
2024-11-13 17:00:00,0.20758653,NORMAL,0.2635244131088257,0.4121681749820709
2024-11-13 18:00:00,0.21101731,NORMAL,0.2635244131088257,0.4121681749820709
2024-11-13 19:00:00,0.21545757,NORMAL,0.2635244131088257,0.4121681749820709
2024-11-13 20:00:00,0.21294968,NORMAL,0.2635244131088257,0.4121681749820709
2024-11-13 21:00:00,0.20786792,NORMAL,0.2635244131088257,0.4121681749820709
2024-11-13 22:00:00,0.18969005,NORMAL,0.2635244131088257,0.4121681749820709
2024-11-13 23:00:00,0.16593963,NORMAL,0.2635244131088257,0.4121681749820709
2024-11-14 00:00:00,0.151984,NORMAL,0.2635244131088257,0.4121681749820709
2024-11-14 01:00:00,0.15250492,NORMAL,0.2635244131088257,0.4121681749820709
2024-11-14 02:00:00,0.17660457,NORMAL,0.2635244131088257,0.4121681749820709
2024-11-14 03:00:00,0.21536663,NORMAL,0.2635244131088257,0.4121681749820709
2024-11-14 04:00:00,0.24696176,NORMAL,0.2635244131088257,0.4121681749820709
2024-11-14 05:00:00,0.26260877,NORMAL,0.2635244131088257,0.4121681749820709
2024-11-14 06:00:00,0.2504927,NORMAL,0.2635244131088257,0.4121681749820709
2024-11-14 07:00:00,0.22855309,NORMAL,0.2635244131088257,0.4121681749820709
2024-11-14 08:00:00,0.2097171,NORMAL,0.2635244131088257,0.4121681749820709
2024-11-14 09:00:00,0.19768833,NORMAL,0.2635244131088257,0.4121681749820709
2024-11-14 10:00:00,0.24612328,NORMAL,0.2635244131088257,0.4121681749820709
2024-11-14 11:00:00,0.24881442,NORMAL,0.2635244131088257,0.4121681749820709
2024-11-14 12:00:00,0.25255612,NORMAL,0.2635244131088257,0.4121681749820709
2024-11-14 13:00:00,0.25913215,NORMAL,0.2635244131088257,0.4121681749820709
2024-11-14 14:00:00,0.26464677,WARNING,0.2635244131088257,0.4121681749820709
2024-11-14 15:00:00,0.26852703,WARNING,0.2635244131088257,0.4121681749820709
2024-11-14 16:00:00,0.27654564,WARNING,0.2635244131088257,0.4121681749820709
2024-11-14 17:00:00,0.2824534,WARNING,0.2635244131088257,0.4121681749820709
2024-11-14 18:00:00,0.288686,WARNING,0.2635244131088257,0.4121681749820709
2024-11-14 19:00:00,0.29652998,WARNING,0.2635244131088257,0.4121681749820709
2024-11-14 20:00:00,0.29990733,WARNING,0.2635244131088257,0.4121681749820709
2024-11-14 21:00:00,0.30334815,WARNING,0.2635244131088257,0.4121681749820709
2024-11-14 22:00:00,0.298703,WARNING,0.2635244131088257,0.4121681749820709
2024-11-14 23:00:00,0.2831499,WARNING,0.2635244131088257,0.4121681749820709
2024-11-15 00:00:00,0.2665613,WARNING,0.2635244131088257,0.4121681749820709
2024-11-15 01:00:00,0.25248164,NORMAL,0.2635244131088257,0.4121681749820709
2024-11-15 02:00:00,0.25505507,NORMAL,0.2635244131088257,0.4121681749820709
2024-11-15 03:00:00,0.2746315,WARNING,0.2635244131088257,0.4121681749820709
2024-11-15 04:00:00,0.29412377,WARNING,0.2635244131088257,0.4121681749820709
2024-11-15 05:00:00,0.2926862,WARNING,0.2635244131088257,0.4121681749820709
2024-11-15 06:00:00,0.2728937,WARNING,0.2635244131088257,0.4121681749820709
2024-11-15 07:00:00,0.30081075,WARNING,0.2635244131088257,0.4121681749820709
2024-11-15 08:00:00,0.2997205,WARNING,0.2635244131088257,0.4121681749820709
2024-11-15 09:00:00,0.21840642,NORMAL,0.2635244131088257,0.4121681749820709
2024-11-15 10:00:00,0.19220778,NORMAL,0.2635244131088257,0.4121681749820709
2024-11-15 11:00:00,0.18409146,NORMAL,0.2635244131088257,0.4121681749820709
2024-11-15 12:00:00,0.20814377,NORMAL,0.2635244131088257,0.4121681749820709
2024-11-15 13:00:00,0.21761984,NORMAL,0.2635244131088257,0.4121681749820709
2024-11-15 14:00:00,0.22608301,NORMAL,0.2635244131088257,0.4121681749820709
2024-11-15 15:00:00,0.23665722,NORMAL,0.2635244131088257,0.4121681749820709
2024-11-15 16:00:00,0.25318924,NORMAL,0.2635244131088257,0.4121681749820709
2024-11-15 17:00:00,0.26433498,WARNING,0.2635244131088257,0.4121681749820709
2024-11-15 18:00:00,0.2738269,WARNING,0.2635244131088257,0.4121681749820709
2024-11-15 19:00:00,0.28902227,WARNING,0.2635244131088257,0.4121681749820709
2024-11-15 20:00:00,0.30130687,WARNING,0.2635244131088257,0.4121681749820709
2024-11-15 21:00:00,0.30870935,WARNING,0.2635244131088257,0.4121681749820709
2024-11-15 22:00:00,0.29291403,WARNING,0.2635244131088257,0.4121681749820709
2024-11-15 23:00:00,0.2589371,NORMAL,0.2635244131088257,0.4121681749820709
2024-11-16 00:00:00,0.22325063,NORMAL,0.2635244131088257,0.4121681749820709
2024-11-16 01:00:00,0.19289796,NORMAL,0.2635244131088257,0.4121681749820709
2024-11-16 02:00:00,0.19006512,NORMAL,0.2635244131088257,0.4121681749820709
2024-11-16 03:00:00,0.20775373,NORMAL,0.2635244131088257,0.4121681749820709
2024-11-16 04:00:00,0.22835302,NORMAL,0.2635244131088257,0.4121681749820709
2024-11-16 05:00:00,0.24167238,NORMAL,0.2635244131088257,0.4121681749820709
2024-11-16 06:00:00,0.23249573,NORMAL,0.2635244131088257,0.4121681749820709
2024-11-16 07:00:00,0.24247909,NORMAL,0.2635244131088257,0.4121681749820709
2024-11-16 08:00:00,0.2524694,NORMAL,0.2635244131088257,0.4121681749820709
2024-11-16 09:00:00,0.23660056,NORMAL,0.2635244131088257,0.4121681749820709
2024-11-16 10:00:00,0.19913104,NORMAL,0.2635244131088257,0.4121681749820709
2024-11-16 11:00:00,0.21514118,NORMAL,0.2635244131088257,0.4121681749820709
2024-11-16 12:00:00,0.22510232,NORMAL,0.2635244131088257,0.4121681749820709
2024-11-16 13:00:00,0.24086091,NORMAL,0.2635244131088257,0.4121681749820709
2024-11-16 14:00:00,0.2498845,NORMAL,0.2635244131088257,0.4121681749820709
2024-11-16 15:00:00,0.25501844,NORMAL,0.2635244131088257,0.4121681749820709
2024-11-16 16:00:00,0.26439658,WARNING,0.2635244131088257,0.4121681749820709
2024-11-16 17:00:00,0.26855242,WARNING,0.2635244131088257,0.4121681749820709
2024-11-16 18:00:00,0.27028218,WARNING,0.2635244131088257,0.4121681749820709
2024-11-16 19:00:00,0.27558383,WARNING,0.2635244131088257,0.4121681749820709
2024-11-16 20:00:00,0.2789845,WARNING,0.2635244131088257,0.4121681749820709
2024-11-16 21:00:00,0.27782378,WARNING,0.2635244131088257,0.4121681749820709
2024-11-16 22:00:00,0.25766665,NORMAL,0.2635244131088257,0.4121681749820709
2024-11-16 23:00:00,0.22917983,NORMAL,0.2635244131088257,0.4121681749820709
2024-11-17 00:00:00,0.21606304,NORMAL,0.2635244131088257,0.4121681749820709
2024-11-17 01:00:00,0.2285361,NORMAL,0.2635244131088257,0.4121681749820709
2024-11-17 02:00:00,0.25617173,NORMAL,0.2635244131088257,0.4121681749820709
2024-11-17 03:00:00,0.28376848,WARNING,0.2635244131088257,0.4121681749820709
2024-11-17 04:00:00,0.29590914,WARNING,0.2635244131088257,0.4121681749820709
2024-11-17 05:00:00,0.30183885,WARNING,0.2635244131088257,0.4121681749820709
2024-11-17 06:00:00,0.27136046,WARNING,0.2635244131088257,0.4121681749820709
2024-11-17 07:00:00,0.21894985,NORMAL,0.2635244131088257,0.4121681749820709
2024-11-17 08:00:00,0.19309893,NORMAL,0.2635244131088257,0.4121681749820709
2024-11-17 09:00:00,0.14545098,NORMAL,0.2635244131088257,0.4121681749820709
2024-11-17 10:00:00,0.10808924,NORMAL,0.2635244131088257,0.4121681749820709
2024-11-17 11:00:00,0.10747054,NORMAL,0.2635244131088257,0.4121681749820709
2024-11-17 12:00:00,0.11045432,NORMAL,0.2635244131088257,0.4121681749820709
2024-11-17 13:00:00,0.11351599,NORMAL,0.2635244131088257,0.4121681749820709
2024-11-17 14:00:00,0.1130788,NORMAL,0.2635244131088257,0.4121681749820709
2024-11-17 15:00:00,0.11108568,NORMAL,0.2635244131088257,0.4121681749820709
2024-11-17 16:00:00,0.112317294,NORMAL,0.2635244131088257,0.4121681749820709
2024-11-17 17:00:00,0.11133774,NORMAL,0.2635244131088257,0.4121681749820709
2024-11-17 18:00:00,0.10972365,NORMAL,0.2635244131088257,0.4121681749820709
2024-11-17 19:00:00,0.109617576,NORMAL,0.2635244131088257,0.4121681749820709
2024-11-17 20:00:00,0.10783931,NORMAL,0.2635244131088257,0.4121681749820709
2024-11-17 21:00:00,0.10617668,NORMAL,0.2635244131088257,0.4121681749820709
2024-11-17 22:00:00,0.09666043,NORMAL,0.2635244131088257,0.4121681749820709
2024-11-17 23:00:00,0.08539052,NORMAL,0.2635244131088257,0.4121681749820709
2024-11-18 00:00:00,0.077877656,NORMAL,0.2635244131088257,0.4121681749820709
2024-11-18 01:00:00,0.07743572,NORMAL,0.2635244131088257,0.4121681749820709
2024-11-18 02:00:00,0.09065749,NORMAL,0.2635244131088257,0.4121681749820709
2024-11-18 03:00:00,0.109239064,NORMAL,0.2635244131088257,0.4121681749820709
2024-11-18 04:00:00,0.12103306,NORMAL,0.2635244131088257,0.4121681749820709
2024-11-18 05:00:00,0.13506792,NORMAL,0.2635244131088257,0.4121681749820709
2024-11-18 06:00:00,0.12985057,NORMAL,0.2635244131088257,0.4121681749820709
2024-11-18 07:00:00,0.11293466,NORMAL,0.2635244131088257,0.4121681749820709
2024-11-18 08:00:00,0.09913866,NORMAL,0.2635244131088257,0.4121681749820709
2024-11-18 09:00:00,0.08596375,NORMAL,0.2635244131088257,0.4121681749820709
2024-11-18 10:00:00,0.076370716,NORMAL,0.2635244131088257,0.4121681749820709
2024-11-18 11:00:00,0.07767839,NORMAL,0.2635244131088257,0.4121681749820709
2024-11-18 12:00:00,0.08100313,NORMAL,0.2635244131088257,0.4121681749820709
2024-11-18 13:00:00,0.08140552,NORMAL,0.2635244131088257,0.4121681749820709
2024-11-18 14:00:00,0.07955824,NORMAL,0.2635244131088257,0.4121681749820709
2024-11-18 15:00:00,0.077938184,NORMAL,0.2635244131088257,0.4121681749820709
2024-11-18 16:00:00,0.07858774,NORMAL,0.2635244131088257,0.4121681749820709
2024-11-18 17:00:00,0.078194715,NORMAL,0.2635244131088257,0.4121681749820709
2024-11-18 18:00:00,0.07888037,NORMAL,0.2635244131088257,0.4121681749820709
2024-11-18 19:00:00,0.08276048,NORMAL,0.2635244131088257,0.4121681749820709
2024-11-18 20:00:00,0.0879401,NORMAL,0.2635244131088257,0.4121681749820709
2024-11-18 21:00:00,0.09345407,NORMAL,0.2635244131088257,0.4121681749820709
2024-11-18 22:00:00,0.093330294,NORMAL,0.2635244131088257,0.4121681749820709
2024-11-18 23:00:00,0.0896606,NORMAL,0.2635244131088257,0.4121681749820709
2024-11-19 00:00:00,0.085097425,NORMAL,0.2635244131088257,0.4121681749820709
2024-11-19 01:00:00,0.08260542,NORMAL,0.2635244131088257,0.4121681749820709
2024-11-19 02:00:00,0.0894333,NORMAL,0.2635244131088257,0.4121681749820709
2024-11-19 03:00:00,0.10085794,NORMAL,0.2635244131088257,0.4121681749820709
2024-11-19 04:00:00,0.10720456,NORMAL,0.2635244131088257,0.4121681749820709
2024-11-19 05:00:00,0.11021528,NORMAL,0.2635244131088257,0.4121681749820709
2024-11-19 06:00:00,0.099772744,NORMAL,0.2635244131088257,0.4121681749820709
2024-11-19 07:00:00,0.08280954,NORMAL,0.2635244131088257,0.4121681749820709
2024-11-19 08:00:00,0.06987204,NORMAL,0.2635244131088257,0.4121681749820709
2024-11-19 09:00:00,0.057317887,NORMAL,0.2635244131088257,0.4121681749820709
2024-11-19 10:00:00,0.05068172,NORMAL,0.2635244131088257,0.4121681749820709
2024-11-19 11:00:00,0.052738838,NORMAL,0.2635244131088257,0.4121681749820709
2024-11-19 12:00:00,0.055194676,NORMAL,0.2635244131088257,0.4121681749820709
2024-11-19 13:00:00,0.05526118,NORMAL,0.2635244131088257,0.4121681749820709
2024-11-19 14:00:00,0.056239896,NORMAL,0.2635244131088257,0.4121681749820709
2024-11-19 15:00:00,0.058267847,NORMAL,0.2635244131088257,0.4121681749820709
2024-11-19 16:00:00,0.06092939,NORMAL,0.2635244131088257,0.4121681749820709
2024-11-19 17:00:00,0.060724124,NORMAL,0.2635244131088257,0.4121681749820709
2024-11-19 18:00:00,0.060695037,NORMAL,0.2635244131088257,0.4121681749820709
2024-11-19 19:00:00,0.06299546,NORMAL,0.2635244131088257,0.4121681749820709
2024-11-19 20:00:00,0.066201195,NORMAL,0.2635244131088257,0.4121681749820709
2024-11-19 21:00:00,0.06823288,NORMAL,0.2635244131088257,0.4121681749820709
2024-11-19 22:00:00,0.06278387,NORMAL,0.2635244131088257,0.4121681749820709
2024-11-19 23:00:00,0.058013745,NORMAL,0.2635244131088257,0.4121681749820709
2024-11-20 00:00:00,0.054517884,NORMAL,0.2635244131088257,0.4121681749820709
2024-11-20 01:00:00,0.055909887,NORMAL,0.2635244131088257,0.4121681749820709
2024-11-20 02:00:00,0.06627907,NORMAL,0.2635244131088257,0.4121681749820709
2024-11-20 03:00:00,0.0803624,NORMAL,0.2635244131088257,0.4121681749820709
2024-11-20 04:00:00,0.08737948,NORMAL,0.2635244131088257,0.4121681749820709
2024-11-20 05:00:00,0.096365556,NORMAL,0.2635244131088257,0.4121681749820709
2024-11-20 06:00:00,0.09378236,NORMAL,0.2635244131088257,0.4121681749820709
2024-11-20 07:00:00,0.0811301,NORMAL,0.2635244131088257,0.4121681749820709
2024-11-20 08:00:00,0.07006518,NORMAL,0.2635244131088257,0.4121681749820709
2024-11-20 09:00:00,0.06056057,NORMAL,0.2635244131088257,0.4121681749820709
2024-11-20 10:00:00,0.059300646,NORMAL,0.2635244131088257,0.4121681749820709
2024-11-20 11:00:00,0.06075992,NORMAL,0.2635244131088257,0.4121681749820709
2024-11-20 12:00:00,0.059607796,NORMAL,0.2635244131088257,0.4121681749820709
2024-11-20 13:00:00,0.05424402,NORMAL,0.2635244131088257,0.4121681749820709
2024-11-20 14:00:00,0.049742427,NORMAL,0.2635244131088257,0.4121681749820709
2024-11-20 15:00:00,0.048000455,NORMAL,0.2635244131088257,0.4121681749820709
2024-11-20 16:00:00,0.04815785,NORMAL,0.2635244131088257,0.4121681749820709
2024-11-20 17:00:00,0.04704146,NORMAL,0.2635244131088257,0.4121681749820709
2024-11-20 18:00:00,0.045844395,NORMAL,0.2635244131088257,0.4121681749820709
2024-11-20 19:00:00,0.046406433,NORMAL,0.2635244131088257,0.4121681749820709
2024-11-20 20:00:00,0.04710075,NORMAL,0.2635244131088257,0.4121681749820709
2024-11-20 21:00:00,0.04605265,NORMAL,0.2635244131088257,0.4121681749820709
2024-11-20 22:00:00,0.04425976,NORMAL,0.2635244131088257,0.4121681749820709
2024-11-20 23:00:00,0.04408354,NORMAL,0.2635244131088257,0.4121681749820709
2024-11-21 00:00:00,0.043787856,NORMAL,0.2635244131088257,0.4121681749820709
2024-11-21 01:00:00,0.046902616,NORMAL,0.2635244131088257,0.4121681749820709
2024-11-21 02:00:00,0.05726065,NORMAL,0.2635244131088257,0.4121681749820709
2024-11-21 03:00:00,0.0706705,NORMAL,0.2635244131088257,0.4121681749820709
2024-11-21 04:00:00,0.07919834,NORMAL,0.2635244131088257,0.4121681749820709
2024-11-21 05:00:00,0.085909456,NORMAL,0.2635244131088257,0.4121681749820709
2024-11-21 06:00:00,0.080448985,NORMAL,0.2635244131088257,0.4121681749820709
2024-11-21 07:00:00,0.06801828,NORMAL,0.2635244131088257,0.4121681749820709
2024-11-21 08:00:00,0.059597593,NORMAL,0.2635244131088257,0.4121681749820709
2024-11-21 09:00:00,0.051674776,NORMAL,0.2635244131088257,0.4121681749820709
2024-11-21 10:00:00,0.049180213,NORMAL,0.2635244131088257,0.4121681749820709
2024-11-21 11:00:00,0.051508106,NORMAL,0.2635244131088257,0.4121681749820709
2024-11-21 12:00:00,0.05397751,NORMAL,0.2635244131088257,0.4121681749820709
2024-11-21 13:00:00,0.054706916,NORMAL,0.2635244131088257,0.4121681749820709
2024-11-21 14:00:00,0.05490764,NORMAL,0.2635244131088257,0.4121681749820709
2024-11-21 15:00:00,0.056126945,NORMAL,0.2635244131088257,0.4121681749820709
2024-11-21 16:00:00,0.059028864,NORMAL,0.2635244131088257,0.4121681749820709
2024-11-21 17:00:00,0.05896799,NORMAL,0.2635244131088257,0.4121681749820709
2024-11-21 18:00:00,0.057636872,NORMAL,0.2635244131088257,0.4121681749820709
2024-11-21 19:00:00,0.05780886,NORMAL,0.2635244131088257,0.4121681749820709
2024-11-21 20:00:00,0.058667004,NORMAL,0.2635244131088257,0.4121681749820709
2024-11-21 21:00:00,0.060459357,NORMAL,0.2635244131088257,0.4121681749820709
2024-11-21 22:00:00,0.05914906,NORMAL,0.2635244131088257,0.4121681749820709
2024-11-21 23:00:00,0.058135908,NORMAL,0.2635244131088257,0.4121681749820709
2024-11-22 00:00:00,0.05691813,NORMAL,0.2635244131088257,0.4121681749820709
2024-11-22 01:00:00,0.057626247,NORMAL,0.2635244131088257,0.4121681749820709
2024-11-22 02:00:00,0.065390974,NORMAL,0.2635244131088257,0.4121681749820709
2024-11-22 03:00:00,0.07463931,NORMAL,0.2635244131088257,0.4121681749820709
2024-11-22 04:00:00,0.08092365,NORMAL,0.2635244131088257,0.4121681749820709
2024-11-22 05:00:00,0.08815923,NORMAL,0.2635244131088257,0.4121681749820709
2024-11-22 06:00:00,0.08437243,NORMAL,0.2635244131088257,0.4121681749820709
2024-11-22 07:00:00,0.072619475,NORMAL,0.2635244131088257,0.4121681749820709
2024-11-22 08:00:00,0.064314246,NORMAL,0.2635244131088257,0.4121681749820709
2024-11-22 09:00:00,0.055851538,NORMAL,0.2635244131088257,0.4121681749820709
2024-11-22 10:00:00,0.049555227,NORMAL,0.2635244131088257,0.4121681749820709
2024-11-22 11:00:00,0.049489185,NORMAL,0.2635244131088257,0.4121681749820709
2024-11-22 12:00:00,0.05159719,NORMAL,0.2635244131088257,0.4121681749820709
2024-11-22 13:00:00,0.053336903,NORMAL,0.2635244131088257,0.4121681749820709
2024-11-22 14:00:00,0.0549906,NORMAL,0.2635244131088257,0.4121681749820709
2024-11-22 15:00:00,0.057033625,NORMAL,0.2635244131088257,0.4121681749820709
2024-11-22 16:00:00,0.06113933,NORMAL,0.2635244131088257,0.4121681749820709
2024-11-22 17:00:00,0.06279434,NORMAL,0.2635244131088257,0.4121681749820709
2024-11-22 18:00:00,0.063159674,NORMAL,0.2635244131088257,0.4121681749820709
2024-11-22 19:00:00,0.06485212,NORMAL,0.2635244131088257,0.4121681749820709
2024-11-22 20:00:00,0.06747253,NORMAL,0.2635244131088257,0.4121681749820709
2024-11-22 21:00:00,0.071017094,NORMAL,0.2635244131088257,0.4121681749820709
2024-11-22 22:00:00,0.07185968,NORMAL,0.2635244131088257,0.4121681749820709
2024-11-22 23:00:00,0.072543465,NORMAL,0.2635244131088257,0.4121681749820709
2024-11-23 00:00:00,0.07259229,NORMAL,0.2635244131088257,0.4121681749820709
2024-11-23 01:00:00,0.073417746,NORMAL,0.2635244131088257,0.4121681749820709
2024-11-23 02:00:00,0.08157924,NORMAL,0.2635244131088257,0.4121681749820709
2024-11-23 03:00:00,0.09027877,NORMAL,0.2635244131088257,0.4121681749820709
2024-11-23 04:00:00,0.09679719,NORMAL,0.2635244131088257,0.4121681749820709
2024-11-23 05:00:00,0.10217365,NORMAL,0.2635244131088257,0.4121681749820709
2024-11-23 06:00:00,0.09537721,NORMAL,0.2635244131088257,0.4121681749820709
2024-11-23 07:00:00,0.08060888,NORMAL,0.2635244131088257,0.4121681749820709
2024-11-23 08:00:00,0.07120002,NORMAL,0.2635244131088257,0.4121681749820709
2024-11-23 09:00:00,0.06678271,NORMAL,0.2635244131088257,0.4121681749820709
2024-11-23 10:00:00,0.064005435,NORMAL,0.2635244131088257,0.4121681749820709
2024-11-23 11:00:00,0.06856896,NORMAL,0.2635244131088257,0.4121681749820709
2024-11-23 12:00:00,0.07656607,NORMAL,0.2635244131088257,0.4121681749820709
2024-11-23 13:00:00,0.08269885,NORMAL,0.2635244131088257,0.4121681749820709
2024-11-23 14:00:00,0.08649114,NORMAL,0.2635244131088257,0.4121681749820709
2024-11-23 15:00:00,0.08894413,NORMAL,0.2635244131088257,0.4121681749820709
2024-11-23 16:00:00,0.09173227,NORMAL,0.2635244131088257,0.4121681749820709
2024-11-23 17:00:00,0.091312446,NORMAL,0.2635244131088257,0.4121681749820709
2024-11-23 18:00:00,0.09056703,NORMAL,0.2635244131088257,0.4121681749820709
2024-11-23 19:00:00,0.09215953,NORMAL,0.2635244131088257,0.4121681749820709
2024-11-23 20:00:00,0.09491339,NORMAL,0.2635244131088257,0.4121681749820709
2024-11-23 21:00:00,0.09784656,NORMAL,0.2635244131088257,0.4121681749820709
2024-11-23 22:00:00,0.09277257,NORMAL,0.2635244131088257,0.4121681749820709
2024-11-23 23:00:00,0.08829726,NORMAL,0.2635244131088257,0.4121681749820709
2024-11-24 00:00:00,0.08589758,NORMAL,0.2635244131088257,0.4121681749820709
2024-11-24 01:00:00,0.08208955,NORMAL,0.2635244131088257,0.4121681749820709
2024-11-24 02:00:00,0.08178541,NORMAL,0.2635244131088257,0.4121681749820709
2024-11-24 03:00:00,0.08243926,NORMAL,0.2635244131088257,0.4121681749820709
2024-11-24 04:00:00,0.08189436,NORMAL,0.2635244131088257,0.4121681749820709
2024-11-24 05:00:00,0.081659675,NORMAL,0.2635244131088257,0.4121681749820709
2024-11-24 06:00:00,0.08059193,NORMAL,0.2635244131088257,0.4121681749820709
2024-11-24 07:00:00,0.07498901,NORMAL,0.2635244131088257,0.4121681749820709
2024-11-24 08:00:00,0.070824295,NORMAL,0.2635244131088257,0.4121681749820709
2024-11-24 09:00:00,0.0675823,NORMAL,0.2635244131088257,0.4121681749820709
2024-11-24 10:00:00,0.066597424,NORMAL,0.2635244131088257,0.4121681749820709
2024-11-24 11:00:00,0.07091953,NORMAL,0.2635244131088257,0.4121681749820709
2024-11-24 12:00:00,0.07406259,NORMAL,0.2635244131088257,0.4121681749820709
2024-11-24 13:00:00,0.075715266,NORMAL,0.2635244131088257,0.4121681749820709
2024-11-24 14:00:00,0.07711902,NORMAL,0.2635244131088257,0.4121681749820709
2024-11-24 15:00:00,0.07648991,NORMAL,0.2635244131088257,0.4121681749820709
2024-11-24 16:00:00,0.07200699,NORMAL,0.2635244131088257,0.4121681749820709
2024-11-24 17:00:00,0.06326504,NORMAL,0.2635244131088257,0.4121681749820709
2024-11-24 18:00:00,0.056117278,NORMAL,0.2635244131088257,0.4121681749820709
2024-11-24 19:00:00,0.05200145,NORMAL,0.2635244131088257,0.4121681749820709
2024-11-24 20:00:00,0.050251745,NORMAL,0.2635244131088257,0.4121681749820709
2024-11-24 21:00:00,0.04971577,NORMAL,0.2635244131088257,0.4121681749820709
2024-11-24 22:00:00,0.04947464,NORMAL,0.2635244131088257,0.4121681749820709
2024-11-24 23:00:00,0.05318843,NORMAL,0.2635244131088257,0.4121681749820709
2024-11-25 00:00:00,0.05533365,NORMAL,0.2635244131088257,0.4121681749820709
2024-11-25 01:00:00,0.05547344,NORMAL,0.2635244131088257,0.4121681749820709
2024-11-25 02:00:00,0.057528574,NORMAL,0.2635244131088257,0.4121681749820709
2024-11-25 03:00:00,0.061453514,NORMAL,0.2635244131088257,0.4121681749820709
2024-11-25 04:00:00,0.06325143,NORMAL,0.2635244131088257,0.4121681749820709
2024-11-25 05:00:00,0.06920005,NORMAL,0.2635244131088257,0.4121681749820709
2024-11-25 06:00:00,0.07638844,NORMAL,0.2635244131088257,0.4121681749820709
2024-11-25 07:00:00,0.07533104,NORMAL,0.2635244131088257,0.4121681749820709
2024-11-25 08:00:00,0.071975105,NORMAL,0.2635244131088257,0.4121681749820709
2024-11-25 09:00:00,0.068522856,NORMAL,0.2635244131088257,0.4121681749820709
2024-11-25 10:00:00,0.06829807,NORMAL,0.2635244131088257,0.4121681749820709
2024-11-25 11:00:00,0.06914262,NORMAL,0.2635244131088257,0.4121681749820709
2024-11-25 12:00:00,0.0669819,NORMAL,0.2635244131088257,0.4121681749820709
2024-11-25 13:00:00,0.06329053,NORMAL,0.2635244131088257,0.4121681749820709
2024-11-25 14:00:00,0.061156493,NORMAL,0.2635244131088257,0.4121681749820709
2024-11-25 15:00:00,0.059568923,NORMAL,0.2635244131088257,0.4121681749820709
2024-11-25 16:00:00,0.055714104,NORMAL,0.2635244131088257,0.4121681749820709
2024-11-25 17:00:00,0.050759777,NORMAL,0.2635244131088257,0.4121681749820709
2024-11-25 18:00:00,0.04760697,NORMAL,0.2635244131088257,0.4121681749820709
2024-11-25 19:00:00,0.045629136,NORMAL,0.2635244131088257,0.4121681749820709
2024-11-25 20:00:00,0.045374412,NORMAL,0.2635244131088257,0.4121681749820709
2024-11-25 21:00:00,0.045958895,NORMAL,0.2635244131088257,0.4121681749820709
2024-11-25 22:00:00,0.050847653,NORMAL,0.2635244131088257,0.4121681749820709
2024-11-25 23:00:00,0.054886658,NORMAL,0.2635244131088257,0.4121681749820709
2024-11-26 00:00:00,0.05701981,NORMAL,0.2635244131088257,0.4121681749820709
2024-11-26 01:00:00,0.059491057,NORMAL,0.2635244131088257,0.4121681749820709
2024-11-26 02:00:00,0.06274992,NORMAL,0.2635244131088257,0.4121681749820709
2024-11-26 03:00:00,0.065559015,NORMAL,0.2635244131088257,0.4121681749820709
2024-11-26 04:00:00,0.06622532,NORMAL,0.2635244131088257,0.4121681749820709
2024-11-26 05:00:00,0.07198563,NORMAL,0.2635244131088257,0.4121681749820709
2024-11-26 06:00:00,0.074322954,NORMAL,0.2635244131088257,0.4121681749820709
2024-11-26 07:00:00,0.066989034,NORMAL,0.2635244131088257,0.4121681749820709
2024-11-26 08:00:00,0.06021883,NORMAL,0.2635244131088257,0.4121681749820709
2024-11-26 09:00:00,0.053224906,NORMAL,0.2635244131088257,0.4121681749820709
2024-11-26 10:00:00,0.05323669,NORMAL,0.2635244131088257,0.4121681749820709
2024-11-26 11:00:00,0.055682097,NORMAL,0.2635244131088257,0.4121681749820709
2024-11-26 12:00:00,0.055885453,NORMAL,0.2635244131088257,0.4121681749820709
2024-11-26 13:00:00,0.05411909,NORMAL,0.2635244131088257,0.4121681749820709
2024-11-26 14:00:00,0.05295499,NORMAL,0.2635244131088257,0.4121681749820709
2024-11-26 15:00:00,0.051721614,NORMAL,0.2635244131088257,0.4121681749820709
2024-11-26 16:00:00,0.04979043,NORMAL,0.2635244131088257,0.4121681749820709
2024-11-26 17:00:00,0.04568178,NORMAL,0.2635244131088257,0.4121681749820709
2024-11-26 18:00:00,0.042814665,NORMAL,0.2635244131088257,0.4121681749820709
2024-11-26 19:00:00,0.041606538,NORMAL,0.2635244131088257,0.4121681749820709
2024-11-26 20:00:00,0.0416932,NORMAL,0.2635244131088257,0.4121681749820709
2024-11-26 21:00:00,0.042019386,NORMAL,0.2635244131088257,0.4121681749820709
2024-11-26 22:00:00,0.044727847,NORMAL,0.2635244131088257,0.4121681749820709
2024-11-26 23:00:00,0.046818797,NORMAL,0.2635244131088257,0.4121681749820709
2024-11-27 00:00:00,0.046827838,NORMAL,0.2635244131088257,0.4121681749820709
2024-11-27 01:00:00,0.048499305,NORMAL,0.2635244131088257,0.4121681749820709
2024-11-27 02:00:00,0.05264628,NORMAL,0.2635244131088257,0.4121681749820709
2024-11-27 03:00:00,0.05609046,NORMAL,0.2635244131088257,0.4121681749820709
2024-11-27 04:00:00,0.057745535,NORMAL,0.2635244131088257,0.4121681749820709
2024-11-27 05:00:00,0.06413006,NORMAL,0.2635244131088257,0.4121681749820709
2024-11-27 06:00:00,0.067700855,NORMAL,0.2635244131088257,0.4121681749820709
2024-11-27 07:00:00,0.06247656,NORMAL,0.2635244131088257,0.4121681749820709
2024-11-27 08:00:00,0.057712838,NORMAL,0.2635244131088257,0.4121681749820709
2024-11-27 09:00:00,0.0532798,NORMAL,0.2635244131088257,0.4121681749820709
2024-11-27 10:00:00,0.055091254,NORMAL,0.2635244131088257,0.4121681749820709
2024-11-27 11:00:00,0.060408585,NORMAL,0.2635244131088257,0.4121681749820709
2024-11-27 12:00:00,0.06292388,NORMAL,0.2635244131088257,0.4121681749820709
2024-11-27 13:00:00,0.06173134,NORMAL,0.2635244131088257,0.4121681749820709
2024-11-27 14:00:00,0.060092323,NORMAL,0.2635244131088257,0.4121681749820709
2024-11-27 15:00:00,0.058984797,NORMAL,0.2635244131088257,0.4121681749820709
2024-11-27 16:00:00,0.058303885,NORMAL,0.2635244131088257,0.4121681749820709
2024-11-27 17:00:00,0.055183902,NORMAL,0.2635244131088257,0.4121681749820709
2024-11-27 18:00:00,0.05271307,NORMAL,0.2635244131088257,0.4121681749820709
2024-11-27 19:00:00,0.051810928,NORMAL,0.2635244131088257,0.4121681749820709
2024-11-27 20:00:00,0.05149401,NORMAL,0.2635244131088257,0.4121681749820709
2024-11-27 21:00:00,0.05053552,NORMAL,0.2635244131088257,0.4121681749820709
2024-11-27 22:00:00,0.051294457,NORMAL,0.2635244131088257,0.4121681749820709
2024-11-27 23:00:00,0.053208247,NORMAL,0.2635244131088257,0.4121681749820709
2024-11-28 00:00:00,0.053225324,NORMAL,0.2635244131088257,0.4121681749820709
2024-11-28 01:00:00,0.055206895,NORMAL,0.2635244131088257,0.4121681749820709
2024-11-28 02:00:00,0.062228262,NORMAL,0.2635244131088257,0.4121681749820709
2024-11-28 03:00:00,0.06668771,NORMAL,0.2635244131088257,0.4121681749820709
2024-11-28 04:00:00,0.06636269,NORMAL,0.2635244131088257,0.4121681749820709
2024-11-28 05:00:00,0.0721929,NORMAL,0.2635244131088257,0.4121681749820709
2024-11-28 06:00:00,0.069385305,NORMAL,0.2635244131088257,0.4121681749820709
2024-11-28 07:00:00,0.060031015,NORMAL,0.2635244131088257,0.4121681749820709
2024-11-28 08:00:00,0.055078924,NORMAL,0.2635244131088257,0.4121681749820709
2024-11-28 09:00:00,0.049522772,NORMAL,0.2635244131088257,0.4121681749820709
2024-11-28 10:00:00,0.047436662,NORMAL,0.2635244131088257,0.4121681749820709
2024-11-28 11:00:00,0.05136571,NORMAL,0.2635244131088257,0.4121681749820709
2024-11-28 12:00:00,0.055455014,NORMAL,0.2635244131088257,0.4121681749820709
2024-11-28 13:00:00,0.056937933,NORMAL,0.2635244131088257,0.4121681749820709
2024-11-28 14:00:00,0.05668278,NORMAL,0.2635244131088257,0.4121681749820709
2024-11-28 15:00:00,0.05636796,NORMAL,0.2635244131088257,0.4121681749820709
2024-11-28 16:00:00,0.05699305,NORMAL,0.2635244131088257,0.4121681749820709
2024-11-28 17:00:00,0.05473165,NORMAL,0.2635244131088257,0.4121681749820709
2024-11-28 18:00:00,0.05293719,NORMAL,0.2635244131088257,0.4121681749820709
2024-11-28 19:00:00,0.05281259,NORMAL,0.2635244131088257,0.4121681749820709
2024-11-28 20:00:00,0.05258736,NORMAL,0.2635244131088257,0.4121681749820709
2024-11-28 21:00:00,0.051267866,NORMAL,0.2635244131088257,0.4121681749820709
2024-11-28 22:00:00,0.048684593,NORMAL,0.2635244131088257,0.4121681749820709
2024-11-28 23:00:00,0.049267337,NORMAL,0.2635244131088257,0.4121681749820709
2024-11-29 00:00:00,0.04912454,NORMAL,0.2635244131088257,0.4121681749820709
2024-11-29 01:00:00,0.051085252,NORMAL,0.2635244131088257,0.4121681749820709
2024-11-29 02:00:00,0.061167307,NORMAL,0.2635244131088257,0.4121681749820709
2024-11-29 03:00:00,0.065318614,NORMAL,0.2635244131088257,0.4121681749820709
2024-11-29 04:00:00,0.061579242,NORMAL,0.2635244131088257,0.4121681749820709
2024-11-29 05:00:00,0.06461977,NORMAL,0.2635244131088257,0.4121681749820709
2024-11-29 06:00:00,0.060902826,NORMAL,0.2635244131088257,0.4121681749820709
2024-11-29 07:00:00,0.055327132,NORMAL,0.2635244131088257,0.4121681749820709
2024-11-29 08:00:00,0.05367835,NORMAL,0.2635244131088257,0.4121681749820709
2024-11-29 09:00:00,0.04732977,NORMAL,0.2635244131088257,0.4121681749820709
2024-11-29 10:00:00,0.046709258,NORMAL,0.2635244131088257,0.4121681749820709
2024-11-29 11:00:00,0.050191686,NORMAL,0.2635244131088257,0.4121681749820709
2024-11-29 12:00:00,0.05410694,NORMAL,0.2635244131088257,0.4121681749820709
2024-11-29 13:00:00,0.054698184,NORMAL,0.2635244131088257,0.4121681749820709
2024-11-29 14:00:00,0.052836962,NORMAL,0.2635244131088257,0.4121681749820709
2024-11-29 15:00:00,0.05235746,NORMAL,0.2635244131088257,0.4121681749820709
2024-11-29 16:00:00,0.051973857,NORMAL,0.2635244131088257,0.4121681749820709
2024-11-29 17:00:00,0.05146201,NORMAL,0.2635244131088257,0.4121681749820709
2024-11-29 18:00:00,0.050198525,NORMAL,0.2635244131088257,0.4121681749820709
2024-11-29 19:00:00,0.04938753,NORMAL,0.2635244131088257,0.4121681749820709
2024-11-29 20:00:00,0.049794856,NORMAL,0.2635244131088257,0.4121681749820709
2024-11-29 21:00:00,0.052362256,NORMAL,0.2635244131088257,0.4121681749820709
2024-11-29 22:00:00,0.05567716,NORMAL,0.2635244131088257,0.4121681749820709
2024-11-29 23:00:00,0.056166902,NORMAL,0.2635244131088257,0.4121681749820709
2024-11-30 00:00:00,0.05576084,NORMAL,0.2635244131088257,0.4121681749820709
2024-11-30 01:00:00,0.057945516,NORMAL,0.2635244131088257,0.4121681749820709
2024-11-30 02:00:00,0.06640446,NORMAL,0.2635244131088257,0.4121681749820709
2024-11-30 03:00:00,0.07491956,NORMAL,0.2635244131088257,0.4121681749820709
2024-11-30 04:00:00,0.07983175,NORMAL,0.2635244131088257,0.4121681749820709
2024-11-30 05:00:00,0.0868555,NORMAL,0.2635244131088257,0.4121681749820709
2024-11-30 06:00:00,0.084848896,NORMAL,0.2635244131088257,0.4121681749820709
2024-11-30 07:00:00,0.08103904,NORMAL,0.2635244131088257,0.4121681749820709
2024-11-30 08:00:00,0.08422489,NORMAL,0.2635244131088257,0.4121681749820709
2024-11-30 09:00:00,0.12308925,NORMAL,0.2635244131088257,0.4121681749820709
2024-11-30 10:00:00,0.1253888,NORMAL,0.2635244131088257,0.4121681749820709
2024-11-30 11:00:00,0.14943878,NORMAL,0.2635244131088257,0.4121681749820709
2024-11-30 12:00:00,0.16357712,NORMAL,0.2635244131088257,0.4121681749820709
2024-11-30 13:00:00,0.16980213,NORMAL,0.2635244131088257,0.4121681749820709
2024-11-30 14:00:00,0.16674533,NORMAL,0.2635244131088257,0.4121681749820709
2024-11-30 15:00:00,0.15813488,NORMAL,0.2635244131088257,0.4121681749820709
2024-11-30 16:00:00,0.14995524,NORMAL,0.2635244131088257,0.4121681749820709
2024-11-30 17:00:00,0.14534515,NORMAL,0.2635244131088257,0.4121681749820709
2024-11-30 18:00:00,0.14289077,NORMAL,0.2635244131088257,0.4121681749820709
2024-11-30 19:00:00,0.1425533,NORMAL,0.2635244131088257,0.4121681749820709
2024-11-30 20:00:00,0.14531162,NORMAL,0.2635244131088257,0.4121681749820709
2024-11-30 21:00:00,0.15039971,NORMAL,0.2635244131088257,0.4121681749820709
2024-11-30 22:00:00,0.15439443,NORMAL,0.2635244131088257,0.4121681749820709
2024-11-30 23:00:00,0.15637878,NORMAL,0.2635244131088257,0.4121681749820709
2024-12-01 00:00:00,0.1561075,NORMAL,0.2635244131088257,0.4121681749820709
2024-12-01 01:00:00,0.160789,NORMAL,0.2635244131088257,0.4121681749820709
2024-12-01 02:00:00,0.17939414,NORMAL,0.2635244131088257,0.4121681749820709
2024-12-01 03:00:00,0.19474636,NORMAL,0.2635244131088257,0.4121681749820709
2024-12-01 04:00:00,0.19860885,NORMAL,0.2635244131088257,0.4121681749820709
2024-12-01 05:00:00,0.22016025,NORMAL,0.2635244131088257,0.4121681749820709
2024-12-01 06:00:00,0.2126458,NORMAL,0.2635244131088257,0.4121681749820709
2024-12-01 07:00:00,0.16995956,NORMAL,0.2635244131088257,0.4121681749820709
2024-12-01 08:00:00,0.116224155,NORMAL,0.2635244131088257,0.4121681749820709
2024-12-01 09:00:00,0.1223877,NORMAL,0.2635244131088257,0.4121681749820709
2024-12-01 10:00:00,0.117438994,NORMAL,0.2635244131088257,0.4121681749820709
2024-12-01 11:00:00,0.11522382,NORMAL,0.2635244131088257,0.4121681749820709
2024-12-01 12:00:00,0.116734184,NORMAL,0.2635244131088257,0.4121681749820709
2024-12-01 13:00:00,0.13243222,NORMAL,0.2635244131088257,0.4121681749820709
2024-12-01 14:00:00,0.15519792,NORMAL,0.2635244131088257,0.4121681749820709
2024-12-01 15:00:00,0.17829537,NORMAL,0.2635244131088257,0.4121681749820709
2024-12-01 16:00:00,0.20363134,NORMAL,0.2635244131088257,0.4121681749820709
2024-12-01 17:00:00,0.22886989,NORMAL,0.2635244131088257,0.4121681749820709
2024-12-01 18:00:00,0.24843073,NORMAL,0.2635244131088257,0.4121681749820709
2024-12-01 19:00:00,0.25397003,NORMAL,0.2635244131088257,0.4121681749820709
2024-12-01 20:00:00,0.24360228,NORMAL,0.2635244131088257,0.4121681749820709
2024-12-01 21:00:00,0.2298959,NORMAL,0.2635244131088257,0.4121681749820709
2024-12-01 22:00:00,0.21860541,NORMAL,0.2635244131088257,0.4121681749820709
2024-12-01 23:00:00,0.21690154,NORMAL,0.2635244131088257,0.4121681749820709
2024-12-02 00:00:00,0.24394266,NORMAL,0.2635244131088257,0.4121681749820709
2024-12-02 01:00:00,0.259792,NORMAL,0.2635244131088257,0.4121681749820709
2024-12-02 02:00:00,0.2694763,WARNING,0.2635244131088257,0.4121681749820709
2024-12-02 03:00:00,0.26744908,WARNING,0.2635244131088257,0.4121681749820709
2024-12-02 04:00:00,0.25924158,NORMAL,0.2635244131088257,0.4121681749820709
2024-12-02 05:00:00,0.25216866,NORMAL,0.2635244131088257,0.4121681749820709
2024-12-02 06:00:00,0.24244578,NORMAL,0.2635244131088257,0.4121681749820709
2024-12-02 07:00:00,0.22703661,NORMAL,0.2635244131088257,0.4121681749820709
2024-12-02 08:00:00,0.21509263,NORMAL,0.2635244131088257,0.4121681749820709
2024-12-02 09:00:00,0.21291457,NORMAL,0.2635244131088257,0.4121681749820709
2024-12-02 10:00:00,0.21481575,NORMAL,0.2635244131088257,0.4121681749820709
2024-12-02 11:00:00,0.22029951,NORMAL,0.2635244131088257,0.4121681749820709
2024-12-02 12:00:00,0.2338996,NORMAL,0.2635244131088257,0.4121681749820709
2024-12-02 13:00:00,0.2886563,WARNING,0.2635244131088257,0.4121681749820709
2024-12-02 14:00:00,0.323658,WARNING,0.2635244131088257,0.4121681749820709
2024-12-02 15:00:00,0.33304557,WARNING,0.2635244131088257,0.4121681749820709
2024-12-02 16:00:00,0.33208477,WARNING,0.2635244131088257,0.4121681749820709
2024-12-02 17:00:00,0.32444435,WARNING,0.2635244131088257,0.4121681749820709
2024-12-02 18:00:00,0.31395724,WARNING,0.2635244131088257,0.4121681749820709
2024-12-02 19:00:00,0.3015195,WARNING,0.2635244131088257,0.4121681749820709
2024-12-02 20:00:00,0.28196302,WARNING,0.2635244131088257,0.4121681749820709
2024-12-02 21:00:00,0.25479874,NORMAL,0.2635244131088257,0.4121681749820709
2024-12-02 22:00:00,0.2206112,NORMAL,0.2635244131088257,0.4121681749820709
2024-12-02 23:00:00,0.1771429,NORMAL,0.2635244131088257,0.4121681749820709
2024-12-03 00:00:00,0.1631375,NORMAL,0.2635244131088257,0.4121681749820709
2024-12-03 01:00:00,0.14739017,NORMAL,0.2635244131088257,0.4121681749820709
2024-12-03 02:00:00,0.14826988,NORMAL,0.2635244131088257,0.4121681749820709
2024-12-03 03:00:00,0.15394014,NORMAL,0.2635244131088257,0.4121681749820709
2024-12-03 04:00:00,0.14556593,NORMAL,0.2635244131088257,0.4121681749820709
2024-12-03 05:00:00,0.13946183,NORMAL,0.2635244131088257,0.4121681749820709
2024-12-03 06:00:00,0.16752164,NORMAL,0.2635244131088257,0.4121681749820709
2024-12-03 07:00:00,0.16237119,NORMAL,0.2635244131088257,0.4121681749820709
2024-12-03 08:00:00,0.1567851,NORMAL,0.2635244131088257,0.4121681749820709
2024-12-03 09:00:00,0.15746686,NORMAL,0.2635244131088257,0.4121681749820709
2024-12-03 10:00:00,0.15865065,NORMAL,0.2635244131088257,0.4121681749820709
2024-12-03 11:00:00,0.20684041,NORMAL,0.2635244131088257,0.4121681749820709
2024-12-03 12:00:00,0.20370017,NORMAL,0.2635244131088257,0.4121681749820709
2024-12-03 13:00:00,0.20735115,NORMAL,0.2635244131088257,0.4121681749820709
2024-12-03 14:00:00,0.2075116,NORMAL,0.2635244131088257,0.4121681749820709
2024-12-03 15:00:00,0.20590435,NORMAL,0.2635244131088257,0.4121681749820709
2024-12-03 16:00:00,0.2061109,NORMAL,0.2635244131088257,0.4121681749820709
2024-12-03 17:00:00,0.20147811,NORMAL,0.2635244131088257,0.4121681749820709
2024-12-03 18:00:00,0.20394927,NORMAL,0.2635244131088257,0.4121681749820709
2024-12-03 19:00:00,0.21669014,NORMAL,0.2635244131088257,0.4121681749820709
2024-12-03 20:00:00,0.22910553,NORMAL,0.2635244131088257,0.4121681749820709
2024-12-03 21:00:00,0.2326309,NORMAL,0.2635244131088257,0.4121681749820709
2024-12-03 22:00:00,0.22013171,NORMAL,0.2635244131088257,0.4121681749820709
2024-12-03 23:00:00,0.2037913,NORMAL,0.2635244131088257,0.4121681749820709
2024-12-04 00:00:00,0.18942884,NORMAL,0.2635244131088257,0.4121681749820709
2024-12-04 01:00:00,0.17233202,NORMAL,0.2635244131088257,0.4121681749820709
2024-12-04 02:00:00,0.1595584,NORMAL,0.2635244131088257,0.4121681749820709
2024-12-04 03:00:00,0.15403832,NORMAL,0.2635244131088257,0.4121681749820709
2024-12-04 04:00:00,0.15380594,NORMAL,0.2635244131088257,0.4121681749820709
2024-12-04 05:00:00,0.14453618,NORMAL,0.2635244131088257,0.4121681749820709
2024-12-04 06:00:00,0.13280322,NORMAL,0.2635244131088257,0.4121681749820709
2024-12-04 07:00:00,0.13321427,NORMAL,0.2635244131088257,0.4121681749820709
2024-12-04 08:00:00,0.12975061,NORMAL,0.2635244131088257,0.4121681749820709
2024-12-04 09:00:00,0.09734326,NORMAL,0.2635244131088257,0.4121681749820709
2024-12-04 10:00:00,0.06436499,NORMAL,0.2635244131088257,0.4121681749820709
2024-12-04 11:00:00,0.063716464,NORMAL,0.2635244131088257,0.4121681749820709
2024-12-04 12:00:00,0.06426903,NORMAL,0.2635244131088257,0.4121681749820709
2024-12-04 13:00:00,0.06605276,NORMAL,0.2635244131088257,0.4121681749820709
2024-12-04 14:00:00,0.06686516,NORMAL,0.2635244131088257,0.4121681749820709
2024-12-04 15:00:00,0.06735279,NORMAL,0.2635244131088257,0.4121681749820709
2024-12-04 16:00:00,0.069262624,NORMAL,0.2635244131088257,0.4121681749820709
2024-12-04 17:00:00,0.06875181,NORMAL,0.2635244131088257,0.4121681749820709
2024-12-04 18:00:00,0.06812615,NORMAL,0.2635244131088257,0.4121681749820709
2024-12-04 19:00:00,0.0690333,NORMAL,0.2635244131088257,0.4121681749820709
2024-12-04 20:00:00,0.06998368,NORMAL,0.2635244131088257,0.4121681749820709
2024-12-04 21:00:00,0.07273808,NORMAL,0.2635244131088257,0.4121681749820709
2024-12-04 22:00:00,0.0733683,NORMAL,0.2635244131088257,0.4121681749820709
2024-12-04 23:00:00,0.0725169,NORMAL,0.2635244131088257,0.4121681749820709
2024-12-05 00:00:00,0.07035918,NORMAL,0.2635244131088257,0.4121681749820709
2024-12-05 01:00:00,0.066022635,NORMAL,0.2635244131088257,0.4121681749820709
2024-12-05 02:00:00,0.068923146,NORMAL,0.2635244131088257,0.4121681749820709
2024-12-05 03:00:00,0.074183345,NORMAL,0.2635244131088257,0.4121681749820709
2024-12-05 04:00:00,0.075732574,NORMAL,0.2635244131088257,0.4121681749820709
2024-12-05 05:00:00,0.08472722,NORMAL,0.2635244131088257,0.4121681749820709
2024-12-05 06:00:00,0.081359796,NORMAL,0.2635244131088257,0.4121681749820709
2024-12-05 07:00:00,0.13520047,NORMAL,0.2635244131088257,0.4121681749820709
2024-12-05 08:00:00,0.13986476,NORMAL,0.2635244131088257,0.4121681749820709
2024-12-05 09:00:00,0.07985237,NORMAL,0.2635244131088257,0.4121681749820709
2024-12-05 10:00:00,0.064579576,NORMAL,0.2635244131088257,0.4121681749820709
2024-12-05 11:00:00,0.07017896,NORMAL,0.2635244131088257,0.4121681749820709
2024-12-05 12:00:00,0.101267934,NORMAL,0.2635244131088257,0.4121681749820709
2024-12-05 13:00:00,0.1047264,NORMAL,0.2635244131088257,0.4121681749820709
2024-12-05 14:00:00,0.09588584,NORMAL,0.2635244131088257,0.4121681749820709
2024-12-05 15:00:00,0.08938736,NORMAL,0.2635244131088257,0.4121681749820709
2024-12-05 16:00:00,0.086921304,NORMAL,0.2635244131088257,0.4121681749820709
2024-12-05 17:00:00,0.079555124,NORMAL,0.2635244131088257,0.4121681749820709
2024-12-05 18:00:00,0.07506493,NORMAL,0.2635244131088257,0.4121681749820709
2024-12-05 19:00:00,0.07523802,NORMAL,0.2635244131088257,0.4121681749820709
2024-12-05 20:00:00,0.07671828,NORMAL,0.2635244131088257,0.4121681749820709
2024-12-05 21:00:00,0.07793948,NORMAL,0.2635244131088257,0.4121681749820709
2024-12-05 22:00:00,0.07661912,NORMAL,0.2635244131088257,0.4121681749820709
2024-12-05 23:00:00,0.07147018,NORMAL,0.2635244131088257,0.4121681749820709
2024-12-06 00:00:00,0.06579366,NORMAL,0.2635244131088257,0.4121681749820709
2024-12-06 01:00:00,0.0649382,NORMAL,0.2635244131088257,0.4121681749820709
2024-12-06 02:00:00,0.070896454,NORMAL,0.2635244131088257,0.4121681749820709
2024-12-06 03:00:00,0.07347823,NORMAL,0.2635244131088257,0.4121681749820709
2024-12-06 04:00:00,0.073626265,NORMAL,0.2635244131088257,0.4121681749820709
2024-12-06 05:00:00,0.073358096,NORMAL,0.2635244131088257,0.4121681749820709
2024-12-06 06:00:00,0.07215135,NORMAL,0.2635244131088257,0.4121681749820709
2024-12-06 07:00:00,0.075622715,NORMAL,0.2635244131088257,0.4121681749820709
2024-12-06 08:00:00,0.075126156,NORMAL,0.2635244131088257,0.4121681749820709
2024-12-06 09:00:00,0.08004229,NORMAL,0.2635244131088257,0.4121681749820709
2024-12-06 10:00:00,0.07485831,NORMAL,0.2635244131088257,0.4121681749820709
2024-12-06 11:00:00,0.084379904,NORMAL,0.2635244131088257,0.4121681749820709
2024-12-06 12:00:00,0.08933803,NORMAL,0.2635244131088257,0.4121681749820709
2024-12-06 13:00:00,0.0800785,NORMAL,0.2635244131088257,0.4121681749820709
2024-12-06 14:00:00,0.07549225,NORMAL,0.2635244131088257,0.4121681749820709
2024-12-06 15:00:00,0.07678476,NORMAL,0.2635244131088257,0.4121681749820709
2024-12-06 16:00:00,0.08201806,NORMAL,0.2635244131088257,0.4121681749820709
2024-12-06 17:00:00,0.0802528,NORMAL,0.2635244131088257,0.4121681749820709
2024-12-06 18:00:00,0.08011591,NORMAL,0.2635244131088257,0.4121681749820709
2024-12-06 19:00:00,0.08138145,NORMAL,0.2635244131088257,0.4121681749820709
2024-12-06 20:00:00,0.075979546,NORMAL,0.2635244131088257,0.4121681749820709
2024-12-06 21:00:00,0.06863686,NORMAL,0.2635244131088257,0.4121681749820709
2024-12-06 22:00:00,0.06787135,NORMAL,0.2635244131088257,0.4121681749820709
2024-12-06 23:00:00,0.06906457,NORMAL,0.2635244131088257,0.4121681749820709
2024-12-07 00:00:00,0.07098892,NORMAL,0.2635244131088257,0.4121681749820709
2024-12-07 01:00:00,0.07342834,NORMAL,0.2635244131088257,0.4121681749820709
2024-12-07 02:00:00,0.07650239,NORMAL,0.2635244131088257,0.4121681749820709
2024-12-07 03:00:00,0.0820798,NORMAL,0.2635244131088257,0.4121681749820709
2024-12-07 04:00:00,0.0939973,NORMAL,0.2635244131088257,0.4121681749820709
2024-12-07 05:00:00,0.09273158,NORMAL,0.2635244131088257,0.4121681749820709
2024-12-07 06:00:00,0.08632101,NORMAL,0.2635244131088257,0.4121681749820709
2024-12-07 07:00:00,0.087603524,NORMAL,0.2635244131088257,0.4121681749820709
2024-12-07 08:00:00,0.090215415,NORMAL,0.2635244131088257,0.4121681749820709
2024-12-07 09:00:00,0.07753307,NORMAL,0.2635244131088257,0.4121681749820709
2024-12-07 10:00:00,0.05957434,NORMAL,0.2635244131088257,0.4121681749820709
2024-12-07 11:00:00,0.077679634,NORMAL,0.2635244131088257,0.4121681749820709
2024-12-07 12:00:00,0.07552238,NORMAL,0.2635244131088257,0.4121681749820709
2024-12-07 13:00:00,0.069621235,NORMAL,0.2635244131088257,0.4121681749820709
2024-12-07 14:00:00,0.06742522,NORMAL,0.2635244131088257,0.4121681749820709
2024-12-07 15:00:00,0.068761855,NORMAL,0.2635244131088257,0.4121681749820709
2024-12-07 16:00:00,0.07278068,NORMAL,0.2635244131088257,0.4121681749820709
2024-12-07 17:00:00,0.073993534,NORMAL,0.2635244131088257,0.4121681749820709
2024-12-07 18:00:00,0.07722933,NORMAL,0.2635244131088257,0.4121681749820709
2024-12-07 19:00:00,0.08158389,NORMAL,0.2635244131088257,0.4121681749820709
2024-12-07 20:00:00,0.08084431,NORMAL,0.2635244131088257,0.4121681749820709
2024-12-07 21:00:00,0.07717385,NORMAL,0.2635244131088257,0.4121681749820709
2024-12-07 22:00:00,0.073391,NORMAL,0.2635244131088257,0.4121681749820709
2024-12-07 23:00:00,0.069651365,NORMAL,0.2635244131088257,0.4121681749820709
2024-12-08 00:00:00,0.067146145,NORMAL,0.2635244131088257,0.4121681749820709
2024-12-08 01:00:00,0.06875256,NORMAL,0.2635244131088257,0.4121681749820709
2024-12-08 02:00:00,0.0733215,NORMAL,0.2635244131088257,0.4121681749820709
2024-12-08 03:00:00,0.079318285,NORMAL,0.2635244131088257,0.4121681749820709
2024-12-08 04:00:00,0.093206346,NORMAL,0.2635244131088257,0.4121681749820709
2024-12-08 05:00:00,0.09436318,NORMAL,0.2635244131088257,0.4121681749820709
2024-12-08 06:00:00,0.0863817,NORMAL,0.2635244131088257,0.4121681749820709
2024-12-08 07:00:00,0.08734296,NORMAL,0.2635244131088257,0.4121681749820709
2024-12-08 08:00:00,0.09449802,NORMAL,0.2635244131088257,0.4121681749820709
2024-12-08 09:00:00,0.08997222,NORMAL,0.2635244131088257,0.4121681749820709
2024-12-08 10:00:00,0.076818,NORMAL,0.2635244131088257,0.4121681749820709
2024-12-08 11:00:00,0.08418676,NORMAL,0.2635244131088257,0.4121681749820709
2024-12-08 12:00:00,0.08211532,NORMAL,0.2635244131088257,0.4121681749820709
2024-12-08 13:00:00,0.08216647,NORMAL,0.2635244131088257,0.4121681749820709
2024-12-08 14:00:00,0.08320213,NORMAL,0.2635244131088257,0.4121681749820709
2024-12-08 15:00:00,0.08282712,NORMAL,0.2635244131088257,0.4121681749820709
2024-12-08 16:00:00,0.08113848,NORMAL,0.2635244131088257,0.4121681749820709
2024-12-08 17:00:00,0.08076931,NORMAL,0.2635244131088257,0.4121681749820709
2024-12-08 18:00:00,0.0831779,NORMAL,0.2635244131088257,0.4121681749820709
2024-12-08 19:00:00,0.08768817,NORMAL,0.2635244131088257,0.4121681749820709
2024-12-08 20:00:00,0.089754395,NORMAL,0.2635244131088257,0.4121681749820709
2024-12-08 21:00:00,0.087701924,NORMAL,0.2635244131088257,0.4121681749820709
2024-12-08 22:00:00,0.086016014,NORMAL,0.2635244131088257,0.4121681749820709
2024-12-08 23:00:00,0.08525337,NORMAL,0.2635244131088257,0.4121681749820709
2024-12-09 00:00:00,0.08612188,NORMAL,0.2635244131088257,0.4121681749820709
2024-12-09 01:00:00,0.095713444,NORMAL,0.2635244131088257,0.4121681749820709
2024-12-09 02:00:00,0.10494481,NORMAL,0.2635244131088257,0.4121681749820709
2024-12-09 03:00:00,0.09586725,NORMAL,0.2635244131088257,0.4121681749820709
2024-12-09 04:00:00,0.09419898,NORMAL,0.2635244131088257,0.4121681749820709
2024-12-09 05:00:00,0.105008446,NORMAL,0.2635244131088257,0.4121681749820709
2024-12-09 06:00:00,0.10149363,NORMAL,0.2635244131088257,0.4121681749820709
2024-12-09 07:00:00,0.0969474,NORMAL,0.2635244131088257,0.4121681749820709
2024-12-09 08:00:00,0.108275354,NORMAL,0.2635244131088257,0.4121681749820709
2024-12-09 09:00:00,0.10054189,NORMAL,0.2635244131088257,0.4121681749820709
2024-12-09 10:00:00,0.085840985,NORMAL,0.2635244131088257,0.4121681749820709
2024-12-09 11:00:00,0.09056261,NORMAL,0.2635244131088257,0.4121681749820709
2024-12-09 12:00:00,0.08563346,NORMAL,0.2635244131088257,0.4121681749820709
2024-12-09 13:00:00,0.08594104,NORMAL,0.2635244131088257,0.4121681749820709
2024-12-09 14:00:00,0.08993913,NORMAL,0.2635244131088257,0.4121681749820709
2024-12-09 15:00:00,0.09348985,NORMAL,0.2635244131088257,0.4121681749820709
2024-12-09 16:00:00,0.09470549,NORMAL,0.2635244131088257,0.4121681749820709
2024-12-09 17:00:00,0.10156712,NORMAL,0.2635244131088257,0.4121681749820709
2024-12-09 18:00:00,0.107526906,NORMAL,0.2635244131088257,0.4121681749820709
2024-12-09 19:00:00,0.11032938,NORMAL,0.2635244131088257,0.4121681749820709
2024-12-09 20:00:00,0.113897055,NORMAL,0.2635244131088257,0.4121681749820709
2024-12-09 21:00:00,0.11617577,NORMAL,0.2635244131088257,0.4121681749820709
2024-12-09 22:00:00,0.108889595,NORMAL,0.2635244131088257,0.4121681749820709
2024-12-09 23:00:00,0.09743106,NORMAL,0.2635244131088257,0.4121681749820709
2024-12-10 00:00:00,0.08856772,NORMAL,0.2635244131088257,0.4121681749820709
2024-12-10 01:00:00,0.08898772,NORMAL,0.2635244131088257,0.4121681749820709
2024-12-10 02:00:00,0.092988014,NORMAL,0.2635244131088257,0.4121681749820709
2024-12-10 03:00:00,0.08020511,NORMAL,0.2635244131088257,0.4121681749820709
2024-12-10 04:00:00,0.07466814,NORMAL,0.2635244131088257,0.4121681749820709
2024-12-10 05:00:00,0.080898255,NORMAL,0.2635244131088257,0.4121681749820709
2024-12-10 06:00:00,0.07849982,NORMAL,0.2635244131088257,0.4121681749820709
2024-12-10 07:00:00,0.09580746,NORMAL,0.2635244131088257,0.4121681749820709
2024-12-10 08:00:00,0.10117473,NORMAL,0.2635244131088257,0.4121681749820709
2024-12-10 09:00:00,0.08361223,NORMAL,0.2635244131088257,0.4121681749820709
2024-12-10 10:00:00,0.059826057,NORMAL,0.2635244131088257,0.4121681749820709
2024-12-10 11:00:00,0.08412976,NORMAL,0.2635244131088257,0.4121681749820709
2024-12-10 12:00:00,0.07889076,NORMAL,0.2635244131088257,0.4121681749820709
2024-12-10 13:00:00,0.06471607,NORMAL,0.2635244131088257,0.4121681749820709
2024-12-10 14:00:00,0.05958162,NORMAL,0.2635244131088257,0.4121681749820709
2024-12-10 15:00:00,0.0603223,NORMAL,0.2635244131088257,0.4121681749820709
2024-12-10 16:00:00,0.063481934,NORMAL,0.2635244131088257,0.4121681749820709
2024-12-10 17:00:00,0.07023164,NORMAL,0.2635244131088257,0.4121681749820709
2024-12-10 18:00:00,0.07335462,NORMAL,0.2635244131088257,0.4121681749820709
2024-12-10 19:00:00,0.07210195,NORMAL,0.2635244131088257,0.4121681749820709
2024-12-10 20:00:00,0.07255483,NORMAL,0.2635244131088257,0.4121681749820709
2024-12-10 21:00:00,0.07551895,NORMAL,0.2635244131088257,0.4121681749820709
2024-12-10 22:00:00,0.07464746,NORMAL,0.2635244131088257,0.4121681749820709
2024-12-10 23:00:00,0.07016973,NORMAL,0.2635244131088257,0.4121681749820709
2024-12-11 00:00:00,0.066447295,NORMAL,0.2635244131088257,0.4121681749820709
2024-12-11 01:00:00,0.06591625,NORMAL,0.2635244131088257,0.4121681749820709
2024-12-11 02:00:00,0.06966383,NORMAL,0.2635244131088257,0.4121681749820709
2024-12-11 03:00:00,0.07481036,NORMAL,0.2635244131088257,0.4121681749820709
2024-12-11 04:00:00,0.08492115,NORMAL,0.2635244131088257,0.4121681749820709
2024-12-11 05:00:00,0.08086555,NORMAL,0.2635244131088257,0.4121681749820709
2024-12-11 06:00:00,0.07495349,NORMAL,0.2635244131088257,0.4121681749820709
2024-12-11 07:00:00,0.074433416,NORMAL,0.2635244131088257,0.4121681749820709
2024-12-11 08:00:00,0.09439751,NORMAL,0.2635244131088257,0.4121681749820709
2024-12-11 09:00:00,0.08216998,NORMAL,0.2635244131088257,0.4121681749820709
2024-12-11 10:00:00,0.056002803,NORMAL,0.2635244131088257,0.4121681749820709
2024-12-11 11:00:00,0.08680652,NORMAL,0.2635244131088257,0.4121681749820709
2024-12-11 12:00:00,0.09285118,NORMAL,0.2635244131088257,0.4121681749820709
2024-12-11 13:00:00,0.07962731,NORMAL,0.2635244131088257,0.4121681749820709
2024-12-11 14:00:00,0.071425736,NORMAL,0.2635244131088257,0.4121681749820709
2024-12-11 15:00:00,0.06940005,NORMAL,0.2635244131088257,0.4121681749820709
2024-12-11 16:00:00,0.069804445,NORMAL,0.2635244131088257,0.4121681749820709
2024-12-11 17:00:00,0.077393025,NORMAL,0.2635244131088257,0.4121681749820709
2024-12-11 18:00:00,0.08300444,NORMAL,0.2635244131088257,0.4121681749820709
2024-12-11 19:00:00,0.07949993,NORMAL,0.2635244131088257,0.4121681749820709
2024-12-11 20:00:00,0.07712975,NORMAL,0.2635244131088257,0.4121681749820709
2024-12-11 21:00:00,0.080102615,NORMAL,0.2635244131088257,0.4121681749820709
2024-12-11 22:00:00,0.0839845,NORMAL,0.2635244131088257,0.4121681749820709
2024-12-11 23:00:00,0.080689415,NORMAL,0.2635244131088257,0.4121681749820709
2024-12-12 00:00:00,0.07767577,NORMAL,0.2635244131088257,0.4121681749820709
2024-12-12 01:00:00,0.079932384,NORMAL,0.2635244131088257,0.4121681749820709
2024-12-12 02:00:00,0.08568825,NORMAL,0.2635244131088257,0.4121681749820709
2024-12-12 03:00:00,0.08207066,NORMAL,0.2635244131088257,0.4121681749820709
2024-12-12 04:00:00,0.08180923,NORMAL,0.2635244131088257,0.4121681749820709
2024-12-12 05:00:00,0.08849958,NORMAL,0.2635244131088257,0.4121681749820709
2024-12-12 06:00:00,0.08811675,NORMAL,0.2635244131088257,0.4121681749820709
2024-12-12 07:00:00,0.09021815,NORMAL,0.2635244131088257,0.4121681749820709
2024-12-12 08:00:00,0.09469995,NORMAL,0.2635244131088257,0.4121681749820709
2024-12-12 09:00:00,0.07139602,NORMAL,0.2635244131088257,0.4121681749820709
2024-12-12 10:00:00,0.024341725,NORMAL,0.2635244131088257,0.4121681749820709
2024-12-12 11:00:00,0.024458561,NORMAL,0.2635244131088257,0.4121681749820709
2024-12-12 12:00:00,0.023687443,NORMAL,0.2635244131088257,0.4121681749820709
2024-12-12 13:00:00,0.021850904,NORMAL,0.2635244131088257,0.4121681749820709
2024-12-12 14:00:00,0.021047644,NORMAL,0.2635244131088257,0.4121681749820709
2024-12-12 15:00:00,0.020956483,NORMAL,0.2635244131088257,0.4121681749820709
2024-12-12 16:00:00,0.020589769,NORMAL,0.2635244131088257,0.4121681749820709
2024-12-12 17:00:00,0.019107845,NORMAL,0.2635244131088257,0.4121681749820709
2024-12-12 18:00:00,0.01879564,NORMAL,0.2635244131088257,0.4121681749820709
2024-12-12 19:00:00,0.019408658,NORMAL,0.2635244131088257,0.4121681749820709
2024-12-12 20:00:00,0.02039709,NORMAL,0.2635244131088257,0.4121681749820709
2024-12-12 21:00:00,0.022193737,NORMAL,0.2635244131088257,0.4121681749820709
2024-12-12 22:00:00,0.02489378,NORMAL,0.2635244131088257,0.4121681749820709
2024-12-12 23:00:00,0.023352394,NORMAL,0.2635244131088257,0.4121681749820709
2024-12-13 00:00:00,0.02193651,NORMAL,0.2635244131088257,0.4121681749820709
2024-12-13 01:00:00,0.02326766,NORMAL,0.2635244131088257,0.4121681749820709
2024-12-13 02:00:00,0.025762849,NORMAL,0.2635244131088257,0.4121681749820709
2024-12-13 03:00:00,0.02534215,NORMAL,0.2635244131088257,0.4121681749820709
2024-12-13 04:00:00,0.026720546,NORMAL,0.2635244131088257,0.4121681749820709
2024-12-13 05:00:00,0.025602851,NORMAL,0.2635244131088257,0.4121681749820709
2024-12-13 06:00:00,0.025059145,NORMAL,0.2635244131088257,0.4121681749820709
2024-12-13 07:00:00,0.02739166,NORMAL,0.2635244131088257,0.4121681749820709
2024-12-13 08:00:00,0.027687553,NORMAL,0.2635244131088257,0.4121681749820709
2024-12-13 09:00:00,0.022774024,NORMAL,0.2635244131088257,0.4121681749820709
2024-12-13 10:00:00,0.023865188,NORMAL,0.2635244131088257,0.4121681749820709
2024-12-13 11:00:00,0.023369374,NORMAL,0.2635244131088257,0.4121681749820709
2024-12-13 12:00:00,0.022667013,NORMAL,0.2635244131088257,0.4121681749820709
2024-12-13 13:00:00,0.022461368,NORMAL,0.2635244131088257,0.4121681749820709
2024-12-13 14:00:00,0.025195496,NORMAL,0.2635244131088257,0.4121681749820709
2024-12-13 15:00:00,0.028795024,NORMAL,0.2635244131088257,0.4121681749820709
2024-12-13 16:00:00,0.029724594,NORMAL,0.2635244131088257,0.4121681749820709
2024-12-13 17:00:00,0.030753182,NORMAL,0.2635244131088257,0.4121681749820709
2024-12-13 18:00:00,0.03235192,NORMAL,0.2635244131088257,0.4121681749820709
2024-12-13 19:00:00,0.03250616,NORMAL,0.2635244131088257,0.4121681749820709
2024-12-13 20:00:00,0.033118304,NORMAL,0.2635244131088257,0.4121681749820709
2024-12-13 21:00:00,0.03492973,NORMAL,0.2635244131088257,0.4121681749820709
2024-12-13 22:00:00,0.03643675,NORMAL,0.2635244131088257,0.4121681749820709
2024-12-13 23:00:00,0.03392969,NORMAL,0.2635244131088257,0.4121681749820709
2024-12-14 00:00:00,0.032178625,NORMAL,0.2635244131088257,0.4121681749820709
2024-12-14 01:00:00,0.034546454,NORMAL,0.2635244131088257,0.4121681749820709
2024-12-14 02:00:00,0.037313804,NORMAL,0.2635244131088257,0.4121681749820709
2024-12-14 03:00:00,0.036777172,NORMAL,0.2635244131088257,0.4121681749820709
2024-12-14 04:00:00,0.04103972,NORMAL,0.2635244131088257,0.4121681749820709
2024-12-14 05:00:00,0.049966756,NORMAL,0.2635244131088257,0.4121681749820709
2024-12-14 06:00:00,0.055816345,NORMAL,0.2635244131088257,0.4121681749820709
2024-12-14 07:00:00,0.058671203,NORMAL,0.2635244131088257,0.4121681749820709
2024-12-14 08:00:00,0.055255696,NORMAL,0.2635244131088257,0.4121681749820709
2024-12-14 09:00:00,0.04537995,NORMAL,0.2635244131088257,0.4121681749820709
2024-12-14 10:00:00,0.045449264,NORMAL,0.2635244131088257,0.4121681749820709
2024-12-14 11:00:00,0.04255127,NORMAL,0.2635244131088257,0.4121681749820709
2024-12-14 12:00:00,0.040807217,NORMAL,0.2635244131088257,0.4121681749820709
2024-12-14 13:00:00,0.04412789,NORMAL,0.2635244131088257,0.4121681749820709
2024-12-14 14:00:00,0.05353201,NORMAL,0.2635244131088257,0.4121681749820709
2024-12-14 15:00:00,0.0596061,NORMAL,0.2635244131088257,0.4121681749820709
2024-12-14 16:00:00,0.056582868,NORMAL,0.2635244131088257,0.4121681749820709
2024-12-14 17:00:00,0.049477898,NORMAL,0.2635244131088257,0.4121681749820709
2024-12-14 18:00:00,0.044716682,NORMAL,0.2635244131088257,0.4121681749820709
2024-12-14 19:00:00,0.040565267,NORMAL,0.2635244131088257,0.4121681749820709
2024-12-14 20:00:00,0.03801958,NORMAL,0.2635244131088257,0.4121681749820709
2024-12-14 21:00:00,0.03866717,NORMAL,0.2635244131088257,0.4121681749820709
2024-12-14 22:00:00,0.041809697,NORMAL,0.2635244131088257,0.4121681749820709
2024-12-14 23:00:00,0.044174388,NORMAL,0.2635244131088257,0.4121681749820709
2024-12-15 00:00:00,0.04468568,NORMAL,0.2635244131088257,0.4121681749820709
2024-12-15 01:00:00,0.045481887,NORMAL,0.2635244131088257,0.4121681749820709
2024-12-15 02:00:00,0.048645534,NORMAL,0.2635244131088257,0.4121681749820709
2024-12-15 03:00:00,0.04918409,NORMAL,0.2635244131088257,0.4121681749820709
2024-12-15 04:00:00,0.05847107,NORMAL,0.2635244131088257,0.4121681749820709
2024-12-15 05:00:00,0.07293732,NORMAL,0.2635244131088257,0.4121681749820709
2024-12-15 06:00:00,0.08207801,NORMAL,0.2635244131088257,0.4121681749820709
2024-12-15 07:00:00,0.08516901,NORMAL,0.2635244131088257,0.4121681749820709
2024-12-15 08:00:00,0.07875123,NORMAL,0.2635244131088257,0.4121681749820709
2024-12-15 09:00:00,0.06367377,NORMAL,0.2635244131088257,0.4121681749820709
2024-12-15 10:00:00,0.06619707,NORMAL,0.2635244131088257,0.4121681749820709
2024-12-15 11:00:00,0.066345006,NORMAL,0.2635244131088257,0.4121681749820709
2024-12-15 12:00:00,0.065884076,NORMAL,0.2635244131088257,0.4121681749820709
2024-12-15 13:00:00,0.06421895,NORMAL,0.2635244131088257,0.4121681749820709
2024-12-15 14:00:00,0.06380436,NORMAL,0.2635244131088257,0.4121681749820709
2024-12-15 15:00:00,0.063267566,NORMAL,0.2635244131088257,0.4121681749820709
2024-12-15 16:00:00,0.06052043,NORMAL,0.2635244131088257,0.4121681749820709
2024-12-15 17:00:00,0.056110527,NORMAL,0.2635244131088257,0.4121681749820709
2024-12-15 18:00:00,0.051098626,NORMAL,0.2635244131088257,0.4121681749820709
2024-12-15 19:00:00,0.045341704,NORMAL,0.2635244131088257,0.4121681749820709
2024-12-15 20:00:00,0.042047855,NORMAL,0.2635244131088257,0.4121681749820709
2024-12-15 21:00:00,0.044062607,NORMAL,0.2635244131088257,0.4121681749820709
2024-12-15 22:00:00,0.048075095,NORMAL,0.2635244131088257,0.4121681749820709
2024-12-15 23:00:00,0.048440173,NORMAL,0.2635244131088257,0.4121681749820709
2024-12-16 00:00:00,0.046833944,NORMAL,0.2635244131088257,0.4121681749820709
2024-12-16 01:00:00,0.045686286,NORMAL,0.2635244131088257,0.4121681749820709
2024-12-16 02:00:00,0.049426198,NORMAL,0.2635244131088257,0.4121681749820709
2024-12-16 03:00:00,0.052927494,NORMAL,0.2635244131088257,0.4121681749820709
2024-12-16 04:00:00,0.05922067,NORMAL,0.2635244131088257,0.4121681749820709
2024-12-16 05:00:00,0.070462674,NORMAL,0.2635244131088257,0.4121681749820709
2024-12-16 06:00:00,0.07819669,NORMAL,0.2635244131088257,0.4121681749820709
2024-12-16 07:00:00,0.080813855,NORMAL,0.2635244131088257,0.4121681749820709
2024-12-16 08:00:00,0.07877995,NORMAL,0.2635244131088257,0.4121681749820709
2024-12-16 09:00:00,0.07395897,NORMAL,0.2635244131088257,0.4121681749820709
2024-12-16 10:00:00,0.08442537,NORMAL,0.2635244131088257,0.4121681749820709
2024-12-16 11:00:00,0.09213034,NORMAL,0.2635244131088257,0.4121681749820709
2024-12-16 12:00:00,0.10022777,NORMAL,0.2635244131088257,0.4121681749820709
2024-12-16 13:00:00,0.10246721,NORMAL,0.2635244131088257,0.4121681749820709
2024-12-16 14:00:00,0.109421045,NORMAL,0.2635244131088257,0.4121681749820709
2024-12-16 15:00:00,0.12109045,NORMAL,0.2635244131088257,0.4121681749820709
2024-12-16 16:00:00,0.12697053,NORMAL,0.2635244131088257,0.4121681749820709
2024-12-16 17:00:00,0.13097285,NORMAL,0.2635244131088257,0.4121681749820709
2024-12-16 18:00:00,0.13078019,NORMAL,0.2635244131088257,0.4121681749820709
2024-12-16 19:00:00,0.12810165,NORMAL,0.2635244131088257,0.4121681749820709
2024-12-16 20:00:00,0.1324014,NORMAL,0.2635244131088257,0.4121681749820709
2024-12-16 21:00:00,0.14261523,NORMAL,0.2635244131088257,0.4121681749820709
2024-12-16 22:00:00,0.14792734,NORMAL,0.2635244131088257,0.4121681749820709
2024-12-16 23:00:00,0.13586742,NORMAL,0.2635244131088257,0.4121681749820709
2024-12-17 00:00:00,0.11851236,NORMAL,0.2635244131088257,0.4121681749820709
2024-12-17 01:00:00,0.11082547,NORMAL,0.2635244131088257,0.4121681749820709
2024-12-17 02:00:00,0.11050623,NORMAL,0.2635244131088257,0.4121681749820709
2024-12-17 03:00:00,0.112558395,NORMAL,0.2635244131088257,0.4121681749820709
2024-12-17 04:00:00,0.11213374,NORMAL,0.2635244131088257,0.4121681749820709
2024-12-17 05:00:00,0.09389743,NORMAL,0.2635244131088257,0.4121681749820709
2024-12-17 06:00:00,0.08768412,NORMAL,0.2635244131088257,0.4121681749820709
2024-12-17 07:00:00,0.08787386,NORMAL,0.2635244131088257,0.4121681749820709
2024-12-17 08:00:00,0.08910908,NORMAL,0.2635244131088257,0.4121681749820709
2024-12-17 09:00:00,0.08818868,NORMAL,0.2635244131088257,0.4121681749820709
2024-12-17 10:00:00,0.09202419,NORMAL,0.2635244131088257,0.4121681749820709
2024-12-17 11:00:00,0.08854152,NORMAL,0.2635244131088257,0.4121681749820709
2024-12-17 12:00:00,0.084745675,NORMAL,0.2635244131088257,0.4121681749820709
2024-12-17 13:00:00,0.08271253,NORMAL,0.2635244131088257,0.4121681749820709
2024-12-17 14:00:00,0.08413026,NORMAL,0.2635244131088257,0.4121681749820709
2024-12-17 15:00:00,0.0866602,NORMAL,0.2635244131088257,0.4121681749820709
2024-12-17 16:00:00,0.08661626,NORMAL,0.2635244131088257,0.4121681749820709
2024-12-17 17:00:00,0.084720686,NORMAL,0.2635244131088257,0.4121681749820709
2024-12-17 18:00:00,0.081454754,NORMAL,0.2635244131088257,0.4121681749820709
2024-12-17 19:00:00,0.07763863,NORMAL,0.2635244131088257,0.4121681749820709
2024-12-17 20:00:00,0.07718114,NORMAL,0.2635244131088257,0.4121681749820709
2024-12-17 21:00:00,0.080791265,NORMAL,0.2635244131088257,0.4121681749820709
2024-12-17 22:00:00,0.08609808,NORMAL,0.2635244131088257,0.4121681749820709
2024-12-17 23:00:00,0.0843895,NORMAL,0.2635244131088257,0.4121681749820709
2024-12-18 00:00:00,0.079209015,NORMAL,0.2635244131088257,0.4121681749820709
2024-12-18 01:00:00,0.07624893,NORMAL,0.2635244131088257,0.4121681749820709
2024-12-18 02:00:00,0.077164635,NORMAL,0.2635244131088257,0.4121681749820709
2024-12-18 03:00:00,0.07812021,NORMAL,0.2635244131088257,0.4121681749820709
2024-12-18 04:00:00,0.08114492,NORMAL,0.2635244131088257,0.4121681749820709
2024-12-18 05:00:00,0.084480256,NORMAL,0.2635244131088257,0.4121681749820709
2024-12-18 06:00:00,0.08370435,NORMAL,0.2635244131088257,0.4121681749820709
2024-12-18 07:00:00,0.0829091,NORMAL,0.2635244131088257,0.4121681749820709
2024-12-18 08:00:00,0.08418126,NORMAL,0.2635244131088257,0.4121681749820709
2024-12-18 09:00:00,0.08278795,NORMAL,0.2635244131088257,0.4121681749820709
2024-12-18 10:00:00,0.114159636,NORMAL,0.2635244131088257,0.4121681749820709
2024-12-18 11:00:00,0.117375664,NORMAL,0.2635244131088257,0.4121681749820709
2024-12-18 12:00:00,0.11635423,NORMAL,0.2635244131088257,0.4121681749820709
2024-12-18 13:00:00,0.117172174,NORMAL,0.2635244131088257,0.4121681749820709
2024-12-18 14:00:00,0.11840178,NORMAL,0.2635244131088257,0.4121681749820709
2024-12-18 15:00:00,0.11911615,NORMAL,0.2635244131088257,0.4121681749820709
2024-12-18 16:00:00,0.11752825,NORMAL,0.2635244131088257,0.4121681749820709
2024-12-18 17:00:00,0.1174477,NORMAL,0.2635244131088257,0.4121681749820709
2024-12-18 18:00:00,0.11776883,NORMAL,0.2635244131088257,0.4121681749820709
2024-12-18 19:00:00,0.11681918,NORMAL,0.2635244131088257,0.4121681749820709
2024-12-18 20:00:00,0.11845999,NORMAL,0.2635244131088257,0.4121681749820709
2024-12-18 21:00:00,0.12502584,NORMAL,0.2635244131088257,0.4121681749820709
2024-12-18 22:00:00,0.1334787,NORMAL,0.2635244131088257,0.4121681749820709
2024-12-18 23:00:00,0.13496536,NORMAL,0.2635244131088257,0.4121681749820709
2024-12-19 00:00:00,0.1329982,NORMAL,0.2635244131088257,0.4121681749820709
2024-12-19 01:00:00,0.13654768,NORMAL,0.2635244131088257,0.4121681749820709
2024-12-19 02:00:00,0.14515033,NORMAL,0.2635244131088257,0.4121681749820709
2024-12-19 03:00:00,0.1461783,NORMAL,0.2635244131088257,0.4121681749820709
2024-12-19 04:00:00,0.14502993,NORMAL,0.2635244131088257,0.4121681749820709
2024-12-19 05:00:00,0.1560865,NORMAL,0.2635244131088257,0.4121681749820709
2024-12-19 06:00:00,0.1549338,NORMAL,0.2635244131088257,0.4121681749820709
2024-12-19 07:00:00,0.14171246,NORMAL,0.2635244131088257,0.4121681749820709
2024-12-19 08:00:00,0.122358166,NORMAL,0.2635244131088257,0.4121681749820709
2024-12-19 09:00:00,0.1306326,NORMAL,0.2635244131088257,0.4121681749820709
2024-12-19 10:00:00,0.09010053,NORMAL,0.2635244131088257,0.4121681749820709
2024-12-19 11:00:00,0.08516114,NORMAL,0.2635244131088257,0.4121681749820709
2024-12-19 12:00:00,0.08053401,NORMAL,0.2635244131088257,0.4121681749820709
2024-12-19 13:00:00,0.07868323,NORMAL,0.2635244131088257,0.4121681749820709
2024-12-19 14:00:00,0.07860601,NORMAL,0.2635244131088257,0.4121681749820709
2024-12-19 15:00:00,0.07931683,NORMAL,0.2635244131088257,0.4121681749820709
2024-12-19 16:00:00,0.07781578,NORMAL,0.2635244131088257,0.4121681749820709
2024-12-19 17:00:00,0.075479046,NORMAL,0.2635244131088257,0.4121681749820709
2024-12-19 18:00:00,0.07296244,NORMAL,0.2635244131088257,0.4121681749820709
2024-12-19 19:00:00,0.070513256,NORMAL,0.2635244131088257,0.4121681749820709
2024-12-19 20:00:00,0.07183651,NORMAL,0.2635244131088257,0.4121681749820709
2024-12-19 21:00:00,0.07879558,NORMAL,0.2635244131088257,0.4121681749820709
2024-12-19 22:00:00,0.08591637,NORMAL,0.2635244131088257,0.4121681749820709
2024-12-19 23:00:00,0.08518563,NORMAL,0.2635244131088257,0.4121681749820709
2024-12-20 00:00:00,0.08066551,NORMAL,0.2635244131088257,0.4121681749820709
2024-12-20 01:00:00,0.07889882,NORMAL,0.2635244131088257,0.4121681749820709
2024-12-20 02:00:00,0.08026837,NORMAL,0.2635244131088257,0.4121681749820709
2024-12-20 03:00:00,0.08215508,NORMAL,0.2635244131088257,0.4121681749820709
2024-12-20 04:00:00,0.08816246,NORMAL,0.2635244131088257,0.4121681749820709
2024-12-20 05:00:00,0.089996696,NORMAL,0.2635244131088257,0.4121681749820709
2024-12-20 06:00:00,0.08821731,NORMAL,0.2635244131088257,0.4121681749820709
2024-12-20 07:00:00,0.13687679,NORMAL,0.2635244131088257,0.4121681749820709
2024-12-20 08:00:00,0.115068555,NORMAL,0.2635244131088257,0.4121681749820709
2024-12-20 09:00:00,0.07936394,NORMAL,0.2635244131088257,0.4121681749820709
2024-12-20 10:00:00,0.06833383,NORMAL,0.2635244131088257,0.4121681749820709
2024-12-20 11:00:00,0.06374984,NORMAL,0.2635244131088257,0.4121681749820709
2024-12-20 12:00:00,0.0672683,NORMAL,0.2635244131088257,0.4121681749820709
2024-12-20 13:00:00,0.077742845,NORMAL,0.2635244131088257,0.4121681749820709
2024-12-20 14:00:00,0.079735786,NORMAL,0.2635244131088257,0.4121681749820709
2024-12-20 15:00:00,0.08353429,NORMAL,0.2635244131088257,0.4121681749820709
2024-12-20 16:00:00,0.08568484,NORMAL,0.2635244131088257,0.4121681749820709
2024-12-20 17:00:00,0.09027508,NORMAL,0.2635244131088257,0.4121681749820709
2024-12-20 18:00:00,0.09218228,NORMAL,0.2635244131088257,0.4121681749820709
2024-12-20 19:00:00,0.088858195,NORMAL,0.2635244131088257,0.4121681749820709
2024-12-20 20:00:00,0.08867803,NORMAL,0.2635244131088257,0.4121681749820709
2024-12-20 21:00:00,0.092912704,NORMAL,0.2635244131088257,0.4121681749820709
2024-12-20 22:00:00,0.09352216,NORMAL,0.2635244131088257,0.4121681749820709
2024-12-20 23:00:00,0.08816013,NORMAL,0.2635244131088257,0.4121681749820709
2024-12-21 00:00:00,0.08465452,NORMAL,0.2635244131088257,0.4121681749820709
2024-12-21 01:00:00,0.09020388,NORMAL,0.2635244131088257,0.4121681749820709
2024-12-21 02:00:00,0.098910846,NORMAL,0.2635244131088257,0.4121681749820709
2024-12-21 03:00:00,0.09498612,NORMAL,0.2635244131088257,0.4121681749820709
2024-12-21 04:00:00,0.08937147,NORMAL,0.2635244131088257,0.4121681749820709
2024-12-21 05:00:00,0.08644567,NORMAL,0.2635244131088257,0.4121681749820709
2024-12-21 06:00:00,0.08020972,NORMAL,0.2635244131088257,0.4121681749820709
2024-12-21 07:00:00,0.0716981,NORMAL,0.2635244131088257,0.4121681749820709
2024-12-21 08:00:00,0.07580013,NORMAL,0.2635244131088257,0.4121681749820709
2024-12-21 09:00:00,0.086339325,NORMAL,0.2635244131088257,0.4121681749820709
2024-12-21 10:00:00,0.098725185,NORMAL,0.2635244131088257,0.4121681749820709
2024-12-21 11:00:00,0.099651955,NORMAL,0.2635244131088257,0.4121681749820709
2024-12-21 12:00:00,0.09496726,NORMAL,0.2635244131088257,0.4121681749820709
2024-12-21 13:00:00,0.09727434,NORMAL,0.2635244131088257,0.4121681749820709
2024-12-21 14:00:00,0.0902451,NORMAL,0.2635244131088257,0.4121681749820709
2024-12-21 15:00:00,0.088575244,NORMAL,0.2635244131088257,0.4121681749820709
2024-12-21 16:00:00,0.09059952,NORMAL,0.2635244131088257,0.4121681749820709
2024-12-21 17:00:00,0.095414035,NORMAL,0.2635244131088257,0.4121681749820709
2024-12-21 18:00:00,0.09945793,NORMAL,0.2635244131088257,0.4121681749820709
2024-12-21 19:00:00,0.10017082,NORMAL,0.2635244131088257,0.4121681749820709
2024-12-21 20:00:00,0.10076794,NORMAL,0.2635244131088257,0.4121681749820709
2024-12-21 21:00:00,0.10325137,NORMAL,0.2635244131088257,0.4121681749820709
2024-12-21 22:00:00,0.100906014,NORMAL,0.2635244131088257,0.4121681749820709
2024-12-21 23:00:00,0.093141325,NORMAL,0.2635244131088257,0.4121681749820709
2024-12-22 00:00:00,0.0855471,NORMAL,0.2635244131088257,0.4121681749820709
2024-12-22 01:00:00,0.083003365,NORMAL,0.2635244131088257,0.4121681749820709
2024-12-22 02:00:00,0.08786723,NORMAL,0.2635244131088257,0.4121681749820709
2024-12-22 03:00:00,0.0874182,NORMAL,0.2635244131088257,0.4121681749820709
2024-12-22 04:00:00,0.078226835,NORMAL,0.2635244131088257,0.4121681749820709
2024-12-22 05:00:00,0.07053893,NORMAL,0.2635244131088257,0.4121681749820709
2024-12-22 06:00:00,0.067683086,NORMAL,0.2635244131088257,0.4121681749820709
2024-12-22 07:00:00,0.07127993,NORMAL,0.2635244131088257,0.4121681749820709
2024-12-22 08:00:00,0.073598236,NORMAL,0.2635244131088257,0.4121681749820709
2024-12-22 09:00:00,0.080810145,NORMAL,0.2635244131088257,0.4121681749820709
2024-12-22 10:00:00,0.09092382,NORMAL,0.2635244131088257,0.4121681749820709
2024-12-22 11:00:00,0.08827676,NORMAL,0.2635244131088257,0.4121681749820709
2024-12-22 12:00:00,0.084313594,NORMAL,0.2635244131088257,0.4121681749820709
2024-12-22 13:00:00,0.07746702,NORMAL,0.2635244131088257,0.4121681749820709
2024-12-22 14:00:00,0.07515701,NORMAL,0.2635244131088257,0.4121681749820709
2024-12-22 15:00:00,0.077014476,NORMAL,0.2635244131088257,0.4121681749820709
2024-12-22 16:00:00,0.07928717,NORMAL,0.2635244131088257,0.4121681749820709
2024-12-22 17:00:00,0.084910005,NORMAL,0.2635244131088257,0.4121681749820709
2024-12-22 18:00:00,0.08633305,NORMAL,0.2635244131088257,0.4121681749820709
2024-12-22 19:00:00,0.08118768,NORMAL,0.2635244131088257,0.4121681749820709
2024-12-22 20:00:00,0.078636,NORMAL,0.2635244131088257,0.4121681749820709
2024-12-22 21:00:00,0.08030261,NORMAL,0.2635244131088257,0.4121681749820709
2024-12-22 22:00:00,0.077319585,NORMAL,0.2635244131088257,0.4121681749820709
2024-12-22 23:00:00,0.06942823,NORMAL,0.2635244131088257,0.4121681749820709
2024-12-23 00:00:00,0.06350253,NORMAL,0.2635244131088257,0.4121681749820709
2024-12-23 01:00:00,0.06502701,NORMAL,0.2635244131088257,0.4121681749820709
2024-12-23 02:00:00,0.07502499,NORMAL,0.2635244131088257,0.4121681749820709
2024-12-23 03:00:00,0.075585514,NORMAL,0.2635244131088257,0.4121681749820709
2024-12-23 04:00:00,0.07039112,NORMAL,0.2635244131088257,0.4121681749820709
2024-12-23 05:00:00,0.06395693,NORMAL,0.2635244131088257,0.4121681749820709
2024-12-23 06:00:00,0.057559054,NORMAL,0.2635244131088257,0.4121681749820709
2024-12-23 07:00:00,0.070630826,NORMAL,0.2635244131088257,0.4121681749820709
2024-12-23 08:00:00,0.0772771,NORMAL,0.2635244131088257,0.4121681749820709
2024-12-23 09:00:00,0.08162264,NORMAL,0.2635244131088257,0.4121681749820709
2024-12-23 10:00:00,0.12824102,NORMAL,0.2635244131088257,0.4121681749820709
2024-12-23 11:00:00,0.08470689,NORMAL,0.2635244131088257,0.4121681749820709
2024-12-23 12:00:00,0.0780175,NORMAL,0.2635244131088257,0.4121681749820709
2024-12-23 13:00:00,0.078627974,NORMAL,0.2635244131088257,0.4121681749820709
2024-12-23 14:00:00,0.08301622,NORMAL,0.2635244131088257,0.4121681749820709
2024-12-23 15:00:00,0.08872517,NORMAL,0.2635244131088257,0.4121681749820709
2024-12-23 16:00:00,0.09600147,NORMAL,0.2635244131088257,0.4121681749820709
2024-12-23 17:00:00,0.10479018,NORMAL,0.2635244131088257,0.4121681749820709
2024-12-23 18:00:00,0.11202896,NORMAL,0.2635244131088257,0.4121681749820709
2024-12-23 19:00:00,0.11559325,NORMAL,0.2635244131088257,0.4121681749820709
2024-12-23 20:00:00,0.11604885,NORMAL,0.2635244131088257,0.4121681749820709
2024-12-23 21:00:00,0.11275908,NORMAL,0.2635244131088257,0.4121681749820709
2024-12-23 22:00:00,0.10338867,NORMAL,0.2635244131088257,0.4121681749820709
2024-12-23 23:00:00,0.0946906,NORMAL,0.2635244131088257,0.4121681749820709
2024-12-24 00:00:00,0.09254404,NORMAL,0.2635244131088257,0.4121681749820709
2024-12-24 01:00:00,0.09655902,NORMAL,0.2635244131088257,0.4121681749820709
2024-12-24 02:00:00,0.10413395,NORMAL,0.2635244131088257,0.4121681749820709
2024-12-24 03:00:00,0.10172869,NORMAL,0.2635244131088257,0.4121681749820709
2024-12-24 04:00:00,0.09718695,NORMAL,0.2635244131088257,0.4121681749820709
2024-12-24 05:00:00,0.09855488,NORMAL,0.2635244131088257,0.4121681749820709
2024-12-24 06:00:00,0.096553184,NORMAL,0.2635244131088257,0.4121681749820709
2024-12-24 07:00:00,0.10364955,NORMAL,0.2635244131088257,0.4121681749820709
2024-12-24 08:00:00,0.067801684,NORMAL,0.2635244131088257,0.4121681749820709
2024-12-24 09:00:00,0.02953431,NORMAL,0.2635244131088257,0.4121681749820709
2024-12-24 10:00:00,0.024823828,NORMAL,0.2635244131088257,0.4121681749820709
2024-12-24 11:00:00,0.023839755,NORMAL,0.2635244131088257,0.4121681749820709
2024-12-24 12:00:00,0.024783704,NORMAL,0.2635244131088257,0.4121681749820709
2024-12-24 13:00:00,0.026250282,NORMAL,0.2635244131088257,0.4121681749820709
2024-12-24 14:00:00,0.02912122,NORMAL,0.2635244131088257,0.4121681749820709
2024-12-24 15:00:00,0.03310171,NORMAL,0.2635244131088257,0.4121681749820709
2024-12-24 16:00:00,0.035565197,NORMAL,0.2635244131088257,0.4121681749820709
2024-12-24 17:00:00,0.03904148,NORMAL,0.2635244131088257,0.4121681749820709
2024-12-24 18:00:00,0.041171595,NORMAL,0.2635244131088257,0.4121681749820709
2024-12-24 19:00:00,0.04251693,NORMAL,0.2635244131088257,0.4121681749820709
2024-12-24 20:00:00,0.045860987,NORMAL,0.2635244131088257,0.4121681749820709
2024-12-24 21:00:00,0.049297094,NORMAL,0.2635244131088257,0.4121681749820709
2024-12-24 22:00:00,0.0468145,NORMAL,0.2635244131088257,0.4121681749820709
2024-12-24 23:00:00,0.039738312,NORMAL,0.2635244131088257,0.4121681749820709
2024-12-25 00:00:00,0.033537738,NORMAL,0.2635244131088257,0.4121681749820709
2024-12-25 01:00:00,0.030042283,NORMAL,0.2635244131088257,0.4121681749820709
2024-12-25 02:00:00,0.02887539,NORMAL,0.2635244131088257,0.4121681749820709
2024-12-25 03:00:00,0.027194807,NORMAL,0.2635244131088257,0.4121681749820709
2024-12-25 04:00:00,0.028478883,NORMAL,0.2635244131088257,0.4121681749820709
2024-12-25 05:00:00,0.030656507,NORMAL,0.2635244131088257,0.4121681749820709
2024-12-25 06:00:00,0.03386005,NORMAL,0.2635244131088257,0.4121681749820709
2024-12-25 07:00:00,0.038685665,NORMAL,0.2635244131088257,0.4121681749820709
2024-12-25 08:00:00,0.040343508,NORMAL,0.2635244131088257,0.4121681749820709
2024-12-25 09:00:00,0.032211814,NORMAL,0.2635244131088257,0.4121681749820709
2024-12-25 10:00:00,0.025088629,NORMAL,0.2635244131088257,0.4121681749820709
2024-12-25 11:00:00,0.0231007,NORMAL,0.2635244131088257,0.4121681749820709
2024-12-25 12:00:00,0.023062902,NORMAL,0.2635244131088257,0.4121681749820709
2024-12-25 13:00:00,0.022711433,NORMAL,0.2635244131088257,0.4121681749820709
2024-12-25 14:00:00,0.020487038,NORMAL,0.2635244131088257,0.4121681749820709
2024-12-25 15:00:00,0.018159218,NORMAL,0.2635244131088257,0.4121681749820709
2024-12-25 16:00:00,0.019375738,NORMAL,0.2635244131088257,0.4121681749820709
2024-12-25 17:00:00,0.021024078,NORMAL,0.2635244131088257,0.4121681749820709
2024-12-25 18:00:00,0.023614824,NORMAL,0.2635244131088257,0.4121681749820709
2024-12-25 19:00:00,0.026249437,NORMAL,0.2635244131088257,0.4121681749820709
2024-12-25 20:00:00,0.029108785,NORMAL,0.2635244131088257,0.4121681749820709
2024-12-25 21:00:00,0.03269289,NORMAL,0.2635244131088257,0.4121681749820709
2024-12-25 22:00:00,0.03448929,NORMAL,0.2635244131088257,0.4121681749820709
2024-12-25 23:00:00,0.033352308,NORMAL,0.2635244131088257,0.4121681749820709
2024-12-26 00:00:00,0.03126405,NORMAL,0.2635244131088257,0.4121681749820709
2024-12-26 01:00:00,0.029545784,NORMAL,0.2635244131088257,0.4121681749820709
2024-12-26 02:00:00,0.029846426,NORMAL,0.2635244131088257,0.4121681749820709
2024-12-26 03:00:00,0.030113505,NORMAL,0.2635244131088257,0.4121681749820709
2024-12-26 04:00:00,0.027491275,NORMAL,0.2635244131088257,0.4121681749820709
2024-12-26 05:00:00,0.026303403,NORMAL,0.2635244131088257,0.4121681749820709
2024-12-26 06:00:00,0.02557542,NORMAL,0.2635244131088257,0.4121681749820709
2024-12-26 07:00:00,0.025278227,NORMAL,0.2635244131088257,0.4121681749820709
2024-12-26 08:00:00,0.025979705,NORMAL,0.2635244131088257,0.4121681749820709
2024-12-26 09:00:00,0.025005395,NORMAL,0.2635244131088257,0.4121681749820709
2024-12-26 10:00:00,0.022961272,NORMAL,0.2635244131088257,0.4121681749820709
2024-12-26 11:00:00,0.023684522,NORMAL,0.2635244131088257,0.4121681749820709
2024-12-26 12:00:00,0.025056973,NORMAL,0.2635244131088257,0.4121681749820709
2024-12-26 13:00:00,0.026076086,NORMAL,0.2635244131088257,0.4121681749820709
2024-12-26 14:00:00,0.027467813,NORMAL,0.2635244131088257,0.4121681749820709
2024-12-26 15:00:00,0.027251087,NORMAL,0.2635244131088257,0.4121681749820709
2024-12-26 16:00:00,0.026657417,NORMAL,0.2635244131088257,0.4121681749820709
2024-12-26 17:00:00,0.025495023,NORMAL,0.2635244131088257,0.4121681749820709
2024-12-26 18:00:00,0.025193956,NORMAL,0.2635244131088257,0.4121681749820709
2024-12-26 19:00:00,0.02557718,NORMAL,0.2635244131088257,0.4121681749820709
2024-12-26 20:00:00,0.025016343,NORMAL,0.2635244131088257,0.4121681749820709
2024-12-26 21:00:00,0.02371701,NORMAL,0.2635244131088257,0.4121681749820709
2024-12-26 22:00:00,0.01986865,NORMAL,0.2635244131088257,0.4121681749820709
2024-12-26 23:00:00,0.016454581,NORMAL,0.2635244131088257,0.4121681749820709
2024-12-27 00:00:00,0.014960093,NORMAL,0.2635244131088257,0.4121681749820709
2024-12-27 01:00:00,0.014507715,NORMAL,0.2635244131088257,0.4121681749820709
2024-12-27 02:00:00,0.016681898,NORMAL,0.2635244131088257,0.4121681749820709
2024-12-27 03:00:00,0.018152412,NORMAL,0.2635244131088257,0.4121681749820709
2024-12-27 04:00:00,0.017276436,NORMAL,0.2635244131088257,0.4121681749820709
2024-12-27 05:00:00,0.016129812,NORMAL,0.2635244131088257,0.4121681749820709
2024-12-27 06:00:00,0.017285202,NORMAL,0.2635244131088257,0.4121681749820709
2024-12-27 07:00:00,0.023161726,NORMAL,0.2635244131088257,0.4121681749820709
2024-12-27 08:00:00,0.024562616,NORMAL,0.2635244131088257,0.4121681749820709
2024-12-27 09:00:00,0.023920603,NORMAL,0.2635244131088257,0.4121681749820709
2024-12-27 10:00:00,0.02989402,NORMAL,0.2635244131088257,0.4121681749820709
2024-12-27 11:00:00,0.038779717,NORMAL,0.2635244131088257,0.4121681749820709
2024-12-27 12:00:00,0.04164434,NORMAL,0.2635244131088257,0.4121681749820709
2024-12-27 13:00:00,0.03767046,NORMAL,0.2635244131088257,0.4121681749820709
2024-12-27 14:00:00,0.033150062,NORMAL,0.2635244131088257,0.4121681749820709
2024-12-27 15:00:00,0.030166017,NORMAL,0.2635244131088257,0.4121681749820709
2024-12-27 16:00:00,0.026754754,NORMAL,0.2635244131088257,0.4121681749820709
2024-12-27 17:00:00,0.024173751,NORMAL,0.2635244131088257,0.4121681749820709
2024-12-27 18:00:00,0.022453612,NORMAL,0.2635244131088257,0.4121681749820709
2024-12-27 19:00:00,0.021036439,NORMAL,0.2635244131088257,0.4121681749820709
2024-12-27 20:00:00,0.018638935,NORMAL,0.2635244131088257,0.4121681749820709
2024-12-27 21:00:00,0.016404977,NORMAL,0.2635244131088257,0.4121681749820709
2024-12-27 22:00:00,0.017594894,NORMAL,0.2635244131088257,0.4121681749820709
2024-12-27 23:00:00,0.02098404,NORMAL,0.2635244131088257,0.4121681749820709
2024-12-28 00:00:00,0.023321465,NORMAL,0.2635244131088257,0.4121681749820709
2024-12-28 01:00:00,0.024889685,NORMAL,0.2635244131088257,0.4121681749820709
2024-12-28 02:00:00,0.02734477,NORMAL,0.2635244131088257,0.4121681749820709
2024-12-28 03:00:00,0.028154386,NORMAL,0.2635244131088257,0.4121681749820709
2024-12-28 04:00:00,0.028880365,NORMAL,0.2635244131088257,0.4121681749820709
2024-12-28 05:00:00,0.028555436,NORMAL,0.2635244131088257,0.4121681749820709
2024-12-28 06:00:00,0.030515654,NORMAL,0.2635244131088257,0.4121681749820709
2024-12-28 07:00:00,0.03527473,NORMAL,0.2635244131088257,0.4121681749820709
2024-12-28 08:00:00,0.03922637,NORMAL,0.2635244131088257,0.4121681749820709
2024-12-28 09:00:00,0.042374328,NORMAL,0.2635244131088257,0.4121681749820709
2024-12-28 10:00:00,0.04819595,NORMAL,0.2635244131088257,0.4121681749820709
2024-12-28 11:00:00,0.0529635,NORMAL,0.2635244131088257,0.4121681749820709
2024-12-28 12:00:00,0.052073885,NORMAL,0.2635244131088257,0.4121681749820709
2024-12-28 13:00:00,0.046625935,NORMAL,0.2635244131088257,0.4121681749820709
2024-12-28 14:00:00,0.04265699,NORMAL,0.2635244131088257,0.4121681749820709
2024-12-28 15:00:00,0.03924585,NORMAL,0.2635244131088257,0.4121681749820709
2024-12-28 16:00:00,0.034709632,NORMAL,0.2635244131088257,0.4121681749820709
2024-12-28 17:00:00,0.031294044,NORMAL,0.2635244131088257,0.4121681749820709
2024-12-28 18:00:00,0.029441833,NORMAL,0.2635244131088257,0.4121681749820709
2024-12-28 19:00:00,0.0287716,NORMAL,0.2635244131088257,0.4121681749820709
2024-12-28 20:00:00,0.02816899,NORMAL,0.2635244131088257,0.4121681749820709
2024-12-28 21:00:00,0.027316816,NORMAL,0.2635244131088257,0.4121681749820709
2024-12-28 22:00:00,0.027546149,NORMAL,0.2635244131088257,0.4121681749820709
2024-12-28 23:00:00,0.027718619,NORMAL,0.2635244131088257,0.4121681749820709
2024-12-29 00:00:00,0.026912672,NORMAL,0.2635244131088257,0.4121681749820709
2024-12-29 01:00:00,0.026822247,NORMAL,0.2635244131088257,0.4121681749820709
2024-12-29 02:00:00,0.028085569,NORMAL,0.2635244131088257,0.4121681749820709
2024-12-29 03:00:00,0.028538994,NORMAL,0.2635244131088257,0.4121681749820709
2024-12-29 04:00:00,0.027590552,NORMAL,0.2635244131088257,0.4121681749820709
2024-12-29 05:00:00,0.024456099,NORMAL,0.2635244131088257,0.4121681749820709
2024-12-29 06:00:00,0.024275955,NORMAL,0.2635244131088257,0.4121681749820709
2024-12-29 07:00:00,0.027091324,NORMAL,0.2635244131088257,0.4121681749820709
2024-12-29 08:00:00,0.027284231,NORMAL,0.2635244131088257,0.4121681749820709
2024-12-29 09:00:00,0.022461776,NORMAL,0.2635244131088257,0.4121681749820709
2024-12-29 10:00:00,0.023518546,NORMAL,0.2635244131088257,0.4121681749820709
2024-12-29 11:00:00,0.027615257,NORMAL,0.2635244131088257,0.4121681749820709
2024-12-29 12:00:00,0.031244827,NORMAL,0.2635244131088257,0.4121681749820709
2024-12-29 13:00:00,0.032712713,NORMAL,0.2635244131088257,0.4121681749820709
2024-12-29 14:00:00,0.0319605,NORMAL,0.2635244131088257,0.4121681749820709
2024-12-29 15:00:00,0.030346705,NORMAL,0.2635244131088257,0.4121681749820709
2024-12-29 16:00:00,0.02846255,NORMAL,0.2635244131088257,0.4121681749820709
2024-12-29 17:00:00,0.029351108,NORMAL,0.2635244131088257,0.4121681749820709
2024-12-29 18:00:00,0.031739112,NORMAL,0.2635244131088257,0.4121681749820709
2024-12-29 19:00:00,0.03467481,NORMAL,0.2635244131088257,0.4121681749820709
2024-12-29 20:00:00,0.039500818,NORMAL,0.2635244131088257,0.4121681749820709
2024-12-29 21:00:00,0.04479693,NORMAL,0.2635244131088257,0.4121681749820709
2024-12-29 22:00:00,0.043643933,NORMAL,0.2635244131088257,0.4121681749820709
2024-12-29 23:00:00,0.03745096,NORMAL,0.2635244131088257,0.4121681749820709
2024-12-30 00:00:00,0.032689527,NORMAL,0.2635244131088257,0.4121681749820709
2024-12-30 01:00:00,0.031894803,NORMAL,0.2635244131088257,0.4121681749820709
2024-12-30 02:00:00,0.033129353,NORMAL,0.2635244131088257,0.4121681749820709
2024-12-30 03:00:00,0.03261377,NORMAL,0.2635244131088257,0.4121681749820709
2024-12-30 04:00:00,0.03019876,NORMAL,0.2635244131088257,0.4121681749820709
2024-12-30 05:00:00,0.025811592,NORMAL,0.2635244131088257,0.4121681749820709
2024-12-30 06:00:00,0.026624156,NORMAL,0.2635244131088257,0.4121681749820709
2024-12-30 07:00:00,0.031148126,NORMAL,0.2635244131088257,0.4121681749820709
2024-12-30 08:00:00,0.03024023,NORMAL,0.2635244131088257,0.4121681749820709
2024-12-30 09:00:00,0.02604135,NORMAL,0.2635244131088257,0.4121681749820709
2024-12-30 10:00:00,0.029140903,NORMAL,0.2635244131088257,0.4121681749820709
2024-12-30 11:00:00,0.035246745,NORMAL,0.2635244131088257,0.4121681749820709
2024-12-30 12:00:00,0.041333787,NORMAL,0.2635244131088257,0.4121681749820709
2024-12-30 13:00:00,0.044792738,NORMAL,0.2635244131088257,0.4121681749820709
2024-12-30 14:00:00,0.043757338,NORMAL,0.2635244131088257,0.4121681749820709
2024-12-30 15:00:00,0.039770942,NORMAL,0.2635244131088257,0.4121681749820709
2024-12-30 16:00:00,0.03531834,NORMAL,0.2635244131088257,0.4121681749820709
2024-12-30 17:00:00,0.033254333,NORMAL,0.2635244131088257,0.4121681749820709
2024-12-30 18:00:00,0.034141626,NORMAL,0.2635244131088257,0.4121681749820709
2024-12-30 19:00:00,0.034629963,NORMAL,0.2635244131088257,0.4121681749820709
2024-12-30 20:00:00,0.03390005,NORMAL,0.2635244131088257,0.4121681749820709
2024-12-30 21:00:00,0.033413567,NORMAL,0.2635244131088257,0.4121681749820709
2024-12-30 22:00:00,0.03208296,NORMAL,0.2635244131088257,0.4121681749820709
2024-12-30 23:00:00,0.02665086,NORMAL,0.2635244131088257,0.4121681749820709
2024-12-31 00:00:00,0.021741623,NORMAL,0.2635244131088257,0.4121681749820709
2024-12-31 01:00:00,0.019929986,NORMAL,0.2635244131088257,0.4121681749820709
2024-12-31 02:00:00,0.020477653,NORMAL,0.2635244131088257,0.4121681749820709
2024-12-31 03:00:00,0.018860161,NORMAL,0.2635244131088257,0.4121681749820709
2024-12-31 04:00:00,0.0152362455,NORMAL,0.2635244131088257,0.4121681749820709
2024-12-31 05:00:00,0.013117795,NORMAL,0.2635244131088257,0.4121681749820709
2024-12-31 06:00:00,0.014318443,NORMAL,0.2635244131088257,0.4121681749820709
2024-12-31 07:00:00,0.015570023,NORMAL,0.2635244131088257,0.4121681749820709
2024-12-31 08:00:00,0.014031947,NORMAL,0.2635244131088257,0.4121681749820709
2024-12-31 09:00:00,0.014376165,NORMAL,0.2635244131088257,0.4121681749820709
2024-12-31 10:00:00,0.01696506,NORMAL,0.2635244131088257,0.4121681749820709
2024-12-31 11:00:00,0.020790309,NORMAL,0.2635244131088257,0.4121681749820709
2024-12-31 12:00:00,0.024610564,NORMAL,0.2635244131088257,0.4121681749820709
2024-12-31 13:00:00,0.02813699,NORMAL,0.2635244131088257,0.4121681749820709
2024-12-31 14:00:00,0.031363938,NORMAL,0.2635244131088257,0.4121681749820709
2024-12-31 15:00:00,0.033760715,NORMAL,0.2635244131088257,0.4121681749820709
2024-12-31 16:00:00,0.035080593,NORMAL,0.2635244131088257,0.4121681749820709
2024-12-31 17:00:00,0.03857502,NORMAL,0.2635244131088257,0.4121681749820709
2024-12-31 18:00:00,0.041039605,NORMAL,0.2635244131088257,0.4121681749820709
2024-12-31 19:00:00,0.039849833,NORMAL,0.2635244131088257,0.4121681749820709
2024-12-31 20:00:00,0.037282966,NORMAL,0.2635244131088257,0.4121681749820709
2024-12-31 21:00:00,0.036968146,NORMAL,0.2635244131088257,0.4121681749820709
2024-12-31 22:00:00,0.035094075,NORMAL,0.2635244131088257,0.4121681749820709
2024-12-31 23:00:00,0.029286921,NORMAL,0.2635244131088257,0.4121681749820709
