timestamp,temperature_C,dewpoint_C,pressure_hPa,wind_speed_kmh,wind_direction_deg,relative_humidity_pct
2023-01-01 00:00:00,10.126282,5.6473083,902.97217,6.647094,32.668945,73.7317
2023-01-01 01:00:00,10.077972,5.6006775,903.5769,6.8813505,34.342438,73.731606
2023-01-01 02:00:00,10.990143,6.175659,904.3059,7.1071296,36.882385,72.19794
2023-01-01 03:00:00,11.644806,6.2960815,904.94604,7.1845,39.335083,69.7117
2023-01-01 04:00:00,12.283905,6.334778,905.30365,7.0249715,39.799683,67.01618
2023-01-01 05:00:00,14.774658,7.004883,905.21185,6.584899,37.171753,59.6733
2023-01-01 06:00:00,15.63681,6.9881287,904.6898,6.079666,30.132904,56.393867
2023-01-01 07:00:00,15.919952,6.8377075,903.8404,5.8534055,20.106018,54.813755
2023-01-01 08:00:00,17.056427,6.7467957,902.9137,6.0093403,11.731567,50.67461
2023-01-01 09:00:00,17.208832,6.635254,902.24115,6.4726424,8.816498,49.80519
2023-01-01 10:00:00,15.968933,6.8661804,901.84283,6.527823,10.925568,54.749382
2023-01-01 11:00:00,15.748352,6.8983154,901.9529,7.2541866,18.102203,55.64913
2023-01-01 12:00:00,15.520294,7.181244,902.48517,7.7506003,23.483307,57.57251
2023-01-01 13:00:00,15.2836,7.221405,903.0926,8.096378,27.96344,58.613926
2023-01-01 14:00:00,14.130951,7.176819,903.78125,8.31883,31.778473,62.943935
2023-01-01 15:00:00,12.868622,6.6889954,904.2475,8.411615,35.111206,66.08655
2023-01-01 16:00:00,12.621918,6.6623535,904.4441,8.4120245,38.025085,67.039856
2023-01-01 17:00:00,11.857086,6.5119324,904.3766,8.370688,40.40558,69.77117
2023-01-01 18:00:00,11.577545,6.421631,904.091,8.311074,42.092346,70.63018
2023-01-01 19:00:00,11.398529,6.371063,903.68823,8.300426,43.367065,71.22278
2023-01-01 20:00:00,10.683014,6.015503,903.2344,8.294028,44.135162,72.8768
2023-01-01 21:00:00,10.548798,5.939331,902.8303,8.306715,44.54117,73.14502
2023-01-01 22:00:00,9.9175415,5.5207825,902.5762,7.883004,47.69168,74.11568
2023-01-01 23:00:00,9.875183,5.4963684,902.5913,7.9923534,47.65091,74.200455
2023-01-02 00:00:00,10.04007,5.5143127,902.96954,8.059066,48.689148,73.47754
2023-01-02 01:00:00,10.000122,5.4919434,903.5681,8.198584,50.096375,73.55996
2023-01-02 02:00:00,10.840179,5.928589,904.32416,8.371545,52.137543,71.68737
2023-01-02 03:00:00,11.146362,5.8496704,904.95654,8.420588,55.10669,69.862946
2023-01-02 04:00:00,11.889618,6.0680237,905.3399,8.15126,58.173523,67.52435
2023-01-02 05:00:00,14.686951,6.7084656,905.22107,7.5802794,60.130493,58.80381
2023-01-02 06:00:00,15.529388,6.8055115,904.7,6.7289605,59.019745,56.07655
2023-01-02 07:00:00,15.843872,6.7476196,903.84283,5.9452653,53.635162,54.74136
2023-01-02 08:00:00,16.98941,6.6962585,903.00104,5.4818153,45.92041,50.713867
2023-01-02 09:00:00,17.105927,6.5874634,902.32196,5.4501443,38.706146,49.966137
2023-01-02 10:00:00,15.759613,6.847748,901.9389,5.639954,35.002777,55.416542
2023-01-02 11:00:00,15.59964,7.016968,902.0745,6.6139073,36.83673,56.64004
2023-01-02 12:00:00,15.3967285,7.1273804,902.613,7.093863,38.138275,57.816853
2023-01-02 13:00:00,15.086151,7.1576843,903.2363,7.5648127,40.38861,59.103924
2023-01-02 14:00:00,13.901093,6.9907837,903.8953,7.856523,42.49765,63.08024
2023-01-02 15:00:00,12.806488,6.647461,904.3474,8.009111,44.277924,66.16668
2023-01-02 16:00:00,12.595001,6.6903076,904.6007,8.041342,45.794006,67.28732
2023-01-02 17:00:00,11.840912,6.4420166,904.5176,7.9876294,47.138428,69.51044
2023-01-02 18:00:00,11.649689,6.431122,904.2009,7.982354,47.878906,70.34033
2023-01-02 19:00:00,11.441986,6.37796,903.81335,7.957617,48.28247,71.05205
2023-01-02 20:00:00,10.832977,6.0840454,903.4253,7.938913,48.149292,72.49587
2023-01-02 21:00:00,10.656311,6.0064087,903.0725,7.9427066,47.32132,72.960594
2023-01-02 22:00:00,10.146027,5.6791687,902.8734,7.345931,51.73654,73.79711
2023-01-02 23:00:00,10.051788,5.638794,902.8107,7.5364366,50.533234,74.056114
2023-01-03 00:00:00,10.134003,5.629486,903.05225,7.681423,50.321564,73.60274
2023-01-03 01:00:00,10.08493,5.6202393,903.6245,7.845777,50.9458,73.797264
2023-01-03 02:00:00,10.9783325,6.1529846,904.404,8.034214,52.042816,72.14164
2023-01-03 03:00:00,11.24762,6.1000366,905.0538,8.018819,53.959106,70.60636
2023-01-03 04:00:00,11.856506,6.274719,905.41626,7.4768596,54.689392,68.643555
2023-01-03 05:00:00,14.404755,6.908661,905.29095,6.751623,51.99356,60.7133
2023-01-03 06:00:00,15.1188965,6.680847,904.6947,6.1796293,46.335266,57.082664
2023-01-03 07:00:00,15.517029,6.579315,903.78687,5.8545284,37.71161,55.255795
2023-01-03 08:00:00,16.578094,6.496338,902.8373,5.8368835,28.998138,51.34443
2023-01-03 09:00:00,16.7359,6.405548,902.1655,6.169588,23.198181,50.51576
2023-01-03 10:00:00,15.423798,6.5131836,901.8529,6.238132,23.533844,55.3348
2023-01-03 11:00:00,15.164673,6.5959167,901.9721,7.06165,26.574219,56.58381
2023-01-03 12:00:00,14.958496,6.8189697,902.4158,7.3063407,27.751312,58.224075
2023-01-03 13:00:00,14.729584,6.9087524,903.0489,7.671928,29.61618,59.453922
2023-01-03 14:00:00,13.706421,6.874542,903.66766,7.959803,31.733917,63.375645
2023-01-03 15:00:00,12.528992,6.4986267,904.152,8.099509,33.893402,66.6946
2023-01-03 16:00:00,12.275787,6.4489136,904.4246,8.130883,36.217102,67.58093
2023-01-03 17:00:00,11.529633,6.1842957,904.4483,8.104107,38.202362,69.70497
2023-01-03 18:00:00,11.335297,6.166107,904.2402,8.1122875,39.724854,70.51832
2023-01-03 19:00:00,11.101135,6.0968323,903.9296,8.102573,40.928284,71.27949
2023-01-03 20:00:00,10.522614,5.898712,903.62274,8.089806,41.61386,73.06731
2023-01-03 21:00:00,10.394562,5.8766174,903.3607,8.095405,41.965515,73.58119
2023-01-03 22:00:00,9.903534,5.5374756,903.1206,7.8578687,44.537018,74.27112
2023-01-03 23:00:00,9.79184,5.521637,903.06244,8.08878,44.909973,74.74673
2023-01-04 00:00:00,9.92868,5.596466,903.3222,8.20948,45.193604,74.44996
2023-01-04 01:00:00,9.929352,5.602539,903.84735,8.337706,46.309113,74.47794
2023-01-04 02:00:00,10.6397705,5.9538574,904.5175,8.509897,47.873688,72.776276
2023-01-04 03:00:00,11.002655,5.941345,905.15704,8.639411,49.852844,70.9805
2023-01-04 04:00:00,11.595459,6.081604,905.5036,8.542898,50.58783,68.91244
2023-01-04 05:00:00,13.876953,6.5231934,905.3569,8.199598,49.33362,61.183304
2023-01-04 06:00:00,14.717102,6.455017,904.75757,7.78679,44.877747,57.675888
2023-01-04 07:00:00,15.062897,6.434387,903.86554,7.53553,39.17038,56.3259
2023-01-04 08:00:00,16.252167,6.2450867,902.9406,7.6087675,34.10791,51.52127
2023-01-04 09:00:00,16.360138,6.126526,902.23694,7.9000444,30.788513,50.75153
2023-01-04 10:00:00,15.08783,6.28891,901.9152,7.3836827,31.170319,55.67509
2023-01-04 11:00:00,14.9192505,6.29834,902.04913,8.135698,32.794434,56.318752
2023-01-04 12:00:00,14.707581,6.5065613,902.50037,8.401919,33.206726,57.916325
2023-01-04 13:00:00,14.448242,6.5589294,903.0228,8.763961,34.370056,59.10641
2023-01-04 14:00:00,13.443451,6.499481,903.64166,9.115798,35.886566,62.82944
2023-01-04 15:00:00,12.368774,6.005249,904.1489,9.299652,37.87628,65.145996
2023-01-04 16:00:00,12.11554,5.963806,904.45166,9.389253,39.37503,66.0501
2023-01-04 17:00:00,11.382874,5.766968,904.5691,9.385856,40.459015,68.38468
2023-01-04 18:00:00,11.145996,5.6932373,904.5318,9.420655,40.8808,69.11249
2023-01-04 19:00:00,10.949921,5.6325684,904.358,9.46163,40.901886,69.723915
2023-01-04 20:00:00,10.257996,5.386505,904.09216,9.535321,40.739563,71.776085
2023-01-04 21:00:00,10.12439,5.3191223,903.85486,9.580445,40.58194,72.08154
2023-01-04 22:00:00,9.554108,5.0477905,903.8482,8.874602,45.00296,73.48896
2023-01-04 23:00:00,9.476746,5.027588,903.90436,9.045847,44.822693,73.76795
2023-01-05 00:00:00,9.542206,5.06369,904.2279,9.181338,45.169342,73.629135
2023-01-05 01:00:00,9.518402,5.0354004,904.8035,9.325446,46.01291,73.60185
2023-01-05 02:00:00,10.380798,5.433838,905.5859,9.479784,46.87372,71.424515
2023-01-05 03:00:00,10.7499695,5.4429016,906.3438,9.844741,48.03293,69.733604
2023-01-05 04:00:00,11.32666,5.587982,906.8144,10.167397,48.833527,67.79413
2023-01-05 05:00:00,13.693359,5.943756,906.8108,10.148495,49.25235,59.492638
2023-01-05 06:00:00,14.624481,5.875183,906.28674,9.935577,48.288544,55.746735
2023-01-05 07:00:00,14.986694,5.8142395,905.5008,9.655539,45.961792,54.231762
2023-01-05 08:00:00,16.271057,5.765991,904.6022,9.442161,43.021484,49.784466
2023-01-05 09:00:00,16.412292,5.7854004,903.9347,9.371234,40.362946,49.40509
2023-01-05 10:00:00,15.141815,5.8493958,903.7457,8.492106,42.602295,53.824245
2023-01-05 11:00:00,15.030457,5.8231506,903.8541,8.890032,40.605255,54.112656
2023-01-05 12:00:00,14.717743,5.938751,904.27673,9.081058,37.615845,55.656414
2023-01-05 13:00:00,14.41391,5.944275,904.79865,9.38045,36.967224,56.78041
2023-01-05 14:00:00,13.184479,5.6196594,905.43475,9.682022,37.201355,60.133476
2023-01-05 15:00:00,12.154205,5.3112183,905.97375,9.7457695,37.892303,62.97048
2023-01-05 16:00:00,11.923096,5.252594,906.3003,9.778003,38.65384,63.67608
2023-01-05 17:00:00,11.16098,5.0571594,906.29474,9.716944,39.217438,66.06169
2023-01-05 18:00:00,10.9263,4.9761963,906.04803,9.718326,39.270233,66.72129
2023-01-05 19:00:00,10.7282715,4.871002,905.6923,9.702905,39.007294,67.11164
2023-01-05 20:00:00,10.096649,4.6445007,905.26764,9.691792,38.686615,68.90129
2023-01-05 21:00:00,9.909088,4.5683594,904.829,9.681615,38.355988,69.401215
2023-01-05 22:00:00,9.189575,4.282898,904.6375,9.007051,44.09082,71.39619
2023-01-05 23:00:00,9.080444,4.212799,904.54987,9.105944,43.315918,71.570656
2023-01-06 00:00:00,9.225433,4.195343,904.7662,9.186969,43.591827,70.78851
2023-01-06 01:00:00,9.223389,4.180084,905.34436,9.25525,44.186523,70.722595
2023-01-06 02:00:00,10.153809,4.544403,906.13666,9.331763,44.96579,68.160324
2023-01-06 03:00:00,10.608459,4.578186,906.913,9.537056,46.70038,66.28066
2023-01-06 04:00:00,11.32251,4.865753,907.39575,9.428848,49.058075,64.49303
2023-01-06 05:00:00,13.929932,5.5183716,907.3398,8.985191,50.302185,56.885956
2023-01-06 06:00:00,14.820251,5.582733,906.80554,8.409401,49.04608,53.94443
2023-01-06 07:00:00,15.179352,5.660248,905.9111,7.8905787,45.755096,52.996326
2023-01-06 08:00:00,16.539032,5.901184,904.94635,7.5474734,41.13138,49.40242
2023-01-06 09:00:00,16.718445,5.854706,904.19226,7.5518627,37.159637,48.685844
2023-01-06 10:00:00,15.358765,6.2654114,903.8652,6.987408,36.73175,54.626186
2023-01-06 11:00:00,15.082886,6.2895813,903.8946,7.661228,36.601562,55.695362
2023-01-06 12:00:00,14.822327,6.348175,904.2321,8.031063,35.488678,56.866253
2023-01-06 13:00:00,14.623901,6.3164062,904.75775,8.424667,35.331085,57.47248
2023-01-06 14:00:00,13.492615,5.988922,905.34326,8.743893,36.2713,60.462864
2023-01-06 15:00:00,12.317535,5.6441956,905.8181,8.933717,37.647858,63.753517
2023-01-06 16:00:00,12.089142,5.503296,906.0725,8.998875,38.964874,64.08923
2023-01-06 17:00:00,11.394165,5.335846,906.0743,9.0221815,40.067627,66.32175
2023-01-06 18:00:00,11.162048,5.212982,905.80396,9.052714,40.438538,66.77679
2023-01-06 19:00:00,10.987549,5.160309,905.37085,9.052491,40.56848,67.30733
2023-01-06 20:00:00,10.265015,4.8807983,904.8314,9.051871,40.05414,69.26301
2023-01-06 21:00:00,10.140961,4.874054,904.3482,9.075194,39.403625,69.80649
2023-01-06 22:00:00,9.6631775,4.7447815,904.1669,8.344837,42.42041,71.428795
2023-01-06 23:00:00,9.57019,4.6972046,903.9137,8.507536,41.03537,71.637665
2023-01-07 00:00:00,9.728119,4.786682,904.21045,8.615357,40.66385,71.32657
2023-01-07 01:00:00,9.692017,4.787323,904.73584,8.69521,40.757202,71.50264
2023-01-07 02:00:00,10.637268,5.2124634,905.33325,8.813852,41.064087,69.143166
2023-01-07 03:00:00,11.072693,5.1139526,905.83014,8.95714,42.412964,66.712685
2023-01-07 04:00:00,11.672516,5.2591553,906.14166,8.795275,44.01776,64.76679
2023-01-07 05:00:00,14.524597,6.1029663,906.0441,8.371989,43.63498,56.997044
2023-01-07 06:00:00,15.432495,6.167572,905.4542,7.9177976,40.46167,54.002964
2023-01-07 07:00:00,15.83606,6.2818604,904.5834,7.4928045,34.96704,53.041943
2023-01-07 08:00:00,17.370392,6.6156006,903.5859,7.228513,28.540985,49.23265
2023-01-07 09:00:00,17.538544,6.530243,902.799,7.2371707,23.445282,48.427795
2023-01-07 10:00:00,16.062073,6.8500977,902.37964,6.614595,23.334717,54.364853
2023-01-07 11:00:00,15.758759,6.950714,902.3732,7.08218,24.976501,55.812244
2023-01-07 12:00:00,15.430176,6.96109,902.7199,7.2721386,26.027313,57.039608
2023-01-07 13:00:00,15.178955,6.9934387,903.25024,7.4727545,27.107697,58.095394
2023-01-07 14:00:00,13.912506,6.708679,903.85095,7.54527,29.128174,61.825466
2023-01-07 15:00:00,12.59671,6.269165,904.33124,7.485652,30.892395,65.358315
2023-01-07 16:00:00,12.416779,6.233917,904.59467,7.3269415,32.327545,65.97379
2023-01-07 17:00:00,11.66153,6.0524597,904.5735,7.1165104,33.073883,68.47449
2023-01-07 18:00:00,11.485199,5.94104,904.3056,6.9682894,33.004272,68.74589
2023-01-07 19:00:00,11.283142,5.891815,903.9534,6.8878374,32.376892,69.43464
2023-01-07 20:00:00,10.617096,5.561798,903.517,6.908428,31.215454,70.935326
2023-01-07 21:00:00,10.439362,5.5570374,903.0647,6.936671,29.858368,71.75658
2023-01-07 22:00:00,9.859283,5.1951904,902.87476,7.0779886,31.991302,72.74236
2023-01-07 23:00:00,9.777222,5.2052917,902.7566,7.1558385,31.55783,73.19477
2023-01-08 00:00:00,9.91098,5.2345276,902.9905,7.289884,31.889374,72.68945
2023-01-08 01:00:00,9.847961,5.180786,903.4239,7.439318,32.944,72.72469
2023-01-08 02:00:00,10.917969,5.6658936,904.0553,7.5759287,34.158234,70.033485
2023-01-08 03:00:00,11.420258,5.6752014,904.63513,7.8533783,36.313995,67.78379
2023-01-08 04:00:00,12.231171,5.865906,904.99585,7.884078,38.280426,65.10769
2023-01-08 05:00:00,15.205536,6.601959,904.92804,7.615823,38.05414,56.458927
2023-01-08 06:00:00,16.188354,6.6728516,904.37805,7.218228,34.655487,53.276573
2023-01-08 07:00:00,16.638702,6.6730347,903.54553,6.90783,29.724792,51.772137
2023-01-08 08:00:00,17.965698,6.8058777,902.63306,6.752499,24.751923,48.04346
2023-01-08 09:00:00,18.160461,6.7812195,901.99695,6.7985544,22.322205,47.378872
2023-01-08 10:00:00,16.699951,7.1584473,901.6601,6.7428627,24.344849,53.31634
2023-01-08 11:00:00,16.496338,7.1593018,901.7698,7.0912547,28.20459,54.013805
2023-01-08 12:00:00,16.210144,7.365753,902.11334,7.3234863,30.79712,55.78891
2023-01-08 13:00:00,15.8185425,7.4000854,902.6397,7.5265136,33.96756,57.33528
2023-01-08 14:00:00,14.524628,7.1731873,903.24634,7.5704484,36.692413,61.346436
2023-01-08 15:00:00,13.282837,6.8113403,903.81384,7.5414066,38.66571,64.86544
2023-01-08 16:00:00,13.065094,6.7854614,904.1384,7.418055,40.37863,65.67692
2023-01-08 17:00:00,12.268219,6.5903015,904.2314,7.2146406,41.565643,68.275276
2023-01-08 18:00:00,12.0659485,6.5126953,904.0645,7.0639315,42.047302,68.82139
2023-01-08 19:00:00,11.866455,6.4375305,903.81744,6.966626,41.648712,69.372055
2023-01-08 20:00:00,11.154419,6.1280212,903.4621,6.965124,40.119537,71.18112
2023-01-08 21:00:00,10.957489,6.0250854,903.13306,6.970352,38.4422,71.60665
2023-01-08 22:00:00,10.356567,5.700653,903.2128,6.977024,37.035034,72.875305
2023-01-08 23:00:00,10.227478,5.6370544,903.2929,7.0742345,36.270233,73.18289
2023-01-09 00:00:00,10.4348755,5.6979675,903.6872,7.1670747,35.929565,72.48223
2023-01-09 01:00:00,10.354797,5.641449,904.2601,7.23208,36.3295,72.58571
2023-01-09 02:00:00,11.506866,6.2726135,904.9718,7.3282437,36.74109,70.236305
2023-01-09 03:00:00,11.96579,6.176605,905.61804,7.4511695,37.97052,67.691536
2023-01-09 04:00:00,12.853699,6.2400208,905.9904,7.2588325,39.156067,64.13867
2023-01-09 05:00:00,16.070587,7.1428833,905.8773,6.684941,37.603363,55.436356
2023-01-09 06:00:00,16.90683,6.9102173,905.28467,6.096751,31.071686,51.734
2023-01-09 07:00:00,17.246857,6.853882,904.3898,5.8029857,21.205261,50.43698
2023-01-09 08:00:00,18.591858,6.8807983,903.5295,5.8553095,12.785522,46.43101
2023-01-09 09:00:00,18.728851,6.893158,902.8825,6.180394,8.467285,46.073914
2023-01-09 10:00:00,17.109344,7.1312866,902.59375,5.870284,13.611359,51.853966
2023-01-09 11:00:00,16.970856,7.2348633,902.6428,6.421553,17.484528,52.682728
2023-01-09 12:00:00,16.70636,7.386566,902.9548,6.669531,19.522522,54.132336
2023-01-09 13:00:00,16.318512,7.346222,903.4445,6.899647,22.387451,55.33121
2023-01-09 14:00:00,15.021484,7.2149353,904.0119,6.92016,24.568634,59.583126
2023-01-09 15:00:00,13.772583,6.840027,904.4336,6.892287,26.064697,62.954594
2023-01-09 16:00:00,13.451599,6.8818665,904.64374,6.8032436,27.085114,64.46725
2023-01-09 17:00:00,12.509216,6.586609,904.56006,6.6967683,27.49173,67.186424
2023-01-09 18:00:00,12.29248,6.480255,904.3,6.6736507,27.15741,67.65258
2023-01-09 19:00:00,12.058594,6.4113464,903.9592,6.697085,26.32135,68.3762
2023-01-09 20:00:00,11.174957,6.058563,903.5474,6.824686,25.481903,70.74434
2023-01-09 21:00:00,11.058563,6.0274353,903.1106,6.9898663,24.675446,71.13944
2023-01-09 22:00:00,10.341217,5.4140625,902.9543,7.1759696,27.002869,71.51516
2023-01-09 23:00:00,10.301453,5.481201,902.9196,7.315455,26.690643,72.03993
2023-01-10 00:00:00,10.456482,5.582855,903.2134,7.3796325,27.252167,71.80309
2023-01-10 01:00:00,10.416016,5.585724,903.66284,7.38943,28.152435,72.01138
2023-01-10 02:00:00,11.476257,6.0333557,904.21857,7.3439355,28.793823,69.22656
2023-01-10 03:00:00,11.944336,6.03421,904.74164,7.29727,30.338715,67.124435
2023-01-10 04:00:00,12.642395,6.069519,904.99274,6.8601813,30.257965,64.271774
2023-01-10 05:00:00,15.951508,7.061981,904.7961,6.266932,25.44983,55.55081
2023-01-10 06:00:00,16.798035,6.805725,904.14667,5.910781,14.630829,51.720135
2023-01-10 07:00:00,17.187714,6.756775,903.2711,5.9168143,4.032013,50.28975
2023-01-10 08:00:00,18.338623,6.829132,902.3292,6.1408005,356.91653,47.006496
2023-01-10 09:00:00,18.50293,6.7309875,901.59937,6.449663,354.37912,46.212677
2023-01-10 10:00:00,16.946472,7.2307434,901.18787,6.32868,1.6099854,52.749325
2023-01-10 11:00:00,16.748138,7.381012,901.1193,6.449606,6.116211,53.96849
2023-01-10 12:00:00,16.47818,7.4223633,901.25854,6.4392805,8.269623,55.05741
2023-01-10 13:00:00,16.209808,7.456238,901.6222,6.5535374,10.389008,56.13592
2023-01-10 14:00:00,14.78653,7.374054,902.11896,6.5155745,12.864563,61.152798
2023-01-10 15:00:00,13.52356,7.021759,902.5058,6.3200154,14.896576,64.7842
2023-01-10 16:00:00,13.241913,6.9859314,902.6831,5.9706106,16.648346,65.82209
2023-01-10 17:00:00,12.37262,6.774292,902.58716,5.622417,17.483978,68.671074
2023-01-10 18:00:00,12.102539,6.654541,902.24713,5.354576,17.120209,69.3286
2023-01-10 19:00:00,11.953796,6.63562,901.81805,5.214777,16.312439,69.91993
2023-01-10 20:00:00,11.279419,6.3321533,901.2975,5.1451793,15.574585,71.59446
2023-01-10 21:00:00,11.126099,6.2654724,900.80524,5.1842256,14.80127,71.99406
2023-01-10 22:00:00,10.522522,5.954376,900.5714,4.8747325,17.947998,73.34938
2023-01-10 23:00:00,10.482941,5.9425964,900.4774,4.9604907,18.494202,73.48326
2023-01-11 00:00:00,10.634186,6.055176,900.62366,4.971779,19.708221,73.31457
2023-01-11 01:00:00,10.608215,6.0757446,901.0521,4.994222,21.756622,73.545784
2023-01-11 02:00:00,11.571625,6.4685364,901.6089,5.0279813,23.332336,70.88627
2023-01-11 03:00:00,12.180634,6.587433,902.1758,4.913053,24.464539,68.65598
2023-01-11 04:00:00,12.9305725,6.503418,902.5012,4.5070443,22.614319,64.98511
2023-01-11 05:00:00,15.879852,7.018738,902.3853,3.8044438,16.54181,55.640614
2023-01-11 06:00:00,16.76355,6.854889,901.7375,3.3190513,0.39440918,52.008564
2023-01-11 07:00:00,17.08963,6.836273,900.73193,3.3459184,341.20303,50.87968
2023-01-11 08:00:00,18.250519,6.906067,899.675,3.7281559,329.54916,47.51706
2023-01-11 09:00:00,18.383759,6.8793945,898.8234,4.038421,326.45734,47.035583
2023-01-11 10:00:00,16.918121,7.346985,898.2497,3.8531795,337.83643,53.265774
2023-01-11 11:00:00,16.745056,7.4292297,898.1515,3.8088164,348.91418,54.157078
2023-01-11 12:00:00,16.476196,7.6411133,898.3153,3.9827447,0.13302612,55.892307
2023-01-11 13:00:00,16.177277,7.60083,898.68756,4.0839615,8.853394,56.810135
2023-01-11 14:00:00,15.1188965,7.586426,899.2381,4.041857,13.70517,60.73259
2023-01-11 15:00:00,13.980804,7.2016296,899.69025,3.8449924,16.734863,63.66737
2023-01-11 16:00:00,13.744232,7.2728577,900.0204,3.5494034,18.455078,64.96818
2023-01-11 17:00:00,12.991516,7.058319,900.0682,3.2561898,18.422577,67.239494
2023-01-11 18:00:00,12.729218,6.9565125,899.8398,3.0950975,17.027924,67.92768
2023-01-11 19:00:00,12.541992,6.993103,899.4071,3.024439,14.666473,68.93884
2023-01-11 20:00:00,12.174225,6.913971,898.95905,3.0517764,12.228027,70.24207
2023-01-11 21:00:00,11.95343,6.823181,898.5282,3.1690757,10.3133545,70.82794
2023-01-11 22:00:00,11.341156,6.567688,898.1395,3.3963487,356.93594,72.467545
2023-01-11 23:00:00,11.207886,6.5112305,898.0711,3.4180155,0.68289185,72.82673
2023-01-12 00:00:00,11.331055,6.5593567,898.2003,3.4681473,3.6073303,72.474495
2023-01-12 01:00:00,11.195251,6.4868164,898.63354,3.4292758,6.648773,72.76542
2023-01-12 02:00:00,12.0260315,6.9229126,899.2463,3.293898,9.930878,70.97389
2023-01-12 03:00:00,12.403992,6.816864,899.87573,3.1251085,14.190613,68.730286
2023-01-12 04:00:00,13.045898,6.8193665,900.28296,2.4354897,355.6932,65.912476
2023-01-12 05:00:00,15.509186,7.302704,900.1574,2.6726878,327.75052,58.094025
2023-01-12 06:00:00,16.26361,7.1390076,899.5984,3.2938955,315.39514,54.74379
2023-01-12 07:00:00,16.572052,6.97287,898.712,3.886044,307.11047,53.072536
2023-01-12 08:00:00,17.58847,6.773712,897.80365,4.3569565,303.093,49.08987
2023-01-12 09:00:00,17.679901,6.7148438,897.1177,4.533741,303.48026,48.610886
2023-01-12 10:00:00,16.417633,6.9832153,896.78564,4.3136873,312.30988,53.634296
2023-01-12 11:00:00,16.259491,7.1470947,896.8577,3.9086647,326.15268,54.788486
2023-01-12 12:00:00,15.960114,7.225952,897.1375,3.6848423,339.61295,56.146824
2023-01-12 13:00:00,15.665863,7.2606506,897.6431,3.522138,349.9428,57.348927
2023-01-12 14:00:00,14.557983,7.211548,898.2859,3.4346485,356.18713,61.37531
2023-01-12 15:00:00,13.475403,6.9607544,898.8614,3.3076482,0.3722229,64.71649
2023-01-12 16:00:00,13.151764,6.875122,899.24396,3.1638052,3.4056396,65.70931
2023-01-12 17:00:00,12.369354,6.641449,899.3195,3.0302095,3.933838,68.06201
2023-01-12 18:00:00,12.157227,6.489746,899.14343,2.9907033,4.077362,68.30138
2023-01-12 19:00:00,11.958221,6.461609,898.82446,3.0151856,4.3200684,69.06815
2023-01-12 20:00:00,11.221771,6.1273193,898.503,3.0918748,4.7469788,70.86066
2023-01-12 21:00:00,11.080048,6.0931396,898.2011,3.210513,5.3285522,71.36107
2023-01-12 22:00:00,10.644379,5.885254,897.97205,3.298263,0.25143433,72.40983
2023-01-12 23:00:00,10.54892,5.886963,898.0725,3.3918653,2.6846313,72.88016
2023-01-13 00:00:00,10.691467,5.955597,898.5006,3.4691713,7.1407776,72.53504
2023-01-13 01:00:00,10.632721,5.9308167,899.15485,3.4977512,11.805542,72.69461
2023-01-13 02:00:00,11.328033,6.259247,899.8921,3.5391204,17.221527,71.00676
2023-01-13 03:00:00,11.780731,6.3155518,900.64,3.3630495,19.30954,69.18181
2023-01-13 04:00:00,12.370026,6.3578796,901.1855,2.7145154,9.008972,66.74427
2023-01-13 05:00:00,14.863434,6.5692444,901.29315,2.6621888,342.0189,57.585274
2023-01-13 06:00:00,15.723907,6.4320374,900.8248,3.1694472,326.70215,53.97912
2023-01-13 07:00:00,16.055328,6.2842712,899.97906,3.7205453,318.174,52.313053
2023-01-13 08:00:00,17.097198,6.12088,899.10175,4.142413,314.61823,48.41278
2023-01-13 09:00:00,17.204681,6.0345154,898.5101,4.4164033,316.31592,47.79887
2023-01-13 10:00:00,15.907318,6.4606323,898.2196,4.4857955,326.3163,53.454994
2023-01-13 11:00:00,15.779266,6.5213013,898.32733,4.424312,341.99518,54.119694
2023-01-13 12:00:00,15.533844,6.75177,898.71265,4.3222876,354.36642,55.854137
2023-01-13 13:00:00,15.2547,6.861389,899.2213,4.2692733,2.8821716,57.29247
2023-01-13 14:00:00,14.1586,6.7925415,899.8577,4.275298,8.854095,61.198444
2023-01-13 15:00:00,13.163849,6.458557,900.33124,4.211438,12.318176,63.80519
2023-01-13 16:00:00,12.903412,6.4380493,900.61255,4.0951014,13.827637,64.808464
2023-01-13 17:00:00,11.977997,6.085449,900.56323,3.9483256,13.14801,67.21308
2023-01-13 18:00:00,11.801819,6.039276,900.2366,3.8488016,10.505157,67.78174
2023-01-13 19:00:00,11.560883,5.9917297,899.83514,3.8266776,7.7183533,68.64278
2023-01-13 20:00:00,10.934174,5.725128,899.46643,3.9007816,5.094452,70.24565
2023-01-13 21:00:00,10.794586,5.629669,899.2225,4.067399,3.0784302,70.43308
2023-01-13 22:00:00,9.982849,5.131378,899.00806,4.223216,356.26346,71.823746
2023-01-13 23:00:00,9.854004,5.0580444,899.0851,4.441575,357.61832,72.077255
2023-01-14 00:00:00,9.992767,5.1532288,899.4755,4.562363,359.0265,71.885254
2023-01-14 01:00:00,9.953369,5.1417847,899.9635,4.6919494,1.0022583,72.017685
2023-01-14 02:00:00,10.816589,5.590515,900.56757,4.7899327,2.660675,70.13961
2023-01-14 03:00:00,11.221283,5.4901733,901.15796,4.8730597,3.521576,67.80761
2023-01-14 04:00:00,11.949402,5.548889,901.6281,4.580974,357.7537,64.88644
2023-01-14 05:00:00,14.41629,6.0284424,901.6117,4.7237816,344.53632,57.102703
2023-01-14 06:00:00,15.438782,5.8839417,901.07886,5.284429,334.1206,52.934246
2023-01-14 07:00:00,15.721161,5.7691956,900.152,5.890968,327.4245,51.57461
2023-01-14 08:00:00,16.79834,5.482239,899.23883,6.4166384,324.53302,47.20614
2023-01-14 09:00:00,16.90512,5.4112244,898.62897,6.738529,325.44403,46.65712
2023-01-14 10:00:00,15.736542,5.9967346,898.3424,6.578296,327.49396,52.340782
2023-01-14 11:00:00,15.588043,6.019867,898.54974,6.3712697,338.95517,52.925117
2023-01-14 12:00:00,15.427368,6.0236816,898.97925,6.040251,347.43832,53.48693
2023-01-14 13:00:00,15.136261,6.132477,899.5852,5.9286327,353.17767,54.906612
2023-01-14 14:00:00,13.741089,5.9424133,900.2565,5.8470373,358.0628,59.302914
2023-01-14 15:00:00,12.645081,5.6061707,900.7191,5.7355633,1.2610168,62.233955
2023-01-14 16:00:00,12.442413,5.547882,900.8638,5.5955296,3.443695,62.812317
2023-01-14 17:00:00,11.540985,5.226288,900.7173,5.4400654,4.058136,65.182945
2023-01-14 18:00:00,11.318451,5.079529,900.4258,5.361253,3.778656,65.47793
2023-01-14 19:00:00,11.18454,5.072235,900.05005,5.3811874,2.8954163,66.02784
2023-01-14 20:00:00,10.482239,4.8798523,899.6516,5.425631,2.2775574,68.26217
2023-01-14 21:00:00,10.231964,4.749359,899.1992,5.5302777,2.1455078,68.78274
2023-01-14 22:00:00,9.683411,4.551178,898.9881,5.232978,6.6956787,70.37416
2023-01-14 23:00:00,9.534119,4.4529724,898.91675,5.341993,6.7714844,70.596436
2023-01-15 00:00:00,9.617767,4.5189514,899.1409,5.348235,7.8264465,70.52573
2023-01-15 01:00:00,9.54718,4.395996,899.58765,5.349523,9.634216,70.254005
2023-01-15 02:00:00,10.23764,4.6175537,900.1964,5.3300486,11.455902,68.126976
2023-01-15 03:00:00,10.726318,4.6005554,900.8183,5.2340636,13.138641,65.86568
2023-01-15 04:00:00,11.405548,4.3647156,901.1743,4.7650847,10.787628,61.93393
2023-01-15 05:00:00,14.117249,4.788269,901.0483,4.3299646,0.2553711,53.417355
2023-01-15 06:00:00,15.06012,4.886383,900.39764,4.4163623,343.15836,50.608738
2023-01-15 07:00:00,15.395996,4.816437,899.4528,4.992387,328.82376,49.287895
2023-01-15 08:00:00,16.533081,4.768097,898.48413,5.613335,321.93402,45.681747
2023-01-15 09:00:00,16.691864,4.7591553,897.84283,5.8888526,321.3532,45.19501
2023-01-15 10:00:00,15.411926,5.105591,897.4751,5.1448402,328.27777,50.2392
2023-01-15 11:00:00,15.247284,5.210205,897.58795,4.7987537,340.2531,51.143486
2023-01-15 12:00:00,15.005371,5.330414,897.8514,4.4670763,351.36664,52.380478
2023-01-15 13:00:00,14.653107,5.388977,898.35913,4.3102655,359.17923,53.800987
2023-01-15 14:00:00,13.4704895,5.4716187,898.9772,4.1534467,5.427582,58.42032
2023-01-15 15:00:00,12.334656,5.1862183,899.49097,3.9419274,9.645233,61.689865
2023-01-15 16:00:00,12.024933,5.156952,899.7132,3.6941059,12.707367,62.831284
2023-01-15 17:00:00,11.104889,4.881897,899.7389,3.4570389,12.746429,65.50343
2023-01-15 18:00:00,10.8845825,4.830414,899.5847,3.3320134,11.344971,66.23024
2023-01-15 19:00:00,10.745148,4.826477,899.3299,3.309092,8.844513,66.828606
2023-01-15 20:00:00,9.986328,4.563507,899.0135,3.383195,6.0521545,69.019966
2023-01-15 21:00:00,9.832336,4.4960327,898.78876,3.5212321,4.199005,69.40713
2023-01-15 22:00:00,9.237213,4.180786,898.6922,3.7765832,5.389435,70.66031
2023-01-15 23:00:00,9.16275,4.182831,898.83704,3.977318,8.329956,71.0256
2023-01-16 00:00:00,9.276886,4.255707,899.1735,4.13021,12.059631,70.84281
2023-01-16 01:00:00,9.201233,4.228424,899.77856,4.3063927,17.405457,71.06849
2023-01-16 02:00:00,9.8750305,4.417145,900.55237,4.4966884,21.43512,68.828186
2023-01-16 03:00:00,10.316528,4.3980713,901.3005,4.606107,24.916718,66.73736
2023-01-16 04:00:00,11.039551,4.4524536,901.7985,4.123934,20.821777,63.84489
2023-01-16 05:00:00,14.043213,5.0004272,901.793,3.843447,7.9203796,54.473633
2023-01-16 06:00:00,14.852783,4.947235,901.2609,3.903296,354.88068,51.506443
2023-01-16 07:00:00,15.164581,4.9100037,900.3912,4.1775837,344.07092,50.35288
2023-01-16 08:00:00,16.337036,4.9420166,899.48376,4.57722,338.06003,46.819286
2023-01-16 09:00:00,16.443481,4.968292,898.7804,4.967187,338.9777,46.588352
2023-01-16 10:00:00,15.317841,5.194702,898.45984,4.8470044,355.23605,50.857536
2023-01-16 11:00:00,15.159393,5.2709656,898.4888,5.233816,7.415985,51.65065
2023-01-16 12:00:00,14.901825,5.277771,898.8873,5.541555,16.433044,52.538254
2023-01-16 13:00:00,14.549774,5.3075867,899.5,5.7739873,22.949768,53.85576
2023-01-16 14:00:00,13.265167,5.4341736,900.1679,5.879342,27.891907,59.053497
2023-01-16 15:00:00,12.122406,4.983551,900.6636,5.8453965,31.656525,61.680717
2023-01-16 16:00:00,11.862701,4.9570007,900.93164,5.6709704,34.161133,62.628864
2023-01-16 17:00:00,10.972961,4.738037,900.9665,5.406319,35.22577,65.4198
2023-01-16 18:00:00,10.751404,4.6584473,900.7946,5.187951,35.125854,66.02225
2023-01-16 19:00:00,10.567657,4.5990295,900.44635,5.0197186,34.05591,66.55784
2023-01-16 20:00:00,9.858856,4.290741,900.03125,4.972,33.35443,68.2959
2023-01-16 21:00:00,9.6614685,4.233124,899.6549,5.0235586,32.71649,68.926765
2023-01-16 22:00:00,8.939514,3.82016,899.42896,5.1321874,35.036682,70.2902
2023-01-16 23:00:00,8.867065,3.8245544,899.34766,5.3488455,35.048523,70.65651
2023-01-17 00:00:00,9.02713,3.9540405,899.6122,5.5222507,37.175446,70.53641
2023-01-17 01:00:00,8.981323,3.9189758,900.1816,5.6488013,40.579895,70.580605
2023-01-17 02:00:00,9.653168,4.2497864,900.88794,5.758879,44.088287,69.0457
2023-01-17 03:00:00,10.094635,4.128479,901.6117,5.670468,47.542328,66.46685
2023-01-17 04:00:00,10.798676,4.1236877,902.057,5.0638957,48.878357,63.39801
2023-01-17 05:00:00,13.715179,4.506317,902.1116,4.1493692,44.91809,53.76023
2023-01-17 06:00:00,14.658081,4.391754,901.6373,3.3039193,32.821594,50.173027
2023-01-17 07:00:00,14.97821,4.3805847,900.8429,2.8414786,14.407623,49.110474
2023-01-17 08:00:00,16.10431,4.430359,899.90454,2.907033,356.89627,45.85169
2023-01-17 09:00:00,16.296112,4.284088,899.20557,3.239953,350.35556,44.83324
2023-01-17 10:00:00,15.214447,4.736908,899.0065,3.2587261,359.1707,49.589714
2023-01-17 11:00:00,15.024445,4.8631287,899.11053,3.8013232,13.733154,50.642838
2023-01-17 12:00:00,14.882141,4.8952026,899.4311,4.3317356,22.711365,51.223137
2023-01-17 13:00:00,14.565094,5.130188,899.9372,4.7393727,29.160156,53.143234
2023-01-17 14:00:00,13.211426,5.259491,900.63165,4.966163,34.38803,58.546448
2023-01-17 15:00:00,12.004761,5.0242615,901.2788,5.082512,38.114075,62.336643
2023-01-17 16:00:00,11.7258,4.989746,901.70654,5.06301,40.02054,63.34126
2023-01-17 17:00:00,10.829376,4.739807,901.7449,5.022679,40.91327,66.0549
2023-01-17 18:00:00,10.604065,4.604309,901.5324,4.9700074,40.611115,66.42116
2023-01-17 19:00:00,10.370514,4.5378723,901.20654,4.9720883,39.675537,67.15065
2023-01-17 20:00:00,9.710419,4.323395,900.8921,5.0655785,37.97043,69.136536
2023-01-17 21:00:00,9.538788,4.2500305,900.62836,5.279593,36.13138,69.57897
2023-01-17 22:00:00,8.841339,3.8044128,900.45514,5.4293528,38.347046,70.67919
2023-01-17 23:00:00,8.7439575,3.7720642,900.54083,5.6515265,38.7164,70.98398
2023-01-18 00:00:00,8.892731,3.898407,901.0226,5.990872,40.208588,70.9012
2023-01-18 01:00:00,8.892456,3.889679,901.75024,6.3000383,42.431396,70.859055
2023-01-18 02:00:00,9.68692,4.28067,902.6161,6.606539,45.459198,69.038734
2023-01-18 03:00:00,10.109711,4.2463684,903.4294,6.6835837,47.259033,66.950775
2023-01-18 04:00:00,10.935638,4.2873535,903.9921,6.364689,46.658295,63.548325
2023-01-18 05:00:00,13.852936,4.6443176,904.0341,5.8633056,43.43216,53.797592
2023-01-18 06:00:00,14.633453,4.474701,903.5225,5.254586,37.161713,50.545216
2023-01-18 07:00:00,15.025421,4.4621277,902.63165,4.829397,28.590088,49.241623
2023-01-18 08:00:00,16.312317,4.400299,901.6543,4.7316017,20.290924,45.152782
2023-01-18 09:00:00,16.463623,4.427063,900.8903,4.9204082,15.080475,44.803856
2023-01-18 10:00:00,15.345947,4.925537,900.5681,4.7547894,16.994324,49.82381
2023-01-18 11:00:00,15.263245,5.0480957,900.493,5.3889985,24.674957,50.518272
2023-01-18 12:00:00,15.0997925,5.0851746,900.84717,5.7394466,29.381744,51.183426
2023-01-18 13:00:00,14.84256,5.2145386,901.45795,6.1479855,33.4935,52.507927
2023-01-18 14:00:00,13.695374,5.4072266,902.1811,6.424623,37.457397,57.315357
2023-01-18 15:00:00,12.442596,5.0934143,902.76117,6.549123,40.760345,60.860146
2023-01-18 16:00:00,12.262695,5.1356506,903.1207,6.5523167,43.50815,61.764656
2023-01-18 17:00:00,11.39209,4.886841,903.1604,6.512305,45.272552,64.291115
2023-01-18 18:00:00,11.144775,4.8106384,902.9422,6.4654555,45.57541,65.00669
2023-01-18 19:00:00,10.958069,4.800995,902.59454,6.464102,44.68225,65.77273
2023-01-18 20:00:00,10.307373,4.6643066,902.1368,6.540139,43.354645,68.03231
2023-01-18 21:00:00,10.191101,4.704132,901.66315,6.7136297,42.483917,68.75339
2023-01-18 22:00:00,9.562897,4.4501953,901.3764,6.285008,43.59259,70.44649
2023-01-18 23:00:00,9.484711,4.44928,901.3482,6.588646,43.343445,70.81279
2023-01-19 00:00:00,9.653748,4.6035767,901.6449,6.8846517,44.046967,70.77292
2023-01-19 01:00:00,9.61438,4.614258,902.2224,7.1847367,45.300476,71.01306
2023-01-19 02:00:00,10.507599,4.99057,902.91693,7.49312,46.826355,68.67452
2023-01-19 03:00:00,10.928162,5.077118,903.52844,7.5906186,49.108856,67.183365
2023-01-19 04:00:00,11.571442,5.14624,903.9079,7.2877007,50.824066,64.69087
2023-01-19 05:00:00,14.774902,5.9398804,903.79626,6.7166195,49.86203,55.456047
2023-01-19 06:00:00,15.690857,5.9188232,903.18695,5.9755564,43.76071,52.212173
2023-01-19 07:00:00,15.986206,5.8904114,902.1992,5.506641,33.3356,51.135254
2023-01-19 08:00:00,17.119202,5.903839,901.17163,5.4779806,24.446136,47.62617
2023-01-19 09:00:00,17.266144,5.966614,900.4193,5.7889934,19.81546,47.390694
2023-01-19 10:00:00,16.067108,6.409149,900.0633,6.209703,22.26239,52.725292
2023-01-19 11:00:00,15.883148,6.500641,900.10974,6.857004,26.609558,53.685177
2023-01-19 12:00:00,15.740112,6.6641846,900.41736,7.289013,28.34262,54.79089
2023-01-19 13:00:00,15.411011,6.7846985,900.86304,7.7105746,31.418823,56.423008
2023-01-19 14:00:00,14.27475,6.787964,901.4269,7.921061,33.953857,60.721004
2023-01-19 15:00:00,13.071838,6.477539,901.88135,7.9665256,36.672913,64.27349
2023-01-19 16:00:00,12.776947,6.4586487,902.19305,7.841711,38.84845,65.4396
2023-01-19 17:00:00,12.006836,6.3607483,902.2034,7.749833,40.302948,68.37099
2023-01-19 18:00:00,11.730011,6.3382263,901.9874,7.667452,40.968018,69.52224
2023-01-19 19:00:00,11.529694,6.2884216,901.6205,7.607402,41.235657,70.20684
2023-01-19 20:00:00,10.884949,6.050598,901.2333,7.543875,41.340363,72.07933
2023-01-19 21:00:00,10.84903,6.0639954,900.7928,7.508693,41.677795,72.31842
2023-01-19 22:00:00,10.253082,5.7737427,900.44604,7.305355,41.266388,73.752525
2023-01-19 23:00:00,10.170685,5.8056335,900.34985,7.480575,42.03293,74.32332
2023-01-20 00:00:00,10.266693,5.8054504,900.618,7.6112337,43.72174,73.84735
2023-01-20 01:00:00,10.256134,5.835144,901.18646,7.70069,46.081787,74.05135
2023-01-20 02:00:00,11.13623,6.3678894,901.9634,7.8567967,48.472412,72.45514
2023-01-20 03:00:00,11.625824,6.4283752,902.6765,7.7387633,51.183685,70.437965
2023-01-20 04:00:00,12.327637,6.494629,903.13806,7.136929,54.353577,67.56329
2023-01-20 05:00:00,15.128357,7.2912292,903.03156,6.3421593,55.332916,59.48462
2023-01-20 06:00:00,15.960022,7.245758,902.46155,5.3525705,50.14502,56.22325
2023-01-20 07:00:00,16.23999,7.1852417,901.569,4.5692105,38.912903,54.999966
2023-01-20 08:00:00,17.443909,7.2088623,900.63586,4.3293004,28.565277,51.03902
2023-01-20 09:00:00,17.54065,7.1896667,899.9207,4.5236387,22.909851,50.661808
2023-01-20 10:00:00,16.338074,7.54541,899.49304,5.1981378,24.621918,56.018967
2023-01-20 11:00:00,16.143158,7.6260986,899.51733,5.869421,29.232666,57.03202
2023-01-20 12:00:00,15.92099,7.7805786,899.79803,6.3835764,31.978973,58.458477
2023-01-20 13:00:00,15.644531,7.8463745,900.22345,6.64693,34.695953,59.76819
2023-01-20 14:00:00,14.69516,7.848877,900.88275,6.8120914,37.07834,63.538094
2023-01-20 15:00:00,13.468903,7.4754333,901.4118,6.8050528,38.766815,67.06359
2023-01-20 16:00:00,13.234436,7.438446,901.6861,6.7004604,40.209625,67.92436
2023-01-20 17:00:00,12.466492,7.1801453,901.6739,6.5903296,40.659912,70.17405
2023-01-20 18:00:00,12.223114,7.104065,901.48157,6.4738846,40.133057,70.93445
2023-01-20 19:00:00,12.000885,7.0504456,901.2025,6.406541,38.61557,71.7155
2023-01-20 20:00:00,11.338287,6.775757,900.8622,6.4040737,36.137848,73.524765
2023-01-20 21:00:00,11.193481,6.699585,900.4794,6.49035,33.30127,73.84613
2023-01-20 22:00:00,10.679291,6.6322327,900.2859,6.1434674,28.976349,76.05852
2023-01-20 23:00:00,10.580627,6.5992126,900.12286,6.5315027,27.813507,76.38617
2023-01-21 00:00:00,10.710419,6.621826,900.35803,6.846348,27.49701,75.84689
2023-01-21 01:00:00,10.645691,6.5671387,900.84827,7.1387033,28.52945,75.88848
2023-01-21 02:00:00,11.24762,6.866455,901.5776,7.304497,30.04248,74.42929
2023-01-21 03:00:00,11.626282,6.828064,902.29626,7.313346,31.592804,72.39726
2023-01-21 04:00:00,12.163422,6.783966,902.69366,6.6972136,28.062622,69.66791
2023-01-21 05:00:00,14.830322,7.2115784,902.6054,6.337864,22.72647,60.306976
2023-01-21 06:00:00,15.803772,7.1322937,902.07263,6.164106,16.455566,56.34828
2023-01-21 07:00:00,16.108276,7.0590515,901.12244,6.0877204,9.6293335,54.98674
2023-01-21 08:00:00,17.346832,6.9404297,900.1696,6.124099,3.920044,50.41762
2023-01-21 09:00:00,17.470123,6.850525,899.4451,6.23179,1.1777039,49.71915
2023-01-21 10:00:00,16.199371,7.188843,899.2266,6.2724843,1.9793091,55.156116
2023-01-21 11:00:00,16.095306,7.2313538,899.2079,6.655017,8.611725,55.685013
2023-01-21 12:00:00,15.896149,7.3206177,899.4517,6.886411,14.34903,56.74274
2023-01-21 13:00:00,15.593994,7.3819275,899.9205,6.9477954,19.131165,58.092888
2023-01-21 14:00:00,14.421417,7.312439,900.5252,6.9696064,23.26477,62.347687
2023-01-21 15:00:00,13.279327,6.954071,901.0196,6.9187922,26.503876,65.51849
2023-01-21 16:00:00,12.995514,6.8673706,901.24225,6.804631,29.162994,66.34795
2023-01-21 17:00:00,11.921295,6.469757,901.17084,6.6894264,30.502258,69.275215
2023-01-21 18:00:00,11.759216,6.4512634,900.9383,6.670367,31.05896,69.9305
2023-01-21 19:00:00,11.547211,6.3593445,900.55237,6.6990595,30.81192,70.469055
2023-01-21 20:00:00,10.841827,6.032959,900.15295,6.765426,30.345612,72.19817
2023-01-21 21:00:00,10.687378,5.947174,899.7104,6.87936,29.761597,72.51257
2023-01-21 22:00:00,10.158386,5.687744,899.636,6.5916467,29.29602,73.77998
2023-01-21 23:00:00,10.096436,5.658142,899.54724,6.8800883,29.875183,73.93439
2023-01-22 00:00:00,10.298737,5.765625,899.7605,7.076435,31.120453,73.48679
2023-01-22 01:00:00,10.287842,5.767639,900.28217,7.268169,33.195038,73.55051
2023-01-22 02:00:00,11.175934,6.115448,900.9908,7.444492,35.827515,71.01804
2023-01-22 03:00:00,11.851227,6.328888,901.6692,7.3640585,37.50705,68.92421
2023-01-22 04:00:00,12.511536,6.439026,902.11115,6.8280754,38.250458,66.49774
2023-01-22 05:00:00,15.272064,6.946594,902.06555,6.2105093,35.444244,57.56396
2023-01-22 06:00:00,16.054138,6.9354553,901.49396,5.6789875,28.663513,54.711693
2023-01-22 07:00:00,16.39972,6.828125,900.63165,5.285839,21.107574,53.127487
2023-01-22 08:00:00,17.673248,6.6603394,899.7492,5.126747,13.8793335,48.44954
2023-01-22 09:00:00,17.793884,6.6539,899.15076,5.2650294,10.432068,48.0615
2023-01-22 10:00:00,16.45691,6.95932,899.0781,5.6178164,13.018097,53.41289
2023-01-22 11:00:00,16.312653,6.9331055,899.0471,6.279232,20.146515,53.808804
2023-01-22 12:00:00,16.077057,6.921875,899.2369,6.798347,22.80014,54.580914
2023-01-22 13:00:00,15.775879,7.0213013,899.6504,6.9681606,25.217163,56.02148
2023-01-22 14:00:00,14.557343,6.919983,900.2943,7.130597,27.896118,60.16454
2023-01-22 15:00:00,13.383972,6.3700256,900.86163,7.2241764,30.138306,62.51382
2023-01-22 16:00:00,13.060577,6.342926,901.205,7.25938,31.500488,63.727486
2023-01-22 17:00:00,12.158813,6.082489,901.25946,7.256333,32.02661,66.40433
2023-01-22 18:00:00,11.943359,6.0113525,901.02704,7.23744,31.808044,67.02288
2023-01-22 19:00:00,11.7854,6.0299377,900.6964,7.247449,30.984589,67.81144
2023-01-22 20:00:00,11.1154785,5.841095,900.34155,7.3538246,29.484985,69.96465
2023-01-22 21:00:00,11.004608,5.7625732,900.07513,7.552618,27.932373,70.099365
2023-01-22 22:00:00,10.480835,5.556183,900.0954,7.0630255,24.057953,71.55424
2023-01-22 23:00:00,10.339874,5.50296,900.00854,7.4855328,24.07306,71.96398
2023-01-23 00:00:00,10.44278,5.6321716,900.1541,7.8297505,24.873718,72.1147
2023-01-23 01:00:00,10.341553,5.5733337,900.53284,8.139797,25.98346,72.307816
2023-01-23 02:00:00,11.210632,5.926941,901.19196,8.429436,28.065979,69.93855
2023-01-23 03:00:00,11.714081,6.025482,901.84607,8.580832,29.621704,68.11036
2023-01-23 04:00:00,12.457275,6.180359,902.299,8.283769,30.194855,65.55613
2023-01-23 05:00:00,15.241882,6.4556885,902.2593,7.8210673,28.196777,55.76348
2023-01-23 06:00:00,16.20105,6.5661316,901.6936,7.351538,24.32315,52.844482
2023-01-23 07:00:00,16.562439,6.5648804,900.7421,6.9860797,19.132416,51.63838
2023-01-23 08:00:00,17.86966,6.594391,899.8297,6.7350144,14.4557495,47.637604
2023-01-23 09:00:00,17.995514,6.581482,899.2006,6.667294,11.663574,47.220085
2023-01-23 10:00:00,16.588867,6.7723083,898.9878,6.295751,15.172668,52.291573
2023-01-23 11:00:00,16.45169,6.837799,898.9911,6.8767824,21.482178,52.987247
2023-01-23 12:00:00,16.124542,6.870636,899.2318,7.2317863,23.566742,54.22498
2023-01-23 13:00:00,15.793762,6.885132,899.6083,7.2408776,25.79071,55.43762
2023-01-23 14:00:00,14.672394,6.7603455,900.1918,7.2203183,28.27182,59.069084
2023-01-23 15:00:00,13.5894165,6.3058777,900.65576,7.1210017,30.232056,61.41143
2023-01-23 16:00:00,13.297852,6.2334595,900.9308,6.9405403,31.533112,62.276905
2023-01-23 17:00:00,12.443451,5.915283,900.9318,6.7345543,32.032104,64.42573
2023-01-23 18:00:00,12.155884,5.884674,900.7078,6.5714464,32.044952,65.515755
2023-01-23 19:00:00,11.96814,5.894684,900.40405,6.4581585,31.14508,66.376335
2023-01-23 20:00:00,11.440796,5.7453613,900.0773,6.4366603,30.148865,68.02134
2023-01-23 21:00:00,11.356384,5.7132263,899.81323,6.4888124,29.349426,68.250336
2023-01-23 22:00:00,10.805267,5.538269,899.6743,6.3683085,29.59018,69.938705
2023-01-23 23:00:00,10.717926,5.5674133,899.6893,6.5521097,29.777313,70.48837
2023-01-24 00:00:00,10.831696,5.742401,899.87463,6.629212,30.638885,70.81014
2023-01-24 01:00:00,10.836426,5.8094482,900.36743,6.712656,32.045776,71.11703
2023-01-24 02:00:00,11.702942,6.2164307,900.97955,6.802886,34.283142,69.06444
2023-01-24 03:00:00,12.292603,6.3718567,901.6053,6.639739,36.754303,67.14916
2023-01-24 04:00:00,13.116455,6.717499,902.1186,5.9199266,39.39978,65.15232
2023-01-24 05:00:00,15.608856,7.2036133,902.19257,4.918428,35.74765,57.334526
2023-01-24 06:00:00,16.565826,7.3329163,901.6693,4.2423053,25.42978,54.41794
2023-01-24 07:00:00,16.896912,7.3796997,900.71405,3.9623888,12.29895,53.45677
2023-01-24 08:00:00,18.05896,7.5913696,899.69415,3.948517,2.3125916,50.39928
2023-01-24 09:00:00,18.189972,7.680603,898.9778,4.1927786,358.10312,50.291298
2023-01-24 10:00:00,16.902039,7.955017,898.59424,4.439775,5.3328247,55.576305
2023-01-24 11:00:00,16.743408,8.08313,898.6018,5.002321,11.961212,56.629265
2023-01-24 12:00:00,16.559814,8.173279,898.8243,5.6198263,17.425232,57.64529
2023-01-24 13:00:00,16.39267,8.25766,899.3235,5.835495,22.755249,58.59592
2023-01-24 14:00:00,15.401276,8.303925,899.91956,5.930804,27.202026,62.623535
2023-01-24 15:00:00,14.368378,7.977051,900.4585,5.9746304,30.312744,65.46117
2023-01-24 16:00:00,14.153992,7.933655,900.6867,5.900541,32.56949,66.17995
2023-01-24 17:00:00,13.405487,7.792206,900.6658,5.744902,33.929047,68.8111
2023-01-24 18:00:00,13.186249,7.696289,900.41,5.60982,34.335205,69.34712
2023-01-24 19:00:00,12.971924,7.628235,900.1424,5.502593,34.43033,69.99908
2023-01-24 20:00:00,12.254181,7.398987,899.8608,5.5083637,33.639893,72.23178
2023-01-24 21:00:00,12.128632,7.3610535,899.5918,5.6468496,32.86383,72.642105
2023-01-24 22:00:00,11.523224,7.108551,899.4454,5.8100514,30.73883,74.30666
2023-01-24 23:00:00,11.473572,7.140503,899.46985,6.102399,31.692932,74.714226
2023-01-25 00:00:00,11.620544,7.249542,899.76385,6.251508,33.229126,74.546
2023-01-25 01:00:00,11.556946,7.2464905,900.26697,6.322813,34.993683,74.84427
2023-01-25 02:00:00,12.416412,7.520294,900.8758,6.356898,37.348267,72.06045
2023-01-25 03:00:00,12.915588,7.5802917,901.4824,6.2543216,40.24695,70.028046
2023-01-25 04:00:00,13.555969,7.610565,901.85876,5.448164,42.91971,67.30223
2023-01-25 05:00:00,15.988739,7.94693,901.8289,4.3653116,35.835754,58.868713
2023-01-25 06:00:00,16.928833,7.885193,901.3024,3.8550818,20.198303,55.21913
2023-01-25 07:00:00,17.187622,7.7798157,900.46533,3.8204908,8.181793,53.93346
2023-01-25 08:00:00,18.189484,7.7835083,899.59546,3.9734247,2.0466309,50.6466
2023-01-25 09:00:00,18.266693,7.772064,898.98883,4.308281,1.8407288,50.362545
2023-01-25 10:00:00,17.273651,7.940094,898.8198,4.7950087,8.332672,54.22909
2023-01-25 11:00:00,17.108856,8.053955,898.94354,5.32795,13.644379,55.223076
2023-01-25 12:00:00,16.917694,8.118011,899.34784,5.55825,18.429321,56.13953
2023-01-25 13:00:00,16.634064,8.21109,899.7871,5.6262183,22.248962,57.521374
2023-01-25 14:00:00,15.378967,8.1658325,900.4398,5.69136,26.284363,62.128403
2023-01-25 15:00:00,14.320679,7.9344482,900.9364,5.7234955,29.55545,65.473434
2023-01-25 16:00:00,14.017181,7.8948975,901.23737,5.6840897,31.934998,66.59341
2023-01-25 17:00:00,13.178497,7.663452,901.2497,5.6309066,33.875397,69.22713
2023-01-25 18:00:00,12.921936,7.539276,901.117,5.5854363,34.91208,69.80344
2023-01-25 19:00:00,12.752686,7.5398865,900.9171,5.552403,34.9635,70.58361
2023-01-25 20:00:00,12.202972,7.36615,900.63007,5.60768,34.80716,72.31297
2023-01-25 21:00:00,12.005737,7.285492,900.34955,5.73596,34.462097,72.85491
2023-01-25 22:00:00,11.343201,6.9075623,900.1772,5.741499,32.424713,74.168465
2023-01-25 23:00:00,11.23877,6.86557,900.17206,6.029402,33.729004,74.468414
2023-01-26 00:00:00,11.394592,6.9841003,900.4361,6.2140417,35.574158,74.30545
2023-01-26 01:00:00,11.362396,6.9736023,900.9597,6.356806,37.48474,74.410385
2023-01-26 02:00:00,12.128296,7.235077,901.5989,6.5125723,38.991943,72.020874
2023-01-26 03:00:00,12.572388,7.2335205,902.2868,6.5231595,40.273438,69.94323
2023-01-26 04:00:00,13.1719055,7.2644043,902.74915,5.886845,39.324646,67.39583
2023-01-26 05:00:00,15.765533,7.601013,902.7187,5.125478,30.629395,58.32422
2023-01-26 06:00:00,16.700836,7.563507,902.20544,4.8691435,19.65509,54.809296
2023-01-26 07:00:00,16.989227,7.4717712,901.2964,4.8158517,10.664795,53.480114
2023-01-26 08:00:00,18.267761,7.4940186,900.41425,4.8748612,4.792145,49.41363
2023-01-26 09:00:00,18.348358,7.3738403,899.843,5.1087313,3.086792,48.762733
2023-01-26 10:00:00,17.143158,7.455353,899.66296,5.300832,9.815857,52.902103
2023-01-26 11:00:00,17.033447,7.540161,899.7431,5.8494525,17.304413,53.579987
2023-01-26 12:00:00,16.81836,7.6910095,900.087,6.017408,21.206146,54.87694
2023-01-26 13:00:00,16.515564,7.7589417,900.6395,6.0307684,23.336304,56.201942
2023-01-26 14:00:00,15.255371,7.709198,901.3015,6.1482105,25.907867,60.70838
2023-01-26 15:00:00,14.056641,7.3358154,901.80493,6.2085686,27.801575,63.939034
2023-01-26 16:00:00,13.713745,7.288147,902.08185,6.1705127,28.998932,65.16506
2023-01-26 17:00:00,12.786987,7.0534973,902.02966,6.114492,28.93399,68.12241
2023-01-26 18:00:00,12.511658,6.917053,901.8139,6.138673,28.440887,68.717
2023-01-26 19:00:00,12.270782,6.83667,901.5178,6.189623,27.90268,69.42854
2023-01-26 20:00:00,11.499237,6.5443726,901.2236,6.2802396,27.34726,71.598755
2023-01-26 21:00:00,11.332916,6.4493103,900.8957,6.4495616,26.906738,71.91909
2023-01-26 22:00:00,10.688843,6.1743774,900.6652,6.6374598,27.302795,73.65168
2023-01-26 23:00:00,10.552216,6.1147156,900.676,7.0195937,28.21991,74.01937
2023-01-27 00:00:00,10.742828,6.26593,900.9853,7.2684326,29.775574,73.85235
2023-01-27 01:00:00,10.701569,6.244049,901.55865,7.4203205,31.528748,73.94372
2023-01-27 02:00:00,11.641998,6.6142883,902.24994,7.6180363,33.181396,71.26825
2023-01-27 03:00:00,12.074951,6.572113,902.84143,7.7420635,34.890594,69.06223
2023-01-27 04:00:00,12.900116,6.724243,903.1511,7.3613124,35.666443,66.11041
2023-01-27 05:00:00,15.607147,6.958893,902.9747,6.809101,32.14908,56.387985
2023-01-27 06:00:00,16.599487,7.085022,902.25037,6.368794,25.71756,53.388657
2023-01-27 07:00:00,16.929108,7.046936,901.2255,6.170291,18.945526,52.147274
2023-01-27 08:00:00,18.263123,6.988312,900.2375,6.129409,13.45578,47.747913
2023-01-27 09:00:00,18.468262,6.891266,899.6225,6.302776,10.587738,46.825294
2023-01-27 10:00:00,17.245697,7.070648,899.40314,6.1683517,12.950897,51.19564
2023-01-27 11:00:00,17.132812,7.0872803,899.5186,6.721727,18.982483,51.621254
2023-01-27 12:00:00,16.897186,7.174164,899.8711,6.8080263,21.445068,52.70998
2023-01-27 13:00:00,16.513458,7.169922,900.3978,6.8194666,21.949219,53.994263
2023-01-27 14:00:00,15.237762,7.25766,901.0452,6.884592,23.206604,58.93261
2023-01-27 15:00:00,14.054779,6.8395386,901.49493,6.8823795,24.30716,61.81042
2023-01-27 16:00:00,13.737122,6.748352,901.6875,6.797396,24.895782,62.704033
2023-01-27 17:00:00,12.80838,6.510437,901.6029,6.70264,25.099548,65.53821
2023-01-27 18:00:00,12.560028,6.4003296,901.28735,6.6861086,24.908203,66.11027
2023-01-27 19:00:00,12.369446,6.354309,900.92017,6.7002597,24.894165,66.7304
2023-01-27 20:00:00,11.558319,6.077118,900.5073,6.7643256,24.844543,69.06038
2023-01-27 21:00:00,11.438812,6.0646667,900.2089,6.918875,25.06482,69.5484
2023-01-27 22:00:00,10.84906,5.805298,900.1447,7.100585,29.210266,71.036934
2023-01-27 23:00:00,10.738953,5.769928,900.225,7.2192593,30.917847,71.38396
2023-01-28 00:00:00,10.87793,5.8177185,900.4403,7.2536244,32.39908,70.96175
2023-01-28 01:00:00,10.814514,5.787506,900.93384,7.2918687,34.7623,71.112656
2023-01-28 02:00:00,11.751251,6.095215,901.5025,7.2809014,36.31433,68.27135
2023-01-28 03:00:00,12.285309,6.1189575,902.0778,7.2302475,37.815247,66.020355
2023-01-28 04:00:00,12.900909,5.981476,902.44904,6.932099,38.39633,62.81028
2023-01-28 05:00:00,15.985199,6.5343323,902.3449,6.391913,37.724518,53.46014
2023-01-28 06:00:00,16.89856,6.568329,901.6208,5.7883253,33.376923,50.56026
2023-01-28 07:00:00,17.223602,6.552002,900.59186,5.3410525,25.739777,49.474754
2023-01-28 08:00:00,18.605621,6.6577454,899.6668,5.133415,18.72882,45.68617
2023-01-28 09:00:00,18.856995,6.6011353,899.04736,5.220347,15.345795,44.799255
2023-01-28 10:00:00,17.680695,7.023773,898.68835,5.1447334,17.31073,49.649372
2023-01-28 11:00:00,17.575684,7.0894165,898.6817,5.543968,24.75113,50.204338
2023-01-28 12:00:00,17.319092,7.106018,898.9927,5.8523035,27.071136,51.082222
2023-01-28 13:00:00,17.021515,7.1175537,899.4247,6.0853405,30.945038,52.09413
2023-01-28 14:00:00,15.604004,7.234009,899.9432,6.259257,34.679077,57.471687
2023-01-28 15:00:00,14.329224,6.9081116,900.38556,6.2994103,37.741577,61.008186
2023-01-28 16:00:00,13.986633,6.8374023,900.6329,6.264556,40.545166,62.07497
2023-01-28 17:00:00,13.06369,6.7016296,900.52325,6.2269177,43.014954,65.30598
2023-01-28 18:00:00,12.804901,6.6167297,900.09924,6.1708207,44.82184,66.03396
2023-01-28 19:00:00,12.636993,6.5769043,899.63495,6.17147,46.309937,66.58152
2023-01-28 20:00:00,11.826599,6.310547,899.23236,6.215306,47.076813,68.94906
2023-01-28 21:00:00,11.715607,6.3482056,898.9055,6.2799835,47.515717,69.6362
2023-01-28 22:00:00,11.19693,6.1086426,898.8014,6.3313656,47.636383,70.88599
2023-01-28 23:00:00,11.152466,6.1180115,898.83276,6.657462,47.960785,71.14119
2023-01-29 00:00:00,11.32666,6.2276,899.17365,6.887439,49.65451,70.858475
2023-01-29 01:00:00,11.241119,6.1885376,899.6654,7.088961,51.21347,71.06935
2023-01-29 02:00:00,12.30957,6.619568,900.3211,7.2556114,53.534668,68.22713
2023-01-29 03:00:00,12.842133,6.664978,900.9897,7.4079375,57.040985,66.09204
2023-01-29 04:00:00,13.658203,6.9421387,901.44977,7.3094745,62.59247,63.869904
2023-01-29 05:00:00,16.70929,7.7041626,901.38556,6.88855,67.622284,55.307655
2023-01-29 06:00:00,17.573547,7.830078,900.67084,6.1873593,70.48151,52.81509
2023-01-29 07:00:00,17.825531,7.915802,899.6538,5.4491196,69.94238,52.28726
2023-01-29 08:00:00,19.133759,8.118652,898.7582,4.9595256,67.78308,48.842506
2023-01-29 09:00:00,19.259583,8.147095,898.21344,4.8994203,65.74246,48.554867
2023-01-29 10:00:00,17.921936,8.443268,897.97815,4.6893635,61.306305,53.865356
2023-01-29 11:00:00,17.757233,8.471069,898.11206,5.477263,60.135162,54.529224
2023-01-29 12:00:00,17.54007,8.602112,898.49603,6.0298657,57.283997,55.773235
2023-01-29 13:00:00,17.24884,8.681549,899.1129,6.6006866,58.651093,57.11454
2023-01-29 14:00:00,16.141327,8.7864685,899.8928,7.0235195,61.624146,61.711586
2023-01-29 15:00:00,14.922485,8.497711,900.5725,7.2682214,64.47168,65.43349
2023-01-29 16:00:00,14.694824,8.506165,900.98016,7.4094887,67.29733,66.43834
2023-01-29 17:00:00,13.9366455,8.418701,901.10474,7.4291916,69.55942,69.3653
2023-01-29 18:00:00,13.789398,8.410248,900.94006,7.3645663,70.881256,69.99132
2023-01-29 19:00:00,13.634735,8.367523,900.62164,7.2757773,71.11972,70.4939
2023-01-29 20:00:00,13.058594,8.207947,900.2838,7.2144856,70.237305,72.403076
2023-01-29 21:00:00,12.942688,8.201752,899.9906,7.1879973,68.96359,72.92284
2023-01-29 22:00:00,12.359222,7.8421326,899.9765,6.9959955,63.976105,73.93538
2023-01-29 23:00:00,12.289429,7.85318,900.05585,7.259483,63.164673,74.33098
2023-01-30 00:00:00,12.458862,7.949768,900.4959,7.492244,63.582886,73.99316
2023-01-30 01:00:00,12.466187,7.963196,901.175,7.6646423,64.03198,74.02517
2023-01-30 02:00:00,13.411865,8.4149475,901.98,7.837061,64.77609,71.75394
2023-01-30 03:00:00,13.8810425,8.516235,902.6548,7.881383,66.46686,70.07731
2023-01-30 04:00:00,14.62442,8.790344,903.1114,7.4305735,71.48288,68.03567
2023-01-30 05:00:00,16.985413,9.1467285,903.0878,6.4106884,75.183685,59.926598
2023-01-30 06:00:00,17.792114,9.200348,902.52,5.3086104,74.61865,57.15583
2023-01-30 07:00:00,18.056915,9.162445,901.6191,4.436643,69.95911,56.068466
2023-01-30 08:00:00,19.204071,9.311554,900.73016,3.8767343,62.7666,52.711994
2023-01-30 09:00:00,19.351105,9.274811,900.1305,3.739413,55.515198,52.10275
2023-01-30 10:00:00,18.151855,9.517426,899.7882,4.286812,44.525757,57.081657
2023-01-30 11:00:00,18.023682,9.523926,899.96234,4.9988585,45.24353,57.568253
2023-01-30 12:00:00,17.817078,9.672882,900.35474,5.2794194,44.74344,58.907223
2023-01-30 13:00:00,17.490479,9.702545,900.82947,5.538732,45.155884,60.252167
2023-01-30 14:00:00,16.379913,9.698608,901.42664,5.752447,46.36316,64.62887
2023-01-30 15:00:00,15.330078,9.420532,901.9275,5.843166,47.54181,67.83556
2023-01-30 16:00:00,15.084534,9.43573,902.1635,5.8562,48.40222,68.984314
2023-01-30 17:00:00,14.240845,9.1362,902.117,5.786267,48.903564,71.38916
2023-01-30 18:00:00,13.993439,9.076538,901.88776,5.6976347,48.61557,72.25144
2023-01-30 19:00:00,13.818146,9.055176,901.5641,5.6004543,47.508087,72.97274
2023-01-30 20:00:00,13.193878,8.830505,901.1939,5.5413475,45.870605,74.85546
2023-01-30 21:00:00,13.030853,8.767731,900.80194,5.5579114,44.06314,75.3363
2023-01-30 22:00:00,12.542114,8.531769,900.56415,5.5408707,41.513733,76.55389
2023-01-30 23:00:00,12.444672,8.476074,900.4535,5.7496686,41.23053,76.75487
2023-01-31 00:00:00,12.541107,8.499481,900.671,5.835776,42.031006,76.3918
2023-01-31 01:00:00,12.463013,8.466431,901.1125,5.9472013,43.511993,76.61249
2023-01-31 02:00:00,13.373932,8.851807,901.7369,6.0230727,44.622864,74.08834
2023-01-31 03:00:00,13.709137,8.830444,902.3703,6.068359,46.054474,72.38545
2023-01-31 04:00:00,14.186523,8.729095,902.8003,5.257454,47.350037,69.69967
2023-01-31 05:00:00,16.711761,9.221222,902.74475,4.4883,41.98349,61.28234
2023-01-31 06:00:00,17.618225,9.151642,902.1509,4.006993,32.618835,57.59626
2023-01-31 07:00:00,17.813873,9.038513,901.14154,3.6595213,22.302063,56.458683
2023-01-31 08:00:00,19.056763,8.966675,900.1598,3.4951022,10.791351,51.976562
2023-01-31 09:00:00,19.155457,8.793762,899.44037,3.6841087,4.68927,51.0584
2023-01-31 10:00:00,17.971863,8.938904,898.98755,3.858345,1.145874,55.526012
2023-01-31 11:00:00,17.8555,9.002411,899.0008,4.469531,9.773499,56.174053
2023-01-31 12:00:00,17.652191,9.068359,899.2403,4.46109,15.084717,57.151485
2023-01-31 13:00:00,17.423828,9.268433,899.70166,4.413726,15.75296,58.767273
2023-01-31 14:00:00,16.233246,9.298737,900.29407,4.584712,17.391937,63.506603
2023-01-31 15:00:00,14.992706,8.772614,900.8299,4.6720195,18.870789,66.36079
2023-01-31 16:00:00,14.77124,8.823059,901.13,4.6926575,19.989136,67.54365
2023-01-31 17:00:00,13.925018,8.612091,901.1624,4.6319585,21.1203,70.332375
2023-01-31 18:00:00,13.682495,8.628052,900.93085,4.6176233,21.496246,71.52589
2023-01-31 19:00:00,13.512665,8.629242,900.5996,4.60275,21.391174,72.326126
2023-01-31 20:00:00,12.751373,8.320557,900.207,4.672729,21.055267,74.43871
2023-01-31 21:00:00,12.605347,8.235718,899.8679,4.808281,21.179657,74.723
2023-01-31 22:00:00,12.081085,7.878784,899.5838,4.6839104,23.924255,75.48778
2023-01-31 23:00:00,11.974304,7.888092,899.58453,4.804127,24.660767,76.06852
2023-02-01 00:00:00,12.01297,7.8594666,899.84656,4.9274793,26.222046,75.72743
2023-02-01 01:00:00,11.950653,7.760376,900.43964,5.0047927,28.121399,75.527695
2023-02-01 02:00:00,12.667267,7.923401,901.111,5.13149,29.117096,72.85822
2023-02-01 03:00:00,12.964874,7.741791,901.7502,5.044615,27.001251,70.57535
2023-02-01 04:00:00,13.450104,7.6056213,902.2102,4.976943,21.756134,67.744736
2023-02-01 05:00:00,15.828125,7.7426453,902.2399,4.9825263,16.635773,58.654682
2023-02-01 06:00:00,16.75409,7.6961365,901.6909,5.098119,9.6302185,55.120445
2023-02-01 07:00:00,17.033997,7.613617,900.86743,5.2389746,1.9539795,53.84721
2023-02-01 08:00:00,18.161926,7.4418335,899.9991,5.5249677,355.62753,49.56606
2023-02-01 09:00:00,18.293274,7.3601685,899.3675,5.9363346,352.91577,48.885777
2023-02-01 10:00:00,17.346222,7.4040833,899.0568,5.9440575,348.83264,52.044697
2023-02-01 11:00:00,17.28183,7.314911,899.1718,6.226145,356.06897,51.93952
2023-02-01 12:00:00,17.19574,7.234497,899.54407,6.0631275,4.0105896,51.936714
2023-02-01 13:00:00,16.842712,7.3738403,899.98944,6.1183453,6.8701477,53.61934
2023-02-01 14:00:00,15.579315,7.414551,900.5966,6.148845,10.759125,58.277233
2023-02-01 15:00:00,14.44162,7.1325684,901.1317,6.1404057,14.009491,61.50504
2023-02-01 16:00:00,14.182892,7.090393,901.5067,6.1203165,16.392395,62.362606
2023-02-01 17:00:00,13.306519,6.8575745,901.5338,6.0165653,18.172546,64.97112
2023-02-01 18:00:00,13.0903015,6.699463,901.3895,5.9776316,19.367859,65.18289
2023-02-01 19:00:00,12.901276,6.6174316,901.05444,5.9215894,20.07016,65.62212
2023-02-01 20:00:00,12.10907,6.369446,900.68896,5.957558,20.503143,67.95311
2023-02-01 21:00:00,12.025299,6.3337708,900.3,6.059986,21.121704,68.161156
2023-02-01 22:00:00,11.39444,5.7988586,900.0742,5.9747033,27.997437,68.4833
2023-02-01 23:00:00,11.266968,5.7122803,900.03314,6.0792584,29.805481,68.651115
2023-02-02 00:00:00,11.449829,5.85614,900.2615,6.141774,32.41864,68.50367
2023-02-02 01:00:00,11.462006,5.855072,900.84796,6.196547,35.18756,68.443474
2023-02-02 02:00:00,12.285889,6.053467,901.54877,6.2648234,37.307434,65.72011
2023-02-02 03:00:00,12.667267,6.0650635,902.211,6.208672,39.38733,64.147385
2023-02-02 04:00:00,13.219635,6.1311646,902.6425,5.9396496,40.17206,62.155323
2023-02-02 05:00:00,16.177856,6.440094,902.62994,5.531011,36.838806,52.465828
2023-02-02 06:00:00,17.251404,6.4023743,902.1804,5.2046995,28.72815,48.88201
2023-02-02 07:00:00,17.491486,6.439514,901.31995,5.0898957,18.825134,48.269554
2023-02-02 08:00:00,18.873718,6.4417114,900.3582,5.143404,10.968658,44.264465
2023-02-02 09:00:00,19.070862,6.4792786,899.64264,5.3757873,7.103119,43.836464
2023-02-02 10:00:00,17.97583,7.1789246,899.2106,4.880843,10.199646,49.255947
2023-02-02 11:00:00,17.847748,7.1090393,899.2922,5.3409486,18.660187,49.41749
2023-02-02 12:00:00,17.713806,7.072418,899.5898,5.5186124,23.453186,49.711243
2023-02-02 13:00:00,17.365753,7.1700134,900.0232,5.748477,24.890106,51.15542
2023-02-02 14:00:00,15.75473,7.2224426,900.6233,5.918201,27.904816,56.874985
2023-02-02 15:00:00,14.557068,6.9318542,901.22034,5.9630947,30.564453,60.21458
2023-02-02 16:00:00,14.343567,6.9407043,901.551,5.917526,32.236267,61.08797
2023-02-02 17:00:00,13.264648,6.725647,901.61505,5.7936325,33.06183,64.56153
2023-02-02 18:00:00,13.030243,6.70401,901.44556,5.6820765,32.625977,65.4595
2023-02-02 19:00:00,12.812927,6.699585,901.1381,5.621285,31.491516,66.376045
2023-02-02 20:00:00,12.111328,6.4744263,900.7826,5.682788,30.170197,68.43576
2023-02-02 21:00:00,11.999207,6.464966,900.45154,5.765308,29.223083,68.89786
2023-02-02 22:00:00,11.534363,6.350006,900.28485,5.7567506,30.363495,70.48357
2023-02-02 23:00:00,11.420929,6.3344116,900.2399,5.8963313,30.45047,70.93802
2023-02-03 00:00:00,11.642487,6.478943,900.53375,6.018019,31.566223,70.60577
2023-02-03 01:00:00,11.535095,6.4429626,901.0554,6.140352,33.546234,70.93265
2023-02-03 02:00:00,12.41449,6.7229004,901.695,6.2769666,35.285156,68.24136
2023-02-03 03:00:00,12.988037,6.773926,902.2757,6.270225,37.025543,65.956116
2023-02-03 04:00:00,13.634644,6.8157043,902.645,5.9761024,35.681213,63.415527
2023-02-03 05:00:00,16.932404,7.6723633,902.6049,5.610052,30.144745,54.412373
2023-02-03 06:00:00,17.80545,7.5408325,902.0222,5.362608,22.159454,51.033108
2023-02-03 07:00:00,18.071259,7.511078,901.09406,5.1661806,13.450562,50.08529
2023-02-03 08:00:00,19.228577,7.368805,900.0808,5.134559,5.5996094,46.137302
2023-02-03 09:00:00,19.40091,7.2188416,899.3338,5.295123,0.2888794,45.179634
2023-02-03 10:00:00,18.283447,7.8162537,898.98376,5.2962112,355.80136,50.461227
2023-02-03 11:00:00,18.184967,7.849457,898.9957,5.5466027,3.8598938,50.88891
2023-02-03 12:00:00,18.023682,7.824829,899.2483,5.621557,11.63681,51.320957
2023-02-03 13:00:00,17.67749,7.9626465,899.6908,5.806939,14.609497,52.945446
2023-02-03 14:00:00,16.190918,8.084747,900.33844,5.887698,18.496704,58.661186
2023-02-03 15:00:00,14.797485,7.711273,900.8585,5.853157,21.306458,62.53174
2023-02-03 16:00:00,14.462341,7.6920776,901.18353,5.759748,23.41156,63.815056
2023-02-03 17:00:00,13.4730835,7.4835815,901.1325,5.5864286,24.576233,67.082634
2023-02-03 18:00:00,13.276794,7.496155,900.8695,5.5191007,25.047058,68.00435
2023-02-03 19:00:00,13.049652,7.4898376,900.40485,5.510877,24.408112,68.99014
2023-02-03 20:00:00,12.256378,7.235138,899.90643,5.5898037,23.165802,71.417145
2023-02-03 21:00:00,12.104095,7.156769,899.43365,5.7286906,22.56836,71.75025
2023-02-03 22:00:00,11.474487,6.799225,899.05133,5.661125,19.453674,72.98263
2023-02-03 23:00:00,11.3573,6.780243,898.967,5.8868814,20.932861,73.4549
2023-02-04 00:00:00,11.519257,6.8743286,899.1582,6.0315566,22.96167,73.14282
2023-02-04 01:00:00,11.555145,6.9560547,899.63727,6.1313148,25.491852,73.379555
2023-02-04 02:00:00,12.666016,7.368805,900.2852,6.137712,27.719727,70.16115
2023-02-04 03:00:00,13.140747,7.250824,900.92413,6.0517554,30.222748,67.47033
2023-02-04 04:00:00,13.793457,7.1037903,901.31885,5.6508594,30.207367,64.01606
2023-02-04 05:00:00,17.376678,7.7163086,901.2273,5.2290597,25.08554,53.062786
2023-02-04 06:00:00,18.196686,7.5193787,900.70337,4.99226,14.656097,49.720486
2023-02-04 07:00:00,18.438934,7.436157,899.8167,4.968655,3.9355469,48.6935
2023-02-04 08:00:00,19.662842,7.1720886,898.8783,5.074673,356.1228,44.308376
2023-02-04 09:00:00,19.785583,7.1112976,898.1755,5.255921,352.65866,43.78969
2023-02-04 10:00:00,18.626282,7.5779724,897.8806,5.6260767,351.82828,48.593674
2023-02-04 11:00:00,18.4953,7.7855225,897.8793,5.559653,1.5412598,49.691555
2023-02-04 12:00:00,18.270874,7.743469,898.0952,5.3158617,10.160767,50.25137
2023-02-04 13:00:00,17.851166,7.787323,898.50525,5.2587767,13.755249,51.74854
2023-02-04 14:00:00,16.355988,7.8933105,899.1051,5.0959406,17.93097,57.297092
2023-02-04 15:00:00,15.019409,7.6638794,899.66425,4.9355273,21.737,61.445934
2023-02-04 16:00:00,14.665466,7.6733704,899.9433,4.7627163,24.234528,62.90354
2023-02-04 17:00:00,13.547424,7.4088135,899.9799,4.5721655,25.9487,66.41895
2023-02-04 18:00:00,13.26059,7.334381,899.76587,4.54362,26.185455,67.32833
2023-02-04 19:00:00,13.085541,7.3504944,899.35034,4.624848,26.05423,68.17682
2023-02-04 20:00:00,12.243988,7.0965576,898.8435,4.8174343,25.450592,70.80079
2023-02-04 21:00:00,12.112305,7.029541,898.3953,5.0359535,25.871582,71.08958
2023-02-04 22:00:00,11.549774,6.591522,898.1409,4.946512,25.938965,71.59168
2023-02-04 23:00:00,11.459381,6.6323853,898.12976,5.1564474,27.913116,72.22335
2023-02-05 00:00:00,11.629059,6.6953125,898.4311,5.306455,30.574371,71.727356
2023-02-05 01:00:00,11.575775,6.694336,898.9766,5.401409,33.44391,71.97546
2023-02-05 02:00:00,12.606812,7.1419373,899.61,5.4397755,36.70865,69.34972
2023-02-05 03:00:00,13.108154,7.0190735,900.18286,5.347892,39.62381,66.55005
2023-02-05 04:00:00,13.825439,6.951111,900.52936,4.990699,39.33069,63.218613
2023-02-05 05:00:00,17.367035,7.387726,900.4372,4.524529,35.108215,51.91828
2023-02-05 06:00:00,18.212402,7.1845703,899.95386,4.023821,24.243805,48.548115
2023-02-05 07:00:00,18.54068,7.1538696,899.161,3.7677805,10.0555725,47.45956
2023-02-05 08:00:00,19.841187,6.8442383,898.31177,3.7646956,358.48322,42.847622
2023-02-05 09:00:00,19.994629,6.7815857,897.6307,3.8824167,353.66263,42.260193
2023-02-05 10:00:00,18.827301,7.4137573,897.3116,3.4625313,351.01526,47.452072
2023-02-05 11:00:00,18.710114,7.5216675,897.39136,3.5585217,6.139496,48.154266
2023-02-05 12:00:00,18.452026,7.643097,897.7021,3.8007145,18.466064,49.345306
2023-02-05 13:00:00,18.024353,7.6498413,898.0997,4.018294,26.459503,50.710762
2023-02-05 14:00:00,16.517029,7.843567,898.6234,4.0969605,33.55905,56.521393
2023-02-05 15:00:00,15.238281,7.592804,899.18115,4.0625396,38.187042,60.29479
2023-02-05 16:00:00,14.916748,7.6271973,899.5873,3.9286616,41.682983,61.698734
2023-02-05 17:00:00,13.93985,7.552124,899.6654,3.7473443,43.46338,65.38352
2023-02-05 18:00:00,13.744751,7.493286,899.48,3.6327581,43.776733,65.951546
2023-02-05 19:00:00,13.480164,7.518402,899.14185,3.5777593,42.39264,67.21124
2023-02-05 20:00:00,12.747864,7.2784424,898.82135,3.6156232,39.918182,69.35645
2023-02-05 21:00:00,12.585724,7.222992,898.5236,3.7145307,37.68701,69.83182
2023-02-05 22:00:00,11.909088,6.9393616,898.3409,3.6670105,40.786865,71.60343
2023-02-05 23:00:00,11.839111,6.9823914,898.3594,3.7264147,41.164917,72.14695
2023-02-06 00:00:00,12.039124,7.202606,898.6708,3.750704,42.35965,72.28407
2023-02-06 01:00:00,12.002991,7.2167053,899.19904,3.8180716,43.487976,72.52616
2023-02-06 02:00:00,13.126068,7.748535,899.8641,4.0091414,45.036682,69.86824
2023-02-06 03:00:00,13.626038,7.663513,900.435,4.040368,47.390472,67.238464
2023-02-06 04:00:00,14.452942,7.7376404,900.791,3.4422367,44.82196,64.05232
2023-02-06 05:00:00,17.656189,8.193939,900.69257,2.7759,27.916504,53.856117
2023-02-06 06:00:00,18.443787,7.867859,900.1691,2.7496119,3.8032837,50.132324
2023-02-06 07:00:00,18.69812,7.8417053,899.3029,3.2539394,344.74948,49.252872
2023-02-06 08:00:00,19.802765,7.830597,898.34625,3.8431625,336.06628,45.944366
2023-02-06 09:00:00,19.937561,7.786255,897.57935,4.3296194,334.29184,45.42484
2023-02-06 10:00:00,18.826324,8.18222,897.0828,4.547912,333.70404,50.003773
2023-02-06 11:00:00,18.66211,8.30722,897.0692,4.670829,347.66208,50.94988
2023-02-06 12:00:00,18.477753,8.397675,897.3741,4.695062,0.77593994,51.858162
2023-02-06 13:00:00,18.073334,8.4861145,897.7435,4.751684,8.283905,53.510166
2023-02-06 14:00:00,16.727417,8.629517,898.2763,4.749402,13.984619,58.825417
2023-02-06 15:00:00,15.518372,8.508789,898.72156,4.5920725,17.471497,63.023926
2023-02-06 16:00:00,15.257874,8.506378,899.01,4.3216405,18.935272,64.07533
2023-02-06 17:00:00,14.316498,8.364716,898.9565,4.008929,19.324799,67.4324
2023-02-06 18:00:00,14.014709,8.25885,898.734,3.7872171,18.230621,68.27125
2023-02-06 19:00:00,13.766266,8.260468,898.3822,3.6456263,16.516235,69.38842
2023-02-06 20:00:00,12.963104,7.9441223,898.04694,3.615348,13.352936,71.56215
2023-02-06 21:00:00,12.76828,7.915283,897.71576,3.678322,10.553558,72.33791
2023-02-06 22:00:00,11.962097,7.404297,897.48694,3.290483,5.641571,73.66014
2023-02-06 23:00:00,11.864777,7.440338,897.478,3.4292367,6.2422485,74.31675
2023-02-07 00:00:00,11.997864,7.565155,897.9294,3.437841,7.7027893,74.29806
2023-02-07 01:00:00,11.92395,7.5506287,898.5785,3.4171183,9.8940735,74.58675
2023-02-07 02:00:00,12.74176,7.77594,899.25214,3.3455496,11.769043,71.7797
2023-02-07 03:00:00,13.127136,7.6944275,899.8561,3.2702804,6.4031982,69.60633
2023-02-07 04:00:00,14.009796,7.5706177,900.2445,3.2744918,354.55478,65.169785
2023-02-07 05:00:00,16.880615,7.7800293,900.26874,3.3726141,343.44202,54.993145
2023-02-07 06:00:00,17.848236,7.5713196,899.86444,3.7853737,331.5925,51.0018
2023-02-07 07:00:00,18.103271,7.5118713,899.1008,4.3647747,322.06897,49.98736
2023-02-07 08:00:00,19.236694,7.213379,898.2146,4.94638,316.82825,45.62665
2023-02-07 09:00:00,19.345459,7.068512,897.5126,5.3241577,316.06064,44.87171
2023-02-07 10:00:00,18.32785,7.456238,897.2204,4.8861275,320.17706,49.10098
2023-02-07 11:00:00,18.195068,7.505432,897.2173,4.6653934,332.00085,49.678223
2023-02-07 12:00:00,18.021088,7.542328,897.54834,4.2730365,348.4968,50.350685
2023-02-07 13:00:00,17.668121,7.628296,897.96985,4.343403,357.96692,51.78444
2023-02-07 14:00:00,16.34317,7.914551,898.5641,4.4363384,6.197418,57.42678
2023-02-07 15:00:00,15.069122,7.7021484,899.1107,4.494563,12.23761,61.409737
2023-02-07 16:00:00,14.76236,7.7634277,899.4439,4.5069284,16.550018,62.896484
2023-02-07 17:00:00,13.693848,7.6082153,899.4592,4.4440093,19.053162,66.69084
2023-02-07 18:00:00,13.45816,7.5698547,899.24097,4.3913484,20.83957,67.54426
2023-02-07 19:00:00,13.244141,7.6041565,898.9233,4.402061,22.0484,68.65324
2023-02-07 20:00:00,12.43103,7.3580933,898.59174,4.5140505,22.649536,71.198494
2023-02-07 21:00:00,12.240784,7.2661743,898.3317,4.650886,22.77246,71.642265
2023-02-07 22:00:00,11.416321,6.7585754,898.2062,4.878622,22.206055,73.05984
2023-02-07 23:00:00,11.302399,6.784546,898.30237,5.060783,24.89853,73.74415
2023-02-08 00:00:00,11.522522,6.9066772,898.7404,5.205332,27.992432,73.289444
2023-02-08 01:00:00,11.494965,6.887787,899.3855,5.3191347,30.987396,73.32803
2023-02-08 02:00:00,12.452515,7.2863464,900.1334,5.400181,33.486176,70.750435
2023-02-08 03:00:00,12.912933,7.1369934,900.7879,5.3342,33.116516,67.95078
2023-02-08 04:00:00,13.518677,7.021942,901.1828,5.001508,28.073029,64.805595
2023-02-08 05:00:00,16.696472,7.257782,901.23206,4.629239,19.555023,53.691704
2023-02-08 06:00:00,17.537415,7.197998,900.78314,4.4433784,5.063843,50.70104
2023-02-08 07:00:00,17.842072,7.1102905,900.0061,4.6750913,350.6853,49.439384
2023-02-08 08:00:00,19.065918,6.9063416,899.05414,5.0729136,341.8791,45.155262
2023-02-08 09:00:00,19.231262,6.7574463,898.3068,5.409543,338.287,44.23818
2023-02-08 10:00:00,18.279694,7.2051086,897.7994,5.181694,342.36853,48.411545
2023-02-08 11:00:00,18.252716,7.272339,897.8716,5.0277104,349.4053,48.71701
2023-02-08 12:00:00,18.089935,7.203827,898.02966,4.732584,3.4284363,48.987377
2023-02-08 13:00:00,17.7547,7.408905,898.4547,4.8204684,9.799561,50.73751
2023-02-08 14:00:00,16.362793,7.5872803,899.0513,4.6951613,16.000092,56.09083
2023-02-08 15:00:00,15.032288,7.3640137,899.6154,4.4555416,20.75769,60.151608
2023-02-08 16:00:00,14.661774,7.404785,899.9498,4.194976,24.016602,61.77617
2023-02-08 17:00:00,13.730225,7.337616,899.95386,3.9081638,25.291077,65.31578
2023-02-08 18:00:00,13.494232,7.3182373,899.65656,3.6698692,25.07608,66.23813
2023-02-08 19:00:00,13.304321,7.356262,899.2565,3.4990988,22.954498,67.237076
2023-02-08 20:00:00,12.55246,7.1925354,898.80505,3.4272945,19.791534,69.83863
2023-02-08 21:00:00,12.391449,7.1702576,898.39984,3.4774666,17.245056,70.47284
2023-02-08 22:00:00,11.77066,6.8623962,898.0943,3.56657,16.238495,71.879654
2023-02-08 23:00:00,11.669769,6.8385925,898.05804,3.6556852,17.048584,72.24182
2023-02-09 00:00:00,11.880951,7.0263367,898.399,3.6544476,18.753632,72.16517
2023-02-09 01:00:00,11.80069,7.0097046,898.94666,3.6247604,21.302155,72.465485
2023-02-09 02:00:00,12.895721,7.4414062,899.6566,3.5884774,24.104584,69.457695
2023-02-09 03:00:00,13.301758,7.3471985,900.32263,3.4451325,26.493652,67.20668
2023-02-09 04:00:00,14.133667,7.366974,900.8191,3.0538661,13.369904,63.75634
2023-02-09 05:00:00,17.148254,7.7440796,900.843,3.0001323,354.7422,53.936535
2023-02-09 06:00:00,18.03769,7.5658875,900.3618,3.298501,337.72552,50.379066
2023-02-09 07:00:00,18.28537,7.5009766,899.49146,3.895327,325.3463,49.382534
2023-02-09 08:00:00,19.37143,7.3831787,898.5812,4.4519057,319.3289,45.773834
2023-02-09 09:00:00,19.513489,7.3349,897.8988,4.823729,318.17328,45.221916
2023-02-09 10:00:00,18.53711,7.838867,897.491,4.757729,321.767,49.74194
2023-02-09 11:00:00,18.458801,7.9307556,897.59216,4.496992,331.13046,50.29994
2023-02-09 12:00:00,18.277039,8.02832,897.8987,4.166977,342.62744,51.214893
2023-02-09 13:00:00,17.977325,8.087585,898.4138,3.9586945,351.48715,52.398575
2023-02-09 14:00:00,16.646088,8.154144,899.1275,3.7366037,358.27258,57.255737
2023-02-09 15:00:00,15.412445,8.034302,899.7324,3.5142853,1.9855652,61.443806
2023-02-09 16:00:00,15.200836,8.076233,900.06006,3.2537475,3.7216187,62.46167
2023-02-09 17:00:00,14.298492,8.069885,899.9902,2.9677916,2.490631,66.17383
2023-02-09 18:00:00,14.077362,8.0868225,899.71844,2.8046973,359.9411,67.20525
2023-02-09 19:00:00,13.957245,8.097687,899.3228,2.758097,354.81342,67.7806
2023-02-09 20:00:00,13.329285,7.991638,898.9118,2.883821,351.52515,70.0982
2023-02-09 21:00:00,13.114197,7.9058228,898.5519,3.079745,349.7644,70.67499
2023-02-09 22:00:00,12.518768,7.64624,898.2246,2.6360252,352.7737,72.19556
2023-02-09 23:00:00,12.431122,7.6651306,898.1647,2.8937926,354.35526,72.70547
2023-02-10 00:00:00,12.610016,7.8709717,898.5315,2.9851506,355.54333,72.87171
2023-02-10 01:00:00,12.4539795,7.807312,899.0973,3.0031152,358.8304,73.30296
2023-02-10 02:00:00,13.651794,8.336273,899.7855,2.9254897,2.5177612,70.26675
2023-02-10 03:00:00,14.093506,8.229584,900.4372,2.7279093,3.9348755,67.78879
2023-02-10 04:00:00,14.877838,8.198883,900.92694,2.2968295,341.5798,64.30604
2023-02-10 05:00:00,17.853882,8.584747,901.0057,3.0300078,317.0323,54.617065
2023-02-10 06:00:00,18.652496,8.252167,900.5214,4.189341,310.72107,50.790535
2023-02-10 07:00:00,18.94989,8.088806,899.68744,5.2273,309.25372,49.305744
2023-02-10 08:00:00,20.14444,8.001038,898.71436,5.8754125,308.97595,45.50701
2023-02-10 09:00:00,20.263062,7.8645935,897.99475,6.1495304,309.91364,44.757305
2023-02-10 10:00:00,19.147583,8.229401,897.492,5.5353317,306.41858,49.168663
2023-02-10 11:00:00,19.010895,8.271606,897.4882,4.921105,316.42468,49.73165
2023-02-10 12:00:00,18.822052,8.237762,897.75287,4.202987,324.73514,50.205982
2023-02-10 13:00:00,18.444397,8.262054,898.19135,3.71326,331.3893,51.49102
2023-02-10 14:00:00,17.128113,8.428406,898.7722,3.3846161,336.6312,56.574867
2023-02-10 15:00:00,16.14508,8.299133,899.3851,3.1689186,339.617,59.695126
2023-02-10 16:00:00,15.893097,8.350769,899.7879,3.0084121,340.69623,60.875736
2023-02-10 17:00:00,15.05069,8.3172,899.9194,2.9290304,340.1127,64.10715
2023-02-10 18:00:00,14.803772,8.335724,899.7277,2.9437692,338.31802,65.21604
2023-02-10 19:00:00,14.55722,8.308411,899.4163,3.061127,336.22067,66.13874
2023-02-10 20:00:00,13.823944,8.120392,899.0422,3.2630432,334.9492,68.474945
2023-02-10 21:00:00,13.666138,8.088654,898.72906,3.472531,336.00867,69.03156
2023-02-10 22:00:00,12.992371,7.6677856,898.4327,3.2825067,336.67557,70.094315
2023-02-10 23:00:00,12.810181,7.6387634,898.40686,3.5744631,338.57098,70.79423
2023-02-11 00:00:00,12.884155,7.6928406,898.74963,3.745999,341.95563,70.71257
2023-02-11 01:00:00,12.839539,7.642914,899.33734,3.851295,345.65445,70.67836
2023-02-11 02:00:00,13.846558,7.9769897,900.05884,3.886682,348.3806,67.71153
2023-02-11 03:00:00,14.263275,7.9446106,900.6996,3.892888,347.74197,65.76244
2023-02-11 04:00:00,14.958466,7.8010864,901.1504,4.033408,333.73068,62.266575
2023-02-11 05:00:00,17.746552,8.123688,901.1814,4.9160085,322.37732,53.295593
2023-02-11 06:00:00,18.518188,7.911194,900.74664,5.829702,318.41238,50.04657
2023-02-11 07:00:00,18.814087,7.76239,899.90265,6.6553416,315.76736,48.633877
2023-02-11 08:00:00,19.948303,7.4797974,899.0039,7.177888,314.40845,44.45611
2023-02-11 09:00:00,20.060608,7.4040527,898.3059,7.428822,314.5655,43.920387
2023-02-11 10:00:00,19.025146,7.7204285,897.8873,7.089438,316.88358,47.860355
2023-02-11 11:00:00,18.893555,7.8816223,897.96466,6.490017,325.43973,48.787445
2023-02-11 12:00:00,18.685211,7.790344,898.2579,5.584125,334.53372,49.120625
2023-02-11 13:00:00,18.200287,7.803009,898.7533,5.200594,339.61786,50.679516
2023-02-11 14:00:00,16.737732,7.81073,899.4433,4.8913407,343.40372,55.61001
2023-02-11 15:00:00,15.788666,7.841736,900.0848,4.656466,345.71167,59.200893
2023-02-11 16:00:00,15.52478,7.8590393,900.5187,4.441273,347.27005,60.280247
2023-02-11 17:00:00,14.549591,7.7971497,900.5809,4.270198,348.0846,63.912247
2023-02-11 18:00:00,14.342712,7.713257,900.3646,4.145866,347.8295,64.40324
2023-02-11 19:00:00,14.056946,7.671753,900.01373,4.1142774,346.84656,65.42044
2023-02-11 20:00:00,13.298737,7.4503784,899.63873,4.1762714,346.1608,67.695305
2023-02-11 21:00:00,13.079712,7.3032837,899.3555,4.297026,346.80945,67.983086
2023-02-11 22:00:00,12.355011,6.9364624,899.161,4.2164726,351.64432,69.51957
2023-02-11 23:00:00,12.242371,6.886322,899.2039,4.3204374,352.781,69.79561
2023-02-12 00:00:00,12.4097595,7.0775146,899.56006,4.3251057,354.259,69.94277
2023-02-12 01:00:00,12.262146,6.991852,900.1898,4.3421354,356.88947,70.21101
2023-02-12 02:00:00,13.10791,7.216461,900.8814,4.36981,358.24344,67.4564
2023-02-12 03:00:00,13.443115,6.906555,901.52026,4.3866673,356.8901,64.61217
2023-02-12 04:00:00,14.089172,6.547119,901.9257,4.588885,350.30112,60.446507
2023-02-12 05:00:00,16.966278,6.5978394,901.96906,5.2029247,344.8538,50.44596
2023-02-12 06:00:00,17.777283,6.4555664,901.54553,5.8867435,339.15945,47.4601
2023-02-12 07:00:00,18.030731,6.342499,900.76447,6.5930243,334.62415,46.34721
2023-02-12 08:00:00,19.014252,5.851532,899.9899,7.2259164,332.35507,42.12737
2023-02-12 09:00:00,19.134644,5.6415405,899.4093,7.7272396,333.07846,41.209064
2023-02-12 10:00:00,18.047058,5.8877563,899.2343,7.6300597,335.96216,44.869404
2023-02-12 11:00:00,17.920715,5.9361267,899.341,7.7202563,344.08545,45.378693
2023-02-12 12:00:00,17.744781,6.100891,899.664,7.252981,351.29712,46.409054
2023-02-12 13:00:00,17.380096,6.085083,900.14703,7.065377,355.053,47.437157
2023-02-12 14:00:00,15.998108,6.434601,900.777,7.065284,358.2599,53.05084
2023-02-12 15:00:00,14.705292,6.1333313,901.3425,7.0826445,0.54919434,56.45452
2023-02-12 16:00:00,14.403046,6.167633,901.7132,7.013477,2.3706055,57.70323
2023-02-12 17:00:00,13.355377,5.9534607,901.75977,6.8758974,3.1199036,60.85643
2023-02-12 18:00:00,13.128418,5.928955,901.55365,6.7449255,3.4588318,61.65941
2023-02-12 19:00:00,12.888489,5.82193,901.22314,6.660512,2.9566956,62.171894
2023-02-12 20:00:00,12.078003,5.62088,900.9222,6.588524,3.0019531,64.661064
2023-02-12 21:00:00,11.936371,5.5069885,900.65094,6.55658,3.254547,64.75379
2023-02-12 22:00:00,11.002136,4.9569397,900.4297,6.388851,1.1000977,66.29722
2023-02-12 23:00:00,10.889435,4.94458,900.4709,6.192633,2.3487244,66.73776
2023-02-13 00:00:00,11.102814,5.191559,900.8839,5.991565,4.7762146,66.939804
2023-02-13 01:00:00,11.073547,5.1700745,901.4914,5.7730646,7.2655945,66.96977
2023-02-13 02:00:00,11.956696,5.208893,902.2226,5.62565,7.2036133,63.3426
2023-02-13 03:00:00,12.445007,4.862213,902.88654,5.52807,3.887146,59.87866
2023-02-13 04:00:00,13.244629,4.7545776,903.27985,5.637871,357.2914,56.401867
2023-02-13 05:00:00,16.212952,4.62912,903.2509,5.9022956,350.87308,46.172134
2023-02-13 06:00:00,17.188202,4.3198547,902.69763,6.102999,344.2251,42.47139
2023-02-13 07:00:00,17.53363,4.1803284,901.8697,6.367837,338.1291,41.150482
2023-02-13 08:00:00,18.9487,4.1434326,900.95233,6.6113515,333.49573,37.556934
2023-02-13 09:00:00,19.160126,4.046936,900.27094,6.767902,331.66833,36.815025
2023-02-13 10:00:00,18.304504,5.1097107,899.8385,6.0371265,333.0677,41.831104
2023-02-13 11:00:00,18.250061,5.090851,899.9455,5.558521,340.18652,41.91917
2023-02-13 12:00:00,18.028137,4.904785,900.2475,4.7704453,352.4814,41.960304
2023-02-13 13:00:00,17.664215,4.924286,900.75385,4.4558125,359.0768,42.99084
2023-02-13 14:00:00,16.108002,5.311859,901.3924,4.218542,5.9197693,48.745598
2023-02-13 15:00:00,14.939087,5.1247253,901.9508,4.060697,10.890076,51.857746
2023-02-13 16:00:00,14.554932,5.094391,902.27545,3.93461,13.584595,53.045845
2023-02-13 17:00:00,13.478394,5.0429077,902.3343,3.8576486,13.900543,56.676632
2023-02-13 18:00:00,13.253998,4.9111023,902.1944,3.8871255,12.788544,56.98591
2023-02-13 19:00:00,12.934753,4.920746,901.8949,4.017019,11.366608,58.225334
2023-02-13 20:00:00,12.246307,4.8464966,901.5018,4.216046,9.620056,60.598774
2023-02-13 21:00:00,11.991211,4.7188416,901.1541,4.4419966,9.032562,61.078197
2023-02-13 22:00:00,11.358978,4.502014,901.0274,4.080521,12.222931,62.72456
2023-02-13 23:00:00,11.247986,4.551605,901.0305,4.1991653,11.624542,63.406635
2023-02-14 00:00:00,11.561829,4.9332886,901.33167,4.2792563,11.669434,63.77961
2023-02-14 01:00:00,11.362213,4.8181458,901.92413,4.387071,12.655853,64.11062
2023-02-14 02:00:00,12.770905,5.392456,902.62335,4.5212345,14.032928,60.81523
2023-02-14 03:00:00,13.347443,5.368744,903.2478,4.6126537,13.842407,58.47152
2023-02-14 04:00:00,14.3280945,5.4950867,903.5764,4.735957,6.476227,55.348267
2023-02-14 05:00:00,17.565826,5.6005554,903.46344,5.2531385,356.06335,45.339386
2023-02-14 06:00:00,18.531097,5.392578,902.8279,5.99012,346.7223,42.059963
2023-02-14 07:00:00,18.82724,5.344574,901.85565,6.6742187,339.10822,41.15082
2023-02-14 08:00:00,20.151123,5.3108826,900.84644,7.270229,334.16397,37.811848
2023-02-14 09:00:00,20.276031,5.418152,900.02026,7.6419334,332.9371,37.801495
2023-02-14 10:00:00,19.238953,6.3719177,899.5373,6.6463614,334.7674,43.06035
2023-02-14 11:00:00,19.13861,6.314392,899.4469,6.2966766,340.76593,43.159
2023-02-14 12:00:00,18.927368,6.3714905,899.61237,5.648744,346.83264,43.903698
2023-02-14 13:00:00,18.401398,6.4335938,900.05786,5.549681,350.23602,45.5664
2023-02-14 14:00:00,16.848633,6.7392273,900.62476,5.383499,354.34015,51.31963
2023-02-14 15:00:00,15.648102,6.6131287,901.0966,5.2370157,356.9448,54.921425
2023-02-14 16:00:00,15.171997,6.541321,901.3577,5.0858717,358.2098,56.345295
2023-02-14 17:00:00,14.044739,6.2875366,901.3633,4.9502544,358.1886,59.547215
2023-02-14 18:00:00,13.80661,6.2821045,901.1965,4.956164,357.8724,60.451614
2023-02-14 19:00:00,13.54776,6.2883606,900.88367,5.090018,357.42508,61.503803
2023-02-14 20:00:00,12.707703,6.175659,900.44904,5.2329035,357.40256,64.46779
2023-02-14 21:00:00,12.595337,6.1799927,900.0575,5.374085,357.84436,64.96358
2023-02-14 22:00:00,11.869843,5.7558594,899.818,4.824646,359.55872,66.16929
2023-02-14 23:00:00,11.764191,5.7291565,899.794,4.924997,1.2070312,66.50892
2023-02-15 00:00:00,12.049316,6.06958,900.1756,4.941364,4.402252,66.824936
2023-02-15 01:00:00,12.028992,6.076935,900.78394,4.9291515,8.437164,66.94839
2023-02-15 02:00:00,13.227844,6.5222473,901.4802,4.8426275,12.21405,63.818367
2023-02-15 03:00:00,13.75473,6.374756,902.08563,4.790906,14.043488,61.043995
2023-02-15 04:00:00,14.733582,6.3539124,902.45233,4.717819,11.690918,57.21501
2023-02-15 05:00:00,18.234436,6.735565,902.42267,4.880497,5.9112854,47.01182
2023-02-15 06:00:00,19.08487,6.349762,901.9147,5.3307176,358.13492,43.40946
2023-02-15 07:00:00,19.396881,6.277893,901.08795,5.8101554,351.90103,42.36393
2023-02-15 08:00:00,20.68106,6.2408752,900.1866,6.126023,347.83987,39.02744
2023-02-15 09:00:00,20.878723,6.2006836,899.4568,6.2622247,346.66724,38.448853
2023-02-15 10:00:00,19.880402,7.2505493,899.02545,5.598376,348.2662,43.94979
2023-02-15 11:00:00,19.797089,7.223053,898.961,5.305968,355.38208,44.094364
2023-02-15 12:00:00,19.630585,7.03302,899.2311,4.6995873,4.7448425,43.976517
2023-02-15 13:00:00,19.031769,6.938751,899.6309,4.5779314,10.544647,45.352184
2023-02-15 14:00:00,17.454315,7.3748474,900.2399,4.509084,17.323944,51.587517
2023-02-15 15:00:00,16.150177,7.3702393,900.77716,4.441492,23.315094,56.019764
2023-02-15 16:00:00,15.854187,7.3798523,901.1978,4.421661,28.677887,57.125813
2023-02-15 17:00:00,14.674072,7.2464905,901.2978,4.401795,33.664368,61.063046
2023-02-15 18:00:00,14.4401245,7.1560364,901.2265,4.4505925,37.34851,61.60984
2023-02-15 19:00:00,14.215546,7.095581,900.9637,4.5435033,39.59836,62.25303
2023-02-15 20:00:00,13.392853,6.8739014,900.54065,4.686309,41.086975,64.67904
2023-02-15 21:00:00,13.253479,6.73822,900.1291,4.81839,42.98401,64.66437
2023-02-15 22:00:00,12.488922,6.503662,899.97485,4.2717915,43.04709,66.893295
2023-02-15 23:00:00,12.40921,6.432129,900.0037,4.550866,46.173126,66.91396
2023-02-16 00:00:00,12.656067,6.666992,900.36505,4.7649903,49.90683,66.91134
2023-02-16 01:00:00,12.613983,6.672455,900.98975,4.9302363,54.00403,67.1213
2023-02-16 02:00:00,13.763092,7.0447693,901.76404,5.035101,59.02243,63.88374
2023-02-16 03:00:00,14.362427,7.0513306,902.4816,5.016394,63.70639,61.477764
2023-02-16 04:00:00,15.398132,7.3479614,902.9786,4.6006446,64.86206,58.690315
2023-02-16 05:00:00,19.061035,7.877472,903.02856,4.2541924,60.63208,48.266647
2023-02-16 06:00:00,19.925903,7.515106,902.5881,3.997689,52.79242,44.62524
2023-02-16 07:00:00,20.25061,7.4473267,901.78296,3.762322,43.779297,43.535824
2023-02-16 08:00:00,21.580322,7.646454,900.92303,3.6195788,35.84668,40.6669
2023-02-16 09:00:00,21.707245,7.6380005,900.22656,3.5735824,30.13086,40.32929
2023-02-16 10:00:00,20.650177,8.255249,899.70984,3.4617763,24.607605,44.87638
2023-02-16 11:00:00,20.548798,8.384979,899.7664,3.524525,32.54425,45.556583
2023-02-16 12:00:00,20.30371,8.235718,900.05664,3.2809887,45.527405,45.785107
2023-02-16 13:00:00,19.745392,8.163513,900.5852,3.323071,52.076843,47.16341
2023-02-16 14:00:00,18.171997,8.41214,901.2547,3.5197794,57.726624,52.913845
2023-02-16 15:00:00,17.006592,8.340149,901.8798,3.711733,60.790466,56.671886
2023-02-16 16:00:00,16.695007,8.392426,902.3391,3.8150423,63.371124,58.00805
2023-02-16 17:00:00,15.665161,8.3237915,902.51685,3.883932,65.35507,61.656673
2023-02-16 18:00:00,15.341827,8.187592,902.47516,3.9217904,66.48877,62.36865
2023-02-16 19:00:00,15.105347,8.207703,902.19635,3.9559286,66.188934,63.40956
2023-02-16 20:00:00,14.39798,8.084778,901.7821,4.020781,64.71277,65.81607
2023-02-16 21:00:00,14.18634,8.021332,901.3568,4.1036367,63.235016,66.4363
2023-02-16 22:00:00,13.587219,7.920349,900.97565,4.0572023,59.41159,68.5975
2023-02-16 23:00:00,13.436707,7.8920593,900.98,4.2304173,60.334686,69.13957
2023-02-17 00:00:00,13.661804,8.101135,901.3912,4.4089336,61.649384,69.10957
2023-02-17 01:00:00,13.617096,8.12204,902.0144,4.626966,63.410767,69.40923
2023-02-17 02:00:00,14.725128,8.558838,902.779,4.713818,65.08588,66.54547
2023-02-17 03:00:00,15.228027,8.630676,903.41956,4.650252,68.091034,64.74046
2023-02-17 04:00:00,16.176392,8.785309,903.8348,4.116585,68.309875,61.56894
2023-02-17 05:00:00,19.293549,9.362915,903.81726,3.7170017,62.37619,52.600502
2023-02-17 06:00:00,20.254395,9.127991,903.29565,3.429983,48.09021,48.780266
2023-02-17 07:00:00,20.530273,9.028595,902.43365,3.4378567,31.35022,47.636475
2023-02-17 08:00:00,21.628754,9.024994,901.53204,3.7247925,18.225128,44.51843
2023-02-17 09:00:00,21.839111,8.894928,900.855,4.1219726,11.466583,43.565975
2023-02-17 10:00:00,20.94696,9.583893,900.41406,4.0199766,11.926483,48.197155
2023-02-17 11:00:00,20.835907,9.63678,900.49756,4.0984187,16.153046,48.699963
2023-02-17 12:00:00,20.558167,9.507141,900.8873,3.9375124,22.191284,49.11085
2023-02-17 13:00:00,20.130157,9.518951,901.3787,4.0696425,26.747498,50.466125
2023-02-17 14:00:00,18.616638,9.687134,902.0379,4.1715484,32.26007,56.077812
2023-02-17 15:00:00,17.31659,9.478455,902.61694,4.245788,36.90576,60.008095
2023-02-17 16:00:00,16.953217,9.524078,903.0439,4.2692995,41.337463,61.59241
2023-02-17 17:00:00,15.819031,9.33786,903.13666,4.2663593,43.868286,65.37974
2023-02-17 18:00:00,15.563568,9.29538,903.039,4.2384253,45.75113,66.26766
2023-02-17 19:00:00,15.376892,9.284363,902.7332,4.277692,46.932007,67.01567
2023-02-17 20:00:00,14.545258,9.028778,902.2872,4.3583407,48.19452,69.49335
2023-02-17 21:00:00,14.251312,8.878876,901.80865,4.426755,49.221985,70.113686
2023-02-17 22:00:00,13.583984,8.677063,901.50336,4.1254807,51.065918,72.22446
2023-02-17 23:00:00,13.475037,8.678192,901.4652,4.184927,52.734222,72.743866
2023-02-18 00:00:00,13.73642,8.820099,901.83325,4.356399,55.654297,72.20679
2023-02-18 01:00:00,13.667877,8.797058,902.41815,4.488272,58.93579,72.41637
2023-02-18 02:00:00,14.678711,9.202881,903.1465,4.532994,62.186005,69.710365
2023-02-18 03:00:00,15.273071,9.210541,903.753,4.3250437,64.974,67.1293
2023-02-18 04:00:00,16.291687,9.332184,904.09924,3.8132904,64.493164,63.413094
2023-02-18 05:00:00,19.454803,9.859894,903.9989,3.3732822,57.642273,53.84153
2023-02-18 06:00:00,20.397827,9.483643,903.3805,3.1073055,43.64789,49.520775
2023-02-18 07:00:00,20.691772,9.403198,902.4278,3.0682223,26.741058,48.369225
2023-02-18 08:00:00,21.917572,9.149658,901.46594,3.1687458,13.138336,44.108902
2023-02-18 09:00:00,22.087677,9.1936035,900.7221,3.3143032,5.9487915,43.78311
2023-02-18 10:00:00,21.141357,9.937073,900.1473,2.8231256,10.903564,48.765957
2023-02-18 11:00:00,21.021759,9.927612,900.20667,2.8952982,19.43451,49.094315
2023-02-18 12:00:00,20.771729,9.866425,900.54443,2.8607862,28.00232,49.65111
2023-02-18 13:00:00,20.322266,9.804352,901.0577,2.9283388,34.732117,50.834423
2023-02-18 14:00:00,18.895416,9.8909,901.7441,3.0555942,39.346222,55.866875
2023-02-18 15:00:00,17.645966,9.756409,902.30963,3.095025,42.541748,59.880035
2023-02-18 16:00:00,17.27771,9.701935,902.70593,3.0677402,44.55594,61.06484
2023-02-18 17:00:00,16.162354,9.55014,902.7898,2.991488,46.459503,64.881226
2023-02-18 18:00:00,15.948914,9.543121,902.62,2.8935308,47.333252,65.73992
2023-02-18 19:00:00,15.743164,9.520294,902.22345,2.8224366,46.85266,66.50811
2023-02-18 20:00:00,14.95224,9.307861,901.6731,2.7540295,43.95172,68.97828
2023-02-18 21:00:00,14.5911255,9.113586,901.18646,2.712842,40.112366,69.68505
2023-02-18 22:00:00,14.059845,9.044769,900.957,2.436887,42.296448,71.787224
2023-02-18 23:00:00,13.983063,8.957977,900.92773,2.5537176,41.299194,71.72442
2023-02-19 00:00:00,14.155853,9.008759,901.25775,2.6967785,43.037964,71.169136
2023-02-19 01:00:00,14.05014,8.9687805,901.84485,2.8512175,47.187714,71.46526
2023-02-19 02:00:00,15.252899,9.433685,902.50555,3.0011384,49.34546,68.23275
2023-02-19 03:00:00,15.825684,9.451447,903.0607,2.8299925,52.215363,65.85283
2023-02-19 04:00:00,16.77243,9.659637,903.3655,2.0896702,45.247833,62.87203
2023-02-19 05:00:00,19.812744,10.019684,903.22766,1.6745033,20.443115,53.224457
2023-02-19 06:00:00,20.70642,9.805786,902.6028,1.9116234,353.79092,49.64905
2023-02-19 07:00:00,21.016083,9.811829,901.6124,2.4384599,336.4223,48.73211
2023-02-19 08:00:00,22.09134,9.656738,900.603,3.0209455,327.97137,45.157223
2023-02-19 09:00:00,22.23117,9.573975,899.7918,3.452169,325.69,44.5263
2023-02-19 10:00:00,21.324066,10.270599,899.4152,3.1661491,324.4441,49.30972
2023-02-19 11:00:00,21.188934,10.281372,899.3792,3.0226605,338.11874,49.7558
2023-02-19 12:00:00,20.942688,10.311096,899.63837,2.7313995,353.44464,50.614243
2023-02-19 13:00:00,20.555725,10.356232,900.05096,2.6148415,3.4073486,51.990753
2023-02-19 14:00:00,19.030518,10.400177,900.5681,2.520073,13.494568,57.315594
2023-02-19 15:00:00,17.901154,10.446167,900.9983,2.3975391,20.378754,61.70603
2023-02-19 16:00:00,17.58603,10.500214,901.31,2.2023408,25.12091,63.17019
2023-02-19 17:00:00,16.603271,10.373444,901.29877,1.9680731,26.988098,66.65903
2023-02-19 18:00:00,16.27179,10.294403,901.05804,1.7748481,27.425293,67.72167
2023-02-19 19:00:00,16.066437,10.282532,900.6739,1.651896,23.264404,68.55975
2023-02-19 20:00:00,15.225739,10.013275,900.2645,1.6917866,17.947021,71.060265
2023-02-19 21:00:00,15.0312805,9.963593,899.85815,1.7884035,12.00885,71.715126
2023-02-19 22:00:00,14.335449,9.652771,899.55646,1.2511204,7.338379,73.46073
2023-02-19 23:00:00,14.159607,9.588745,899.58673,1.4717933,8.463623,73.98285
2023-02-20 00:00:00,14.437286,9.83493,899.9414,1.613892,12.7248535,73.87538
2023-02-20 01:00:00,14.409088,9.827209,900.5732,1.722306,17.84262,73.97185
2023-02-20 02:00:00,15.4175415,10.142059,901.3157,1.7621822,22.039215,70.79796
2023-02-20 03:00:00,15.917877,9.987762,901.90765,1.5865889,17.264221,67.863
2023-02-20 04:00:00,16.712158,9.967072,902.24915,1.4325881,339.1273,64.426476
2023-02-20 05:00:00,19.778168,10.13916,902.14417,2.1900017,310.30844,53.766483
2023-02-20 06:00:00,20.6409,9.836121,901.6739,3.1828964,303.55835,49.95125
2023-02-20 07:00:00,20.911804,9.748962,900.8168,4.0774975,301.75137,48.83922
2023-02-20 08:00:00,21.937256,9.53656,899.9469,4.7222605,301.96817,45.21728
2023-02-20 09:00:00,22.093903,9.539001,899.2246,5.054556,303.51968,44.79481
2023-02-20 10:00:00,21.144379,10.097504,898.8653,4.7182283,299.66693,49.282974
2023-02-20 11:00:00,21.048706,10.196564,898.8694,4.210086,310.47714,49.902542
2023-02-20 12:00:00,20.812988,10.312744,899.1093,3.3909755,323.18402,51.025192
2023-02-20 13:00:00,20.391022,10.277344,899.49896,2.8624408,333.74786,52.245914
2023-02-20 14:00:00,18.981293,10.442047,900.02423,2.5113695,343.18378,57.652603
2023-02-20 15:00:00,17.912659,10.342682,900.51086,2.2757654,347.82147,61.23728
2023-02-20 16:00:00,17.574463,10.378693,900.85376,2.047362,348.59494,62.706192
2023-02-20 17:00:00,16.590729,10.280304,900.9485,1.8691425,346.75134,66.29885
2023-02-20 18:00:00,16.365479,10.290985,900.8279,1.7643716,345.25912,67.30348
2023-02-20 19:00:00,16.136139,10.290405,900.5602,1.7932218,343.60364,68.291504
2023-02-20 20:00:00,15.310852,9.961639,900.23444,1.9069291,343.57977,70.4293
2023-02-20 21:00:00,15.139679,9.958466,899.90485,2.0507267,344.60757,71.19266
2023-02-20 22:00:00,14.337097,9.619965,899.77576,1.8886172,339.4142,73.291405
2023-02-20 23:00:00,14.178528,9.5242,899.8452,2.0993686,345.516,73.57278
2023-02-21 00:00:00,14.347717,9.736176,900.204,2.2013257,352.60196,73.8142
2023-02-21 01:00:00,14.275085,9.7153015,900.7727,2.2181802,359.68488,74.05804
2023-02-21 02:00:00,15.288147,10.024353,901.4755,2.2140684,5.741333,70.82856
2023-02-21 03:00:00,15.691589,9.819275,902.1767,2.054023,352.96924,68.0796
2023-02-21 04:00:00,16.39206,9.611664,902.56085,2.2836418,328.94922,64.20337
2023-02-21 05:00:00,19.36139,10.107178,902.4813,2.9796095,317.12415,55.0587
2023-02-21 06:00:00,20.133911,9.788788,902.026,3.7420373,313.19812,51.376034
2023-02-21 07:00:00,20.401855,9.569183,901.23627,4.404317,310.83362,49.79367
2023-02-21 08:00:00,21.461884,9.561707,900.37286,4.8851147,310.06827,46.62896
2023-02-21 09:00:00,21.654327,9.355286,899.6367,5.1893387,311.36285,45.448433
2023-02-21 10:00:00,20.746307,9.851227,899.2631,4.888088,315.23087,49.67828
2023-02-21 11:00:00,20.652527,9.972412,899.3044,4.6047573,325.6215,50.373024
2023-02-21 12:00:00,20.476013,9.907623,899.50977,3.9773378,339.53784,50.703793
2023-02-21 13:00:00,20.046661,9.971405,899.8707,3.7230778,348.1955,52.289646
2023-02-21 14:00:00,18.595367,10.0737915,900.3406,3.5426252,355.52045,57.6254
2023-02-21 15:00:00,17.36554,9.915985,900.8014,3.371029,0.21066284,61.604073
2023-02-21 16:00:00,17.076721,10.043945,901.02545,3.1609879,3.645691,63.279068
2023-02-21 17:00:00,15.92926,9.823608,901.0479,2.9167502,5.421509,67.07245
2023-02-21 18:00:00,15.675507,9.904602,900.89594,2.7780478,6.393341,68.54028
2023-02-21 19:00:00,15.370544,9.804565,900.614,2.7785048,6.5933228,69.42597
2023-02-21 20:00:00,14.552277,9.521332,900.22833,2.8720248,7.788574,71.80251
2023-02-21 21:00:00,14.339142,9.391571,899.85724,2.9962995,10.036316,72.1662
2023-02-21 22:00:00,13.555969,9.066803,899.61865,2.9508443,14.866821,74.284996
2023-02-21 23:00:00,13.372284,8.99054,899.58154,2.9513907,18.27716,74.79317
2023-02-22 00:00:00,13.52713,9.136353,899.80054,2.9591613,21.831085,74.7741
2023-02-22 01:00:00,13.422699,9.078735,900.2589,2.9887428,27.458527,74.99249
2023-02-22 02:00:00,14.539673,9.524597,900.8879,2.917043,31.697662,71.876724
2023-02-22 03:00:00,14.963135,9.347229,901.52325,2.589636,30.468903,69.112686
2023-02-22 04:00:00,15.668182,9.150757,901.8396,2.0962563,23.694458,65.18758
2023-02-22 05:00:00,18.744446,9.492737,901.7358,1.7558146,6.9897766,54.910267
2023-02-22 06:00:00,19.597198,9.31543,901.20654,1.8006973,345.63107,51.45222
2023-02-22 07:00:00,19.889679,9.13147,900.45044,2.124312,327.96475,49.905334
2023-02-22 08:00:00,21.159546,8.790405,899.6314,2.5156748,318.47025,45.097008
2023-02-22 09:00:00,21.31195,8.64566,898.9575,2.866426,315.87582,44.24252
2023-02-22 10:00:00,20.440216,9.06665,898.584,3.1937203,321.26782,48.02487
2023-02-22 11:00:00,20.382446,9.095459,898.5461,3.028377,334.34872,48.290062
2023-02-22 12:00:00,20.21164,8.931061,898.7492,2.6399796,356.94434,48.264297
2023-02-22 13:00:00,19.824738,9.03714,899.1294,2.7391407,6.3111267,49.789097
2023-02-22 14:00:00,18.348389,9.219727,899.664,2.751003,14.499237,55.26478
2023-02-22 15:00:00,17.062073,8.98819,900.16547,2.6528604,20.102844,59.002525
2023-02-22 16:00:00,16.780975,9.030273,900.4914,2.475923,25.71103,60.233913
2023-02-22 17:00:00,15.694336,8.985199,900.5817,2.255936,28.810913,64.35645
2023-02-22 18:00:00,15.451782,8.990967,900.4736,2.0858133,30.090332,65.38948
2023-02-22 19:00:00,15.209351,8.976166,900.2887,1.9667385,28.394073,66.34839
2023-02-22 20:00:00,14.251343,8.665131,899.9972,1.9385506,25.527435,69.108406
2023-02-22 21:00:00,14.025665,8.576508,899.6967,1.991853,23.589386,69.70683
2023-02-22 22:00:00,13.247437,8.263336,899.5583,2.1934776,24.005554,71.785446
2023-02-22 23:00:00,13.125214,8.241058,899.6171,2.1674883,26.683167,72.250946
2023-02-23 00:00:00,13.279724,8.395386,899.989,2.1857502,29.568115,72.27863
2023-02-23 01:00:00,13.183075,8.318176,900.5464,2.2561421,35.07602,72.356064
2023-02-23 02:00:00,14.279785,8.65741,901.22565,2.2713647,37.70111,68.94535
2023-02-23 03:00:00,14.790436,8.574036,901.7788,2.2296166,33.54242,66.33413
2023-02-23 04:00:00,15.516205,8.375885,902.11774,2.1614082,26.766052,62.46782
2023-02-23 05:00:00,18.582031,8.721954,902.1415,2.1435676,14.550598,52.663727
2023-02-23 06:00:00,19.436707,8.546631,901.70953,2.2870357,356.76334,49.341022
2023-02-23 07:00:00,19.70108,8.505249,900.9511,2.7396767,342.09332,48.40164
2023-02-23 08:00:00,20.822174,8.378387,900.1088,3.2689111,335.5737,44.77596
2023-02-23 09:00:00,20.956604,8.200439,899.5227,3.7295759,335.03326,43.874672
2023-02-23 10:00:00,20.20932,8.60611,899.19366,3.7120974,343.15512,47.223083
2023-02-23 11:00:00,20.12912,8.578278,899.24603,3.9249496,352.3161,47.368576
2023-02-23 12:00:00,20.001862,8.439301,899.4634,3.8180146,5.808441,47.295986
2023-02-23 13:00:00,19.525024,8.5961,899.92413,3.9312844,11.228577,49.23544
2023-02-23 14:00:00,18.03894,8.8706665,900.4957,4.0192885,17.167267,55.03835
2023-02-23 15:00:00,16.851044,8.656769,901.032,4.0904856,22.01352,58.47346
2023-02-23 16:00:00,16.541473,8.644287,901.4002,4.0082297,26.337921,59.58389
2023-02-23 17:00:00,15.437317,8.487518,901.4302,3.8679242,29.346619,63.261044
2023-02-23 18:00:00,15.107513,8.383759,901.2737,3.6874764,31.951294,64.16218
2023-02-23 19:00:00,14.937042,8.371307,900.94055,3.5925972,33.24405,64.81488
2023-02-23 20:00:00,14.004547,8.134888,900.62665,3.5828135,33.67169,67.74394
2023-02-23 21:00:00,13.81958,8.109558,900.34,3.6523077,33.448456,68.44397
2023-02-23 22:00:00,12.93103,7.569153,900.3494,3.7124317,33.639374,69.90424
2023-02-23 23:00:00,12.832581,7.5899963,900.35187,3.8372982,34.213867,70.455894
2023-02-24 00:00:00,13.106445,7.851288,900.7729,3.9840653,35.85147,70.44889
2023-02-24 01:00:00,12.936493,7.727997,901.4788,4.108534,38.680542,70.63999
2023-02-24 02:00:00,14.097565,8.06369,902.2648,4.2264166,40.559814,67.01197
2023-02-24 03:00:00,14.830688,7.928833,902.9564,4.3213077,42.465546,63.32905
2023-02-24 04:00:00,15.762695,7.9814453,903.43604,4.1062093,42.071625,59.865486
2023-02-24 05:00:00,18.725708,8.252899,903.49493,3.6822224,36.73474,50.561058
2023-02-24 06:00:00,19.601166,8.07843,903.06506,3.2592885,23.816345,47.313328
2023-02-24 07:00:00,19.884674,7.9833984,902.2459,3.180845,7.011841,46.18929
2023-02-24 08:00:00,21.200806,7.824188,901.4543,3.4316204,353.27853,42.130432
2023-02-24 09:00:00,21.384155,7.7753906,900.866,3.8110404,345.96124,41.521343
2023-02-24 10:00:00,20.53006,8.401367,900.5938,3.7350507,341.4632,45.659912
2023-02-24 11:00:00,20.449738,8.339996,900.5732,3.8448293,347.27856,45.69624
2023-02-24 12:00:00,20.35083,8.146027,900.8767,3.8352022,359.1291,45.375023
2023-02-24 13:00:00,19.830505,8.236755,901.3696,3.980533,4.760437,47.148903
2023-02-24 14:00:00,18.114075,8.28479,902.05414,4.012652,9.817078,52.6502
2023-02-24 15:00:00,16.933838,8.207825,902.7099,3.992029,13.023773,56.42507
2023-02-24 16:00:00,16.588959,8.184204,903.1675,3.9297764,15.005768,57.581306
2023-02-24 17:00:00,15.513947,8.109222,903.27704,3.9457092,16.003387,61.3568
2023-02-24 18:00:00,15.268951,8.057343,903.1122,3.9803789,15.31839,62.10929
2023-02-24 19:00:00,14.969269,7.999756,902.82416,4.1084228,14.296204,63.06991
2023-02-24 20:00:00,13.95932,7.7483215,902.5093,4.3308225,13.332947,66.18013
2023-02-24 21:00:00,13.763336,7.653534,902.2489,4.6099415,13.133606,66.59587
2023-02-24 22:00:00,12.947388,7.270874,902.23865,4.536094,12.869751,68.42163
2023-02-24 23:00:00,12.83728,7.2682495,902.31555,4.8834534,15.668152,68.903725
2023-02-25 00:00:00,12.970276,7.366333,902.77783,5.1619205,19.044159,68.766495
2023-02-25 01:00:00,12.911102,7.3482666,903.36597,5.4618573,23.101288,68.94787
2023-02-25 02:00:00,14.373413,7.845093,904.0357,5.7356706,27.761963,64.85511
2023-02-25 03:00:00,14.93103,7.853241,904.60834,5.9347587,31.723969,62.59843
2023-02-25 04:00:00,15.794342,7.8222046,904.9289,5.853297,34.1438,59.100796
2023-02-25 05:00:00,19.17337,8.221832,904.85736,5.7339487,33.971344,49.06453
2023-02-25 06:00:00,20.00653,8.196716,904.3399,5.5220933,29.846893,46.51103
2023-02-25 07:00:00,20.311462,8.216888,903.4719,5.3405128,23.24176,45.70476
2023-02-25 08:00:00,21.510864,8.039673,902.53485,5.304176,16.697815,41.947777
2023-02-25 09:00:00,21.69104,7.9478455,901.78827,5.435469,12.910156,41.22989
2023-02-25 10:00:00,20.6987,8.426025,901.35944,5.276021,6.526245,45.263428
2023-02-25 11:00:00,20.647003,8.409119,901.33514,5.6520886,11.549072,45.35581
2023-02-25 12:00:00,20.471893,8.310974,901.5965,5.815154,18.758514,45.54413
2023-02-25 13:00:00,20.078186,8.313385,902.0915,5.8784866,24.925415,46.673126
2023-02-25 14:00:00,18.480988,8.639618,902.8107,5.9330983,31.31717,52.70377
2023-02-25 15:00:00,17.166595,8.6094055,903.57513,5.935868,36.311554,57.133
2023-02-25 16:00:00,16.8042,8.630585,904.0432,5.859334,40.313263,58.543713
2023-02-25 17:00:00,15.789825,8.570953,904.16,5.7275777,43.04779,62.199474
2023-02-25 18:00:00,15.498901,8.48642,903.9617,5.5931687,45.10797,63.00711
2023-02-25 19:00:00,15.204681,8.419983,903.6982,5.4926467,45.933197,63.91952
2023-02-25 20:00:00,14.375214,8.288849,903.35846,5.492961,46.20807,66.83225
2023-02-25 21:00:00,14.137665,8.214111,903.14453,5.5965905,46.62329,67.52424
2023-02-25 22:00:00,13.469727,7.880768,903.0249,5.5368743,45.43863,68.93811
2023-02-25 23:00:00,13.405975,7.950531,903.15485,5.8510165,46.72403,69.55417
2023-02-26 00:00:00,13.735352,8.203796,903.4841,6.138401,48.72229,69.261086
2023-02-26 01:00:00,13.678406,8.246979,903.9578,6.461024,51.20764,69.72183
2023-02-26 02:00:00,14.895111,8.513092,904.5843,6.780787,54.569885,65.617195
2023-02-26 03:00:00,15.389557,8.297058,905.2111,6.903927,57.427704,62.641453
2023-02-26 04:00:00,16.350647,8.419525,905.5572,6.736544,60.770264,59.401077
2023-02-26 05:00:00,19.183685,8.636963,905.45026,6.386805,61.723145,50.431408
2023-02-26 06:00:00,20.255402,8.428284,904.8768,5.860559,58.664917,46.52537
2023-02-26 07:00:00,20.55008,8.420746,903.99664,5.3685813,51.813232,45.663498
2023-02-26 08:00:00,21.58197,8.380707,903.15845,5.0259857,43.479614,42.743454
2023-02-26 09:00:00,21.716644,8.308319,902.5365,5.0268683,36.2753,42.185448
2023-02-26 10:00:00,20.825684,8.793121,902.0915,5.151342,26.307465,46.040157
2023-02-26 11:00:00,20.743744,8.935181,902.11755,5.57036,28.845642,46.718796
2023-02-26 12:00:00,20.558594,8.974976,902.43506,5.8342457,34.648254,47.38175
2023-02-26 13:00:00,20.21103,9.045654,902.88617,6.0523963,39.85846,48.64056
2023-02-26 14:00:00,18.639557,9.255585,903.4899,6.2125664,45.026917,54.39732
2023-02-26 15:00:00,17.36789,8.992371,904.06665,6.3117256,49.234314,57.88868
2023-02-26 16:00:00,17.010681,8.959045,904.4247,6.283467,53.059753,59.078617
2023-02-26 17:00:00,15.940277,8.945068,904.5053,6.1859784,56.467163,63.181286
2023-02-26 18:00:00,15.6521,8.840729,904.33154,5.975757,58.942078,63.904613
2023-02-26 19:00:00,15.417206,8.793549,903.9843,5.813334,60.427246,64.66723
2023-02-26 20:00:00,14.588806,8.630157,903.54456,5.722568,60.99524,67.45789
2023-02-26 21:00:00,14.311401,8.559601,903.19476,5.713686,61.600006,68.35078
2023-02-26 22:00:00,13.55484,8.442963,902.9029,5.734862,65.40039,71.224266
2023-02-26 23:00:00,13.450684,8.42807,903.0094,5.810311,65.36212,71.63643
2023-02-27 00:00:00,13.702789,8.677246,903.40283,5.9625072,66.14404,71.669624
2023-02-27 01:00:00,13.641327,8.647034,903.9532,6.1701837,66.61578,71.809685
2023-02-27 02:00:00,14.917908,9.016205,904.5913,6.322813,68.224365,67.78626
2023-02-27 03:00:00,15.422241,8.94046,905.18854,6.1763616,69.444214,65.29063
2023-02-27 04:00:00,16.036499,8.601257,905.5472,5.80437,71.93744,61.352695
2023-02-27 05:00:00,19.172821,9.008514,905.4548,5.343369,73.01666,51.74775
2023-02-27 06:00:00,20.013489,8.682922,904.8887,4.6032133,69.635956,48.047535
2023-02-27 07:00:00,20.295258,8.655548,904.0539,3.8690436,60.014923,47.130306
2023-02-27 08:00:00,21.332947,8.387878,903.1228,3.4407012,46.68341,43.421288
2023-02-27 09:00:00,21.450623,8.323059,902.3846,3.3981876,34.58954,42.92041
2023-02-27 10:00:00,20.513,8.967224,901.78345,3.2326503,25.489716,47.490303
2023-02-27 11:00:00,20.43338,9.033539,901.7073,3.804313,29.849304,47.93802
2023-02-27 12:00:00,20.229492,9.116516,901.8326,4.3700824,37.987366,48.817642
2023-02-27 13:00:00,19.844818,9.071503,902.199,4.7672143,42.316254,49.842476
2023-02-27 14:00:00,18.418701,9.388184,902.75214,5.0923004,46.74475,55.648823
2023-02-27 15:00:00,17.157959,9.238739,903.2927,5.280425,50.76477,59.64387
2023-02-27 16:00:00,16.836975,9.223877,903.6273,5.3441887,54.974243,60.808205
2023-02-27 17:00:00,15.8133545,9.135895,903.6832,5.3035126,57.6167,64.52042
2023-02-27 18:00:00,15.492401,9.046875,903.527,5.1575685,59.43811,65.46577
2023-02-27 19:00:00,15.240326,9.030487,903.23584,4.96165,59.862366,66.45954
2023-02-27 20:00:00,14.332825,8.729065,902.8992,4.8017216,59.77887,69.04284
2023-02-27 21:00:00,14.117828,8.6427,902.62836,4.693916,59.32202,69.60273
2023-02-27 22:00:00,13.385498,8.41571,902.41174,4.0982504,69.83234,71.881
2023-02-27 23:00:00,13.29007,8.421112,902.5214,4.2686367,67.97464,72.35591
2023-02-28 00:00:00,13.539825,8.659332,902.8898,4.430182,66.55536,72.34547
2023-02-28 01:00:00,13.480621,8.632904,903.50116,4.679348,66.37485,72.495094
2023-02-28 02:00:00,14.69342,9.064209,904.23663,4.7796326,66.53479,68.99674
2023-02-28 03:00:00,15.259308,9.043701,904.88245,4.601894,64.62738,66.43774
2023-02-28 04:00:00,15.984833,8.739868,905.3611,4.203894,63.072235,62.134945
2023-02-28 05:00:00,18.942352,8.927063,905.41284,3.6401289,57.9765,52.209175
2023-02-28 06:00:00,19.709412,8.645386,905.0594,3.087954,45.159607,48.837494
2023-02-28 07:00:00,20.051147,8.621368,904.31384,2.9717321,24.215088,47.73657
2023-02-28 08:00:00,21.126099,8.45752,903.4598,3.2808971,8.542938,44.183643
2023-02-28 09:00:00,21.239532,8.425934,902.6687,3.7385318,1.6534119,43.783424
2023-02-28 10:00:00,20.34964,9.155121,902.1359,3.8582554,5.038452,48.582844
2023-02-28 11:00:00,20.243042,9.259308,902.08936,4.254528,13.162781,49.24801
2023-02-28 12:00:00,20.014648,9.261902,902.2322,4.771589,24.408905,49.957348
2023-02-28 13:00:00,19.711823,9.30658,902.5683,5.2285233,30.25064,51.057034
2023-02-28 14:00:00,18.366669,9.443909,903.0899,5.5366974,36.170227,56.040096
2023-02-28 15:00:00,17.19577,9.415497,903.7312,5.6800966,40.774536,60.212975
2023-02-28 16:00:00,16.916504,9.476044,904.24194,5.6763773,43.964813,61.537025
2023-02-28 17:00:00,15.881348,9.361206,904.4702,5.6372876,46.011475,65.222176
2023-02-28 18:00:00,15.63559,9.380005,904.3301,5.5884967,46.741302,66.339226
2023-02-28 19:00:00,15.447662,9.322235,903.9935,5.58259,46.150513,66.88241
2023-02-28 20:00:00,14.684204,9.067627,903.6061,5.6538057,44.825134,69.05367
2023-02-28 21:00:00,14.448975,8.974609,903.24835,5.8251853,43.603485,69.67187
2023-02-28 22:00:00,13.818268,8.90802,903.01776,5.4526854,43.794617,72.251526
2023-02-28 23:00:00,13.720459,8.915497,903.01416,5.7319155,43.402985,72.74867
2023-03-01 00:00:00,13.81665,8.994415,903.35266,6.0825124,44.18167,72.681465
2023-03-01 01:00:00,13.768127,8.938568,903.9498,6.440429,45.378296,72.63673
2023-03-01 02:00:00,15.151978,9.536316,904.66266,6.7619805,47.38559,69.15159
2023-03-01 03:00:00,15.589874,9.428925,905.34784,6.611228,47.230408,66.75282
2023-03-01 04:00:00,16.277008,9.1604,905.75165,6.2832513,45.203796,62.74284
2023-03-01 05:00:00,19.132324,9.406921,905.7706,5.869197,41.006348,53.288765
2023-03-01 06:00:00,19.977325,9.330658,905.29846,5.5809803,34.85083,50.305073
2023-03-01 07:00:00,20.229553,9.3185425,904.5186,5.4827647,26.299286,49.485897
2023-03-01 08:00:00,21.361847,9.116943,903.56134,5.650922,17.78012,45.533035
2023-03-01 09:00:00,21.475708,9.077484,902.76013,5.9650865,12.271179,45.096546
2023-03-01 10:00:00,20.559204,9.598572,902.3128,5.7571497,13.893066,49.410088
2023-03-01 11:00:00,20.45813,9.774109,902.2268,6.23705,17.346466,50.307823
2023-03-01 12:00:00,20.293488,9.907867,902.5323,6.653223,23.908356,51.279156
2023-03-01 13:00:00,20.034454,9.957397,902.9654,6.887102,26.731537,52.28014
2023-03-01 14:00:00,18.774384,10.112518,903.6231,7.0167756,30.529358,57.131622
2023-03-01 15:00:00,17.387756,9.907654,904.28485,7.027294,33.666595,61.483376
2023-03-01 16:00:00,17.172333,9.981995,904.8052,6.8628654,36.35919,62.637226
2023-03-01 17:00:00,16.184448,9.862274,904.95624,6.646428,38.0961,66.16027
2023-03-01 18:00:00,15.914368,9.820526,904.76807,6.4151025,39.011505,67.12243
2023-03-01 19:00:00,15.702698,9.819611,904.31396,6.29903,38.486176,68.03277
2023-03-01 20:00:00,14.867157,9.512726,903.83795,6.237235,37.350983,70.31878
2023-03-01 21:00:00,14.735931,9.48584,903.4187,6.2363048,36.344604,70.7879
2023-03-01 22:00:00,13.97934,9.093536,903.2021,6.067616,35.351562,72.400406
2023-03-01 23:00:00,13.913055,9.073639,903.19556,6.2586565,35.126587,72.614914
2023-03-02 00:00:00,14.138702,9.247467,903.63696,6.4628873,36.15329,72.40319
2023-03-02 01:00:00,14.102661,9.220184,904.28955,6.69013,37.94214,72.43926
2023-03-02 02:00:00,15.44635,9.636353,905.056,6.8136997,39.15341,68.31445
2023-03-02 03:00:00,15.914703,9.411591,905.6789,6.8050685,38.868683,65.30417
2023-03-02 04:00:00,16.601349,9.324493,906.02673,6.569674,38.731598,62.143944
2023-03-02 05:00:00,19.268738,9.373108,905.97345,6.2345777,35.66815,52.71791
2023-03-02 06:00:00,20.30896,9.11853,905.49695,5.8647056,29.391418,48.585136
2023-03-02 07:00:00,20.59909,9.050934,904.7136,5.6557503,20.541473,47.506306
2023-03-02 08:00:00,21.755585,8.884949,903.84314,5.6220937,11.544983,43.75931
2023-03-02 09:00:00,21.848694,8.7872925,903.12286,5.7722626,5.7182007,43.225224
2023-03-02 10:00:00,21.065094,9.52655,902.5815,5.4398828,2.889618,47.66476
2023-03-02 11:00:00,20.939209,9.513428,902.4908,5.6996155,7.455536,47.99253
2023-03-02 12:00:00,20.744171,9.523193,902.71936,5.772479,15.663116,48.603687
2023-03-02 13:00:00,20.411804,9.628784,903.21265,5.7774153,19.020111,49.96255
2023-03-02 14:00:00,18.963013,9.811432,903.9296,5.7332163,23.373901,55.336327
2023-03-02 15:00:00,17.575165,9.636536,904.6682,5.5887256,26.526459,59.66636
2023-03-02 16:00:00,17.212677,9.590485,905.1451,5.3693604,28.79898,60.859703
2023-03-02 17:00:00,16.093506,9.380249,905.3217,5.1413617,29.374908,64.42714
2023-03-02 18:00:00,15.7699585,9.283661,905.16455,4.9717565,28.915833,65.34651
2023-03-02 19:00:00,15.564941,9.226624,904.8106,4.8996706,27.691345,65.95595
2023-03-02 20:00:00,14.718231,8.897034,904.37335,4.871842,26.71637,68.11415
2023-03-02 21:00:00,14.504883,8.735107,904.0411,4.981532,26.280304,68.30729
2023-03-02 22:00:00,13.905365,8.525574,903.8709,4.5376725,32.653778,70.011055
2023-03-02 23:00:00,13.809723,8.52124,903.88446,4.692976,32.923035,70.42635
2023-03-03 00:00:00,14.002441,8.738922,904.3425,4.898166,34.11438,70.58274
2023-03-03 01:00:00,13.976807,8.75769,905.00903,5.1298337,37.29477,70.78986
2023-03-03 02:00:00,15.433868,9.224579,905.76685,5.3318934,39.992615,66.50316
2023-03-03 03:00:00,16.057312,9.157898,906.3985,5.345629,42.95752,63.61711
2023-03-03 04:00:00,17.019867,9.162781,906.745,5.1054926,43.07904,59.86064
2023-03-03 05:00:00,20.122131,9.328918,906.6818,4.7605886,39.659973,49.850433
2023-03-03 06:00:00,20.912933,9.23877,906.1295,4.4460106,31.456512,47.190624
2023-03-03 07:00:00,21.151825,9.221161,905.21533,4.3091993,21.509888,46.4481
2023-03-03 08:00:00,22.463745,9.143005,904.2243,4.3210487,11.716217,42.646954
2023-03-03 09:00:00,22.583954,9.130524,903.4827,4.4957595,6.1501465,42.30114
2023-03-03 10:00:00,21.555176,9.54834,903.03076,4.154763,2.8522644,46.32186
2023-03-03 11:00:00,21.43155,9.60556,902.9439,4.449948,11.201752,46.853363
2023-03-03 12:00:00,21.180206,9.64389,903.1627,4.5028667,22.396759,47.703373
2023-03-03 13:00:00,20.852386,9.80191,903.625,4.5068874,28.10147,49.192257
2023-03-03 14:00:00,19.363922,10.061401,904.30646,4.546336,33.483765,54.881817
2023-03-03 15:00:00,17.93753,9.78186,904.99445,4.5533123,37.36502,58.89117
2023-03-03 16:00:00,17.649963,9.830872,905.4611,4.4960485,39.58896,60.1644
2023-03-03 17:00:00,16.639374,9.622314,905.50995,4.4539337,40.61682,63.24684
2023-03-03 18:00:00,16.287994,9.519684,905.2648,4.4624724,40.44034,64.23232
2023-03-03 19:00:00,16.01239,9.454681,904.8247,4.529981,39.45392,65.08627
2023-03-03 20:00:00,15.094452,9.297058,904.38226,4.6738167,38.367004,68.30056
2023-03-03 21:00:00,14.886597,9.190582,904.07526,4.870467,37.85257,68.725784
2023-03-03 22:00:00,14.214691,8.904388,903.9149,4.681538,39.416534,70.40117
2023-03-03 23:00:00,14.13089,8.91922,904.0451,4.957242,39.227417,70.85506
2023-03-04 00:00:00,14.428406,9.129303,904.3917,5.2580905,40.260406,70.49577
2023-03-04 01:00:00,14.428986,9.148651,905.01843,5.5746336,42.249756,70.585075
2023-03-04 02:00:00,15.999847,9.674103,905.7886,5.825235,43.813904,66.105
2023-03-04 03:00:00,16.441772,9.451263,906.43713,5.8253336,45.464447,63.314938
2023-03-04 04:00:00,17.222443,9.363892,906.76776,5.580179,46.18286,59.9033
2023-03-04 05:00:00,20.230042,9.770233,906.6351,5.1039605,43.988007,51.00812
2023-03-04 06:00:00,21.219086,9.548737,906.00085,4.6366076,36.696075,47.28677
2023-03-04 07:00:00,21.502594,9.534485,905.00665,4.354774,27.062439,46.42796
2023-03-04 08:00:00,22.522888,9.462036,903.91565,4.2581697,18.685883,43.415836
2023-03-04 09:00:00,22.618103,9.484222,903.0828,4.281312,13.781738,43.229946
2023-03-04 10:00:00,21.55011,10.089508,902.5708,4.0684958,7.9029846,48.047028
2023-03-04 11:00:00,21.465973,10.142487,902.48303,4.2991014,14.640533,48.46643
2023-03-04 12:00:00,21.309906,10.32843,902.7537,4.451932,24.5495,49.54339
2023-03-04 13:00:00,20.984192,10.412201,903.29913,4.461617,30.1073,50.82696
2023-03-04 14:00:00,19.588562,10.594727,904.01624,4.522236,35.437714,56.08151
2023-03-04 15:00:00,18.184326,10.372711,904.6691,4.51326,39.996216,60.32147
2023-03-04 16:00:00,17.8667,10.419189,905.09607,4.4390807,43.814575,61.728817
2023-03-04 17:00:00,16.931854,10.306274,905.1626,4.292428,46.192017,64.99153
2023-03-04 18:00:00,16.642975,10.225952,904.9253,4.149281,47.29538,65.83978
2023-03-04 19:00:00,16.317535,10.11615,904.4878,4.0057917,46.63672,66.72547
2023-03-04 20:00:00,15.496277,10.0416565,903.9928,3.9439888,44.984375,69.97028
2023-03-04 21:00:00,15.275909,9.943909,903.6557,4.0533214,42.922607,70.50372
2023-03-04 22:00:00,14.712036,9.734619,903.46594,3.5013683,46.866425,72.09059
2023-03-04 23:00:00,14.628326,9.711243,903.59314,3.8336337,46.162964,72.36735
2023-03-05 00:00:00,14.856293,9.844238,904.01556,4.140655,46.757507,71.95013
2023-03-05 01:00:00,14.815491,9.852539,904.68085,4.5083666,48.683807,72.17959
2023-03-05 02:00:00,16.125153,10.218384,905.44727,4.7247057,49.426727,68.01154
2023-03-05 03:00:00,16.65329,10.007477,906.0161,4.6272407,50.00357,64.842834
2023-03-05 04:00:00,17.467041,9.85968,906.3555,4.2096148,48.794525,60.98015
2023-03-05 05:00:00,20.286987,9.985748,906.24304,3.722404,44.391296,51.56785
2023-03-05 06:00:00,21.207153,9.790222,905.67224,3.2993438,32.943787,48.094135
2023-03-05 07:00:00,21.425873,9.7274475,904.6145,3.2038562,17.16626,47.254417
2023-03-05 08:00:00,22.493103,9.838348,903.5477,3.4172852,3.5135193,44.60646
2023-03-05 09:00:00,22.576294,9.834869,902.7143,3.7927842,356.45688,44.37131
2023-03-05 10:00:00,21.67572,10.282928,902.1499,3.6421294,352.38156,48.2994
2023-03-05 11:00:00,21.597107,10.3055725,902.0359,3.7914522,0.31799316,48.605537
2023-03-05 12:00:00,21.413086,10.381378,902.1984,3.7196038,15.218475,49.405346
2023-03-05 13:00:00,21.119415,10.488831,902.5874,3.7347412,23.271454,50.66474
2023-03-05 14:00:00,19.607208,10.686615,903.1344,3.7883365,30.135132,56.36029
2023-03-05 15:00:00,18.282013,10.451141,903.6739,3.8313286,35.077667,60.267216
2023-03-05 16:00:00,17.959167,10.468445,904.06305,3.7852268,39.3461,61.572655
2023-03-05 17:00:00,16.957275,10.428741,904.18585,3.670078,42.156982,65.41915
2023-03-05 18:00:00,16.59848,10.3685,904.03076,3.5863798,43.20874,66.65734
2023-03-05 19:00:00,16.260223,10.225983,903.58453,3.5633807,42.313354,67.462715
2023-03-05 20:00:00,15.426361,10.007446,903.0513,3.5791168,40.8378,70.12395
2023-03-05 21:00:00,15.259674,9.931976,902.6008,3.6615615,40.27359,70.520905
2023-03-05 22:00:00,14.62619,9.757294,902.35425,3.2474372,51.18985,72.60112
2023-03-05 23:00:00,14.396271,9.5998535,902.2978,3.4405906,50.14737,72.91309
2023-03-06 00:00:00,14.706299,9.84198,902.5948,3.6771193,50.646454,72.63796
2023-03-06 01:00:00,14.6163025,9.796814,903.1223,3.956996,52.933716,72.84012
2023-03-06 02:00:00,15.942505,10.165588,903.76385,4.1492753,54.464355,68.56672
2023-03-06 03:00:00,16.486755,10.0469055,904.32135,4.0936637,56.064545,65.70585
2023-03-06 04:00:00,17.143402,9.781189,904.69617,3.8418977,56.77957,61.91383
2023-03-06 05:00:00,19.966736,10.196075,904.6355,3.3625708,54.20175,53.34429
2023-03-06 06:00:00,20.92099,10.021576,904.058,2.791174,43.350464,49.710865
2023-03-06 07:00:00,21.172516,10.043091,903.06335,2.5142715,21.038239,49.01928
2023-03-06 08:00:00,22.21344,9.71933,902.00397,2.733035,2.0423584,45.011173
2023-03-06 09:00:00,22.340729,9.5660095,901.19196,3.1245835,353.15787,44.206814
2023-03-06 10:00:00,21.352509,9.977234,900.5441,2.9442043,341.15277,48.26811
2023-03-06 11:00:00,21.21756,10.003387,900.449,3.156286,353.6213,48.754345
2023-03-06 12:00:00,21.04425,10.025452,900.641,3.1902993,15.2847595,49.348537
2023-03-06 13:00:00,20.684326,10.135437,901.0916,3.3819559,27.65689,50.825535
2023-03-06 14:00:00,19.214355,10.210358,901.65735,3.5899162,37.85324,55.94933
2023-03-06 15:00:00,17.879486,10.182343,902.2385,3.7148178,45.279877,60.711838
2023-03-06 16:00:00,17.56778,10.1545105,902.60986,3.731832,51.579254,61.800755
2023-03-06 17:00:00,16.51886,10.004211,902.72455,3.5945454,56.69583,65.384865
2023-03-06 18:00:00,16.159607,9.987305,902.60187,3.446282,61.245453,66.82207
2023-03-06 19:00:00,15.897583,9.957062,902.3284,3.279799,62.67331,67.81157
2023-03-06 20:00:00,15.101776,9.725281,901.951,3.2007885,62.29785,70.260254
2023-03-06 21:00:00,14.950378,9.70343,901.61115,3.2134488,60.1326,70.843895
2023-03-06 22:00:00,14.127533,9.339691,901.50616,3.2525523,64.94302,72.90653
2023-03-06 23:00:00,14.013458,9.286865,901.6024,3.4699712,63.33795,73.18692
2023-03-07 00:00:00,14.273621,9.492096,901.9832,3.737329,62.479584,72.96387
2023-03-07 01:00:00,14.278687,9.535828,902.6129,4.030334,62.820892,73.15451
2023-03-07 02:00:00,15.657379,9.861359,903.37494,4.2778296,62.702118,68.42143
2023-03-07 03:00:00,16.217438,9.768341,904.09064,4.345865,61.93268,65.607124
2023-03-07 04:00:00,16.808258,9.443054,904.5251,3.9881263,58.977783,61.823715
2023-03-07 05:00:00,19.80017,9.754303,904.57446,3.5083203,53.27893,52.32779
2023-03-07 06:00:00,20.607025,9.464783,904.14294,3.0202792,42.614014,48.824066
2023-03-07 07:00:00,20.87149,9.424103,903.33704,2.8216617,29.137146,47.90444
2023-03-07 08:00:00,21.980469,9.1586,902.4255,2.9616644,17.82785,43.966454
2023-03-07 09:00:00,22.131317,9.157501,901.66705,3.305347,13.307037,43.56083
2023-03-07 10:00:00,21.172546,9.63855,901.1872,3.652342,9.21756,47.708687
2023-03-07 11:00:00,21.074066,9.570221,901.1359,4.0877957,17.816925,47.778385
2023-03-07 12:00:00,20.790924,9.624634,901.40454,4.4920716,29.637848,48.79515
2023-03-07 13:00:00,20.578217,9.729248,901.8731,4.786028,36.504852,49.786716
2023-03-07 14:00:00,19.221222,10.013153,902.4572,5.0993953,43.00995,55.193073
2023-03-07 15:00:00,17.908844,9.999268,903.06244,5.2650642,47.98044,59.862648
2023-03-07 16:00:00,17.617249,10.024963,903.4229,5.257394,51.816956,61.076992
2023-03-07 17:00:00,16.578766,9.891693,903.56586,5.1459885,54.18817,64.64768
2023-03-07 18:00:00,16.296173,9.923065,903.4757,5.0363026,55.02768,65.958885
2023-03-07 19:00:00,16.008667,9.865662,903.2226,5.0437984,54.098206,66.921486
2023-03-07 20:00:00,15.159851,9.635864,902.8218,5.109502,51.893738,69.579956
2023-03-07 21:00:00,14.947174,9.56723,902.4627,5.2653074,49.93695,70.21395
2023-03-07 22:00:00,14.235657,9.2925415,902.29767,5.357055,53.70883,72.16869
2023-03-07 23:00:00,14.123291,9.277588,902.38226,5.641098,52.749695,72.62253
2023-03-08 00:00:00,14.396301,9.413605,902.739,5.987591,52.613525,72.00658
2023-03-08 01:00:00,14.398132,9.390137,903.3239,6.378192,53.660492,71.88456
2023-03-08 02:00:00,15.810089,9.813019,904.0318,6.750608,55.682068,67.537254
2023-03-08 03:00:00,16.327484,9.734528,904.68805,7.0635786,58.808105,65.0013
2023-03-08 04:00:00,16.965027,9.570892,905.0718,7.0793214,61.70395,61.740078
2023-03-08 05:00:00,20.01419,10.0564575,905.0176,6.703819,62.597137,52.693794
2023-03-08 06:00:00,20.85971,9.817688,904.50134,6.0318537,60.693634,49.222107
2023-03-08 07:00:00,21.131226,9.826782,903.64825,5.3010697,55.353424,48.43724
2023-03-08 08:00:00,22.200562,9.811249,902.72235,4.809684,47.18225,45.32486
2023-03-08 09:00:00,22.30252,9.822388,901.9446,4.7326827,39.011383,45.078094
2023-03-08 10:00:00,21.405334,10.263672,901.3425,4.874317,30.556274,49.042088
2023-03-08 11:00:00,21.310822,10.227173,901.1424,5.602203,30.641663,49.20687
2023-03-08 12:00:00,21.137451,10.216217,901.3912,6.1540065,34.479004,49.69656
2023-03-08 13:00:00,20.905182,10.352936,901.87085,6.4353094,37.575806,50.872917
2023-03-08 14:00:00,19.606201,10.584351,902.433,6.660127,41.546295,55.981422
2023-03-08 15:00:00,18.108612,10.430878,902.8968,6.7749796,44.71689,60.84451
2023-03-08 16:00:00,17.800262,10.421112,903.1647,6.7769704,47.26422,61.995445
2023-03-08 17:00:00,16.742767,10.325317,903.137,6.695654,48.98755,65.859314
2023-03-08 18:00:00,16.534698,10.303772,902.8837,6.596453,50.134064,66.63968
2023-03-08 19:00:00,16.288055,10.262634,902.4201,6.532906,49.9476,67.508224
2023-03-08 20:00:00,15.547089,10.086731,901.92993,6.5311685,48.75049,69.953384
2023-03-08 21:00:00,15.311615,9.926636,901.4716,6.5832887,47.0047,70.26105
2023-03-08 22:00:00,14.6371155,9.658112,901.2399,6.42154,46.878418,72.06905
2023-03-08 23:00:00,14.514313,9.6171875,901.29584,6.5710874,46.237335,72.44339
2023-03-09 00:00:00,14.733002,9.816528,901.65735,6.76962,46.43097,72.389496
2023-03-09 01:00:00,14.643372,9.744629,902.2894,6.9155684,47.46118,72.45914
2023-03-09 02:00:00,16.014893,10.002869,902.9931,7.008698,49.084106,67.51209
2023-03-09 03:00:00,16.592224,9.908722,903.6523,6.966423,49.80722,64.6661
2023-03-09 04:00:00,17.18039,9.736389,903.9789,6.827034,50.027557,61.5839
2023-03-09 05:00:00,20.231201,9.96051,903.87494,6.5233307,48.660706,51.658585
2023-03-09 06:00:00,21.087067,9.873718,903.35846,6.0217905,42.87732,48.72167
2023-03-09 07:00:00,21.378754,9.879211,902.59845,5.6440816,33.47177,47.87538
2023-03-09 08:00:00,22.449677,9.716492,901.8025,5.623811,24.434387,44.360577
2023-03-09 09:00:00,22.590729,9.569214,901.1443,5.8368053,19.07837,43.549694
2023-03-09 10:00:00,21.683716,10.01062,900.6807,5.904215,11.403107,47.405304
2023-03-09 11:00:00,21.621979,10.01651,900.5803,6.2744746,15.526886,47.60333
2023-03-09 12:00:00,21.428741,9.986816,900.83624,6.4380603,23.325531,48.074024
2023-03-09 13:00:00,21.164368,10.046387,901.2718,6.360061,28.212433,49.054604
2023-03-09 14:00:00,19.75241,10.312012,901.8661,6.347583,32.600006,54.477673
2023-03-09 15:00:00,18.385254,10.060211,902.39594,6.247613,36.368286,58.335693
2023-03-09 16:00:00,17.93155,9.965668,902.8193,6.042558,39.231995,59.642982
2023-03-09 17:00:00,16.957977,9.805298,902.9451,5.7679887,40.48346,62.746365
2023-03-09 18:00:00,16.716888,9.815613,902.85187,5.5383096,40.345367,63.757263
2023-03-09 19:00:00,16.511078,9.796478,902.4529,5.406394,39.874054,64.51369
2023-03-09 20:00:00,15.58728,9.593414,902.03406,5.4014254,38.838654,67.50554
2023-03-09 21:00:00,15.436249,9.549438,901.68616,5.500458,38.49539,67.96111
2023-03-09 22:00:00,14.647888,9.253418,901.5193,5.0768137,39.876984,70.08709
2023-03-09 23:00:00,14.424225,9.104034,901.54736,5.3060894,41.039246,70.39489
2023-03-10 00:00:00,14.686554,9.256805,901.78906,5.534991,43.64508,69.928474
2023-03-10 01:00:00,14.653656,9.242584,902.2749,5.697912,46.599274,70.00997
2023-03-10 02:00:00,16.200531,9.571533,902.9739,5.7989125,48.91748,64.816536
2023-03-10 03:00:00,16.765228,9.517059,903.56476,5.7652864,50.48065,62.3017
2023-03-10 04:00:00,17.44754,9.31781,903.8538,5.5883417,50.677216,58.874615
2023-03-10 05:00:00,20.44043,9.536285,903.6504,5.1878276,50.0123,49.565678
2023-03-10 06:00:00,21.370392,9.548645,903.1219,4.6524105,45.44928,46.849884
2023-03-10 07:00:00,21.61853,9.613983,902.32117,4.226187,34.73114,46.346455
2023-03-10 08:00:00,22.756805,9.483887,901.54236,4.195019,23.151947,42.866764
2023-03-10 09:00:00,22.851654,9.341888,900.82556,4.4236045,15.520966,42.216198
2023-03-10 10:00:00,21.982391,9.91095,900.1795,4.82303,11.98349,46.239204
2023-03-10 11:00:00,21.8974,9.865326,900.1114,5.0814886,15.591217,46.33779
2023-03-10 12:00:00,21.798584,9.8984375,900.457,5.2213,24.099365,46.721657
2023-03-10 13:00:00,21.479553,9.891907,900.9634,5.169294,28.746613,47.6212
2023-03-10 14:00:00,20.018951,10.316895,901.59296,5.193898,33.63916,53.602768
2023-03-10 15:00:00,18.554321,9.984192,902.1701,5.1445293,36.72342,57.428425
2023-03-10 16:00:00,18.238281,10.057312,902.59644,5.0356636,38.248016,58.86445
2023-03-10 17:00:00,17.182526,9.985046,902.7913,4.8704677,39.40808,62.60963
2023-03-10 18:00:00,16.895813,9.972565,902.69275,4.724086,39.12195,63.70358
2023-03-10 19:00:00,16.577698,9.858856,902.355,4.645562,38.470215,64.51005
2023-03-10 20:00:00,15.600189,9.608887,901.8529,4.7106586,36.65924,67.519844
2023-03-10 21:00:00,15.379059,9.542236,901.4242,4.816691,35.607147,68.17785
2023-03-10 22:00:00,14.587036,9.144562,901.29486,4.9700227,34.046844,69.849045
2023-03-10 23:00:00,14.492859,9.130585,901.35565,5.0928206,35.605804,70.20891
2023-03-11 00:00:00,14.787231,9.386963,901.7798,5.260656,36.774384,70.087
2023-03-11 01:00:00,14.78714,9.353943,902.4153,5.429934,39.082397,69.93198
2023-03-11 02:00:00,16.29544,9.823395,903.1866,5.654492,41.101166,65.523155
2023-03-11 03:00:00,16.87027,9.762756,903.8195,6.049245,42.542267,62.916557
2023-03-11 04:00:00,17.700134,9.738434,904.1707,6.28809,43.94809,59.604095
2023-03-11 05:00:00,20.629395,9.917938,904.134,6.2018514,43.92151,50.261288
2023-03-11 06:00:00,21.498352,9.862976,903.63806,5.894114,40.410248,47.474365
2023-03-11 07:00:00,21.730896,9.927124,902.87195,5.5871105,34.070038,47.00543
2023-03-11 08:00:00,22.792664,9.756744,901.99164,5.4875407,26.787079,43.564034
2023-03-11 09:00:00,22.933258,9.59314,901.2351,5.5949645,22.8096,42.723145
2023-03-11 10:00:00,22.031616,10.26535,900.671,5.022476,20.43219,47.205917
2023-03-11 11:00:00,21.98285,10.245026,900.609,5.284484,24.229034,47.28229
2023-03-11 12:00:00,21.814545,10.257721,900.8301,5.350253,29.914154,47.810947
2023-03-11 13:00:00,21.502014,10.2586975,901.25604,5.3232336,33.285828,48.73644
2023-03-11 14:00:00,20.01886,10.538055,901.8784,5.412909,37.926727,54.399353
2023-03-11 15:00:00,18.565918,10.286285,902.52,5.392844,41.8703,58.557087
2023-03-11 16:00:00,18.268951,10.366821,903.0054,5.2560287,44.603943,59.978424
2023-03-11 17:00:00,17.209473,10.270172,903.12915,5.009954,46.313477,63.705456
2023-03-11 18:00:00,16.865051,10.179199,902.9268,4.7929893,46.339752,64.71589
2023-03-11 19:00:00,16.602814,10.0850525,902.50916,4.596523,44.44574,65.38946
2023-03-11 20:00:00,15.715454,9.820801,902.06396,4.5699754,42.033478,67.98269
2023-03-11 21:00:00,15.514343,9.73053,901.66693,4.616439,40.07904,68.44836
2023-03-11 22:00:00,14.896881,9.626251,901.6024,4.2772145,46.097656,70.721214
2023-03-11 23:00:00,14.700287,9.556427,901.65967,4.490638,45.038208,71.28788
2023-03-12 00:00:00,15.048798,9.734924,902.12335,4.7866087,44.821198,70.54558
2023-03-12 01:00:00,14.988464,9.716797,902.70447,5.0680895,46.531616,70.73385
2023-03-12 02:00:00,16.544159,10.090149,903.40405,5.4886928,48.778748,65.656044
2023-03-12 03:00:00,17.067993,9.9765625,903.8693,5.891481,51.82022,63.0293
2023-03-12 04:00:00,17.818542,9.720581,904.08765,5.9532557,55.973877,59.0905
2023-03-12 05:00:00,20.791412,9.847168,903.904,5.6308374,58.467346,49.52709
2023-03-12 06:00:00,21.665588,9.752716,903.3491,5.1478624,55.779724,46.645294
2023-03-12 07:00:00,21.92212,9.715393,902.5346,4.7155704,49.398834,45.805412
2023-03-12 08:00:00,22.990326,9.49881,901.6131,4.420721,41.529755,42.306995
2023-03-12 09:00:00,23.101624,9.486176,900.85864,4.215183,35.719513,41.987423
2023-03-12 10:00:00,22.156708,9.873932,900.28436,3.8106859,31.130402,45.637295
2023-03-12 11:00:00,22.093964,9.8255005,900.2234,4.0199757,32.090424,45.663704
2023-03-12 12:00:00,21.985199,9.797943,900.42444,4.0667963,35.407715,45.88269
2023-03-12 13:00:00,21.573212,9.594727,900.8186,4.117711,37.871674,46.41509
2023-03-12 14:00:00,20.191742,10.193451,901.35626,4.1294904,42.711365,52.597572
2023-03-12 15:00:00,18.789246,10.032471,901.83923,4.1162853,46.71054,56.773903
2023-03-12 16:00:00,18.40149,9.987366,902.1914,4.0500646,50.801025,57.993107
2023-03-12 17:00:00,17.30423,9.836365,902.25586,3.9922187,53.26111,61.514317
2023-03-12 18:00:00,16.99701,9.838043,902.1041,3.9581683,54.200897,62.728836
2023-03-12 19:00:00,16.701843,9.764038,901.69904,3.9054816,53.316162,63.597996
2023-03-12 20:00:00,15.763794,9.498871,901.20703,3.8898234,51.314636,66.32493
2023-03-12 21:00:00,15.506897,9.37384,900.776,3.9255226,50.128204,66.86057
2023-03-12 22:00:00,14.935516,9.285706,900.55023,3.9509969,52.789185,68.94973
2023-03-12 23:00:00,14.757629,9.202454,900.5705,4.2602572,53.25116,69.35457
2023-03-13 00:00:00,15.051086,9.452332,900.9143,4.523705,54.409576,69.20999
2023-03-13 01:00:00,15.014252,9.378876,901.4447,4.742473,56.8696,69.0325
2023-03-13 02:00:00,16.718567,9.811371,901.9945,4.865902,61.12329,63.732346
2023-03-13 03:00:00,17.302216,9.757874,902.4369,4.6841455,67.72,61.199425
2023-03-13 04:00:00,17.941284,9.72699,902.63446,4.2093854,73.99881,58.661102
2023-03-13 05:00:00,21.170013,10.193451,902.486,3.6353042,74.868866,49.522
2023-03-13 06:00:00,22.051575,9.996826,901.8732,2.9054828,65.37311,46.309944
2023-03-13 07:00:00,22.268158,10.014984,900.9783,2.4230416,45.852478,45.758633
2023-03-13 08:00:00,23.33075,9.854645,900.02905,2.3169262,23.463562,42.446335
2023-03-13 09:00:00,23.477753,9.793793,899.2695,2.4735909,9.843842,41.90035
2023-03-13 10:00:00,22.41397,10.322968,898.5661,2.7432687,1.6443787,46.297527
2023-03-13 11:00:00,22.284882,10.354248,898.5048,3.1002085,10.821716,46.759933
2023-03-13 12:00:00,22.125061,10.428711,898.7236,3.231688,26.384277,47.45222
2023-03-13 13:00:00,21.715454,10.320618,899.1268,3.3277903,37.627777,48.303596
2023-03-13 14:00:00,20.239258,10.664459,899.64795,3.4596274,48.04019,54.116386
2023-03-13 15:00:00,18.925873,10.378632,900.11365,3.5610795,56.36154,57.608215
2023-03-13 16:00:00,18.523132,10.436005,900.44836,3.5838397,63.60382,59.303497
2023-03-13 17:00:00,17.415344,10.346771,900.52594,3.5112307,69.10965,63.204296
2023-03-13 18:00:00,17.214905,10.351868,900.36993,3.3606296,72.55023,64.03174
2023-03-13 19:00:00,16.911896,10.319122,899.9914,3.1650743,74.1604,65.129616
2023-03-13 20:00:00,16.234344,10.31955,899.56775,3.0132573,73.69879,67.99745
2023-03-13 21:00:00,15.9618225,10.123108,899.2131,2.9450777,73.474976,68.28806
2023-03-13 22:00:00,15.265137,9.941925,899.06464,2.5874949,69.228,70.54312
2023-03-13 23:00:00,15.120148,9.946045,899.164,2.794637,71.293,71.222855
2023-03-14 00:00:00,15.347229,10.151764,899.44165,3.026246,74.17978,71.16411
2023-03-14 01:00:00,15.266235,10.125763,899.98834,3.266006,78.41043,71.410805
2023-03-14 02:00:00,16.608765,10.550812,900.5555,3.4166498,82.47446,67.42825
2023-03-14 03:00:00,17.128937,10.503876,900.9791,3.3621833,87.93878,65.03676
2023-03-14 04:00:00,17.822449,10.255005,901.074,2.9610293,96.7189,61.22656
2023-03-14 05:00:00,20.983154,10.893707,900.8116,2.229425,105.218475,52.485554
2023-03-14 06:00:00,21.825104,10.682343,900.14056,1.279419,113.51413,49.15173
2023-03-14 07:00:00,22.087097,10.743866,899.187,0.27564895,120.27704,48.570827
2023-03-14 08:00:00,22.987823,10.476471,898.2367,0.63292634,299.658,45.173763
2023-03-14 09:00:00,23.138702,10.33255,897.46405,1.2967657,307.4531,44.335766
2023-03-14 10:00:00,22.324158,10.717102,896.7522,2.303182,320.49133,47.789673
2023-03-14 11:00:00,22.190155,10.679504,896.6105,2.1315713,339.21887,48.060654
2023-03-14 12:00:00,22.006378,10.757629,896.85596,1.7301058,9.212769,48.855118
2023-03-14 13:00:00,21.715149,10.783264,897.3231,1.6044197,34.872498,49.816254
2023-03-14 14:00:00,20.28598,11.045258,897.8755,1.6969929,54.301086,55.34324
2023-03-14 15:00:00,18.995789,11.059174,898.3074,1.8121519,66.30109,60.013706
2023-03-14 16:00:00,18.682343,11.025909,898.5896,1.8150104,78.50424,61.065315
2023-03-14 17:00:00,17.633514,10.94162,898.6365,1.7832845,89.6261,64.85807
2023-03-14 18:00:00,17.299927,10.963593,898.4434,1.6762124,101.12149,66.334915
2023-03-14 19:00:00,17.067383,10.944214,898.10876,1.5343102,109.30023,67.23135
2023-03-14 20:00:00,16.267914,10.781494,897.72217,1.3684596,116.14313,69.97245
2023-03-14 21:00:00,16.102722,10.716309,897.4782,1.261032,118.96149,70.407265
2023-03-14 22:00:00,15.6041565,10.571075,897.3695,0.9519094,116.32761,71.98752
2023-03-14 23:00:00,15.478577,10.510345,897.4961,1.0895478,110.46445,72.276
2023-03-15 00:00:00,15.712585,10.6521,897.8705,1.3396558,103.039,71.87633
2023-03-15 01:00:00,15.718079,10.640717,898.47876,1.6863911,100.46948,71.79665
2023-03-15 02:00:00,16.77185,10.871429,899.15326,1.9928972,101.76102,68.172264
2023-03-15 03:00:00,17.295197,10.811035,899.7757,2.1024678,104.318665,65.68564
2023-03-15 04:00:00,17.840118,10.578613,900.1291,2.0833323,113.9299,62.49255
2023-03-15 05:00:00,20.460052,10.945587,900.0617,1.8245771,127.415955,54.39065
2023-03-15 06:00:00,21.299225,10.812592,899.58905,1.2999735,151.92773,51.200466
2023-03-15 07:00:00,21.589966,10.79303,898.8178,0.96851015,202.77359,50.231598
2023-03-15 08:00:00,22.48993,10.65152,898.06885,1.3188789,242.23822,47.104473
2023-03-15 09:00:00,22.563568,10.425293,897.4214,1.6273333,256.70648,46.192852
2023-03-15 10:00:00,21.638794,10.863434,896.8006,1.8967084,266.09256,50.316715
2023-03-15 11:00:00,21.556183,10.957825,896.7356,1.4536452,275.0534,50.88967
2023-03-15 12:00:00,21.393738,11.014984,897.0443,0.3616914,295.5264,51.593693
2023-03-15 13:00:00,21.152008,11.108887,897.58344,0.6001127,87.45813,52.69134
2023-03-15 14:00:00,19.806427,11.203918,898.2442,1.3210833,98.65765,57.61335
2023-03-15 15:00:00,18.767914,10.927338,898.85126,1.798075,105.6438,60.34335
2023-03-15 16:00:00,18.445435,10.966614,899.32635,2.1508744,110.89816,61.734104
2023-03-15 17:00:00,17.518555,10.851013,899.469,2.3123362,116.84851,64.93797
2023-03-15 18:00:00,17.268127,10.879303,899.33704,2.3817244,121.726685,66.09731
2023-03-15 19:00:00,17.002716,10.870209,899.0134,2.3390021,124.983734,67.17624
2023-03-15 20:00:00,16.220001,10.787964,898.6421,2.228555,124.780914,70.21658
2023-03-15 21:00:00,16.040558,10.74231,898.3549,2.1819186,122.27103,70.80943
2023-03-15 22:00:00,15.325043,10.607513,898.20026,1.7949624,125.20773,73.465126
2023-03-15 23:00:00,15.2221985,10.591644,898.3655,1.9491938,116.19205,73.87367
2023-03-16 00:00:00,15.375,10.715179,898.8282,2.1753454,109.12146,73.75663
2023-03-16 01:00:00,15.379547,10.720215,899.5343,2.5443926,104.39566,73.75984
2023-03-16 02:00:00,16.62799,11.134033,900.31415,2.8705645,105.29031,70.00747
2023-03-16 03:00:00,17.232452,11.217957,901.00305,2.8492024,109.97394,67.751945
2023-03-16 04:00:00,17.769806,11.168579,901.3909,2.5852592,120.91315,65.27909
2023-03-16 05:00:00,20.110504,11.423309,901.4025,2.2012959,137.12573,57.365845
2023-03-16 06:00:00,20.984222,11.485779,900.89453,1.7155412,162.16693,54.582466
2023-03-16 07:00:00,21.214417,11.447052,900.0806,1.4362229,194.0264,53.67881
2023-03-16 08:00:00,22.068817,11.442535,899.20703,1.3937172,220.97354,50.931297
2023-03-16 09:00:00,22.190186,11.439575,898.4764,1.3017664,238.84242,50.5462
2023-03-16 10:00:00,21.279816,11.781128,897.86554,1.2232419,270.4218,54.656876
2023-03-16 11:00:00,21.140045,11.776978,897.8482,0.5702415,319.6074,55.112446
2023-03-16 12:00:00,20.932343,11.844574,898.159,1.0362535,52.487732,56.069504
2023-03-16 13:00:00,20.583069,11.877991,898.66315,1.7880797,69.28989,57.41436
2023-03-16 14:00:00,19.414429,12.029205,899.3152,2.4011757,77.50421,62.34031
2023-03-16 15:00:00,18.362885,11.954987,900.00275,2.846873,85.30493,66.24605
2023-03-16 16:00:00,18.073944,11.943176,900.52344,3.0943205,91.880646,67.40579
2023-03-16 17:00:00,17.335785,11.755432,900.67505,3.1733158,96.99371,69.74601
2023-03-16 18:00:00,17.10971,11.733978,900.525,3.0232418,99.80649,70.65022
2023-03-16 19:00:00,16.84317,11.725342,900.1813,2.7892337,100.84186,71.812515
2023-03-16 20:00:00,16.125275,11.58374,899.7653,2.5256474,98.80887,74.46773
2023-03-16 21:00:00,15.96347,11.604828,899.4303,2.360029,95.199005,75.345535
2023-03-16 22:00:00,15.536835,11.549927,899.2904,2.1760547,71.32211,77.14949
2023-03-16 23:00:00,15.436615,11.477112,899.3081,2.478571,68.86841,77.273766
2023-03-17 00:00:00,15.594391,11.666565,899.6531,2.8323562,68.55817,77.46012
2023-03-17 01:00:00,15.537445,11.569824,900.26263,3.2280495,69.82349,77.24798
2023-03-17 02:00:00,16.666748,11.944336,900.9411,3.455054,73.437195,73.67741
2023-03-17 03:00:00,16.981903,11.926453,901.5299,3.1753361,79.371765,72.13411
2023-03-17 04:00:00,17.317505,11.731537,901.81525,2.6186106,84.95334,69.716606
2023-03-17 05:00:00,19.454865,12.107208,901.6725,1.8708524,86.9328,62.50386
2023-03-17 06:00:00,20.267853,12.119171,901.1389,1.0460151,79.24606,59.479393
2023-03-17 07:00:00,20.511414,12.026215,900.27313,0.5831607,17.584717,58.23446
2023-03-17 08:00:00,21.316467,12.020477,899.3804,1.1723855,339.20416,55.401283
2023-03-17 09:00:00,21.468872,11.886871,898.5073,1.8813264,336.98416,54.405468
2023-03-17 10:00:00,20.554413,12.103363,898.00616,2.3669872,341.6659,58.37596
2023-03-17 11:00:00,20.445831,12.134613,897.8604,2.987132,354.7159,58.889153
2023-03-17 12:00:00,20.240845,12.204376,898.0661,3.5415766,10.448212,59.91356
2023-03-17 13:00:00,20.01123,12.273621,898.5472,3.9477704,22.690857,61.047737
2023-03-17 14:00:00,19.147827,12.506134,899.1147,4.206889,32.195404,65.401596
2023-03-17 15:00:00,18.06482,12.327789,899.66626,4.3513255,39.95813,69.17268
2023-03-17 16:00:00,17.753113,12.316589,900.0438,4.3232975,46.59189,70.490555
2023-03-17 17:00:00,17.007538,12.195923,900.08844,4.1656475,51.30487,73.305855
2023-03-17 18:00:00,16.790314,12.223999,899.85016,3.9916186,53.802948,74.45966
2023-03-17 19:00:00,16.53479,12.168854,899.43976,3.8295038,55.134247,75.40399
2023-03-17 20:00:00,15.807892,11.844055,899.0082,3.7336164,55.299103,77.30924
2023-03-17 21:00:00,15.61441,11.750458,898.6423,3.7113879,55.78589,77.79046
2023-03-17 22:00:00,15.310852,11.717194,898.44275,3.420405,61.61023,79.145065
2023-03-17 23:00:00,15.215179,11.649139,898.5136,3.4343247,63.12091,79.27572
2023-03-18 00:00:00,15.367859,11.694763,898.8661,3.54955,65.694824,78.73943
2023-03-18 01:00:00,15.353973,11.665802,899.4626,3.7695718,68.53345,78.65907
2023-03-18 02:00:00,16.545837,12.038391,900.09674,3.8561685,74.161835,74.706955
2023-03-18 03:00:00,16.965912,12.031097,900.65405,3.582686,84.87067,72.70664
2023-03-18 04:00:00,17.387299,11.952393,900.9695,3.0595984,98.07123,70.42807
2023-03-18 05:00:00,19.42694,12.2453,900.9162,2.3060317,111.914215,63.18367
2023-03-18 06:00:00,20.281952,12.203339,900.4004,1.4654057,127.93594,59.757507
2023-03-18 07:00:00,20.45993,12.174072,899.5256,0.87452954,158.67151,58.990868
2023-03-18 08:00:00,21.128906,12.131775,898.5376,0.6376217,213.1173,56.454372
2023-03-18 09:00:00,21.227325,12.147736,897.61163,0.7564631,252.88391,56.173428
2023-03-18 10:00:00,20.434235,12.181335,896.85596,0.7702734,302.0515,59.112694
2023-03-18 11:00:00,20.333984,12.209503,896.56537,0.7284186,337.32626,59.589893
2023-03-18 12:00:00,20.183624,12.301025,896.7864,1.0005397,25.925049,60.50899
2023-03-18 13:00:00,19.91153,12.406494,897.2727,1.3447479,54.005676,61.96426
2023-03-18 14:00:00,18.914337,12.464172,897.8817,1.6490923,73.58908,66.17855
2023-03-18 15:00:00,17.988098,12.404938,898.4674,1.8458065,87.5975,69.86006
2023-03-18 16:00:00,17.786896,12.449249,898.8511,1.9411093,101.056335,70.95611
2023-03-18 17:00:00,17.06308,12.363312,898.89514,1.8969256,113.16321,73.85637
2023-03-18 18:00:00,16.728088,12.272919,898.6905,1.7364601,125.44443,74.99504
2023-03-18 19:00:00,16.473541,12.214722,898.27905,1.5111151,136.62735,75.926926
2023-03-18 20:00:00,15.904022,12.044464,897.8184,1.2659208,146.72888,77.857
2023-03-18 21:00:00,15.746277,12.00415,897.4257,1.079839,155.4256,78.43757
2023-03-18 22:00:00,15.294983,11.835815,897.108,0.82002807,161.43152,79.84814
2023-03-18 23:00:00,15.17038,11.798309,897.22687,0.7925102,166.20941,80.29079
2023-03-19 00:00:00,15.319794,11.832306,897.6375,0.7460194,160.27167,79.702644
2023-03-19 01:00:00,15.320435,11.81488,898.2452,0.83647,149.9255,79.60784
2023-03-19 02:00:00,16.53891,12.242401,898.95703,1.0746355,156.54327,75.74968
2023-03-19 03:00:00,16.767822,12.162323,899.57104,1.5271951,184.4785,74.26421
2023-03-19 04:00:00,17.106201,12.0841675,899.8752,2.0758939,207.9616,72.31571
2023-03-19 05:00:00,19.119965,12.286041,899.74854,2.5101228,222.7047,64.57543
2023-03-19 06:00:00,19.842377,12.198303,899.22345,2.9702835,234.66975,61.38497
2023-03-19 07:00:00,20.05951,12.145966,898.4116,3.4398012,245.37994,60.35689
2023-03-19 08:00:00,20.772186,12.076904,897.4695,3.8086312,254.56404,57.49789
2023-03-19 09:00:00,20.789978,11.991364,896.6475,4.0410004,261.98407,57.1124
2023-03-19 10:00:00,20.07962,11.923859,896.0733,4.185916,272.76718,59.406757
2023-03-19 11:00:00,19.998108,11.9045105,896.00336,3.7515993,279.33282,59.631126
2023-03-19 12:00:00,19.827515,12.03595,896.1744,2.8137784,288.50464,60.788715
2023-03-19 13:00:00,19.593964,12.166138,896.59985,1.8125849,296.65778,62.206673
2023-03-19 14:00:00,18.62732,12.253937,897.2213,1.0643555,295.69266,66.452446
2023-03-19 15:00:00,17.775818,12.235291,897.88104,0.53588194,279.05682,70.01478
2023-03-19 16:00:00,17.558441,12.282501,898.30383,0.4014055,227.92427,71.20115
2023-03-19 17:00:00,16.861603,12.206482,898.36365,0.6350015,203.35202,74.03839
2023-03-19 18:00:00,16.584778,12.205322,898.133,0.87070763,205.1969,75.34527
2023-03-19 19:00:00,16.390167,12.187897,897.7511,1.0635277,213.79092,76.196236
2023-03-19 20:00:00,15.698822,11.931183,897.3346,1.172981,222.44946,78.29881
2023-03-19 21:00:00,15.526733,11.920471,896.9757,1.2217029,228.38597,79.11046
2023-03-19 22:00:00,15.0043335,11.600891,896.6125,0.27968985,269.78946,80.10176
2023-03-19 23:00:00,14.930176,11.614258,896.5555,0.08185486,248.71909,80.55603
2023-03-20 00:00:00,15.054047,11.610352,896.81555,0.16188154,132.49368,79.89597
2023-03-20 01:00:00,15.039307,11.567841,897.40173,0.48617387,123.765015,79.74745
2023-03-20 02:00:00,16.176971,11.916931,898.12915,0.78931624,138.04425,75.87255
2023-03-20 03:00:00,16.605255,11.85199,898.75116,1.2220672,170.85962,73.516975
2023-03-20 04:00:00,17.082794,11.795624,899.01776,1.874954,196.20201,71.05912
2023-03-20 05:00:00,19.053284,11.825775,898.8714,2.6586688,212.76677,62.909252
2023-03-20 06:00:00,19.890564,11.741119,898.3471,3.4780765,222.60272,59.3863
2023-03-20 07:00:00,20.048767,11.672455,897.54877,4.1544337,229.52098,58.541412
2023-03-20 08:00:00,20.81131,11.525421,896.62476,4.622717,234.92432,55.31066
2023-03-20 09:00:00,20.877075,11.449249,895.7781,4.823155,239.81824,54.810596
2023-03-20 10:00:00,20.178284,11.644775,895.21576,4.20376,247.51208,57.968243
2023-03-20 11:00:00,20.116272,11.73642,895.18524,3.622615,250.25981,58.544083
2023-03-20 12:00:00,20.056366,11.924652,895.4297,2.5639083,251.46451,59.495415
2023-03-20 13:00:00,19.80719,11.948608,895.9333,1.6921415,243.63765,60.516254
2023-03-20 14:00:00,18.876373,12.119324,896.5782,1.203148,224.83012,64.84946
2023-03-20 15:00:00,18.0083,12.022736,897.2162,1.137642,202.56395,68.04002
2023-03-20 16:00:00,17.800995,12.0234375,897.64966,1.3319328,188.37546,68.93636
2023-03-20 17:00:00,17.150238,12.002014,897.82007,1.5614028,186.34337,71.725494
2023-03-20 18:00:00,16.909332,11.995758,897.7132,1.6951789,190.03284,72.79822
2023-03-20 19:00:00,16.757294,12.049683,897.3652,1.7276002,197.52863,73.76511
2023-03-20 20:00:00,16.165436,11.86377,896.9517,1.6327945,206.18245,75.66279
2023-03-20 21:00:00,16.036194,11.903748,896.52124,1.4461246,215.34822,76.49042
2023-03-20 22:00:00,15.539856,11.793854,896.21436,1.2547288,256.0498,78.38688
2023-03-20 23:00:00,15.434265,11.766357,896.1929,0.9800813,265.1633,78.77613
2023-03-21 00:00:00,15.607452,11.833038,896.519,0.7018588,275.13867,78.25021
2023-03-21 01:00:00,15.599823,11.811249,897.0996,0.36451247,297.81238,78.17604
2023-03-21 02:00:00,16.606659,12.163422,897.7731,0.079916894,298.3335,75.033554
2023-03-21 03:00:00,17.009766,12.181427,898.3904,0.26050854,251.42844,73.22566
2023-03-21 04:00:00,17.370148,12.039642,898.7134,0.7900927,258.00653,70.91068
2023-03-21 05:00:00,19.260254,12.079895,898.73193,1.3693675,264.37595,63.151615
2023-03-21 06:00:00,20.13205,11.981537,898.3331,1.8597462,266.1883,59.43984
2023-03-21 07:00:00,20.307587,11.916077,897.64435,2.283758,267.89743,58.54539
2023-03-21 08:00:00,21.151703,11.821686,896.75287,2.5390246,271.69806,55.235664
2023-03-21 09:00:00,21.25589,11.8471985,895.9821,2.6566174,276.4429,54.976154
2023-03-21 10:00:00,20.54007,11.777313,895.5108,3.3242848,292.04807,57.185833
2023-03-21 11:00:00,20.378204,11.81839,895.52,2.7331834,300.55325,57.91648
2023-03-21 12:00:00,20.212738,11.998505,895.75946,1.865766,317.04675,59.21015
2023-03-21 13:00:00,19.958832,12.017609,896.157,1.1541847,339.36066,60.223354
2023-03-21 14:00:00,18.983643,12.197693,896.80975,0.7917946,13.4114685,64.74961
2023-03-21 15:00:00,18.129883,12.135132,897.54877,0.6603586,50.18161,68.02359
2023-03-21 16:00:00,17.876617,12.188507,898.1115,0.66145056,79.76041,69.35829
2023-03-21 17:00:00,17.128296,12.119568,898.271,0.56290317,100.380035,72.38308
2023-03-21 18:00:00,16.86148,12.06012,898.0923,0.32770565,120.7973,73.329506
2023-03-21 19:00:00,16.652527,12.033997,897.6584,0.17001683,213.73784,74.18073
2023-03-21 20:00:00,16.015259,11.783112,897.23755,0.487256,272.19666,75.98587
2023-03-21 21:00:00,15.868683,11.768707,896.846,0.86108994,286.66162,76.62768
2023-03-21 22:00:00,15.214966,11.578674,896.498,1.9478884,309.63525,78.90867
2023-03-21 23:00:00,15.087097,11.539581,896.53784,1.9435174,313.8692,79.35442
2023-03-22 00:00:00,15.356049,11.627472,896.9604,1.9509896,318.6086,78.44976
2023-03-22 01:00:00,15.350861,11.598755,897.6484,1.9125559,324.93832,78.32716
2023-03-22 02:00:00,16.543335,11.97937,898.3734,1.9776287,326.97675,74.429
2023-03-22 03:00:00,16.895447,11.959351,899.00946,2.1712346,318.32593,72.6878
2023-03-22 04:00:00,17.34665,11.899689,899.36383,2.5718076,307.95953,70.36436
2023-03-22 05:00:00,19.56424,12.064575,899.33453,3.216794,299.68475,61.90654
2023-03-22 06:00:00,20.423065,11.932495,898.8457,3.9587073,295.26102,58.19241
2023-03-22 07:00:00,20.656738,11.831177,898.0221,4.7231092,293.09906,56.978184
2023-03-22 08:00:00,21.440521,11.6458435,897.09424,5.398258,293.6899,53.640194
2023-03-22 09:00:00,21.49472,11.632568,896.2763,5.8137,295.2546,53.415634
2023-03-22 10:00:00,20.691742,11.559509,895.56976,6.1209116,298.58456,55.84495
2023-03-22 11:00:00,20.59018,11.636658,895.3889,5.451421,303.80276,56.48262
2023-03-22 12:00:00,20.40625,11.727844,895.5335,4.253428,312.58966,57.47195
2023-03-22 13:00:00,20.169586,11.7769165,895.9279,3.335353,321.34482,58.507504
2023-03-22 14:00:00,19.114044,11.909729,896.46576,2.6831794,328.44757,63.019222
2023-03-22 15:00:00,18.130402,11.742432,897.04736,2.1223004,330.78525,66.28398
2023-03-22 16:00:00,17.891571,11.819611,897.4911,1.6880698,326.84183,67.63002
2023-03-22 17:00:00,17.051086,11.757538,897.69635,1.4375325,316.13785,71.02324
2023-03-22 18:00:00,16.757446,11.722595,897.66187,1.4093239,301.64734,72.19106
2023-03-22 19:00:00,16.471466,11.654175,897.37866,1.5510519,289.008,73.18343
2023-03-22 20:00:00,15.69342,11.375427,896.9755,1.8011211,282.44193,75.503494
2023-03-22 21:00:00,15.471405,11.27832,896.6085,1.994927,279.81192,76.093956
2023-03-22 22:00:00,14.866852,11.12204,896.4369,2.7114997,290.83212,78.292656
2023-03-22 23:00:00,14.718109,11.06369,896.4719,2.6494803,290.99387,78.74131
2023-03-23 00:00:00,14.90921,11.091278,896.8469,2.542677,289.99255,77.92027
2023-03-23 01:00:00,14.909149,11.030273,897.46716,2.414319,288.86197,77.605865
2023-03-23 02:00:00,16.266357,11.50116,898.19366,2.4699707,286.53345,73.39936
2023-03-23 03:00:00,17.110779,11.576508,898.83563,2.8468685,281.53714,69.91464
2023-03-23 04:00:00,17.677734,11.511505,899.2475,3.5114188,277.80704,67.16637
2023-03-23 05:00:00,19.738495,11.5035095,899.30133,4.38431,275.64102,59.01534
2023-03-23 06:00:00,20.63504,11.319824,898.99786,5.3661733,274.4348,55.158882
2023-03-23 07:00:00,20.853485,11.324646,898.3647,6.3071737,274.72458,54.43946
2023-03-23 08:00:00,21.728943,11.1692505,897.5969,7.0198207,276.0244,51.066196
2023-03-23 09:00:00,21.812195,11.18338,896.84393,7.373715,278.06305,50.854767
2023-03-23 10:00:00,21.02658,11.329498,896.2854,7.0016856,286.45447,53.88059
2023-03-23 11:00:00,20.953186,11.411224,896.2246,6.2651815,288.98126,54.417664
2023-03-23 12:00:00,20.834412,11.524994,896.4168,4.8753424,293.08237,55.23054
2023-03-23 13:00:00,20.531769,11.501007,896.84235,3.8631294,298.35446,56.18053
2023-03-23 14:00:00,19.498016,11.675446,897.4556,3.1715183,303.4178,60.58748
2023-03-23 15:00:00,18.35019,11.588806,898.111,2.64471,305.48065,64.71634
2023-03-23 16:00:00,18.05661,11.635162,898.5236,2.2603118,306.1904,66.12205
2023-03-23 17:00:00,17.197662,11.547241,898.6144,2.0206923,303.18927,69.397026
2023-03-23 18:00:00,16.940582,11.548004,898.4146,1.9463686,297.30264,70.539375
2023-03-23 19:00:00,16.724457,11.512543,898.05005,2.0402534,291.60748,71.34559
2023-03-23 20:00:00,15.947815,11.284393,897.60846,2.1930444,288.76947,73.8392
2023-03-23 21:00:00,15.719788,11.197266,897.20734,2.3236263,287.8162,74.49209
2023-03-23 22:00:00,15.110504,11.078461,896.9205,2.3517973,291.47766,76.85244
2023-03-23 23:00:00,14.981018,11.03952,896.95123,2.3345451,292.3088,77.29513
2023-03-24 00:00:00,15.211456,11.159912,897.3256,2.2292562,296.6039,76.76907
2023-03-24 01:00:00,15.22406,11.074463,897.9582,2.0233257,301.346,76.27352
2023-03-24 02:00:00,16.785522,11.605713,898.7684,1.9799474,302.05865,71.50854
2023-03-24 03:00:00,17.115112,11.4956665,899.4613,2.299398,296.00424,69.523
2023-03-24 04:00:00,17.557465,11.492157,899.839,2.8317075,289.3351,67.5911
2023-03-24 05:00:00,19.74176,11.667694,899.786,3.433946,284.26917,59.646904
2023-03-24 06:00:00,20.629211,11.528534,899.3909,4.084757,280.6979,55.94582
2023-03-24 07:00:00,20.907196,11.482117,898.73224,4.759639,279.7863,54.828228
2023-03-24 08:00:00,21.758636,11.577576,897.9816,5.2697473,281.21555,52.369892
2023-03-24 09:00:00,21.89383,11.478027,897.313,5.5511475,284.50116,51.59873
2023-03-24 10:00:00,21.233398,11.473846,896.81006,5.882945,291.02213,53.71145
2023-03-24 11:00:00,21.117645,11.550873,896.76917,5.303295,297.00528,54.370464
2023-03-24 12:00:00,20.997345,11.607758,896.97015,4.2143507,306.88568,54.979908
2023-03-24 13:00:00,20.884277,11.6474,897.404,3.3612173,321.05298,55.5085
2023-03-24 14:00:00,19.861359,11.787079,898.0879,2.6569157,333.07724,59.674557
2023-03-24 15:00:00,18.613037,11.608276,898.7986,2.0858996,342.14676,63.74158
2023-03-24 16:00:00,18.291382,11.670105,899.33264,1.6054156,346.72015,65.30513
2023-03-24 17:00:00,17.370422,11.488556,899.49304,1.2248578,347.2836,68.37754
2023-03-24 18:00:00,17.038391,11.481171,899.40125,1.0192826,341.40012,69.794586
2023-03-24 19:00:00,16.81012,11.507965,899.0527,0.9800961,332.0556,70.93732
2023-03-24 20:00:00,15.991028,11.270203,898.7042,1.063279,325.23752,73.566574
2023-03-24 21:00:00,15.867981,11.205414,898.372,1.17525,321.9089,73.829445
2023-03-24 22:00:00,15.340546,11.100098,898.1624,1.202985,317.41306,75.83418
2023-03-24 23:00:00,15.245575,11.150726,898.2391,1.3308654,328.27612,76.554436
2023-03-25 00:00:00,15.529266,11.263855,898.6541,1.4552677,338.9687,75.739716
2023-03-25 01:00:00,15.608032,11.244904,899.35913,1.590251,352.79758,75.264015
2023-03-25 02:00:00,17.149689,11.757446,900.11664,1.6720785,357.11838,70.58092
2023-03-25 03:00:00,17.547485,11.740631,900.80115,1.648804,346.93872,68.75285
2023-03-25 04:00:00,18.007874,11.666473,901.20667,1.8347893,330.21997,66.46215
2023-03-25 05:00:00,20.321533,11.902954,901.20734,2.145869,313.4883,58.444416
2023-03-25 06:00:00,21.154694,11.78595,900.7904,2.6444862,300.3904,55.095516
2023-03-25 07:00:00,21.425934,11.756714,900.03906,3.3012524,292.83615,54.082497
2023-03-25 08:00:00,22.33957,11.575378,899.1216,3.8279538,291.83374,50.54049
2023-03-25 09:00:00,22.414001,11.477753,898.2937,4.176906,293.51596,49.988617
2023-03-25 10:00:00,21.710388,11.709259,897.7252,4.3763356,295.2906,52.98326
2023-03-25 11:00:00,21.58963,11.667877,897.70435,3.9773364,305.21454,53.230293
2023-03-25 12:00:00,21.437439,11.732697,897.9023,3.3411393,320.27844,53.958805
2023-03-25 13:00:00,21.202759,11.815247,898.30164,3.0711217,334.4738,55.03951
2023-03-25 14:00:00,20.112976,11.959717,898.8603,2.8991299,344.0032,59.424507
2023-03-25 15:00:00,18.952301,11.837128,899.5106,2.7568004,350.76962,63.354218
2023-03-25 16:00:00,18.684235,11.854279,899.9769,2.5938728,353.63937,64.496994
2023-03-25 17:00:00,17.844849,11.711304,900.08,2.4956646,353.2006,67.346176
2023-03-25 18:00:00,17.623383,11.691559,899.80804,2.4635653,349.5566,68.20333
2023-03-25 19:00:00,17.343811,11.6727295,899.38275,2.524708,345.31442,69.331154
2023-03-25 20:00:00,16.602966,11.485413,898.9696,2.6394958,341.61462,71.76936
2023-03-25 21:00:00,16.372131,11.426636,898.64264,2.797546,339.93216,72.54819
2023-03-25 22:00:00,15.71344,11.270508,898.30444,2.8856266,336.28955,74.88485
2023-03-25 23:00:00,15.673676,11.308868,898.3928,2.9084344,339.12402,75.266594
2023-03-26 00:00:00,15.941071,11.423737,898.7414,2.8572376,343.5132,74.5555
2023-03-26 01:00:00,15.94928,11.351471,899.2659,2.759605,348.59183,74.16093
2023-03-26 02:00:00,17.335266,11.721283,899.8834,2.6983714,347.42422,69.591286
2023-03-26 03:00:00,17.713928,11.606018,900.3561,2.671318,338.53455,67.43323
2023-03-26 04:00:00,18.118713,11.432739,900.6297,2.9317193,329.17072,64.989204
2023-03-26 05:00:00,20.324951,11.5321045,900.5188,3.1178064,320.46994,57.019222
2023-03-26 06:00:00,21.274902,11.35849,900.0739,3.4547458,309.40164,53.1676
2023-03-26 07:00:00,21.485382,11.3281555,899.2864,4.075914,301.65033,52.381104
2023-03-26 08:00:00,22.323181,11.241913,898.3549,4.766206,298.75204,49.486935
2023-03-26 09:00:00,22.39624,11.240662,897.4882,5.28484,299.45566,49.26347
2023-03-26 10:00:00,21.54361,11.308563,896.87134,5.160505,296.3348,52.127117
2023-03-26 11:00:00,21.35434,11.245697,896.73706,5.0685606,303.97205,52.515656
2023-03-26 12:00:00,21.184021,11.261627,896.90356,4.631558,313.30795,53.12299
2023-03-26 13:00:00,20.991394,11.30481,897.29047,4.146066,320.26013,53.908993
2023-03-26 14:00:00,19.768677,11.407227,897.79456,3.9100444,324.81552,58.53104
2023-03-26 15:00:00,18.695343,11.211792,898.3801,3.709837,327.86777,61.77245
2023-03-26 16:00:00,18.464294,11.263458,898.76843,3.516821,329.6149,62.887043
2023-03-26 17:00:00,17.538422,11.218323,898.8142,3.3666775,329.4224,66.45683
2023-03-26 18:00:00,17.248077,11.199707,898.5535,3.338645,327.57126,67.60324
2023-03-26 19:00:00,16.948914,11.108978,898.1305,3.4445074,325.5183,68.48247
2023-03-26 20:00:00,16.067719,10.879944,897.71735,3.6099267,324.90973,71.3365
2023-03-26 21:00:00,15.918823,10.833008,897.4197,3.7277513,325.07578,71.79355
2023-03-26 22:00:00,15.284149,10.726135,897.2617,3.5090342,320.9579,74.24197
2023-03-26 23:00:00,15.164185,10.711273,897.49725,3.5424514,322.66663,74.74223
2023-03-27 00:00:00,15.466675,10.833588,897.9639,3.483805,325.60367,73.9039
2023-03-27 01:00:00,15.458801,10.797119,898.60425,3.323914,328.98297,73.7622
2023-03-27 02:00:00,16.91565,11.209595,899.2625,3.331764,329.8729,69.08628
2023-03-27 03:00:00,17.27658,11.153198,899.8057,3.4607878,327.5237,67.27383
2023-03-27 04:00:00,17.730896,10.898254,900.1389,3.689666,323.73285,64.27587
2023-03-27 05:00:00,20.182861,11.059113,900.13763,4.0245237,316.8421,55.74828
2023-03-27 06:00:00,21.12857,10.9722595,899.7739,4.6232443,310.0328,52.29098
2023-03-27 07:00:00,21.388062,10.875671,899.0032,5.3250575,305.35754,51.136387
2023-03-27 08:00:00,22.261353,10.586182,898.1252,5.9325027,303.25272,47.556446
2023-03-27 09:00:00,22.418701,10.508453,897.35345,6.334634,303.62524,46.86022
2023-03-27 10:00:00,21.722687,10.635803,896.77563,6.032208,304.57654,49.307224
2023-03-27 11:00:00,21.631622,10.646576,896.68335,5.7286057,310.90704,49.61804
2023-03-27 12:00:00,21.444183,10.841003,896.88904,4.9774876,319.025,50.843662
2023-03-27 13:00:00,21.216766,10.797119,897.31213,4.3251266,326.66168,51.407116
2023-03-27 14:00:00,20.01007,11.083618,897.80975,3.8988872,332.04263,56.439083
2023-03-27 15:00:00,18.852722,10.819855,898.33594,3.538016,335.69907,59.597336
2023-03-27 16:00:00,18.551239,10.820679,898.63403,3.2388332,336.96194,60.73477
2023-03-27 17:00:00,17.60849,10.82312,898.63983,3.072627,336.3269,64.451065
2023-03-27 18:00:00,17.290588,10.759125,898.4075,2.96804,334.7145,65.47839
2023-03-27 19:00:00,16.99173,10.7352295,898.05835,2.9325378,333.7579,66.622505
2023-03-27 20:00:00,16.134064,10.562317,897.6785,2.9449081,333.3743,69.550095
2023-03-27 21:00:00,15.961365,10.567841,897.34326,2.939991,333.5345,70.34669
2023-03-27 22:00:00,15.19046,10.382568,897.2355,2.8039186,327.33493,73.00014
2023-03-27 23:00:00,15.050232,10.352722,897.3412,2.6748223,330.56662,73.51455
2023-03-28 00:00:00,15.391602,10.574768,897.7737,2.4679801,335.68317,72.99275
2023-03-28 01:00:00,15.403412,10.516205,898.38794,2.1974697,342.8343,72.65351
2023-03-28 02:00:00,17.072174,10.943909,899.1168,1.9206932,348.6433,67.20961
2023-03-28 03:00:00,17.543823,10.952484,899.69525,1.7110053,347.85352,65.273
2023-03-28 04:00:00,18.06607,10.787476,899.9771,1.5904975,338.30478,62.473106
2023-03-28 05:00:00,20.523651,10.832947,900.00806,1.6665226,317.35645,53.773827
2023-03-28 06:00:00,21.518646,10.512085,899.6594,2.1355376,296.5038,49.516666
2023-03-28 07:00:00,21.763306,10.422852,899.02374,2.8305547,284.13824,48.49214
2023-03-28 08:00:00,22.77835,10.268677,898.18695,3.5295246,279.53604,45.120857
2023-03-28 09:00:00,22.91504,10.255096,897.4826,3.9133935,279.90414,44.708145
2023-03-28 10:00:00,22.139923,10.562622,897.0852,4.0589066,284.88147,47.834248
2023-03-28 11:00:00,22.042908,10.579803,897.0464,3.556237,288.92786,48.17296
2023-03-28 12:00:00,21.908752,10.522736,897.36414,2.5220087,297.6837,48.38446
2023-03-28 13:00:00,21.720795,10.707611,897.87256,1.7424172,309.54315,49.549145
2023-03-28 14:00:00,20.387878,11.051819,898.5494,1.1583296,323.87354,55.020027
2023-03-28 15:00:00,19.166443,10.728119,899.11505,0.7230945,336.4301,58.086967
2023-03-28 16:00:00,18.808258,10.771027,899.5117,0.33616236,347.39224,59.569412
2023-03-28 17:00:00,17.768127,10.869476,899.5877,0.09005464,259.49213,64.00284
2023-03-28 18:00:00,17.496094,10.926086,899.4191,0.33610985,228.98358,65.35521
2023-03-28 19:00:00,17.210754,10.900085,899.0732,0.6193554,234.96832,66.42918
2023-03-28 20:00:00,16.368378,10.81955,898.69495,0.7741612,246.237,69.70234
2023-03-28 21:00:00,16.188293,10.766815,898.40845,0.8925564,252.4086,70.259766
2023-03-28 22:00:00,15.547913,10.625458,898.2605,1.0512608,246.22945,72.509384
2023-03-28 23:00:00,15.449829,10.653229,898.4285,0.98164135,244.36185,73.10159
2023-03-29 00:00:00,15.978241,10.947632,898.87463,0.80699325,236.77179,72.06836
2023-03-29 01:00:00,16.001923,10.94223,899.51764,0.6724443,220.19524,71.93367
2023-03-29 02:00:00,17.244751,11.245789,900.2007,0.7832758,210.68912,67.82424
2023-03-29 03:00:00,18.096985,11.426666,900.74384,1.1342056,225.35066,65.05183
2023-03-29 04:00:00,18.554016,11.278656,901.02875,1.6728853,236.56609,62.597702
2023-03-29 05:00:00,20.69397,11.354279,900.9567,2.3993459,242.91795,55.084503
2023-03-29 06:00:00,21.553833,11.072876,900.5051,3.301709,250.29431,51.28711
2023-03-29 07:00:00,21.802887,10.989532,899.7432,4.1865253,257.21283,50.233627
2023-03-29 08:00:00,22.688904,10.860443,898.9163,4.8596616,263.41306,47.190014
2023-03-29 09:00:00,22.805267,10.813324,898.20764,5.2146935,269.1591,46.71172
2023-03-29 10:00:00,22.005249,11.075256,897.726,5.1329794,277.95325,49.90015
2023-03-29 11:00:00,21.935974,11.161072,897.66376,4.6335883,283.9729,50.397427
2023-03-29 12:00:00,21.770813,11.127991,897.9188,3.537713,292.89035,50.796597
2023-03-29 13:00:00,21.500366,11.191406,898.39844,2.7219174,305.5827,51.86118
2023-03-29 14:00:00,20.414337,11.3602295,899.01654,2.2081394,317.22064,56.064445
2023-03-29 15:00:00,19.158173,11.121307,899.57635,1.8246875,323.2094,59.654533
2023-03-29 16:00:00,18.872162,11.199097,899.93024,1.5453758,324.4452,61.04231
2023-03-29 17:00:00,17.924408,11.205719,899.95557,1.3804573,320.35193,64.80633
2023-03-29 18:00:00,17.623932,11.232147,899.7249,1.361675,315.60156,66.15999
2023-03-29 19:00:00,17.346405,11.199005,899.3072,1.4912318,310.94876,67.181305
2023-03-29 20:00:00,16.539642,11.046326,898.9125,1.6490486,308.77435,69.99328
2023-03-29 21:00:00,16.314209,11.072479,898.5428,1.8113766,306.75366,71.12777
2023-03-29 22:00:00,15.858795,11.121216,898.272,1.9129285,303.99094,73.46164
2023-03-29 23:00:00,15.77594,11.140717,898.3371,1.882147,307.1178,73.947334
2023-03-30 00:00:00,16.007141,11.311096,898.6643,1.7753141,309.12753,73.69023
2023-03-30 01:00:00,16.02771,11.269928,899.17737,1.6088367,313.08145,73.39318
2023-03-30 02:00:00,17.595032,11.608307,899.73834,1.5775226,309.6264,67.95074
2023-03-30 03:00:00,18.127747,11.633179,900.21173,1.9247988,301.09137,65.81859
2023-03-30 04:00:00,18.625275,11.540527,900.34576,2.4878366,296.24817,63.40832
2023-03-30 05:00:00,20.81842,11.714539,900.17334,3.0193224,291.48108,55.981415
2023-03-30 06:00:00,21.726624,11.57724,899.6385,3.5857446,285.91266,52.471256
2023-03-30 07:00:00,21.913788,11.344086,898.8346,4.203041,281.41467,51.081245
2023-03-30 08:00:00,22.740082,11.328186,897.9099,4.7108035,278.97888,48.5261
2023-03-30 09:00:00,22.86438,11.373291,897.06885,5.0927553,278.84296,48.305878
2023-03-30 10:00:00,21.935974,11.534515,896.4447,4.986962,282.04828,51.65875
2023-03-30 11:00:00,21.82138,11.585144,896.2974,4.603404,282.90067,52.195686
2023-03-30 12:00:00,21.628235,11.722595,896.51654,3.6980808,282.8556,53.29693
2023-03-30 13:00:00,21.349457,11.739136,897.0014,2.827794,280.59625,54.273487
2023-03-30 14:00:00,20.194336,11.818115,897.5901,2.247233,272.0384,58.577007
2023-03-30 15:00:00,19.08844,11.785217,898.14594,2.0659409,259.12628,62.603806
2023-03-30 16:00:00,18.744629,11.815826,898.5175,2.1397617,248.07298,64.091194
2023-03-30 17:00:00,17.764038,11.809509,898.6106,2.3962603,241.36719,68.12969
2023-03-30 18:00:00,17.433685,11.77832,898.4509,2.6666477,240.34102,69.42083
2023-03-30 19:00:00,17.174072,11.727478,898.1164,2.8863623,243.01947,70.332886
2023-03-30 20:00:00,16.48941,11.566895,897.68005,3.052205,246.94196,72.679726
2023-03-30 21:00:00,16.369965,11.586212,897.2992,3.1453202,250.3387,73.32772
2023-03-30 22:00:00,15.810089,11.489563,897.07,3.2305024,252.07011,75.51013
2023-03-30 23:00:00,15.73642,11.487671,897.19867,3.1278398,253.84857,75.85721
2023-03-31 00:00:00,15.995239,11.615204,897.6361,2.9160373,255.63593,75.24441
2023-03-31 01:00:00,16.062439,11.520081,898.3338,2.6171694,258.3756,74.45293
2023-03-31 02:00:00,17.494385,12.023346,899.07385,2.4782689,257.2699,70.28119
2023-03-31 03:00:00,18.057129,12.127319,899.6661,2.7060614,254.81464,68.30007
2023-03-31 04:00:00,18.4682,12.060608,899.93823,3.1830287,253.3367,66.269615
2023-03-31 05:00:00,20.483429,12.234222,899.8632,3.8286905,253.95557,59.13884
2023-03-31 06:00:00,21.36966,12.234253,899.43805,4.4397054,257.05585,56.003113
2023-03-31 07:00:00,21.57132,12.163025,898.66315,4.8503647,261.35327,55.057472
2023-03-31 08:00:00,22.237701,12.18335,897.73944,5.0503597,266.07452,52.934177
2023-03-31 09:00:00,22.315979,12.150696,896.8789,5.034884,271.24756,52.5696
2023-03-31 10:00:00,21.521637,12.408234,896.161,4.6307716,271.24796,56.1221
2023-03-31 11:00:00,21.438477,12.458038,895.9256,3.9503887,279.13687,56.593227
2023-03-31 12:00:00,21.22705,12.609711,896.06274,3.0265918,290.2195,57.904434
2023-03-31 13:00:00,20.978455,12.67865,896.51025,2.059981,305.4137,59.061157
2023-03-31 14:00:00,20.058472,12.75708,897.0608,1.3398829,320.73428,62.83061
2023-03-31 15:00:00,18.99997,12.620728,897.6573,0.844645,336.48978,66.505135
2023-03-31 16:00:00,18.730621,12.651611,898.0351,0.40640673,355.52847,67.77023
2023-03-31 17:00:00,18.006409,12.588715,898.21515,0.1254326,46.944458,70.62602
2023-03-31 18:00:00,17.785675,12.637848,898.05865,0.1256527,158.73193,71.84462
2023-03-31 19:00:00,17.582642,12.662048,897.73016,0.23551634,218.80553,72.8852
2023-03-31 20:00:00,16.909973,12.5078125,897.2859,0.40800434,245.21413,75.28688
2023-03-31 21:00:00,16.796173,12.533386,896.9874,0.54158425,256.02625,75.959496
2023-03-31 22:00:00,16.285583,12.249329,896.7434,1.1465861,264.43103,77.015724
2023-03-31 23:00:00,16.218506,12.323486,896.8164,0.99934536,264.75818,77.72337
