timestamp,temperature_C,dewpoint_C,pressure_hPa,wind_speed_kmh,wind_direction_deg,relative_humidity_pct
2019-07-01 00:00:00,22.169098,18.864014,893.92334,12.473243,232.21275,81.56047
2019-07-01 01:00:00,22.29181,18.817047,894.34546,12.582409,230.96446,80.71633
2019-07-01 02:00:00,23.412567,18.99112,894.73883,13.207423,230.73586,76.24121
2019-07-01 03:00:00,23.769653,18.965363,895.0103,13.789217,231.7416,74.49851
2019-07-01 04:00:00,24.112701,18.999054,895.0542,14.151612,232.71155,73.131966
2019-07-01 05:00:00,25.561829,19.006897,894.9075,14.355796,233.137,67.10436
2019-07-01 06:00:00,26.141754,18.909332,894.5054,14.527999,233.24512,64.44441
2019-07-01 07:00:00,26.34964,18.962616,894.04236,14.737249,233.1177,63.869904
2019-07-01 08:00:00,26.952667,18.846252,893.4801,14.914479,233.06033,61.195217
2019-07-01 09:00:00,27.028595,18.860199,892.99414,15.033299,233.34262,60.975945
2019-07-01 10:00:00,26.448425,18.807434,892.48834,14.087081,236.33868,62.88641
2019-07-01 11:00:00,26.340729,18.694305,892.3345,13.951698,235.96767,62.841404
2019-07-01 12:00:00,26.102234,18.657959,892.46173,13.608857,234.20183,63.58845
2019-07-01 13:00:00,25.923157,18.618835,892.822,13.164676,230.8854,64.10879
2019-07-01 14:00:00,25.129791,18.824524,893.3677,12.911049,227.74785,68.07142
2019-07-01 15:00:00,24.216675,18.87564,894.007,12.885707,225.42606,72.11951
2019-07-01 16:00:00,23.992218,18.971924,894.53564,13.01182,223.93295,73.538376
2019-07-01 17:00:00,23.37851,19.031738,894.734,13.233157,223.35155,76.59188
2019-07-01 18:00:00,23.145905,18.874695,894.6457,13.50144,223.61902,76.91805
2019-07-01 19:00:00,22.98703,18.887878,894.4299,13.713002,224.37837,77.72481
2019-07-01 20:00:00,22.48236,18.82431,894.1106,13.872369,225.29485,79.82277
2019-07-01 21:00:00,22.333008,18.834473,893.9285,13.978488,226.3788,80.60199
2019-07-01 22:00:00,21.97754,18.842773,893.9585,13.115963,228.43057,82.40884
2019-07-01 23:00:00,21.914612,18.854034,894.12885,13.139894,228.29755,82.784
2019-07-02 00:00:00,22.120117,18.887756,894.4402,13.102207,227.89421,81.92553
2019-07-02 01:00:00,22.205902,18.795044,894.9596,13.062285,226.91212,81.02804
2019-07-02 02:00:00,23.092133,18.958984,895.37024,13.475415,225.90918,77.57567
2019-07-02 03:00:00,23.667725,18.885193,895.7111,13.943628,226.33768,74.58287
2019-07-02 04:00:00,24.040985,18.940063,895.8314,14.280861,227.10365,73.17766
2019-07-02 05:00:00,25.148865,19.09845,895.7883,14.442623,227.8361,69.16636
2019-07-02 06:00:00,25.736145,19.062866,895.57916,14.479352,228.71014,66.64611
2019-07-02 07:00:00,25.928436,19.099579,895.2048,14.455082,229.62735,66.04204
2019-07-02 08:00:00,26.578766,18.993805,894.7636,14.390861,230.50604,63.13539
2019-07-02 09:00:00,26.672699,18.930695,894.2542,14.320487,231.6071,62.540234
2019-07-02 10:00:00,26.29895,18.984558,893.80585,13.348973,233.85959,64.14911
2019-07-02 11:00:00,26.179962,18.973389,893.5904,13.317203,233.65547,64.5566
2019-07-02 12:00:00,26.003174,19.007538,893.6027,13.13459,232.0394,65.37421
2019-07-02 13:00:00,25.797943,19.030914,893.93286,12.874616,229.34953,66.270226
2019-07-02 14:00:00,25.096191,19.111694,894.4921,12.821118,226.39256,69.44104
2019-07-02 15:00:00,24.07962,19.226288,895.17346,12.782053,224.16263,74.32258
2019-07-02 16:00:00,23.898376,19.265808,895.68365,12.832418,222.85881,75.32135
2019-07-02 17:00:00,23.37445,19.268372,895.92194,13.003299,222.56717,77.748634
2019-07-02 18:00:00,23.157959,19.245087,895.82166,13.212159,223.26791,78.65786
2019-07-02 19:00:00,22.96051,19.194214,895.5705,13.408797,224.1335,79.35124
2019-07-02 20:00:00,22.423676,19.04779,895.24506,13.513859,225.30841,81.23319
2019-07-02 21:00:00,22.284729,19.01773,894.97015,13.510643,226.40393,81.76907
2019-07-02 22:00:00,21.991943,18.945038,894.9333,13.038358,228.94449,82.863846
2019-07-02 23:00:00,21.924408,18.930359,894.89905,12.933934,229.31845,83.129745
2019-07-03 00:00:00,22.252594,19.001282,895.12366,12.73278,229.35469,81.84513
2019-07-03 01:00:00,22.295227,18.951233,895.5411,12.509053,228.63405,81.37854
2019-07-03 02:00:00,23.29596,19.200684,895.9634,12.724523,228.17426,77.789345
2019-07-03 03:00:00,23.552643,19.13504,896.24646,13.056843,228.45393,76.2814
2019-07-03 04:00:00,23.852661,19.15332,896.3569,13.404071,229.27078,75.00136
2019-07-03 05:00:00,25.149628,19.254242,896.22845,13.645349,230.5256,69.83779
2019-07-03 06:00:00,25.716675,19.303284,895.86346,13.750868,231.88231,67.72995
2019-07-03 07:00:00,25.867523,19.353455,895.4285,13.867871,233.0202,67.33699
2019-07-03 08:00:00,26.556396,19.245941,894.97906,13.799656,233.93216,64.21998
2019-07-03 09:00:00,26.677795,19.287018,894.5795,13.644243,234.50238,63.925617
2019-07-03 10:00:00,26.344086,19.360352,894.18085,12.529056,238.78247,65.49398
2019-07-03 11:00:00,26.273651,19.354279,894.0402,12.130152,236.86862,65.74206
2019-07-03 12:00:00,26.143127,19.28009,894.14014,11.862932,233.54935,65.94587
2019-07-03 13:00:00,25.938293,19.241302,894.4736,11.79254,230.0149,66.58888
2019-07-03 14:00:00,25.07956,19.39386,895.0312,11.952073,226.17656,70.74188
2019-07-03 15:00:00,24.252045,19.335815,895.57794,12.191969,223.51183,74.06094
2019-07-03 16:00:00,24.085571,19.380768,895.9473,12.490439,221.97064,75.013794
2019-07-03 17:00:00,23.488647,19.389496,896.04156,12.860201,221.73933,77.79905
2019-07-03 18:00:00,23.30539,19.379883,895.8808,13.211687,222.22911,78.61714
2019-07-03 19:00:00,23.16684,19.357422,895.57794,13.554319,223.43933,79.16727
2019-07-03 20:00:00,22.690002,19.30957,895.2358,13.770622,224.65327,81.24423
2019-07-03 21:00:00,22.578613,19.265991,894.90576,13.888853,225.93028,81.57372
2019-07-03 22:00:00,22.214508,19.208557,894.80334,13.224365,226.0846,83.101906
2019-07-03 23:00:00,22.134796,19.199982,894.6972,13.370485,226.54282,83.46167
2019-07-04 00:00:00,22.370697,19.265625,894.8438,13.460924,226.87262,82.60894
2019-07-04 01:00:00,22.473297,19.260956,895.12366,13.580144,226.69983,82.071465
2019-07-04 02:00:00,23.517761,19.479736,895.41693,13.97991,226.99606,78.099594
2019-07-04 03:00:00,23.85022,19.454895,895.5737,14.5077305,228.1539,76.43363
2019-07-04 04:00:00,24.124329,19.452667,895.56256,14.8636875,229.38802,75.174866
2019-07-04 05:00:00,25.319824,19.50232,895.3876,15.059452,230.13072,70.20903
2019-07-04 06:00:00,25.878082,19.457153,895.08234,15.116924,230.42241,67.73028
2019-07-04 07:00:00,26.070251,19.494965,894.7246,15.168713,230.62346,67.12178
2019-07-04 08:00:00,26.719238,19.465729,894.279,15.121666,230.80902,64.4827
2019-07-04 09:00:00,26.747925,19.380829,893.88385,14.969141,230.97581,64.03496
2019-07-04 10:00:00,26.472015,19.434265,893.5076,13.354631,231.03294,65.300995
2019-07-04 11:00:00,26.331482,19.442719,893.2807,13.4115505,229.43523,65.8793
2019-07-04 12:00:00,26.186218,19.397125,893.3148,13.351715,226.99352,66.258865
2019-07-04 13:00:00,25.908081,19.511658,893.5366,13.393191,224.37337,67.83947
2019-07-04 14:00:00,24.923645,19.604584,893.9347,13.519608,222.15688,72.34376
2019-07-04 15:00:00,24.072601,19.649628,894.405,13.665217,220.71072,76.33699
2019-07-04 16:00:00,23.90094,19.636993,894.76245,13.904684,219.9995,77.06783
2019-07-04 17:00:00,23.33316,19.617462,894.86334,14.215406,220.04941,79.65285
2019-07-04 18:00:00,23.125,19.564117,894.63696,14.577128,220.84622,80.39413
2019-07-04 19:00:00,23.062042,19.597656,894.25604,14.950341,222.11969,80.86913
2019-07-04 20:00:00,22.602966,19.450409,893.8334,15.195815,223.27806,82.393105
2019-07-04 21:00:00,22.498901,19.40741,893.46466,15.311803,224.52809,82.69407
2019-07-04 22:00:00,22.207977,19.445251,893.3801,13.700458,224.94536,84.36853
2019-07-04 23:00:00,22.174866,19.430939,893.3134,14.086707,224.21613,84.46358
2019-07-05 00:00:00,22.378021,19.44986,893.4584,14.349515,223.6024,83.524025
2019-07-05 01:00:00,22.398987,19.410583,893.7328,14.488504,222.63101,83.214165
2019-07-05 02:00:00,23.286865,19.568878,894.01794,14.959863,221.89305,79.63517
2019-07-05 03:00:00,23.658813,19.59845,894.1682,15.484455,222.46335,78.01189
2019-07-05 04:00:00,23.895538,19.639008,894.28284,15.922966,223.47215,77.102486
2019-07-05 05:00:00,25.012115,19.676392,894.1755,16.237316,224.68494,72.28461
2019-07-05 06:00:00,25.483276,19.625122,893.865,16.468533,225.60014,70.06256
2019-07-05 07:00:00,25.606903,19.670868,893.40216,16.568941,226.42728,69.74791
2019-07-05 08:00:00,26.108551,19.651154,892.8498,16.5548,227.23982,67.62279
2019-07-05 09:00:00,26.15207,19.667053,892.28204,16.516798,227.81065,67.51563
2019-07-05 10:00:00,25.738617,19.738892,891.7262,15.044275,230.56212,69.497765
2019-07-05 11:00:00,25.621368,19.574097,891.4725,15.115019,229.4602,69.270615
2019-07-05 12:00:00,25.421082,19.527954,891.47375,15.006037,228.36772,69.89884
2019-07-05 13:00:00,25.199615,19.501984,891.7466,14.857634,226.5033,70.71158
2019-07-05 14:00:00,24.446106,19.672699,892.3033,14.748342,224.54636,74.75356
2019-07-05 15:00:00,23.939575,19.611755,892.9217,14.854503,223.07065,76.76869
2019-07-05 16:00:00,23.774658,19.592682,893.43896,15.089373,222.3529,77.44199
2019-07-05 17:00:00,23.24002,19.589447,893.59674,15.404143,222.30374,79.962906
2019-07-05 18:00:00,23.025696,19.51764,893.4788,15.748947,222.85164,80.645294
2019-07-05 19:00:00,22.892548,19.507935,893.195,16.064339,223.66803,81.249
2019-07-05 20:00:00,22.370789,19.364136,892.8748,16.29762,224.60475,83.11648
2019-07-05 21:00:00,22.268738,19.333466,892.58,16.348055,225.58855,83.47461
2019-07-05 22:00:00,21.990051,19.102936,892.5189,15.739025,228.69084,83.69362
2019-07-05 23:00:00,21.932098,19.086914,892.4811,15.7673645,228.29951,83.90619
2019-07-06 00:00:00,22.067108,19.135895,892.61505,15.721222,227.96089,83.472664
2019-07-06 01:00:00,22.090668,19.088867,892.90594,15.726311,227.37726,83.10895
2019-07-06 02:00:00,22.915985,19.333466,893.3086,16.006933,227.09035,80.25826
2019-07-06 03:00:00,23.099792,19.298615,893.66345,16.42904,227.77974,79.19846
2019-07-06 04:00:00,23.338074,19.363647,893.9004,16.673773,228.73221,78.38294
2019-07-06 05:00:00,24.419373,19.428802,893.85626,16.879768,229.65694,73.74742
2019-07-06 06:00:00,24.906189,19.384094,893.6149,17.074755,230.74228,71.433525
2019-07-06 07:00:00,25.058105,19.404877,893.2975,17.169655,231.74922,70.880905
2019-07-06 08:00:00,25.270996,19.444275,892.8566,17.090693,232.85269,70.15968
2019-07-06 09:00:00,25.385284,19.151337,892.32587,16.946949,233.81596,68.42533
2019-07-06 10:00:00,25.28537,19.440918,891.7615,15.991434,236.0468,70.085075
2019-07-06 11:00:00,25.19577,19.412231,891.6218,15.633236,234.87952,70.33424
2019-07-06 12:00:00,24.995728,19.418549,891.639,15.125284,232.84682,71.205475
2019-07-06 13:00:00,24.823883,19.403503,892.03284,14.754863,229.85344,71.87202
2019-07-06 14:00:00,24.245575,19.431763,892.5743,14.639426,227.2211,74.53318
2019-07-06 15:00:00,23.377258,19.304901,893.24274,14.625837,225.37924,77.91243
2019-07-06 16:00:00,23.17279,19.28247,893.75916,14.711874,224.07817,78.7705
2019-07-06 17:00:00,22.821228,19.31836,893.89874,14.811094,223.64981,80.64446
2019-07-06 18:00:00,22.690552,19.341125,893.73846,15.030647,223.9844,81.401215
2019-07-06 19:00:00,22.572388,19.31543,893.41956,15.246352,224.87772,81.85609
2019-07-06 20:00:00,22.125458,19.074219,893.15735,15.423552,225.83974,82.85727
2019-07-06 21:00:00,21.942139,19.030304,892.94305,15.424485,226.93265,83.559296
2019-07-06 22:00:00,21.73938,18.964294,892.8454,14.770975,231.12524,84.25245
2019-07-06 23:00:00,21.647888,18.88446,892.91095,14.708233,230.91498,84.30375
2019-07-07 00:00:00,21.85553,18.923798,893.2089,14.541762,230.80693,83.445724
2019-07-07 01:00:00,21.927551,18.875366,893.6336,14.521386,230.83992,82.82894
2019-07-07 02:00:00,22.85788,19.12555,894.0362,14.761252,230.95001,79.505135
2019-07-07 03:00:00,23.283142,19.12265,894.4433,15.196905,231.73964,77.47199
2019-07-07 04:00:00,23.608978,19.222748,894.73627,15.545528,232.71033,76.43943
2019-07-07 05:00:00,24.599518,19.268463,894.85016,15.784977,233.5078,72.2325
2019-07-07 06:00:00,25.177917,19.267456,894.7062,15.881532,234.306,69.77761
2019-07-07 07:00:00,25.378235,19.293427,894.3899,15.883382,234.8387,69.06244
2019-07-07 08:00:00,26.067108,19.358002,893.9916,15.705493,235.06604,66.56496
2019-07-07 09:00:00,26.149689,19.371033,893.57086,15.427786,235.29161,66.294426
2019-07-07 10:00:00,25.718048,19.312408,893.176,14.377757,237.33334,67.76291
2019-07-07 11:00:00,25.655212,19.274475,893.1672,13.913385,234.92651,67.855545
2019-07-07 12:00:00,25.472229,19.236694,893.3474,13.504096,231.03531,68.435585
2019-07-07 13:00:00,25.26709,19.267822,893.7396,13.40715,226.7087,69.40981
2019-07-07 14:00:00,24.497375,19.340881,894.3015,13.503309,223.43051,73.00353
2019-07-07 15:00:00,23.717072,19.336365,894.91565,13.695954,221.15779,76.4825
2019-07-07 16:00:00,23.555176,19.299591,895.4383,14.029624,219.93465,77.0554
2019-07-07 17:00:00,23.023285,19.19928,895.6632,14.350575,219.69507,79.07528
2019-07-07 18:00:00,22.8255,19.110199,895.585,14.668311,220.28152,79.58506
2019-07-07 19:00:00,22.685913,19.115723,895.29846,14.885983,221.19783,80.28915
2019-07-07 20:00:00,22.169281,18.983063,894.9691,14.984239,222.33958,82.16788
2019-07-07 21:00:00,21.974243,18.955658,894.6816,14.997364,223.41344,83.00835
2019-07-07 22:00:00,21.865875,19.002197,894.69995,14.785452,225.10805,83.80205
2019-07-07 23:00:00,21.80664,18.964752,894.7565,14.764956,225.52872,83.90938
2019-07-08 00:00:00,22.005493,19.035828,894.9869,14.657943,225.57965,83.265724
2019-07-08 01:00:00,22.126404,19.037628,895.4046,14.590681,225.52888,82.663635
2019-07-08 02:00:00,23.145721,19.214935,895.7837,14.804314,226.03374,78.56843
2019-07-08 03:00:00,23.431335,19.259918,896.0705,15.242767,227.7043,77.44146
2019-07-08 04:00:00,23.727325,19.328156,896.2125,15.538118,229.29694,76.396255
2019-07-08 05:00:00,24.941895,19.393585,896.1404,15.600252,230.72223,71.323616
2019-07-08 06:00:00,25.45819,19.444885,895.85016,15.620559,232.06514,69.38571
2019-07-08 07:00:00,25.64212,19.490082,895.4115,15.475196,233.02222,68.82514
2019-07-08 08:00:00,26.342316,19.400085,894.8907,15.288442,233.39355,65.6629
2019-07-08 09:00:00,26.446869,19.427063,894.343,15.038009,233.4277,65.36863
2019-07-08 10:00:00,26.040863,19.313293,893.7603,13.906632,233.96335,66.48316
2019-07-08 11:00:00,25.922699,19.276886,893.6424,13.487298,231.9014,66.79823
2019-07-08 12:00:00,25.744873,19.282898,893.81177,13.05813,228.27496,67.53105
2019-07-08 13:00:00,25.566437,19.423279,894.25037,12.766316,224.50029,68.84851
2019-07-08 14:00:00,24.72879,19.499908,894.7885,12.707856,221.02371,72.71584
2019-07-08 15:00:00,24.035309,19.355774,895.33124,12.883943,218.2927,75.12365
2019-07-08 16:00:00,23.853119,19.440155,895.7058,13.265299,216.76962,76.3503
2019-07-08 17:00:00,23.336761,19.45633,895.79626,13.680452,216.43973,78.84228
2019-07-08 18:00:00,23.118042,19.347717,895.52826,14.0820055,216.96991,79.35322
2019-07-08 19:00:00,22.982666,19.333801,895.05615,14.387204,217.98335,79.93656
2019-07-08 20:00:00,22.424774,19.175415,894.5916,14.659307,219.07956,81.876495
2019-07-08 21:00:00,22.287628,19.136993,894.21704,14.743161,220.11383,82.36483
2019-07-08 22:00:00,22.044739,19.061829,894.09,14.257034,220.80617,83.20154
2019-07-08 23:00:00,22.001312,19.049042,894.1817,14.289184,220.70691,83.35562
2019-07-09 00:00:00,22.131622,19.07489,894.49615,14.274501,220.22708,82.829605
2019-07-09 01:00:00,22.189636,19.023956,895.0198,14.276664,218.93323,82.2757
2019-07-09 02:00:00,23.040955,19.146606,895.41077,14.605695,218.0052,78.73197
2019-07-09 03:00:00,23.368164,19.236053,895.6439,15.249286,218.78294,77.62179
2019-07-09 04:00:00,23.643066,19.335236,895.6803,15.644557,220.0235,76.81865
2019-07-09 05:00:00,24.623047,19.453094,895.53345,15.88587,221.18764,72.96422
2019-07-09 06:00:00,25.08899,19.449463,895.19037,16.029264,222.08344,70.947014
2019-07-09 07:00:00,25.239777,19.52124,894.7446,16.03206,222.89586,70.6272
2019-07-09 08:00:00,25.832458,19.4682,894.2579,15.920463,223.30441,67.96024
2019-07-09 09:00:00,25.88742,19.462677,893.7367,15.693395,223.54715,67.716064
2019-07-09 10:00:00,25.625244,19.495667,893.1248,14.592295,223.24248,68.918015
2019-07-09 11:00:00,25.51593,19.482422,893.0483,14.439166,222.19977,69.30967
2019-07-09 12:00:00,25.353668,19.429108,893.2506,14.13544,220.5031,69.749695
2019-07-09 13:00:00,25.165985,19.48761,893.7025,13.747244,218.23631,70.79005
2019-07-09 14:00:00,24.444458,19.55484,894.31024,13.658349,216.24678,74.21582
2019-07-09 15:00:00,23.72586,19.41034,894.8789,13.719955,215.28326,76.79461
2019-07-09 16:00:00,23.514893,19.387177,895.24994,13.928284,215.36792,77.664825
2019-07-09 17:00:00,23.005768,19.373627,895.3308,14.17233,216.28075,80.0229
2019-07-09 18:00:00,22.8497,19.338013,895.0808,14.423438,217.99608,80.603966
2019-07-09 19:00:00,22.713745,19.302582,894.6487,14.641332,220.15572,81.09202
2019-07-09 20:00:00,22.29602,19.218353,894.2079,14.809481,222.23265,82.7411
2019-07-09 21:00:00,22.12912,19.213165,893.88165,14.839952,224.07225,83.55916
2019-07-09 22:00:00,21.898224,19.075989,893.7352,13.8530655,227.35791,84.02254
2019-07-09 23:00:00,21.863281,19.10904,893.8193,13.92535,228.0888,84.37557
2019-07-10 00:00:00,22.014984,19.149078,894.0628,13.894673,228.3088,83.807144
2019-07-10 01:00:00,22.076385,19.107147,894.56494,13.86524,228.3486,83.27614
2019-07-10 02:00:00,22.644714,19.297516,894.9988,14.170349,228.52942,81.40666
2019-07-10 03:00:00,22.977325,19.39148,895.3017,14.819115,229.97859,80.249855
2019-07-10 04:00:00,23.229675,19.39917,895.3298,15.192468,231.204,79.07227
2019-07-10 05:00:00,24.325165,19.465149,895.13666,15.49397,232.21107,74.33258
2019-07-10 06:00:00,24.847473,19.427856,894.8571,15.677233,232.93805,71.87963
2019-07-10 07:00:00,24.99295,19.442352,894.4458,15.684683,233.63187,71.322754
2019-07-10 08:00:00,25.632172,19.350769,893.93695,15.562401,233.94724,68.27179
2019-07-10 09:00:00,25.699188,19.427704,893.41583,15.288953,233.85199,68.32707
2019-07-10 10:00:00,25.597412,19.373352,892.8792,13.690012,236.42146,68.50895
2019-07-10 11:00:00,25.563293,19.413666,892.877,13.148069,233.51938,68.820175
2019-07-10 12:00:00,25.4599,19.418152,893.1895,12.658053,229.47224,69.26344
2019-07-10 13:00:00,25.25644,19.426971,893.7073,12.37087,225.08524,70.144966
2019-07-10 14:00:00,24.434357,19.464325,894.35077,12.321645,221.57979,73.84419
2019-07-10 15:00:00,23.670807,19.321198,894.9927,12.4057455,219.45905,76.623474
2019-07-10 16:00:00,23.542206,19.336578,895.4899,12.624458,218.6616,77.29338
2019-07-10 17:00:00,23.051025,19.302612,895.62396,12.854488,218.90639,79.45221
2019-07-10 18:00:00,22.922241,19.27649,895.44476,13.058774,219.94902,79.94385
2019-07-10 19:00:00,22.78717,19.24289,895.1166,13.2589,221.27806,80.432335
2019-07-10 20:00:00,22.319,19.068207,894.8007,13.321117,222.47507,81.856026
2019-07-10 21:00:00,22.185059,18.9469,894.54016,13.304634,223.71594,81.90393
2019-07-10 22:00:00,21.959167,18.90271,894.5158,12.613866,226.18622,82.810585
2019-07-10 23:00:00,21.941559,18.90512,894.63007,12.693512,226.09422,82.91208
2019-07-11 00:00:00,22.102112,18.974243,894.96967,12.685427,225.5247,82.45938
2019-07-11 01:00:00,22.148102,18.9516,895.4826,12.624404,224.3615,82.11259
2019-07-11 02:00:00,22.903687,19.14853,896.0079,13.021929,223.91348,79.398415
2019-07-11 03:00:00,23.144653,19.155182,896.40375,13.771286,225.57751,78.281555
2019-07-11 04:00:00,23.40805,19.206146,896.5846,14.18665,227.25926,77.2911
2019-07-11 05:00:00,24.467041,19.341217,896.5606,14.383311,228.50116,73.13772
2019-07-11 06:00:00,24.98526,19.303864,896.32556,14.440225,229.37961,70.7434
2019-07-11 07:00:00,25.181458,19.349365,895.98755,14.335048,230.11005,70.11946
2019-07-11 08:00:00,25.761383,19.245087,895.6032,14.047721,230.6065,67.30636
2019-07-11 09:00:00,25.94931,19.358795,895.19727,13.690396,230.89052,67.03389
2019-07-11 10:00:00,25.622253,19.230865,894.6948,12.175981,232.30322,67.80401
2019-07-11 11:00:00,25.521332,19.190918,894.70374,11.729628,229.52307,68.04201
2019-07-11 12:00:00,25.403229,19.200409,894.8354,11.217787,225.39984,68.561676
2019-07-11 13:00:00,25.230682,19.191345,895.28375,10.849707,221.24675,69.22988
2019-07-11 14:00:00,24.460754,19.363983,895.8342,10.673367,217.1794,73.26895
2019-07-11 15:00:00,23.747864,19.181732,896.38837,10.747669,214.5083,75.60941
2019-07-11 16:00:00,23.617981,19.164276,896.8373,11.000224,213.27989,76.1202
2019-07-11 17:00:00,23.083069,19.202667,896.9564,11.275179,213.26546,78.8064
2019-07-11 18:00:00,22.943817,19.181854,896.73724,11.525952,214.49577,79.370346
2019-07-11 19:00:00,22.806793,19.15689,896.2893,11.746492,216.22949,79.90754
2019-07-11 20:00:00,22.354218,19.027649,895.9279,11.89873,217.98915,81.47456
2019-07-11 21:00:00,22.184448,19.041382,895.71344,11.979069,219.5413,82.391205
2019-07-11 22:00:00,21.924408,18.983002,895.6174,11.40193,222.9904,83.403275
2019-07-11 23:00:00,21.87854,18.958923,895.68994,11.499761,222.52736,83.5115
2019-07-12 00:00:00,22.10431,19.055786,896.0478,11.506413,221.57695,82.86878
2019-07-12 01:00:00,22.140198,18.99112,896.59076,11.566721,220.68396,82.354935
2019-07-12 02:00:00,22.834991,19.135193,897.10266,12.061465,220.57158,79.66332
2019-07-12 03:00:00,23.062439,19.168549,897.449,12.772184,223.17154,78.737274
2019-07-12 04:00:00,23.305786,19.1828,897.5885,13.0759325,224.87085,77.656654
2019-07-12 05:00:00,24.494873,19.254852,897.5167,13.189798,226.06403,72.62452
2019-07-12 06:00:00,25.078644,19.191895,897.2996,13.239052,227.13979,69.861946
2019-07-12 07:00:00,25.264496,19.250519,896.8789,13.229797,228.318,69.34579
2019-07-12 08:00:00,26.002563,19.322632,896.4504,13.10157,228.96292,66.672745
2019-07-12 09:00:00,26.10791,19.32016,896.0266,12.894309,229.17715,66.24834
2019-07-12 10:00:00,25.71701,19.254211,895.5045,12.188019,232.84016,67.52203
2019-07-12 11:00:00,25.649933,19.311829,895.47833,11.6397295,230.47829,68.03481
2019-07-12 12:00:00,25.505524,19.304901,895.67303,11.062306,226.70027,68.590996
2019-07-12 13:00:00,25.28601,19.270233,896.0704,10.677215,221.75795,69.3421
2019-07-12 14:00:00,24.572021,19.402954,896.6515,10.597399,217.76225,72.9594
2019-07-12 15:00:00,23.757538,19.236328,897.2036,10.783452,215.22643,75.822815
2019-07-12 16:00:00,23.619751,19.230652,897.69257,11.13627,214.00502,76.42745
2019-07-12 17:00:00,23.062317,19.22586,897.8462,11.518196,213.92532,79.01945
2019-07-12 18:00:00,22.865326,19.176544,897.6909,11.902511,214.78302,79.72219
2019-07-12 19:00:00,22.715302,19.171387,897.2592,12.243914,216.24553,80.42465
2019-07-12 20:00:00,22.249268,19.110596,896.8259,12.476178,217.85463,82.421616
2019-07-12 21:00:00,22.098907,19.025116,896.4905,12.619294,219.46066,82.737656
2019-07-12 22:00:00,21.756683,18.830658,896.37445,12.316345,224.7964,83.46414
2019-07-12 23:00:00,21.692139,18.77655,896.4032,12.466388,225.02243,83.5112
2019-07-13 00:00:00,21.87027,18.852509,896.60333,12.529866,224.56158,83.00042
2019-07-13 01:00:00,21.894562,18.812744,897.014,12.62553,223.95657,82.67187
2019-07-13 02:00:00,22.581207,19.003754,897.4515,13.255543,224.55226,80.2388
2019-07-13 03:00:00,22.852478,18.944733,897.81146,13.940991,227.03284,78.63929
2019-07-13 04:00:00,23.15982,18.944763,897.915,14.241614,229.09436,77.19028
2019-07-13 05:00:00,24.309631,19.03778,897.8031,14.434697,230.84682,72.448074
2019-07-13 06:00:00,25.056976,18.986694,897.473,14.51418,232.2356,69.063065
2019-07-13 07:00:00,25.269684,18.991638,897.0018,14.5845785,233.75444,68.21481
2019-07-13 08:00:00,25.992157,18.960785,896.4726,14.56994,235.09181,65.22632
2019-07-13 09:00:00,26.093506,19.090973,895.97955,14.399734,236.03233,65.36499
2019-07-13 10:00:00,25.601593,18.865723,895.4012,13.343068,238.79312,66.35887
2019-07-13 11:00:00,25.544373,18.786224,895.2218,12.804327,237.5488,66.254814
2019-07-13 12:00:00,25.353699,18.960022,895.30865,12.207709,235.32819,67.740974
2019-07-13 13:00:00,25.17868,19.039886,895.70483,11.720644,232.38269,68.79203
2019-07-13 14:00:00,24.467499,19.061981,896.2149,11.438467,229.61095,71.874664
2019-07-13 15:00:00,23.66034,18.908813,896.77655,11.519417,227.97266,74.72615
2019-07-13 16:00:00,23.479126,18.908112,897.19147,11.768096,227.19987,75.543365
2019-07-13 17:00:00,22.899231,18.839203,897.319,12.100475,227.60109,77.90192
2019-07-13 18:00:00,22.722626,18.877777,897.0209,12.429078,228.85123,78.93017
2019-07-13 19:00:00,22.540405,18.818817,896.52875,12.813139,230.3425,79.51452
2019-07-13 20:00:00,21.974426,18.63211,895.9964,13.137812,232.06824,81.3462
2019-07-13 21:00:00,21.883728,18.593933,895.59216,13.344433,233.62457,81.60244
2019-07-13 22:00:00,21.634155,18.484802,895.4375,12.8514385,238.32059,82.29199
2019-07-13 23:00:00,21.54184,18.458862,895.3732,12.984958,238.3346,82.62366
2019-07-14 00:00:00,21.774933,18.519135,895.5125,13.033378,237.99974,81.7626
2019-07-14 01:00:00,21.838013,18.467987,895.8975,12.979443,237.82883,81.18777
2019-07-14 02:00:00,22.708374,18.682343,896.3549,13.360678,238.23273,78.03949
2019-07-14 03:00:00,22.92926,18.65207,896.72144,14.076976,240.79782,76.85611
2019-07-14 04:00:00,23.125,18.61499,896.8675,14.388964,242.81688,75.77523
2019-07-14 05:00:00,24.305939,18.690887,896.7872,14.519179,244.39651,70.91122
2019-07-14 06:00:00,24.86142,18.61499,896.4571,14.549103,245.1272,68.26924
2019-07-14 07:00:00,25.074585,18.682129,895.96484,14.551968,245.26459,67.69054
2019-07-14 08:00:00,25.57193,18.73349,895.4032,14.552514,245.37302,65.928856
2019-07-14 09:00:00,25.61264,18.764954,894.8212,14.356583,245.25404,65.89921
2019-07-14 10:00:00,25.154907,18.677673,894.23206,12.950731,250.37791,67.348656
2019-07-14 11:00:00,25.074219,18.69748,894.00586,12.507574,248.3631,67.75701
2019-07-14 12:00:00,24.921265,18.696808,894.0408,11.858892,245.26367,68.374886
2019-07-14 13:00:00,24.741058,18.740112,894.33545,11.394125,241.96805,69.30181
2019-07-14 14:00:00,24.011993,18.821686,894.829,11.259233,238.42447,72.765335
2019-07-14 15:00:00,23.310852,18.767853,895.435,11.439489,235.8761,75.648705
2019-07-14 16:00:00,23.159546,18.740173,895.8136,11.788317,234.11157,76.21145
2019-07-14 17:00:00,22.63559,18.729553,895.90515,12.252665,233.59619,78.61662
2019-07-14 18:00:00,22.493774,18.671051,895.6019,12.746335,233.95209,79.006966
2019-07-14 19:00:00,22.38916,18.66272,895.1146,13.200745,234.88525,79.46948
2019-07-14 20:00:00,21.875763,18.504883,894.5888,13.538104,236.02225,81.188286
2019-07-14 21:00:00,21.732452,18.440582,894.1809,13.731562,237.31268,81.57276
2019-07-14 22:00:00,21.415833,18.375061,893.9688,12.926669,240.10693,82.82739
2019-07-14 23:00:00,21.373657,18.350525,893.9481,13.206589,240.34644,82.91404
2019-07-15 00:00:00,21.617218,18.431671,894.0988,13.335589,240.60226,82.10355
2019-07-15 01:00:00,21.651306,18.390015,894.54803,13.392001,240.65707,81.718994
2019-07-15 02:00:00,22.522827,18.579926,895.0143,13.780835,240.7967,78.41929
2019-07-15 03:00:00,22.724274,18.57965,895.3861,14.579287,242.76575,77.46504
2019-07-15 04:00:00,22.972534,18.65747,895.53656,14.903126,244.41998,76.68093
2019-07-15 05:00:00,24.13916,18.746826,895.47485,15.054203,245.65555,71.874916
2019-07-15 06:00:00,24.737885,18.693024,895.2143,15.060645,246.34726,69.11118
2019-07-15 07:00:00,24.909332,18.811981,894.8237,15.01238,246.68703,68.9179
2019-07-15 08:00:00,25.54068,18.798035,894.3688,14.905546,246.76282,66.31829
2019-07-15 09:00:00,25.600708,18.865417,893.93475,14.694468,246.81125,66.361084
2019-07-15 10:00:00,25.219543,18.928162,893.3984,13.453707,251.10745,68.148186
2019-07-15 11:00:00,25.19983,18.975006,893.2612,13.045272,249.6376,68.42795
2019-07-15 12:00:00,25.040222,18.903076,893.3772,12.419363,247.26692,68.7722
2019-07-15 13:00:00,24.78244,18.807281,893.7018,11.822486,244.41124,69.42151
2019-07-15 14:00:00,24.058075,18.88562,894.24927,11.52187,241.39812,72.85459
2019-07-15 15:00:00,23.179382,18.707428,894.85736,11.437043,238.94534,75.96444
2019-07-15 16:00:00,23.066833,18.73883,895.37286,11.602618,237.22382,76.633484
2019-07-15 17:00:00,22.506104,18.70993,895.618,11.848773,236.56195,79.13998
2019-07-15 18:00:00,22.306427,18.664001,895.5065,12.170758,236.73672,79.87679
2019-07-15 19:00:00,22.166718,18.651337,895.19946,12.486647,237.42163,80.49518
2019-07-15 20:00:00,21.78772,18.597809,894.7936,12.732599,238.56664,82.10209
2019-07-15 21:00:00,21.701294,18.590546,894.46295,12.836976,239.90228,82.49925
2019-07-15 22:00:00,21.420685,18.55954,894.33966,12.057798,244.92056,83.76515
2019-07-15 23:00:00,21.360443,18.52417,894.4274,12.0505295,244.81639,83.888916
2019-07-16 00:00:00,21.580658,18.584717,894.7511,12.01903,244.6593,83.07976
2019-07-16 01:00:00,21.661285,18.540619,895.2891,12.048894,244.71448,82.44324
2019-07-16 02:00:00,22.531433,18.771149,895.83307,12.565516,245.1549,79.32126
2019-07-16 03:00:00,22.765656,18.778717,896.20294,13.254721,247.06549,78.23884
2019-07-16 04:00:00,22.983856,18.81369,896.4146,13.543636,248.4899,77.38036
2019-07-16 05:00:00,24.21875,18.928833,896.4456,13.640671,249.40906,72.35042
2019-07-16 06:00:00,24.85199,18.879456,896.24554,13.734564,249.99753,69.44618
2019-07-16 07:00:00,25.021362,18.922455,895.91125,13.802436,250.69049,68.932884
2019-07-16 08:00:00,25.618164,19.003326,895.44507,13.815732,251.59299,66.86542
2019-07-16 09:00:00,25.76535,18.889465,895.0349,13.715693,252.69543,65.81488
2019-07-16 10:00:00,25.323364,18.9953,894.40485,12.419342,257.42328,68.01285
2019-07-16 11:00:00,25.280975,19.033447,894.27405,12.054953,256.83026,68.347015
2019-07-16 12:00:00,25.122925,18.950745,894.3899,11.3732395,254.42111,68.638054
2019-07-16 13:00:00,24.891327,18.95871,894.7199,10.706104,250.0359,69.62696
2019-07-16 14:00:00,24.158478,19.031006,895.2658,10.434054,246.3227,73.07685
2019-07-16 15:00:00,23.285706,18.872498,895.91046,10.299199,243.88048,76.260574
2019-07-16 16:00:00,23.108185,18.848267,896.41046,10.31837,242.2447,76.966545
2019-07-16 17:00:00,22.65622,18.845154,896.6075,10.460486,241.39023,79.08749
2019-07-16 18:00:00,22.382324,18.867249,896.44653,10.729102,241.58353,80.52527
2019-07-16 19:00:00,22.209106,18.836731,896.09216,11.022681,242.69211,81.22348
2019-07-16 20:00:00,21.738647,18.737183,895.6842,11.228971,244.27588,83.06954
2019-07-16 21:00:00,21.646088,18.713593,895.3703,11.2630005,245.76428,83.41772
2019-07-16 22:00:00,21.383057,18.74643,895.2221,10.609921,245.78229,84.945656
2019-07-16 23:00:00,21.316223,18.707,895.266,10.693839,246.18799,85.08429
2019-07-17 00:00:00,21.58319,18.717926,895.51587,10.673294,246.31622,83.76189
2019-07-17 01:00:00,21.6409,18.675232,895.8493,10.686292,246.76111,83.244286
2019-07-17 02:00:00,22.654602,18.898773,896.2263,11.057873,247.65005,79.36049
2019-07-17 03:00:00,23.004272,18.888458,896.5351,11.500552,249.88774,77.64653
2019-07-17 04:00:00,23.233337,18.909912,896.6803,11.701537,251.50699,76.68111
2019-07-17 05:00:00,24.396118,19.001984,896.61096,11.831938,252.25073,71.91291
2019-07-17 06:00:00,25.1875,18.803772,896.28265,11.981556,252.52786,67.74998
2019-07-17 07:00:00,25.330078,18.85608,895.8576,12.17937,252.75778,67.39744
2019-07-17 08:00:00,25.93573,18.874176,895.34784,12.314856,253.42606,65.09168
2019-07-17 09:00:00,26.009125,18.912445,894.8382,12.369714,254.18137,64.964554
2019-07-17 10:00:00,25.486267,18.996857,894.22546,11.47362,260.4232,67.36396
2019-07-17 11:00:00,25.339844,18.916626,894.0351,11.254284,258.66714,67.613434
2019-07-17 12:00:00,25.237,18.994354,894.10376,10.890975,255.9802,68.35917
2019-07-17 13:00:00,25.072815,18.990906,894.3965,10.449699,251.96774,69.01602
2019-07-17 14:00:00,24.291656,19.151764,894.95154,10.284677,248.96329,73.04336
2019-07-17 15:00:00,23.440094,19.072937,895.5313,10.259144,246.67734,76.504105
2019-07-17 16:00:00,23.270935,19.049805,896.02893,10.316604,245.07892,77.17784
2019-07-17 17:00:00,22.635284,18.987427,896.21704,10.488317,244.20296,79.89443
2019-07-17 18:00:00,22.404327,18.950806,896.0416,10.739859,244.44678,80.83821
2019-07-17 19:00:00,22.249725,18.909668,895.6931,10.960458,245.51277,81.39278
2019-07-17 20:00:00,21.730042,18.742584,895.2477,11.060822,246.74857,83.14129
2019-07-17 21:00:00,21.55655,18.659607,894.9389,11.08746,248.33334,83.59315
2019-07-17 22:00:00,21.26178,18.6221,894.75494,10.082522,253.87708,84.916664
2019-07-17 23:00:00,21.197418,18.590271,894.75073,10.189694,253.95615,85.082954
2019-07-18 00:00:00,21.552551,18.707428,894.96674,10.09686,253.38348,83.86398
2019-07-18 01:00:00,21.672546,18.713318,895.24585,10.040208,252.8598,83.28145
2019-07-18 02:00:00,22.765411,18.958313,895.4789,10.246924,252.52643,79.12242
2019-07-18 03:00:00,23.121918,19.00473,895.6958,10.471294,253.47502,77.65739
2019-07-18 04:00:00,23.382172,18.994965,895.86487,10.527351,254.32619,76.399506
2019-07-18 05:00:00,24.674225,19.032501,895.89655,10.549178,254.36285,70.861015
2019-07-18 06:00:00,25.301605,19.034485,895.7729,10.583786,254.16544,68.26759
2019-07-18 07:00:00,25.559021,19.10559,895.3856,10.654198,254.0164,67.529854
2019-07-18 08:00:00,26.158417,19.085022,894.8615,10.727732,253.87354,65.09049
2019-07-18 09:00:00,26.153473,19.10498,894.30975,10.741695,253.73273,65.190575
2019-07-18 10:00:00,25.569061,19.239075,893.7139,9.15667,260.89178,68.05324
2019-07-18 11:00:00,25.43509,19.21408,893.4624,9.163036,257.56357,68.49025
2019-07-18 12:00:00,25.1604,19.109985,893.52155,9.003908,253.73608,69.16859
2019-07-18 13:00:00,24.95636,19.13446,893.9341,8.819976,248.51865,70.121704
2019-07-18 14:00:00,24.226166,19.25882,894.5058,8.826065,244.10251,73.82131
2019-07-18 15:00:00,23.396301,19.094513,895.1307,8.969349,240.74011,76.80974
2019-07-18 16:00:00,23.273865,19.07901,895.5874,9.20386,238.07382,77.304825
2019-07-18 17:00:00,22.723877,19.158112,895.8157,9.555135,236.7131,80.31635
2019-07-18 18:00:00,22.49759,19.050568,895.705,9.931146,236.50075,80.88314
2019-07-18 19:00:00,22.369263,19.019958,895.3884,10.2471075,237.44583,81.361015
2019-07-18 20:00:00,21.90335,18.94757,894.93945,10.435575,239.04904,83.32608
2019-07-18 21:00:00,21.745117,18.909058,894.61646,10.509483,240.70901,83.93306
2019-07-18 22:00:00,21.41513,18.854614,894.53436,9.8896265,248.3255,85.35393
2019-07-18 23:00:00,21.382202,18.829224,894.5657,9.651619,248.53369,85.390724
2019-07-19 00:00:00,21.666565,18.906647,894.8407,9.32988,248.1463,84.32426
2019-07-19 01:00:00,21.785645,18.93396,895.22705,9.064718,247.31305,83.855774
2019-07-19 02:00:00,22.930359,19.247131,895.6077,9.086814,245.72508,79.75866
2019-07-19 03:00:00,23.257843,19.230316,895.93054,9.135119,244.88644,78.11266
2019-07-19 04:00:00,23.516266,19.259644,896.1143,9.185839,244.44962,77.04454
2019-07-19 05:00:00,24.861359,19.317627,896.1019,9.250821,244.1073,71.329315
2019-07-19 06:00:00,25.494934,19.359558,895.82635,9.390388,243.47592,68.86798
2019-07-19 07:00:00,25.648376,19.445618,895.4775,9.550364,243.15225,68.60969
2019-07-19 08:00:00,26.232025,19.419464,894.94415,9.642056,243.11139,66.17166
2019-07-19 09:00:00,26.309937,19.518463,894.4068,9.598567,243.14478,66.27444
2019-07-19 10:00:00,25.640228,19.528809,893.74335,9.165927,248.6023,68.99873
2019-07-19 11:00:00,25.564606,19.453125,893.61163,8.781952,246.96039,68.98389
2019-07-19 12:00:00,25.380524,19.423553,893.74097,8.428932,243.71921,69.614365
2019-07-19 13:00:00,25.167969,19.434998,894.13873,8.187924,239.18378,70.55056
2019-07-19 14:00:00,24.418823,19.554901,894.6555,8.1100645,234.43173,74.33009
2019-07-19 15:00:00,23.562286,19.40503,895.2706,8.161894,230.68741,77.52933
2019-07-19 16:00:00,23.411774,19.416718,895.77124,8.361954,227.82266,78.29308
2019-07-19 17:00:00,22.974854,19.467102,896.06055,8.650115,226.37315,80.640144
2019-07-19 18:00:00,22.755157,19.390106,895.97534,8.929165,226.68927,81.33033
2019-07-19 19:00:00,22.591919,19.371735,895.7449,9.174528,228.28477,82.046
2019-07-19 20:00:00,22.147003,19.320374,895.3759,9.281736,230.27946,84.027145
2019-07-19 21:00:00,22.031372,19.32489,895.11505,9.275235,232.3664,84.645096
2019-07-19 22:00:00,21.751984,19.186005,895.036,8.527147,236.86768,85.3594
2019-07-19 23:00:00,21.692505,19.159882,895.1065,8.3276825,236.6486,85.53089
2019-07-20 00:00:00,21.959473,19.227722,895.3569,8.146988,235.70035,84.50433
2019-07-20 01:00:00,21.98758,19.191284,895.8,8.043642,233.82272,84.168365
2019-07-20 02:00:00,23.013458,19.362488,896.2237,8.296225,232.39606,79.93028
2019-07-20 03:00:00,23.328888,19.383606,896.49927,8.623113,232.50003,78.52385
2019-07-20 04:00:00,23.579224,19.448761,896.5839,8.787644,233.25024,77.66112
2019-07-20 05:00:00,24.957916,19.52533,896.54333,8.874848,234.17581,71.8415
2019-07-20 06:00:00,25.655273,19.592438,896.26843,8.957789,234.85754,69.21016
2019-07-20 07:00:00,25.779846,19.617188,895.9272,9.117249,235.64313,68.80641
2019-07-20 08:00:00,26.359375,19.609314,895.4369,9.267924,236.3668,66.455284
2019-07-20 09:00:00,26.456512,19.672089,894.93494,9.367198,237.61487,66.33351
2019-07-20 10:00:00,25.813538,19.649445,894.4353,8.804169,249.78755,68.80681
2019-07-20 11:00:00,25.693756,19.579987,894.1943,8.41789,248.78003,68.99897
2019-07-20 12:00:00,25.513275,19.41391,894.2025,7.866137,246.07297,69.02596
2019-07-20 13:00:00,25.301971,19.472351,894.5235,7.5081472,240.86707,70.152855
2019-07-20 14:00:00,24.477692,19.584442,894.99713,7.474295,234.97208,74.204636
2019-07-20 15:00:00,23.641602,19.395569,895.61084,7.6076674,230.4205,77.114334
2019-07-20 16:00:00,23.442291,19.319336,896.11414,7.823788,227.00285,77.677086
2019-07-20 17:00:00,22.905792,19.324585,896.37274,8.143456,225.24255,80.26346
2019-07-20 18:00:00,22.730042,19.315521,896.2609,8.5381565,225.18137,81.07718
2019-07-20 19:00:00,22.565674,19.263031,895.9959,8.9028,226.09306,81.62277
2019-07-20 20:00:00,22.027344,19.163177,895.65076,9.119796,227.39098,83.81762
2019-07-20 21:00:00,21.851654,19.087524,895.3601,9.179863,229.0904,84.322334
2019-07-20 22:00:00,21.669495,19.069061,895.2291,8.6186285,239.51129,85.1678
2019-07-20 23:00:00,21.598114,19.04602,895.28406,8.391741,238.93655,85.417564
2019-07-21 00:00:00,21.908325,19.077332,895.5583,8.145963,237.99722,83.97779
2019-07-21 01:00:00,22.017517,19.09494,895.99475,8.005598,236.84306,83.511925
2019-07-21 02:00:00,22.886993,19.15866,896.4833,8.157916,236.15215,79.52894
2019-07-21 03:00:00,23.220032,19.213562,896.83984,8.516629,235.89255,78.209656
2019-07-21 04:00:00,23.461548,19.230286,897.01,8.808675,236.30617,77.157974
2019-07-21 05:00:00,24.725616,19.231964,896.935,9.07436,237.02219,71.527374
2019-07-21 06:00:00,25.299194,19.174316,896.6315,9.237141,237.81001,68.87509
2019-07-21 07:00:00,25.50708,19.230652,896.1359,9.42088,239.06168,68.26836
2019-07-21 08:00:00,26.297974,19.167206,895.62134,9.481049,240.51575,64.88753
2019-07-21 09:00:00,26.376465,19.180817,895.0821,9.430861,241.66061,64.64235
2019-07-21 10:00:00,25.8461,19.310394,894.54175,8.487138,250.59401,67.24209
2019-07-21 11:00:00,25.727661,19.210144,894.3528,8.026656,248.31122,67.294464
2019-07-21 12:00:00,25.493225,19.147522,894.3579,7.4238687,243.18509,67.97165
2019-07-21 13:00:00,25.272675,19.189087,894.7205,7.2039127,236.80756,69.04738
2019-07-21 14:00:00,24.515503,19.443848,895.2484,7.3302884,230.30156,73.39291
2019-07-21 15:00:00,23.702026,19.313782,895.8381,7.6889052,225.99016,76.44428
2019-07-21 16:00:00,23.520447,19.30896,896.23193,8.119636,223.14116,77.26194
2019-07-21 17:00:00,22.998718,19.326447,896.3654,8.6030655,222.09563,79.82238
2019-07-21 18:00:00,22.806152,19.262207,896.2374,9.010581,222.4645,80.436554
2019-07-21 19:00:00,22.646088,19.191345,895.9564,9.298401,223.57341,80.863556
2019-07-21 20:00:00,22.027435,18.995575,895.59827,9.438278,225.07309,82.945885
2019-07-21 21:00:00,21.884888,18.914032,895.26764,9.463711,226.38358,83.24556
2019-07-21 22:00:00,21.532776,18.775208,895.0798,8.574736,234.31992,84.32203
2019-07-21 23:00:00,21.467163,18.731445,895.1255,8.562699,232.97758,84.43011
2019-07-22 00:00:00,21.821136,18.845642,895.2886,8.450604,231.80846,83.214096
2019-07-22 01:00:00,21.929108,18.838867,895.67303,8.3425,229.75578,82.632515
2019-07-22 02:00:00,23.026215,19.076752,896.0838,8.579753,228.65994,78.45986
2019-07-22 03:00:00,23.377655,19.128693,896.4152,9.111184,229.66425,77.060234
2019-07-22 04:00:00,23.690155,19.20227,896.55115,9.497633,231.8746,75.96967
2019-07-22 05:00:00,24.973755,19.1846,896.4575,9.726254,233.66931,70.26818
2019-07-22 06:00:00,25.505127,19.182281,896.09296,9.769405,234.92276,68.07087
2019-07-22 07:00:00,25.694336,19.24945,895.5898,9.801616,235.95842,67.59285
2019-07-22 08:00:00,26.303009,19.243713,895.105,9.760295,236.84286,65.1781
2019-07-22 09:00:00,26.381744,19.241241,894.5366,9.70468,237.57037,64.86589
2019-07-22 10:00:00,25.878448,19.327393,894.076,9.001037,243.52011,67.18439
2019-07-22 11:00:00,25.721405,19.223816,893.93024,8.701866,241.22067,67.3768
2019-07-22 12:00:00,25.626282,19.24414,894.0161,8.1899185,237.38487,67.84388
2019-07-22 13:00:00,25.436462,19.36972,894.4575,7.9022493,232.46461,69.151344
2019-07-22 14:00:00,24.650726,19.512909,895.07196,8.03002,227.34425,73.114914
2019-07-22 15:00:00,23.800201,19.32843,895.7138,8.3013115,224.08566,76.06328
2019-07-22 16:00:00,23.616241,19.360016,896.1194,8.653086,222.19392,77.06161
2019-07-22 17:00:00,23.088501,19.32611,896.255,9.089572,221.6015,79.38831
2019-07-22 18:00:00,22.922699,19.301422,896.0728,9.477325,222.44339,80.065796
2019-07-22 19:00:00,22.764282,19.26892,895.74866,9.814135,223.70645,80.67469
2019-07-22 20:00:00,22.29309,19.204163,895.42975,10.02188,225.0204,82.68274
2019-07-22 21:00:00,22.182526,19.188019,895.14056,10.139687,226.26906,83.15742
2019-07-22 22:00:00,21.817596,19.017761,895.0642,9.493005,233.29002,84.131065
2019-07-22 23:00:00,21.738007,18.9682,895.14667,9.334988,232.53192,84.28008
2019-07-23 00:00:00,21.979095,18.974792,895.3683,9.19765,231.46533,83.08295
2019-07-23 01:00:00,22.144714,19.035706,895.77325,9.134704,230.69933,82.561584
2019-07-23 02:00:00,23.11319,19.177582,896.15295,9.291208,230.52806,78.54016
2019-07-23 03:00:00,23.488556,19.23935,896.4551,9.627819,231.26479,77.07589
2019-07-23 04:00:00,23.792297,19.326172,896.57935,9.925548,232.20166,76.088745
2019-07-23 05:00:00,25.117523,19.319946,896.456,10.187338,233.2501,70.258224
2019-07-23 06:00:00,25.784363,19.340393,896.1211,10.416491,234.70451,67.61465
2019-07-23 07:00:00,25.943176,19.353119,895.6881,10.547647,236.29015,67.03456
2019-07-23 08:00:00,26.502258,19.14505,895.2404,10.578817,237.36194,64.021645
2019-07-23 09:00:00,26.559143,19.131104,894.7346,10.521807,238.30762,63.7519
2019-07-23 10:00:00,26.18457,19.101288,894.24164,10.135439,243.05838,65.05586
2019-07-23 11:00:00,26.107788,19.070679,894.12054,9.910442,241.61868,65.22726
2019-07-23 12:00:00,25.920502,19.049438,894.2955,9.5938015,238.14746,65.86686
2019-07-23 13:00:00,25.692627,19.120087,894.7559,9.569512,232.97618,67.0571
2019-07-23 14:00:00,24.811249,19.420563,895.3695,9.814667,228.98468,72.00259
2019-07-23 15:00:00,23.904358,19.183807,895.976,10.104235,226.72455,74.910736
2019-07-23 16:00:00,23.741974,19.14737,896.3804,10.440243,225.3874,75.474464
2019-07-23 17:00:00,23.13617,19.080444,896.51306,10.793807,225.2162,77.957726
2019-07-23 18:00:00,22.91925,18.972778,896.37274,11.110615,225.90257,78.45905
2019-07-23 19:00:00,22.769745,18.93045,896.0756,11.375204,227.10364,78.964195
2019-07-23 20:00:00,22.250336,18.792267,895.71014,11.582557,228.22197,80.795135
2019-07-23 21:00:00,22.118652,18.846588,895.4164,11.72405,229.32814,81.72246
2019-07-23 22:00:00,21.825378,18.668488,895.33655,11.32586,232.7829,82.27647
2019-07-23 23:00:00,21.740112,18.648926,895.3504,11.396311,231.99185,82.604965
2019-07-24 00:00:00,21.960663,18.697144,895.54095,11.410131,231.26888,81.74637
2019-07-24 01:00:00,22.070953,18.65332,895.91125,11.418517,230.80937,80.97626
2019-07-24 02:00:00,23.190765,18.953064,896.3323,11.709899,230.3261,77.08597
2019-07-24 03:00:00,23.571533,18.889862,896.6895,12.262632,231.2133,75.03816
2019-07-24 04:00:00,23.955933,18.959503,896.8215,12.565996,232.53354,73.641754
2019-07-24 05:00:00,25.242188,18.96936,896.70734,12.729978,233.86238,68.23159
2019-07-24 06:00:00,25.869598,18.850647,896.3702,12.825483,235.07477,65.25118
2019-07-24 07:00:00,26.015625,18.891785,895.9367,12.7985325,236.24796,64.85586
2019-07-24 08:00:00,26.59909,18.692444,895.46796,12.709659,237.24187,61.88398
2019-07-24 09:00:00,26.623627,18.624664,894.9841,12.535529,238.01608,61.533176
2019-07-24 10:00:00,26.239502,18.690369,894.5533,11.594005,237.93646,63.20262
2019-07-24 11:00:00,26.160004,18.62738,894.4801,11.343602,235.67674,63.25056
2019-07-24 12:00:00,25.99707,18.693634,894.66077,11.172631,231.99509,64.1282
2019-07-24 13:00:00,25.791168,18.923096,895.0795,10.864337,228.23274,65.85234
2019-07-24 14:00:00,24.822327,18.951996,895.6919,10.828504,224.60017,69.88501
2019-07-24 15:00:00,23.924713,18.86142,896.4052,11.054857,222.54362,73.3297
2019-07-24 16:00:00,23.728455,18.81665,896.9727,11.350503,221.44734,73.993225
2019-07-24 17:00:00,23.123291,18.745941,897.2215,11.655439,221.4227,76.40619
2019-07-24 18:00:00,22.92981,18.756317,897.0732,11.9726515,222.18114,77.35613
2019-07-24 19:00:00,22.750183,18.734375,896.7392,12.266466,223.68869,78.09554
2019-07-24 20:00:00,22.18872,18.595367,896.3153,12.43804,225.11823,80.10639
2019-07-24 21:00:00,22.081055,18.605896,896.0461,12.58126,226.35687,80.68666
2019-07-24 22:00:00,21.779053,18.530334,895.95337,12.065534,229.27037,81.79936
2019-07-24 23:00:00,21.666077,18.492737,895.911,12.285637,228.97874,82.172356
2019-07-25 00:00:00,21.91745,18.675385,896.0552,12.388159,228.56606,81.85071
2019-07-25 01:00:00,22.096924,18.7529,896.4325,12.472189,228.11073,81.35311
2019-07-25 02:00:00,23.20578,18.962555,896.8762,12.900322,227.79411,77.06167
2019-07-25 03:00:00,23.504364,18.838287,897.28485,13.500833,228.87997,75.10034
2019-07-25 04:00:00,23.75879,18.886505,897.4764,13.899658,230.25041,74.18119
2019-07-25 05:00:00,24.800903,18.920685,897.41943,14.177354,232.11517,69.837845
2019-07-25 06:00:00,25.17514,18.905487,897.14056,14.355643,233.77966,68.23192
2019-07-25 07:00:00,25.325012,18.923615,896.6891,14.433443,235.26404,67.70263
2019-07-25 08:00:00,25.93332,18.998566,896.152,14.355278,236.51028,65.608376
2019-07-25 09:00:00,26.011414,19.05072,895.61053,14.231355,237.73016,65.518585
2019-07-25 10:00:00,25.564545,19.022766,895.16376,13.105306,239.25266,67.15999
2019-07-25 11:00:00,25.524597,19.040009,894.9233,12.828483,238.14124,67.3919
2019-07-25 12:00:00,25.363342,19.055481,894.9893,12.337749,236.13663,68.10649
2019-07-25 13:00:00,25.121124,19.252533,895.3013,11.789236,233.65738,69.949
2019-07-25 14:00:00,24.368713,19.305359,895.7601,11.503033,230.85963,73.40565
2019-07-25 15:00:00,23.576935,19.226288,896.28845,11.529949,228.8136,76.60403
2019-07-25 16:00:00,23.4133,19.296082,896.62,11.7203,227.30513,77.70053
2019-07-25 17:00:00,22.921814,19.221588,896.65924,12.068241,226.6238,79.67309
2019-07-25 18:00:00,22.733276,19.23529,896.3261,12.456503,226.94513,80.65742
2019-07-25 19:00:00,22.577454,19.252716,895.88245,12.828977,227.83777,81.51206
2019-07-25 20:00:00,22.063263,19.06668,895.4324,13.094897,229.01808,83.13278
2019-07-25 21:00:00,21.964325,19.049103,895.1004,13.215436,230.06715,83.54418
2019-07-25 22:00:00,21.76056,18.940765,894.8975,12.406724,234.25006,84.020035
2019-07-25 23:00:00,21.741058,18.95108,894.8886,12.459202,232.97878,84.174355
2019-07-26 00:00:00,21.852203,18.992584,895.137,12.510607,231.73758,83.82173
2019-07-26 01:00:00,21.920288,18.973022,895.5337,12.603441,230.7162,83.37232
2019-07-26 02:00:00,22.982727,19.215881,895.96185,12.933227,230.31987,79.3516
2019-07-26 03:00:00,23.234985,19.188751,896.32245,13.451739,231.5857,78.018364
2019-07-26 04:00:00,23.444061,19.22293,896.49475,13.7746105,233.28961,77.20404
2019-07-26 05:00:00,24.458405,19.32959,896.3961,13.936132,234.89386,73.122635
2019-07-26 06:00:00,24.807892,19.33319,896.08,14.0426655,236.36325,71.626686
2019-07-26 07:00:00,24.94519,19.425598,895.5848,14.132185,237.89845,71.45172
2019-07-26 08:00:00,25.291748,19.574646,895.0096,14.069421,239.16724,70.643105
2019-07-26 09:00:00,25.393188,19.53479,894.50726,13.8421335,239.85141,70.044586
2019-07-26 10:00:00,24.786072,19.472351,894.0094,12.788124,243.8971,72.34346
2019-07-26 11:00:00,24.697723,19.45459,893.8915,12.5436325,242.11623,72.64604
2019-07-26 12:00:00,24.626099,19.49582,894.01984,12.196512,239.6942,73.144905
2019-07-26 13:00:00,24.436157,19.563446,894.33435,11.874397,237.1355,74.29241
2019-07-26 14:00:00,23.864716,19.680115,894.8289,11.731103,234.5319,77.442894
2019-07-26 15:00:00,23.143433,19.405212,895.41833,11.723678,232.54025,79.51537
2019-07-26 16:00:00,23.061554,19.44336,895.89685,11.877672,231.27419,80.09987
2019-07-26 17:00:00,22.580414,19.3732,896.07263,12.110951,230.75334,82.1108
2019-07-26 18:00:00,22.442505,19.371918,895.82196,12.365154,230.98286,82.79495
2019-07-26 19:00:00,22.312836,19.381744,895.45264,12.562209,231.49178,83.50139
2019-07-26 20:00:00,21.90506,19.267975,894.9615,12.685413,232.22505,84.99809
2019-07-26 21:00:00,21.80133,19.248688,894.54736,12.768921,233.0438,85.43539
2019-07-26 22:00:00,21.650543,19.227692,894.3374,12.131579,239.90196,86.11356
2019-07-26 23:00:00,21.60025,19.2005,894.30835,12.183221,239.2521,86.23267
2019-07-27 00:00:00,21.736816,19.26892,894.5455,12.050575,238.15924,85.880875
2019-07-27 01:00:00,21.848969,19.252563,894.9252,11.9611225,236.16498,85.20782
2019-07-27 02:00:00,22.730743,19.48761,895.3989,12.148011,233.95215,81.94611
2019-07-27 03:00:00,23.089996,19.49701,895.7834,12.527451,232.79874,80.2293
2019-07-27 04:00:00,23.353455,19.539307,896.02203,12.877663,232.9328,79.170074
2019-07-27 05:00:00,24.362427,19.69757,895.9825,13.124083,233.77771,75.24517
2019-07-27 06:00:00,24.794739,19.690002,895.6718,13.303047,234.76523,73.2901
2019-07-27 07:00:00,24.906006,19.763763,895.2282,13.324667,235.61346,73.13888
2019-07-27 08:00:00,25.302094,19.863007,894.78796,13.223103,236.67613,71.87408
2019-07-27 09:00:00,25.289948,19.829895,894.3672,13.073857,237.53378,71.778595
2019-07-27 10:00:00,25.007202,19.936157,894.11865,12.216961,243.70004,73.47974
2019-07-27 11:00:00,24.865326,19.896027,893.9908,11.828041,242.45056,73.92026
2019-07-27 12:00:00,24.669342,19.829468,894.1708,11.398112,240.9262,74.482735
2019-07-27 13:00:00,24.381287,19.738556,894.55585,11.046591,238.22372,75.35157
2019-07-27 14:00:00,23.77362,19.742584,895.1702,10.844256,235.29446,78.17076
2019-07-27 15:00:00,23.185425,19.638306,895.8727,10.795844,233.09515,80.47089
2019-07-27 16:00:00,23.070007,19.64746,896.39954,10.867884,231.41496,81.0805
2019-07-27 17:00:00,22.629303,19.660004,896.6083,11.030549,230.48424,83.3396
2019-07-27 18:00:00,22.424072,19.567566,896.37006,11.283121,230.47589,83.90197
2019-07-27 19:00:00,22.318848,19.558441,895.9531,11.525331,231.11243,84.3927
2019-07-27 20:00:00,21.998505,19.458618,895.44214,11.695959,231.85414,85.523315
2019-07-27 21:00:00,21.911743,19.443909,895.1099,11.743098,232.43515,85.89854
2019-07-27 22:00:00,21.726929,19.346344,895.0821,11.14148,235.78699,86.34784
2019-07-27 23:00:00,21.728668,19.346283,895.14014,11.099025,235.25488,86.33835
2019-07-28 00:00:00,21.8573,19.442932,895.4567,11.041094,234.30367,86.1792
2019-07-28 01:00:00,21.89917,19.392395,895.94476,11.021228,232.95856,85.689514
2019-07-28 02:00:00,22.738403,19.62854,896.46045,11.048473,230.6944,82.628265
2019-07-28 03:00:00,23.013092,19.622772,896.87354,11.273682,229.11542,81.23557
2019-07-28 04:00:00,23.194489,19.638397,897.0173,11.481782,229.24443,80.42729
2019-07-28 05:00:00,24.266205,19.869507,896.9419,11.55461,229.97917,76.49158
2019-07-28 06:00:00,24.666962,19.904572,896.6367,11.587616,231.07686,74.84085
2019-07-28 07:00:00,24.7948,19.971466,896.19244,11.550854,232.4122,74.579796
2019-07-28 08:00:00,25.414856,20.055206,895.68616,11.407453,233.64795,72.248634
2019-07-28 09:00:00,25.479889,20.097382,895.1342,11.206099,234.70288,72.15803
2019-07-28 10:00:00,25.109558,20.080048,894.8329,10.317078,236.50807,73.68633
2019-07-28 11:00:00,24.941772,19.990631,894.70557,10.118653,235.88548,74.01626
2019-07-28 12:00:00,24.806854,19.960266,894.896,10.027442,233.709,74.47449
2019-07-28 13:00:00,24.650635,19.971283,895.35474,10.059873,231.31699,75.2241
2019-07-28 14:00:00,24.017395,20.078796,895.93665,10.138247,228.71465,78.65493
2019-07-28 15:00:00,23.289978,19.817017,896.5516,10.252642,226.70401,80.8557
2019-07-28 16:00:00,23.215393,19.838867,897.0073,10.406769,224.81247,81.33091
2019-07-28 17:00:00,22.789948,19.734985,897.1636,10.606052,223.92807,82.91639
2019-07-28 18:00:00,22.681946,19.728668,896.9646,10.871091,223.64201,83.428505
2019-07-28 19:00:00,22.50476,19.644714,896.6117,11.113944,224.38531,83.89253
2019-07-28 20:00:00,22.114075,19.5354,896.22,11.280338,225.1267,85.329155
2019-07-28 21:00:00,22.04953,19.577606,895.8967,11.316287,225.9781,85.890335
2019-07-28 22:00:00,21.785675,19.315582,895.8157,10.783244,230.97719,85.87396
2019-07-28 23:00:00,21.769012,19.331635,895.9306,10.80354,230.14264,86.047325
2019-07-29 00:00:00,21.94751,19.429993,896.2159,10.723274,228.60876,85.63716
2019-07-29 01:00:00,22.11142,19.477081,896.70435,10.586228,227.03615,85.03422
2019-07-29 02:00:00,22.980072,19.636536,897.17944,10.521971,224.92834,81.4677
2019-07-29 03:00:00,23.212524,19.65976,897.5538,10.645816,223.35419,80.446266
2019-07-29 04:00:00,23.450958,19.706787,897.6786,10.786712,222.77246,79.52837
2019-07-29 05:00:00,24.654633,19.927551,897.5739,10.843164,223.61182,75.00271
2019-07-29 06:00:00,25.065247,20.021515,897.2459,10.878474,224.6632,73.614006
2019-07-29 07:00:00,25.212189,20.12091,896.76117,10.881329,226.0802,73.422745
2019-07-29 08:00:00,25.768646,20.170868,896.22845,10.825139,227.79291,71.25514
2019-07-29 09:00:00,25.794342,20.168732,895.659,10.599517,228.95479,71.13731
2019-07-29 10:00:00,25.306,20.06012,895.3089,9.987269,234.42606,72.73993
2019-07-29 11:00:00,25.18695,19.974731,895.24664,9.63763,233.65192,72.87091
2019-07-29 12:00:00,25.03415,19.867523,895.532,9.542131,231.90701,73.050514
2019-07-29 13:00:00,24.879486,19.889465,895.9913,9.716138,229.75566,73.8278
2019-07-29 14:00:00,24.185059,19.948608,896.5535,9.925361,227.28464,77.242294
2019-07-29 15:00:00,23.582855,19.855927,897.15875,10.0406275,225.19695,79.63157
2019-07-29 16:00:00,23.397766,19.773193,897.64435,10.194982,223.28902,80.11331
2019-07-29 17:00:00,22.883179,19.64856,897.8186,10.4403305,222.57983,82.00824
2019-07-29 18:00:00,22.766785,19.644897,897.64294,10.698395,223.07362,82.569984
2019-07-29 19:00:00,22.56604,19.583618,897.2046,10.921323,224.16118,83.26442
2019-07-29 20:00:00,22.186554,19.44571,896.77155,11.086778,225.45195,84.48103
2019-07-29 21:00:00,22.066376,19.394684,896.4407,11.136271,226.8786,84.83223
2019-07-29 22:00:00,21.817657,19.279144,896.349,10.273184,229.94913,85.51223
2019-07-29 23:00:00,21.80487,19.274963,896.38226,10.361777,230.04625,85.556755
2019-07-30 00:00:00,21.968445,19.372345,896.5864,10.373615,229.60399,85.22177
2019-07-30 01:00:00,22.04837,19.307434,897.02,10.2696,228.82701,84.465614
2019-07-30 02:00:00,23.060974,19.42694,897.47736,10.231724,226.95909,80.02094
2019-07-30 03:00:00,23.400543,19.512573,897.8339,10.39962,225.1612,78.8144
2019-07-30 04:00:00,23.678131,19.580658,897.9931,10.650282,225.33685,77.83513
2019-07-30 05:00:00,24.74057,19.70224,897.9132,10.873318,226.91211,73.58345
2019-07-30 06:00:00,25.200592,19.773438,897.6432,10.992839,229.1663,71.90916
2019-07-30 07:00:00,25.331543,19.862915,897.1125,11.063954,231.50766,71.74789
2019-07-30 08:00:00,25.699646,19.837982,896.5725,11.034516,233.7716,70.0879
2019-07-30 09:00:00,25.728119,19.909302,895.9744,10.967146,235.49753,70.27958
2019-07-30 10:00:00,25.399872,19.81186,895.5582,10.288893,238.05363,71.2312
2019-07-30 11:00:00,25.25821,19.760986,895.41907,9.949667,237.23477,71.60765
2019-07-30 12:00:00,25.096436,19.70398,895.5387,9.7021885,235.47726,72.045494
2019-07-30 13:00:00,24.846375,19.670654,895.9677,9.7690735,233.4787,72.97683
2019-07-30 14:00:00,24.247467,19.789917,896.59955,9.889062,230.82648,76.200676
2019-07-30 15:00:00,23.594482,19.595123,897.2371,9.975171,228.78839,78.29859
2019-07-30 16:00:00,23.454956,19.577515,897.678,10.19282,227.33946,78.873665
2019-07-30 17:00:00,22.995728,19.52945,897.76776,10.508748,226.95218,80.851
2019-07-30 18:00:00,22.828949,19.519257,897.55493,10.868575,227.75493,81.620056
2019-07-30 19:00:00,22.71167,19.543762,897.125,11.219961,228.79295,82.32771
2019-07-30 20:00:00,22.286438,19.370483,896.64453,11.441446,230.18817,83.57704
2019-07-30 21:00:00,22.142517,19.427216,896.2908,11.577934,231.57115,84.61055
2019-07-30 22:00:00,21.81607,19.103485,896.2785,10.899834,234.78618,84.589836
2019-07-30 23:00:00,21.796112,19.121216,896.3093,11.123731,234.4725,84.786674
2019-07-31 00:00:00,21.952423,19.17746,896.5132,11.1847315,234.4075,84.276405
2019-07-31 01:00:00,22.041534,19.183472,896.9688,11.149948,234.00792,83.8511
2019-07-31 02:00:00,23.011719,19.396606,897.35156,11.164251,233.23975,80.1085
2019-07-31 03:00:00,23.243591,19.393372,897.66327,11.553298,232.87978,78.97733
2019-07-31 04:00:00,23.50061,19.466309,897.7886,11.963328,233.01765,78.11517
2019-07-31 05:00:00,24.659515,19.631256,897.6718,12.335084,234.07796,73.61567
2019-07-31 06:00:00,25.116852,19.696747,897.3482,12.596307,235.71754,71.92563
2019-07-31 07:00:00,25.267792,19.778076,896.8157,12.721132,237.34488,71.64272
2019-07-31 08:00:00,25.774658,19.865387,896.2421,12.746831,238.89429,69.895454
2019-07-31 09:00:00,25.784271,19.856903,895.6149,12.618599,239.81012,69.81894
2019-07-31 10:00:00,25.311401,19.816986,895.04834,11.941902,244.75592,71.629654
2019-07-31 11:00:00,25.21753,19.776642,894.85486,11.6451845,243.53302,71.85094
2019-07-31 12:00:00,25.097809,19.79367,894.8793,11.309309,241.07054,72.44149
2019-07-31 13:00:00,24.802246,19.714203,895.2213,11.106551,237.8457,73.36733
2019-07-31 14:00:00,24.240356,19.727234,895.82056,11.072812,234.06425,75.93734
2019-07-31 15:00:00,23.561462,19.812592,896.4278,11.182272,231.17563,79.52038
2019-07-31 16:00:00,23.35907,19.763245,896.91266,11.436298,229.13235,80.2511
2019-07-31 17:00:00,22.966187,19.779175,897.09235,11.804089,228.3284,82.26102
2019-07-31 18:00:00,22.81073,19.75763,896.9695,12.237575,228.66168,82.9284
2019-07-31 19:00:00,22.68393,19.811005,896.58954,12.665665,229.45804,83.845535
2019-07-31 20:00:00,22.289215,19.709229,896.1629,13.0017605,230.57747,85.34019
2019-07-31 21:00:00,22.172882,19.665802,895.7883,13.241303,231.5322,85.71533
2019-07-31 22:00:00,21.99701,19.539093,895.7749,12.277094,235.46777,85.959915
2019-07-31 23:00:00,21.960632,19.490631,895.7187,12.555793,234.61752,85.89179
2019-08-01 00:00:00,22.11676,19.504608,895.872,12.676318,233.76709,85.1521
2019-08-01 01:00:00,22.138153,19.462036,896.2215,12.731915,232.72966,84.8165
2019-08-01 02:00:00,22.792358,19.581299,896.6139,12.847946,231.44644,82.11715
2019-08-01 03:00:00,23.041504,19.533234,896.9564,13.204362,231.1705,80.646286
2019-08-01 04:00:00,23.276062,19.547394,897.11646,13.529452,231.43044,79.58086
2019-08-01 05:00:00,24.26535,19.733429,897.0506,13.797981,232.07434,75.85278
2019-08-01 06:00:00,24.662628,19.714294,896.70734,14.029454,232.89052,73.98229
2019-08-01 07:00:00,24.769226,19.781006,896.23596,14.196078,233.70123,73.8174
2019-08-01 08:00:00,25.353912,19.865143,895.66077,14.27412,234.47275,71.6624
2019-08-01 09:00:00,25.396088,19.87265,895.13055,14.259591,235.03366,71.51619
2019-08-01 10:00:00,24.788269,19.788208,894.71216,12.997069,237.67622,73.76643
2019-08-01 11:00:00,24.713379,19.742737,894.4496,12.928216,235.87143,73.8885
2019-08-01 12:00:00,24.60147,19.758392,894.49365,12.968851,233.70764,74.45668
2019-08-01 13:00:00,24.429016,19.758698,894.7647,13.042432,231.45074,75.23042
2019-08-01 14:00:00,23.920532,19.862549,895.3114,13.111216,229.30391,78.06167
2019-08-01 15:00:00,23.218689,19.648193,895.92365,13.218476,227.84624,80.358604
2019-08-01 16:00:00,23.091858,19.646088,896.4228,13.43747,226.90836,80.9665
2019-08-01 17:00:00,22.685669,19.649048,896.5365,13.703224,226.85133,82.998566
2019-08-01 18:00:00,22.483917,19.59613,896.3389,14.010527,227.28574,83.745834
2019-08-01 19:00:00,22.34436,19.555725,895.92413,14.354692,228.11838,84.24763
2019-08-01 20:00:00,21.94757,19.369873,895.46014,14.590925,229.02586,85.317245
2019-08-01 21:00:00,21.801727,19.38147,895.0797,14.742138,229.98288,86.14224
2019-08-01 22:00:00,21.608154,19.271606,894.861,13.991858,230.99236,86.57347
2019-08-01 23:00:00,21.567627,19.270874,894.71875,14.147435,230.7622,86.78441
2019-08-02 00:00:00,21.712372,19.318512,894.8678,14.16052,230.15463,86.27516
2019-08-02 01:00:00,21.760956,19.30832,895.26764,14.010427,229.07454,85.96486
2019-08-02 02:00:00,22.690918,19.53592,895.73315,14.063969,227.79341,82.39124
2019-08-02 03:00:00,22.94101,19.562408,896.0857,14.264739,227.11536,81.285515
2019-08-02 04:00:00,23.17685,19.56195,896.27155,14.434124,226.89462,80.13178
2019-08-02 05:00:00,24.260742,19.678589,896.1493,14.608581,227.10014,75.616005
2019-08-02 06:00:00,24.708618,19.720093,895.82166,14.828896,227.55377,73.80577
2019-08-02 07:00:00,24.827057,19.773987,895.4532,14.992973,227.8848,73.53093
2019-08-02 08:00:00,25.450928,19.93924,894.9802,15.120739,228.45955,71.57815
2019-08-02 09:00:00,25.443207,19.923157,894.4995,15.1262045,228.75594,71.5397
2019-08-02 10:00:00,25.005585,19.931396,894.1177,14.239793,229.77138,73.46518
2019-08-02 11:00:00,24.966461,19.88623,894.1046,14.338309,228.93846,73.43101
2019-08-02 12:00:00,24.773346,19.767792,894.24854,14.438194,228.49734,73.73879
2019-08-02 13:00:00,24.59021,19.768158,894.6024,14.413928,227.81459,74.55196
2019-08-02 14:00:00,24.005768,19.834076,895.1122,14.433216,226.5313,77.52596
2019-08-02 15:00:00,23.35086,19.704987,895.68616,14.409623,225.32278,80.001205
2019-08-02 16:00:00,23.212952,19.684937,896.1311,14.5478945,224.5514,80.570015
2019-08-02 17:00:00,22.854797,19.671967,896.2872,14.752648,224.49983,82.268814
2019-08-02 18:00:00,22.65448,19.639618,896.13586,15.027559,225.14128,83.10709
2019-08-02 19:00:00,22.537933,19.604462,895.7583,15.211747,226.29272,83.514694
2019-08-02 20:00:00,22.209656,19.499268,895.3166,15.300686,227.38686,84.64359
2019-08-02 21:00:00,22.114075,19.476501,894.96643,15.282873,228.5892,85.01741
2019-08-02 22:00:00,21.896027,19.398651,894.75616,14.252193,229.65625,85.73931
2019-08-02 23:00:00,21.86856,19.401459,894.774,14.155102,229.72508,85.89817
2019-08-03 00:00:00,22.053528,19.461884,894.8797,14.057827,229.20093,85.25416
2019-08-03 01:00:00,22.138214,19.482819,895.1936,13.905397,228.08171,84.925804
2019-08-03 02:00:00,22.94217,19.65335,895.53705,13.980215,226.41316,81.74011
2019-08-03 03:00:00,23.18576,19.658752,895.8858,14.360745,225.81851,80.57148
2019-08-03 04:00:00,23.403778,19.702179,896.08,14.661161,225.81752,79.73225
2019-08-03 05:00:00,24.38263,19.873322,896.0756,14.919898,226.11755,75.97772
2019-08-03 06:00:00,24.80133,19.954529,895.8631,15.044923,226.96603,74.47258
2019-08-03 07:00:00,24.927795,20.054962,895.4793,15.12937,228.1045,74.37359
2019-08-03 08:00:00,25.495178,20.15329,895.0316,15.1453495,229.6591,72.34223
2019-08-03 09:00:00,25.47641,20.12262,894.48865,15.068702,231.04434,72.28572
2019-08-03 10:00:00,25.035858,20.08731,894.13306,14.214285,234.42996,74.043945
2019-08-03 11:00:00,24.920288,19.990448,894.0034,14.114564,234.81183,74.110344
2019-08-03 12:00:00,24.8284,19.962402,894.0338,14.075318,234.41507,74.38859
2019-08-03 13:00:00,24.65506,19.978363,894.40485,14.0112915,233.36847,75.23718
2019-08-03 14:00:00,24.027313,19.956726,894.9357,14.024394,232.17203,78.01635
2019-08-03 15:00:00,23.421082,19.880707,895.5307,14.060535,231.60622,80.53566
2019-08-03 16:00:00,23.346283,19.942657,895.965,14.199245,231.30925,81.21112
2019-08-03 17:00:00,22.94519,19.917084,896.1185,14.435203,231.58913,83.0727
2019-08-03 18:00:00,22.805145,19.88678,895.99243,14.734439,232.64276,83.623344
2019-08-03 19:00:00,22.698883,19.838867,895.6473,14.949925,233.89093,83.91436
2019-08-03 20:00:00,22.361115,19.736572,895.2385,15.092849,235.42162,85.112
2019-08-03 21:00:00,22.271667,19.721313,894.8514,15.179684,237.01752,85.49541
2019-08-03 22:00:00,21.987518,19.64331,894.8274,14.160761,236.72708,86.56819
2019-08-03 23:00:00,21.965088,19.64502,894.7919,14.26174,236.9996,86.69588
2019-08-04 00:00:00,22.176025,19.67627,894.94275,14.212297,237.13374,85.75463
2019-08-04 01:00:00,22.224915,19.6492,895.2316,14.063219,237.22655,85.35621
2019-08-04 02:00:00,22.918335,19.702179,895.5418,14.199314,237.27963,82.10658
2019-08-04 03:00:00,23.170197,19.759674,895.8025,14.511687,238.11993,81.153885
2019-08-04 04:00:00,23.424072,19.795593,895.92456,14.775105,239.09705,80.09745
2019-08-04 05:00:00,24.482574,19.991058,895.75037,14.987749,239.89761,76.077225
2019-08-04 06:00:00,24.955627,20.11856,895.4001,15.132148,240.67172,74.542946
2019-08-04 07:00:00,25.125702,20.155182,894.92804,15.243252,241.35107,73.95844
2019-08-04 08:00:00,25.73523,20.196045,894.3709,15.316084,242.10121,71.50767
2019-08-04 09:00:00,25.796204,20.25705,893.753,15.299509,242.45801,71.51878
2019-08-04 10:00:00,25.43811,20.228607,893.14923,14.303932,242.49994,72.92672
2019-08-04 11:00:00,25.315918,20.145111,892.93506,14.442844,241.83537,73.08024
2019-08-04 12:00:00,25.111816,20.089111,892.87946,14.563986,240.56314,73.71776
2019-08-04 13:00:00,24.935364,20.003448,893.11053,14.603043,238.9202,74.103355
2019-08-04 14:00:00,24.324371,20.1875,893.5228,14.731677,237.31079,77.74056
2019-08-04 15:00:00,23.64801,19.925629,894.0595,14.888445,236.58786,79.66291
2019-08-04 16:00:00,23.505829,19.884766,894.43115,15.074157,236.31277,80.145256
2019-08-04 17:00:00,23.055725,19.841278,894.61365,15.299435,236.35516,82.1321
2019-08-04 18:00:00,22.940186,19.806732,894.39545,15.550881,236.92094,82.531525
2019-08-04 19:00:00,22.840637,19.779022,894.0613,15.807994,237.58495,82.88812
2019-08-04 20:00:00,22.40097,19.625488,893.6268,15.94566,238.50899,84.32266
2019-08-04 21:00:00,22.194275,19.498627,893.3123,15.948263,239.68167,84.71952
2019-08-04 22:00:00,21.971558,19.434906,893.28143,15.056237,238.24759,85.537735
2019-08-04 23:00:00,21.888428,19.378418,893.2979,15.274616,238.24103,85.67121
2019-08-05 00:00:00,22.111694,19.473175,893.38806,15.347613,238.43826,85.01213
2019-08-05 01:00:00,22.131744,19.448517,893.74554,15.278413,238.45868,84.77832
2019-08-05 02:00:00,23.003906,19.611023,894.1584,15.240634,238.05963,81.22148
2019-08-05 03:00:00,23.294495,19.67511,894.50867,15.40969,237.64722,80.12524
2019-08-05 04:00:00,23.520569,19.682617,894.63635,15.587544,237.73691,79.07654
2019-08-05 05:00:00,24.683624,19.8349,894.49146,15.710452,237.85431,74.44424
2019-08-05 06:00:00,25.157501,19.953522,894.1304,15.792386,237.97858,72.90299
2019-08-05 07:00:00,25.348785,20.093567,893.6574,15.8325,238.0474,72.70537
2019-08-05 08:00:00,26.02359,20.149109,893.1495,15.820077,238.15228,70.09298
2019-08-05 09:00:00,26.092316,20.192566,892.59296,15.739366,238.28206,69.99642
2019-08-05 10:00:00,25.686096,20.200317,892.21625,14.214611,236.88391,71.73529
2019-08-05 11:00:00,25.51004,20.014587,892.00696,14.587497,235.19724,71.660805
2019-08-05 12:00:00,25.377563,20.00772,892.0531,15.118976,233.88629,72.19646
2019-08-05 13:00:00,25.147034,20.002197,892.4076,15.459586,232.72388,73.168655
2019-08-05 14:00:00,24.44336,20.112854,892.8871,15.690071,231.66542,76.832954
2019-08-05 15:00:00,23.71875,19.930267,893.4032,15.870378,231.03343,79.347115
2019-08-05 16:00:00,23.576233,19.919403,893.7523,16.059013,230.55002,79.97729
2019-08-05 17:00:00,23.087067,19.803223,893.87427,16.259558,230.55054,81.7834
2019-08-05 18:00:00,22.90326,19.754211,893.7095,16.501932,231.21986,82.44731
2019-08-05 19:00:00,22.79779,19.800476,893.3961,16.6857,232.31912,83.21428
2019-08-05 20:00:00,22.28946,19.592133,893.0211,16.73031,233.48883,84.72083
2019-08-05 21:00:00,22.188812,19.54483,892.74225,16.63528,234.64984,84.99137
2019-08-05 22:00:00,21.914978,19.376495,892.62604,15.83329,232.50494,85.52227
2019-08-05 23:00:00,21.88379,19.369446,892.62164,15.9250345,232.81335,85.64765
2019-08-06 00:00:00,21.991943,19.38919,892.7531,15.931833,232.85977,85.188934
2019-08-06 01:00:00,22.011719,19.349487,893.0985,15.823649,232.46893,84.876396
2019-08-06 02:00:00,22.914062,19.588318,893.4545,15.982664,231.66261,81.54939
2019-08-06 03:00:00,23.167542,19.61087,893.7483,16.2851,231.50473,80.42081
2019-08-06 04:00:00,23.457245,19.706268,893.92487,16.416788,231.72424,79.495636
2019-08-06 05:00:00,24.561584,19.802612,893.90546,16.398647,231.79755,74.839455
2019-08-06 06:00:00,25.002747,19.863617,893.62286,16.361422,231.74948,73.16967
2019-08-06 07:00:00,25.113861,19.892242,893.2342,16.348139,231.82253,72.81579
2019-08-06 08:00:00,25.516052,19.868744,892.74774,16.298798,231.947,70.99102
2019-08-06 09:00:00,25.568695,19.898499,892.3019,16.146181,232.29105,70.90006
2019-08-06 10:00:00,25.31778,19.993042,891.9174,15.212136,231.68347,72.3878
2019-08-06 11:00:00,25.19867,19.900543,891.84216,15.300692,230.99059,72.48622
2019-08-06 12:00:00,25.018402,19.825745,891.97156,15.429279,230.08052,72.93002
2019-08-06 13:00:00,24.845642,19.812958,892.44226,15.554693,228.37764,73.627075
2019-08-06 14:00:00,24.07956,19.847748,892.9978,15.670289,226.86176,77.24862
2019-08-06 15:00:00,23.401459,19.664703,893.61017,15.807825,225.96175,79.55814
2019-08-06 16:00:00,23.201141,19.633453,893.98914,15.994483,225.3426,80.37029
2019-08-06 17:00:00,22.824524,19.658203,894.1442,16.301579,225.56259,82.349495
2019-08-06 18:00:00,22.627777,19.631866,893.9152,16.550415,226.31473,83.20186
2019-08-06 19:00:00,22.444885,19.546204,893.5636,16.713472,227.34116,83.684784
2019-08-06 20:00:00,22.084808,19.434357,893.128,16.77198,228.2822,84.9463
2019-08-06 21:00:00,21.96103,19.370758,892.75104,16.675785,229.34512,85.251915
2019-08-06 22:00:00,21.726654,19.312286,892.6163,15.830821,228.97005,86.16649
2019-08-06 23:00:00,21.704346,19.3266,892.60974,15.999072,229.038,86.36093
2019-08-07 00:00:00,21.82843,19.331238,892.8864,16.045889,228.89146,85.73353
2019-08-07 01:00:00,21.874084,19.297516,893.325,15.854261,228.76924,85.31567
2019-08-07 02:00:00,22.479126,19.353363,893.8155,15.761382,228.2744,82.5156
2019-08-07 03:00:00,22.691223,19.341492,894.1652,15.835051,228.10101,81.39975
2019-08-07 04:00:00,22.951813,19.432098,894.2812,15.958809,228.21184,80.57717
2019-08-07 05:00:00,23.949615,19.59018,894.1477,16.05405,228.69374,76.61965
2019-08-07 06:00:00,24.385132,19.65393,893.82806,16.16719,229.32933,74.93966
2019-08-07 07:00:00,24.561035,19.724945,893.41724,16.129118,230.16002,74.48226
2019-08-07 08:00:00,24.987,19.732971,892.9233,15.953531,231.22215,72.647514
2019-08-07 09:00:00,24.905945,19.682953,892.3628,15.712449,232.33017,72.77338
2019-08-07 10:00:00,24.533508,19.703217,891.9387,15.017203,231.90662,74.50451
2019-08-07 11:00:00,24.43393,19.670319,891.81915,14.825272,232.29114,74.79703
2019-08-07 12:00:00,24.30249,19.651947,892.01025,14.78733,231.4756,75.30235
2019-08-07 13:00:00,24.124023,19.668152,892.4135,14.867466,230.22968,76.189285
2019-08-07 14:00:00,23.554138,19.692352,892.9614,15.026442,229.29129,78.964355
2019-08-07 15:00:00,22.973877,19.5047,893.5264,15.160192,228.70619,80.83359
2019-08-07 16:00:00,22.8219,19.498077,893.9263,15.340651,228.4043,81.54753
2019-08-07 17:00:00,22.446472,19.436737,894.05334,15.548676,228.54468,83.10934
2019-08-07 18:00:00,22.297943,19.422089,893.87164,15.743059,229.07208,83.78703
2019-08-07 19:00:00,22.176361,19.3992,893.5502,15.987895,229.87154,84.28937
2019-08-07 20:00:00,21.809723,19.264648,893.16907,16.133774,230.8808,85.476524
2019-08-07 21:00:00,21.702118,19.19812,892.8823,16.175095,231.78601,85.68457
2019-08-07 22:00:00,21.57193,19.155762,892.8632,15.346242,233.34488,86.14176
2019-08-07 23:00:00,21.53189,19.125916,893.02515,15.39735,232.80655,86.192604
2019-08-08 00:00:00,21.635345,19.133698,893.2711,15.34697,232.23885,85.690384
2019-08-08 01:00:00,21.693298,19.119598,893.7698,15.143044,231.60376,85.31231
2019-08-08 02:00:00,22.531586,19.308472,894.2251,14.992038,230.83513,82.02364
2019-08-08 03:00:00,22.784912,19.302094,894.6365,14.883389,229.93726,80.74039
2019-08-08 04:00:00,23.070892,19.384308,894.79376,14.840817,229.26343,79.761185
2019-08-08 05:00:00,24.239105,19.565247,894.6598,14.905311,229.12274,75.18321
2019-08-08 06:00:00,24.676392,19.653046,894.3139,15.055207,229.32951,73.640976
2019-08-08 07:00:00,24.836884,19.671326,893.8195,15.121477,230.02742,73.02125
2019-08-08 08:00:00,25.341766,19.641052,893.34845,15.004969,230.82986,70.724304
2019-08-08 09:00:00,25.329376,19.599396,892.8279,14.810043,231.51103,70.59359
2019-08-08 10:00:00,24.810791,19.532135,892.44226,13.407681,233.4025,72.50564
2019-08-08 11:00:00,24.727966,19.483978,892.34186,13.126364,231.96559,72.64745
2019-08-08 12:00:00,24.634552,19.4581,892.61975,13.228081,230.1104,72.93676
2019-08-08 13:00:00,24.457794,19.611176,892.9835,13.552598,228.76945,74.41651
2019-08-08 14:00:00,23.71524,19.640564,893.59143,13.783347,227.54796,77.95087
2019-08-08 15:00:00,23.008514,19.486969,894.24133,13.90282,226.95332,80.57547
2019-08-08 16:00:00,22.820404,19.41391,894.74097,14.0427065,226.65242,81.1293
2019-08-08 17:00:00,22.465576,19.299866,894.9178,14.211666,227.07677,82.309105
2019-08-08 18:00:00,22.303558,19.272919,894.7383,14.412524,228.24783,82.98464
2019-08-08 19:00:00,22.173035,19.238586,894.4031,14.599878,229.90997,83.46796
2019-08-08 20:00:00,21.736572,19.088287,894.03766,14.615473,231.61353,84.92109
2019-08-08 21:00:00,21.5849,18.985107,893.78595,14.5363245,232.93262,85.16242
2019-08-08 22:00:00,21.53424,18.966614,893.7216,13.576283,232.76701,85.32828
2019-08-08 23:00:00,21.475433,18.921234,893.85565,13.734851,233.15129,85.39378
2019-08-09 00:00:00,21.646576,19.018005,894.14044,13.610683,233.54652,85.01613
2019-08-09 01:00:00,21.821014,19.073517,894.6273,13.410455,233.1909,84.40649
2019-08-09 02:00:00,22.957947,19.328156,895.15576,13.201646,232.40579,80.02814
2019-08-09 03:00:00,23.24878,19.339172,895.5524,13.215295,231.6135,78.68683
2019-08-09 04:00:00,23.50351,19.352081,895.78937,13.314738,231.73738,77.548676
2019-08-09 05:00:00,24.515625,19.398376,895.76526,13.404927,232.894,73.18514
2019-08-09 06:00:00,25.023102,19.401154,895.4558,13.415892,234.21841,71.01252
2019-08-09 07:00:00,25.181274,19.46408,895.0023,13.396865,235.35425,70.62225
2019-08-09 08:00:00,25.670471,19.476318,894.46436,13.263129,236.62729,68.65072
2019-08-09 09:00:00,25.701569,19.566803,893.89124,13.026099,237.73279,68.91056
2019-08-09 10:00:00,25.301361,19.570831,893.43085,11.620562,237.6453,70.58599
2019-08-09 11:00:00,25.18863,19.5271,893.3398,11.400848,235.82487,70.86836
2019-08-09 12:00:00,24.979645,19.51413,893.53876,11.389223,234.11392,71.69853
2019-08-09 13:00:00,24.721863,19.61383,893.9303,11.576148,232.94812,73.26258
2019-08-09 14:00:00,23.966095,19.64679,894.52576,11.859426,231.60506,76.81335
2019-08-09 15:00:00,23.237457,19.51767,895.17993,12.171631,230.85104,79.6195
2019-08-09 16:00:00,23.08371,19.515778,895.7357,12.513302,230.71718,80.353455
2019-08-09 17:00:00,22.629303,19.459259,895.9515,12.864648,231.38477,82.306816
2019-08-09 18:00:00,22.410492,19.37265,895.73724,13.1954975,233.1341,82.960014
2019-08-09 19:00:00,22.254974,19.336243,895.2712,13.461908,235.27599,83.55902
2019-08-09 20:00:00,21.845062,19.22464,894.8057,13.586451,237.50662,85.08005
2019-08-09 21:00:00,21.685364,19.111969,894.44617,13.579937,239.6496,85.31311
2019-08-09 22:00:00,21.461151,19.045074,894.2548,12.430774,239.84447,86.13144
2019-08-09 23:00:00,21.400787,19.050964,894.1261,12.66831,240.74442,86.4822
2019-08-10 00:00:00,21.695831,19.179443,894.28534,12.814924,241.39485,85.61782
2019-08-10 01:00:00,21.859589,19.166443,894.77435,12.945374,241.72134,84.697075
2019-08-10 02:00:00,23.00879,19.329742,895.2674,13.022719,241.22461,79.7901
2019-08-10 03:00:00,23.301575,19.385498,895.6043,13.472335,240.89879,78.662704
2019-08-10 04:00:00,23.542725,19.48056,895.7343,13.996624,242.17256,77.98614
2019-08-10 05:00:00,24.692719,19.607483,895.5925,14.209803,243.8529,73.36137
2019-08-10 06:00:00,25.211792,19.601257,895.2419,14.256519,244.92447,71.09744
2019-08-10 07:00:00,25.326752,19.644135,894.7477,14.193508,245.74353,70.801
2019-08-10 08:00:00,25.712646,19.687195,894.25195,14.028306,246.45038,69.38197
2019-08-10 09:00:00,25.74823,19.636414,893.7654,13.782738,246.98534,69.01783
2019-08-10 10:00:00,25.433197,19.799011,893.3354,12.809822,249.14229,71.033646
2019-08-10 11:00:00,25.30832,19.800354,893.29224,12.387042,247.84778,71.568985
2019-08-10 12:00:00,25.142181,19.837433,893.5382,11.899315,245.60222,72.44657
2019-08-10 13:00:00,24.914124,19.836578,894.0514,11.716421,243.05127,73.434265
2019-08-10 14:00:00,24.126312,19.874634,894.6965,11.826865,240.66849,77.160614
2019-08-10 15:00:00,23.39264,19.787994,895.3576,12.022469,239.0674,80.21168
2019-08-10 16:00:00,23.240692,19.866272,895.8474,12.357716,238.37894,81.34475
2019-08-10 17:00:00,22.816711,19.859436,896.0168,12.726648,238.69258,83.423256
2019-08-10 18:00:00,22.641937,19.760284,895.90424,13.099229,239.76193,83.79548
2019-08-10 19:00:00,22.51004,19.695953,895.56335,13.321481,241.38116,84.13275
2019-08-10 20:00:00,22.060059,19.482147,895.1824,13.422707,243.14545,85.327644
2019-08-10 21:00:00,21.951202,19.426819,894.8054,13.390923,244.9248,85.600975
2019-08-10 22:00:00,21.812256,19.420471,894.5706,12.820958,246.98901,86.29592
2019-08-10 23:00:00,21.758575,19.398285,894.5291,12.709951,247.60858,86.459946
2019-08-11 00:00:00,22.104065,19.50354,894.70776,12.566015,248.01978,85.21234
2019-08-11 01:00:00,22.239807,19.522614,895.123,12.492804,248.0733,84.61104
2019-08-11 02:00:00,23.215912,19.672577,895.5379,12.347786,247.61569,80.49383
2019-08-11 03:00:00,23.473541,19.6669,895.856,12.854322,247.73666,79.22377
2019-08-11 04:00:00,23.674347,19.691223,895.9582,13.133695,248.7351,78.38911
2019-08-11 05:00:00,24.74533,19.680298,895.82263,13.200758,249.64645,73.46244
2019-08-11 06:00:00,25.36847,19.787872,895.3893,13.2739315,250.4573,71.25823
2019-08-11 07:00:00,25.49179,19.865295,894.85767,13.271457,251.01569,71.078224
2019-08-11 08:00:00,26.065186,20.05542,894.252,13.120767,251.60986,69.51661
2019-08-11 09:00:00,26.124542,20.171112,893.7509,12.930935,251.87128,69.77054
2019-08-11 10:00:00,25.601013,20.22464,893.2184,12.217989,256.5982,72.20684
2019-08-11 11:00:00,25.399963,20.08963,893.2023,11.768264,254.6502,72.466805
2019-08-11 12:00:00,25.29712,20.085297,893.44916,11.339616,251.21588,72.89181
2019-08-11 13:00:00,25.032104,20.057251,893.87,11.109496,247.52414,73.92288
2019-08-11 14:00:00,24.42398,20.25769,894.4935,11.135863,244.03586,77.61405
2019-08-11 15:00:00,23.595917,20.087921,895.1423,11.280116,241.5492,80.72025
2019-08-11 16:00:00,23.43982,20.059784,895.67633,11.650872,239.8345,81.341705
2019-08-11 17:00:00,22.967163,19.948456,895.87415,12.07102,239.03354,83.123634
2019-08-11 18:00:00,22.798645,19.980011,895.7273,12.495817,239.39757,84.14079
2019-08-11 19:00:00,22.664215,19.939362,895.37054,12.874467,240.7445,84.61627
2019-08-11 20:00:00,22.157806,19.747864,894.9486,13.094206,242.39415,86.23205
2019-08-11 21:00:00,22.0513,19.670868,894.6155,13.147304,243.9049,86.3798
2019-08-11 22:00:00,21.755371,19.459564,894.55194,12.537719,248.13385,86.807
2019-08-11 23:00:00,21.76358,19.499603,894.5822,12.473133,248.44333,86.97969
2019-08-12 00:00:00,22.05191,19.59967,894.88513,12.438029,248.05194,85.99567
2019-08-12 01:00:00,22.07837,19.559387,895.3882,12.367432,247.59192,85.64253
2019-08-12 02:00:00,23.097992,19.82013,895.87103,12.481695,246.6094,81.81509
2019-08-12 03:00:00,23.344055,19.843994,896.28094,13.066012,247.14865,80.72702
2019-08-12 04:00:00,23.610748,19.961426,896.5071,13.234864,247.54388,80.01915
2019-08-12 05:00:00,24.634613,20.084991,896.43616,13.224164,247.83615,75.82802
2019-08-12 06:00:00,25.281677,20.105804,896.01697,13.157748,247.85957,73.05143
2019-08-12 07:00:00,25.424683,20.134491,895.53424,13.058002,247.75722,72.56147
2019-08-12 08:00:00,25.916016,20.137665,894.92944,12.918695,248.0188,70.49081
2019-08-12 09:00:00,25.913605,20.143738,894.34814,12.713945,248.11563,70.52737
2019-08-12 10:00:00,25.232117,20.014648,893.92737,11.663911,255.17755,72.85507
2019-08-12 11:00:00,25.17218,20.010101,893.91876,11.20269,252.44617,73.09492
2019-08-12 12:00:00,24.944641,19.895203,894.1933,10.774563,247.70587,73.5675
2019-08-12 13:00:00,24.754211,19.927063,894.62695,10.486768,242.38943,74.555504
2019-08-12 14:00:00,24.107513,20.021423,895.22156,10.451203,238.73752,77.953224
2019-08-12 15:00:00,23.400146,19.772797,895.84344,10.5204115,235.75125,80.09982
2019-08-12 16:00:00,23.206207,19.750519,896.3018,10.738039,233.70096,80.9315
2019-08-12 17:00:00,22.673035,19.699799,896.4102,11.037599,232.52962,83.324234
2019-08-12 18:00:00,22.529602,19.652008,896.198,11.384343,232.44824,83.80397
2019-08-12 19:00:00,22.385254,19.58313,895.80774,11.7205305,233.05766,84.18154
2019-08-12 20:00:00,21.902527,19.372192,895.3536,11.939149,233.88326,85.56437
2019-08-12 21:00:00,21.836426,19.32666,894.94354,12.048807,234.77853,85.66728
2019-08-12 22:00:00,21.49945,19.174652,894.87604,11.201074,239.76288,86.62656
2019-08-12 23:00:00,21.446533,19.139923,895.00385,11.215112,238.16092,86.719795
2019-08-13 00:00:00,21.652191,19.232544,895.4041,11.16532,236.5827,86.13093
2019-08-13 01:00:00,21.77246,19.247955,896.0126,11.055546,234.89697,85.58226
2019-08-13 02:00:00,22.804016,19.434906,896.60425,11.118556,233.344,81.316025
2019-08-13 03:00:00,23.121948,19.434906,897.09436,11.35438,232.87376,79.76587
2019-08-13 04:00:00,23.39447,19.484985,897.37726,11.476396,231.79065,78.708206
2019-08-13 05:00:00,24.514832,19.629028,897.39374,11.596543,231.12643,74.245155
2019-08-13 06:00:00,24.994446,19.651154,897.17236,11.868224,231.05089,72.24752
2019-08-13 07:00:00,25.132202,19.699585,896.766,12.088974,231.57283,71.87255
2019-08-13 08:00:00,25.739777,19.728424,896.22406,12.264122,232.35414,69.44787
2019-08-13 09:00:00,25.737823,19.658875,895.7481,12.325702,233.14487,69.1568
2019-08-13 10:00:00,25.329803,19.753998,895.29663,11.499964,237.22797,71.2724
2019-08-13 11:00:00,25.135468,19.648865,895.3098,11.488459,235.5307,71.63274
2019-08-13 12:00:00,25.02539,19.6539,895.5424,11.554295,233.23352,72.12665
2019-08-13 13:00:00,24.670532,19.643646,896.03326,11.518145,231.0013,73.62381
2019-08-13 14:00:00,23.945526,19.707855,896.7312,11.533164,228.90971,77.20036
2019-08-13 15:00:00,23.353668,19.637268,897.4322,11.571703,227.06862,79.65219
2019-08-13 16:00:00,23.143555,19.587616,897.95013,11.721167,225.89673,80.42129
2019-08-13 17:00:00,22.693665,19.560974,898.09656,11.907499,225.77464,82.50586
2019-08-13 18:00:00,22.46457,19.448639,897.9082,12.153671,226.7256,83.07947
2019-08-13 19:00:00,22.300262,19.407623,897.5122,12.341822,228.20328,83.69989
2019-08-13 20:00:00,21.86554,19.264557,897.0466,12.430906,229.98311,85.18522
2019-08-13 21:00:00,21.808441,19.262512,896.6216,12.415356,231.72488,85.47185
2019-08-13 22:00:00,21.49942,19.066528,896.47577,11.3732195,236.47179,86.044914
2019-08-13 23:00:00,21.45337,19.040283,896.4593,11.233261,235.03784,86.146736
2019-08-14 00:00:00,21.739655,19.1792,896.7137,11.22507,234.03375,85.38754
2019-08-14 01:00:00,21.938812,19.23822,897.1744,11.238243,232.6571,84.66625
2019-08-14 02:00:00,22.880463,19.381897,897.70154,11.458621,230.82748,80.67384
2019-08-14 03:00:00,23.263184,19.42984,898.1943,12.000876,229.67485,79.06301
2019-08-14 04:00:00,23.54242,19.48462,898.4429,12.347594,229.7992,78.00727
2019-08-14 05:00:00,24.62619,19.506287,898.3924,12.475146,230.95497,73.19214
2019-08-14 06:00:00,25.046875,19.580475,898.0704,12.510206,232.17403,71.70667
2019-08-14 07:00:00,25.201324,19.680695,897.61304,12.551923,233.44447,71.49346
2019-08-14 08:00:00,25.687622,19.699951,897.10016,12.500392,234.30603,69.540054
2019-08-14 09:00:00,25.74472,19.691864,896.5697,12.2795,234.94678,69.27019
2019-08-14 10:00:00,25.28482,19.672607,896.06226,11.421812,239.06215,71.10339
2019-08-14 11:00:00,25.156525,19.643707,895.9586,10.8705435,237.51279,71.520035
2019-08-14 12:00:00,24.974854,19.742462,896.1813,10.498624,234.92072,72.742966
2019-08-14 13:00:00,24.743591,19.85965,896.7238,10.191057,231.5859,74.29184
2019-08-14 14:00:00,24.154907,19.923157,897.4737,10.178723,228.65102,77.26025
2019-08-14 15:00:00,23.389984,19.851654,898.23846,10.334359,226.81221,80.54179
2019-08-14 16:00:00,23.303009,19.880371,898.7965,10.614056,225.84587,81.109985
2019-08-14 17:00:00,22.847961,19.779236,898.94806,10.936273,225.80663,82.852455
2019-08-14 18:00:00,22.66806,19.74939,898.7648,11.263821,226.73477,83.606255
2019-08-14 19:00:00,22.556213,19.72995,898.344,11.553554,228.28815,84.07431
2019-08-14 20:00:00,22.089691,19.542053,897.91583,11.737082,230.21584,85.49136
2019-08-14 21:00:00,22.031647,19.50412,897.4875,11.813349,232.25372,85.59236
2019-08-14 22:00:00,21.772156,19.361603,897.38086,10.681028,239.06369,86.19135
2019-08-14 23:00:00,21.714752,19.33487,897.35345,10.732662,238.92311,86.35044
2019-08-15 00:00:00,21.928558,19.40091,897.5851,10.712196,238.64809,85.58132
2019-08-15 01:00:00,22.129791,19.480652,898.0543,10.718675,238.19006,84.95797
2019-08-15 02:00:00,23.06247,19.641876,898.49097,10.982386,237.24725,81.08936
2019-08-15 03:00:00,23.490692,19.59021,898.87476,11.718981,237.73839,78.76597
2019-08-15 04:00:00,23.807861,19.683624,898.9836,12.274236,239.41698,77.725044
2019-08-15 05:00:00,24.978424,19.649536,898.84155,12.528021,240.98035,72.309326
2019-08-15 06:00:00,25.40036,19.714447,898.445,12.653985,241.99625,70.80008
2019-08-15 07:00:00,25.547913,19.801147,897.8889,12.594177,242.63266,70.56057
2019-08-15 08:00:00,26.105927,19.800232,897.2311,12.44909,243.22714,68.26173
2019-08-15 09:00:00,26.101288,19.767303,896.5197,12.2506075,243.96313,68.14116
2019-08-15 10:00:00,25.640594,19.897827,895.9101,11.4472065,248.5158,70.59522
2019-08-15 11:00:00,25.49121,19.835815,895.803,10.821045,247.59991,70.950905
2019-08-15 12:00:00,25.2695,19.80362,895.8764,10.062843,245.82416,71.74898
2019-08-15 13:00:00,24.952148,19.842346,896.2592,9.542668,242.04123,73.29409
2019-08-15 14:00:00,24.293762,20.00766,896.82794,9.417863,238.0792,77.021576
2019-08-15 15:00:00,23.583466,19.83899,897.4395,9.508887,235.15858,79.5451
2019-08-15 16:00:00,23.385468,19.795166,897.8108,9.729448,233.31325,80.28213
2019-08-15 17:00:00,23.031952,19.78952,897.93884,10.004668,232.48001,81.986824
2019-08-15 18:00:00,22.872925,19.842102,897.7509,10.380177,233.05942,83.05031
2019-08-15 19:00:00,22.700256,19.828613,897.44727,10.7216835,234.60501,83.854034
2019-08-15 20:00:00,22.16275,19.622986,897.0472,10.951685,236.36404,85.540596
2019-08-15 21:00:00,22.068512,19.574371,896.7252,11.052099,238.32643,85.77378
2019-08-15 22:00:00,21.808014,19.4628,896.63763,10.301293,244.11127,86.54574
2019-08-15 23:00:00,21.760498,19.4375,896.6766,10.429267,244.0788,86.66089
2019-08-16 00:00:00,22.008698,19.464935,896.8425,10.449087,243.8131,85.50373
2019-08-16 01:00:00,22.08371,19.459839,897.2445,10.435143,243.19054,85.08671
2019-08-16 02:00:00,23.101593,19.767334,897.5346,10.641801,242.51228,81.52993
2019-08-16 03:00:00,23.355988,19.721588,897.76227,11.252368,242.74411,80.058876
2019-08-16 04:00:00,23.603333,19.725555,897.8189,11.669552,243.06659,78.893
2019-08-16 05:00:00,24.717896,19.899658,897.7327,11.949712,243.20016,74.590675
2019-08-16 06:00:00,25.350403,19.87265,897.4199,12.18472,243.0481,71.71071
2019-08-16 07:00:00,25.521118,19.980988,896.9253,12.297862,242.67963,71.464836
2019-08-16 08:00:00,25.900208,20.075012,896.34656,12.308328,242.70743,70.283905
2019-08-16 09:00:00,25.881287,20.104065,895.6591,12.21387,242.59192,70.489296
2019-08-16 10:00:00,25.222656,20.100983,895.06036,11.502465,247.53712,73.286606
2019-08-16 11:00:00,25.096558,20.035675,894.8909,11.056737,245.35106,73.541214
2019-08-16 12:00:00,24.86557,20.115234,894.9719,10.450379,242.21878,74.92914
2019-08-16 13:00:00,24.660614,20.162476,895.31647,10.041534,238.2124,76.07398
2019-08-16 14:00:00,23.956238,20.132202,895.86053,9.81823,234.53104,79.20568
2019-08-16 15:00:00,23.167297,19.830109,896.49725,9.817646,231.49678,81.52338
2019-08-16 16:00:00,22.988434,19.798737,896.9783,9.940849,229.29271,82.25004
2019-08-16 17:00:00,22.538055,19.738373,897.1474,10.121677,228.15977,84.211075
2019-08-16 18:00:00,22.41925,19.724915,896.99005,10.324356,227.94167,84.75036
2019-08-16 19:00:00,22.309692,19.683075,896.62274,10.549425,228.71208,85.095665
2019-08-16 20:00:00,21.862762,19.4859,896.2439,10.668846,229.6585,86.380905
2019-08-16 21:00:00,21.756256,19.43866,895.9076,10.685648,230.88443,86.689606
2019-08-16 22:00:00,21.553223,19.391327,895.8152,9.895876,237.38893,87.5144
2019-08-16 23:00:00,21.516113,19.396667,895.7848,10.046684,235.91772,87.74252
2019-08-17 00:00:00,21.71112,19.419006,895.94525,10.145472,234.52977,86.82282
2019-08-17 01:00:00,21.769104,19.420532,896.3239,10.324224,232.92932,86.523994
2019-08-17 02:00:00,22.72467,19.60727,896.78125,10.800547,231.95308,82.58795
2019-08-17 03:00:00,22.941132,19.512299,897.13586,11.66914,232.94408,81.03226
2019-08-17 04:00:00,23.303833,19.54361,897.27985,12.188337,234.16179,79.428825
2019-08-17 05:00:00,24.480835,19.655823,897.28656,12.367168,234.89888,74.52022
2019-08-17 06:00:00,24.95752,19.64981,897.02325,12.42876,235.14603,72.400734
2019-08-17 07:00:00,25.079895,19.726044,896.61884,12.477411,235.37988,72.2153
2019-08-17 08:00:00,25.526031,19.891205,896.08344,12.473634,235.5616,71.04779
2019-08-17 09:00:00,25.505615,19.879883,895.57166,12.3292885,235.71707,71.0841
2019-08-17 10:00:00,25.019348,19.7724,895.1364,11.281209,241.33577,72.68509
2019-08-17 11:00:00,24.907135,19.708466,895.1347,10.79884,238.46396,72.88351
2019-08-17 12:00:00,24.713104,19.742767,895.38873,10.1578245,234.65619,73.889854
2019-08-17 13:00:00,24.451294,19.703339,895.81287,9.695174,229.91171,74.87257
2019-08-17 14:00:00,23.922607,19.844086,896.3923,9.57969,226.18387,77.962654
2019-08-17 15:00:00,23.083862,19.713501,896.9932,9.669525,223.52266,81.3453
2019-08-17 16:00:00,22.953857,19.70758,897.4709,9.867223,221.73944,81.95766
2019-08-17 17:00:00,22.565277,19.657837,897.65765,10.145278,221.10593,83.65289
2019-08-17 18:00:00,22.404205,19.573761,897.52844,10.400155,221.37672,84.035706
2019-08-17 19:00:00,22.293976,19.556458,897.18994,10.65075,222.51146,84.51009
2019-08-17 20:00:00,21.823364,19.320496,896.8851,10.842582,224.07904,85.70275
2019-08-17 21:00:00,21.723022,19.271729,896.65515,10.930567,225.87758,85.96831
2019-08-17 22:00:00,21.441986,19.123444,896.7604,10.0257845,232.67235,86.654915
2019-08-17 23:00:00,21.411987,19.123108,896.8182,9.939999,232.20291,86.81243
2019-08-18 00:00:00,21.641296,19.234192,897.0439,9.892096,231.57399,86.19715
2019-08-18 01:00:00,21.76056,19.250488,897.50134,9.938095,230.57541,85.65803
2019-08-18 02:00:00,22.655334,19.488525,898.02576,10.370596,229.63452,82.32651
2019-08-18 03:00:00,23.060577,19.541687,898.4446,11.112577,230.63228,80.59563
2019-08-18 04:00:00,23.347382,19.54068,898.65356,11.448995,231.7639,79.20587
2019-08-18 05:00:00,24.46872,19.581635,898.56635,11.5672655,232.42264,74.23157
2019-08-18 06:00:00,25.008514,19.585663,898.33124,11.647474,232.82883,71.894005
2019-08-18 07:00:00,25.190582,19.67633,897.9201,11.71312,233.36127,71.51984
2019-08-18 08:00:00,25.530823,19.656647,897.41205,11.697115,234.24629,70.00183
2019-08-18 09:00:00,25.529541,19.608154,896.919,11.591337,235.0504,69.79672
2019-08-18 10:00:00,25.11383,19.673798,896.48804,10.802994,243.65283,71.83618
2019-08-18 11:00:00,25.011292,19.584625,896.3714,10.265516,242.27322,71.877464
2019-08-18 12:00:00,24.807098,19.559753,896.57025,9.435875,239.83658,72.64619
2019-08-18 13:00:00,24.526306,19.582367,897.0373,8.698424,235.63277,73.979515
2019-08-18 14:00:00,23.783325,19.621552,897.67236,8.382173,231.5301,77.54051
2019-08-18 15:00:00,23.092224,19.445618,898.37445,8.37197,228.8372,79.96262
2019-08-18 16:00:00,22.94043,19.436493,898.9398,8.516715,227.00302,80.65475
2019-08-18 17:00:00,22.488556,19.445435,899.2124,8.797497,226.43198,82.94194
2019-08-18 18:00:00,22.332947,19.399628,899.1292,9.11887,227.12224,83.49208
2019-08-18 19:00:00,22.153992,19.360626,898.7838,9.312802,229.05098,84.20197
2019-08-18 20:00:00,21.6539,19.20398,898.3511,9.414195,230.61493,85.968864
2019-08-18 21:00:00,21.47702,19.113281,898.0042,9.397143,232.38193,86.41449
2019-08-18 22:00:00,21.19046,18.91565,897.8739,8.8695755,241.28468,86.86803
2019-08-18 23:00:00,21.104492,18.880371,897.895,8.5995,241.46893,87.135445
2019-08-19 00:00:00,21.360687,18.95993,898.10767,8.380251,240.73863,86.20398
2019-08-19 01:00:00,21.529907,19.032837,898.56494,8.32878,239.43301,85.70425
2019-08-19 02:00:00,22.42514,19.17685,899.06226,8.765378,238.19742,81.88198
2019-08-19 03:00:00,22.850677,19.234955,899.4216,9.437488,239.32455,80.08381
2019-08-19 04:00:00,23.11737,19.200287,899.6117,9.802063,240.08241,78.63142
2019-08-19 05:00:00,24.378784,19.269806,899.57227,10.047421,240.22012,73.199196
2019-08-19 06:00:00,25.062592,19.36142,899.3446,10.259125,240.02914,70.670685
2019-08-19 07:00:00,25.236816,19.385986,898.8348,10.452069,240.03244,70.04816
2019-08-19 08:00:00,25.85675,19.445007,898.26154,10.5746,240.8682,67.76473
2019-08-19 09:00:00,25.977875,19.57193,897.63885,10.590117,241.49745,67.81318
2019-08-19 10:00:00,25.424988,19.484467,897.1538,9.865768,247.27669,69.694016
2019-08-19 11:00:00,25.22403,19.447266,896.96466,9.3894825,245.61914,70.36915
2019-08-19 12:00:00,25.044067,19.442139,897.06287,8.818732,242.99397,71.10481
2019-08-19 13:00:00,24.738556,19.419128,897.3264,8.374768,239.3055,72.30942
2019-08-19 14:00:00,23.974396,19.576355,897.92456,8.240566,236.68143,76.44001
2019-08-19 15:00:00,23.242554,19.52359,898.55615,8.292601,234.47134,79.624245
2019-08-19 16:00:00,23.087982,19.498077,899.09296,8.486058,233.21921,80.24439
2019-08-19 17:00:00,22.479034,19.376556,899.30865,8.766876,233.03957,82.63521
2019-08-19 18:00:00,22.260406,19.270996,899.21173,9.100484,234.21054,83.192894
2019-08-19 19:00:00,22.09851,19.235077,898.77325,9.419933,236.09203,83.82941
2019-08-19 20:00:00,21.633026,19.078094,898.3131,9.661696,238.06833,85.40601
2019-08-19 21:00:00,21.489105,19.031067,897.9639,9.744415,239.96799,85.90907
2019-08-19 22:00:00,21.231476,18.999695,897.8976,9.4473295,243.52512,87.105385
2019-08-19 23:00:00,21.112915,18.91626,897.9155,9.401702,245.18347,87.28576
2019-08-20 00:00:00,21.25766,18.911469,898.06866,9.3632965,245.71341,86.48811
2019-08-20 01:00:00,21.455536,19.021301,898.4602,9.443578,245.67154,86.0334
2019-08-20 02:00:00,22.368927,19.197937,898.8816,9.842379,245.4281,82.27032
2019-08-20 03:00:00,22.785156,19.265594,899.2301,10.492688,247.12064,80.555954
2019-08-20 04:00:00,23.096466,19.271057,899.3452,10.928183,248.60034,79.07865
2019-08-20 05:00:00,24.539825,19.34317,899.2382,11.271989,249.1649,72.82869
2019-08-20 06:00:00,25.13266,19.380615,898.84656,11.556319,249.61719,70.46037
2019-08-20 07:00:00,25.310974,19.458069,898.32227,11.81806,250.08209,70.053055
2019-08-20 08:00:00,25.898285,19.315796,897.64764,11.970944,250.8454,67.0571
2019-08-20 09:00:00,25.937958,19.32611,896.93475,12.033174,251.44408,66.94271
2019-08-20 10:00:00,25.444672,19.292542,896.2955,11.540107,254.72891,68.78649
2019-08-20 11:00:00,25.345215,19.238312,896.03687,11.250662,253.94366,68.96116
2019-08-20 12:00:00,25.107178,19.161224,896.08057,10.748842,252.46194,69.61012
2019-08-20 13:00:00,24.765564,19.195984,896.3525,10.202486,250.0337,71.19715
2019-08-20 14:00:00,24.151001,19.513123,896.9018,10.050582,247.62805,75.33721
2019-08-20 15:00:00,23.402985,19.407532,897.47845,10.052994,245.55255,78.28989
2019-08-20 16:00:00,23.257538,19.39035,897.921,10.217805,243.75809,78.89601
2019-08-20 17:00:00,22.665314,19.346558,898.0428,10.483127,242.54227,81.55352
2019-08-20 18:00:00,22.424957,19.240234,897.89984,10.819914,242.23013,82.206825
2019-08-20 19:00:00,22.226074,19.17691,897.56024,11.190399,242.64047,82.87984
2019-08-20 20:00:00,21.69629,19.01419,897.14307,11.480618,243.64142,84.73795
2019-08-20 21:00:00,21.565125,18.990906,896.8002,11.601562,244.91742,85.29638
2019-08-20 22:00:00,21.180664,18.754974,896.59937,10.895965,248.7432,86.05225
2019-08-20 23:00:00,21.074615,18.684174,896.62286,10.992177,249.02023,86.231735
2019-08-21 00:00:00,21.309387,18.793427,896.7771,11.008401,248.92392,85.581
2019-08-21 01:00:00,21.389496,18.824951,897.1573,11.009245,248.31662,85.32982
2019-08-21 02:00:00,22.352905,19.035858,897.54614,11.306713,247.10236,81.522766
2019-08-21 03:00:00,22.728577,19.114075,897.8898,12.03994,247.19798,80.07343
2019-08-21 04:00:00,23.070923,19.25531,898.0774,12.588638,247.49486,79.12329
2019-08-21 05:00:00,24.411499,19.28653,898.03107,12.970579,247.46564,73.131996
2019-08-21 06:00:00,24.983917,19.256805,897.8244,13.322871,247.58826,70.54211
2019-08-21 07:00:00,25.128052,19.26593,897.3653,13.563816,248.04779,69.97849
2019-08-21 08:00:00,25.761993,19.253082,896.8239,13.631204,248.83896,67.33743
2019-08-21 09:00:00,25.859222,19.265411,896.168,13.554317,249.48062,67.00196
2019-08-21 10:00:00,25.228058,19.163788,895.78217,12.18546,253.32138,69.121895
2019-08-21 11:00:00,25.049591,19.06778,895.7302,12.044529,251.89755,69.443756
2019-08-21 12:00:00,24.918884,19.018097,895.94977,11.6209135,250.05936,69.77059
2019-08-21 13:00:00,24.580078,19.060669,896.3144,11.132153,247.2652,71.38629
2019-08-21 14:00:00,23.883179,19.32254,896.7869,10.99611,244.34985,75.65688
2019-08-21 15:00:00,22.946136,19.013641,897.3515,10.9819765,242.22255,78.53139
2019-08-21 16:00:00,22.773987,18.998993,897.7904,11.097151,240.79657,79.28224
2019-08-21 17:00:00,22.227478,18.977905,897.88635,11.297048,239.99738,81.85088
2019-08-21 18:00:00,22.080566,18.95523,897.68164,11.580658,239.8622,82.46981
2019-08-21 19:00:00,21.927765,18.90738,897.3159,11.879695,240.52643,82.993576
2019-08-21 20:00:00,21.452545,18.819672,896.937,12.086119,241.62733,84.972916
2019-08-21 21:00:00,21.284729,18.687225,896.6127,12.135194,242.73022,85.14337
2019-08-21 22:00:00,20.91095,18.655548,896.4595,11.720528,247.29358,86.9475
2019-08-21 23:00:00,20.8815,18.639893,896.53455,11.50165,247.4018,87.01985
2019-08-22 00:00:00,21.110321,18.703613,896.72156,11.238855,247.1267,86.14756
2019-08-22 01:00:00,21.152649,18.684814,897.17975,11.019966,246.52475,85.82308
2019-08-22 02:00:00,22.230621,18.93396,897.605,11.069913,245.62271,81.611115
2019-08-22 03:00:00,22.59784,19.039795,897.9426,11.482181,245.69606,80.33822
2019-08-22 04:00:00,22.931488,19.173279,898.05786,11.642639,245.207,79.387215
2019-08-22 05:00:00,24.297058,19.302582,897.9752,11.867041,244.38211,73.70874
2019-08-22 06:00:00,24.89917,19.307037,897.6154,12.106522,244.00757,71.121635
2019-08-22 07:00:00,25.05542,19.388489,897.13666,12.3535385,244.21716,70.82003
2019-08-22 08:00:00,25.690765,19.337738,896.56226,12.502005,244.64299,67.97972
2019-08-22 09:00:00,25.81897,19.354889,896.0105,12.595615,245.36855,67.53699
2019-08-22 10:00:00,25.276978,19.325226,895.5559,11.507216,250.05838,69.61728
2019-08-22 11:00:00,25.146759,19.231354,895.59534,11.38579,247.87506,69.75024
2019-08-22 12:00:00,24.9599,19.170197,895.81006,11.113195,244.95651,70.26317
2019-08-22 13:00:00,24.728241,19.141937,896.2084,10.912315,240.64926,71.11621
2019-08-22 14:00:00,23.925262,19.298615,896.7675,10.922568,237.45111,75.35346
2019-08-22 15:00:00,23.09732,19.189972,897.3578,11.092732,235.22893,78.67628
2019-08-22 16:00:00,22.873322,19.108734,897.70593,11.315718,233.78923,79.34757
2019-08-22 17:00:00,22.343933,19.088898,897.81726,11.589324,233.03635,81.83747
2019-08-22 18:00:00,22.183594,19.062103,897.6727,11.875619,233.06058,82.50202
2019-08-22 19:00:00,22.022034,19.047089,897.39844,12.135175,234.15701,83.24022
2019-08-22 20:00:00,21.477173,18.844025,897.0683,12.242822,235.67624,84.97404
2019-08-22 21:00:00,21.387573,18.80832,896.7889,12.2792225,237.39093,85.25122
2019-08-22 22:00:00,21.070618,18.683777,896.8828,11.566545,241.62704,86.25076
2019-08-22 23:00:00,21.065125,18.68515,896.9174,11.501201,241.88649,86.28726
2019-08-23 00:00:00,21.268799,18.769379,897.2346,11.374249,241.86597,85.6654
2019-08-23 01:00:00,21.300385,18.759064,897.66797,11.177686,241.2468,85.44459
2019-08-23 02:00:00,22.26059,18.99408,898.1119,11.2124,240.1492,81.768585
2019-08-23 03:00:00,22.68277,19.15329,898.3884,11.61188,240.1767,80.49269
2019-08-23 04:00:00,22.94873,19.273346,898.5377,11.884702,240.23352,79.8001
2019-08-23 05:00:00,24.311584,19.376923,898.4168,12.1951,240.31213,73.986046
2019-08-23 06:00:00,24.942719,19.382019,898.1053,12.492986,240.95004,71.26885
2019-08-23 07:00:00,25.084412,19.453003,897.5605,12.722224,241.67207,70.98199
2019-08-23 08:00:00,25.548584,19.321655,897.0017,12.784113,242.36868,68.48718
2019-08-23 09:00:00,25.595367,19.32022,896.5188,12.813774,243.21603,68.29114
2019-08-23 10:00:00,25.15216,19.413635,896.08704,11.661815,251.07576,70.523254
2019-08-23 11:00:00,25.06836,19.364471,896.2139,11.443135,249.4035,70.6598
2019-08-23 12:00:00,24.858612,19.278442,896.4638,11.079566,245.96533,71.16722
2019-08-23 13:00:00,24.59134,19.287476,897.0128,10.714186,241.74622,72.35343
2019-08-23 14:00:00,23.89444,19.544525,897.6403,10.577378,237.7526,76.65648
2019-08-23 15:00:00,23.134735,19.341248,898.2607,10.650963,234.68338,79.24128
2019-08-23 16:00:00,22.990997,19.333832,898.63367,10.86479,232.47511,79.89641
2019-08-23 17:00:00,22.445007,19.30774,898.69635,11.226732,231.62946,82.452446
2019-08-23 18:00:00,22.305603,19.278412,898.46545,11.579015,231.87747,83.002686
2019-08-23 19:00:00,22.167145,19.269226,898.05273,11.899304,232.99738,83.657364
2019-08-23 20:00:00,21.652222,19.049377,897.6853,12.114637,234.22911,85.15321
2019-08-23 21:00:00,21.531921,18.985107,897.33453,12.228987,235.62814,85.43893
2019-08-23 22:00:00,21.202545,18.839386,897.25366,11.537917,239.21063,86.39126
2019-08-23 23:00:00,21.161377,18.825592,897.2745,11.4499855,239.06816,86.53515
2019-08-24 00:00:00,21.45819,18.99997,897.4515,11.317369,238.60168,85.90499
2019-08-24 01:00:00,21.551758,19.03717,897.86804,11.132748,237.61902,85.61286
2019-08-24 02:00:00,22.359497,19.190826,898.32,11.238865,236.65256,82.28103
2019-08-24 03:00:00,22.73349,19.293915,898.6917,11.751839,237.0011,80.951294
2019-08-24 04:00:00,23.051361,19.358582,898.87964,12.070247,238.15425,79.7278
2019-08-24 05:00:00,24.385468,19.534729,898.82495,12.277221,239.1903,74.38548
2019-08-24 06:00:00,25.03476,19.582642,898.5153,12.40864,240.1803,71.76815
2019-08-24 07:00:00,25.210907,19.671326,897.9843,12.493885,240.91173,71.41117
2019-08-24 08:00:00,25.803375,19.638184,897.31744,12.462423,241.71292,68.800156
2019-08-24 09:00:00,25.812408,19.604065,896.6387,12.347048,242.05327,68.617836
2019-08-24 10:00:00,25.221344,19.564453,895.8734,11.631065,244.05222,70.894806
2019-08-24 11:00:00,25.045929,19.471008,895.79767,11.473865,242.82544,71.22465
2019-08-24 12:00:00,24.808868,19.398651,895.9868,11.260273,240.52158,71.91475
2019-08-24 13:00:00,24.60196,19.440582,896.4761,10.979984,237.18451,72.99949
2019-08-24 14:00:00,23.965576,19.634613,897.11615,10.935215,234.18373,76.75768
2019-08-24 15:00:00,23.17688,19.399292,897.71466,11.041389,232.18823,79.325554
2019-08-24 16:00:00,23.040375,19.39914,898.02423,11.200989,230.84541,79.98233
2019-08-24 17:00:00,22.52124,19.321106,898.029,11.423656,230.49043,82.13973
2019-08-24 18:00:00,22.38684,19.331635,897.8275,11.701145,230.684,82.86763
2019-08-24 19:00:00,22.279205,19.306519,897.48016,11.960552,231.6793,83.28171
2019-08-24 20:00:00,21.797363,19.141693,897.1334,12.149074,232.85693,84.88844
2019-08-24 21:00:00,21.69983,19.115967,896.78296,12.192534,234.23975,85.25899
2019-08-24 22:00:00,21.339294,18.936829,896.7042,11.183209,237.26501,86.1927
2019-08-24 23:00:00,21.31015,18.9469,896.791,11.255801,236.96092,86.40111
2019-08-25 00:00:00,21.51181,18.994476,897.08203,11.220927,236.0902,85.59416
2019-08-25 01:00:00,21.506805,18.956543,897.5502,11.151771,234.81375,85.41799
2019-08-25 02:00:00,22.312653,19.132385,898.01636,11.327161,233.11002,82.21592
2019-08-25 03:00:00,22.769592,19.270508,898.32367,11.836001,232.93109,80.65668
2019-08-25 04:00:00,23.026367,19.311188,898.4,12.152181,233.65067,79.61329
2019-08-25 05:00:00,24.273743,19.36679,898.2483,12.396641,234.52826,74.10732
2019-08-25 06:00:00,24.795593,19.38034,897.8597,12.573539,235.72696,71.88985
2019-08-25 07:00:00,24.972961,19.411896,897.2579,12.67027,237.01428,71.272705
2019-08-25 08:00:00,25.592468,19.341827,896.59406,12.632456,238.2244,68.394775
2019-08-25 09:00:00,25.637543,19.360748,895.9885,12.51829,239.09372,68.292404
2019-08-25 10:00:00,25.093903,19.364594,895.4236,11.632256,243.91104,70.55289
2019-08-25 11:00:00,24.9953,19.25174,895.4523,11.3372965,241.63345,70.47201
2019-08-25 12:00:00,24.823273,19.215607,895.7424,10.961606,238.95587,71.03902
2019-08-25 13:00:00,24.641266,19.229645,896.24365,10.681656,235.9148,71.87847
2019-08-25 14:00:00,23.962341,19.432922,896.8622,10.583256,233.20602,75.81656
2019-08-25 15:00:00,23.114075,19.184235,897.57837,10.610297,230.9608,78.5685
2019-08-25 16:00:00,22.919525,19.166046,898.0469,10.818594,229.33498,79.408936
2019-08-25 17:00:00,22.41684,19.134521,898.1772,11.149892,228.69077,81.70754
2019-08-25 18:00:00,22.299438,19.133575,897.95306,11.536856,228.97803,82.28812
2019-08-25 19:00:00,22.151093,19.101288,897.6111,11.861727,229.88705,82.86769
2019-08-25 20:00:00,21.70514,19.020966,897.26013,11.988746,231.02531,84.72793
2019-08-25 21:00:00,21.659485,19.063477,896.9907,12.026928,231.97939,85.19028
2019-08-25 22:00:00,21.302307,18.901154,896.97595,11.2323885,233.74365,86.19616
2019-08-25 23:00:00,21.183899,18.82251,897.03467,11.224165,233.87799,86.39901
2019-08-26 00:00:00,21.345581,18.830902,897.1993,11.177023,233.58322,85.59152
2019-08-26 01:00:00,21.4151,18.849915,897.5586,11.16888,232.61777,85.32903
2019-08-26 02:00:00,22.508453,19.073944,897.9814,11.432387,230.70033,80.94768
2019-08-26 03:00:00,22.793732,19.11377,898.30383,12.02252,230.03558,79.75622
2019-08-26 04:00:00,23.06784,19.162445,898.3844,12.470096,230.42441,78.68164
2019-08-26 05:00:00,24.492737,19.269745,898.25214,12.82265,231.69012,72.70119
2019-08-26 06:00:00,25.055115,19.270416,897.96606,13.060862,233.19786,70.30288
2019-08-26 07:00:00,25.229279,19.298553,897.572,13.202812,234.96307,69.69938
2019-08-26 08:00:00,25.849915,19.311035,897.05493,13.254811,236.69063,67.22957
2019-08-26 09:00:00,25.874268,19.390839,896.5137,13.077731,238.3173,67.46678
2019-08-26 10:00:00,25.1557,19.29779,896.127,11.94942,242.82812,70.002045
2019-08-26 11:00:00,25.047607,19.207825,896.0059,11.659294,242.45883,70.06075
2019-08-26 12:00:00,24.880157,19.199738,896.1024,11.38745,241.40533,70.72828
2019-08-26 13:00:00,24.664337,19.278442,896.45917,11.273522,239.25868,71.99783
2019-08-26 14:00:00,24.05716,19.420227,896.988,11.16989,237.43362,75.32652
2019-08-26 15:00:00,23.10492,19.344696,897.5988,11.174471,236.03305,79.401276
2019-08-26 16:00:00,22.924683,19.309662,898.03156,11.263169,235.13834,80.09725
2019-08-26 17:00:00,22.521515,19.2872,898.1552,11.472625,234.92677,81.96522
2019-08-26 18:00:00,22.38205,19.261597,897.8869,11.704013,235.4699,82.53124
2019-08-26 19:00:00,22.251495,19.226624,897.53,11.956722,236.57846,83.00835
2019-08-26 20:00:00,21.763702,19.049652,897.0851,12.088358,237.88782,84.57648
2019-08-26 21:00:00,21.626556,18.997437,896.77094,12.082845,239.18008,85.011116
2019-08-26 22:00:00,21.37381,18.911407,896.58167,11.067881,242.26654,85.874245
2019-08-26 23:00:00,21.372772,18.947327,896.59357,10.958905,241.22868,86.072464
2019-08-27 00:00:00,21.655975,19.02948,896.8239,10.930729,240.43372,85.028114
2019-08-27 01:00:00,21.705444,19.031372,897.2634,10.823686,238.85641,84.781364
2019-08-27 02:00:00,22.724731,19.261597,897.7926,10.947195,237.022,80.831535
2019-08-27 03:00:00,23.025848,19.298218,898.13257,11.309979,235.64911,79.551575
2019-08-27 04:00:00,23.31195,19.325226,898.2628,11.637716,234.96954,78.31918
2019-08-27 05:00:00,24.737823,19.515778,898.0678,11.88611,235.49554,72.74832
2019-08-27 06:00:00,25.292877,19.503479,897.661,12.054457,236.46185,70.32675
2019-08-27 07:00:00,25.441498,19.529358,897.07104,12.159374,237.88126,69.82019
2019-08-27 08:00:00,26.093414,19.471008,896.4793,12.170045,239.28452,66.930176
2019-08-27 09:00:00,26.158997,19.487823,895.8836,12.040778,240.27664,66.74086
2019-08-27 10:00:00,25.383087,19.628601,895.30334,11.1861925,243.56064,70.496216
2019-08-27 11:00:00,25.2753,19.554596,895.22675,10.891192,242.3075,70.624275
2019-08-27 12:00:00,25.052185,19.479004,895.44666,10.517391,240.5214,71.233475
2019-08-27 13:00:00,24.871613,19.501831,895.82166,10.312913,237.5036,72.10698
2019-08-27 14:00:00,24.17096,19.738007,896.4153,10.238955,234.51016,76.30502
2019-08-27 15:00:00,23.262726,19.57373,897.11206,10.314862,231.9665,79.77541
2019-08-27 16:00:00,23.113556,19.55127,897.6981,10.559735,230.00826,80.38563
2019-08-27 17:00:00,22.614868,19.46524,897.9445,10.877179,229.17653,82.40957
2019-08-27 18:00:00,22.500885,19.464905,897.81116,11.149132,229.49619,82.98023
2019-08-27 19:00:00,22.37085,19.424713,897.493,11.354085,230.35521,83.42989
2019-08-27 20:00:00,21.973969,19.303009,897.11017,11.483981,231.52289,84.82631
2019-08-27 21:00:00,21.789246,19.291931,896.8143,11.51248,232.91383,85.72896
2019-08-27 22:00:00,21.523804,19.155365,896.8066,10.483268,237.1233,86.39364
2019-08-27 23:00:00,21.474579,19.13095,896.88654,10.299574,237.23123,86.52264
2019-08-28 00:00:00,21.830444,19.260284,897.18884,10.127594,237.1329,85.345215
2019-08-28 01:00:00,21.89444,19.24057,897.68646,9.87133,236.36752,84.90821
2019-08-28 02:00:00,22.825562,19.53006,898.25,9.9920225,234.82028,81.691605
2019-08-28 03:00:00,23.165466,19.564423,898.66907,10.391545,233.94382,80.1992
2019-08-28 04:00:00,23.469208,19.617249,898.8829,10.7465925,233.16862,79.0006
2019-08-28 05:00:00,24.823639,19.683167,898.7823,11.012439,233.43268,73.13272
2019-08-28 06:00:00,25.453583,19.70343,898.42834,11.194543,234.4285,70.52826
2019-08-28 07:00:00,25.610626,19.776306,897.9076,11.292076,235.85951,70.19015
2019-08-28 08:00:00,26.165344,19.805359,897.3032,11.292881,237.66367,68.04397
2019-08-28 09:00:00,26.191864,19.790314,896.6834,11.203491,239.35307,67.874054
2019-08-28 10:00:00,25.53769,19.969025,896.1317,10.863028,245.0509,71.34169
2019-08-28 11:00:00,25.392303,19.89386,896.0814,10.3884535,245.17484,71.626366
2019-08-28 12:00:00,25.137115,19.834137,896.24774,9.903142,243.88939,72.45361
2019-08-28 13:00:00,24.875977,19.769196,896.6994,9.489915,241.302,73.29474
2019-08-28 14:00:00,24.181519,19.898285,897.3718,9.249948,238.94818,77.01821
2019-08-28 15:00:00,23.547607,19.807617,898.0807,9.194058,236.9607,79.56229
2019-08-28 16:00:00,23.33313,19.735748,898.60516,9.338757,235.43948,80.239876
2019-08-28 17:00:00,22.785675,19.705933,898.8527,9.587453,234.83673,82.78852
2019-08-28 18:00:00,22.641388,19.636047,898.6951,9.868506,235.25275,83.15474
2019-08-28 19:00:00,22.492157,19.606049,898.3565,10.097098,236.48404,83.7555
2019-08-28 20:00:00,22.063873,19.465363,897.9322,10.250247,237.96146,85.21887
2019-08-28 21:00:00,21.881744,19.457947,897.61127,10.345621,239.74023,86.13109
2019-08-28 22:00:00,21.668549,19.34665,897.4856,9.4795065,245.04245,86.658134
2019-08-28 23:00:00,21.667572,19.354523,897.52673,9.4693575,245.88994,86.70579
2019-08-29 00:00:00,21.944366,19.465454,897.77264,9.438013,245.94484,85.842636
2019-08-29 01:00:00,21.996735,19.496033,898.3032,9.2938175,246.03024,85.73169
2019-08-29 02:00:00,23.057465,19.799744,898.7865,9.320585,245.32559,81.9123
2019-08-29 03:00:00,23.371399,19.831512,899.13586,9.6381235,245.29172,80.53155
2019-08-29 04:00:00,23.653137,19.8667,899.2907,9.806216,245.39038,79.34808
2019-08-29 05:00:00,24.996216,20.02472,899.1947,9.95624,246.09036,73.93221
2019-08-29 06:00:00,25.523438,20.022797,898.7681,10.086286,246.93741,71.64019
2019-08-29 07:00:00,25.649567,20.089874,898.0666,10.249768,247.86371,71.40158
2019-08-29 08:00:00,26.158356,20.032501,897.26587,10.363085,248.92761,69.036705
2019-08-29 09:00:00,26.239746,20.15039,896.5747,10.433692,249.90556,69.2084
2019-08-29 10:00:00,25.344543,20.13321,895.902,10.570551,254.98752,72.902245
2019-08-29 11:00:00,25.191956,20.085144,895.8332,10.188956,254.28876,73.34877
2019-08-29 12:00:00,24.977325,20.061432,895.93536,9.749746,251.60576,74.18389
2019-08-29 13:00:00,24.795197,20.108124,896.3389,9.487692,247.70798,75.21149
2019-08-29 14:00:00,24.145538,20.19455,896.9027,9.475502,244.39922,78.61294
2019-08-29 15:00:00,23.411713,20.00888,897.50006,9.56852,241.97961,81.22345
2019-08-29 16:00:00,23.242065,19.947998,897.8988,9.791317,240.05634,81.750854
2019-08-29 17:00:00,22.817322,19.886932,898.0195,10.129644,239.15234,83.562416
2019-08-29 18:00:00,22.663635,19.852203,897.834,10.424762,239.38678,84.16349
2019-08-29 19:00:00,22.543945,19.794617,897.46564,10.718852,240.69153,84.47511
2019-08-29 20:00:00,22.124268,19.641449,896.9564,10.890825,242.60849,85.83967
2019-08-29 21:00:00,22.040558,19.60263,896.45844,10.94071,244.71228,86.071
2019-08-29 22:00:00,21.690002,19.416779,896.21545,10.7079,247.28915,86.92291
2019-08-29 23:00:00,21.635956,19.384888,896.1244,10.698429,247.8223,87.03782
2019-08-30 00:00:00,21.846191,19.407928,896.24664,10.66898,248.47394,86.05014
2019-08-30 01:00:00,21.89215,19.377045,896.52545,10.4935055,249.33958,85.64442
2019-08-30 02:00:00,22.727875,19.521423,896.92755,10.486626,249.54776,82.13279
2019-08-30 03:00:00,23.06784,19.558685,897.2335,10.749764,250.23836,80.64533
2019-08-30 04:00:00,23.423462,19.601105,897.33154,10.86243,251.05064,79.1395
2019-08-30 05:00:00,24.710663,19.782074,897.1255,10.931329,252.0001,74.08102
2019-08-30 06:00:00,25.352722,19.773071,896.7156,11.003335,252.58487,71.259544
2019-08-30 07:00:00,25.512848,19.873322,896.05096,11.076691,253.36818,71.024704
2019-08-30 08:00:00,26.006256,19.89093,895.27893,11.071496,254.34784,69.05248
2019-08-30 09:00:00,26.020935,19.883759,894.55695,11.017171,255.37909,68.961845
2019-08-30 10:00:00,25.519012,19.958801,893.92084,10.009758,260.3778,71.37567
2019-08-30 11:00:00,25.389252,19.818817,893.77625,9.747293,257.79816,71.30692
2019-08-30 12:00:00,25.14627,19.848053,893.94354,9.526062,253.18008,72.476616
2019-08-30 13:00:00,24.951141,19.890991,894.30963,9.34435,247.82867,73.51982
2019-08-30 14:00:00,24.156097,19.932373,894.9186,9.418229,242.87361,77.29886
2019-08-30 15:00:00,23.370361,19.791351,895.53485,9.649268,238.9678,80.33631
2019-08-30 16:00:00,23.169434,19.741638,896.01,10.030187,235.987,81.06688
2019-08-30 17:00:00,22.632172,19.660126,896.1196,10.561585,234.29526,83.3257
2019-08-30 18:00:00,22.475647,19.619507,895.9153,11.115837,233.95096,83.909645
2019-08-30 19:00:00,22.358032,19.62967,895.52985,11.538116,234.61371,84.56504
2019-08-30 20:00:00,21.933167,19.500092,895.1041,11.839368,235.60477,86.086426
2019-08-30 21:00:00,21.823334,19.429077,894.655,12.038266,236.69652,86.28375
2019-08-30 22:00:00,21.45633,19.184631,894.52563,10.982171,239.93964,86.90957
2019-08-30 23:00:00,21.363953,19.133057,894.50146,11.121077,239.56706,87.122284
2019-08-31 00:00:00,21.566895,19.20401,894.6848,11.098524,239.12106,86.42767
2019-08-31 01:00:00,21.641998,19.199707,895.0201,11.016466,238.33795,86.00855
2019-08-31 02:00:00,22.601074,19.4693,895.418,11.117569,237.05173,82.49941
2019-08-31 03:00:00,22.891785,19.513245,895.7072,11.540746,236.10002,81.27955
2019-08-31 04:00:00,23.204865,19.57779,895.8406,11.911603,235.80225,80.07495
2019-08-31 05:00:00,24.658508,19.73236,895.78796,12.110577,235.78625,74.08349
2019-08-31 06:00:00,25.209778,19.73294,895.4428,12.176255,236.11688,71.689514
2019-08-31 07:00:00,25.361664,19.838837,894.9144,12.191494,236.49237,71.51268
2019-08-31 08:00:00,25.908112,19.942383,894.20166,12.184041,237.13007,69.67658
2019-08-31 09:00:00,25.903381,19.989197,893.549,12.082156,237.27846,69.89844
2019-08-31 10:00:00,25.314484,19.917664,892.97,10.952071,242.41248,72.0648
2019-08-31 11:00:00,25.155182,19.836304,892.9243,10.851002,239.60269,72.385445
2019-08-31 12:00:00,24.938965,19.883514,893.1408,10.842787,236.40408,73.53912
2019-08-31 13:00:00,24.608734,19.868256,893.66547,10.874571,232.65048,74.933014
2019-08-31 14:00:00,23.846497,19.902649,894.2835,11.072743,229.68872,78.60497
2019-08-31 15:00:00,23.167877,19.704468,895.0242,11.388636,227.72804,80.88778
2019-08-31 16:00:00,23.030731,19.729492,895.5668,11.704672,226.53922,81.688194
2019-08-31 17:00:00,22.563934,19.638184,895.9057,12.059104,226.019,83.55771
2019-08-31 18:00:00,22.465027,19.60962,895.91425,12.394667,226.64499,83.91227
2019-08-31 19:00:00,22.345581,19.581696,895.62964,12.661767,227.81686,84.37734
2019-08-31 20:00:00,21.944366,19.505493,895.1909,12.767997,229.22401,86.05652
2019-08-31 21:00:00,21.885773,19.534943,894.81165,12.734807,230.2737,86.522934
2019-08-31 22:00:00,21.53299,19.318268,894.7737,12.100712,233.66385,87.22545
2019-08-31 23:00:00,21.53247,19.3172,894.89026,11.918518,233.34296,87.22242
2019-09-01 00:00:00,21.761597,19.406586,895.2004,11.657887,233.14133,86.488625
2019-09-01 01:00:00,21.868774,19.453278,895.7547,11.353464,231.90703,86.174255
2019-09-01 02:00:00,22.651093,19.600372,896.358,11.293329,230.44948,82.921906
2019-09-01 03:00:00,23.021698,19.600037,896.8057,11.539787,229.36992,81.07876
2019-09-01 04:00:00,23.416748,19.702423,897.02344,11.761806,228.95657,79.671074
2019-09-01 05:00:00,24.587677,19.924805,897.0065,11.9055805,229.23886,75.29077
2019-09-01 06:00:00,25.15564,19.964203,896.6979,11.966773,229.60936,72.959305
2019-09-01 07:00:00,25.291748,20.059204,896.1839,11.989687,230.40967,72.797485
2019-09-01 08:00:00,25.652893,20.078094,895.55273,11.933618,231.26262,71.33547
2019-09-01 09:00:00,25.616394,20.071686,894.9829,11.754166,231.97989,71.461784
2019-09-01 10:00:00,24.972992,20.032013,894.4013,11.550574,237.34164,74.068085
2019-09-01 11:00:00,24.866882,19.907196,894.3707,11.288852,235.83897,73.96452
2019-09-01 12:00:00,24.717499,19.927032,894.65356,11.045855,233.87318,74.71906
2019-09-01 13:00:00,24.450684,19.927124,895.18445,10.966274,231.58917,75.921394
2019-09-01 14:00:00,23.81073,19.933777,895.90344,11.031784,229.1946,78.926315
2019-09-01 15:00:00,23.051453,19.764801,896.50336,11.15647,227.6864,81.764694
2019-09-01 16:00:00,22.914276,19.751648,896.9118,11.3676,226.74045,82.37924
2019-09-01 17:00:00,22.48349,19.656158,897.0772,11.637734,226.2666,84.06071
2019-09-01 18:00:00,22.349426,19.6073,897.0296,11.890061,226.9101,84.49188
2019-09-01 19:00:00,22.195435,19.53656,896.7565,12.120084,228.2669,84.91348
2019-09-01 20:00:00,21.803375,19.384094,896.4274,12.24862,229.95229,86.14763
2019-09-01 21:00:00,21.693756,19.33319,896.12616,12.243664,231.696,86.45232
2019-09-01 22:00:00,21.448547,19.369324,896.0643,12.040024,234.74525,87.956474
2019-09-01 23:00:00,21.419983,19.34314,896.2149,11.840848,235.44025,87.96705
2019-09-02 00:00:00,21.607605,19.410767,896.5466,11.566819,235.28723,87.32927
2019-09-02 01:00:00,21.69162,19.468658,897.0698,11.350243,234.71707,87.19513
2019-09-02 02:00:00,22.455078,19.562134,897.5776,11.400937,234.15398,83.71575
2019-09-02 03:00:00,23.045074,19.788666,897.906,11.698621,234.49292,81.91742
2019-09-02 04:00:00,23.310852,19.837463,897.9843,11.872206,235.40747,80.85628
2019-09-02 05:00:00,24.52597,20.021637,897.78406,11.942509,236.63568,76.023674
2019-09-02 06:00:00,25.035675,19.983643,897.4314,11.994052,237.44836,73.571175
2019-09-02 07:00:00,25.171112,20.048798,896.89343,12.097591,238.0758,73.27487
2019-09-02 08:00:00,25.68106,20.044617,896.2596,12.146774,238.57239,71.06899
2019-09-02 09:00:00,25.705872,20.02826,895.60266,12.151917,239.25465,70.89267
2019-09-02 10:00:00,25.095398,19.986359,894.8636,11.783082,240.23244,73.322105
2019-09-02 11:00:00,24.994904,20.000488,894.83704,11.608764,239.88559,73.82719
2019-09-02 12:00:00,24.770874,19.99121,895.05005,11.362974,237.89798,74.77782
2019-09-02 13:00:00,24.493103,19.94046,895.43115,11.250332,234.67136,75.79143
2019-09-02 14:00:00,23.8591,19.989838,896.0071,11.342034,232.0675,78.97072
2019-09-02 15:00:00,23.143066,19.904358,896.58325,11.494756,230.39668,82.01941
2019-09-02 16:00:00,23.021912,19.859985,896.96564,11.729053,229.30272,82.395805
2019-09-02 17:00:00,22.653656,19.752441,897.0801,11.9782915,229.02002,83.69518
2019-09-02 18:00:00,22.457245,19.747772,896.9327,12.249935,229.43686,84.67486
2019-09-02 19:00:00,22.352966,19.713226,896.5458,12.4589,230.53961,85.03092
2019-09-02 20:00:00,21.972046,19.565826,896.06616,12.516191,231.61371,86.233955
2019-09-02 21:00:00,21.875305,19.516052,895.697,12.464045,232.65173,86.47667
2019-09-02 22:00:00,21.69519,19.487946,895.7514,12.2771,234.96124,87.28065
2019-09-02 23:00:00,21.650543,19.45282,895.7761,12.262637,235.2261,87.32835
2019-09-03 00:00:00,21.87613,19.485077,895.9484,12.118376,234.91917,86.30601
2019-09-03 01:00:00,21.955017,19.50003,896.3725,11.955691,234.06827,85.97142
2019-09-03 02:00:00,22.64795,19.609283,896.85315,11.94876,233.19528,82.983604
2019-09-03 03:00:00,22.971039,19.67694,897.2264,12.153998,233.14645,81.716934
2019-09-03 04:00:00,23.26007,19.777466,897.3511,12.3304205,233.65082,80.803474
2019-09-03 05:00:00,24.503265,19.889923,897.2488,12.472028,234.12354,75.50859
2019-09-03 06:00:00,25.034607,19.916473,896.8943,12.611818,234.66187,73.27039
2019-09-03 07:00:00,25.234406,20.060333,896.26276,12.761831,235.59164,73.05142
2019-09-03 08:00:00,25.70044,20.036865,895.5377,12.829643,236.77434,70.9533
2019-09-03 09:00:00,25.709412,20.009247,894.8677,12.807768,237.69806,70.7944
2019-09-03 10:00:00,25.149567,19.987,894.2314,12.526732,238.38412,73.08883
2019-09-03 11:00:00,25.02713,19.915771,894.2262,12.387058,237.79057,73.29989
2019-09-03 12:00:00,24.784393,19.807617,894.47095,12.145812,236.0213,73.87238
2019-09-03 13:00:00,24.610626,19.894989,894.91565,11.955524,232.65176,75.048744
2019-09-03 14:00:00,23.908112,20.052002,895.5648,11.999169,229.94705,79.04196
2019-09-03 15:00:00,23.299042,19.858643,896.1661,12.170755,227.91577,81.02026
2019-09-03 16:00:00,23.150208,19.82138,896.54175,12.409167,226.73935,81.56349
2019-09-03 17:00:00,22.692932,19.766083,896.6797,12.748761,226.42839,83.56664
2019-09-03 18:00:00,22.553192,19.758514,896.5474,13.06234,227.18797,84.23887
2019-09-03 19:00:00,22.426361,19.730408,896.1727,13.251223,228.32666,84.742645
2019-09-03 20:00:00,21.971344,19.605835,895.64136,13.331161,229.68178,86.452255
2019-09-03 21:00:00,21.902191,19.582275,895.2727,13.252224,230.92212,86.69081
2019-09-03 22:00:00,21.654236,19.463623,895.14014,12.58897,233.15416,87.36726
2019-09-03 23:00:00,21.636719,19.482208,895.11346,12.601583,232.8377,87.56197
2019-09-04 00:00:00,21.729736,19.454254,895.33795,12.557726,232.09921,86.914375
2019-09-04 01:00:00,21.768982,19.454163,895.7941,12.459888,230.74196,86.70574
2019-09-04 02:00:00,22.58908,19.592987,896.3194,12.488565,229.54147,83.19642
2019-09-04 03:00:00,22.939453,19.664215,896.6831,12.632128,228.85114,81.808685
2019-09-04 04:00:00,23.252747,19.746826,896.81555,12.8180485,229.06186,80.68576
2019-09-04 05:00:00,24.519531,19.843964,896.64044,13.098054,229.7127,75.22056
2019-09-04 06:00:00,25.11319,19.905243,896.2327,13.357846,230.782,72.877396
2019-09-04 07:00:00,25.289093,19.922333,895.5668,13.507055,231.96318,72.19459
2019-09-04 08:00:00,25.84433,19.928833,894.878,13.582303,233.16034,69.881645
2019-09-04 09:00:00,25.940155,19.817047,894.25073,13.548669,234.2425,69.006454
2019-09-04 10:00:00,25.290955,19.812592,893.7581,12.33438,238.08763,71.69731
2019-09-04 11:00:00,25.19928,19.820404,893.7986,12.172545,236.34454,72.12448
2019-09-04 12:00:00,25.005096,19.857727,894.00616,12.04668,232.97357,73.132744
2019-09-04 13:00:00,24.72351,19.890106,894.45776,12.037281,229.44354,74.521515
2019-09-04 14:00:00,24.018097,19.821564,895.0506,12.137777,226.84497,77.4085
2019-09-04 15:00:00,23.30478,19.769867,895.64343,12.307544,225.28265,80.54763
2019-09-04 16:00:00,23.113129,19.716522,896.0538,12.501725,224.24774,81.21666
2019-09-04 17:00:00,22.739777,19.635986,896.2111,12.785716,223.94046,82.659584
2019-09-04 18:00:00,22.58847,19.572266,896.08905,13.016978,224.51088,83.0925
2019-09-04 19:00:00,22.478516,19.622528,895.7369,13.156981,225.64847,83.910736
2019-09-04 20:00:00,22.008087,19.40567,895.3053,13.208409,227.23332,85.19239
2019-09-04 21:00:00,21.793213,19.375244,894.97375,13.11379,228.44986,86.153656
2019-09-04 22:00:00,21.455688,19.169525,894.90424,12.599004,228.71306,86.83121
2019-09-04 23:00:00,21.403503,19.133423,895.0147,12.571903,228.61418,86.91342
2019-09-05 00:00:00,21.56137,19.176971,895.37634,12.482035,228.13268,86.311386
2019-09-05 01:00:00,21.629486,19.16925,895.96375,12.3214,227.21867,85.91122
2019-09-05 02:00:00,22.644867,19.5708,896.48376,12.282224,225.84323,82.80102
2019-09-05 03:00:00,23.020538,19.57547,896.8523,12.647426,225.2454,80.96082
2019-09-05 04:00:00,23.316803,19.624237,896.93854,13.0728035,226.41438,79.76509
2019-09-05 05:00:00,24.745209,19.813507,896.7003,13.36527,227.90825,74.072495
2019-09-05 06:00:00,25.285767,19.902893,896.19025,13.499952,229.10129,72.12198
2019-09-05 07:00:00,25.446625,19.95401,895.54205,13.670456,230.12738,71.66199
2019-09-05 08:00:00,26.023132,19.89038,894.8167,13.6698065,230.74289,68.98119
2019-09-05 09:00:00,26.126282,19.772125,894.2018,13.626183,231.19112,68.06086
2019-09-05 10:00:00,25.477112,19.788269,893.5711,13.253984,231.16466,70.80135
2019-09-05 11:00:00,25.305756,19.669617,893.6225,12.887711,230.10222,71.00172
2019-09-05 12:00:00,25.102814,19.71051,893.9149,12.559502,227.62283,72.04732
2019-09-05 13:00:00,24.933563,19.894135,894.35333,12.464631,224.68668,73.61127
2019-09-05 14:00:00,24.256836,19.893372,894.933,12.554998,222.33656,76.64779
2019-09-05 15:00:00,23.427887,19.83319,895.4688,12.714339,220.99927,80.26591
2019-09-05 16:00:00,23.264557,19.779236,895.82983,12.909324,220.52092,80.79047
2019-09-05 17:00:00,22.810211,19.695007,895.92804,13.157871,220.74318,82.60947
2019-09-05 18:00:00,22.638306,19.658142,895.6884,13.342524,221.98074,83.28445
2019-09-05 19:00:00,22.516388,19.634521,895.2503,13.544703,223.55183,83.78027
2019-09-05 20:00:00,22.152527,19.57605,894.76245,13.616955,225.16809,85.34475
2019-09-05 21:00:00,21.983276,19.518494,894.43555,13.587296,226.51051,85.921906
2019-09-05 22:00:00,21.67331,19.376923,894.26697,12.910078,227.85141,86.79625
2019-09-05 23:00:00,21.656708,19.373352,894.3821,12.788173,227.24542,86.865105
2019-09-06 00:00:00,21.816376,19.42752,894.65845,12.700239,226.55475,86.312065
2019-09-06 01:00:00,21.849396,19.393158,895.1524,12.621979,225.63416,85.95433
2019-09-06 02:00:00,22.652954,19.52591,895.6069,12.6918125,224.28975,82.5299
2019-09-06 03:00:00,23.020111,19.63211,895.9904,13.19139,224.31325,81.248184
2019-09-06 04:00:00,23.312317,19.655212,896.1157,13.599952,225.4294,79.94026
2019-09-06 05:00:00,24.712158,19.797821,895.971,13.87114,226.87302,74.14674
2019-09-06 06:00:00,25.219238,19.864014,895.55225,14.038574,228.22025,72.23384
2019-09-06 07:00:00,25.35434,19.877777,894.9445,14.166221,229.45047,71.716705
2019-09-06 08:00:00,25.822876,19.829163,894.2491,14.295075,230.75334,69.5397
2019-09-06 09:00:00,25.834747,19.793243,893.69257,14.281445,231.69304,69.33623
2019-09-06 10:00:00,25.194153,19.675293,893.2946,14.018298,232.57874,71.500015
2019-09-06 11:00:00,25.079498,19.596466,893.4246,13.682126,232.01808,71.63853
2019-09-06 12:00:00,24.886322,19.677002,893.77057,13.258054,230.04933,72.83176
2019-09-06 13:00:00,24.681122,19.743622,894.28284,12.990968,227.13658,74.035126
2019-09-06 14:00:00,24.033936,19.906067,894.86615,12.89264,224.77454,77.74096
2019-09-06 15:00:00,23.322052,19.655304,895.42584,12.889573,223.12105,79.89375
2019-09-06 16:00:00,23.155273,19.648926,895.7539,13.003156,222.08174,80.67085
2019-09-06 17:00:00,22.636047,19.548798,895.8197,13.205614,221.64587,82.73217
2019-09-06 18:00:00,22.487396,19.540985,895.56647,13.485767,222.20985,83.44183
2019-09-06 19:00:00,22.379517,19.526031,895.12695,13.663208,223.36604,83.91274
2019-09-06 20:00:00,21.918915,19.389282,894.7173,13.764338,224.90915,85.569786
2019-09-06 21:00:00,21.802826,19.332306,894.47186,13.729052,226.33318,85.87339
2019-09-06 22:00:00,21.595306,19.207855,894.3323,13.333882,227.22804,86.29826
2019-09-06 23:00:00,21.54126,19.217651,894.37726,13.300698,227.32095,86.63694
2019-09-07 00:00:00,21.714386,19.270142,894.663,13.215618,226.95842,86.005196
2019-09-07 01:00:00,21.753479,19.292114,895.16486,13.168816,226.20207,85.91743
2019-09-07 02:00:00,22.562744,19.496368,895.7099,13.26122,225.08752,82.83086
2019-09-07 03:00:00,22.88446,19.53601,896.1132,13.6363945,225.05084,81.430725
2019-09-07 04:00:00,23.160583,19.537415,896.3347,13.990189,225.64937,80.08841
2019-09-07 05:00:00,24.378265,19.543884,896.28687,14.288645,226.76936,74.45991
2019-09-07 06:00:00,24.875763,19.489319,895.96954,14.5534525,227.65518,72.03308
2019-09-07 07:00:00,25.05008,19.469421,895.49146,14.782526,228.77055,71.2
2019-09-07 08:00:00,25.582458,19.458893,894.95764,14.856421,229.51108,68.935486
2019-09-07 09:00:00,25.675842,19.42868,894.51196,14.70864,230.06297,68.42589
2019-09-07 10:00:00,25.053314,19.304565,894.0728,14.07941,232.69229,70.46006
2019-09-07 11:00:00,24.93814,19.345367,894.2364,13.546221,231.43283,71.125946
2019-09-07 12:00:00,24.737762,19.449402,894.6473,12.89978,228.26103,72.44909
2019-09-07 13:00:00,24.489075,19.559052,895.2547,12.541272,224.96968,74.03723
2019-09-07 14:00:00,23.94751,19.690063,895.9966,12.403003,222.3334,77.10597
2019-09-07 15:00:00,23.102661,19.437775,896.7029,12.383154,220.70305,79.87321
2019-09-07 16:00:00,22.962006,19.43393,897.1291,12.49389,219.92317,80.53663
2019-09-07 17:00:00,22.540924,19.435974,897.25806,12.68,220.18097,82.62991
2019-09-07 18:00:00,22.405731,19.439423,897.0746,12.9589,221.43669,83.32934
2019-09-07 19:00:00,22.276093,19.402985,896.7729,13.146979,223.18463,83.798904
2019-09-07 20:00:00,21.895874,19.305664,896.4412,13.269434,224.98024,85.245514
2019-09-07 21:00:00,21.740387,19.263062,896.1625,13.2120285,226.65356,85.83084
2019-09-07 22:00:00,21.485352,19.09726,896.12726,12.71484,228.75406,86.28419
2019-09-07 23:00:00,21.460876,19.087189,896.16034,12.503131,228.97862,86.35934
2019-09-08 00:00:00,21.601868,19.135406,896.4676,12.335351,228.78201,85.87513
2019-09-08 01:00:00,21.744904,19.233246,896.9141,12.183885,228.18352,85.64798
2019-09-08 02:00:00,22.672424,19.394287,897.3925,12.385539,227.11404,81.760735
2019-09-08 03:00:00,23.026978,19.481659,897.79944,12.999623,227.87561,80.458916
2019-09-08 04:00:00,23.309326,19.431763,897.8978,13.496636,230.23645,78.85243
2019-09-08 05:00:00,24.618347,19.51239,897.7805,13.8557005,232.68454,73.25422
2019-09-08 06:00:00,25.08844,19.546356,897.37494,13.995298,234.33603,71.377846
2019-09-08 07:00:00,25.17868,19.485779,896.86053,13.986679,235.93456,70.72851
2019-09-08 08:00:00,25.674744,19.409454,896.176,13.912145,236.98227,68.34859
2019-09-08 09:00:00,25.713257,19.425812,895.5773,13.722316,237.68323,68.262024
2019-09-08 10:00:00,25.034119,19.278687,895.0396,12.796601,238.03372,70.42718
2019-09-08 11:00:00,24.964813,19.278168,895.0514,12.191597,236.5423,70.71651
2019-09-08 12:00:00,24.821198,19.360565,895.31464,11.517405,233.1636,71.6918
2019-09-08 13:00:00,24.48706,19.41977,895.77264,11.294461,229.08286,73.40794
2019-09-08 14:00:00,23.739777,19.52359,896.3963,11.268947,226.43494,77.272385
2019-09-08 15:00:00,23.145386,19.32019,897.0414,11.387098,224.6125,79.08656
2019-09-08 16:00:00,23.00531,19.340027,897.4422,11.58547,223.53662,79.858
2019-09-08 17:00:00,22.519196,19.286743,897.49963,11.885013,223.35384,81.97444
2019-09-08 18:00:00,22.379272,19.2193,897.3201,12.206195,224.14023,82.328026
2019-09-08 19:00:00,22.250061,19.188263,896.9754,12.416091,225.64642,82.81747
2019-09-08 20:00:00,21.853027,19.023346,896.5761,12.52393,227.5592,83.97849
2019-09-08 21:00:00,21.595367,18.89331,896.19696,12.500722,229.53308,84.62172
2019-09-08 22:00:00,21.332123,18.820953,896.1093,11.418761,232.80573,85.60893
2019-09-08 23:00:00,21.279175,18.7724,896.1127,11.33452,232.88177,85.6271
2019-09-09 00:00:00,21.466827,18.851837,896.4446,11.340665,232.64764,85.06938
2019-09-09 01:00:00,21.576569,18.920715,896.91516,11.257009,231.9293,84.864136
2019-09-09 02:00:00,22.46643,19.108551,897.4222,11.354883,230.8692,81.329865
2019-09-09 03:00:00,23.048157,19.307251,897.711,11.92131,231.99141,79.48894
2019-09-09 04:00:00,23.345673,19.178802,897.76196,12.354227,234.0958,77.45059
2019-09-09 05:00:00,24.70456,19.147858,897.5463,12.674196,236.04039,71.24318
2019-09-09 06:00:00,25.23639,19.133759,897.09576,13.002985,237.59882,68.95847
2019-09-09 07:00:00,25.390533,19.179993,896.43665,13.229223,239.05759,68.52624
2019-09-09 08:00:00,25.760956,18.985504,895.7085,13.351918,239.94785,66.2278
2019-09-09 09:00:00,25.848846,18.90805,895.0655,13.291632,240.79642,65.56604
2019-09-09 10:00:00,25.30188,18.934448,894.5281,12.397408,242.1282,67.841736
2019-09-09 11:00:00,25.1875,18.82898,894.5291,11.768419,240.12459,67.856766
2019-09-09 12:00:00,24.954712,18.926575,894.71857,11.012744,235.7313,69.225204
2019-09-09 13:00:00,24.722046,19.088684,895.17487,10.63215,230.6281,70.90678
2019-09-09 14:00:00,23.99762,19.036957,895.8069,10.577291,226.68076,73.81335
2019-09-09 15:00:00,23.206665,19.021576,896.4243,10.66172,224.12856,77.341805
2019-09-09 16:00:00,23.072296,19.023468,896.75494,10.905558,222.34961,77.98188
2019-09-09 17:00:00,22.5495,18.94043,896.8426,11.22625,221.71523,80.0764
2019-09-09 18:00:00,22.378967,18.884949,896.66815,11.561798,222.19681,80.63078
2019-09-09 19:00:00,22.265625,18.923553,896.37994,11.84516,223.5114,81.38453
2019-09-09 20:00:00,21.832428,18.772491,896.0064,11.992143,225.13242,82.77756
2019-09-09 21:00:00,21.706268,18.703156,895.7497,11.996409,226.61662,83.0572
2019-09-09 22:00:00,21.297668,18.61264,895.6956,11.655021,228.21045,84.67988
2019-09-09 23:00:00,21.247864,18.568298,895.7579,11.680733,228.09793,84.703514
2019-09-10 00:00:00,21.319275,18.550049,896.05194,11.676863,227.86945,84.23718
2019-09-10 01:00:00,21.451172,18.626068,896.43243,11.72914,226.9119,83.95771
2019-09-10 02:00:00,22.587952,18.97284,896.92053,12.066756,226.2457,80.05141
2019-09-10 03:00:00,23.066956,19.049591,897.2416,12.812281,227.30057,78.13427
2019-09-10 04:00:00,23.41391,18.932251,897.2982,13.386254,229.36731,75.955505
2019-09-10 05:00:00,24.855133,18.813171,897.13306,13.785949,231.17671,69.14633
2019-09-10 06:00:00,25.416779,18.860748,896.76416,14.063137,232.73004,67.070465
2019-09-10 07:00:00,25.58963,18.86084,896.25116,14.186174,234.02701,66.38575
2019-09-10 08:00:00,26.171783,18.705261,895.59235,14.144967,235.0253,63.515152
2019-09-10 09:00:00,26.190094,18.745605,895.01636,13.961984,235.47443,63.606686
2019-09-10 10:00:00,25.502716,18.722565,894.62854,12.770014,238.53522,66.1552
2019-09-10 11:00:00,25.361877,18.689697,894.7285,12.139028,235.75545,66.574295
2019-09-10 12:00:00,25.125793,18.84024,895.11584,11.343026,231.04337,68.15448
2019-09-10 13:00:00,24.8302,18.983856,895.67444,10.887976,225.34395,69.99118
2019-09-10 14:00:00,24.007599,18.957184,896.47943,10.838078,221.13318,73.402916
2019-09-10 15:00:00,23.34909,18.865082,897.2191,10.92317,218.39589,75.93411
2019-09-10 16:00:00,23.197998,18.927612,897.66907,11.14148,216.72449,76.92997
2019-09-10 17:00:00,22.640106,18.90451,897.7753,11.41403,215.83481,79.45881
2019-09-10 18:00:00,22.486755,18.870178,897.59937,11.728654,215.995,80.0304
2019-09-10 19:00:00,22.339386,18.850586,897.2358,11.947534,216.88136,80.65187
2019-09-10 20:00:00,21.82669,18.73172,896.805,12.057542,218.38701,82.59581
2019-09-10 21:00:00,21.688446,18.721344,896.5334,12.124085,219.84357,83.242325
2019-09-10 22:00:00,21.327393,18.554749,896.49365,11.445201,226.76111,84.22004
2019-09-10 23:00:00,21.297424,18.581268,896.5814,11.320648,226.23404,84.51507
2019-09-11 00:00:00,21.471954,18.635925,896.93335,11.228868,225.3367,83.90269
2019-09-11 01:00:00,21.50061,18.635162,897.4828,11.123882,223.71552,83.75161
2019-09-11 02:00:00,22.461884,18.849823,898.166,11.381555,222.20343,80.04964
2019-09-11 03:00:00,22.982758,19.004272,898.6509,12.17974,223.02423,78.311714
2019-09-11 04:00:00,23.332672,18.97754,898.9136,12.782593,224.81334,76.54486
2019-09-11 05:00:00,24.719543,18.896576,898.8215,13.095993,226.23685,70.072495
2019-09-11 06:00:00,25.211884,18.893982,898.51514,13.316006,227.96536,68.03395
2019-09-11 07:00:00,25.324799,18.82544,897.98346,13.428463,229.58217,67.28973
2019-09-11 08:00:00,25.752228,18.732056,897.38055,13.43187,230.91908,65.221535
2019-09-11 09:00:00,25.779968,18.657318,896.8688,13.263438,231.79163,64.81076
2019-09-11 10:00:00,25.190369,18.68332,896.36615,12.341324,236.73576,67.230316
2019-09-11 11:00:00,25.093323,18.705597,896.4597,11.63062,235.0828,67.714294
2019-09-11 12:00:00,24.910522,18.81488,896.73486,10.701258,231.03593,68.92549
2019-09-11 13:00:00,24.516205,18.876709,897.29266,10.108026,225.73514,70.841736
2019-09-11 14:00:00,23.760834,18.965881,898.1051,9.92027,221.56898,74.5405
2019-09-11 15:00:00,23.204926,18.868683,898.89575,9.974494,218.78217,76.61538
2019-09-11 16:00:00,23.021576,18.847687,899.3825,10.18159,216.93875,77.36804
2019-09-11 17:00:00,22.438324,18.840912,899.53064,10.496316,216.48984,80.11971
2019-09-11 18:00:00,22.21231,18.736969,899.386,10.800215,217.2656,80.70299
2019-09-11 19:00:00,22.02771,18.721619,899.0597,11.021388,218.94707,81.537476
2019-09-11 20:00:00,21.56186,18.59961,898.55304,11.172594,220.40614,83.252914
2019-09-11 21:00:00,21.481812,18.58368,898.23517,11.1855,221.79231,83.57838
2019-09-11 22:00:00,21.056366,18.43988,898.1228,10.808705,224.54294,85.01844
2019-09-11 23:00:00,21.00879,18.43869,898.29047,10.728816,224.69736,85.26087
2019-09-12 00:00:00,21.120422,18.487854,898.6429,10.646895,224.29662,84.93955
2019-09-12 01:00:00,21.20697,18.523438,899.14087,10.604488,223.04639,84.67809
2019-09-12 02:00:00,22.018677,18.633087,899.75195,10.828506,221.6855,81.13195
2019-09-12 03:00:00,22.436523,18.69925,900.21906,11.370522,222.64484,79.422226
2019-09-12 04:00:00,22.776428,18.743195,900.4496,11.772677,224.22673,78.01436
2019-09-12 05:00:00,24.101288,18.768097,900.3074,12.021145,226.04741,72.13432
2019-09-12 06:00:00,24.575134,18.670929,899.8504,12.294797,228.2597,69.69044
2019-09-12 07:00:00,24.726318,18.626587,899.20404,12.45385,230.54517,68.87217
2019-09-12 08:00:00,25.014282,18.357178,898.45135,12.398316,232.79156,66.566025
2019-09-12 09:00:00,25.067078,18.36618,897.87115,12.163384,234.1427,66.39433
2019-09-12 10:00:00,24.456482,18.431763,897.3753,11.304524,238.92317,69.144035
2019-09-12 11:00:00,24.37558,18.326416,897.4236,10.558849,238.3796,69.02256
2019-09-12 12:00:00,24.226562,18.445404,897.68604,9.531723,235.57104,70.16308
2019-09-12 13:00:00,23.98465,18.542816,898.2129,8.848195,231.17546,71.62491
2019-09-12 14:00:00,23.281006,18.613983,898.96735,8.552718,227.28055,75.05949
2019-09-12 15:00:00,22.5914,18.478516,899.68835,8.493188,224.4894,77.59921
2019-09-12 16:00:00,22.446869,18.496643,900.1417,8.643418,223.00055,78.372375
2019-09-12 17:00:00,21.954132,18.477081,900.22546,8.925965,222.83215,80.66041
2019-09-12 18:00:00,21.7471,18.40924,899.9813,9.261595,223.94832,81.3399
2019-09-12 19:00:00,21.637634,18.428467,899.5698,9.51682,225.80603,81.98464
2019-09-12 20:00:00,21.137451,18.283081,899.1001,9.69715,227.81554,83.76875
2019-09-12 21:00:00,21.049225,18.258423,898.7857,9.685183,229.64206,84.093575
2019-09-12 22:00:00,20.829895,18.169128,898.80505,9.234337,236.03348,84.75869
2019-09-12 23:00:00,20.770966,18.15921,898.9305,9.071293,236.04433,85.01366
2019-09-13 00:00:00,20.930084,18.223328,899.2127,8.902191,236.00684,84.52513
2019-09-13 01:00:00,21.028625,18.234802,899.6903,8.7935505,234.5574,84.07534
2019-09-13 02:00:00,21.86203,18.451782,900.25336,8.98934,232.79681,80.98658
2019-09-13 03:00:00,22.220184,18.509796,900.72986,9.731879,233.23767,79.52598
2019-09-13 04:00:00,22.571564,18.517456,900.9267,10.303809,235.01584,77.88241
2019-09-13 05:00:00,23.912811,18.63913,900.7869,10.816538,236.89964,72.36966
2019-09-13 06:00:00,24.438751,18.511658,900.38245,11.271076,239.02142,69.56474
2019-09-13 07:00:00,24.610474,18.520386,899.71124,11.580287,241.17978,68.891266
2019-09-13 08:00:00,25.265533,18.454987,898.9214,11.749675,243.48215,65.98051
2019-09-13 09:00:00,25.34967,18.526123,898.17865,11.654281,244.93259,65.94423
2019-09-13 10:00:00,24.614258,18.39215,897.677,10.83701,248.86278,68.3246
2019-09-13 11:00:00,24.501434,18.318176,897.5887,9.872434,247.88475,68.46903
2019-09-13 12:00:00,24.282013,18.542969,897.74994,8.745713,244.57559,70.35881
2019-09-13 13:00:00,24.06485,18.615692,898.18243,8.074744,239.71094,71.6066
2019-09-13 14:00:00,23.321625,18.702728,898.8205,7.808299,235.27542,75.29239
2019-09-13 15:00:00,22.626068,18.514557,899.449,7.7851987,232.0192,77.61104
2019-09-13 16:00:00,22.460907,18.493713,899.8368,7.957522,229.8383,78.29119
2019-09-13 17:00:00,21.959686,18.501038,899.8707,8.205318,228.99434,80.75417
2019-09-13 18:00:00,21.861664,18.547852,899.60815,8.512622,229.49539,81.4771
2019-09-13 19:00:00,21.725586,18.57013,899.15686,8.749866,231.09474,82.27169
2019-09-13 20:00:00,21.341217,18.470245,898.70233,8.842499,233.04163,83.704666
2019-09-13 21:00:00,21.220093,18.432983,898.408,8.807886,234.80849,84.131966
2019-09-13 22:00:00,20.824097,18.315094,898.22516,8.552404,240.95337,85.569046
2019-09-13 23:00:00,20.71698,18.254944,898.29443,8.516622,240.43274,85.8107
2019-09-14 00:00:00,20.884949,18.35852,898.6096,8.483127,239.98909,85.4818
2019-09-14 01:00:00,21.016296,18.435303,899.2085,8.507973,238.5823,85.20348
2019-09-14 02:00:00,22.022308,18.632294,899.81537,8.783293,237.44974,81.10996
2019-09-14 03:00:00,22.358582,18.663635,900.2745,9.512531,237.55118,79.621956
2019-09-14 04:00:00,22.738403,18.758392,900.4377,10.08919,239.08275,78.268745
2019-09-14 05:00:00,24.083557,18.751312,900.2424,10.498078,240.51514,72.1354
2019-09-14 06:00:00,24.630615,18.709106,899.75397,10.853592,242.1724,69.625626
2019-09-14 07:00:00,24.792023,18.724945,899.0223,11.175734,243.87183,69.0257
2019-09-14 08:00:00,25.355438,18.688263,898.25275,11.3924885,245.6805,66.593834
2019-09-14 09:00:00,25.43805,18.718994,897.6345,11.394677,246.9129,66.395035
2019-09-14 10:00:00,24.800354,18.692017,897.2088,10.561338,252.0126,68.84947
2019-09-14 11:00:00,24.674103,18.671875,897.26697,9.941573,251.378,69.2834
2019-09-14 12:00:00,24.436218,18.712494,897.56366,9.007823,248.84048,70.45508
2019-09-14 13:00:00,24.208435,18.827026,898.0832,8.34071,244.63138,71.93643
2019-09-14 14:00:00,23.404907,18.87558,898.7639,7.9815493,240.22351,75.728355
2019-09-14 15:00:00,22.806763,18.736938,899.44116,7.9170766,236.7178,77.840614
2019-09-14 16:00:00,22.653992,18.716187,899.8532,8.022339,234.34828,78.46329
2019-09-14 17:00:00,22.097473,18.62207,899.8179,8.230458,232.89252,80.68759
2019-09-14 18:00:00,21.911804,18.64331,899.51666,8.465945,233.03503,81.7148
2019-09-14 19:00:00,21.677124,18.563263,899.0611,8.723086,234.08604,82.48027
2019-09-14 20:00:00,21.244873,18.462524,898.6538,8.892258,236.18097,84.15979
2019-09-14 21:00:00,21.145905,18.437592,898.36096,8.962375,238.17276,84.54021
2019-09-14 22:00:00,20.864532,18.34729,898.2129,8.41053,242.08156,85.528984
2019-09-14 23:00:00,20.770752,18.283997,898.2849,8.504358,242.72733,85.683136
2019-09-15 00:00:00,20.957397,18.379608,898.5842,8.489747,243.58313,85.21447
2019-09-15 01:00:00,21.067963,18.446472,899.08734,8.457617,243.37851,84.993
2019-09-15 02:00:00,21.953766,18.626495,899.61487,8.669367,242.59303,81.42018
2019-09-15 03:00:00,22.378601,18.702728,900.0002,9.411601,243.06258,79.719734
2019-09-15 04:00:00,22.731842,18.744446,900.0845,10.083666,244.51501,78.2317
2019-09-15 05:00:00,24.145142,18.736694,899.84406,10.698205,246.22476,71.80365
2019-09-15 06:00:00,24.697266,18.69983,899.2756,11.210743,247.9032,69.308586
2019-09-15 07:00:00,24.84433,18.71524,898.55115,11.667059,249.43488,68.76873
2019-09-15 08:00:00,25.397003,18.584717,897.77716,11.996934,251.0387,66.00056
2019-09-15 09:00:00,25.409058,18.55133,897.1409,12.036929,252.1519,65.815575
2019-09-15 10:00:00,24.79306,18.522766,896.65283,11.548961,257.039,68.15387
2019-09-15 11:00:00,24.690277,18.497925,896.6488,10.869754,256.9569,68.46704
2019-09-15 12:00:00,24.468414,18.552368,896.92126,9.8635025,255.02771,69.61854
2019-09-15 13:00:00,24.242615,18.650574,897.4025,9.0890255,251.33858,71.00167
2019-09-15 14:00:00,23.546661,18.678345,898.058,8.696985,247.57458,74.16401
2019-09-15 15:00:00,22.714172,18.698883,898.64154,8.606669,244.56686,78.0928
2019-09-15 16:00:00,22.569336,18.655487,898.94476,8.6623745,242.30627,78.56869
2019-09-15 17:00:00,22.061462,18.608734,898.88947,8.888035,241.09885,80.7974
2019-09-15 18:00:00,21.865417,18.56424,898.61304,9.103913,241.26875,81.54201
2019-09-15 19:00:00,21.74643,18.558655,898.2528,9.3313,242.46765,82.107994
2019-09-15 20:00:00,21.345581,18.43454,897.8486,9.462133,244.19614,83.49528
2019-09-15 21:00:00,21.12384,18.305267,897.4852,9.465205,245.89105,83.955505
2019-09-15 22:00:00,20.836548,18.249908,897.36194,9.525475,248.4502,85.15463
2019-09-15 23:00:00,20.751099,18.19632,897.3926,9.400702,249.20544,85.31621
2019-09-16 00:00:00,21.042267,18.28537,897.6891,9.227702,249.95813,84.271835
2019-09-16 01:00:00,21.057465,18.22113,898.0923,9.060021,249.5225,83.85458
2019-09-16 02:00:00,21.751587,18.284668,898.51276,9.29471,249.12155,80.684975
2019-09-16 03:00:00,22.145111,18.354767,898.78064,10.030305,250.4645,79.11812
2019-09-16 04:00:00,22.469574,18.362549,898.87805,10.4538555,251.51111,77.60951
2019-09-16 05:00:00,23.805359,18.387878,898.6736,10.764355,252.44211,71.70182
2019-09-16 06:00:00,24.346863,18.324188,898.2304,11.075924,253.32755,69.13173
2019-09-16 07:00:00,24.566254,18.367615,897.5187,11.3400135,254.3247,68.415764
2019-09-16 08:00:00,25.180847,18.173035,896.7173,11.448742,255.36636,65.151695
2019-09-16 09:00:00,25.235352,18.159027,895.95624,11.409276,256.32025,64.88355
2019-09-16 10:00:00,24.587646,18.0643,895.3697,10.685174,262.377,67.03988
2019-09-16 11:00:00,24.436462,18.014313,895.3935,9.820873,260.79742,67.43694
2019-09-16 12:00:00,24.15149,18.106384,895.64594,8.73806,257.32037,68.99673
2019-09-16 13:00:00,23.987549,18.236664,896.1218,7.9305744,251.99188,70.25142
2019-09-16 14:00:00,23.205109,18.362701,896.73553,7.5463095,247.245,74.227066
2019-09-16 15:00:00,22.483765,18.182648,897.3615,7.427216,243.41492,76.67242
2019-09-16 16:00:00,22.292023,18.226318,897.7318,7.532719,240.44138,77.78444
2019-09-16 17:00:00,21.791107,18.230835,897.82587,7.7255273,238.60759,80.21904
2019-09-16 18:00:00,21.649933,18.289429,897.69037,7.9502406,238.12819,81.21207
2019-09-16 19:00:00,21.429504,18.214325,897.3901,8.073763,238.69585,81.92792
2019-09-16 20:00:00,21.016571,18.131592,897.00525,8.077831,240.18478,83.59428
2019-09-16 21:00:00,20.879944,18.065857,896.6867,7.9219885,241.26004,83.95188
2019-09-16 22:00:00,20.56427,17.888214,896.54016,7.751799,246.7569,84.64883
2019-09-16 23:00:00,20.505829,17.895966,896.66675,7.454579,245.81137,84.99584
2019-09-17 00:00:00,20.656158,17.926178,896.9969,7.0978956,244.78207,84.37211
2019-09-17 01:00:00,20.691223,17.904633,897.4772,6.7608624,242.03171,84.07605
2019-09-17 02:00:00,21.610687,18.15918,898.05273,6.999407,238.539,80.74451
2019-09-17 03:00:00,21.879486,18.121277,898.56506,7.4971476,238.51837,79.24046
2019-09-17 04:00:00,22.170898,18.1503,898.84235,7.837666,238.87747,77.987015
2019-09-17 05:00:00,23.47696,18.177063,898.7508,8.168621,239.62418,72.17346
2019-09-17 06:00:00,24.170074,18.220001,898.36304,8.429386,240.20595,69.413216
2019-09-17 07:00:00,24.327057,18.188751,897.7674,8.602223,241.26022,68.62821
2019-09-17 08:00:00,24.923584,18.170471,897.0676,8.628247,242.45937,66.1477
2019-09-17 09:00:00,24.86026,17.992035,896.51953,8.526946,243.77347,65.65795
2019-09-17 10:00:00,24.2016,18.061707,896.2096,8.16652,248.81511,68.5968
2019-09-17 11:00:00,24.073181,17.9906,896.2701,7.3798046,248.90787,68.81922
2019-09-17 12:00:00,23.868286,18.048798,896.4735,6.3394895,246.27039,69.92697
2019-09-17 13:00:00,23.701569,18.049652,896.8953,5.638562,240.1669,70.635735
2019-09-17 14:00:00,23.037323,18.402222,897.6077,5.339447,234.06995,75.16996
2019-09-17 15:00:00,22.199738,18.091705,898.2727,5.2991443,229.09012,77.56423
2019-09-17 16:00:00,21.999054,18.088287,898.6372,5.3686795,225.63095,78.50169
2019-09-17 17:00:00,21.418335,18.026917,898.66,5.603558,223.71594,81.02469
2019-09-17 18:00:00,21.199554,17.965149,898.5544,5.822214,223.83618,81.80039
2019-09-17 19:00:00,21.01056,17.90976,898.2866,5.9741993,225.25352,82.467255
2019-09-17 20:00:00,20.65976,17.871399,898.03046,6.001784,227.65993,84.0632
2019-09-17 21:00:00,20.503876,17.77478,897.894,5.9135566,229.70862,84.360176
2019-09-17 22:00:00,20.19217,17.6362,897.91284,5.623115,235.9556,85.25194
2019-09-17 23:00:00,20.111786,17.584991,898.1502,5.2919292,234.85565,85.4006
2019-09-18 00:00:00,20.256744,17.600159,898.5105,5.0066037,232.61078,84.71966
2019-09-18 01:00:00,20.269684,17.57489,899.15094,4.7781057,228.63737,84.517166
2019-09-18 02:00:00,21.155457,17.673279,899.8334,4.8188243,225.26126,80.52878
2019-09-18 03:00:00,21.478027,17.608307,900.4391,5.0794344,225.54507,78.62949
2019-09-18 04:00:00,21.828613,17.625977,900.7057,5.334521,226.81052,77.04783
2019-09-18 05:00:00,23.23706,17.686523,900.6376,5.5816545,229.53325,71.00142
2019-09-18 06:00:00,23.837677,17.724121,900.2779,5.8515463,233.20612,68.63926
2019-09-18 07:00:00,24.017273,17.756744,899.7344,6.1073346,237.61899,68.042
2019-09-18 08:00:00,24.279327,17.61435,899.0888,6.2487984,241.84494,66.382164
2019-09-18 09:00:00,24.364136,17.348114,898.5217,6.251922,245.93863,64.94515
2019-09-18 10:00:00,23.731934,17.591614,898.1506,6.1338286,259.54443,68.50283
2019-09-18 11:00:00,23.606934,17.513824,898.23615,5.5581703,260.0249,68.68256
2019-09-18 12:00:00,23.335419,17.489655,898.5377,4.9981437,258.10504,69.71009
2019-09-18 13:00:00,23.174866,17.58789,899.0185,4.4479275,252.32294,70.82702
2019-09-18 14:00:00,22.525665,17.552643,899.6593,4.022658,245.20915,73.50495
2019-09-18 15:00:00,21.536285,17.449585,900.2495,3.8293083,238.1756,77.56899
2019-09-18 16:00:00,21.38382,17.436584,900.59094,3.8559926,231.81046,78.23226
2019-09-18 17:00:00,20.922943,17.27246,900.64526,4.0891137,228.1133,79.6465
2019-09-18 18:00:00,20.69934,17.15094,900.4442,4.3392515,227.20015,80.131645
2019-09-18 19:00:00,20.519196,17.065308,900.1426,4.542846,228.43945,80.58821
2019-09-18 20:00:00,20.021637,16.86737,899.7976,4.671097,230.62732,82.068245
2019-09-18 21:00:00,19.93396,16.79248,899.56494,4.6495285,232.7656,82.12394
2019-09-18 22:00:00,19.579712,16.66977,899.53455,4.074218,245.21104,83.29698
2019-09-18 23:00:00,19.507233,16.601532,899.6993,3.753457,243.4635,83.31099
2019-09-19 00:00:00,19.774414,16.69043,900.03143,3.4726102,241.3257,82.40456
2019-09-19 01:00:00,19.774597,16.652954,900.521,3.2151895,236.49573,82.20773
2019-09-19 02:00:00,20.861969,16.727753,901.087,3.0706134,227.42987,77.23415
2019-09-19 03:00:00,21.211487,16.672241,901.53375,3.249083,217.48148,75.32771
2019-09-19 04:00:00,21.595795,16.806915,901.66235,3.5711925,214.59782,74.20677
2019-09-19 05:00:00,23.053558,16.845978,901.4854,3.8782792,216.999,68.078156
2019-09-19 06:00:00,23.676392,16.974396,901.04083,4.1702785,222.14597,66.10239
2019-09-19 07:00:00,23.832153,17.054596,900.3744,4.3891506,228.61848,65.81915
2019-09-19 08:00:00,24.37732,16.834198,899.616,4.585232,234.68881,62.816696
2019-09-19 09:00:00,24.408447,16.846893,898.9489,4.665779,239.27713,62.75021
2019-09-19 10:00:00,23.682892,16.928131,898.54407,4.275158,248.26924,65.88307
2019-09-19 11:00:00,23.583069,16.779327,898.6959,4.1763306,247.14142,65.657875
2019-09-19 12:00:00,23.415344,16.740387,898.9281,4.0836616,242.67276,66.16152
2019-09-19 13:00:00,23.18695,16.858337,899.3811,4.04605,236.51398,67.584206
2019-09-19 14:00:00,22.288269,17.199127,900.01056,4.014951,229.64352,72.926704
2019-09-19 15:00:00,21.462646,16.964722,900.59344,4.0983872,224.30223,75.5662
2019-09-19 16:00:00,21.249725,16.855896,900.8585,4.2960067,221.23618,76.03228
2019-09-19 17:00:00,20.627075,16.795319,900.8261,4.5952935,220.11737,78.69582
2019-09-19 18:00:00,20.399384,16.792297,900.5718,4.835121,220.84709,79.79335
2019-09-19 19:00:00,20.23404,16.766907,900.2007,4.9750357,222.43483,80.4826
2019-09-19 20:00:00,19.768768,16.641815,899.7121,5.078235,225.32114,82.1793
2019-09-19 21:00:00,19.62799,16.55304,899.32794,5.0894666,228.20053,82.43399
2019-09-19 22:00:00,19.193909,16.209473,899.34106,4.682289,235.8723,82.85772
2019-09-19 23:00:00,19.117645,16.211182,899.32056,4.5900645,237.09523,83.261475
2019-09-20 00:00:00,19.383942,16.30606,899.5707,4.3960085,237.58572,82.38882
2019-09-20 01:00:00,19.434113,16.32373,900.07947,4.1742454,236.84088,82.224625
2019-09-20 02:00:00,20.66391,16.58908,900.6785,4.049888,233.46808,77.49592
2019-09-20 03:00:00,21.116913,16.731567,901.10016,4.293579,229.40968,76.052086
2019-09-20 04:00:00,21.547852,16.893372,901.19836,4.640807,229.77048,74.83394
2019-09-20 05:00:00,22.894287,16.987549,900.9738,4.984687,233.80293,69.35731
2019-09-20 06:00:00,23.840912,16.891907,900.4395,5.220737,240.59778,65.109886
2019-09-20 07:00:00,23.995789,16.9458,899.6994,5.406092,247.36221,64.72731
2019-09-20 08:00:00,24.477173,16.988068,898.82794,5.481819,254.27441,63.054276
2019-09-20 09:00:00,24.525604,16.986694,898.0853,5.384061,259.20554,62.866356
2019-09-20 10:00:00,23.739532,17.038269,897.6214,5.3706374,270.7643,66.11858
2019-09-20 11:00:00,23.585114,16.95044,897.5832,4.7722845,271.38187,66.366035
2019-09-20 12:00:00,23.387543,16.944702,897.90344,3.952107,268.56464,67.13702
2019-09-20 13:00:00,23.203705,17.082764,898.3571,3.2710989,260.4426,68.48274
2019-09-20 14:00:00,22.382965,17.326508,899.0276,2.8568873,250.81601,73.09414
2019-09-20 15:00:00,21.496521,17.281952,899.5792,2.7692513,240.08304,76.9389
2019-09-20 16:00:00,21.244232,17.18573,899.97046,2.9322205,231.56184,77.66349
2019-09-20 17:00:00,20.661621,17.118927,899.96265,3.2873354,226.10368,80.155464
2019-09-20 18:00:00,20.338959,17.000427,899.759,3.5682192,225.64676,81.15538
2019-09-20 19:00:00,20.157288,16.915222,899.37555,3.751953,227.43185,81.62962
2019-09-20 20:00:00,19.601593,16.727142,898.9194,3.8299189,230.0474,83.48746
2019-09-20 21:00:00,19.462036,16.624298,898.5627,3.764482,232.46777,83.6663
2019-09-20 22:00:00,19.213898,16.556824,898.4775,3.4519603,238.09537,84.60459
2019-09-20 23:00:00,19.179443,16.556183,898.50836,3.326966,237.56279,84.782875
2019-09-21 00:00:00,19.470184,16.605347,898.75415,3.22603,235.59778,83.523315
2019-09-21 01:00:00,19.562683,16.613495,899.2237,3.128504,231.28273,83.08758
2019-09-21 02:00:00,20.789276,16.958954,899.7623,3.1546779,224.66655,78.726326
2019-09-21 03:00:00,21.27716,17.186493,900.17267,3.5163913,218.01639,77.51057
2019-09-21 04:00:00,21.647278,17.411804,900.24915,3.9171813,215.60152,76.860565
2019-09-21 05:00:00,23.086243,17.589142,899.94635,4.219266,217.53008,71.213165
2019-09-21 06:00:00,23.927826,17.412018,899.3619,4.403634,221.23128,66.93754
2019-09-21 07:00:00,24.128448,17.46997,898.6028,4.500299,227.33797,66.37828
2019-09-21 08:00:00,24.455536,17.455963,897.7629,4.5382953,232.53058,65.032074
2019-09-21 09:00:00,24.520233,17.49649,897.1233,4.403016,235.39682,64.94667
2019-09-21 10:00:00,23.747986,17.663757,896.6242,3.9248013,245.28699,68.74865
2019-09-21 11:00:00,23.613037,17.613708,896.7452,3.50392,245.66037,69.09124
2019-09-21 12:00:00,23.375946,17.604736,897.0895,3.0098672,242.10774,70.04644
2019-09-21 13:00:00,23.152618,17.673492,897.6676,2.6800315,229.7832,71.30609
2019-09-21 14:00:00,22.365906,17.784424,898.38885,2.5371058,216.313,75.31426
2019-09-21 15:00:00,21.450714,17.595764,899.0976,2.6467228,204.45,78.69883
2019-09-21 16:00:00,21.205994,17.491852,899.5765,2.954959,197.5926,79.36615
2019-09-21 17:00:00,20.636871,17.398071,899.639,3.3245187,195.65082,81.7071
2019-09-21 18:00:00,20.443512,17.365448,899.4567,3.552512,197.29028,82.51682
2019-09-21 19:00:00,20.320251,17.33377,899.1336,3.667626,199.97852,82.980835
2019-09-21 20:00:00,19.952057,17.227295,898.83655,3.65363,204.0138,84.3227
2019-09-21 21:00:00,19.774628,17.211182,898.6238,3.5176394,206.37756,85.16821
2019-09-21 22:00:00,19.500885,17.065308,898.44727,2.7549465,208.54803,85.831985
2019-09-21 23:00:00,19.438599,17.039001,898.6027,2.628901,203.31306,86.02153
2019-09-22 00:00:00,19.681183,17.11148,898.9675,2.6010056,195.9976,85.1247
2019-09-22 01:00:00,19.74295,17.144104,899.5634,2.6431627,186.46225,84.97436
2019-09-22 02:00:00,20.802765,17.424194,900.1816,3.0571227,178.69714,81.010284
2019-09-22 03:00:00,21.143341,17.54361,900.7087,3.6355455,177.51196,79.93247
2019-09-22 04:00:00,21.493958,17.655853,900.9529,4.0685368,179.81604,78.78865
2019-09-22 05:00:00,22.768707,17.804047,900.8287,4.2047906,185.16708,73.585434
2019-09-22 06:00:00,23.63263,17.604797,900.39514,4.2240143,191.18733,68.970985
2019-09-22 07:00:00,23.81128,17.676361,899.70374,4.1419544,198.10275,68.54175
2019-09-22 08:00:00,24.147278,17.646027,898.92413,3.940958,203.52536,67.04371
2019-09-22 09:00:00,24.143036,17.560242,898.2988,3.7181282,207.65823,66.699036
2019-09-22 10:00:00,23.405762,17.633575,897.93646,3.5336695,218.65599,70.04775
2019-09-22 11:00:00,23.232117,17.517426,898.1549,3.176617,216.61256,70.26937
2019-09-22 12:00:00,23.016846,17.458862,898.63666,2.9905949,208.12245,70.92738
2019-09-22 13:00:00,22.815887,17.511353,899.27734,3.0931408,196.37122,72.03409
2019-09-22 14:00:00,22.120148,17.714294,900.0374,3.3263276,186.59328,76.11241
2019-09-22 15:00:00,21.396393,17.562073,900.7006,3.6559255,180.67677,78.79351
2019-09-22 16:00:00,21.148254,17.403442,901.1179,3.988216,178.49866,79.20455
2019-09-22 17:00:00,20.617401,17.230408,901.1301,4.2750998,178.92804,80.94301
2019-09-22 18:00:00,20.27713,17.156647,900.9766,4.4452505,180.9694,82.27558
2019-09-22 19:00:00,20.071075,17.086578,900.69336,4.4405503,184.21803,82.96178
2019-09-22 20:00:00,19.674408,16.96521,900.41833,4.223094,187.04286,84.37533
2019-09-22 21:00:00,19.563782,16.88684,900.1939,3.8806522,188.37599,84.53589
2019-09-22 22:00:00,19.31839,16.828125,900.11237,3.4637752,202.00624,85.51654
2019-09-22 23:00:00,19.275146,16.791473,900.2866,3.0140238,198.97311,85.54786
2019-09-23 00:00:00,19.50409,16.813507,900.6789,2.6986654,194.10564,84.45628
2019-09-23 01:00:00,19.55307,16.805054,901.25635,2.4952252,184.92459,84.154526
2019-09-23 02:00:00,20.501038,17.006714,901.8661,2.551023,174.52808,80.37968
2019-09-23 03:00:00,20.980133,17.09085,902.3205,2.7792034,169.66522,78.460434
2019-09-23 04:00:00,21.377258,17.15866,902.47345,2.8165817,170.37048,76.90096
2019-09-23 05:00:00,22.793793,17.102661,902.2683,2.6390436,173.45197,70.29145
2019-09-23 06:00:00,23.395325,17.142853,901.7543,2.3271477,178.99512,67.95282
2019-09-23 07:00:00,23.5755,17.20105,901.0092,1.9973845,186.02242,67.46647
2019-09-23 08:00:00,23.845154,17.127106,900.2612,1.6981224,191.74858,66.070274
2019-09-23 09:00:00,23.9693,16.933289,899.62036,1.4866519,191.71405,64.77902
2019-09-23 10:00:00,23.28415,17.006378,899.2131,1.3592273,221.48694,67.821884
2019-09-23 11:00:00,23.169037,16.928223,899.2684,1.2722111,202.3436,67.95786
2019-09-23 12:00:00,22.957642,16.904419,899.605,1.6970453,182.53082,68.72869
2019-09-23 13:00:00,22.834625,17.147705,900.15643,2.2659156,171.95923,70.317894
2019-09-23 14:00:00,22.144104,17.229797,900.8845,2.8006012,165.80444,73.71243
2019-09-23 15:00:00,21.291779,16.986145,901.5852,3.2656972,163.32751,76.46515
2019-09-23 16:00:00,21.093903,16.876068,901.9952,3.6265657,163.27563,76.860985
2019-09-23 17:00:00,20.522308,16.698761,902.0032,3.84515,165.62286,78.72175
2019-09-23 18:00:00,20.240631,16.680573,901.75446,3.9407637,169.43494,80.010086
2019-09-23 19:00:00,20.072784,16.612885,901.40674,3.9049869,173.68628,80.49799
2019-09-23 20:00:00,19.53415,16.427063,901.03284,3.7329624,176.5708,82.25421
2019-09-23 21:00:00,19.36673,16.351898,900.7875,3.5062966,177.80066,82.71815
2019-09-23 22:00:00,18.972992,16.131744,900.7407,2.4962091,190.10262,83.59153
2019-09-23 23:00:00,18.873627,16.089386,900.7821,2.410104,183.72707,83.88469
2019-09-24 00:00:00,19.15805,16.172394,901.1169,2.3673074,174.77454,82.846985
2019-09-24 01:00:00,19.226715,16.166199,901.6534,2.4637203,164.44617,82.46082
2019-09-24 02:00:00,20.310852,16.436462,902.22015,2.7451143,154.0216,78.43719
2019-09-24 03:00:00,20.853424,16.471558,902.6735,3.1724725,151.13092,76.026985
2019-09-24 04:00:00,21.237366,16.549652,902.7682,3.3354623,154.19409,74.6247
2019-09-24 05:00:00,22.480713,16.710114,902.50775,3.2786953,161.1709,69.879005
2019-09-24 06:00:00,23.148804,16.687683,901.97375,3.018267,169.20923,67.01059
2019-09-24 07:00:00,23.340027,16.708893,901.2508,2.7568016,177.8548,66.33019
2019-09-24 08:00:00,23.952148,16.693207,900.521,2.471101,186.0522,63.865654
2019-09-24 09:00:00,23.992706,16.6846,899.9101,2.3057868,189.99356,63.675423
2019-09-24 10:00:00,23.290497,16.72171,899.4992,2.6066024,215.35164,66.58303
2019-09-24 11:00:00,23.190887,16.6474,899.5913,2.525985,211.5069,66.669586
2019-09-24 12:00:00,23.075317,16.851532,899.9763,2.6365478,202.43903,68.012535
2019-09-24 13:00:00,22.88208,16.938202,900.6106,2.8590727,194.66835,69.191895
2019-09-24 14:00:00,22.105103,16.921906,901.3318,3.0215032,186.57278,72.461464
2019-09-24 15:00:00,21.161743,16.787872,901.9891,3.207464,181.93936,76.11459
2019-09-24 16:00:00,20.904236,16.71875,902.33014,3.3790593,179.17908,76.989655
2019-09-24 17:00:00,20.29718,16.581757,902.3374,3.4884927,178.93506,79.232086
2019-09-24 18:00:00,20.077301,16.506256,902.0527,3.473566,179.77441,79.93193
2019-09-24 19:00:00,19.894867,16.465912,901.6379,3.3529189,180.06334,80.63278
2019-09-24 20:00:00,19.398285,16.296906,901.1692,3.082476,177.71222,82.267365
2019-09-24 21:00:00,19.261871,16.22882,900.8459,2.8124242,173.22235,82.60958
2019-09-24 22:00:00,18.895203,16.002869,900.8072,2.5786128,176.48645,83.310524
2019-09-24 23:00:00,18.851654,15.949463,900.99384,2.2835352,165.44458,83.25302
2019-09-25 00:00:00,19.077454,15.967712,901.3719,2.25017,151.96402,82.18392
2019-09-25 01:00:00,19.243713,16.110687,902.0108,2.4251707,138.81873,82.08247
2019-09-25 02:00:00,20.462616,16.371521,902.71655,2.9588673,128.91583,77.385345
2019-09-25 03:00:00,21.116272,16.512268,903.2989,3.5202472,127.84247,75.00278
2019-09-25 04:00:00,21.519104,16.630646,903.55786,3.6196508,129.59912,73.72613
2019-09-25 05:00:00,22.916412,16.636139,903.4267,3.45144,131.96814,67.73739
2019-09-25 06:00:00,23.430359,16.759674,902.96173,3.0765603,132.43225,66.18259
2019-09-25 07:00:00,23.614624,16.770752,902.359,2.6644804,131.97162,65.497505
2019-09-25 08:00:00,24.231873,16.553558,901.61975,2.2357352,129.62842,62.2475
2019-09-25 09:00:00,24.309418,16.569855,901.1144,2.0050526,124.64679,62.023033
2019-09-25 10:00:00,23.661316,16.757812,900.7639,1.614413,106.39099,65.25996
2019-09-25 11:00:00,23.529663,16.63559,900.87195,2.167404,100.52722,65.271164
2019-09-25 12:00:00,23.310486,16.821106,901.2558,2.721863,100.825806,66.92349
2019-09-25 13:00:00,23.044739,16.741425,901.8028,3.3313284,104.69824,67.664116
2019-09-25 14:00:00,22.283539,16.803436,902.5071,3.9172246,108.72229,71.14195
2019-09-25 15:00:00,21.26007,16.78125,903.2293,4.389113,112.443115,75.625084
2019-09-25 16:00:00,21.016907,16.773071,903.7257,4.7396874,116.564575,76.72241
2019-09-25 17:00:00,20.51413,16.725006,903.8404,4.905821,121.295166,78.89281
2019-09-25 18:00:00,20.324219,16.73352,903.65845,4.898495,124.96527,79.86601
2019-09-25 19:00:00,20.123566,16.668,903.3219,4.82163,128.5235,80.52695
2019-09-25 20:00:00,19.718933,16.550293,902.89026,4.685985,130.38885,81.9557
2019-09-25 21:00:00,19.524536,16.458496,902.6005,4.5667453,131.02719,82.4681
2019-09-25 22:00:00,19.195648,16.251312,902.56055,3.881261,128.8258,83.06992
2019-09-25 23:00:00,19.204254,16.29779,902.6438,4.01828,126.685455,83.27161
2019-09-26 00:00:00,19.37323,16.359192,903.0227,4.1500645,125.180725,82.7231
2019-09-26 01:00:00,19.55832,16.449402,903.55383,4.40259,124.56903,82.24762
2019-09-26 02:00:00,20.860413,16.65866,904.1824,4.806544,125.89996,76.903404
2019-09-26 03:00:00,21.482635,16.892822,904.6394,5.268602,131.51364,75.13063
2019-09-26 04:00:00,21.8172,16.941345,904.806,5.3095303,137.39664,73.836136
2019-09-26 05:00:00,23.338287,16.983948,904.57623,4.841717,143.36288,67.50456
2019-09-26 06:00:00,23.828339,16.96814,904.04944,4.128156,148.22882,65.47474
2019-09-26 07:00:00,23.949615,16.981293,903.31244,3.3220403,153.09442,65.05327
2019-09-26 08:00:00,24.45282,16.802002,902.5156,2.4918742,157.53925,62.405758
2019-09-26 09:00:00,24.470917,16.739777,901.8486,1.8155884,157.31903,62.09253
2019-09-26 10:00:00,23.823761,16.807343,901.4789,0.7490578,178.50623,64.82845
2019-09-26 11:00:00,23.698883,16.774872,901.50354,0.78094655,117.53003,65.18303
2019-09-26 12:00:00,23.410095,16.947754,901.73663,1.3685542,99.05386,67.058655
2019-09-26 13:00:00,23.155853,16.99707,902.2438,1.8252347,102.71539,68.30939
2019-09-26 14:00:00,22.386414,17.13095,902.89404,2.2651026,107.144745,72.18064
2019-09-26 15:00:00,21.529877,17.053802,903.6,2.6339707,111.20477,75.681694
2019-09-26 16:00:00,21.256104,16.972412,903.99634,2.9607363,115.352234,76.56594
2019-09-26 17:00:00,20.65915,16.86441,904.12463,3.136222,119.3949,78.88544
2019-09-26 18:00:00,20.476318,16.874847,903.99756,3.169728,122.95184,79.83235
2019-09-26 19:00:00,20.332886,16.846039,903.7396,3.052888,125.07037,80.39519
2019-09-26 20:00:00,19.827942,16.72525,903.35913,2.8779056,125.41501,82.31328
2019-09-26 21:00:00,19.677368,16.669708,903.06244,2.6964643,124.17438,82.79317
2019-09-26 22:00:00,19.47055,16.591675,903.05334,2.1290758,126.96658,83.44888
2019-09-26 23:00:00,19.375122,16.553467,903.0915,2.0639052,120.53491,83.74192
2019-09-27 00:00:00,19.605957,16.615662,903.4122,2.1036313,114.15509,82.876
2019-09-27 01:00:00,19.754211,16.72165,903.89233,2.3246837,111.23004,82.67156
2019-09-27 02:00:00,20.864014,16.94461,904.45154,2.6292775,113.5784,78.29395
2019-09-27 03:00:00,21.361053,17.066803,904.8768,2.8070683,123.82739,76.53113
2019-09-27 04:00:00,21.703491,17.16098,905.0151,2.7722623,132.42969,75.39209
2019-09-27 05:00:00,23.244568,17.165283,904.7915,2.481817,142.19666,68.67156
2019-09-27 06:00:00,23.776093,17.175568,904.2405,1.8661915,152.258,66.5491
2019-09-27 07:00:00,23.964294,17.26184,903.3611,1.2320669,165.18658,66.16023
2019-09-27 08:00:00,24.419922,17.157013,902.44556,0.6100671,184.70021,63.951164
2019-09-27 09:00:00,24.442413,17.10263,901.6978,0.22255987,210.51181,63.64569
2019-09-27 10:00:00,23.582184,17.16278,901.1373,0.7033745,281.53537,67.276245
2019-09-27 11:00:00,23.440216,17.148285,901.1348,0.46689564,356.8246,67.792336
2019-09-27 12:00:00,23.191559,17.28653,901.30054,0.8888984,58.35034,69.42211
2019-09-27 13:00:00,22.977997,17.436462,901.6763,1.4156286,82.82117,70.9939
2019-09-27 14:00:00,22.23465,17.509125,902.2855,1.9011385,95.08276,74.612076
2019-09-27 15:00:00,21.494232,17.334778,902.84436,2.2804997,103.2189,77.20703
2019-09-27 16:00:00,21.3266,17.30661,903.15985,2.5471382,108.818054,77.86511
2019-09-27 17:00:00,20.780823,17.13028,903.1304,2.6476433,114.696075,79.6265
2019-09-27 18:00:00,20.571503,17.087952,902.9597,2.599616,118.858734,80.44397
2019-09-27 19:00:00,20.40747,17.063293,902.652,2.4512677,121.66724,81.135216
2019-09-27 20:00:00,19.91983,16.949707,902.2131,2.266343,121.608215,83.01944
2019-09-27 21:00:00,19.79242,16.870728,901.8314,2.1261373,119.63666,83.25971
2019-09-27 22:00:00,19.468414,16.662659,901.7111,1.8404878,112.71417,83.83717
2019-09-27 23:00:00,19.417358,16.632782,901.73334,1.9267607,112.58319,83.94423
2019-09-28 00:00:00,19.600922,16.696503,901.9068,2.0814793,112.22278,83.32868
2019-09-28 01:00:00,19.650238,16.69809,902.2894,2.402355,113.565186,83.082306
2019-09-28 02:00:00,20.7594,17.016907,902.74304,2.7557065,117.87979,79.16132
2019-09-28 03:00:00,21.158447,17.088837,903.1043,3.1222856,125.63202,77.59604
2019-09-28 04:00:00,21.500458,17.22586,903.2312,3.3117352,133.4675,76.648094
2019-09-28 05:00:00,22.733368,17.254395,902.99475,3.3430777,141.3724,71.2299
2019-09-28 06:00:00,23.219604,17.221283,902.4565,3.224127,149.10681,69.01924
2019-09-28 07:00:00,23.432281,17.286682,901.6467,3.0579374,155.67834,68.421036
2019-09-28 08:00:00,23.902649,17.14206,900.7713,2.8747153,160.55786,65.90461
2019-09-28 09:00:00,23.909698,17.162903,900.07983,2.758936,161.20581,65.96364
2019-09-28 10:00:00,23.171295,17.093414,899.6368,2.1070588,180.22269,68.6633
2019-09-28 11:00:00,23.05008,17.053284,899.7835,2.0593967,161.60693,68.99294
2019-09-28 12:00:00,22.786621,17.148438,900.1575,2.5061443,145.34842,70.52605
2019-09-28 13:00:00,22.604187,17.17096,900.759,3.1757183,140.15717,71.41254
2019-09-28 14:00:00,21.86792,17.316772,901.48724,3.885109,139.27884,75.37763
2019-09-28 15:00:00,21.173523,17.169678,902.2283,4.406646,140.58295,77.92193
2019-09-28 16:00:00,21.006226,17.18222,902.649,4.787447,142.96375,78.788956
2019-09-28 17:00:00,20.535065,17.148346,902.771,4.9886417,146.58173,80.93365
2019-09-28 18:00:00,20.367096,17.131012,902.60944,5.014325,150.51193,81.687096
2019-09-28 19:00:00,20.253693,17.147522,902.33813,4.868981,153.49286,82.34726
2019-09-28 20:00:00,19.922516,17.056396,901.9549,4.622329,155.35162,83.568504
2019-09-28 21:00:00,19.752045,16.968628,901.6067,4.4009566,155.60156,83.988045
2019-09-28 22:00:00,19.415558,16.807373,901.51447,3.1185517,163.80908,84.88934
2019-09-28 23:00:00,19.334656,16.76352,901.50354,3.0920353,159.55646,85.08054
2019-09-29 00:00:00,19.544098,16.85138,901.73914,3.046587,155.39783,84.449234
2019-09-29 01:00:00,19.671875,16.912842,902.2492,3.180672,150.10019,84.10894
2019-09-29 02:00:00,20.590515,17.136353,902.8393,3.4607437,148.06604,80.59625
2019-09-29 03:00:00,20.941284,17.178925,903.2921,3.7466056,151.53479,79.087524
2019-09-29 04:00:00,21.29712,17.276428,903.4549,3.8381388,157.15393,77.8573
2019-09-29 05:00:00,22.646393,17.256165,903.2651,3.6893582,163.94763,71.614716
2019-09-29 06:00:00,23.183624,17.293732,902.8053,3.3150556,172.53314,69.48704
2019-09-29 07:00:00,23.340576,17.355774,902.12537,2.8807316,182.11179,69.10175
2019-09-29 08:00:00,23.623566,17.251923,901.37384,2.4375267,192.26137,67.48813
2019-09-29 09:00:00,23.644836,17.26767,900.728,1.967561,200.02995,67.46885
2019-09-29 10:00:00,22.917969,17.224304,900.35974,2.0959718,239.24039,70.30357
2019-09-29 11:00:00,22.832184,17.316559,900.34937,1.2577796,243.85649,71.08323
2019-09-29 12:00:00,22.601166,17.335114,900.524,0.4295015,216.40645,72.170784
2019-09-29 13:00:00,22.417938,17.350372,900.96857,0.6227057,136.79718,73.04895
2019-09-29 14:00:00,21.754883,17.463226,901.5443,1.1649415,125.79562,76.60504
2019-09-29 15:00:00,21.057404,17.356201,902.0305,1.6162027,127.378845,79.41027
2019-09-29 16:00:00,20.870361,17.294006,902.27124,1.9244946,131.63422,80.01331
2019-09-29 17:00:00,20.454987,17.247986,902.20734,2.0860565,139.38904,81.84858
2019-09-29 18:00:00,20.255524,17.2359,901.9467,2.0526698,147.42645,82.79954
2019-09-29 19:00:00,20.102905,17.264526,901.5645,1.9618571,155.15076,83.7359
2019-09-29 20:00:00,19.648804,17.063293,901.0616,1.8166181,162.07251,85.036156
2019-09-29 21:00:00,19.486908,16.981445,900.6821,1.6659094,169.08167,85.451485
2019-09-29 22:00:00,19.334167,16.84439,900.48663,0.8459003,190.63803,85.52078
2019-09-29 23:00:00,19.293793,16.836151,900.4581,0.8357329,191.81197,85.69116
2019-09-30 00:00:00,19.630096,16.992218,900.6717,0.8226298,189.87326,84.752625
2019-09-30 01:00:00,19.719543,17.023132,901.149,0.954575,184.96613,84.44862
2019-09-30 02:00:00,20.518097,17.263062,901.67914,1.2246708,187.35527,81.60833
2019-09-30 03:00:00,20.85794,17.2948,902.1867,1.7057136,198.3016,80.0785
2019-09-30 04:00:00,21.19217,17.364594,902.433,2.3046067,209.46176,78.79782
2019-09-30 05:00:00,22.612305,17.546814,902.34827,2.9093263,219.46715,73.09241
2019-09-30 06:00:00,23.25113,17.515442,901.84033,3.4051366,228.61606,70.17993
2019-09-30 07:00:00,23.418335,17.51477,901.1069,3.8028994,235.88344,69.47214
2019-09-30 08:00:00,23.934875,17.479828,900.29834,4.040657,241.48102,67.19621
2019-09-30 09:00:00,23.955566,17.469086,899.52924,4.0873923,245.58545,67.06722
2019-09-30 10:00:00,23.074738,17.425354,899.03735,4.0872974,251.28897,70.53004
2019-09-30 11:00:00,22.970459,17.390045,898.9442,3.4290757,252.047,70.8184
2019-09-30 12:00:00,22.854034,17.516266,899.0779,2.675774,247.11662,71.890045
2019-09-30 13:00:00,22.585388,17.510376,899.4328,2.2563205,234.5985,73.04381
2019-09-30 14:00:00,21.919342,17.594421,899.98627,2.1869848,221.89726,76.470055
2019-09-30 15:00:00,21.140411,17.362213,900.5842,2.327114,212.59589,79.036606
2019-09-30 16:00:00,20.993713,17.395752,900.94916,2.6088538,207.48013,79.92099
2019-09-30 17:00:00,20.381348,17.189026,900.99097,2.9256465,207.30571,81.915375
2019-09-30 18:00:00,20.285736,17.239594,900.7564,3.1498537,209.33571,82.6644
2019-09-30 19:00:00,20.152222,17.239532,900.4609,3.3394794,213.30171,83.34905
2019-09-30 20:00:00,19.738586,17.076202,900.1196,3.3895845,218.05214,84.63284
2019-09-30 21:00:00,19.608154,17.037354,899.85474,3.3375936,221.02695,85.11113
2019-09-30 22:00:00,19.328766,16.861877,899.71533,3.3722265,230.9457,85.64449
2019-09-30 23:00:00,19.31961,16.884064,899.767,3.2303236,232.34108,85.81393
