timestamp,temperature_C,dewpoint_C,pressure_hPa,wind_speed_kmh,wind_direction_deg,relative_humidity_pct
2022-10-01 00:00:00,19.155884,16.347443,897.07935,9.4555235,258.2172,83.78739
2022-10-01 01:00:00,19.21225,16.370789,897.52203,9.281775,257.24753,83.6179
2022-10-01 02:00:00,20.428864,16.887268,898.09314,9.219124,255.66293,80.129524
2022-10-01 03:00:00,20.906006,16.942078,898.5747,9.484837,254.335,78.07952
2022-10-01 04:00:00,21.330872,16.956512,898.7796,10.031556,253.6388,76.13903
2022-10-01 05:00:00,23.23059,17.322632,898.6079,10.6922245,253.444,69.41678
2022-10-01 06:00:00,23.95755,17.262512,898.1057,11.401966,253.76312,66.18987
2022-10-01 07:00:00,24.084259,17.200104,897.289,11.974054,254.58142,65.429344
2022-10-01 08:00:00,24.782532,17.12207,896.44763,12.335557,255.69844,62.44116
2022-10-01 09:00:00,24.840088,17.105743,895.81757,12.40474,256.79358,62.162674
2022-10-01 10:00:00,23.884644,17.114746,895.4892,12.189432,263.17767,65.862045
2022-10-01 11:00:00,23.717468,17.112488,895.50696,11.298367,262.0412,66.51828
2022-10-01 12:00:00,23.501495,17.18457,895.72064,10.365233,259.51245,67.697495
2022-10-01 13:00:00,23.282349,17.317871,896.16016,9.633972,257.13385,69.17927
2022-10-01 14:00:00,22.339966,17.410736,896.7366,9.26412,254.90646,73.67645
2022-10-01 15:00:00,21.535095,17.254974,897.2544,9.134511,252.52885,76.626686
2022-10-01 16:00:00,21.322754,17.26001,897.4825,9.178874,250.20497,77.654396
2022-10-01 17:00:00,20.632202,17.054657,897.4411,9.310872,248.44992,79.974815
2022-10-01 18:00:00,20.410309,16.977905,897.23755,9.481705,247.58011,80.68349
2022-10-01 19:00:00,20.224487,16.93454,896.9135,9.614249,247.66403,81.3908
2022-10-01 20:00:00,19.730408,16.782684,896.553,9.722121,248.3307,83.11507
2022-10-01 21:00:00,19.60138,16.71936,896.1967,9.743255,249.15512,83.44732
2022-10-01 22:00:00,19.235474,16.43518,896.0543,9.743736,252.9273,83.83989
2022-10-01 23:00:00,19.154083,16.423157,896.07007,9.472849,254.01167,84.2016
2022-10-02 00:00:00,19.410156,16.567749,896.48047,9.172463,254.57864,83.63553
2022-10-02 01:00:00,19.410553,16.580536,897.0437,8.912227,254.4699,83.70148
2022-10-02 02:00:00,20.481995,17.050629,897.7905,8.807606,253.77573,80.69824
2022-10-02 03:00:00,20.901917,17.135193,898.3239,9.119103,253.59628,79.06014
2022-10-02 04:00:00,21.317139,17.191895,898.65594,9.520932,254.33994,77.34727
2022-10-02 05:00:00,22.977844,17.38327,898.5408,9.892483,254.9123,70.75646
2022-10-02 06:00:00,23.733215,17.348297,898.1156,10.214894,255.36598,67.453606
2022-10-02 07:00:00,23.888428,17.225525,897.35046,10.500137,256.44324,66.31017
2022-10-02 08:00:00,24.65561,17.106659,896.6062,10.60784,257.70648,62.85513
2022-10-02 09:00:00,24.72467,17.079803,895.9709,10.532473,259.0849,62.489914
2022-10-02 10:00:00,23.700806,16.997925,895.5496,10.023122,259.49457,66.10377
2022-10-02 11:00:00,23.548248,17.083954,895.67523,9.217439,257.7522,67.07849
2022-10-02 12:00:00,23.35495,17.205322,896.02856,8.471565,254.41815,68.38836
2022-10-02 13:00:00,23.11319,17.323853,896.6076,8.075983,252.75635,69.91651
2022-10-02 14:00:00,22.159088,17.312439,897.3114,7.742678,250.96991,74.030945
2022-10-02 15:00:00,21.309723,17.148254,897.86053,7.5249352,249.17221,77.16908
2022-10-02 16:00:00,21.050781,17.123932,898.13116,7.463825,247.35797,78.28435
2022-10-02 17:00:00,20.465149,17.024323,898.10034,7.486802,246.24368,80.64769
2022-10-02 18:00:00,20.277771,16.94989,897.9265,7.526681,246.26326,81.202225
2022-10-02 19:00:00,20.118378,16.914215,897.6197,7.581336,247.12674,81.821075
2022-10-02 20:00:00,19.553589,16.658539,897.26447,7.592287,248.46982,83.37276
2022-10-02 21:00:00,19.408325,16.611755,896.954,7.5387583,249.87039,83.8793
2022-10-02 22:00:00,18.948303,16.34311,896.78674,7.4169455,253.1481,84.855606
2022-10-02 23:00:00,18.888275,16.321045,896.8575,7.1698246,253.13483,85.0546
2022-10-03 00:00:00,19.148071,16.455872,897.1724,6.8776474,253.39896,84.40864
2022-10-03 01:00:00,19.202362,16.459473,897.76447,6.551457,253.80783,84.142914
2022-10-03 02:00:00,20.38031,16.964203,898.4456,6.3496747,254.17348,80.76285
2022-10-03 03:00:00,20.742035,16.975555,899.0061,6.3320503,255.39752,79.03869
2022-10-03 04:00:00,21.17389,17.007843,899.23553,6.397693,256.6005,77.125984
2022-10-03 05:00:00,22.932251,17.34671,899.1217,6.5131335,257.9007,70.78837
2022-10-03 06:00:00,23.66806,17.301575,898.6372,6.748347,258.93613,67.519104
2022-10-03 07:00:00,23.853607,17.219574,897.9501,6.9806056,260.4915,66.42416
2022-10-03 08:00:00,24.586975,17.117157,897.27045,7.208734,262.93332,63.155537
2022-10-03 09:00:00,24.715546,17.039276,896.7344,7.100228,265.12314,62.363773
2022-10-03 10:00:00,23.80304,17.040863,896.4747,6.424417,265.51788,65.877205
2022-10-03 11:00:00,23.643738,17.046783,896.57263,5.720773,264.95554,66.53688
2022-10-03 12:00:00,23.44748,17.099976,896.91846,4.880414,260.8968,67.55579
2022-10-03 13:00:00,23.14325,17.240356,897.48083,4.2804556,256.54376,69.42217
2022-10-03 14:00:00,22.260529,17.233063,898.2661,3.8009048,251.2045,73.20687
2022-10-03 15:00:00,21.384491,16.974457,898.9274,3.5597072,245.67125,75.97563
2022-10-03 16:00:00,21.186829,16.974304,899.2843,3.4874516,240.34834,76.901215
2022-10-03 17:00:00,20.548462,16.81424,899.2587,3.5615783,236.7274,79.17303
2022-10-03 18:00:00,20.394012,16.767944,899.0444,3.646482,235.10959,79.69656
2022-10-03 19:00:00,20.234009,16.74524,898.7062,3.7105765,236.02565,80.37212
2022-10-03 20:00:00,19.752594,16.612335,898.3678,3.7165601,238.60155,82.107864
2022-10-03 21:00:00,19.601532,16.532013,898.08,3.667683,240.93805,82.459236
2022-10-03 22:00:00,19.263123,16.431824,898.00446,3.7918885,250.17815,83.6778
2022-10-03 23:00:00,19.203705,16.410187,898.08417,3.4444723,250.61903,83.87245
2022-10-04 00:00:00,19.40802,16.534027,898.3578,3.1162577,250.0143,83.46752
2022-10-04 01:00:00,19.480011,16.56485,898.9165,2.7913148,246.53847,83.257744
2022-10-04 02:00:00,20.705658,17.03537,899.5514,2.590098,243.11676,79.51661
2022-10-04 03:00:00,21.111755,17.058563,900.0403,2.7473664,238.84697,77.66974
2022-10-04 04:00:00,21.531708,17.027893,900.21783,3.0435503,240.61044,75.54917
2022-10-04 05:00:00,23.371704,17.400055,900.0411,3.4045012,243.82391,69.16522
2022-10-04 06:00:00,23.966797,17.282684,899.53375,3.7174265,248.59265,66.237495
2022-10-04 07:00:00,24.128754,17.197632,898.82135,4.1143594,253.05836,65.24465
2022-10-04 08:00:00,24.6492,17.10254,898.0951,4.3890514,257.17395,62.862823
2022-10-04 09:00:00,24.674805,17.043488,897.52985,4.53034,260.22314,62.532448
2022-10-04 10:00:00,23.813538,16.920776,897.24695,4.839352,264.40842,65.33664
2022-10-04 11:00:00,23.659088,16.98935,897.3826,4.146972,267.64343,66.234024
2022-10-04 12:00:00,23.388,16.986145,897.7352,3.4210665,264.12527,67.31167
2022-10-04 13:00:00,23.172058,17.217743,898.2614,2.8657157,261.1458,69.20234
2022-10-04 14:00:00,22.305878,17.265656,898.9558,2.3870063,255.45099,73.15575
2022-10-04 15:00:00,21.533295,17.041504,899.55115,2.074827,246.84677,75.60698
2022-10-04 16:00:00,21.358795,17.077515,899.89764,1.9913142,238.07501,76.59366
2022-10-04 17:00:00,20.754272,16.932526,899.88525,1.9939057,230.85245,78.76407
2022-10-04 18:00:00,20.545258,16.891113,899.64667,2.047589,229.04494,79.57569
2022-10-04 19:00:00,20.398682,16.880829,899.27765,2.076269,228.97942,80.246124
2022-10-04 20:00:00,19.85733,16.670654,898.86096,2.0403616,231.7748,81.879166
2022-10-04 21:00:00,19.688019,16.593689,898.52014,1.8965404,233.66571,82.339874
2022-10-04 22:00:00,19.222137,16.361053,898.3903,1.572418,231.335,83.51464
2022-10-04 23:00:00,19.129211,16.302307,898.44275,1.3251233,225.97269,83.68591
2022-10-05 00:00:00,19.308167,16.395142,898.8016,1.1615839,215.32753,83.24895
2022-10-05 01:00:00,19.33603,16.452942,899.3193,1.1255871,196.6934,83.41096
2022-10-05 02:00:00,20.317017,16.769196,899.9975,1.3541619,181.19722,80.08267
2022-10-05 03:00:00,20.657257,16.847717,900.50525,1.7800357,179.07275,78.81116
2022-10-05 04:00:00,21.085846,16.855865,900.7236,2.15983,186.94783,76.80057
2022-10-05 05:00:00,22.799286,17.189026,900.45953,2.429523,197.8775,70.65312
2022-10-05 06:00:00,23.336975,17.146759,899.7671,2.690414,210.03888,68.209404
2022-10-05 07:00:00,23.495789,17.067535,898.884,2.974045,220.25085,67.22104
2022-10-05 08:00:00,24.107544,16.904388,898.03174,3.2493548,228.31519,64.12586
2022-10-05 09:00:00,24.09314,16.81668,897.3825,3.2890344,233.21039,63.82535
2022-10-05 10:00:00,23.207214,16.734009,897.03906,3.4045198,236.9171,66.971115
2022-10-05 11:00:00,23.071411,16.760712,897.08264,2.8720944,236.41469,67.63777
2022-10-05 12:00:00,22.871216,16.797455,897.4203,2.5297878,226.01045,68.62228
2022-10-05 13:00:00,22.656769,17.162964,897.97015,2.4613295,213.15837,71.14902
2022-10-05 14:00:00,21.73404,17.046234,898.7095,2.5765245,202.53738,74.706924
2022-10-05 15:00:00,21.069977,16.875305,899.3953,2.8611782,196.38484,76.97028
2022-10-05 16:00:00,20.902435,16.907196,899.729,3.1771946,194.23672,77.92418
2022-10-05 17:00:00,20.331299,16.851715,899.69666,3.443884,195.13713,80.43204
2022-10-05 18:00:00,20.160248,16.813782,899.3622,3.5680082,198.14807,81.09138
2022-10-05 19:00:00,19.953156,16.738495,898.935,3.5879762,202.30681,81.74582
2022-10-05 20:00:00,19.449097,16.567108,898.4564,3.5472605,207.54034,83.42985
2022-10-05 21:00:00,19.31073,16.506744,898.13275,3.4350317,211.53555,83.82872
2022-10-05 22:00:00,18.820343,16.28598,898.0193,3.4022727,218.89755,85.22568
2022-10-05 23:00:00,18.765594,16.25528,898.0796,3.14756,220.27863,85.35063
2022-10-06 00:00:00,18.944153,16.339508,898.4288,2.9079235,219.13167,84.85813
2022-10-06 01:00:00,19.00821,16.347992,899.00305,2.74079,214.50067,84.56533
2022-10-06 02:00:00,19.975403,16.699463,899.6805,2.765652,205.49397,81.43125
2022-10-06 03:00:00,20.373657,16.698792,900.18634,3.082758,202.1639,79.44724
2022-10-06 04:00:00,20.74347,16.6846,900.3862,3.4106946,203.3638,77.58652
2022-10-06 05:00:00,22.336945,17.046356,900.14484,3.6298995,209.0732,72.01146
2022-10-06 06:00:00,22.812805,17.069977,899.5904,3.8224478,216.3255,70.06536
2022-10-06 07:00:00,22.938202,17.024933,898.81006,3.9373455,224.40193,69.3371
2022-10-06 08:00:00,23.321045,16.97699,897.99164,3.942062,232.6413,67.54508
2022-10-06 09:00:00,23.342651,16.894989,897.32196,3.7480097,239.0251,67.10734
2022-10-06 10:00:00,22.497864,16.663025,896.8499,4.3545294,248.88416,69.59783
2022-10-06 11:00:00,22.395569,16.726898,896.9779,3.5305915,255.5439,70.31647
2022-10-06 12:00:00,22.187988,16.758667,897.3709,2.6602607,256.85547,71.35395
2022-10-06 13:00:00,22.039948,16.904083,898.09717,1.9263682,249.69258,72.66764
2022-10-06 14:00:00,21.263336,16.927856,898.9172,1.3914505,234.82016,76.316216
2022-10-06 15:00:00,20.670532,16.730743,899.6909,1.1921777,214.93733,78.16444
2022-10-06 16:00:00,20.552582,16.781006,900.1057,1.2698399,199.00992,78.986206
2022-10-06 17:00:00,20.034943,16.68396,900.19275,1.4213785,195.1534,81.05184
2022-10-06 18:00:00,19.858765,16.658966,899.98065,1.4714009,196.73584,81.81111
2022-10-06 19:00:00,19.707275,16.621704,899.5489,1.3899907,203.43974,82.38805
2022-10-06 20:00:00,19.26587,16.443726,899.00055,1.1611674,210.12712,83.72687
2022-10-06 21:00:00,19.123535,16.392426,898.51794,0.91036695,215.1185,84.19721
2022-10-06 22:00:00,18.818726,16.237152,898.36206,1.3998418,222.57939,84.96955
2022-10-06 23:00:00,18.727722,16.236359,898.3487,1.0907071,225.9511,85.44984
2022-10-07 00:00:00,18.920624,16.290314,898.6488,0.8573694,216.65767,84.71705
2022-10-07 01:00:00,18.914825,16.316467,899.1957,0.833072,190.14647,84.888985
2022-10-07 02:00:00,19.927338,16.650116,899.87225,1.34864,173.24603,81.41848
2022-10-07 03:00:00,20.3154,16.717499,900.35815,2.0654244,178.5,79.82831
2022-10-07 04:00:00,20.678894,16.718506,900.52594,2.635034,186.93582,78.06352
2022-10-07 05:00:00,22.17511,17.013641,900.2525,3.0481231,196.75165,72.57372
2022-10-07 06:00:00,22.626648,16.997162,899.706,3.3573506,206.62523,70.53489
2022-10-07 07:00:00,22.742584,16.907715,898.8731,3.5308428,216.55516,69.64467
2022-10-07 08:00:00,23.318054,16.941162,898.1113,3.6002247,223.9461,67.40406
2022-10-07 09:00:00,23.31543,16.816437,897.5398,3.52676,228.23802,66.883705
2022-10-07 10:00:00,22.506317,16.818207,897.0821,3.8445368,240.60931,70.25067
2022-10-07 11:00:00,22.377533,16.848785,897.2827,3.0070028,241.63857,70.94013
2022-10-07 12:00:00,22.16629,16.77008,897.6612,2.4395068,235.20828,71.50008
2022-10-07 13:00:00,21.98465,16.972534,898.26935,2.2052486,221.68045,73.23009
2022-10-07 14:00:00,21.324402,16.97873,899.0382,2.1522002,207.95622,76.27652
2022-10-07 15:00:00,20.719543,16.823212,899.7235,2.2406423,196.70808,78.38745
2022-10-07 16:00:00,20.601898,16.828033,900.15344,2.4499574,189.91835,78.98176
2022-10-07 17:00:00,20.040924,16.663818,900.21344,2.6084588,187.91415,80.918274
2022-10-07 18:00:00,19.87082,16.633118,900.04803,2.6477098,188.17085,81.61592
2022-10-07 19:00:00,19.734589,16.588959,899.678,2.532365,189.28966,82.077614
2022-10-07 20:00:00,19.303009,16.415924,899.30975,2.34666,190.42209,83.3859
2022-10-07 21:00:00,19.132599,16.297485,898.98627,2.0826936,191.43102,83.64254
2022-10-07 22:00:00,18.767456,16.070282,898.89514,1.9259812,205.17284,84.340004
2022-10-07 23:00:00,18.68097,16.024475,898.8961,1.6340821,201.84087,84.54976
2022-10-08 00:00:00,18.82959,16.07956,899.2578,1.421422,191.67793,84.06297
2022-10-08 01:00:00,18.841125,16.098938,899.8479,1.384168,176.70349,84.106346
2022-10-08 02:00:00,19.948578,16.537842,900.649,1.6071024,168.19293,80.73338
2022-10-08 03:00:00,20.26773,16.544678,901.25745,2.0629437,171.38263,79.18954
2022-10-08 04:00:00,20.605286,16.573822,901.4867,2.3158839,178.88586,77.70094
2022-10-08 05:00:00,22.287628,17.036682,901.24805,2.361422,187.04558,72.18362
2022-10-08 06:00:00,22.768036,17.06839,900.6325,2.2280254,198.22595,70.248726
2022-10-08 07:00:00,22.885132,17.068817,899.7302,2.055257,212.11884,69.75386
2022-10-08 08:00:00,23.385925,17.034943,898.87,1.9227309,226.40894,67.528496
2022-10-08 09:00:00,23.395416,16.94806,898.1821,1.6781807,237.33682,67.11939
2022-10-08 10:00:00,22.585999,16.818329,897.87,1.7633775,260.61722,69.91208
2022-10-08 11:00:00,22.502045,16.815674,897.8897,0.9953505,273.00537,70.25763
2022-10-08 12:00:00,22.345184,16.826813,898.1687,0.3406061,253.87476,70.98084
2022-10-08 13:00:00,22.197632,17.144806,898.70685,0.558415,150.70807,73.07857
2022-10-08 14:00:00,21.437164,17.10736,899.43555,1.1959264,137.19037,76.37099
2022-10-08 15:00:00,20.768402,16.835175,900.1343,1.8092911,134.9552,78.21137
2022-10-08 16:00:00,20.51889,16.80243,900.5661,2.2930996,136.58246,79.25813
2022-10-08 17:00:00,19.971588,16.660156,900.5769,2.634876,139.54834,81.24745
2022-10-08 18:00:00,19.834259,16.624023,900.3268,2.8200433,143.07611,81.75382
2022-10-08 19:00:00,19.717255,16.566376,899.9657,2.8916888,146.76779,82.04807
2022-10-08 20:00:00,19.240814,16.404938,899.61273,2.8835065,149.70602,83.65088
2022-10-08 21:00:00,19.063843,16.31839,899.364,2.9099588,151.38025,84.11371
2022-10-08 22:00:00,18.782928,16.105377,899.3233,2.0624626,161.20349,84.44739
2022-10-08 23:00:00,18.725464,16.07486,899.4677,2.0182755,152.74261,84.58638
2022-10-09 00:00:00,18.932404,16.178558,899.8175,2.0961418,145.22412,84.05406
2022-10-09 01:00:00,18.951538,16.18219,900.4238,2.3782897,139.2594,83.97317
2022-10-09 02:00:00,19.880371,16.542145,901.1527,2.8167143,137.49542,81.0974
2022-10-09 03:00:00,20.189514,16.524628,901.7283,3.288847,140.49951,79.47188
2022-10-09 04:00:00,20.534576,16.537628,901.9391,3.5167243,144.52258,77.86104
2022-10-09 05:00:00,22.078033,16.880066,901.7405,3.543377,149.55042,72.38885
2022-10-09 06:00:00,22.621765,16.954132,901.17633,3.3961768,154.92664,70.36371
2022-10-09 07:00:00,22.766785,16.982208,900.3943,3.120597,160.87646,69.87161
2022-10-09 08:00:00,23.305603,16.962463,899.6099,2.8159823,166.64209,67.545876
2022-10-09 09:00:00,23.340881,16.96402,899.00226,2.5670207,170.23975,67.40879
2022-10-09 10:00:00,22.346405,16.918854,898.67474,1.7640938,183.75981,71.39102
2022-10-09 11:00:00,22.264832,16.979828,898.8284,1.5287936,172.1482,72.02396
2022-10-09 12:00:00,22.140747,17.034485,899.1867,1.709079,160.78784,72.82185
2022-10-09 13:00:00,21.993378,17.234283,899.9361,2.1504009,156.4397,74.41382
2022-10-09 14:00:00,21.314423,17.196625,900.7338,2.5538764,152.64667,77.38329
2022-10-09 15:00:00,20.691376,16.974304,901.3971,2.8633652,151.5054,79.27934
2022-10-09 16:00:00,20.522614,16.960602,901.7071,3.1158955,153.58862,80.03862
2022-10-09 17:00:00,20.021759,16.881958,901.74506,3.2027638,157.02649,82.14356
2022-10-09 18:00:00,19.873718,16.826904,901.524,3.1236794,161.35608,82.61125
2022-10-09 19:00:00,19.72699,16.766052,901.2212,2.947341,165.84937,83.04502
2022-10-09 20:00:00,19.210266,16.527039,900.84784,2.6654017,168.01007,84.46363
2022-10-09 21:00:00,19.115234,16.507996,900.5022,2.4567719,169.58807,84.86241
2022-10-09 22:00:00,18.68692,16.209625,900.3851,2.036523,178.09277,85.52228
2022-10-09 23:00:00,18.650635,16.201996,900.4892,1.7932749,177.03253,85.6749
2022-10-10 00:00:00,18.821503,16.258087,900.92615,1.6751475,170.29266,85.068214
2022-10-10 01:00:00,18.844025,16.273163,901.49927,1.7012906,159.474,85.03024
2022-10-10 02:00:00,19.845825,16.703217,902.114,1.917812,153.68439,82.10715
2022-10-10 03:00:00,20.151398,16.754272,902.58264,2.2324653,157.53534,80.82999
2022-10-10 04:00:00,20.437775,16.713531,902.8141,2.4573076,167.72235,79.20754
2022-10-10 05:00:00,21.937256,17.11914,902.59845,2.542741,178.82019,74.127075
2022-10-10 06:00:00,22.489563,17.126038,901.9893,2.5304348,191.92111,71.70726
2022-10-10 07:00:00,22.546173,17.061768,901.12646,2.5757723,203.9443,71.17098
2022-10-10 08:00:00,23.073029,17.069672,900.24005,2.6446538,214.2584,68.96874
2022-10-10 09:00:00,23.10846,17.073944,899.5401,2.5778549,219.35321,68.83972
2022-10-10 10:00:00,22.098267,16.812592,899.1729,3.0427804,245.11942,71.990875
2022-10-10 11:00:00,21.967438,16.89508,899.17773,2.2422588,249.44888,72.94801
2022-10-10 12:00:00,21.845703,16.856781,899.39655,1.627942,243.27072,73.313644
2022-10-10 13:00:00,21.70639,17.144226,899.846,1.2652196,223.06583,75.2989
2022-10-10 14:00:00,20.997711,17.045258,900.4279,1.2275412,197.32195,78.14981
2022-10-10 15:00:00,20.415161,16.851776,900.90576,1.4670783,181.47716,80.017
2022-10-10 16:00:00,20.269592,16.854187,901.21326,1.8033208,176.24329,80.751854
2022-10-10 17:00:00,19.746155,16.67035,901.1668,2.1007576,176.25677,82.44392
2022-10-10 18:00:00,19.568146,16.645966,900.9675,2.2818763,178.82727,83.2309
2022-10-10 19:00:00,19.434052,16.626587,900.61584,2.3734767,182.31746,83.82418
2022-10-10 20:00:00,19.029999,16.414246,900.2271,2.3505328,184.86748,84.807365
2022-10-10 21:00:00,18.91455,16.390442,899.84937,2.3097284,185.5095,85.29115
2022-10-10 22:00:00,18.376984,16.00708,899.5803,2.5451245,206.51462,86.07872
2022-10-10 23:00:00,18.305542,15.968292,899.5975,2.4684794,202.63562,86.251274
2022-10-11 00:00:00,18.466278,16.019745,899.7696,2.4396915,197.10431,85.66765
2022-10-11 01:00:00,18.404114,15.932526,900.1843,2.541938,190.93181,85.524345
2022-10-11 02:00:00,19.286407,16.294037,900.7818,2.9227593,188.94301,82.826904
2022-10-11 03:00:00,19.65094,16.370087,901.29877,3.5588794,193.64163,81.3642
2022-10-11 04:00:00,19.981415,16.31314,901.5361,4.1453185,199.38522,79.425644
2022-10-11 05:00:00,21.608978,16.620056,901.33484,4.610501,204.52463,73.27255
2022-10-11 06:00:00,22.149506,16.601044,900.7757,4.90216,209.80739,70.809044
2022-10-11 07:00:00,22.313843,16.536133,899.9843,5.150975,214.73047,69.8156
2022-10-11 08:00:00,22.832733,16.550903,899.146,5.245947,219.05702,67.71389
2022-10-11 09:00:00,22.803772,16.474182,898.4296,5.229808,222.22902,67.50273
2022-10-11 10:00:00,21.984558,16.365479,897.9623,5.2623405,227.17216,70.46092
2022-10-11 11:00:00,21.859497,16.387177,897.9512,4.4490376,227.28326,71.09876
2022-10-11 12:00:00,21.742035,16.358215,898.28064,3.9377806,223.76978,71.478745
2022-10-11 13:00:00,21.527557,16.499023,898.8644,3.622907,217.52116,73.07412
2022-10-11 14:00:00,20.780273,16.469025,899.57416,3.4950578,210.56628,76.3576
2022-10-11 15:00:00,20.096222,16.2193,900.1638,3.5370758,205.10524,78.39323
2022-10-11 16:00:00,19.961456,16.212341,900.50946,3.6636808,201.8166,79.01485
2022-10-11 17:00:00,19.40448,16.069763,900.503,3.8182957,201.11317,81.053505
2022-10-11 18:00:00,19.262115,16.033142,900.29626,3.8727436,202.37268,81.58386
2022-10-11 19:00:00,19.149414,16.00766,899.96063,3.8736513,204.46782,82.02503
2022-10-11 20:00:00,18.648102,15.829346,899.68164,3.8109112,207.33025,83.674355
2022-10-11 21:00:00,18.453003,15.722626,899.4091,3.6727538,210.40831,84.1264
2022-10-11 22:00:00,18.070038,15.494019,899.1982,3.5020118,223.96663,84.91997
2022-10-11 23:00:00,17.963654,15.478241,899.35297,3.243336,226.20764,85.403275
2022-10-12 00:00:00,18.162292,15.592651,899.7268,2.9937446,226.60703,84.96449
2022-10-12 01:00:00,18.117645,15.532257,900.3777,2.74319,224.33185,84.87408
2022-10-12 02:00:00,19.007935,15.885834,901.04877,2.6972322,220.95164,82.11043
2022-10-12 03:00:00,19.415405,15.976898,901.65063,3.0065427,219.64923,80.51978
2022-10-12 04:00:00,19.76944,15.841278,901.9266,3.323775,221.06523,78.08927
2022-10-12 05:00:00,21.463196,16.057861,901.85974,3.602113,223.91135,71.329636
2022-10-12 06:00:00,22.027313,16.09198,901.35864,3.8613114,229.99442,69.063255
2022-10-12 07:00:00,22.17215,16.020752,900.628,4.0333815,236.48996,68.146
2022-10-12 08:00:00,22.725555,15.808136,899.7607,4.168598,242.46492,65.00331
2022-10-12 09:00:00,22.692047,15.698242,899.0186,4.11141,246.90106,64.67935
2022-10-12 10:00:00,21.850586,15.635468,898.5012,4.1953435,262.05472,67.804665
2022-10-12 11:00:00,21.664429,15.614716,898.5239,3.4160206,266.56345,68.48912
2022-10-12 12:00:00,21.51709,15.608673,898.8448,2.7148552,264.87674,69.08244
2022-10-12 13:00:00,21.280975,15.70401,899.3627,2.171442,265.00238,70.51791
2022-10-12 14:00:00,20.449493,15.767487,899.9726,1.6990312,262.93436,74.52
2022-10-12 15:00:00,19.681183,15.472961,900.527,1.3522681,256.2174,76.688644
2022-10-12 16:00:00,19.463074,15.482697,900.867,1.1523693,243.49083,77.783134
2022-10-12 17:00:00,18.794128,15.232086,900.8986,1.1238011,229.99011,79.801094
2022-10-12 18:00:00,18.60205,15.14801,900.73126,1.2152247,224.87276,80.330284
2022-10-12 19:00:00,18.39273,15.079041,900.44415,1.2608123,225.26721,81.03022
2022-10-12 20:00:00,17.84317,14.88443,900.09955,1.2433145,227.92758,82.83213
2022-10-12 21:00:00,17.64502,14.753601,899.7955,1.1271718,233.6962,83.16848
2022-10-12 22:00:00,17.314423,14.499756,899.6507,1.1161118,242.73547,83.54253
2022-10-12 23:00:00,17.245483,14.472137,899.7388,0.82999945,248.00375,83.757805
2022-10-13 00:00:00,17.494171,14.634552,900.0652,0.5462295,251.48122,83.321396
2022-10-13 01:00:00,17.494812,14.581909,900.64185,0.23776044,235.63803,83.035484
2022-10-13 02:00:00,18.717194,15.126495,901.2709,0.22594856,151.7576,79.64366
2022-10-13 03:00:00,18.946259,15.062103,901.82635,0.59266174,148.62134,78.187874
2022-10-13 04:00:00,19.414642,15.016876,902.0227,0.8896476,165.43823,75.718796
2022-10-13 05:00:00,21.412262,15.376648,901.88983,1.1702099,187.05792,68.50106
2022-10-13 06:00:00,22.184174,15.458466,901.3172,1.4672962,213.48378,65.690414
2022-10-13 07:00:00,22.334045,15.434479,900.5199,1.801656,234.34848,64.99393
2022-10-13 08:00:00,23.008728,15.314178,899.63196,2.063473,250.20567,61.907578
2022-10-13 09:00:00,23.040283,15.24118,899.0168,2.104685,261.58514,61.500614
2022-10-13 10:00:00,21.932983,15.194244,898.71,2.290315,261.40796,65.58245
2022-10-13 11:00:00,21.769531,15.19516,898.7735,1.8194664,270.64133,66.24405
2022-10-13 12:00:00,21.602478,15.219727,899.0811,1.5385684,270.24908,67.02962
2022-10-13 13:00:00,21.36084,15.467468,899.60345,1.086638,273.33118,69.11854
2022-10-13 14:00:00,20.430206,15.47641,900.2649,0.72752964,265.7022,73.23122
2022-10-13 15:00:00,19.576447,15.285706,900.9032,0.583578,237.85559,76.26735
2022-10-13 16:00:00,19.324799,15.203888,901.214,0.74583507,214.99448,77.06398
2022-10-13 17:00:00,18.570465,14.949829,901.24097,1.0301627,207.45831,79.46994
2022-10-13 18:00:00,18.322784,14.800903,901.01306,1.319628,209.68231,79.94231
2022-10-13 19:00:00,18.069916,14.677551,900.7379,1.5159492,215.96474,80.57801
2022-10-13 20:00:00,17.52884,14.452606,900.3593,1.596176,223.80557,82.16844
2022-10-13 21:00:00,17.390411,14.315308,899.97943,1.5913529,231.08733,82.15719
2022-10-13 22:00:00,16.82721,13.847168,899.6579,2.2007122,245.82831,82.59501
2022-10-13 23:00:00,16.763916,13.819214,899.73,2.187116,252.5816,82.77701
2022-10-14 00:00:00,17.05243,13.912384,900.0334,2.0506337,259.58554,81.76977
2022-10-14 01:00:00,17.065094,13.936096,900.5224,1.7854965,262.1822,81.830025
2022-10-14 02:00:00,18.280396,14.509216,901.09906,1.553842,260.34967,78.66109
2022-10-14 03:00:00,18.715607,14.499878,901.56696,1.5330806,255.21333,76.500015
2022-10-14 04:00:00,19.289124,14.574402,901.7341,1.7331674,253.67433,74.16742
2022-10-14 05:00:00,21.220306,14.860504,901.4585,2.183499,255.34811,67.050125
2022-10-14 06:00:00,22.093628,14.85733,900.8895,2.798399,260.07324,63.55102
2022-10-14 07:00:00,22.25595,14.794312,900.1217,3.4822667,266.48685,62.670963
2022-10-14 08:00:00,22.972473,14.681335,899.40735,3.972305,272.26733,59.56832
2022-10-14 09:00:00,23.0177,14.605835,898.86835,4.2215204,278.0203,59.116848
2022-10-14 10:00:00,21.81726,14.6414795,898.44006,4.2249427,276.26978,63.738464
2022-10-14 11:00:00,21.67154,14.666504,898.4663,3.710162,283.80176,64.41237
2022-10-14 12:00:00,21.499908,14.747559,898.77124,3.352178,287.73886,65.43327
2022-10-14 13:00:00,21.161743,14.837799,899.2824,2.9419365,291.7548,67.19313
2022-10-14 14:00:00,20.234802,14.940369,899.9486,2.500091,294.2727,71.61176
2022-10-14 15:00:00,19.293152,14.687347,900.4621,2.1262038,294.65326,74.6911
2022-10-14 16:00:00,19.074219,14.716217,900.716,1.8376069,292.35895,75.85786
2022-10-14 17:00:00,18.212463,14.351959,900.665,1.6739628,287.5681,78.198395
2022-10-14 18:00:00,17.996796,14.230713,900.4057,1.6654309,285.15906,78.64569
2022-10-14 19:00:00,17.733582,14.120544,899.9957,1.6777002,286.42264,79.390854
2022-10-14 20:00:00,17.070496,13.751404,899.5514,1.7313118,292.2879,80.82717
2022-10-14 21:00:00,16.927948,13.657898,899.2068,1.7606947,300.53708,81.066284
2022-10-14 22:00:00,16.466553,13.3081665,898.9652,1.5092057,306.2883,81.59737
2022-10-14 23:00:00,16.30371,13.171783,899.0519,1.4615637,312.4992,81.71737
2022-10-15 00:00:00,16.561554,13.30545,899.4359,1.3738405,320.15234,81.0916
2022-10-15 01:00:00,16.62143,13.317505,900.00024,1.2176251,331.6846,80.84715
2022-10-15 02:00:00,18.022186,13.841278,900.5886,1.079797,350.36398,76.56309
2022-10-15 03:00:00,18.434357,13.887604,901.04486,0.9381954,11.265839,74.832825
2022-10-15 04:00:00,19.174591,14.077576,901.21765,0.8055392,25.528137,72.3364
2022-10-15 05:00:00,21.170258,14.333221,901.0012,0.5385404,14.828796,65.00624
2022-10-15 06:00:00,22.037567,14.384766,900.4522,0.58249384,315.09576,61.853535
2022-10-15 07:00:00,22.260529,14.354095,899.695,1.2322564,293.86053,60.89831
2022-10-15 08:00:00,23.071075,14.117859,899.0105,1.7927322,291.29648,57.096214
2022-10-15 09:00:00,23.141449,14.100647,898.5264,2.0824864,295.3228,56.790394
2022-10-15 10:00:00,22.035309,14.345184,898.1719,1.8223468,289.92194,61.703938
2022-10-15 11:00:00,21.902252,14.310669,898.29346,1.6604211,302.35028,62.068058
2022-10-15 12:00:00,21.67743,14.259094,898.6156,1.5551572,305.56537,62.716602
2022-10-15 13:00:00,21.30545,14.446716,899.1487,1.2436599,313.6734,64.94417
2022-10-15 14:00:00,20.30655,14.575409,899.8499,0.9333892,323.36038,69.63753
2022-10-15 15:00:00,19.251312,14.393524,900.43945,0.57918245,333.09302,73.478714
2022-10-15 16:00:00,18.929565,14.325562,900.784,0.2095776,339.91357,74.63874
2022-10-15 17:00:00,18.128082,14.073242,900.83905,0.07735309,193.90611,77.20824
2022-10-15 18:00:00,17.884094,13.947998,900.66284,0.19639035,188.51067,77.76751
2022-10-15 19:00:00,17.634369,13.783081,900.33844,0.18894975,197.11044,78.159195
2022-10-15 20:00:00,17.054932,13.5633545,899.9826,0.017330496,156.73315,79.92383
2022-10-15 21:00:00,16.761414,13.33017,899.74097,0.23249039,33.913116,80.19787
2022-10-15 22:00:00,16.335266,13.0503845,899.5968,0.38263172,336.46475,80.90952
2022-10-15 23:00:00,16.250397,13.01181,899.8474,0.6192033,359.30444,81.14336
2022-10-16 00:00:00,16.527618,13.14563,900.35767,0.84777445,15.907257,80.42395
2022-10-16 01:00:00,16.47345,13.038422,901.1292,1.0970857,34.045105,80.13851
2022-10-16 02:00:00,17.973114,13.531494,901.9414,1.4444464,53.337036,75.268845
2022-10-16 03:00:00,18.60672,13.71106,902.6532,1.662723,68.18225,73.185745
2022-10-16 04:00:00,19.328583,13.905457,902.9296,1.741062,80.16229,70.85102
2022-10-16 05:00:00,21.44986,14.189789,902.78455,1.5983449,92.11542,63.31129
2022-10-16 06:00:00,22.146118,14.109741,902.188,1.2123914,101.710144,60.361862
2022-10-16 07:00:00,22.31723,14.064117,901.4143,0.6340636,107.01166,59.560066
2022-10-16 08:00:00,23.068848,13.953949,900.7064,0.15662934,73.12567,56.500435
2022-10-16 09:00:00,23.13617,13.924469,900.26373,0.31069946,351.96576,56.163372
2022-10-16 10:00:00,22.00589,14.257263,900.01666,0.40698138,235.4498,61.46418
2022-10-16 11:00:00,21.855896,14.262695,900.2121,0.12597276,258.46057,62.051033
2022-10-16 12:00:00,21.63147,14.393036,900.6639,0.113389045,242.03372,63.44022
2022-10-16 13:00:00,21.251587,14.549866,901.3535,0.14520569,126.97879,65.59451
2022-10-16 14:00:00,20.310333,14.697662,902.07904,0.36303276,119.93097,70.17254
2022-10-16 15:00:00,19.244873,14.3880005,902.5989,0.54843974,126.67493,73.48194
2022-10-16 16:00:00,18.927399,14.333008,902.87537,0.68709403,144.35205,74.684814
2022-10-16 17:00:00,18.137726,14.029022,902.83435,0.7733331,159.09882,76.940674
2022-10-16 18:00:00,17.861542,13.859863,902.5965,0.78364366,171.87512,77.433876
2022-10-16 19:00:00,17.643707,13.772522,902.2184,0.6690691,185.90706,78.05965
2022-10-16 20:00:00,17.046997,13.561005,901.78076,0.45853966,203.27061,79.95177
2022-10-16 21:00:00,16.819672,13.401215,901.47375,0.35850188,229.32043,80.2727
2022-10-16 22:00:00,16.368286,13.093842,901.4496,0.25322822,214.15459,80.969086
2022-10-16 23:00:00,16.27179,13.010162,901.6191,0.29275438,254.32932,81.02411
2022-10-17 00:00:00,16.68509,13.189941,902.0253,0.26841927,272.9681,79.85385
2022-10-17 01:00:00,16.754333,13.176819,902.5375,0.22544087,298.27606,79.43555
2022-10-17 02:00:00,18.0253,13.510834,903.082,0.06441662,57.849762,74.92151
2022-10-17 03:00:00,18.605438,13.722382,903.497,0.26529595,130.89703,73.24547
2022-10-17 04:00:00,19.29538,13.89502,903.5839,0.4343313,163.57056,70.94952
2022-10-17 05:00:00,21.287811,14.108704,903.26953,0.630329,208.253,63.60815
2022-10-17 06:00:00,22.07312,14.084686,902.524,1.077979,243.98584,60.532578
2022-10-17 07:00:00,22.254333,14.046509,901.5828,1.7692968,264.1487,59.720253
2022-10-17 08:00:00,22.907806,14.069153,900.72876,2.4503133,274.24377,57.481575
2022-10-17 09:00:00,22.982117,13.973816,900.1464,2.9034877,280.8152,56.87097
2022-10-17 10:00:00,21.787842,14.241455,899.6777,2.707491,277.7805,62.223846
2022-10-17 11:00:00,21.626862,14.266052,899.70514,2.4661543,281.38736,62.939148
2022-10-17 12:00:00,21.49118,14.295074,900.0095,2.4146216,280.90326,63.583065
2022-10-17 13:00:00,21.153809,14.461884,900.52985,2.1824327,278.46008,65.615265
2022-10-17 14:00:00,20.113953,14.609253,901.14136,1.9850893,271.92413,70.62558
2022-10-17 15:00:00,19.131805,14.347137,901.6575,1.9421881,263.92352,73.806114
2022-10-17 16:00:00,18.788147,14.250977,901.8818,2.0548322,257.50955,74.93841
2022-10-17 17:00:00,17.988617,13.996002,901.78674,2.2850513,256.19324,77.49883
2022-10-17 18:00:00,17.774048,13.947723,901.5203,2.5534313,256.87628,78.30666
2022-10-17 19:00:00,17.559174,13.835114,901.1601,2.8364785,260.09253,78.796425
2022-10-17 20:00:00,16.945496,13.579132,900.76764,3.0261028,264.98163,80.56244
2022-10-17 21:00:00,16.847137,13.512573,900.4098,3.1534665,269.56622,80.716095
2022-10-17 22:00:00,16.399963,13.255554,900.2703,3.1390717,265.00143,81.66321
2022-10-17 23:00:00,16.352081,13.193726,900.32697,3.310387,272.17737,81.5828
2022-10-18 00:00:00,16.763794,13.386902,900.5997,3.3181076,277.79,80.482735
2022-10-18 01:00:00,16.780884,13.351349,901.1072,3.195059,282.3573,80.20947
2022-10-18 02:00:00,17.989288,13.772949,901.66376,2.8884325,283.56152,76.38194
2022-10-18 03:00:00,18.413635,13.842621,902.053,2.7006876,281.5723,74.71161
2022-10-18 04:00:00,18.925781,13.939209,902.1636,2.8320174,274.8356,72.81142
2022-10-18 05:00:00,20.912994,14.167847,901.82947,3.3102589,270.76218,65.33868
2022-10-18 06:00:00,21.880127,14.170288,901.136,4.023997,271.94766,61.589848
2022-10-18 07:00:00,22.030914,14.119415,900.2369,4.6525607,275.17682,60.82523
2022-10-18 08:00:00,22.691223,14.015747,899.40704,5.057879,278.8078,58.03991
2022-10-18 09:00:00,22.70697,14.033661,898.7876,5.176889,282.5924,58.05186
2022-10-18 10:00:00,21.311188,14.197357,898.38904,4.9871607,283.38293,63.88275
2022-10-18 11:00:00,21.141907,14.176086,898.4486,4.3166146,287.6137,64.460686
2022-10-18 12:00:00,21.002563,14.227844,898.79456,3.7722342,288.58545,65.23283
2022-10-18 13:00:00,20.800995,14.516785,899.4079,3.3525736,288.70773,67.29166
2022-10-18 14:00:00,19.776855,14.545624,900.03595,3.0617478,286.56497,71.82007
2022-10-18 15:00:00,18.947052,14.365967,900.5165,2.911965,283.87906,74.75239
2022-10-18 16:00:00,18.613983,14.250885,900.6997,2.8842719,280.4909,75.75849
2022-10-18 17:00:00,17.833923,14.032227,900.5963,2.9528754,278.11774,78.44065
2022-10-18 18:00:00,17.59259,13.920898,900.28925,3.0940647,277.035,79.06951
2022-10-18 19:00:00,17.412598,13.867523,899.91266,3.2689762,277.86945,79.6962
2022-10-18 20:00:00,16.762634,13.496277,899.5243,3.431835,281.1117,81.06395
2022-10-18 21:00:00,16.601074,13.40506,899.2067,3.5503373,285.93692,81.414894
2022-10-18 22:00:00,16.214233,13.037384,899.08923,3.2201016,282.59644,81.466545
2022-10-18 23:00:00,16.164673,13.057953,899.1878,3.1853414,289.7699,81.8342
2022-10-19 00:00:00,16.380219,13.10791,899.46405,3.099812,296.28204,80.98198
2022-10-19 01:00:00,16.394135,13.037964,899.97626,2.9057567,303.40308,80.54154
2022-10-19 02:00:00,17.659668,13.378204,900.59,2.6398828,308.72934,76.006355
2022-10-19 03:00:00,18.05658,13.371338,901.11084,2.4707208,309.68488,74.09822
2022-10-19 04:00:00,18.622437,13.523254,901.35846,2.3469872,306.69254,72.22632
2022-10-19 05:00:00,20.809448,14.051331,901.221,2.4541974,299.54916,65.261665
2022-10-19 06:00:00,21.577148,14.01178,900.6761,2.8931394,294.8717,62.09968
2022-10-19 07:00:00,21.776428,13.936096,899.9002,3.3597054,294.2559,61.047447
2022-10-19 08:00:00,22.45575,13.810425,899.1233,3.646768,296.03546,58.096592
2022-10-19 09:00:00,22.515137,13.77359,898.5372,3.6915202,299.6384,57.74903
2022-10-19 10:00:00,21.23413,14.082886,898.0877,3.7990465,303.73712,63.711212
2022-10-19 11:00:00,21.057312,14.086182,898.2497,3.157825,308.55612,64.420135
2022-10-19 12:00:00,20.91867,14.196472,898.6092,2.6091764,311.42834,65.43705
2022-10-19 13:00:00,20.67926,14.378967,899.13916,2.1256657,317.0911,67.19683
2022-10-19 14:00:00,19.762115,14.443481,899.7711,1.6802257,319.511,71.4131
2022-10-19 15:00:00,18.753387,14.149109,900.28827,1.3318543,319.38376,74.60779
2022-10-19 16:00:00,18.431885,14.079803,900.54956,0.98442113,314.31195,75.783005
2022-10-19 17:00:00,17.652283,13.788055,900.5056,0.8190807,303.61795,78.09619
2022-10-19 18:00:00,17.361115,13.602478,900.2598,0.8264823,289.67358,78.59076
2022-10-19 19:00:00,17.13034,13.51944,899.9339,0.9658351,285.27832,79.31626
2022-10-19 20:00:00,16.56015,13.302338,899.55615,1.0988073,290.79828,81.08239
2022-10-19 21:00:00,16.337585,13.128021,899.33057,1.2169486,301.29105,81.30873
2022-10-19 22:00:00,15.895599,12.857574,899.27795,1.3267759,289.31476,82.1684
2022-10-19 23:00:00,15.80719,12.823639,899.4825,1.3421483,301.95358,82.450714
2022-10-20 00:00:00,16.094788,12.962189,899.92615,1.3186109,316.006,81.68701
2022-10-20 01:00:00,16.10553,12.948303,900.5966,1.300834,333.0989,81.557
2022-10-20 02:00:00,17.48407,13.421112,901.3578,1.1919533,353.55414,77.067894
2022-10-20 03:00:00,17.917358,13.483795,901.9364,1.1752065,9.432129,75.29907
2022-10-20 04:00:00,18.45633,13.593567,902.165,0.9734999,20.96167,73.315926
2022-10-20 05:00:00,20.56012,13.938904,901.97876,0.63080335,10.735809,65.790245
2022-10-20 06:00:00,21.33023,13.899445,901.46173,0.7268084,326.4707,62.58806
2022-10-20 07:00:00,21.52243,13.800903,900.771,1.1602166,312.4791,61.461266
2022-10-20 08:00:00,22.208344,13.689728,900.0676,1.5199598,317.00848,58.51689
2022-10-20 09:00:00,22.25821,13.650757,899.6253,1.7853823,326.9451,58.191948
2022-10-20 10:00:00,20.97882,13.887604,899.3143,1.8279958,336.74496,63.90338
2022-10-20 11:00:00,20.820068,13.920258,899.5399,2.0130084,352.83664,64.66709
2022-10-20 12:00:00,20.687408,14.029053,900.03,2.2758927,1.2112427,65.65895
2022-10-20 13:00:00,20.473877,14.125427,900.66986,2.5131755,11.787476,66.94558
2022-10-20 14:00:00,19.51941,14.245758,901.46063,2.622306,20.995087,71.57625
2022-10-20 15:00:00,18.519806,13.85022,902.134,2.6728048,28.672913,74.25302
2022-10-20 16:00:00,18.23059,13.819244,902.4943,2.5699365,35.04541,75.45951
2022-10-20 17:00:00,17.469574,13.568634,902.4832,2.4192264,38.577026,77.882706
2022-10-20 18:00:00,17.09845,13.350922,902.2863,2.3309906,37.539948,78.609116
2022-10-20 19:00:00,16.881805,13.300751,901.9264,2.3468978,33.084106,79.43528
2022-10-20 20:00:00,16.32135,13.065186,901.5114,2.531464,28.536804,81.059586
2022-10-20 21:00:00,16.149994,12.963257,901.2138,2.7735026,26.072052,81.4056
2022-10-20 22:00:00,15.553131,12.502869,901.06635,2.3470938,17.908112,82.059494
2022-10-20 23:00:00,15.503815,12.463623,901.31226,2.6959145,17.706818,82.107506
2022-10-21 00:00:00,15.783752,12.6753845,901.7318,3.0567946,20.114899,81.77677
2022-10-21 01:00:00,15.855347,12.720856,902.40814,3.3555968,23.824371,81.64614
2022-10-21 02:00:00,17.235657,13.205109,903.09174,3.672314,31.073303,77.19232
2022-10-21 03:00:00,17.705505,13.32962,903.64557,3.8722665,38.819977,75.54758
2022-10-21 04:00:00,18.162476,13.324982,903.8945,3.9592083,46.127197,73.38498
2022-10-21 05:00:00,20.434631,13.7724,903.67944,3.810387,48.987213,65.58874
2022-10-21 06:00:00,21.205261,13.69455,903.0784,3.487406,47.11075,62.235897
2022-10-21 07:00:00,21.459198,13.63855,902.24396,3.1521442,40.143463,61.052177
2022-10-21 08:00:00,22.29544,13.460358,901.52,3.0538952,31.993134,57.345467
2022-10-21 09:00:00,22.388947,13.408112,900.98047,3.1699672,25.640839,56.82659
2022-10-21 10:00:00,21.132263,13.641541,900.75806,2.5151992,21.04123,62.30027
2022-10-21 11:00:00,20.9469,13.660797,900.92163,2.6417487,22.693481,63.09259
2022-10-21 12:00:00,20.74997,13.841949,901.3376,2.8106549,20.838379,64.617485
2022-10-21 13:00:00,20.477264,13.907867,901.9476,2.9797435,24.35315,65.99425
2022-10-21 14:00:00,19.490417,13.988129,902.72705,3.0473025,28.720764,70.51863
2022-10-21 15:00:00,18.504303,13.683838,903.34595,3.0370615,32.743256,73.52626
2022-10-21 16:00:00,18.05069,13.451233,903.64923,2.939467,36.280365,74.512405
2022-10-21 17:00:00,17.145386,13.135284,903.6261,2.768064,37.107025,77.28142
2022-10-21 18:00:00,16.98407,13.077789,903.36584,2.6422064,34.891907,77.78228
2022-10-21 19:00:00,16.75595,12.941528,902.9852,2.6442397,30.831696,78.216156
2022-10-21 20:00:00,16.087433,12.6310425,902.58563,2.7291198,26.24527,79.97325
2022-10-21 21:00:00,15.917999,12.50943,902.3223,2.8968546,22.299805,80.20092
2022-10-21 22:00:00,15.453735,12.182556,902.1686,2.904816,17.908356,80.86461
2022-10-21 23:00:00,15.470581,12.183746,902.3267,3.2520337,17.940582,80.78364
2022-10-22 00:00:00,15.685455,12.253693,902.64136,3.5669403,21.178253,80.04678
2022-10-22 01:00:00,15.649261,12.208527,903.2825,3.7697957,26.296936,79.99457
2022-10-22 02:00:00,17.2294,12.762787,903.8951,3.916286,32.9227,75.02265
2022-10-22 03:00:00,17.641602,12.839661,904.4525,3.9845219,40.84207,73.46405
2022-10-22 04:00:00,18.212402,12.959198,904.6093,4.034405,48.52127,71.429504
2022-10-22 05:00:00,20.606049,13.380371,904.377,3.8071213,53.63199,63.265015
2022-10-22 06:00:00,21.453918,13.226196,903.7148,3.3437607,53.47647,59.453754
2022-10-22 07:00:00,21.669708,13.132324,902.8262,2.893086,47.23059,58.315693
2022-10-22 08:00:00,22.463654,12.924774,901.91956,2.690798,36.25714,54.81273
2022-10-22 09:00:00,22.530518,12.868286,901.2287,2.70455,26.952576,54.389233
2022-10-22 10:00:00,21.224945,13.26767,900.78235,1.9401555,23.241913,60.457222
2022-10-22 11:00:00,21.059479,13.318481,900.91016,1.9393756,24.402649,61.27699
2022-10-22 12:00:00,20.834137,13.363068,901.3247,1.8694082,20.376892,62.312435
2022-10-22 13:00:00,20.55899,13.563782,901.93054,1.9397248,24.27005,64.21092
2022-10-22 14:00:00,19.46164,13.622437,902.60986,1.9857249,29.46878,68.98718
2022-10-22 15:00:00,18.340576,13.270966,903.1485,1.8684856,35.119995,72.314445
2022-10-22 16:00:00,18.0513,13.232361,903.383,1.6287233,42.66812,73.45433
2022-10-22 17:00:00,17.174286,12.971344,903.3759,1.23412,47.6351,76.31867
2022-10-22 18:00:00,16.92392,12.785522,903.07196,0.85305953,48.27176,76.601616
2022-10-22 19:00:00,16.684937,12.641602,902.61505,0.5565037,36.223206,77.04229
2022-10-22 20:00:00,15.969788,12.30954,902.0913,0.4492324,9.4800415,78.89406
2022-10-22 21:00:00,15.754456,12.093933,901.66986,0.5035754,345.4879,78.861275
2022-10-22 22:00:00,15.228394,11.734222,901.43536,0.35569495,357.2468,79.65462
2022-10-22 23:00:00,15.14566,11.627838,901.517,0.46665087,339.03162,79.51864
2022-10-23 00:00:00,15.466522,11.81958,901.8187,0.49458185,336.9698,78.88988
2022-10-23 01:00:00,15.426361,11.748322,902.38135,0.42130193,336.0606,78.722336
2022-10-23 02:00:00,16.931213,12.3263855,902.993,0.20880911,330.0373,74.29552
2022-10-23 03:00:00,17.283875,12.364563,903.5207,0.18956448,190.59264,72.83788
2022-10-23 04:00:00,18.006927,12.606354,903.6577,0.4999823,184.86989,70.70543
2022-10-23 05:00:00,20.419983,13.03537,903.42126,0.8280021,203.39236,62.570908
2022-10-23 06:00:00,21.363068,12.94928,902.7812,1.3083515,229.94456,58.714207
2022-10-23 07:00:00,21.569763,12.930634,901.9238,1.9759456,251.15968,57.905228
2022-10-23 08:00:00,22.326721,12.806152,901.0411,2.6166663,263.232,54.843754
2022-10-23 09:00:00,22.390106,12.742371,900.36487,3.0528476,271.55106,54.40515
2022-10-23 10:00:00,21.075867,13.117096,899.97974,3.4787672,269.23215,60.416435
2022-10-23 11:00:00,20.939178,13.124207,900.03577,3.3571484,271.1996,60.95426
2022-10-23 12:00:00,20.73877,13.123077,900.28314,3.2163637,272.46777,61.705814
2022-10-23 13:00:00,20.447205,13.268921,900.761,2.9864538,276.215,63.42532
2022-10-23 14:00:00,19.278046,13.339508,901.30945,2.8339548,274.6999,68.506165
2022-10-23 15:00:00,18.231873,13.081329,901.69586,2.8631852,270.07535,71.91379
2022-10-23 16:00:00,17.92395,12.960785,901.7761,3.0332828,263.71344,72.74339
2022-10-23 17:00:00,17.028412,12.708038,901.5422,3.3460205,258.85364,75.7111
2022-10-23 18:00:00,16.785004,12.554169,901.13635,3.715428,256.9343,76.117004
2022-10-23 19:00:00,16.588165,12.450653,900.5657,4.0926485,257.38605,76.552795
2022-10-23 20:00:00,15.890167,12.13147,899.9802,4.403237,259.08295,78.37342
2022-10-23 21:00:00,15.662659,11.945801,899.4732,4.619956,260.6178,78.555855
2022-10-23 22:00:00,15.084045,11.604919,899.1065,4.7424855,264.12192,79.71341
2022-10-23 23:00:00,15.028107,11.551666,899.1856,4.7680283,265.32483,79.719666
2022-10-24 00:00:00,15.260986,11.663086,899.5042,4.785512,265.8838,79.1157
2022-10-24 01:00:00,15.279572,11.631226,900.1357,4.7015357,265.0681,78.855286
2022-10-24 02:00:00,16.631317,12.135162,900.80444,4.7303166,264.60266,74.77697
2022-10-24 03:00:00,17.046936,12.163483,901.3251,4.6705074,262.65915,72.96732
2022-10-24 04:00:00,17.832428,12.318909,901.3851,4.7597804,263.33737,70.150116
2022-10-24 05:00:00,20.088959,12.680145,901.0531,5.0311193,264.94476,62.397045
2022-10-24 06:00:00,20.927368,12.629913,900.3362,5.550135,266.75836,59.05802
2022-10-24 07:00:00,21.150665,12.558258,899.42053,6.2490354,268.2326,57.980556
2022-10-24 08:00:00,21.695984,12.357117,898.442,6.854024,270.41055,55.34079
2022-10-24 09:00:00,21.949371,12.272766,897.80493,7.2031617,271.66516,54.19004
2022-10-24 10:00:00,20.881836,12.616821,897.49414,7.5898514,266.52417,59.1728
2022-10-24 11:00:00,20.73819,12.6423645,897.64514,6.923871,265.73837,59.798153
2022-10-24 12:00:00,20.565155,12.759003,897.9496,6.526357,264.22675,60.902466
2022-10-24 13:00:00,20.240662,12.814545,898.5017,6.1859384,264.36993,62.360798
2022-10-24 14:00:00,19.067413,12.856201,899.0613,5.93978,262.9751,67.25494
2022-10-24 15:00:00,18.056946,12.540527,899.5467,5.806884,260.92258,70.17998
2022-10-24 16:00:00,17.79544,12.496216,899.77765,5.8063903,257.58432,71.13682
2022-10-24 17:00:00,16.967743,12.259125,899.7816,5.90363,254.4152,73.796875
2022-10-24 18:00:00,16.664032,12.134491,899.5154,5.9993434,252.82805,74.618454
2022-10-24 19:00:00,16.44577,12.025787,899.1108,6.08939,252.84,75.12154
2022-10-24 20:00:00,15.874908,11.801392,898.63367,6.141656,253.43358,76.762535
2022-10-24 21:00:00,15.738464,11.767609,898.3006,6.1126723,254.77475,77.262695
2022-10-24 22:00:00,15.218445,11.441711,898.1607,6.3458743,255.54947,78.17994
2022-10-24 23:00:00,15.13147,11.348755,898.2873,6.1618485,256.1286,78.13594
2022-10-25 00:00:00,15.402283,11.562897,898.70013,5.9565134,256.71103,77.88448
2022-10-25 01:00:00,15.394989,11.538818,899.35944,5.6728864,256.86862,77.79703
2022-10-25 02:00:00,16.592926,11.966522,900.0664,5.435208,257.87326,74.13203
2022-10-25 03:00:00,17.089935,12.119293,900.67596,5.1774096,258.52713,72.55774
2022-10-25 04:00:00,17.844269,12.26059,900.97577,5.3292794,260.5453,69.82975
2022-10-25 05:00:00,20.238098,12.571014,900.88086,5.6062593,263.56223,61.3837
2022-10-25 06:00:00,21.10553,12.438446,900.391,6.06893,266.55487,57.686234
2022-10-25 07:00:00,21.3125,12.39621,899.7353,6.4794407,269.20682,56.80076
2022-10-25 08:00:00,22.26059,12.265564,899.00635,6.730263,272.62555,53.146957
2022-10-25 09:00:00,22.361786,12.195007,898.6107,6.6722007,276.0669,52.57634
2022-10-25 10:00:00,21.103058,12.458954,898.4794,5.9232388,270.91223,57.772697
2022-10-25 11:00:00,20.93637,12.601074,898.748,4.6109424,276.7218,58.9139
2022-10-25 12:00:00,20.695892,12.734924,899.22455,3.6912336,280.77893,60.318672
2022-10-25 13:00:00,20.380768,12.807526,899.81366,2.926083,285.5786,61.795105
2022-10-25 14:00:00,19.171997,12.839539,900.44116,2.3641644,290.32104,66.74517
2022-10-25 15:00:00,18.184204,12.559174,901.05396,1.9375769,294.8297,69.7065
2022-10-25 16:00:00,17.89569,12.476135,901.40936,1.6023209,297.75858,70.59633
2022-10-25 17:00:00,17.018219,12.2543335,901.4783,1.3631251,299.66907,73.53812
2022-10-25 18:00:00,16.736084,12.133881,901.3508,1.2427208,301.8982,74.274864
2022-10-25 19:00:00,16.52475,12.049042,901.10516,1.2165465,307.54846,74.85966
2022-10-25 20:00:00,15.78244,11.726349,900.7255,1.3270177,316.89697,76.836235
2022-10-25 21:00:00,15.613281,11.614136,900.41125,1.506234,327.54224,77.09906
2022-10-25 22:00:00,15.043304,11.266937,900.36725,1.1842687,331.70923,78.15553
2022-10-25 23:00:00,14.954071,11.244141,900.4899,1.2870507,347.04193,78.486885
2022-10-26 00:00:00,15.378235,11.52536,900.9211,1.3822882,357.90588,77.811424
2022-10-26 01:00:00,15.366516,11.491669,901.65094,1.4235067,8.744141,77.69669
2022-10-26 02:00:00,16.786957,12.107422,902.4194,1.502115,17.743896,73.90669
2022-10-26 03:00:00,17.371521,12.263824,902.99774,1.4802334,21.621582,71.957825
2022-10-26 04:00:00,18.103851,12.345703,903.1529,1.4412364,16.102081,69.08452
2022-10-26 05:00:00,20.555237,12.688721,902.95984,1.4009683,4.369629,60.659885
2022-10-26 06:00:00,21.44751,12.697876,902.39923,1.5450475,344.46127,57.458294
2022-10-26 07:00:00,21.670044,12.631439,901.67883,2.0204935,330.74936,56.43512
2022-10-26 08:00:00,22.55243,12.368805,900.90314,2.632597,326.95554,52.567642
2022-10-26 09:00:00,22.633575,12.324829,900.41846,3.1735046,329.78485,52.15848
2022-10-26 10:00:00,21.294464,12.83371,900.1189,2.7946723,329.21436,58.517654
2022-10-26 11:00:00,21.0961,12.815277,900.23157,2.9449544,346.2798,59.162773
2022-10-26 12:00:00,20.834625,12.963501,900.52765,3.2917151,355.74432,60.706814
2022-10-26 13:00:00,20.50827,12.999329,901.1011,3.615671,5.8077393,62.084682
2022-10-26 14:00:00,19.3555,12.978607,901.71875,3.8289528,12.943878,66.58977
2022-10-26 15:00:00,18.25412,12.585693,902.1523,3.908574,18.102478,69.52208
2022-10-26 16:00:00,17.951294,12.503082,902.28406,3.7780461,21.691864,70.474335
2022-10-26 17:00:00,17.007446,12.19873,902.2051,3.610652,23.811523,73.31981
2022-10-26 18:00:00,16.71408,12.074463,901.9975,3.4879785,22.876495,74.088455
2022-10-26 19:00:00,16.53357,11.992096,901.69135,3.4909031,20.603363,74.537674
2022-10-26 20:00:00,15.820404,11.662933,901.2793,3.5805552,17.624329,76.32975
2022-10-26 21:00:00,15.701263,11.608215,900.8429,3.786743,16.254425,76.63614
2022-10-26 22:00:00,15.057587,11.187225,900.72546,3.388246,17.364899,77.672485
2022-10-26 23:00:00,14.944611,11.14389,900.6861,3.6463983,16.548126,78.01463
2022-10-27 00:00:00,15.1922,11.32132,901.02026,3.8527966,17.715607,77.69041
2022-10-27 01:00:00,15.16153,11.278168,901.6185,4.038018,21.130615,77.62154
2022-10-27 02:00:00,16.417633,11.855591,902.25024,4.161077,24.533783,74.416954
2022-10-27 03:00:00,17.226349,12.008301,902.7248,4.1981406,26.052185,71.41057
2022-10-27 04:00:00,17.9581,12.214874,902.8437,3.9786603,25.763702,69.12345
2022-10-27 05:00:00,20.39862,12.534241,902.61255,3.68376,21.737518,60.63177
2022-10-27 06:00:00,21.310944,12.481995,901.99976,3.4813771,13.066956,57.126892
2022-10-27 07:00:00,21.570618,12.449463,901.21533,3.4868333,4.035553,56.105762
2022-10-27 08:00:00,22.424957,12.236908,900.5072,3.6880558,357.65555,52.51927
2022-10-27 09:00:00,22.505737,12.185181,900.0156,3.9961848,356.4117,52.08466
2022-10-27 10:00:00,21.09613,12.713257,899.7571,3.1626823,356.8445,58.768837
2022-10-27 11:00:00,20.896698,12.803986,899.7854,3.4686916,8.465759,59.847862
2022-10-27 12:00:00,20.610016,12.815887,900.0613,3.8456876,14.123749,60.960842
2022-10-27 13:00:00,20.344086,12.873199,900.5104,4.1318774,20.978912,62.201893
2022-10-27 14:00:00,19.106567,12.798584,901.15356,4.3003798,26.188324,66.838524
2022-10-27 15:00:00,18.028198,12.382629,901.6053,4.301483,29.828339,69.58219
2022-10-27 16:00:00,17.7164,12.3063965,901.86017,4.1505136,33.24701,70.60646
2022-10-27 17:00:00,16.868683,12.080414,901.8331,3.999525,35.368958,73.39398
2022-10-27 18:00:00,16.582794,11.949554,901.6541,3.9179323,35.872345,74.09692
2022-10-27 19:00:00,16.35675,11.848663,901.3476,3.9106414,34.29184,74.67176
2022-10-27 20:00:00,15.627716,11.458282,900.89124,4.018131,31.98935,76.23844
2022-10-27 21:00:00,15.495148,11.381897,900.5128,4.1960406,29.572876,76.50101
2022-10-27 22:00:00,15.017273,11.019012,900.389,3.7924752,37.102448,77.01017
2022-10-27 23:00:00,14.941772,10.972046,900.445,4.13664,33.125824,77.14432
2022-10-28 00:00:00,15.21283,11.194641,900.7404,4.4795885,32.13434,76.9392
2022-10-28 01:00:00,15.185669,11.130066,901.2056,4.8287516,32.463165,76.74434
2022-10-28 02:00:00,16.704834,11.792358,901.867,5.07695,34.049744,72.76673
2022-10-28 03:00:00,17.286926,11.943756,902.33575,5.309347,34.092194,70.8358
2022-10-28 04:00:00,17.990997,12.006012,902.5588,5.327791,32.95462,68.03911
2022-10-28 05:00:00,20.550018,12.328003,902.27966,5.266967,29.097717,59.26055
2022-10-28 06:00:00,21.291626,12.173737,901.66016,5.2283216,22.7854,56.04813
2022-10-28 07:00:00,21.503967,12.108704,900.83905,5.304517,16.570068,55.08763
2022-10-28 08:00:00,22.202515,11.866974,900.0475,5.5166216,12.853088,51.95407
2022-10-28 09:00:00,22.262787,11.697052,899.47705,5.8497543,11.845581,51.186817
2022-10-28 10:00:00,20.86795,12.218079,899.08154,5.9982004,13.383545,57.69338
2022-10-28 11:00:00,20.674377,12.216888,899.1369,6.0064983,18.726685,58.380295
2022-10-28 12:00:00,20.434082,12.331207,899.43146,6.2432823,21.628082,59.698383
2022-10-28 13:00:00,20.09082,12.376282,899.9614,6.3418517,25.434937,61.158836
2022-10-28 14:00:00,18.889526,12.348328,900.6043,6.354504,29.053864,65.77899
2022-10-28 15:00:00,17.755585,11.856018,901.11633,6.2301583,32.23407,68.37537
2022-10-28 16:00:00,17.490814,11.827454,901.41205,6.045266,35.686157,69.39546
2022-10-28 17:00:00,16.656342,11.583679,901.45514,5.8282905,38.651337,71.99251
2022-10-28 18:00:00,16.448517,11.450592,901.3105,5.6401925,40.385193,72.3109
2022-10-28 19:00:00,16.219452,11.370209,900.98804,5.559934,40.967346,72.98413
2022-10-28 20:00:00,15.5737,11.079285,900.59454,5.542425,40.973114,74.60609
2022-10-28 21:00:00,15.457336,10.996185,900.29596,5.5764055,41.190186,74.75111
2022-10-28 22:00:00,14.763062,10.524017,900.2771,5.222017,45.61685,75.74642
2022-10-28 23:00:00,14.639557,10.466278,900.3582,5.3347454,45.35254,76.05886
2022-10-29 00:00:00,14.876495,10.580963,900.7695,5.4539948,45.791443,75.48068
2022-10-29 01:00:00,14.846558,10.554779,901.35547,5.631583,47.349976,75.49457
2022-10-29 02:00:00,16.328766,11.096863,902.01776,5.8184266,50.72708,71.17691
2022-10-29 03:00:00,16.823761,11.256256,902.5189,5.9385915,53.57544,69.70516
2022-10-29 04:00:00,17.792969,11.369568,902.6982,5.9100237,56.38202,66.057495
2022-10-29 05:00:00,20.393555,11.937012,902.44446,5.5970154,56.74521,58.315826
2022-10-29 06:00:00,21.086609,11.853027,901.8652,5.1623135,52.866547,55.571537
2022-10-29 07:00:00,21.285828,11.83667,901.09515,4.746923,46.048096,54.837246
2022-10-29 08:00:00,22.2695,11.594086,900.35516,4.50755,38.990326,50.819176
2022-10-29 09:00:00,22.367737,11.565918,899.8526,4.533697,33.347076,50.422443
2022-10-29 10:00:00,20.814697,12.054291,899.5042,3.971723,31.222534,57.262367
2022-10-29 11:00:00,20.694397,12.158173,899.68134,4.3770847,33.32846,58.08366
2022-10-29 12:00:00,20.465088,12.237244,900.0472,4.7879457,34.40088,59.217537
2022-10-29 13:00:00,20.152527,12.306885,900.63916,4.9732957,37.612762,60.64879
2022-10-29 14:00:00,18.9646,12.281464,901.2871,5.0869284,40.13327,65.184525
2022-10-29 15:00:00,17.676086,11.841705,901.81335,5.099911,42.175934,68.65385
2022-10-29 16:00:00,17.32721,11.803253,902.06146,5.08335,43.962708,70.00431
2022-10-29 17:00:00,16.385895,11.448669,902.0246,5.010482,45.24124,72.590385
2022-10-29 18:00:00,16.133636,11.34256,901.80475,4.9666257,45.598145,73.250305
2022-10-29 19:00:00,15.822449,11.20108,901.4955,4.9454546,45.683075,74.023346
2022-10-29 20:00:00,15.098755,10.907806,901.1375,4.9655037,45.26651,76.0442
2022-10-29 21:00:00,14.891327,10.770538,900.8375,5.0188465,45.16031,76.36596
2022-10-29 22:00:00,14.409515,10.464661,900.6937,4.3405404,44.282135,77.18873
2022-10-29 23:00:00,14.299042,10.362213,900.9065,4.538756,42.74106,77.212776
2022-10-30 00:00:00,14.526062,10.434174,901.26917,4.6479416,43.062134,76.45424
2022-10-30 01:00:00,14.55365,10.456787,901.88354,4.774073,45.00461,76.43332
2022-10-30 02:00:00,16.229553,11.159607,902.5014,4.900478,47.514038,71.92678
2022-10-30 03:00:00,16.825592,11.380737,903.0047,5.006119,49.165833,70.27388
2022-10-30 04:00:00,17.657867,11.445984,903.19165,5.061849,50.089233,66.95979
2022-10-30 05:00:00,20.307281,11.907684,902.9375,4.977141,49.06494,58.51413
2022-10-30 06:00:00,21.093079,11.833313,902.3293,4.7014427,44.38669,55.47732
2022-10-30 07:00:00,21.34018,11.818939,901.48914,4.3933597,37.66156,54.590996
2022-10-30 08:00:00,22.234863,11.850006,900.7326,4.207733,30.543976,51.79389
2022-10-30 09:00:00,22.31372,11.842712,900.21204,4.18948,25.614044,51.521156
2022-10-30 10:00:00,20.817444,12.058563,899.9372,3.5624735,25.360992,57.268787
2022-10-30 11:00:00,20.638031,12.156372,900.0535,3.700996,30.63034,58.278774
2022-10-30 12:00:00,20.379547,12.349335,900.45044,3.8042264,33.78836,59.971027
2022-10-30 13:00:00,19.954437,12.283936,900.9793,3.8888128,37.954437,61.304344
2022-10-30 14:00:00,18.662994,12.269531,901.63513,3.8020635,42.248596,66.37233
2022-10-30 15:00:00,17.576477,11.964691,902.10376,3.710876,44.871338,69.64859
2022-10-30 16:00:00,17.30072,11.936737,902.2952,3.5654616,47.89456,70.74134
2022-10-30 17:00:00,16.36737,11.626984,902.1758,3.44358,49.1131,73.53761
2022-10-30 18:00:00,16.114197,11.501678,901.91406,3.3286262,49.431244,74.11728
2022-10-30 19:00:00,15.919891,11.375641,901.5109,3.2992773,47.673737,74.41923
2022-10-30 20:00:00,15.086456,10.991028,901.01154,3.3643773,45.339294,76.52605
2022-10-30 21:00:00,14.926025,10.874207,900.64166,3.4954314,43.523193,76.7224
2022-10-30 22:00:00,14.463348,10.574188,900.46576,3.2025504,42.761627,77.48409
2022-10-30 23:00:00,14.357483,10.510315,900.56323,3.5227017,40.711212,77.68479
2022-10-31 00:00:00,14.631073,10.640991,900.9304,3.8562899,40.996613,76.99129
2022-10-31 01:00:00,14.661011,10.657867,901.5217,4.2051206,43.31607,76.929085
2022-10-31 02:00:00,16.408508,11.373566,902.1067,4.582793,47.110657,72.1267
2022-10-31 03:00:00,16.948303,11.522888,902.5838,4.804772,51.111725,70.38791
2022-10-31 04:00:00,17.784027,11.764191,902.678,4.855079,54.86325,67.84089
2022-10-31 05:00:00,20.560028,12.217194,902.3762,4.5879755,56.685364,58.7943
2022-10-31 06:00:00,21.38034,12.165192,901.6794,4.056082,53.88437,55.71292
2022-10-31 07:00:00,21.596252,12.208557,900.8314,3.5659766,47.332123,55.138397
2022-10-31 08:00:00,22.4693,12.240326,900.05664,3.3158324,39.95941,52.389694
2022-10-31 09:00:00,22.547852,12.270752,899.6146,3.3186805,35.908875,52.24467
2022-10-31 10:00:00,20.994293,12.60434,899.24896,2.9820833,32.16208,58.71711
2022-10-31 11:00:00,20.854065,12.617035,899.47095,3.3196573,41.235565,59.274788
2022-10-31 12:00:00,20.593628,12.7456665,899.9614,3.361248,45.80475,60.7426
2022-10-31 13:00:00,20.301636,12.796326,900.6685,3.396666,51.6492,62.052284
2022-10-31 14:00:00,19.145111,12.782166,901.43225,3.2789257,57.3656,66.60655
2022-10-31 15:00:00,17.990662,12.474762,901.9292,3.1549852,63.40164,70.16961
2022-10-31 16:00:00,17.745422,12.428955,902.15454,2.9950964,69.968414,71.04698
2022-10-31 17:00:00,16.84488,12.161743,902.08875,2.771707,74.88318,73.89925
2022-10-31 18:00:00,16.565735,12.079041,901.86755,2.534044,78.65027,74.81245
2022-10-31 19:00:00,16.319794,11.977814,901.54486,2.3199117,79.47522,75.487434
2022-10-31 20:00:00,15.681641,11.709595,901.15424,2.1939569,78.48602,77.2478
2022-10-31 21:00:00,15.546814,11.699982,900.8072,2.1330907,75.17413,77.86811
2022-10-31 22:00:00,15.075104,11.383209,900.6658,2.2200928,81.093994,78.59859
2022-10-31 23:00:00,14.965424,11.369446,900.78815,2.2244515,74.161865,79.08299
2022-11-01 00:00:00,15.261444,11.492432,901.18744,2.3143978,71.82309,78.22634
2022-11-01 01:00:00,15.275238,11.474701,901.8348,2.499663,72.18091,78.065506
2022-11-01 02:00:00,16.714813,11.951294,902.5402,2.6240468,75.04663,73.48657
2022-11-01 03:00:00,17.387085,12.185425,903.0769,2.518574,79.327515,71.51758
2022-11-01 04:00:00,17.982178,12.295959,903.2508,2.1978436,85.384735,69.387665
2022-11-01 05:00:00,20.676086,12.87384,902.96173,1.5687574,90.82886,60.943817
2022-11-01 06:00:00,21.492493,12.760986,902.26526,0.5950776,81.91644,57.537556
2022-11-01 07:00:00,21.683044,12.736786,901.4367,0.56136537,314.20673,56.780754
2022-11-01 08:00:00,22.459656,12.674988,900.6521,1.3167434,307.60583,53.937077
2022-11-01 09:00:00,22.481659,12.650421,900.1512,1.7569675,317.93903,53.778397
2022-11-01 10:00:00,20.789185,13.007172,899.89124,1.7854291,312.6863,61.05075
2022-11-01 11:00:00,20.630646,13.078064,900.1116,1.8554399,339.16245,61.935825
2022-11-01 12:00:00,20.320068,13.116241,900.53046,2.0039024,349.93857,63.29143
2022-11-01 13:00:00,20.042389,13.189972,901.08624,2.1048465,0.99365234,64.69795
2022-11-01 14:00:00,19.064697,13.169281,901.7274,2.1125653,8.096588,68.656425
2022-11-01 15:00:00,17.887543,12.7482605,902.20905,2.0712292,12.364777,71.90357
2022-11-01 16:00:00,17.696167,12.727814,902.48376,1.9009581,15.131653,72.67784
2022-11-01 17:00:00,16.885376,12.57312,902.42267,1.7415638,13.260162,75.728
2022-11-01 18:00:00,16.648743,12.459473,902.1185,1.6955949,9.50705,76.30289
2022-11-01 19:00:00,16.45996,12.396576,901.67847,1.7316725,4.797333,76.905876
2022-11-01 20:00:00,15.755066,12.064392,901.27313,1.9262781,2.6160889,78.705025
2022-11-01 21:00:00,15.680817,12.038696,900.95935,2.1877453,2.8569946,78.94613
2022-11-01 22:00:00,15.115662,11.537506,900.73724,2.445545,8.963837,79.19798
2022-11-01 23:00:00,14.985504,11.440491,900.7774,2.8008764,11.808289,79.35302
2022-11-02 00:00:00,15.231079,11.527191,901.0764,3.0728464,15.57309,78.55932
2022-11-02 01:00:00,15.205414,11.532745,901.58124,3.3122666,21.796326,78.71781
2022-11-02 02:00:00,16.63971,12.031647,902.19727,3.4481602,26.796844,74.22968
2022-11-02 03:00:00,17.194885,12.2153015,902.6399,3.452293,30.37735,72.53403
2022-11-02 04:00:00,17.742035,12.198975,902.7449,3.3075361,29.862885,69.9966
2022-11-02 05:00:00,20.21814,12.749573,902.33984,3.0935848,23.529724,62.18265
2022-11-02 06:00:00,21.146362,12.627838,901.55383,2.9686837,10.281982,58.26098
2022-11-02 07:00:00,21.3573,12.572327,900.59143,3.0524328,355.71765,57.30329
2022-11-02 08:00:00,22.104523,12.604675,899.70306,3.2833652,346.53436,54.86199
2022-11-02 09:00:00,22.166595,12.588013,899.14954,3.5078042,343.82327,54.59528
2022-11-02 10:00:00,20.683716,12.744141,898.8975,2.982956,341.70563,60.400356
2022-11-02 11:00:00,20.52237,12.812408,899.01794,2.7966418,353.35767,61.277153
2022-11-02 12:00:00,20.21408,12.938812,899.3791,2.6497455,355.77463,62.973087
2022-11-02 13:00:00,20.01242,13.024445,899.8894,2.4917576,0.82962036,64.12137
2022-11-02 14:00:00,18.969696,12.928894,900.4561,2.2427368,4.984619,67.98856
2022-11-02 15:00:00,17.814117,12.610046,900.8818,1.9300232,7.609894,71.585556
2022-11-02 16:00:00,17.522705,12.543243,901.05835,1.6243361,7.4442444,72.59377
2022-11-02 17:00:00,16.583649,12.276215,900.9841,1.3635908,1.2834473,75.70263
2022-11-02 18:00:00,16.340942,12.158997,900.76636,1.2646618,350.3408,76.29023
2022-11-02 19:00:00,16.146423,12.068298,900.47095,1.3553728,341.53647,76.7821
2022-11-02 20:00:00,15.494385,11.768219,900.0923,1.5607185,338.72644,78.482765
2022-11-02 21:00:00,15.42215,11.729126,899.81506,1.8093727,340.5111,78.64391
2022-11-02 22:00:00,14.85849,11.3784485,899.67267,1.7822249,350.169,79.67675
2022-11-02 23:00:00,14.7659,11.354462,899.81665,2.0212507,356.2293,80.02631
2022-11-03 00:00:00,15.0729065,11.424683,900.28314,2.091961,2.0325317,78.8257
2022-11-03 01:00:00,15.047882,11.37088,900.9875,2.134592,10.019043,78.672066
2022-11-03 02:00:00,16.397736,11.828491,901.74634,2.1421187,16.024567,74.37822
2022-11-03 03:00:00,16.978516,11.98938,902.3699,2.2130873,22.624298,72.44929
2022-11-03 04:00:00,17.632172,12.075165,902.6381,2.2285478,22.952148,69.911125
2022-11-03 05:00:00,20.291962,12.590607,902.4494,2.1907196,17.76416,61.258392
2022-11-03 06:00:00,21.043701,12.41571,901.77185,2.175155,5.5209045,57.819324
2022-11-03 07:00:00,21.276001,12.340271,900.87445,2.348444,351.53632,56.71926
2022-11-03 08:00:00,22.138702,12.212494,900.0334,2.6144025,343.2263,53.35639
2022-11-03 09:00:00,22.205353,12.212585,899.5538,2.799497,342.11255,53.140575
2022-11-03 10:00:00,20.753601,12.569275,899.30835,2.2097375,341.47305,59.455925
2022-11-03 11:00:00,20.586823,12.613495,899.478,2.0451686,357.24466,60.244244
2022-11-03 12:00:00,20.370941,12.675781,899.88226,1.992674,2.068756,61.30154
2022-11-03 13:00:00,20.046387,12.670441,900.517,1.9000158,14.856079,62.52187
2022-11-03 14:00:00,18.78601,12.542236,901.21014,1.7758093,26.342163,67.05356
2022-11-03 15:00:00,17.624634,12.137939,901.72675,1.6783603,35.657898,70.23386
2022-11-03 16:00:00,17.315216,12.073395,901.9467,1.6114713,42.437256,71.315475
2022-11-03 17:00:00,16.444214,11.746674,901.9614,1.5761465,45.635773,73.75941
2022-11-03 18:00:00,16.212128,11.678833,901.7522,1.5649428,43.88513,74.5231
2022-11-03 19:00:00,15.970917,11.56073,901.4479,1.5746778,40.624115,75.09063
2022-11-03 20:00:00,15.255066,11.302643,901.1102,1.6796622,37.349182,77.281746
2022-11-03 21:00:00,15.0659485,11.145142,900.8707,1.8847736,35.500183,77.41447
2022-11-03 22:00:00,14.534271,10.771332,900.86914,1.9150571,40.572723,78.14853
2022-11-03 23:00:00,14.436066,10.687561,901.00726,2.2905288,38.99817,78.208824
2022-11-04 00:00:00,14.734772,10.802032,901.37976,2.6704464,40.743805,77.30179
2022-11-04 01:00:00,14.720093,10.791382,901.9497,3.0267577,43.988617,77.32019
2022-11-04 02:00:00,16.387909,11.497131,902.64825,3.3628623,49.5578,72.81406
2022-11-04 03:00:00,16.879486,11.622498,903.1929,3.515354,54.661835,71.162476
2022-11-04 04:00:00,17.587463,11.860046,903.46625,3.3883128,57.75226,69.122025
2022-11-04 05:00:00,20.335571,12.386902,903.2466,3.1428623,56.71701,60.2826
2022-11-04 06:00:00,21.217926,12.310242,902.6525,2.858718,49.778748,56.80947
2022-11-04 07:00:00,21.498383,12.294128,901.8046,2.6533122,40.301605,55.782444
2022-11-04 08:00:00,22.347137,12.244385,901.0144,2.61561,32.483826,52.794308
2022-11-04 09:00:00,22.42987,12.113617,900.5772,2.6951392,29.573425,52.079594
2022-11-04 10:00:00,20.902924,12.634094,900.34314,2.6385775,27.568909,59.16306
2022-11-04 11:00:00,20.686249,12.587738,900.57544,2.898731,38.22528,59.775322
2022-11-04 12:00:00,20.401642,12.684326,900.9596,3.1757443,44.891693,61.219727
2022-11-04 13:00:00,20.086853,12.670746,901.57056,3.428741,52.78177,62.366753
2022-11-04 14:00:00,18.90982,12.498749,902.3387,3.54949,60.94095,66.347565
2022-11-04 15:00:00,17.779572,12.113617,902.9235,3.6197505,68.02203,69.44037
2022-11-04 16:00:00,17.490723,12.06369,903.1995,3.6501925,74.384155,70.48439
2022-11-04 17:00:00,16.658081,11.84552,903.06226,3.6229875,78.33099,73.2394
2022-11-04 18:00:00,16.375366,11.766266,902.79663,3.5327742,81.302704,74.17909
2022-11-04 19:00:00,16.17453,11.681061,902.41174,3.4206123,82.59897,74.712906
2022-11-04 20:00:00,15.520966,11.365173,902.0778,3.3257802,81.64737,76.29007
2022-11-04 21:00:00,15.352051,11.273865,901.8244,3.3206987,79.35681,76.65597
2022-11-04 22:00:00,14.856659,10.934021,901.7739,3.1178217,82.98184,77.37264
2022-11-04 23:00:00,14.755035,10.86319,901.99225,3.282473,77.99826,77.51532
2022-11-05 00:00:00,15.025452,10.969208,902.40955,3.5013983,76.25116,76.715645
2022-11-05 01:00:00,14.975037,10.936035,902.98474,3.7947335,75.99011,76.79551
2022-11-05 02:00:00,16.492035,11.610992,903.69446,4.1750727,78.38629,72.879616
2022-11-05 03:00:00,17.297668,11.962677,904.2646,4.41554,82.74292,70.876015
2022-11-05 04:00:00,17.939209,12.138855,904.5403,4.4059334,89.01807,68.86049
2022-11-05 05:00:00,20.48285,12.506348,904.31537,4.0859823,93.23959,60.207222
2022-11-05 06:00:00,21.324982,12.479523,903.74786,3.5307357,93.83737,57.068504
2022-11-05 07:00:00,21.565552,12.375214,902.93756,2.8848248,91.25131,55.85028
2022-11-05 08:00:00,22.366455,12.251923,902.16833,2.3031034,85.26956,52.75844
2022-11-05 09:00:00,22.376709,12.160339,901.71094,2.0999677,77.15982,52.409016
2022-11-05 10:00:00,20.899384,12.589325,901.2846,1.7868488,60.803772,59.002556
2022-11-05 11:00:00,20.724487,12.613892,901.45776,2.479169,63.38806,59.737034
2022-11-05 12:00:00,20.450256,12.714264,901.8554,3.051092,64.96884,61.156136
2022-11-05 13:00:00,20.062622,12.693481,902.4153,3.5369012,69.648315,62.553425
2022-11-05 14:00:00,18.969208,12.633575,903.0541,3.8621836,74.703064,66.68901
2022-11-05 15:00:00,18.001526,12.321045,903.5773,4.0644326,79.42291,69.41763
2022-11-05 16:00:00,17.723572,12.2855835,903.8426,4.139656,83.49051,70.47813
2022-11-05 17:00:00,16.93155,12.092468,903.7986,4.0594263,86.86548,73.16009
2022-11-05 18:00:00,16.705963,12.023071,903.54834,3.8713923,88.44586,73.8763
2022-11-05 19:00:00,16.499207,11.961884,903.2073,3.602089,87.793335,74.55221
2022-11-05 20:00:00,15.8046875,11.718201,902.7883,3.349617,83.85507,76.68575
2022-11-05 21:00:00,15.590515,11.618561,902.4119,3.2721777,77.839325,77.2341
2022-11-05 22:00:00,15.038452,11.230713,902.2736,3.3260596,78.15723,77.99252
2022-11-05 23:00:00,14.932617,11.193878,902.4188,3.5735486,73.031555,78.33401
2022-11-06 00:00:00,15.28009,11.4027405,902.7841,3.872471,69.836365,77.6706
2022-11-06 01:00:00,15.276062,11.392639,903.3016,4.216186,69.596436,77.63879
2022-11-06 02:00:00,16.64447,11.935242,903.965,4.512864,70.57733,73.73754
2022-11-06 03:00:00,17.264618,12.141754,904.51544,4.5311704,72.3591,71.866455
2022-11-06 04:00:00,17.840057,12.249023,904.71765,4.294372,75.06192,69.79519
2022-11-06 05:00:00,20.236084,12.657837,904.38354,3.7735865,75.2099,61.74167
2022-11-06 06:00:00,21.061829,12.538574,903.6168,3.0476665,70.346924,58.222435
2022-11-06 07:00:00,21.2305,12.462128,902.65955,2.47966,58.96869,57.334583
2022-11-06 08:00:00,21.846802,12.40741,901.774,2.2100139,45.538727,55.01467
2022-11-06 09:00:00,21.878479,12.348694,901.1996,2.264958,35.438354,54.6971
2022-11-06 10:00:00,20.438873,12.626587,900.9467,2.1433969,30.255096,60.848606
2022-11-06 11:00:00,20.205505,12.713623,901.0305,2.5670068,41.5354,62.08492
2022-11-06 12:00:00,20.005463,12.809143,901.4281,2.818755,45.347046,63.25228
2022-11-06 13:00:00,19.71112,12.833588,901.9676,3.0756342,49.480835,64.51985
2022-11-06 14:00:00,18.725677,12.782532,902.6214,3.1988542,53.63022,68.37488
2022-11-06 15:00:00,17.710999,12.507935,903.08044,3.1830783,57.999573,71.571144
2022-11-06 16:00:00,17.526459,12.502686,903.3086,3.0716121,61.50116,72.38379
2022-11-06 17:00:00,16.797974,12.336365,903.2578,2.9090302,63.32245,74.975044
2022-11-06 18:00:00,16.556213,12.265991,903.02167,2.7200649,62.852173,75.7838
2022-11-06 19:00:00,16.323883,12.195282,902.66315,2.5787735,59.17694,76.55562
2022-11-06 20:00:00,15.580902,11.897858,902.20386,2.6179967,53.00403,78.71903
2022-11-06 21:00:00,15.451691,11.843567,901.79846,2.8314936,46.8873,79.08991
2022-11-06 22:00:00,14.939362,11.518097,901.6652,2.7697082,45.353455,79.99847
2022-11-06 23:00:00,14.810608,11.458496,901.7661,3.176961,41.45172,80.34723
2022-11-07 00:00:00,15.0651245,11.589569,902.14514,3.5566485,41.022034,79.72954
2022-11-07 01:00:00,15.005371,11.563782,902.70825,3.959945,43.205566,79.90028
2022-11-07 02:00:00,16.432617,12.175568,903.40784,4.2226577,45.736023,75.929085
2022-11-07 03:00:00,16.95047,12.253906,904.0206,4.2763257,47.46573,73.852356
2022-11-07 04:00:00,17.506653,12.245636,904.28186,4.1417446,48.543488,71.26131
2022-11-07 05:00:00,20.054474,12.66684,904.0416,3.8263106,46.75058,62.475853
2022-11-07 06:00:00,20.895142,12.554779,903.385,3.401018,40.656555,58.884422
2022-11-07 07:00:00,21.098907,12.389801,902.45416,3.031614,30.468964,57.52571
2022-11-07 08:00:00,21.729675,12.152283,901.5361,2.864857,20.125732,54.488457
2022-11-07 09:00:00,21.731934,12.085236,900.8797,2.925562,15.764648,54.241135
2022-11-07 10:00:00,20.136902,12.405792,900.5436,2.6456056,14.466766,61.103016
2022-11-07 11:00:00,19.92865,12.5746155,900.603,2.9990706,26.938812,62.585037
2022-11-07 12:00:00,19.730743,12.692596,900.935,3.185015,34.957397,63.84932
2022-11-07 13:00:00,19.463348,12.701508,901.40826,3.4376614,41.619446,64.95632
2022-11-07 14:00:00,18.473328,12.562195,902.0282,3.5620725,46.661346,68.46769
2022-11-07 15:00:00,17.458588,12.154358,902.54456,3.561926,51.084106,71.05011
2022-11-07 16:00:00,17.207703,12.13736,902.80774,3.5174534,54.953003,72.1047
2022-11-07 17:00:00,16.460815,11.947052,902.78796,3.4382825,56.893646,74.66147
2022-11-07 18:00:00,16.2417,11.861176,902.53217,3.3548708,56.643097,75.28301
2022-11-07 19:00:00,16.043854,11.81308,902.13947,3.292142,53.545593,75.99741
2022-11-07 20:00:00,15.389862,11.480774,901.63916,3.3576164,48.695587,77.52456
2022-11-07 21:00:00,15.240326,11.413452,901.2449,3.5823824,44.085968,77.92437
2022-11-07 22:00:00,14.740662,11.146698,901.25336,3.2786617,41.367157,79.06095
2022-11-07 23:00:00,14.64563,11.082184,901.40594,3.7133813,38.552185,79.207344
2022-11-08 00:00:00,14.950409,11.25177,901.90906,4.138991,38.639008,78.54507
2022-11-08 01:00:00,14.896088,11.233459,902.51154,4.578552,40.216644,78.72464
2022-11-08 02:00:00,16.238922,11.783447,903.28394,4.9211783,42.86093,74.91138
2022-11-08 03:00:00,16.766998,11.913269,903.8309,4.9504657,44.036255,73.06029
2022-11-08 04:00:00,17.266663,11.895325,904.0684,4.756852,45.42566,70.7006
2022-11-08 05:00:00,19.72705,12.321503,903.79443,4.3605433,45.033905,62.328167
2022-11-08 06:00:00,20.495636,12.188232,903.16595,3.824939,40.24951,58.915913
2022-11-08 07:00:00,20.7034,12.106903,902.2615,3.403083,31.861084,57.856
2022-11-08 08:00:00,21.48883,11.998566,901.3967,3.2557578,23.062744,54.740387
2022-11-08 09:00:00,21.518463,11.955811,900.75275,3.4165084,19.879547,54.487534
2022-11-08 10:00:00,19.98053,12.360413,900.38446,3.4685953,21.13095,61.513607
2022-11-08 11:00:00,19.80133,12.386841,900.3875,3.9410665,29.542267,62.308468
2022-11-08 12:00:00,19.57312,12.478027,900.69867,4.263134,34.09485,63.57653
2022-11-08 13:00:00,19.29364,12.468201,901.1911,4.545811,38.88791,64.64929
2022-11-08 14:00:00,18.370758,12.400421,901.8872,4.725511,43.49121,68.18167
2022-11-08 15:00:00,17.33493,11.976959,902.4253,4.7799716,48.04187,70.77589
2022-11-08 16:00:00,17.074951,11.956268,902.69476,4.731248,52.081055,71.85126
2022-11-08 17:00:00,16.290833,11.772888,902.6512,4.5660467,55.052307,74.612045
2022-11-08 18:00:00,15.994354,11.663788,902.3661,4.4276032,56.37805,75.4905
2022-11-08 19:00:00,15.829773,11.594391,901.9567,4.3162117,56.023407,75.939476
2022-11-08 20:00:00,15.163879,11.317657,901.4512,4.3043327,54.544617,77.81303
2022-11-08 21:00:00,15.040253,11.25528,901.0321,4.3869214,52.66147,78.110535
2022-11-08 22:00:00,14.660736,11.038208,900.81195,4.2056804,53.285614,78.89968
2022-11-08 23:00:00,14.569153,11.0112915,900.8808,4.4835258,51.054535,79.22567
2022-11-09 00:00:00,14.837006,11.196014,901.16345,4.762167,50.144653,78.828926
2022-11-09 01:00:00,14.850342,11.239502,901.74243,4.963368,51.17813,78.9885
2022-11-09 02:00:00,16.243774,11.804749,902.4299,5.103195,53.56366,74.99349
2022-11-09 03:00:00,16.772491,11.952118,903.0563,4.996044,58.361816,73.22201
2022-11-09 04:00:00,17.26294,11.834442,903.37366,4.6765327,64.090576,70.433975
2022-11-09 05:00:00,19.8096,12.179382,903.20984,4.0485005,67.06464,61.433346
2022-11-09 06:00:00,20.579193,12.20694,902.5837,3.1964982,63.747253,58.685303
2022-11-09 07:00:00,20.755615,12.177124,901.8038,2.457178,53.58069,57.937305
2022-11-09 08:00:00,21.46576,12.0372925,900.98413,2.174115,39.226013,54.957726
2022-11-09 09:00:00,21.52536,12.031036,900.4176,2.3415546,29.580688,54.73504
2022-11-09 10:00:00,20.023956,12.403229,900.17053,2.504928,25.572449,61.52117
2022-11-09 11:00:00,19.825867,12.540009,900.2824,3.3039196,34.418976,62.84218
2022-11-09 12:00:00,19.493225,12.596954,900.62146,3.8181708,40.342102,64.393166
2022-11-09 13:00:00,19.29596,12.628632,901.1286,4.2745066,45.724854,65.32356
2022-11-09 14:00:00,18.44336,12.626617,901.76135,4.582141,49.567078,68.886635
2022-11-09 15:00:00,17.4234,12.280762,902.22296,4.7053423,52.817688,71.80232
2022-11-09 16:00:00,17.22519,12.257538,902.4299,4.7085457,55.7706,72.59642
2022-11-09 17:00:00,16.49707,12.063446,902.39484,4.591598,57.09131,75.06267
2022-11-09 18:00:00,16.264374,12.0026245,902.1661,4.5462036,57.06732,75.87826
2022-11-09 19:00:00,16.080902,11.94165,901.8218,4.554041,55.43167,76.463264
2022-11-09 20:00:00,15.483368,11.696747,901.3901,4.6699805,52.806335,78.16864
2022-11-09 21:00:00,15.365875,11.649384,901.0197,4.886443,50.462097,78.51387
2022-11-09 22:00:00,14.93222,11.362396,901.0305,4.3080864,50.671722,79.21521
2022-11-09 23:00:00,14.870178,11.363586,901.096,4.51486,49.2258,79.53852
2022-11-10 00:00:00,15.123444,11.456146,901.4634,4.6999364,48.50818,78.733734
2022-11-10 01:00:00,15.087006,11.423218,901.96265,4.9651136,49.62622,78.74665
2022-11-10 02:00:00,16.391144,11.912903,902.59155,5.1661935,51.61035,74.824646
2022-11-10 03:00:00,16.792328,11.90979,903.08276,5.108602,55.707855,72.92623
2022-11-10 04:00:00,17.210083,11.725433,903.3346,4.7578335,58.697662,70.1634
2022-11-10 05:00:00,19.601501,12.066895,903.0641,4.226316,56.54532,61.772865
2022-11-10 06:00:00,20.391754,12.042297,902.41016,3.7839296,49.74823,58.72814
2022-11-10 07:00:00,20.564606,11.946991,901.54614,3.468894,41.367004,57.74172
2022-11-10 08:00:00,21.23346,11.804565,900.7654,3.3551137,32.71646,54.897278
2022-11-10 09:00:00,21.267914,11.7438965,900.23315,3.5424066,27.21051,54.56258
2022-11-10 10:00:00,19.705536,11.976715,900.01056,3.4880073,19.869904,61.011894
2022-11-10 11:00:00,19.541687,12.054352,900.13196,3.9858487,26.79132,61.951626
2022-11-10 12:00:00,19.247406,12.208893,900.4397,4.1978064,29.58142,63.74075
2022-11-10 13:00:00,18.992401,12.181488,900.974,4.397273,32.154877,64.64532
2022-11-10 14:00:00,18.107452,12.153412,901.6163,4.602046,35.311584,68.201454
2022-11-10 15:00:00,17.033752,11.7677,902.1618,4.7325153,38.31552,71.148926
2022-11-10 16:00:00,16.784912,11.834045,902.4621,4.7535195,41.631897,72.59714
2022-11-10 17:00:00,15.962677,11.56366,902.4846,4.7578354,43.76303,75.144684
2022-11-10 18:00:00,15.728149,11.456238,902.25726,4.713849,45.22165,75.73976
2022-11-10 19:00:00,15.54361,11.406128,901.9101,4.736899,44.91983,76.3862
2022-11-10 20:00:00,14.884857,11.12619,901.4361,4.825047,43.77954,78.22344
2022-11-10 21:00:00,14.734131,11.0286255,901.0394,5.0253434,42.878662,78.47722
2022-11-10 22:00:00,14.286804,10.672272,900.98627,4.7625175,41.901093,78.88689
2022-11-10 23:00:00,14.117493,10.560333,901.0188,5.089638,42.743378,79.16408
2022-11-11 00:00:00,14.373352,10.647522,901.3308,5.2962914,44.21643,78.31749
2022-11-11 01:00:00,14.377533,10.643005,901.8708,5.442857,46.82733,78.272804
2022-11-11 02:00:00,15.439606,10.99762,902.52264,5.4687815,49.253082,74.843254
2022-11-11 03:00:00,15.870453,11.015686,903.067,5.341494,52.97229,72.89482
2022-11-11 04:00:00,16.344574,11.024475,903.31244,5.142204,55.76599,70.76463
2022-11-11 05:00:00,18.73761,11.378082,903.1184,4.6422553,55.810028,62.29161
2022-11-11 06:00:00,19.574371,11.296204,902.45667,3.914755,51.62671,58.807426
2022-11-11 07:00:00,19.775238,11.241241,901.6304,3.25941,40.74579,57.867813
2022-11-11 08:00:00,20.51059,10.983063,900.8628,2.9979002,26.940155,54.35645
2022-11-11 09:00:00,20.561035,10.96228,900.3808,3.1132638,17.774323,54.112923
2022-11-11 10:00:00,19.123932,11.086395,900.2103,3.232982,6.5847473,59.643703
2022-11-11 11:00:00,18.943054,11.105957,900.3157,3.4782116,19.426758,60.39865
2022-11-11 12:00:00,18.699371,11.320129,900.68677,3.5275025,24.697144,62.201637
2022-11-11 13:00:00,18.471954,11.409241,901.21576,3.704392,29.459045,63.466434
2022-11-11 14:00:00,17.483887,11.388092,901.8332,3.8299756,33.87854,67.43977
2022-11-11 15:00:00,16.401276,10.964508,902.301,3.8854308,36.911926,70.22959
2022-11-11 16:00:00,16.12439,10.916901,902.5419,3.866418,38.926636,71.253784
2022-11-11 17:00:00,15.352356,10.716003,902.4802,3.8219569,39.46222,73.867905
2022-11-11 18:00:00,15.095306,10.67099,902.19037,3.8055403,38.71631,74.87288
2022-11-11 19:00:00,14.828735,10.537476,901.7681,3.8471618,36.816315,75.49423
2022-11-11 20:00:00,14.136719,10.250336,901.3083,4.0098724,34.384155,77.44784
2022-11-11 21:00:00,13.985809,10.101868,900.89014,4.244927,32.877014,77.43706
2022-11-11 22:00:00,13.420868,9.744629,900.74506,3.6180532,26.481873,78.434494
2022-11-11 23:00:00,13.362976,9.74353,900.80725,4.029432,27.212189,78.72504
2022-11-12 00:00:00,13.703308,9.937042,901.14905,4.3593607,28.322998,78.0054
2022-11-12 01:00:00,13.685242,9.925476,901.77814,4.6263213,30.57013,78.03661
2022-11-12 02:00:00,14.946747,10.446838,902.4783,4.797388,32.901215,74.47158
2022-11-12 03:00:00,15.342682,10.420776,903.0516,4.755528,35.303894,72.474655
2022-11-12 04:00:00,15.8909,10.327881,903.255,4.527476,36.59088,69.542625
2022-11-12 05:00:00,18.536713,10.737244,902.9875,4.0768895,31.959106,60.45372
2022-11-12 06:00:00,19.405975,10.638275,902.32697,3.7402682,18.797455,56.886215
2022-11-12 07:00:00,19.627625,10.496796,901.47797,3.828118,5.3432007,55.581875
2022-11-12 08:00:00,20.269073,10.210724,900.63446,4.1706014,357.68225,52.40722
2022-11-12 09:00:00,20.424774,10.195404,900.0094,4.57332,356.85452,51.85271
2022-11-12 10:00:00,18.900482,10.72818,899.7025,4.3110943,358.4553,59.058773
2022-11-12 11:00:00,18.747406,10.780975,899.7612,4.5443187,12.429352,59.83593
2022-11-12 12:00:00,18.506958,11.000061,900.1379,4.7965198,16.616577,61.633373
2022-11-12 13:00:00,18.290436,11.029816,900.65796,5.073278,20.553406,62.598927
2022-11-12 14:00:00,17.277771,11.001709,901.3136,5.23893,24.489136,66.59617
2022-11-12 15:00:00,16.07315,10.471252,901.81946,5.273418,27.490753,69.39851
2022-11-12 16:00:00,15.856354,10.485809,902.0769,5.1715918,29.89804,70.43421
2022-11-12 17:00:00,15.056641,10.200836,902.0107,5.0163126,30.559326,72.742966
2022-11-12 18:00:00,14.853119,10.181946,901.7037,4.9515066,30.251038,73.609055
2022-11-12 19:00:00,14.585571,10.116608,901.2752,4.946059,28.704132,74.56354
2022-11-12 20:00:00,13.957611,9.846497,900.7888,5.054457,27.417938,76.26438
2022-11-12 21:00:00,13.800842,9.751892,900.33545,5.1942253,26.441986,76.55738
2022-11-12 22:00:00,13.211395,9.348236,900.15076,5.1547456,29.151825,77.4245
2022-11-12 23:00:00,13.141113,9.347565,900.1174,5.3065686,29.855713,77.77687
2022-11-13 00:00:00,13.41217,9.435059,900.3881,5.495775,31.510101,76.86516
2022-11-13 01:00:00,13.411285,9.442291,900.8928,5.6693573,34.828125,76.90695
2022-11-13 02:00:00,14.682007,9.894928,901.66876,5.748941,37.597717,73.01028
2022-11-13 03:00:00,15.427399,10.120026,902.2633,5.6754565,40.261047,70.64912
2022-11-13 04:00:00,16.100739,10.245789,902.4727,5.3129053,41.05255,68.2423
2022-11-13 05:00:00,18.600067,10.600403,902.1911,4.6434674,37.32086,59.668617
2022-11-13 06:00:00,19.33191,10.435577,901.5332,3.9305177,27.049744,56.382404
2022-11-13 07:00:00,19.555328,10.339142,900.7006,3.5572078,14.013733,55.248146
2022-11-13 08:00:00,20.364777,10.114014,899.8995,3.5701616,3.793335,51.762814
2022-11-13 09:00:00,20.43863,10.252258,899.361,3.760405,1.0618286,52.005474
2022-11-13 10:00:00,18.909882,10.734009,899.1922,3.6337738,1.8045654,59.047012
2022-11-13 11:00:00,18.766083,10.707794,899.3451,3.901419,14.836578,59.475952
2022-11-13 12:00:00,18.58487,10.900635,899.7017,4.167552,18.556152,60.929916
2022-11-13 13:00:00,18.292297,10.986572,900.27295,4.3059597,25.387146,62.41221
2022-11-13 14:00:00,17.29486,10.934265,901.00665,4.299962,31.009827,66.22705
2022-11-13 15:00:00,16.153046,10.454742,901.5916,4.1709585,35.07306,68.969826
2022-11-13 16:00:00,15.971924,10.483368,901.8782,4.0093517,38.522736,69.90476
2022-11-13 17:00:00,15.227539,10.381866,901.84906,3.866456,40.691986,72.82308
2022-11-13 18:00:00,15.08548,10.349213,901.659,3.7751894,40.90204,73.330956
2022-11-13 19:00:00,14.907349,10.309814,901.29156,3.7910397,39.581085,73.98141
2022-11-13 20:00:00,14.322601,10.058289,900.8778,3.9323611,37.05139,75.546036
2022-11-13 21:00:00,14.248047,10.028381,900.5062,4.139159,34.58435,75.75958
2022-11-13 22:00:00,13.811737,9.771057,900.41284,4.3238573,29.779785,76.601585
2022-11-13 23:00:00,13.777588,9.791718,900.43536,4.581678,30.247894,76.878006
2022-11-14 00:00:00,14.044189,9.967804,900.77655,4.7681007,32.276337,76.4559
2022-11-14 01:00:00,14.0494995,9.96051,901.42114,5.038234,35.21411,76.39231
2022-11-14 02:00:00,15.436066,10.53894,902.12775,5.298169,39.058838,72.61144
2022-11-14 03:00:00,15.918793,10.708527,902.6639,5.1759768,42.3161,71.20189
2022-11-14 04:00:00,16.517273,10.860901,902.8469,4.6470847,44.044067,69.23519
2022-11-14 05:00:00,18.945038,11.383972,902.6256,3.9571054,42.977173,61.513756
2022-11-14 06:00:00,19.697723,11.374451,901.9872,3.2685769,34.158447,58.66189
2022-11-14 07:00:00,19.883911,11.329987,901.0753,2.9223402,18.286407,57.818085
2022-11-14 08:00:00,20.519531,11.279144,900.28125,3.0383732,6.4378357,55.403553
2022-11-14 09:00:00,20.53244,11.280365,899.78766,3.3163013,3.4361572,55.36396
2022-11-14 10:00:00,19.08667,11.712372,899.54456,3.2161155,2.4683533,62.310497
2022-11-14 11:00:00,18.906189,11.752563,899.60236,3.5374293,13.348267,63.183395
2022-11-14 12:00:00,18.670929,11.892059,899.9485,3.783545,19.213562,64.711655
2022-11-14 13:00:00,18.418793,11.909515,900.5351,3.871872,26.033234,65.81684
2022-11-14 14:00:00,17.482117,11.815704,901.1818,3.908035,31.932587,69.379776
2022-11-14 15:00:00,16.486053,11.35849,901.76483,3.814427,35.684418,71.700195
2022-11-14 16:00:00,16.277008,11.305603,902.01764,3.662489,38.196564,72.40664
2022-11-14 17:00:00,15.554352,11.049896,902.0069,3.43634,38.15564,74.55309
2022-11-14 18:00:00,15.315521,11.026764,901.7732,3.2544286,36.423615,75.5874
2022-11-14 19:00:00,15.081787,10.981415,901.4176,3.167929,32.171844,76.5002
2022-11-14 20:00:00,14.40741,10.641052,900.9723,3.2354453,27.23764,78.11162
2022-11-14 21:00:00,14.194824,10.512512,900.6744,3.339383,22.958862,78.518105
2022-11-14 22:00:00,13.711121,10.232422,900.7596,3.9520783,17.216156,79.52077
2022-11-14 23:00:00,13.597687,10.2118225,900.8529,4.1694584,17.68161,79.99923
2022-11-15 00:00:00,13.8497925,10.346985,901.21454,4.305955,19.6268,79.412735
2022-11-15 01:00:00,13.768372,10.286133,901.8324,4.421671,21.913574,79.51016
2022-11-15 02:00:00,15.071655,10.820618,902.5325,4.460529,23.961578,75.73674
2022-11-15 03:00:00,15.486969,10.795441,903.07367,4.3103595,23.232147,73.620926
2022-11-15 04:00:00,16.069458,10.818207,903.2826,4.0759087,17.966766,71.036545
2022-11-15 05:00:00,18.54184,11.219269,903.0751,3.990811,6.9944153,62.39947
2022-11-15 06:00:00,19.259247,11.124634,902.3773,4.2372484,355.75125,59.29326
2022-11-15 07:00:00,19.472229,11.070831,901.5158,4.5693207,347.62167,58.304382
2022-11-15 08:00:00,20.301178,10.9704895,900.6777,4.8955073,343.70016,55.01761
2022-11-15 09:00:00,20.357147,10.921814,900.1253,5.115391,344.0754,54.65085
2022-11-15 10:00:00,18.763367,11.273102,899.80963,4.8788705,338.87582,61.76066
2022-11-15 11:00:00,18.529053,11.310455,899.82086,4.641099,350.9617,62.82777
2022-11-15 12:00:00,18.384186,11.494507,900.08716,4.5922465,358.04684,64.17733
2022-11-15 13:00:00,18.065582,11.509613,900.5262,4.506138,4.6680603,65.53881
2022-11-15 14:00:00,16.993713,11.371277,901.0813,4.4097443,10.434845,69.48538
2022-11-15 15:00:00,15.717072,10.749542,901.4372,4.258341,14.940063,72.32306
2022-11-15 16:00:00,15.438477,10.640564,901.5307,4.0782285,18.611603,73.09318
2022-11-15 17:00:00,14.523132,10.28479,901.3301,3.8791354,20.37323,75.710434
2022-11-15 18:00:00,14.299744,10.174103,900.90546,3.781182,20.80014,76.24573
2022-11-15 19:00:00,14.071747,10.029205,900.3886,3.757443,20.608734,76.63365
2022-11-15 20:00:00,13.4021,9.680023,899.88885,3.8124738,20.26059,78.19098
2022-11-15 21:00:00,13.177185,9.515686,899.57495,3.8883321,19.706573,78.47562
2022-11-15 22:00:00,12.679138,9.183807,899.344,3.977443,20.269623,79.283676
2022-11-15 23:00:00,12.619873,9.135223,899.5045,4.1109896,19.858978,79.33216
2022-11-16 00:00:00,12.92157,9.26709,899.90485,4.266743,20.893799,78.4744
2022-11-16 01:00:00,12.967224,9.302856,900.5061,4.3412657,22.943481,78.42906
2022-11-16 02:00:00,14.406952,10.013214,901.1894,4.3333735,25.49997,74.90902
2022-11-16 03:00:00,14.955841,10.179138,901.7297,4.1863785,29.99231,73.11015
2022-11-16 04:00:00,15.605072,10.250916,901.8523,3.8099778,31.862244,70.46278
2022-11-16 05:00:00,18.401123,10.760254,901.4895,3.213329,24.182892,61.0627
2022-11-16 06:00:00,19.200775,10.63974,900.76917,2.9503207,3.4788818,57.623016
2022-11-16 07:00:00,19.481049,10.532013,899.8876,3.3280652,343.44943,56.222057
2022-11-16 08:00:00,20.345978,10.300537,899.03656,3.9145806,335.15894,52.47258
2022-11-16 09:00:00,20.434021,10.247162,898.4166,4.3435583,335.7295,52.00255
2022-11-16 10:00:00,18.83191,10.61084,898.04974,4.3753443,338.3414,58.850853
2022-11-16 11:00:00,18.624542,10.624908,898.1946,4.279309,352.18686,59.67459
2022-11-16 12:00:00,18.371033,10.757568,898.5506,4.1582084,0.71728516,61.16705
2022-11-16 13:00:00,18.124817,10.769592,899.08154,4.173504,6.918274,62.16901
2022-11-16 14:00:00,16.9841,10.660034,899.66974,4.125127,10.401978,66.322075
2022-11-16 15:00:00,15.726379,10.2699585,900.1218,4.0327735,12.505066,70.00678
2022-11-16 16:00:00,15.466888,10.226807,900.3268,3.86587,13.447113,70.975006
2022-11-16 17:00:00,14.565582,9.946259,900.2795,3.7440355,13.364441,73.813995
2022-11-16 18:00:00,14.363159,9.845245,899.95844,3.7353523,12.157288,74.28146
2022-11-16 19:00:00,14.162628,9.821075,899.5488,3.8334825,10.143768,75.12979
2022-11-16 20:00:00,13.574493,9.556274,899.10913,4.0289454,9.2308655,76.67906
2022-11-16 21:00:00,13.449432,9.504547,898.8268,4.2559266,8.547699,77.03766
2022-11-16 22:00:00,12.893188,9.007355,898.60956,4.0236807,12.379639,77.25665
2022-11-16 23:00:00,12.792877,8.963867,898.75146,4.19262,12.120636,77.53758
2022-11-17 00:00:00,13.122101,9.175995,899.1793,4.335728,13.567841,76.97956
2022-11-17 01:00:00,13.069397,9.11969,899.8013,4.383708,15.365784,76.952515
2022-11-17 02:00:00,14.322754,9.5780945,900.5147,4.4547806,16.345337,73.153564
2022-11-17 03:00:00,14.814209,9.631256,901.1127,4.329135,16.48117,71.12265
2022-11-17 04:00:00,15.408112,9.424347,901.4331,4.3751464,12.674835,67.514145
2022-11-17 05:00:00,18.12732,9.975769,901.28345,4.613237,5.389099,58.953465
2022-11-17 06:00:00,19.050018,9.784363,900.7283,4.9800262,356.72546,54.93707
2022-11-17 07:00:00,19.25821,9.721741,899.96454,5.3436494,349.6645,54.00185
2022-11-17 08:00:00,20.081268,9.463959,899.2121,5.7053337,345.36987,50.43235
2022-11-17 09:00:00,20.158783,9.325439,898.73737,5.9185,344.9343,49.725945
2022-11-17 10:00:00,18.562134,9.699097,898.52924,5.402601,343.3929,56.314587
2022-11-17 11:00:00,18.430054,9.759796,898.78986,5.0473795,353.16086,57.01386
2022-11-17 12:00:00,18.185516,10.008362,899.226,4.825841,359.62564,58.866673
2022-11-17 13:00:00,17.889893,10.072174,899.81946,4.8041677,5.6299133,60.227013
2022-11-17 14:00:00,16.6586,9.949463,900.49646,4.725662,9.732208,64.56984
2022-11-17 15:00:00,15.479004,9.416626,901.01587,4.5697355,12.775848,67.17312
2022-11-17 16:00:00,15.194275,9.397125,901.2637,4.391631,14.498596,68.32203
2022-11-17 17:00:00,14.2282715,9.075653,901.223,4.2209945,15.597107,71.1564
2022-11-17 18:00:00,13.901093,8.878204,900.9409,4.1225443,16.305756,71.71969
2022-11-17 19:00:00,13.656799,8.765747,900.53796,4.089623,16.57373,72.315414
2022-11-17 20:00:00,12.8526,8.40097,900.1683,4.1233325,16.748383,74.35133
2022-11-17 21:00:00,12.731384,8.2934265,899.90186,4.262874,16.837067,74.3992
2022-11-17 22:00:00,12.188324,7.922577,899.86206,4.144543,16.60788,75.180725
2022-11-17 23:00:00,12.120728,7.881958,900.0042,4.277623,18.218567,75.30737
2022-11-18 00:00:00,12.488434,8.037903,900.41205,4.323333,21.641968,74.293495
2022-11-18 01:00:00,12.442474,7.985565,901.0391,4.359294,26.570831,74.25328
2022-11-18 02:00:00,13.86026,8.518768,901.7516,4.508385,30.657104,70.183945
2022-11-18 03:00:00,14.415497,8.698608,902.3071,4.5519714,34.318054,68.53362
2022-11-18 04:00:00,15.116577,8.700226,902.5572,4.5723305,36.222076,65.51303
2022-11-18 05:00:00,17.966522,9.008881,902.37775,4.366034,36.040436,55.80745
2022-11-18 06:00:00,18.901642,8.901459,901.79065,3.9595168,29.784485,52.251656
2022-11-18 07:00:00,19.150696,8.875427,900.9724,3.6896114,19.927948,51.355957
2022-11-18 08:00:00,20.092285,8.76355,900.1516,3.6544895,11.06134,48.07505
2022-11-18 09:00:00,20.158722,8.701813,899.6111,3.7733994,8.161743,47.678585
2022-11-18 10:00:00,18.572113,9.248108,899.30975,3.7393298,7.236786,54.59988
2022-11-18 11:00:00,18.357788,9.264893,899.5415,3.7469141,17.594269,55.40037
2022-11-18 12:00:00,18.135925,9.406067,900.03436,3.8397331,21.887909,56.712868
2022-11-18 13:00:00,17.78897,9.455139,900.7065,3.9915702,27.814209,58.15524
2022-11-18 14:00:00,16.519104,9.367676,901.4288,4.0233955,32.300964,62.65133
2022-11-18 15:00:00,15.255371,8.799377,901.9532,4.032805,35.544098,65.367966
2022-11-18 16:00:00,15.020355,8.751892,902.2109,3.9225357,38.658386,66.15019
2022-11-18 17:00:00,14.212524,8.559998,902.1961,3.8351297,39.88855,68.79131
2022-11-18 18:00:00,13.99942,8.43927,901.9843,3.7479463,39.204712,69.179825
2022-11-18 19:00:00,13.880768,8.392242,901.6256,3.6832745,38.252472,69.49257
2022-11-18 20:00:00,13.163025,8.070404,901.2511,3.7117858,36.57675,71.2427
2022-11-18 21:00:00,13.041077,8.0642395,900.88495,3.838554,35.166443,71.78213
2022-11-18 22:00:00,12.674744,7.9427185,900.8113,4.049959,32.62274,72.91828
2022-11-18 23:00:00,12.573547,7.948761,900.8075,4.367373,33.24771,73.43365
2022-11-19 00:00:00,12.864166,8.185822,901.0736,4.5523186,34.56729,73.21903
2022-11-19 01:00:00,12.844696,8.165436,901.545,4.7549334,37.404114,73.21097
2022-11-19 02:00:00,14.284393,8.77121,902.1386,5.005103,39.637756,69.45696
2022-11-19 03:00:00,14.898956,9.002258,902.6362,5.017766,43.53119,67.80523
2022-11-19 04:00:00,15.577423,9.1311035,902.78467,4.84209,46.22583,65.48073
2022-11-19 05:00:00,18.554474,9.668762,902.46185,4.3942304,45.44516,56.22709
2022-11-19 06:00:00,19.405884,9.519867,901.66986,3.7686388,38.84491,52.78796
2022-11-19 07:00:00,19.644318,9.582733,900.69617,3.345361,26.734314,52.23166
2022-11-19 08:00:00,20.521393,9.751617,899.789,3.3394704,15.686066,50.03642
2022-11-19 09:00:00,20.598236,9.788208,899.2286,3.5655513,10.768829,49.922222
2022-11-19 10:00:00,18.958893,10.116882,898.96313,3.7084117,8.133423,56.49361
2022-11-19 11:00:00,18.743286,10.155823,898.98444,3.845421,15.958435,57.40866
2022-11-19 12:00:00,18.441925,10.238922,899.31946,3.9068596,19.354065,58.827217
2022-11-19 13:00:00,18.183167,10.283203,899.8293,4.03313,25.601349,59.966637
2022-11-19 14:00:00,17.141846,10.289246,900.4558,4.06317,30.302795,64.06009
2022-11-19 15:00:00,16.09613,9.884735,900.8832,4.000245,33.75461,66.63408
2022-11-19 16:00:00,15.845154,9.834595,901.0772,3.8166628,36.24518,67.483505
2022-11-19 17:00:00,14.990234,9.661316,900.8951,3.5868828,37.748444,70.463135
2022-11-19 18:00:00,14.769318,9.544922,900.5486,3.3792253,37.930573,70.91655
2022-11-19 19:00:00,14.579224,9.4826355,900.0868,3.217074,36.042847,71.491684
2022-11-19 20:00:00,13.972137,9.304321,899.7301,3.0695539,32.59912,73.4695
2022-11-19 21:00:00,13.808868,9.272797,899.443,3.0249045,28.466858,74.09468
2022-11-19 22:00:00,13.410767,9.117035,899.3929,3.1856701,28.286743,75.24473
2022-11-19 23:00:00,13.325684,9.086761,899.3901,3.3126893,27.349579,75.508835
2022-11-20 00:00:00,13.590881,9.284576,899.65344,3.3932436,28.242157,75.21137
2022-11-20 01:00:00,13.561707,9.244934,900.20844,3.4395382,29.516266,75.15349
2022-11-20 02:00:00,14.674896,9.669556,900.89954,3.4540231,30.800415,71.948845
2022-11-20 03:00:00,15.158051,9.671478,901.4671,3.2178352,32.92456,69.75447
2022-11-20 04:00:00,15.746582,9.589539,901.72327,2.8656983,28.94046,66.803406
2022-11-20 05:00:00,18.211487,10.008331,901.4881,2.5312428,13.807098,58.770664
2022-11-20 06:00:00,19.25827,9.772949,900.75085,2.5809164,354.15536,54.18734
2022-11-20 07:00:00,19.482666,9.701721,899.8029,2.9107847,341.96304,53.181614
2022-11-20 08:00:00,20.233948,9.681,898.8968,3.346554,337.9526,50.69164
2022-11-20 09:00:00,20.348389,9.761475,898.2912,3.7349288,340.9632,50.606857
2022-11-20 10:00:00,18.668854,10.0677185,897.9952,3.8315964,338.99734,57.337803
2022-11-20 11:00:00,18.500305,10.190643,898.1049,3.7938297,351.4319,58.423805
2022-11-20 12:00:00,18.19809,10.341644,898.45404,3.9267976,356.1242,60.144608
2022-11-20 13:00:00,17.903412,10.357086,898.9651,3.9641478,2.1775513,61.331837
2022-11-20 14:00:00,16.80487,10.2743225,899.57806,3.9803843,7.354645,65.37737
2022-11-20 15:00:00,15.654114,9.826508,900.02966,3.833482,10.872681,68.27616
2022-11-20 16:00:00,15.448669,9.761658,900.31165,3.5833387,13.102295,68.88067
2022-11-20 17:00:00,14.594513,9.445557,900.31415,3.310387,13.181335,71.24346
2022-11-20 18:00:00,14.344635,9.3078,900.0338,3.105792,11.44577,71.73533
2022-11-20 19:00:00,14.131744,9.17981,899.5943,2.9736187,8.025269,72.10666
2022-11-20 20:00:00,13.321808,8.795532,899.1502,2.9338236,3.486145,74.058464
2022-11-20 21:00:00,13.138824,8.674103,898.80096,2.9324417,359.95615,74.33518
2022-11-20 22:00:00,12.54892,8.347626,898.6995,2.6546316,0.52682495,75.57126
2022-11-20 23:00:00,12.417725,8.28949,898.7392,2.7996604,358.50165,75.924675
2022-11-21 00:00:00,12.704376,8.467468,899.1407,2.8272996,357.29044,75.41513
2022-11-21 01:00:00,12.6874695,8.453308,899.71857,2.7632008,356.80692,75.42632
2022-11-21 02:00:00,13.962463,8.890961,900.52795,2.7384424,354.45407,71.49627
2022-11-21 03:00:00,14.481659,8.9366455,901.1632,2.6044598,351.1584,69.34711
2022-11-21 04:00:00,15.155273,8.968628,901.4981,2.5183437,343.24768,66.54545
2022-11-21 05:00:00,18.077972,9.535004,901.28766,2.7032177,326.61087,57.41489
2022-11-21 06:00:00,18.889984,9.335571,900.7,3.3753386,311.07446,53.841537
2022-11-21 07:00:00,19.164734,9.2836,899.8761,4.2937713,303.22473,52.74204
2022-11-21 08:00:00,20.181763,9.326599,899.1431,5.0480886,301.93793,49.659203
2022-11-21 09:00:00,20.30429,9.275055,898.6504,5.42728,304.51822,49.114025
2022-11-21 10:00:00,18.647339,9.701752,898.42847,5.01153,308.15244,56.025112
2022-11-21 11:00:00,18.439056,9.612335,898.60736,4.4758344,320.54172,56.420963
2022-11-21 12:00:00,18.18634,9.818634,899.03125,4.3530755,326.633,58.120686
2022-11-21 13:00:00,17.869781,9.82309,899.5432,4.19977,332.92453,59.306324
2022-11-21 14:00:00,16.76947,9.826752,900.1002,4.008938,337.9505,63.592262
2022-11-21 15:00:00,15.515381,9.24295,900.55914,3.7130222,341.07074,66.23845
2022-11-21 16:00:00,15.26532,9.189636,900.72986,3.4239542,342.64734,67.06825
2022-11-21 17:00:00,14.400085,8.928497,900.5943,3.145572,341.9512,69.67525
2022-11-21 18:00:00,14.165131,8.828766,900.3166,3.0623224,339.64688,70.267784
2022-11-21 19:00:00,13.965729,8.773315,899.9336,3.0800693,337.66687,70.91556
2022-11-21 20:00:00,13.333954,8.561371,899.4788,3.1977637,336.974,72.83764
2022-11-21 21:00:00,13.238739,8.553711,899.0937,3.3159015,337.02948,73.25321
2022-11-21 22:00:00,12.748871,8.240173,899.00916,3.53617,338.09058,74.046135
2022-11-21 23:00:00,12.698517,8.241089,899.0717,3.4783573,339.34485,74.2953
2022-11-22 00:00:00,13.031982,8.384216,899.4363,3.457088,341.30295,73.40117
2022-11-22 01:00:00,13.045105,8.42865,900.1041,3.3583062,344.0089,73.55939
2022-11-22 02:00:00,14.323608,8.924652,900.88226,3.314283,346.60498,70.00245
2022-11-22 03:00:00,14.860718,8.954346,901.5987,3.1257324,347.49084,67.7531
2022-11-22 04:00:00,15.607025,9.184082,901.84094,3.0597053,341.08325,65.590324
2022-11-22 05:00:00,18.500458,9.715454,901.57935,3.3966084,328.6951,56.5945
2022-11-22 06:00:00,19.333984,9.617126,900.8471,4.167327,320.40363,53.371918
2022-11-22 07:00:00,19.547668,9.595978,899.9444,4.9132614,316.64774,52.592827
2022-11-22 08:00:00,20.390717,9.561493,899.0951,5.5131283,316.32043,49.802208
2022-11-22 09:00:00,20.473572,9.487305,898.5402,5.8188486,318.8015,49.301987
2022-11-22 10:00:00,18.824463,9.95224,898.3161,5.3553605,324.27072,56.345867
2022-11-22 11:00:00,18.685974,9.935242,898.48315,4.884193,331.36542,56.771065
2022-11-22 12:00:00,18.398987,10.174072,898.8964,4.834896,333.4682,58.730762
2022-11-22 13:00:00,18.026794,10.189026,899.44727,4.6726465,336.4552,60.178886
2022-11-22 14:00:00,16.889557,10.177063,900.1468,4.43355,338.5845,64.6062
2022-11-22 15:00:00,15.747437,9.659332,900.75134,4.1562557,338.6663,67.11332
2022-11-22 16:00:00,15.50589,9.646027,901.1794,3.8539953,337.2297,68.098434
2022-11-22 17:00:00,14.608368,9.266754,901.30725,3.6374087,334.7143,70.32913
2022-11-22 18:00:00,14.350189,9.142578,901.1591,3.6381078,331.72293,70.916466
2022-11-22 19:00:00,14.144226,9.0503845,900.8276,3.7217152,329.45728,71.42289
2022-11-22 20:00:00,13.37854,8.732147,900.3657,3.9058807,328.65085,73.46989
2022-11-22 21:00:00,13.203003,8.602112,900.0253,4.0748386,329.46103,73.665
2022-11-22 22:00:00,12.604218,8.36087,899.9938,3.626452,335.83115,75.36541
2022-11-22 23:00:00,12.505157,8.287567,899.9465,3.7229192,336.62506,75.48049
2022-11-23 00:00:00,12.801788,8.423309,900.221,3.7145658,337.95877,74.71192
2022-11-23 01:00:00,12.731659,8.320496,900.8046,3.6648858,340.27676,74.534546
2022-11-23 02:00:00,14.017792,8.739075,901.56775,3.6723156,342.62207,70.51325
2022-11-23 03:00:00,14.548767,8.819,902.2205,3.6360843,344.97302,68.50111
2022-11-23 04:00:00,15.290802,8.99411,902.5069,3.6117861,342.60812,66.08223
2022-11-23 05:00:00,18.165741,9.534882,902.2953,3.731418,335.12717,57.098812
2022-11-23 06:00:00,18.999634,9.440643,901.682,4.223759,324.7363,53.853394
2022-11-23 07:00:00,19.245209,9.376099,900.8147,4.9563627,317.8605,52.805824
2022-11-23 08:00:00,20.296356,9.22406,899.9652,5.636818,315.46143,48.969757
2022-11-23 09:00:00,20.34784,9.194489,899.38727,6.094927,316.9298,48.71721
2022-11-23 10:00:00,18.630615,9.673859,899.0937,5.5051517,317.5881,55.978943
2022-11-23 11:00:00,18.467163,9.594055,899.2315,5.0776086,326.3618,56.252647
2022-11-23 12:00:00,18.18164,9.704071,899.60626,5.095368,330.3455,57.69312
2022-11-23 13:00:00,17.862701,9.76001,900.07697,5.068718,334.75684,59.082478
2022-11-23 14:00:00,16.593994,9.641815,900.68274,4.994669,337.79138,63.512486
2022-11-23 15:00:00,15.304169,9.198608,901.1339,4.831444,339.29474,66.94166
2022-11-23 16:00:00,14.995056,9.115265,901.4004,4.640654,339.8058,67.90238
2022-11-23 17:00:00,14.201813,8.881775,901.41174,4.5097837,339.4045,70.352425
2022-11-23 18:00:00,13.940674,8.750702,901.2508,4.502398,338.31802,70.92245
2022-11-23 19:00:00,13.784851,8.652069,900.9768,4.5700088,336.71786,71.16731
2022-11-23 20:00:00,13.082123,8.354736,900.6309,4.685026,335.97937,73.01517
2022-11-23 21:00:00,12.915344,8.227692,900.2876,4.860172,336.1713,73.18201
2022-11-23 22:00:00,12.523865,7.946106,900.13165,4.6222286,339.00464,73.659966
2022-11-23 23:00:00,12.343842,7.86615,900.13226,4.677356,341.52658,74.131165
2022-11-24 00:00:00,12.641968,7.9706116,900.4317,4.6439476,343.5346,73.21376
2022-11-24 01:00:00,12.665222,7.999054,901.0435,4.5599146,345.606,73.243774
2022-11-24 02:00:00,13.918976,8.401825,901.8246,4.496845,347.26624,69.36552
2022-11-24 03:00:00,14.507172,8.542053,902.451,4.429714,348.59436,67.41134
2022-11-24 04:00:00,15.401794,8.775635,902.81323,4.430806,347.48557,64.65288
2022-11-24 05:00:00,18.179932,9.176849,902.6943,4.458104,343.82843,55.690933
2022-11-24 06:00:00,19.160614,9.1024475,902.17993,4.5913296,337.1921,52.116043
2022-11-24 07:00:00,19.43509,9.019928,901.32166,4.845787,330.91605,50.949097
2022-11-24 08:00:00,20.392883,8.848053,900.4557,5.1441636,327.28293,47.460342
2022-11-24 09:00:00,20.493591,8.732788,899.8645,5.302648,327.2926,46.80056
2022-11-24 10:00:00,18.720734,9.297028,899.7251,4.416316,327.56418,54.273
2022-11-24 11:00:00,18.545105,9.289551,899.92755,4.219987,335.77652,54.844982
2022-11-24 12:00:00,18.238739,9.334412,900.3549,4.2871346,341.25424,56.077236
2022-11-24 13:00:00,17.849915,9.304871,900.9175,4.127063,347.24496,57.350243
2022-11-24 14:00:00,16.584778,9.353394,901.5525,4.01089,352.75974,62.330444
2022-11-24 15:00:00,15.205231,8.770508,902.04333,3.8251145,357.06964,65.451035
2022-11-24 16:00:00,14.954071,8.688049,902.36,3.6526082,0.75805664,66.14689
2022-11-24 17:00:00,14.047546,8.374542,902.44495,3.5221627,2.8593445,68.66256
2022-11-24 18:00:00,13.823975,8.271179,902.3292,3.4767308,4.3077087,69.179115
2022-11-24 19:00:00,13.608032,8.164734,902.0558,3.50488,4.3349,69.65176
2022-11-24 20:00:00,13.006897,7.864319,901.68054,3.6375835,4.5484314,70.97132
2022-11-24 21:00:00,12.8506775,7.7890625,901.33453,3.8158073,5.5243835,71.333565
2022-11-24 22:00:00,12.239197,7.5221863,901.25006,3.7299213,10.78714,72.9136
2022-11-24 23:00:00,12.114288,7.41626,901.2127,3.9200845,13.618469,72.98538
2022-11-25 00:00:00,12.474731,7.651001,901.44904,4.0005345,17.221893,72.42791
2022-11-25 01:00:00,12.402527,7.5780334,901.976,4.0416894,20.271545,72.410805
2022-11-25 02:00:00,13.655884,7.9725647,902.6607,4.133831,23.97055,68.53481
2022-11-25 03:00:00,14.631134,8.324829,903.2246,3.9793446,28.01593,65.89731
2022-11-25 04:00:00,15.431305,8.497772,903.4757,3.6609912,28.759338,63.32938
2022-11-25 05:00:00,18.53421,9.1675415,903.2779,3.2770674,25.233551,54.433544
2022-11-25 06:00:00,19.349213,9.131531,902.6831,2.9899025,13.751953,51.608665
2022-11-25 07:00:00,19.605652,9.197327,901.841,3.041609,359.21747,51.018112
2022-11-25 08:00:00,20.730286,9.327515,900.9864,3.3816643,348.49136,48.009716
2022-11-25 09:00:00,20.850769,9.329041,900.4434,3.7765515,345.32785,47.65996
2022-11-25 10:00:00,19.051086,9.837036,900.2472,3.6199243,347.43997,55.12762
2022-11-25 11:00:00,18.827301,9.825806,900.42236,3.685865,356.2099,55.860954
2022-11-25 12:00:00,18.460815,9.989685,900.769,4.0561833,358.70477,57.786907
2022-11-25 13:00:00,18.042267,9.900848,901.22015,4.1006064,3.8150024,58.972843
2022-11-25 14:00:00,16.695557,9.736969,901.74536,4.0624185,8.046204,63.508053
2022-11-25 15:00:00,15.469788,9.32077,902.1303,3.888083,11.2144165,66.78103
2022-11-25 16:00:00,15.193756,9.217987,902.3459,3.6714137,14.514832,67.50593
2022-11-25 17:00:00,14.3927,8.917694,902.3055,3.467283,17.350037,69.65773
2022-11-25 18:00:00,14.207886,8.768219,902.0386,3.3293726,19.315674,69.787575
2022-11-25 19:00:00,14.024231,8.65329,901.6337,3.1978433,20.320404,70.07631
2022-11-25 20:00:00,13.439514,8.472107,901.1316,3.0514011,20.033844,71.90268
2022-11-25 21:00:00,13.252991,8.339935,900.6649,2.9333572,19.039429,72.13315
2022-11-25 22:00:00,12.763275,8.123505,900.5446,2.892973,21.873901,73.392876
2022-11-25 23:00:00,12.656036,8.081604,900.455,2.839924,23.13861,73.7001
2022-11-26 00:00:00,12.869049,8.136505,900.60693,2.6931407,25.590637,72.95101
2022-11-26 01:00:00,12.846649,8.156311,901.00854,2.5065408,29.643066,73.15628
2022-11-26 02:00:00,14.374054,8.762146,901.6277,2.3766685,34.263794,69.01313
2022-11-26 03:00:00,14.971832,8.7951355,902.22455,2.1276724,40.997437,66.55115
2022-11-26 04:00:00,15.732208,8.952789,902.4627,1.656871,42.149536,64.060524
2022-11-26 05:00:00,18.941895,9.5347595,902.13885,1.1031039,26.562378,54.390533
2022-11-26 06:00:00,19.738647,9.464508,901.31287,0.9526906,334.92767,51.516174
2022-11-26 07:00:00,19.970215,9.48465,900.28595,1.6208978,300.77432,50.850845
2022-11-26 08:00:00,21.07962,9.423126,899.2775,2.349504,292.65533,47.292522
2022-11-26 09:00:00,21.155182,9.433624,898.57166,2.7155502,292.97498,47.10689
2022-11-26 10:00:00,19.381897,10.047424,898.26013,2.1100566,289.92175,54.76926
2022-11-26 11:00:00,19.17743,9.98877,898.2473,1.7377195,300.48813,55.253624
2022-11-26 12:00:00,18.777802,10.004089,898.4302,1.6690611,311.2057,56.706776
2022-11-26 13:00:00,18.40451,9.97525,898.7464,1.4878585,323.19757,57.935154
2022-11-26 14:00:00,17.217926,9.952545,899.18225,1.3702192,332.8096,62.33388
2022-11-26 15:00:00,16.142853,9.606354,899.51154,1.2783166,337.24802,65.20754
2022-11-26 16:00:00,15.863678,9.549957,899.67993,1.1631745,341.7008,66.12923
2022-11-26 17:00:00,14.916534,9.210327,899.53625,1.0560299,343.1227,68.6847
2022-11-26 18:00:00,14.735657,9.128693,899.2191,0.9696358,340.4176,69.108734
2022-11-26 19:00:00,14.536865,9.085358,898.79663,0.9596657,332.33252,69.79668
2022-11-26 20:00:00,13.820099,8.790558,898.4333,0.99593335,328.58414,71.672295
2022-11-26 21:00:00,13.717346,8.726318,898.0818,1.0512952,329.67783,71.83975
2022-11-26 22:00:00,13.124756,8.411499,897.8719,1.2895322,316.51105,73.09282
2022-11-26 23:00:00,12.971466,8.299072,897.94946,1.1786592,321.29816,73.2679
2022-11-27 00:00:00,13.237244,8.495789,898.2506,1.003738,326.31805,72.97369
2022-11-27 01:00:00,13.191437,8.491638,898.7749,0.77541083,336.23697,73.17152
2022-11-27 02:00:00,14.419861,9.031311,899.36615,0.6067115,351.66287,70.07045
2022-11-27 03:00:00,15.173645,9.146301,899.92737,0.32054067,356.11047,67.2677
2022-11-27 04:00:00,15.924988,9.204437,900.1333,0.5522326,286.99548,64.35818
2022-11-27 05:00:00,18.68164,9.735809,899.88086,1.2416008,279.35452,56.032856
2022-11-27 06:00:00,19.544495,9.616577,899.2399,2.081122,276.81177,52.67597
2022-11-27 07:00:00,19.798645,9.593811,898.4462,2.8795261,276.62158,51.772423
2022-11-27 08:00:00,20.725006,9.520599,897.6958,3.431662,278.97876,48.652596
2022-11-27 09:00:00,20.806396,9.621094,897.23206,3.50634,283.5742,48.737133
2022-11-27 10:00:00,19.011414,9.931854,896.9773,2.4663324,292.44315,55.616196
2022-11-27 11:00:00,18.82837,9.928223,897.06195,1.9157692,302.42438,56.24164
2022-11-27 12:00:00,18.450226,10.084045,897.3367,1.6283606,316.3036,58.19134
2022-11-27 13:00:00,18.121002,10.0737915,897.73865,1.3521026,332.4559,59.364815
2022-11-27 14:00:00,16.85559,9.894531,898.2235,1.1385297,351.4938,63.53354
2022-11-27 15:00:00,15.666321,9.426239,898.62195,0.9852231,12.0177,66.41493
2022-11-27 16:00:00,15.431061,9.386078,898.9136,0.88160664,33.059723,67.24169
2022-11-27 17:00:00,14.451447,9.11853,898.9734,0.84383994,49.46463,70.33984
2022-11-27 18:00:00,14.245483,9.076447,898.8031,0.807073,61.230103,71.080986
2022-11-27 19:00:00,14.064545,9.033234,898.5144,0.72912204,65.28189,71.70957
2022-11-27 20:00:00,13.2638855,8.674316,898.1371,0.73301864,63.490753,73.732216
2022-11-27 21:00:00,13.064331,8.558105,897.831,0.7748399,58.086914,74.11382
2022-11-27 22:00:00,12.504242,8.3714905,897.70874,0.63553727,49.34845,75.9157
2022-11-27 23:00:00,12.473175,8.36792,897.8391,0.7120168,53.0101,76.052185
2022-11-28 00:00:00,12.797302,8.535248,898.3251,0.80721617,62.07614,75.30246
2022-11-28 01:00:00,12.793732,8.519165,898.9992,1.0345352,70.00702,75.238106
2022-11-28 02:00:00,13.931305,8.935486,899.74023,1.309475,75.35483,71.85648
2022-11-28 03:00:00,14.434723,9.005432,900.3904,1.3545114,85.08215,69.881165
2022-11-28 04:00:00,15.273926,9.225861,900.767,1.0438001,94.253296,67.19488
2022-11-28 05:00:00,18.45343,9.723816,900.7273,0.4828319,103.27307,56.793278
2022-11-28 06:00:00,19.27002,9.5894165,900.23596,0.3314243,269.89743,53.485268
2022-11-28 07:00:00,19.533691,9.564209,899.5224,1.1504352,285.6441,52.526386
2022-11-28 08:00:00,20.512146,9.555542,898.86224,1.8251529,294.4084,49.41073
2022-11-28 09:00:00,20.605377,9.503906,898.5279,2.137063,305.5929,48.95752
2022-11-28 10:00:00,18.969055,9.894684,898.3778,2.0801463,315.44373,55.62477
2022-11-28 11:00:00,18.811035,9.890076,898.5131,1.9577229,336.23938,56.158955
2022-11-28 12:00:00,18.459717,9.991058,898.83234,2.1809926,354.7995,57.7962
2022-11-28 13:00:00,18.13675,9.960175,899.3039,2.4380183,9.186493,58.857113
2022-11-28 14:00:00,16.78717,9.725861,899.92377,2.651195,19.6044,63.092815
2022-11-28 15:00:00,15.6779175,9.319824,900.4366,2.7251205,26.956879,65.89253
2022-11-28 16:00:00,15.433258,9.275879,900.79224,2.7528875,32.845398,66.73576
2022-11-28 17:00:00,14.465485,8.911804,900.8654,2.7485936,35.075073,69.303345
2022-11-28 18:00:00,14.208527,8.834503,900.69275,2.7611184,35.984283,70.09779
2022-11-28 19:00:00,14.060944,8.79248,900.419,2.7846744,35.360504,70.57049
2022-11-28 20:00:00,13.383728,8.488251,900.1078,2.9157102,35.253906,72.24335
2022-11-28 21:00:00,13.21344,8.428833,899.79706,3.1124196,35.579346,72.756424
2022-11-28 22:00:00,12.703735,8.234863,899.6838,2.5262744,37.062225,74.23856
2022-11-28 23:00:00,12.609497,8.178986,899.7634,2.8219948,38.06653,74.41564
2022-11-29 00:00:00,12.891846,8.341217,900.0954,3.0098503,40.97455,73.861015
2022-11-29 01:00:00,12.800446,8.232697,900.6393,3.2126813,44.23526,73.75916
2022-11-29 02:00:00,14.008667,8.639557,901.3021,3.3838663,47.975067,70.081924
2022-11-29 03:00:00,14.565826,8.779785,901.8261,3.3323207,52.04007,68.244736
2022-11-29 04:00:00,15.333893,9.009766,902.07886,3.0139697,54.11154,65.96934
2022-11-29 05:00:00,18.38684,9.660645,901.8822,2.5706751,49.937805,56.789642
2022-11-29 06:00:00,19.2641,9.547668,901.33167,2.1027868,36.01349,53.355236
2022-11-29 07:00:00,19.560333,9.549347,900.56714,2.014155,13.982269,52.38723
2022-11-29 08:00:00,20.589966,9.5694275,899.8522,2.3138723,359.10657,49.22011
2022-11-29 09:00:00,20.67273,9.54541,899.39545,2.7151039,356.3056,48.890854
2022-11-29 10:00:00,18.922424,9.944611,899.12396,2.9231904,2.9620056,55.973656
2022-11-29 11:00:00,18.707062,9.922852,899.2556,3.1487782,14.20166,56.649254
2022-11-29 12:00:00,18.411469,9.994202,899.64954,3.3720064,19.983795,57.983368
2022-11-29 13:00:00,18.112091,10.0216675,900.2201,3.6147017,26.42804,59.191357
2022-11-29 14:00:00,16.901733,9.911011,900.91626,3.8387449,31.963776,63.41786
2022-11-29 15:00:00,15.813995,9.457153,901.4629,3.9410384,36.264313,65.927345
2022-11-29 16:00:00,15.563446,9.383667,901.74945,3.9445677,39.454254,66.66281
2022-11-29 17:00:00,14.702301,9.042816,901.7632,3.871048,41.19217,68.857895
2022-11-29 18:00:00,14.461975,8.9340515,901.5385,3.7775857,42.123962,69.42319
2022-11-29 19:00:00,14.295654,8.920471,901.2092,3.744686,42.753815,70.10935
2022-11-29 20:00:00,13.577362,8.69281,900.8578,3.770315,43.087433,72.33254
2022-11-29 21:00:00,13.414551,8.6502075,900.55304,3.848015,43.26248,72.89288
2022-11-29 22:00:00,12.897614,8.470306,900.45135,3.6747231,46.05316,74.481735
2022-11-29 23:00:00,12.809692,8.405945,900.5811,3.8567212,45.970825,74.585495
2022-11-30 00:00:00,13.1006775,8.619507,900.95703,3.9947236,46.906586,74.2459
2022-11-30 01:00:00,13.077576,8.587372,901.5472,4.1669207,48.861267,74.196526
2022-11-30 02:00:00,14.053986,8.923584,902.23584,4.3607993,51.14505,71.22995
2022-11-30 03:00:00,14.920563,9.194977,902.79834,4.348631,53.540985,68.59597
2022-11-30 04:00:00,15.737244,9.487274,903.0418,4.1150255,54.972107,66.38591
2022-11-30 05:00:00,18.467072,10.036987,902.84314,3.6402142,51.696045,57.94734
2022-11-30 06:00:00,19.322083,9.987396,902.21,3.0669713,40.743378,54.753166
2022-11-30 07:00:00,19.561127,9.997101,901.35455,2.8533368,22.550934,53.980465
2022-11-30 08:00:00,20.529266,10.00769,900.5686,3.0894225,8.668335,50.877117
2022-11-30 09:00:00,20.649841,9.960663,900.0818,3.5089142,5.9084473,50.341766
2022-11-30 10:00:00,18.948395,10.22876,899.70447,3.3277671,14.331451,56.954735
2022-11-30 11:00:00,18.794525,10.27832,899.8732,3.7886696,21.357483,57.69522
2022-11-30 12:00:00,18.466797,10.423523,900.1841,4.1661205,22.117065,59.463585
2022-11-30 13:00:00,18.128784,10.388031,900.6436,4.489291,25.282776,60.59408
2022-11-30 14:00:00,16.843994,10.148682,901.2413,4.65956,28.847351,64.67037
2022-11-30 15:00:00,15.807373,9.872162,901.7318,4.656223,31.902374,67.817116
2022-11-30 16:00:00,15.546814,9.808228,901.96716,4.581169,34.43448,68.66275
2022-11-30 17:00:00,14.568298,9.454803,901.8482,4.457556,36.092346,71.40845
2022-11-30 18:00:00,14.405121,9.445496,901.5711,4.3696637,36.95984,72.11995
2022-11-30 19:00:00,14.232574,9.3697815,901.2388,4.3113947,37.421936,72.55905
2022-11-30 20:00:00,13.549316,9.036438,900.9269,4.3052897,36.956055,74.16519
2022-11-30 21:00:00,13.410522,8.950256,900.6834,4.3645854,36.153137,74.40465
2022-11-30 22:00:00,12.838043,8.738831,900.50214,4.3620777,39.871765,76.14311
2022-11-30 23:00:00,12.720825,8.640991,900.61884,4.3984694,40.885498,76.223755
2022-12-01 00:00:00,12.894684,8.721313,900.9309,4.4317126,43.80655,75.77178
2022-12-01 01:00:00,12.862488,8.688202,901.45624,4.486897,47.686554,75.76176
2022-12-01 02:00:00,13.999603,9.0633545,902.1101,4.5853386,51.10202,72.158424
2022-12-01 03:00:00,14.470306,9.175934,902.6797,4.5364003,54.27356,70.52634
2022-12-01 04:00:00,15.303192,9.409943,902.8895,4.225758,56.295258,67.90437
2022-12-01 05:00:00,18.299164,9.939758,902.56946,3.5527277,54.711243,58.18069
2022-12-01 06:00:00,19.085419,9.769775,901.8328,2.7929802,45.351013,54.762394
2022-12-01 07:00:00,19.343414,9.811737,900.8272,2.440128,25.075043,54.041218
2022-12-01 08:00:00,20.319122,9.823303,899.8314,2.6383314,8.536346,50.908894
2022-12-01 09:00:00,20.399384,9.807831,899.12274,2.9258714,4.779114,50.60476
2022-12-01 10:00:00,18.80014,10.244659,898.701,2.7829652,13.266815,57.545513
2022-12-01 11:00:00,18.600494,10.270477,898.7731,3.2156181,24.550018,58.368896
2022-12-01 12:00:00,18.292664,10.326416,899.1509,3.5604827,26.18515,59.72803
2022-12-01 13:00:00,17.972809,10.295349,899.7103,3.8638315,31.19281,60.81369
2022-12-01 14:00:00,16.851318,10.203491,900.3908,4.0691404,35.93103,64.87747
2022-12-01 15:00:00,15.670959,9.801056,900.87866,4.169678,40.707306,68.08638
2022-12-01 16:00:00,15.395721,9.743439,901.067,4.1661673,44.966858,69.03058
2022-12-01 17:00:00,14.50766,9.462341,900.8928,4.130701,48.352203,71.7249
2022-12-01 18:00:00,14.298523,9.377899,900.5413,4.077787,50.332153,72.28954
2022-12-01 19:00:00,14.175598,9.32077,900.1157,4.0407696,51.799164,72.58752
2022-12-01 20:00:00,13.374176,8.955536,899.733,4.0534453,51.880768,74.6076
2022-12-01 21:00:00,13.244385,8.922394,899.38947,4.126158,51.365875,75.073425
2022-12-01 22:00:00,12.821686,8.66391,899.1451,3.6427727,46.964966,75.83962
2022-12-01 23:00:00,12.844421,8.705658,899.19904,3.9131827,46.150177,75.9409
2022-12-02 00:00:00,13.05484,8.787445,899.6129,4.0734997,47.00534,75.3186
2022-12-02 01:00:00,13.05069,8.776703,900.2288,4.2179484,48.805847,75.28438
2022-12-02 02:00:00,14.279602,9.220825,900.89526,4.4125905,51.285797,71.61731
2022-12-02 03:00:00,14.737518,9.399384,901.42834,4.422495,55.848328,70.37065
2022-12-02 04:00:00,15.503754,9.590637,901.6668,3.9850373,59.963684,67.85508
2022-12-02 05:00:00,18.507843,10.289429,901.49615,3.1676624,60.77716,58.782715
2022-12-02 06:00:00,19.300812,10.220001,900.8989,2.1529238,50.44101,55.684834
2022-12-02 07:00:00,19.540741,10.226807,899.95917,1.5965,18.180908,54.885143
2022-12-02 08:00:00,20.483704,10.2283325,899.0464,1.9095365,350.60925,51.778255
2022-12-02 09:00:00,20.54889,10.335297,898.4771,2.3522656,348.70416,51.94007
2022-12-02 10:00:00,18.966461,10.753601,898.2049,2.374648,0.27044678,58.915592
2022-12-02 11:00:00,18.77594,10.749451,898.3695,2.7200983,11.42276,59.604244
2022-12-02 12:00:00,18.469269,10.913422,898.7622,3.1575465,17.868103,61.424656
2022-12-02 13:00:00,18.135315,10.830292,899.37604,3.5357506,25.240143,62.379246
2022-12-02 14:00:00,17.054962,10.652405,900.0918,3.8305326,31.334839,65.99155
2022-12-02 15:00:00,15.997711,10.360992,900.6596,3.9749646,36.466705,69.22262
2022-12-02 16:00:00,15.803436,10.332001,900.90533,4.041167,40.469604,69.9517
2022-12-02 17:00:00,14.972015,10.020111,900.7977,4.068413,42.15973,72.26181
2022-12-02 18:00:00,14.7164,9.920776,900.50073,4.09993,41.974945,72.97471
2022-12-02 19:00:00,14.499298,9.882172,900.08954,4.146114,41.356995,73.81321
2022-12-02 20:00:00,13.8454895,9.664673,899.7117,4.2765055,40.17209,75.890656
2022-12-02 21:00:00,13.746338,9.643707,899.37256,4.4698915,39.066956,76.2735
2022-12-02 22:00:00,13.368469,9.401215,899.194,4.4231896,36.46216,76.90915
2022-12-02 23:00:00,13.311432,9.396301,899.23267,4.790005,36.66263,77.17007
2022-12-03 00:00:00,13.488983,9.449097,899.52344,5.074602,38.9534,76.553856
2022-12-03 01:00:00,13.464111,9.427795,900.1033,5.388018,42.285645,76.568214
2022-12-03 02:00:00,14.493164,9.861145,900.80493,5.741718,45.786743,73.73855
2022-12-03 03:00:00,14.99472,9.948029,901.40356,5.843562,49.74646,71.80916
2022-12-03 04:00:00,15.70636,10.158661,901.69037,5.2725697,51.884674,69.57739
2022-12-03 05:00:00,18.54068,10.783325,901.51385,4.488843,48.65735,60.624207
2022-12-03 06:00:00,19.265533,10.715057,900.89197,3.7794638,36.530396,57.679474
2022-12-03 07:00:00,19.495422,10.6640625,899.98315,3.5314066,21.10791,56.667923
2022-12-03 08:00:00,20.370941,10.515472,899.1199,3.6715,11.466278,53.148113
2022-12-03 09:00:00,20.45456,10.576935,898.6057,4.026513,9.867859,53.09146
2022-12-03 10:00:00,18.820618,10.827148,898.3764,4.187723,9.225372,59.745934
2022-12-03 11:00:00,18.598785,10.857056,898.5678,4.4827685,18.467926,60.700874
2022-12-03 12:00:00,18.326172,10.956848,898.98914,4.7799153,20.970428,62.156986
2022-12-03 13:00:00,18.042633,10.986176,899.6476,4.9636226,24.831879,63.396538
2022-12-03 14:00:00,16.91278,10.812408,900.37286,5.0454984,27.897308,67.30113
2022-12-03 15:00:00,15.761536,10.40564,900.93494,5.0688925,30.31009,70.48475
2022-12-03 16:00:00,15.526733,10.391174,901.2154,5.038554,31.71579,71.483154
2022-12-03 17:00:00,14.680908,10.11499,901.17584,5.0077076,32.155945,74.098305
2022-12-03 18:00:00,14.459412,10.036224,900.95416,5.077225,31.473358,74.77051
2022-12-03 19:00:00,14.2526245,9.957764,900.6331,5.207758,30.416992,75.38017
2022-12-03 20:00:00,13.454559,9.55426,900.3095,5.458409,29.269958,77.269455
2022-12-03 21:00:00,13.304077,9.4279785,900.0622,5.749868,28.534424,77.37161
2022-12-03 22:00:00,12.845703,9.181519,900.0836,5.6209464,26.515106,78.4118
2022-12-03 23:00:00,12.76236,9.153503,900.1242,6.0992603,26.659515,78.69204
2022-12-04 00:00:00,12.96106,9.207275,900.40656,6.412143,28.034851,77.9576
2022-12-04 01:00:00,12.937714,9.181122,900.9294,6.6583195,30.24887,77.939316
2022-12-04 02:00:00,13.914032,9.521149,901.6473,6.8586316,33.04544,74.82952
2022-12-04 03:00:00,14.343353,9.602997,902.3211,6.8280444,35.36615,73.1784
2022-12-04 04:00:00,15.072174,9.744812,902.64935,6.436454,35.390015,70.48633
2022-12-04 05:00:00,17.788666,10.1883545,902.4994,6.0169663,32.03116,61.08442
2022-12-04 06:00:00,18.723053,10.094971,901.8708,5.6854486,25.943787,57.248028
2022-12-04 07:00:00,19.013916,10.048798,900.9168,5.563493,18.99942,56.0443
2022-12-04 08:00:00,20.042755,9.962494,899.9585,5.640507,13.723572,52.27111
2022-12-04 09:00:00,20.156158,9.943573,899.342,5.8383627,12.110138,51.840008
2022-12-04 10:00:00,18.449799,10.136353,899.0401,5.0816226,13.015778,58.39672
2022-12-04 11:00:00,18.229553,10.198029,899.21075,5.336012,19.46231,59.4532
2022-12-04 12:00:00,17.859924,10.337799,899.6616,5.5658813,21.789917,61.420788
2022-12-04 13:00:00,17.536224,10.242279,900.3088,5.7269464,26.156616,62.287987
2022-12-04 14:00:00,16.391907,10.088257,900.98975,5.8671274,30.154358,66.286575
2022-12-04 15:00:00,15.2118225,9.6059265,901.4894,5.9024525,33.256317,69.208885
2022-12-04 16:00:00,14.9841,9.592499,901.7461,5.9119325,35.551605,70.16622
2022-12-04 17:00:00,14.095337,9.278351,901.7188,5.884769,36.71765,72.7579
2022-12-04 18:00:00,13.830475,9.122101,901.4959,5.9328485,37.08606,73.24392
2022-12-04 19:00:00,13.650482,9.063599,901.1515,5.9992585,36.7157,73.81386
2022-12-04 20:00:00,12.963959,8.756226,900.78094,6.1372128,35.954193,75.60754
2022-12-04 21:00:00,12.891693,8.711395,900.4764,6.333423,35.073486,75.73582
2022-12-04 22:00:00,12.371887,8.369843,900.49615,6.067327,33.352753,76.56946
2022-12-04 23:00:00,12.319366,8.333313,900.57404,6.495618,32.70529,76.644035
2022-12-05 00:00:00,12.550568,8.38855,900.9663,6.7778525,33.860443,75.77296
2022-12-05 01:00:00,12.557953,8.412201,901.545,7.0174146,35.412933,75.857735
2022-12-05 02:00:00,13.668945,8.845184,902.2466,7.260139,37.787994,72.64703
2022-12-05 03:00:00,14.088165,8.944519,902.8568,7.2265577,40.39026,71.17283
2022-12-05 04:00:00,14.866425,9.183319,903.19385,6.742415,41.526367,68.781494
2022-12-05 05:00:00,17.85788,9.850311,903.002,6.1188626,38.28311,59.45908
2022-12-05 06:00:00,18.72754,9.783142,902.3491,5.6473007,30.793182,56.049835
2022-12-05 07:00:00,19.000702,9.758667,901.40533,5.4717426,21.900482,55.011497
2022-12-05 08:00:00,19.989838,9.655945,900.4547,5.5302825,15.356781,51.376488
2022-12-05 09:00:00,20.049622,9.6091,899.82837,5.8072104,13.392517,51.02607
2022-12-05 10:00:00,18.23764,9.906494,899.6025,5.6101985,10.0329895,58.275772
2022-12-05 11:00:00,18.038635,9.879822,899.7643,5.917106,17.402405,58.903305
2022-12-05 12:00:00,17.748352,9.960266,900.1604,6.023879,19.43982,60.312855
2022-12-05 13:00:00,17.439758,9.947388,900.7132,6.1647215,23.681305,61.445026
2022-12-05 14:00:00,16.289398,9.8124695,901.30695,6.2772493,27.473206,65.50042
2022-12-05 15:00:00,15.1753845,9.3802185,901.66266,6.319243,30.906769,68.32729
2022-12-05 16:00:00,14.957214,9.3654175,901.7764,6.2741423,34.027527,69.22363
2022-12-05 17:00:00,14.1024475,9.031128,901.62646,6.212205,35.89511,71.52354
2022-12-05 18:00:00,13.815674,8.851044,901.28436,6.145066,36.996765,71.98632
2022-12-05 19:00:00,13.637207,8.790039,900.8884,6.1110926,37.315796,72.52649
2022-12-05 20:00:00,12.914246,8.464172,900.4942,6.143069,36.960236,74.36988
2022-12-05 21:00:00,12.773346,8.366211,900.1529,6.226566,36.15973,74.56211
2022-12-05 22:00:00,12.20517,8.084442,899.95483,5.9072547,39.4097,75.92826
2022-12-05 23:00:00,12.094391,8.012482,899.9918,6.0916305,38.8526,76.11051
2022-12-06 00:00:00,12.305359,8.068695,900.27704,6.280973,38.617493,75.34929
2022-12-06 01:00:00,12.267334,8.065186,900.73987,6.4753942,39.621674,75.519775
2022-12-06 02:00:00,13.472321,8.5563965,901.37146,6.665049,40.633636,72.15983
2022-12-06 03:00:00,13.957123,8.675659,901.9118,6.6432805,42.086975,70.48843
2022-12-06 04:00:00,14.668396,8.850464,902.1372,6.288189,41.428955,68.11893
2022-12-06 05:00:00,17.599243,9.368835,901.88055,5.8130574,36.789825,58.514244
2022-12-06 06:00:00,18.475769,9.3811035,901.2333,5.400232,28.589447,55.423832
2022-12-06 07:00:00,18.74533,9.352325,900.28766,5.2063813,18.718933,54.391533
2022-12-06 08:00:00,19.733398,9.21344,899.3363,5.2312174,10.963867,50.67014
2022-12-06 09:00:00,19.806519,9.132294,898.7073,5.418534,8.395905,50.166004
2022-12-06 10:00:00,18.02008,9.365265,898.4353,5.4710164,14.318268,56.970657
2022-12-06 11:00:00,17.863312,9.384796,898.6655,5.6439304,23.113098,57.610725
2022-12-06 12:00:00,17.548187,9.621063,899.12964,5.5216126,26.634827,59.70596
2022-12-06 13:00:00,17.216492,9.548645,899.78076,5.604472,30.369568,60.674362
2022-12-06 14:00:00,16.013458,9.441772,900.30225,5.674514,33.548126,65.025406
2022-12-06 15:00:00,14.888855,9.015625,900.6845,5.631975,35.572693,67.91052
2022-12-06 16:00:00,14.648102,9.004852,900.8745,5.53306,37.070953,68.922386
2022-12-06 17:00:00,13.763855,8.703705,900.8229,5.438173,37.533295,71.51364
2022-12-06 18:00:00,13.503754,8.563843,900.51843,5.348966,37.7399,72.04862
2022-12-06 19:00:00,13.297241,8.470551,900.1602,5.274898,37.066803,72.56465
2022-12-06 20:00:00,12.488129,8.149506,899.76514,5.2805476,36.155823,74.860275
2022-12-06 21:00:00,12.334106,8.071442,899.4266,5.321591,34.91208,75.22116
2022-12-06 22:00:00,11.779175,7.711273,899.25,5.330364,34.42047,76.13131
2022-12-06 23:00:00,11.687653,7.6749573,899.24475,5.3420525,34.387817,76.40323
2022-12-07 00:00:00,11.881012,7.743805,899.503,5.250641,36.39212,75.78952
2022-12-07 01:00:00,11.865112,7.706543,899.9847,5.1773553,39.043518,75.676674
2022-12-07 02:00:00,13.041718,8.244934,900.6273,5.109803,41.433563,72.66505
2022-12-07 03:00:00,13.467224,8.255402,901.1821,4.9542513,42.877716,70.72664
2022-12-07 04:00:00,14.199432,8.335632,901.4482,4.56601,40.85147,67.81132
2022-12-07 05:00:00,17.187164,8.757721,901.2775,4.1259465,34.180176,57.63368
2022-12-07 06:00:00,18.071533,8.725891,900.6418,3.6819227,21.864197,54.391296
2022-12-07 07:00:00,18.395203,8.665466,899.80084,3.5474324,7.3168335,53.080482
2022-12-07 08:00:00,19.4581,8.4366455,898.9967,3.6141431,358.01788,48.909874
2022-12-07 09:00:00,19.54187,8.285522,898.5469,3.7224512,355.9241,48.16009
2022-12-07 10:00:00,17.811066,8.602753,898.1886,3.5051546,358.37836,54.83121
2022-12-07 11:00:00,17.643036,8.698395,898.39575,3.3890202,10.643127,55.774223
2022-12-07 12:00:00,17.272217,8.80603,898.8488,3.1415162,15.824402,57.511894
2022-12-07 13:00:00,17.016327,8.7899475,899.45306,3.0851114,24.025116,58.38726
2022-12-07 14:00:00,15.789215,8.644531,900.0617,3.0198102,31.323212,62.512253
2022-12-07 15:00:00,14.564148,8.218872,900.4893,2.9858108,36.80609,65.708885
2022-12-07 16:00:00,14.365448,8.2395935,900.67456,2.8713076,41.421143,66.65141
2022-12-07 17:00:00,13.410095,7.9067383,900.6135,2.729828,44.45334,69.328705
2022-12-07 18:00:00,13.199371,7.775635,900.3677,2.6343439,45.47058,69.66325
2022-12-07 19:00:00,13.025513,7.7322083,899.9815,2.549231,44.8963,70.250374
2022-12-07 20:00:00,12.4236145,7.4669495,899.59814,2.5107749,42.670807,71.764656
2022-12-07 21:00:00,12.336029,7.4110107,899.23047,2.5325146,39.82498,71.90341
2022-12-07 22:00:00,11.754761,7.0359497,899.15955,2.326237,44.90045,72.81618
2022-12-07 23:00:00,11.71167,7.00943,899.1142,2.5014732,45.13733,72.891
2022-12-08 00:00:00,11.95517,7.1914062,899.39874,2.547451,47.44342,72.62916
2022-12-08 01:00:00,11.937592,7.1385803,899.9821,2.6181982,50.055023,72.45097
2022-12-08 02:00:00,13.11734,7.572235,900.7148,2.7066417,52.115936,69.0731
2022-12-08 03:00:00,13.591003,7.714386,901.29956,2.6940975,55.595673,67.62583
2022-12-08 04:00:00,14.266052,7.8545837,901.5514,2.414631,55.977234,65.34918
2022-12-08 05:00:00,17.291626,8.416534,901.35693,1.7836682,49.63568,55.94781
2022-12-08 06:00:00,18.399872,8.20639,900.77814,1.1336033,18.171692,51.44026
2022-12-08 07:00:00,18.6734,8.272308,899.9532,1.4475716,330.83478,50.79351
2022-12-08 08:00:00,19.658478,8.328796,899.1358,2.0293834,318.05765,47.95312
2022-12-08 09:00:00,19.68512,8.295502,898.5723,2.334196,320.2212,47.765938
2022-12-08 10:00:00,17.873718,8.681549,898.26874,2.0983717,333.08176,54.907215
2022-12-08 11:00:00,17.640106,8.766174,898.3418,2.0105011,349.8817,56.040615
2022-12-08 12:00:00,17.345947,8.949371,898.7195,2.1120303,359.99216,57.80108
2022-12-08 13:00:00,17.016907,8.931,899.205,2.1663048,12.328217,58.943718
2022-12-08 14:00:00,15.851654,8.815002,899.79376,2.1258898,23.181122,62.98465
2022-12-08 15:00:00,14.607697,8.405487,900.2157,1.9980184,33.05121,66.3588
2022-12-08 16:00:00,14.419159,8.387268,900.444,1.8486243,42.73123,67.08879
2022-12-08 17:00:00,13.61673,8.141663,900.3728,1.7408584,48.564545,69.503426
2022-12-08 18:00:00,13.501282,8.099609,900.1228,1.6210543,51.33188,69.82772
2022-12-08 19:00:00,13.34198,8.018829,899.70654,1.496975,51.80188,70.169785
2022-12-08 20:00:00,12.768188,7.8270264,899.30615,1.4135879,48.991974,71.90526
2022-12-08 21:00:00,12.524841,7.6825867,898.9295,1.3979067,44.376404,72.34579
2022-12-08 22:00:00,12.168671,7.408142,898.8844,1.4019332,53.18979,72.68445
2022-12-08 23:00:00,12.104462,7.3849792,898.8345,1.6365057,48.581207,72.876724
2022-12-09 00:00:00,12.32312,7.5769043,899.00006,1.8325738,52.772736,72.783775
2022-12-09 01:00:00,12.299255,7.5816345,899.41296,1.9995226,60.0701,72.92149
2022-12-09 02:00:00,13.44635,8.045837,899.9826,2.2480965,66.298035,69.82237
2022-12-09 03:00:00,14.018829,8.145599,900.51874,2.436036,72.97955,67.73049
2022-12-09 04:00:00,14.710419,8.21817,900.776,2.1425345,83.258484,65.08864
2022-12-09 05:00:00,17.64441,8.716492,900.5867,1.4473106,93.37219,55.837643
2022-12-09 06:00:00,18.399353,8.592102,900.0181,0.5904631,108.16986,52.804016
2022-12-09 07:00:00,18.62326,8.452118,899.164,0.2763988,238.76709,51.577824
2022-12-09 08:00:00,19.590118,8.310486,898.3097,0.7023532,265.6217,48.097332
2022-12-09 09:00:00,19.635437,8.344391,897.77686,0.73681444,275.30295,48.072536
2022-12-09 10:00:00,18.059998,8.991608,897.5332,0.3572859,308.75858,55.41591
2022-12-09 11:00:00,17.878662,9.047119,897.67096,0.02564722,144.32837,56.26156
2022-12-09 12:00:00,17.608582,9.195465,898.0491,0.1337323,118.061584,57.801598
2022-12-09 13:00:00,17.28836,9.229797,898.60065,0.32759112,106.8154,59.11845
2022-12-09 14:00:00,16.108093,9.127777,899.2294,0.44505677,127.38745,63.28283
2022-12-09 15:00:00,14.965637,8.67395,899.69836,0.59953415,148.47821,66.03469
2022-12-09 16:00:00,14.738556,8.655029,899.9649,0.8283686,168.9433,66.92193
2022-12-09 17:00:00,14.024231,8.405457,899.98126,0.98110545,183.22711,68.910614
2022-12-09 18:00:00,13.824188,8.342987,899.81525,1.023773,195.96458,69.5158
2022-12-09 19:00:00,13.572937,8.230377,899.49243,1.0806743,209.16934,70.122604
2022-12-09 20:00:00,12.958923,8.041504,899.15393,1.0735378,221.30327,72.057106
2022-12-09 21:00:00,12.852142,8.03714,898.8539,0.99268425,236.64796,72.54048
2022-12-09 22:00:00,12.419434,7.8143005,898.8778,0.74009347,266.59045,73.50431
2022-12-09 23:00:00,12.37915,7.795929,898.8088,0.6415435,288.4499,73.606834
2022-12-10 00:00:00,12.489655,7.914459,899.0432,0.5886472,313.02997,73.666725
2022-12-10 01:00:00,12.481934,7.9319763,899.5371,0.6004074,344.00598,73.79191
2022-12-10 02:00:00,13.651093,8.424957,900.1668,0.7350916,9.652924,70.69354
2022-12-10 03:00:00,14.16806,8.5581665,900.77344,0.8276302,27.08899,68.98107
2022-12-10 04:00:00,14.827057,8.603302,901.0822,0.4070262,16.293304,66.30896
2022-12-10 05:00:00,17.580902,9.142731,900.9615,0.47841632,294.0976,57.697327
2022-12-10 06:00:00,18.30658,9.01355,900.3693,1.2065442,281.50885,54.645527
2022-12-10 07:00:00,18.53897,8.915802,899.5005,2.057452,283.5123,53.50166
2022-12-10 08:00:00,19.464447,8.8185425,898.64154,2.6511908,286.7624,50.169796
2022-12-10 09:00:00,19.519348,8.8063965,898.11346,2.7126126,292.78876,49.9579
2022-12-10 10:00:00,18.021027,9.256989,897.8883,2.4989154,301.1877,56.55387
2022-12-10 11:00:00,17.822632,9.382996,898.0398,2.129289,317.36734,57.751423
2022-12-10 12:00:00,17.587585,9.4888,898.4472,2.1810255,327.7719,59.03125
2022-12-10 13:00:00,17.31012,9.455109,898.9925,2.1229646,340.3741,59.93855
2022-12-10 14:00:00,16.245422,9.459381,899.63306,2.0011306,351.04477,64.14641
2022-12-10 15:00:00,15.377533,9.154877,900.14264,1.880166,359.4076,66.43136
2022-12-10 16:00:00,15.055756,9.067566,900.4403,1.7360944,5.587036,67.42076
2022-12-10 17:00:00,14.263336,8.8602295,900.4559,1.6455795,7.725006,69.97102
2022-12-10 18:00:00,14.057892,8.731598,900.3424,1.5030004,6.7397156,70.29471
2022-12-10 19:00:00,13.87265,8.693237,900.1397,1.4348407,2.7155762,70.96005
2022-12-10 20:00:00,13.198944,8.370972,899.9479,1.481905,357.58783,72.54032
2022-12-10 21:00:00,13.045105,8.31955,899.75006,1.6657045,353.40607,73.01752
2022-12-10 22:00:00,12.687653,8.131989,899.7262,2.3281941,353.45438,73.79972
2022-12-10 23:00:00,12.56662,8.070282,899.8116,2.5113049,357.37335,74.07629
2022-12-11 00:00:00,12.665466,8.073059,900.1077,2.6390674,1.1595764,73.61184
2022-12-11 01:00:00,12.617493,8.049072,900.6032,2.7330737,5.2011414,73.72337
2022-12-11 02:00:00,13.593964,8.400391,901.2919,2.8039265,9.608337,70.83864
2022-12-11 03:00:00,14.197113,8.552307,901.9673,2.8219867,12.621765,68.82415
2022-12-11 04:00:00,14.910248,8.741058,902.3805,2.5004966,8.365082,66.571815
2022-12-11 05:00:00,17.676727,9.435425,902.3267,2.4080367,352.0158,58.49034
2022-12-11 06:00:00,18.440155,9.518555,901.83844,2.613017,335.3662,56.06302
2022-12-11 07:00:00,18.69519,9.480743,901.0429,3.039503,322.8983,55.03525
2022-12-11 08:00:00,19.680634,9.460846,900.2125,3.5027514,317.2628,51.689236
2022-12-11 09:00:00,19.729645,9.448669,899.59314,3.782351,318.37323,51.49014
2022-12-11 10:00:00,18.09378,9.740021,899.2954,4.0084124,323.6095,58.152306
2022-12-11 11:00:00,17.914246,9.758301,899.23303,3.8174214,334.90747,58.88442
2022-12-11 12:00:00,17.601288,9.971619,899.47565,3.9342084,339.08203,60.920696
2022-12-11 13:00:00,17.355316,9.984161,899.9478,3.8766859,345.19852,61.925785
2022-12-11 14:00:00,16.314636,9.900604,900.5206,3.7540498,351.4946,65.78238
2022-12-11 15:00:00,15.188446,9.415222,900.95233,3.5912356,355.77158,68.43081
2022-12-11 16:00:00,14.979095,9.359772,901.14154,3.3879232,358.28406,69.1
2022-12-11 17:00:00,14.174164,8.935974,901.109,3.1920345,358.6672,70.7367
2022-12-11 18:00:00,14.027649,8.860535,900.88367,3.0626771,358.91205,71.04867
2022-12-11 19:00:00,13.855408,8.76059,900.5631,2.9594157,358.63742,71.36357
2022-12-11 20:00:00,13.269012,8.49469,900.15375,2.9367113,358.12473,72.81725
2022-12-11 21:00:00,13.046356,8.346222,899.7975,3.0364618,357.8803,73.1437
2022-12-11 22:00:00,12.643677,8.149689,899.65454,2.8025851,358.69272,74.10163
2022-12-11 23:00:00,12.590179,8.1684265,899.58716,2.9863274,3.866333,74.45655
2022-12-12 00:00:00,12.80307,8.318268,899.8285,3.0833282,8.983429,74.175735
2022-12-12 01:00:00,12.8194275,8.307892,900.30505,3.0870285,14.998505,74.044266
2022-12-12 02:00:00,13.878143,8.807617,900.9899,3.1057312,21.693756,71.485085
2022-12-12 03:00:00,14.403137,8.862335,901.615,3.0600674,27.690887,69.35116
2022-12-12 04:00:00,15.229279,9.181763,902.00464,2.5273926,29.61383,67.18802
2022-12-12 05:00:00,18.045227,9.673096,901.94354,1.8825972,18.190002,58.068794
2022-12-12 06:00:00,18.836731,9.724274,901.3393,1.6365361,346.83127,55.449455
2022-12-12 07:00:00,19.073181,9.718292,900.43353,2.2044342,320.71725,54.61536
2022-12-12 08:00:00,20.09784,9.749939,899.4879,2.758471,313.28384,51.356895
2022-12-12 09:00:00,20.130249,9.780426,898.825,2.9545836,316.66464,51.35887
2022-12-12 10:00:00,18.382385,10.102173,898.4994,2.7608259,318.98187,58.510105
2022-12-12 11:00:00,18.141357,9.982269,898.56696,2.590694,335.86798,58.927143
2022-12-12 12:00:00,17.855621,10.204651,898.83344,2.8511841,344.90857,60.89376
2022-12-12 13:00:00,17.59497,10.231812,899.3056,2.9719043,353.99683,62.014244
2022-12-12 14:00:00,16.572784,10.101898,899.89343,3.0335128,0.26571655,65.58818
2022-12-12 15:00:00,15.512787,9.690857,900.40686,3.019923,4.3887024,68.27334
2022-12-12 16:00:00,15.309082,9.622162,900.6982,3.0142443,8.267456,68.85303
2022-12-12 17:00:00,14.554199,9.316589,900.76556,3.0374796,11.434174,70.812454
2022-12-12 18:00:00,14.328125,9.217041,900.59436,3.0874896,13.382751,71.3747
2022-12-12 19:00:00,14.088165,9.097778,900.3164,3.152703,14.4531555,71.91206
2022-12-12 20:00:00,13.444855,8.779694,900.00244,3.281394,14.545471,73.388626
2022-12-12 21:00:00,13.270966,8.692383,899.8105,3.4950252,14.424011,73.788246
2022-12-12 22:00:00,12.958984,8.427185,899.8856,3.495539,8.961365,73.967155
2022-12-12 23:00:00,12.885284,8.416321,899.896,3.89486,12.371613,74.269745
2022-12-13 00:00:00,13.130341,8.560822,900.1721,4.1722918,16.842773,73.808655
2022-12-13 01:00:00,13.090179,8.502441,900.77795,4.34519,21.150177,73.710594
2022-12-13 02:00:00,14.103943,8.862091,901.5525,4.589154,25.86789,70.7057
2022-12-13 03:00:00,14.620911,8.970551,902.23553,4.680303,30.03366,68.88386
2022-12-13 04:00:00,15.261963,9.046967,902.5963,4.3448353,30.06839,66.44103
2022-12-13 05:00:00,17.798462,9.348877,902.43536,4.010971,23.209137,57.706833
2022-12-13 06:00:00,18.679169,9.334503,901.8564,3.873714,12.765625,54.55158
2022-12-13 07:00:00,18.945312,9.292908,900.96,3.9049637,2.559021,53.502144
2022-12-13 08:00:00,19.864563,9.22644,900.11597,4.052086,357.02997,50.303726
2022-12-13 09:00:00,19.891205,9.350922,899.5973,4.2382617,357.3605,50.643112
2022-12-13 10:00:00,18.19168,9.526794,899.4746,3.5441747,0.98999023,56.974953
2022-12-13 11:00:00,17.983276,9.455017,899.6054,3.7509594,15.058716,57.448124
2022-12-13 12:00:00,17.626373,9.661224,899.9455,3.8288004,18.590637,59.572594
2022-12-13 13:00:00,17.339447,9.645111,900.435,3.9636533,23.24121,60.59567
2022-12-13 14:00:00,16.172516,9.512787,900.9812,4.0095067,28.40335,64.67678
2022-12-13 15:00:00,15.164673,9.122101,901.4407,3.9248304,32.74286,67.19686
2022-12-13 16:00:00,14.785828,8.946838,901.6108,3.8265882,36.52487,68.04629
2022-12-13 17:00:00,13.983124,8.629395,901.546,3.7234437,39.14987,70.14987
2022-12-13 18:00:00,13.8220825,8.62973,901.34735,3.6344047,40.772156,70.88831
2022-12-13 19:00:00,13.643585,8.48819,901.0687,3.575603,40.991913,71.03157
2022-12-13 20:00:00,13.045013,8.238861,900.6994,3.6081297,40.400482,72.61949
2022-12-13 21:00:00,12.921967,8.141449,900.34924,3.696489,39.48108,72.723404
2022-12-13 22:00:00,12.401123,7.7366333,900.3328,3.682539,39.358276,73.20454
2022-12-13 23:00:00,12.315399,7.6804504,900.2692,3.9325504,40.708252,73.33656
2022-12-14 00:00:00,12.444092,7.694214,900.4846,4.0766716,44.14093,72.78771
2022-12-14 01:00:00,12.423035,7.653534,900.93713,4.212445,48.601868,72.68659
2022-12-14 02:00:00,13.467438,7.999115,901.5397,4.374512,53.25186,69.50553
2022-12-14 03:00:00,14.135559,8.124786,902.0879,4.390025,58.628784,67.12521
2022-12-14 04:00:00,14.783752,8.073944,902.39484,4.1055446,62.092407,64.15046
2022-12-14 05:00:00,17.604797,8.360565,902.2464,3.4739227,61.32376,54.64493
2022-12-14 06:00:00,18.355988,8.4375305,901.7085,2.774204,55.279053,52.39663
2022-12-14 07:00:00,18.660706,8.420044,900.9754,2.1981316,41.75882,51.345474
2022-12-14 08:00:00,19.829498,8.476501,900.1694,2.0709755,25.890564,47.92431
2022-12-14 09:00:00,19.882751,8.535065,899.6047,2.2449489,20.466187,47.956123
2022-12-14 10:00:00,18.108063,8.9096985,899.42456,1.449409,17.221497,54.94441
2022-12-14 11:00:00,17.929016,8.879822,899.54736,2.1229217,38.590607,55.454296
2022-12-14 12:00:00,17.604614,9.078369,899.86194,2.4115365,41.398224,57.361847
2022-12-14 13:00:00,17.301422,9.040222,900.40717,2.8191252,43.559845,58.320164
2022-12-14 14:00:00,16.219421,9.021179,900.9882,3.1983063,46.40851,62.385452
2022-12-14 15:00:00,15.188385,8.601929,901.44385,3.4212823,48.789124,64.77945
2022-12-14 16:00:00,14.903046,8.434631,901.73047,3.540726,51.27365,65.23617
2022-12-14 17:00:00,14.1223755,8.136658,901.68256,3.5788763,52.52997,67.236725
2022-12-14 18:00:00,13.985321,8.117126,901.44763,3.6956105,52.759216,67.74669
2022-12-14 19:00:00,13.809814,8.026855,901.0836,3.8320384,52.19748,68.10367
2022-12-14 20:00:00,13.104767,7.7668457,900.673,3.9852188,51.14319,70.052765
2022-12-14 21:00:00,12.970856,7.65979,900.2344,4.1678233,49.31546,70.15471
2022-12-14 22:00:00,12.53653,7.4739685,899.99994,4.1352916,54.17926,71.26911
2022-12-14 23:00:00,12.42926,7.429779,899.7848,4.3219714,53.20508,71.55625
2022-12-15 00:00:00,12.44632,7.3902283,899.9545,4.505547,53.600586,71.28339
2022-12-15 01:00:00,12.439056,7.3625793,900.3667,4.692184,54.611816,71.18281
2022-12-15 02:00:00,13.363983,7.769104,901.02954,4.893595,56.71472,68.888954
2022-12-15 03:00:00,13.8480835,7.8864746,901.59875,4.8924584,58.519928,67.28933
2022-12-15 04:00:00,14.514313,7.8962708,901.85693,4.5325084,55.067566,64.49156
2022-12-15 05:00:00,17.299622,8.1936035,901.58655,4.018551,46.141357,55.080627
2022-12-15 06:00:00,18.098907,8.341248,900.9277,3.6499908,31.740265,52.902515
2022-12-15 07:00:00,18.434998,8.306488,900.0101,3.560491,16.933105,51.676838
2022-12-15 08:00:00,19.424133,8.257172,899.11053,3.7379625,7.4107666,48.42062
2022-12-15 09:00:00,19.532532,8.195587,898.4765,4.0367885,5.5914917,47.89493
2022-12-15 10:00:00,17.984924,8.738495,898.22107,3.5230534,7.089905,54.73476
2022-12-15 11:00:00,17.828613,8.810333,898.2888,3.9478335,22.360168,55.544537
2022-12-15 12:00:00,17.563446,8.905731,898.65607,4.2197094,27.663055,56.845295
2022-12-15 13:00:00,17.20523,8.955719,899.1813,4.5512357,32.546814,58.342518
2022-12-15 14:00:00,15.925262,8.79245,899.7932,4.7581134,35.90689,62.593723
2022-12-15 15:00:00,14.733643,8.37027,900.2097,4.853623,38.355743,65.66504
2022-12-15 16:00:00,14.496643,8.29303,900.41736,4.81677,39.799744,66.32872
2022-12-15 17:00:00,13.663086,8.024933,900.38885,4.7637253,40.46048,68.746994
2022-12-15 18:00:00,13.419708,7.9599915,900.2187,4.7529287,40.40869,69.53669
2022-12-15 19:00:00,13.236847,7.926758,899.914,4.773419,39.78659,70.21153
2022-12-15 20:00:00,12.458282,7.6616516,899.52466,4.8566837,38.781525,72.558784
2022-12-15 21:00:00,12.262665,7.5343933,899.16235,5.0080185,37.71408,72.86187
2022-12-15 22:00:00,11.663513,7.1834717,898.9549,4.9120984,36.275024,73.99959
2022-12-15 23:00:00,11.580597,7.171814,898.9457,5.232743,37.526672,74.346664
2022-12-16 00:00:00,11.769745,7.233856,899.2596,5.4927735,39.574158,73.73625
2022-12-16 01:00:00,11.746216,7.2290955,899.9012,5.7223263,42.6167,73.82677
2022-12-16 02:00:00,12.754395,7.644745,900.68243,5.9071193,45.60974,71.08216
2022-12-16 03:00:00,13.222595,7.715271,901.3773,5.9795127,47.26941,69.2724
2022-12-16 04:00:00,13.999023,7.8531494,901.6802,6.0141892,46.12671,66.482735
2022-12-16 05:00:00,16.93277,8.337769,901.3847,5.7806687,43.622864,56.928413
2022-12-16 06:00:00,17.889069,8.350006,900.7071,5.326304,38.334167,53.636845
2022-12-16 07:00:00,18.121521,8.335175,899.79517,4.951316,30.516571,52.805676
2022-12-16 08:00:00,19.256958,8.359039,898.9432,4.9098387,23.17865,49.266033
2022-12-16 09:00:00,19.37967,8.315582,898.41943,5.1224666,19.791107,48.747425
2022-12-16 10:00:00,17.76297,8.8497925,898.15,4.47914,21.499878,55.923386
2022-12-16 11:00:00,17.584564,8.912598,898.215,5.2826595,30.044739,56.795944
2022-12-16 12:00:00,17.33664,9.090271,898.5809,5.821652,32.29004,58.38713
2022-12-16 13:00:00,17.068878,9.117126,899.09686,6.375086,35.669006,59.491913
2022-12-16 14:00:00,15.729248,8.908081,899.74664,6.658665,38.670685,63.87967
2022-12-16 15:00:00,14.445801,8.501923,900.3371,6.7824917,41.33783,67.49551
2022-12-16 16:00:00,14.240051,8.481323,900.7386,6.7881823,43.358856,68.304146
2022-12-16 17:00:00,13.403564,8.202515,900.7459,6.757277,44.611176,70.766075
2022-12-16 18:00:00,13.15213,8.158905,900.5279,6.7728343,45.196045,71.723145
2022-12-16 19:00:00,12.928741,8.082916,900.20044,6.812652,45.396423,72.40283
2022-12-16 20:00:00,12.171875,7.6699524,899.86273,6.9185567,44.9097,73.97874
2022-12-16 21:00:00,12.044067,7.587494,899.57495,7.096089,44.253937,74.185295
2022-12-16 22:00:00,11.497192,7.350769,899.49664,6.36843,45.277985,75.67795
2022-12-16 23:00:00,11.417999,7.288849,899.60187,6.7210083,44.416077,75.75411
2022-12-17 00:00:00,11.574524,7.3130493,899.9571,6.9918413,44.933136,75.09831
2022-12-17 01:00:00,11.555634,7.2948914,900.6836,7.2324586,46.172882,75.09884
2022-12-17 02:00:00,12.601074,7.798706,901.5499,7.492911,47.395966,72.55669
2022-12-17 03:00:00,13.06488,7.8287354,902.3342,7.707068,49.057526,70.53201
2022-12-17 04:00:00,13.780853,7.9644775,902.695,7.7581396,48.716125,67.94319
2022-12-17 05:00:00,16.924316,8.662445,902.498,7.5158644,46.673157,58.224785
2022-12-17 06:00:00,17.921326,8.676819,901.8143,7.1768994,41.50049,54.725502
2022-12-17 07:00:00,18.162872,8.584473,900.91907,6.9267645,34.39621,53.565495
2022-12-17 08:00:00,19.37085,8.511658,900.10297,6.9399977,28.261963,49.426388
2022-12-17 09:00:00,19.48523,8.412628,899.67914,7.1877456,25.855408,48.74808
2022-12-17 10:00:00,17.893768,8.8168335,899.5053,6.2217684,23.64743,55.341553
2022-12-17 11:00:00,17.74002,8.917816,899.6294,6.833438,29.205414,56.261997
2022-12-17 12:00:00,17.427856,9.091095,899.97925,7.25975,31.006226,58.05493
2022-12-17 13:00:00,17.09314,9.1710205,900.50305,7.6549077,34.089874,59.616608
2022-12-17 14:00:00,15.830322,8.94809,901.19135,7.878663,37.60858,63.639683
2022-12-17 15:00:00,14.580536,8.467621,901.6894,7.954768,40.785004,66.755585
2022-12-17 16:00:00,14.293732,8.398071,901.937,7.980855,43.623566,67.68459
2022-12-17 17:00:00,13.41333,8.179443,901.8592,7.943538,45.385193,70.61043
2022-12-17 18:00:00,13.158508,8.067841,901.58154,7.98652,46.328186,71.25129
2022-12-17 19:00:00,12.971222,8.006561,901.1832,8.018544,46.893555,71.828445
2022-12-17 20:00:00,12.267517,7.766144,900.7559,8.128602,46.89264,73.99835
2022-12-17 21:00:00,12.091553,7.6418457,900.3605,8.281825,46.523895,74.22834
2022-12-17 22:00:00,11.576965,7.338684,900.27325,7.802794,44.34726,75.21785
2022-12-17 23:00:00,11.488831,7.273285,900.17065,8.113295,44.32428,75.31988
2022-12-18 00:00:00,11.612732,7.3197937,900.5335,8.303718,45.10321,74.94351
2022-12-18 01:00:00,11.593872,7.267639,901.02124,8.529308,46.357788,74.76991
2022-12-18 02:00:00,12.632111,7.6596375,901.6682,8.821083,47.960114,71.726555
2022-12-18 03:00:00,13.089081,7.724701,902.10583,9.056294,49.97043,69.92355
2022-12-18 04:00:00,13.84137,7.953705,902.3479,9.076293,50.763794,67.62718
2022-12-18 05:00:00,17.06546,8.503296,902.1359,8.812779,49.82599,57.088478
2022-12-18 06:00:00,17.876465,8.472015,901.54376,8.314198,46.01349,54.12494
2022-12-18 07:00:00,18.155304,8.393036,900.6078,7.8525543,40.00406,52.900814
2022-12-18 08:00:00,19.48291,8.36795,899.6834,7.675677,33.959595,48.607735
2022-12-18 09:00:00,19.574005,8.398804,899.0307,7.8165817,30.651398,48.434555
2022-12-18 10:00:00,17.803223,8.645416,898.7134,7.2542644,30.299744,55.01681
2022-12-18 11:00:00,17.634491,8.688782,898.7025,7.5340204,34.56787,55.76802
2022-12-18 12:00:00,17.341553,8.833618,898.9811,7.694773,36.561493,57.367218
2022-12-18 13:00:00,17.059418,8.863159,899.45386,7.9209194,39.924713,58.516712
2022-12-18 14:00:00,15.7196045,8.690796,900.00476,8.053373,43.510284,62.9879
2022-12-18 15:00:00,14.494476,8.286224,900.4539,8.020897,46.61371,66.3074
2022-12-18 16:00:00,14.255676,8.167114,900.6843,7.8462996,49.209564,66.79695
2022-12-18 17:00:00,13.381653,7.864563,900.6346,7.642768,50.548798,69.25826
2022-12-18 18:00:00,13.130768,7.7201843,900.3837,7.5359488,50.63037,69.71205
2022-12-18 19:00:00,12.940033,7.6729736,899.9755,7.453052,50.28241,70.359375
2022-12-18 20:00:00,12.216095,7.3483276,899.51904,7.4685016,49.670532,72.1627
2022-12-18 21:00:00,12.118408,7.342865,899.1116,7.4984107,48.667053,72.600716
2022-12-18 22:00:00,11.472839,7.083191,898.94904,7.4298964,52.323853,74.42528
2022-12-18 23:00:00,11.437256,7.0665894,898.9084,7.5736876,51.342407,74.51588
2022-12-19 00:00:00,11.632294,7.1447144,899.183,7.6830454,51.439728,73.955925
2022-12-19 01:00:00,11.505707,7.040497,899.67114,7.78747,52.42386,74.0469
2022-12-19 02:00:00,12.467438,7.433319,900.3016,7.9536867,54.0979,71.39446
2022-12-19 03:00:00,12.939941,7.4960938,900.8597,8.05378,55.770905,69.516174
2022-12-19 04:00:00,13.644684,7.6344604,901.14276,7.836703,55.166656,67.02414
2022-12-19 05:00:00,16.835144,8.378326,900.9278,7.400101,51.823517,57.439552
2022-12-19 06:00:00,17.67804,8.256653,900.21704,6.944737,46.084625,54.011333
2022-12-19 07:00:00,17.941986,8.117126,899.2405,6.588873,39.096893,52.620613
2022-12-19 08:00:00,19.0448,8.066254,898.3055,6.5024357,32.858185,48.939632
2022-12-19 09:00:00,19.128662,7.931946,897.7422,6.7074223,30.291534,48.242016
2022-12-19 10:00:00,17.54596,8.569763,897.4498,6.524753,29.383942,55.630642
2022-12-19 11:00:00,17.391327,8.660828,897.4782,7.0002913,35.906464,56.523354
2022-12-19 12:00:00,17.09665,8.776062,897.75464,7.177625,37.559753,58.036602
2022-12-19 13:00:00,16.75354,8.811249,898.2478,7.4031415,40.98065,59.4537
2022-12-19 14:00:00,15.549072,8.654694,898.85986,7.475099,44.031128,63.524075
2022-12-19 15:00:00,14.286865,8.234192,899.3505,7.4067745,46.91446,66.96644
2022-12-19 16:00:00,14.0798645,8.1875305,899.60406,7.2801647,49.056244,67.65539
2022-12-19 17:00:00,13.089935,7.8478394,899.5229,7.1818643,50.32605,70.50833
2022-12-19 18:00:00,12.879028,7.771942,899.28937,7.1153436,50.723175,71.118454
2022-12-19 19:00:00,12.692474,7.7234497,898.9113,7.053188,50.746216,71.75477
2022-12-19 20:00:00,11.958008,7.4263,898.56085,7.0123105,50.07605,73.79078
2022-12-19 21:00:00,11.764465,7.32135,898.243,7.072779,48.946045,74.20445
2022-12-19 22:00:00,11.201904,7.0928345,898.18835,6.3924417,46.62317,75.82222
2022-12-19 23:00:00,11.083984,6.970398,898.24396,6.775342,45.623688,75.77914
2022-12-20 00:00:00,11.274261,7.089264,898.5505,7.0718555,45.86325,75.441185
2022-12-20 01:00:00,11.239746,7.027008,899.17346,7.3086658,47.845154,75.292175
2022-12-20 02:00:00,12.152161,7.3838196,899.9437,7.539801,49.74539,72.64264
2022-12-20 03:00:00,12.701416,7.4422913,900.63336,7.7385178,51.87207,70.35082
2022-12-20 04:00:00,13.46759,7.5862427,900.9243,7.659448,53.1586,67.57828
2022-12-20 05:00:00,16.57956,8.19574,900.6764,7.2705183,52.760376,57.660843
2022-12-20 06:00:00,17.470917,8.143097,899.9715,6.670163,49.164917,54.301434
2022-12-20 07:00:00,17.783447,8.075897,898.9788,6.138641,43.378784,52.99959
2022-12-20 08:00:00,18.86792,7.8539124,898.0817,5.9006166,37.435455,48.77355
2022-12-20 09:00:00,19.140411,7.602173,897.50775,5.986587,34.83481,47.136223
2022-12-20 10:00:00,17.435242,8.199707,897.32263,5.981438,36.974213,54.633385
2022-12-20 11:00:00,17.230011,8.306854,897.3937,6.551869,42.282166,55.750202
2022-12-20 12:00:00,16.93924,8.506378,897.6679,6.726851,45.123688,57.55876
2022-12-20 13:00:00,16.675781,8.543274,898.1509,6.9134,48.75403,58.67524
2022-12-20 14:00:00,15.403046,8.4340515,898.7418,6.93082,51.677917,63.17107
2022-12-20 15:00:00,14.1336975,7.9298706,899.1816,6.8534865,53.863983,66.24994
2022-12-20 16:00:00,13.85788,7.9068604,899.4334,6.706813,55.548615,67.33988
2022-12-20 17:00:00,13.0008545,7.619751,899.3632,6.5398893,56.31012,69.82647
2022-12-20 18:00:00,12.775604,7.5532227,899.1102,6.417552,55.847473,70.54194
2022-12-20 19:00:00,12.539398,7.4536743,898.7581,6.3566804,54.85315,71.15707
2022-12-20 20:00:00,11.813934,7.1175537,898.4343,6.395347,53.028595,72.9389
2022-12-20 21:00:00,11.698883,7.029022,898.13086,6.5988827,51.007324,73.05053
2022-12-20 22:00:00,11.27417,6.901123,898.13416,6.4621005,52.280457,74.475365
2022-12-20 23:00:00,11.223602,6.899231,898.17523,6.910137,50.127167,74.71557
2022-12-21 00:00:00,11.378174,6.9634094,898.51764,7.2172327,49.760284,74.28081
2022-12-21 01:00:00,11.388824,6.969055,899.1395,7.5184693,51.032898,74.25721
2022-12-21 02:00:00,12.344788,7.4340515,899.89417,7.7387204,52.31479,71.97521
2022-12-21 03:00:00,12.898163,7.5101013,900.5998,7.80198,54.385284,69.77299
2022-12-21 04:00:00,13.699707,7.74765,900.9652,7.35695,55.49762,67.30192
2022-12-21 05:00:00,16.737183,8.322937,900.8415,6.566906,54.326874,57.58111
2022-12-21 06:00:00,17.544922,8.22937,900.2117,5.7962112,48.684937,54.36585
2022-12-21 07:00:00,17.785858,8.073547,899.32263,5.296576,40.35437,52.9831
2022-12-21 08:00:00,18.975037,7.8167114,898.46124,5.1125474,32.381256,48.326008
2022-12-21 09:00:00,19.120026,7.6532288,897.8636,5.2433085,28.12558,47.360703
2022-12-21 10:00:00,17.31247,8.078278,897.6287,4.87713,33.607544,54.606663
2022-12-21 11:00:00,17.151123,8.212952,897.71326,5.5108066,36.023712,55.673347
2022-12-21 12:00:00,16.84311,8.46933,898.03143,5.7564554,36.180206,57.765568
2022-12-21 13:00:00,16.505402,8.5047,898.6209,5.967934,38.158875,59.159313
2022-12-21 14:00:00,15.371094,8.370575,899.2871,5.9182405,40.280792,63.02901
2022-12-21 15:00:00,14.245148,7.9147644,899.8686,5.736293,42.475677,65.706116
2022-12-21 16:00:00,13.901001,7.7831116,900.17914,5.4943037,44.224823,66.58855
2022-12-21 17:00:00,12.834503,7.3851624,900.1621,5.2921524,44.840027,69.469055
2022-12-21 18:00:00,12.660217,7.3248596,899.8856,5.165713,44.62326,69.97738
2022-12-21 19:00:00,12.369812,7.2066345,899.46954,5.0939307,43.848053,70.74888
2022-12-21 20:00:00,11.572754,6.81604,899.0256,5.0756016,43.122986,72.59381
2022-12-21 21:00:00,11.554565,6.846863,898.66034,5.148417,41.76953,72.834984
2022-12-21 22:00:00,10.985474,6.5186462,898.44275,5.626441,42.756348,73.94669
2022-12-21 23:00:00,10.924377,6.488739,898.4077,5.7074113,41.443726,74.0947
2022-12-22 00:00:00,11.013153,6.500366,898.7095,5.794175,42.115143,73.718216
2022-12-22 01:00:00,10.993103,6.503174,899.2236,5.841949,44.152252,73.83063
2022-12-22 02:00:00,11.863037,6.919464,899.8476,5.910241,46.2424,71.723206
2022-12-22 03:00:00,12.319031,6.8332214,900.4533,5.9115634,48.94275,69.19244
2022-12-22 04:00:00,13.079346,6.934723,900.7955,5.6480455,50.430634,66.291046
2022-12-22 05:00:00,16.053497,7.534546,900.698,5.0535645,49.61786,57.002113
2022-12-22 06:00:00,16.984924,7.339966,900.08374,4.301282,44.321564,53.01532
2022-12-22 07:00:00,17.393188,7.2621765,899.2087,3.72473,33.491882,51.38977
2022-12-22 08:00:00,18.561707,7.104431,898.3689,3.5557868,21.918243,47.237015
2022-12-22 09:00:00,18.694244,6.972534,897.8696,3.6782393,16.40097,46.42564
2022-12-22 10:00:00,17.023468,7.3411255,897.6768,3.8516653,14.482178,52.89023
2022-12-22 11:00:00,16.854675,7.573761,897.7344,4.345471,23.736115,54.314823
2022-12-22 12:00:00,16.531586,7.6842346,897.99506,4.4344597,27.119995,55.859722
2022-12-22 13:00:00,16.24585,7.742523,898.4877,4.5461345,31.078705,57.111214
2022-12-22 14:00:00,14.949219,7.540558,899.0694,4.5185757,33.7052,61.207207
2022-12-22 15:00:00,13.841858,7.083435,899.5349,4.355238,35.60373,63.726337
2022-12-22 16:00:00,13.570435,7.0930786,899.7731,4.155408,36.57663,64.903145
2022-12-22 17:00:00,12.635315,6.8270264,899.71716,4.0006456,36.658142,67.7426
2022-12-22 18:00:00,12.406799,6.729126,899.42444,3.981499,35.67148,68.305016
2022-12-22 19:00:00,12.237274,6.649811,899.007,3.939056,34.68759,68.69465
2022-12-22 20:00:00,11.5448,6.3309937,898.6439,3.9220307,33.076508,70.3428
2022-12-22 21:00:00,11.354248,6.189331,898.3883,3.9689915,31.32071,70.54281
2022-12-22 22:00:00,10.807373,5.877533,898.31854,3.4362268,30.280914,71.59077
2022-12-22 23:00:00,10.646271,5.817566,898.2756,3.7628834,28.669434,72.06263
2022-12-23 00:00:00,10.700226,5.827484,898.5968,3.9510849,29.504913,71.85362
2022-12-23 01:00:00,10.738983,5.885498,899.18964,4.1334004,31.838531,71.95668
2022-12-23 02:00:00,11.820618,6.3857117,899.84357,4.353175,33.996826,69.334274
2022-12-23 03:00:00,12.307678,6.357849,900.39276,4.491088,36.096527,67.018005
2022-12-23 04:00:00,13.144836,6.544647,900.69763,4.367457,35.569336,64.263855
2022-12-23 05:00:00,16.20993,7.078186,900.52765,4.0957313,31.58197,54.70314
2022-12-23 06:00:00,17.113586,7.121643,899.8917,3.8992481,23.084106,51.805836
2022-12-23 07:00:00,17.468933,7.0884094,898.99524,3.9076068,12.897583,50.54013
2022-12-23 08:00:00,18.696259,7.0299683,898.1811,4.119462,5.9790344,46.602825
2022-12-23 09:00:00,18.81186,6.988739,897.63446,4.401727,5.555786,46.136826
2022-12-23 10:00:00,17.052643,7.15979,897.432,4.484749,13.239746,52.142048
2022-12-23 11:00:00,16.898132,7.3545227,897.4481,5.0317907,21.772217,53.36078
2022-12-23 12:00:00,16.445984,7.429901,897.72156,5.2991824,30.536682,55.198677
2022-12-23 13:00:00,16.189453,7.425934,898.17944,5.5183697,36.229736,56.09262
2022-12-23 14:00:00,15.025024,7.337555,898.7445,5.6130195,40.12085,60.071022
2022-12-23 15:00:00,13.889404,6.902252,899.19775,5.533091,43.50699,62.746166
2022-12-23 16:00:00,13.565491,6.738861,899.4934,5.375294,46.588562,63.366287
2022-12-23 17:00:00,12.768311,6.597046,899.5561,5.201302,49.00952,66.102806
2022-12-23 18:00:00,12.519623,6.489563,899.4073,5.0404825,50.303955,66.69399
2022-12-23 19:00:00,12.284729,6.428955,899.1415,4.884222,50.680664,67.44852
2022-12-23 20:00:00,11.722656,6.2593384,898.8692,4.7792487,50.224487,69.17894
2022-12-23 21:00:00,11.489655,6.1688232,898.71234,4.778793,49.4122,69.81491
2022-12-23 22:00:00,10.986145,5.977539,898.68896,4.844161,51.172638,71.236244
2022-12-23 23:00:00,10.781738,5.8544006,898.7824,4.997226,49.426147,71.59828
2022-12-24 00:00:00,11.0121155,6.001343,899.0829,5.1507425,48.84308,71.23057
2022-12-24 01:00:00,10.991943,5.9944763,899.6078,5.2660913,50.03946,71.29218
2022-12-24 02:00:00,11.963959,6.5173645,900.30273,5.3758307,51.836243,69.30738
2022-12-24 03:00:00,12.62088,6.690216,900.92114,5.315681,53.81845,67.17287
2022-12-24 04:00:00,13.280243,6.7450867,901.2837,4.7954087,55.36673,64.58207
2022-12-24 05:00:00,15.899353,7.0463867,901.144,4.1881075,52.499207,55.67668
2022-12-24 06:00:00,16.763245,7.0268555,900.52045,3.742503,45.79428,52.626293
2022-12-24 07:00:00,17.059021,6.933899,899.60736,3.4646268,37.70517,51.320816
2022-12-24 08:00:00,18.059479,7.0074463,898.7681,3.4845946,29.953491,48.425777
2022-12-24 09:00:00,18.147247,6.9643555,898.24115,3.8726287,26.92398,48.01755
2022-12-24 10:00:00,16.445007,7.2599487,898.00195,4.3314295,24.633118,54.564793
2022-12-24 11:00:00,16.287354,7.345337,898.05963,5.159541,32.09137,55.437767
2022-12-24 12:00:00,16.028503,7.7048645,898.3204,5.4055767,37.01123,57.75991
2022-12-24 13:00:00,15.7854,7.742279,898.6852,5.7212377,40.03589,58.81365
2022-12-24 14:00:00,14.6614685,7.6662903,899.21594,5.8984923,42.864594,62.889416
2022-12-24 15:00:00,13.5902405,7.3208313,899.6928,5.9182167,45.98694,65.8373
2022-12-24 16:00:00,13.388031,7.3067627,900.0186,5.897631,49.23166,66.64549
2022-12-24 17:00:00,12.519714,7.026184,900.06354,5.8464093,52.092102,69.19627
2022-12-24 18:00:00,12.311462,6.9543457,899.84344,5.8153086,53.97522,69.80423
2022-12-24 19:00:00,12.117432,6.9009094,899.551,5.7209115,55.575714,70.44186
2022-12-24 20:00:00,11.437134,6.6524963,899.31287,5.613531,56.677124,72.429726
2022-12-24 21:00:00,11.303864,6.5891724,899.1753,5.6032467,56.94757,72.75408
2022-12-24 22:00:00,10.751587,6.360321,899.0185,4.7458644,62.40088,74.290886
2022-12-24 23:00:00,10.664368,6.344635,899.0955,5.084594,60.024933,74.642525
2022-12-25 00:00:00,10.834015,6.5179443,899.40674,5.2752123,60.510895,74.690765
2022-12-25 01:00:00,10.792084,6.4950867,899.9613,5.4747844,62.607117,74.78156
2022-12-25 02:00:00,11.531525,6.880432,900.6833,5.6221466,64.65405,73.11413
2022-12-25 03:00:00,11.933044,6.8289185,901.37006,5.614699,67.118835,70.95105
2022-12-25 04:00:00,12.481384,6.809326,901.7999,5.244147,70.26706,68.34672
2022-12-25 05:00:00,14.956421,7.2955017,901.682,4.6180573,73.06204,60.16358
2022-12-25 06:00:00,15.900269,7.3243713,901.1453,3.751085,73.970825,56.742348
2022-12-25 07:00:00,16.174316,7.2591553,900.31854,2.8970933,71.54138,55.510582
2022-12-25 08:00:00,17.252136,7.369812,899.5878,2.3487897,66.06769,52.23268
2022-12-25 09:00:00,17.442627,7.3091736,899.12195,2.2430284,59.64026,51.394444
2022-12-25 10:00:00,16.091705,7.6501465,899.0709,2.385061,63.934296,57.31336
2022-12-25 11:00:00,16.008057,7.6964417,899.2512,3.4931612,64.40759,57.802166
2022-12-25 12:00:00,15.772919,7.8280334,899.6078,3.8963025,64.28702,59.20529
2022-12-25 13:00:00,15.473328,7.8707275,900.13635,4.2353506,66.739655,60.527462
2022-12-25 14:00:00,14.457153,7.810089,900.8024,4.44526,68.534485,64.351585
2022-12-25 15:00:00,13.460632,7.4892273,901.33673,4.47603,70.57367,67.16291
2022-12-25 16:00:00,13.21933,7.491211,901.6395,4.4748225,72.1712,68.236664
2022-12-25 17:00:00,12.464539,7.3216553,901.65674,4.4332395,73.78024,70.86544
2022-12-25 18:00:00,12.258209,7.2826233,901.49005,4.4275227,74.18814,71.64078
2022-12-25 19:00:00,12.109131,7.2668457,901.19995,4.414973,74.21155,72.26856
2022-12-25 20:00:00,11.411774,7.011078,900.80914,4.4412584,72.89749,74.358345
2022-12-25 21:00:00,11.31665,6.9917297,900.461,4.5579104,70.90643,74.72882
2022-12-25 22:00:00,10.981781,6.845978,900.1485,4.259758,74.20502,75.64671
2022-12-25 23:00:00,10.866821,6.846924,900.24585,4.388763,72.04779,76.23143
2022-12-26 00:00:00,11.039215,6.9734497,900.5999,4.529791,70.67047,76.02044
2022-12-26 01:00:00,10.938507,6.9151917,901.16064,4.783908,70.399536,76.22534
2022-12-26 02:00:00,11.733704,7.3671265,901.8855,5.0601206,70.74545,74.588165
2022-12-26 03:00:00,12.280731,7.4364624,902.6005,5.151971,74.11905,72.29063
2022-12-26 04:00:00,12.888306,7.510437,903.0717,4.6941037,78.453674,69.81959
2022-12-26 05:00:00,15.407684,8.215942,903.0785,3.9151804,78.66373,62.225334
2022-12-26 06:00:00,16.267822,8.369202,902.5811,3.0041652,72.82855,59.511955
2022-12-26 07:00:00,16.594574,8.323883,901.7731,2.3175766,59.679443,58.10873
2022-12-26 08:00:00,17.616882,8.48584,900.9735,2.1037638,41.55847,55.06866
2022-12-26 09:00:00,17.735107,8.481293,900.4853,2.3987558,29.266449,54.643078
2022-12-26 10:00:00,16.480225,8.454926,900.2707,2.6131735,27.978058,59.054745
2022-12-26 11:00:00,16.301727,8.5937195,900.44666,3.5598378,36.007385,60.293243
2022-12-26 12:00:00,16.104492,8.730164,900.87897,4.0677347,36.52954,61.621857
2022-12-26 13:00:00,15.8090515,8.830566,901.4596,4.511326,38.60611,63.22282
2022-12-26 14:00:00,14.744354,8.689514,902.11127,4.789469,40.33838,67.05307
2022-12-26 15:00:00,13.617004,8.283356,902.57697,4.8665957,42.188293,70.173645
2022-12-26 16:00:00,13.373016,8.253174,902.88586,4.8721952,43.610016,71.15118
2022-12-26 17:00:00,12.641602,7.9824524,902.94763,4.831657,44.952606,73.274475
2022-12-26 18:00:00,12.4375305,7.9143677,902.76514,4.836133,45.117035,73.91865
2022-12-26 19:00:00,12.209198,7.8697815,902.4191,4.7884064,45.74402,74.80844
2022-12-26 20:00:00,11.564117,7.5967407,901.99304,4.750859,45.503967,76.61955
2022-12-26 21:00:00,11.412323,7.536072,901.7008,4.758244,45.092743,77.07285
2022-12-26 22:00:00,10.883148,7.2533264,901.5032,4.344974,47.2735,78.29805
2022-12-26 23:00:00,10.792664,7.21817,901.4918,4.414576,47.19989,78.58117
2022-12-27 00:00:00,10.895935,7.239624,901.73334,4.481483,48.474274,78.1583
2022-12-27 01:00:00,10.821564,7.1591797,902.2453,4.5272684,50.57785,78.11447
2022-12-27 02:00:00,11.6102295,7.583893,902.9037,4.54133,52.623047,76.31959
2022-12-27 03:00:00,11.95639,7.55484,903.52057,4.4190145,54.364838,74.44888
2022-12-27 04:00:00,12.480225,7.5539246,903.8036,4.0060377,53.442596,71.92414
2022-12-27 05:00:00,15.04953,8.265778,903.60016,3.326392,47.720886,63.88876
2022-12-27 06:00:00,15.912079,8.272522,902.9193,2.6261067,33.51715,60.480236
2022-12-27 07:00:00,16.281525,8.1276245,901.959,2.3227592,10.98819,58.493572
2022-12-27 08:00:00,17.319946,7.9590454,900.97943,2.553006,352.86752,54.14037
2022-12-27 09:00:00,17.467865,7.889618,900.3357,2.918158,347.87067,53.384293
2022-12-27 10:00:00,16.23529,8.14032,900.0693,3.147894,351.58038,58.71671
2022-12-27 11:00:00,16.125854,8.182678,900.21844,3.358128,14.333466,59.29802
2022-12-27 12:00:00,15.970825,8.276459,900.674,3.5626557,25.541718,60.26984
2022-12-27 13:00:00,15.726349,8.359314,901.2187,3.780255,30.56726,61.56381
2022-12-27 14:00:00,14.554657,8.199127,901.82495,3.9277885,35.237183,65.661125
2022-12-27 15:00:00,13.413025,7.851074,902.272,3.9291992,39.86142,69.05345
2022-12-27 16:00:00,13.236359,7.820099,902.56323,3.8688843,44.101135,69.70608
2022-12-27 17:00:00,12.319214,7.468292,902.6298,3.7770133,46.917236,72.26494
2022-12-27 18:00:00,12.150787,7.415863,902.45526,3.7152753,48.430176,72.80837
2022-12-27 19:00:00,11.897522,7.3399963,902.12946,3.7023475,48.917175,73.65001
2022-12-27 20:00:00,11.267517,7.0996094,901.7739,3.752585,48.651367,75.528366
2022-12-27 21:00:00,11.104187,6.9742126,901.5132,3.8333917,47.668182,75.69745
2022-12-27 22:00:00,10.640045,6.781952,901.41986,3.770908,52.09549,77.04558
2022-12-27 23:00:00,10.512512,6.7206116,901.4822,3.863365,53.21512,77.376205
2022-12-28 00:00:00,10.610748,6.803192,901.8352,3.9260514,54.815002,77.30859
2022-12-28 01:00:00,10.594177,6.7918396,902.45905,4.052641,56.151,77.33367
2022-12-28 02:00:00,11.415161,7.138214,903.16174,4.1451416,58.904724,74.991684
2022-12-28 03:00:00,11.8124695,7.064392,903.8242,4.121406,59.840485,72.68094
2022-12-28 04:00:00,12.441925,7.1075134,904.2358,3.7048197,56.064087,69.93876
2022-12-28 05:00:00,15.254822,7.7439575,904.175,3.0978625,46.01346,60.854443
2022-12-28 06:00:00,16.200256,7.5811462,903.64404,2.618475,27.992706,56.65088
2022-12-28 07:00:00,16.509308,7.502899,902.7712,2.5538993,7.062317,55.25145
2022-12-28 08:00:00,17.59314,7.3511353,901.8736,2.7479687,353.783,51.05486
2022-12-28 09:00:00,17.740479,7.2306213,901.2053,2.93066,349.65674,50.16799
2022-12-28 10:00:00,16.399963,7.648834,900.9133,2.7071388,1.4744873,56.19362
2022-12-28 11:00:00,16.276886,7.6760864,901.062,2.8853097,25.40686,56.740997
2022-12-28 12:00:00,16.015411,7.717224,901.59216,3.1468985,34.073486,57.85691
2022-12-28 13:00:00,15.73526,7.8009033,902.24005,3.4215097,41.515076,59.23857
2022-12-28 14:00:00,14.527405,7.7274475,902.969,3.5584486,47.764465,63.700764
2022-12-28 15:00:00,13.298584,7.3136597,903.459,3.6444216,52.385254,67.0667
2022-12-28 16:00:00,12.997742,7.2094116,903.77435,3.7023659,55.447693,67.91079
2022-12-28 17:00:00,12.203186,7.0283813,903.7107,3.6884313,56.5701,70.660286
2022-12-28 18:00:00,12.007782,6.9490967,903.4695,3.679779,55.85681,71.1869
2022-12-28 19:00:00,11.820953,6.8871155,903.0288,3.6534064,54.35904,71.76316
2022-12-28 20:00:00,11.195923,6.5968018,902.67267,3.6668303,52.065735,73.3146
2022-12-28 21:00:00,11.122223,6.5685425,902.4194,3.7926958,49.050537,73.530685
2022-12-28 22:00:00,10.559692,6.1745605,902.45703,3.9026291,57.0029,74.2886
2022-12-28 23:00:00,10.521088,6.1428223,902.49335,3.9966943,54.40393,74.317
2022-12-29 00:00:00,10.68161,6.265991,902.82,4.1472683,53.830627,74.154045
2022-12-29 01:00:00,10.676239,6.2469482,903.3226,4.3374543,54.270752,74.083244
2022-12-29 02:00:00,11.735657,6.843231,903.9522,4.534421,55.488373,71.95121
2022-12-29 03:00:00,12.244965,6.920868,904.56555,4.6097775,57.591614,69.9492
2022-12-29 04:00:00,13.117096,7.0584106,904.9118,4.283704,56.28064,66.69066
2022-12-29 05:00:00,15.910156,7.761627,904.86993,3.6451478,48.18515,58.423508
2022-12-29 06:00:00,16.7099,7.610443,904.3326,3.1147797,28.508057,54.953365
2022-12-29 07:00:00,16.969086,7.6928406,903.5201,3.1788783,3.5178833,54.36183
2022-12-29 08:00:00,17.95639,7.7456055,902.68823,3.6904988,348.09683,51.261288
2022-12-29 09:00:00,18.042847,7.7844543,902.15045,4.0889525,345.32074,51.11849
2022-12-29 10:00:00,16.777863,8.212585,901.8656,3.3928015,355.36133,57.004387
2022-12-29 11:00:00,16.603607,8.300079,902.0366,3.553922,10.083313,57.981728
2022-12-29 12:00:00,16.362335,8.478882,902.43945,3.7987382,20.724121,59.596
2022-12-29 13:00:00,16.154541,8.541382,903.039,4.046066,30.630127,60.646255
2022-12-29 14:00:00,15.141113,8.483215,903.6917,4.165769,37.75348,64.456535
2022-12-29 15:00:00,13.933502,8.062927,904.195,4.2060795,42.277985,67.724976
2022-12-29 16:00:00,13.684113,8.002533,904.4271,4.160943,44.550903,68.54868
2022-12-29 17:00:00,12.95697,7.822113,904.43805,4.105327,44.9675,70.99903
2022-12-29 18:00:00,12.797394,7.8191833,904.1983,4.1216965,44.0235,71.72964
2022-12-29 19:00:00,12.62619,7.789978,903.8868,4.155456,42.50464,72.39432
2022-12-29 20:00:00,11.986633,7.5704346,903.5366,4.2433033,40.526215,74.3798
2022-12-29 21:00:00,11.860748,7.5815735,903.2966,4.4100485,38.032715,75.05636
2022-12-29 22:00:00,11.370697,7.298706,903.17725,4.260237,39.742523,76.042816
2022-12-29 23:00:00,11.333649,7.2971497,903.1566,4.6266303,38.866577,76.221405
2022-12-30 00:00:00,11.512787,7.4466248,903.44763,4.919658,39.398804,76.09652
2022-12-30 01:00:00,11.476868,7.460327,904.00745,5.178223,41.011414,76.34884
2022-12-30 02:00:00,12.326294,7.897278,904.6666,5.418582,43.05896,74.37399
2022-12-30 03:00:00,12.746124,7.907959,905.3159,5.4752965,44.418,72.40684
2022-12-30 04:00:00,13.316284,7.8480835,905.7095,5.118217,44.272766,69.47595
2022-12-30 05:00:00,16.063354,8.531006,905.606,4.577196,37.6669,60.95718
2022-12-30 06:00:00,16.852478,8.333984,905.06506,4.396137,24.824402,57.204258
2022-12-30 07:00:00,17.106445,8.143402,904.2176,4.6121287,12.293304,55.56805
2022-12-30 08:00:00,18.07544,8.189606,903.3416,4.9843154,4.6349792,52.43842
2022-12-30 09:00:00,18.164337,8.0242,902.76624,5.4536085,2.299347,51.563972
2022-12-30 10:00:00,16.779419,8.305481,902.4485,5.149963,6.4326477,57.35904
2022-12-30 11:00:00,16.624542,8.491364,902.5496,5.8148103,13.242554,58.660038
2022-12-30 12:00:00,16.334106,8.568787,902.91516,6.119892,17.917145,60.067642
2022-12-30 13:00:00,16.027222,8.576721,903.4076,6.330509,20.794647,61.287212
2022-12-30 14:00:00,14.918518,8.412598,903.93805,6.4477105,23.126282,65.07401
2022-12-30 15:00:00,13.862915,7.981598,904.33417,6.399743,25.056213,67.660866
2022-12-30 16:00:00,13.596222,7.9098206,904.568,6.2568073,26.345886,68.508286
2022-12-30 17:00:00,12.640778,7.5739136,904.54663,6.1046433,26.726776,71.26808
2022-12-30 18:00:00,12.379669,7.41803,904.3061,6.0131354,26.527985,71.73201
2022-12-30 19:00:00,12.146881,7.3897705,903.96063,5.9558825,25.91742,72.69741
2022-12-30 20:00:00,11.4219055,7.0079956,903.6005,5.918036,25.430115,74.29283
2022-12-30 21:00:00,11.137024,6.805298,903.28827,5.936596,25.215942,74.66291
2022-12-30 22:00:00,10.600647,6.5664062,903.14026,5.68034,31.259521,76.112564
2022-12-30 23:00:00,10.473206,6.4611816,903.1074,5.7197776,31.456268,76.207924
2022-12-31 00:00:00,10.647064,6.5498047,903.4256,5.6836658,32.40515,75.79115
2022-12-31 01:00:00,10.59787,6.5073547,903.9071,5.6267776,34.711517,75.81811
2022-12-31 02:00:00,11.300354,6.931427,904.6097,5.542011,37.394775,74.50097
2022-12-31 03:00:00,11.926941,7.0822144,905.25275,5.3966503,38.84073,72.22261
2022-12-31 04:00:00,12.448334,7.099518,905.56836,5.0366464,38.08484,69.871086
2022-12-31 05:00:00,15.147369,7.9036865,905.37024,4.563076,32.25934,61.945755
2022-12-31 06:00:00,15.975586,7.7565613,904.67633,4.201561,20.82898,58.15981
2022-12-31 07:00:00,16.252594,7.54068,903.7301,4.154112,7.0920715,56.306618
2022-12-31 08:00:00,17.471191,7.352539,902.72955,4.3964205,355.98975,51.45411
2022-12-31 09:00:00,17.616241,7.1843567,902.03235,4.750183,351.6849,50.402546
2022-12-31 10:00:00,16.22409,7.3680725,901.5542,4.510774,357.00186,55.748196
2022-12-31 11:00:00,16.03415,7.4446106,901.6546,4.894513,8.390106,56.72331
2022-12-31 12:00:00,15.761841,7.5994873,902.0301,4.9926963,14.75824,58.331917
2022-12-31 13:00:00,15.453247,7.554718,902.53845,5.2360497,19.524414,59.31462
2022-12-31 14:00:00,14.233459,7.4480286,903.1014,5.3963666,23.16748,63.697372
2022-12-31 15:00:00,12.896362,6.8887024,903.5444,5.462248,26.064087,66.87714
2022-12-31 16:00:00,12.59314,6.8061523,903.78455,5.492874,28.31131,67.83288
2022-12-31 17:00:00,11.725586,6.463196,903.8409,5.5138774,29.609009,70.14343
2022-12-31 18:00:00,11.529297,6.3786926,903.68506,5.575458,29.919128,70.6466
2022-12-31 19:00:00,11.368317,6.328583,903.4098,5.693783,30.19751,71.15682
2022-12-31 20:00:00,10.731354,6.0265503,903.00464,5.8409705,30.191193,72.69824
2022-12-31 21:00:00,10.62735,5.973175,902.65326,6.04113,29.850586,72.93375
2022-12-31 22:00:00,10.053589,5.580139,902.55493,6.132341,31.878906,73.74689
2022-12-31 23:00:00,9.950043,5.5186462,902.5849,6.3869767,31.606232,73.94366
