timestamp,temperature_C,dewpoint_C,pressure_hPa,wind_speed_kmh,wind_direction_deg,relative_humidity_pct
2023-04-01 00:00:00,16.522217,12.517181,897.2078,0.8345844,261.60303,77.21064
2023-04-01 01:00:00,16.609283,12.575012,897.90076,0.69808203,255.73987,77.07629
2023-04-01 02:00:00,17.682617,12.779694,898.6218,0.8416558,237.19162,72.987404
2023-04-01 03:00:00,18.142426,12.786652,899.1057,1.3035958,238.74046,70.93885
2023-04-01 04:00:00,18.524597,12.686462,899.26776,1.8576999,244.69655,68.80629
2023-04-01 05:00:00,20.149323,12.723633,899.0597,2.523028,248.34369,62.34181
2023-04-01 06:00:00,20.937714,12.74054,898.6359,3.3495972,252.28123,59.449715
2023-04-01 07:00:00,21.088013,12.707764,897.923,4.2209697,256.70508,58.777
2023-04-01 08:00:00,21.873108,12.4487,897.1117,5.0180283,261.8713,55.075447
2023-04-01 09:00:00,22.000977,12.473877,896.3113,5.541818,266.75287,54.73782
2023-04-01 10:00:00,21.343872,12.481476,895.7343,5.605634,275.72852,57.00978
2023-04-01 11:00:00,21.256042,12.484863,895.5826,5.360345,279.39227,57.330288
2023-04-01 12:00:00,21.113556,12.530487,895.7168,4.480217,283.62997,58.00704
2023-04-01 13:00:00,20.896332,12.61676,896.10626,3.425305,286.1608,59.119843
2023-04-01 14:00:00,19.969269,12.780029,896.69196,2.7464755,288.024,63.273502
2023-04-01 15:00:00,18.977448,12.632507,897.2753,2.3193784,285.71524,66.65008
2023-04-01 16:00:00,18.729736,12.638397,897.6852,2.029878,279.38092,67.71532
2023-04-01 17:00:00,17.929932,12.550293,897.80695,1.9702953,270.6784,70.7879
2023-04-01 18:00:00,17.731506,12.521027,897.70844,2.105678,263.93835,71.54014
2023-04-01 19:00:00,17.50998,12.49942,897.3812,2.2946324,260.5552,72.44358
2023-04-01 20:00:00,16.7341,12.299683,897.009,2.5232444,260.2982,75.09839
2023-04-01 21:00:00,16.548645,12.234131,896.603,2.6947186,260.80103,75.66166
2023-04-01 22:00:00,15.956421,12.016357,896.3083,3.017301,260.191,77.45339
2023-04-01 23:00:00,15.898376,12.074738,896.2759,2.983181,258.22284,78.040436
2023-04-02 00:00:00,16.24701,12.271851,896.60986,2.9220004,255.87311,77.319565
2023-04-02 01:00:00,16.278412,12.265625,897.24963,2.83443,253.20074,77.1335
2023-04-02 02:00:00,17.589111,12.554443,897.9641,3.0779016,251.75311,72.343445
2023-04-02 03:00:00,17.94983,12.588684,898.51984,3.7250016,253.6239,70.87756
2023-04-02 04:00:00,18.345581,12.43631,898.7221,4.501266,257.98987,68.45041
2023-04-02 05:00:00,20.38504,12.34314,898.65967,5.34974,261.26324,59.926308
2023-04-02 06:00:00,21.217651,12.164795,898.22833,6.2357225,263.43695,56.269867
2023-04-02 07:00:00,21.443146,12.078003,897.5593,7.0048633,265.60648,55.181557
2023-04-02 08:00:00,22.20755,11.869232,896.70264,7.624365,268.0581,51.945885
2023-04-02 09:00:00,22.319275,11.767822,895.9032,7.9606786,271.2735,51.24997
2023-04-02 10:00:00,21.620087,11.841522,895.2901,7.745599,275.97833,53.74348
2023-04-02 11:00:00,21.561584,11.797882,895.13025,7.192077,278.87842,53.781136
2023-04-02 12:00:00,21.38385,11.8845215,895.2684,5.857736,280.02063,54.681026
2023-04-02 13:00:00,21.197418,11.85614,895.6175,4.6651907,279.28604,55.206226
2023-04-02 14:00:00,20.05951,12.152222,896.18396,4.020469,279.62396,60.38174
2023-04-02 15:00:00,19.005127,11.961639,896.8105,3.6046793,277.34424,63.666058
2023-04-02 16:00:00,18.76056,12.060303,897.2143,3.3855996,273.4477,65.06711
2023-04-02 17:00:00,17.855621,11.964233,897.2965,3.369673,268.71692,68.43239
2023-04-02 18:00:00,17.608643,12.013458,897.04346,3.4453266,265.4607,69.73106
2023-04-02 19:00:00,17.33664,11.970917,896.6183,3.6126208,264.6155,70.74009
2023-04-02 20:00:00,16.670532,11.788422,896.1565,3.7699137,265.03925,72.90647
2023-04-02 21:00:00,16.425293,11.749603,895.7969,3.9104164,266.03577,73.862526
2023-04-02 22:00:00,15.79538,11.548492,895.53937,3.9838073,264.20724,75.876175
2023-04-02 23:00:00,15.680939,11.5047,895.6362,3.84646,263.79657,76.212715
2023-04-03 00:00:00,16.043243,11.665649,896.0472,3.6672728,262.57812,75.26455
2023-04-03 01:00:00,16.124542,11.688446,896.7477,3.4882216,260.9047,74.98797
2023-04-03 02:00:00,17.594513,12.094849,897.563,3.5393622,259.0529,70.16815
2023-04-03 03:00:00,18.134094,12.089844,898.1593,4.021062,258.56485,67.80326
2023-04-03 04:00:00,18.559967,12.008392,898.4849,4.736108,259.20175,65.66382
2023-04-03 05:00:00,20.536835,11.956146,898.452,5.4844866,259.52502,57.875557
2023-04-03 06:00:00,21.440155,11.744232,898.16986,6.2615333,259.6801,53.99093
2023-04-03 07:00:00,21.68106,11.651459,897.56116,7.048012,260.66907,52.876175
2023-04-03 08:00:00,22.544525,11.488129,896.82874,7.612989,262.61258,49.627808
2023-04-03 09:00:00,22.650543,11.439178,896.1152,7.900743,265.5514,49.150066
2023-04-03 10:00:00,22.028625,11.739563,895.658,7.548084,268.487,52.06802
2023-04-03 11:00:00,21.912079,11.722565,895.655,6.684918,270.99176,52.380688
2023-04-03 12:00:00,21.720978,11.914307,895.8761,5.221388,274.0193,53.66991
2023-04-03 13:00:00,21.463623,11.897522,896.3601,4.061581,276.87378,54.46117
2023-04-03 14:00:00,20.33075,12.061707,896.9543,3.1650486,277.07745,59.025116
2023-04-03 15:00:00,19.350677,11.835876,897.65356,2.6414042,274.1099,61.7958
2023-04-03 16:00:00,19.070343,11.916565,898.101,2.4072978,267.77887,63.219612
2023-04-03 17:00:00,18.182373,11.944305,898.1971,2.4339902,261.54816,66.95332
2023-04-03 18:00:00,17.95996,12.0243225,897.9408,2.6442246,258.1683,68.25425
2023-04-03 19:00:00,17.705078,12.044708,897.55084,2.8920846,258.2314,69.451256
2023-04-03 20:00:00,17.008362,11.842682,897.1075,3.1132753,259.79117,71.61673
2023-04-03 21:00:00,16.774994,11.764526,896.73834,3.307578,261.60013,72.31052
2023-04-03 22:00:00,16.08194,11.671997,896.6365,3.3847258,264.08627,75.11042
2023-04-03 23:00:00,16.041199,11.738495,896.76,3.239093,266.67325,75.63718
2023-04-04 00:00:00,16.34494,11.977264,897.30646,3.1209657,268.58206,75.36394
2023-04-04 01:00:00,16.421814,11.983093,898.03925,2.950695,270.9769,75.02487
2023-04-04 02:00:00,17.731537,12.163208,898.82227,3.1805084,271.83514,69.87835
2023-04-04 03:00:00,18.13379,12.10321,899.45514,3.6638377,273.01715,67.86422
2023-04-04 04:00:00,18.581299,11.918274,899.8082,4.275188,275.14368,65.18805
2023-04-04 05:00:00,20.529297,11.922211,899.77655,4.876927,275.8487,57.773132
2023-04-04 06:00:00,21.37378,11.875214,899.4163,5.6083155,275.40448,54.681217
2023-04-04 07:00:00,21.611115,11.758575,898.769,6.3487663,275.3274,53.479584
2023-04-04 08:00:00,22.589447,11.707947,898.0067,6.9594426,276.9421,50.21659
2023-04-04 09:00:00,22.69336,11.614197,897.269,7.2973843,280.2906,49.592964
2023-04-04 10:00:00,21.968018,11.529144,896.7199,6.35054,283.70712,51.539577
2023-04-04 11:00:00,21.852234,11.517456,896.5966,5.94721,287.98975,51.86491
2023-04-04 12:00:00,21.694183,11.664978,896.8247,4.886375,292.69516,52.880955
2023-04-04 13:00:00,21.51413,11.640289,897.2729,3.9832795,296.12244,53.379433
2023-04-04 14:00:00,20.429565,11.911011,897.85736,3.5165105,297.54395,58.086754
2023-04-04 15:00:00,19.263367,11.753387,898.4485,3.197381,297.29883,61.79536
2023-04-04 16:00:00,18.927399,11.759399,898.8264,3.0315602,295.69125,63.12828
2023-04-04 17:00:00,18.028198,11.650909,898.8816,3.048416,293.32437,66.30912
2023-04-04 18:00:00,17.739838,11.606781,898.6421,3.2696323,291.61414,67.32666
2023-04-04 19:00:00,17.509583,11.553192,898.2188,3.5302997,290.40668,68.06966
2023-04-04 20:00:00,16.792053,11.350281,897.786,3.8151839,290.98187,70.28173
2023-04-04 21:00:00,16.697601,11.341583,897.3867,3.935701,292.2677,70.66365
2023-04-04 22:00:00,15.954254,11.207977,896.9675,3.8790123,294.98734,73.43615
2023-04-04 23:00:00,15.783478,11.121094,897.12506,3.8317332,296.47388,73.81558
2023-04-05 00:00:00,16.098206,11.220856,897.5558,3.6439354,298.16064,72.82667
2023-04-05 01:00:00,16.122223,11.218597,898.23883,3.4629428,300.36926,72.70431
2023-04-05 02:00:00,17.699097,11.527283,898.9709,3.432164,301.07913,67.14601
2023-04-05 03:00:00,18.013916,11.397583,899.5768,3.4318795,301.18707,65.266556
2023-04-05 04:00:00,18.55899,11.271118,899.8693,3.4574196,299.2235,62.546997
2023-04-05 05:00:00,20.73941,11.143036,899.796,3.6507344,292.09293,54.167282
2023-04-05 06:00:00,21.608307,11.070374,899.41156,4.157945,284.61786,51.107998
2023-04-05 07:00:00,21.876984,10.99762,898.6993,4.859375,280.35153,50.03374
2023-04-05 08:00:00,22.792145,10.744141,897.85803,5.5093884,279.6712,46.534332
2023-04-05 09:00:00,22.941559,10.667511,897.06146,5.9083333,280.43726,45.880512
2023-04-05 10:00:00,22.141693,10.786163,896.57935,5.746576,281.59302,48.5459
2023-04-05 11:00:00,22.05542,10.729248,896.4305,5.1633973,284.85886,48.6174
2023-04-05 12:00:00,21.926178,10.655548,896.69055,3.9973977,288.6836,48.76241
2023-04-05 13:00:00,21.573761,10.575439,897.2246,3.0016265,293.92972,49.558674
2023-04-05 14:00:00,20.336487,10.8116455,897.9905,2.3712883,296.5165,54.321514
2023-04-05 15:00:00,19.192444,10.773163,898.7837,1.8942318,296.29895,58.16695
2023-04-05 16:00:00,18.773224,10.791504,899.3029,1.5876893,293.72913,59.7813
2023-04-05 17:00:00,17.869019,10.768494,899.4508,1.4924649,288.68298,63.172184
2023-04-05 18:00:00,17.515045,10.724701,899.28455,1.56306,284.11182,64.40918
2023-04-05 19:00:00,17.288086,10.738281,898.94336,1.7428765,282.47894,65.398026
2023-04-05 20:00:00,16.479065,10.5894165,898.5476,1.9654727,284.65448,68.16152
2023-04-05 21:00:00,16.282013,10.545349,898.1526,2.152127,288.6558,68.81954
2023-04-05 22:00:00,15.827179,10.649567,898.0856,2.2672718,305.73193,71.33949
2023-04-05 23:00:00,15.745941,10.684448,898.1788,2.1455786,312.04208,71.87769
2023-04-06 00:00:00,15.974701,10.810638,898.61774,2.0051694,319.7872,71.43153
2023-04-06 01:00:00,16.004578,10.755035,899.2766,1.8481677,329.05505,71.03232
2023-04-06 02:00:00,17.842346,11.326324,899.9782,1.8231777,334.63098,65.66426
2023-04-06 03:00:00,18.309143,11.215057,900.56976,1.7888207,332.13724,63.298286
2023-04-06 04:00:00,18.905365,11.157898,900.8654,1.8798832,326.74316,60.749783
2023-04-06 05:00:00,21.308472,11.184662,900.8145,2.0783348,311.5854,52.45092
2023-04-06 06:00:00,22.244446,11.0216675,900.4805,2.6003978,297.18896,49.00372
2023-04-06 07:00:00,22.43341,10.910217,899.7905,3.4096873,290.76227,48.086575
2023-04-06 08:00:00,23.505737,10.788483,899.0192,4.1339974,290.6008,44.701138
2023-04-06 09:00:00,23.572845,10.677063,898.261,4.585946,293.80078,44.191967
2023-04-06 10:00:00,22.901276,11.109619,897.8212,4.425322,299.29626,47.363434
2023-04-06 11:00:00,22.758392,11.0867,897.6858,4.0901203,308.57587,47.70275
2023-04-06 12:00:00,22.593445,11.18573,897.8899,3.3606875,321.86444,48.499928
2023-04-06 13:00:00,22.318634,11.181519,898.38055,2.880896,331.8638,49.30293
2023-04-06 14:00:00,21.008575,11.353424,899.06024,2.6742327,338.18494,54.025715
2023-04-06 15:00:00,19.706665,11.215729,899.75775,2.534289,344.3357,58.01633
2023-04-06 16:00:00,19.391907,11.213287,900.2286,2.404223,347.76813,59.15236
2023-04-06 17:00:00,18.447693,11.158997,900.4082,2.3193614,347.46884,62.518223
2023-04-06 18:00:00,18.122955,11.094757,900.37714,2.289959,343.48062,63.53354
2023-04-06 19:00:00,17.846863,11.083954,900.12787,2.4301705,339.789,64.59966
2023-04-06 20:00:00,16.985321,10.919067,899.8219,2.6467247,337.56122,67.46893
2023-04-06 21:00:00,16.792023,10.896606,899.465,2.9037218,337.6453,68.19904
2023-04-06 22:00:00,16.125519,10.77182,899.348,2.9444075,341.77313,70.565025
2023-04-06 23:00:00,16.02356,10.788269,899.4893,3.0734444,345.3694,71.10327
2023-04-07 00:00:00,16.313965,10.982147,900.09125,3.088596,350.1792,70.70378
2023-04-07 01:00:00,16.35141,10.996765,900.8375,3.1312044,355.98502,70.60389
2023-04-07 02:00:00,18.15149,11.23114,901.6207,3.2166357,358.41315,63.99576
2023-04-07 03:00:00,18.60138,11.13324,902.1979,3.0922632,359.55283,61.813896
2023-04-07 04:00:00,19.151611,11.048645,902.5221,2.9663393,358.42844,59.391968
2023-04-07 05:00:00,21.546814,11.023346,902.5302,2.9029338,352.16754,51.140785
2023-04-07 06:00:00,22.398438,10.727173,902.234,3.0300815,340.32648,47.606167
2023-04-07 07:00:00,22.629547,10.608307,901.632,3.4439304,328.04187,46.572655
2023-04-07 08:00:00,23.73761,10.564636,900.90485,4.0552263,320.7835,43.429344
2023-04-07 09:00:00,23.862152,10.479095,900.2358,4.5807724,318.96738,42.86021
2023-04-07 10:00:00,23.102997,10.757446,899.74603,4.839897,320.03452,45.707138
2023-04-07 11:00:00,22.935883,10.686371,899.58734,4.773699,328.31085,45.953922
2023-04-07 12:00:00,22.793945,10.803009,899.82153,4.4038253,341.79263,46.71173
2023-04-07 13:00:00,22.41043,10.745209,900.31885,4.1719637,351.7697,47.628574
2023-04-07 14:00:00,20.893555,11.036133,901.0031,4.0297427,359.30594,53.276848
2023-04-07 15:00:00,19.548462,10.694122,901.61475,3.8672965,6.206482,56.59457
2023-04-07 16:00:00,19.27246,10.705383,902.0687,3.673662,11.591644,57.617496
2023-04-07 17:00:00,18.278748,10.640686,902.22687,3.3794506,15.159058,61.045467
2023-04-07 18:00:00,18.05835,10.612701,902.163,3.1476529,16.565033,61.780827
2023-04-07 19:00:00,17.80487,10.600525,901.8864,2.944834,15.589203,62.7228
2023-04-07 20:00:00,16.926239,10.485107,901.51154,2.9018114,13.180023,65.794716
2023-04-07 21:00:00,16.715454,10.412567,901.1715,2.9752228,11.082733,66.35868
2023-04-07 22:00:00,16.039154,10.315979,901.0739,2.893091,11.575378,68.83271
2023-04-07 23:00:00,15.912781,10.28125,901.23706,2.910199,13.951782,69.22969
2023-04-08 00:00:00,16.219513,10.425903,901.71814,2.9636016,17.71994,68.5463
2023-04-08 01:00:00,16.296783,10.408478,902.40344,3.0756013,22.817505,68.13048
2023-04-08 02:00:00,18.320374,10.9653015,903.1027,3.1521084,27.529358,62.2145
2023-04-08 03:00:00,18.852478,10.916443,903.6086,3.0413957,31.14685,59.98196
2023-04-08 04:00:00,19.452148,10.864746,903.8731,2.7394533,31.755676,57.58391
2023-04-08 05:00:00,22.005554,10.971069,903.7737,2.240261,26.503326,49.55541
2023-04-08 06:00:00,22.815826,10.707916,903.40186,1.7587305,7.0582275,46.355755
2023-04-08 07:00:00,23.102417,10.7187805,902.7012,1.8390301,334.90778,45.591324
2023-04-08 08:00:00,24.137543,10.692566,901.9266,2.4499693,317.67166,42.760586
2023-04-08 09:00:00,24.25412,10.590607,901.2434,3.1113772,313.9093,42.17542
2023-04-08 10:00:00,23.568237,11.092224,900.6802,3.22285,309.6133,45.440407
2023-04-08 11:00:00,23.391052,11.068024,900.5637,3.2566695,320.25278,45.854874
2023-04-08 12:00:00,23.176666,11.172211,900.8114,2.99336,337.3732,46.774494
2023-04-08 13:00:00,22.838684,11.0321045,901.2721,2.880416,347.66327,47.29952
2023-04-08 14:00:00,21.293182,11.379395,901.886,2.7516406,357.49023,53.181583
2023-04-08 15:00:00,20.19107,11.307892,902.50507,2.639354,4.848419,56.646378
2023-04-08 16:00:00,19.67871,11.116028,902.93854,2.509353,8.998047,57.734222
2023-04-08 17:00:00,18.74533,11.197205,903.1541,2.3697987,9.73053,61.520214
2023-04-08 18:00:00,18.377136,11.133331,903.05194,2.2969148,6.720215,62.68849
2023-04-08 19:00:00,18.167175,11.141205,902.7651,2.341822,2.4752808,63.552814
2023-04-08 20:00:00,17.357056,10.930817,902.3533,2.5094497,359.26404,65.952194
2023-04-08 21:00:00,17.140717,10.889313,902.00836,2.7579465,358.8032,66.676445
2023-04-08 22:00:00,16.516693,10.7109375,901.84467,2.1999578,3.1784668,68.55085
2023-04-08 23:00:00,16.393585,10.64975,901.8871,2.4436285,6.6640625,68.80906
2023-04-09 00:00:00,16.780579,10.834198,902.245,2.6609647,9.941956,67.96616
2023-04-09 01:00:00,16.886719,10.796448,902.8569,2.8291306,14.388428,67.340935
2023-04-09 02:00:00,18.877289,11.356049,903.53125,2.875758,17.579315,61.660408
2023-04-09 03:00:00,19.366516,11.321472,904.00305,2.6769657,17.411774,59.67193
2023-04-09 04:00:00,19.98352,11.231995,904.1252,2.3532624,10.4748535,57.090736
2023-04-09 05:00:00,22.545471,11.305725,903.9721,2.133606,356.56238,49.029606
2023-04-09 06:00:00,23.459625,10.936462,903.5066,2.3610382,335.76944,45.268562
2023-04-09 07:00:00,23.731842,10.862122,902.74835,3.0435486,322.04834,44.31277
2023-04-09 08:00:00,24.709808,10.686584,901.8605,3.7866387,316.8635,41.303684
2023-04-09 09:00:00,24.826141,10.604187,901.03845,4.3223186,316.90063,40.79336
2023-04-09 10:00:00,23.991333,11.0199585,900.3962,4.049492,313.69293,44.086353
2023-04-09 11:00:00,23.89151,11.166595,900.02826,3.969132,322.37537,44.785084
2023-04-09 12:00:00,23.658478,11.279205,900.053,3.5541508,337.15894,45.757614
2023-04-09 13:00:00,23.288269,11.181824,900.3809,3.2791033,347.96616,46.489777
2023-04-09 14:00:00,21.701752,11.511566,900.90894,3.143848,357.6544,52.32347
2023-04-09 15:00:00,20.568817,11.5763855,901.4501,2.9453263,4.950531,56.33231
2023-04-09 16:00:00,20.144104,11.464539,901.7468,2.6615012,10.273376,57.403065
2023-04-09 17:00:00,19.053497,11.401367,901.8105,2.357503,13.269501,61.169308
2023-04-09 18:00:00,18.797058,11.346405,901.57654,2.1660888,12.270325,61.930626
2023-04-09 19:00:00,18.452362,11.257629,901.16956,2.0397015,8.839966,62.909786
2023-04-09 20:00:00,17.55133,11.15448,900.62396,2.0468056,4.1390686,66.12236
2023-04-09 21:00:00,17.358185,11.101929,900.1172,2.0676444,1.8040161,66.70065
2023-04-09 22:00:00,16.720276,10.92395,899.8611,1.4260497,9.711609,68.634834
2023-04-09 23:00:00,16.656616,10.946411,899.9528,1.3747678,9.029816,69.01571
2023-04-10 00:00:00,16.953674,11.097046,900.3719,1.3235126,13.072571,68.40767
2023-04-10 01:00:00,17.042175,11.051178,901.04175,1.326461,20.10794,67.81855
2023-04-10 02:00:00,19.059387,11.440155,901.8081,1.370977,22.603851,61.303947
2023-04-10 03:00:00,19.606598,11.373962,902.36127,1.2936554,15.554596,58.992744
2023-04-10 04:00:00,20.367554,11.250397,902.57733,1.191628,0.21170044,55.81915
2023-04-10 05:00:00,22.953247,11.147827,902.4592,1.2890418,334.37985,47.33437
2023-04-10 06:00:00,23.775482,10.947662,902.0711,1.8501375,310.82812,44.44838
2023-04-10 07:00:00,24.042755,10.878082,901.35425,2.6701097,299.8122,43.538303
2023-04-10 08:00:00,24.961365,10.7901,900.49713,3.388469,296.7597,40.969166
2023-04-10 09:00:00,25.113403,10.608856,899.6807,3.9344897,297.85913,40.11294
2023-04-10 10:00:00,24.33023,11.029755,899.08984,4.1262913,301.45117,43.227097
2023-04-10 11:00:00,24.2247,11.034302,898.92914,3.8713825,307.20837,43.514545
2023-04-10 12:00:00,23.996124,11.087097,899.13586,3.0900788,317.3192,44.270435
2023-04-10 13:00:00,23.716675,10.995148,899.52484,2.6736617,327.30597,44.746807
2023-04-10 14:00:00,22.169006,11.502869,900.1053,2.4528828,335.59,50.82371
2023-04-10 15:00:00,20.904755,11.484863,900.63617,2.2471216,341.86957,54.846416
2023-04-10 16:00:00,20.49643,11.462219,901.0349,2.0877378,344.90128,56.158875
2023-04-10 17:00:00,19.336151,11.36557,901.1355,1.9348477,344.99026,59.959538
2023-04-10 18:00:00,19.051239,11.359833,900.94006,1.888774,341.52417,61.01001
2023-04-10 19:00:00,18.790894,11.32373,900.5697,1.9000397,336.80505,61.861565
2023-04-10 20:00:00,18.091064,11.192627,900.1131,1.9906098,334.27313,64.07535
2023-04-10 21:00:00,17.647003,11.049713,899.71985,2.0418217,334.7357,65.26956
2023-04-10 22:00:00,16.999268,10.970062,899.39984,1.2929953,327.99268,67.63799
2023-04-10 23:00:00,16.920013,10.998596,899.601,1.3699065,333.9852,68.10743
2023-04-11 00:00:00,17.31305,11.2500305,900.0517,1.4351788,340.29022,67.551025
2023-04-11 01:00:00,17.423462,11.227936,900.7127,1.4847335,347.28952,66.983406
2023-04-11 02:00:00,19.4234,11.589111,901.39294,1.5920725,346.39825,60.523067
2023-04-11 03:00:00,19.952454,11.624207,901.95166,1.7362019,334.8664,58.704193
2023-04-11 04:00:00,20.742584,11.686584,902.2162,2.0853512,322.47086,56.13963
2023-04-11 05:00:00,23.329193,11.547943,902.151,2.7067835,313.3876,47.512505
2023-04-11 06:00:00,24.11673,11.214813,901.7911,3.4730182,307.27917,44.32471
2023-04-11 07:00:00,24.347565,11.119354,901.1692,4.372774,303.4432,43.43965
2023-04-11 08:00:00,25.307587,10.814026,900.37396,5.2195873,302.43948,40.196854
2023-04-11 09:00:00,25.506226,10.646973,899.69135,5.8827558,302.72543,39.28604
2023-04-11 10:00:00,24.703522,11.40567,899.1028,5.5544195,306.3963,43.338406
2023-04-11 11:00:00,24.622772,11.321747,899.015,5.3610973,308.60287,43.306877
2023-04-11 12:00:00,24.440186,11.303833,899.2343,4.5237374,314.50934,43.73066
2023-04-11 13:00:00,24.00003,11.359009,899.6766,3.9023504,319.1999,45.064674
2023-04-11 14:00:00,22.457214,11.723785,900.2308,3.519635,322.2484,50.67448
2023-04-11 15:00:00,21.161804,11.846741,900.83307,3.3075914,323.02994,55.29271
2023-04-11 16:00:00,20.77826,11.735016,901.1813,3.1546614,322.72958,56.195824
2023-04-11 17:00:00,19.734406,11.758301,901.238,3.1321926,321.67584,60.03207
2023-04-11 18:00:00,19.400085,11.7508545,901.0307,3.2446394,319.3824,61.261623
2023-04-11 19:00:00,19.052979,11.630737,900.65656,3.398816,317.3329,62.105865
2023-04-11 20:00:00,18.242004,11.473389,900.23834,3.6005278,316.70023,64.661766
2023-04-11 21:00:00,18.087952,11.406464,899.8231,3.7261443,316.4559,65.00181
2023-04-11 22:00:00,17.36383,11.248169,899.5531,3.4519944,314.73807,67.32633
2023-04-11 23:00:00,17.29184,11.238312,899.6401,3.3991246,317.0438,67.58915
2023-04-12 00:00:00,17.71698,11.502533,899.98724,3.228644,318.85852,66.960754
2023-04-12 01:00:00,17.794006,11.533691,900.5865,3.0417955,321.46045,66.7741
2023-04-12 02:00:00,19.67691,11.86322,901.266,3.0128434,319.71072,60.664963
2023-04-12 03:00:00,20.30954,11.895721,901.7596,3.1888227,314.80035,58.45986
2023-04-12 04:00:00,20.930847,11.787201,901.9115,3.5362105,309.38025,55.86287
2023-04-12 05:00:00,23.651703,11.848206,901.7255,4.128607,303.25687,47.53026
2023-04-12 06:00:00,24.513062,11.487793,901.23615,4.957232,298.17175,44.073547
2023-04-12 07:00:00,24.761963,11.3975525,900.4893,5.807207,296.10385,43.164165
2023-04-12 08:00:00,25.751404,11.265686,899.64954,6.506437,295.73962,40.34231
2023-04-12 09:00:00,25.934998,11.228882,898.87225,6.980986,296.4674,39.808678
2023-04-12 10:00:00,25.163055,11.910522,898.2999,6.571732,297.57135,43.59593
2023-04-12 11:00:00,25.050415,11.806763,898.2296,6.2286596,298.75476,43.590244
2023-04-12 12:00:00,24.855408,11.877838,898.46326,5.1425576,300.35175,44.307354
2023-04-12 13:00:00,24.466614,11.767242,898.9503,4.41841,302.2608,45.019543
2023-04-12 14:00:00,22.823944,12.1961975,899.573,4.0341363,301.5344,51.125736
2023-04-12 15:00:00,21.510773,12.028381,900.18054,3.8231845,300.35553,54.77435
2023-04-12 16:00:00,21.166199,12.037506,900.575,3.6815746,298.61395,55.976944
2023-04-12 17:00:00,20.027374,12.029388,900.65704,3.69009,296.8216,60.014854
2023-04-12 18:00:00,19.751068,11.988556,900.48773,3.8818088,295.17487,60.88726
2023-04-12 19:00:00,19.458649,11.852478,900.1446,4.11876,294.97552,61.449474
2023-04-12 20:00:00,18.56668,11.72702,899.72705,4.335739,295.86795,64.42995
2023-04-12 21:00:00,18.310944,11.664856,899.3599,4.4729877,297.48947,65.20247
2023-04-12 22:00:00,17.485016,11.404663,899.1292,4.505602,295.98465,67.50897
2023-04-12 23:00:00,17.395844,11.42514,899.3022,4.3391557,299.69653,67.98213
2023-04-13 00:00:00,17.794098,11.657745,899.6809,4.132079,301.93643,67.32322
2023-04-13 01:00:00,17.951721,11.697296,900.34985,3.8863285,303.81003,66.83307
2023-04-13 02:00:00,19.930939,12.141693,901.007,3.881589,303.91272,60.822166
2023-04-13 03:00:00,20.51654,12.069336,901.44354,4.222254,303.32007,58.38154
2023-04-13 04:00:00,21.26892,11.953766,901.5027,4.773357,303.70377,55.319412
2023-04-13 05:00:00,23.799927,12.051605,901.29315,5.273518,302.31342,47.743576
2023-04-13 06:00:00,24.73294,11.614899,900.85583,5.8823156,300.38666,43.864853
2023-04-13 07:00:00,25.008362,11.492798,900.1415,6.562926,298.52286,42.80295
2023-04-13 08:00:00,25.955109,11.404633,899.3753,7.1910286,298.099,40.2267
2023-04-13 09:00:00,26.095856,11.277069,898.6281,7.61533,298.66293,39.557636
2023-04-13 10:00:00,25.302155,11.699432,898.0577,6.9890304,299.49048,42.63869
2023-04-13 11:00:00,25.225037,11.750183,898.04175,6.5231657,300.27853,42.978508
2023-04-13 12:00:00,24.994171,11.912964,898.3671,5.397484,301.40222,44.04395
2023-04-13 13:00:00,24.592712,11.839142,898.96576,4.630469,299.3455,44.89355
2023-04-13 14:00:00,22.996033,12.40097,899.70905,4.137085,296.61273,51.280945
2023-04-13 15:00:00,21.757416,12.292084,900.35944,3.8515031,293.0932,54.89843
2023-04-13 16:00:00,21.343567,12.255859,900.75555,3.7818356,289.33978,56.172443
2023-04-13 17:00:00,20.201965,12.115967,900.8233,3.9038787,285.0481,59.709484
2023-04-13 18:00:00,19.890778,12.153381,900.6018,4.2216134,282.68164,61.020584
2023-04-13 19:00:00,19.559265,12.028473,900.21967,4.56363,282.2673,61.778664
2023-04-13 20:00:00,18.679138,11.838074,899.8259,4.8764954,283.34216,64.44864
2023-04-13 21:00:00,18.439148,11.752838,899.5288,5.0726767,285.42294,65.057304
2023-04-13 22:00:00,17.898224,11.664215,899.3932,4.5952415,286.50443,66.91204
2023-04-13 23:00:00,17.774323,11.608032,899.5355,4.592142,287.57275,67.18615
2023-04-14 00:00:00,18.020111,11.697052,899.9911,4.4110765,288.74936,66.54527
2023-04-14 01:00:00,18.183044,11.717438,900.71814,4.243121,289.974,65.95635
2023-04-14 02:00:00,20.305054,12.173553,901.37695,4.189275,290.61084,59.55551
2023-04-14 03:00:00,20.933594,12.183807,901.7825,4.3362074,290.89142,57.331646
2023-04-14 04:00:00,21.607147,12.1440735,901.88135,4.7147427,291.35638,54.8685
2023-04-14 05:00:00,24.360535,12.193573,901.695,5.177868,291.4375,46.596695
2023-04-14 06:00:00,25.118896,11.896088,901.1869,5.779767,290.354,43.669163
2023-04-14 07:00:00,25.368591,11.818665,900.4235,6.3271675,289.57135,42.80597
2023-04-14 08:00:00,26.432129,11.558289,899.5985,6.776818,289.62097,39.50794
2023-04-14 09:00:00,26.57315,11.472961,898.85205,6.94113,291.01605,38.960438
2023-04-14 10:00:00,25.75531,12.211121,898.16406,5.989909,294.20682,42.9295
2023-04-14 11:00:00,25.66388,12.1588745,897.9908,5.536343,295.57782,43.01488
2023-04-14 12:00:00,25.490814,12.065918,898.15015,4.615561,294.5655,43.19411
2023-04-14 13:00:00,25.096924,11.940338,898.62756,4.0433726,290.72952,43.854057
2023-04-14 14:00:00,23.470581,12.581482,899.27576,3.679225,285.4401,50.4252
2023-04-14 15:00:00,22.079895,12.386139,900.0145,3.4847097,279.36322,54.16231
2023-04-14 16:00:00,21.573364,12.326355,900.524,3.4963164,273.19452,55.644756
2023-04-14 17:00:00,20.38208,12.185638,900.62103,3.6907148,268.76956,59.32005
2023-04-14 18:00:00,20.112885,12.217529,900.3642,4.006829,266.4616,60.441692
2023-04-14 19:00:00,19.838928,12.18573,899.9129,4.3383603,266.04202,61.347347
2023-04-14 20:00:00,19.100708,11.979492,899.50165,4.5868325,267.06665,63.362194
2023-04-14 21:00:00,18.72995,11.846893,899.18646,4.722897,268.67926,64.28159
2023-04-14 22:00:00,18.18039,11.92865,899.19,4.1218934,266.76578,66.89264
2023-04-14 23:00:00,18.045227,11.895691,899.3741,4.131596,268.0459,67.31656
2023-04-15 00:00:00,18.314941,12.153137,899.81384,4.0063143,268.41516,67.317856
2023-04-15 01:00:00,18.504883,12.117371,900.50073,3.7683477,268.25272,66.365
2023-04-15 02:00:00,20.71698,12.546509,901.1588,3.5635748,265.44376,59.501236
2023-04-15 03:00:00,21.269958,12.615143,901.6502,3.7050884,261.06552,57.772827
2023-04-15 04:00:00,21.91449,12.619385,901.7428,4.1726036,256.1576,55.55491
2023-04-15 05:00:00,24.599579,12.849976,901.47955,4.8153505,254.66151,47.955494
2023-04-15 06:00:00,25.357758,12.57309,900.9383,5.51502,255.23782,45.01198
2023-04-15 07:00:00,25.601562,12.467682,900.1262,6.1723404,256.87326,44.05905
2023-04-15 08:00:00,26.60379,12.340698,899.2159,6.679848,258.81885,41.178997
2023-04-15 09:00:00,26.718018,12.295563,898.33563,6.953527,261.1454,40.781815
2023-04-15 10:00:00,25.809875,12.750488,897.59814,6.4750595,257.5651,44.33221
2023-04-15 11:00:00,25.704529,12.755707,897.3686,6.318597,259.12473,44.625206
2023-04-15 12:00:00,25.399109,12.763062,897.4748,5.644213,258.92697,45.46375
2023-04-15 13:00:00,25.000336,12.758423,897.90094,5.0569425,258.75522,46.541862
2023-04-15 14:00:00,23.527893,13.137482,898.5361,4.6764364,256.5509,52.112534
2023-04-15 15:00:00,22.295715,12.912476,899.13104,4.5425844,253.46834,55.330795
2023-04-15 16:00:00,21.872437,12.90921,899.437,4.552457,250.03723,56.764496
2023-04-15 17:00:00,20.878662,12.959564,899.419,4.686348,247.86227,60.527016
2023-04-15 18:00:00,20.568024,12.966492,899.0845,4.9550266,248.06174,61.72377
2023-04-15 19:00:00,20.377258,12.972137,898.6138,5.2008085,249.46976,62.477463
2023-04-15 20:00:00,19.462463,12.915619,898.0965,5.3610377,251.7355,65.87647
2023-04-15 21:00:00,19.290253,12.890564,897.69104,5.3886795,253.83751,66.47696
2023-04-15 22:00:00,18.697998,12.86145,897.5912,4.7661405,252.41617,68.84791
2023-04-15 23:00:00,18.5997,12.844818,897.6316,4.7823434,253.67596,69.19721
2023-04-16 00:00:00,18.924316,12.9599,897.99884,4.6800385,253.22577,68.31971
2023-04-16 01:00:00,19.088013,13.032532,898.52423,4.599354,252.02448,67.94733
2023-04-16 02:00:00,21.054657,13.447815,899.1552,4.8526773,250.20056,61.81377
2023-04-16 03:00:00,21.513275,13.261108,899.6406,5.4420667,251.23563,59.373146
2023-04-16 04:00:00,22.096619,13.278076,899.87366,5.9355793,254.11505,57.358658
2023-04-16 05:00:00,24.408966,13.455719,899.79706,6.398472,256.20444,50.46163
2023-04-16 06:00:00,25.39154,13.161011,899.33594,6.8465385,256.90198,46.682793
2023-04-16 07:00:00,25.629608,13.118134,898.5707,7.3489213,257.8432,45.898716
2023-04-16 08:00:00,26.551819,12.944061,897.66174,7.793029,259.7566,42.97102
2023-04-16 09:00:00,26.665466,12.989624,896.87354,8.019261,262.1208,42.81157
2023-04-16 10:00:00,25.731506,13.285736,896.2418,7.479587,261.93976,46.12368
2023-04-16 11:00:00,25.610687,13.267731,896.0613,7.0129514,263.47995,46.400963
2023-04-16 12:00:00,25.471222,13.351837,896.27545,6.160919,261.73053,47.044037
2023-04-16 13:00:00,25.15503,13.5486145,896.80725,5.556017,259.32385,48.555378
2023-04-16 14:00:00,23.761108,13.733337,897.49005,5.135023,257.01096,53.418713
2023-04-16 15:00:00,22.525146,13.577576,898.1345,4.9247737,254.91132,56.9833
2023-04-16 16:00:00,22.188751,13.613403,898.5232,4.8240023,253.271,58.296764
2023-04-16 17:00:00,21.177307,13.585815,898.61163,4.901014,252.24207,61.90356
2023-04-16 18:00:00,20.924255,13.582703,898.4087,4.9865403,252.638,62.860455
2023-04-16 19:00:00,20.697113,13.565704,898.0736,5.0451117,253.57236,63.674736
2023-04-16 20:00:00,19.7294,13.381897,897.65344,5.0381727,254.75291,66.795555
2023-04-16 21:00:00,19.504517,13.357697,897.35425,4.956311,256.02008,67.62805
2023-04-16 22:00:00,18.80426,13.152557,897.3046,4.569368,254.14679,69.70546
2023-04-16 23:00:00,18.710419,13.127472,897.4779,4.385038,253.97784,70.000786
2023-04-17 00:00:00,19.120361,13.252747,897.91815,4.123555,253.20721,68.79214
2023-04-17 01:00:00,19.377533,13.448029,898.5293,3.7987976,251.69159,68.566345
2023-04-17 02:00:00,21.323914,13.981842,899.21216,3.692357,249.57504,62.947826
2023-04-17 03:00:00,21.692688,13.984772,899.7244,3.9053743,248.12155,61.55461
2023-04-17 04:00:00,22.190186,13.8394165,899.9771,4.2468476,249.93298,59.153973
2023-04-17 05:00:00,24.746277,13.88501,899.9709,4.540525,252.26471,50.853188
2023-04-17 06:00:00,25.641815,13.433075,899.64124,4.982021,254.29364,46.81704
2023-04-17 07:00:00,25.845917,13.264862,899.02014,5.467457,256.2765,45.749653
2023-04-17 08:00:00,26.814423,13.03183,898.31195,5.942179,258.97318,42.55508
2023-04-17 09:00:00,26.948395,12.955841,897.6781,6.241795,261.46246,42.012077
2023-04-17 10:00:00,26.111053,13.484131,897.14685,5.902425,263.19052,45.6853
2023-04-17 11:00:00,26.025452,13.484955,897.12836,5.621284,264.31018,45.919655
2023-04-17 12:00:00,25.765839,13.499603,897.52655,4.7369404,263.96454,46.67566
2023-04-17 13:00:00,25.376495,13.69635,898.1141,4.0539904,261.87878,48.38228
2023-04-17 14:00:00,24.005737,14.046173,898.9112,3.574104,259.7202,53.71828
2023-04-17 15:00:00,22.85199,13.884094,899.57153,3.3061512,256.45654,56.98826
2023-04-17 16:00:00,22.512848,13.929901,899.9762,3.2236557,253.69902,58.34606
2023-04-17 17:00:00,21.381348,13.8159485,900.05414,3.2907403,252.12303,62.0551
2023-04-17 18:00:00,21.063202,13.841736,899.858,3.4490366,253.29163,63.384033
2023-04-17 19:00:00,20.807343,13.818146,899.41583,3.5855691,254.96109,64.290276
2023-04-17 20:00:00,19.867157,13.643158,898.94635,3.710133,257.0705,67.36314
2023-04-17 21:00:00,19.63855,13.659241,898.6332,3.7669418,258.36896,68.39659
2023-04-17 22:00:00,18.99762,13.371094,898.6207,3.4349916,255.8407,69.8575
2023-04-17 23:00:00,18.896149,13.369293,898.7324,3.2312994,257.15634,70.293045
2023-04-18 00:00:00,19.299896,13.679901,899.0839,2.9662893,258.24887,69.945564
2023-04-18 01:00:00,19.514893,13.717773,899.71234,2.7359476,256.75543,69.18663
2023-04-18 02:00:00,21.426025,14.213226,900.4454,2.6988957,251.98093,63.500015
2023-04-18 03:00:00,22.013794,14.220734,901.0895,3.0469582,247.52293,61.289494
2023-04-18 04:00:00,22.494781,14.002533,901.3197,3.593199,249.50409,58.685917
2023-04-18 05:00:00,24.904022,14.022736,901.20374,4.153546,252.6831,50.828552
2023-04-18 06:00:00,25.694122,13.536285,900.70917,4.8419986,253.87036,46.986603
2023-04-18 07:00:00,25.947174,13.423004,899.9997,5.5959716,255.30362,45.94719
2023-04-18 08:00:00,26.928406,13.201294,899.19836,6.254876,257.65598,42.741066
2023-04-18 09:00:00,27.044373,13.103027,898.47284,6.7399983,260.2058,42.179485
2023-04-18 10:00:00,26.310608,13.643097,897.8702,6.611912,264.96378,45.619114
2023-04-18 11:00:00,26.180664,13.632294,897.7004,6.3617177,266.4962,45.938362
2023-04-18 12:00:00,25.896423,13.85202,897.7896,5.420655,267.2433,47.38905
2023-04-18 13:00:00,25.489319,13.990631,898.1501,4.77529,268.3155,48.985825
2023-04-18 14:00:00,24.05307,14.098236,898.70526,4.417013,268.45898,53.74682
2023-04-18 15:00:00,22.876465,13.971924,899.19586,4.2496843,268.41302,57.22896
2023-04-18 16:00:00,22.608917,14.000763,899.5146,4.17588,267.19617,58.27387
2023-04-18 17:00:00,21.657318,14.009674,899.58405,4.2206154,265.3936,61.78753
2023-04-18 18:00:00,21.328766,13.951416,899.3678,4.393911,264.33746,62.805073
2023-04-18 19:00:00,21.100342,14.031403,898.93616,4.6392474,263.9324,64.02246
2023-04-18 20:00:00,20.409058,13.982422,898.4317,4.850016,264.61707,66.59381
2023-04-18 21:00:00,19.973816,13.824982,897.9177,4.9292116,265.5756,67.71469
2023-04-18 22:00:00,19.381683,13.849121,897.61646,4.665526,268.9259,70.359634
2023-04-18 23:00:00,19.28894,13.904388,897.5076,4.450676,268.0067,71.021095
2023-04-19 00:00:00,19.650146,14.178894,897.632,4.225912,265.73303,70.69085
2023-04-19 01:00:00,19.844666,14.205841,897.9864,4.1184363,262.443,69.96496
2023-04-19 02:00:00,21.588745,14.402344,898.47284,4.4367185,258.36926,63.644485
2023-04-19 03:00:00,22.236755,14.403381,898.84534,5.0515394,256.50555,61.1811
2023-04-19 04:00:00,22.678131,14.265472,898.97327,5.672261,256.76263,59.033096
2023-04-19 05:00:00,24.820679,14.0737915,898.6898,6.3970366,256.4141,51.251305
2023-04-19 06:00:00,25.485321,13.749298,898.07025,7.205415,254.73119,48.236023
2023-04-19 07:00:00,25.667175,13.636963,897.1369,8.041539,253.78757,47.37096
2023-04-19 08:00:00,26.327332,13.504639,896.125,8.814001,254.08752,45.165466
2023-04-19 09:00:00,26.460693,13.371246,895.2397,9.402459,255.2661,44.423874
2023-04-19 10:00:00,25.567383,13.940582,894.579,8.835524,256.0123,48.601246
2023-04-19 11:00:00,25.43753,13.932678,894.3608,8.767737,257.80682,48.95247
2023-04-19 12:00:00,25.236908,13.913788,894.5083,7.9303923,258.45175,49.479374
2023-04-19 13:00:00,24.942413,13.9747925,894.8647,7.162415,257.42676,50.55489
2023-04-19 14:00:00,23.71051,14.045349,895.3814,6.644065,255.27815,54.67755
2023-04-19 15:00:00,22.557281,13.862396,895.9114,6.437688,253.06873,57.93451
2023-04-19 16:00:00,22.282135,13.902008,896.3175,6.389928,251.30354,59.063255
2023-04-19 17:00:00,21.341156,13.977295,896.37964,6.5705605,250.39163,62.862812
2023-04-19 18:00:00,21.096802,14.01001,896.12164,6.7807727,250.44162,63.947643
2023-04-19 19:00:00,20.890717,13.979828,895.66846,7.0055985,251.13489,64.635956
2023-04-19 20:00:00,20.110718,13.867035,895.16296,7.1637554,251.77237,67.32692
2023-04-19 21:00:00,19.877838,13.854797,894.6953,7.2198215,252.33096,68.25047
2023-04-19 22:00:00,19.332062,13.856354,894.53204,7.099354,253.82396,70.61031
2023-04-19 23:00:00,19.265045,13.865997,894.61523,6.9046288,253.1182,70.94985
2023-04-20 00:00:00,19.57956,14.163727,894.93506,6.7298737,252.3501,70.93165
2023-04-20 01:00:00,19.785126,14.200134,895.47687,6.6839504,250.41846,70.19777
2023-04-20 02:00:00,21.362549,14.387909,896.0938,7.20904,247.24289,64.471794
2023-04-20 03:00:00,21.723328,14.29657,896.5372,8.042235,248.37209,62.69273
2023-04-20 04:00:00,22.094177,14.066925,896.7301,8.647824,250.70605,60.38541
2023-04-20 05:00:00,24.232727,14.07019,896.5086,9.20825,251.2533,53.073997
2023-04-20 06:00:00,24.986633,13.752533,896.045,9.782586,250.37909,49.69959
2023-04-20 07:00:00,25.200226,13.628265,895.25903,10.431742,249.6568,48.676414
2023-04-20 08:00:00,25.763428,13.334625,894.3837,11.003785,249.6447,46.183403
2023-04-20 09:00:00,25.8284,13.284668,893.4701,11.377431,250.2778,45.85634
2023-04-20 10:00:00,24.967865,13.467041,892.8678,10.4671755,251.59343,48.840023
2023-04-20 11:00:00,24.780884,13.479218,892.64954,10.204679,252.36758,49.427223
2023-04-20 12:00:00,24.496368,13.464569,892.84326,9.26445,252.12956,50.22722
2023-04-20 13:00:00,24.18814,13.319061,893.27985,8.212187,250.66724,50.68075
2023-04-20 14:00:00,22.909027,13.6467285,893.88306,7.4934015,248.0296,55.92283
2023-04-20 15:00:00,21.917908,13.51413,894.51776,7.112406,245.81622,58.885647
2023-04-20 16:00:00,21.591309,13.489075,894.9671,6.9295177,243.21667,59.974503
2023-04-20 17:00:00,20.754578,13.500427,895.1071,6.894548,241.2839,63.18089
2023-04-20 18:00:00,20.570312,13.514954,894.9866,6.950919,240.5458,63.962574
2023-04-20 19:00:00,20.353119,13.508209,894.6306,7.063602,240.7988,64.79696
2023-04-20 20:00:00,19.594086,13.448669,894.2268,7.1109133,241.58636,67.65252
2023-04-20 21:00:00,19.380585,13.444122,893.88635,7.1043916,242.11156,68.53591
2023-04-20 22:00:00,18.797943,13.45047,893.7974,6.8530173,243.9224,71.100464
2023-04-20 23:00:00,18.679688,13.47998,894.0658,6.5658784,242.58017,71.765724
2023-04-21 00:00:00,18.988678,13.65506,894.6103,6.2906866,242.13797,71.20023
2023-04-21 01:00:00,19.164795,13.774872,895.3377,6.273832,240.87198,70.97308
2023-04-21 02:00:00,20.53952,13.862976,896.06775,6.824584,239.72055,65.55013
2023-04-21 03:00:00,20.947845,13.762543,896.68823,7.620983,241.30711,63.507416
2023-04-21 04:00:00,21.390137,13.615234,896.99255,8.3139925,243.36661,61.218063
2023-04-21 05:00:00,23.25061,13.424866,896.9304,8.927432,245.90195,53.994125
2023-04-21 06:00:00,24.066864,13.141815,896.4749,9.390109,248.19212,50.464165
2023-04-21 07:00:00,24.260803,13.036896,895.73584,9.8379345,250.30557,49.53982
2023-04-21 08:00:00,24.991333,12.748688,894.8452,10.217407,252.5253,46.537178
2023-04-21 09:00:00,25.085297,12.779694,894.0706,10.371432,255.15662,46.371292
2023-04-21 10:00:00,24.321045,12.796143,893.4144,9.845072,260.21716,48.59033
2023-04-21 11:00:00,24.152618,12.818726,893.40533,9.291457,263.37402,49.156143
2023-04-21 12:00:00,23.925934,12.877258,893.68713,8.192357,266.76184,50.021046
2023-04-21 13:00:00,23.540741,12.69458,894.18463,6.9356136,268.90134,50.58586
2023-04-21 14:00:00,22.416199,13.144104,894.8487,6.0443397,270.73627,55.764305
2023-04-21 15:00:00,21.389313,12.960785,895.45197,5.3656945,271.69354,58.663975
2023-04-21 16:00:00,21.153107,13.00473,895.78015,4.748444,272.3956,59.690983
2023-04-21 17:00:00,20.281525,13.053864,895.8543,4.3146353,271.54178,63.184418
2023-04-21 18:00:00,20.022156,13.030914,895.65485,4.087039,270.5527,64.10982
2023-04-21 19:00:00,19.730682,12.9600525,895.2174,4.0106587,268.97278,64.97675
2023-04-21 20:00:00,18.957825,12.895905,894.74524,3.9318836,268.1809,67.892334
2023-04-21 21:00:00,18.790009,12.872162,894.37964,3.847866,268.1672,68.501076
2023-04-21 22:00:00,18.114197,12.801361,894.2846,4.0122957,266.99442,71.13317
2023-04-21 23:00:00,17.983063,12.823975,894.47485,3.6887665,269.37985,71.827965
2023-04-22 00:00:00,18.287079,13.034393,894.9375,3.4063735,270.4619,71.44581
2023-04-22 01:00:00,18.31897,13.027008,895.6088,3.4008687,268.1725,71.26864
2023-04-22 02:00:00,19.792236,13.119293,896.40186,3.918406,264.23755,65.40597
2023-04-22 03:00:00,20.113861,12.934814,897.02576,4.5218415,262.90103,63.347977
2023-04-22 04:00:00,20.546173,12.791931,897.28064,5.0259213,260.87518,61.105335
2023-04-22 05:00:00,22.679443,12.602081,897.1971,5.597977,259.89682,52.968414
2023-04-22 06:00:00,23.47406,12.378815,896.88446,6.3138456,260.82605,49.748714
2023-04-22 07:00:00,23.643036,12.200348,896.262,7.0574155,262.91376,48.67057
2023-04-22 08:00:00,24.497192,11.793335,895.4807,7.674534,265.45566,45.014645
2023-04-22 09:00:00,24.585052,11.735443,894.7354,8.056333,268.7912,44.60795
2023-04-22 10:00:00,23.721924,11.8905945,894.15155,7.6637754,273.39337,47.46216
2023-04-22 11:00:00,23.584595,11.983398,894.03845,7.3844714,278.32477,48.14986
2023-04-22 12:00:00,23.360565,12.007233,894.2514,6.464158,283.29163,48.881485
2023-04-22 13:00:00,23.144165,12.08432,894.651,5.283432,286.22458,49.776627
2023-04-22 14:00:00,21.824097,12.324585,895.29297,4.472434,287.1138,54.79216
2023-04-22 15:00:00,20.69986,12.166412,895.8423,3.8875337,287.30225,58.095604
2023-04-22 16:00:00,20.404785,12.21579,896.2596,3.4765587,284.88428,59.354527
2023-04-22 17:00:00,19.496674,12.308838,896.4229,3.2767947,280.9728,63.17359
2023-04-22 18:00:00,19.226898,12.384155,896.368,3.2671149,279.31677,64.56137
2023-04-22 19:00:00,19.007202,12.365356,896.0588,3.3092256,279.489,65.37074
2023-04-22 20:00:00,18.25772,12.251007,895.72015,3.3886058,281.4323,67.99606
2023-04-22 21:00:00,18.012482,12.194183,895.5733,3.369073,283.93256,68.79386
2023-04-22 22:00:00,17.444397,12.18689,895.6747,3.0670776,292.3317,71.26608
2023-04-22 23:00:00,17.302612,12.15863,895.96216,2.879735,297.42624,71.77368
2023-04-23 00:00:00,17.547577,12.302185,896.4503,2.6311264,302.5937,71.34218
2023-04-23 01:00:00,17.646576,12.302032,897.0226,2.3512986,303.33118,70.89749
2023-04-23 02:00:00,19.244537,12.506714,897.6844,2.2029266,301.54608,65.011284
2023-04-23 03:00:00,19.626007,12.418793,898.2268,2.2762668,298.1253,63.12223
2023-04-23 04:00:00,20.02774,12.240662,898.4947,2.392091,295.85306,60.85344
2023-04-23 05:00:00,22.071075,12.036652,898.49786,2.6321986,293.36807,52.960457
2023-04-23 06:00:00,22.754425,11.884979,898.18805,2.9590437,289.20068,50.300407
2023-04-23 07:00:00,22.943726,11.777435,897.6967,3.4388535,287.32507,49.37535
2023-04-23 08:00:00,23.67566,11.509094,897.02466,3.93934,289.2713,46.410927
2023-04-23 09:00:00,23.806122,11.408966,896.4514,4.2900248,293.99802,45.744022
2023-04-23 10:00:00,23.114838,11.532318,896.0185,4.981769,306.73196,48.082188
2023-04-23 11:00:00,22.952545,11.541779,895.9105,4.8617063,313.6754,48.587044
2023-04-23 12:00:00,22.755981,11.443787,896.12463,4.4576273,322.9578,48.85161
2023-04-23 13:00:00,22.495483,11.4888,896.5125,3.7229364,333.74796,49.778053
2023-04-23 14:00:00,21.258759,11.848236,897.1693,3.1545405,344.2182,54.970257
2023-04-23 15:00:00,20.18106,11.6145935,897.81976,2.7423003,354.84982,57.842873
2023-04-23 16:00:00,19.873535,11.558685,898.4193,2.3527658,3.7159119,58.737087
2023-04-23 17:00:00,18.964844,11.63858,898.72,1.9502665,11.857086,62.48061
2023-04-23 18:00:00,18.729523,11.672089,898.69763,1.690109,16.48584,63.546158
2023-04-23 19:00:00,18.502869,11.658356,898.40546,1.4394923,19.657349,64.3953
2023-04-23 20:00:00,17.645844,11.572174,898.1648,1.2980226,19.338928,67.571915
2023-04-23 21:00:00,17.475586,11.547913,898.0383,1.2616029,19.908752,68.192055
2023-04-23 22:00:00,16.860992,11.452789,898.1401,1.5190088,21.74112,70.451294
2023-04-23 23:00:00,16.78894,11.412598,898.4524,1.6530398,28.244232,70.5861
2023-04-24 00:00:00,17.22705,11.693878,898.88947,1.8815696,35.73355,69.94232
2023-04-24 01:00:00,17.32959,11.651367,899.5301,2.2119582,43.490723,69.29567
2023-04-24 02:00:00,19.02246,11.783447,900.1355,2.5916736,53.250305,62.85457
2023-04-24 03:00:00,19.43808,11.69577,900.59924,2.8756337,61.42453,60.895283
2023-04-24 04:00:00,19.950958,11.573334,900.7787,3.1322505,65.97717,58.512657
2023-04-24 05:00:00,22.163727,11.6901245,900.7319,3.3234608,68.09122,51.472908
2023-04-24 06:00:00,22.982025,11.512817,900.47284,3.187756,68.6387,48.40765
2023-04-24 07:00:00,23.159485,11.47467,900.0055,2.8552153,63.816193,47.770153
2023-04-24 08:00:00,24.095306,11.306915,899.32263,2.554451,53.83539,44.65333
2023-04-24 09:00:00,24.148834,11.216766,898.55023,2.562997,43.34439,44.24513
2023-04-24 10:00:00,23.51062,11.51004,897.9788,2.6543643,23.614288,46.877674
2023-04-24 11:00:00,23.39618,11.573761,897.76447,3.1847153,25.206482,47.40159
2023-04-24 12:00:00,23.245056,11.548126,897.9314,3.6213658,32.067963,47.755108
2023-04-24 13:00:00,23.028595,11.490631,898.2999,3.7920842,38.71112,48.200657
2023-04-24 14:00:00,21.593597,11.878998,898.89294,3.895339,46.359924,53.963787
2023-04-24 15:00:00,20.520233,11.84964,899.40765,3.9132636,52.832245,57.5296
2023-04-24 16:00:00,20.224945,11.791595,899.79095,3.8773124,59.54254,58.364117
2023-04-24 17:00:00,19.214996,11.836975,899.8893,3.7480016,65.42618,62.324463
2023-04-24 18:00:00,18.944855,11.83316,899.67554,3.5800648,69.5072,63.36709
2023-04-24 19:00:00,18.715637,11.811523,899.27014,3.3495867,71.78351,64.18924
2023-04-24 20:00:00,17.9487,11.671478,898.9458,3.1411097,72.174866,66.73194
2023-04-24 21:00:00,17.747772,11.587433,898.7672,2.9936416,71.81561,67.207054
2023-04-24 22:00:00,17.28537,11.5896,898.7478,2.9678204,78.21503,69.206665
2023-04-24 23:00:00,17.17456,11.568451,898.98834,3.0056963,74.27814,69.59598
2023-04-25 00:00:00,17.57959,11.761841,899.4227,3.0529604,72.965454,68.70988
2023-04-25 01:00:00,17.728119,11.689087,899.93024,3.2803628,74.11578,67.74358
2023-04-25 02:00:00,19.67038,12.156921,900.41766,3.5065854,81.66351,61.87473
2023-04-25 03:00:00,20.038239,12.248932,900.7692,3.5506017,92.43729,60.846973
2023-04-25 04:00:00,20.532684,12.236237,900.9311,3.339795,102.62723,58.967274
2023-04-25 05:00:00,22.731018,12.5095215,900.8389,2.7390826,109.684326,52.483482
2023-04-25 06:00:00,23.557983,12.365356,900.5042,1.8898829,112.59839,49.453915
2023-04-25 07:00:00,23.780823,12.256714,899.82666,0.92404234,108.55966,48.447712
2023-04-25 08:00:00,24.552032,12.122284,898.99097,0.23527943,19.333923,45.85007
2023-04-25 09:00:00,24.704712,12.040558,898.17664,0.95471567,327.87885,45.189716
2023-04-25 10:00:00,23.960236,12.324799,897.4343,1.6553726,340.13208,48.14277
2023-04-25 11:00:00,23.842651,12.283447,897.1454,2.145056,347.2849,48.352726
2023-04-25 12:00:00,23.694122,12.388489,897.20306,2.3436801,0.3383484,49.124588
2023-04-25 13:00:00,23.494629,12.4869995,897.6259,2.3563921,8.82782,50.041103
2023-04-25 14:00:00,22.236267,12.931335,898.2034,2.284563,18.61206,55.599857
2023-04-25 15:00:00,21.022919,12.747986,898.81995,2.1905215,27.076508,59.168095
2023-04-25 16:00:00,20.571228,12.682861,899.20386,2.0494294,36.13333,60.576862
2023-04-25 17:00:00,19.601898,12.542511,899.2388,1.8220955,44.261536,63.73201
2023-04-25 18:00:00,19.333069,12.540222,898.9549,1.5316637,49.937317,64.79624
2023-04-25 19:00:00,19.072693,12.523651,898.53485,1.2003771,50.78842,65.78414
2023-04-25 20:00:00,18.263672,12.339783,898.10315,0.96122485,42.51709,68.368286
2023-04-25 21:00:00,18.120972,12.328705,897.75024,0.8648226,31.379333,68.93326
2023-04-25 22:00:00,17.618011,12.301392,897.62854,0.6603816,13.065521,71.02228
2023-04-25 23:00:00,17.513123,12.249176,897.8514,0.74454445,15.306427,71.248795
2023-04-26 00:00:00,17.830444,12.307343,898.2026,0.8028419,20.677185,70.10557
2023-04-26 01:00:00,17.96399,12.260437,898.75134,0.8232827,26.431274,69.30511
2023-04-26 02:00:00,19.926575,12.83548,899.264,0.53333014,21.605377,63.671654
2023-04-26 03:00:00,20.37088,12.815796,899.62555,0.35376602,303.91052,61.866306
2023-04-26 04:00:00,20.867249,12.76358,899.66,0.9167124,269.4804,59.797977
2023-04-26 05:00:00,23.13971,12.931976,899.5017,1.5454385,268.18668,52.636814
2023-04-26 06:00:00,24.046448,12.641418,899.10156,2.2520711,272.281,48.899372
2023-04-26 07:00:00,24.284271,12.560242,898.4387,2.9605138,277.5844,47.950813
2023-04-26 08:00:00,25.021942,12.486755,897.6067,3.5827758,282.52206,45.661724
2023-04-26 09:00:00,25.128082,12.5112,896.81586,4.0313554,288.56866,45.44665
2023-04-26 10:00:00,24.246307,12.711182,896.115,4.216305,309.24603,48.53778
2023-04-26 11:00:00,24.077332,12.68631,895.892,4.09994,318.46274,48.952534
2023-04-26 12:00:00,23.815247,12.839508,896.11237,3.578374,331.6322,50.230865
2023-04-26 13:00:00,23.524475,12.981628,896.54834,3.067159,345.75717,51.5954
2023-04-26 14:00:00,22.370148,13.31839,897.19116,2.646858,2.4637756,56.559975
2023-04-26 15:00:00,21.319,13.393066,897.72906,2.3425128,17.067047,60.602837
2023-04-26 16:00:00,21.019135,13.444,898.0879,2.0255463,33.637848,61.9334
2023-04-26 17:00:00,20.09732,13.369263,898.18134,1.7191163,50.073273,65.23658
2023-04-26 18:00:00,19.749756,13.348419,898.01135,1.4709,63.42154,66.56589
2023-04-26 19:00:00,19.461975,13.323639,897.66797,1.2173569,72.66135,67.65678
2023-04-26 20:00:00,18.721985,13.226807,897.2854,1.0435351,77.484436,70.40505
2023-04-26 21:00:00,18.39853,13.141998,896.9946,0.9395108,77.79782,71.448555
2023-04-26 22:00:00,18.0242,13.271576,896.88556,0.865837,95.09274,73.76793
2023-04-26 23:00:00,17.928162,13.275848,897.13007,0.8244256,87.39447,74.23538
2023-04-27 00:00:00,18.213898,13.336578,897.6181,1.0146823,80.88785,73.20381
2023-04-27 01:00:00,18.394745,13.350983,898.2756,1.1196544,80.901855,72.44619
2023-04-27 02:00:00,20.072968,13.737762,898.97455,1.0859689,87.802246,66.92026
2023-04-27 03:00:00,20.475433,13.753601,899.54913,0.78457516,105.8241,65.34401
2023-04-27 04:00:00,20.902924,13.663208,899.7871,0.5870266,151.19678,63.273323
2023-04-27 05:00:00,22.93808,13.63266,899.67206,0.8706594,200.32668,55.773483
2023-04-27 06:00:00,23.721039,13.478149,899.3061,1.3482196,216.92238,52.66637
2023-04-27 07:00:00,23.928558,13.407532,898.6764,1.741998,228.26085,51.77445
2023-04-27 08:00:00,24.816376,13.311401,897.9154,2.007392,239.65952,48.78636
2023-04-27 09:00:00,24.934875,13.293945,897.23,2.1327505,249.50491,48.387466
2023-04-27 10:00:00,24.108734,13.66806,896.64154,2.1676054,275.79263,52.09283
2023-04-27 11:00:00,23.982239,13.707306,896.4769,1.6880283,284.00397,52.624077
2023-04-27 12:00:00,23.676056,13.752563,896.6525,0.8611178,303.17426,53.76003
2023-04-27 13:00:00,23.432922,13.753662,897.1343,0.35336447,23.291992,54.557507
2023-04-27 14:00:00,22.212341,13.848328,897.85583,0.829058,89.963165,59.108414
2023-04-27 15:00:00,21.049469,13.722473,898.6269,1.3026953,108.123566,62.948048
2023-04-27 16:00:00,20.769318,13.8385315,899.19226,1.7111115,119.90411,64.526245
2023-04-27 17:00:00,19.9534,13.778687,899.4447,2.0033786,128.68466,67.59686
2023-04-27 18:00:00,19.718872,13.861481,899.37994,2.0911057,136.66104,68.95642
2023-04-27 19:00:00,19.45694,13.80249,899.0999,2.0001254,144.31659,69.81945
2023-04-27 20:00:00,18.661713,13.546448,898.7649,1.8424342,150.28448,72.15791
2023-04-27 21:00:00,18.417053,13.523926,898.4654,1.6306317,154.7384,73.16433
2023-04-27 22:00:00,18.043121,13.430359,898.40216,1.5175934,160.16089,74.446594
2023-04-27 23:00:00,17.942383,13.407593,898.59644,1.4011911,156.81091,74.80855
2023-04-28 00:00:00,18.264618,13.533936,899.09125,1.2717218,149.82785,73.91509
2023-04-28 01:00:00,18.32669,13.548676,899.6487,1.2553562,141.28485,73.69852
2023-04-28 02:00:00,19.781555,13.859711,900.2589,1.1968832,143.84467,68.68094
2023-04-28 03:00:00,20.142303,13.830505,900.68555,1.138702,157.65619,67.0364
2023-04-28 04:00:00,20.644867,13.858215,900.80634,1.1782002,180.86925,65.10578
2023-04-28 05:00:00,22.34082,13.962006,900.53326,1.3705534,206.25706,59.082256
2023-04-28 06:00:00,23.349487,13.781036,900.09296,1.742542,225.99104,54.930454
2023-04-28 07:00:00,23.535553,13.6519165,899.46204,2.1595042,242.58078,53.863586
2023-04-28 08:00:00,24.383423,13.624237,898.7443,2.5673292,256.2062,51.096092
2023-04-28 09:00:00,24.48523,13.626526,897.96893,2.8091197,267.98553,50.79313
2023-04-28 10:00:00,23.594086,13.777344,897.2213,3.1848063,293.3681,54.113144
2023-04-28 11:00:00,23.428162,13.75827,896.9738,2.689038,303.8752,54.589497
2023-04-28 12:00:00,23.174988,13.780548,897.00354,1.897995,316.34012,55.510735
2023-04-28 13:00:00,22.863007,13.768188,897.3925,1.1715083,330.05927,56.523315
2023-04-28 14:00:00,21.799286,14.004639,898.00256,0.61851954,355.9174,61.233868
2023-04-28 15:00:00,20.83319,13.987915,898.6055,0.42240503,60.949127,64.89908
2023-04-28 16:00:00,20.539429,14.023895,899.05963,0.5449853,113.60791,66.23825
2023-04-28 17:00:00,19.654846,13.89151,899.19525,0.68937814,140.15369,69.366005
2023-04-28 18:00:00,19.354858,13.898407,899.0265,0.74832267,168.6001,70.70292
2023-04-28 19:00:00,19.073792,13.855621,898.6078,0.78970414,192.98677,71.75199
2023-04-28 20:00:00,18.271942,13.667358,898.16437,0.84573007,210.31801,74.52501
2023-04-28 21:00:00,18.085846,13.676666,897.825,0.83280474,222.4555,75.44638
2023-04-28 22:00:00,17.598907,13.534485,897.77826,0.98038566,241.98386,77.07839
2023-04-28 23:00:00,17.480103,13.501984,897.9119,0.78880703,253.28247,77.49415
2023-04-29 00:00:00,17.84964,13.609009,898.28424,0.52236384,267.87537,76.2392
2023-04-29 01:00:00,18.020111,13.622864,898.8616,0.3389859,277.27078,75.494156
2023-04-29 02:00:00,19.549316,13.951813,899.49634,0.18374595,227.80104,70.09574
2023-04-29 03:00:00,19.986694,13.97348,899.98553,0.5068343,207.07225,68.31581
2023-04-29 04:00:00,20.394623,13.913269,900.12775,1.014905,213.30824,66.3549
2023-04-29 05:00:00,22.140198,14.232422,899.95404,1.5648137,221.82286,60.86519
2023-04-29 06:00:00,22.822174,14.102325,899.5676,2.1149225,229.21257,57.90488
2023-04-29 07:00:00,23.02533,14.023682,898.95905,2.6343396,237.2685,56.90612
2023-04-29 08:00:00,23.892334,14.057739,898.2403,3.062359,245.16788,54.126167
2023-04-29 09:00:00,24.019196,14.017212,897.4592,3.2839077,253.4178,53.574226
2023-04-29 10:00:00,23.131042,14.20694,896.78296,3.028934,248.90756,57.218616
2023-04-29 11:00:00,22.977264,14.225861,896.3488,2.803715,258.84085,57.824196
2023-04-29 12:00:00,22.82608,14.280731,896.41724,2.2979536,265.02023,58.563667
2023-04-29 13:00:00,22.57843,14.339935,896.8335,1.6984822,270.98883,59.67812
2023-04-29 14:00:00,21.451965,14.511688,897.46967,1.1880375,271.26178,64.634476
2023-04-29 15:00:00,20.503204,14.464935,898.0359,0.8165615,265.3261,68.30838
2023-04-29 16:00:00,20.28955,14.54071,898.3829,0.5656128,250.11075,69.55472
2023-04-29 17:00:00,19.604614,14.434418,898.46533,0.5037982,239.12277,72.07231
2023-04-29 18:00:00,19.360535,14.369995,898.15076,0.5171217,236.68512,72.87
2023-04-29 19:00:00,19.11444,14.312164,897.69617,0.5888163,245.93442,73.71909
2023-04-29 20:00:00,18.505219,14.218506,897.1984,0.62439424,256.07333,76.11636
2023-04-29 21:00:00,18.412476,14.160156,896.8487,0.6233556,270.4255,76.27118
2023-04-29 22:00:00,18.06369,14.060333,896.6114,0.16771443,319.18457,77.45635
2023-04-29 23:00:00,17.976715,14.021881,896.7039,0.24655278,32.674957,77.68708
2023-04-30 00:00:00,18.177124,14.126007,896.9201,0.38772294,61.144745,77.23439
2023-04-30 01:00:00,18.292145,14.117279,897.49,0.5058481,84.14252,76.63565
2023-04-30 02:00:00,19.795227,14.521759,898.12946,0.4787038,127.67798,71.627846
2023-04-30 03:00:00,20.189667,14.476776,898.6169,0.71570456,183.51497,69.69702
2023-04-30 04:00:00,20.510162,14.408569,898.7435,1.2595984,210.26157,68.03086
2023-04-30 05:00:00,22.178345,14.586975,898.5129,1.8354244,220.83145,62.131435
2023-04-30 06:00:00,22.847473,14.540131,898.0603,2.3771644,227.46158,59.476578
2023-04-30 07:00:00,22.99765,14.520813,897.3805,2.8739967,235.45343,58.86467
2023-04-30 08:00:00,23.42987,14.656647,896.59143,3.321856,244.2314,57.85214
2023-04-30 09:00:00,23.43332,14.591278,895.8591,3.6242063,253.50763,57.596684
2023-04-30 10:00:00,22.695557,14.474274,895.0779,3.5943391,270.5138,59.77213
2023-04-30 11:00:00,22.503052,14.518036,894.84424,3.4248264,278.23627,60.64589
2023-04-30 12:00:00,22.29776,14.732574,895.111,2.7433898,285.76062,62.263466
2023-04-30 13:00:00,22.030212,14.807404,895.70197,1.9454778,293.35858,63.592278
2023-04-30 14:00:00,21.016907,14.878052,896.4126,1.1439366,295.28992,67.96933
2023-04-30 15:00:00,20.15158,14.814301,897.04443,0.4638886,286.94504,71.399155
2023-04-30 16:00:00,19.976318,14.809845,897.4698,0.2518466,189.98863,72.15699
2023-04-30 17:00:00,19.217651,14.587311,897.5619,0.6003061,163.78406,74.56029
2023-04-30 18:00:00,18.91742,14.505188,897.34186,0.79123855,164.87726,75.567505
2023-04-30 19:00:00,18.71524,14.50589,896.8965,0.91706395,167.38464,76.53147
2023-04-30 20:00:00,18.122314,14.263489,896.444,0.9536211,169.0116,78.19351
2023-04-30 21:00:00,17.953583,14.220032,896.1563,0.97401273,167.89893,78.80516
2023-04-30 22:00:00,17.718994,14.15448,895.9303,1.1155269,145.03497,79.63869
2023-04-30 23:00:00,17.618408,14.12735,896.0424,1.3160794,143.87158,80.00442
2023-05-01 00:00:00,17.890015,14.173462,896.4364,1.4947076,138.54327,78.8827
2023-05-01 01:00:00,18.018768,14.166718,897.0582,1.8418392,135.6903,78.21245
2023-05-01 02:00:00,19.353668,14.498383,897.7837,2.3177636,140.23825,73.50844
2023-05-01 03:00:00,19.712067,14.509277,898.36865,2.6332958,150.93509,71.94028
2023-05-01 04:00:00,20.046173,14.5503235,898.56104,2.8399699,163.75525,70.65315
2023-05-01 05:00:00,21.59848,14.7135315,898.45026,2.9602096,175.14844,64.89728
2023-05-01 06:00:00,22.29419,14.641876,898.02686,3.0471947,187.68304,61.913795
2023-05-01 07:00:00,22.456116,14.613312,897.4455,3.064379,201.73767,61.19429
2023-05-01 08:00:00,23.050995,14.616455,896.69635,3.0995889,215.28705,59.03832
2023-05-01 09:00:00,23.171692,14.628601,896.034,3.0744386,228.5643,58.654934
2023-05-01 10:00:00,22.535583,14.594849,895.29694,2.279093,245.01738,60.827045
2023-05-01 11:00:00,22.429108,14.705383,895.2492,1.949709,257.15573,61.65993
2023-05-01 12:00:00,22.231476,14.793396,895.6375,1.3187292,275.32178,62.7607
2023-05-01 13:00:00,21.981903,14.971924,896.17377,0.6721864,307.77216,64.45913
2023-05-01 14:00:00,21.099976,15.009277,896.9221,0.36748603,32.38031,68.197014
2023-05-01 15:00:00,20.32898,15.019104,897.5888,0.7339511,91.09949,71.55793
2023-05-01 16:00:00,20.162964,15.074066,898.11017,1.1655903,110.47089,72.55179
2023-05-01 17:00:00,19.44693,14.984558,898.29944,1.4312087,122.315674,75.40999
2023-05-01 18:00:00,19.229492,15.016022,898.16125,1.4918499,130.20905,76.59206
2023-05-01 19:00:00,19.065247,15.004822,897.7433,1.4608078,139.0192,77.32426
2023-05-01 20:00:00,18.554993,14.87384,897.2502,1.431693,146.17755,79.158745
2023-05-01 21:00:00,18.354004,14.823944,896.8829,1.3677268,150.22247,79.90449
2023-05-01 22:00:00,17.945312,14.629242,896.6616,1.546185,155.87213,80.95892
2023-05-01 23:00:00,17.868835,14.58313,896.7562,1.3839087,154.67975,81.10764
2023-05-02 00:00:00,18.132874,14.625427,897.10767,1.3043003,148.03766,79.99057
2023-05-02 01:00:00,18.294281,14.663879,897.67365,1.4218888,143.75781,79.38103
2023-05-02 02:00:00,19.621552,15.058441,898.35626,1.7480086,153.69067,74.951614
2023-05-02 03:00:00,20.092743,15.102661,898.9768,2.072261,168.52881,73.001686
2023-05-02 04:00:00,20.447815,15.090027,899.31775,2.4760463,180.86563,71.35965
2023-05-02 05:00:00,21.936707,15.203857,899.28064,2.7839515,191.63368,65.60806
2023-05-02 06:00:00,22.542786,15.101227,898.9512,3.07258,200.67813,62.816162
2023-05-02 07:00:00,22.740204,15.127838,898.23755,3.315093,210.61986,62.174343
2023-05-02 08:00:00,23.356354,15.170471,897.41956,3.5101156,218.64725,60.063667
2023-05-02 09:00:00,23.467987,15.194885,896.671,3.561244,226.0764,59.754128
2023-05-02 10:00:00,22.81076,15.155548,895.8337,2.960484,249.02078,62.019314
2023-05-02 11:00:00,22.68338,15.244598,895.77313,2.6465943,250.4487,62.85872
2023-05-02 12:00:00,22.492126,15.342529,896.1291,1.9846534,250.38605,63.993813
2023-05-02 13:00:00,22.270111,15.435547,896.75916,1.5340781,240.06897,65.25172
2023-05-02 14:00:00,21.398102,15.512085,897.5225,1.4224753,217.98306,69.15841
2023-05-02 15:00:00,20.63446,15.477356,898.2685,1.6385905,198.79231,72.31908
2023-05-02 16:00:00,20.433197,15.5026245,898.8644,1.9335836,189.17673,73.34083
2023-05-02 17:00:00,19.740967,15.40686,899.151,2.1905332,187.4289,76.08157
2023-05-02 18:00:00,19.586853,15.410065,899.10425,2.3256054,191.86021,76.82861
2023-05-02 19:00:00,19.40448,15.446136,898.72327,2.3910556,198.56267,77.88429
2023-05-02 20:00:00,18.811615,15.228119,898.2922,2.3772955,207.06511,79.69366
2023-05-02 21:00:00,18.66745,15.216736,897.9894,2.27522,214.21637,80.356316
2023-05-02 22:00:00,18.471405,15.106476,897.7619,2.740829,227.0471,80.77411
2023-05-02 23:00:00,18.393524,15.07428,898.0159,2.3462737,226.03859,81.00139
2023-05-03 00:00:00,18.729095,15.159058,898.4961,1.951869,223.45544,79.75113
2023-05-03 01:00:00,18.789093,15.143463,899.14935,1.8136728,221.35744,79.37304
2023-05-03 02:00:00,19.974487,15.360565,899.8257,2.1150167,222.18082,74.76602
2023-05-03 03:00:00,20.2807,15.31073,900.3489,2.4637725,227.9579,73.12912
2023-05-03 04:00:00,20.56485,15.234833,900.6135,2.7584093,232.00003,71.50868
2023-05-03 05:00:00,21.973755,15.459473,900.5595,3.1106951,234.67598,66.54253
2023-05-03 06:00:00,22.690887,15.413696,900.1903,3.4692132,236.99149,63.51559
2023-05-03 07:00:00,22.858154,15.344971,899.50555,3.814273,241.84329,62.598183
2023-05-03 08:00:00,23.405823,15.257965,898.6538,4.078389,247.36023,60.22206
2023-05-03 09:00:00,23.416626,15.153778,897.8168,4.2091646,253.2219,59.78142
2023-05-03 10:00:00,22.83667,15.129669,896.9428,3.988706,264.1492,61.819107
2023-05-03 11:00:00,22.745087,15.182098,896.7319,3.638495,269.48633,62.373024
2023-05-03 12:00:00,22.573212,15.229492,896.87445,2.9430764,274.62878,63.219078
2023-05-03 13:00:00,22.213074,15.31192,897.35376,2.1523757,273.99713,64.96142
2023-05-03 14:00:00,21.38153,15.407471,898.0316,1.5309181,264.60437,68.76593
2023-05-03 15:00:00,20.554626,15.227722,898.68353,1.1714718,247.02277,71.521095
2023-05-03 16:00:00,20.346405,15.280975,899.18744,1.1267544,229.00522,72.693985
2023-05-03 17:00:00,19.68988,15.196228,899.38513,1.2460333,219.78392,75.29825
2023-05-03 18:00:00,19.450745,15.096771,899.2503,1.4379398,221.3458,75.93814
2023-05-03 19:00:00,19.2164,15.057587,898.81714,1.6050249,225.05481,76.85973
2023-05-03 20:00:00,18.584595,14.958069,898.31616,1.7294027,231.2461,79.441795
2023-05-03 21:00:00,18.430206,14.904022,897.88873,1.7812974,237.15347,79.93496
2023-05-03 22:00:00,18.068817,14.639832,897.7058,1.9791378,268.5011,80.387764
2023-05-03 23:00:00,18.0047,14.590729,897.76544,1.6574003,272.18723,80.456985
2023-05-04 00:00:00,18.359192,14.660889,898.08,1.2901343,277.95215,79.043335
2023-05-04 01:00:00,18.444336,14.6922,898.6046,0.8294917,273.7119,78.78161
2023-05-04 02:00:00,19.72409,15.080292,899.2336,0.8015369,238.39859,74.58085
2023-05-04 03:00:00,20.145172,15.047394,899.70703,1.2777947,219.67271,72.5072
2023-05-04 04:00:00,20.490509,14.968445,899.88873,1.7738887,218.38246,70.61758
2023-05-04 05:00:00,22.096436,15.184387,899.76025,2.237559,222.88046,64.891014
2023-05-04 06:00:00,22.903412,15.139862,899.3389,2.699148,229.43239,61.61
2023-05-04 07:00:00,23.06372,15.055237,898.6434,3.1904013,237.49268,60.684044
2023-05-04 08:00:00,23.660614,14.97879,897.8553,3.6323397,245.35942,58.249557
2023-05-04 09:00:00,23.76651,14.981934,897.0514,3.9043915,252.61618,57.891125
2023-05-04 10:00:00,23.010803,14.760437,896.27045,3.8266385,272.78903,59.734146
2023-05-04 11:00:00,22.879822,14.795898,895.9743,3.5668578,276.08728,60.347504
2023-05-04 12:00:00,22.747925,14.824585,896.0837,2.9132977,277.73578,60.944378
2023-05-04 13:00:00,22.416351,14.787109,896.5005,2.2172675,272.68335,62.0337
2023-05-04 14:00:00,21.488373,14.850189,897.0898,1.742016,259.65182,65.913925
2023-05-04 15:00:00,20.707367,14.778687,897.6914,1.637027,240.26544,68.83378
2023-05-04 16:00:00,20.50772,14.862976,898.1394,1.9810241,225.94608,70.06532
2023-05-04 17:00:00,19.80304,14.826477,898.2763,2.4104748,222.26279,73.0141
2023-05-04 18:00:00,19.479736,14.794067,898.1503,2.8802078,223.64973,74.33894
2023-05-04 19:00:00,19.230713,14.710999,897.78766,3.2725968,227.3987,75.09647
2023-05-04 20:00:00,18.570587,14.424194,897.3647,3.5878882,233.16237,76.82063
2023-05-04 21:00:00,18.326996,14.350403,896.92944,3.7827892,239.39923,77.63076
2023-05-04 22:00:00,17.85321,14.11084,896.62476,4.180227,251.98308,78.7456
2023-05-04 23:00:00,17.750793,14.101959,896.65356,4.041461,252.9669,79.2094
2023-05-05 00:00:00,18.064087,14.179077,896.93805,3.8339627,253.80151,78.05246
2023-05-05 01:00:00,18.166443,14.166107,897.49805,3.7576263,255.61479,77.48718
2023-05-05 02:00:00,19.731934,14.633606,898.117,4.0016384,254.81216,72.43057
2023-05-05 03:00:00,20.197021,14.665802,898.50977,4.5961347,254.47437,70.52053
2023-05-05 04:00:00,20.599915,14.583008,898.6655,5.386111,253.55765,68.42198
2023-05-05 05:00:00,22.405914,14.703491,898.4959,6.2707124,253.961,61.739395
2023-05-05 06:00:00,23.199524,14.51886,898.0471,7.1357694,255.48618,58.143036
2023-05-05 07:00:00,23.369385,14.454559,897.3058,7.9642944,257.45193,57.311104
2023-05-05 08:00:00,24.128021,14.299622,896.4493,8.599742,259.65558,54.20764
2023-05-05 09:00:00,24.284668,14.230621,895.68896,8.977051,262.41736,53.461517
2023-05-05 10:00:00,23.688263,14.25705,894.9231,8.040785,267.9381,55.5066
2023-05-05 11:00:00,23.553528,14.239807,894.8008,7.622568,269.9452,55.89655
2023-05-05 12:00:00,23.393036,14.359009,895.0745,6.6817093,270.70953,56.87706
2023-05-05 13:00:00,23.144012,14.308411,895.5497,5.8797827,269.4108,57.550396
2023-05-05 14:00:00,22.052124,14.60376,896.18384,5.4233932,267.96863,62.678932
2023-05-05 15:00:00,21.177185,14.624817,896.7502,5.1645126,265.89673,66.21408
2023-05-05 16:00:00,20.921936,14.660614,897.1782,5.1135373,263.41293,67.41582
2023-05-05 17:00:00,20.163239,14.619141,897.2109,5.2192903,261.53043,70.45559
2023-05-05 18:00:00,19.878021,14.628021,896.9732,5.448733,261.03845,71.751625
2023-05-05 19:00:00,19.64325,14.574463,896.5218,5.7099414,261.69202,72.55287
2023-05-05 20:00:00,18.954132,14.403503,896.118,5.8693647,263.67496,74.90087
2023-05-05 21:00:00,18.782715,14.375916,895.74335,5.8896866,266.2615,75.572075
2023-05-05 22:00:00,18.284973,14.174377,895.5496,5.9656143,272.04794,76.95415
2023-05-05 23:00:00,18.219574,14.14267,895.6746,5.583225,275.0229,77.112076
2023-05-06 00:00:00,18.657196,14.211365,896.0852,5.254225,277.0949,75.36099
2023-05-06 01:00:00,18.823822,14.222839,896.68384,5.1834955,277.84357,74.63555
2023-05-06 02:00:00,20.289246,14.509308,897.3512,5.4271135,277.94223,69.41512
2023-05-06 03:00:00,20.888336,14.546753,897.79724,5.92529,277.5603,67.060715
2023-05-06 04:00:00,21.276031,14.48584,897.9528,6.623667,276.33594,65.22604
2023-05-06 05:00:00,22.916534,14.456146,897.82416,7.385461,274.9734,58.907898
2023-05-06 06:00:00,23.713257,14.2343445,897.44653,8.134034,273.90195,55.341755
2023-05-06 07:00:00,23.889801,14.143433,896.8225,8.805971,273.6348,54.435783
2023-05-06 08:00:00,24.672302,13.806427,896.0733,9.333327,273.87463,50.81857
2023-05-06 09:00:00,24.851654,13.718231,895.3697,9.571755,274.53568,49.9899
2023-05-06 10:00:00,24.216034,13.960541,894.8615,8.598812,277.82483,52.750854
2023-05-06 11:00:00,24.075165,14.000641,894.7054,8.250915,276.39297,53.33713
2023-05-06 12:00:00,23.81363,14.133362,894.8352,7.3115788,273.25745,54.650055
2023-05-06 13:00:00,23.550507,14.1315,895.2809,6.5589433,268.44342,55.516094
2023-05-06 14:00:00,22.396332,14.28772,895.90485,6.161824,262.83252,60.138615
2023-05-06 15:00:00,21.482422,14.282166,896.5188,6.157012,258.0896,63.56405
2023-05-06 16:00:00,21.193176,14.273621,896.8992,6.3412576,254.56157,64.66513
2023-05-06 17:00:00,20.320557,14.188141,896.99133,6.704304,252.85219,67.85713
2023-05-06 18:00:00,20.086548,14.160461,896.79156,7.097376,252.9505,68.722565
2023-05-06 19:00:00,19.887146,14.114044,896.40015,7.4508076,254.42499,69.36743
2023-05-06 20:00:00,19.22403,13.950653,895.9533,7.7257366,256.59937,71.52306
2023-05-06 21:00:00,19.074005,13.952942,895.59106,7.82969,259.21695,72.20555
2023-05-06 22:00:00,18.523193,13.893372,895.41077,7.770114,260.5416,74.445465
2023-05-06 23:00:00,18.443726,13.896606,895.5901,7.4515514,265.3088,74.83261
2023-05-07 00:00:00,18.921692,14.054321,895.9676,7.0869727,268.5683,73.3756
2023-05-07 01:00:00,19.259705,14.257721,896.61755,6.890054,272.01605,72.79816
2023-05-07 02:00:00,20.647675,14.600494,897.16766,6.850751,273.563,68.29796
2023-05-07 03:00:00,21.140686,14.610779,897.6024,7.303484,275.02286,66.3025
2023-05-07 04:00:00,21.533844,14.439606,897.7835,7.8755927,276.5894,64.012596
2023-05-07 05:00:00,23.309418,14.359467,897.70874,8.510228,277.80798,57.166546
2023-05-07 06:00:00,24.180603,14.122833,897.28156,9.028409,278.32144,53.42205
2023-05-07 07:00:00,24.386414,14.048401,896.58026,9.588015,279.05966,52.513195
2023-05-07 08:00:00,25.203583,13.967957,895.7534,9.9367,280.19315,49.752132
2023-05-07 09:00:00,25.32843,13.944855,895.0673,10.081278,281.59927,49.30994
2023-05-07 10:00:00,24.602142,13.992584,894.43524,9.326599,281.00116,51.65233
2023-05-07 11:00:00,24.517426,13.990204,894.2848,8.785374,281.28442,51.906734
2023-05-07 12:00:00,24.313293,14.048981,894.4353,7.5931206,280.9722,52.745724
2023-05-07 13:00:00,24.002838,13.815002,894.8258,6.586376,279.37164,52.92797
2023-05-07 14:00:00,22.715454,14.180359,895.4297,5.8990707,276.55948,58.57603
2023-05-07 15:00:00,21.828949,14.288544,895.9799,5.503443,272.96136,62.257236
2023-05-07 16:00:00,21.505188,14.329742,896.34326,5.347823,269.5096,63.671158
2023-05-07 17:00:00,20.6763,14.264557,896.34625,5.3966703,266.97107,66.71362
2023-05-07 18:00:00,20.423584,14.213043,896.11346,5.6280274,265.40094,67.535675
2023-05-07 19:00:00,20.184692,14.180664,895.71014,5.914126,265.125,68.39611
2023-05-07 20:00:00,19.550995,14.131134,895.28046,6.134363,265.8699,70.90779
2023-05-07 21:00:00,19.318665,14.110718,894.9715,6.1782265,267.08276,71.84447
2023-05-07 22:00:00,18.86325,13.893799,894.8116,5.8962,271.11853,72.88122
2023-05-07 23:00:00,18.664093,13.765808,894.9943,5.5438495,272.85196,73.18338
2023-05-08 00:00:00,19.045227,13.941193,895.3807,5.2636237,275.00854,72.280106
2023-05-08 01:00:00,19.236877,13.960541,895.9546,5.105424,277.18268,71.51169
2023-05-08 02:00:00,20.879883,14.287689,896.5667,5.180913,276.9947,65.981606
2023-05-08 03:00:00,21.296967,14.20874,897.043,5.497426,275.36972,63.985603
2023-05-08 04:00:00,21.664978,14.067291,897.24384,5.961104,273.7126,61.98966
2023-05-08 05:00:00,23.462738,13.826294,897.19836,6.488767,272.94867,54.71696
2023-05-08 06:00:00,24.325623,13.466156,896.9393,6.9789977,272.49127,50.748665
2023-05-08 07:00:00,24.520721,13.462952,896.4696,7.4214,271.86224,50.148804
2023-05-08 08:00:00,25.36673,13.292053,895.8215,7.7792087,271.65448,47.153038
2023-05-08 09:00:00,25.492676,13.2569275,895.1551,7.923911,272.569,46.69433
2023-05-08 10:00:00,24.832367,13.297302,894.5864,7.8419714,273.35684,48.69503
2023-05-08 11:00:00,24.704803,13.365112,894.3664,7.379538,275.504,49.284767
2023-05-08 12:00:00,24.455353,13.423584,894.4843,6.2715864,276.6235,50.21649
2023-05-08 13:00:00,24.131866,13.255432,894.9011,5.12327,274.74365,50.64164
2023-05-08 14:00:00,22.871521,13.794189,895.5246,4.2759266,270.5669,56.589634
2023-05-08 15:00:00,21.893982,13.832886,896.1342,3.8336842,265.49744,60.206264
2023-05-08 16:00:00,21.571625,13.876465,896.5806,3.590185,259.52646,61.577843
2023-05-08 17:00:00,20.692566,13.884949,896.78,3.590064,254.21332,65.02749
2023-05-08 18:00:00,20.473022,13.960022,896.68396,3.7083638,251.3841,66.235214
2023-05-08 19:00:00,20.20111,13.925568,896.4094,3.9569504,251.33194,67.2064
2023-05-08 20:00:00,19.398285,13.810699,896.0792,4.1105266,252.50754,70.111916
2023-05-08 21:00:00,19.158722,13.750458,895.8198,4.172442,253.86462,70.88744
2023-05-08 22:00:00,18.61972,13.720642,895.68646,4.20939,254.36072,73.17179
2023-05-08 23:00:00,18.48462,13.73584,895.89166,3.952037,257.0697,73.86611
2023-05-09 00:00:00,18.871857,13.887024,896.262,3.677209,258.92654,72.81003
2023-05-09 01:00:00,19.01242,13.99588,896.78296,3.5481894,260.97192,72.6855
2023-05-09 02:00:00,20.747864,14.273376,897.31744,3.649535,260.97455,66.458206
2023-05-09 03:00:00,21.160034,14.134644,897.75946,3.9321153,263.3108,64.21644
2023-05-09 04:00:00,21.609589,13.899719,897.8898,4.2314453,266.9808,61.5278
2023-05-09 05:00:00,23.623138,13.813782,897.827,4.566335,271.2897,54.14649
2023-05-09 06:00:00,24.455994,13.438568,897.5762,5.010716,274.31305,50.263577
2023-05-09 07:00:00,24.667358,13.325012,897.0849,5.485693,276.61407,49.26625
2023-05-09 08:00:00,25.487122,13.068756,896.42505,5.886583,279.43216,46.139656
2023-05-09 09:00:00,25.614319,13.04422,895.75104,6.11048,282.8826,45.719166
2023-05-09 10:00:00,24.945679,13.244537,895.2528,6.0309315,285.71927,48.20075
2023-05-09 11:00:00,24.773773,13.291931,895.0433,5.580993,287.89902,48.84858
2023-05-09 12:00:00,24.596405,13.384186,895.1676,4.604669,289.04654,49.666836
2023-05-09 13:00:00,24.277985,13.179993,895.576,3.6200812,286.9783,49.95334
2023-05-09 14:00:00,22.74353,13.56311,896.165,2.9305046,285.9253,56.18017
2023-05-09 15:00:00,21.879547,13.507721,896.7392,2.4024107,282.16116,58.999054
2023-05-09 16:00:00,21.51648,13.573975,897.1662,2.0478418,273.8403,60.58349
2023-05-09 17:00:00,20.531708,13.504028,897.313,1.9123708,263.4748,64.069435
2023-05-09 18:00:00,20.231598,13.54248,897.19995,2.0057335,256.179,65.43097
2023-05-09 19:00:00,19.967072,13.498444,896.8745,2.2184384,252.55324,66.32019
2023-05-09 20:00:00,19.276672,13.445282,896.51514,2.4565418,252.28345,68.98571
2023-05-09 21:00:00,19.03366,13.342346,896.226,2.6190274,254.06062,69.5702
2023-05-09 22:00:00,18.414642,13.262848,896.0369,3.3040192,244.53152,71.94141
2023-05-09 23:00:00,18.291168,13.182068,896.2057,3.2001522,249.51526,72.11948
2023-05-10 00:00:00,18.724487,13.378876,896.5305,2.98324,253.02615,71.095314
2023-05-10 01:00:00,18.87149,13.389008,896.98663,2.9532154,256.31732,70.49184
2023-05-10 02:00:00,20.564026,13.715027,897.4673,2.7938578,260.76883,64.82532
2023-05-10 03:00:00,20.967987,13.59848,897.84326,2.8144646,266.8085,62.75608
2023-05-10 04:00:00,21.424774,13.385529,898.01227,2.8741941,274.61383,60.181786
2023-05-10 05:00:00,23.468811,13.197266,897.97705,3.1471434,280.45386,52.502937
2023-05-10 06:00:00,24.363739,12.668274,897.6771,3.564498,283.13922,48.062107
2023-05-10 07:00:00,24.57608,12.593323,897.1699,3.9846811,284.295,47.222565
2023-05-10 08:00:00,25.434418,12.325439,896.45917,4.2710447,285.44052,44.085007
2023-05-10 09:00:00,25.579742,12.219574,895.82166,4.4159317,287.25073,43.403107
2023-05-10 10:00:00,25.033142,12.799744,895.266,4.355306,287.2393,46.576717
2023-05-10 11:00:00,24.886444,12.767731,895.2326,3.9549763,286.01865,46.887676
2023-05-10 12:00:00,24.707428,12.823212,895.4519,3.0251741,279.8183,47.563965
2023-05-10 13:00:00,24.264038,12.542084,895.9217,2.2867594,264.2298,47.95187
2023-05-10 14:00:00,22.648193,13.061218,896.5109,1.9410685,246.59604,54.687344
2023-05-10 15:00:00,21.707855,13.0164795,897.0822,1.9411852,228.7333,57.74141
2023-05-10 16:00:00,21.355225,12.959442,897.46564,2.2150362,215.81755,58.781464
2023-05-10 17:00:00,20.32254,13.139313,897.632,2.6175914,211.32817,63.377148
2023-05-10 18:00:00,20.036774,13.167511,897.53107,3.013357,211.9439,64.625656
2023-05-10 19:00:00,19.845215,13.220886,897.3157,3.388352,214.69154,65.62512
2023-05-10 20:00:00,19.13684,13.038635,897.1122,3.6703558,217.64655,67.76786
2023-05-10 21:00:00,18.777527,12.794647,896.99866,3.842527,220.85255,68.20772
2023-05-10 22:00:00,18.224823,12.643311,897.0041,4.0740767,220.31796,69.91352
2023-05-10 23:00:00,18.060028,12.590332,897.28076,4.058887,223.82738,70.3959
2023-05-11 00:00:00,18.426453,12.789124,897.67,3.9306917,225.04506,69.69748
2023-05-11 01:00:00,18.702576,13.013336,898.24896,3.7485204,224.5349,69.51502
2023-05-11 02:00:00,20.581696,13.401123,898.819,3.527861,223.6464,63.44576
2023-05-11 03:00:00,21.32602,13.5026245,899.2383,3.4444616,223.94695,61.01045
2023-05-11 04:00:00,21.900879,13.485809,899.3554,3.4111645,226.86577,58.838318
2023-05-11 05:00:00,23.798645,13.450745,899.2631,3.5494215,234.47705,52.32753
2023-05-11 06:00:00,24.562988,13.03479,898.91034,3.8909295,245.6513,48.644714
2023-05-11 07:00:00,24.770355,12.875519,898.3664,4.2586875,255.52197,47.547924
2023-05-11 08:00:00,25.654358,12.506531,897.6474,4.575874,262.33133,44.03331
2023-05-11 09:00:00,25.82489,12.307434,896.97955,4.7154837,266.78668,43.024296
2023-05-11 10:00:00,25.19455,12.77832,896.27655,4.4212956,261.3868,46.0664
2023-05-11 11:00:00,25.08786,12.762848,896.1919,4.367264,261.41937,46.313114
2023-05-11 12:00:00,24.80954,12.781952,896.3942,3.9987683,254.60867,47.147266
2023-05-11 13:00:00,24.450043,12.335327,896.84686,3.732704,243.57768,46.781384
2023-05-11 14:00:00,22.863617,12.903595,897.4154,3.6824934,232.31366,53.424507
2023-05-11 15:00:00,21.772491,12.992859,897.9228,3.8996725,223.34756,57.425125
2023-05-11 16:00:00,21.424072,13.011627,898.26904,4.300757,218.07268,58.734016
2023-05-11 17:00:00,20.31784,13.032043,898.432,4.7796116,216.65633,62.953056
2023-05-11 18:00:00,20.058258,13.025421,898.299,5.236188,218.03363,63.94379
2023-05-11 19:00:00,19.705658,12.90979,897.9638,5.5763297,220.42842,64.86423
2023-05-11 20:00:00,18.924438,12.744659,897.5178,5.8059077,222.76425,67.36397
2023-05-11 21:00:00,18.762177,12.674652,897.28394,5.933217,225.13004,67.73888
2023-05-11 22:00:00,18.17984,12.497345,897.36096,5.612218,221.56125,69.44344
2023-05-11 23:00:00,18.0383,12.479309,897.5607,5.6703453,223.85054,69.9807
2023-05-12 00:00:00,18.407623,12.630096,897.88635,5.563875,224.75784,69.05681
2023-05-12 01:00:00,18.673523,12.79126,898.4341,5.481126,225.47517,68.63741
2023-05-12 02:00:00,20.728394,13.24054,898.93024,5.4048686,225.44197,62.2203
2023-05-12 03:00:00,21.22818,13.4175415,899.3246,5.459497,226.97188,61.038483
2023-05-12 04:00:00,21.759888,13.332611,899.41846,5.6353984,228.74289,58.757774
2023-05-12 05:00:00,24.108002,13.426636,899.282,5.875068,232.63072,51.28322
2023-05-12 06:00:00,24.857635,13.078217,898.84644,6.079995,237.39157,47.931557
2023-05-12 07:00:00,25.088898,12.964539,898.20447,6.2435355,242.5981,46.925266
2023-05-12 08:00:00,25.985718,12.696014,897.4494,6.3941164,246.52399,43.716698
2023-05-12 09:00:00,26.165222,12.415344,896.8075,6.5220175,249.42026,42.46625
2023-05-12 10:00:00,25.684265,13.047485,896.20544,5.5141244,253.72884,45.53953
2023-05-12 11:00:00,25.579498,13.03595,896.1272,5.520845,251.25418,45.78903
2023-05-12 12:00:00,25.41684,12.915619,896.2771,5.4317546,242.12823,45.87143
2023-05-12 13:00:00,25.144379,12.685364,896.7269,5.4203005,231.37361,45.92384
2023-05-12 14:00:00,23.454102,13.301666,897.35333,5.5579634,222.32678,52.908535
2023-05-12 15:00:00,22.356262,13.220154,897.94635,5.814367,216.75381,56.246315
2023-05-12 16:00:00,21.96878,13.198059,898.3601,6.160292,213.57391,57.506542
2023-05-12 17:00:00,20.818756,13.087799,898.4645,6.5465503,213.04164,61.26154
2023-05-12 18:00:00,20.484924,13.054993,898.2304,6.9216523,214.37352,62.40064
2023-05-12 19:00:00,20.253326,13.015198,897.75464,7.2178636,216.32687,63.134933
2023-05-12 20:00:00,19.403503,12.792358,897.2557,7.4872246,218.41019,65.587425
2023-05-12 21:00:00,19.22757,12.797699,896.8719,7.6732984,220.58658,66.33268
2023-05-12 22:00:00,18.71695,12.837158,896.87604,7.3756266,221.61182,68.657196
2023-05-12 23:00:00,18.583252,12.766754,897.0536,7.412407,222.80635,68.9155
2023-05-13 00:00:00,18.915344,12.943146,897.3374,7.3552976,224.00397,68.28316
2023-05-13 01:00:00,19.142517,12.92215,897.87463,7.2120013,225.47897,67.23014
2023-05-13 02:00:00,21.071472,13.620941,898.4348,7.280042,226.76088,62.449516
2023-05-13 03:00:00,21.627472,13.716431,898.904,7.5339518,228.5238,60.73342
2023-05-13 04:00:00,22.170288,13.8506775,899.0104,7.846142,230.70387,59.268986
2023-05-13 05:00:00,24.251495,13.929596,898.8554,8.205089,233.52243,52.533245
2023-05-13 06:00:00,25.00293,13.605438,898.45087,8.597529,237.00339,49.178883
2023-05-13 07:00:00,25.25235,13.524078,897.8484,8.94814,240.87228,48.197876
2023-05-13 08:00:00,26.227203,13.416718,897.08954,9.211495,244.92725,45.174015
2023-05-13 09:00:00,26.397675,13.219299,896.3638,9.307241,248.74872,44.14984
2023-05-13 10:00:00,25.846771,13.9653015,895.7491,8.384513,249.8905,47.879265
2023-05-13 11:00:00,25.75998,13.938019,895.65814,8.390489,252.25522,48.0411
2023-05-13 12:00:00,25.623474,13.791718,895.8653,8.179109,250.24298,47.97395
2023-05-13 13:00:00,25.319336,13.678131,896.2921,7.8012834,246.90796,48.48955
2023-05-13 14:00:00,23.821503,14.117096,896.8747,7.5928693,242.67448,54.56665
2023-05-13 15:00:00,22.665863,14.062012,897.4476,7.648775,239.68481,58.303856
2023-05-13 16:00:00,22.237427,13.968536,897.74255,7.7745266,237.85165,59.480305
2023-05-13 17:00:00,21.17633,13.991943,897.72595,8.031804,237.8115,63.56176
2023-05-13 18:00:00,20.93106,13.949707,897.349,8.343821,238.42068,64.350006
2023-05-13 19:00:00,20.714325,13.924225,896.883,8.700677,239.1909,65.10612
2023-05-13 20:00:00,19.950256,13.739655,896.3055,8.992165,239.63153,67.43883
2023-05-13 21:00:00,19.748169,13.661743,895.85187,9.210521,240.39212,67.943985
2023-05-13 22:00:00,19.177368,13.438019,895.58057,8.636459,243.04955,69.38084
2023-05-13 23:00:00,19.052155,13.384369,895.5923,8.82065,244.30766,69.680534
2023-05-14 00:00:00,19.546448,13.737061,895.8353,8.866606,245.11172,69.13771
2023-05-14 01:00:00,19.811432,13.847351,896.28955,8.855102,245.68213,68.49887
2023-05-14 02:00:00,21.349762,14.3611145,896.74756,9.12897,245.80484,64.410675
2023-05-14 03:00:00,21.86444,14.469513,897.12573,9.5043745,246.53633,62.853474
2023-05-14 04:00:00,22.316162,14.541107,897.2939,9.822792,247.08157,61.430283
2023-05-14 05:00:00,24.277893,14.554108,897.14703,10.294312,247.88342,54.613297
2023-05-14 06:00:00,25.145325,14.279449,896.7358,10.927676,249.30942,50.942516
2023-05-14 07:00:00,25.391449,14.145172,895.97656,11.587737,251.48643,49.767475
2023-05-14 08:00:00,26.298676,14.012939,895.16,12.051425,253.70477,46.76066
2023-05-14 09:00:00,26.391968,13.942963,894.383,12.224309,255.54868,46.293297
2023-05-14 10:00:00,25.81015,14.338684,893.7303,11.088098,252.9201,49.157627
2023-05-14 11:00:00,25.747467,14.38855,893.6044,10.960243,252.9931,49.499947
2023-05-14 12:00:00,25.511536,14.438934,893.7859,10.383409,249.70438,50.36157
2023-05-14 13:00:00,25.217438,14.382019,894.248,9.8317,244.99661,51.061844
2023-05-14 14:00:00,23.736115,14.621155,894.8883,9.608437,240.54074,56.664474
2023-05-14 15:00:00,22.65213,14.483093,895.4799,9.650896,236.82199,59.96398
2023-05-14 16:00:00,22.271088,14.390198,895.8815,9.853161,233.87988,61.001408
2023-05-14 17:00:00,21.356873,14.497284,895.94165,10.093411,231.75194,64.95161
2023-05-14 18:00:00,21.197845,14.580322,895.7131,10.476626,230.6967,65.94061
2023-05-14 19:00:00,20.804138,14.467102,895.3275,10.841961,230.34773,67.06307
2023-05-14 20:00:00,20.1315,14.351196,894.98987,11.108742,230.39896,69.382774
2023-05-14 21:00:00,19.790405,14.20932,894.784,11.26836,230.77849,70.216515
2023-05-14 22:00:00,19.430481,14.284058,894.8387,11.005391,233.86034,72.15157
2023-05-14 23:00:00,19.277344,14.2099,895.1675,10.916578,233.64337,72.493576
2023-05-15 00:00:00,19.736572,14.583649,895.674,10.703488,233.22627,72.17668
2023-05-15 01:00:00,19.990265,14.761536,896.31665,10.55443,232.73874,71.87063
2023-05-15 02:00:00,21.559479,15.050171,896.9358,10.768114,232.53796,66.477844
2023-05-15 03:00:00,22.002533,15.120636,897.4205,11.075132,233.52786,64.99671
2023-05-15 04:00:00,22.41925,15.16864,897.66907,11.219297,234.35262,63.564217
2023-05-15 05:00:00,24.445892,15.363434,897.64185,11.427579,235.9358,56.956978
2023-05-15 06:00:00,25.217468,15.119263,897.3468,11.693593,238.19627,53.54681
2023-05-15 07:00:00,25.419373,15.147644,896.7473,12.028709,240.51906,53.00419
2023-05-15 08:00:00,26.403076,15.054596,896.0982,12.299723,242.7222,49.70649
2023-05-15 09:00:00,26.557434,14.980316,895.4754,12.303925,244.39053,49.02132
2023-05-15 10:00:00,26.076324,15.140472,894.8246,11.660871,247.6665,50.955814
2023-05-15 11:00:00,25.958374,15.125,894.7019,11.034354,247.12595,51.261692
2023-05-15 12:00:00,25.710052,15.220123,894.8894,10.02578,243.9433,52.340424
2023-05-15 13:00:00,25.331024,15.143677,895.3486,9.1429405,237.92387,53.269768
2023-05-15 14:00:00,23.94403,15.433472,895.9587,8.721052,233.18298,58.961857
2023-05-15 15:00:00,22.89389,15.417999,896.58234,8.598123,229.57892,62.756096
2023-05-15 16:00:00,22.572021,15.430847,897.0027,8.6937065,226.517,64.04583
2023-05-15 17:00:00,21.554565,15.35083,897.1791,8.922385,224.96967,67.79452
2023-05-15 18:00:00,21.270386,15.374115,897.01196,9.228266,224.56763,69.08801
2023-05-15 19:00:00,21.020935,15.312164,896.7059,9.502853,225.36565,69.87558
2023-05-15 20:00:00,20.2901,15.198242,896.38086,9.652276,226.22887,72.56071
2023-05-15 21:00:00,20.065063,15.119354,896.21124,9.691992,227.2098,73.2053
2023-05-15 22:00:00,19.677399,15.083496,896.1791,8.285607,230.6645,74.81266
2023-05-15 23:00:00,19.601562,15.077423,896.5197,8.284052,229.38342,75.136345
2023-05-16 00:00:00,19.973877,15.338165,897.0327,8.165485,228.02312,74.66148
2023-05-16 01:00:00,20.111633,15.347076,897.7342,8.141032,227.38707,74.06996
2023-05-16 02:00:00,21.692047,15.878876,898.4094,8.388849,228.59961,69.53869
2023-05-16 03:00:00,22.148407,15.875275,898.90784,8.605233,231.04004,67.61351
2023-05-16 04:00:00,22.580322,15.824921,899.15015,8.769096,233.40173,65.649086
2023-05-16 05:00:00,24.31366,15.898132,899.1679,8.9909,236.17697,59.409134
2023-05-16 06:00:00,25.115723,15.784149,898.9136,9.3352165,239.2243,56.218147
2023-05-16 07:00:00,25.357056,15.683411,898.3613,9.692528,242.13498,55.06049
2023-05-16 08:00:00,26.1792,15.518585,897.7099,9.975157,244.87076,51.890694
2023-05-16 09:00:00,26.333344,15.42392,897.1197,9.942454,247.35425,51.109314
2023-05-16 10:00:00,25.784698,15.478607,896.7128,8.688741,253.74251,52.980667
2023-05-16 11:00:00,25.62326,15.480988,896.6893,8.19845,253.41745,53.49856
2023-05-16 12:00:00,25.416626,15.52243,896.95013,7.265572,249.48425,54.30317
2023-05-16 13:00:00,25.082306,15.451324,897.4536,6.5412006,241.8183,55.142532
2023-05-16 14:00:00,23.893738,15.713043,898.05884,6.259425,234.92807,60.20886
2023-05-16 15:00:00,22.973022,15.708527,898.73804,6.302924,229.75227,63.629246
2023-05-16 16:00:00,22.57608,15.764709,899.21515,6.4113812,226.62102,65.4137
2023-05-16 17:00:00,21.601227,15.666138,899.3406,6.5640483,225.04622,68.98106
2023-05-16 18:00:00,21.304413,15.593994,899.11804,6.7511077,225.01593,69.922516
2023-05-16 19:00:00,21.124603,15.5755005,898.65295,6.910859,225.68428,70.61436
2023-05-16 20:00:00,20.401001,15.413879,898.1728,6.9521003,226.98349,73.0698
2023-05-16 21:00:00,20.082794,15.321136,897.9076,6.9164815,228.06813,74.07884
2023-05-16 22:00:00,19.631042,15.222687,897.92053,6.2134185,235.25018,75.70227
2023-05-16 23:00:00,19.62732,15.252411,898.15643,6.1046433,232.56033,75.864426
2023-05-17 00:00:00,20.018768,15.416931,898.61694,5.9319067,230.12463,74.83142
2023-05-17 01:00:00,20.247894,15.524414,899.22534,5.884863,228.4214,74.28851
2023-05-17 02:00:00,21.907867,16.010834,899.86743,6.042425,226.73984,69.20895
2023-05-17 03:00:00,22.253082,16.075684,900.36505,6.1715026,226.56548,68.04917
2023-05-17 04:00:00,22.672089,16.037903,900.5938,6.2883987,225.96103,66.17865
2023-05-17 05:00:00,24.500183,16.218842,900.55164,6.5010056,226.15196,59.96382
2023-05-17 06:00:00,25.323486,15.94632,900.2128,6.893889,226.81447,56.105625
2023-05-17 07:00:00,25.561829,15.835876,899.6153,7.316453,228.49916,54.927612
2023-05-17 08:00:00,26.45514,15.710449,898.94617,7.578585,231.34196,51.68318
2023-05-17 09:00:00,26.59671,15.585999,898.31195,7.678004,234.23529,50.84699
2023-05-17 10:00:00,25.879578,15.834381,897.9104,7.245179,240.46991,53.897114
2023-05-17 11:00:00,25.735626,15.855957,897.85474,7.0018086,240.98679,54.433926
2023-05-17 12:00:00,25.550385,15.828613,898.0907,6.484392,238.16473,54.93945
2023-05-17 13:00:00,25.272491,15.751892,898.5884,5.9762664,233.20697,55.581135
2023-05-17 14:00:00,24.011261,15.803497,899.20087,5.6685987,228.19542,60.132027
2023-05-17 15:00:00,22.886597,15.832916,899.8999,5.6514306,224.49382,64.47395
2023-05-17 16:00:00,22.609985,15.822418,900.4519,5.789942,222.224,65.52049
2023-05-17 17:00:00,21.680573,15.879547,900.6953,5.9380245,222.14238,69.590454
2023-05-17 18:00:00,21.318115,15.917023,900.51685,6.113837,223.03062,71.32221
2023-05-17 19:00:00,21.06726,15.86676,900.12335,6.293799,225.18027,72.19618
2023-05-17 20:00:00,20.217041,15.628082,899.677,6.391427,227.46906,74.9261
2023-05-17 21:00:00,20.002289,15.6484375,899.4179,6.344833,229.87006,76.02711
2023-05-17 22:00:00,19.571106,15.574097,899.47235,5.746141,235.42957,77.71652
2023-05-17 23:00:00,19.459656,15.538635,899.70764,5.425494,235.7749,78.07905
2023-05-18 00:00:00,19.852081,15.729675,900.2446,5.133822,235.40775,77.13777
2023-05-18 01:00:00,20.066223,15.811432,900.9638,5.0049205,235.16502,76.52055
2023-05-18 02:00:00,21.57959,16.265045,901.60425,5.0740623,235.84676,71.76506
2023-05-18 03:00:00,21.99826,16.276367,902.0187,5.24122,238.14188,70.003716
2023-05-18 04:00:00,22.445892,16.190247,902.19763,5.4293075,240.65308,67.74901
2023-05-18 05:00:00,24.266785,16.37503,902.1015,5.677625,243.1182,61.415936
2023-05-18 06:00:00,25.063202,16.111969,901.7399,6.094868,245.70773,57.587456
2023-05-18 07:00:00,25.32193,15.971161,901.1153,6.5430374,249.15091,56.1999
2023-05-18 08:00:00,26.214325,15.812378,900.332,6.972415,253.2189,52.766026
2023-05-18 09:00:00,26.354431,15.662872,899.5683,7.132584,257.52112,51.833145
2023-05-18 10:00:00,25.740845,15.796082,898.9119,6.784555,266.9132,54.209198
2023-05-18 11:00:00,25.6734,15.809814,898.62354,6.430609,267.4315,54.47427
2023-05-18 12:00:00,25.512024,15.857361,898.7351,5.70022,266.00238,55.16601
2023-05-18 13:00:00,25.274963,15.933533,899.06555,4.824694,259.61896,56.221886
2023-05-18 14:00:00,24.154388,16.02826,899.5121,4.3993087,254.24055,60.479713
2023-05-18 15:00:00,23.15924,16.07428,899.9908,4.249442,249.15588,64.40407
2023-05-18 16:00:00,22.845215,16.055511,900.34143,4.296205,244.8463,65.561226
2023-05-18 17:00:00,21.863007,16.047668,900.3971,4.5488515,242.47284,69.56205
2023-05-18 18:00:00,21.510773,16.048431,900.0986,4.928668,242.62527,71.0794
2023-05-18 19:00:00,21.335876,16.046265,899.533,5.3595805,243.58301,71.83493
2023-05-18 20:00:00,20.636475,15.952789,898.8988,5.7074094,244.93576,74.54335
2023-05-18 21:00:00,20.424652,15.921448,898.41656,5.932589,246.28276,75.372375
2023-05-18 22:00:00,20.050293,15.805328,898.25214,5.818104,247.2799,76.56614
2023-05-18 23:00:00,19.960632,15.797821,898.3233,5.783332,246.22192,76.955376
2023-05-19 00:00:00,20.36496,15.966248,898.66724,5.7978625,245.01616,75.86736
2023-05-19 01:00:00,20.581146,15.99585,899.166,5.930172,243.88872,75.00391
2023-05-19 02:00:00,22.224762,16.40393,899.7238,6.2531075,242.10779,69.60734
2023-05-19 03:00:00,22.659027,16.39325,900.0822,6.737329,242.98105,67.74814
2023-05-19 04:00:00,23.040222,16.325378,900.1714,7.2284775,244.80829,65.91588
2023-05-19 05:00:00,24.90744,16.197083,900.00244,7.7651057,247.30502,58.44112
2023-05-19 06:00:00,25.725159,15.937347,899.65295,8.326047,249.22752,54.751663
2023-05-19 07:00:00,25.97583,15.790192,899.0804,8.85816,251.36292,53.439636
2023-05-19 08:00:00,26.8667,15.553619,898.3482,9.282475,253.84393,49.941654
2023-05-19 09:00:00,26.98169,15.447601,897.593,9.523207,256.32748,49.269386
2023-05-19 10:00:00,26.269012,15.591614,896.96515,8.315795,261.3139,51.85811
2023-05-19 11:00:00,26.139008,15.608459,896.7199,8.072141,261.3669,52.31442
2023-05-19 12:00:00,25.917969,15.671753,896.7511,7.5135307,259.60785,53.218277
2023-05-19 13:00:00,25.53659,15.545319,897.03046,6.675473,255.14874,53.99665
2023-05-19 14:00:00,24.341095,15.686523,897.4675,6.3460875,250.49176,58.514458
2023-05-19 15:00:00,23.373688,15.722351,897.98883,6.3156433,247.31375,62.161785
2023-05-19 16:00:00,23.021088,15.822479,898.3432,6.518416,245.53378,63.90846
2023-05-19 17:00:00,22.097107,15.795105,898.46674,6.7843585,245.46365,67.47848
2023-05-19 18:00:00,21.769531,15.772888,898.3,7.1077385,246.52383,68.74291
2023-05-19 19:00:00,21.591888,15.7821045,897.92993,7.4260974,247.64827,69.534424
2023-05-19 20:00:00,20.899292,15.717377,897.44165,7.680465,249.5,72.25179
2023-05-19 21:00:00,20.695923,15.651489,896.9739,7.7949643,251.03671,72.853874
2023-05-19 22:00:00,20.019989,15.4140625,896.6886,7.3282456,256.42917,74.81199
2023-05-19 23:00:00,19.922974,15.417725,896.8268,7.2697897,255.00784,75.28045
2023-05-20 00:00:00,20.358704,15.583893,897.19806,7.1371055,254.24077,74.06341
2023-05-20 01:00:00,20.509521,15.6154175,897.75726,7.2522516,253.98495,73.52562
2023-05-20 02:00:00,22.212067,15.933624,898.2974,7.539782,254.63852,67.603424
2023-05-20 03:00:00,22.613892,15.864166,898.71857,7.945787,255.99808,65.67998
2023-05-20 04:00:00,22.96347,15.786835,898.8831,8.294969,257.80185,63.98573
2023-05-20 05:00:00,24.7854,15.800903,898.81,8.672193,259.96823,57.3982
2023-05-20 06:00:00,25.557434,15.474915,898.5103,9.113166,262.1554,53.687107
2023-05-20 07:00:00,25.833405,15.351196,898.052,9.570579,264.44678,52.3981
2023-05-20 08:00:00,26.807892,15.013611,897.46533,9.873452,266.6192,48.407288
2023-05-20 09:00:00,26.885132,14.811096,896.93085,9.97303,268.78168,47.563725
2023-05-20 10:00:00,26.30194,14.818451,896.5293,8.486265,272.65918,49.249817
2023-05-20 11:00:00,26.126648,14.928955,896.5056,8.154706,271.82236,50.117935
2023-05-20 12:00:00,25.922089,15.002319,896.7512,7.319738,269.2556,50.9683
2023-05-20 13:00:00,25.607452,14.863342,897.17944,6.5054293,263.98523,51.465458
2023-05-20 14:00:00,24.308044,15.303436,897.7629,6.049273,258.34833,57.208557
2023-05-20 15:00:00,23.382935,15.384216,898.3377,5.876155,253.64456,60.79588
2023-05-20 16:00:00,22.936218,15.398254,898.7422,5.9410214,249.58145,62.51622
2023-05-20 17:00:00,21.954407,15.483063,898.845,6.178505,246.84842,66.72191
2023-05-20 18:00:00,21.726105,15.482147,898.6715,6.6062775,245.49188,67.65445
2023-05-20 19:00:00,21.485199,15.468231,898.38806,7.0431495,245.04617,68.59745
2023-05-20 20:00:00,20.675964,15.272217,898.0507,7.3718266,245.44513,71.19142
2023-05-20 21:00:00,20.540344,15.239471,897.77856,7.570293,246.54865,71.63812
2023-05-20 22:00:00,19.992188,15.085724,897.64343,6.8141513,251.33026,73.37746
2023-05-20 23:00:00,19.867859,15.047668,897.83026,6.7371287,250.28477,73.76403
2023-05-21 00:00:00,20.24588,15.160919,898.2486,6.6470466,249.78319,72.58498
2023-05-21 01:00:00,20.494476,15.299011,898.85956,6.683854,249.26712,72.116196
2023-05-21 02:00:00,22.089874,15.588745,899.46545,6.9014177,249.27818,66.622665
2023-05-21 03:00:00,22.53595,15.639587,899.92206,7.2177644,250.56879,65.05042
2023-05-21 04:00:00,22.991364,15.611053,900.1121,7.436587,251.97409,63.163353
2023-05-21 05:00:00,24.98825,15.604187,900.0648,7.7252183,253.93521,55.998333
2023-05-21 06:00:00,25.807129,15.25705,899.81976,8.081502,256.1795,52.16358
2023-05-21 07:00:00,26.075226,15.163239,899.3553,8.439263,258.59167,51.033722
2023-05-21 08:00:00,27.05542,14.891846,898.8131,8.70867,261.10193,47.335766
2023-05-21 09:00:00,27.20282,14.838928,898.2646,8.864792,263.17905,46.7684
2023-05-21 10:00:00,26.44638,15.142761,897.8638,8.434759,268.38248,49.86148
2023-05-21 11:00:00,26.334137,15.192169,897.6766,8.076474,268.15002,50.352406
2023-05-21 12:00:00,26.114197,15.282288,897.8773,7.3790865,264.9947,51.30702
2023-05-21 13:00:00,25.766724,14.943329,898.3368,6.773784,260.01016,51.244724
2023-05-21 14:00:00,24.442749,15.293457,898.9231,6.363299,254.98065,56.71246
2023-05-21 15:00:00,23.434021,15.265106,899.5159,6.261309,250.26666,60.147266
2023-05-21 16:00:00,23.04303,15.205231,899.9188,6.3746786,246.19284,61.348595
2023-05-21 17:00:00,21.952911,15.075775,900.09625,6.6782537,244.13693,65.00599
2023-05-21 18:00:00,21.628326,15.02655,900.00476,7.0330462,243.625,66.097984
2023-05-21 19:00:00,21.401672,15.015076,899.7277,7.3981338,244.38022,66.97182
2023-05-21 20:00:00,20.621979,14.840942,899.353,7.6462154,245.88031,69.474884
2023-05-21 21:00:00,20.450012,14.816223,899.0706,7.795894,247.99051,70.10374
2023-05-21 22:00:00,19.875214,14.697845,899.025,7.74466,250.68414,72.08806
2023-05-21 23:00:00,19.784882,14.731476,899.1758,7.611752,251.79349,72.650215
2023-05-22 00:00:00,20.199524,14.928925,899.54,7.4350643,252.77963,71.71523
2023-05-22 01:00:00,20.465912,14.994293,900.1063,7.4737,254.16254,70.842514
2023-05-22 02:00:00,22.178375,15.368683,900.6591,7.77874,255.55435,65.33636
2023-05-22 03:00:00,22.627106,15.396851,901.0442,8.218033,257.47372,63.693027
2023-05-22 04:00:00,23.05008,15.352173,901.1515,8.531909,258.47223,61.903618
2023-05-22 05:00:00,25.11316,15.522186,901.0232,8.871883,259.2809,55.291794
2023-05-22 06:00:00,25.882599,15.355011,900.7113,9.189576,260.20905,52.25839
2023-05-22 07:00:00,26.12561,15.202637,900.1488,9.497272,261.3907,51.01084
2023-05-22 08:00:00,27.0578,15.051239,899.49646,9.661005,262.83154,47.81706
2023-05-22 09:00:00,27.181152,14.946442,898.8868,9.643174,263.9165,47.153156
2023-05-22 10:00:00,26.618408,15.171722,898.42694,8.580132,262.60748,49.450344
2023-05-22 11:00:00,26.502045,15.12262,898.2141,8.140562,261.62186,49.63378
2023-05-22 12:00:00,26.207886,15.023407,898.3527,7.427754,257.68866,50.181908
2023-05-22 13:00:00,25.863373,14.940521,898.7251,6.691303,251.66809,50.942863
2023-05-22 14:00:00,24.62732,15.24057,899.3539,6.2221503,245.26047,55.899517
2023-05-22 15:00:00,23.46283,15.12384,899.9343,6.146662,239.8312,59.50046
2023-05-22 16:00:00,23.118683,15.127808,900.36444,6.275246,236.78413,60.765503
2023-05-22 17:00:00,22.194763,15.055817,900.50366,6.527865,235.50746,63.972664
2023-05-22 18:00:00,21.882324,15.024902,900.33795,6.8197217,236.04141,65.073326
2023-05-22 19:00:00,21.658875,15.033813,899.9283,7.0864754,237.72165,66.00545
2023-05-22 20:00:00,20.905182,14.812225,899.54767,7.233739,240.00589,68.14811
2023-05-22 21:00:00,20.747711,14.849884,899.3229,7.264469,242.19415,68.978676
2023-05-22 22:00:00,20.226257,14.759094,899.3946,6.6255956,247.043,70.81791
2023-05-22 23:00:00,20.166626,14.783966,899.5782,6.5528207,248.68709,71.193474
2023-05-23 00:00:00,20.55661,15.047394,899.9171,6.4005647,250.09314,70.688416
2023-05-23 01:00:00,20.789673,15.091675,900.4104,6.4767146,250.35434,69.87957
2023-05-23 02:00:00,22.572693,15.598114,900.91705,6.8200216,250.85002,64.73331
2023-05-23 03:00:00,23.013458,15.69986,901.2805,7.379738,252.84604,63.43853
2023-05-23 04:00:00,23.404755,15.773621,901.4013,7.8832,254.60239,62.249153
2023-05-23 05:00:00,25.229004,15.957703,901.2469,8.360207,255.5488,56.462955
2023-05-23 06:00:00,26.053772,15.80719,900.8616,8.831964,256.69122,53.251587
2023-05-23 07:00:00,26.272034,15.75885,900.1855,9.219917,257.8832,52.406757
2023-05-23 08:00:00,27.054169,15.787659,899.4217,9.506334,259.3781,50.13997
2023-05-23 09:00:00,27.14627,15.741669,898.6507,9.56615,260.536,49.723164
2023-05-23 10:00:00,26.319763,15.92276,897.77576,9.12612,261.82214,52.80962
2023-05-23 11:00:00,26.155945,15.954956,897.45404,8.846502,260.6847,53.43294
2023-05-23 12:00:00,25.892456,15.918823,897.4626,8.150071,257.73526,54.147404
2023-05-23 13:00:00,25.576538,16.032166,897.82886,7.408944,252.86938,55.572014
2023-05-23 14:00:00,24.481873,16.05014,898.4127,6.9216075,247.18808,59.387226
2023-05-23 15:00:00,23.484924,15.875336,899.0285,6.8562055,242.6529,62.352943
2023-05-23 16:00:00,23.11673,15.863953,899.41595,6.9307256,239.29778,63.70845
2023-05-23 17:00:00,22.255157,15.8585205,899.5139,7.0895467,237.69717,67.10359
2023-05-23 18:00:00,21.938751,15.83783,899.2629,7.309347,237.26785,68.31951
2023-05-23 19:00:00,21.73471,15.849457,898.93195,7.5817895,237.99689,69.22735
2023-05-23 20:00:00,20.972809,15.727966,898.5435,7.7739487,239.21323,71.97478
2023-05-23 21:00:00,20.839478,15.699738,898.2261,7.8715625,240.66365,72.436295
2023-05-23 22:00:00,20.457703,15.747009,897.97675,7.190363,243.53711,74.38478
2023-05-23 23:00:00,20.37616,15.758789,898.0566,7.119918,243.04771,74.816414
2023-05-24 00:00:00,20.736633,16.046478,898.3753,7.0191083,241.72253,74.52937
2023-05-24 01:00:00,20.977814,16.019257,898.8761,7.045012,240.3583,73.30444
2023-05-24 02:00:00,22.527191,16.478943,899.3677,7.439555,238.80685,68.665886
2023-05-24 03:00:00,23.064331,16.482788,899.70123,8.008771,238.66864,66.48245
2023-05-24 04:00:00,23.436615,16.44342,899.808,8.647032,238.48703,64.84145
2023-05-24 05:00:00,25.085175,16.457611,899.65424,9.350105,239.09955,58.792347
2023-05-24 06:00:00,25.785248,16.31189,899.25305,10.010072,239.92496,55.875862
2023-05-24 07:00:00,25.98111,16.268738,898.61633,10.656391,241.11282,55.079777
2023-05-24 08:00:00,26.710327,16.203217,897.9176,11.206924,242.56056,52.53937
2023-05-24 09:00:00,26.831146,16.14447,897.2528,11.591429,243.81696,51.97219
2023-05-24 10:00:00,26.065369,16.421936,896.5846,10.835169,245.15482,55.34302
2023-05-24 11:00:00,25.939758,16.449677,896.3988,10.702896,245.16914,55.854435
2023-05-24 12:00:00,25.671844,16.551788,896.5132,10.060296,243.90753,57.11807
2023-05-24 13:00:00,25.366028,16.614319,896.9208,9.264003,240.61816,58.396584
2023-05-24 14:00:00,24.304901,16.663208,897.48846,8.81818,236.64767,62.408894
2023-05-24 15:00:00,23.355804,16.644867,898.04236,8.7583475,233.92097,65.99818
2023-05-24 16:00:00,23.058594,16.703094,898.43695,8.824779,232.20076,67.443115
2023-05-24 17:00:00,22.22113,16.695831,898.58044,8.954932,231.59998,70.92663
2023-05-24 18:00:00,21.95224,16.681946,898.3522,9.093135,231.86339,72.03489
2023-05-24 19:00:00,21.732391,16.671417,897.94806,9.262361,232.6057,72.95947
2023-05-24 20:00:00,20.986145,16.39917,897.512,9.398089,233.70407,75.06263
2023-05-24 21:00:00,20.848541,16.414612,897.2431,9.461826,234.67897,75.77479
2023-05-24 22:00:00,20.570496,16.395294,897.15717,8.670187,239.48024,76.9886
2023-05-24 23:00:00,20.510864,16.434021,897.43286,8.668126,238.37692,77.46286
2023-05-25 00:00:00,20.840027,16.566528,897.8462,8.60725,237.12665,76.55048
2023-05-25 01:00:00,20.965149,16.595062,898.36163,8.769501,235.74158,76.101685
2023-05-25 02:00:00,22.327332,16.947235,898.77875,9.447961,235.54381,71.602554
2023-05-25 03:00:00,22.616943,16.953247,899.0949,10.234963,236.84811,70.38036
2023-05-25 04:00:00,22.937866,16.79184,899.2123,10.819175,238.38739,68.32146
2023-05-25 05:00:00,24.424225,16.918304,899.134,11.308057,239.98817,62.97546
2023-05-25 06:00:00,25.222107,16.766449,898.7815,11.781647,241.85805,59.47043
2023-05-25 07:00:00,25.404114,16.697662,898.2597,12.210304,243.72485,58.573742
2023-05-25 08:00:00,26.13977,16.665802,897.5808,12.499988,245.40991,55.960907
2023-05-25 09:00:00,26.125214,16.592072,896.9671,12.560494,246.92358,55.74737
2023-05-25 10:00:00,25.484161,16.622131,896.466,11.977448,252.4367,58.0168
2023-05-25 11:00:00,25.376923,16.730865,896.2815,11.365044,252.05832,58.792313
2023-05-25 12:00:00,25.150848,16.755646,896.3806,10.459863,250.40967,59.68237
2023-05-25 13:00:00,24.814392,16.705048,896.7425,9.451754,245.79726,60.69658
2023-05-25 14:00:00,23.792633,16.850922,897.264,8.959458,241.23724,65.129745
2023-05-25 15:00:00,22.810547,16.79123,897.79065,8.859075,237.68726,68.847786
2023-05-25 16:00:00,22.532135,16.818542,898.1446,9.001222,234.78079,70.14209
2023-05-25 17:00:00,21.75476,16.757355,898.19104,9.24046,233.38382,73.258415
2023-05-25 18:00:00,21.453491,16.744476,897.9743,9.576239,233.07797,74.559845
2023-05-25 19:00:00,21.239258,16.743164,897.57153,9.928449,233.38208,75.538864
2023-05-25 20:00:00,20.589844,16.629486,897.1594,10.220869,234.05132,78.0505
2023-05-25 21:00:00,20.470825,16.591675,896.9783,10.40457,234.87352,78.43677
2023-05-25 22:00:00,20.108734,16.352112,897.10944,9.548467,238.5998,78.998055
2023-05-25 23:00:00,20.052399,16.311554,897.3965,9.661234,238.13657,79.06942
2023-05-26 00:00:00,20.421478,16.569702,897.85474,9.621384,238.0954,78.56617
2023-05-26 01:00:00,20.520569,16.510254,898.4446,9.820878,237.63931,77.79281
2023-05-26 02:00:00,21.76297,16.834473,899.0454,10.659136,237.82632,73.58084
2023-05-26 03:00:00,22.085815,16.749603,899.4524,11.466019,239.00906,71.75814
2023-05-26 04:00:00,22.402344,16.64502,899.57025,11.986601,240.91505,69.92301
2023-05-26 05:00:00,23.85437,16.716187,899.3986,12.374424,243.16106,64.33596
2023-05-26 06:00:00,24.658173,16.432281,899.0375,12.681454,245.4891,60.21272
2023-05-26 07:00:00,24.936462,16.435577,898.48914,12.928717,247.70956,59.232815
2023-05-26 08:00:00,25.837494,16.436035,897.87244,13.049221,249.88394,56.145035
2023-05-26 09:00:00,25.916595,16.384918,897.26056,12.97673,252.02719,55.7011
2023-05-26 10:00:00,25.370697,16.201752,896.7933,11.956203,254.88559,56.86758
2023-05-26 11:00:00,25.264526,16.23462,896.7311,11.340438,255.91483,57.347828
2023-05-26 12:00:00,25.03302,16.307892,896.91833,10.440005,255.39374,58.41604
2023-05-26 13:00:00,24.764526,16.319214,897.2762,9.407989,253.01347,59.40223
2023-05-26 14:00:00,23.679535,16.386993,897.7536,8.781839,250.3153,63.67003
2023-05-26 15:00:00,22.743927,16.456726,898.2327,8.453385,247.73668,67.672905
2023-05-26 16:00:00,22.527313,16.483643,898.51514,8.30204,245.39969,68.685905
2023-05-26 17:00:00,21.73825,16.43869,898.5256,8.31738,243.49625,71.86237
2023-05-26 18:00:00,21.488495,16.50116,898.23303,8.445921,242.4371,73.259
2023-05-26 19:00:00,21.296692,16.507202,897.7596,8.639924,242.01736,74.15333
2023-05-26 20:00:00,20.674683,16.419525,897.26086,8.7671,242.27933,76.61398
2023-05-26 21:00:00,20.513214,16.37445,896.94586,8.831601,243.14503,77.158585
2023-05-26 22:00:00,20.034271,16.327545,896.5994,8.68975,245.22842,79.23882
2023-05-26 23:00:00,19.965912,16.33432,896.7656,8.640817,244.45291,79.60922
2023-05-27 00:00:00,20.33966,16.464508,897.0398,8.561964,243.7136,78.43757
2023-05-27 01:00:00,20.450623,16.483887,897.5372,8.678756,243.16196,77.99826
2023-05-27 02:00:00,21.73642,16.773285,898.04767,9.301986,243.0956,73.41475
2023-05-27 03:00:00,22.006714,16.66095,898.4492,9.805386,244.18533,71.70027
2023-05-27 04:00:00,22.308838,16.545166,898.59406,10.132183,245.07428,69.87698
2023-05-27 05:00:00,23.784851,16.473145,898.4958,10.453204,246.31622,63.61544
2023-05-27 06:00:00,24.548065,16.312286,898.1686,10.792209,247.83533,60.149296
2023-05-27 07:00:00,24.770142,16.266602,897.64667,11.127361,250.04181,59.18365
2023-05-27 08:00:00,25.656769,16.20816,897.0326,11.329737,252.64091,55.932343
2023-05-27 09:00:00,25.803375,16.164093,896.44446,11.35482,255.30069,55.29266
2023-05-27 10:00:00,25.326324,16.334625,895.8455,9.997211,258.23828,57.502525
2023-05-27 11:00:00,25.242065,16.360413,895.735,9.728496,258.65063,57.886463
2023-05-27 12:00:00,25.047455,16.359833,895.9093,8.994138,257.78864,58.55915
2023-05-27 13:00:00,24.76065,16.36621,896.33167,7.9221663,255.42133,59.59404
2023-05-27 14:00:00,23.634277,16.44757,896.80133,7.2450857,252.54953,64.09036
2023-05-27 15:00:00,22.540192,16.260498,897.3339,6.9337664,249.60773,67.66422
2023-05-27 16:00:00,22.265503,16.384216,897.69904,6.86735,247.16882,69.34786
2023-05-27 17:00:00,21.44809,16.361755,897.84467,6.9544177,245.83414,72.79194
2023-05-27 18:00:00,21.24878,16.391327,897.633,7.123101,245.37782,73.82526
2023-05-27 19:00:00,21.04477,16.388885,897.2325,7.3063045,245.34456,74.74383
2023-05-27 20:00:00,20.412292,16.272186,896.8077,7.425174,245.78568,77.13651
2023-05-27 21:00:00,20.294037,16.240265,896.5558,7.4443417,246.45001,77.54395
2023-05-27 22:00:00,19.859772,16.161041,896.4761,7.019768,253.12347,79.254555
2023-05-27 23:00:00,19.784302,16.124664,896.6643,6.85711,253.14084,79.44174
2023-05-28 00:00:00,20.18335,16.204132,897.09644,6.6578918,253.18237,77.89661
2023-05-28 01:00:00,20.32312,16.199188,897.7058,6.7020264,252.62053,77.202385
2023-05-28 02:00:00,21.826172,16.50943,898.2132,7.3214664,252.87152,71.79981
2023-05-28 03:00:00,22.216064,16.356476,898.51794,7.768125,253.0076,69.43414
2023-05-28 04:00:00,22.561401,16.290833,898.6043,8.141742,253.24321,67.707825
2023-05-28 05:00:00,24.150238,16.449127,898.5768,8.528776,254.31448,62.13904
2023-05-28 06:00:00,25.107635,16.197723,898.34625,8.935353,256.21622,57.7501
2023-05-28 07:00:00,25.34018,16.081207,897.94226,9.37242,258.87817,56.534622
2023-05-28 08:00:00,26.090698,15.915649,897.4324,9.780237,261.93588,53.504967
2023-05-28 09:00:00,26.166779,15.809387,896.9613,9.963575,264.94693,52.904366
2023-05-28 10:00:00,25.59613,16.04535,896.3714,9.130852,267.50024,55.554134
2023-05-28 11:00:00,25.319397,15.993195,896.3145,8.829439,267.19327,56.2875
2023-05-28 12:00:00,25.058258,16.02066,896.5313,8.101004,266.51395,57.2698
2023-05-28 13:00:00,24.71579,15.986633,897.0564,7.158908,265.11536,58.325386
2023-05-28 14:00:00,23.448914,16.165466,897.6965,6.4471364,262.8617,63.65646
2023-05-28 15:00:00,22.39096,16.114685,898.3778,5.992721,260.1955,67.64889
2023-05-28 16:00:00,21.977997,16.125916,898.863,5.7236986,258.02136,69.42137
2023-05-28 17:00:00,21.157257,16.028809,899.11,5.6266756,257.48422,72.54531
2023-05-28 18:00:00,20.914276,16.011139,898.9303,5.5807877,258.3685,73.553185
2023-05-28 19:00:00,20.664032,15.994904,898.605,5.5372853,259.55978,74.61732
2023-05-28 20:00:00,19.967468,15.783203,898.181,5.4177136,261.44586,76.85094
2023-05-28 21:00:00,19.790619,15.729767,897.985,5.2248583,264.00745,77.4327
2023-05-28 22:00:00,19.381775,15.706726,897.90454,5.0673246,272.7327,79.30701
2023-05-28 23:00:00,19.286377,15.687073,898.09625,4.765797,274.81873,79.67893
2023-05-29 00:00:00,19.679688,15.795929,898.5696,4.4984946,276.73724,78.298
2023-05-29 01:00:00,19.931763,15.876617,899.1124,4.245112,278.24084,77.48235
2023-05-29 02:00:00,21.725311,16.301025,899.62585,4.0648155,277.95734,71.29175
2023-05-29 03:00:00,22.178497,16.37262,899.9938,3.9288125,275.5567,69.66471
2023-05-29 04:00:00,22.595245,16.4169,900.2114,3.9566908,270.24518,68.11333
2023-05-29 05:00:00,24.507446,16.528717,900.1339,4.199878,265.26202,61.131756
2023-05-29 06:00:00,25.247894,16.419098,899.8364,4.654442,261.96082,58.08293
2023-05-29 07:00:00,25.492676,16.323853,899.2784,5.190517,260.92813,56.89769
2023-05-29 08:00:00,26.370758,16.22293,898.67303,5.6247797,261.03302,53.668957
2023-05-29 09:00:00,26.448853,16.198792,898.1471,5.877835,261.82916,53.34012
2023-05-29 10:00:00,25.783478,16.312256,897.4838,4.9566083,257.8628,55.883015
2023-05-29 11:00:00,25.66214,16.334686,897.4815,4.9210224,258.58435,56.367023
2023-05-29 12:00:00,25.443878,16.388336,897.7518,4.5954084,259.58136,57.297634
2023-05-29 13:00:00,25.113861,16.51764,898.2234,4.0301886,258.32535,58.916462
2023-05-29 14:00:00,24.03244,16.75116,898.7492,3.685984,252.66861,63.792633
2023-05-29 15:00:00,22.941193,16.691772,899.32025,3.650358,246.96552,67.875244
2023-05-29 16:00:00,22.647003,16.692047,899.7902,3.8083012,242.98438,69.09767
2023-05-29 17:00:00,21.769104,16.595367,899.96954,4.056348,241.3263,72.44515
2023-05-29 18:00:00,21.57138,16.614594,899.8192,4.3467326,242.1831,73.415764
2023-05-29 19:00:00,21.334442,16.617981,899.43195,4.6622386,244.20392,74.5047
2023-05-29 20:00:00,20.651306,16.490509,899.0695,4.9123597,246.73685,77.07161
2023-05-29 21:00:00,20.549377,16.46344,898.84314,5.0365276,249.60605,77.423874
2023-05-29 22:00:00,20.229431,16.386871,898.6744,4.8634214,251.70404,78.58436
2023-05-29 23:00:00,20.093414,16.310333,898.75586,4.937677,254.91791,78.86288
2023-05-30 00:00:00,20.568665,16.545929,899.08124,4.8512406,256.6388,77.73859
2023-05-30 01:00:00,20.783173,16.61856,899.5989,4.7714086,256.87756,77.07317
2023-05-30 02:00:00,22.448273,17.012268,900.07587,4.951675,255.04738,71.37145
2023-05-30 03:00:00,22.842773,17.073639,900.37415,5.2352557,254.54573,69.95445
2023-05-30 04:00:00,23.187714,16.976562,900.45416,5.6325226,254.88931,68.08945
2023-05-30 05:00:00,24.87674,16.907928,900.24634,6.1542835,255.81607,61.25447
2023-05-30 06:00:00,25.528168,16.700684,899.8574,6.7133083,257.51974,58.154774
2023-05-30 07:00:00,25.719269,16.640594,899.23755,7.260401,260.08978,57.279945
2023-05-30 08:00:00,26.44989,16.544739,898.6061,7.728408,262.81848,54.524403
2023-05-30 09:00:00,26.441467,16.546143,898.0054,8.059603,266.1152,54.556377
2023-05-30 10:00:00,25.835175,16.539856,897.3303,7.80553,269.9789,56.524746
2023-05-30 11:00:00,25.709015,16.600403,897.1887,7.805997,272.41843,57.168633
2023-05-30 12:00:00,25.378204,16.643707,897.3791,7.2242084,274.10132,58.463364
2023-05-30 13:00:00,24.972809,16.688812,897.78217,6.415709,273.95645,60.063595
2023-05-30 14:00:00,23.970154,16.824158,898.3336,5.9204493,270.99774,64.32901
2023-05-30 15:00:00,22.963776,16.824585,898.8565,5.6521482,267.39676,68.356255
2023-05-30 16:00:00,22.679352,16.869293,899.2667,5.5429406,262.8095,69.74219
2023-05-30 17:00:00,21.853333,16.885803,899.396,5.6053267,259.50677,73.414505
2023-05-30 18:00:00,21.577332,16.845367,899.17993,5.8350945,257.984,74.47203
2023-05-30 19:00:00,21.396057,16.836456,898.75397,6.1065593,257.37393,75.26052
2023-05-30 20:00:00,20.76654,16.69519,898.2291,6.3240747,257.32077,77.52853
2023-05-30 21:00:00,20.556427,16.634491,897.88525,6.431199,257.45175,78.23632
2023-05-30 22:00:00,20.294373,16.494415,897.64966,6.0327916,259.58566,78.80703
2023-05-30 23:00:00,20.200317,16.469208,897.7859,6.0148273,258.6624,79.13942
2023-05-31 00:00:00,20.63971,16.652954,898.1426,5.971995,257.3943,77.92712
2023-05-31 01:00:00,20.881744,16.704071,898.65436,6.081115,255.97392,77.024376
2023-05-31 02:00:00,22.541626,17.021149,899.1387,6.438551,254.38107,71.00773
2023-05-31 03:00:00,22.959076,16.981567,899.44366,6.911084,253.13297,69.059555
2023-05-31 04:00:00,23.336823,16.92099,899.4776,7.445782,251.70187,67.241714
2023-05-31 05:00:00,24.989502,16.928986,899.27045,8.160853,250.37543,60.925083
2023-05-31 06:00:00,25.735748,16.693634,898.8144,8.911344,250.23376,57.417084
2023-05-31 07:00:00,25.904785,16.639435,898.1392,9.663735,251.03946,56.64947
2023-05-31 08:00:00,26.698395,16.553284,897.4023,10.275639,252.30916,53.760983
2023-05-31 09:00:00,26.75415,16.491913,896.7575,10.650572,253.5318,53.376137
2023-05-31 10:00:00,26.283295,16.506012,896.105,9.390312,254.22554,54.92774
2023-05-31 11:00:00,26.19217,16.480286,895.9659,9.219566,253.90839,55.133957
2023-05-31 12:00:00,26.01117,16.565704,896.0745,8.467097,252.58615,56.03071
2023-05-31 13:00:00,25.491547,16.543488,896.447,7.543417,249.12306,57.702248
2023-05-31 14:00:00,24.418152,16.690277,896.9389,6.9497538,245.19415,62.093536
2023-05-31 15:00:00,23.465942,16.756683,897.4536,6.7337127,241.07477,66.02817
2023-05-31 16:00:00,23.13916,16.764526,897.80365,6.790667,237.74269,67.37754
2023-05-31 17:00:00,22.330292,16.79007,897.8689,7.008,235.72978,70.87976
2023-05-31 18:00:00,22.170013,16.80194,897.6599,7.3500533,235.32825,71.62853
2023-05-31 19:00:00,21.90097,16.78714,897.2202,7.7449193,235.69403,72.74469
2023-05-31 20:00:00,21.23996,16.593536,896.7912,8.055484,236.86697,74.82124
2023-05-31 21:00:00,21.087463,16.59256,896.48663,8.255647,238.14932,75.520004
2023-05-31 22:00:00,20.622314,16.438873,896.42084,8.234108,241.18098,76.95623
2023-05-31 23:00:00,20.55127,16.455627,896.58185,8.128115,241.18365,77.376396
2023-06-01 00:00:00,21.036774,16.708405,896.8959,8.040608,240.61362,76.31495
2023-06-01 01:00:00,21.205933,16.692596,897.37024,8.216046,240.04807,75.450806
2023-06-01 02:00:00,22.751831,16.979156,897.79224,8.85712,239.26053,69.92148
2023-06-01 03:00:00,23.057037,16.878235,898.1206,9.493545,240.33295,68.2032
2023-06-01 04:00:00,23.353912,16.765503,898.2019,10.053152,241.33301,66.51323
2023-06-01 05:00:00,25.02481,16.702576,898.1264,10.709833,242.0967,59.930016
2023-06-01 06:00:00,25.742188,16.374634,897.8425,11.354862,243.02779,56.242897
2023-06-01 07:00:00,25.9794,16.2948,897.3072,11.945057,244.61029,55.176872
2023-06-01 08:00:00,26.808289,16.067932,896.63086,12.40277,246.70512,51.78866
2023-06-01 09:00:00,26.884064,15.987244,896.00806,12.593919,248.49759,51.29357
2023-06-01 10:00:00,26.228607,16.021393,895.43726,11.495014,249.45721,53.43014
2023-06-01 11:00:00,26.06781,16.045471,895.2704,11.178198,249.90991,54.023384
2023-06-01 12:00:00,25.857788,16.206848,895.4271,10.348916,248.97641,55.26508
2023-06-01 13:00:00,25.578644,16.424591,895.878,9.369933,245.7464,56.972115
2023-06-01 14:00:00,24.397156,16.563416,896.43005,8.927129,242.94963,61.672623
2023-06-01 15:00:00,23.304443,16.400787,896.9548,8.801852,240.3332,65.18368
2023-06-01 16:00:00,23.049713,16.51715,897.28046,8.838404,238.27893,66.68684
2023-06-01 17:00:00,22.151947,16.528015,897.405,9.015992,237.43718,70.47067
2023-06-01 18:00:00,22.016846,16.578827,897.24554,9.292391,237.40921,71.283104
2023-06-01 19:00:00,21.813507,16.599548,896.9,9.588454,238.29771,72.268166
2023-06-01 20:00:00,21.088654,16.435333,896.4707,9.798016,239.75618,74.76333
2023-06-01 21:00:00,20.988525,16.433167,896.14984,9.932381,241.12398,75.21419
2023-06-01 22:00:00,20.527924,16.253387,895.92084,8.972314,242.68503,76.496574
2023-06-01 23:00:00,20.46994,16.26419,896.13196,8.920835,243.2328,76.823494
2023-06-02 00:00:00,21.052002,16.576508,896.468,8.855091,243.43695,75.607475
2023-06-02 01:00:00,21.319763,16.626709,897.0228,9.063162,243.5576,74.61312
2023-06-02 02:00:00,22.82074,16.880127,897.54736,9.6426525,243.41718,69.19434
2023-06-02 03:00:00,23.136292,16.75232,897.9864,10.145321,244.7612,67.33705
2023-06-02 04:00:00,23.395233,16.60205,898.19086,10.617462,245.91928,65.66247
2023-06-02 05:00:00,25.048706,16.415924,898.15265,11.088714,246.89587,58.764183
2023-06-02 06:00:00,25.82193,16.043182,897.8398,11.5390625,247.8961,54.80756
2023-06-02 07:00:00,25.975891,15.882385,897.3052,11.872531,248.9452,53.755283
2023-06-02 08:00:00,26.823181,15.7595215,896.6115,12.086356,250.10114,50.733875
2023-06-02 09:00:00,26.900726,15.659454,895.98517,12.151172,251.01788,50.18077
2023-06-02 10:00:00,26.360992,16.103668,895.3591,11.366344,255.26196,53.29312
2023-06-02 11:00:00,26.243958,16.110565,895.23834,10.916197,254.2284,53.68627
2023-06-02 12:00:00,26.014038,16.133698,895.40845,9.920787,252.60216,54.501396
2023-06-02 13:00:00,25.628632,16.253754,895.82306,8.890288,248.48457,56.18882
2023-06-02 14:00:00,24.464752,16.616516,896.29346,8.314431,244.82472,61.63113
2023-06-02 15:00:00,23.516296,16.497864,896.8215,8.132985,241.43286,64.754456
2023-06-02 16:00:00,23.222168,16.522247,897.18506,8.104944,238.55426,66.01651
2023-06-02 17:00:00,22.42279,16.667358,897.31946,8.210248,236.62228,69.93531
2023-06-02 18:00:00,22.263824,16.713104,897.1652,8.440377,235.56152,70.82018
2023-06-02 19:00:00,22.059906,16.770477,896.85736,8.719473,235.49066,71.966835
2023-06-02 20:00:00,21.363312,16.603333,896.4768,8.9325695,235.78165,74.303825
2023-06-02 21:00:00,21.200287,16.616089,896.17975,9.079629,236.41217,75.1111
2023-06-02 22:00:00,20.7276,16.418427,895.94385,8.614583,237.99695,76.35938
2023-06-02 23:00:00,20.6893,16.422852,896.13,8.502606,237.18562,76.56127
2023-06-03 00:00:00,21.157349,16.549072,896.5536,8.399796,236.34308,74.989174
2023-06-03 01:00:00,21.294373,16.489319,897.194,8.679349,234.97116,74.079575
2023-06-03 02:00:00,22.924072,16.956543,897.74164,9.28672,234.6698,69.09641
2023-06-03 03:00:00,23.233643,16.889465,898.1596,9.596157,235.3755,67.52693
2023-06-03 04:00:00,23.538177,16.75415,898.3063,9.893568,236.16077,65.73065
2023-06-03 05:00:00,25.182495,16.623352,898.29095,10.324455,237.39996,59.071667
2023-06-03 06:00:00,25.912537,16.37143,898.03156,10.68347,238.62561,55.66666
2023-06-03 07:00:00,26.127075,16.275787,897.601,10.980682,240.21118,54.630737
2023-06-03 08:00:00,26.901672,16.150757,897.04553,11.153454,242.17638,51.777863
2023-06-03 09:00:00,26.988464,16.07956,896.5451,11.166337,244.2864,51.281036
2023-06-03 10:00:00,26.394318,16.23944,895.94617,9.859554,246.9802,53.65081
2023-06-03 11:00:00,26.287262,16.1763,895.7837,9.58874,247.16869,53.77409
2023-06-03 12:00:00,26.141907,16.380249,895.82886,8.854509,245.01218,54.947144
2023-06-03 13:00:00,25.753906,16.354614,896.15454,8.215401,240.44879,56.13224
2023-06-03 14:00:00,24.396027,16.39737,896.70667,7.9229836,237.04184,61.028862
2023-06-03 15:00:00,23.514618,16.400024,897.3133,7.9380417,234.22226,64.35919
2023-06-03 16:00:00,23.151123,16.447327,897.7737,8.125688,231.84683,65.98542
2023-06-03 17:00:00,22.164642,16.400574,897.95685,8.443012,230.54991,69.84769
2023-06-03 18:00:00,21.990723,16.485779,897.79175,8.754412,230.50883,70.975655
2023-06-03 19:00:00,21.685974,16.476685,897.41174,9.064233,231.40588,72.26676
2023-06-03 20:00:00,21.008087,16.403137,897.03156,9.305215,232.89687,74.98043
2023-06-03 21:00:00,20.843445,16.400726,896.829,9.442233,234.55011,75.731575
2023-06-03 22:00:00,20.412537,16.366302,896.73975,8.91208,238.6407,77.59903
2023-06-03 23:00:00,20.333038,16.351196,896.9419,8.901973,239.29726,77.90587
2023-06-04 00:00:00,20.743744,16.471008,897.3081,8.794866,240.04718,76.53915
2023-06-04 01:00:00,20.916443,16.464264,897.9417,8.821946,240.87888,75.69776
2023-06-04 02:00:00,22.44986,16.74884,898.51276,9.132206,242.20749,70.18249
2023-06-04 03:00:00,22.760834,16.565765,898.89453,9.349324,243.92944,68.073906
2023-06-04 04:00:00,23.107574,16.525482,898.98065,9.583172,245.73254,66.48907
2023-06-04 05:00:00,24.824371,16.633514,898.90814,9.89789,247.1702,60.38548
2023-06-04 06:00:00,25.536926,16.272644,898.5959,10.300204,248.66379,56.56358
2023-06-04 07:00:00,25.729889,16.143585,898.12726,10.649532,250.27948,55.461502
2023-06-04 08:00:00,26.449707,15.999725,897.4668,10.924145,252.21524,52.664417
2023-06-04 09:00:00,26.626831,16.001923,896.799,11.017981,254.29742,52.124744
2023-06-04 10:00:00,26.028961,16.21585,896.0772,10.48077,255.1976,54.739254
2023-06-04 11:00:00,25.912079,16.179504,895.8922,10.2179785,255.96774,54.991734
2023-06-04 12:00:00,25.674042,16.154419,895.9624,9.582554,254.9231,55.68397
2023-06-04 13:00:00,25.286896,16.116913,896.2713,8.811913,250.61572,56.843407
2023-06-04 14:00:00,24.026703,16.243683,896.769,8.4679365,246.7262,61.788082
2023-06-04 15:00:00,23.129242,16.365723,897.2727,8.368983,243.81044,65.73055
2023-06-04 16:00:00,22.817078,16.457336,897.6379,8.475673,241.7572,67.37609
2023-06-04 17:00:00,22.002289,16.46048,897.76196,8.679364,240.62086,70.81156
2023-06-04 18:00:00,21.792786,16.443481,897.5877,8.957562,240.25089,71.6452
2023-06-04 19:00:00,21.561401,16.508362,897.219,9.26285,240.45956,72.96624
2023-06-04 20:00:00,20.898712,16.384949,896.7566,9.56409,240.98448,75.39887
2023-06-04 21:00:00,20.722382,16.313385,896.3984,9.7403345,241.86267,75.87489
2023-06-04 22:00:00,20.345062,16.275726,896.2891,9.080894,243.27583,77.474785
2023-06-04 23:00:00,20.271667,16.325562,896.45435,9.233978,243.58693,78.07422
2023-06-05 00:00:00,20.694458,16.446564,896.7308,9.32366,243.58481,76.65249
2023-06-05 01:00:00,20.89853,16.41333,897.2053,9.488599,243.90414,75.53603
2023-06-05 02:00:00,22.547272,16.80487,897.6069,9.651915,243.82712,70.0169
2023-06-05 03:00:00,23.04541,16.905457,897.89874,9.92028,244.17755,68.36908
2023-06-05 04:00:00,23.459167,16.856781,897.99915,10.23519,244.08533,66.47595
2023-06-05 05:00:00,25.309082,16.872864,897.93774,10.610798,243.91434,59.564175
2023-06-05 06:00:00,26.008392,16.657074,897.6368,11.032169,244.2843,56.366203
2023-06-05 07:00:00,26.202545,16.617584,897.11633,11.379958,245.14603,55.583157
2023-06-05 08:00:00,27.102783,16.58725,896.42474,11.581787,246.50275,52.611465
2023-06-05 09:00:00,27.178894,16.56549,895.77924,11.619915,247.88718,52.30464
2023-06-05 10:00:00,26.689697,16.678314,895.0203,10.763848,251.23267,54.217484
2023-06-05 11:00:00,26.628387,16.70047,894.9879,10.4697075,251.36897,54.490215
2023-06-05 12:00:00,26.409058,16.85846,895.1217,9.941395,250.0668,55.7555
2023-06-05 13:00:00,26.08487,16.845917,895.5275,9.388594,246.5459,56.788338
2023-06-05 14:00:00,24.914154,17.12323,896.03174,9.108854,243.7655,61.95706
2023-06-05 15:00:00,23.875854,17.119263,896.6192,8.993181,241.12982,65.915695
2023-06-05 16:00:00,23.501038,17.100555,897.01953,9.101047,238.76707,67.340385
2023-06-05 17:00:00,22.604889,17.0932,897.206,9.322329,237.36713,71.058975
2023-06-05 18:00:00,22.36377,17.131042,897.0538,9.615694,236.84299,72.28054
2023-06-05 19:00:00,22.155273,17.11557,896.7357,9.910816,237.25507,73.131905
2023-06-05 20:00:00,21.522186,16.96054,896.3114,10.167574,238.41669,75.27135
2023-06-05 21:00:00,21.380127,16.894318,895.98914,10.364241,240.00835,75.610916
2023-06-05 22:00:00,20.972229,16.980957,895.8331,9.568404,244.14767,77.95414
2023-06-05 23:00:00,20.900482,16.99237,895.9481,9.751094,244.75986,78.355354
2023-06-06 00:00:00,21.298553,17.08023,896.0734,9.724024,245.44264,76.89019
2023-06-06 01:00:00,21.464447,17.069733,896.4318,9.762885,245.63165,76.062096
2023-06-06 02:00:00,22.97641,17.29309,896.8641,10.105808,245.66766,70.36058
2023-06-06 03:00:00,23.308197,17.210968,897.2444,10.356778,246.58907,68.60615
2023-06-06 04:00:00,23.66504,17.117096,897.4093,10.410027,247.79678,66.74803
2023-06-06 05:00:00,25.503418,17.197815,897.2816,10.390482,249.13516,60.104324
2023-06-06 06:00:00,26.208649,17.026306,896.9088,10.423829,250.05637,57.02254
2023-06-06 07:00:00,26.386627,16.968506,896.32654,10.5113945,250.87445,56.22017
2023-06-06 08:00:00,27.207855,16.816376,895.6457,10.631398,251.8584,53.054363
2023-06-06 09:00:00,27.283173,16.790619,894.97076,10.6725855,252.69946,52.73434
2023-06-06 10:00:00,26.606445,16.718658,894.3233,10.003007,255.0683,54.623722
2023-06-06 11:00:00,26.492157,16.898865,894.0731,9.788062,252.46986,55.625237
2023-06-06 12:00:00,26.296753,16.90689,894.14594,9.470236,248.03233,56.298923
2023-06-06 13:00:00,25.964935,16.911469,894.519,9.197628,242.13892,57.43097
2023-06-06 14:00:00,24.842499,17.101654,895.04407,9.131126,237.99649,62.137657
2023-06-06 15:00:00,23.74649,16.989532,895.70807,9.257882,234.90599,65.88719
2023-06-06 16:00:00,23.443207,17.029663,896.22424,9.56218,232.39299,67.27304
2023-06-06 17:00:00,22.68747,16.961212,896.49054,9.930079,231.09474,70.1152
2023-06-06 18:00:00,22.417358,16.913666,896.4532,10.332764,230.63998,71.06028
2023-06-06 19:00:00,22.234558,16.917938,896.1754,10.719353,230.93683,71.87433
2023-06-06 20:00:00,21.532959,16.823029,895.8561,11.046833,231.58936,74.56878
2023-06-06 21:00:00,21.406494,16.824524,895.56396,11.289972,232.57,75.15552
2023-06-06 22:00:00,21.017029,16.787231,895.3995,10.464543,235.68079,76.790794
2023-06-06 23:00:00,20.954132,16.77118,895.5559,10.630055,235.43015,77.009705
2023-06-07 00:00:00,21.406189,16.95755,895.90094,10.615659,235.11987,75.79346
2023-06-07 01:00:00,21.576477,17.01123,896.43414,10.584788,234.81645,75.26302
2023-06-07 02:00:00,23.052032,17.238647,896.8485,10.8031225,234.21127,69.79868
2023-06-07 03:00:00,23.427826,17.166199,897.1245,10.972736,234.24138,67.91997
2023-06-07 04:00:00,23.783325,17.10962,897.23096,11.102159,234.24118,66.243126
2023-06-07 05:00:00,25.434387,17.095215,897.1616,11.334204,234.59308,59.960808
2023-06-07 06:00:00,26.18283,16.823212,896.89764,11.638685,235.41269,56.379147
2023-06-07 07:00:00,26.33664,16.726654,896.4133,11.933904,236.9217,55.528004
2023-06-07 08:00:00,27.229431,16.795319,895.7894,12.126731,238.73163,52.91652
2023-06-07 09:00:00,27.338806,16.631897,895.1758,12.189832,240.51721,52.035652
2023-06-07 10:00:00,26.897675,16.764679,894.5781,11.140058,240.13745,53.8526
2023-06-07 11:00:00,26.833984,16.750183,894.4294,11.090018,240.02359,54.004936
2023-06-07 12:00:00,26.614319,16.755249,894.5778,10.850242,238.51784,54.72536
2023-06-07 13:00:00,26.35022,16.793884,895.0341,10.522277,235.21423,55.720734
2023-06-07 14:00:00,25.128906,16.923096,895.6182,10.307891,233.21274,60.398476
2023-06-07 15:00:00,24.04242,16.918182,896.3296,10.317576,231.43506,64.43338
2023-06-07 16:00:00,23.700684,16.981293,896.91034,10.44894,229.84402,66.03461
2023-06-07 17:00:00,22.851715,16.99762,897.18665,10.659811,229.12337,69.580795
2023-06-07 18:00:00,22.659729,17.057434,897.1115,10.900206,229.06401,70.662674
2023-06-07 19:00:00,22.434875,17.074951,896.79626,11.179237,229.42235,71.71368
2023-06-07 20:00:00,21.746918,16.980469,896.4493,11.41298,230.08383,74.33786
2023-06-07 21:00:00,21.599762,16.939606,896.2057,11.539715,230.94328,74.81561
2023-06-07 22:00:00,21.343872,16.995575,896.134,10.799287,232.85439,76.266914
2023-06-07 23:00:00,21.248535,17.006927,896.29846,10.896716,232.52821,76.76916
2023-06-08 00:00:00,21.785522,17.221283,896.6021,10.844271,232.18594,75.301865
2023-06-08 01:00:00,21.924286,17.235931,897.00616,10.807092,232.17662,74.7359
2023-06-08 02:00:00,23.374573,17.490784,897.3923,11.051916,232.03342,69.55048
2023-06-08 03:00:00,23.692535,17.39679,897.67303,11.318241,232.87012,67.82645
2023-06-08 04:00:00,24.024506,17.372742,897.71857,11.533132,234.02325,66.384995
2023-06-08 05:00:00,25.695465,17.379578,897.57245,11.727337,235.63069,60.10972
2023-06-08 06:00:00,26.491302,17.144165,897.19385,11.80237,237.46797,56.499046
2023-06-08 07:00:00,26.68454,17.094666,896.6492,11.86217,238.96451,55.684685
2023-06-08 08:00:00,27.568573,16.954529,896.0081,11.90947,240.6369,52.40218
2023-06-08 09:00:00,27.664215,16.841553,895.4021,11.854946,242.11008,51.73803
2023-06-08 10:00:00,27.154968,17.044464,894.74884,11.028322,241.65775,53.99416
2023-06-08 11:00:00,26.99414,17.022034,894.60736,10.942548,240.58264,54.42903
2023-06-08 12:00:00,26.860504,17.04132,894.71405,10.745957,236.71222,54.925274
2023-06-08 13:00:00,26.5943,16.886078,895.04236,10.52829,231.46092,55.246532
2023-06-08 14:00:00,25.460327,17.083405,895.5218,10.543223,228.16347,59.823696
2023-06-08 15:00:00,24.37088,17.047363,896.00214,10.704788,226.19966,63.69567
2023-06-08 16:00:00,24.140594,17.06482,896.3611,10.96301,225.1344,64.652626
2023-06-08 17:00:00,23.269073,17.125275,896.41974,11.287332,224.76567,68.39661
2023-06-08 18:00:00,23.067413,17.172516,896.28204,11.645856,225.22807,69.4427
2023-06-08 19:00:00,22.856354,17.193726,895.86694,11.959573,225.97263,70.43014
2023-06-08 20:00:00,22.15216,17.091522,895.502,12.184803,226.89374,73.034515
2023-06-08 21:00:00,21.990784,17.106354,895.18146,12.313576,228.07,73.82566
2023-06-08 22:00:00,21.628052,17.154175,895.02295,11.100942,226.90665,75.708015
2023-06-08 23:00:00,21.572754,17.184357,895.1509,11.498605,227.02576,76.10968
2023-06-09 00:00:00,21.95636,17.358856,895.41174,11.705481,226.81235,75.17154
2023-06-09 01:00:00,22.071198,17.354279,895.88556,11.856343,227.2897,74.62544
2023-06-09 02:00:00,23.480988,17.642883,896.2617,12.2182865,227.5922,69.771545
2023-06-09 03:00:00,23.80539,17.630005,896.5452,12.522743,228.70702,68.36601
2023-06-09 04:00:00,24.144775,17.558472,896.57623,12.663653,229.75768,66.68462
2023-06-09 05:00:00,25.811096,17.720428,896.37463,12.8031025,230.78021,60.996483
2023-06-09 06:00:00,26.484802,17.461395,895.8837,12.911799,232.17899,57.6653
2023-06-09 07:00:00,26.68042,17.416992,895.26654,13.053248,233.31258,56.84486
2023-06-09 08:00:00,27.509521,17.16156,894.64,13.179688,234.27106,53.277374
2023-06-09 09:00:00,27.602264,17.027924,894.0231,13.203589,235.1028,52.54274
2023-06-09 10:00:00,27.132233,17.247345,893.37604,12.450463,235.39941,54.76481
2023-06-09 11:00:00,26.948395,17.181,893.21783,12.210896,235.18759,55.12744
2023-06-09 12:00:00,26.795105,17.157562,893.40295,12.030236,232.7883,55.544132
2023-06-09 13:00:00,26.410889,17.12085,893.74414,11.764631,228.46991,56.683952
2023-06-09 14:00:00,25.383606,17.476868,894.2405,11.748677,225.3888,61.610542
2023-06-09 15:00:00,24.365143,17.487396,894.7236,11.885494,223.53952,65.514915
2023-06-09 16:00:00,24.131592,17.52005,895.1143,12.0999365,222.71202,66.57582
2023-06-09 17:00:00,23.246887,17.570618,895.17346,12.403101,222.53528,70.442665
2023-06-09 18:00:00,23.021759,17.608917,894.8619,12.702096,223.0148,71.58072
2023-06-09 19:00:00,22.80832,17.644318,894.3377,13.041054,223.88193,72.67401
2023-06-09 20:00:00,22.138062,17.549469,893.89844,13.313195,224.92677,75.24346
2023-06-09 21:00:00,21.998047,17.452942,893.69116,13.556819,226.0699,75.42748
2023-06-09 22:00:00,21.63153,17.384735,893.53876,11.996055,225.93933,76.80317
2023-06-09 23:00:00,21.553009,17.3414,893.71814,12.405256,225.86073,76.96199
2023-06-10 00:00:00,21.892975,17.39389,894.0812,12.567341,225.52184,75.63
2023-06-10 01:00:00,22.13446,17.517365,894.6147,12.609624,224.96548,75.10771
2023-06-10 02:00:00,23.33554,17.884888,895.1197,12.950144,224.68939,71.4675
2023-06-10 03:00:00,23.729675,17.85138,895.4203,13.363019,225.55057,69.64253
2023-06-10 04:00:00,24.066772,17.811188,895.4885,13.579311,226.8253,68.073006
2023-06-10 05:00:00,25.480103,17.911469,895.2862,13.672475,228.2364,62.958927
2023-06-10 06:00:00,26.245087,17.886292,894.92126,13.685552,229.68587,60.074234
2023-06-10 07:00:00,26.462952,17.871002,894.37335,13.741948,230.89777,59.24961
2023-06-10 08:00:00,27.203156,17.791656,893.8318,13.772526,232.08794,56.44292
2023-06-10 09:00:00,27.293701,17.78424,893.2697,13.684059,233.18686,56.117844
2023-06-10 10:00:00,26.633514,17.688293,892.6861,12.082236,232.72433,57.986008
2023-06-10 11:00:00,26.533508,17.647003,892.6514,12.34089,231.0523,58.1771
2023-06-10 12:00:00,26.331024,17.739532,892.8002,12.410295,228.29553,59.220463
2023-06-10 13:00:00,26.121735,17.685364,893.2991,12.27819,224.3904,59.75299
2023-06-10 14:00:00,25.073181,17.889526,893.96234,12.237508,222.25186,64.412895
2023-06-10 15:00:00,24.00769,17.786499,894.59924,12.344532,221.18248,68.20887
2023-06-10 16:00:00,23.742554,17.80423,894.9778,12.544413,220.8213,69.38233
2023-06-10 17:00:00,22.953857,17.706055,895.04333,12.784731,221.15578,72.31693
2023-06-10 18:00:00,22.797882,17.761597,894.76056,13.011219,222.29051,73.25934
2023-06-10 19:00:00,22.632294,17.796387,894.3189,13.250706,223.91167,74.1611
2023-06-10 20:00:00,22.009949,17.635956,893.9088,13.347222,225.6098,76.24797
2023-06-10 21:00:00,21.867737,17.569855,893.63635,13.358605,227.10818,76.59248
2023-06-10 22:00:00,21.505737,17.532288,893.5803,12.057941,226.99625,78.12078
2023-06-10 23:00:00,21.43811,17.50122,893.7286,12.185596,226.91687,78.29129
2023-06-11 00:00:00,21.806427,17.67099,894.1264,12.235278,226.5704,77.37149
2023-06-11 01:00:00,21.911896,17.661804,894.6962,12.262484,226.61932,76.830475
2023-06-11 02:00:00,23.122162,18.00473,895.12024,12.57729,226.88231,72.9425
2023-06-11 03:00:00,23.437836,18.04181,895.3502,13.130359,228.55202,71.73199
2023-06-11 04:00:00,23.76538,18.011536,895.3434,13.416406,230.1248,70.1966
2023-06-11 05:00:00,25.241913,18.164703,895.20044,13.583741,231.85657,64.881355
2023-06-11 06:00:00,25.932098,17.991333,894.8808,13.655548,233.53787,61.6022
2023-06-11 07:00:00,26.11026,17.91153,894.3424,13.688324,234.84128,60.65106
2023-06-11 08:00:00,27.029297,17.880157,893.6735,13.636238,235.7299,57.340336
2023-06-11 09:00:00,27.170563,17.821625,893.0696,13.424533,235.98157,56.657745
2023-06-11 10:00:00,26.775787,17.719208,892.4093,12.618384,233.54922,57.614464
2023-06-11 11:00:00,26.728119,17.820099,892.3017,12.389316,232.04135,58.144577
2023-06-11 12:00:00,26.572235,17.898865,892.465,12.234466,228.94815,58.972443
2023-06-11 13:00:00,26.345795,17.919556,892.88745,12.142502,224.56967,59.843136
2023-06-11 14:00:00,25.291779,18.125336,893.4646,12.19803,222.14366,64.5294
2023-06-11 15:00:00,24.29129,18.137146,894.0491,12.37176,221.06572,68.553
2023-06-11 16:00:00,24.04419,18.120636,894.47345,12.571197,220.62599,69.50472
2023-06-11 17:00:00,23.240234,18.039001,894.5918,12.799862,220.94702,72.57999
2023-06-11 18:00:00,23.04303,18.07956,894.37885,13.049565,221.85658,73.63791
2023-06-11 19:00:00,22.866425,18.07956,893.95984,13.29603,223.02399,74.4295
2023-06-11 20:00:00,22.249481,17.895966,893.5447,13.457282,224.06076,76.38399
2023-06-11 21:00:00,22.139069,17.865417,893.2712,13.490426,225.00449,76.7516
2023-06-11 22:00:00,21.775818,17.8667,893.1932,12.85682,225.57318,78.47755
2023-06-11 23:00:00,21.685638,17.844788,893.2809,12.8730135,224.9315,78.80245
2023-06-12 00:00:00,22.053986,17.926575,893.57666,12.827854,223.9204,77.44796
2023-06-12 01:00:00,22.19928,17.982971,894.111,12.856108,223.00507,77.03816
2023-06-12 02:00:00,23.558075,18.34726,894.5352,13.142173,222.47453,72.59237
2023-06-12 03:00:00,23.874695,18.30066,894.8218,13.649277,222.76514,71.01405
2023-06-12 04:00:00,24.185944,18.206116,894.91705,13.958506,223.62563,69.286766
2023-06-12 05:00:00,25.801971,18.293701,894.83154,14.132477,224.67133,63.268852
2023-06-12 06:00:00,26.521606,18.105469,894.52264,14.182597,225.67822,59.92186
2023-06-12 07:00:00,26.695343,18.0672,894.0175,14.227726,226.31139,59.16926
2023-06-12 08:00:00,27.43451,17.983215,893.4486,14.249926,226.78981,56.357986
2023-06-12 09:00:00,27.499847,17.901093,892.956,14.2128,227.34598,55.853622
2023-06-12 10:00:00,27.017365,18.042175,892.33826,13.413387,230.66322,57.968117
2023-06-12 11:00:00,26.853394,18.01239,892.27454,13.119875,229.33069,58.419968
2023-06-12 12:00:00,26.72232,18.081604,892.43335,12.804918,226.96455,59.12885
2023-06-12 13:00:00,26.503052,18.094482,892.9024,12.34908,223.50615,59.94606
2023-06-12 14:00:00,25.495148,18.289825,893.4757,12.187933,221.35896,64.41555
2023-06-12 15:00:00,24.476746,18.225159,894.08325,12.313762,220.00926,68.171295
2023-06-12 16:00:00,24.259247,18.284943,894.54767,12.565777,219.4334,69.32488
2023-06-12 17:00:00,23.489655,18.253754,894.79767,12.801309,219.83421,72.46617
2023-06-12 18:00:00,23.302856,18.288422,894.6917,13.034711,221.03206,73.447174
2023-06-12 19:00:00,23.102783,18.23059,894.3336,13.233866,222.53793,74.07133
2023-06-12 20:00:00,22.45993,18.100525,893.8526,13.37245,223.89337,76.38862
2023-06-12 21:00:00,22.32663,18.03656,893.5825,13.460908,225.34857,76.70135
2023-06-12 22:00:00,21.896912,17.798828,893.56165,13.127247,228.55228,77.56738
2023-06-12 23:00:00,21.823761,17.78717,893.67523,13.262954,229.00214,77.85738
2023-06-13 00:00:00,22.21756,17.952179,893.9611,13.284502,229.20139,76.80363
2023-06-13 01:00:00,22.294312,17.946259,894.4598,13.271648,229.46835,76.41722
2023-06-13 02:00:00,23.522766,18.378357,894.94,13.534922,229.97018,72.888985
2023-06-13 03:00:00,23.868225,18.382416,895.2714,14.030091,231.03723,71.40677
2023-06-13 04:00:00,24.178223,18.262848,895.36304,14.292029,232.61858,69.566055
2023-06-13 05:00:00,25.588135,18.348297,895.2636,14.441492,234.4065,64.29616
2023-06-13 06:00:00,26.337036,18.32544,894.9817,14.568393,235.72496,61.419945
2023-06-13 07:00:00,26.542511,18.197357,894.5454,14.645529,236.40067,60.194366
2023-06-13 08:00:00,27.353699,18.130524,893.96326,14.727425,236.89517,57.151924
2023-06-13 09:00:00,27.363586,18.04126,893.37164,14.739915,237.1539,56.79943
2023-06-13 10:00:00,26.82013,18.169708,892.7272,13.766532,240.64407,59.115704
2023-06-13 11:00:00,26.723907,18.125488,892.6453,13.538249,238.13821,59.286522
2023-06-13 12:00:00,26.564606,18.075745,892.7925,13.3322,234.54538,59.6587
2023-06-13 13:00:00,26.218933,18.077026,893.1934,13.008675,229.81006,60.89297
2023-06-13 14:00:00,25.237213,18.160095,893.79944,13.010832,226.51897,64.88074
2023-06-13 15:00:00,24.28656,18.148804,894.3686,13.22733,224.57034,68.62265
2023-06-13 16:00:00,24.095398,18.212402,894.8029,13.65586,223.59932,69.69173
2023-06-13 17:00:00,23.360046,18.164673,895.0486,14.102551,223.96379,72.627815
2023-06-13 18:00:00,23.132568,18.091156,895.04333,14.4966,225.32181,73.293594
2023-06-13 19:00:00,22.902344,18.04654,894.81195,14.834067,227.14818,74.11378
2023-06-13 20:00:00,22.394287,17.922699,894.52295,15.003799,228.9349,75.84151
2023-06-13 21:00:00,22.22519,17.882751,894.34186,15.069981,230.65799,76.43345
2023-06-13 22:00:00,21.905762,17.847443,894.15594,14.330217,232.0873,77.76311
2023-06-13 23:00:00,21.783325,17.779755,894.31335,14.331216,231.90648,78.01341
2023-06-14 00:00:00,22.148285,17.927765,894.69885,14.203727,231.64253,77.00998
2023-06-14 01:00:00,22.23291,17.888824,895.23975,14.079746,231.50435,76.42671
2023-06-14 02:00:00,23.243774,18.204254,895.7571,14.601968,231.87338,73.32149
2023-06-14 03:00:00,23.813782,18.352081,896.156,15.192878,233.41742,71.50485
2023-06-14 04:00:00,24.109283,18.208923,896.3299,15.394417,234.8438,69.618484
2023-06-14 05:00:00,25.302795,18.32785,896.31525,15.423333,236.14243,65.31188
2023-06-14 06:00:00,25.981018,18.290405,896.04346,15.433343,237.07196,62.588512
2023-06-14 07:00:00,26.189087,18.290497,895.6025,15.45997,237.53632,61.823376
2023-06-14 08:00:00,27.040436,18.245148,895.00977,15.454785,237.9126,58.632183
2023-06-14 09:00:00,27.222687,18.261017,894.4252,15.400622,238.14536,58.066208
2023-06-14 10:00:00,26.58252,18.174408,893.77814,14.347601,239.67905,59.96615
2023-06-14 11:00:00,26.503235,18.223541,893.69244,14.022255,238.16946,60.433125
2023-06-14 12:00:00,26.275726,18.219513,893.8567,13.591191,235.25877,61.23444
2023-06-14 13:00:00,25.997253,18.216187,894.23627,12.984984,231.30746,62.237907
2023-06-14 14:00:00,25.098907,18.297516,894.715,12.640957,227.71112,65.98384
2023-06-14 15:00:00,24.261353,18.272644,895.2547,12.656968,225.68015,69.26267
2023-06-14 16:00:00,24.026337,18.293213,895.6507,12.858577,224.43558,70.33705
2023-06-14 17:00:00,23.279205,18.238586,895.7852,13.113341,224.23952,73.322556
2023-06-14 18:00:00,23.116028,18.255157,895.5305,13.409951,224.48956,74.1262
2023-06-14 19:00:00,22.942474,18.24347,895.11206,13.692658,225.20534,74.853836
2023-06-14 20:00:00,22.30597,18.020874,894.6802,13.897944,226.15205,76.72213
2023-06-14 21:00:00,22.14505,17.95755,894.378,14.036347,227.16727,77.16957
2023-06-14 22:00:00,21.777588,17.802307,894.1993,13.514798,228.71323,78.15167
2023-06-14 23:00:00,21.735748,17.793762,894.3642,13.482014,228.44684,78.30955
2023-06-15 00:00:00,22.12918,18.039337,894.76526,13.367989,228.38484,77.64238
2023-06-15 01:00:00,22.232819,18.064087,895.2963,13.377601,228.1606,77.273994
2023-06-15 02:00:00,23.344818,18.31311,895.7869,13.948047,229.29347,73.37487
2023-06-15 03:00:00,23.707,18.343384,896.17303,14.529233,231.00874,71.926605
2023-06-15 04:00:00,23.986908,18.21701,896.3832,14.854804,232.53796,70.167534
2023-06-15 05:00:00,25.374908,18.289795,896.3219,15.069762,233.7695,64.87738
2023-06-15 06:00:00,26.001862,18.168823,896.00244,15.279543,234.62817,62.03624
2023-06-15 07:00:00,26.17978,18.11203,895.4465,15.378403,235.38264,61.16836
2023-06-15 08:00:00,26.866821,18.103943,894.84155,15.335713,236.29027,58.71064
2023-06-15 09:00:00,26.911163,18.02649,894.2777,15.132528,237.08598,58.273514
2023-06-15 10:00:00,26.530823,18.146362,893.69226,13.118693,239.8523,60.043324
2023-06-15 11:00:00,26.438782,18.136902,893.6075,12.763221,237.95078,60.33424
2023-06-15 12:00:00,26.311707,18.231232,893.73834,12.213384,234.77283,61.149414
2023-06-15 13:00:00,26.06488,18.187714,894.1101,11.610195,230.21008,61.87867
2023-06-15 14:00:00,25.146606,18.286621,894.5951,11.342536,226.77446,65.75167
2023-06-15 15:00:00,24.157288,18.140472,895.1283,11.344575,224.93874,69.12053
2023-06-15 16:00:00,23.913208,18.13086,895.5025,11.474374,224.00984,70.09884
2023-06-15 17:00:00,23.195007,18.08014,895.5729,11.694659,223.84406,72.96694
2023-06-15 18:00:00,22.968506,18.074768,895.3463,12.000938,224.31978,73.94852
2023-06-15 19:00:00,22.772888,18.05893,894.90845,12.342976,225.07042,74.75563
2023-06-15 20:00:00,22.179657,17.927887,894.45416,12.620157,226.11737,76.86357
2023-06-15 21:00:00,22.059784,17.934875,894.0693,12.799322,227.36287,77.46102
2023-06-15 22:00:00,21.76474,17.870483,893.90265,12.32594,229.65273,78.54939
2023-06-15 23:00:00,21.718445,17.868073,894.0374,12.346385,229.6243,78.75991
2023-06-16 00:00:00,22.113312,18.039215,894.4098,12.317656,229.5378,77.71687
2023-06-16 01:00:00,22.191315,18.02536,894.9366,12.404034,230.21947,77.28118
2023-06-16 02:00:00,23.46231,18.3862,895.38873,12.958022,231.94923,73.19114
2023-06-16 03:00:00,23.70279,18.362488,895.7075,13.4246235,234.29095,72.03106
2023-06-16 04:00:00,23.91504,18.228943,895.8591,13.724868,235.9591,70.52402
2023-06-16 05:00:00,25.269867,18.302246,895.7637,13.925946,237.0329,65.33499
2023-06-16 06:00:00,25.908905,18.184692,895.4471,14.073765,237.53395,62.440735
2023-06-16 07:00:00,26.01889,18.122894,894.97687,14.129952,237.9188,61.79527
2023-06-16 08:00:00,26.668701,18.22284,894.40295,14.110499,238.84323,59.844154
2023-06-16 09:00:00,26.834473,18.191467,893.84515,13.9709,239.64224,59.146584
2023-06-16 10:00:00,26.25766,18.264923,893.1992,13.027432,242.5042,61.474728
2023-06-16 11:00:00,26.155792,18.241028,893.19775,12.62556,241.14397,61.75323
2023-06-16 12:00:00,26.044128,18.319061,893.4194,12.091354,238.379,62.46736
2023-06-16 13:00:00,25.802643,18.367065,893.8976,11.518239,233.59198,63.55803
2023-06-16 14:00:00,24.962738,18.484741,894.5657,11.314366,229.91953,67.30679
2023-06-16 15:00:00,24.102234,18.347229,895.226,11.337542,227.7678,70.25481
2023-06-16 16:00:00,23.890991,18.405273,895.7324,11.516196,226.22826,71.41133
2023-06-16 17:00:00,23.080841,18.310577,895.91187,11.755503,225.75146,74.54279
2023-06-16 18:00:00,22.838715,18.30481,895.79315,11.996268,225.99902,75.616165
2023-06-16 19:00:00,22.624084,18.27893,895.4457,12.248161,226.64789,76.48258
2023-06-16 20:00:00,22.124908,18.109772,895.0971,12.4422655,227.6229,78.00702
2023-06-16 21:00:00,21.995789,18.083282,894.85187,12.533207,228.77417,78.49264
2023-06-16 22:00:00,21.589508,17.927979,894.80414,11.127292,231.80061,79.68299
2023-06-16 23:00:00,21.493958,17.884064,894.92694,11.318902,230.97395,79.92912
2023-06-17 00:00:00,21.847473,17.996704,895.32666,11.385683,230.58133,78.77641
2023-06-17 01:00:00,21.958801,17.998291,895.8523,11.527887,230.50322,78.250854
2023-06-17 02:00:00,23.144043,18.31311,896.3925,12.134391,231.06194,74.27023
2023-06-17 03:00:00,23.426117,18.287415,896.759,12.756387,232.20956,72.89819
2023-06-17 04:00:00,23.718658,18.223755,896.9603,13.225403,233.39319,71.33881
2023-06-17 05:00:00,25.194489,18.325623,896.9603,13.608153,234.57115,65.72505
2023-06-17 06:00:00,25.80188,18.20282,896.74713,13.905583,235.6254,62.90943
2023-06-17 07:00:00,25.999146,18.157104,896.29987,14.039744,236.66624,62.00057
2023-06-17 08:00:00,26.755005,18.202759,895.73047,14.025031,237.82602,59.465893
2023-06-17 09:00:00,26.881226,18.115326,895.1256,13.902332,238.97685,58.70287
2023-06-17 10:00:00,26.388977,18.145844,894.6015,12.636276,245.45056,60.54576
2023-06-17 11:00:00,26.317352,18.139648,894.4861,12.240154,243.60002,60.778637
2023-06-17 12:00:00,26.156464,18.1716,894.75757,11.622674,240.71814,61.48228
2023-06-17 13:00:00,25.917145,18.226532,895.2237,11.057777,235.76955,62.574368
2023-06-17 14:00:00,25.017212,18.276764,895.8066,10.937646,231.94662,66.21962
2023-06-17 15:00:00,24.173096,18.328857,896.3946,11.05774,229.35957,69.87616
2023-06-17 16:00:00,23.883453,18.272766,896.84546,11.355599,227.97206,70.852615
2023-06-17 17:00:00,23.085602,18.173553,897.0362,11.652914,227.75183,73.88336
2023-06-17 18:00:00,22.847473,18.175262,896.89136,11.990776,228.39882,74.964195
2023-06-17 19:00:00,22.662231,18.10965,896.57135,12.256407,229.68208,75.49923
2023-06-17 20:00:00,22.0708,17.993011,896.21606,12.457384,231.25853,77.692505
2023-06-17 21:00:00,21.934357,17.976624,896.0084,12.478079,232.94037,78.260956
2023-06-17 22:00:00,21.558807,17.890442,895.88885,12.0098295,239.34982,79.644516
2023-06-17 23:00:00,21.490814,17.864777,896.04456,11.814811,239.3967,79.84755
2023-06-18 00:00:00,21.81488,17.993042,896.31384,11.539115,239.40689,78.91517
2023-06-18 01:00:00,21.924866,18.014893,896.693,11.37531,239.1908,78.494896
2023-06-18 02:00:00,23.163422,18.410797,897.077,11.661794,240.57953,74.63896
2023-06-18 03:00:00,23.533295,18.426971,897.35205,11.935375,241.83542,73.06499
2023-06-18 04:00:00,23.763947,18.41101,897.4504,11.972601,242.25148,71.98499
2023-06-18 05:00:00,25.149994,18.600372,897.37854,11.843771,242.41351,67.04337
2023-06-18 06:00:00,25.70169,18.490814,897.0742,11.703188,242.48033,64.43728
2023-06-18 07:00:00,26.001587,18.423035,896.57416,11.627864,242.66302,63.034294
2023-06-18 08:00:00,26.759369,18.49173,895.8823,11.554211,242.69475,60.53753
2023-06-18 09:00:00,26.854584,18.448883,895.2118,11.454333,242.66415,60.038048
2023-06-18 10:00:00,26.279999,18.446655,894.75366,10.695951,243.7331,62.097145
2023-06-18 11:00:00,26.180328,18.460815,894.6961,10.436868,241.10638,62.51931
2023-06-18 12:00:00,25.999603,18.385284,894.83264,10.20483,237.7478,62.892735
2023-06-18 13:00:00,25.7836,18.417908,895.19727,9.913978,232.62177,63.83289
2023-06-18 14:00:00,24.84201,18.523926,895.70557,9.916823,228.53062,67.95993
2023-06-18 15:00:00,23.93335,18.462616,896.2246,10.150202,226.16217,71.48611
2023-06-18 16:00:00,23.737762,18.482544,896.60516,10.522801,225.43065,72.42235
2023-06-18 17:00:00,23.087097,18.420868,896.7374,10.874305,225.78308,75.03155
2023-06-18 18:00:00,22.8667,18.4068,896.6625,11.189629,227.26572,75.972275
2023-06-18 19:00:00,22.652374,18.359283,896.39667,11.415208,229.10777,76.73707
2023-06-18 20:00:00,22.105621,18.218964,896.00415,11.532369,231.12642,78.63599
2023-06-18 21:00:00,21.92926,18.16919,895.66205,11.575364,233.13696,79.23817
2023-06-18 22:00:00,21.596497,18.100983,895.4924,10.910973,237.12296,80.519775
2023-06-18 23:00:00,21.526306,18.064026,895.5295,10.698176,237.4639,80.67878
2023-06-19 00:00:00,21.77356,18.105927,895.75775,10.49169,237.7573,79.67776
2023-06-19 01:00:00,21.872833,18.126831,896.1869,10.387522,237.64697,79.3003
2023-06-19 02:00:00,23.06427,18.530426,896.5703,10.671081,238.88792,75.65258
2023-06-19 03:00:00,23.41986,18.599548,896.8388,11.059001,240.24368,74.36581
2023-06-19 04:00:00,23.752777,18.63443,896.8705,11.313152,241.34677,73.04812
2023-06-19 05:00:00,25.156464,18.762634,896.70337,11.407097,242.19983,67.701065
2023-06-19 06:00:00,25.723145,18.713654,896.3772,11.519401,242.91632,65.25897
2023-06-19 07:00:00,25.939026,18.694183,895.8979,11.588519,243.56058,64.35113
2023-06-19 08:00:00,26.560272,18.66986,895.3284,11.592129,244.18063,61.938168
2023-06-19 09:00:00,26.647339,18.611755,894.7308,11.515329,244.32854,61.39768
2023-06-19 10:00:00,26.248993,18.481842,894.1339,10.577037,245.87668,62.34822
2023-06-19 11:00:00,26.042694,18.372803,894.0128,10.276141,244.67767,62.683533
2023-06-19 12:00:00,25.856506,18.396332,894.1386,9.791748,242.14023,63.471813
2023-06-19 13:00:00,25.61084,18.462189,894.4747,9.148508,237.2206,64.669495
2023-06-19 14:00:00,24.66211,18.511414,894.9316,8.845491,231.63727,68.64035
2023-06-19 15:00:00,24.059723,18.631958,895.33417,8.92535,227.55779,71.70158
2023-06-19 16:00:00,23.807983,18.648102,895.6331,9.2343025,224.6336,72.86815
2023-06-19 17:00:00,23.131775,18.595428,895.8169,9.683416,223.3775,75.65153
2023-06-19 18:00:00,22.911682,18.595367,895.736,10.085068,223.41238,76.66553
2023-06-19 19:00:00,22.774048,18.58905,895.46893,10.4502125,223.95592,77.27703
2023-06-19 20:00:00,22.221832,18.431793,895.0707,10.734813,224.76065,79.13042
2023-06-19 21:00:00,22.039154,18.449799,894.78674,10.940174,225.84167,80.10627
2023-06-19 22:00:00,21.642029,18.289185,894.6063,10.277743,231.73958,81.25007
2023-06-19 23:00:00,21.54773,18.23581,894.67,10.381477,230.46225,81.44685
2023-06-20 00:00:00,21.780548,18.280151,895.07526,10.415947,229.65794,80.51954
2023-06-20 01:00:00,21.886505,18.315125,895.6485,10.405966,229.68063,80.17599
2023-06-20 02:00:00,22.991058,18.593231,896.09467,10.6864195,231.19695,76.28777
2023-06-20 03:00:00,23.316406,18.578278,896.40045,10.966284,232.68407,74.73203
2023-06-20 04:00:00,23.61914,18.525696,896.5376,11.106374,233.6776,73.13885
2023-06-20 05:00:00,24.9151,18.625,896.49133,11.160018,234.2103,68.09353
2023-06-20 06:00:00,25.583618,18.589935,896.24255,11.257197,234.6287,65.29422
2023-06-20 07:00:00,25.764252,18.54895,895.8175,11.355788,235.27957,64.43279
2023-06-20 08:00:00,26.600067,18.651764,895.2997,11.385264,236.00256,61.72319
2023-06-20 09:00:00,26.72525,18.540405,894.76385,11.428987,236.4245,60.84438
2023-06-20 10:00:00,26.308472,18.475128,894.18585,11.184489,235.58783,62.103462
2023-06-20 11:00:00,26.17569,18.502106,894.1507,10.964788,235.56029,62.69837
2023-06-20 12:00:00,25.987793,18.421997,894.28906,10.619788,233.75653,63.08167
2023-06-20 13:00:00,25.76242,18.51184,894.74664,10.137826,230.15187,64.29025
2023-06-20 14:00:00,24.743896,18.670929,895.3017,9.927628,226.41893,68.99097
2023-06-20 15:00:00,24.038513,18.680939,895.9102,9.994735,224.0796,72.01322
2023-06-20 16:00:00,23.822449,18.65387,896.37305,10.230665,222.71657,72.83106
2023-06-20 17:00:00,23.0578,18.517426,896.55896,10.493798,222.52342,75.62061
2023-06-20 18:00:00,22.830963,18.532257,896.4614,10.782272,223.27739,76.73763
2023-06-20 19:00:00,22.594086,18.498627,896.18243,11.006864,224.39088,77.68433
2023-06-20 20:00:00,22.04361,18.376434,895.8993,11.179509,225.54298,79.71718
2023-06-20 21:00:00,21.92392,18.333893,895.63525,11.220626,226.55032,80.08733
2023-06-20 22:00:00,21.53186,18.217743,895.41327,10.73349,227.88342,81.43362
2023-06-20 23:00:00,21.436127,18.208221,895.5874,10.670818,227.71167,81.863335
2023-06-21 00:00:00,21.691498,18.28238,895.931,10.560759,227.41734,80.97015
2023-06-21 01:00:00,21.825928,18.335815,896.401,10.478225,227.4188,80.5775
2023-06-21 02:00:00,22.96634,18.720978,896.7743,10.650031,228.62914,77.01493
2023-06-21 03:00:00,23.297516,18.73404,897.1164,10.842906,230.40326,75.549805
2023-06-21 04:00:00,23.673553,18.695251,897.2915,10.8674135,231.83073,73.67708
2023-06-21 05:00:00,25.071136,18.83786,897.29944,10.911701,232.8077,68.36663
2023-06-21 06:00:00,25.791931,18.71875,897.09454,11.008463,233.67221,65.01411
2023-06-21 07:00:00,25.9682,18.65216,896.64734,11.127611,234.34865,64.07148
2023-06-21 08:00:00,26.758728,18.682983,896.08014,11.206229,235.38885,61.268753
2023-06-21 09:00:00,26.816223,18.579773,895.4838,11.221829,236.15979,60.668858
2023-06-21 10:00:00,26.440155,18.67044,894.8296,10.456553,241.38,62.380634
2023-06-21 11:00:00,26.355408,18.7005,894.8281,10.384575,239.58884,62.8113
2023-06-21 12:00:00,26.189423,18.624298,895.06775,10.25961,236.75928,63.1285
2023-06-21 13:00:00,25.953247,18.834839,895.5639,10.040299,232.0125,64.86467
2023-06-21 14:00:00,24.862457,18.717834,896.1478,10.029814,228.13339,68.70553
2023-06-21 15:00:00,24.04837,18.642822,896.73865,10.176077,225.8131,71.799255
2023-06-21 16:00:00,23.819977,18.569916,897.2143,10.472727,224.46106,72.460266
2023-06-21 17:00:00,23.112701,18.47873,897.45795,10.762801,224.47833,75.18751
2023-06-21 18:00:00,22.90747,18.538147,897.3921,10.9732275,225.26451,76.41093
2023-06-21 19:00:00,22.60379,18.468628,897.14185,11.131505,226.36844,77.49286
2023-06-21 20:00:00,21.92392,18.248993,896.8315,11.172001,227.71237,79.66198
2023-06-21 21:00:00,21.768494,18.208496,896.52686,11.109626,228.88261,80.21736
2023-06-21 22:00:00,21.500305,18.146942,896.38776,10.232328,233.6044,81.229225
2023-06-21 23:00:00,21.395325,18.101105,896.49835,10.206751,232.76978,81.518074
2023-06-22 00:00:00,21.660126,18.160645,896.77563,10.128091,232.29553,80.508194
2023-06-22 01:00:00,21.935547,18.29306,897.12665,10.119051,232.09409,79.82586
2023-06-22 02:00:00,23.21582,18.660492,897.49384,10.376976,232.76321,75.575195
2023-06-22 03:00:00,23.590576,18.594086,897.8315,10.63257,235.14284,73.57912
2023-06-22 04:00:00,23.985046,18.541687,897.9663,10.668939,237.17221,71.61815
2023-06-22 05:00:00,25.352081,18.597626,897.9074,10.633965,237.9837,66.23053
2023-06-22 06:00:00,25.946594,18.475891,897.63806,10.669152,238.7504,63.449574
2023-06-22 07:00:00,26.10437,18.440674,897.106,10.723639,239.76117,62.721466
2023-06-22 08:00:00,26.904633,18.48639,896.5355,10.768371,240.90504,60.00244
2023-06-22 09:00:00,26.966034,18.432373,895.9676,10.750038,241.95502,59.584354
2023-06-22 10:00:00,26.726593,18.415863,895.3899,10.595042,245.80632,60.36683
2023-06-22 11:00:00,26.64096,18.347168,895.2684,10.360796,244.95352,60.411297
2023-06-22 12:00:00,26.500122,18.393219,895.3887,9.9847975,241.64027,61.09085
2023-06-22 13:00:00,26.19278,18.702026,895.7635,9.571664,236.09875,63.423557
2023-06-22 14:00:00,25.06723,18.66806,896.2683,9.418801,231.30174,67.66065
2023-06-22 15:00:00,24.250183,18.663757,896.78217,9.562186,227.64357,71.028
2023-06-22 16:00:00,24.029877,18.635193,897.22955,9.866338,225.15079,71.84474
2023-06-22 17:00:00,23.247162,18.483612,897.41,10.263899,224.06003,74.60176
2023-06-22 18:00:00,22.957214,18.467438,897.34625,10.643042,224.22917,75.844536
2023-06-22 19:00:00,22.702576,18.413849,897.02094,10.96894,225.1586,76.7658
2023-06-22 20:00:00,22.088196,18.216858,896.69,11.154666,226.49112,78.70912
2023-06-22 21:00:00,21.916687,18.209747,896.4294,11.275121,227.76556,79.50111
2023-06-22 22:00:00,21.603485,18.105042,896.38745,10.652935,230.8145,80.505905
2023-06-22 23:00:00,21.530884,18.081726,896.49396,10.72439,229.89117,80.745926
2023-06-23 00:00:00,21.719269,18.174408,896.782,10.800549,229.07144,80.28702
2023-06-23 01:00:00,21.992859,18.238129,897.1651,10.991029,229.15144,79.27363
2023-06-23 02:00:00,23.280975,18.523285,897.49554,11.287784,230.57048,74.63475
2023-06-23 03:00:00,23.685638,18.523376,897.7452,11.605976,233.45428,72.83595
2023-06-23 04:00:00,24.01944,18.491302,897.8772,11.779358,235.81744,71.245224
2023-06-23 05:00:00,25.339539,18.57544,897.8161,11.893043,238.19302,66.18799
2023-06-23 06:00:00,25.966919,18.58554,897.5899,11.9610615,240.3294,63.80981
2023-06-23 07:00:00,26.19162,18.560852,897.07153,12.0438,242.21825,62.870186
2023-06-23 08:00:00,26.874481,18.581085,896.4676,12.0676775,244.06433,60.466312
2023-06-23 09:00:00,26.92044,18.534882,895.83984,12.017069,245.11783,60.129005
2023-06-23 10:00:00,26.693878,18.395386,895.3328,10.47313,248.24042,60.405643
2023-06-23 11:00:00,26.533508,18.38916,895.2347,10.518397,245.86557,60.95523
2023-06-23 12:00:00,26.34497,18.498474,895.36646,10.414766,241.65988,62.060482
2023-06-23 13:00:00,26.129059,18.722351,895.7106,10.216071,236.92212,63.743847
2023-06-23 14:00:00,25.134247,18.89917,896.16284,10.224978,232.82974,68.37134
2023-06-23 15:00:00,24.35849,18.869812,896.63525,10.4088955,230.32587,71.48307
2023-06-23 16:00:00,24.073792,18.805786,896.9639,10.7192335,228.67056,72.42381
2023-06-23 17:00:00,23.31723,18.6232,897.1456,11.082789,228.09372,74.938675
2023-06-23 18:00:00,23.11908,18.659363,897.0655,11.46064,228.42111,76.01306
2023-06-23 19:00:00,22.844818,18.61615,896.7304,11.729107,229.22356,77.07688
2023-06-23 20:00:00,22.255005,18.523987,896.2877,11.860124,230.29103,79.428116
2023-06-23 21:00:00,22.138336,18.520508,895.9215,11.907433,231.35869,79.97697
2023-06-23 22:00:00,21.82135,18.291962,895.8348,11.5308695,234.39346,80.378654
2023-06-23 23:00:00,21.673462,18.23523,895.7611,11.6038885,234.39613,80.82006
2023-06-24 00:00:00,22.015106,18.420135,895.8864,11.544326,234.29259,80.07485
2023-06-24 01:00:00,22.321655,18.536407,896.2223,11.505531,234.7146,79.16818
2023-06-24 02:00:00,23.53598,18.759644,896.5792,11.702257,235.6499,74.589935
2023-06-24 03:00:00,23.875366,18.718506,896.8551,11.819638,237.35184,72.8937
2023-06-24 04:00:00,24.1622,18.699188,896.89404,11.744269,238.98526,71.56218
2023-06-24 05:00:00,25.456024,18.745392,896.77856,11.64996,240.52321,66.4337
2023-06-24 06:00:00,25.991821,18.703827,896.52075,11.663469,241.72905,64.189026
2023-06-24 07:00:00,26.12268,18.677368,896.0954,11.710334,242.91595,63.588776
2023-06-24 08:00:00,26.928223,18.605316,895.5706,11.725443,244.03366,60.367043
2023-06-24 09:00:00,26.99118,18.55597,895.0229,11.68208,244.68674,59.958694
2023-06-24 10:00:00,26.573914,18.459381,894.46045,10.613284,245.08508,61.07839
2023-06-24 11:00:00,26.51056,18.396149,894.3435,10.648275,243.27667,61.064476
2023-06-24 12:00:00,26.322144,18.519897,894.516,10.509167,239.71526,62.227585
2023-06-24 13:00:00,26.104492,18.860413,894.9174,10.111742,235.42834,64.389565
2023-06-24 14:00:00,25.161743,18.75943,895.42114,9.998058,231.1088,67.66621
2023-06-24 15:00:00,24.298553,18.627747,895.9091,10.151262,227.9487,70.663
2023-06-24 16:00:00,24.035217,18.69281,896.32733,10.55543,225.71307,72.08098
2023-06-24 17:00:00,23.341766,18.565826,896.5346,10.971663,224.76419,74.5596
2023-06-24 18:00:00,23.129517,18.58786,896.43616,11.355488,225.0563,75.62603
2023-06-24 19:00:00,22.902527,18.574463,896.0569,11.625776,225.86906,76.60777
2023-06-24 20:00:00,22.296173,18.47116,895.5781,11.801166,226.82776,78.96771
2023-06-24 21:00:00,22.203156,18.453644,895.2623,11.908954,228.02289,79.328964
2023-06-24 22:00:00,21.843628,18.36438,895.12915,10.933583,231.65448,80.63472
2023-06-24 23:00:00,21.787506,18.367188,895.2358,11.08362,230.7396,80.9258
2023-06-25 00:00:00,22.081146,18.55371,895.4695,11.171173,229.80568,80.42314
2023-06-25 01:00:00,22.315125,18.613708,895.7957,11.265399,228.60234,79.583755
2023-06-25 02:00:00,23.584198,18.91681,896.1696,11.614905,227.85825,75.10719
2023-06-25 03:00:00,23.929657,18.889801,896.4294,12.057221,228.0723,73.43794
2023-06-25 04:00:00,24.183441,18.83789,896.5229,12.328045,228.49277,72.09327
2023-06-25 05:00:00,25.24347,18.897217,896.4161,12.503733,229.07965,67.919876
2023-06-25 06:00:00,25.80783,18.883362,896.20593,12.652476,229.87651,65.62435
2023-06-25 07:00:00,26.056671,18.891144,895.7961,12.792224,231.01509,64.69596
2023-06-25 08:00:00,26.621582,19.002197,895.307,12.853357,232.16,63.009296
2023-06-25 09:00:00,26.657593,18.997131,894.8052,12.774956,232.7475,62.855923
2023-06-25 10:00:00,26.139984,18.956604,894.3964,11.960211,235.99129,64.641594
2023-06-25 11:00:00,26.086578,18.98993,894.4143,11.831438,234.4595,64.98104
2023-06-25 12:00:00,25.854736,19.118103,894.59735,11.601764,231.45049,66.407585
2023-06-25 13:00:00,25.514679,19.103516,894.99634,11.403607,227.5919,67.69917
2023-06-25 14:00:00,24.67453,19.304901,895.47687,11.421567,224.58131,72.072586
2023-06-25 15:00:00,23.923859,19.32788,896.056,11.579411,222.56897,75.49721
2023-06-25 16:00:00,23.681396,19.326508,896.56,11.840178,221.5061,76.59992
2023-06-25 17:00:00,22.974579,19.216309,896.8209,12.096128,221.43694,79.3929
2023-06-25 18:00:00,22.803741,19.21582,896.70416,12.35544,222.29935,80.21626
2023-06-25 19:00:00,22.542084,19.197723,896.34906,12.58501,223.70107,81.40804
2023-06-25 20:00:00,22.006104,19.0,895.8956,12.709251,225.2453,83.07677
2023-06-25 21:00:00,21.863281,18.99826,895.55237,12.759481,226.61911,83.7947
2023-06-25 22:00:00,21.727692,18.896576,895.4136,11.918686,229.05356,83.957016
2023-06-25 23:00:00,21.6698,18.93045,895.58026,11.9698715,229.06685,84.432945
2023-06-26 00:00:00,21.886871,19.03653,895.8234,11.950537,228.9818,83.87412
2023-06-26 01:00:00,22.012756,19.02597,896.2397,12.006621,228.66875,83.17769
2023-06-26 02:00:00,23.037506,19.315308,896.59106,12.502157,228.51024,79.58009
2023-06-26 03:00:00,23.348022,19.342163,896.9093,13.125176,229.89929,78.231224
2023-06-26 04:00:00,23.612823,19.292694,897.05756,13.489436,231.608,76.75524
2023-06-26 05:00:00,24.806793,19.547913,896.97595,13.597403,233.3078,72.594086
2023-06-26 06:00:00,25.248535,19.578857,896.7202,13.615332,234.75879,70.84351
2023-06-26 07:00:00,25.346893,19.542358,896.2207,13.581889,235.8805,70.27071
2023-06-26 08:00:00,25.780457,19.564728,895.6672,13.525569,237.1131,68.580124
2023-06-26 09:00:00,25.701996,19.507935,895.12585,13.303183,238.14197,68.65724
2023-06-26 10:00:00,25.167328,19.54773,894.62476,12.360956,242.75897,71.049324
2023-06-26 11:00:00,25.082428,19.643677,894.49304,11.863256,241.6076,71.836296
2023-06-26 12:00:00,24.942719,19.677765,894.60266,11.331804,239.22427,72.59054
2023-06-26 13:00:00,24.694977,19.673737,895.00116,10.865309,235.94472,73.65378
2023-06-26 14:00:00,24.048615,19.662933,895.5581,10.643824,232.71997,76.51017
2023-06-26 15:00:00,23.42218,19.63742,896.15594,10.600849,230.32529,79.32427
2023-06-26 16:00:00,23.253235,19.64096,896.6008,10.705858,228.91028,80.15506
2023-06-26 17:00:00,22.71045,19.519165,896.71313,10.86313,228.31514,82.20808
2023-06-26 18:00:00,22.56955,19.506165,896.505,11.115745,228.57465,82.84709
2023-06-26 19:00:00,22.45694,19.49936,896.11237,11.386723,229.547,83.38046
2023-06-26 20:00:00,21.944855,19.289398,895.656,11.581264,230.59134,84.90513
2023-06-26 21:00:00,21.87387,19.307526,895.33405,11.711228,231.72536,85.36996
2023-06-26 22:00:00,21.531403,19.131927,895.1314,10.9576645,235.82138,86.227455
2023-06-26 23:00:00,21.512512,19.081268,895.2548,11.099638,234.97815,86.05502
2023-06-27 00:00:00,21.745361,19.14032,895.4649,11.217174,234.3261,85.15123
2023-06-27 01:00:00,21.878326,19.049652,895.8794,11.3716345,233.45421,83.986595
2023-06-27 02:00:00,22.91391,19.370148,896.2687,11.808493,232.98193,80.451744
2023-06-27 03:00:00,23.171448,19.361115,896.59485,12.312375,233.7207,79.163376
2023-06-27 04:00:00,23.450989,19.334259,896.7805,12.65317,234.6618,77.70845
2023-06-27 05:00:00,24.71878,19.55716,896.7635,12.83614,235.53061,73.01863
2023-06-27 06:00:00,25.162354,19.528015,896.58344,12.965316,236.26083,70.98336
2023-06-27 07:00:00,25.320038,19.524414,896.1329,13.055319,237.20929,70.30461
2023-06-27 08:00:00,25.73288,19.666595,895.61194,13.075084,237.9903,69.210236
2023-06-27 09:00:00,25.71994,19.675842,895.11206,12.9148,238.61163,69.30312
2023-06-27 10:00:00,25.28302,19.6503,894.7668,12.352289,244.275,71.01259
2023-06-27 11:00:00,25.176422,19.615204,894.7801,11.862905,243.19974,71.30904
2023-06-27 12:00:00,25.054932,19.668732,895.08014,11.199385,241.32489,72.06607
2023-06-27 13:00:00,24.813843,19.739105,895.52966,10.614353,237.8985,73.4299
2023-06-27 14:00:00,24.055878,19.742676,896.1512,10.279185,233.97733,76.85619
2023-06-27 15:00:00,23.43341,19.700134,896.73346,10.159059,230.88324,79.57972
2023-06-27 16:00:00,23.228271,19.69571,897.24744,10.248513,228.8375,80.54927
2023-06-27 17:00:00,22.684235,19.586548,897.49054,10.412964,228.17441,82.68431
2023-06-27 18:00:00,22.532867,19.567566,897.4917,10.611192,228.52779,83.3492
2023-06-27 19:00:00,22.405457,19.572327,897.21576,10.7996855,229.36124,84.02182
2023-06-27 20:00:00,21.947296,19.401398,896.81805,10.940108,230.58559,85.48612
2023-06-27 21:00:00,21.868866,19.375488,896.4707,10.992479,231.99576,85.75794
2023-06-27 22:00:00,21.5607,19.14682,896.42487,10.459582,238.00076,86.15294
2023-06-27 23:00:00,21.5018,19.12564,896.4885,10.4585705,238.2483,86.34998
2023-06-28 00:00:00,21.671783,19.215607,896.7403,10.356765,238.01062,85.93712
2023-06-28 01:00:00,21.81424,19.192993,897.19666,10.283936,237.50034,85.07248
2023-06-28 02:00:00,22.792572,19.497742,897.694,10.460772,236.98163,81.690926
2023-06-28 03:00:00,23.095306,19.492523,898.1014,10.858221,237.57352,80.18116
2023-06-28 04:00:00,23.488037,19.542908,898.32495,11.144871,238.68622,78.54742
2023-06-28 05:00:00,24.729034,19.7612,898.2774,11.29141,239.95699,73.904
2023-06-28 06:00:00,25.170563,19.74759,898.0504,11.395166,241.27682,71.92242
2023-06-28 07:00:00,25.317291,19.673859,897.5753,11.459722,242.40524,70.97169
2023-06-28 08:00:00,25.87326,19.858429,896.9956,11.442675,243.23018,69.45831
2023-06-28 09:00:00,25.90451,19.848846,896.40784,11.360701,243.9311,69.288704
2023-06-28 10:00:00,25.582245,19.814392,895.87103,11.153339,247.38568,70.47475
2023-06-28 11:00:00,25.495148,19.782562,895.7058,10.698551,246.7676,70.70049
2023-06-28 12:00:00,25.351349,19.772705,895.89514,10.0873995,244.39973,71.26376
2023-06-28 13:00:00,25.165253,19.880127,896.409,9.5473,239.97398,72.538795
2023-06-28 14:00:00,24.259705,19.842102,897.0032,9.290222,235.10735,76.39151
2023-06-28 15:00:00,23.601929,19.83783,897.58154,9.382865,231.5959,79.45092
2023-06-28 16:00:00,23.431274,19.867249,898.0443,9.61064,229.55437,80.419075
2023-06-28 17:00:00,22.824219,19.723785,898.29584,9.980316,228.7926,82.686844
2023-06-28 18:00:00,22.682556,19.696228,898.21606,10.3438635,229.62251,83.257675
2023-06-28 19:00:00,22.543854,19.645569,897.93524,10.691694,231.19737,83.69802
2023-06-28 20:00:00,22.122864,19.50354,897.4819,10.937453,233.07077,85.1148
2023-06-28 21:00:00,22.014618,19.461365,897.0832,11.063209,234.79666,85.45391
2023-06-28 22:00:00,21.71762,19.359558,896.8215,10.682607,239.45389,86.468056
2023-06-28 23:00:00,21.66034,19.333496,896.8269,10.725734,240.1695,86.630714
2023-06-29 00:00:00,21.89679,19.4346,897.0268,10.684307,240.4935,85.9272
2023-06-29 01:00:00,22.055267,19.433197,897.3656,10.659655,240.05902,85.09324
2023-06-29 02:00:00,23.017242,19.691803,897.7319,11.019202,239.61797,81.563934
2023-06-29 03:00:00,23.299652,19.690369,898.02966,11.675118,240.0461,80.17619
2023-06-29 04:00:00,23.607819,19.651917,898.1002,12.247354,240.98517,78.5121
2023-06-29 05:00:00,24.928284,19.812408,897.95734,12.593457,242.03741,73.2624
2023-06-29 06:00:00,25.417389,19.834381,897.59924,12.874217,242.68753,71.256485
2023-06-29 07:00:00,25.604156,19.767548,897.03937,13.103772,243.58911,70.17897
2023-06-29 08:00:00,26.198456,19.801636,896.36865,13.257045,244.35864,67.89528
2023-06-29 09:00:00,26.195587,19.790955,895.78595,13.256791,244.77377,67.86182
2023-06-29 10:00:00,25.8031,19.73883,895.2907,12.210071,247.97644,69.23233
2023-06-29 11:00:00,25.649231,19.728638,895.1219,11.9597845,246.05614,69.822784
2023-06-29 12:00:00,25.465942,19.781128,895.20844,11.445165,243.85275,70.81698
2023-06-29 13:00:00,25.232056,19.911896,895.5491,10.884396,241.20142,72.39322
2023-06-29 14:00:00,24.346558,19.875977,896.1041,10.622202,238.08185,76.15461
2023-06-29 15:00:00,23.630585,19.74942,896.6486,10.580029,235.70721,78.88029
2023-06-29 16:00:00,23.459106,19.75058,897.082,10.780645,234.27206,79.70552
2023-06-29 17:00:00,22.932373,19.647888,897.2269,11.090966,233.90369,81.76088
2023-06-29 18:00:00,22.749054,19.62497,897.0886,11.48495,234.62823,82.5566
2023-06-29 19:00:00,22.663239,19.610016,896.69104,11.874051,236.13776,82.91043
2023-06-29 20:00:00,22.215942,19.40857,896.2732,12.17403,237.78444,84.13548
2023-06-29 21:00:00,22.124695,19.382965,895.95844,12.334498,239.4924,84.46969
2023-06-29 22:00:00,21.914001,19.269196,895.8242,12.121165,243.96048,84.958176
2023-06-29 23:00:00,21.879242,19.245148,895.89453,12.114567,244.35922,85.01122
2023-06-30 00:00:00,22.028168,19.309387,896.11115,12.06947,244.69432,84.579994
2023-06-30 01:00:00,22.153992,19.293549,896.502,12.210576,244.85638,83.85124
2023-06-30 02:00:00,22.97821,19.47702,896.896,12.766673,245.07301,80.67347
2023-06-30 03:00:00,23.26419,19.443573,897.2067,13.639991,246.27698,79.125755
2023-06-30 04:00:00,23.541656,19.408234,897.40155,14.292694,247.49063,77.641266
2023-06-30 05:00:00,24.769806,19.578888,897.4327,14.669813,248.15207,72.89473
2023-06-30 06:00:00,25.248016,19.57608,897.2213,14.902894,248.70993,70.833496
2023-06-30 07:00:00,25.430786,19.580322,896.6847,15.027961,249.3817,70.08618
2023-06-30 08:00:00,25.980865,19.633392,895.9397,15.013691,249.86914,68.06045
2023-06-30 09:00:00,26.091156,19.616821,895.2263,14.866545,250.14825,67.54825
2023-06-30 10:00:00,25.640625,19.593231,894.65393,13.411419,253.01013,69.27375
2023-06-30 11:00:00,25.486115,19.621094,894.34937,12.994926,251.84322,70.03325
2023-06-30 12:00:00,25.310852,19.670319,894.4377,12.101107,249.5671,70.98326
2023-06-30 13:00:00,25.133362,19.749084,894.7404,11.270355,245.41116,72.08862
2023-06-30 14:00:00,24.310303,19.760834,895.3485,10.841156,241.11499,75.77735
2023-06-30 15:00:00,23.629944,19.719482,895.9155,10.764367,237.56177,78.73697
2023-06-30 16:00:00,23.504517,19.74408,896.35724,10.902378,234.88522,79.45553
2023-06-30 17:00:00,22.948975,19.609894,896.5008,11.172325,233.22672,81.48628
2023-06-30 18:00:00,22.779327,19.60431,896.3947,11.523206,232.91815,82.29958
2023-06-30 19:00:00,22.638275,19.597778,896.0875,11.883042,233.33746,82.97306
2023-06-30 20:00:00,22.221832,19.449982,895.69366,12.127265,234.15387,84.322174
2023-06-30 21:00:00,22.130005,19.431793,895.4098,12.263699,234.96432,84.69918
2023-06-30 22:00:00,21.911346,19.29364,895.25385,11.770383,238.46902,85.10138
2023-06-30 23:00:00,21.8815,19.311188,895.37714,11.80683,238.32681,85.34967
