timestamp,temperature_C,dewpoint_C,pressure_hPa,wind_speed_kmh,wind_direction_deg,relative_humidity_pct
2019-10-01 00:00:00,19.542633,16.966461,900.0901,3.0693572,233.54605,85.07529
2019-10-01 01:00:00,19.616302,17.034393,900.59155,2.9631467,230.48825,85.052124
2019-10-01 02:00:00,20.463348,17.310669,901.1987,3.0118985,226.3137,82.13116
2019-10-01 03:00:00,20.99472,17.379395,901.6964,3.567884,225.48799,79.83353
2019-10-01 04:00:00,21.355957,17.385437,901.91486,4.1937737,228.85428,78.11322
2019-10-01 05:00:00,22.728333,17.478607,901.68384,4.732238,232.7918,72.26797
2019-10-01 06:00:00,23.380585,17.422577,901.1961,5.153132,236.83908,69.22655
2019-10-01 07:00:00,23.562286,17.431793,900.5285,5.4531097,240.62686,68.511955
2019-10-01 08:00:00,24.19458,17.348206,899.8393,5.586691,243.64868,65.609
2019-10-01 09:00:00,24.251282,17.322968,899.122,5.496974,245.56567,65.28209
2019-10-01 10:00:00,23.374786,17.430847,898.6551,5.3948836,255.0155,69.28696
2019-10-01 11:00:00,23.266815,17.412384,898.5561,4.4729576,255.66121,69.658844
2019-10-01 12:00:00,23.01596,17.48883,898.7656,3.4805708,249.69278,71.06548
2019-10-01 13:00:00,22.827484,17.470459,899.25354,2.8367345,239.42706,71.79795
2019-10-01 14:00:00,22.07663,17.574524,899.9589,2.487632,227.4335,75.64511
2019-10-01 15:00:00,21.212372,17.350647,900.6242,2.393353,216.5127,78.63092
2019-10-01 16:00:00,21.045807,17.329742,901.0304,2.510051,209.08981,79.33412
2019-10-01 17:00:00,20.514404,17.227844,901.099,2.7179666,205.86377,81.44535
2019-10-01 18:00:00,20.356537,17.222412,900.9395,2.8796473,206.59308,82.21437
2019-10-01 19:00:00,20.168549,17.16742,900.7102,2.9422255,209.70593,82.88607
2019-10-01 20:00:00,19.665924,16.984344,900.36725,2.8672159,213.69508,84.522156
2019-10-01 21:00:00,19.522278,16.943542,900.1454,2.7615628,216.91304,85.059326
2019-10-01 22:00:00,19.197906,16.711609,900.062,2.7544022,226.53021,85.52574
2019-10-01 23:00:00,19.177094,16.724396,900.22186,2.5892282,228.13194,85.70622
2019-10-02 00:00:00,19.41623,16.843506,900.56494,2.3502269,229.2042,85.080605
2019-10-02 01:00:00,19.466492,16.858826,901.1287,2.2476015,226.3047,84.89755
2019-10-02 02:00:00,20.460419,17.044922,901.7308,2.3422666,225.50446,80.776566
2019-10-02 03:00:00,21.039581,17.179749,902.2212,2.9720495,231.31802,78.6154
2019-10-02 04:00:00,21.425964,17.174255,902.41046,3.5545676,238.47574,76.74755
2019-10-02 05:00:00,23.009064,17.228333,902.2336,4.1504426,243.93835,69.93476
2019-10-02 06:00:00,23.682587,17.185608,901.69556,4.703702,248.379,66.96723
2019-10-02 07:00:00,23.860474,17.192719,900.964,5.170932,251.88795,66.284035
2019-10-02 08:00:00,24.370087,17.145538,900.198,5.4535394,254.80002,64.09579
2019-10-02 09:00:00,24.460205,17.047028,899.53625,5.49472,257.5738,63.354504
2019-10-02 10:00:00,23.59497,17.179413,899.22955,5.415648,266.8658,67.29518
2019-10-02 11:00:00,23.430573,17.150787,899.1933,4.3787374,269.40378,67.84253
2019-10-02 12:00:00,23.143799,17.230438,899.4118,3.312243,265.6094,69.376335
2019-10-02 13:00:00,22.922852,17.302002,899.85455,2.5887656,261.38538,70.62888
2019-10-02 14:00:00,22.262451,17.403778,900.473,2.1674023,255.23785,73.992226
2019-10-02 15:00:00,21.429138,17.276123,901.09235,1.9855146,247.57086,77.22853
2019-10-02 16:00:00,21.23172,17.211823,901.42615,1.9888685,239.79532,77.85147
2019-10-02 17:00:00,20.625946,17.07663,901.4521,2.1524239,235.48193,80.11705
2019-10-02 18:00:00,20.467224,17.090088,901.12714,2.2675714,235.14514,80.973854
2019-10-02 19:00:00,20.32016,17.05658,900.6817,2.3380234,237.21149,81.53911
2019-10-02 20:00:00,19.828094,16.918854,900.2112,2.3396535,239.67743,83.32963
2019-10-02 21:00:00,19.698975,16.882446,899.87555,2.2913246,242.44823,83.80597
2019-10-02 22:00:00,19.224365,16.638855,899.7196,2.6053886,260.01596,84.9913
2019-10-02 23:00:00,19.142456,16.59311,899.79474,2.379074,259.7235,85.178154
2019-10-03 00:00:00,19.422089,16.663452,900.18243,2.1057844,260.0056,84.08321
2019-10-03 01:00:00,19.485535,16.698425,900.77515,1.8180068,255.49265,83.93842
2019-10-03 02:00:00,20.566315,16.96637,901.42944,1.7587849,246.55756,79.85244
2019-10-03 03:00:00,20.99237,17.01535,901.99744,2.1151645,238.90207,78.027504
2019-10-03 04:00:00,21.395935,17.078888,902.16345,2.5794427,235.61986,76.42619
2019-10-03 05:00:00,22.931488,17.231293,901.95953,3.1332676,234.95781,70.2771
2019-10-03 06:00:00,23.635864,17.155823,901.4299,3.700043,236.54764,67.02949
2019-10-03 07:00:00,23.81137,17.134949,900.7533,4.1706967,239.67056,66.23756
2019-10-03 08:00:00,24.356537,17.125366,900.0274,4.4734707,243.02324,64.06601
2019-10-03 09:00:00,24.34964,17.082367,899.442,4.5431223,246.18112,63.91827
2019-10-03 10:00:00,23.31253,17.227692,899.16547,4.097249,253.19562,68.66077
2019-10-03 11:00:00,23.135864,17.157288,899.2045,3.502179,252.84299,69.089226
2019-10-03 12:00:00,22.84552,17.18219,899.4629,2.8342896,246.66545,70.424965
2019-10-03 13:00:00,22.631958,17.288849,899.9343,2.3541071,237.0505,71.825714
2019-10-03 14:00:00,21.924652,17.2753,900.5814,2.1313887,225.2617,74.92045
2019-10-03 15:00:00,20.945251,17.072937,901.2154,2.1269443,215.28394,78.53969
2019-10-03 16:00:00,20.76419,17.035156,901.5533,2.2705836,210.09883,79.22952
2019-10-03 17:00:00,20.20343,16.912994,901.5769,2.4482427,210.28918,81.38559
2019-10-03 18:00:00,20.004395,16.883636,901.34344,2.6374338,213.80318,82.24064
2019-10-03 19:00:00,19.807953,16.801575,901.0455,2.777877,218.80005,82.81554
2019-10-03 20:00:00,19.278198,16.617126,900.7141,2.8286128,224.7493,84.59005
2019-10-03 21:00:00,19.131226,16.558075,900.43787,2.829797,231.01558,85.0482
2019-10-03 22:00:00,18.89154,16.439056,900.32275,2.7670963,246.70209,85.67841
2019-10-03 23:00:00,18.836365,16.434082,900.3792,2.7044847,249.08615,85.946945
2019-10-04 00:00:00,19.142303,16.54367,900.77124,2.632638,251.66101,84.91176
2019-10-04 01:00:00,19.230438,16.589325,901.35864,2.5615358,251.78505,84.69222
2019-10-04 02:00:00,20.393036,16.906982,902.00134,2.5748208,249.53741,80.40733
2019-10-04 03:00:00,20.80539,16.990143,902.45734,3.0060077,245.75264,78.80388
2019-10-04 04:00:00,21.11206,17.042755,902.534,3.558035,247.36731,77.59057
2019-10-04 05:00:00,22.543823,17.155212,902.25275,4.0906153,251.097,71.60337
2019-10-04 06:00:00,23.41513,17.098969,901.64374,4.668182,255.23938,67.683426
2019-10-04 07:00:00,23.571533,17.142395,900.79736,5.0924764,259.3515,67.23264
2019-10-04 08:00:00,24.002106,17.016083,899.9112,5.4249578,262.69153,64.99151
2019-10-04 09:00:00,24.02417,16.92099,899.22064,5.5364165,266.05533,64.515526
2019-10-04 10:00:00,23.108429,17.16507,898.7453,5.4925365,276.51385,69.23802
2019-10-04 11:00:00,22.978668,17.1875,898.73975,4.733629,282.47134,69.882835
2019-10-04 12:00:00,22.663422,17.262817,898.89343,3.8446157,283.67557,71.57085
2019-10-04 13:00:00,22.444458,17.27887,899.3097,3.2297342,284.4629,72.60249
2019-10-04 14:00:00,21.770386,17.34082,899.94165,2.618356,284.1187,75.9432
2019-10-04 15:00:00,20.842834,17.09726,900.48236,2.112151,279.37735,79.15767
2019-10-04 16:00:00,20.68985,17.075592,900.6895,1.7673078,270.04675,79.797035
2019-10-04 17:00:00,20.19217,16.969757,900.59656,1.6671225,257.4562,81.73577
2019-10-04 18:00:00,19.921051,16.830292,900.3158,1.7815588,249.3557,82.38704
2019-10-04 19:00:00,19.76651,16.759277,900.034,1.9690062,245.84735,82.8061
2019-10-04 20:00:00,19.365356,16.599274,899.7497,2.073069,246.86484,84.03711
2019-10-04 21:00:00,19.208557,16.589233,899.58984,2.0522943,247.73032,84.80723
2019-10-04 22:00:00,18.94278,16.447327,899.55884,2.0094423,254.1677,85.449776
2019-10-04 23:00:00,18.90738,16.439667,899.6804,1.8929106,255.85587,85.59705
2019-10-05 00:00:00,19.149872,16.494385,900.02026,1.713482,256.28998,84.606186
2019-10-05 01:00:00,19.264648,16.513763,900.50903,1.4930947,251.10614,84.107056
2019-10-05 02:00:00,20.312927,16.836182,901.1301,1.396407,239.35208,80.44405
2019-10-05 03:00:00,20.800354,16.850647,901.6535,1.8477256,231.16757,78.13436
2019-10-05 04:00:00,21.198181,16.922302,901.8578,2.3019955,231.74223,76.594826
2019-10-05 05:00:00,22.90564,17.081696,901.6765,2.8682218,233.87692,69.7241
2019-10-05 06:00:00,23.582764,16.808685,901.152,3.5327613,238.65173,65.781494
2019-10-05 07:00:00,23.744598,16.825592,900.34814,4.091136,244.1461,65.21342
2019-10-05 08:00:00,24.289062,16.559052,899.5611,4.504875,248.63936,62.0561
2019-10-05 09:00:00,24.315796,16.515717,898.96783,4.6360865,252.46017,61.786304
2019-10-05 10:00:00,23.259003,16.740814,898.56525,4.8636827,262.87735,66.79076
2019-10-05 11:00:00,23.141083,16.72113,898.69507,3.9673111,265.23227,67.18441
2019-10-05 12:00:00,22.818909,16.705872,898.9193,3.1896775,261.67316,68.441124
2019-10-05 13:00:00,22.599365,16.906494,899.42883,2.5479307,257.7389,70.24704
2019-10-05 14:00:00,21.824524,17.004944,900.1842,2.0556402,248.00891,74.10113
2019-10-05 15:00:00,20.840271,16.801178,900.88,1.8352826,235.14362,77.698494
2019-10-05 16:00:00,20.548248,16.722382,901.2449,1.8476486,222.29865,78.71389
2019-10-05 17:00:00,19.938965,16.583954,901.25476,1.9928787,214.97559,81.01856
2019-10-05 18:00:00,19.704163,16.505798,901.12494,2.1746,213.67105,81.79912
2019-10-05 19:00:00,19.530243,16.431488,900.856,2.2372515,216.01862,82.29734
2019-10-05 20:00:00,19.063812,16.290497,900.581,2.1401727,220.76393,83.964584
2019-10-05 21:00:00,18.895721,16.212585,900.40686,1.9648062,226.7199,84.429695
2019-10-05 22:00:00,18.664642,15.995453,900.41833,2.1391242,259.40253,84.47949
2019-10-05 23:00:00,18.6232,15.989624,900.61584,1.8045439,266.14267,84.6673
2019-10-06 00:00:00,18.874817,16.082336,900.94745,1.3948098,270.20294,83.84074
2019-10-06 01:00:00,18.865967,16.019928,901.4822,0.96121186,267.52988,83.55366
2019-10-06 02:00:00,19.964935,16.279144,902.0337,0.5749854,249.00107,79.334785
2019-10-06 03:00:00,20.501007,16.492767,902.4846,0.6861325,215.9944,77.80014
2019-10-06 04:00:00,20.894165,16.587921,902.6329,1.1199982,211.05833,76.39982
2019-10-06 05:00:00,22.551239,16.79306,902.3961,1.7758425,219.02655,69.947586
2019-10-06 06:00:00,23.23944,16.773346,901.7619,2.50262,228.39398,67.00791
2019-10-06 07:00:00,23.387909,16.799957,900.87463,3.028783,236.89795,66.52215
2019-10-06 08:00:00,23.65747,16.650177,900.05,3.3167756,244.24226,64.8305
2019-10-06 09:00:00,23.575989,16.583008,899.50244,3.3673081,249.88535,64.872086
2019-10-06 10:00:00,22.748291,16.824982,899.1005,3.7369401,259.57217,69.25627
2019-10-06 11:00:00,22.58847,16.77414,899.28796,3.0030408,264.34857,69.70589
2019-10-06 12:00:00,22.356873,16.875366,899.551,2.2938075,263.5784,71.14915
2019-10-06 13:00:00,22.141083,16.926117,900.04865,1.7829089,260.06,72.32211
2019-10-06 14:00:00,21.509308,16.903168,900.73883,1.3280658,252.74355,75.05726
2019-10-06 15:00:00,20.59372,16.747955,901.37054,1.079667,242.21506,78.62109
2019-10-06 16:00:00,20.394745,16.704224,901.7304,0.9569907,229.45944,79.37128
2019-10-06 17:00:00,19.85434,16.661713,901.7533,1.0085552,224.33623,81.84784
2019-10-06 18:00:00,19.621735,16.587921,901.47375,1.0398359,228.83789,82.64905
2019-10-06 19:00:00,19.459106,16.542633,901.14935,1.1062974,239.76862,83.248344
2019-10-06 20:00:00,19.016296,16.3732,900.7882,1.1530257,252.27121,84.6584
2019-10-06 21:00:00,18.943298,16.41504,900.601,1.1732322,264.79733,85.27163
2019-10-06 22:00:00,18.619873,16.165253,900.5371,1.4419959,264.35297,85.63909
2019-10-06 23:00:00,18.58554,16.18689,900.70795,1.3566508,276.66272,85.941765
2019-10-07 00:00:00,18.793457,16.217712,901.0934,1.156664,290.84393,84.99844
2019-10-07 01:00:00,18.856995,16.237793,901.70306,0.8779008,303.38776,84.770164
2019-10-07 02:00:00,19.861786,16.483917,902.34326,0.5737365,320.7744,80.89084
2019-10-07 03:00:00,20.402222,16.571045,902.9523,0.1534535,273.638,78.66629
2019-10-07 04:00:00,20.779724,16.640594,903.1919,0.477738,221.14308,77.197495
2019-10-07 05:00:00,22.426758,16.858429,902.92993,0.95403373,230.187,70.771416
2019-10-07 06:00:00,23.13861,16.805206,902.3067,1.4911015,245.8107,67.55392
2019-10-07 07:00:00,23.282898,16.825592,901.45764,1.9778521,258.68927,67.05415
2019-10-07 08:00:00,23.681793,16.731354,900.67114,2.3840857,269.31076,65.07017
2019-10-07 09:00:00,23.717499,16.690887,900.0188,2.5197387,278.77823,64.76383
2019-10-07 10:00:00,22.820526,16.739258,899.5693,2.4103494,283.95154,68.579636
2019-10-07 11:00:00,22.67694,16.693481,899.5912,2.0294373,297.482,68.978546
2019-10-07 12:00:00,22.367645,16.702301,899.8507,1.5129285,305.48932,70.32606
2019-10-07 13:00:00,22.228546,16.788788,900.3817,1.1307763,317.85236,71.31415
2019-10-07 14:00:00,21.593811,16.766083,901.0584,0.75693303,325.28934,74.02373
2019-10-07 15:00:00,20.659668,16.757416,901.62256,0.43812466,328.3346,78.34928
2019-10-07 16:00:00,20.450226,16.664001,901.8409,0.14928325,306.2719,78.8982
2019-10-07 17:00:00,19.934326,16.559021,901.7304,0.20907077,214.91731,80.913536
2019-10-07 18:00:00,19.750854,16.509644,901.4462,0.35132807,221.15866,81.582466
2019-10-07 19:00:00,19.594666,16.466278,901.1074,0.46453527,239.39365,82.15025
2019-10-07 20:00:00,19.112213,16.320984,900.69727,0.54076636,260.80118,83.87434
2019-10-07 21:00:00,18.971985,16.272919,900.3664,0.5983858,275.70566,84.352394
2019-10-07 22:00:00,18.506378,16.01239,900.09454,0.89231604,300.71774,85.412674
2019-10-07 23:00:00,18.437073,15.988373,900.28595,0.76732844,312.08298,85.65282
2019-10-08 00:00:00,18.806732,16.127075,900.69037,0.5191893,324.12735,84.43865
2019-10-08 01:00:00,18.842987,16.120697,901.3212,0.23407109,0.6496582,84.21337
2019-10-08 02:00:00,19.736847,16.293182,901.9319,0.15455805,120.948395,80.53627
2019-10-08 03:00:00,20.22342,16.36026,902.4533,0.6003334,184.28152,78.480515
2019-10-08 04:00:00,20.612823,16.370026,902.5982,1.0062544,194.48831,76.664635
2019-10-08 05:00:00,22.179047,16.475708,902.3404,1.4174453,203.40823,70.12083
2019-10-08 06:00:00,22.857452,16.357056,901.6697,1.8037134,217.59972,66.783905
2019-10-08 07:00:00,23.062103,16.432098,900.8522,2.2150784,230.67477,66.27736
2019-10-08 08:00:00,23.4711,16.16034,900.0707,2.5734148,240.86493,63.55058
2019-10-08 09:00:00,23.542725,16.078247,899.40314,2.8013384,247.6688,62.94629
2019-10-08 10:00:00,22.672516,16.197906,899.04443,3.468603,266.22278,66.855705
2019-10-08 11:00:00,22.537354,16.130524,899.1438,2.8811042,272.28577,67.117516
2019-10-08 12:00:00,22.348602,16.118011,899.5198,2.1482482,270.89032,67.83775
2019-10-08 13:00:00,22.10608,16.265259,900.17096,1.5150152,271.0016,69.49594
2019-10-08 14:00:00,21.297943,16.338074,900.89417,0.90230304,267.08878,73.35398
2019-10-08 15:00:00,20.436157,16.20456,901.54407,0.38668573,240.99062,76.6918
2019-10-08 16:00:00,20.18695,16.157593,901.8446,0.45321393,175.02771,77.64856
2019-10-08 17:00:00,19.612823,16.078613,901.8606,0.7555137,160.98987,80.05609
2019-10-08 18:00:00,19.379578,16.056152,901.5659,0.95207053,162.71881,81.10867
2019-10-08 19:00:00,19.200104,15.972839,901.13416,1.0173566,165.9953,81.58486
2019-10-08 20:00:00,18.62265,15.769928,900.7177,0.9825645,168.49762,83.48989
2019-10-08 21:00:00,18.471436,15.731689,900.4292,0.88182527,165.00702,84.07808
2019-10-08 22:00:00,18.113312,15.421997,900.2866,0.21465372,112.869385,84.29931
2019-10-08 23:00:00,18.057953,15.389496,900.3967,0.5214903,98.18976,84.41685
2019-10-09 00:00:00,18.288696,15.419586,900.6895,0.88771766,101.38757,83.36352
2019-10-09 01:00:00,18.31366,15.400238,901.2011,1.3141348,106.35434,83.12988
2019-10-09 02:00:00,19.429382,15.713928,901.76807,1.7414908,116.15054,79.10898
2019-10-09 03:00:00,19.905396,15.8107605,902.2368,2.053628,132.95297,77.283035
2019-10-09 04:00:00,20.372528,15.900604,902.3215,2.31506,148.66754,75.514626
2019-10-09 05:00:00,22.077148,15.93277,901.9797,2.5025604,165.84052,68.15756
2019-10-09 06:00:00,22.850555,15.754791,901.3064,2.5976439,184.65643,64.29294
2019-10-09 07:00:00,23.013733,15.733978,900.46796,2.661468,200.89958,63.576084
2019-10-09 08:00:00,23.5177,15.553528,899.6384,2.716404,214.2333,60.96171
2019-10-09 09:00:00,23.479889,15.448517,898.899,2.792236,223.67352,60.69106
2019-10-09 10:00:00,22.508423,15.744659,898.4879,2.9386992,236.87302,65.59884
2019-10-09 11:00:00,22.42163,15.713379,898.5178,2.2544162,237.78519,65.813896
2019-10-09 12:00:00,22.230133,15.664307,898.8157,1.7506253,224.46799,66.37629
2019-10-09 13:00:00,22.005676,15.878235,899.40515,1.4350961,204.35985,68.21712
2019-10-09 14:00:00,21.343475,16.023438,900.11487,1.4680314,178.9624,71.696976
2019-10-09 15:00:00,20.205841,15.842407,900.68726,1.7675143,163.37708,76.01302
2019-10-09 16:00:00,19.944763,15.776337,900.9292,2.150972,159.69574,76.92529
2019-10-09 17:00:00,19.351257,15.779602,900.88806,2.4052596,161.53467,79.82896
2019-10-09 18:00:00,19.107513,15.716675,900.6637,2.5465982,166.97656,80.72438
2019-10-09 19:00:00,18.925842,15.663696,900.34283,2.5549216,174.05829,81.36802
2019-10-09 20:00:00,18.444183,15.514008,900.0122,2.4881842,180.32985,83.05611
2019-10-09 21:00:00,18.281128,15.452393,899.72156,2.3488982,184.84988,83.57872
2019-10-09 22:00:00,17.904297,15.214508,899.592,1.5133327,187.15862,84.28436
2019-10-09 23:00:00,17.858612,15.209625,899.7047,1.5495478,189.10349,84.500496
2019-10-10 00:00:00,18.103485,15.238373,900.0809,1.5981547,185.00798,83.36327
2019-10-10 01:00:00,18.13034,15.228027,900.7301,1.7253377,178.26636,83.16753
2019-10-10 02:00:00,19.209747,15.423553,901.40985,2.0106032,177.88623,78.71992
2019-10-10 03:00:00,19.764343,15.525757,901.94525,2.432922,186.43652,76.55256
2019-10-10 04:00:00,20.230316,15.592377,902.0747,2.9026217,193.24086,74.6937
2019-10-10 05:00:00,21.87027,15.706512,901.7954,3.3280013,202.59016,68.03188
2019-10-10 06:00:00,22.59143,15.625916,901.2366,3.6869583,213.7356,64.774925
2019-10-10 07:00:00,22.78186,15.656158,900.54193,4.0279737,224.3668,64.155
2019-10-10 08:00:00,23.290283,15.280548,899.90625,4.304895,233.62181,60.73153
2019-10-10 09:00:00,23.339996,15.148071,899.3083,4.4073353,241.72427,60.03653
2019-10-10 10:00:00,22.51773,15.452545,898.9832,4.403982,255.54053,64.34679
2019-10-10 11:00:00,22.454895,15.385437,899.0633,3.6815808,256.5741,64.31556
2019-10-10 12:00:00,22.225555,15.315247,899.3251,2.95287,252.91739,64.92596
2019-10-10 13:00:00,22.006714,15.561249,899.7992,2.2909172,248.14453,66.8434
2019-10-10 14:00:00,21.08496,15.611847,900.38885,1.7460393,236.22038,70.95135
2019-10-10 15:00:00,20.069153,15.449524,900.92224,1.4867646,218.72675,74.75446
2019-10-10 16:00:00,19.811188,15.3385315,901.0926,1.5671724,201.69464,75.41968
2019-10-10 17:00:00,19.10196,15.241516,901.0588,1.8034729,194.02103,78.330086
2019-10-10 18:00:00,18.760834,15.073669,900.86487,2.0615726,193.25505,79.15743
2019-10-10 19:00:00,18.568878,15.00528,900.6287,2.2184362,196.43736,79.76189
2019-10-10 20:00:00,17.977814,14.820435,900.30475,2.1811247,200.04153,81.79568
2019-10-10 21:00:00,17.839233,14.7803955,900.0849,2.111402,203.46582,82.29927
2019-10-10 22:00:00,17.416534,14.470612,899.962,2.0809462,210.42484,82.849266
2019-10-10 23:00:00,17.356049,14.498016,900.02057,1.9589925,212.09225,83.31372
2019-10-11 00:00:00,17.658752,14.58847,900.3226,1.7211679,209.6172,82.216194
2019-10-11 01:00:00,17.72165,14.61203,900.8818,1.5295781,202.93925,82.015594
2019-10-11 02:00:00,18.8573,14.804047,901.48315,1.4848256,195.36853,77.32814
2019-10-11 03:00:00,19.675568,14.88208,901.9519,1.5597303,197.05338,73.85777
2019-10-11 04:00:00,20.191101,14.96106,902.0999,1.8039109,205.64413,71.90114
2019-10-11 05:00:00,21.88379,15.143036,901.8203,2.2618136,220.0989,65.56357
2019-10-11 06:00:00,22.725098,15.090424,901.27686,2.877665,233.98795,62.081837
2019-10-11 07:00:00,22.951874,15.180878,900.5093,3.4634485,245.50192,61.59157
2019-10-11 08:00:00,23.61377,14.781616,899.7457,3.788535,253.70251,57.677166
2019-10-11 09:00:00,23.684814,14.649719,899.123,3.8196762,259.60486,56.94458
2019-10-11 10:00:00,22.687378,14.921936,898.73834,3.6088529,270.1663,61.553253
2019-10-11 11:00:00,22.547272,14.800293,898.76166,2.7486494,273.0853,61.59452
2019-10-11 12:00:00,22.237488,14.909607,898.9448,1.8871275,272.45605,63.209057
2019-10-11 13:00:00,22.016632,15.118225,899.3984,1.0144693,268.4331,64.9308
2019-10-11 14:00:00,21.080414,15.170349,900.00446,0.4489971,230.7237,68.98969
2019-10-11 15:00:00,20.102203,15.082306,900.55725,0.62773514,167.36719,72.86356
2019-10-11 16:00:00,19.802338,14.987976,900.7807,1.048887,160.18054,73.78042
2019-10-11 17:00:00,19.03656,14.858643,900.7293,1.3704509,163.03119,76.73727
2019-10-11 18:00:00,18.736084,14.811798,900.4528,1.5760015,169.58838,77.95495
2019-10-11 19:00:00,18.422943,14.644592,900.125,1.667617,176.47046,78.64543
2019-10-11 20:00:00,17.787842,14.414124,899.8024,1.5996696,181.03575,80.637215
2019-10-11 21:00:00,17.625824,14.368774,899.6551,1.4523171,182.1346,81.22614
2019-10-11 22:00:00,17.165466,14.068939,899.5264,1.2723866,195.01256,82.01516
2019-10-11 23:00:00,17.092834,14.0598755,899.6699,1.0386833,194.2171,82.34463
2019-10-12 00:00:00,17.42398,14.124573,899.9977,0.78467715,180.111,80.97735
2019-10-12 01:00:00,17.481842,14.145264,900.61346,0.7344685,147.78134,80.7903
2019-10-12 02:00:00,19.048096,14.6467285,901.3296,1.0908751,128.02386,75.6418
2019-10-12 03:00:00,19.64386,14.876526,901.92413,1.323862,135.65436,73.97681
2019-10-12 04:00:00,20.25116,15.087341,902.2082,1.4177778,149.7507,72.21896
2019-10-12 05:00:00,22.336761,15.059296,902.0187,1.2986838,171.97858,63.436424
2019-10-12 06:00:00,23.20581,14.984009,901.52075,1.2393543,204.89792,59.889923
2019-10-12 07:00:00,23.406464,15.051788,900.7685,1.4126177,236.4276,59.427216
2019-10-12 08:00:00,24.098114,14.791351,900.08453,1.648959,256.49615,56.056667
2019-10-12 09:00:00,24.120789,14.754089,899.40857,1.7408924,273.1256,55.846153
2019-10-12 10:00:00,22.937775,15.251648,899.0309,1.544682,292.12338,61.925
2019-10-12 11:00:00,22.798584,15.200867,899.04803,1.0639558,316.9004,62.24606
2019-10-12 12:00:00,22.553467,15.250427,899.34515,0.84812355,342.4855,63.38005
2019-10-12 13:00:00,22.345673,15.339996,899.8926,0.85951763,17.248383,64.55559
2019-10-12 14:00:00,21.322784,15.405212,900.565,0.9395981,40.44278,69.003944
2019-10-12 15:00:00,20.16455,15.156128,901.2216,0.97310185,56.421265,72.92834
2019-10-12 16:00:00,19.901367,15.099243,901.5753,0.8811923,72.29062,73.85554
2019-10-12 17:00:00,19.213287,14.987366,901.6264,0.78507614,81.846985,76.5282
2019-10-12 18:00:00,18.914154,14.887543,901.4225,0.5967028,84.99524,77.46965
2019-10-12 19:00:00,18.685059,14.874329,901.062,0.3921637,69.99872,78.519646
2019-10-12 20:00:00,18.074768,14.557617,900.712,0.39363042,29.808472,79.93247
2019-10-12 21:00:00,17.87561,14.477661,900.46155,0.6923012,12.154297,80.52286
2019-10-12 22:00:00,17.404419,14.18985,900.35876,1.1632947,346.07236,81.42087
2019-10-12 23:00:00,17.334167,14.151154,900.49506,1.4124861,355.2404,81.57832
2019-10-13 00:00:00,17.707886,14.280487,900.85736,1.6539696,6.355774,80.34705
2019-10-13 01:00:00,17.768188,14.295624,901.3942,1.8404372,18.697662,80.12086
2019-10-13 02:00:00,19.084503,14.667572,902.00397,2.0314918,34.004272,75.57181
2019-10-13 03:00:00,19.8956,14.717255,902.5483,2.1729586,45.574493,72.0872
2019-10-13 04:00:00,20.507019,14.863129,902.7339,2.0080888,51.733032,70.06902
2019-10-13 05:00:00,22.399689,15.036987,902.5326,1.6260638,46.335907,63.103558
2019-10-13 06:00:00,23.221008,14.968292,901.9313,1.2869632,23.447601,59.774483
2019-10-13 07:00:00,23.437744,15.04303,901.152,1.408926,354.529,59.28176
2019-10-13 08:00:00,24.044312,14.630493,900.3706,1.7585156,340.1587,55.657745
2019-10-13 09:00:00,24.112549,14.508331,899.7473,2.1149378,338.35703,54.99484
2019-10-13 10:00:00,22.96994,15.137329,899.3825,2.3176432,342.29636,61.35233
2019-10-13 11:00:00,22.89383,15.03894,899.5043,2.385499,355.80557,61.247116
2019-10-13 12:00:00,22.693542,15.075378,899.82837,2.4431493,5.522583,62.140644
2019-10-13 13:00:00,22.459381,15.138153,900.3901,2.49552,17.93576,63.285267
2019-10-13 14:00:00,21.51175,15.177673,901.10126,2.5999227,28.69574,67.22093
2019-10-13 15:00:00,20.21283,15.072388,901.8058,2.6451783,37.842743,72.32066
2019-10-13 16:00:00,19.960663,14.974121,902.1839,2.641343,45.295868,72.995026
2019-10-13 17:00:00,19.293152,14.795593,902.29456,2.5686197,50.498657,75.21412
2019-10-13 18:00:00,19.069336,14.713654,902.11127,2.4830222,51.05606,75.868416
2019-10-13 19:00:00,18.85849,14.681824,901.81287,2.4794023,48.991333,76.71561
2019-10-13 20:00:00,18.254944,14.4552,901.4178,2.5852315,45.57773,78.51237
2019-10-13 21:00:00,18.085632,14.420044,901.10046,2.781903,43.24533,79.17131
2019-10-13 22:00:00,17.465149,14.102203,901.0532,2.851476,43.069305,80.6502
2019-10-13 23:00:00,17.393402,14.094574,901.1688,3.0519245,41.793274,80.97633
2019-10-14 00:00:00,17.759216,14.201721,901.4997,3.289891,42.801056,79.680504
2019-10-14 01:00:00,17.870697,14.295105,902.0502,3.5620747,47.746094,79.60286
2019-10-14 02:00:00,19.190277,14.681183,902.6722,3.8260038,54.511993,75.14124
2019-10-14 03:00:00,19.857178,14.649445,903.17194,4.003353,60.034607,71.94372
2019-10-14 04:00:00,20.49704,14.913971,903.3664,3.9321346,63.934753,70.34207
2019-10-14 05:00:00,22.181763,14.963654,903.1687,3.5893228,64.36505,63.644886
2019-10-14 06:00:00,23.153809,14.760468,902.5683,3.0204322,59.24936,59.219803
2019-10-14 07:00:00,23.361053,14.785675,901.78064,2.5564082,48.618164,58.57817
2019-10-14 08:00:00,23.871399,14.608215,900.98944,2.4019275,34.857758,56.158276
2019-10-14 09:00:00,23.944702,14.580139,900.3122,2.5878365,24.925232,55.810146
2019-10-14 10:00:00,22.932678,14.986084,899.9957,2.3985922,5.4924316,60.895782
2019-10-14 11:00:00,22.760162,14.907776,900.0915,2.6779842,18.071442,61.22632
2019-10-14 12:00:00,22.419037,14.883026,900.3728,2.8183467,27.438293,62.40796
2019-10-14 13:00:00,22.20755,14.89389,900.8331,3.153317,38.98004,63.260323
2019-10-14 14:00:00,21.305725,15.09491,901.45776,3.486194,49.159424,67.713486
2019-10-14 15:00:00,20.144562,14.874512,901.97375,3.7175305,58.743378,71.707726
2019-10-14 16:00:00,19.821594,14.78717,902.2491,3.9074733,67.94696,72.74569
2019-10-14 17:00:00,19.112305,14.753723,902.2406,4.0030756,74.67847,75.861176
2019-10-14 18:00:00,18.811798,14.634491,902.02405,4.01645,78.82123,76.70512
2019-10-14 19:00:00,18.639557,14.555817,901.77905,4.0699935,81.3215,77.14284
2019-10-14 20:00:00,17.94397,14.294617,901.4191,4.190957,82.13632,79.234276
2019-10-14 21:00:00,17.76532,14.203552,901.1687,4.370903,82.47113,79.65933
2019-10-14 22:00:00,17.096527,13.797577,900.97577,3.861099,82.27716,80.93645
2019-10-14 23:00:00,17.116547,13.850464,901.0692,4.1089864,80.22128,81.111984
2019-10-15 00:00:00,17.448853,13.897217,901.3999,4.390909,80.348114,79.66735
2019-10-15 01:00:00,17.492188,13.911652,901.9347,4.7655683,81.7572,79.52418
2019-10-15 02:00:00,18.831512,14.272675,902.5009,5.2434964,85.60257,74.84067
2019-10-15 03:00:00,19.506378,14.419464,902.9916,5.590355,90.10077,72.44345
2019-10-15 04:00:00,20.082336,14.580322,903.1596,5.628471,94.62012,70.63187
2019-10-15 05:00:00,22.083588,14.62915,902.9562,5.284317,96.642365,62.66145
2019-10-15 06:00:00,23.005035,14.484192,902.5071,4.67209,96.30557,58.699375
2019-10-15 07:00:00,23.21106,14.594635,901.8614,4.0613146,94.45404,58.38743
2019-10-15 08:00:00,23.872711,14.283722,901.2327,3.655232,91.93475,54.9888
2019-10-15 09:00:00,23.917908,14.249878,900.69727,3.4631276,89.02185,54.719646
2019-10-15 10:00:00,22.781036,14.788025,900.416,2.7522607,89.632324,60.679054
2019-10-15 11:00:00,22.615051,14.673492,900.4863,3.1174417,86.80209,60.842175
2019-10-15 12:00:00,22.345856,14.624481,900.73016,3.4056728,88.32318,61.650288
2019-10-15 13:00:00,22.109924,14.656982,901.1756,3.8811152,88.86749,62.67339
2019-10-15 14:00:00,21.18689,14.696838,901.77765,4.356828,90.15222,66.4828
2019-10-15 15:00:00,19.887604,14.6866455,902.3501,4.72537,92.06583,71.98072
2019-10-15 16:00:00,19.52774,14.515045,902.68994,4.8758025,94.72473,72.79544
2019-10-15 17:00:00,18.867706,14.4539795,902.7579,4.892782,97.224365,75.55211
2019-10-15 18:00:00,18.570099,14.376404,902.58295,4.7428637,99.14276,76.58606
2019-10-15 19:00:00,18.361694,14.2621155,902.32153,4.542451,99.977844,77.02095
2019-10-15 20:00:00,17.765411,14.048981,901.93994,4.3011193,99.00122,78.86532
2019-10-15 21:00:00,17.63913,14.014008,901.66296,4.11393,96.602936,79.31533
2019-10-15 22:00:00,17.113861,13.748718,901.5183,3.3101215,99.31238,80.591545
2019-10-15 23:00:00,17.057312,13.678009,901.7008,3.225095,94.22766,80.50978
2019-10-16 00:00:00,17.364716,13.774109,902.0822,3.3334093,88.92514,79.45425
2019-10-16 01:00:00,17.519012,13.891022,902.6057,3.6042717,85.28955,79.2835
2019-10-16 02:00:00,18.773804,14.032806,903.1345,3.9791522,83.09259,73.95327
2019-10-16 03:00:00,19.250305,14.16394,903.5569,4.2938194,82.39453,72.39996
2019-10-16 04:00:00,19.951172,14.2578125,903.70013,4.471426,82.66089,69.73895
2019-10-16 05:00:00,21.70697,14.33316,903.42334,4.3497033,81.53488,62.904106
2019-10-16 06:00:00,22.728455,14.201721,902.83,3.9968371,78.05307,58.61085
2019-10-16 07:00:00,22.955017,14.321381,902.0304,3.6248467,73.13919,58.261055
2019-10-16 08:00:00,23.511414,13.922211,901.2913,3.2943103,67.65326,54.897236
2019-10-16 09:00:00,23.501282,13.926666,900.7566,3.1737833,63.168,54.946663
2019-10-16 10:00:00,22.53949,14.486786,900.53516,2.2803667,55.810547,60.389812
2019-10-16 11:00:00,22.310669,14.283691,900.6843,2.571761,59.148315,60.43699
2019-10-16 12:00:00,21.958801,14.2178955,900.96405,2.6285958,61.144287,61.4841
2019-10-16 13:00:00,21.700714,14.247955,901.38947,2.9795516,65.216125,62.582283
2019-10-16 14:00:00,20.783966,14.464478,901.99634,3.3013783,69.35153,67.13501
2019-10-16 15:00:00,19.763428,14.32132,902.5135,3.5955791,74.03348,70.8456
2019-10-16 16:00:00,19.499176,14.204071,902.84265,3.6982996,78.369385,71.47322
2019-10-16 17:00:00,18.739716,14.095245,902.896,3.7661712,81.54443,74.41148
2019-10-16 18:00:00,18.510864,14.0477295,902.7473,3.7873309,83.7052,75.25247
2019-10-16 19:00:00,18.27768,13.97345,902.45,3.8054888,85.29953,75.993515
2019-10-16 20:00:00,17.673859,13.788727,902.1283,3.7734015,85.1611,77.99347
2019-10-16 21:00:00,17.534515,13.707703,901.81506,3.7652845,83.43524,78.26872
2019-10-16 22:00:00,16.975739,13.466492,901.6848,3.481619,87.07718,79.82099
2019-10-16 23:00:00,16.893005,13.418457,901.67737,3.5656285,82.254456,79.99003
2019-10-17 00:00:00,17.180542,13.470734,902.0042,3.8552706,79.23517,78.814445
2019-10-17 01:00:00,17.2807,13.47113,902.53046,4.21054,78.3598,78.31889
2019-10-17 02:00:00,18.637054,13.743286,903.137,4.7208066,79.98819,73.20009
2019-10-17 03:00:00,19.47586,13.846985,903.5419,5.132482,85.02588,69.93911
2019-10-17 04:00:00,20.16034,14.201538,903.6247,5.1978292,91.94464,68.59179
2019-10-17 05:00:00,21.900818,14.293335,903.2657,4.7994485,96.77927,62.00392
2019-10-17 06:00:00,22.820251,14.372559,902.555,4.0603538,98.57596,58.93329
2019-10-17 07:00:00,23.012207,14.3663025,901.6691,3.3034346,98.11496,58.228607
2019-10-17 08:00:00,23.546417,14.188049,900.8871,2.717227,95.31012,55.73349
2019-10-17 09:00:00,23.476807,14.148346,900.26776,2.4189026,90.802124,55.824173
2019-10-17 10:00:00,22.393524,14.999237,899.93225,1.6886032,116.138824,62.974094
2019-10-17 11:00:00,22.166443,14.758667,900.0217,1.9644535,101.311005,62.868835
2019-10-17 12:00:00,21.859436,14.697662,900.29456,2.3210216,94.7728,63.80533
2019-10-17 13:00:00,21.570282,14.71405,900.7897,2.8348734,91.58411,65.01151
2019-10-17 14:00:00,20.589935,14.770355,901.45337,3.3153985,92.07648,69.29634
2019-10-17 15:00:00,19.521576,14.555695,902.0064,3.6855469,93.23697,73.01471
2019-10-17 16:00:00,19.280945,14.505798,902.2578,3.8717968,95.10953,73.877235
2019-10-17 17:00:00,18.655457,14.433563,902.176,3.9368694,96.26407,76.46004
2019-10-17 18:00:00,18.438416,14.392639,901.949,3.8916945,97.64752,77.30127
2019-10-17 19:00:00,18.191406,14.282745,901.6106,3.8392346,97.655396,77.95209
2019-10-17 20:00:00,17.67279,14.116333,901.2723,3.7732675,95.91547,79.67378
2019-10-17 21:00:00,17.532684,14.039764,900.93805,3.7991834,92.289,79.98296
2019-10-17 22:00:00,17.210083,13.9192505,900.91486,3.6676147,100.24017,80.99412
2019-10-17 23:00:00,17.136139,13.916138,900.949,3.7638018,93.08606,81.35747
2019-10-18 00:00:00,17.473541,14.018921,901.2637,4.030273,87.23883,80.17364
2019-10-18 01:00:00,17.57248,14.107147,901.8636,4.3799357,84.47223,80.131546
2019-10-18 02:00:00,18.926727,14.577667,902.4911,4.7894545,85.00284,75.87785
2019-10-18 03:00:00,19.338898,14.681793,902.96954,4.917431,88.99469,74.4521
2019-10-18 04:00:00,19.926575,14.994324,903.16046,4.7550335,92.96835,73.24443
2019-10-18 05:00:00,21.651947,15.093506,902.95825,4.313417,94.68924,66.28737
2019-10-18 06:00:00,22.403442,15.042358,902.3843,3.7910118,93.164795,63.110947
2019-10-18 07:00:00,22.610352,15.111755,901.5986,3.4189575,89.518005,62.601353
2019-10-18 08:00:00,23.00586,15.029419,900.8498,3.3089552,85.27753,60.795837
2019-10-18 09:00:00,22.999237,15.03598,900.21014,3.457453,80.726166,60.845882
2019-10-18 10:00:00,21.991821,15.387573,899.7944,3.3028123,78.29254,66.16351
2019-10-18 11:00:00,21.828186,15.30777,899.8416,4.059939,77.39963,66.48617
2019-10-18 12:00:00,21.577179,15.29364,900.07135,4.5543365,79.81592,67.4528
2019-10-18 13:00:00,21.358856,15.255981,900.5312,5.096369,83.632965,68.1954
2019-10-18 14:00:00,20.61789,15.431488,901.1344,5.5376773,87.35495,72.180405
2019-10-18 15:00:00,19.636505,15.2561035,901.73,5.9005766,91.74243,75.83918
2019-10-18 16:00:00,19.393738,15.145081,902.0432,6.0802636,95.5715,76.4448
2019-10-18 17:00:00,18.80664,15.078766,902.0563,6.1375794,98.90506,78.95703
2019-10-18 18:00:00,18.606415,15.037506,901.9,6.0901775,101.28085,79.73986
2019-10-18 19:00:00,18.449677,14.996399,901.6607,5.991082,102.772766,80.31358
2019-10-18 20:00:00,17.896667,14.784302,901.3794,5.860433,102.592224,82.02301
2019-10-18 21:00:00,17.733368,14.721924,901.1392,5.774877,101.18689,82.53805
2019-10-18 22:00:00,17.418304,14.491089,901.1503,4.9104424,101.66315,82.94967
2019-10-18 23:00:00,17.303864,14.454163,901.26843,5.1153865,99.1546,83.352455
2019-10-19 00:00:00,17.517273,14.496124,901.67804,5.372839,97.10153,82.45989
2019-10-19 01:00:00,17.64856,14.620453,902.3489,5.692104,95.4144,82.43899
2019-10-19 02:00:00,18.751556,14.910858,903.0184,6.0002832,95.648224,78.37802
2019-10-19 03:00:00,19.277344,15.070221,903.54694,6.139817,98.81006,76.63083
2019-10-19 04:00:00,19.91504,15.230438,903.80194,6.0123906,103.5903,74.417656
2019-10-19 05:00:00,21.542938,15.371246,903.6633,5.451275,109.188446,67.93169
2019-10-19 06:00:00,22.333893,15.320343,903.0682,4.6147275,113.32651,64.52043
2019-10-19 07:00:00,22.487335,15.291534,902.2882,3.8723793,114.143005,63.80331
2019-10-19 08:00:00,22.965942,15.19046,901.479,3.392073,110.9693,61.577034
2019-10-19 09:00:00,22.941559,15.244904,900.79614,3.2666278,104.40115,61.88401
2019-10-19 10:00:00,21.87085,15.367065,900.4886,2.9902718,105.34412,66.56602
2019-10-19 11:00:00,21.69989,15.482788,900.4551,3.4420233,98.30435,67.76572
2019-10-19 12:00:00,21.445312,15.377472,900.6713,3.7419977,98.10748,68.36614
2019-10-19 13:00:00,21.204529,15.368164,901.07654,4.1101236,98.92169,69.341156
2019-10-19 14:00:00,20.487274,15.515533,901.70166,4.4705167,99.8147,73.157036
2019-10-19 15:00:00,19.527863,15.198395,902.2936,4.787986,101.64923,76.07019
2019-10-19 16:00:00,19.304443,15.117157,902.613,4.997287,103.344055,76.732864
2019-10-19 17:00:00,18.68283,14.979431,902.5876,5.16162,104.86801,79.06371
2019-10-19 18:00:00,18.459717,14.886444,902.31854,5.1778975,106.04352,79.69707
2019-10-19 19:00:00,18.309845,14.837219,901.9763,5.148389,106.700226,80.19462
2019-10-19 20:00:00,17.7753,14.673462,901.56213,5.056114,106.09085,82.06351
2019-10-19 21:00:00,17.652252,14.586609,901.298,4.9944286,104.54855,82.24002
2019-10-19 22:00:00,17.180847,14.393677,901.1208,4.6487284,110.407135,83.67561
2019-10-19 23:00:00,17.246368,14.470306,901.27014,4.723607,107.07358,83.743225
2019-10-20 00:00:00,17.456726,14.489105,901.6532,4.845936,104.376495,82.738075
2019-10-20 01:00:00,17.514313,14.53894,902.2622,5.051831,101.75256,82.70366
2019-10-20 02:00:00,18.595001,14.8377075,902.8594,5.3243327,102.618164,78.77724
2019-10-20 03:00:00,19.062317,14.9151,903.2996,5.3306637,108.60806,76.893135
2019-10-20 04:00:00,19.596954,15.077423,903.4253,5.0926237,115.61743,75.15785
2019-10-20 05:00:00,21.227661,15.193176,903.11334,4.5979624,123.78174,68.46939
2019-10-20 06:00:00,21.778961,15.191925,902.46234,3.9464517,132.19421,66.19216
2019-10-20 07:00:00,21.984344,15.255371,901.5996,3.327404,139.72684,65.63449
2019-10-20 08:00:00,22.402985,15.144897,900.79706,2.8052666,143.78522,63.530113
2019-10-20 09:00:00,22.531586,14.941559,900.17883,2.4521873,141.34369,62.21664
2019-10-20 10:00:00,21.566162,15.233795,899.7237,2.0221064,159.94525,67.2394
2019-10-20 11:00:00,21.454834,15.195709,899.7893,2.10964,142.09204,67.53374
2019-10-20 12:00:00,21.300201,15.167694,900.04083,2.4097223,134.88654,68.05399
2019-10-20 13:00:00,21.129944,15.215271,900.50214,2.6764889,131.77142,68.97897
2019-10-20 14:00:00,20.35202,15.346252,901.0575,2.946648,131.03586,72.97386
2019-10-20 15:00:00,19.57608,15.062256,901.5422,3.1961694,132.38675,75.182
2019-10-20 16:00:00,19.399628,14.986084,901.7442,3.3516133,136.29453,75.63957
2019-10-20 17:00:00,18.817444,14.931122,901.6294,3.4293575,140.36682,78.15788
2019-10-20 18:00:00,18.58258,14.915161,901.2561,3.3337,144.521,79.23269
2019-10-20 19:00:00,18.391449,14.853485,900.8173,3.130838,147.69067,79.869
2019-10-20 20:00:00,17.88855,14.715179,900.4252,2.837918,149.34076,81.70008
2019-10-20 21:00:00,17.74936,14.646515,900.1303,2.53677,148.22577,82.05494
2019-10-20 22:00:00,17.402008,14.444733,900.1174,2.2255604,170.32709,82.78678
2019-10-20 23:00:00,17.338623,14.414795,900.1573,1.9763496,166.15466,82.95827
2019-10-21 00:00:00,17.510895,14.376495,900.4776,1.8637263,159.11371,81.857895
2019-10-21 01:00:00,17.541107,14.395813,900.8986,1.8947895,150.70435,81.8041
2019-10-21 02:00:00,18.473602,14.6441345,901.49603,1.983047,147.90228,78.393906
2019-10-21 03:00:00,18.818848,14.664642,901.95776,2.1193745,155.18604,76.8206
2019-10-21 04:00:00,19.277985,14.662445,902.1033,2.2043345,170.4469,74.64169
2019-10-21 05:00:00,20.985992,14.751282,901.8343,2.33343,188.46365,67.54466
2019-10-21 06:00:00,21.589386,14.691711,901.1828,2.5008943,207.32083,64.8421
2019-10-21 07:00:00,21.769287,14.7482605,900.3307,2.6634862,222.69868,64.36717
2019-10-21 08:00:00,22.382172,14.5008545,899.5182,2.7042387,234.17357,61.025345
2019-10-21 09:00:00,22.43216,14.49704,898.8275,2.5367823,241.36848,60.825188
2019-10-21 10:00:00,21.36728,14.596863,898.418,2.832719,254.03906,65.32886
2019-10-21 11:00:00,21.251404,14.546326,898.4997,1.9266802,246.78806,65.58025
2019-10-21 12:00:00,21.084534,14.558716,898.76404,1.6272142,225.01595,66.30825
2019-10-21 13:00:00,20.876678,14.539795,899.1535,1.6450006,204.92152,67.07867
2019-10-21 14:00:00,20.000488,14.582794,899.6367,1.9048134,189.9613,71.001884
2019-10-21 15:00:00,19.145874,14.379822,899.9881,2.266812,183.01419,73.8974
2019-10-21 16:00:00,18.894012,14.247894,900.1078,2.686779,181.75247,74.429695
2019-10-21 17:00:00,18.224854,14.077179,899.9322,3.0576859,183.8226,76.76018
2019-10-21 18:00:00,18.010895,14.02005,899.5789,3.312829,187.44669,77.51112
2019-10-21 19:00:00,17.760712,13.901855,899.1478,3.4407096,190.97908,78.13962
2019-10-21 20:00:00,17.220276,13.765625,898.75287,3.4317868,194.32858,80.13875
2019-10-21 21:00:00,17.089935,13.669098,898.4766,3.3769593,196.50156,80.297165
2019-10-21 22:00:00,16.617035,13.301117,898.33325,3.1134894,204.55447,80.78337
2019-10-21 23:00:00,16.619507,13.327911,898.4492,3.061341,204.70273,80.911865
2019-10-22 00:00:00,16.900787,13.397217,898.83765,2.959321,203.6062,79.84005
2019-10-22 01:00:00,16.988403,13.454224,899.4041,2.9470909,200.5865,79.693275
2019-10-22 02:00:00,18.094574,13.742798,900.0235,3.0600395,199.48251,75.72977
2019-10-22 03:00:00,18.534943,13.839386,900.4921,3.4334934,204.35974,74.13053
2019-10-22 04:00:00,19.07483,13.81485,900.64026,3.983993,212.23125,71.5577
2019-10-22 05:00:00,20.922974,13.970062,900.4001,4.6819515,220.59921,64.46704
2019-10-22 06:00:00,21.799988,14.0364685,899.7707,5.3137093,229.43822,61.357697
2019-10-22 07:00:00,21.997711,14.075378,898.98334,5.8193526,237.12215,60.774864
2019-10-22 08:00:00,22.641907,13.780151,898.159,6.0602374,242.92065,57.330696
2019-10-22 09:00:00,22.65689,13.700867,897.5938,6.017026,246.44359,56.984337
2019-10-22 10:00:00,21.592255,13.980316,897.2368,6.721268,250.59756,61.915894
2019-10-22 11:00:00,21.432526,13.905243,897.32935,5.526549,247.63327,62.220444
2019-10-22 12:00:00,21.20166,13.753326,897.6588,4.794832,244.16641,62.487827
2019-10-22 13:00:00,20.862274,13.801849,898.15173,4.216801,239.05515,64.00562
2019-10-22 14:00:00,20.003174,13.886658,898.8044,3.831366,232.24954,67.86286
2019-10-22 15:00:00,19.000275,13.700989,899.3599,3.6545677,225.61237,71.36145
2019-10-22 16:00:00,18.657776,13.589722,899.569,3.6836236,220.45291,72.37915
2019-10-22 17:00:00,17.928162,13.4328,899.4581,3.820075,217.55103,74.99851
2019-10-22 18:00:00,17.692047,13.411652,899.08093,3.9076626,216.41072,76.01688
2019-10-22 19:00:00,17.493896,13.29837,898.6622,3.9731343,217.21307,76.406586
2019-10-22 20:00:00,17.001251,13.203033,898.1744,3.941893,218.7302,78.335434
2019-10-22 21:00:00,16.842102,13.102722,897.88696,3.8476772,219.99104,78.61332
2019-10-22 22:00:00,16.474762,12.861511,897.62244,3.918403,221.76427,79.2105
2019-10-22 23:00:00,16.494354,12.859955,897.62634,3.5388029,220.84317,79.10382
2019-10-23 00:00:00,16.67337,12.915222,897.9675,3.210047,216.3445,78.49218
2019-10-23 01:00:00,16.72879,12.968628,898.5861,2.9893,207.5857,78.49001
2019-10-23 02:00:00,17.924744,13.33783,899.27344,2.9943993,199.43633,74.551956
2019-10-23 03:00:00,18.326508,13.420166,899.783,3.4021785,198.92862,73.08542
2019-10-23 04:00:00,19.01712,13.695404,899.926,3.8585043,202.91423,71.26063
2019-10-23 05:00:00,20.84967,13.808624,899.65485,4.32048,209.05682,64.08344
2019-10-23 06:00:00,21.489655,13.716431,898.9932,4.810803,216.64297,61.2477
2019-10-23 07:00:00,21.696777,13.806,898.168,5.228248,223.26913,60.8295
2019-10-23 08:00:00,22.15384,13.747925,897.3426,5.361342,226.59863,58.933876
2019-10-23 09:00:00,22.16269,13.752441,896.8047,5.2271585,227.35411,58.919407
2019-10-23 10:00:00,21.147583,13.958679,896.52655,5.2798347,232.70769,63.53679
2019-10-23 11:00:00,21.013184,13.903717,896.7283,4.671289,225.91872,63.835304
2019-10-23 12:00:00,20.827301,13.88797,897.0907,4.473637,217.37521,64.50306
2019-10-23 13:00:00,20.563934,13.984833,897.61884,4.5064473,209.38812,65.97099
2019-10-23 14:00:00,19.912659,14.073303,898.31885,4.778942,202.9075,69.075325
2019-10-23 15:00:00,18.826141,14.124023,898.92865,5.1131506,198.61966,74.14882
2019-10-23 16:00:00,18.547028,14.019318,899.28125,5.4255185,197.28508,74.944145
2019-10-23 17:00:00,17.898315,13.833557,899.2483,5.654549,197.59181,77.12311
2019-10-23 18:00:00,17.67279,13.80603,898.9952,5.793005,199.3316,78.08642
2019-10-23 19:00:00,17.492615,13.720703,898.5723,5.762411,201.65477,78.54222
2019-10-23 20:00:00,16.93274,13.495789,898.173,5.5729346,203.89803,80.191574
2019-10-23 21:00:00,16.816101,13.492859,897.9295,5.2706833,205.47403,80.77144
2019-10-23 22:00:00,16.437286,13.236877,897.82697,4.9365735,207.84761,81.37033
2019-10-23 23:00:00,16.309692,13.153259,897.9626,4.6425767,208.36456,81.58757
2019-10-24 00:00:00,16.55362,13.260864,898.4073,4.3727107,207.43367,80.89702
2019-10-24 01:00:00,16.574371,13.252808,899.09235,4.187925,204.12326,80.74796
2019-10-24 02:00:00,17.601532,13.639679,899.855,4.160748,201.7844,77.59474
2019-10-24 03:00:00,17.958923,13.706085,900.4447,4.4232516,203.25189,76.196175
2019-10-24 04:00:00,18.602081,13.801941,900.7218,4.8395014,206.18889,73.64044
2019-10-24 05:00:00,20.39325,13.891632,900.5401,5.3495145,210.66518,66.267395
2019-10-24 06:00:00,21.039703,13.827942,899.9455,5.7405853,216.6448,63.41874
2019-10-24 07:00:00,21.194336,13.830994,899.1216,5.9347034,222.79485,62.832035
2019-10-24 08:00:00,21.685211,13.677155,898.3887,5.943969,228.04404,60.365124
2019-10-24 09:00:00,21.690796,13.646271,897.89624,5.6925735,231.76828,60.223473
2019-10-24 10:00:00,20.807129,13.88797,897.6785,5.7771525,238.5886,64.58316
2019-10-24 11:00:00,20.62439,13.842712,897.8219,4.8385253,238.54071,65.12239
2019-10-24 12:00:00,20.393036,13.739044,898.1711,4.084877,235.67575,65.61501
2019-10-24 13:00:00,20.031372,13.681061,898.72284,3.5085785,231.78409,66.84597
2019-10-24 14:00:00,19.167877,13.720154,899.42834,3.1230462,226.58107,70.707695
2019-10-24 15:00:00,18.365051,13.552216,900.0797,2.8899026,220.73828,73.5384
2019-10-24 16:00:00,18.144287,13.511536,900.3951,2.8000956,216.40657,74.36695
2019-10-24 17:00:00,17.565552,13.474579,900.3546,2.7879748,214.44237,76.94012
2019-10-24 18:00:00,17.31482,13.355225,900.0334,2.7761402,215.19499,77.56245
2019-10-24 19:00:00,17.06784,13.303467,899.6194,2.7111204,216.78622,78.51837
2019-10-24 20:00:00,16.639893,13.156555,899.16675,2.5166535,218.87077,79.90912
2019-10-24 21:00:00,16.477417,13.017029,898.87286,2.2043316,220.0559,80.0064
2019-10-24 22:00:00,16.110046,12.802795,898.6418,2.461209,216.62468,80.76124
2019-10-24 23:00:00,15.954315,12.711487,898.6925,2.0126653,213.67953,81.08181
2019-10-25 00:00:00,16.174927,12.84903,899.02704,1.7679093,206.44351,80.67148
2019-10-25 01:00:00,16.170868,12.820801,899.59174,1.6551646,193.50087,80.54348
2019-10-25 02:00:00,17.187592,13.2135315,900.18994,1.7823606,180.91946,77.469894
2019-10-25 03:00:00,17.837097,13.375916,900.7191,2.2459183,179.2326,75.150505
2019-10-25 04:00:00,18.480408,13.47525,900.9219,2.8387816,183.09663,72.64399
2019-10-25 05:00:00,20.140198,13.622345,900.70233,3.3259468,190.32848,66.14444
2019-10-25 06:00:00,20.703033,13.489563,900.10547,3.6469698,199.85631,63.336933
2019-10-25 07:00:00,20.979584,13.62442,899.36346,3.7909834,210.11205,62.817238
2019-10-25 08:00:00,21.483093,13.506317,898.664,3.7165146,218.47441,60.44076
2019-10-25 09:00:00,21.438812,13.43573,898.1714,3.3925822,223.9819,60.32702
2019-10-25 10:00:00,20.612183,13.900299,897.8703,3.234342,243.47122,65.41541
2019-10-25 11:00:00,20.507965,13.876282,898.1219,2.3656933,241.7492,65.73455
2019-10-25 12:00:00,20.268677,13.826691,898.45685,1.8099169,231.22183,66.498276
2019-10-25 13:00:00,20.022247,13.8403015,898.96844,1.53644,211.20534,67.57915
2019-10-25 14:00:00,19.216675,13.911011,899.59595,1.601518,187.12868,71.37204
2019-10-25 15:00:00,18.325684,13.630951,900.1447,1.9522606,172.89392,74.09863
2019-10-25 16:00:00,18.076385,13.536865,900.44446,2.407615,168.45752,74.80801
2019-10-25 17:00:00,17.563019,13.424835,900.43,2.7065415,169.14526,76.703575
2019-10-25 18:00:00,17.393677,13.388214,900.24664,2.9091804,170.87988,77.343056
2019-10-25 19:00:00,17.21289,13.334961,899.8999,2.9697883,173.74487,77.960846
2019-10-25 20:00:00,16.64569,13.157379,899.48615,2.87744,175.95117,79.88398
2019-10-25 21:00:00,16.534729,13.182007,899.1986,2.7223828,176.50037,80.57866
2019-10-25 22:00:00,16.249725,13.0442505,898.94885,2.2957366,178.89886,81.31898
2019-10-25 23:00:00,16.119263,12.956451,899.0469,2.1305676,172.68054,81.52901
2019-10-26 00:00:00,16.28418,13.037262,899.43225,2.179796,164.83923,81.10365
2019-10-26 01:00:00,16.26648,12.960968,900.1238,2.383646,157.3274,80.79136
2019-10-26 02:00:00,17.318176,13.338043,900.8695,2.7801468,153.0968,77.45921
2019-10-26 03:00:00,17.970306,13.456055,901.5224,3.3234472,158.4549,74.91336
2019-10-26 04:00:00,18.609253,13.5598755,901.80475,3.7856877,166.69061,72.45836
2019-10-26 05:00:00,20.25415,13.748535,901.6219,4.0856895,176.51904,66.22103
2019-10-26 06:00:00,20.87909,13.872345,901.02,4.1921873,188.35948,64.232735
2019-10-26 07:00:00,21.020477,13.861145,900.20416,4.1024566,199.87262,63.630695
2019-10-26 08:00:00,21.656464,13.744293,899.442,3.895221,209.55336,60.735703
2019-10-26 09:00:00,21.619019,13.695923,898.82135,3.506116,216.16507,60.683887
2019-10-26 10:00:00,20.70996,13.978699,898.4899,3.2942069,229.89009,65.35412
2019-10-26 11:00:00,20.571106,13.861603,898.65826,2.3005385,223.66011,65.416756
2019-10-26 12:00:00,20.36905,13.79718,898.9786,1.7081769,212.32877,65.96084
2019-10-26 13:00:00,20.144684,13.701111,899.5254,1.3701162,195.63298,66.46556
2019-10-26 14:00:00,19.243042,13.730621,900.1633,1.3181577,175.02576,70.425285
2019-10-26 15:00:00,18.37436,13.595062,900.71204,1.4707175,163.11542,73.70066
2019-10-26 16:00:00,18.053284,13.442291,901.04407,1.6572129,158.43011,74.45689
2019-10-26 17:00:00,17.419342,13.312653,901.09955,1.7164353,158.08258,76.83853
2019-10-26 18:00:00,17.23352,13.295319,900.9235,1.6896917,158.86987,77.65828
2019-10-26 19:00:00,17.032715,13.234711,900.6128,1.5361123,158.74463,78.34119
2019-10-26 20:00:00,16.38205,12.908661,900.2709,1.2878647,154.8352,79.925224
2019-10-26 21:00:00,16.28186,12.860809,900.0186,1.0112327,140.91165,80.18539
2019-10-26 22:00:00,15.936768,12.676636,899.77686,0.40504372,141.15277,80.98764
2019-10-26 23:00:00,15.875641,12.664703,899.89374,0.6618798,90.18921,81.24099
2019-10-27 00:00:00,16.071198,12.699432,900.2555,1.1877124,81.22717,80.41563
2019-10-27 01:00:00,16.115448,12.729736,900.9318,1.6675954,80.625244,80.34824
2019-10-27 02:00:00,17.264954,13.110596,901.6157,2.095665,83.261536,76.5757
2019-10-27 03:00:00,17.824768,13.227997,902.19244,2.3339343,88.58151,74.48712
2019-10-27 04:00:00,18.512268,13.423737,902.40814,2.253515,95.05765,72.25643
2019-10-27 05:00:00,20.373413,13.584381,902.17615,1.8982573,100.812225,65.03734
2019-10-27 06:00:00,21.163849,13.736084,901.5902,1.4636412,105.25345,62.56287
2019-10-27 07:00:00,21.393738,13.710999,900.8371,1.0206785,108.37082,61.58675
2019-10-27 08:00:00,22.14508,13.479126,900.13837,0.68315405,107.66858,57.943565
2019-10-27 09:00:00,22.188599,13.546753,899.57666,0.6367931,93.404236,58.04511
2019-10-27 10:00:00,21.097107,13.724487,899.3008,0.18474856,27.726593,62.772377
2019-10-27 11:00:00,20.888306,13.549713,899.34906,1.2058527,81.34802,62.864483
2019-10-27 12:00:00,20.71222,13.568146,899.6816,2.1160278,88.30887,63.625614
2019-10-27 13:00:00,20.430267,13.438721,900.2863,2.8712888,91.872345,64.19806
2019-10-27 14:00:00,19.47754,13.46405,900.9827,3.560921,95.92078,68.212425
2019-10-27 15:00:00,18.515778,13.293701,901.5711,4.0573244,99.98526,71.63105
2019-10-27 16:00:00,18.199005,13.208069,901.88947,4.3341975,103.80533,72.660866
2019-10-27 17:00:00,17.399353,12.962982,901.8682,4.475988,105.938354,75.199524
2019-10-27 18:00:00,17.099762,12.825165,901.6141,4.458608,106.59836,75.94993
2019-10-27 19:00:00,16.926147,12.7464905,901.26117,4.3452573,106.31027,76.39534
2019-10-27 20:00:00,16.30545,12.543335,900.89197,4.2358065,104.04315,78.417435
2019-10-27 21:00:00,16.135406,12.434387,900.6192,4.181088,100.26422,78.707275
2019-10-27 22:00:00,15.7066345,12.257568,900.50195,3.7328775,99.51886,79.95875
2019-10-27 23:00:00,15.662231,12.195862,900.6171,3.9375887,94.19272,79.86166
2019-10-28 00:00:00,15.960358,12.33783,900.99384,4.281468,90.66998,79.08842
2019-10-28 01:00:00,15.977814,12.319458,901.58154,4.729812,88.1113,78.90504
2019-10-28 02:00:00,17.571991,12.9122925,902.18256,5.210519,88.13913,74.13857
2019-10-28 03:00:00,18.061768,13.054871,902.6426,5.501042,90.86188,72.56056
2019-10-28 04:00:00,18.84085,13.394043,902.87573,5.3866954,95.62164,70.650024
2019-10-28 05:00:00,20.962921,13.650269,902.6339,4.773901,99.153656,62.987373
2019-10-28 06:00:00,21.704926,13.671997,902.0497,3.891336,99.69336,60.272224
2019-10-28 07:00:00,21.938171,13.800232,901.29803,3.1076474,96.84985,59.91698
2019-10-28 08:00:00,22.613983,13.644012,900.5779,2.585133,89.57913,56.92217
2019-10-28 09:00:00,22.684265,13.749664,899.99097,2.4944077,80.64505,57.070415
2019-10-28 10:00:00,21.438782,14.0729065,899.7444,1.5437391,54.234406,62.876446
2019-10-28 11:00:00,21.244934,14.047913,899.7746,2.3629951,59.80844,63.524883
2019-10-28 12:00:00,20.969513,13.95285,900.0691,2.8887959,60.52664,64.21117
2019-10-28 13:00:00,20.717194,13.872253,900.5693,3.4112751,65.61142,64.87548
2019-10-28 14:00:00,19.843018,13.869568,901.21124,3.802226,70.7912,68.463524
2019-10-28 15:00:00,18.81131,13.636475,901.68115,4.059492,75.328064,71.9061
2019-10-28 16:00:00,18.47882,13.5156555,901.8791,4.158947,79.542786,72.84254
2019-10-28 17:00:00,17.775818,13.414307,901.8489,4.133032,83.17508,75.629875
2019-10-28 18:00:00,17.494598,13.292145,901.6741,4.0494113,85.27368,76.372215
2019-10-28 19:00:00,17.29712,13.238983,901.37085,3.914356,86.68057,77.06306
2019-10-28 20:00:00,16.807617,13.068817,901.0664,3.8197796,86.04834,78.61122
2019-10-28 21:00:00,16.687347,13.042603,900.84296,3.7855895,83.79828,79.07812
2019-10-28 22:00:00,16.261627,12.780945,900.67114,3.33437,81.48715,79.870346
2019-10-28 23:00:00,16.17984,12.799438,900.7562,3.6039696,77.3645,80.384964
2019-10-29 00:00:00,16.460022,12.936554,901.1959,3.9341526,75.99863,79.67482
2019-10-29 01:00:00,16.407501,12.90213,901.84143,4.368914,76.621826,79.761795
2019-10-29 02:00:00,17.932037,13.445709,902.5475,4.832597,77.915985,75.0433
2019-10-29 03:00:00,18.43811,13.527435,903.10376,5.017697,80.13147,73.08455
2019-10-29 04:00:00,19.205353,13.915863,903.3328,4.840701,83.87399,71.44488
2019-10-29 05:00:00,21.242828,14.124542,903.06445,4.216793,84.91077,63.84931
2019-10-29 06:00:00,22.037872,14.040985,902.46606,3.3856022,80.85953,60.49124
2019-10-29 07:00:00,22.265533,14.167206,901.71674,2.6746476,70.06073,60.148026
2019-10-29 08:00:00,22.895752,14.117279,900.98584,2.4092793,56.39099,57.703186
2019-10-29 09:00:00,22.891846,14.11087,900.4046,2.5741637,45.980164,57.69288
2019-10-29 10:00:00,21.690826,14.517151,900.04126,2.4146972,26.678314,63.719337
2019-10-29 11:00:00,21.420044,14.440155,900.0125,3.0794709,38.436005,64.4624
2019-10-29 12:00:00,21.119202,14.4534,900.25024,3.4688945,44.00641,65.71877
2019-10-29 13:00:00,20.833038,14.346497,900.75226,3.8287013,50.182007,66.42417
2019-10-29 14:00:00,19.995453,14.318909,901.3878,4.060495,56.067352,69.82342
2019-10-29 15:00:00,19.023193,14.118988,901.85767,4.1718917,60.61734,73.21847
2019-10-29 16:00:00,18.769318,14.058746,902.0826,4.122648,64.98447,74.09849
2019-10-29 17:00:00,17.919037,13.849884,902.04803,3.9720643,68.67786,77.10432
2019-10-29 18:00:00,17.737488,13.866089,901.7631,3.7698147,70.95261,78.07257
2019-10-29 19:00:00,17.490204,13.761444,901.3829,3.5339394,71.7395,78.762375
2019-10-29 20:00:00,16.947723,13.625397,900.9334,3.3062253,70.60617,80.79383
2019-10-29 21:00:00,16.715302,13.466583,900.61194,3.1506202,68.17029,81.15085
2019-10-29 22:00:00,16.392761,13.254028,900.3574,2.0863461,66.25476,81.692505
2019-10-29 23:00:00,16.310547,13.251343,900.4331,2.1994152,63.71997,82.106834
2019-10-30 00:00:00,16.505035,13.308258,900.7649,2.3247144,66.05249,81.3984
2019-10-30 01:00:00,16.52887,13.366272,901.2734,2.5101845,69.45233,81.58299
2019-10-30 02:00:00,17.922424,13.907043,901.8564,2.7118654,72.82062,77.37436
2019-10-30 03:00:00,18.376434,14.098663,902.30334,2.6670325,78.205414,76.13982
2019-10-30 04:00:00,18.98703,14.395538,902.45044,2.2268991,83.73279,74.70881
2019-10-30 05:00:00,20.899231,14.440643,902.08594,1.3104362,83.56732,66.55808
2019-10-30 06:00:00,21.672302,14.537415,901.4241,0.30115795,37.347046,63.875027
2019-10-30 07:00:00,21.88562,14.597595,900.5683,0.95849293,300.13434,63.293552
2019-10-30 08:00:00,22.443024,14.464539,899.7587,1.6710005,295.87964,60.657566
2019-10-30 09:00:00,22.470123,14.459839,899.118,2.0902076,299.85675,60.53937
2019-10-30 10:00:00,21.304993,14.902893,898.7118,2.921406,298.99033,66.88515
2019-10-30 11:00:00,21.064423,14.797485,898.8278,2.363091,310.1601,67.42047
2019-10-30 12:00:00,20.832031,14.835907,899.1078,2.0516157,316.11526,68.559906
2019-10-30 13:00:00,20.533295,14.811523,899.6008,1.8291818,324.42474,69.72345
2019-10-30 14:00:00,19.55371,14.709961,900.21606,1.6658472,330.09952,73.59794
2019-10-30 15:00:00,18.689056,14.435577,900.71155,1.4953363,330.74786,76.30948
2019-10-30 16:00:00,18.368927,14.312164,900.96967,1.4088966,328.72382,77.23571
2019-10-30 17:00:00,17.596954,14.054321,900.94836,1.4513648,322.3365,79.7346
2019-10-30 18:00:00,17.366943,13.993805,900.7605,1.6811614,317.17694,80.58375
2019-10-30 19:00:00,17.083832,13.814362,900.41315,1.92372,316.90442,81.089836
2019-10-30 20:00:00,16.596771,13.567902,900.0428,2.224835,321.2111,82.305
2019-10-30 21:00:00,16.522766,13.528534,899.734,2.507349,326.59473,82.48154
2019-10-30 22:00:00,16.132874,13.311707,899.52966,3.0398962,308.8419,83.36927
2019-10-30 23:00:00,16.079895,13.272705,899.5696,3.270696,314.98492,83.43905
2019-10-31 00:00:00,16.34665,13.368561,899.8812,3.2923281,321.55768,82.54663
2019-10-31 01:00:00,16.35617,13.346588,900.37573,3.2084832,329.6118,82.37857
2019-10-31 02:00:00,17.585022,13.8403015,900.98804,3.08822,336.83307,78.69457
2019-10-31 03:00:00,17.987244,13.92569,901.4462,2.947635,338.9816,77.15289
2019-10-31 04:00:00,18.623627,14.25,901.6525,2.8993614,334.81897,75.70847
2019-10-31 05:00:00,20.732544,14.522644,901.45447,3.0598755,327.2257,67.601326
2019-10-31 06:00:00,21.482025,14.450897,900.9587,3.4538043,319.2493,64.262794
2019-10-31 07:00:00,21.694244,14.456696,900.2236,3.8902411,314.5626,63.45774
2019-10-31 08:00:00,22.31845,14.134247,899.49805,4.2623353,312.5612,59.82684
2019-10-31 09:00:00,22.37918,14.215454,898.8917,4.4283075,314.3062,59.9205
2019-10-31 10:00:00,21.185059,14.594971,898.6337,4.1648793,316.06564,66.05476
2019-10-31 11:00:00,21.052338,14.544403,898.7427,3.7649589,324.6266,66.378136
2019-10-31 12:00:00,20.797913,14.530884,899.0321,3.5017211,330.68353,67.3657
2019-10-31 13:00:00,20.597229,14.507568,899.58514,3.1322062,339.143,68.100815
2019-10-31 14:00:00,19.549011,14.476044,900.21484,2.6733778,347.90314,72.5164
2019-10-31 15:00:00,18.661926,14.1441345,900.695,2.2540908,356.07248,75.01145
2019-10-31 16:00:00,18.335754,13.979858,900.9125,1.8838432,1.8267212,75.7487
2019-10-31 17:00:00,17.65384,13.779785,900.9007,1.5982351,3.9604492,78.046616
2019-10-31 18:00:00,17.432037,13.675415,900.69165,1.3961654,1.6487427,78.61144
2019-10-31 19:00:00,17.152954,13.537445,900.3974,1.3090057,357.92142,79.29569
2019-10-31 20:00:00,16.55899,13.246796,900.05225,1.4018224,355.20187,80.79523
2019-10-31 21:00:00,16.465363,13.267975,899.76935,1.5769936,356.15536,81.39
2019-10-31 22:00:00,16.043182,12.984436,899.58734,1.6571764,3.596161,82.07568
2019-10-31 23:00:00,15.933533,12.948547,899.72736,1.7926867,5.3041687,82.4586
2019-11-01 00:00:00,16.214539,13.033051,900.05396,1.8749838,11.017517,81.44191
2019-11-01 01:00:00,16.207672,13.010834,900.6094,1.9503539,19.029633,81.35938
2019-11-01 02:00:00,17.49466,13.47699,901.2109,2.008114,31.437744,77.29714
2019-11-01 03:00:00,18.00354,13.641602,901.7369,1.9045469,41.314117,75.664955
2019-11-01 04:00:00,18.62677,13.9748535,901.90155,1.5792567,48.40149,74.356415
2019-11-01 05:00:00,20.569275,14.121185,901.66455,1.0598723,43.079834,66.534615
2019-11-01 06:00:00,21.415741,14.124573,901.0307,0.7325666,9.403168,63.176365
2019-11-01 07:00:00,21.629028,14.160492,900.2287,0.9464389,331.8344,62.502277
2019-11-01 08:00:00,22.334045,13.930695,899.4648,1.2741461,321.22055,58.986687
2019-11-01 09:00:00,22.342804,13.889313,898.9748,1.4397511,323.21463,58.7972
2019-11-01 10:00:00,21.097229,14.109192,898.71985,0.8469591,330.20224,64.35829
2019-11-01 11:00:00,21.00824,14.017059,898.8727,0.787906,8.38266,64.325806
2019-11-01 12:00:00,20.776367,14.08606,899.23376,0.93577826,31.547394,65.542
2019-11-01 13:00:00,20.55606,14.0896,899.79126,1.1101074,57.543976,66.45274
2019-11-01 14:00:00,19.668549,14.107513,900.3198,1.3429117,75.9364,70.28448
2019-11-01 15:00:00,18.64563,13.832611,900.80225,1.5510725,90.90134,73.58645
2019-11-01 16:00:00,18.37384,13.679413,901.03406,1.6672964,103.451385,74.10836
2019-11-01 17:00:00,17.697418,13.4748535,901.0773,1.692253,112.938446,76.30455
2019-11-01 18:00:00,17.415466,13.356476,900.8823,1.587677,118.72168,77.077156
2019-11-01 19:00:00,17.198883,13.25769,900.6406,1.4030018,120.913086,77.63788
2019-11-01 20:00:00,16.57248,12.982086,900.3267,1.2048889,119.77365,79.34295
2019-11-01 21:00:00,16.441895,12.9313965,900.0954,1.0810484,113.7858,79.739876
2019-11-01 22:00:00,16.00357,12.580231,900.08844,0.9673473,126.3324,80.135056
2019-11-01 23:00:00,15.963898,12.591064,900.17114,0.9605385,114.01953,80.39537
2019-11-02 00:00:00,16.229858,12.735809,900.5783,1.1280067,104.63574,79.79604
2019-11-02 01:00:00,16.300781,12.784454,901.1956,1.3393805,99.37106,79.689674
2019-11-02 02:00:00,17.541016,13.292633,901.92896,1.6276283,99.34866,76.15128
2019-11-02 03:00:00,18.098907,13.483307,902.4925,1.8604381,107.15341,74.4423
2019-11-02 04:00:00,18.639862,13.700592,902.6658,1.8768182,123.53992,72.98448
2019-11-02 05:00:00,20.555023,14.009735,902.37146,1.7215816,144.91998,66.1139
2019-11-02 06:00:00,21.31314,13.9956665,901.7191,1.5207689,168.64673,63.045906
2019-11-02 07:00:00,21.531769,14.049652,900.98157,1.388554,196.40408,62.42541
2019-11-02 08:00:00,22.220032,13.923889,900.298,1.350708,220.45216,59.37115
2019-11-02 09:00:00,22.197906,14.093109,899.8348,1.1477679,240.948,60.106987
2019-11-02 10:00:00,21.022858,14.575073,899.6878,1.2346002,267.5727,66.63024
2019-11-02 11:00:00,20.816956,14.552429,899.7723,0.6230919,311.27402,67.38048
2019-11-02 12:00:00,20.475098,14.485626,900.0834,0.7124888,2.6590881,68.51841
2019-11-02 13:00:00,20.248749,14.419556,900.60986,0.9348128,32.149994,69.18674
2019-11-02 14:00:00,19.448822,14.38855,901.29736,1.1186572,50.52368,72.557976
2019-11-02 15:00:00,18.591675,14.144714,901.82196,1.2002246,63.05539,75.34469
2019-11-02 16:00:00,18.307098,14.077667,902.10406,1.2213651,72.543945,76.367584
2019-11-02 17:00:00,17.688995,13.945923,902.07196,1.130682,82.12802,78.71815
2019-11-02 18:00:00,17.480133,13.848511,901.87775,1.0062613,85.51541,79.259285
2019-11-02 19:00:00,17.309631,13.7829895,901.5734,0.79672295,82.65466,79.77724
2019-11-02 20:00:00,16.862793,13.606781,901.24976,0.709878,68.05722,81.131714
2019-11-02 21:00:00,16.702362,13.53772,901.0747,0.7449053,50.44272,81.594475
2019-11-02 22:00:00,16.237,13.2659,901.0098,0.49325663,40.03131,82.57075
2019-11-02 23:00:00,16.179688,13.286072,901.1487,0.7361296,33.519684,82.98201
2019-11-03 00:00:00,16.465668,13.373779,901.52435,0.98892057,41.946625,81.951645
2019-11-03 01:00:00,16.42096,13.313446,902.05347,1.1845053,50.08374,81.862564
2019-11-03 02:00:00,17.568512,13.747986,902.71655,1.3382137,57.770172,78.30574
2019-11-03 03:00:00,18.065063,13.966309,903.1983,1.3393526,70.30859,76.97901
2019-11-03 04:00:00,18.557892,14.227661,903.30505,1.0655674,84.20776,75.91073
2019-11-03 05:00:00,20.387512,14.468903,902.90955,0.51397085,111.201996,68.81535
2019-11-03 06:00:00,21.165314,14.435974,902.19214,0.39529896,232.19675,65.45932
2019-11-03 07:00:00,21.368225,14.421661,901.3564,1.1145058,263.58075,64.59011
2019-11-03 08:00:00,21.996399,14.297791,900.6207,1.7618934,273.5006,61.661213
2019-11-03 09:00:00,22.04123,14.374634,900.1286,2.1434348,281.31744,61.79924
2019-11-03 10:00:00,20.925568,14.632904,899.89667,2.6938953,278.93488,67.2804
2019-11-03 11:00:00,20.81363,14.617645,900.12976,2.1747658,284.8909,67.67852
2019-11-03 12:00:00,20.566101,14.722961,900.5212,1.7450972,286.4407,69.18652
2019-11-03 13:00:00,20.290405,14.647888,901.1103,1.353401,286.49216,70.033775
2019-11-03 14:00:00,19.470245,14.720673,901.7711,1.0672699,279.79373,74.03176
2019-11-03 15:00:00,18.627838,14.504517,902.3105,0.92978257,269.1596,76.944145
2019-11-03 16:00:00,18.317963,14.359589,902.53174,0.9750468,257.62854,77.720894
2019-11-03 17:00:00,17.73523,14.249573,902.46826,1.1170119,254.02338,80.0485
2019-11-03 18:00:00,17.451508,14.108032,902.1997,1.3323976,257.41504,80.75018
2019-11-03 19:00:00,17.264038,14.054718,901.8571,1.5509382,264.31274,81.43039
2019-11-03 20:00:00,16.727478,13.830444,901.5666,1.73332,274.36896,83.02918
2019-11-03 21:00:00,16.610168,13.766602,901.3995,1.8474665,285.5733,83.30401
2019-11-03 22:00:00,16.270294,13.503265,901.36694,2.1505902,284.83264,83.67982
2019-11-03 23:00:00,16.189056,13.444946,901.4867,2.1600742,293.1892,83.79541
2019-11-04 00:00:00,16.440582,13.469727,901.78033,2.0445583,301.43747,82.59704
2019-11-04 01:00:00,16.39264,13.412811,902.27704,1.8679347,309.93384,82.54291
2019-11-04 02:00:00,17.397644,13.837616,902.8718,1.7703444,315.7647,79.61678
2019-11-04 03:00:00,17.809326,13.9444275,903.3627,1.716954,315.89532,78.11622
2019-11-04 04:00:00,18.367096,14.183746,903.5251,1.8584818,312.45642,76.60535
2019-11-04 05:00:00,20.178192,14.314178,903.135,2.2201731,306.56726,69.01732
2019-11-04 06:00:00,21.10559,14.275879,902.3523,2.8449142,301.38025,65.023155
2019-11-04 07:00:00,21.2948,14.351898,901.4766,3.5633876,299.27844,64.58951
2019-11-04 08:00:00,21.932617,14.178436,900.6948,4.142368,299.919,61.425274
2019-11-04 09:00:00,21.973694,14.099487,900.1167,4.477721,302.85336,60.959076
2019-11-04 10:00:00,20.72815,14.403107,899.85266,4.4319096,307.87695,67.09944
2019-11-04 11:00:00,20.608612,14.319061,899.99884,3.9134438,312.9068,67.22904
2019-11-04 12:00:00,20.340057,14.255188,900.2826,3.3327324,315.63983,68.07023
2019-11-04 13:00:00,20.128662,14.201752,900.8162,2.9512584,319.88104,68.727234
2019-11-04 14:00:00,19.237915,14.205597,901.3493,2.6340306,323.12436,72.651505
2019-11-04 15:00:00,18.186737,13.842773,901.69104,2.3435845,324.88516,75.78318
2019-11-04 16:00:00,17.925537,13.744232,901.71875,2.1535738,322.6017,76.54582
2019-11-04 17:00:00,17.244598,13.555023,901.52716,2.074745,317.03635,78.927605
2019-11-04 18:00:00,17.033173,13.465698,901.15814,2.140208,311.21698,79.52701
2019-11-04 19:00:00,16.87207,13.419342,900.7908,2.2943177,309.08267,80.10089
2019-11-04 20:00:00,16.321625,13.164429,900.3674,2.510294,309.93414,81.58505
2019-11-04 21:00:00,16.225311,13.1145935,900.04016,2.6511881,312.15002,81.820564
2019-11-04 22:00:00,15.750732,12.808563,899.7943,2.903012,321.10822,82.66733
2019-11-04 23:00:00,15.6805725,12.765686,899.7505,2.8679078,323.51086,82.80653
2019-11-05 00:00:00,15.966522,12.872131,899.9191,2.75786,327.06033,81.874954
2019-11-05 01:00:00,15.923462,12.839752,900.382,2.528626,330.57272,81.9267
2019-11-05 02:00:00,16.95755,13.144684,900.9334,2.3860216,329.98416,78.254105
2019-11-05 03:00:00,17.339996,13.224121,901.3901,2.3697557,324.21768,76.78009
2019-11-05 04:00:00,17.917328,13.365051,901.50336,2.5879924,315.37866,74.71918
2019-11-05 05:00:00,20.018951,13.411591,901.1369,3.1072164,304.28555,65.73472
2019-11-05 06:00:00,20.913513,13.29776,900.3539,4.053662,296.18246,61.74561
2019-11-05 07:00:00,21.127075,13.308228,899.44104,5.016891,292.74304,60.982418
2019-11-05 08:00:00,21.856567,12.989349,898.5773,5.773815,291.6214,57.11795
2019-11-05 09:00:00,21.910309,13.011169,897.97986,6.1059165,292.443,57.012146
2019-11-05 10:00:00,20.671844,13.540955,897.6506,5.798402,296.47717,63.67131
2019-11-05 11:00:00,20.473389,13.405762,897.77203,4.7130117,296.80023,63.89019
2019-11-05 12:00:00,20.23169,13.373627,898.15375,3.950201,294.1035,64.71519
2019-11-05 13:00:00,20.04535,13.319,898.685,3.3447294,291.22736,65.23267
2019-11-05 14:00:00,19.103271,13.361786,899.2225,2.9192598,286.659,69.35668
2019-11-05 15:00:00,17.871521,13.032288,899.57666,2.6689627,279.22086,73.32552
2019-11-05 16:00:00,17.610565,12.937958,899.74927,2.5662456,271.62845,74.08266
2019-11-05 17:00:00,16.933868,12.800751,899.66766,2.6675496,265.6376,76.629654
2019-11-05 18:00:00,16.72754,12.715088,899.3864,2.8378153,263.7779,77.20495
2019-11-05 19:00:00,16.496216,12.604004,898.96173,3.0183394,264.46295,77.77992
2019-11-05 20:00:00,15.9045105,12.458282,898.5402,3.1654425,267.174,80.00117
2019-11-05 21:00:00,15.77121,12.404053,898.2352,3.224599,270.26987,80.39903
2019-11-05 22:00:00,15.265625,12.017822,897.8502,3.2968621,270.9198,80.96396
2019-11-05 23:00:00,15.244659,12.005951,897.8292,3.1908677,273.64966,81.00967
2019-11-06 00:00:00,15.509003,12.067505,898.0817,2.9895754,275.52435,79.97105
2019-11-06 01:00:00,15.466888,12.082214,898.5886,2.6826806,277.12292,80.26486
2019-11-06 02:00:00,16.724274,12.527985,899.2237,2.4183903,275.6016,76.27986
2019-11-06 03:00:00,17.22818,12.674347,899.68634,2.365775,271.031,74.59515
2019-11-06 04:00:00,17.830444,12.9105835,899.7818,2.8139534,264.09283,72.93289
2019-11-06 05:00:00,20.024902,12.8602295,899.40686,3.7326078,261.5094,63.38771
2019-11-06 06:00:00,20.861908,12.722656,898.64453,4.880687,263.237,59.657574
2019-11-06 07:00:00,21.047638,12.742584,897.7659,5.7869244,265.7295,59.057426
2019-11-06 08:00:00,21.651093,12.525452,896.9497,6.2503204,268.02838,56.109333
2019-11-06 09:00:00,21.688293,12.581726,896.4296,6.264991,269.99756,56.18881
2019-11-06 10:00:00,20.24591,13.098358,896.24365,5.4223485,272.28357,63.507862
2019-11-06 11:00:00,20.08612,13.104065,896.37646,4.449597,273.52274,64.162346
2019-11-06 12:00:00,19.763428,13.022064,896.80347,3.5987577,273.54108,65.1082
2019-11-06 13:00:00,19.604797,13.027191,897.33765,2.943598,270.9138,65.77435
2019-11-06 14:00:00,18.775787,13.002167,897.89417,2.5488522,266.52045,69.147156
2019-11-06 15:00:00,17.687866,12.560425,898.3386,2.3509886,259.73563,71.92268
2019-11-06 16:00:00,17.412598,12.450592,898.6085,2.340116,253.87155,72.657104
2019-11-06 17:00:00,16.753845,12.326019,898.59,2.4730344,251.08043,75.1342
2019-11-06 18:00:00,16.52472,12.216309,898.30414,2.7013006,251.86469,75.6881
2019-11-06 19:00:00,16.34201,12.165192,897.9137,2.8902829,254.4083,76.31615
2019-11-06 20:00:00,15.841522,12.039093,897.56323,2.9953735,258.34216,78.14093
2019-11-06 21:00:00,15.692688,12.014526,897.4015,3.0006082,262.90552,78.760735
2019-11-06 22:00:00,15.4652405,11.830994,897.28815,2.6909316,262.08453,78.955765
2019-11-06 23:00:00,15.370789,11.796875,897.4525,2.5966382,267.46588,79.256874
2019-11-07 00:00:00,15.788391,12.068115,897.8544,2.3778467,270.17923,78.55672
2019-11-07 01:00:00,15.813416,12.10376,898.5033,2.1040888,270.8792,78.61533
2019-11-07 02:00:00,16.839813,12.532654,899.2498,1.8794972,265.77545,75.745865
2019-11-07 03:00:00,17.314362,12.782684,899.8254,2.0644388,253.5899,74.71804
2019-11-07 04:00:00,17.678314,12.942108,900.0673,2.6753974,245.45705,73.78698
2019-11-07 05:00:00,19.68393,13.271393,899.84814,3.4481223,245.69714,66.50357
2019-11-07 06:00:00,20.458374,13.204987,899.2456,4.1772356,248.86987,63.117874
2019-11-07 07:00:00,20.656158,13.298737,898.47296,4.7259035,252.56409,62.735336
2019-11-07 08:00:00,21.204071,13.118011,897.6909,4.986426,255.94061,59.946495
2019-11-07 09:00:00,21.223877,13.103088,897.1694,4.915824,259.06165,59.815395
2019-11-07 10:00:00,19.8956,13.4461975,897.04083,4.41893,256.7342,66.38826
2019-11-07 11:00:00,19.699951,13.462006,897.2843,3.757543,259.79846,67.26773
2019-11-07 12:00:00,19.406921,13.312042,897.68823,3.1167364,260.69763,67.83747
2019-11-07 13:00:00,19.214905,13.323181,898.2985,2.6692765,256.57367,68.70289
2019-11-07 14:00:00,18.513123,13.331879,899.0089,2.3723695,251.06985,71.82144
2019-11-07 15:00:00,17.565063,13.022064,899.63416,2.2757404,243.62381,74.705025
2019-11-07 16:00:00,17.358734,12.977325,899.9695,2.3448904,237.40488,75.463425
2019-11-07 17:00:00,16.636993,12.782959,899.884,2.4977553,234.7215,77.99596
2019-11-07 18:00:00,16.523102,12.8454895,899.5375,2.7321022,235.0545,78.884674
2019-11-07 19:00:00,16.308746,12.79071,899.17126,2.935571,236.73697,79.6819
2019-11-07 20:00:00,15.819489,12.646271,898.8989,3.0230627,240.45923,81.43467
2019-11-07 21:00:00,15.75766,12.622345,898.7999,2.9779918,244.53128,81.629166
2019-11-07 22:00:00,15.410492,12.378082,898.7065,2.5704768,247.8051,82.1377
2019-11-07 23:00:00,15.351379,12.405518,898.97156,2.545917,250.88571,82.59837
2019-11-08 00:00:00,15.5971985,12.483154,899.4375,2.4770167,251.99207,81.72244
2019-11-08 01:00:00,15.600525,12.507172,900.17664,2.3213477,250.12482,81.83387
2019-11-08 02:00:00,16.602264,12.8368225,900.94,2.224755,248.52902,78.44426
2019-11-08 03:00:00,17.00357,13.009308,901.5327,2.5402775,241.44427,77.33954
2019-11-08 04:00:00,17.365723,13.097565,901.796,3.0919082,239.38518,76.02489
2019-11-08 05:00:00,19.356323,13.269531,901.60736,3.7576828,242.29424,67.86297
2019-11-08 06:00:00,20.14682,13.147858,901.0139,4.358402,247.64734,64.10488
2019-11-08 07:00:00,20.35965,13.203827,900.24097,4.8298783,252.75987,63.498844
2019-11-08 08:00:00,21.069763,13.096771,899.52185,5.074183,257.4497,60.35894
2019-11-08 09:00:00,21.142578,13.085144,899.1446,4.947817,261.66318,60.044117
2019-11-08 10:00:00,20.001892,13.29306,899.1295,4.405039,263.03558,65.297874
2019-11-08 11:00:00,19.878754,13.283752,899.38885,3.8815508,267.62537,65.757904
2019-11-08 12:00:00,19.629364,13.215576,899.81256,3.4734173,267.31873,66.48674
2019-11-08 13:00:00,19.413513,13.254974,900.4074,3.1336505,267.04016,67.55783
2019-11-08 14:00:00,18.592377,13.296173,901.10175,2.7667127,265.42636,71.2999
2019-11-08 15:00:00,17.508423,12.9227295,901.65515,2.504306,262.6889,74.48729
2019-11-08 16:00:00,17.28775,12.859772,901.87866,2.3470438,258.31845,75.22229
2019-11-08 17:00:00,16.634583,12.654083,901.82025,2.317418,254.50075,77.35232
2019-11-08 18:00:00,16.422272,12.600952,901.5086,2.3455174,252.28958,78.13101
2019-11-08 19:00:00,16.214447,12.487244,901.11633,2.3747613,253.6463,78.583755
2019-11-08 20:00:00,15.592682,12.275696,900.74536,2.3818572,256.69867,80.64012
2019-11-08 21:00:00,15.42981,12.1605835,900.51294,2.3883758,261.33826,80.871796
2019-11-08 22:00:00,15.036774,11.885895,900.2113,2.282438,255.53722,81.452354
2019-11-08 23:00:00,14.942169,11.837524,900.3769,2.2186925,260.87692,81.68872
2019-11-09 00:00:00,15.094666,11.857849,900.82025,2.1191747,262.89136,80.99981
2019-11-09 01:00:00,15.073608,11.85849,901.49786,1.9256016,260.5089,81.11297
2019-11-09 02:00:00,15.96582,12.167175,902.1664,1.6719661,259.94067,78.179016
2019-11-09 03:00:00,16.319763,12.269531,902.66315,1.4756099,251.89981,76.950356
2019-11-09 04:00:00,16.824768,12.371948,902.81116,1.402295,242.27808,75.02281
2019-11-09 05:00:00,18.9057,12.5971985,902.488,1.7106335,239.31097,66.79443
2019-11-09 06:00:00,19.772125,12.543182,901.77466,2.209594,243.2605,63.06507
2019-11-09 07:00:00,20.024567,12.497284,900.8928,2.8055308,249.63159,61.899734
2019-11-09 08:00:00,20.817596,12.365906,900.11444,3.2461174,255.11331,58.43723
2019-11-09 09:00:00,20.914886,12.336243,899.5808,3.4668133,260.33344,57.975536
2019-11-09 10:00:00,19.730286,12.478668,899.4478,3.4731753,259.27792,62.961937
2019-11-09 11:00:00,19.638245,12.386108,899.6202,2.879302,263.67548,62.939095
2019-11-09 12:00:00,19.386078,12.489899,899.93634,2.5622034,265.27417,64.370094
2019-11-09 13:00:00,19.017517,12.305237,900.51013,2.2760499,266.95312,65.07124
2019-11-09 14:00:00,18.118805,12.316528,901.16016,1.9888077,265.73392,68.887535
2019-11-09 15:00:00,17.15329,11.981964,901.7291,1.7261626,262.21512,71.61701
2019-11-09 16:00:00,16.916443,11.841888,901.9852,1.5632243,257.13425,72.03132
2019-11-09 17:00:00,16.108398,11.662384,901.889,1.4932718,253.3869,74.936165
2019-11-09 18:00:00,15.865448,11.544067,901.5517,1.5218912,252.96591,75.51502
2019-11-09 19:00:00,15.655121,11.451569,901.123,1.5943358,255.33598,76.07102
2019-11-09 20:00:00,14.99353,11.181488,900.64874,1.6773889,260.19568,77.96349
2019-11-09 21:00:00,14.882629,11.061218,900.28577,1.7062553,265.46057,77.898254
2019-11-09 22:00:00,14.475769,10.8767395,900.137,1.5402426,265.756,78.99586
2019-11-09 23:00:00,14.427368,10.857758,900.2073,1.4113715,271.90607,79.14339
2019-11-10 00:00:00,14.647919,10.923126,900.53796,1.273303,275.51,78.363976
2019-11-10 01:00:00,14.697266,10.9479065,901.0951,1.0294303,276.24747,78.24361
2019-11-10 02:00:00,15.785736,11.3940735,901.6621,0.67442423,283.4746,75.151634
2019-11-10 03:00:00,16.551056,11.513275,902.13617,0.37915218,254.90231,72.13932
2019-11-10 04:00:00,17.204071,11.682861,902.2625,0.52819586,225.80792,69.993126
2019-11-10 05:00:00,19.180267,11.863983,901.95197,1.0161096,237.19151,62.570755
2019-11-10 06:00:00,20.030426,11.831787,901.24896,1.8047193,251.6402,59.22733
2019-11-10 07:00:00,20.303131,11.921997,900.37427,2.6352117,260.2583,58.58436
2019-11-10 08:00:00,21.127594,11.831604,899.58453,3.3107948,267.03275,55.35366
2019-11-10 09:00:00,21.232239,11.811615,899.0148,3.6733534,273.76376,54.926914
2019-11-10 10:00:00,19.988678,12.165527,898.84357,3.539586,271.10858,60.70016
2019-11-10 11:00:00,19.783264,11.956512,898.89154,2.8976355,279.11957,60.637665
2019-11-10 12:00:00,19.472534,12.056274,899.15436,2.655913,285.33463,62.226295
2019-11-10 13:00:00,19.14508,11.866669,899.6418,2.3590913,291.90533,62.719177
2019-11-10 14:00:00,18.172638,11.806854,900.2749,2.0670516,296.85962,66.38999
2019-11-10 15:00:00,17.156067,11.425415,900.78485,1.7967111,299.1119,69.02163
2019-11-10 16:00:00,16.894653,11.414612,901.01666,1.5849346,299.32346,70.123764
2019-11-10 17:00:00,16.108154,11.194305,900.9162,1.5177548,296.75458,72.65251
2019-11-10 18:00:00,15.9374695,11.106598,900.5722,1.5593451,294.5808,73.0225
2019-11-10 19:00:00,15.797119,11.063812,900.14294,1.7027354,294.08783,73.47156
2019-11-10 20:00:00,15.149139,10.862976,899.61224,1.8832133,297.75275,75.57293
2019-11-10 21:00:00,15.016846,10.799042,899.1719,2.0191875,302.79492,75.89525
2019-11-10 22:00:00,14.569244,10.4617,899.0214,1.3843043,310.82715,76.38144
2019-11-10 23:00:00,14.519867,10.451721,899.16077,1.4960707,317.32843,76.57436
2019-11-11 00:00:00,14.744629,10.550201,899.50995,1.5399692,323.9359,75.968864
2019-11-11 01:00:00,14.67804,10.500763,900.05054,1.4612898,331.8373,76.04486
2019-11-11 02:00:00,15.84256,10.924591,900.6543,1.3228748,339.48944,72.584564
2019-11-11 03:00:00,16.500336,11.252319,901.1379,1.0520263,334.46545,71.13326
2019-11-11 04:00:00,17.031189,11.415649,901.38385,0.9205496,304.4628,69.52447
2019-11-11 05:00:00,19.36258,11.459991,901.21436,1.50118,281.58368,60.236145
2019-11-11 06:00:00,20.28183,11.500732,900.63885,2.4280107,276.9969,57.052856
2019-11-11 07:00:00,20.550507,11.651581,899.91974,3.4441807,278.34302,56.67675
2019-11-11 08:00:00,21.346497,11.506531,899.23236,4.0886765,281.7633,53.45571
2019-11-11 09:00:00,21.43219,11.567139,898.7509,4.2313104,287.3186,53.389263
2019-11-11 10:00:00,20.046265,12.164642,898.549,3.654953,297.74783,60.48063
2019-11-11 11:00:00,19.877808,12.073303,898.62646,2.850111,310.72083,60.748714
2019-11-11 12:00:00,19.650482,12.153107,898.88904,2.6216016,323.71692,61.93565
2019-11-11 13:00:00,19.319336,12.016388,899.37585,2.4844255,336.5356,62.65729
2019-11-11 14:00:00,18.46286,12.085358,900.0182,2.387568,347.58994,66.39988
2019-11-11 15:00:00,17.52536,11.869537,900.5203,2.2440684,356.9919,69.43676
2019-11-11 16:00:00,17.292328,11.793152,900.8158,2.0407457,4.33197,70.11207
2019-11-11 17:00:00,16.60373,11.669189,900.8925,1.833405,7.224762,72.64266
2019-11-11 18:00:00,16.36679,11.58725,900.7685,1.738132,7.8200684,73.347565
2019-11-11 19:00:00,16.194397,11.513428,900.5056,1.699436,8.319366,73.79654
2019-11-11 20:00:00,15.515625,11.245361,900.23096,1.7278341,7.380188,75.71312
2019-11-11 21:00:00,15.366241,11.142303,900.07153,1.8736336,7.2974854,75.92143
2019-11-11 22:00:00,14.851135,10.876282,900.0578,2.1102445,15.43335,77.103874
2019-11-11 23:00:00,14.804413,10.882446,900.1696,2.3305895,19.299774,77.36799
2019-11-12 00:00:00,15.04303,10.994446,900.539,2.5681534,24.610107,76.757454
2019-11-12 01:00:00,15.058136,11.012787,901.10956,2.8084762,30.360657,76.77633
2019-11-12 02:00:00,16.097961,11.248352,901.85443,2.9993193,36.12567,72.960594
2019-11-12 03:00:00,16.721466,11.447205,902.5149,2.9417784,39.34012,71.0515
2019-11-12 04:00:00,17.243591,11.640747,902.8331,2.6921766,39.141663,69.62451
2019-11-12 05:00:00,19.576904,11.832092,902.71045,2.3609283,31.088562,60.91764
2019-11-12 06:00:00,20.432892,11.756134,902.1268,2.1609032,11.485779,57.484764
2019-11-12 07:00:00,20.702576,11.868652,901.4417,2.3189225,352.57687,56.95811
2019-11-12 08:00:00,21.350311,11.706421,900.7506,2.711986,343.6104,54.1536
2019-11-12 09:00:00,21.383545,11.6788025,900.298,3.052131,346.29413,53.944977
2019-11-12 10:00:00,20.061432,12.118988,900.19086,3.0372453,358.67075,60.242706
2019-11-12 11:00:00,19.915985,12.051056,900.30585,3.3938491,17.033844,60.516518
2019-11-12 12:00:00,19.693848,12.077942,900.5974,3.8364747,23.624023,61.464436
2019-11-12 13:00:00,19.378723,11.916595,901.14197,4.213862,31.677582,62.01719
2019-11-12 14:00:00,18.506287,11.918762,901.90784,4.419546,37.80835,65.49699
2019-11-12 15:00:00,17.30429,11.668274,902.5412,4.492771,43.272827,69.48407
2019-11-12 16:00:00,17.047638,11.563751,902.93616,4.4930215,47.451935,70.13554
2019-11-12 17:00:00,16.252045,11.388336,902.98596,4.4912815,49.437378,72.92012
2019-11-12 18:00:00,16.014923,11.308502,902.7902,4.4976964,49.64142,73.64098
2019-11-12 19:00:00,15.833984,11.242798,902.51636,4.5040736,49.110138,74.17352
2019-11-12 20:00:00,15.1657715,10.993805,902.17725,4.567635,48.013916,76.150986
2019-11-12 21:00:00,15.053925,10.953949,901.89935,4.7568254,47.012573,76.49775
2019-11-12 22:00:00,14.55249,10.708282,901.88354,4.594801,51.852875,77.73001
2019-11-12 23:00:00,14.482208,10.694489,901.9504,4.935098,50.95114,78.01197
2019-11-13 00:00:00,14.734924,10.783539,902.3176,5.2729445,50.960297,77.20604
2019-11-13 01:00:00,14.749176,10.803833,902.93335,5.591526,52.423523,77.239296
2019-11-13 02:00:00,16.195984,11.295105,903.64233,5.9233427,54.660522,72.73084
2019-11-13 03:00:00,16.729004,11.417816,904.2326,6.108934,57.65265,70.87958
2019-11-13 04:00:00,17.350616,11.688263,904.5171,6.0168247,60.99939,69.37246
2019-11-13 05:00:00,19.766846,11.885986,904.2902,5.618466,62.51538,60.418003
2019-11-13 06:00:00,20.725403,11.856995,903.64624,5.016928,60.749146,56.83442
2019-11-13 07:00:00,20.976746,12.001526,902.82947,4.526145,55.751434,56.49798
2019-11-13 08:00:00,21.773438,11.983307,902.073,4.280788,49.933716,53.7419
2019-11-13 09:00:00,21.815887,11.983429,901.5598,4.3961363,46.473602,53.603203
2019-11-13 10:00:00,20.25232,12.495514,901.3873,4.8001137,50.424713,61.02686
2019-11-13 11:00:00,20.069855,12.3411255,901.51385,5.2421517,52.256165,61.097008
2019-11-13 12:00:00,19.701294,12.290222,901.8265,5.510862,50.942932,62.299694
2019-11-13 13:00:00,19.47583,12.156952,902.3674,5.8699517,52.420593,62.627064
2019-11-13 14:00:00,18.63974,12.149567,903.0245,6.1806965,54.013306,65.94674
2019-11-13 15:00:00,17.51294,11.864014,903.54297,6.342881,55.934692,69.46588
2019-11-13 16:00:00,17.346313,11.806061,903.8225,6.3710413,57.617218,69.93281
2019-11-13 17:00:00,16.63324,11.664856,903.803,6.304639,58.800537,72.485825
2019-11-13 18:00:00,16.481018,11.594421,903.5332,6.236865,59.05078,72.850914
2019-11-13 19:00:00,16.350372,11.547394,903.0726,6.162329,58.639862,73.23114
2019-11-13 20:00:00,15.759949,11.358032,902.59985,6.1706457,57.580902,75.09632
2019-11-13 21:00:00,15.623352,11.278992,902.23975,6.215753,56.42801,75.3602
2019-11-13 22:00:00,15.208466,11.2248535,902.1083,6.1478853,57.736237,77.11502
2019-11-13 23:00:00,15.164368,11.238312,902.24554,6.403556,57.598175,77.40277
2019-11-14 00:00:00,15.425232,11.362213,902.5877,6.640582,58.76703,76.74459
2019-11-14 01:00:00,15.428253,11.395264,903.16174,6.850356,60.49698,76.89774
2019-11-14 02:00:00,16.91748,11.996033,903.7555,7.134966,63.077484,72.76193
2019-11-14 03:00:00,17.308441,12.148682,904.2411,7.213442,66.799164,71.70034
2019-11-14 04:00:00,17.719818,12.424225,904.37756,6.944226,72.511475,71.13957
2019-11-14 05:00:00,20.000122,12.907532,904.0798,6.3327127,75.95575,63.681732
2019-11-14 06:00:00,20.77713,12.828461,903.43964,5.50929,76.02844,60.38632
2019-11-14 07:00:00,20.975952,12.976807,902.6218,4.749739,73.16211,60.233913
2019-11-14 08:00:00,21.61789,12.977936,901.8156,4.2251344,68.21661,57.91381
2019-11-14 09:00:00,21.644653,13.065247,901.2039,4.1759114,62.960785,58.149857
2019-11-14 10:00:00,20.099548,13.404388,901.1203,4.378927,60.975586,65.37699
2019-11-14 11:00:00,19.985199,13.391907,901.21155,4.8886685,58.545227,65.78782
2019-11-14 12:00:00,19.740936,13.398102,901.5324,5.099866,56.152832,66.81826
2019-11-14 13:00:00,19.495728,13.318634,902.0043,5.3289337,56.65805,67.492966
2019-11-14 14:00:00,18.689178,13.272705,902.5865,5.535051,58.223175,70.761116
2019-11-14 15:00:00,17.711823,13.10495,902.99835,5.538217,60.529114,74.41886
2019-11-14 16:00:00,17.500458,13.042572,903.2089,5.422317,63.45099,75.110695
2019-11-14 17:00:00,16.798065,12.817078,903.0898,5.2392488,65.35977,77.375046
2019-11-14 18:00:00,16.641144,12.786652,902.776,5.0183682,65.94513,77.99423
2019-11-14 19:00:00,16.475372,12.726013,902.3325,4.79308,64.999756,78.508125
2019-11-14 20:00:00,15.998383,12.585114,901.8622,4.6845255,62.80539,80.18726
2019-11-14 21:00:00,15.872284,12.530273,901.49756,4.69573,60.064117,80.54555
2019-11-14 22:00:00,15.418793,12.250488,901.30396,4.8071647,60.72815,81.408745
2019-11-14 23:00:00,15.358307,12.235748,901.2961,4.9678497,60.336487,81.64605
2019-11-15 00:00:00,15.607208,12.31485,901.5984,5.1094193,60.808044,80.77266
2019-11-15 01:00:00,15.62204,12.356628,902.13226,5.269175,62.43625,80.917755
2019-11-15 02:00:00,16.930481,12.839142,902.86414,5.446829,64.16913,76.83889
2019-11-15 03:00:00,17.278687,12.919617,903.43475,5.297105,69.04849,75.56053
2019-11-15 04:00:00,17.642609,13.050415,903.6746,4.7982244,74.66876,74.478455
2019-11-15 05:00:00,19.768494,13.337585,903.3862,3.9184687,78.67383,66.44166
2019-11-15 06:00:00,20.516571,13.138489,902.78076,2.9135914,79.9747,62.619423
2019-11-15 07:00:00,20.701141,13.116608,901.94836,1.9534228,77.302216,61.82285
2019-11-15 08:00:00,21.391571,13.084717,901.1615,1.3300508,67.2211,59.1327
2019-11-15 09:00:00,21.415588,13.093445,900.55023,1.2337937,51.760223,59.079426
2019-11-15 10:00:00,19.908783,13.525848,900.3326,1.1571369,35.244995,66.67888
2019-11-15 11:00:00,19.78415,13.47995,900.36804,1.8749449,42.5925,66.995544
2019-11-15 12:00:00,19.549713,13.435272,900.65704,2.1777716,41.123962,67.78007
2019-11-15 13:00:00,19.38382,13.413147,901.1687,2.4936833,44.69388,68.38403
2019-11-15 14:00:00,18.66803,13.337036,901.75226,2.7896254,48.528687,71.152504
2019-11-15 15:00:00,17.710846,13.102142,902.18384,2.890805,52.635406,74.4098
2019-11-15 16:00:00,17.522583,13.0271,902.3543,2.8523583,55.05301,74.93014
2019-11-15 17:00:00,16.975464,12.927399,902.2611,2.7675788,55.924957,77.0637
2019-11-15 18:00:00,16.772186,12.814972,901.9495,2.721351,54.958252,77.49153
2019-11-15 19:00:00,16.619507,12.7664795,901.5821,2.7146523,52.848328,77.99846
2019-11-15 20:00:00,16.080719,12.572113,901.2098,2.7625136,50.40811,79.69908
2019-11-15 21:00:00,15.962921,12.5289,900.93,2.9249878,47.74106,80.07334
2019-11-15 22:00:00,15.362335,12.073639,900.79614,2.6794157,43.154724,80.759224
2019-11-15 23:00:00,15.27298,12.04718,900.783,3.0090091,43.607574,81.082306
2019-11-16 00:00:00,15.585388,12.215363,901.09546,3.260037,46.895874,80.35847
2019-11-16 01:00:00,15.500732,12.109894,901.68896,3.4799256,50.969513,80.23695
2019-11-16 02:00:00,16.76178,12.607056,902.37665,3.6391764,54.656433,76.49401
2019-11-16 03:00:00,17.204681,12.717987,902.91315,3.5054169,58.730072,74.91993
2019-11-16 04:00:00,17.582611,12.848297,903.16797,2.983197,60.36548,73.77948
2019-11-16 05:00:00,19.641266,13.09433,903.0134,2.2065141,52.26831,65.91399
2019-11-16 06:00:00,20.43283,12.862854,902.48206,1.6443166,30.252563,61.820232
2019-11-16 07:00:00,20.626038,12.978516,901.7966,1.5750493,5.1058655,61.551815
2019-11-16 08:00:00,21.215057,12.98938,901.0748,1.7972893,354.08475,59.404915
2019-11-16 09:00:00,21.311676,13.022705,900.5924,2.0644064,356.9256,59.18273
2019-11-16 10:00:00,19.941162,13.529449,900.40814,2.5333865,9.460022,66.56086
2019-11-16 11:00:00,19.807068,13.481476,900.6217,3.0008533,25.05069,66.90703
2019-11-16 12:00:00,19.594116,13.483887,901.0709,3.0907326,30.593414,67.807655
2019-11-16 13:00:00,19.417694,13.444733,901.65265,3.339546,36.34735,68.38064
2019-11-16 14:00:00,18.661774,13.404694,902.25275,3.5356164,42.257782,71.49481
2019-11-16 15:00:00,17.583557,13.029358,902.72986,3.5457456,47.271973,74.6535
2019-11-16 16:00:00,17.396057,12.998749,902.90674,3.5060005,50.440033,75.3912
2019-11-16 17:00:00,16.680328,12.838593,902.8153,3.4164412,51.488556,78.06527
2019-11-16 18:00:00,16.449036,12.763702,902.5041,3.3939433,50.610565,78.834045
2019-11-16 19:00:00,16.23944,12.688019,902.1979,3.3949327,48.306152,79.49812
2019-11-16 20:00:00,15.601654,12.434784,901.81256,3.4513721,45.668396,81.44023
2019-11-16 21:00:00,15.480286,12.369812,901.5538,3.5785718,42.888885,81.72658
2019-11-16 22:00:00,14.924957,11.994293,901.4455,3.1261473,45.477173,82.62851
2019-11-16 23:00:00,14.866974,11.953583,901.5018,3.4942286,43.543884,82.715454
2019-11-17 00:00:00,15.091461,12.019806,901.8452,3.8334718,44.25583,81.88566
2019-11-17 01:00:00,15.070862,11.982971,902.42334,4.137295,45.868958,81.7955
2019-11-17 02:00:00,16.12088,12.309967,903.1345,4.4226003,45.957153,78.139206
2019-11-17 03:00:00,16.539795,12.401978,903.6802,4.4920225,45.23474,76.54358
2019-11-17 04:00:00,17.03415,12.623993,903.9232,4.419447,41.983856,75.268005
2019-11-17 05:00:00,19.1474,12.724701,903.67883,4.1174836,34.823303,66.346954
2019-11-17 06:00:00,20.042358,12.5633545,903.0602,3.8687756,24.132355,62.10009
2019-11-17 07:00:00,20.275574,12.607697,902.264,3.9049573,13.109894,61.389153
2019-11-17 08:00:00,21.107513,12.432556,901.4825,4.1620984,5.94812,57.656925
2019-11-17 09:00:00,21.179718,12.3377075,900.93616,4.526791,4.2583923,57.045616
2019-11-17 10:00:00,19.752686,12.595123,900.7548,4.3547745,7.4694214,63.35653
2019-11-17 11:00:00,19.561493,12.57431,900.8553,4.5911875,18.387299,64.025505
2019-11-17 12:00:00,19.34439,12.549164,901.1699,4.4234824,24.793976,64.7886
2019-11-17 13:00:00,19.042053,12.452148,901.58264,4.509627,28.688812,65.60151
2019-11-17 14:00:00,17.965698,12.373566,902.09064,4.5320168,31.688324,69.81456
2019-11-17 15:00:00,16.885773,12.062378,902.43665,4.4708138,33.96982,73.227516
2019-11-17 16:00:00,16.657043,11.931854,902.56506,4.3418074,35.549652,73.66223
2019-11-17 17:00:00,15.836731,11.618835,902.46405,4.169608,35.73694,76.0284
2019-11-17 18:00:00,15.572479,11.483643,902.2121,4.0392447,34.72516,76.63699
2019-11-17 19:00:00,15.404388,11.373596,901.92065,4.0068994,33.580658,76.905174
2019-11-17 20:00:00,14.680298,11.089325,901.5924,4.053079,32.675842,79.06788
2019-11-17 21:00:00,14.522766,10.979095,901.31586,4.194871,32.126526,79.29365
2019-11-17 22:00:00,14.042664,10.7013855,901.1869,4.0719757,35.693817,80.29927
2019-11-17 23:00:00,13.995575,10.667053,901.2541,4.213777,37.733826,80.360985
2019-11-18 00:00:00,14.180054,10.769012,901.5889,4.392808,41.115967,79.946594
2019-11-18 01:00:00,14.241608,10.752411,902.15924,4.578117,45.307404,79.540855
2019-11-18 02:00:00,15.385742,11.155518,902.83374,4.8234496,47.890778,75.89297
2019-11-18 03:00:00,15.874207,11.321747,903.351,4.8973646,51.032227,74.37094
2019-11-18 04:00:00,16.434906,11.566437,903.54767,4.7158575,50.38629,72.92994
2019-11-18 05:00:00,18.817932,11.6744995,903.21564,4.1664653,45.3172,63.206093
2019-11-18 06:00:00,19.67633,11.545227,902.5327,3.5985096,34.56958,59.40699
2019-11-18 07:00:00,19.88559,11.567993,901.62585,3.3246186,22.34668,58.72935
2019-11-18 08:00:00,20.710114,11.348846,900.7905,3.3381364,13.341278,55.01
2019-11-18 09:00:00,20.846008,11.285461,900.2495,3.545879,10.237152,54.323364
2019-11-18 10:00:00,19.439026,11.69046,899.93774,3.7228692,18.261108,60.87035
2019-11-18 11:00:00,19.312805,11.598236,900.1464,3.879866,29.378296,60.977642
2019-11-18 12:00:00,18.975159,11.626373,900.4998,3.8797874,33.92566,62.390095
2019-11-18 13:00:00,18.713531,11.501312,900.96625,3.9873877,39.22586,62.89604
2019-11-18 14:00:00,17.689392,11.452637,901.5022,4.0198064,43.97937,66.85629
2019-11-18 15:00:00,16.43164,11.041718,901.9367,3.9248416,47.71698,70.45415
2019-11-18 16:00:00,16.2016,10.88858,902.0528,3.7709885,50.289093,70.77063
2019-11-18 17:00:00,15.388306,10.663025,901.8554,3.592609,51.080536,73.43842
2019-11-18 18:00:00,15.145935,10.437103,901.4677,3.4495556,50.70746,73.47599
2019-11-18 19:00:00,14.990723,10.421631,901.032,3.3571508,50.035675,74.13643
2019-11-18 20:00:00,14.39798,10.207947,900.68243,3.3176644,48.09311,75.934456
2019-11-18 21:00:00,14.313599,10.112915,900.4257,3.3696127,46.534027,75.86659
2019-11-18 22:00:00,13.830902,9.869354,900.27374,3.301956,43.24414,77.01181
2019-11-18 23:00:00,13.807831,9.90979,900.36017,3.6759472,44.027527,77.33638
2019-11-19 00:00:00,14.175537,10.148651,900.72925,3.9973025,46.57007,76.73047
2019-11-19 01:00:00,14.162903,10.131439,901.3566,4.299277,49.72995,76.70499
2019-11-19 02:00:00,15.183624,10.306061,902.0404,4.473513,52.17383,72.66036
2019-11-19 03:00:00,15.676331,10.491211,902.5948,4.448376,55.39087,71.275444
2019-11-19 04:00:00,16.182312,10.7344055,902.8046,3.9928997,55.723633,70.135216
2019-11-19 05:00:00,18.719452,10.950195,902.5715,3.2718081,48.581726,60.618366
2019-11-19 06:00:00,19.530518,10.7812195,901.90656,2.6260045,29.956696,56.986862
2019-11-19 07:00:00,19.75586,10.842041,901.0393,2.4904249,7.4836426,56.422882
2019-11-19 08:00:00,20.483246,10.738373,900.2026,2.6546605,355.67462,53.57008
2019-11-19 09:00:00,20.572937,10.780426,899.6418,2.9346921,356.43323,53.423817
2019-11-19 10:00:00,19.16629,11.307068,899.3904,3.2030022,3.5546875,60.362823
2019-11-19 11:00:00,18.985596,11.185883,899.5128,3.6038425,21.614105,60.558575
2019-11-19 12:00:00,18.72998,11.207703,899.86743,3.860566,28.782349,61.622112
2019-11-19 13:00:00,18.461609,11.081726,900.44366,4.08599,35.760803,62.144505
2019-11-19 14:00:00,17.42392,10.995422,901.05,4.26748,42.0365,65.956566
2019-11-19 15:00:00,16.245209,10.719513,901.4232,4.317081,47.1102,69.785484
2019-11-19 16:00:00,16.029968,10.6623535,901.60297,4.2903614,50.856262,70.48138
2019-11-19 17:00:00,15.197723,10.456116,901.4968,4.2274237,52.712402,73.32481
2019-11-19 18:00:00,15.005707,10.363831,901.1979,4.2180643,53.236847,73.78004
2019-11-19 19:00:00,14.820801,10.235992,900.8462,4.2299895,52.77417,74.0292
2019-11-19 20:00:00,14.257538,10.116028,900.5122,4.3843546,51.17386,76.15807
2019-11-19 21:00:00,14.1640625,10.109955,900.2447,4.6252136,49.84738,76.589165
2019-11-19 22:00:00,13.699158,9.774597,900.15717,4.7377715,53.200134,77.18211
2019-11-19 23:00:00,13.61792,9.745087,900.23486,5.010614,52.834045,77.43747
2019-11-20 00:00:00,13.898407,9.86853,900.57227,5.3250484,53.70331,76.67091
2019-11-20 01:00:00,13.901642,9.865143,901.15204,5.646122,56.17453,76.63744
2019-11-20 02:00:00,15.193054,10.233856,901.8368,6.1002235,59.213654,72.26717
2019-11-20 03:00:00,15.848022,10.405792,902.3783,6.1752524,63.539825,70.09679
2019-11-20 04:00:00,16.523651,10.757935,902.5826,5.955221,67.563385,68.735054
2019-11-20 05:00:00,18.886902,11.134216,902.2953,5.33445,69.58899,60.72442
2019-11-20 06:00:00,19.728241,11.10788,901.6089,4.476075,67.34329,57.525986
2019-11-20 07:00:00,19.988098,11.290649,900.75275,3.7391846,60.048615,57.29673
2019-11-20 08:00:00,20.76712,11.172211,899.97327,3.424972,51.924896,54.179638
2019-11-20 09:00:00,20.817291,11.136505,899.46204,3.6883342,47.780334,53.88492
2019-11-20 10:00:00,19.45996,11.747925,899.3145,3.8388505,51.565002,61.022175
2019-11-20 11:00:00,19.292053,11.752808,899.48224,4.746386,54.6593,61.682743
2019-11-20 12:00:00,19.009827,11.709961,899.86755,5.4023886,56.003937,62.599842
2019-11-20 13:00:00,18.778473,11.628265,900.5086,6.012228,59.406128,63.168972
2019-11-20 14:00:00,17.832031,11.589661,901.21735,6.476585,62.25598,66.861275
2019-11-20 15:00:00,16.709747,11.274109,901.7472,6.7196035,64.90283,70.29442
2019-11-20 16:00:00,16.47229,11.192902,902.06226,6.8213615,66.65881,70.98025
2019-11-20 17:00:00,15.763702,11.017273,902.0516,6.864828,67.497314,73.40171
2019-11-20 18:00:00,15.560181,10.904266,901.7846,6.927017,67.65216,73.808235
2019-11-20 19:00:00,15.420959,10.929657,901.4497,6.9953218,67.41705,74.59542
2019-11-20 20:00:00,14.75058,10.676605,901.0988,7.1095295,66.747314,76.58153
2019-11-20 21:00:00,14.548065,10.5289,900.78796,7.2524757,65.94409,76.82922
2019-11-20 22:00:00,14.217194,10.434021,900.6757,7.0645456,66.393555,77.9954
2019-11-20 23:00:00,14.125244,10.413025,900.76636,7.1850514,65.97919,78.351364
2019-11-21 00:00:00,14.498566,10.633636,901.09674,7.3133273,66.57855,77.61463
2019-11-21 01:00:00,14.495605,10.64859,901.68677,7.5458136,67.75275,77.70678
2019-11-21 02:00:00,15.585968,11.015533,902.2855,7.8679643,69.54822,74.23281
2019-11-21 03:00:00,16.009247,11.183228,902.8323,7.9930367,73.1456,73.05884
2019-11-21 04:00:00,16.677094,11.619751,903.1172,7.675955,77.798645,72.06923
2019-11-21 05:00:00,19.165985,12.009003,903.0231,6.943232,79.77609,63.22772
2019-11-21 06:00:00,19.958801,11.88324,902.45013,6.066804,78.884155,59.69269
2019-11-21 07:00:00,20.19574,11.992615,901.671,5.20934,75.46991,59.24941
2019-11-21 08:00:00,20.93634,11.944336,900.9422,4.6664095,70.13281,56.425507
2019-11-21 09:00:00,20.968811,11.946625,900.47986,4.6395955,64.37747,56.321503
2019-11-21 10:00:00,19.557434,12.356384,900.3398,4.78997,55.312836,63.1324
2019-11-21 11:00:00,19.323608,12.26767,900.4602,5.383675,58.584473,63.684673
2019-11-21 12:00:00,19.125,12.210083,900.87946,5.50605,60.150665,64.233665
2019-11-21 13:00:00,18.913116,12.154236,901.48193,5.7051964,62.881287,64.849625
2019-11-21 14:00:00,17.990051,12.04306,902.1183,5.9209456,65.43558,68.20934
2019-11-21 15:00:00,16.932526,11.777466,902.6239,6.0322227,68.39081,71.65285
2019-11-21 16:00:00,16.696228,11.695282,902.9149,6.089383,71.1788,72.341606
2019-11-21 17:00:00,16.009064,11.50354,902.9224,5.989715,73.09064,74.62534
2019-11-21 18:00:00,15.832916,11.4609375,902.6399,5.895513,73.19513,75.25743
2019-11-21 19:00:00,15.693909,11.397369,902.3106,5.769927,72.01102,75.610825
2019-11-21 20:00:00,15.191132,11.197876,901.96423,5.70528,69.84686,77.06304
2019-11-21 21:00:00,15.097748,11.18457,901.7445,5.6845274,67.7663,77.458534
2019-11-21 22:00:00,14.666016,10.935394,901.5641,5.4233284,71.9545,78.33634
2019-11-21 23:00:00,14.575531,10.868805,901.6385,5.3934913,68.98425,78.447266
2019-11-22 00:00:00,14.777191,10.951477,902.0237,5.494525,67.01279,77.85997
2019-11-22 01:00:00,14.770294,10.979248,902.62146,5.669787,66.39102,78.03834
2019-11-22 02:00:00,15.978729,11.415894,903.2818,5.8728786,67.06946,74.33784
2019-11-22 03:00:00,16.463318,11.640289,903.826,5.9591045,69.403595,73.15426
2019-11-22 04:00:00,16.92273,11.89151,904.084,5.51519,71.74359,72.23855
2019-11-22 05:00:00,19.198792,12.370422,903.9339,4.742316,70.82538,64.61619
2019-11-22 06:00:00,20.022736,12.236542,903.2849,3.8161614,63.45105,60.855804
2019-11-22 07:00:00,20.247772,12.286346,902.43744,3.1448672,50.37329,60.21146
2019-11-22 08:00:00,20.851196,12.235901,901.64026,2.951997,37.509705,57.820564
2019-11-22 09:00:00,20.917908,12.277435,901.16656,3.1673863,32.43341,57.74125
2019-11-22 10:00:00,19.42981,12.553009,900.9961,3.2700255,34.4198,64.46153
2019-11-22 11:00:00,19.220856,12.6008,901.0351,3.8896673,42.45752,65.51013
2019-11-22 12:00:00,19.058624,12.556305,901.38226,4.1531215,46.24185,65.983025
2019-11-22 13:00:00,18.864197,12.480438,901.90314,4.4297047,50.188843,66.45694
2019-11-22 14:00:00,18.009521,12.421326,902.49634,4.6550183,52.820557,69.841125
2019-11-22 15:00:00,17.030273,12.081329,902.9801,4.729054,54.75836,72.65062
2019-11-22 16:00:00,16.843658,12.013611,903.20825,4.65845,55.831512,73.18799
2019-11-22 17:00:00,16.215729,11.885223,903.1756,4.544502,56.080017,75.52735
2019-11-22 18:00:00,16.000183,11.785126,902.8759,4.4479775,54.984802,76.06914
2019-11-22 19:00:00,15.878906,11.745575,902.4752,4.4079432,52.653107,76.460846
2019-11-22 20:00:00,15.404602,11.55838,902.0617,4.4602504,49.267944,77.84965
2019-11-22 21:00:00,15.311127,11.536163,901.83875,4.6169786,45.74579,78.20301
2019-11-22 22:00:00,14.9418335,11.271912,901.71216,4.8108425,45.2937,78.69332
2019-11-22 23:00:00,14.874207,11.259918,901.76514,5.18972,44.196167,78.97392
2019-11-23 00:00:00,15.260742,11.435791,902.1036,5.5304937,44.975098,77.937355
2019-11-23 01:00:00,15.23642,11.454926,902.63116,5.876385,46.365295,78.15804
2019-11-23 02:00:00,16.369873,11.901489,903.25165,6.137359,47.784454,74.86967
2019-11-23 03:00:00,16.700531,11.976379,903.791,6.3532233,50.01538,73.6749
2019-11-23 04:00:00,17.09607,12.133331,904.02155,6.1183844,51.099915,72.596565
2019-11-23 05:00:00,19.171997,12.401001,903.7527,5.75838,48.7442,64.85421
2019-11-23 06:00:00,20.091248,12.253265,903.09076,5.4680734,43.597534,60.664974
2019-11-23 07:00:00,20.286804,12.359161,902.15784,5.239601,38.67212,60.354404
2019-11-23 08:00:00,20.976807,12.21698,901.31287,5.137886,35.19873,57.304424
2019-11-23 09:00:00,20.990906,12.233246,900.7341,5.2097845,34.602997,57.31605
2019-11-23 10:00:00,19.613434,12.782562,900.5248,5.4209332,34.707886,64.69587
2019-11-23 11:00:00,19.420319,12.720154,900.6138,5.7026057,41.571594,65.20991
2019-11-23 12:00:00,19.161316,12.646454,900.95166,5.642528,44.767517,65.95057
2019-11-23 13:00:00,18.93454,12.570801,901.4584,5.732367,47.730682,66.55903
2019-11-23 14:00:00,17.950928,12.397919,902.0815,5.7800665,50.16327,69.991264
2019-11-23 15:00:00,16.85373,12.114899,902.5698,5.6997786,52.06006,73.63052
2019-11-23 16:00:00,16.708893,12.098236,902.7976,5.583855,53.43982,74.228905
2019-11-23 17:00:00,15.950287,11.851318,902.67194,5.4085064,53.552124,76.64573
2019-11-23 18:00:00,15.752136,11.741913,902.2737,5.334313,52.782867,77.06439
2019-11-23 19:00:00,15.589569,11.660522,901.78906,5.288188,51.206238,77.45315
2019-11-23 20:00:00,14.90097,11.320526,901.35547,5.349094,49.70517,79.15502
2019-11-23 21:00:00,14.748871,11.252014,901.08044,5.473681,48.236084,79.57256
2019-11-23 22:00:00,14.299866,10.969696,900.942,5.626085,53.776062,80.39399
2019-11-23 23:00:00,14.17627,10.878693,901.04193,5.773569,53.66739,80.55127
2019-11-24 00:00:00,14.384033,10.910095,901.4523,5.9485297,54.33893,79.64179
2019-11-24 01:00:00,14.386719,10.889679,902.0704,6.161106,55.9198,79.52005
2019-11-24 02:00:00,15.270386,11.240326,902.78174,6.3702188,57.47052,76.88777
2019-11-24 03:00:00,15.6788025,11.290314,903.3186,6.3014016,59.634003,75.14951
2019-11-24 04:00:00,16.170563,11.407166,903.5151,6.010258,61.190826,73.39117
2019-11-24 05:00:00,18.496582,11.525604,903.23804,5.564454,61.1091,63.858128
2019-11-24 06:00:00,19.358368,11.472839,902.548,4.952559,59.02713,60.303146
2019-11-24 07:00:00,19.60614,11.435333,901.6336,4.3069925,55.171753,59.234447
2019-11-24 08:00:00,20.44043,11.229126,900.8182,3.895624,50.437653,55.490387
2019-11-24 09:00:00,20.545471,11.160095,900.26874,3.8453393,47.27707,54.880394
2019-11-24 10:00:00,19.12384,11.550354,900.0053,4.1176476,47.161377,61.504616
2019-11-24 11:00:00,18.965485,11.536682,900.12,4.6852293,51.71405,62.058914
2019-11-24 12:00:00,18.642548,11.5877075,900.6099,4.8928704,53.283264,63.537632
2019-11-24 13:00:00,18.349548,11.35437,901.22327,5.240985,55.947205,63.72332
2019-11-24 14:00:00,17.356781,11.29303,901.9395,5.567418,58.110718,67.55676
2019-11-24 15:00:00,16.427399,11.027924,902.37286,5.7632833,60.057953,70.4087
2019-11-24 16:00:00,16.201324,10.939606,902.5608,5.8384614,62.22397,71.01214
2019-11-24 17:00:00,15.458496,10.6311035,902.42444,5.7971497,63.09445,72.95347
2019-11-24 18:00:00,15.238464,10.499481,902.1036,5.7999563,62.578156,73.34486
2019-11-24 19:00:00,15.090851,10.43103,901.7,5.803514,61.08252,73.70674
2019-11-24 20:00:00,14.55835,10.225403,901.2882,5.9309688,58.85962,75.23957
2019-11-24 21:00:00,14.449127,10.162567,900.9294,6.1320214,56.75305,75.4548
2019-11-24 22:00:00,13.920807,9.966339,900.7601,6.025321,57.062805,77.0625
2019-11-24 23:00:00,13.8341675,9.924316,900.8128,6.413647,56.20233,77.27935
2019-11-25 00:00:00,14.123657,10.081726,901.1588,6.819951,56.744232,76.64507
2019-11-25 01:00:00,14.14267,10.105743,901.72675,7.232364,58.242737,76.67377
2019-11-25 02:00:00,15.09964,10.535553,902.4163,7.554738,60.827606,74.18005
2019-11-25 03:00:00,15.931335,10.818146,903.005,7.5958443,64.42288,71.66537
2019-11-25 04:00:00,16.477692,11.038116,903.30255,7.1850586,67.94415,70.231285
2019-11-25 05:00:00,18.46109,11.26059,903.041,6.50422,68.65726,62.887733
2019-11-25 06:00:00,19.382233,11.282959,902.3805,5.769315,66.915924,59.461777
2019-11-25 07:00:00,19.59674,11.303345,901.443,5.100432,64.037994,58.753555
2019-11-25 08:00:00,20.364532,11.09903,900.6086,4.7667694,60.36087,55.272217
2019-11-25 09:00:00,20.455933,11.14859,900.0125,4.899102,57.36731,55.142223
2019-11-25 10:00:00,18.998993,11.388702,899.7416,4.982038,58.234375,61.3262
2019-11-25 11:00:00,18.862,11.339508,899.86127,5.734556,57.438263,61.651756
2019-11-25 12:00:00,18.675995,11.4328,900.2425,6.2551312,55.701965,62.75885
2019-11-25 13:00:00,18.457,11.365662,900.8107,6.814397,56.585144,63.342987
2019-11-25 14:00:00,17.49411,11.323151,901.3987,7.291357,58.412384,67.107216
2019-11-25 15:00:00,16.40268,10.984467,901.8934,7.5857196,60.340668,70.31643
2019-11-25 16:00:00,16.192017,10.917999,902.16205,7.7643685,61.9364,70.95239
2019-11-25 17:00:00,15.508606,10.753326,902.08936,7.8284006,62.659393,73.31332
2019-11-25 18:00:00,15.314178,10.708771,901.8505,7.849337,62.80237,74.01347
2019-11-25 19:00:00,15.161804,10.658112,901.47906,7.849006,62.284912,74.489685
2019-11-25 20:00:00,14.593811,10.419434,901.13416,7.939119,61.134003,76.04583
2019-11-25 21:00:00,14.485565,10.362427,900.8618,8.068485,59.658386,76.28855
2019-11-25 22:00:00,14.015533,10.085785,900.6995,8.052898,60.227783,77.20492
2019-11-25 23:00:00,13.9592285,10.078125,900.7519,8.320603,59.41043,77.44761
2019-11-26 00:00:00,14.261078,10.2211,901.05505,8.552589,59.680206,76.677025
2019-11-26 01:00:00,14.241913,10.231781,901.5698,8.835617,60.919647,76.82695
2019-11-26 02:00:00,15.300018,10.650818,902.1989,9.159571,63.114716,73.79565
2019-11-26 03:00:00,15.72641,10.851105,902.7582,9.207899,65.70953,72.76953
2019-11-26 04:00:00,16.198334,10.94635,902.9791,8.778309,68.4512,71.057495
2019-11-26 05:00:00,18.334442,11.272797,902.6649,8.05086,68.482544,63.44015
2019-11-26 06:00:00,19.24405,11.122803,901.9548,7.3692484,66.83194,59.342175
2019-11-26 07:00:00,19.464233,11.133575,901.00134,6.8223844,63.842407,58.576614
2019-11-26 08:00:00,20.198792,11.147888,900.11206,6.5422964,60.211365,56.022274
2019-11-26 09:00:00,20.236938,11.141266,899.5528,6.6203036,57.285492,55.865814
2019-11-26 10:00:00,18.92871,11.5980835,899.2416,6.3062735,56.611877,62.454384
2019-11-26 11:00:00,18.77658,11.458191,899.37885,6.9901595,57.845703,62.470287
2019-11-26 12:00:00,18.588837,11.458374,899.71674,7.37871,58.49008,63.208805
2019-11-26 13:00:00,18.353455,11.380096,900.2339,7.6915917,60.268463,63.816273
2019-11-26 14:00:00,17.458221,11.345795,900.78265,8.039906,62.873383,67.3603
2019-11-26 15:00:00,16.34848,11.005676,901.20807,8.201089,65.081604,70.65884
2019-11-26 16:00:00,16.176788,10.976318,901.3658,8.312759,66.91763,71.296875
2019-11-26 17:00:00,15.456696,10.83078,901.29016,8.27637,67.83893,73.937416
2019-11-26 18:00:00,15.2578125,10.7464905,901.0506,8.267224,67.82559,74.468346
2019-11-26 19:00:00,15.087555,10.704803,900.7302,8.252946,66.97696,75.078926
2019-11-26 20:00:00,14.5121155,10.495361,900.4302,8.310408,65.50723,76.83587
2019-11-26 21:00:00,14.439148,10.460541,900.2096,8.425403,63.966858,77.01991
2019-11-26 22:00:00,14.117096,10.258575,900.19995,8.030122,62.1745,77.58901
2019-11-26 23:00:00,14.075378,10.266266,900.3373,8.381882,60.82364,77.838936
2019-11-27 00:00:00,14.304413,10.399353,900.6551,8.719687,60.44626,77.37741
2019-11-27 01:00:00,14.315704,10.464355,901.16626,9.071618,61.14438,77.65675
2019-11-27 02:00:00,15.311188,10.890533,901.8396,9.447945,62.754486,74.92762
2019-11-27 03:00:00,15.715485,11.121796,902.3285,9.532027,65.93115,74.14075
2019-11-27 04:00:00,16.111969,11.26297,902.5111,9.100102,70.420074,72.96604
2019-11-27 05:00:00,18.401459,11.886414,902.2508,8.311362,72.551575,65.788124
2019-11-27 06:00:00,19.209747,11.900269,901.6401,7.514832,72.23657,62.60551
2019-11-27 07:00:00,19.419464,11.958405,900.807,6.7991686,70.1091,62.030888
2019-11-27 08:00:00,20.291992,11.886169,900.03516,6.3763494,66.98102,58.48642
2019-11-27 09:00:00,20.391968,11.944733,899.545,6.3776283,63.403748,58.35122
2019-11-27 10:00:00,19.007385,12.267242,899.3486,6.0098495,59.08783,64.95003
2019-11-27 11:00:00,18.863312,12.1892395,899.51013,6.95905,56.907623,65.20153
2019-11-27 12:00:00,18.672852,12.236969,899.7554,7.605645,57.44864,66.189606
2019-11-27 13:00:00,18.459503,12.17041,900.2059,8.05669,58.275757,66.78651
2019-11-27 14:00:00,17.58081,12.027161,900.802,8.357823,59.702698,69.916595
2019-11-27 15:00:00,16.563263,11.746521,901.2648,8.482939,61.024353,73.202415
2019-11-27 16:00:00,16.411133,11.715179,901.52014,8.507546,62.25476,73.76136
2019-11-27 17:00:00,15.768921,11.445618,901.4765,8.424212,62.972107,75.48944
2019-11-27 18:00:00,15.590027,11.378967,901.2512,8.33852,63.336548,76.02268
2019-11-27 19:00:00,15.438293,11.323212,900.93445,8.269796,63.30417,76.48265
2019-11-27 20:00:00,14.878479,11.203308,900.6193,8.328443,62.7193,78.65665
2019-11-27 21:00:00,14.764191,11.201019,900.3953,8.488235,61.83206,79.2259
2019-11-27 22:00:00,14.421753,10.96936,900.35565,8.203224,61.28351,79.76117
2019-11-27 23:00:00,14.361786,10.94342,900.4663,8.399065,61.40387,79.93315
2019-11-28 00:00:00,14.542206,11.004517,900.81323,8.606252,62.085205,79.327934
2019-11-28 01:00:00,14.511139,10.981293,901.33014,8.797633,63.115387,79.36479
2019-11-28 02:00:00,15.435883,11.355713,901.99194,9.006815,64.70575,76.65923
2019-11-28 03:00:00,15.7659,11.470978,902.63696,8.902785,67.89212,75.63078
2019-11-28 04:00:00,16.127136,11.576965,902.9148,8.378631,71.83624,74.42555
2019-11-28 05:00:00,18.209259,11.968475,902.7129,7.6432734,73.45871,66.94696
2019-11-28 06:00:00,19.169678,11.883636,902.099,6.8969254,72.17819,62.693207
2019-11-28 07:00:00,19.396301,11.945221,901.27625,6.2624393,69.02576,62.066372
2019-11-28 08:00:00,20.065948,11.832947,900.3918,5.9099436,64.57208,59.101784
2019-11-28 09:00:00,20.114105,11.812561,899.7985,5.9660945,60.634277,58.846794
2019-11-28 10:00:00,18.774933,12.142059,899.5912,6.0019517,51.36789,65.35938
2019-11-28 11:00:00,18.61145,12.030273,899.6864,6.640282,51.242615,65.54695
2019-11-28 12:00:00,18.401825,12.047943,899.9933,6.9025087,52.32721,66.49035
2019-11-28 13:00:00,18.13742,11.937073,900.43335,7.128916,53.332092,67.110596
2019-11-28 14:00:00,17.294312,11.881226,901.0043,7.308003,54.636353,70.51157
2019-11-28 15:00:00,16.354828,11.512756,901.45544,7.306694,56.314392,73.04296
2019-11-28 16:00:00,16.160767,11.426422,901.7322,7.2068586,57.738342,73.53063
2019-11-28 17:00:00,15.318573,11.225342,901.5984,7.025164,58.361755,76.57428
2019-11-28 18:00:00,15.140259,11.167877,901.2544,6.8959036,58.499878,77.16175
2019-11-28 19:00:00,14.921997,11.033752,900.8535,6.801036,58.07898,77.55959
2019-11-28 20:00:00,14.329651,10.770386,900.53705,6.8401017,56.995667,79.18369
2019-11-28 21:00:00,14.17572,10.661438,900.30414,6.973375,55.866364,79.39878
2019-11-28 22:00:00,13.711121,10.44397,900.2251,7.060033,54.363556,80.65115
2019-11-28 23:00:00,13.541931,10.384338,900.3878,7.2539024,54.293182,81.21971
2019-11-29 00:00:00,13.702576,10.3741455,900.75665,7.462768,54.699432,80.321075
2019-11-29 01:00:00,13.731781,10.402679,901.3078,7.725998,55.36206,80.32153
2019-11-29 02:00:00,14.658508,10.760956,902.01526,7.988433,56.74701,77.471
2019-11-29 03:00:00,15.031006,10.903351,902.5862,7.971884,59.849426,76.35358
2019-11-29 04:00:00,15.557343,11.203247,902.84155,7.4107604,61.83722,75.30064
2019-11-29 05:00:00,17.55426,11.388397,902.6207,6.662967,59.466522,67.14236
2019-11-29 06:00:00,18.43454,11.270416,902.01697,6.0773215,55.361206,63.033432
2019-11-29 07:00:00,18.617859,11.2986145,901.1256,5.629429,50.446625,62.43056
2019-11-29 08:00:00,19.434021,11.36618,900.2968,5.4639153,45.654236,59.598034
2019-11-29 09:00:00,19.482422,11.35376,899.6744,5.718144,43.32141,59.370148
2019-11-29 10:00:00,18.137543,11.6371155,899.4203,5.741401,39.473145,65.79522
2019-11-29 11:00:00,18.00647,11.568787,899.527,6.444471,42.881744,66.04052
2019-11-29 12:00:00,17.83255,11.615326,899.8514,6.619736,45.15204,66.97256
2019-11-29 13:00:00,17.657043,11.533752,900.3391,6.8258133,47.263306,67.35299
2019-11-29 14:00:00,16.68695,11.46521,900.909,6.992837,49.74539,71.292206
2019-11-29 15:00:00,15.627228,11.164612,901.302,7.044127,51.891205,74.77266
2019-11-29 16:00:00,15.465515,11.112305,901.48663,7.024598,53.928314,75.289734
2019-11-29 17:00:00,14.748199,10.862122,901.43225,6.9267025,55.02121,77.543976
2019-11-29 18:00:00,14.544434,10.732025,901.1545,6.845399,55.588043,77.893394
2019-11-29 19:00:00,14.384399,10.7100525,900.8441,6.734406,55.419617,78.587906
2019-11-29 20:00:00,13.746246,10.41449,900.58453,6.718271,54.904022,80.30932
2019-11-29 21:00:00,13.585693,10.305939,900.40924,6.773905,54.282837,80.56629
2019-11-29 22:00:00,13.107025,9.972443,900.25885,6.520523,53.559204,81.28704
2019-11-29 23:00:00,13.000793,9.869843,900.3714,6.666152,53.806244,81.29274
2019-11-30 00:00:00,13.220551,9.95163,900.7416,6.8304095,54.150238,80.57475
2019-11-30 01:00:00,13.174225,9.889801,901.31995,7.0409174,55.05069,80.484825
2019-11-30 02:00:00,13.9366455,10.059174,901.9444,7.254832,56.40799,77.46292
2019-11-30 03:00:00,14.23056,10.107758,902.4811,7.074042,58.28415,76.248985
2019-11-30 04:00:00,14.758179,10.288605,902.7441,6.658615,58.798523,74.59006
2019-11-30 05:00:00,16.799011,10.441559,902.5081,6.0597115,56.853333,66.13543
2019-11-30 06:00:00,17.765778,10.49472,901.88477,5.3600307,52.70166,62.43581
2019-11-30 07:00:00,18.048737,10.683624,900.9941,4.7511024,46.694885,62.110676
2019-11-30 08:00:00,18.809082,10.33844,900.1893,4.467365,41.25818,57.8745
2019-11-30 09:00:00,18.92987,10.2300415,899.6713,4.507471,38.000427,57.025494
2019-11-30 10:00:00,17.55484,10.519318,899.5875,4.693603,33.362396,63.3752
2019-11-30 11:00:00,17.427368,10.419617,899.712,5.0184855,41.992676,63.46393
2019-11-30 12:00:00,17.154083,10.335541,900.07666,4.9640117,45.283997,64.20859
2019-11-30 13:00:00,16.896576,10.277008,900.5818,4.967014,48.451874,65.00991
2019-11-30 14:00:00,15.994965,10.3116455,901.1259,4.9494367,51.2229,69.00718
2019-11-30 15:00:00,14.907471,9.853607,901.5157,4.810565,52.973114,71.75842
2019-11-30 16:00:00,14.6944275,9.774658,901.7363,4.641356,54.23166,72.36645
2019-11-30 17:00:00,13.904053,9.499268,901.68536,4.438153,54.451447,74.76803
2019-11-30 18:00:00,13.6779785,9.379517,901.49634,4.3208337,53.807526,75.26571
2019-11-30 19:00:00,13.495422,9.268219,901.1969,4.2482944,52.56537,75.59672
2019-11-30 20:00:00,12.871277,8.944092,900.8837,4.341839,50.745087,77.03802
2019-11-30 21:00:00,12.75592,8.876648,900.60345,4.5053954,48.543884,77.2693
2019-11-30 22:00:00,12.151245,8.549774,900.567,3.8897913,47.648773,78.640305
2019-11-30 23:00:00,12.043091,8.464539,900.68585,4.284434,46.55484,78.74631
2019-12-01 00:00:00,12.215363,8.4800415,901.0726,4.645533,46.29715,77.94064
2019-12-01 01:00:00,12.201355,8.503418,901.6674,5.0085773,47.212982,78.13603
2019-12-01 02:00:00,13.109009,8.856812,902.36383,5.3451996,48.77951,75.40503
2019-12-01 03:00:00,13.55838,9.02359,902.95166,5.4504595,51.56299,74.05732
2019-12-01 04:00:00,14.098145,9.297485,903.16656,5.2894397,53.049835,72.83837
2019-12-01 05:00:00,16.458649,9.867676,902.93115,4.7762766,51.1474,65.03861
2019-12-01 06:00:00,17.411377,9.895966,902.3215,4.1315923,43.25824,61.343704
2019-12-01 07:00:00,17.621704,10.010925,901.526,3.7384508,31.057007,61.00254
2019-12-01 08:00:00,18.546112,9.888733,900.8231,3.8002424,21.658112,57.092
2019-12-01 09:00:00,18.634766,9.971161,900.3533,4.1968956,19.47699,57.09026
2019-12-01 10:00:00,17.191498,10.154053,900.2438,4.6226077,23.891296,63.28522
2019-12-01 11:00:00,17.124054,10.137543,900.259,5.5899177,33.870056,63.485764
2019-12-01 12:00:00,16.857605,10.072144,900.5371,6.1762023,38.06848,64.28486
2019-12-01 13:00:00,16.607758,9.952576,900.9752,6.5986443,42.012238,64.79221
2019-12-01 14:00:00,15.57901,9.96759,901.5427,6.8517165,45.208405,69.256386
2019-12-01 15:00:00,14.410645,9.584259,901.9147,6.824121,47.657745,72.76917
2019-12-01 16:00:00,14.205566,9.481506,902.1269,6.783749,49.879547,73.23381
2019-12-01 17:00:00,13.507172,9.218048,902.0568,6.6746244,51.17044,75.284294
2019-12-01 18:00:00,13.327454,9.131165,901.8591,6.648378,52.237274,75.726326
2019-12-01 19:00:00,13.197052,9.057129,901.57983,6.5983796,52.20932,75.99295
2019-12-01 20:00:00,12.634338,8.818634,901.25256,6.678578,51.641937,77.58261
2019-12-01 21:00:00,12.516296,8.737671,900.9864,6.8198624,50.9433,77.75889
2019-12-01 22:00:00,12.089386,8.548279,900.8248,7.1440783,51.007233,78.95303
2019-12-01 23:00:00,12.042755,8.524231,900.9051,7.2422285,51.83255,79.06693
2019-12-02 00:00:00,12.21817,8.574188,901.2615,7.4099846,53.41339,78.42443
2019-12-02 01:00:00,12.1828,8.535553,901.864,7.611058,55.09906,78.40177
2019-12-02 02:00:00,13.135254,8.968506,902.4981,7.9148855,57.31024,75.84546
2019-12-02 03:00:00,13.446869,9.023743,902.9634,7.914385,59.98462,74.59753
2019-12-02 04:00:00,14.144226,9.365723,903.1314,7.603814,61.88446,72.95534
2019-12-02 05:00:00,16.528168,9.76474,902.9066,6.896136,61.03421,64.3067
2019-12-02 06:00:00,17.337433,9.676025,902.3257,6.1490936,58.072327,60.729176
2019-12-02 07:00:00,17.59201,9.704926,901.5499,5.589101,53.07492,59.87705
2019-12-02 08:00:00,18.410034,9.531372,900.7505,5.421097,47.80014,56.21729
2019-12-02 09:00:00,18.519531,9.55368,900.21814,5.6543384,44.727905,55.91672
2019-12-02 10:00:00,17.15451,9.922394,899.9174,5.206881,42.431274,62.458252
2019-12-02 11:00:00,17.056366,9.856598,900.0051,6.1843076,47.11328,62.57119
2019-12-02 12:00:00,16.769104,9.848511,900.41876,6.670805,47.870544,63.686497
2019-12-02 13:00:00,16.529327,9.798767,900.96326,7.109351,49.05963,64.44875
2019-12-02 14:00:00,15.502136,9.750916,901.47266,7.3945093,50.728027,68.595604
2019-12-02 15:00:00,14.350494,9.248993,901.82495,7.4744616,52.833252,71.42499
2019-12-02 16:00:00,14.116516,9.110321,901.98975,7.4401736,55.100525,71.84078
2019-12-02 17:00:00,13.360504,8.914642,901.96124,7.332251,56.740845,74.46835
2019-12-02 18:00:00,13.177063,8.818359,901.69806,7.1897335,57.636566,74.8762
2019-12-02 19:00:00,12.95694,8.665985,901.337,7.1196775,58.105347,75.1823
2019-12-02 20:00:00,12.5000305,8.557037,900.9535,7.1477227,58.11618,76.896866
2019-12-02 21:00:00,12.372406,8.462402,900.71173,7.2638516,57.709503,77.04848
2019-12-02 22:00:00,11.738068,8.022797,900.52783,6.726906,62.497375,77.97348
2019-12-02 23:00:00,11.762939,8.06073,900.699,6.9675903,62.423737,78.04652
2019-12-03 00:00:00,11.959381,8.12323,901.15643,7.207691,63.10611,77.370026
2019-12-03 01:00:00,11.856171,8.008636,901.83514,7.4774456,64.16904,77.294
2019-12-03 02:00:00,12.781311,8.329895,902.5592,7.7782636,65.079834,74.34002
2019-12-03 03:00:00,13.1657715,8.441864,903.17633,7.929909,66.18765,73.047516
2019-12-03 04:00:00,13.8706665,8.726379,903.4479,7.903994,66.51367,71.12833
2019-12-03 05:00:00,16.199585,9.057739,903.27185,7.4803348,64.91043,62.61851
2019-12-03 06:00:00,17.094849,8.938293,902.6399,6.9064717,61.700745,58.682396
2019-12-03 07:00:00,17.329224,8.979828,901.8067,6.4029527,57.30957,57.981186
2019-12-03 08:00:00,18.242676,8.692108,901.0525,6.1831045,53.561676,53.68724
2019-12-03 09:00:00,18.318756,8.721161,900.53296,6.2282414,51.47998,53.53666
2019-12-03 10:00:00,16.975128,9.16748,900.31445,6.126188,49.029114,60.049534
2019-12-03 11:00:00,16.823975,9.101654,900.49976,6.8157606,55.248413,60.359486
2019-12-03 12:00:00,16.577667,9.061096,900.99384,7.049921,56.39743,61.143524
2019-12-03 13:00:00,16.299774,8.88504,901.6527,7.405439,58.548096,61.499535
2019-12-03 14:00:00,15.35495,8.846405,902.37006,7.65793,60.49585,65.15813
2019-12-03 15:00:00,14.38385,8.488953,902.89,7.7504783,62.37628,67.706795
2019-12-03 16:00:00,14.080658,8.27359,903.12714,7.7748446,63.73871,68.04808
2019-12-03 17:00:00,13.45993,8.096405,903.04443,7.791278,64.665955,70.00072
2019-12-03 18:00:00,13.250702,7.9737854,902.78815,7.8444586,64.956696,70.37279
2019-12-03 19:00:00,13.069977,7.7869263,902.4779,7.9278245,64.668,70.30816
2019-12-03 20:00:00,12.519104,7.4874268,902.2076,8.104878,63.77536,71.41618
2019-12-03 21:00:00,12.405762,7.324341,902.0563,8.270902,62.451416,71.1524
2019-12-03 22:00:00,11.811951,6.851074,901.9904,8.01782,58.129425,71.62849
2019-12-03 23:00:00,11.702118,6.7364197,902.20404,8.405994,57.308075,71.58397
2019-12-04 00:00:00,11.950012,6.7129517,902.7353,8.787909,57.413147,70.30988
2019-12-04 01:00:00,11.991516,6.7346497,903.4221,9.1844015,58.333435,70.22247
2019-12-04 02:00:00,12.658173,7.058014,904.1873,9.68742,59.819794,68.72073
2019-12-04 03:00:00,13.0529785,7.2463074,904.76117,10.021605,60.92404,67.83713
2019-12-04 04:00:00,13.703339,7.531128,905.03516,10.287863,61.444916,66.300224
2019-12-04 05:00:00,16.274475,7.7895203,904.75916,10.240237,61.24774,57.189888
2019-12-04 06:00:00,17.244476,7.7311096,904.06323,9.869201,60.28778,53.56193
2019-12-04 07:00:00,17.535736,7.9406433,903.12714,9.329391,58.202087,53.340942
2019-12-04 08:00:00,18.557587,7.6118164,902.33716,8.91357,55.931885,48.915787
2019-12-04 09:00:00,18.689606,7.7456665,901.8811,8.753304,54.659576,48.957943
2019-12-04 10:00:00,17.215546,8.354431,901.6772,7.972282,57.4382,55.9815
2019-12-04 11:00:00,16.9823,8.167755,901.93945,8.3818655,58.234253,56.099285
2019-12-04 12:00:00,16.69107,8.064667,902.4563,8.6507225,57.96811,56.74653
2019-12-04 13:00:00,16.367432,7.9527283,903.1731,8.834919,59.872253,57.4872
2019-12-04 14:00:00,15.25473,7.8429565,903.88745,8.945884,61.90912,61.266357
2019-12-04 15:00:00,14.08017,7.283661,904.41833,8.909507,63.851624,63.61447
2019-12-04 16:00:00,13.831909,7.1289673,904.76306,8.822059,65.22916,63.96658
2019-12-04 17:00:00,13.092987,6.966095,904.80505,8.721275,65.985016,66.3746
2019-12-04 18:00:00,12.875427,6.8342285,904.6404,8.61729,65.88553,66.71901
2019-12-04 19:00:00,12.670288,6.686554,904.3243,8.596786,65.3555,66.93891
2019-12-04 20:00:00,12.050293,6.4292297,903.99194,8.659761,64.19809,68.49783
2019-12-04 21:00:00,11.94223,6.3657227,903.70667,8.822212,63.105316,68.68608
2019-12-04 22:00:00,11.375153,6.135742,903.6066,8.426225,63.809235,70.18536
2019-12-04 23:00:00,11.263397,6.038513,903.77435,8.734159,62.898804,70.2337
2019-12-05 00:00:00,11.431183,6.0839844,904.16016,9.0554495,62.620422,69.67635
2019-12-05 01:00:00,11.395813,6.084656,904.8558,9.459709,63.43167,69.84283
2019-12-05 02:00:00,12.5529785,6.4121704,905.5694,9.933179,64.57724,66.19478
2019-12-05 03:00:00,13.02475,6.7720337,906.14154,10.336131,66.25226,65.78956
2019-12-05 04:00:00,13.6427,7.1073303,906.37726,10.51449,67.4444,64.66189
2019-12-05 05:00:00,16.616425,7.744568,906.12274,10.401677,67.501526,55.78817
2019-12-05 06:00:00,17.443481,7.7204895,905.42206,10.015183,66.30643,52.85445
2019-12-05 07:00:00,17.760193,7.9006042,904.53845,9.615188,63.844788,52.44855
2019-12-05 08:00:00,18.880981,7.7814026,903.75214,9.372228,61.400024,48.493847
2019-12-05 09:00:00,18.990997,7.89682,903.30664,9.391992,59.640533,48.541813
2019-12-05 10:00:00,17.273468,8.408936,903.04095,8.692316,57.45578,55.983234
2019-12-05 11:00:00,17.098602,8.31073,903.2042,9.201488,58.078186,56.230415
2019-12-05 12:00:00,16.683716,8.28244,903.54626,9.395185,58.273438,57.618477
2019-12-05 13:00:00,16.449127,8.142731,904.07733,9.681873,59.620148,57.932205
2019-12-05 14:00:00,15.337738,7.9647217,904.6345,9.867229,61.080536,61.447662
2019-12-05 15:00:00,14.03656,7.276062,905.0518,9.921067,62.54059,63.76137
2019-12-05 16:00:00,13.871338,7.194214,905.2916,9.868325,63.834045,64.08858
2019-12-05 17:00:00,13.174286,6.952423,905.2378,9.778798,64.34613,65.96147
2019-12-05 18:00:00,12.995514,6.842987,904.94916,9.6555195,64.092224,66.23707
2019-12-05 19:00:00,12.814514,6.727722,904.585,9.591248,63.432648,66.49753
2019-12-05 20:00:00,12.0780945,6.542633,904.2157,9.613176,62.66028,68.90812
2019-12-05 21:00:00,12.01416,6.481903,903.95557,9.69254,61.790802,68.91031
2019-12-05 22:00:00,11.417938,6.329376,903.6859,9.490889,62.925354,70.927444
2019-12-05 23:00:00,11.342865,6.2467346,903.83154,9.685144,61.76233,70.87592
2019-12-06 00:00:00,11.616638,6.3755493,904.2177,9.931937,61.41211,70.22485
2019-12-06 01:00:00,11.562012,6.3269043,904.8867,10.18795,61.827698,70.243034
2019-12-06 02:00:00,12.638092,6.6841736,905.5775,10.545872,62.648407,67.069305
2019-12-06 03:00:00,13.143127,6.9503784,906.10944,10.88968,64.43695,66.08647
2019-12-06 04:00:00,13.725006,7.244751,906.30133,11.056451,65.639435,64.9245
2019-12-06 05:00:00,16.477875,7.8833923,906.02765,10.866449,65.08493,56.81607
2019-12-06 06:00:00,17.424011,7.7483215,905.3024,10.383192,62.89319,53.019882
2019-12-06 07:00:00,17.720428,7.8586426,904.3876,9.973409,59.727844,52.430195
2019-12-06 08:00:00,18.820526,7.610382,903.5543,9.769786,56.393402,48.113377
2019-12-06 09:00:00,18.882965,7.5635376,903.03705,9.89077,53.845,47.77326
2019-12-06 10:00:00,17.18991,8.19165,902.782,9.629005,51.687256,55.45669
2019-12-06 11:00:00,17.067719,8.102417,902.90704,10.039327,53.20755,55.549633
2019-12-06 12:00:00,16.692535,8.003265,903.17847,10.082686,53.689026,56.505005
2019-12-06 13:00:00,16.435791,7.946869,903.6479,10.240508,55.087494,57.214855
2019-12-06 14:00:00,15.284546,7.852234,904.1448,10.445267,56.86026,61.18781
2019-12-06 15:00:00,14.078278,7.330719,904.59235,10.538191,58.696503,63.82722
2019-12-06 16:00:00,13.900269,7.234955,904.7692,10.589254,60.251953,64.14687
2019-12-06 17:00:00,13.08548,7.0415344,904.611,10.590802,60.991913,66.751274
2019-12-06 18:00:00,12.8654175,6.875824,904.17694,10.564707,61.35132,66.95346
2019-12-06 19:00:00,12.699707,6.794464,903.78284,10.527677,61.584778,67.30687
2019-12-06 20:00:00,12.041168,6.5659485,903.4127,10.556447,61.59442,69.18665
2019-12-06 21:00:00,11.925018,6.4995117,903.1351,10.681764,61.64737,69.40015
2019-12-06 22:00:00,11.287811,6.2330627,902.9305,10.491191,60.770416,71.06774
2019-12-06 23:00:00,11.245514,6.127228,903.0783,10.611719,61.07431,70.74883
2019-12-07 00:00:00,11.480316,6.220703,903.4305,10.792129,61.99704,70.1084
2019-12-07 01:00:00,11.477142,6.2066345,903.99805,10.996786,63.62039,70.05513
2019-12-07 02:00:00,12.548157,6.5041504,904.636,11.3095,65.50415,66.636154
2019-12-07 03:00:00,12.965057,6.6748962,905.1294,11.444302,68.36279,65.6076
2019-12-07 04:00:00,13.605347,7.0674744,905.29865,11.521587,71.01663,64.6425
2019-12-07 05:00:00,16.28836,7.5152283,904.9468,11.185952,72.37381,56.080997
2019-12-07 06:00:00,17.318329,7.5127563,904.2143,10.545955,71.73633,52.524723
2019-12-07 07:00:00,17.608582,7.6796265,903.2665,9.799166,69.7616,52.161324
2019-12-07 08:00:00,18.60962,7.6452637,902.444,9.248789,67.57553,48.86805
2019-12-07 09:00:00,18.726715,7.446594,901.9905,9.00525,66.02435,47.85846
2019-12-07 10:00:00,17.24939,8.204987,901.8007,8.115792,62.29834,55.298496
2019-12-07 11:00:00,17.11908,8.0902405,902.0426,8.5852375,62.771515,55.323555
2019-12-07 12:00:00,16.75058,8.006531,902.4651,8.687564,62.648346,56.30967
2019-12-07 13:00:00,16.430695,7.826782,903.00995,8.859825,63.380493,56.76774
2019-12-07 14:00:00,15.190735,7.832306,903.59094,8.989292,64.47513,61.4741
2019-12-07 15:00:00,13.982178,7.329834,904.0198,8.992605,65.84125,64.22216
2019-12-07 16:00:00,13.710632,7.2362976,904.25104,8.959006,66.9834,64.9476
2019-12-07 17:00:00,12.8237915,6.9852295,904.1731,8.860697,67.38678,67.641464
2019-12-07 18:00:00,12.600372,6.8282776,903.9006,8.822237,67.078674,67.90373
2019-12-07 19:00:00,12.427948,6.7156067,903.52795,8.7844715,66.53848,68.146965
2019-12-07 20:00:00,11.722992,6.500061,903.1989,8.807975,65.49695,70.3336
2019-12-07 21:00:00,11.594635,6.4005127,902.9289,8.860176,64.43323,70.44799
2019-12-07 22:00:00,11.033234,6.0341187,902.7612,8.563876,66.229034,71.29199
2019-12-07 23:00:00,10.915649,5.966736,902.8943,8.716366,65.19855,71.51708
2019-12-08 00:00:00,11.191986,6.0643005,903.3086,8.878719,65.42511,70.692535
2019-12-08 01:00:00,11.161499,6.0237427,903.9372,9.109257,66.45126,70.63747
2019-12-08 02:00:00,12.165283,6.2612305,904.6323,9.3755865,67.92111,67.19943
2019-12-08 03:00:00,12.601135,6.4845276,905.18915,9.625231,70.41492,66.31553
2019-12-08 04:00:00,13.341583,6.9578247,905.40625,9.673887,72.362854,65.26994
2019-12-08 05:00:00,16.15094,7.582123,905.0901,9.269327,73.27313,56.833046
2019-12-08 06:00:00,17.229828,7.5130615,904.382,8.482563,72.03543,52.82049
2019-12-08 07:00:00,17.535004,7.7083435,903.4268,7.65625,68.83804,52.50659
2019-12-08 08:00:00,18.581482,7.5195312,902.5877,7.129792,64.30267,48.5362
2019-12-08 09:00:00,18.675385,7.4250793,902.04565,7.02724,60.67563,47.941826
2019-12-08 10:00:00,17.111786,7.9578247,901.8223,6.647252,59.94577,54.853268
2019-12-08 11:00:00,16.893768,7.92865,901.9563,7.4549837,60.16794,55.505856
2019-12-08 12:00:00,16.56372,7.6934204,902.2722,7.743896,59.302917,55.780624
2019-12-08 13:00:00,16.254547,7.5620728,902.807,8.051085,60.397644,56.381832
2019-12-08 14:00:00,15.095337,7.599365,903.4153,8.24944,61.625336,60.87833
2019-12-08 15:00:00,13.896698,7.121826,903.8777,8.330589,62.98764,63.66704
2019-12-08 16:00:00,13.63501,7.0095825,904.1013,8.375287,63.882446,64.26261
2019-12-08 17:00:00,12.843201,6.795227,903.9975,8.369047,64.327515,66.681114
2019-12-08 18:00:00,12.635803,6.675659,903.6711,8.324247,64.26239,67.04014
2019-12-08 19:00:00,12.485046,6.618469,903.24506,8.277233,63.692413,67.44057
2019-12-08 20:00:00,11.798645,6.3737793,902.8437,8.277944,62.765503,69.37781
2019-12-08 21:00:00,11.733582,6.324463,902.50336,8.337835,61.80316,69.43999
2019-12-08 22:00:00,11.220123,6.099182,902.3684,7.5900283,61.54001,70.730934
2019-12-08 23:00:00,11.143372,6.030884,902.4268,7.8036075,60.4321,70.75728
2019-12-09 00:00:00,11.470123,6.165039,902.7679,8.000056,60.47409,69.88689
2019-12-09 01:00:00,11.4574585,6.122406,903.327,8.197915,61.312683,69.740036
2019-12-09 02:00:00,12.502563,6.482849,903.885,8.538791,62.476624,66.73784
2019-12-09 03:00:00,13.061493,6.8923035,904.3653,8.700525,63.990143,66.17564
2019-12-09 04:00:00,13.730988,7.3563538,904.6001,8.556939,64.62619,65.39622
2019-12-09 05:00:00,16.376465,7.8645325,904.3647,8.108266,63.60327,57.11052
2019-12-09 06:00:00,17.373505,7.8174133,903.7565,7.364224,59.85678,53.440086
2019-12-09 07:00:00,17.678772,8.011871,902.87463,6.680925,53.58835,53.11862
2019-12-09 08:00:00,18.722351,7.8693237,902.04224,6.329066,47.456726,49.270832
2019-12-09 09:00:00,18.850555,7.940033,901.476,6.310711,43.489594,49.113373
2019-12-09 10:00:00,17.356049,8.402069,901.2129,6.0125074,45.077423,55.665947
2019-12-09 11:00:00,17.05783,8.144775,901.3045,6.500679,48.348175,55.74453
2019-12-09 12:00:00,16.72754,8.190552,901.53345,6.7647204,48.911835,57.101295
2019-12-09 13:00:00,16.462189,8.003082,901.98615,7.028473,50.220764,57.337563
2019-12-09 14:00:00,15.375977,8.084076,902.4758,7.178377,51.592407,61.796303
2019-12-09 15:00:00,14.16687,7.7108765,902.8672,7.1729093,52.80127,65.12965
2019-12-09 16:00:00,13.904419,7.5420837,903.0486,7.0697026,54.003326,65.489105
2019-12-09 17:00:00,13.121582,7.433075,902.96954,6.9378576,54.750183,68.4013
2019-12-09 18:00:00,12.905884,7.2762756,902.6786,6.8107085,54.974915,68.63287
2019-12-09 19:00:00,12.742249,7.231537,902.2711,6.7447186,54.673462,69.15979
2019-12-09 20:00:00,12.124786,7.0617065,901.8274,6.734752,54.300446,71.187874
2019-12-09 21:00:00,11.939148,6.987671,901.4199,6.804803,53.9458,71.69873
2019-12-09 22:00:00,11.447571,6.7388916,901.21344,6.584523,57.272034,72.81051
2019-12-09 23:00:00,11.3437805,6.7188416,901.0997,6.765401,57.45169,73.2114
2019-12-10 00:00:00,11.59436,6.8614807,901.2964,6.909946,58.34082,72.71659
2019-12-10 01:00:00,11.576752,6.863983,901.74084,7.102443,59.549805,72.813736
2019-12-10 02:00:00,12.601593,7.2835693,902.30896,7.2814984,61.499664,70.04876
2019-12-10 03:00:00,12.94342,7.4894104,902.88745,7.3612695,64.22632,69.46867
2019-12-10 04:00:00,13.685486,8.013947,903.1436,7.0733547,66.016785,68.59574
2019-12-10 05:00:00,16.496979,8.800049,902.9052,6.3755703,64.55603,60.385014
2019-12-10 06:00:00,17.431274,8.693054,902.1316,5.4844656,58.67816,56.503914
2019-12-10 07:00:00,17.721497,8.851776,901.12537,4.8627887,50.37805,56.077164
2019-12-10 08:00:00,18.79065,8.835541,900.12836,4.529066,42.956116,52.38154
2019-12-10 09:00:00,18.8703,8.827118,899.45667,4.5460205,39.9068,52.091934
2019-12-10 10:00:00,17.276123,9.275024,898.9222,4.448826,41.1868,59.344547
2019-12-10 11:00:00,17.133636,9.198669,898.87494,5.071306,47.87982,59.57483
2019-12-10 12:00:00,16.840088,9.194214,899.13416,5.250573,49.600098,60.67492
2019-12-10 13:00:00,16.605743,9.042694,899.565,5.489141,52.602966,60.958874
2019-12-10 14:00:00,15.615265,9.074158,900.04987,5.5618467,55.45575,65.0721
2019-12-10 15:00:00,14.364166,8.699738,900.4867,5.5163317,58.321198,68.76663
2019-12-10 16:00:00,14.1762085,8.615723,900.6832,5.4155183,60.974426,69.21367
2019-12-10 17:00:00,13.459381,8.524933,900.70544,5.2674513,63.03714,72.06702
2019-12-10 18:00:00,13.194763,8.439545,900.4464,5.139659,64.11252,72.898
2019-12-10 19:00:00,12.972839,8.329041,900.1014,4.994759,63.887573,73.410324
2019-12-10 20:00:00,12.231506,8.013733,899.70123,4.9060082,62.860413,75.43364
2019-12-10 21:00:00,12.085876,8.007874,899.435,4.890002,61.401398,76.129326
2019-12-10 22:00:00,11.700684,7.8704834,899.1557,4.5651712,67.51517,77.36069
2019-12-10 23:00:00,11.546204,7.7693787,899.1783,4.644205,64.5708,77.618065
2019-12-11 00:00:00,11.813507,7.98584,899.5481,4.8946915,62.820343,77.39173
2019-12-11 01:00:00,11.822876,7.998352,900.18054,5.2483544,62.177063,77.40974
2019-12-11 02:00:00,12.63443,8.392578,900.8703,5.599301,62.713898,75.37813
2019-12-11 03:00:00,12.982391,8.487244,901.41693,5.717539,64.34537,74.15508
2019-12-11 04:00:00,13.605804,8.788483,901.635,5.4367094,65.60248,72.6671
2019-12-11 05:00:00,16.381836,9.298523,901.4029,4.8672013,64.65408,62.90756
2019-12-11 06:00:00,17.165161,9.096771,900.65533,4.186774,59.1821,59.04945
2019-12-11 07:00:00,17.460663,9.23056,899.7134,3.640694,49.56839,58.481537
2019-12-11 08:00:00,18.264069,9.081299,898.789,3.4297812,39.940002,55.042236
2019-12-11 09:00:00,18.35379,9.126068,898.25586,3.6000648,35.647858,54.898746
2019-12-11 10:00:00,16.913574,9.6285095,898.0375,3.9235709,40.97229,62.18171
2019-12-11 11:00:00,16.79303,9.642883,898.1191,4.5652027,48.14026,62.719357
2019-12-11 12:00:00,16.545258,9.619354,898.4549,4.928704,51.237915,63.613605
2019-12-11 13:00:00,16.285767,9.528229,898.92847,5.1872373,55.65262,64.27832
2019-12-11 14:00:00,15.4574585,9.493744,899.49084,5.3538203,60.802887,67.61539
2019-12-11 15:00:00,14.319061,9.114075,899.96893,5.421268,65.70096,70.92306
2019-12-11 16:00:00,14.175934,9.0772705,900.2264,5.429952,69.7832,71.40568
2019-12-11 17:00:00,13.535706,8.910248,900.22925,5.374992,72.96414,73.601814
2019-12-11 18:00:00,13.429047,8.885956,900.0246,5.2729316,74.77429,73.99321
2019-12-11 19:00:00,13.345001,8.843201,899.6732,5.191745,75.04239,74.18502
2019-12-11 20:00:00,12.751923,8.67218,899.2908,5.158404,74.13153,76.2293
2019-12-11 21:00:00,12.628784,8.632904,899.09235,5.1974144,72.16806,76.64281
2019-12-11 22:00:00,12.157684,8.367554,899.0354,5.4679646,72.433655,77.64292
2019-12-11 23:00:00,12.045044,8.299805,899.1574,5.6498837,71.50809,77.86213
2019-12-12 00:00:00,12.22467,8.489899,899.51166,5.8957834,71.0885,77.94498
2019-12-12 01:00:00,12.232422,8.486328,900.0771,6.2502885,71.3201,77.88643
2019-12-12 02:00:00,13.21225,8.929535,900.75085,6.6733403,73.365875,75.267204
2019-12-12 03:00:00,13.56189,9.059204,901.3324,6.8553705,76.472595,74.21837
2019-12-12 04:00:00,14.071472,9.370941,901.62146,6.693217,81.16284,73.32571
2019-12-12 05:00:00,16.326996,9.943146,901.46075,6.1141086,84.99707,65.91808
2019-12-12 06:00:00,17.052643,9.999237,900.8259,5.307744,86.31683,63.186382
2019-12-12 07:00:00,17.279999,10.112976,899.98267,4.520554,85.681274,62.759544
2019-12-12 08:00:00,17.976501,10.090271,899.12,3.9580116,82.49295,59.97235
2019-12-12 09:00:00,18.010101,10.07901,898.5657,3.8661394,76.693665,59.800766
2019-12-12 10:00:00,16.801056,10.457611,898.30334,3.9594207,72.12317,66.197655
2019-12-12 11:00:00,16.637909,10.406982,898.4336,4.7713695,64.856995,66.66145
2019-12-12 12:00:00,16.432678,10.376495,898.77,5.49943,63.64743,67.39971
2019-12-12 13:00:00,16.269562,10.371735,899.2724,5.997661,65.69324,68.081665
2019-12-12 14:00:00,15.640625,10.378326,899.82544,6.2765026,68.13266,70.90288
2019-12-12 15:00:00,14.707367,10.054626,900.2927,6.422261,70.65277,73.67408
2019-12-12 16:00:00,14.591614,9.985779,900.5082,6.4986753,73.048035,73.885216
2019-12-12 17:00:00,14.012939,9.860901,900.4764,6.481481,74.93582,76.06461
2019-12-12 18:00:00,13.802704,9.768311,900.2346,6.4004283,76.33478,76.632416
2019-12-12 19:00:00,13.645752,9.6875,899.93463,6.27358,76.50171,76.99957
2019-12-12 20:00:00,13.209259,9.502869,899.6027,6.184807,75.91449,78.24421
2019-12-12 21:00:00,13.074493,9.471619,899.3611,6.1742144,74.70221,78.769966
2019-12-12 22:00:00,12.816925,9.403351,899.27563,6.1486917,77.69116,79.74079
2019-12-12 23:00:00,12.73999,9.353882,899.3752,6.2288237,75.87637,79.87726
2019-12-13 00:00:00,12.856873,9.377747,899.7322,6.426094,75.146454,79.395874
2019-12-13 01:00:00,12.856628,9.364014,900.2561,6.668461,75.50366,79.323875
2019-12-13 02:00:00,13.524841,9.69632,900.96967,7.040763,77.01819,77.653435
2019-12-13 03:00:00,13.917694,9.828674,901.62646,7.3133907,80.49371,76.37088
2019-12-13 04:00:00,14.299927,9.962677,902.026,7.2802634,84.99863,75.17455
2019-12-13 05:00:00,16.018402,10.2343445,901.9959,6.735787,89.64935,68.54936
2019-12-13 06:00:00,16.686554,10.25116,901.5341,5.9527087,92.36395,65.76842
2019-12-13 07:00:00,16.920013,10.301819,900.8314,5.224495,92.5163,65.02099
2019-12-13 08:00:00,17.541138,10.242615,900.08673,4.730701,90.1405,62.27007
2019-12-13 09:00:00,17.59665,10.121277,899.59485,4.5615053,84.37164,61.551487
2019-12-13 10:00:00,16.580353,10.452179,899.42847,4.3892007,80.99475,67.10759
2019-12-13 11:00:00,16.435242,10.461273,899.6462,5.1392317,71.633575,67.770744
2019-12-13 12:00:00,16.172607,10.464844,900.0979,5.9292746,70.15747,68.93026
2019-12-13 13:00:00,15.970886,10.399658,900.7319,6.415771,69.82019,69.520325
2019-12-13 14:00:00,15.249908,10.33606,901.3407,6.753788,69.681274,72.49668
2019-12-13 15:00:00,14.4904785,10.140961,901.79956,6.9684167,70.31259,75.14494
2019-12-13 16:00:00,14.385834,10.131683,902.07007,7.0726953,71.08206,75.607864
2019-12-13 17:00:00,13.862915,10.001495,902.1451,7.093026,71.707,77.534706
2019-12-13 18:00:00,13.660156,9.84552,902.0119,7.085593,71.44461,77.74658
2019-12-13 19:00:00,13.497009,9.773804,901.7405,7.073849,70.71234,78.19939
2019-12-13 20:00:00,13.086761,9.63089,901.4414,7.081926,69.24463,79.55302
2019-12-13 21:00:00,12.966797,9.581207,901.21326,7.1367545,67.19458,79.91204
2019-12-13 22:00:00,12.516754,9.296295,901.2299,7.002752,67.35556,80.74105
2019-12-13 23:00:00,12.44931,9.249115,901.28174,7.2517204,65.74292,80.84206
2019-12-14 00:00:00,12.584991,9.243286,901.62134,7.496925,64.83948,80.09439
2019-12-14 01:00:00,12.559418,9.205505,902.1961,7.754012,64.12775,80.025024
2019-12-14 02:00:00,13.269043,9.560211,902.86224,8.069472,64.06207,78.24039
2019-12-14 03:00:00,13.539825,9.647797,903.5115,8.151948,65.93323,77.3257
2019-12-14 04:00:00,13.909515,9.818939,903.84033,7.6959734,68.54111,76.36161
2019-12-14 05:00:00,15.928864,10.181976,903.801,6.9907074,69.17767,68.70167
2019-12-14 06:00:00,16.649506,10.18454,903.25836,6.1995816,66.485504,65.630684
2019-12-14 07:00:00,16.844818,10.1901245,902.4524,5.5482173,59.601837,64.8463
2019-12-14 08:00:00,17.51056,10.004272,901.61865,5.3415303,51.388,61.404335
2019-12-14 09:00:00,17.531921,9.905701,901.03357,5.616688,44.994537,60.918434
2019-12-14 10:00:00,16.221466,9.865112,900.6894,5.7448354,42.58432,66.01691
2019-12-14 11:00:00,16.05304,9.827423,900.7684,6.471613,42.758545,66.56153
2019-12-14 12:00:00,15.780823,9.816162,901.04175,6.8491197,42.578033,67.67799
2019-12-14 13:00:00,15.623962,9.818512,901.47296,7.2472215,43.57007,68.37143
2019-12-14 14:00:00,14.898682,9.751831,901.9997,7.5349016,45.23584,71.311066
2019-12-14 15:00:00,14.011719,9.343811,902.4344,7.608633,47.226044,73.47607
2019-12-14 16:00:00,13.859192,9.263123,902.71405,7.5776744,49.326447,73.804955
2019-12-14 17:00:00,13.213654,8.997589,902.7773,7.4998364,50.857086,75.60659
2019-12-14 18:00:00,13.001404,8.909454,902.6264,7.4489193,51.58664,76.20713
2019-12-14 19:00:00,12.87381,8.858582,902.3334,7.3887734,51.433258,76.58207
2019-12-14 20:00:00,12.377136,8.562073,902.007,7.362855,50.86798,77.54599
2019-12-14 21:00:00,12.074371,8.36554,901.7006,7.4290957,49.631104,78.059044
2019-12-14 22:00:00,11.786652,8.173584,901.48517,7.274173,50.59433,78.524
2019-12-14 23:00:00,11.602356,8.08902,901.4411,7.544698,49.855225,79.030075
2019-12-15 00:00:00,11.754425,8.165436,901.6728,7.8129478,50.307556,78.64761
2019-12-15 01:00:00,11.700928,8.110321,902.147,8.149624,51.602997,78.63098
2019-12-15 02:00:00,12.375244,8.468445,902.7272,8.473971,53.015167,77.06565
2019-12-15 03:00:00,12.692261,8.460114,903.2849,8.5767145,55.922333,75.43741
2019-12-15 04:00:00,13.124512,8.729706,903.5003,8.325699,58.294403,74.684814
2019-12-15 05:00:00,15.101654,9.186371,903.3322,7.561238,58.279724,67.76225
2019-12-15 06:00:00,15.929047,9.351257,902.6903,6.764806,55.645752,64.98027
2019-12-15 07:00:00,16.180878,9.407806,901.86835,6.201659,50.620422,64.18799
2019-12-15 08:00:00,16.947662,9.350128,901.03204,5.9674487,45.551178,60.898064
2019-12-15 09:00:00,16.998718,9.295959,900.42114,6.1975045,42.112915,60.480614
2019-12-15 10:00:00,15.753967,9.226379,900.08734,6.262392,39.107056,65.161705
2019-12-15 11:00:00,15.59137,9.171143,900.18964,7.0390534,41.11084,65.59893
2019-12-15 12:00:00,15.407532,9.276001,900.44385,7.269538,42.373108,66.84649
2019-12-15 13:00:00,15.14566,9.176819,900.86365,7.544325,43.694458,67.52742
2019-12-15 14:00:00,14.324402,9.162476,901.39764,7.7901053,45.038086,71.13008
2019-12-15 15:00:00,13.349762,8.769836,901.8513,7.8861322,46.35205,73.79547
2019-12-15 16:00:00,13.121429,8.644318,902.12915,7.9089828,47.391113,74.26991
2019-12-15 17:00:00,12.462341,8.450073,902.1732,7.8568096,48.066925,76.531044
2019-12-15 18:00:00,12.233185,8.338806,901.95197,7.8622212,48.009003,77.108025
2019-12-15 19:00:00,12.056824,8.308502,901.5865,7.8754616,47.567566,77.847664
2019-12-15 20:00:00,11.482452,8.009491,901.21185,7.9503894,46.81024,79.22957
2019-12-15 21:00:00,11.365631,7.962738,900.8647,8.089313,46.067444,79.59089
2019-12-15 22:00:00,10.960541,7.6597595,900.6472,7.3580923,47.0307,80.08817
2019-12-15 23:00:00,10.864136,7.5903015,900.66437,7.603801,46.419586,80.22188
2019-12-16 00:00:00,10.933136,7.591339,900.9023,7.8569994,46.922913,79.86067
2019-12-16 01:00:00,10.940399,7.5325317,901.4378,8.0589695,47.812958,79.50262
2019-12-16 02:00:00,11.566315,7.761017,902.1096,8.350508,49.082825,77.470856
2019-12-16 03:00:00,11.911285,7.83609,902.74786,8.461096,50.964233,76.115204
2019-12-16 04:00:00,12.5078125,8.219788,903.0966,8.180188,52.002625,75.121155
2019-12-16 05:00:00,14.241455,8.46875,903.01556,7.464296,50.213287,68.23982
2019-12-16 06:00:00,15.106689,8.532593,902.4832,6.748138,45.3414,64.81561
2019-12-16 07:00:00,15.36795,8.578308,901.7519,6.2886143,38.68579,63.934753
2019-12-16 08:00:00,16.41388,8.400482,901.02625,6.1973352,32.67508,59.08621
2019-12-16 09:00:00,16.523285,8.324097,900.55804,6.5463424,29.29715,58.37348
2019-12-16 10:00:00,15.270447,8.430145,900.3974,6.502928,27.384827,63.693977
2019-12-16 11:00:00,15.173096,8.415955,900.5628,7.406694,31.711243,64.03186
2019-12-16 12:00:00,14.990448,8.465179,900.93604,7.784766,33.3237,65.0046
2019-12-16 13:00:00,14.657166,8.350555,901.5389,8.1261,35.009857,65.901566
2019-12-16 14:00:00,13.828644,8.378143,902.15643,8.488581,36.452698,69.66148
2019-12-16 15:00:00,12.808441,8.007172,902.62006,8.677736,37.93466,72.60019
2019-12-16 16:00:00,12.622162,7.9150085,902.8589,8.804183,38.890747,73.03218
2019-12-16 17:00:00,11.973206,7.7207336,902.8552,8.876491,39.47632,75.21221
2019-12-16 18:00:00,11.713318,7.560974,902.59985,8.98811,39.51001,75.68346
2019-12-16 19:00:00,11.562714,7.4760437,902.28406,9.120397,39.432526,75.9983
2019-12-16 20:00:00,11.0980835,7.2869873,901.9988,9.301982,39.125977,77.36673
2019-12-16 21:00:00,11.018799,7.2486877,901.8309,9.532699,38.736694,77.571365
2019-12-16 22:00:00,10.442413,6.802246,901.81036,9.115396,39.226288,78.175415
2019-12-16 23:00:00,10.353516,6.753479,901.85583,9.427765,39.49832,78.377464
2019-12-17 00:00:00,10.474579,6.7682495,902.2361,9.653138,40.19699,77.82617
2019-12-17 01:00:00,10.448669,6.7478943,902.7916,9.902929,41.251373,77.85183
2019-12-17 02:00:00,11.134857,7.0531616,903.4511,10.241498,42.53366,75.95334
2019-12-17 03:00:00,11.486877,7.134308,904.03235,10.5011215,44.299164,74.61688
2019-12-17 04:00:00,11.910919,7.2619934,904.4016,10.4176235,44.54486,73.19373
2019-12-17 05:00:00,13.96521,7.8482056,904.21045,10.02341,42.684814,66.60625
2019-12-17 06:00:00,14.7170105,7.733124,903.62555,9.522915,39.434143,62.95057
2019-12-17 07:00:00,15.000397,7.7374268,902.7516,9.205782,35.680847,61.830193
2019-12-17 08:00:00,16.002472,7.7163696,901.9677,9.164835,32.48291,57.90134
2019-12-17 09:00:00,16.119293,7.611664,901.3502,9.36988,30.917175,57.062702
2019-12-17 10:00:00,14.8602295,7.7904663,901.14703,9.351999,29.130066,62.616306
2019-12-17 11:00:00,14.739227,7.6473694,901.2417,9.792113,33.509155,62.494236
2019-12-17 12:00:00,14.575623,7.7670593,901.58453,9.69635,35.20041,63.674343
2019-12-17 13:00:00,14.339081,7.6831665,902.09784,9.728843,36.671936,64.28644
2019-12-17 14:00:00,13.418335,7.62854,902.61505,9.771713,38.964783,67.99118
2019-12-17 15:00:00,12.327881,7.067688,903.05023,9.610823,40.868164,70.27254
2019-12-17 16:00:00,12.053284,6.8673096,903.3404,9.388717,42.37625,70.57706
2019-12-17 17:00:00,11.414734,6.684021,903.3242,9.133725,43.03131,72.69438
2019-12-17 18:00:00,11.210693,6.551361,903.0023,8.956121,43.083984,73.01442
2019-12-17 19:00:00,11.089233,6.4365234,902.6506,8.768489,42.494537,73.025536
2019-12-17 20:00:00,10.54364,6.271759,902.29626,8.679328,41.611664,74.86809
2019-12-17 21:00:00,10.454254,6.207794,902.074,8.660763,40.53418,74.98401
2019-12-17 22:00:00,10.036377,5.934143,901.9297,8.054063,41.559387,75.66287
2019-12-17 23:00:00,9.96402,5.887909,901.9882,8.212623,40.81726,75.787445
2019-12-18 00:00:00,10.055908,5.9172974,902.34686,8.3566675,40.767914,75.47619
2019-12-18 01:00:00,10.075623,5.9457397,902.9968,8.495316,41.30121,75.525055
2019-12-18 02:00:00,10.801941,6.150299,903.77454,8.663203,42.190002,72.978455
2019-12-18 03:00:00,11.312256,6.4050903,904.39874,8.79796,43.635284,71.79866
2019-12-18 04:00:00,11.905334,6.8652344,904.7612,8.70268,43.954407,71.25803
2019-12-18 05:00:00,14.268341,7.543213,904.59937,8.295166,41.782104,63.96795
2019-12-18 06:00:00,15.0972595,7.6365356,904.0227,7.850386,36.841156,61.025257
2019-12-18 07:00:00,15.433594,7.75885,903.1225,7.558942,30.359406,60.22146
2019-12-18 08:00:00,16.615845,7.9302673,902.224,7.5898557,25.374817,56.499798
2019-12-18 09:00:00,16.700409,7.9211426,901.5627,7.859764,23.991302,56.162296
2019-12-18 10:00:00,15.567078,8.271057,901.2905,7.6509047,26.153595,61.823612
2019-12-18 11:00:00,15.383667,8.196991,901.39276,8.15601,30.879303,62.241154
2019-12-18 12:00:00,15.102051,8.15918,901.8117,8.442634,33.791992,63.214462
2019-12-18 13:00:00,14.908081,8.059601,902.38275,8.71858,36.78772,63.576813
2019-12-18 14:00:00,13.972687,8.099213,902.9715,8.907071,39.347534,67.71979
2019-12-18 15:00:00,12.883453,7.740326,903.41,8.968601,41.36844,70.94496
2019-12-18 16:00:00,12.74765,7.6815796,903.55365,8.931816,42.91028,71.29231
2019-12-18 17:00:00,12.11554,7.5896606,903.397,8.842077,43.733276,73.848076
2019-12-18 18:00:00,11.948883,7.5475464,902.97174,8.814196,43.691223,74.44868
2019-12-18 19:00:00,11.796112,7.5139465,902.5032,8.754183,42.978455,75.03002
2019-12-18 20:00:00,11.336884,7.2934265,902.0211,8.765338,42.195038,76.1857
2019-12-18 21:00:00,11.213745,7.2592163,901.7139,8.819555,41.54593,76.63016
2019-12-18 22:00:00,10.906372,7.0653687,901.41376,8.157236,42.7034,77.17831
2019-12-18 23:00:00,10.859161,7.0842896,901.43286,8.446047,41.91443,77.521126
2019-12-19 00:00:00,11.023193,7.180481,901.6506,8.592954,42.57132,77.1878
2019-12-19 01:00:00,10.960571,7.1616516,902.17444,8.716113,43.57599,77.40954
2019-12-19 02:00:00,11.767944,7.673767,902.8498,8.8881855,45.228516,75.99328
2019-12-19 03:00:00,12.089233,7.848175,903.45166,8.924661,47.40103,75.29033
2019-12-19 04:00:00,12.648712,8.173706,903.7219,8.669502,48.326447,74.19806
2019-12-19 05:00:00,15.0372925,8.791138,903.4602,8.046506,46.344116,66.25358
2019-12-19 06:00:00,15.983948,8.840607,902.6579,7.2976604,41.32187,62.5627
2019-12-19 07:00:00,16.273926,8.899231,901.57196,6.7440896,33.06482,61.65989
2019-12-19 08:00:00,17.247162,8.836975,900.54584,6.6797028,26.18814,57.72357
2019-12-19 09:00:00,17.363617,8.820129,899.87646,6.940188,24.272766,57.235153
2019-12-19 10:00:00,16.093353,9.27771,899.5469,6.20343,28.442871,63.984985
2019-12-19 11:00:00,15.91394,9.239227,899.6111,6.7059665,32.90634,64.5546
2019-12-19 12:00:00,15.700165,9.26123,899.89764,6.9978156,35.721252,65.53994
2019-12-19 13:00:00,15.48703,9.180786,900.3385,7.2420278,38.573486,66.081795
2019-12-19 14:00:00,14.632355,9.142883,900.85236,7.3518653,40.903564,69.63721
2019-12-19 15:00:00,13.630188,8.795349,901.28467,7.259045,42.79007,72.58563
2019-12-19 16:00:00,13.430542,8.683838,901.39197,7.0427346,44.153442,72.982765
2019-12-19 17:00:00,12.820374,8.531921,901.19055,6.7819967,44.408783,75.17193
2019-12-19 18:00:00,12.589172,8.421265,900.79016,6.577999,43.48294,75.74913
2019-12-19 19:00:00,12.417755,8.368225,900.3508,6.444068,41.9057,76.330864
2019-12-19 20:00:00,11.810547,8.104248,899.9035,6.4095006,40.070404,78.03212
2019-12-19 21:00:00,11.657654,8.032166,899.5174,6.468448,38.10019,78.4384
2019-12-19 22:00:00,11.371887,7.8557434,899.3066,6.3094673,35.801605,78.98103
2019-12-19 23:00:00,11.234558,7.7667236,899.3207,6.5584564,34.494324,79.22099
2019-12-20 00:00:00,11.393616,7.848572,899.6057,6.740593,35.214294,78.82907
2019-12-20 01:00:00,11.344421,7.8297424,900.1563,6.976206,37.045807,78.98485
2019-12-20 02:00:00,12.136932,8.278564,900.88947,7.157305,39.42285,77.28132
2019-12-20 03:00:00,12.493225,8.429535,901.5712,7.2231784,41.73761,76.26996
2019-12-20 04:00:00,12.882477,8.584106,901.9554,6.980578,41.34836,75.132
2019-12-20 05:00:00,15.260742,9.264587,901.81506,6.5050735,36.25934,67.427284
2019-12-20 06:00:00,16.049011,9.152893,901.1828,6.145632,27.335632,63.62936
2019-12-20 07:00:00,16.256378,9.166931,900.28375,6.0553427,19.632782,62.85299
2019-12-20 08:00:00,17.245361,9.232819,899.42944,6.1198564,15.784973,59.291416
2019-12-20 09:00:00,17.306519,9.128754,898.8707,6.26537,16.677032,58.65022
2019-12-20 10:00:00,15.975555,9.443176,898.7734,5.6507535,21.277405,65.1891
2019-12-20 11:00:00,15.829712,9.406158,898.99414,6.1710935,28.550323,65.63582
2019-12-20 12:00:00,15.664917,9.400055,899.4111,6.384649,33.00836,66.30411
2019-12-20 13:00:00,15.454071,9.288635,899.94775,6.501977,38.00293,66.704
2019-12-20 14:00:00,14.503387,9.160767,900.5561,6.561779,41.799316,70.30396
2019-12-20 15:00:00,13.40509,8.711365,901.07556,6.508058,44.475006,73.24
2019-12-20 16:00:00,13.184662,8.61853,901.3494,6.407163,46.24237,73.83516
2019-12-20 17:00:00,12.476837,8.404602,901.29803,6.258893,46.79962,76.223145
2019-12-20 18:00:00,12.277893,8.264496,901.0365,6.1768947,46.069794,76.49536
2019-12-20 19:00:00,12.161621,8.19165,900.64545,6.117849,44.92993,76.7023
2019-12-20 20:00:00,11.528748,7.890167,900.30554,6.1572676,43.51068,78.34915
2019-12-20 21:00:00,11.498566,7.861725,899.9854,6.3223033,42.175964,78.35387
2019-12-20 22:00:00,11.0668335,7.53714,899.86615,6.3273573,45.839905,78.86303
2019-12-20 23:00:00,11.0416565,7.5111084,899.9154,6.467423,45.40796,78.8547
2019-12-21 00:00:00,11.159424,7.580597,900.20667,6.6503754,46.439026,78.61296
2019-12-21 01:00:00,11.051453,7.503479,900.7455,6.8568935,48.154846,78.76244
2019-12-21 02:00:00,11.707794,7.8427124,901.3346,7.052514,50.2735,77.17841
2019-12-21 03:00:00,12.054321,7.91687,901.9217,7.117742,52.713196,75.81704
2019-12-21 04:00:00,12.687927,8.293274,902.24585,6.7476907,53.627197,74.610466
2019-12-21 05:00:00,15.163239,9.0364685,902.1354,6.0973725,50.478394,66.81637
2019-12-21 06:00:00,16.031067,9.054779,901.52783,5.539934,44.295654,63.28255
2019-12-21 07:00:00,16.265594,9.076843,900.6333,5.1949515,36.904053,62.436028
2019-12-21 08:00:00,17.370697,9.117859,899.78046,5.1317725,31.775116,58.37003
2019-12-21 09:00:00,17.484802,9.154755,899.17487,5.3664603,30.650635,58.095215
2019-12-21 10:00:00,16.0195,9.162384,898.95056,5.0578313,35.79062,63.790085
2019-12-21 11:00:00,15.889282,9.127563,899.06445,5.749433,41.28723,64.17207
2019-12-21 12:00:00,15.664642,9.114624,899.4743,5.8872437,43.141876,65.043846
2019-12-21 13:00:00,15.408356,8.970978,900.10333,6.1447067,46.57956,65.48347
2019-12-21 14:00:00,14.396118,8.788269,900.77673,6.3172493,49.40985,69.03649
2019-12-21 15:00:00,13.264252,8.325226,901.2952,6.335448,52.15085,72.00836
2019-12-21 16:00:00,13.072174,8.200958,901.5203,6.2709665,54.542328,72.30459
2019-12-21 17:00:00,12.295258,7.909088,901.467,6.1806827,56.15503,74.585686
2019-12-21 18:00:00,12.047028,7.8084717,901.16956,6.08953,56.303772,75.29603
2019-12-21 19:00:00,11.915039,7.7676086,900.8251,6.0556903,55.98419,75.74243
2019-12-21 20:00:00,11.416504,7.580902,900.4732,6.0967126,54.946198,77.28751
2019-12-21 21:00:00,11.303772,7.488159,900.2416,6.1667304,53.56006,77.37522
2019-12-21 22:00:00,10.947693,7.170105,900.16583,6.455995,55.779053,77.52058
2019-12-21 23:00:00,10.887604,7.1567993,900.2511,6.5468445,55.303894,77.75976
2019-12-22 00:00:00,10.98172,7.1940002,900.6258,6.6896343,55.395996,77.47219
2019-12-22 01:00:00,10.967712,7.2416077,901.1996,6.8666453,56.22583,77.79717
2019-12-22 02:00:00,11.550568,7.5027466,901.85583,7.116787,56.912323,76.19805
2019-12-22 03:00:00,11.879456,7.626892,902.4589,7.20611,58.65149,75.195854
2019-12-22 04:00:00,12.430695,7.725769,902.7855,6.935211,59.659912,73.00853
2019-12-22 05:00:00,14.817657,8.453308,902.66736,6.273846,58.089478,65.67894
2019-12-22 06:00:00,15.767609,8.345703,902.12085,5.4911466,52.636383,61.34493
2019-12-22 07:00:00,16.06366,8.400848,901.2127,4.944287,43.28705,60.421093
2019-12-22 08:00:00,17.092804,8.285004,900.3273,4.8209376,34.46695,56.153004
2019-12-22 09:00:00,17.197418,8.233856,899.6808,5.0750556,31.18341,55.58933
2019-12-22 10:00:00,15.721741,8.328735,899.43134,5.1123986,31.72995,61.454445
2019-12-22 11:00:00,15.595001,8.204987,899.49335,5.6164174,38.294067,61.437153
2019-12-22 12:00:00,15.373322,8.180206,899.8119,5.6298127,39.734955,62.211567
2019-12-22 13:00:00,15.083313,8.030121,900.318,5.7565475,42.37732,62.738304
2019-12-22 14:00:00,14.039368,7.7810364,900.926,5.8534636,44.70764,65.98439
2019-12-22 15:00:00,13.091003,7.4603577,901.37976,5.768691,47.122437,68.66577
2019-12-22 16:00:00,12.880035,7.3143616,901.65204,5.6215963,49.250275,68.92821
2019-12-22 17:00:00,12.075012,7.0574036,901.6355,5.4337482,50.980072,71.400375
2019-12-22 18:00:00,11.930115,7.021881,901.4475,5.298246,51.862396,71.90976
2019-12-22 19:00:00,11.772858,6.9463806,901.15045,5.183123,52.054047,72.28429
2019-12-22 20:00:00,11.159027,6.7272644,900.867,5.1800046,51.272675,74.15579
2019-12-22 21:00:00,10.98996,6.591919,900.6054,5.2724686,50.353302,74.29806
2019-12-22 22:00:00,10.384613,6.232361,900.4637,4.948674,56.179504,75.460724
2019-12-22 23:00:00,10.331512,6.2110596,900.4599,5.216979,55.14447,75.61737
2019-12-23 00:00:00,10.430054,6.2579346,900.7081,5.467178,55.63861,75.36515
2019-12-23 01:00:00,10.388458,6.228363,901.2527,5.697447,57.01422,75.42058
2019-12-23 02:00:00,11.055969,6.577881,901.9238,5.964418,58.67383,73.901955
2019-12-23 03:00:00,11.387878,6.662781,902.5865,6.1857843,61.483032,72.71749
2019-12-23 04:00:00,12.068878,6.9780884,902.9285,6.135598,64.070526,71.042145
2019-12-23 05:00:00,14.471619,7.669525,902.8081,5.655474,64.95938,63.67888
2019-12-23 06:00:00,15.352631,7.753235,902.1969,4.932536,62.100616,60.511845
2019-12-23 07:00:00,15.698547,7.915283,901.3092,4.2603407,55.991577,59.841816
2019-12-23 08:00:00,16.825592,8.01239,900.43304,3.9263916,48.17929,56.064625
2019-12-23 09:00:00,17.063568,7.979828,899.82623,4.0301223,43.019043,55.103333
2019-12-23 10:00:00,15.531708,8.246063,899.44147,4.0272675,48.04196,61.8589
2019-12-23 11:00:00,15.3558655,8.1310425,899.49713,4.839796,50.374725,62.07376
2019-12-23 12:00:00,15.102203,8.105591,899.7944,5.282793,49.706482,62.984264
2019-12-23 13:00:00,14.805756,7.917816,900.29175,5.732699,52.449005,63.383335
2019-12-23 14:00:00,13.857025,7.7571106,900.88873,6.025553,55.466644,66.66072
2019-12-23 15:00:00,12.891632,7.3838806,901.3565,6.0974627,58.77481,69.20388
2019-12-23 16:00:00,12.641022,7.194092,901.5703,6.050726,61.558655,69.44178
2019-12-23 17:00:00,11.881622,6.9291077,901.5307,5.950087,63.64633,71.682755
2019-12-23 18:00:00,11.725159,6.861847,901.3143,5.8562036,64.593994,72.09307
2019-12-23 19:00:00,11.625946,6.806671,901.02014,5.770599,65.04086,72.29268
2019-12-23 20:00:00,11.119873,6.6439514,900.69885,5.7005625,64.23511,73.9243
2019-12-23 21:00:00,10.932495,6.4873962,900.44977,5.707457,62.76944,74.04792
2019-12-23 22:00:00,10.5251465,6.20813,900.3351,5.2004247,67.21121,74.63232
2019-12-23 23:00:00,10.401947,6.097595,900.34784,5.333193,64.54669,74.67615
2019-12-24 00:00:00,10.54184,6.171631,900.67365,5.4967723,63.650696,74.36195
2019-12-24 01:00:00,10.419128,6.0615845,901.29803,5.668242,63.435516,74.405464
2019-12-24 02:00:00,11.064026,6.4057617,902.08185,5.9277306,63.89099,72.99303
2019-12-24 03:00:00,11.602142,6.6539,902.7902,6.049581,65.97162,71.65087
2019-12-24 04:00:00,12.188934,7.0176697,903.23584,5.770101,67.1301,70.67466
2019-12-24 05:00:00,14.394745,7.636627,903.1461,5.066365,65.411865,63.85265
2019-12-24 06:00:00,15.396881,7.844574,902.6144,4.248503,57.92749,60.716717
2019-12-24 07:00:00,15.7066345,7.9926147,901.7547,3.6972735,44.726562,60.126198
2019-12-24 08:00:00,16.795135,7.981964,900.9666,3.6609375,30.9646,56.056995
2019-12-24 09:00:00,16.899567,8.059448,900.42773,4.0694284,24.728363,55.98096
2019-12-24 10:00:00,15.468262,8.277466,900.20874,4.5894876,23.584839,62.243355
2019-12-24 11:00:00,15.295074,8.145233,900.2699,5.3920655,30.066528,62.376457
2019-12-24 12:00:00,15.020966,8.067627,900.52325,5.7678113,32.47113,63.151085
2019-12-24 13:00:00,14.80838,7.937805,900.9688,6.157537,35.29773,63.45883
2019-12-24 14:00:00,13.893707,7.7924805,901.5422,6.49174,38.223938,66.662575
2019-12-24 15:00:00,12.833832,7.3945312,902.0414,6.6255107,40.95996,69.51657
2019-12-24 16:00:00,12.688721,7.278839,902.2823,6.6465826,43.184723,69.62748
2019-12-24 17:00:00,11.934814,6.9689026,902.20917,6.574673,44.83844,71.62703
2019-12-24 18:00:00,11.815887,6.9288635,901.96545,6.573112,45.619568,71.99291
2019-12-24 19:00:00,11.657898,6.8225403,901.59326,6.5467315,46.079285,72.21888
2019-12-24 20:00:00,11.056885,6.6365356,901.1965,6.562356,45.894867,74.195984
2019-12-24 21:00:00,10.751221,6.5075073,900.8485,6.5883417,45.31314,75.04912
2019-12-24 22:00:00,10.232147,6.195526,900.7243,6.211426,48.55258,76.03911
2019-12-24 23:00:00,10.15506,6.144165,900.65594,6.4148583,47.109467,76.16139
2019-12-25 00:00:00,10.228973,6.1768494,900.9757,6.6210303,47.317352,75.95733
2019-12-25 01:00:00,10.101898,6.0791626,901.4997,6.8896575,48.031433,76.09039
2019-12-25 02:00:00,10.684509,6.4293213,902.15045,7.129763,49.59497,74.97846
2019-12-25 03:00:00,11.089691,6.550934,902.7314,7.243443,51.551544,73.60033
2019-12-25 04:00:00,11.70163,6.9655457,903.0549,7.14581,52.127106,72.72032
2019-12-25 05:00:00,13.759033,7.4817505,902.8928,6.6883597,50.449036,65.83853
2019-12-25 06:00:00,14.660736,7.570221,902.2958,6.0879307,45.7453,62.481796
2019-12-25 07:00:00,14.937744,7.6569824,901.4331,5.578599,38.678375,61.740623
2019-12-25 08:00:00,16.033722,7.6148376,900.62646,5.3649035,30.990906,57.387497
2019-12-25 09:00:00,16.19461,7.595001,900.08154,5.468454,26.682281,56.724834
2019-12-25 10:00:00,14.767822,7.619385,899.87225,5.8507223,27.172668,62.260258
2019-12-25 11:00:00,14.701172,7.5228577,899.9727,6.448079,31.326233,62.118046
2019-12-25 12:00:00,14.43338,7.4389954,900.24243,6.717269,33.767395,62.84042
2019-12-25 13:00:00,14.115509,7.3289795,900.718,6.941903,36.12332,63.66589
2019-12-25 14:00:00,13.202423,7.2835693,901.30054,7.049202,38.162262,67.34996
2019-12-25 15:00:00,12.1319275,6.9362183,901.84064,6.99227,39.979584,70.54528
2019-12-25 16:00:00,11.923279,6.833496,902.1258,6.8188024,41.615265,71.01902
2019-12-25 17:00:00,11.144806,6.574341,902.0731,6.602119,42.665314,73.449936
2019-12-25 18:00:00,10.954834,6.4856873,901.78815,6.412583,43.261658,73.92946
2019-12-25 19:00:00,10.772247,6.3930054,901.42773,6.2319193,43.325165,74.35605
2019-12-25 20:00:00,10.207367,6.1292114,901.03076,6.153231,42.850037,75.81745
2019-12-25 21:00:00,10.086914,6.07782,900.6817,6.100177,42.0466,76.15959
2019-12-25 22:00:00,9.587952,5.61615,900.4146,5.796546,45.1073,76.27381
2019-12-25 23:00:00,9.478516,5.5393677,900.3525,5.7753434,44.73053,76.42858
2019-12-26 00:00:00,9.558807,5.653076,900.5577,5.7563076,45.444916,76.61889
2019-12-26 01:00:00,9.548187,5.6299133,901.0812,5.8075757,46.25006,76.55064
2019-12-26 02:00:00,10.289917,5.9891663,901.6946,5.8654423,48.32614,74.67526
2019-12-26 03:00:00,10.584442,6.0082703,902.2859,6.0007043,50.876556,73.31993
2019-12-26 04:00:00,11.126465,6.319763,902.6096,5.9554253,52.963837,72.26213
2019-12-26 05:00:00,12.932312,6.761017,902.53735,5.674596,52.12448,66.13816
2019-12-26 06:00:00,13.834839,6.9450684,902.0058,5.1938796,46.993256,63.15388
2019-12-26 07:00:00,14.205902,7.0779724,901.21185,4.7803273,39.473907,62.216835
2019-12-26 08:00:00,15.433258,6.911743,900.4534,4.6896963,31.451935,56.835766
2019-12-26 09:00:00,15.569397,6.893158,899.9381,4.894209,26.151428,56.270306
2019-12-26 10:00:00,14.385284,6.936371,899.71735,4.7536893,28.448883,60.90535
2019-12-26 11:00:00,14.363159,6.9174805,899.8095,5.4061346,29.902557,60.91358
2019-12-26 12:00:00,14.1788025,6.891449,900.12396,5.7266426,31.40857,61.534554
2019-12-26 13:00:00,13.830231,6.74234,900.58765,6.201947,33.354797,62.3003
2019-12-26 14:00:00,12.836029,6.6746216,901.0639,6.5393987,35.05179,66.162254
2019-12-26 15:00:00,11.851624,6.4200134,901.4601,6.677341,36.157776,69.35625
2019-12-26 16:00:00,11.625092,6.32959,901.6985,6.6633472,36.924866,69.96385
2019-12-26 17:00:00,10.859924,6.034607,901.6726,6.5597453,37.33722,72.11961
2019-12-26 18:00:00,10.630707,5.928955,901.48584,6.4889936,37.76593,72.695
2019-12-26 19:00:00,10.463409,5.827881,901.2255,6.40167,37.971222,72.99778
2019-12-26 20:00:00,10.011658,5.7075195,900.97955,6.398405,37.8685,74.60938
2019-12-26 21:00:00,9.902893,5.614929,900.6749,6.4412675,37.34442,74.67406
2019-12-26 22:00:00,9.364319,5.1500854,900.45044,5.653386,42.099243,74.96364
2019-12-26 23:00:00,9.277557,5.0849915,900.36774,5.827579,40.920135,75.06173
2019-12-27 00:00:00,9.351624,5.047333,900.6322,5.9841685,41.64862,74.49324
2019-12-27 01:00:00,9.324524,5.0025635,901.12494,6.096799,43.00592,74.39691
2019-12-27 02:00:00,9.86142,5.1688843,901.74634,6.2163997,44.932404,72.59907
2019-12-27 03:00:00,10.301086,5.2047424,902.3354,6.3578935,46.154083,70.672035
2019-12-27 04:00:00,11.030273,5.4636536,902.6811,6.344601,45.517395,68.54571
2019-12-27 05:00:00,13.057434,5.803772,902.5874,6.1713557,41.62625,61.412018
2019-12-27 06:00:00,13.905792,5.7416687,902.0404,5.9234123,35.606476,57.86328
2019-12-27 07:00:00,14.243622,5.836487,901.20776,5.781325,28.226013,56.982983
2019-12-27 08:00:00,15.322235,5.8754272,900.433,5.892947,21.868286,53.300083
2019-12-27 09:00:00,15.4565735,5.881317,899.84344,6.208014,19.032654,52.86432
2019-12-27 10:00:00,14.396454,6.130005,899.58734,6.0090275,21.197754,57.57817
2019-12-27 11:00:00,14.250275,5.9105225,899.57947,6.2352486,25.400818,57.25075
2019-12-27 12:00:00,13.943512,5.8045044,899.8329,6.3046618,27.10257,57.973377
2019-12-27 13:00:00,13.705872,5.62381,900.3297,6.597615,28.694244,58.142876
2019-12-27 14:00:00,12.688141,5.597809,900.96716,6.8273864,30.147766,62.022697
2019-12-27 15:00:00,11.553619,5.0244446,901.5531,6.824586,31.30307,64.22058
2019-12-27 16:00:00,11.391174,4.9206543,901.8632,6.764085,32.311066,64.44668
2019-12-27 17:00:00,10.685547,4.690918,901.86743,6.712711,33.138885,66.46261
2019-12-27 18:00:00,10.47644,4.576721,901.62695,6.6888776,33.554108,66.85928
2019-12-27 19:00:00,10.263702,4.4752502,901.3322,6.6580315,33.937927,67.335594
2019-12-27 20:00:00,9.734619,4.276367,901.04083,6.687906,34.15683,68.79754
2019-12-27 21:00:00,9.5373535,4.11499,900.8287,6.771888,34.518005,68.930176
2019-12-27 22:00:00,8.950867,3.9446106,900.705,6.6265373,35.57675,70.85317
2019-12-27 23:00:00,8.87262,3.885376,900.71045,6.7741985,35.872803,70.932556
2019-12-28 00:00:00,8.977692,3.8762207,900.95166,6.9908156,36.952362,70.38616
2019-12-28 01:00:00,8.933685,3.824768,901.465,7.216857,38.61444,70.34062
2019-12-28 02:00:00,9.608002,4.018738,902.151,7.559386,40.341125,68.14239
2019-12-28 03:00:00,10.001007,4.23999,902.85974,7.801718,42.941406,67.409096
2019-12-28 04:00:00,10.651123,4.5319824,903.26514,7.7253146,44.4646,65.879654
2019-12-28 05:00:00,13.134735,5.1927795,903.2266,7.454232,44.129333,58.568
2019-12-28 06:00:00,14.004944,5.262726,902.71405,7.0949636,41.325012,55.614315
2019-12-28 07:00:00,14.347992,5.3693237,901.92456,6.7629504,37.87155,54.796856
2019-12-28 08:00:00,15.799194,5.5411377,901.09644,6.6436195,34.82837,50.513668
2019-12-28 09:00:00,15.962372,5.6174927,900.5065,6.791225,33.748474,50.25496
2019-12-28 10:00:00,14.645294,6.113312,900.26373,6.638798,34.18744,56.595158
2019-12-28 11:00:00,14.478607,5.8903503,900.419,7.110877,37.449097,56.33322
2019-12-28 12:00:00,14.183197,5.8835754,900.7425,7.354866,37.489838,57.39284
2019-12-28 13:00:00,13.846252,5.743469,901.2623,7.6591544,39.11386,58.094524
2019-12-28 14:00:00,12.684387,5.5708313,901.8804,7.8811727,41.500153,61.92208
2019-12-28 15:00:00,11.6362915,5.1094055,902.4533,7.954934,43.605835,64.24952
2019-12-28 16:00:00,11.468506,5.0570374,902.747,7.950892,45.595337,64.72962
2019-12-28 17:00:00,10.68045,4.856079,902.70654,7.842876,47.161255,67.25551
2019-12-28 18:00:00,10.381897,4.6640015,902.47797,7.7272124,47.927734,67.69345
2019-12-28 19:00:00,10.24353,4.5818787,902.19135,7.6352954,48.383514,67.9307
2019-12-28 20:00:00,9.65567,4.4177246,901.90576,7.6409483,48.13257,69.85045
2019-12-28 21:00:00,9.452301,4.274994,901.6037,7.6877136,47.58084,70.106804
2019-12-28 22:00:00,8.873718,3.9004211,901.5135,7.4304886,44.617493,71.00228
2019-12-28 23:00:00,8.797394,3.8353271,901.5067,7.632327,45.045105,71.043465
2019-12-29 00:00:00,8.877014,3.91333,901.7936,7.804044,45.63678,71.0509
2019-12-29 01:00:00,8.839233,3.915039,902.3127,7.9741917,46.84778,71.24089
2019-12-29 02:00:00,9.658905,4.22171,902.9515,8.193339,47.95868,68.8835
2019-12-29 03:00:00,10.050964,4.3654785,903.5273,8.378671,50.560028,67.77714
2019-12-29 04:00:00,10.682007,4.7703247,903.8608,8.282531,52.343964,66.84762
2019-12-29 05:00:00,13.355347,5.5157166,903.7227,7.821724,51.67163,59.040348
2019-12-29 06:00:00,14.281464,5.5416565,903.1804,7.2216806,47.427002,55.694992
2019-12-29 07:00:00,14.667999,5.7864075,902.30884,6.772699,41.18683,55.25018
2019-12-29 08:00:00,16.045197,6.0602417,901.3667,6.666389,35.49054,51.54425
2019-12-29 09:00:00,16.169952,6.0595703,900.69415,6.8707523,32.436096,51.133354
2019-12-29 10:00:00,14.655548,6.5031433,900.4776,6.705874,33.470642,58.097343
2019-12-29 11:00:00,14.51889,6.3690186,900.57086,7.2514277,35.599304,58.07345
2019-12-29 12:00:00,14.213684,6.2628174,900.91016,7.4997344,35.501465,58.798935
2019-12-29 13:00:00,13.939911,6.123474,901.50726,7.7527313,37.255157,59.27893
2019-12-29 14:00:00,12.808777,5.9707947,902.09686,7.929817,39.758087,63.14337
2019-12-29 15:00:00,11.635376,5.416626,902.5948,8.032288,42.15027,65.63962
2019-12-29 16:00:00,11.413788,5.2730713,902.7757,8.077804,44.392395,65.94754
2019-12-29 17:00:00,10.558258,4.9276733,902.7007,8.077829,46.134766,68.143974
2019-12-29 18:00:00,10.326141,4.769165,902.4165,7.9875145,47.693054,68.446175
2019-12-29 19:00:00,10.181244,4.689026,902.10376,7.9200273,49.184998,68.72617
2019-12-29 20:00:00,9.475708,4.502716,901.788,7.864131,50.32965,71.12086
2019-12-29 21:00:00,9.312317,4.3881836,901.56116,7.8502436,51.027283,71.33264
2019-12-29 22:00:00,8.837799,4.153595,901.50116,7.2306776,54.60788,72.45048
2019-12-29 23:00:00,8.777527,4.1263733,901.4917,7.358895,55.15268,72.60728
2019-12-30 00:00:00,8.83783,4.153839,901.71,7.5142097,56.296997,72.45158
2019-12-30 01:00:00,8.825256,4.1408997,902.2103,7.670702,57.520996,72.44736
2019-12-30 02:00:00,9.573242,4.4117737,902.8068,7.8445864,59.547607,70.20864
2019-12-30 03:00:00,9.960175,4.6339417,903.4381,7.9768696,62.6734,69.481865
2019-12-30 04:00:00,10.722107,5.208679,903.8014,7.875024,66.19498,68.73584
2019-12-30 05:00:00,13.471069,5.9671936,903.7475,7.3404436,68.32617,60.45691
2019-12-30 06:00:00,14.432739,6.0824585,903.1733,6.50779,68.244415,57.25514
2019-12-30 07:00:00,14.767761,6.27536,902.322,5.6899786,65.65082,56.780983
2019-12-30 08:00:00,16.165405,6.423828,901.4029,5.207934,60.79123,52.448727
2019-12-30 09:00:00,16.319275,6.4561462,900.78107,5.1736755,55.83258,52.05267
2019-12-30 10:00:00,14.899872,6.9122314,900.46484,4.6712346,50.162537,58.819252
2019-12-30 11:00:00,14.739685,6.885742,900.56885,5.5627737,49.482605,59.321533
2019-12-30 12:00:00,14.401855,6.8098145,900.90936,6.1871514,48.91739,60.31434
2019-12-30 13:00:00,14.135071,6.628784,901.47797,6.7143984,50.78015,60.606342
2019-12-30 14:00:00,13.133423,6.500366,902.0924,6.996005,52.32666,64.11619
2019-12-30 15:00:00,11.823303,6.0164185,902.58,7.113731,54.28885,67.57901
2019-12-30 16:00:00,11.567657,5.869568,902.8671,7.0980406,56.03949,68.03527
2019-12-30 17:00:00,10.944183,5.762665,902.81946,6.98946,57.2507,70.38158
2019-12-30 18:00:00,10.732544,5.662506,902.52167,6.8757563,58.45627,70.885315
2019-12-30 19:00:00,10.610443,5.6066895,902.20435,6.7842903,59.23343,71.18786
2019-12-30 20:00:00,9.948975,5.321991,901.956,6.7715397,58.944763,72.94671
2019-12-30 21:00:00,9.840942,5.2391663,901.7597,6.8472114,57.93448,73.05473
2019-12-30 22:00:00,9.451813,5.0649414,901.69244,6.6355405,56.75946,74.08398
2019-12-30 23:00:00,9.41687,5.0637207,901.7296,6.956937,56.033905,74.25184
2019-12-31 00:00:00,9.453186,5.146118,901.9439,7.284086,56.10614,74.49665
2019-12-31 01:00:00,9.4487,5.233673,902.43866,7.6308966,56.802002,74.97405
2019-12-31 02:00:00,10.200714,5.585663,903.10486,8.030992,58.33603,73.05327
2019-12-31 03:00:00,10.79071,5.8220825,903.7239,8.295764,61.180603,71.395836
2019-12-31 04:00:00,11.436035,6.2695312,904.0779,8.208218,64.92786,70.55107
2019-12-31 05:00:00,13.727325,6.83609,903.9434,7.601192,68.17142,63.122906
2019-12-31 06:00:00,14.57608,6.8996277,903.3792,6.8155518,69.409485,60.008003
2019-12-31 07:00:00,15.000092,7.096161,902.5069,6.0411034,68.67935,59.1822
2019-12-31 08:00:00,16.14978,7.0849915,901.6005,5.5247664,66.888885,54.93888
2019-12-31 09:00:00,16.290344,7.1160583,900.94904,5.4044785,64.49597,54.56488
2019-12-31 10:00:00,14.945679,7.493286,900.7113,4.894725,57.871307,61.024
2019-12-31 11:00:00,14.826416,7.442566,900.8311,5.685752,55.82419,61.281895
2019-12-31 12:00:00,14.540955,7.391449,901.15204,6.1797523,55.017334,62.203007
2019-12-31 13:00:00,14.279694,7.4312744,901.67084,6.5956655,56.275024,63.434498
2019-12-31 14:00:00,13.363556,7.3608093,902.26953,6.9645348,57.87802,66.99884
2019-12-31 15:00:00,12.269775,6.993469,902.78076,7.1511006,60.15619,70.1836
2019-12-31 16:00:00,12.10733,6.943695,903.0458,7.2687235,62.55304,70.69576
2019-12-31 17:00:00,11.509155,6.8267517,903.0623,7.3372893,64.60678,72.9532
2019-12-31 18:00:00,11.3420105,6.775238,902.8259,7.4020495,65.7742,73.50402
2019-12-31 19:00:00,11.155548,6.684906,902.50867,7.4305634,66.72165,73.957436
2019-12-31 20:00:00,10.58786,6.410187,902.195,7.5258904,67.22067,75.36306
2019-12-31 21:00:00,10.325134,6.242523,901.96674,7.6525273,67.60095,75.81384
2019-12-31 22:00:00,10.033356,6.1039124,901.7597,7.3403783,71.57529,76.5706
2019-12-31 23:00:00,9.83313,5.994812,901.8378,7.516546,71.86282,77.02139
