timestamp,temperature_C,dewpoint_C,pressure_hPa,wind_speed_kmh,wind_direction_deg,relative_humidity_pct
2024-10-01 00:00:00,20.513794,17.540985,898.31696,5.064237,277.18713,83.07533
2024-10-01 01:00:00,20.59079,17.56247,898.8378,4.8969665,275.02887,82.79405
2024-10-01 02:00:00,21.986755,17.956543,899.4342,4.7914076,273.7182,77.912766
2024-10-01 03:00:00,22.574554,17.994507,899.87976,4.8795233,271.68488,75.354904
2024-10-01 04:00:00,23.007812,17.977905,899.9281,5.1181593,269.74805,73.32504
2024-10-01 05:00:00,24.782074,18.156036,899.6531,5.5892797,268.8992,66.64835
2024-10-01 06:00:00,25.514923,18.019257,899.0135,6.237921,268.93634,63.256107
2024-10-01 07:00:00,25.716858,17.884369,898.17944,6.886673,269.50912,61.974598
2024-10-01 08:00:00,26.440643,17.750397,897.31635,7.4144716,270.38034,58.878887
2024-10-01 09:00:00,26.515747,17.697052,896.6973,7.6217613,271.23438,58.422035
2024-10-01 10:00:00,25.600433,17.704163,896.43414,7.198738,271.53973,61.700134
2024-10-01 11:00:00,25.48767,17.761597,896.50037,6.326233,269.08737,62.339783
2024-10-01 12:00:00,25.098206,17.91684,896.75024,5.3916507,263.61404,64.42753
2024-10-01 13:00:00,24.788391,18.160675,897.183,4.950351,257.12082,66.64261
2024-10-01 14:00:00,23.676422,18.086273,897.86194,4.788568,249.65134,70.905716
2024-10-01 15:00:00,23.064606,18.073517,898.4886,4.8368187,243.16257,73.51395
2024-10-01 16:00:00,22.774048,18.092743,898.836,5.049807,238.77875,74.90933
2024-10-01 17:00:00,21.987366,17.888824,898.87976,5.3720136,236.28922,77.578705
2024-10-01 18:00:00,21.804138,17.90152,898.68353,5.7505364,235.11949,78.51373
2024-10-01 19:00:00,21.628448,17.88797,898.3671,6.07806,235.36322,79.29363
2024-10-01 20:00:00,21.092285,17.73642,897.9832,6.314508,236.51437,81.16389
2024-10-01 21:00:00,20.963867,17.665588,897.71155,6.461183,237.25096,81.44242
2024-10-01 22:00:00,20.490448,17.41095,897.4274,6.6704893,241.28741,82.515045
2024-10-01 23:00:00,20.426086,17.388367,897.59094,6.7576413,240.33163,82.725266
2024-10-02 00:00:00,20.633698,17.458862,897.91876,6.822094,239.51459,82.03738
2024-10-02 01:00:00,20.738037,17.557983,898.4556,6.9210553,238.22308,82.02327
2024-10-02 02:00:00,21.853424,17.789062,899.0313,7.109587,236.57501,77.72575
2024-10-02 03:00:00,22.569641,18.055847,899.46405,7.813803,237.05103,75.66854
2024-10-02 04:00:00,22.990509,18.012756,899.5889,8.629,239.8246,73.56287
2024-10-02 05:00:00,24.761627,18.114014,899.31305,9.332845,243.18976,66.55394
2024-10-02 06:00:00,25.4729,17.97992,898.75446,10.054546,246.29318,63.2576
2024-10-02 07:00:00,25.601624,17.855682,898.00073,10.613212,249.08005,62.287216
2024-10-02 08:00:00,26.271942,17.66269,897.2165,10.965479,251.60797,59.14039
2024-10-02 09:00:00,26.311005,17.477234,896.61584,11.0346985,253.89517,58.317993
2024-10-02 10:00:00,25.3172,17.499207,896.29443,10.3370905,254.11108,61.941593
2024-10-02 11:00:00,25.181763,17.462128,896.4147,9.463543,253.52611,62.2969
2024-10-02 12:00:00,24.913452,17.451996,896.71344,8.521466,250.24512,63.26066
2024-10-02 13:00:00,24.540405,17.792053,897.2395,7.9681597,246.6033,66.08817
2024-10-02 14:00:00,23.509705,17.824585,897.9521,7.7085056,242.9501,70.452614
2024-10-02 15:00:00,22.80484,17.84665,898.5325,7.663048,239.47461,73.6216
2024-10-02 16:00:00,22.56009,17.875183,898.8524,7.761883,236.66518,74.857216
2024-10-02 17:00:00,21.817139,17.721771,898.8649,7.9894257,234.69846,77.568695
2024-10-02 18:00:00,21.595581,17.698792,898.62604,8.303175,234.2395,78.5124
2024-10-02 19:00:00,21.410065,17.700745,898.25665,8.610908,234.87434,79.41879
2024-10-02 20:00:00,20.817719,17.530487,897.822,8.79327,236.2457,81.480545
2024-10-02 21:00:00,20.654663,17.493073,897.493,8.870962,237.41661,82.10853
2024-10-02 22:00:00,20.227997,17.235931,897.2664,8.750911,241.16345,82.94065
2024-10-02 23:00:00,20.144104,17.223999,897.36835,8.660611,241.68976,83.30905
2024-10-03 00:00:00,20.35196,17.322632,897.67896,8.535192,241.80832,82.76029
2024-10-03 01:00:00,20.389557,17.340607,898.2726,8.400879,241.26874,82.66223
2024-10-03 02:00:00,21.49176,17.60556,898.8868,8.58217,241.54665,78.54981
2024-10-03 03:00:00,22.059692,17.653076,899.3463,8.999264,243.50381,76.0992
2024-10-03 04:00:00,22.46109,17.614471,899.4718,9.333763,245.35843,74.08218
2024-10-03 05:00:00,24.258423,17.818268,899.2576,9.614528,246.84473,67.324776
2024-10-03 06:00:00,24.925385,17.690582,898.6866,9.95114,248.27534,64.17409
2024-10-03 07:00:00,25.092834,17.528107,897.894,10.278,249.83704,62.889046
2024-10-03 08:00:00,25.816559,17.27243,897.0747,10.496328,251.44511,59.277008
2024-10-03 09:00:00,25.866486,17.154205,896.3793,10.441158,253.03293,58.661663
2024-10-03 10:00:00,24.918854,17.033295,895.9578,10.1685705,257.28433,61.58803
2024-10-03 11:00:00,24.809387,17.042633,895.9758,9.070413,255.17094,62.028374
2024-10-03 12:00:00,24.570953,17.12091,896.30994,7.9483266,249.66183,63.23112
2024-10-03 13:00:00,24.22348,17.392548,896.9436,7.2682137,244.51208,65.67908
2024-10-03 14:00:00,23.207642,17.43216,897.70685,6.8807077,239.49188,69.99565
2024-10-03 15:00:00,22.46164,17.312164,898.3723,6.6828775,234.62642,72.679504
2024-10-03 16:00:00,22.255829,17.37024,898.7288,6.6817017,229.92654,73.86545
2024-10-03 17:00:00,21.538177,17.232086,898.7327,6.818774,226.29997,76.50145
2024-10-03 18:00:00,21.36856,17.260925,898.47406,7.0533495,224.4669,77.44122
2024-10-03 19:00:00,21.154144,17.247345,898.09985,7.2916765,224.1191,78.39882
2024-10-03 20:00:00,20.558258,17.098969,897.7107,7.4740367,224.66002,80.56583
2024-10-03 21:00:00,20.423218,17.060394,897.4621,7.544285,225.64178,81.04153
2024-10-03 22:00:00,20.042725,16.889862,897.4085,7.542871,232.10822,82.07813
2024-10-03 23:00:00,19.96231,16.892761,897.47235,7.450412,232.01953,82.50297
2024-10-04 00:00:00,20.18277,17.009857,897.8211,7.395547,231.24867,81.991325
2024-10-04 01:00:00,20.229828,17.028809,898.34906,7.408922,230.22658,81.85137
2024-10-04 02:00:00,21.50113,17.43274,899.032,7.5061646,228.91113,77.65342
2024-10-04 03:00:00,21.892181,17.338806,899.6321,7.9343777,229.41214,75.37095
2024-10-04 04:00:00,22.294739,17.336914,899.93677,8.297714,230.17618,73.53577
2024-10-04 05:00:00,23.988617,17.544708,899.8312,8.646823,231.91115,67.25436
2024-10-04 06:00:00,24.681976,17.48938,899.3017,9.072764,234.0965,64.292656
2024-10-04 07:00:00,24.858246,17.366302,898.55774,9.468847,236.8255,63.12688
2024-10-04 08:00:00,25.488464,17.211243,897.7877,9.616987,239.51505,60.20886
2024-10-04 09:00:00,25.50766,17.087372,897.1208,9.502971,242.15149,59.670704
2024-10-04 10:00:00,24.556458,16.894653,896.77856,9.35994,245.43883,62.385414
2024-10-04 11:00:00,24.375336,17.007751,896.81415,8.4401865,245.81976,63.519127
2024-10-04 12:00:00,24.10794,17.12384,897.15717,7.3721237,243.00345,65.02191
2024-10-04 13:00:00,23.807892,17.423553,897.71423,6.627161,240.50479,67.47113
2024-10-04 14:00:00,22.834778,17.513184,898.4457,6.0939813,236.92288,71.95998
2024-10-04 15:00:00,22.08133,17.404694,899.06274,5.803589,232.72104,74.81724
2024-10-04 16:00:00,21.8833,17.438507,899.42584,5.774921,229.003,75.88816
2024-10-04 17:00:00,21.246338,17.388184,899.4512,5.8834143,226.83688,78.65354
2024-10-04 18:00:00,21.041473,17.395325,899.2738,6.044972,226.18169,79.68469
2024-10-04 19:00:00,20.906982,17.437744,898.9978,6.1446824,226.88622,80.56151
2024-10-04 20:00:00,20.340454,17.249786,898.6881,6.123085,228.27126,82.43862
2024-10-04 21:00:00,20.199707,17.245361,898.4333,5.994356,229.92093,83.13536
2024-10-04 22:00:00,19.832458,17.048706,898.29584,6.0413556,236.61148,83.99527
2024-10-04 23:00:00,19.770416,17.07019,898.4389,5.7052045,238.358,84.43379
2024-10-05 00:00:00,20.00644,17.16565,898.798,5.413681,238.54025,83.71218
2024-10-05 01:00:00,20.055878,17.170135,899.408,5.140441,237.11066,83.4801
2024-10-05 02:00:00,21.068024,17.39206,900.06323,4.9226136,235.01044,79.53845
2024-10-05 03:00:00,21.523315,17.365875,900.65436,4.9776363,234.26036,77.22126
2024-10-05 04:00:00,21.874817,17.298828,900.90314,5.109999,233.78424,75.260506
2024-10-05 05:00:00,23.507019,17.451569,900.7173,5.3859115,233.53046,68.82645
2024-10-05 06:00:00,24.158417,17.393677,900.1435,5.79565,234.46155,65.94063
2024-10-05 07:00:00,24.317383,17.29422,899.40967,6.1285763,237.08835,64.905914
2024-10-05 08:00:00,24.905396,17.058289,898.6512,6.3036056,240.70407,61.73513
2024-10-05 09:00:00,24.924408,16.986206,898.07025,6.1966033,244.09091,61.384266
2024-10-05 10:00:00,24.055481,17.009857,897.69165,6.1527066,249.12778,64.75796
2024-10-05 11:00:00,23.885986,17.015625,897.8857,5.3630595,250.7001,65.44471
2024-10-05 12:00:00,23.591309,17.069153,898.26526,4.59677,248.14949,66.84198
2024-10-05 13:00:00,23.365692,17.354858,898.86945,3.9728882,244.36835,68.99311
2024-10-05 14:00:00,22.4552,17.325684,899.5952,3.5115533,237.44742,72.7701
2024-10-05 15:00:00,21.701233,17.294922,900.2278,3.2631042,229.45984,76.04388
2024-10-05 16:00:00,21.479004,17.347565,900.5623,3.2306528,222.20996,77.341484
2024-10-05 17:00:00,20.796753,17.19165,900.64124,3.3072321,218.14537,79.85796
2024-10-05 18:00:00,20.600433,17.191711,900.4832,3.376987,218.18271,80.82962
2024-10-05 19:00:00,20.390991,17.204865,900.24445,3.3157704,220.72128,81.94867
2024-10-05 20:00:00,19.87555,17.071747,899.9695,3.1960568,224.94595,83.893524
2024-10-05 21:00:00,19.78299,17.089111,899.7586,2.9701095,229.06825,84.4691
2024-10-05 22:00:00,19.473846,16.91043,899.77515,2.6655667,247.1083,85.13686
2024-10-05 23:00:00,19.409027,16.893707,899.86914,2.262216,249.12802,85.39009
2024-10-06 00:00:00,19.647156,16.96637,900.2804,1.8752557,250.0316,84.524345
2024-10-06 01:00:00,19.700836,16.97287,900.8014,1.3777119,246.98085,84.277916
2024-10-06 02:00:00,20.780731,17.288239,901.395,1.042557,232.73499,80.426445
2024-10-06 03:00:00,21.144714,17.185547,901.9006,1.0980669,214.28146,78.13821
2024-10-06 04:00:00,21.510803,17.068756,902.1625,1.247197,206.31929,75.84186
2024-10-06 05:00:00,23.23999,17.193787,901.9814,1.4677008,206.55261,68.81453
2024-10-06 06:00:00,23.90207,17.04535,901.4832,1.7211038,213.76352,65.504684
2024-10-06 07:00:00,24.087402,16.9292,900.74585,1.8710927,225.68623,64.304504
2024-10-06 08:00:00,24.734406,16.766052,899.99255,1.933145,237.83185,61.223858
2024-10-06 09:00:00,24.742737,16.658142,899.4407,1.8209171,246.52086,60.77559
2024-10-06 10:00:00,23.935455,16.703278,899.08826,2.2987053,280.31482,63.97066
2024-10-06 11:00:00,23.807587,16.72461,899.3081,1.7027632,290.41925,64.551765
2024-10-06 12:00:00,23.559052,16.80307,899.7351,1.0591627,296.61533,65.852104
2024-10-06 13:00:00,23.299866,17.052673,900.3306,0.4934275,330.85,67.956505
2024-10-06 14:00:00,22.404541,17.150238,901.0239,0.52899504,49.156006,72.18919
2024-10-06 15:00:00,21.635101,17.087677,901.5952,0.9440641,79.94571,75.35756
2024-10-06 16:00:00,21.401154,17.094208,901.87054,1.245201,95.602875,76.4759
2024-10-06 17:00:00,20.754547,16.910583,901.8307,1.3656224,107.19037,78.653305
2024-10-06 18:00:00,20.60318,16.971283,901.67505,1.3886731,117.37714,79.696
2024-10-06 19:00:00,20.41043,16.981384,901.539,1.4027168,123.569824,80.70067
2024-10-06 20:00:00,19.908203,16.817993,901.3797,1.3554986,124.98093,82.38832
2024-10-06 21:00:00,19.765594,16.813507,901.22595,1.298329,121.434235,83.09622
2024-10-06 22:00:00,19.452637,16.611115,901.25616,0.8948858,86.976776,83.64509
2024-10-06 23:00:00,19.384216,16.632477,901.3608,1.1174883,80.14694,84.115814
2024-10-07 00:00:00,19.67627,16.743652,901.70404,1.4327512,81.740204,83.18844
2024-10-07 01:00:00,19.713104,16.749146,902.22577,1.8218973,86.95563,83.02747
2024-10-07 02:00:00,20.991943,17.113037,902.8272,2.1872609,93.9942,78.51368
2024-10-07 03:00:00,21.466064,17.09137,903.3248,2.2770076,105.20679,76.15881
2024-10-07 04:00:00,21.825928,16.973816,903.50745,2.2805855,114.01996,73.94881
2024-10-07 05:00:00,23.629242,17.12796,903.3298,2.1646247,124.35187,66.93811
2024-10-07 06:00:00,24.32071,16.979889,902.7929,1.9112668,138.18762,63.61496
2024-10-07 07:00:00,24.510864,16.844482,902.0631,1.6877367,154.08984,62.35714
2024-10-07 08:00:00,25.126923,16.47998,901.28876,1.4902987,172.10559,58.729828
2024-10-07 09:00:00,25.107697,16.377686,900.6421,1.423103,185.54584,58.415676
2024-10-07 10:00:00,24.047882,16.497925,900.2686,1.2244469,232.66562,62.71636
2024-10-07 11:00:00,23.923126,16.598267,900.3296,0.8632244,223.85164,63.592495
2024-10-07 12:00:00,23.626617,16.754974,900.622,0.8387949,204.45163,65.38471
2024-10-07 13:00:00,23.376404,17.019592,901.1958,0.78004104,179.49805,67.501656
2024-10-07 14:00:00,22.426361,16.96762,901.91907,0.9934772,156.974,71.2647
2024-10-07 15:00:00,21.639893,16.874908,902.50244,1.2454247,149.50299,74.326744
2024-10-07 16:00:00,21.408905,16.894684,902.7731,1.5002512,151.24127,75.47951
2024-10-07 17:00:00,20.680664,16.784515,902.72705,1.6909964,155.06592,78.382706
2024-10-07 18:00:00,20.434906,16.756317,902.54944,1.803026,161.44928,79.43702
2024-10-07 19:00:00,20.258148,16.753021,902.2457,1.7421343,166.75092,80.29198
2024-10-07 20:00:00,19.737396,16.589508,901.90735,1.6037476,169.92114,82.06617
2024-10-07 21:00:00,19.591858,16.571106,901.5985,1.4626058,170.14447,82.71408
2024-10-07 22:00:00,19.262238,16.26892,901.4715,1.0927857,172.76233,82.81903
2024-10-07 23:00:00,19.1893,16.30484,901.56586,0.8515916,159.44415,83.38661
2024-10-08 00:00:00,19.483826,16.378357,901.8622,0.8147816,138.46555,82.25647
2024-10-08 01:00:00,19.55017,16.407776,902.3901,1.0154732,126.276794,82.07157
2024-10-08 02:00:00,20.991547,16.792297,903.0214,1.335549,124.83444,76.93587
2024-10-08 03:00:00,21.510956,16.804474,903.5994,1.6836303,136.08609,74.58144
2024-10-08 04:00:00,21.865265,16.770813,903.79016,1.9152392,149.23724,72.8279
2024-10-08 05:00:00,23.675995,16.88913,903.4894,1.9218854,164.79791,65.747696
2024-10-08 06:00:00,24.34494,16.771393,902.74896,1.8779433,186.77551,62.688393
2024-10-08 07:00:00,24.50061,16.649109,901.7812,1.9724059,212.05754,61.626457
2024-10-08 08:00:00,24.96408,16.455872,900.9357,2.1628141,230.64313,59.21174
2024-10-08 09:00:00,24.907318,16.404205,900.31604,2.203617,242.7146,59.21757
2024-10-08 10:00:00,23.875122,16.501343,899.89624,2.2233589,255.20572,63.384552
2024-10-08 11:00:00,23.671295,16.577667,899.95624,1.5090017,263.02966,64.47882
2024-10-08 12:00:00,23.346893,16.65863,900.20807,1.0190095,261.32288,66.091446
2024-10-08 13:00:00,23.147247,16.87976,900.69055,0.59472984,250.87515,67.83869
2024-10-08 14:00:00,22.311127,16.999695,901.34454,0.37207663,216.18344,71.91183
2024-10-08 15:00:00,21.480194,16.932434,901.8529,0.43608126,178.90344,75.330765
2024-10-08 16:00:00,21.329498,16.942749,902.06146,0.6201643,172.79547,76.07908
2024-10-08 17:00:00,20.699097,16.887695,901.9479,0.7896982,180.40393,78.80784
2024-10-08 18:00:00,20.534393,16.87201,901.5909,0.9220697,191.1413,79.53262
2024-10-08 19:00:00,20.375336,16.862213,901.1281,0.9400959,199.80467,80.26706
2024-10-08 20:00:00,19.823212,16.697906,900.67096,0.86593515,209.23167,82.19461
2024-10-08 21:00:00,19.652344,16.643127,900.2703,0.75234014,217.17604,82.78198
2024-10-08 22:00:00,19.279846,16.345978,899.905,0.5546897,237.6265,83.135254
2024-10-08 23:00:00,19.222382,16.364746,899.8873,0.36892253,237.02156,83.533005
2024-10-09 00:00:00,19.437347,16.427948,900.1821,0.24308847,194.3703,82.75524
2024-10-09 01:00:00,19.528503,16.463806,900.6937,0.4364071,145.22858,82.475624
2024-10-09 02:00:00,20.843018,16.822632,901.29596,0.8079412,139.72345,77.7912
2024-10-09 03:00:00,21.285278,16.778961,901.75104,1.3145406,160.93475,75.497314
2024-10-09 04:00:00,21.68097,16.653015,901.8738,1.7169172,179.91193,73.10362
2024-10-09 05:00:00,23.46991,16.753693,901.56256,2.1986463,196.46857,65.99983
2024-10-09 06:00:00,24.083954,16.67331,900.85455,2.7544546,211.5185,63.282066
2024-10-09 07:00:00,24.190094,16.498108,899.97925,3.219309,223.3116,62.18408
2024-10-09 08:00:00,24.718872,16.32721,899.0902,3.5348818,231.95311,59.5948
2024-10-09 09:00:00,24.75772,16.236938,898.4562,3.611674,237.81528,59.115757
2024-10-09 10:00:00,23.618744,16.396393,897.9572,3.3128107,253.55574,63.941795
2024-10-09 11:00:00,23.433533,16.46457,897.9211,2.4868693,260.28052,64.940796
2024-10-09 12:00:00,23.135468,16.552307,898.18866,1.8697202,259.3162,66.490326
2024-10-09 13:00:00,22.890198,16.81427,898.6971,1.2933089,252.5514,68.61657
2024-10-09 14:00:00,21.962189,16.765778,899.40955,0.9888946,230.03537,72.37531
2024-10-09 15:00:00,21.25061,16.702393,899.9434,1.0528162,203.75189,75.291176
2024-10-09 16:00:00,21.12149,16.772736,900.2227,1.3614974,192.0209,76.22963
2024-10-09 17:00:00,20.386414,16.616394,900.19275,1.6899986,190.35068,78.97034
2024-10-09 18:00:00,20.174652,16.596802,899.97534,1.9153264,194.6127,79.9107
2024-10-09 19:00:00,20.02002,16.58957,899.5547,2.011299,200.26189,80.64172
2024-10-09 20:00:00,19.503784,16.430511,899.1014,1.9720771,204.8497,82.42762
2024-10-09 21:00:00,19.400665,16.391235,898.7762,1.8899245,207.60423,82.75069
2024-10-09 22:00:00,18.943054,16.076538,898.5266,2.0139565,225.8002,83.453476
2024-10-09 23:00:00,18.88678,16.061432,898.6771,1.8250391,224.92776,83.66646
2024-10-10 00:00:00,19.12262,16.160583,898.9539,1.6034933,217.75317,82.96761
2024-10-10 01:00:00,19.190033,16.162231,899.44495,1.5462043,206.0434,82.62854
2024-10-10 02:00:00,20.414124,16.455963,899.9905,1.7954354,194.20673,78.03541
2024-10-10 03:00:00,20.842773,16.405243,900.45557,2.4659224,197.15207,75.75648
2024-10-10 04:00:00,21.250153,16.267883,900.5726,3.0139623,203.6427,73.241104
2024-10-10 05:00:00,23.115784,16.46109,900.3021,3.5041683,210.29118,66.18448
2024-10-10 06:00:00,23.66095,16.362335,899.68164,3.9247613,217.46883,63.64134
2024-10-10 07:00:00,23.810272,16.26529,898.77405,4.221192,224.13365,62.683342
2024-10-10 08:00:00,24.362549,16.111786,897.9232,4.3690896,229.90411,60.04877
2024-10-10 09:00:00,24.320038,16.056885,897.2721,4.2655435,233.8066,59.991444
2024-10-10 10:00:00,23.35379,16.130035,896.9253,4.363952,248.44061,63.878407
2024-10-10 11:00:00,23.215363,16.134186,897.0324,3.341191,250.30212,64.43172
2024-10-10 12:00:00,22.983948,16.149323,897.3071,2.549174,246.43518,65.40289
2024-10-10 13:00:00,22.682312,16.487244,897.83936,2.0127108,238.61572,68.05824
2024-10-10 14:00:00,21.714752,16.472748,898.54193,1.5926212,220.13162,72.12172
2024-10-10 15:00:00,21.0159,16.378479,899.16705,1.5766636,199.83131,74.826935
2024-10-10 16:00:00,20.87558,16.396637,899.489,1.8532053,187.90773,75.56238
2024-10-10 17:00:00,20.205536,16.326813,899.4846,2.2185647,185.90291,78.4002
2024-10-10 18:00:00,19.991486,16.325562,899.25555,2.5201066,188.39406,79.43896
2024-10-10 19:00:00,19.826294,16.312561,898.8731,2.6825774,192.91475,80.1897
2024-10-10 20:00:00,19.261078,16.099274,898.4511,2.7295535,196.50774,81.93413
2024-10-10 21:00:00,19.084259,16.046509,898.1844,2.7219193,198.82962,82.563286
2024-10-10 22:00:00,18.713013,15.806,898.11975,2.509137,210.76454,83.21108
2024-10-10 23:00:00,18.626556,15.751892,898.23846,2.3312342,210.65443,83.37329
2024-10-11 00:00:00,18.864227,15.822662,898.5787,2.1536422,205.55106,82.51642
2024-10-11 01:00:00,18.923065,15.814148,899.1066,2.203024,197.40536,82.169136
2024-10-11 02:00:00,20.100739,16.122833,899.79,2.3831415,194.8088,77.890816
2024-10-11 03:00:00,20.523651,15.92514,900.3638,2.777241,198.72896,74.93115
2024-10-11 04:00:00,20.956512,15.762665,900.489,3.171559,204.92447,72.20697
2024-10-11 05:00:00,22.758118,15.815643,900.2447,3.5361512,211.07971,64.90621
2024-10-11 06:00:00,23.338257,15.710785,899.60486,3.797329,219.02168,62.24877
2024-10-11 07:00:00,23.489777,15.650421,898.8415,3.9938228,228.27791,61.444485
2024-10-11 08:00:00,24.096283,15.451538,898.03766,4.113795,237.1222,58.49287
2024-10-11 09:00:00,24.088013,15.306641,897.50244,4.0128474,241.83737,57.980503
2024-10-11 10:00:00,23.228546,15.428925,897.12836,4.1438727,256.96118,61.54148
2024-10-11 11:00:00,23.071808,15.373535,897.27954,3.0847762,252.69595,61.907093
2024-10-11 12:00:00,22.876068,15.4904175,897.6671,2.409542,239.84018,63.116234
2024-10-11 13:00:00,22.637634,15.868683,898.23236,2.0782468,224.74867,65.60433
2024-10-11 14:00:00,21.592102,15.854797,898.9782,2.0359132,204.68665,69.857376
2024-10-11 15:00:00,20.82135,15.702423,899.63745,2.3470209,189.97992,72.52959
2024-10-11 16:00:00,20.61267,15.694824,899.9468,2.7513871,182.79082,73.43184
2024-10-11 17:00:00,19.81958,15.528961,899.93024,3.1290443,181.33054,76.30646
2024-10-11 18:00:00,19.56314,15.467804,899.77026,3.4168868,182.79004,77.22723
2024-10-11 19:00:00,19.38092,15.424408,899.4649,3.5680828,186.03438,77.88992
2024-10-11 20:00:00,18.83432,15.292664,899.0932,3.538321,188.72775,79.911194
2024-10-11 21:00:00,18.708954,15.250061,898.85913,3.4182312,190.18222,80.31973
2024-10-11 22:00:00,18.276428,14.912567,898.7505,3.142084,201.17825,80.75372
2024-10-11 23:00:00,18.226685,14.916046,898.9313,2.6881278,197.68237,81.024315
2024-10-12 00:00:00,18.47467,15.047211,899.34454,2.3492734,188.56467,80.450424
2024-10-12 01:00:00,18.531311,15.076324,899.966,2.2710443,176.29749,80.31581
2024-10-12 02:00:00,19.903137,15.4114685,900.62006,2.4878204,166.21002,75.342766
2024-10-12 03:00:00,20.592133,15.282043,901.15924,2.8857512,166.46777,71.60525
2024-10-12 04:00:00,21.108276,15.19397,901.33453,3.2691727,173.59998,68.97633
2024-10-12 05:00:00,22.88269,15.208466,901.16656,3.4764044,183.1669,61.959858
2024-10-12 06:00:00,23.449982,15.131317,900.57794,3.458711,194.39943,59.5752
2024-10-12 07:00:00,23.610168,15.063232,899.8248,3.2959654,205.92255,58.745026
2024-10-12 08:00:00,24.303558,14.791473,899.0471,3.0476213,216.0709,55.370583
2024-10-12 09:00:00,24.3255,14.714142,898.5144,2.7322607,222.67795,55.022873
2024-10-12 10:00:00,23.3703,14.916901,898.1562,2.5074017,242.2067,59.04239
2024-10-12 11:00:00,23.237762,14.989258,898.3084,1.5705489,224.5837,59.794617
2024-10-12 12:00:00,23.023407,15.160156,898.74164,1.1972073,192.00705,61.243904
2024-10-12 13:00:00,22.760773,15.463226,899.3264,1.5004787,161.5777,63.44811
2024-10-12 14:00:00,21.626892,15.438385,900.0481,2.065274,147.4841,67.87532
2024-10-12 15:00:00,20.839386,15.233368,900.6089,2.6105263,145.80457,70.30328
2024-10-12 16:00:00,20.590454,15.288208,900.8569,3.0376124,148.37274,71.64098
2024-10-12 17:00:00,19.751709,15.191803,900.7852,3.351437,153.5841,74.988625
2024-10-12 18:00:00,19.537628,15.193878,900.548,3.5563755,157.42621,76.00201
2024-10-12 19:00:00,19.374329,15.152191,900.2124,3.5767703,160.56317,76.57213
2024-10-12 20:00:00,18.800232,14.988403,899.8569,3.4170218,161.73376,78.53093
2024-10-12 21:00:00,18.669586,14.969299,899.60693,3.1553051,160.97284,79.077644
2024-10-12 22:00:00,18.292145,14.646179,899.358,2.7642071,174.93964,79.30109
2024-10-12 23:00:00,18.218903,14.64563,899.5481,2.359362,168.77173,79.6635
2024-10-13 00:00:00,18.478668,14.740906,899.98047,2.1585135,156.92786,78.859634
2024-10-13 01:00:00,18.536469,14.795837,900.57666,2.271467,143.66693,78.853386
2024-10-13 02:00:00,20.072693,15.268524,901.2115,2.7682073,135.73819,73.87524
2024-10-13 03:00:00,20.58191,15.165405,901.69354,3.245339,139.63641,71.115654
2024-10-13 04:00:00,21.030975,15.143555,901.83264,3.4854019,147.40118,69.080444
2024-10-13 05:00:00,22.93103,15.2968445,901.49054,3.4515543,156.16003,62.130272
2024-10-13 06:00:00,23.523102,15.218567,900.8143,3.15987,166.98596,59.646523
2024-10-13 07:00:00,23.68164,15.1258545,899.9696,2.790081,177.65924,58.728634
2024-10-13 08:00:00,24.340332,15.007507,899.22675,2.390414,186.08858,56.022507
2024-10-13 09:00:00,24.355804,14.912262,898.66724,2.005456,190.07669,55.628597
2024-10-13 10:00:00,23.240906,15.241974,898.30444,2.009232,232.47708,60.762257
2024-10-13 11:00:00,23.086304,15.278168,898.40845,1.314541,214.25777,61.47545
2024-10-13 12:00:00,22.814697,15.464569,898.7391,1.0772021,184.81323,63.246475
2024-10-13 13:00:00,22.549255,15.739655,899.2556,1.4057243,155.83313,65.4154
2024-10-13 14:00:00,21.520721,15.73764,899.91956,1.9317157,144.87457,69.639534
2024-10-13 15:00:00,20.68399,15.572296,900.45416,2.4305968,142.39746,72.53869
2024-10-13 16:00:00,20.442413,15.630371,900.67084,2.8737392,142.93536,73.90135
2024-10-13 17:00:00,19.641571,15.522034,900.59344,3.2208676,144.92773,77.11958
2024-10-13 18:00:00,19.444,15.4591675,900.36273,3.3946493,146.97794,77.758095
2024-10-13 19:00:00,19.29126,15.407196,900.02966,3.3526595,149.12842,78.23927
2024-10-13 20:00:00,18.764069,15.260345,899.6811,3.1932204,149.46707,80.09636
2024-10-13 21:00:00,18.631775,15.245911,899.4324,2.9915843,148.49536,80.68684
2024-10-13 22:00:00,18.234253,14.983276,899.3446,2.4151542,162.21844,81.33701
2024-10-13 23:00:00,18.151886,14.954071,899.3795,2.1962876,155.98541,81.60511
2024-10-14 00:00:00,18.400696,15.078796,899.7238,2.1628368,146.22464,80.9885
2024-10-14 01:00:00,18.490723,15.134277,900.2946,2.3162868,137.0293,80.82072
2024-10-14 02:00:00,20.000488,15.627441,900.96844,2.7255993,132.52475,75.93344
2024-10-14 03:00:00,20.574738,15.554382,901.51294,3.101974,137.29794,72.944885
2024-10-14 04:00:00,21.038788,15.547913,901.65735,3.2758994,147.18329,70.86209
2024-10-14 05:00:00,22.934082,15.62561,901.40857,3.1343234,159.08417,63.441868
2024-10-14 06:00:00,23.556885,15.555908,900.76794,2.8683622,174.16595,60.82716
2024-10-14 07:00:00,23.692719,15.488068,899.9651,2.5764825,189.91338,60.069805
2024-10-14 08:00:00,24.271515,15.199066,899.09424,2.3405144,204.32312,56.951027
2024-10-14 09:00:00,24.272247,15.116425,898.4485,2.0413256,215.3718,56.64692
2024-10-14 10:00:00,23.214935,15.427399,898.0412,2.5079286,249.11618,61.5861
2024-10-14 11:00:00,23.013336,15.512146,898.14136,1.6395041,245.72261,62.68106
2024-10-14 12:00:00,22.78061,15.611694,898.4879,1.2312205,226.47444,63.97752
2024-10-14 13:00:00,22.516205,15.924408,899.0373,1.1978705,201.49915,66.325516
2024-10-14 14:00:00,21.549347,16.058197,899.7449,1.3594798,184.63953,70.95602
2024-10-14 15:00:00,20.775055,15.84729,900.35803,1.6517857,175.91254,73.41348
2024-10-14 16:00:00,20.533417,15.833984,900.63025,1.9787415,174.62762,74.45113
2024-10-14 17:00:00,19.874115,15.717163,900.5875,2.274808,177.97876,76.970856
2024-10-14 18:00:00,19.63379,15.642822,900.3734,2.4763403,182.91454,77.75601
2024-10-14 19:00:00,19.469635,15.644897,899.98334,2.4991899,188.0113,78.563446
2024-10-14 20:00:00,18.941528,15.513916,899.5725,2.3944695,191.34952,80.512405
2024-10-14 21:00:00,18.746948,15.402649,899.23157,2.1879387,193.76808,80.91762
2024-10-14 22:00:00,18.522491,15.355957,899.0666,1.9971061,218.77228,81.81646
2024-10-14 23:00:00,18.4599,15.354614,899.10156,1.7906684,221.81412,82.13071
2024-10-15 00:00:00,18.668762,15.423157,899.4446,1.5722735,219.03775,81.421165
2024-10-15 01:00:00,18.722046,15.403839,900.05347,1.3580548,209.85454,81.04986
2024-10-15 02:00:00,19.944641,15.733002,900.73773,1.2601686,198.46939,76.71296
2024-10-15 03:00:00,20.384125,15.656982,901.288,1.2234149,194.60051,74.294136
2024-10-15 04:00:00,20.89975,15.457794,901.4984,1.2714382,200.35266,71.05864
2024-10-15 05:00:00,22.732117,15.378235,901.219,1.4413868,218.0785,63.213
2024-10-15 06:00:00,23.354553,15.369659,900.5863,1.8512055,237.10971,60.843258
2024-10-15 07:00:00,23.496368,15.210785,899.73083,2.418498,252.88623,59.712875
2024-10-15 08:00:00,24.083496,15.077026,898.8936,2.9733381,264.05423,57.147068
2024-10-15 09:00:00,24.124634,14.952942,898.3189,3.3824527,271.87897,56.55293
2024-10-15 10:00:00,23.119019,15.104584,897.96014,4.317496,284.78195,60.67361
2024-10-15 11:00:00,22.990997,15.094055,898.06213,3.5986607,285.17786,61.10399
2024-10-15 12:00:00,22.775085,15.287659,898.3667,2.8322837,280.96237,62.683147
2024-10-15 13:00:00,22.523438,15.546661,898.9754,2.197506,276.3226,64.71362
2024-10-15 14:00:00,21.528107,15.533234,899.69025,1.7459587,266.24597,68.70313
2024-10-15 15:00:00,20.762695,15.272217,900.26385,1.5717933,250.69972,70.81224
2024-10-15 16:00:00,20.557343,15.340546,900.5366,1.6921768,237.62494,72.02889
2024-10-15 17:00:00,19.816254,15.145111,900.47235,1.9155879,230.75992,74.46536
2024-10-15 18:00:00,19.607758,15.146759,900.23096,2.1921287,228.05322,75.44293
2024-10-15 19:00:00,19.409515,15.109467,899.74664,2.3557167,228.5763,76.19524
2024-10-15 20:00:00,18.774872,14.922028,899.32544,2.393902,230.28346,78.320206
2024-10-15 21:00:00,18.616058,14.867645,898.9782,2.308374,232.32123,78.82534
2024-10-15 22:00:00,18.146149,14.640167,898.9027,2.1897044,240.30203,79.99996
2024-10-15 23:00:00,18.0466,14.605621,898.952,2.07131,239.99347,80.322556
2024-10-16 00:00:00,18.276947,14.697113,899.2424,1.8497161,234.44318,79.637886
2024-10-16 01:00:00,18.341187,14.7543335,899.7745,1.6089165,223.27118,79.61084
2024-10-16 02:00:00,19.76651,15.172119,900.34814,1.5906198,205.9182,74.825165
2024-10-16 03:00:00,20.293549,15.158783,900.8443,2.0012538,194.19775,72.36158
2024-10-16 04:00:00,20.864258,15.112854,901.0086,2.7386243,197.57185,69.65441
2024-10-16 05:00:00,22.889221,15.082214,900.7312,3.436524,208.9263,61.434925
2024-10-16 06:00:00,23.562286,15.00827,900.0595,4.117557,220.65164,58.706867
2024-10-16 07:00:00,23.735626,14.933411,899.16675,4.719904,230.51736,57.81799
2024-10-16 08:00:00,24.388031,14.798889,898.3248,5.1452174,237.49539,55.117393
2024-10-16 09:00:00,24.391235,14.750458,897.72046,5.2489657,242.33984,54.935066
2024-10-16 10:00:00,23.262177,14.950714,897.4959,5.1838646,250.51974,59.55859
2024-10-16 11:00:00,23.09314,15.115387,897.5482,4.2211943,249.09926,60.810844
2024-10-16 12:00:00,22.792633,15.3732605,897.8192,3.4135766,244.23418,62.9614
2024-10-16 13:00:00,22.471313,15.53891,898.2886,2.8284266,236.68353,64.88665
2024-10-16 14:00:00,21.47345,15.613617,898.96875,2.5131316,228.9731,69.28917
2024-10-16 15:00:00,20.743927,15.462494,899.56506,2.445134,220.74854,71.76477
2024-10-16 16:00:00,20.597992,15.492065,899.89844,2.582521,214.60887,72.55016
2024-10-16 17:00:00,19.890747,15.387238,899.9075,2.8145263,211.90645,75.283554
2024-10-16 18:00:00,19.638031,15.357178,899.72424,2.9836724,211.39877,76.325516
2024-10-16 19:00:00,19.480133,15.326111,899.419,3.088652,212.906,76.92435
2024-10-16 20:00:00,18.944458,15.212128,899.0296,3.0602767,214.76726,78.95421
2024-10-16 21:00:00,18.777618,15.216309,898.6912,2.967818,215.38756,79.80258
2024-10-16 22:00:00,18.418488,14.927673,898.43164,2.6794775,227.48131,80.11558
2024-10-16 23:00:00,18.337463,14.956329,898.527,2.5082731,221.79762,80.67213
2024-10-17 00:00:00,18.602417,15.109558,898.9314,2.3704295,213.45113,80.13017
2024-10-17 01:00:00,18.66034,15.147797,899.5245,2.3682675,204.36287,80.03678
2024-10-17 02:00:00,19.998932,15.582184,900.2187,2.6159842,195.19243,75.721016
2024-10-17 03:00:00,20.447693,15.442841,900.77344,3.1294088,198.23933,72.99499
2024-10-17 04:00:00,20.777863,15.291779,900.978,3.701021,202.18892,70.835075
2024-10-17 05:00:00,22.802887,15.526184,900.80475,4.2403655,209.33656,63.5422
2024-10-17 06:00:00,23.511444,15.422943,900.20306,4.730145,217.66939,60.47645
2024-10-17 07:00:00,23.715393,15.360779,899.416,5.060102,224.88557,59.500237
2024-10-17 08:00:00,24.313171,15.186829,898.6092,5.210503,230.36372,56.764366
2024-10-17 09:00:00,24.308807,15.172241,897.96606,5.1234603,234.49474,56.726044
2024-10-17 10:00:00,23.17865,15.315582,897.5213,4.4978213,247.44135,61.280148
2024-10-17 11:00:00,23.01004,15.412811,897.61615,3.670762,245.41533,62.295605
2024-10-17 12:00:00,22.724365,15.543884,897.96234,2.9569874,240.35033,63.917862
2024-10-17 13:00:00,22.471619,15.80304,898.50024,2.3889732,227.77385,65.99159
2024-10-17 14:00:00,21.49121,15.812317,899.1068,2.235119,210.95631,70.09937
2024-10-17 15:00:00,20.706787,15.70105,899.613,2.3413854,198.55057,73.03643
2024-10-17 16:00:00,20.487244,15.753876,899.87897,2.5684805,191.03409,74.28195
2024-10-17 17:00:00,19.783691,15.641602,899.8699,2.8146627,188.52089,77.03014
2024-10-17 18:00:00,19.545044,15.586578,899.65875,3.025678,188.27489,77.904686
2024-10-17 19:00:00,19.328918,15.577728,899.2922,3.1407678,189.34415,78.91389
2024-10-17 20:00:00,18.667358,15.342712,898.84143,3.1450267,191.1577,81.00924
2024-10-17 21:00:00,18.573456,15.350739,898.454,3.0733333,192.20207,81.528534
2024-10-17 22:00:00,18.206207,15.172882,898.2051,2.8534465,202.63652,82.47967
2024-10-17 23:00:00,18.134186,15.180786,898.3664,2.7861824,200.9055,82.89552
2024-10-18 00:00:00,18.4068,15.293091,898.764,2.7312276,195.65488,82.079704
2024-10-18 01:00:00,18.464539,15.342651,899.3778,2.7877176,189.13005,82.04385
2024-10-18 02:00:00,19.69342,15.67453,900.04016,3.1050482,182.39752,77.626114
2024-10-18 03:00:00,20.24884,15.608368,900.62164,3.6368303,184.16222,74.68467
2024-10-18 04:00:00,20.709625,15.461182,900.8732,4.0816336,189.67915,71.91045
2024-10-18 05:00:00,22.720459,15.623108,900.6281,4.371707,197.08017,64.25821
2024-10-18 06:00:00,23.34793,15.608795,899.96906,4.570285,204.29378,61.80764
2024-10-18 07:00:00,23.471832,15.472748,899.1021,4.7113056,210.9497,60.814953
2024-10-18 08:00:00,24.129517,15.199646,898.30304,4.800717,216.6713,57.44029
2024-10-18 09:00:00,24.144287,15.227509,897.76953,4.811698,221.00967,57.49218
2024-10-18 10:00:00,23.00708,15.477142,897.515,4.3243294,234.83821,62.564266
2024-10-18 11:00:00,22.829071,15.581024,897.72437,3.78783,232.10208,63.6647
2024-10-18 12:00:00,22.62033,15.7048645,898.12506,3.4686265,228.17693,64.98895
2024-10-18 13:00:00,22.386017,15.966766,898.77124,3.2424521,221.85164,67.03345
2024-10-18 14:00:00,21.355927,15.909485,899.4902,3.1037223,214.11731,71.12289
2024-10-18 15:00:00,20.566223,15.723206,899.9919,3.2113347,207.91806,73.77621
2024-10-18 16:00:00,20.376556,15.758453,900.2315,3.469021,204.88112,74.81297
2024-10-18 17:00:00,19.650269,15.624634,900.27014,3.7624161,204.23482,77.58611
2024-10-18 18:00:00,19.391876,15.551178,900.1551,3.937873,205.9639,78.47184
2024-10-18 19:00:00,19.172638,15.485626,899.9188,3.9874277,209.44739,79.216705
2024-10-18 20:00:00,18.615845,15.2933655,899.61084,3.894353,213.21565,81.01372
2024-10-18 21:00:00,18.477081,15.241516,899.40656,3.7117777,216.22148,81.44897
2024-10-18 22:00:00,18.05307,15.004425,899.2766,3.7359884,231.29214,82.379684
2024-10-18 23:00:00,17.955566,14.945251,899.4789,3.3049679,232.16702,82.57116
2024-10-19 00:00:00,18.250244,15.023163,899.94025,2.8539994,231.21947,81.464195
2024-10-19 01:00:00,18.271759,15.033264,900.5745,2.3625245,227.54872,81.4072
2024-10-19 02:00:00,19.401184,15.246918,901.3192,2.03695,222.70198,76.91088
2024-10-19 03:00:00,19.80655,15.130066,901.93005,1.89218,222.31656,74.438194
2024-10-19 04:00:00,20.350647,14.885071,902.14484,1.9585867,228.68814,70.848465
2024-10-19 05:00:00,22.279541,14.968231,901.90125,2.1133657,239.94894,63.285828
2024-10-19 06:00:00,22.933563,14.744263,901.31024,2.4249148,249.5145,59.95156
2024-10-19 07:00:00,23.103455,14.652924,900.49915,2.7053432,255.81552,58.989887
2024-10-19 08:00:00,23.811005,14.342621,899.7614,2.961337,259.9676,55.403908
2024-10-19 09:00:00,23.835876,14.289246,899.16284,2.9751415,262.43292,55.13044
2024-10-19 10:00:00,22.6156,14.450012,898.8309,3.4559798,273.28064,59.96877
2024-10-19 11:00:00,22.46634,14.479523,898.9218,2.816667,266.46045,60.63033
2024-10-19 12:00:00,22.213867,14.5842285,899.27954,2.3680367,256.392,61.986206
2024-10-19 13:00:00,21.971924,14.81839,899.8354,2.0187387,243.86588,63.86391
2024-10-19 14:00:00,20.911346,14.722107,900.47815,1.8668916,230.00003,67.72778
2024-10-19 15:00:00,20.063202,14.511688,900.9637,1.9023576,218.2284,70.4029
2024-10-19 16:00:00,19.903748,14.565826,901.2449,2.1288517,209.25412,71.350365
2024-10-19 17:00:00,19.192749,14.462677,901.3325,2.3872533,205.01234,74.077484
2024-10-19 18:00:00,18.937866,14.339386,901.19055,2.5842974,204.51793,74.666794
2024-10-19 19:00:00,18.75415,14.339569,900.83624,2.6602814,205.30894,75.52939
2024-10-19 20:00:00,18.299347,14.149658,900.4279,2.5823798,206.2664,76.761856
2024-10-19 21:00:00,18.101776,14.078186,900.1968,2.4344318,205.07774,77.36069
2024-10-19 22:00:00,17.707,13.821503,899.93774,2.4622,215.84679,77.9966
2024-10-19 23:00:00,17.637695,13.786957,900.2287,2.3849847,213.07175,78.16246
2024-10-20 00:00:00,17.843353,13.920105,900.7407,2.2710285,209.60686,77.82621
2024-10-20 01:00:00,17.856445,13.862701,901.4105,2.0290604,202.57532,77.47297
2024-10-20 02:00:00,19.200958,14.316437,902.1097,2.0392356,190.46497,73.343025
2024-10-20 03:00:00,19.574646,14.257996,902.6337,2.3612351,185.39891,71.38757
2024-10-20 04:00:00,20.079071,14.172821,902.8308,2.777122,189.56444,68.80942
2024-10-20 05:00:00,22.165985,14.370941,902.58966,2.967308,200.76088,61.316605
2024-10-20 06:00:00,22.788116,14.472565,901.93005,3.0629237,216.2866,59.431034
2024-10-20 07:00:00,22.93869,14.4592285,901.08795,3.1034033,232.11108,58.840637
2024-10-20 08:00:00,23.684265,14.378723,900.29193,3.070623,243.92873,55.958576
2024-10-20 09:00:00,23.726105,14.435364,899.7177,2.9450657,253.02591,56.022514
2024-10-20 10:00:00,22.559906,14.5972595,899.4162,3.4335334,260.50644,60.74672
2024-10-20 11:00:00,22.396454,14.574921,899.5114,2.7527962,263.5476,61.26464
2024-10-20 12:00:00,22.141418,14.793335,899.76514,2.121794,262.58975,63.10556
2024-10-20 13:00:00,21.876556,14.9328,900.19885,1.6236527,257.5334,64.71162
2024-10-20 14:00:00,20.955841,14.909363,900.8374,1.2518877,245.1489,68.36255
2024-10-20 15:00:00,20.21225,14.753937,901.3973,1.1270473,227.20021,70.85569
2024-10-20 16:00:00,19.996674,14.777527,901.75977,1.2813612,211.94907,71.91621
2024-10-20 17:00:00,19.231018,14.628845,901.8144,1.5254,207.24445,74.6982
2024-10-20 18:00:00,18.94989,14.570404,901.6376,1.7102356,208.17345,75.73271
2024-10-20 19:00:00,18.74765,14.577454,901.3349,1.8038658,212.26732,76.73028
2024-10-20 20:00:00,18.104584,14.338318,901.03204,1.7821462,217.79839,78.66046
2024-10-20 21:00:00,18.005829,14.29071,900.8268,1.720514,222.99069,78.90677
2024-10-20 22:00:00,17.563782,14.089355,900.62415,1.9411254,228.69981,80.08315
2024-10-20 23:00:00,17.488983,14.056091,900.71124,1.8879976,231.51553,80.28874
2024-10-21 00:00:00,17.69809,14.164612,901.04474,1.8040602,232.68181,79.795975
2024-10-21 01:00:00,17.68338,14.145142,901.6219,1.66306,231.35654,79.76934
2024-10-21 02:00:00,18.990875,14.5286255,902.3191,1.5445147,228.9713,75.33584
2024-10-21 03:00:00,19.506104,14.424774,902.8289,1.4722906,228.90376,72.469536
2024-10-21 04:00:00,20.040741,14.36087,902.94025,1.4994416,229.97026,69.81712
2024-10-21 05:00:00,22.039581,14.421417,902.6096,1.6362706,234.82233,61.99261
2024-10-21 06:00:00,22.73526,14.443359,901.9637,1.9128246,243.70801,59.509422
2024-10-21 07:00:00,22.929993,14.469971,901.1621,2.271429,253.66023,58.91249
2024-10-21 08:00:00,23.664703,14.246429,900.35126,2.6149647,262.24344,55.547215
2024-10-21 09:00:00,23.694397,14.235443,899.7106,2.790222,268.26083,55.408573
2024-10-21 10:00:00,22.413513,14.40271,899.3283,2.7100968,262.2011,60.524166
2024-10-21 11:00:00,22.314545,14.448578,899.4054,2.389132,262.32996,61.070282
2024-10-21 12:00:00,22.0943,14.70166,899.73236,1.9797858,265.0155,62.91411
2024-10-21 13:00:00,21.82013,14.774078,900.26294,1.4845052,260.50867,64.274475
2024-10-21 14:00:00,20.736847,14.765503,900.9242,1.1361711,250.12001,68.6506
2024-10-21 15:00:00,19.823486,14.502472,901.45044,0.9967316,236.2615,71.41345
2024-10-21 16:00:00,19.61554,14.497192,901.7071,1.0737965,225.94476,72.31612
2024-10-21 17:00:00,18.816742,14.339996,901.74854,1.1912733,223.44337,75.23665
2024-10-21 18:00:00,18.57306,14.26947,901.6354,1.3335357,227.18597,76.04415
2024-10-21 19:00:00,18.355743,14.18573,901.3675,1.3913635,235.29662,76.66973
2024-10-21 20:00:00,17.84906,13.996002,900.97,1.3705006,246.1765,78.18213
2024-10-21 21:00:00,17.618744,13.902252,900.65985,1.3329346,255.81604,78.843796
2024-10-21 22:00:00,17.190063,13.786499,900.57,1.3494188,245.98894,80.40096
2024-10-21 23:00:00,17.143158,13.778656,900.7188,1.3274963,255.20682,80.59884
2024-10-22 00:00:00,17.386688,13.881195,901.1153,1.1892738,263.55026,79.89758
2024-10-22 01:00:00,17.437836,13.9151,901.6716,0.97703826,270.81012,79.81534
2024-10-22 02:00:00,19.019257,14.43689,902.2751,0.60763884,265.55804,74.75829
2024-10-22 03:00:00,19.528625,14.427063,902.73126,0.5707554,225.36412,72.37891
2024-10-22 04:00:00,20.055786,14.503601,902.88306,1.001609,203.75348,70.39843
2024-10-22 05:00:00,22.267273,14.703613,902.57874,1.4333684,212.8846,62.262707
2024-10-22 06:00:00,23.00885,14.761322,901.9294,1.7656223,231.75328,59.744602
2024-10-22 07:00:00,23.196716,14.732697,901.0568,2.105216,247.4617,58.960777
2024-10-22 08:00:00,23.999817,14.557739,900.26874,2.3941643,258.64142,55.545277
2024-10-22 09:00:00,24.060883,14.546356,899.755,2.5775433,266.72476,55.301292
2024-10-22 10:00:00,22.664429,14.817505,899.432,2.9303787,257.33105,61.225872
2024-10-22 11:00:00,22.573181,14.927124,899.5759,2.5671413,261.42267,62.002045
2024-10-22 12:00:00,22.346771,15.179932,899.9155,2.2890244,266.58313,63.891304
2024-10-22 13:00:00,22.089722,15.319489,900.4264,1.8596829,268.36053,65.48313
2024-10-22 14:00:00,20.970062,15.319061,901.0118,1.5311793,266.33548,70.125374
2024-10-22 15:00:00,20.07425,15.0355835,901.4511,1.3368918,261.13992,72.77073
2024-10-22 16:00:00,19.83551,15.029572,901.6306,1.2991397,254.37317,73.82611
2024-10-22 17:00:00,19.15564,14.864746,901.5552,1.3544105,249.03714,76.19969
2024-10-22 18:00:00,18.949982,14.82843,901.3311,1.5271657,248.00203,77.00289
2024-10-22 19:00:00,18.740967,14.757324,900.96545,1.6840061,249.27895,77.65808
2024-10-22 20:00:00,18.150208,14.583282,900.5837,1.7577107,251.98027,79.68653
2024-10-22 21:00:00,18.033508,14.597565,900.3194,1.7523468,254.55116,80.34687
2024-10-22 22:00:00,17.61145,14.352478,900.05853,2.1926208,261.6335,81.214165
2024-10-22 23:00:00,17.565002,14.382111,900.18634,2.2624867,265.2136,81.60857
2024-10-23 00:00:00,17.771362,14.494049,900.4921,2.1678224,268.07037,81.13883
2024-10-23 01:00:00,17.83545,14.546631,900.99585,2.0045736,270.54156,81.086975
2024-10-23 02:00:00,19.133636,14.969666,901.5877,1.7542839,267.3663,76.821365
2024-10-23 03:00:00,19.67331,15.050568,901.98376,1.8109667,253.89114,74.67337
2024-10-23 04:00:00,20.089386,14.993256,902.0397,2.1033373,246.92224,72.5049
2024-10-23 05:00:00,22.159271,15.277496,901.6953,2.4987164,246.10791,65.03076
2024-10-23 06:00:00,22.900787,15.205627,901.03827,2.946768,247.98077,61.880707
2024-10-23 07:00:00,23.076752,15.059235,900.2117,3.3406062,251.8888,60.651814
2024-10-23 08:00:00,23.731842,14.879028,899.4296,3.5915792,255.89395,57.629044
2024-10-23 09:00:00,23.757965,14.806305,898.8814,3.6840208,259.75766,57.269608
2024-10-23 10:00:00,22.597687,15.031891,898.5463,3.9530365,260.84543,62.328617
2024-10-23 11:00:00,22.438171,15.053589,898.6861,3.6231854,257.4425,63.023354
2024-10-23 12:00:00,22.157166,15.170258,899.0489,3.3666475,249.68921,64.592705
2024-10-23 13:00:00,21.86621,15.299805,899.5847,3.1140661,245.11981,66.29811
2024-10-23 14:00:00,20.838654,15.262268,900.2138,2.9702773,239.48952,70.43705
2024-10-23 15:00:00,20.07315,15.21582,900.608,2.9965682,233.42973,73.6236
2024-10-23 16:00:00,19.892578,15.2421875,900.7764,3.1622307,228.79472,74.577545
2024-10-23 17:00:00,19.242401,15.0781555,900.72955,3.4330802,226.26666,76.83693
2024-10-23 18:00:00,19.016968,15.014008,900.5712,3.7247264,225.65327,77.60325
2024-10-23 19:00:00,18.886688,14.971497,900.2185,3.94327,226.83983,78.02311
2024-10-23 20:00:00,18.237732,14.7438965,899.8323,4.06489,227.95937,80.075226
2024-10-23 21:00:00,18.10147,14.700592,899.4657,4.1785173,228.93658,80.53801
2024-10-23 22:00:00,17.603851,14.4826355,899.1749,4.077522,228.74263,81.93941
2024-10-23 23:00:00,17.551605,14.474701,899.24915,4.1867714,229.23102,82.16772
2024-10-24 00:00:00,17.764252,14.54306,899.644,4.2232404,227.62465,81.43251
2024-10-24 01:00:00,17.805328,14.533844,900.24963,4.2374516,225.56973,81.17383
2024-10-24 02:00:00,19.096832,14.978302,900.9208,4.362393,224.95468,77.040596
2024-10-24 03:00:00,19.470428,14.8142395,901.4327,4.9144154,225.94533,74.47871
2024-10-24 04:00:00,20.040924,14.738007,901.6141,5.3479114,230.26541,71.53703
2024-10-24 05:00:00,21.905426,14.933838,901.4001,5.8346977,235.12,64.60202
2024-10-24 06:00:00,22.625458,14.794922,900.7724,6.397782,240.24841,61.281628
2024-10-24 07:00:00,22.820404,14.643311,899.90924,6.9189706,245.41281,59.97225
2024-10-24 08:00:00,23.503479,14.515076,899.0235,7.287064,249.93326,57.072037
2024-10-24 09:00:00,23.5307,14.385071,898.46844,7.405764,252.94992,56.501873
2024-10-24 10:00:00,22.493011,14.451843,898.0871,7.6035647,258.777,60.424023
2024-10-24 11:00:00,22.3266,14.498779,898.28357,6.8921404,256.83444,61.22373
2024-10-24 12:00:00,22.057343,14.658417,898.7239,6.2954597,252.1076,62.88035
2024-10-24 13:00:00,21.772675,14.851105,899.3449,5.8213987,249.81985,64.78174
2024-10-24 14:00:00,20.794067,14.867523,899.9455,5.4642787,246.53333,68.86033
2024-10-24 15:00:00,20.039673,14.75528,900.4296,5.303885,242.48709,71.62225
2024-10-24 16:00:00,19.81186,14.727936,900.7001,5.336112,239.13791,72.51223
2024-10-24 17:00:00,19.111816,14.674957,900.6929,5.4344964,237.10144,75.47918
2024-10-24 18:00:00,18.902588,14.611816,900.40656,5.4980545,236.95477,76.159935
2024-10-24 19:00:00,18.666168,14.5460205,899.9271,5.503623,237.77216,76.965866
2024-10-24 20:00:00,18.08487,14.357086,899.43243,5.442717,239.528,78.85357
2024-10-24 21:00:00,17.955444,14.354248,899.052,5.3267145,241.10887,79.48305
2024-10-24 22:00:00,17.431213,14.071136,898.8527,5.3985853,246.50116,80.660645
2024-10-24 23:00:00,17.365479,14.048492,898.98694,5.2367244,246.63925,80.877426
2024-10-25 00:00:00,17.642761,14.1927185,899.42847,5.0633845,245.54347,80.220535
2024-10-25 01:00:00,17.662018,14.156189,900.15204,4.8657,243.78336,79.933975
2024-10-25 02:00:00,18.906525,14.577179,900.8362,4.7628484,242.48741,75.9712
2024-10-25 03:00:00,19.405151,14.486328,901.36774,4.9517336,242.08572,73.21637
2024-10-25 04:00:00,19.913727,14.258636,901.5666,5.386046,244.57324,69.904625
2024-10-25 05:00:00,21.868073,14.444122,901.34094,5.953806,248.13403,62.736565
2024-10-25 06:00:00,22.640503,14.365753,900.70306,6.6186337,252.60481,59.553017
2024-10-25 07:00:00,22.816101,14.300812,899.904,7.236966,257.41727,58.675255
2024-10-25 08:00:00,23.510437,14.114929,899.11664,7.672338,261.582,55.590652
2024-10-25 09:00:00,23.553223,14.076935,898.62256,7.7879806,265.56747,55.31113
2024-10-25 10:00:00,22.615173,14.299042,898.46564,7.3254304,267.36707,59.387886
2024-10-25 11:00:00,22.520721,14.28891,898.7072,6.7200074,266.5022,59.69034
2024-10-25 12:00:00,22.25357,14.5859375,899.1211,6.14851,262.71918,61.84342
2024-10-25 13:00:00,21.988617,14.788025,899.76794,5.769003,260.85638,63.67424
2024-10-25 14:00:00,20.91571,14.705048,900.5111,5.495076,258.36237,67.635155
2024-10-25 15:00:00,20.060944,14.569855,901.10834,5.357033,255.54764,70.67766
2024-10-25 16:00:00,19.881042,14.617523,901.36646,5.397058,252.60548,71.68961
2024-10-25 17:00:00,19.033417,14.477051,901.2907,5.5269246,250.70078,74.88634
2024-10-25 18:00:00,18.803925,14.373566,900.94617,5.678362,249.77448,75.46051
2024-10-25 19:00:00,18.612152,14.38205,900.5412,5.804245,250.19183,76.41264
2024-10-25 20:00:00,17.97406,14.1388855,900.0864,5.904909,251.59491,78.291336
2024-10-25 21:00:00,17.854218,14.112396,899.7568,5.9433594,253.22952,78.74855
2024-10-25 22:00:00,17.299866,13.673706,899.6652,5.8633523,260.28705,79.26171
2024-10-25 23:00:00,17.198303,13.658752,899.8521,5.6890035,260.93445,79.694824
2024-10-26 00:00:00,17.522491,13.774872,900.2138,5.466291,261.1672,78.67065
2024-10-26 01:00:00,17.489227,13.718323,900.7459,5.164075,261.06607,78.54688
2024-10-26 02:00:00,18.83844,14.193939,901.3242,4.9945946,262.2954,74.428055
2024-10-26 03:00:00,19.442749,14.095276,901.7832,5.1178308,262.92657,71.22079
2024-10-26 04:00:00,20.076172,14.014221,901.9085,5.6079473,265.55765,68.11822
2024-10-26 05:00:00,22.317291,14.157959,901.5582,6.238484,269.64868,59.92301
2024-10-26 06:00:00,23.132751,14.005615,900.8182,6.9723372,273.75418,56.471382
2024-10-26 07:00:00,23.328339,13.983154,899.93085,7.618684,277.30215,55.726803
2024-10-26 08:00:00,24.111725,13.820465,899.07227,8.003392,279.90265,52.6017
2024-10-26 09:00:00,24.159851,13.682068,898.4889,8.037339,282.32812,51.98058
2024-10-26 10:00:00,23.066223,14.047333,898.22217,6.8469567,279.6924,56.852585
2024-10-26 11:00:00,22.872559,14.186615,898.3948,6.081023,277.59116,58.04435
2024-10-26 12:00:00,22.593811,14.3533325,898.85846,5.337134,273.687,59.674095
2024-10-26 13:00:00,22.309326,14.474976,899.5597,4.876178,270.24796,61.193935
2024-10-26 14:00:00,21.090485,14.403992,900.27234,4.595084,265.93716,65.62491
2024-10-26 15:00:00,20.122345,14.202728,900.72534,4.5129313,261.09064,68.75846
2024-10-26 16:00:00,19.819092,14.240936,900.8318,4.6272774,256.68018,70.23531
2024-10-26 17:00:00,18.937866,14.039551,900.67474,4.82355,253.71866,73.231415
2024-10-26 18:00:00,18.645569,13.931976,900.3365,5.0548053,252.99944,74.06277
2024-10-26 19:00:00,18.445435,13.859375,899.9771,5.2619004,253.99457,74.644035
2024-10-26 20:00:00,17.797638,13.622498,899.5268,5.399943,256.4226,76.55629
2024-10-26 21:00:00,17.634003,13.582306,899.1992,5.46413,258.99915,77.147675
2024-10-26 22:00:00,17.214386,13.406342,898.99536,5.3714504,259.81314,78.31685
2024-10-26 23:00:00,17.138336,13.384064,899.1175,5.3566804,261.04257,78.58042
2024-10-27 00:00:00,17.415833,13.480957,899.54974,5.2381353,262.2953,77.702805
2024-10-27 01:00:00,17.490997,13.521271,900.1884,5.0209966,263.25037,77.53816
2024-10-27 02:00:00,18.993591,14.082886,900.8161,4.7831225,263.531,73.18245
2024-10-27 03:00:00,19.75,14.086792,901.2199,4.937426,263.39453,69.83635
2024-10-27 04:00:00,20.56253,14.1311035,901.2886,5.4824314,264.88687,66.60507
2024-10-27 05:00:00,22.7594,14.197205,900.98914,6.197504,269.0119,58.48388
2024-10-27 06:00:00,23.602173,14.080566,900.2961,7.0174365,273.60516,55.1612
2024-10-27 07:00:00,23.840668,13.958191,899.34467,7.846771,278.36176,53.945316
2024-10-27 08:00:00,24.706543,13.824219,898.42,8.378997,281.69174,50.77331
2024-10-27 09:00:00,24.71283,13.886383,897.7375,8.474103,284.6599,50.959442
2024-10-27 10:00:00,23.548676,14.330994,897.4625,7.369028,284.35907,56.243713
2024-10-27 11:00:00,23.379852,14.558594,897.55255,6.5303307,284.1725,57.661034
2024-10-27 12:00:00,23.03595,14.62912,897.8769,5.679948,281.48648,59.140385
2024-10-27 13:00:00,22.727661,14.727722,898.3536,5.1016088,279.85373,60.639606
2024-10-27 14:00:00,21.444061,14.750153,898.88525,4.6859245,276.37616,65.668365
2024-10-27 15:00:00,20.544312,14.614014,899.3312,4.433716,272.01462,68.79441
2024-10-27 16:00:00,20.288086,14.633087,899.47266,4.401581,266.6842,69.97696
2024-10-27 17:00:00,19.468048,14.481934,899.3935,4.4658775,262.80945,72.90991
2024-10-27 18:00:00,19.186768,14.379608,899.0238,4.6400456,260.50662,73.70834
2024-10-27 19:00:00,18.974731,14.305328,898.5558,4.818384,259.35153,74.33132
2024-10-27 20:00:00,18.389801,14.084686,898.02826,4.996225,259.4798,76.007195
2024-10-27 21:00:00,18.289246,14.052795,897.69214,5.0670695,260.1093,76.33
2024-10-27 22:00:00,17.906372,13.970825,897.5225,4.844631,267.6215,77.77364
2024-10-27 23:00:00,17.821259,13.908508,897.68463,4.7236733,266.02777,77.8759
2024-10-28 00:00:00,18.133087,14.0590515,898.1101,4.621454,263.79254,77.11303
2024-10-28 01:00:00,18.194122,14.099701,898.7429,4.435388,260.9525,77.02068
2024-10-28 02:00:00,19.739319,14.631073,899.39984,4.2868214,256.31705,72.38556
2024-10-28 03:00:00,20.408478,14.740662,899.8814,4.5070424,250.1744,69.94225
2024-10-28 04:00:00,20.971436,14.713043,899.9609,5.352453,245.90747,67.438644
2024-10-28 05:00:00,23.166687,14.940155,899.63306,6.375454,246.82501,59.862526
2024-10-28 06:00:00,23.985138,14.860809,898.84985,7.402949,250.6962,56.69135
2024-10-28 07:00:00,24.18338,14.771851,897.95935,8.282804,255.04263,55.700554
2024-10-28 08:00:00,25.035645,14.589539,897.1293,8.856532,258.7264,52.314293
2024-10-28 09:00:00,25.04596,14.56366,896.6543,8.9125,261.63083,52.19489
2024-10-28 10:00:00,23.822327,15.068054,896.42694,7.515825,259.33853,58.01753
2024-10-28 11:00:00,23.575897,15.179626,896.6168,6.823421,258.90057,59.308495
2024-10-28 12:00:00,23.180664,15.187927,897.0159,6.3401785,256.35458,60.772537
2024-10-28 13:00:00,22.795776,15.383484,897.61127,5.9852242,253.79814,62.990696
2024-10-28 14:00:00,21.840149,15.434601,898.3084,5.782413,251.7964,66.98037
2024-10-28 15:00:00,21.034424,15.324768,898.85406,5.669981,249.99686,69.87421
2024-10-28 16:00:00,20.802094,15.318665,899.1291,5.6995983,248.42285,70.85167
2024-10-28 17:00:00,19.956818,15.17511,899.0765,5.8023987,248.04062,73.96203
2024-10-28 18:00:00,19.709137,15.138733,898.75854,5.92545,248.59225,74.93102
2024-10-28 19:00:00,19.499207,15.139679,898.3756,6.015446,250.39368,75.91882
2024-10-28 20:00:00,18.860535,14.944153,897.9741,6.031519,252.90405,78.013214
2024-10-28 21:00:00,18.738037,14.933533,897.76733,5.96185,255.54059,78.55888
2024-10-28 22:00:00,18.350647,14.696472,897.70435,5.7607503,255.9304,79.26738
2024-10-28 23:00:00,18.270172,14.698517,897.9704,5.571693,257.75052,79.67897
2024-10-29 00:00:00,18.562836,14.861908,898.44806,5.3310547,259.08102,79.059105
2024-10-29 01:00:00,18.581604,14.860168,899.12976,4.965217,260.08713,78.95745
2024-10-29 02:00:00,19.941284,15.367828,899.81726,4.6877804,260.04437,74.954834
2024-10-29 03:00:00,20.470306,15.355469,900.3657,5.0463724,259.16553,72.485916
2024-10-29 04:00:00,20.963654,15.314362,900.58954,5.7874503,260.2834,70.13186
2024-10-29 05:00:00,22.968567,15.361206,900.4048,6.4667664,263.24167,62.24581
2024-10-29 06:00:00,23.752167,15.118042,899.7687,7.1942596,266.62854,58.45049
2024-10-29 07:00:00,23.95755,14.997803,898.9398,7.820265,270.00632,57.288353
2024-10-29 08:00:00,24.576904,14.778564,898.1633,8.216318,272.6239,54.42648
2024-10-29 09:00:00,24.562622,14.717926,897.6283,8.166606,274.75275,54.260487
2024-10-29 10:00:00,23.367401,14.946381,897.50696,6.9471707,275.69165,59.164894
2024-10-29 11:00:00,23.14392,15.057678,897.56085,5.8699546,276.17316,60.399914
2024-10-29 12:00:00,22.868164,15.162933,897.8739,4.8773274,273.56622,61.833286
2024-10-29 13:00:00,22.553192,15.315857,898.3561,4.0930643,270.01697,63.64789
2024-10-29 14:00:00,21.42569,15.299103,898.9652,3.6301706,264.55737,68.10503
2024-10-29 15:00:00,20.609283,15.175262,899.4682,3.356284,257.11017,71.040764
2024-10-29 16:00:00,20.399384,15.212952,899.7126,3.291263,249.42267,72.14085
2024-10-29 17:00:00,19.657776,15.074524,899.7029,3.369092,243.3295,74.86061
2024-10-29 18:00:00,19.387512,14.991119,899.4263,3.5544894,240.19392,75.72109
2024-10-29 19:00:00,19.239471,14.989868,899.08545,3.6830509,239.29155,76.41582
2024-10-29 20:00:00,18.648132,14.787445,898.7301,3.7715056,239.88315,78.26194
2024-10-29 21:00:00,18.534119,14.795685,898.5184,3.766572,240.71814,78.86421
2024-10-29 22:00:00,18.087158,14.458221,898.38086,3.699218,242.8823,79.35924
2024-10-29 23:00:00,18.043884,14.483795,898.62286,3.4786606,243.27632,79.70686
2024-10-30 00:00:00,18.270996,14.6345215,899.1354,3.1829073,241.58592,79.34664
2024-10-30 01:00:00,18.27533,14.580811,899.80365,2.9233677,237.60455,79.05061
2024-10-30 02:00:00,19.573517,15.151276,900.5223,2.820039,232.27438,75.62547
2024-10-30 03:00:00,20.034119,15.098633,901.09686,3.2595084,232.17036,73.24801
2024-10-30 04:00:00,20.483002,14.753815,901.40405,3.8004172,236.30334,69.68042
2024-10-30 05:00:00,22.573303,14.981598,901.22974,4.2816133,240.71198,62.219315
2024-10-30 06:00:00,23.449097,14.751465,900.66327,4.751542,246.06377,58.139465
2024-10-30 07:00:00,23.628387,14.658539,899.894,5.1280985,251.18349,57.17095
2024-10-30 08:00:00,24.287811,14.404663,899.201,5.3242207,255.8389,54.056515
2024-10-30 09:00:00,24.290344,14.332336,898.81976,5.249008,258.95374,53.796165
2024-10-30 10:00:00,23.10553,14.56665,898.6328,4.471106,259.1447,58.65506
2024-10-30 11:00:00,22.91275,14.760437,898.8565,3.510567,258.54562,60.089798
2024-10-30 12:00:00,22.65747,14.929962,899.3212,2.9453,254.94366,61.696903
2024-10-30 13:00:00,22.428497,15.097839,899.94995,2.3679276,251.69836,63.240093
2024-10-30 14:00:00,21.236816,14.994293,900.6217,1.9628621,246.52274,67.56159
2024-10-30 15:00:00,20.275085,14.8461,901.1563,1.7063863,238.41011,71.00146
2024-10-30 16:00:00,20.07306,14.8776245,901.44666,1.5785826,231.05922,72.04003
2024-10-30 17:00:00,19.342285,14.696716,901.4725,1.548333,228.20355,74.50808
2024-10-30 18:00:00,19.1474,14.639191,901.2879,1.5681101,232.09052,75.138435
2024-10-30 19:00:00,18.935394,14.600372,900.98047,1.536687,238.59811,75.94803
2024-10-30 20:00:00,18.287354,14.448547,900.59155,1.4916104,247.33005,78.31922
2024-10-30 21:00:00,18.093231,14.376495,900.3081,1.4294548,257.24252,78.9111
2024-10-30 22:00:00,17.65335,14.075043,900.1644,1.669966,258.31696,79.55835
2024-10-30 23:00:00,17.563782,14.135162,900.25415,1.4148059,266.68143,80.32114
2024-10-31 00:00:00,17.774658,14.210327,900.58795,1.1179609,271.77417,79.647415
2024-10-31 01:00:00,17.776917,14.221893,901.18494,0.8122893,276.01852,79.69572
2024-10-31 02:00:00,19.116669,14.762787,901.8554,0.5690845,271.78763,75.88487
2024-10-31 03:00:00,19.650818,14.718567,902.43695,0.6710996,263.85162,73.19607
2024-10-31 04:00:00,20.221405,14.402039,902.71954,1.1185404,268.84494,69.22533
2024-10-31 05:00:00,22.477875,14.524414,902.5468,1.6830841,273.68805,60.763763
2024-10-31 06:00:00,23.170837,14.177307,901.9024,2.487056,276.62802,56.971733
2024-10-31 07:00:00,23.369812,14.050659,901.1273,3.2626526,279.72546,55.83124
2024-10-31 08:00:00,24.092743,13.809723,900.3569,3.8480265,282.62704,52.624958
2024-10-31 09:00:00,24.110931,13.720459,899.84143,4.0956016,286.50397,52.26364
2024-10-31 10:00:00,22.942719,13.960754,899.57666,4.1191335,292.23508,56.958515
2024-10-31 11:00:00,22.701263,14.059296,899.6397,3.171238,293.30127,58.168526
2024-10-31 12:00:00,22.309967,14.147217,900.0079,2.615001,290.69867,59.90804
2024-10-31 13:00:00,22.107452,14.184845,900.5482,2.1261795,287.87558,60.799206
2024-10-31 14:00:00,20.888458,14.051727,901.1304,1.7524556,283.1025,64.94694
2024-10-31 15:00:00,19.90332,14.002289,901.5709,1.5606364,273.71896,68.79789
2024-10-31 16:00:00,19.599487,13.989929,901.78876,1.5784496,262.53067,70.0506
2024-10-31 17:00:00,18.788788,13.839294,901.8377,1.7051483,254.83192,72.962456
2024-10-31 18:00:00,18.550568,13.778778,901.69653,1.9012132,251.207,73.76718
2024-10-31 19:00:00,18.325775,13.760834,901.4603,2.107927,251.48555,74.72632
2024-10-31 20:00:00,17.612885,13.470459,901.1065,2.227008,254.65341,76.69025
2024-10-31 21:00:00,17.420746,13.383911,900.85864,2.2684467,259.3343,77.18934
2024-10-31 22:00:00,16.981567,12.979767,900.80334,2.650569,269.4158,77.29804
2024-10-31 23:00:00,16.928345,12.950287,900.96,2.4556885,272.20673,77.4099
2024-11-01 00:00:00,17.156433,13.077759,901.3663,2.2415762,275.65198,76.93793
2024-11-01 01:00:00,17.204529,13.082733,902.03674,1.9373782,279.105,76.72912
2024-11-01 02:00:00,18.478668,13.523743,902.81036,1.7191793,284.3364,72.8816
2024-11-01 03:00:00,19.195892,13.535034,903.4098,1.5022907,287.27347,69.73987
2024-11-01 04:00:00,19.975342,13.337036,903.71655,1.7589828,285.10284,65.593056
2024-11-01 05:00:00,22.434418,13.493652,903.5711,2.4115684,287.13388,56.98626
2024-11-01 06:00:00,23.180206,13.171051,902.9988,3.3862083,290.7979,53.334488
2024-11-01 07:00:00,23.426544,13.065826,902.2198,4.3177514,294.15112,52.187294
2024-11-01 08:00:00,24.316864,12.619568,901.4584,5.0335164,297.59924,48.04371
2024-11-01 09:00:00,24.311798,12.562408,900.94366,5.366207,302.79697,47.878567
2024-11-01 10:00:00,22.965118,13.143311,900.60187,5.0077386,308.46085,53.9352
2024-11-01 11:00:00,22.799011,13.332214,900.6707,4.412939,317.20938,55.156006
2024-11-01 12:00:00,22.389832,13.443695,901.04517,3.9694564,323.54205,56.955368
2024-11-01 13:00:00,22.101593,13.432251,901.59735,3.579961,331.15518,57.920254
2024-11-01 14:00:00,20.748413,13.360687,902.252,3.310299,337.518,62.632298
2024-11-01 15:00:00,19.792389,13.300568,902.7444,3.084309,340.39813,66.18339
2024-11-01 16:00:00,19.55606,13.25943,902.9721,2.8166714,340.59503,66.9814
2024-11-01 17:00:00,18.724335,13.057648,902.94604,2.6340342,338.4163,69.62177
2024-11-01 18:00:00,18.454529,12.97171,902.71643,2.5589767,334.8897,70.41081
2024-11-01 19:00:00,18.237488,12.928986,902.39264,2.6044986,331.2844,71.17643
2024-11-01 20:00:00,17.616974,12.768829,901.99,2.7165625,329.46555,73.237946
2024-11-01 21:00:00,17.440643,12.730682,901.6648,2.83037,330.63196,73.87253
2024-11-01 22:00:00,16.912811,12.37738,901.5198,2.7444193,331.53815,74.63176
2024-11-01 23:00:00,16.808441,12.34082,901.55615,2.7989783,335.25616,74.94719
2024-11-02 00:00:00,17.0943,12.54892,901.8886,2.782835,339.29373,74.613785
2024-11-02 01:00:00,17.110626,12.602875,902.5025,2.7578454,346.20813,74.80085
2024-11-02 02:00:00,18.614655,13.020386,903.2317,2.6551032,354.07846,69.93057
2024-11-02 03:00:00,19.31372,13.019714,903.8219,2.5073593,358.87994,66.942665
2024-11-02 04:00:00,20.032013,13.019806,904.03375,2.2539701,353.07886,64.024254
2024-11-02 05:00:00,22.556458,13.042694,903.8222,2.4328308,340.22095,54.926224
2024-11-02 06:00:00,23.333984,12.834961,903.18604,2.9117665,329.2536,51.69359
2024-11-02 07:00:00,23.572388,12.810333,902.39954,3.499403,323.0248,50.87353
2024-11-02 08:00:00,24.338562,12.594788,901.5842,3.9873924,322.2198,47.903404
2024-11-02 09:00:00,24.360077,12.566772,901.0263,4.270491,325.58777,47.753925
2024-11-02 10:00:00,23.024231,13.152222,900.6476,4.173016,337.92307,53.773838
2024-11-02 11:00:00,22.743134,13.28891,900.74945,3.8060815,350.00293,55.187183
2024-11-02 12:00:00,22.371368,13.561005,901.11884,3.705489,1.7479858,57.456367
2024-11-02 13:00:00,22.06491,13.62619,901.5994,3.7092881,13.600586,58.78711
2024-11-02 14:00:00,20.726044,13.520325,902.2609,3.7874875,22.76474,63.374
2024-11-02 15:00:00,19.72754,13.388977,902.715,3.82012,31.110046,66.83407
2024-11-02 16:00:00,19.52884,13.399994,903.0054,3.7737744,38.93811,67.71225
2024-11-02 17:00:00,18.719421,13.291748,903.05804,3.72082,44.451965,70.71516
2024-11-02 18:00:00,18.44284,13.226685,902.9111,3.5930328,47.803772,71.645256
2024-11-02 19:00:00,18.219635,13.189209,902.61945,3.5052135,48.864532,72.47762
2024-11-02 20:00:00,17.591248,13.036835,902.18964,3.4544322,48.049072,74.65375
2024-11-02 21:00:00,17.45642,13.030487,901.81525,3.5188036,46.413452,75.260284
2024-11-02 22:00:00,16.993805,12.858368,901.5867,3.4255161,41.86914,76.62751
2024-11-02 23:00:00,16.872192,12.850739,901.6764,3.6000352,41.81949,77.181885
2024-11-03 00:00:00,17.105194,12.957611,901.95984,3.79142,42.72937,76.584305
2024-11-03 01:00:00,17.121857,12.981445,902.5696,4.0361705,45.018005,76.62284
2024-11-03 02:00:00,18.51233,13.463654,903.2606,4.280096,48.60565,72.44421
2024-11-03 03:00:00,19.058838,13.427948,903.82904,4.430133,51.09897,69.84947
2024-11-03 04:00:00,19.709229,13.417175,904.0327,4.308103,53.166473,67.03305
2024-11-03 05:00:00,22.13501,13.5720215,903.808,4.034942,51.59201,58.330673
2024-11-03 06:00:00,22.914001,13.377075,903.1713,3.606678,45.750885,54.93342
2024-11-03 07:00:00,23.144775,13.327789,902.3257,3.2538714,36.46869,53.997963
2024-11-03 08:00:00,23.886047,13.15094,901.4514,3.1219504,26.630371,51.045753
2024-11-03 09:00:00,23.898956,13.115845,900.82654,3.210673,21.00409,50.88945
2024-11-03 10:00:00,22.594757,13.670471,900.46484,2.8537655,27.513336,57.086735
2024-11-03 11:00:00,22.3815,13.772156,900.61346,3.0171673,32.910034,58.21456
2024-11-03 12:00:00,22.057343,13.928955,900.9846,3.1851192,36.161987,59.98218
2024-11-03 13:00:00,21.699982,14.098511,901.58185,3.342314,41.012146,61.98243
2024-11-03 14:00:00,20.451752,13.977905,902.2106,3.4108264,46.208435,66.399155
2024-11-03 15:00:00,19.484467,13.777466,902.7241,3.3528976,51.263123,69.58691
2024-11-03 16:00:00,19.289093,13.815033,902.96814,3.1484506,56.637207,70.60974
2024-11-03 17:00:00,18.465485,13.622711,903.00256,2.9325695,60.16446,73.41291
2024-11-03 18:00:00,18.203491,13.531525,902.7777,2.6813126,61.63629,74.187485
2024-11-03 19:00:00,18.02826,13.500519,902.4054,2.5141582,60.57129,74.857285
2024-11-03 20:00:00,17.325531,13.261841,901.901,2.4124618,57.607666,77.03959
2024-11-03 21:00:00,17.187195,13.227051,901.4331,2.456013,53.421265,77.54018
2024-11-03 22:00:00,16.596466,12.809265,901.19055,2.2376637,51.888367,78.331795
2024-11-03 23:00:00,16.507141,12.800873,901.2446,2.411611,50.030884,78.73457
2024-11-04 00:00:00,16.743042,12.901337,901.52,2.571649,50.885834,78.07482
2024-11-04 01:00:00,16.752869,12.920227,901.964,2.7799768,53.79138,78.12257
2024-11-04 02:00:00,18.090546,13.416718,902.4946,3.0742548,58.794037,74.15918
2024-11-04 03:00:00,18.685211,13.454132,902.9219,3.3470972,65.31647,71.62031
2024-11-04 04:00:00,19.368439,13.509369,903.04376,3.3613236,70.39545,68.87966
2024-11-04 05:00:00,21.772675,13.612976,902.7213,3.126512,69.18701,59.793365
2024-11-04 06:00:00,22.485199,13.40097,902.0332,2.7817008,62.14926,56.468857
2024-11-04 07:00:00,22.695831,13.33551,901.1404,2.4784281,51.15277,55.5141
2024-11-04 08:00:00,23.475647,13.078918,900.27057,2.369813,40.674927,52.07746
2024-11-04 09:00:00,23.463043,13.100922,899.6944,2.4382148,35.693085,52.191998
2024-11-04 10:00:00,22.065796,13.440796,899.30273,2.4639428,36.607178,58.07904
2024-11-04 11:00:00,21.927002,13.501617,899.52185,2.7532222,42.053833,58.805073
2024-11-04 12:00:00,21.613708,13.836334,899.90265,2.867675,51.28421,61.25974
2024-11-04 13:00:00,21.262726,13.811798,900.50006,3.023748,58.884888,62.49108
2024-11-04 14:00:00,20.108551,13.800842,901.2085,3.1666915,65.32184,67.04723
2024-11-04 15:00:00,19.21402,13.584686,901.8618,3.2132306,70.32617,69.88654
2024-11-04 16:00:00,18.941895,13.544647,902.17236,3.1761322,75.542786,70.89744
2024-11-04 17:00:00,18.151306,13.319946,902.1917,3.0815341,78.36426,73.412384
2024-11-04 18:00:00,17.837433,13.203125,902.01276,2.984314,79.77777,74.30712
2024-11-04 19:00:00,17.644531,13.231598,901.8187,2.9014595,78.2449,75.3553
2024-11-04 20:00:00,17.047607,13.087036,901.47516,2.8768754,74.86011,77.516685
2024-11-04 21:00:00,16.864227,13.05191,901.18243,2.9526396,70.621765,78.243034
2024-11-04 22:00:00,16.382996,12.786438,901.0438,2.955994,77.97641,79.28392
2024-11-04 23:00:00,16.339447,12.763062,901.18896,3.030395,73.23895,79.382484
2024-11-05 00:00:00,16.641815,12.8905945,901.5821,3.2321718,71.396515,78.5231
2024-11-05 01:00:00,16.647858,12.902283,902.19635,3.4794216,71.658325,78.55298
2024-11-05 02:00:00,17.997925,13.356384,902.85815,3.8070483,74.74237,74.29947
2024-11-05 03:00:00,18.597656,13.336578,903.37964,3.9343688,77.08597,71.4643
2024-11-05 04:00:00,19.303833,13.403137,903.5815,3.8250158,78.798645,68.68042
2024-11-05 05:00:00,21.67517,13.439087,903.3514,3.4687026,75.75647,59.47386
2024-11-05 06:00:00,22.427307,13.085541,902.6971,3.1361787,65.94449,55.514015
2024-11-05 07:00:00,22.629639,12.993195,901.8879,2.989119,54.95697,54.506195
2024-11-05 08:00:00,23.388855,12.82663,901.065,2.995113,45.246796,51.49459
2024-11-05 09:00:00,23.37384,12.792145,900.5179,3.112855,38.810547,51.4251
2024-11-05 10:00:00,22.081116,13.299896,900.2687,3.279257,31.243225,57.4946
2024-11-05 11:00:00,21.894928,13.318298,900.5627,3.2470508,39.135406,58.220966
2024-11-05 12:00:00,21.594635,13.656372,901.03345,3.292164,48.53598,60.618435
2024-11-05 13:00:00,21.322235,13.784851,901.6378,3.5535922,55.93802,62.154682
2024-11-05 14:00:00,20.16446,13.619873,902.2436,3.7066982,60.95819,66.03468
2024-11-05 15:00:00,19.183807,13.435211,902.7143,3.7271752,65.852325,69.34034
2024-11-05 16:00:00,18.971863,13.358337,902.97406,3.6106575,70.05228,69.91172
2024-11-05 17:00:00,18.217072,13.225464,903.0092,3.4614358,72.84375,72.66093
2024-11-05 18:00:00,17.996796,13.120941,902.8593,3.2713525,73.645325,73.172455
2024-11-05 19:00:00,17.813416,13.046234,902.59985,3.0716624,72.69534,73.66125
2024-11-05 20:00:00,17.142578,12.820099,902.22766,2.9102206,69.90631,75.71928
2024-11-05 21:00:00,16.994781,12.788483,901.8678,2.8306382,65.904755,76.27319
2024-11-05 22:00:00,16.432922,12.526123,901.83966,2.5358148,71.290344,77.69594
2024-11-05 23:00:00,16.343567,12.494537,901.97675,2.5286307,68.92886,77.977356
2024-11-06 00:00:00,16.644318,12.582428,902.36365,2.6152787,67.33075,76.94232
2024-11-06 01:00:00,16.625122,12.565247,902.9662,2.7320979,67.30295,76.949486
2024-11-06 02:00:00,17.865753,13.004547,903.68243,2.912963,67.579346,73.21932
2024-11-06 03:00:00,18.55832,13.059998,904.25494,2.9596038,64.92633,70.359375
2024-11-06 04:00:00,19.21054,13.107483,904.462,2.9648788,60.358887,67.76139
2024-11-06 05:00:00,21.444336,13.112854,904.1867,2.90268,50.98636,59.050285
2024-11-06 06:00:00,22.291107,12.973846,903.53217,2.9689784,36.892365,55.56881
2024-11-06 07:00:00,22.505585,12.952362,902.6291,3.2177649,24.414093,54.771965
2024-11-06 08:00:00,23.32373,12.717499,901.85474,3.517222,16.60025,51.32943
2024-11-06 09:00:00,23.356598,12.610107,901.3134,3.767641,13.575867,50.86854
2024-11-06 10:00:00,22.08786,13.030853,901.1557,3.348486,9.403503,56.470768
2024-11-06 11:00:00,21.911926,13.175873,901.2854,3.351405,16.728516,57.622868
2024-11-06 12:00:00,21.614899,13.298737,901.65955,3.2915664,25.595184,59.150078
2024-11-06 13:00:00,21.344086,13.381775,902.1368,3.4865658,33.523285,60.46524
2024-11-06 14:00:00,20.081207,13.385956,902.67633,3.6276042,39.347137,65.372696
2024-11-06 15:00:00,19.146484,13.234009,903.06586,3.6514308,44.453827,68.59637
2024-11-06 16:00:00,18.869507,13.153748,903.18005,3.6084912,49.109924,69.42735
2024-11-06 17:00:00,18.044464,13.000153,903.04956,3.5238414,52.178284,72.380295
2024-11-06 18:00:00,17.741943,12.875549,902.74963,3.4174244,54.38208,73.17261
2024-11-06 19:00:00,17.554474,12.80072,902.3821,3.3156514,56.107056,73.68081
2024-11-06 20:00:00,16.921753,12.579132,901.9879,3.2685432,57.200653,75.583336
2024-11-06 21:00:00,16.78299,12.545197,901.6929,3.272403,57.690674,76.081955
2024-11-06 22:00:00,16.275757,12.263855,901.56885,3.1552496,54.072235,77.13755
2024-11-06 23:00:00,16.18924,12.275879,901.64764,3.2894635,55.63736,77.62531
2024-11-07 00:00:00,16.436798,12.332123,901.97943,3.4253116,60.006714,76.694
2024-11-07 01:00:00,16.463654,12.386841,902.57654,3.5293398,64.20584,76.8387
2024-11-07 02:00:00,17.75586,12.82962,903.25037,3.6381779,68.32352,72.889175
2024-11-07 03:00:00,18.642883,12.887543,903.7202,3.5602822,72.192505,69.203636
2024-11-07 04:00:00,19.419739,13.021698,903.8234,3.276033,78.05127,66.51122
2024-11-07 05:00:00,21.691284,13.098419,903.4895,2.684745,79.27301,58.110046
2024-11-07 06:00:00,22.476135,12.9219055,902.8489,2.0290315,70.315796,54.76089
2024-11-07 07:00:00,22.699432,12.861023,902.04834,1.5793059,50.655212,53.808887
2024-11-07 08:00:00,23.490143,12.627747,901.267,1.4801197,30.121826,50.518723
2024-11-07 09:00:00,23.51004,12.356995,900.7386,1.6054255,17.350098,49.569828
2024-11-07 10:00:00,22.202148,12.936523,900.50195,1.9995955,13.095001,55.73436
2024-11-07 11:00:00,22.004974,13.052338,900.66406,2.1518917,28.687805,56.836517
2024-11-07 12:00:00,21.660614,13.324707,901.11365,2.2709374,42.477448,59.08491
2024-11-07 13:00:00,21.302155,13.351715,901.6325,2.5748463,51.883453,60.50222
2024-11-07 14:00:00,20.134186,13.227264,902.27686,2.802884,57.60907,64.48824
2024-11-07 15:00:00,19.196198,13.011963,902.7742,2.9545135,61.750183,67.40018
2024-11-07 16:00:00,18.99002,12.963318,903.00476,3.0086389,66.29318,68.05536
2024-11-07 17:00:00,18.212402,12.778137,902.9589,2.9713905,68.91705,70.588554
2024-11-07 18:00:00,17.948181,12.650421,902.7008,2.8682158,69.4942,71.17228
2024-11-07 19:00:00,17.72165,12.570465,902.3098,2.7698462,67.795166,71.81704
2024-11-07 20:00:00,17.04309,12.369171,901.82837,2.6717732,64.928925,73.97836
2024-11-07 21:00:00,16.920624,12.346924,901.44086,2.640603,62.202454,74.445755
2024-11-07 22:00:00,16.520813,11.97879,901.16815,2.6410084,63.372955,74.53281
2024-11-07 23:00:00,16.450317,11.980133,901.19,2.7759361,61.763336,74.874344
2024-11-08 00:00:00,16.65622,12.136169,901.4592,2.870544,62.840485,74.66372
2024-11-08 01:00:00,16.64154,12.115112,901.99994,3.0656946,64.10712,74.6299
2024-11-08 02:00:00,17.932068,12.571869,902.66064,3.2237582,67.02948,70.87861
2024-11-08 03:00:00,18.809052,12.713104,903.2223,3.1947615,70.941986,67.71107
2024-11-08 04:00:00,19.50772,12.849487,903.3479,2.7945294,77.35855,65.40792
2024-11-08 05:00:00,21.75589,12.939941,903.0217,2.2457027,76.80307,57.28492
2024-11-08 06:00:00,22.507874,12.878693,902.2316,1.776323,64.58679,54.501175
2024-11-08 07:00:00,22.707794,12.825928,901.3042,1.4430839,42.490356,53.658253
2024-11-08 08:00:00,23.579193,12.601715,900.44257,1.3899654,20.960358,50.162613
2024-11-08 09:00:00,23.62436,12.5816345,899.97156,1.6316288,10.6188965,49.960487
2024-11-08 10:00:00,22.198456,13.04422,899.68915,1.7815272,8.797333,56.140614
2024-11-08 11:00:00,21.94455,13.209503,899.89624,2.0495372,27.267761,57.63461
2024-11-08 12:00:00,21.570831,13.363251,900.3657,2.3771777,39.271637,59.55963
2024-11-08 13:00:00,21.220612,13.4192505,900.9528,2.7107475,46.967438,61.073612
2024-11-08 14:00:00,20.05185,13.331207,901.5921,2.966489,52.06784,65.25834
2024-11-08 15:00:00,19.070282,13.077881,902.0426,3.0446336,56.685455,68.224266
2024-11-08 16:00:00,18.829803,13.117493,902.1917,3.014901,60.283783,69.43523
2024-11-08 17:00:00,18.083954,12.990997,902.0728,2.9643233,61.451355,72.157745
2024-11-08 18:00:00,17.86734,12.8967285,901.80963,2.8736193,60.158325,72.697845
2024-11-08 19:00:00,17.706055,12.864166,901.5158,2.8533974,57.24353,73.283646
2024-11-08 20:00:00,17.038513,12.628235,901.1699,2.9075286,53.089386,75.26812
2024-11-08 21:00:00,16.95813,12.601288,900.92084,3.057338,49.603027,75.51889
2024-11-08 22:00:00,16.476196,12.3272705,900.84625,3.0802083,53.108765,76.47764
2024-11-08 23:00:00,16.404053,12.341003,900.88947,3.2874649,51.230835,76.8988
2024-11-09 00:00:00,16.685211,12.453186,901.2138,3.4594939,52.47873,76.09497
2024-11-09 01:00:00,16.683502,12.457794,901.83826,3.7053518,55.058136,76.12624
2024-11-09 02:00:00,18.10907,13.046997,902.5723,3.8856285,59.372864,72.30806
2024-11-09 03:00:00,18.690887,13.026611,903.12445,3.9156246,63.249084,69.62622
2024-11-09 04:00:00,19.361938,13.097656,903.27094,3.511968,64.87506,67.08275
2024-11-09 05:00:00,21.658295,13.194489,902.9701,3.0013685,60.761627,58.593605
2024-11-09 06:00:00,22.468872,13.16275,902.26337,2.5744748,50.90155,55.653755
2024-11-09 07:00:00,22.684479,13.075165,901.4146,2.240039,38.63623,54.616802
2024-11-09 08:00:00,23.543335,12.749329,900.61774,2.1000733,25.9122,50.75959
2024-11-09 09:00:00,23.593811,12.72113,900.15314,2.223569,22.249054,50.51208
2024-11-09 10:00:00,22.1008,13.111908,899.8574,2.642693,19.332642,56.72574
2024-11-09 11:00:00,21.832092,13.217102,900.0719,2.9642947,34.475708,58.06031
2024-11-09 12:00:00,21.471191,13.415985,900.5441,3.2956026,46.0119,60.13014
2024-11-09 13:00:00,21.039001,13.408966,901.1193,3.6298368,53.725586,61.716873
2024-11-09 14:00:00,20.042145,13.408966,901.695,3.890584,59.357117,65.6292
2024-11-09 15:00:00,19.007172,13.188873,902.08765,4.0230308,64.63052,68.99134
2024-11-09 16:00:00,18.761627,13.195404,902.24274,4.069702,69.05502,70.08709
2024-11-09 17:00:00,17.933075,12.992584,902.18054,3.992643,71.598175,72.85291
2024-11-09 18:00:00,17.764496,12.932556,901.93634,3.9210913,72.242096,73.34166
2024-11-09 19:00:00,17.576843,12.921356,901.6381,3.8427236,71.3887,74.15981
2024-11-09 20:00:00,16.9263,12.708252,901.3114,3.8461955,68.90265,76.20357
2024-11-09 21:00:00,16.78949,12.717773,901.0139,3.891231,66.3042,76.91551
2024-11-09 22:00:00,16.40689,12.513519,900.90015,4.1623144,70.552734,77.760445
2024-11-09 23:00:00,16.289276,12.496887,900.9135,4.353326,69.64459,78.25948
2024-11-10 00:00:00,16.556335,12.608582,901.2556,4.5648556,70.092896,77.50643
2024-11-10 01:00:00,16.596924,12.659119,901.8498,4.8065314,71.070984,77.5632
2024-11-10 02:00:00,17.900238,13.180847,902.5221,5.0541253,73.55612,73.90654
2024-11-10 03:00:00,18.591278,13.196747,903.035,5.0743756,76.4812,70.84395
2024-11-10 04:00:00,19.171722,13.188782,903.1555,4.6275787,78.84091,68.28682
2024-11-10 05:00:00,21.68274,13.344818,902.8184,3.9514668,77.872894,59.082424
2024-11-10 06:00:00,22.444733,13.12561,902.0549,3.2186253,72.03006,55.60053
2024-11-10 07:00:00,22.655975,13.031464,901.20154,2.5395901,61.758636,54.555393
2024-11-10 08:00:00,23.398315,12.822479,900.41547,2.231528,49.306732,51.451225
2024-11-10 09:00:00,23.38504,12.626892,899.94165,2.373979,40.749756,50.83719
2024-11-10 10:00:00,22.010681,13.176941,899.7388,2.2081087,34.621185,57.280796
2024-11-10 11:00:00,21.745758,13.363342,899.8974,2.9033403,40.189972,58.926426
2024-11-10 12:00:00,21.370789,13.5677185,900.315,3.3876367,47.167786,61.101532
2024-11-10 13:00:00,21.020203,13.678009,900.8441,3.8479815,51.36429,62.87933
2024-11-10 14:00:00,19.980682,13.544708,901.46265,4.2058086,55.87332,66.46412
2024-11-10 15:00:00,19.05011,13.371368,901.9495,4.3751674,60.017883,69.6304
2024-11-10 16:00:00,18.817871,13.365692,902.1813,4.429592,63.512024,70.62095
2024-11-10 17:00:00,17.994507,13.151093,902.1541,4.3584642,65.80011,73.32714
2024-11-10 18:00:00,17.739044,13.088074,901.8449,4.285201,67.02313,74.20953
2024-11-10 19:00:00,17.58902,13.086273,901.4492,4.2320576,67.20361,74.90572
2024-11-10 20:00:00,16.863037,12.841949,900.99963,4.2093225,66.55304,77.18231
2024-11-10 21:00:00,16.696777,12.783966,900.71265,4.228679,65.24432,77.7055
2024-11-10 22:00:00,16.226837,12.50235,900.46533,3.813477,61.033417,78.59957
2024-11-10 23:00:00,16.140747,12.48999,900.4904,3.9210978,63.263733,78.968056
2024-11-11 00:00:00,16.470184,12.6604,900.8487,3.9751718,65.069336,78.19727
2024-11-11 01:00:00,16.479584,12.639496,901.4461,4.1411986,67.29178,78.043564
2024-11-11 02:00:00,17.820251,13.196136,902.0817,4.2767797,69.7702,74.35361
2024-11-11 03:00:00,18.52536,13.269226,902.52167,4.155979,73.29413,71.47395
2024-11-11 04:00:00,19.06137,13.061737,902.5693,3.6599011,76.834656,68.190254
2024-11-11 05:00:00,21.306152,13.181702,902.1661,2.8579037,77.14023,59.820538
2024-11-11 06:00:00,22.095245,12.882233,901.3899,1.9731543,67.08649,55.899673
2024-11-11 07:00:00,22.286438,12.716217,900.4643,1.3220378,42.722687,54.6556
2024-11-11 08:00:00,23.01715,12.504181,899.6348,1.2221173,14.964508,51.563507
2024-11-11 09:00:00,23.015076,12.394623,899.1196,1.4518753,3.5647888,51.200546
2024-11-11 10:00:00,21.607605,12.6466675,898.97205,1.8058648,353.90683,56.70755
2024-11-11 11:00:00,21.390717,12.769318,899.09705,2.0310206,16.91153,57.928867
2024-11-11 12:00:00,21.082153,13.143005,899.51776,2.1292646,33.386322,60.495354
2024-11-11 13:00:00,20.777466,13.213654,900.0935,2.4349523,44.848328,61.923946
2024-11-11 14:00:00,19.750732,13.225616,900.75806,2.7077482,53.64258,66.031075
2024-11-11 15:00:00,18.841248,12.975525,901.21576,2.8627462,60.77002,68.745155
2024-11-11 16:00:00,18.622925,12.986572,901.4986,2.940376,67.78186,69.74012
2024-11-11 17:00:00,17.797333,12.771942,901.44165,2.8743196,72.6814,72.42518
2024-11-11 18:00:00,17.499023,12.6922,901.17914,2.8068411,75.59018,73.41554
2024-11-11 19:00:00,17.317139,12.725861,900.7771,2.6841023,75.521484,74.42753
2024-11-11 20:00:00,16.663849,12.4687805,900.3692,2.6447165,73.94864,76.27628
2024-11-11 21:00:00,16.538513,12.418243,900.0405,2.6691504,70.14111,76.63159
2024-11-11 22:00:00,16.072235,12.106049,899.9324,2.4920619,76.15045,77.338196
2024-11-11 23:00:00,16.019196,12.096924,899.9639,2.7296286,70.92743,77.55382
2024-11-12 00:00:00,16.284332,12.209473,900.2754,3.0025554,70.686554,76.820335
2024-11-12 01:00:00,16.316467,12.22998,900.85803,3.2442534,71.83838,76.76669
2024-11-12 02:00:00,17.601196,12.692474,901.54626,3.448158,74.29416,72.94521
2024-11-12 03:00:00,18.086792,12.651489,902.05786,3.1442113,78.11105,70.55985
2024-11-12 04:00:00,18.544678,12.445618,902.2049,2.5767,76.48651,67.64323
2024-11-12 05:00:00,20.837555,12.752472,901.8815,2.0218966,70.8634,59.86375
2024-11-12 06:00:00,21.521362,12.527557,901.17334,1.4216427,52.62619,56.564163
2024-11-12 07:00:00,21.704285,12.432068,900.21606,1.1575106,17.808167,55.585567
2024-11-12 08:00:00,22.392487,12.15918,899.3321,1.4361278,351.28333,52.354782
2024-11-12 09:00:00,22.421295,12.116699,898.7671,1.9311658,345.6491,52.117325
2024-11-12 10:00:00,21.087341,12.488251,898.63654,1.7012879,338.3976,57.939728
2024-11-12 11:00:00,20.901154,12.567657,898.6795,1.8833464,1.9820557,58.91239
2024-11-12 12:00:00,20.634857,12.851776,899.0296,2.1145062,12.269012,61.0107
2024-11-12 13:00:00,20.411682,12.935425,899.55237,2.3779078,21.104187,62.195427
2024-11-12 14:00:00,19.457733,12.824341,900.21045,2.5883672,27.519775,65.50361
2024-11-12 15:00:00,18.378052,12.564301,900.6436,2.61242,32.55249,68.88718
2024-11-12 16:00:00,18.187347,12.556335,900.8217,2.5348406,36.61136,69.67978
2024-11-12 17:00:00,17.422546,12.44812,900.7008,2.4370186,38.88141,72.5997
2024-11-12 18:00:00,17.178772,12.355743,900.3778,2.4221232,39.34424,73.281136
2024-11-12 19:00:00,16.969177,12.283417,899.9389,2.484517,39.37262,73.90804
2024-11-12 20:00:00,16.286621,12.036591,899.43256,2.6394014,39.82776,75.940445
2024-11-12 21:00:00,16.152222,12.0078125,899.05835,2.8570821,40.101837,76.44867
2024-11-12 22:00:00,15.675781,11.760864,898.85706,2.7801366,42.514313,77.538666
2024-11-12 23:00:00,15.597626,11.722595,898.8815,3.1254115,44.386322,77.731064
2024-11-13 00:00:00,15.840851,11.8333435,899.2092,3.4556303,48.06317,77.09207
2024-11-13 01:00:00,15.8714905,11.837952,899.80505,3.8067102,51.622406,76.964645
2024-11-13 02:00:00,17.109222,12.200806,900.54486,4.1127133,55.000214,72.85877
2024-11-13 03:00:00,17.672363,12.177063,901.1259,4.158543,59.73639,70.20329
2024-11-13 04:00:00,18.314209,12.177307,901.36053,3.7835176,63.454407,67.42805
2024-11-13 05:00:00,20.646729,12.253143,901.1025,3.2342572,62.454742,58.619343
2024-11-13 06:00:00,21.451477,12.038513,900.4076,2.541635,56.239075,55.010223
2024-11-13 07:00:00,21.68106,11.843689,899.4702,1.9316138,42.163727,53.551147
2024-11-13 08:00:00,22.422516,11.822205,898.5838,1.7058265,24.103424,51.112263
2024-11-13 09:00:00,22.446167,11.694885,898.03625,1.7987965,16.640228,50.611877
2024-11-13 10:00:00,21.020325,12.194489,897.86334,1.92366,18.499725,57.066948
2024-11-13 11:00:00,20.819702,12.285126,898.0327,2.4803238,35.43466,58.12042
2024-11-13 12:00:00,20.455719,12.484955,898.44867,2.887973,42.700928,60.223515
2024-11-13 13:00:00,20.191284,12.626373,899.0221,3.2402368,49.939514,61.78536
2024-11-13 14:00:00,19.196014,12.612488,899.661,3.4937332,55.05728,65.66185
2024-11-13 15:00:00,18.180878,12.423248,900.13885,3.6145933,59.58203,69.10211
2024-11-13 16:00:00,18.002533,12.406982,900.42554,3.6543972,63.77362,69.80606
2024-11-13 17:00:00,17.261963,12.236786,900.44366,3.6138659,67.29376,72.3291
2024-11-13 18:00:00,16.98767,12.171997,900.22546,3.5599496,69.21588,73.28276
2024-11-13 19:00:00,16.835388,12.150543,899.9085,3.5402248,69.80267,73.88927
2024-11-13 20:00:00,16.266724,11.94519,899.557,3.574594,68.72049,75.58042
2024-11-13 21:00:00,16.182068,11.975098,899.3109,3.6754525,68.26514,76.139114
2024-11-13 22:00:00,15.790375,11.72464,899.2255,3.322238,64.70422,76.78859
2024-11-13 23:00:00,15.700714,11.683807,899.40546,3.7165446,63.54181,77.022354
2024-11-14 00:00:00,15.9375305,11.80954,899.8995,4.0309515,64.844696,76.49716
2024-11-14 01:00:00,15.98703,11.829681,900.6033,4.3151913,66.70499,76.35712
2024-11-14 02:00:00,17.273926,12.235138,901.37115,4.6064095,69.83838,72.26659
2024-11-14 03:00:00,17.853516,12.295105,901.9847,4.5679092,75.140686,69.947586
2024-11-14 04:00:00,18.629395,12.396851,902.2996,3.951011,80.611145,67.07052
2024-11-14 05:00:00,20.680023,12.203278,902.1476,3.1281016,82.55209,58.307796
2024-11-14 06:00:00,21.492401,12.037506,901.5313,2.1510518,79.73938,54.868942
2024-11-14 07:00:00,21.742096,11.990936,900.71655,1.2947605,65.37747,53.87198
2024-11-14 08:00:00,22.473907,11.7604065,899.9338,0.97061676,34.647003,50.745594
2024-11-14 09:00:00,22.48117,11.808136,899.47186,1.1652745,19.08075,50.883163
2024-11-14 10:00:00,21.105957,12.347473,899.4119,1.7184833,358.8413,57.341217
2024-11-14 11:00:00,20.81726,12.491943,899.50037,2.0998228,25.51175,58.923847
2024-11-14 12:00:00,20.510376,12.594025,899.87537,2.5575435,33.23065,60.451653
2024-11-14 13:00:00,20.22705,12.632324,900.43787,2.920821,41.60031,61.672962
2024-11-14 14:00:00,19.23993,12.537445,901.10846,3.2022479,48.312958,65.16114
2024-11-14 15:00:00,18.164124,12.176239,901.6292,3.3444762,53.99774,68.06127
2024-11-14 16:00:00,17.919006,12.139191,901.83563,3.3552985,59.083344,68.94957
2024-11-14 17:00:00,17.265594,11.96402,901.806,3.2689705,62.764893,71.02614
2024-11-14 18:00:00,17.028168,11.868683,901.56036,3.1749377,63.791656,71.64968
2024-11-14 19:00:00,16.828278,11.822205,901.2333,3.1657643,62.013916,72.341194
2024-11-14 20:00:00,16.210266,11.680786,900.81537,3.1751387,58.59848,74.54154
2024-11-14 21:00:00,16.071472,11.658417,900.4471,3.2383041,54.967957,75.09322
2024-11-14 22:00:00,15.688629,11.307861,900.3894,2.6045256,45.362793,75.189606
2024-11-14 23:00:00,15.597504,11.263519,900.3878,2.998354,44.82071,75.40771
2024-11-15 00:00:00,15.84494,11.355194,900.7111,3.280343,46.04062,74.675354
2024-11-15 01:00:00,15.856903,11.388062,901.2182,3.530298,48.803894,74.780754
2024-11-15 02:00:00,17.21872,11.806335,901.9428,3.7556286,51.71051,70.5004
2024-11-15 03:00:00,17.753113,11.755951,902.50745,3.6127489,53.365845,67.936134
2024-11-15 04:00:00,18.383362,11.636139,902.75415,2.9434888,49.044983,64.78413
2024-11-15 05:00:00,20.680145,11.575897,902.4963,2.3415198,34.3508,55.945404
2024-11-15 06:00:00,21.426636,11.47879,901.8114,2.069341,10.725739,53.096424
2024-11-15 07:00:00,21.705505,11.459747,900.9233,2.3369951,348.35867,52.13253
2024-11-15 08:00:00,22.442352,11.298279,900.0362,2.8255284,338.7152,49.313423
2024-11-15 09:00:00,22.400146,11.343018,899.4744,3.2695458,339.5716,49.586746
2024-11-15 10:00:00,20.860626,11.692322,899.24634,3.208295,339.4615,55.75443
2024-11-15 11:00:00,20.520508,11.908569,899.27313,3.3190804,359.90857,57.752514
2024-11-15 12:00:00,20.210754,12.019104,899.574,3.5350235,11.369507,59.297794
2024-11-15 13:00:00,19.915619,12.150269,900.04596,3.789721,20.486603,60.914265
2024-11-15 14:00:00,18.927307,12.059418,900.60626,3.9984915,26.643341,64.38922
2024-11-15 15:00:00,17.823181,11.860901,900.9944,4.119765,31.06305,68.10688
2024-11-15 16:00:00,17.578491,11.866669,901.1741,4.152721,34.382812,69.19133
2024-11-15 17:00:00,16.944977,11.798859,901.1067,4.090533,36.82852,71.69743
2024-11-15 18:00:00,16.644989,11.677582,900.8284,4.00445,38.049866,72.49265
2024-11-15 19:00:00,16.44574,11.589447,900.4675,3.987638,37.921936,72.99057
2024-11-15 20:00:00,15.901093,11.422302,900.0454,4.0305443,37.49533,74.73904
2024-11-15 21:00:00,15.758575,11.3914795,899.70337,4.160707,36.53473,75.269356
2024-11-15 22:00:00,15.2890625,11.034393,899.5696,3.9911299,36.470367,75.7542
2024-11-15 23:00:00,15.205963,11.018311,899.6021,4.257261,36.728363,76.07826
2024-11-16 00:00:00,15.414032,11.156097,899.9773,4.527875,38.029846,75.75833
2024-11-16 01:00:00,15.489014,11.276733,900.5287,4.7858644,40.26529,76.00012
2024-11-16 02:00:00,16.69577,11.628387,901.125,4.9985123,43.311584,72.02489
2024-11-16 03:00:00,17.193665,11.564362,901.577,4.984733,46.99051,69.49315
2024-11-16 04:00:00,17.813904,11.484772,901.7139,4.4352703,47.73758,66.47517
2024-11-16 05:00:00,20.16986,11.474823,901.4313,3.707843,41.36136,57.350697
2024-11-16 06:00:00,21.059113,11.276398,900.74554,3.1317563,26.541656,53.584282
2024-11-16 07:00:00,21.22116,11.221283,899.89185,2.9758468,10.153076,52.86063
2024-11-16 08:00:00,21.847778,11.110474,899.05975,3.1257715,359.4481,50.499725
2024-11-16 09:00:00,21.843384,11.041779,898.5184,3.4441183,358.66986,50.283615
2024-11-16 10:00:00,20.448761,11.402283,898.2326,3.88748,357.32617,56.101395
2024-11-16 11:00:00,20.121552,11.538757,898.2302,4.309162,11.268585,57.76594
2024-11-16 12:00:00,19.784424,11.663025,898.53265,4.666748,17.455414,59.47094
2024-11-16 13:00:00,19.540771,11.770172,899.07306,4.957106,23.774017,60.80568
2024-11-16 14:00:00,18.524597,11.714874,899.6929,5.0623193,28.960632,64.54814
2024-11-16 15:00:00,17.552185,11.492218,900.15344,5.086958,32.387543,67.61388
2024-11-16 16:00:00,17.366577,11.493042,900.3747,5.009898,34.99234,68.414444
2024-11-16 17:00:00,16.723694,11.37439,900.30994,4.9069242,36.351562,70.700035
2024-11-16 18:00:00,16.307281,11.250336,900.0682,4.801004,36.466614,72.00312
2024-11-16 19:00:00,16.105072,11.190308,899.7297,4.762104,35.344025,72.64757
2024-11-16 20:00:00,15.516785,11.049103,899.3714,4.837317,33.72342,74.728806
2024-11-16 21:00:00,15.3628235,10.989105,899.08514,5.0047917,32.826843,75.170204
2024-11-16 22:00:00,14.964111,10.792572,899.0444,4.8064218,34.897614,76.120445
2024-11-16 23:00:00,14.842377,10.780121,899.113,5.1002274,35.18979,76.65589
2024-11-17 00:00:00,15.0914,10.937225,899.4471,5.3469906,36.765564,76.22895
2024-11-17 01:00:00,15.087738,10.919983,899.9582,5.5939403,39.45346,76.15963
2024-11-17 02:00:00,16.241486,11.262909,900.61096,5.8033323,43.037933,72.36578
2024-11-17 03:00:00,16.688293,11.304016,901.1258,5.6118083,45.721954,70.529785
2024-11-17 04:00:00,17.307983,11.126129,901.4213,5.244312,45.703766,67.020035
2024-11-17 05:00:00,19.551575,11.108795,901.29877,4.8982744,42.97702,58.163887
2024-11-17 06:00:00,20.331848,10.792145,900.8011,4.551725,36.170807,54.266678
2024-11-17 07:00:00,20.577972,10.663452,900.08936,4.3229017,28.157806,52.993286
2024-11-17 08:00:00,21.424835,10.415558,899.3125,4.3162956,21.132324,49.48248
2024-11-17 09:00:00,21.393372,10.432648,898.80133,4.4929914,19.077332,49.634453
2024-11-17 10:00:00,20.001343,10.738739,898.5946,3.886949,18.06134,55.19072
2024-11-17 11:00:00,19.772888,10.796112,898.6969,4.339769,28.61264,56.191517
2024-11-17 12:00:00,19.468353,11.071411,899.0193,4.637479,33.447968,58.320683
2024-11-17 13:00:00,19.195099,11.17099,899.59357,4.977709,38.8226,59.71382
2024-11-17 14:00:00,18.083374,11.114166,900.2156,5.2325964,43.336853,63.77372
2024-11-17 15:00:00,16.982178,10.815308,900.7195,5.370344,46.929565,67.018715
2024-11-17 16:00:00,16.777466,10.816986,900.9903,5.368089,50.112915,67.90187
2024-11-17 17:00:00,16.018036,10.627747,901.0334,5.3000374,52.48831,70.372795
2024-11-17 18:00:00,15.745331,10.535736,900.8516,5.2545137,53.417175,71.172325
2024-11-17 19:00:00,15.584351,10.468231,900.52094,5.2705264,53.071777,71.586655
2024-11-17 20:00:00,14.963104,10.326935,900.1733,5.417411,51.697052,73.800674
2024-11-17 21:00:00,14.917328,10.378052,899.8965,5.6489472,50.148743,74.27127
2024-11-17 22:00:00,14.373016,10.003845,899.8552,5.563844,51.918823,75.026474
2024-11-17 23:00:00,14.277771,9.973602,899.94775,5.9763393,49.806458,75.337425
2024-11-18 00:00:00,14.463959,10.078857,900.2399,6.346026,49.347473,74.96195
2024-11-18 01:00:00,14.481384,10.10379,900.79834,6.7097754,50.29019,75.002525
2024-11-18 02:00:00,15.708679,10.477814,901.48334,7.052449,51.95392,71.06457
2024-11-18 03:00:00,16.268646,10.472717,902.14667,7.2338877,54.92169,68.54562
2024-11-18 04:00:00,16.957428,10.415009,902.4596,7.11661,56.00891,65.358665
2024-11-18 05:00:00,19.576233,10.37265,902.27094,6.727986,53.937134,55.29994
2024-11-18 06:00:00,20.309418,10.176056,901.65295,6.1934366,48.993103,52.155857
2024-11-18 07:00:00,20.565552,10.059906,900.85706,5.695515,42.476105,50.941013
2024-11-18 08:00:00,21.389008,9.6475525,900.1076,5.4822907,36.660614,47.108154
2024-11-18 09:00:00,21.40155,9.607544,899.6624,5.595565,33.782135,46.945766
2024-11-18 10:00:00,19.902985,10.070282,899.38617,5.018563,31.926178,53.10703
2024-11-18 11:00:00,19.687897,10.088287,899.6015,5.5847793,38.25406,53.88488
2024-11-18 12:00:00,19.3815,10.370575,900.03125,5.8414435,40.936584,55.965607
2024-11-18 13:00:00,19.030182,10.441467,900.6054,6.049998,44.499207,57.474815
2024-11-18 14:00:00,17.919952,10.517181,901.3091,6.072427,48.12796,61.925495
2024-11-18 15:00:00,16.695557,10.302673,901.85974,5.9426827,51.650635,65.957245
2024-11-18 16:00:00,16.450623,10.283508,902.24695,5.686837,54.790405,66.90638
2024-11-18 17:00:00,15.742859,10.17041,902.30475,5.4154024,56.77713,69.46963
2024-11-18 18:00:00,15.416138,10.000061,902.1979,5.2523417,57.250122,70.13527
2024-11-18 19:00:00,15.208374,9.949341,901.8872,5.2108126,56.16568,70.83586
2024-11-18 20:00:00,14.632568,9.798523,901.5645,5.2577744,54.094025,72.77204
2024-11-18 21:00:00,14.524414,9.81073,901.2802,5.345678,52.335205,73.34178
2024-11-18 22:00:00,13.985992,9.590424,901.1769,4.966236,50.704803,74.82829
2024-11-18 23:00:00,13.892548,9.566101,901.2065,5.3130198,48.3963,75.16042
2024-11-19 00:00:00,14.141418,9.672699,901.4581,5.6344304,47.154175,74.48847
2024-11-19 01:00:00,14.142578,9.68985,901.99695,5.9471335,47.380493,74.568596
2024-11-19 02:00:00,15.355713,10.065155,902.6596,6.265832,48.39853,70.714806
2024-11-19 03:00:00,15.9756775,10.053894,903.2536,6.386373,50.168488,67.9127
2024-11-19 04:00:00,16.654633,9.972778,903.4554,6.2478313,49.689728,64.68696
2024-11-19 05:00:00,19.236816,9.837219,903.2683,5.8183036,45.30893,54.493923
2024-11-19 06:00:00,20.18454,9.61377,902.6434,5.418065,35.803925,50.617874
2024-11-19 07:00:00,20.345154,9.452911,901.83624,5.390621,24.158203,49.5796
2024-11-19 08:00:00,21.108612,9.252014,900.95807,5.7525473,15.896057,46.668278
2024-11-19 09:00:00,21.103485,9.268768,900.35736,6.3028035,13.535217,46.735634
2024-11-19 10:00:00,19.512146,9.710846,900.065,6.1452765,10.69278,53.116764
2024-11-19 11:00:00,19.306976,9.728302,900.05695,6.813018,18.423584,53.86185
2024-11-19 12:00:00,19.05661,9.94455,900.38696,7.1564174,23.10254,55.506794
2024-11-19 13:00:00,18.744476,10.044403,900.87286,7.487936,27.903534,56.978436
2024-11-19 14:00:00,17.633179,10.087402,901.4905,7.5879827,32.065796,61.270977
2024-11-19 15:00:00,16.52658,10.003357,901.94635,7.5403934,35.689575,65.349045
2024-11-19 16:00:00,16.26883,9.972076,902.2488,7.3999233,38.686066,66.29097
2024-11-19 17:00:00,15.46875,9.7742,902.2247,7.248549,40.893066,68.84991
2024-11-19 18:00:00,15.191681,9.674438,901.9775,7.110795,42.286774,69.61774
2024-11-19 19:00:00,15.010986,9.614563,901.6075,6.987408,43.11145,70.148735
2024-11-19 20:00:00,14.385498,9.431915,901.158,6.894048,43.481598,72.1456
2024-11-19 21:00:00,14.251556,9.407867,900.7935,6.8607125,43.686127,72.65576
2024-11-19 22:00:00,13.749847,9.025452,900.6866,6.592559,47.07321,73.1504
2024-11-19 23:00:00,13.632568,9.010712,900.7182,6.7749834,46.632446,73.63686
2024-11-20 00:00:00,13.866699,9.202026,901.0304,6.8786354,48.014557,73.46626
2024-11-20 01:00:00,13.808441,9.166443,901.567,6.9704056,50.329956,73.56817
2024-11-20 02:00:00,15.101929,9.585022,902.29834,7.071224,53.09372,69.60158
2024-11-20 03:00:00,15.797211,9.595642,902.83325,7.107991,55.519806,66.61476
2024-11-20 04:00:00,16.513397,9.548309,903.0096,6.8878465,56.882233,63.439346
2024-11-20 05:00:00,19.089142,9.389923,902.6799,6.246019,55.184692,53.371376
2024-11-20 06:00:00,19.867615,9.021912,901.9579,5.4203987,48.798767,49.60599
2024-11-20 07:00:00,20.080475,8.974823,901.0235,4.8376837,38.86377,48.80124
2024-11-20 08:00:00,20.860046,8.819794,900.13635,4.694334,29.220947,46.025772
2024-11-20 09:00:00,20.888702,8.823639,899.5511,4.895059,24.191345,45.956657
2024-11-20 10:00:00,19.406677,9.440918,899.3235,4.640385,18.947784,52.50614
2024-11-20 11:00:00,19.224274,9.468323,899.4296,5.1441603,27.843506,53.203453
2024-11-20 12:00:00,18.84082,9.726501,899.83734,5.4834743,32.41455,55.44358
2024-11-20 13:00:00,18.626495,9.876678,900.3318,5.7516565,37.41278,56.759686
2024-11-20 14:00:00,17.580322,9.847015,900.9222,5.811963,41.319305,60.49453
2024-11-20 15:00:00,16.207489,9.515381,901.3493,5.7827687,44.427094,64.544
2024-11-20 16:00:00,16.069,9.499603,901.6055,5.686743,46.956604,65.04757
2024-11-20 17:00:00,15.401184,9.424805,901.54584,5.585983,48.45285,67.54622
2024-11-20 18:00:00,15.057251,9.302338,901.2954,5.481064,48.423065,68.48842
2024-11-20 19:00:00,14.845215,9.272919,900.9014,5.445139,47.139862,69.29214
2024-11-20 20:00:00,14.268799,9.165161,900.48303,5.5118155,45.11444,71.399284
2024-11-20 21:00:00,14.073059,9.069244,900.17126,5.6370344,43.587128,71.84419
2024-11-20 22:00:00,13.498871,8.887268,899.9934,5.6315107,46.4675,73.66412
2024-11-20 23:00:00,13.397247,8.863617,900.0743,5.774277,46.445587,74.034904
2024-11-21 00:00:00,13.685059,9.010254,900.44556,5.9025097,47.4382,73.38375
2024-11-21 01:00:00,13.665924,9.035919,901.0834,6.048099,50.071594,73.60234
2024-11-21 02:00:00,14.919952,9.397858,901.837,6.1936893,52.60324,69.54136
2024-11-21 03:00:00,15.557037,9.421265,902.4599,6.2412114,56.247955,66.85894
2024-11-21 04:00:00,16.422607,9.593079,902.64685,5.8980255,57.635803,63.998795
2024-11-21 05:00:00,18.729279,9.427948,902.3791,5.2398443,54.569946,54.723633
2024-11-21 06:00:00,19.657928,9.069916,901.68274,4.5325713,46.4718,50.418236
2024-11-21 07:00:00,19.88678,9.081329,900.8535,4.0832143,35.15332,49.745953
2024-11-21 08:00:00,20.657074,8.824371,900.06134,4.043078,24.553375,46.618835
2024-11-21 09:00:00,20.650757,8.836243,899.5313,4.271967,19.661072,46.674374
2024-11-21 10:00:00,19.306396,9.520325,899.2469,3.8219206,9.569092,53.117336
2024-11-21 11:00:00,19.051483,9.551544,899.38586,4.354509,22.375824,54.080868
2024-11-21 12:00:00,18.681274,9.75943,899.82837,4.755548,29.449127,56.122936
2024-11-21 13:00:00,18.395264,9.96225,900.34454,4.9825206,35.81128,57.918324
2024-11-21 14:00:00,17.263489,9.907318,900.94727,5.0463905,40.892334,61.966675
2024-11-21 15:00:00,16.220032,9.711334,901.35443,5.010052,45.478058,65.34607
2024-11-21 16:00:00,16.01712,9.715057,901.54565,4.9645114,48.84964,66.21377
2024-11-21 17:00:00,15.223206,9.525024,901.4208,4.9215612,50.114685,68.78372
2024-11-21 18:00:00,14.857574,9.425903,901.1011,4.8817887,49.55298,69.95296
2024-11-21 19:00:00,14.708405,9.456085,900.6741,4.903757,48.057434,70.772026
2024-11-21 20:00:00,14.083984,9.341431,900.2579,5.0399494,46.32422,73.12103
2024-11-21 21:00:00,13.95755,9.314301,899.89874,5.25797,44.560425,73.58842
2024-11-21 22:00:00,13.452911,9.054413,899.80304,5.6154237,46.87964,74.72252
2024-11-21 23:00:00,13.383728,9.058899,899.7816,5.928444,45.90393,75.08264
2024-11-22 00:00:00,13.649963,9.201447,900.046,6.2190733,46.872375,74.50496
2024-11-22 01:00:00,13.6154785,9.212799,900.5103,6.4593215,48.695312,74.72929
2024-11-22 02:00:00,14.743622,9.5902405,901.20044,6.653086,50.847748,71.250534
2024-11-22 03:00:00,15.285248,9.642853,901.7634,6.5747313,53.62271,69.05424
2024-11-22 04:00:00,16.09842,9.709656,902.00854,6.088446,53.394165,65.84731
2024-11-22 05:00:00,18.781311,9.754547,901.7294,5.43134,48.371246,55.75481
2024-11-22 06:00:00,19.534302,9.506958,900.9977,4.855092,39.625916,52.322865
2024-11-22 07:00:00,19.755524,9.419403,900.01917,4.56446,30.192017,51.306545
2024-11-22 08:00:00,20.5831,9.318726,899.1289,4.6010265,23.546661,48.418385
2024-11-22 09:00:00,20.588287,9.286499,898.56946,4.836868,22.46164,48.29808
2024-11-22 10:00:00,19.203339,9.992279,898.37415,4.552303,14.779755,55.177486
2024-11-22 11:00:00,18.9776,10.139984,898.5732,5.155695,28.409943,56.51487
2024-11-22 12:00:00,18.711945,10.37616,899.05194,5.4996963,37.125824,58.37363
2024-11-22 13:00:00,18.462646,10.583252,899.5982,5.7297983,43.817352,60.115494
2024-11-22 14:00:00,17.331787,10.531738,900.2642,5.805591,49.054108,64.32714
2024-11-22 15:00:00,16.286865,10.153931,900.7468,5.704582,54.074524,67.02494
2024-11-22 16:00:00,16.106354,10.2352295,901.0271,5.563931,58.03473,68.16978
2024-11-22 17:00:00,15.402679,10.13089,900.9758,5.341615,60.78537,70.81259
2024-11-22 18:00:00,15.101288,10.012939,900.718,5.1567435,61.72888,71.62914
2024-11-22 19:00:00,14.878174,9.96875,900.3764,4.95375,61.57892,72.45024
2024-11-22 20:00:00,14.24295,9.814941,900.0518,4.8303504,59.950684,74.70947
2024-11-22 21:00:00,14.062439,9.799744,899.8264,4.7910748,57.11133,75.51096
2024-11-22 22:00:00,13.552765,9.496124,899.8565,4.3809466,61.066162,76.478
2024-11-22 23:00:00,13.467285,9.581696,900.0101,4.546682,57.599762,77.34778
2024-11-23 00:00:00,13.7308655,9.721191,900.3974,4.7712183,56.298584,76.74802
2024-11-23 01:00:00,13.714813,9.696136,901.0569,5.0528464,55.36017,76.699135
2024-11-23 02:00:00,14.772522,10.163513,901.7788,5.240104,54.912323,73.9012
2024-11-23 03:00:00,15.2388,10.18457,902.397,5.167707,54.054626,71.81836
2024-11-23 04:00:00,15.914276,10.134857,902.6005,4.603845,50.67404,68.54955
2024-11-23 05:00:00,18.50122,10.406799,902.33014,3.9573615,40.506958,59.269394
2024-11-23 06:00:00,19.309875,10.066986,901.59424,3.6621654,23.121857,55.087257
2024-11-23 07:00:00,19.527039,9.971405,900.69946,4.017699,9.695496,54.00197
2024-11-23 08:00:00,20.279053,9.880432,899.877,4.6266475,4.4882507,51.230705
2024-11-23 09:00:00,20.303284,9.941345,899.4077,5.334516,6.3456726,51.363117
2024-11-23 10:00:00,19.016113,10.480713,899.2675,5.6666646,9.310242,57.675953
2024-11-23 11:00:00,18.768402,10.585571,899.392,6.5003257,19.98059,58.98552
2024-11-23 12:00:00,18.41037,10.765167,899.84467,7.108601,26.557404,61.047287
2024-11-23 13:00:00,18.169586,10.8914795,900.40735,7.47135,31.577576,62.498753
2024-11-23 14:00:00,17.206757,10.845795,901.05493,7.644077,35.612335,66.20675
2024-11-23 15:00:00,16.198608,10.576904,901.4147,7.6264133,39.298492,69.33181
2024-11-23 16:00:00,15.912506,10.599487,901.5993,7.5399127,41.812714,70.71542
2024-11-23 17:00:00,15.143585,10.499268,901.52057,7.397224,43.203186,73.79221
2024-11-23 18:00:00,14.902435,10.339691,901.30975,7.282155,43.124603,74.15251
2024-11-23 19:00:00,14.768341,10.316559,901.02405,7.2185607,42.048676,74.68043
2024-11-23 20:00:00,14.151978,10.1466675,900.71063,7.267894,40.453888,76.837425
2024-11-23 21:00:00,13.995483,10.109772,900.4077,7.4327493,39.316223,77.42939
2024-11-23 22:00:00,13.427338,9.725952,900.2855,7.1809516,40.7446,78.30335
2024-11-23 23:00:00,13.362457,9.739044,900.3565,7.4651933,40.204926,78.70403
2024-11-24 00:00:00,13.566925,9.809082,900.7965,7.6603365,41.300232,78.02869
2024-11-24 01:00:00,13.590515,9.8324585,901.41046,7.8202143,42.808655,78.03114
2024-11-24 02:00:00,14.371582,10.0503235,902.1368,7.933043,43.18683,75.26705
2024-11-24 03:00:00,14.863525,9.976288,902.6655,7.9588857,42.507782,72.55521
2024-11-24 04:00:00,15.578552,10.070801,902.8494,7.8686433,42.06015,69.73822
2024-11-24 05:00:00,17.95044,10.314789,902.57056,7.5099792,39.86026,60.978348
2024-11-24 06:00:00,18.794281,10.032227,901.9229,7.095702,35.478577,56.755127
2024-11-24 07:00:00,19.058868,9.942078,901.08813,6.8597026,30.238342,55.48979
2024-11-24 08:00:00,19.891022,9.618011,900.329,6.8902717,25.767242,51.560505
2024-11-24 09:00:00,19.928375,9.52652,899.8921,7.189874,24.684448,51.12636
2024-11-24 10:00:00,18.587128,9.913727,899.8889,7.1533365,24.331116,57.04099
2024-11-24 11:00:00,18.383362,9.908112,899.9866,7.60489,31.443787,57.75188
2024-11-24 12:00:00,18.107056,10.024231,900.3505,7.894606,34.28058,59.22023
2024-11-24 13:00:00,17.801697,10.081329,900.86365,8.136734,38.023163,60.59932
2024-11-24 14:00:00,16.682098,9.954407,901.4402,8.274106,41.10742,64.49488
2024-11-24 15:00:00,15.563995,9.54953,901.7697,8.303494,43.333588,67.40743
2024-11-24 16:00:00,15.303131,9.519989,901.8987,8.271334,45.07544,68.40855
2024-11-24 17:00:00,14.542999,9.372467,901.7988,8.196837,45.880432,71.13045
2024-11-24 18:00:00,14.327393,9.25589,901.558,8.2042055,45.783325,71.56496
2024-11-24 19:00:00,14.185608,9.22583,901.17084,8.246871,45.01886,72.07856
2024-11-24 20:00:00,13.499451,8.9823,900.7643,8.380929,44.180634,74.13513
2024-11-24 21:00:00,13.348358,8.974304,900.3703,8.550691,43.313873,74.82788
2024-11-24 22:00:00,12.839325,8.645416,900.2717,8.479865,39.83545,75.65746
2024-11-24 23:00:00,12.735504,8.6328125,900.2625,8.77203,41.185974,76.10842
2024-11-25 00:00:00,12.944977,8.717133,900.5581,9.005126,42.97104,75.50169
2024-11-25 01:00:00,12.917633,8.704102,901.0853,9.177421,45.11502,75.5702
2024-11-25 02:00:00,13.925537,9.07196,901.7606,9.32043,46.986572,72.54793
2024-11-25 03:00:00,14.525299,9.171356,902.28986,9.279519,49.361908,70.25465
2024-11-25 04:00:00,15.288422,9.252441,902.47156,9.086616,50.634094,67.25259
2024-11-25 05:00:00,18.050934,9.6875,902.1839,8.612771,49.291138,58.10409
2024-11-25 06:00:00,18.84372,9.485809,901.5189,7.994675,44.81421,54.54534
2024-11-25 07:00:00,19.133362,9.366882,900.682,7.4704456,38.845276,53.142082
2024-11-25 08:00:00,20.133087,9.0598755,899.8736,7.2203255,33.181305,48.92241
2024-11-25 09:00:00,20.16919,8.978455,899.3547,7.267953,30.051971,48.546074
2024-11-25 10:00:00,18.680603,9.436127,899.1499,6.7682567,27.121887,54.920597
2024-11-25 11:00:00,18.410004,9.391266,899.2227,7.3798604,34.170746,55.6907
2024-11-25 12:00:00,18.038208,9.507874,899.5731,7.49918,37.958435,57.453747
2024-11-25 13:00:00,17.71875,9.606384,900.10516,7.62417,42.01013,59.009274
2024-11-25 14:00:00,16.676697,9.62085,900.7006,7.681449,45.16696,63.090878
2024-11-25 15:00:00,15.333282,9.342834,901.1454,7.702954,47.753693,67.46828
2024-11-25 16:00:00,15.065247,9.322388,901.34784,7.6161284,49.59265,68.5456
2024-11-25 17:00:00,14.396271,9.154053,901.2516,7.5523176,50.64151,70.76019
2024-11-25 18:00:00,14.170074,9.063141,900.98804,7.545376,51.22528,71.364784
2024-11-25 19:00:00,14.070099,9.041534,900.58716,7.6283207,50.729553,71.7239
2024-11-25 20:00:00,13.404785,8.801636,900.1394,7.7739177,49.77237,73.68951
2024-11-25 21:00:00,13.262238,8.731659,899.7137,7.9622483,48.669342,74.026505
2024-11-25 22:00:00,12.83432,8.561096,899.4587,7.4876676,47.36557,75.251785
2024-11-25 23:00:00,12.783234,8.57309,899.48596,7.878554,47.738373,75.56509
2024-11-26 00:00:00,13.055756,8.739563,899.8045,8.062899,48.924286,75.07086
2024-11-26 01:00:00,13.056702,8.724426,900.39514,8.194092,51.2193,74.98946
2024-11-26 02:00:00,14.103912,9.099762,901.1294,8.318375,53.190033,71.848335
2024-11-26 03:00:00,14.704407,9.200256,901.71265,8.343745,55.464355,69.58266
2024-11-26 04:00:00,15.522003,9.279968,901.95044,8.086257,55.795654,66.3755
2024-11-26 05:00:00,18.23465,9.555145,901.7135,7.592629,53.1687,56.929787
2024-11-26 06:00:00,18.946777,9.238403,901.0642,6.877691,47.320923,53.3014
2024-11-26 07:00:00,19.210907,9.098541,900.2054,6.3638954,40.19861,51.939346
2024-11-26 08:00:00,20.11026,8.747589,899.3809,6.1955385,33.906006,47.96987
2024-11-26 09:00:00,20.120514,8.811523,898.82104,6.350411,30.259216,48.14695
2024-11-26 10:00:00,18.558441,9.359619,898.4719,5.93321,28.062805,55.05809
2024-11-26 11:00:00,18.377686,9.419312,898.58276,6.536949,34.910675,55.908913
2024-11-26 12:00:00,18.097382,9.58606,898.98236,6.9332795,37.67038,57.541813
2024-11-26 13:00:00,17.752197,9.768555,899.5985,7.296171,41.734528,59.529007
2024-11-26 14:00:00,16.55371,9.668243,900.2659,7.5110006,45.488525,63.78829
2024-11-26 15:00:00,15.550751,9.425262,900.75415,7.5692134,48.524597,66.90384
2024-11-26 16:00:00,15.320953,9.3828125,901.0175,7.480956,51.024384,67.70342
2024-11-26 17:00:00,14.550079,9.262146,900.9358,7.364685,52.345123,70.57233
2024-11-26 18:00:00,14.289673,9.170807,900.6268,7.252638,52.93988,71.33005
2024-11-26 19:00:00,14.085144,9.089661,900.19055,7.2328534,52.656555,71.88679
2024-11-26 20:00:00,13.426575,8.88916,899.67554,7.265687,52.18335,74.021126
2024-11-26 21:00:00,13.330933,8.849915,899.21484,7.301789,51.584595,74.28673
2024-11-26 22:00:00,12.817322,8.489197,898.99445,7.231019,54.148254,74.969795
2024-11-26 23:00:00,12.7612,8.466644,898.96545,7.4362607,54.375275,75.13086
2024-11-27 00:00:00,12.977264,8.631653,899.25354,7.524809,55.507507,74.90837
2024-11-27 01:00:00,12.95108,8.622559,899.84955,7.5942116,57.450745,74.99055
2024-11-27 02:00:00,14.016357,8.990112,900.5508,7.702034,59.479126,71.725044
2024-11-27 03:00:00,14.527191,8.982788,901.10016,7.8057647,62.65509,69.35904
2024-11-27 04:00:00,15.355896,9.03479,901.2612,7.8143115,65.00775,65.9875
2024-11-27 05:00:00,18.123688,9.498474,900.9598,7.4357123,66.08911,57.10999
2024-11-27 06:00:00,18.830048,9.179535,900.22925,6.6155562,64.41846,53.478943
2024-11-27 07:00:00,19.070526,9.063507,899.3166,5.718536,60.388733,52.27215
2024-11-27 08:00:00,19.956818,8.872589,898.4539,5.119621,54.223236,48.83816
2024-11-27 09:00:00,19.98117,8.874847,897.9283,4.975734,48.43158,48.772015
2024-11-27 10:00:00,18.56366,9.134308,897.64343,4.4717326,51.39688,54.21179
2024-11-27 11:00:00,18.42102,9.314148,897.882,5.045588,52.069336,55.364418
2024-11-27 12:00:00,18.112183,9.5173645,898.3939,5.526188,52.905823,57.22381
2024-11-27 13:00:00,17.778412,9.656555,899.01544,5.9221377,55.199127,58.986168
2024-11-27 14:00:00,16.731506,9.630341,899.66876,6.1873813,58.238403,62.911766
2024-11-27 15:00:00,15.596161,9.298584,900.1781,6.3210855,61.742767,66.143745
2024-11-27 16:00:00,15.35907,9.302185,900.48236,6.3678393,64.69461,67.17283
2024-11-27 17:00:00,14.571106,9.132538,900.4846,6.3529525,66.50128,69.86429
2024-11-27 18:00:00,14.314148,9.060455,900.2001,6.300595,67.82117,70.68972
2024-11-27 19:00:00,14.098145,8.93689,899.8245,6.242705,68.25601,71.09022
2024-11-27 20:00:00,13.498627,8.787964,899.39307,6.2387457,67.96387,73.173035
2024-11-27 21:00:00,13.417603,8.731842,899.1021,6.2634788,67.36871,73.28167
2024-11-27 22:00:00,12.820618,8.489471,898.89014,6.077809,61.67169,74.95502
2024-11-27 23:00:00,12.770538,8.50528,899.03284,6.4446473,62.57953,75.28162
2024-11-28 00:00:00,13.007263,8.610443,899.4844,6.719959,63.562866,74.6545
2024-11-28 01:00:00,13.008209,8.581757,900.1104,7.0173864,65.15982,74.50517
2024-11-28 02:00:00,14.056976,8.924713,900.88666,7.3425455,66.94556,71.22157
2024-11-28 03:00:00,14.580322,8.875885,901.4854,7.518498,69.881226,68.62478
2024-11-28 04:00:00,15.386902,8.800049,901.81,7.39273,71.295044,64.82147
2024-11-28 05:00:00,18.027924,8.702393,901.6471,6.9825125,71.23831,54.454006
2024-11-28 06:00:00,18.7612,8.534363,901.03784,6.249015,70.272766,51.42039
2024-11-28 07:00:00,19.009949,8.400543,900.18335,5.5290184,67.93652,50.171185
2024-11-28 08:00:00,19.907318,8.046783,899.3577,5.0768223,63.851715,46.323647
2024-11-28 09:00:00,19.970032,8.012939,898.87775,5.025493,60.361694,46.038048
2024-11-28 10:00:00,18.52066,8.668976,898.6507,4.343849,56.053864,52.67746
2024-11-28 11:00:00,18.3255,8.776093,898.82935,5.0631227,58.33838,53.713013
2024-11-28 12:00:00,18.010864,8.896973,899.24243,5.430179,59.293427,55.23354
2024-11-28 13:00:00,17.665314,8.915131,899.7826,5.9015656,60.967224,56.51721
2024-11-28 14:00:00,16.562286,8.913971,900.3892,6.2207584,63.747498,60.599064
2024-11-28 15:00:00,15.380737,8.44162,900.94635,6.4128976,66.621704,63.293945
2024-11-28 16:00:00,15.171692,8.390839,901.2898,6.4321675,68.88995,63.92876
2024-11-28 17:00:00,14.454559,8.172943,901.34644,6.3853674,70.52478,65.96962
2024-11-28 18:00:00,14.190887,7.991974,901.1028,6.2393804,71.26349,66.284355
2024-11-28 19:00:00,13.967468,7.959656,900.7394,6.123658,71.127594,67.10329
2024-11-28 20:00:00,13.467041,7.826233,900.31525,6.0664077,69.862915,68.694756
2024-11-28 21:00:00,13.266541,7.6547546,899.95154,6.114619,68.13663,68.7899
2024-11-28 22:00:00,12.831451,7.5379944,899.75977,6.1388493,63.490906,70.21162
2024-11-28 23:00:00,12.711029,7.5107727,899.8245,6.389078,64.86038,70.63595
2024-11-29 00:00:00,12.965637,7.6167297,900.22546,6.536525,66.31723,69.97293
2024-11-29 01:00:00,12.949402,7.533325,900.8865,6.6985254,67.77469,69.64992
2024-11-29 02:00:00,14.043243,7.8552246,901.5644,6.9093833,68.488525,66.301796
2024-11-29 03:00:00,14.654205,7.9512024,902.0745,6.834691,69.85104,64.15112
2024-11-29 04:00:00,15.447327,8.111694,902.2453,6.599033,70.934296,61.62969
2024-11-29 05:00:00,18.030975,8.106384,902.0402,6.24536,71.50482,52.288883
2024-11-29 06:00:00,18.847992,8.149719,901.4104,5.580245,70.085144,49.826084
2024-11-29 07:00:00,19.120697,8.173584,900.6071,4.89691,66.02649,49.064922
2024-11-29 08:00:00,20.000488,8.197144,899.8039,4.3918834,60.163788,46.529778
2024-11-29 09:00:00,20.04712,8.254028,899.25275,4.2899036,55.27481,46.575077
2024-11-29 10:00:00,18.527344,8.889587,899.00287,4.000007,58.660645,53.445984
2024-11-29 11:00:00,18.216644,8.936035,899.0686,4.4515967,58.357025,54.668175
2024-11-29 12:00:00,17.890015,9.022034,899.44354,4.4844184,57.68048,56.126373
2024-11-29 13:00:00,17.58847,9.111023,900.0176,4.6864667,58.5614,57.546745
2024-11-29 14:00:00,16.753326,9.192505,900.61383,4.7928886,60.183716,61.00282
2024-11-29 15:00:00,15.606506,8.978882,901.1115,4.833697,62.620667,64.69172
2024-11-29 16:00:00,15.342987,8.953522,901.3882,4.8016834,64.88971,65.68125
2024-11-29 17:00:00,14.679504,8.856781,901.3434,4.671454,66.63574,68.099174
2024-11-29 18:00:00,14.382874,8.720459,900.9789,4.5186806,67.06561,68.77977
2024-11-29 19:00:00,14.18985,8.654114,900.5097,4.3857303,67.2522,69.33235
2024-11-29 20:00:00,13.648712,8.465118,899.9899,4.2707887,66.79205,70.89706
2024-11-29 21:00:00,13.575287,8.453522,899.551,4.165098,65.74072,71.180466
2024-11-29 22:00:00,13.059662,8.288818,899.3223,4.1384745,56.805847,72.79629
2024-11-29 23:00:00,13.021118,8.265259,899.3235,4.184716,60.350037,72.86328
2024-11-30 00:00:00,13.211273,8.356598,899.628,4.1814423,62.37274,72.41143
2024-11-30 01:00:00,13.218384,8.339508,900.163,4.166692,65.26196,72.29405
2024-11-30 02:00:00,14.317139,8.748444,900.74615,4.1878805,67.52493,69.203476
2024-11-30 03:00:00,14.891266,8.848755,901.2273,4.1378183,73.00635,67.139824
2024-11-30 04:00:00,15.607788,9.082764,901.4444,3.7518055,78.83978,65.14101
2024-11-30 05:00:00,18.180023,9.507355,901.1832,2.9830048,82.6376,56.94228
2024-11-30 06:00:00,18.891571,9.543976,900.4601,1.9807296,82.78369,54.595448
2024-11-30 07:00:00,19.144135,9.55722,899.43604,0.9972075,74.304016,53.78991
2024-11-30 08:00:00,20.033691,9.734619,898.4856,0.4003279,19.657776,51.50823
2024-11-30 09:00:00,20.020325,9.787445,897.8353,0.6050629,333.5035,51.73372
2024-11-30 10:00:00,18.569519,10.023315,897.55664,1.420668,322.52707,57.52418
2024-11-30 11:00:00,18.294586,10.144104,897.73126,1.3523333,351.6119,58.998196
2024-11-30 12:00:00,18.016174,10.30542,898.1289,1.3824321,3.841034,60.68889
2024-11-30 13:00:00,17.762726,10.346252,898.66345,1.5474749,21.089294,61.832638
2024-11-30 14:00:00,16.829437,10.271606,899.22455,1.682594,36.19406,65.26375
2024-11-30 15:00:00,15.713867,9.892822,899.7263,1.7403795,50.216614,68.31834
2024-11-30 16:00:00,15.435822,9.86618,899.9649,1.7623445,62.23062,69.42189
2024-11-30 17:00:00,14.817352,9.735077,899.8786,1.761602,70.965576,71.60512
2024-11-30 18:00:00,14.541504,9.604614,899.57874,1.7723858,75.592834,72.25531
2024-11-30 19:00:00,14.346954,9.545349,899.2087,1.7967988,77.589264,72.8788
2024-11-30 20:00:00,13.794006,9.344208,898.7654,1.8174579,77.02478,74.52334
2024-11-30 21:00:00,13.662323,9.286987,898.3645,1.80881,75.19122,74.874954
2024-11-30 22:00:00,13.35321,9.256744,898.21173,2.412699,54.588745,76.24123
2024-11-30 23:00:00,13.256561,9.217194,898.1525,2.5737789,60.02643,76.51913
2024-12-01 00:00:00,13.387421,9.277435,898.4478,2.7172663,64.385925,76.177475
2024-12-01 01:00:00,13.440796,9.322571,898.9324,2.8138478,69.63229,76.14396
2024-12-01 02:00:00,14.436462,9.706207,899.5355,2.9057052,74.10843,73.24467
2024-12-01 03:00:00,15.03949,9.907471,900.02966,2.9055386,81.836,71.40852
2024-12-01 04:00:00,15.710999,9.972626,900.1994,2.4567122,93.533875,68.69685
2024-12-01 05:00:00,18.219452,10.325348,899.9824,1.7597904,109.69614,59.99875
2024-12-01 06:00:00,18.923035,10.128876,899.2395,1.0222534,139.29694,56.665577
2024-12-01 07:00:00,19.1474,10.062836,898.29846,0.8378383,207.26544,55.632027
2024-12-01 08:00:00,20.055756,10.120209,897.2713,1.3242213,245.8382,52.782894
2024-12-01 09:00:00,20.025269,10.022583,896.5916,1.6320931,262.01416,52.5385
2024-12-01 10:00:00,18.72113,10.331604,896.3046,1.9562352,285.02063,58.166946
2024-12-01 11:00:00,18.466003,10.312164,896.3448,1.261647,296.6608,59.02644
2024-12-01 12:00:00,18.184052,10.477112,896.6914,1.1454277,305.0523,60.743893
2024-12-01 13:00:00,17.878998,10.565399,897.24664,0.94421965,316.70798,62.285
2024-12-01 14:00:00,16.920135,10.47287,897.8206,0.7521876,327.85083,65.76651
2024-12-01 15:00:00,15.820496,10.150909,898.2575,0.5305309,338.10504,69.03559
2024-12-01 16:00:00,15.597076,10.166962,898.4453,0.39034334,347.53256,70.10468
2024-12-01 17:00:00,14.956116,10.033539,898.421,0.26663086,351.05017,72.400764
2024-12-01 18:00:00,14.650574,9.847748,898.2395,0.2459859,342.70245,72.92766
2024-12-01 19:00:00,14.434082,9.757874,897.99634,0.34473768,333.80658,73.510124
2024-12-01 20:00:00,13.863953,9.531189,897.5859,0.54491836,336.3491,75.12372
2024-12-01 21:00:00,13.717194,9.4375305,897.18896,0.74909014,340.59433,75.367455
2024-12-01 22:00:00,13.430084,9.395111,897.027,0.9336409,341.11072,76.56968
2024-12-01 23:00:00,13.326447,9.346924,897.0818,1.0262889,354.41858,76.839066
2024-12-02 00:00:00,13.567413,9.481689,897.5717,1.1492873,10.918304,76.33111
2024-12-02 01:00:00,13.576233,9.479523,898.3054,1.3296111,26.659271,76.276215
2024-12-02 02:00:00,14.641571,9.816711,899.14764,1.6198672,39.350708,72.818474
2024-12-02 03:00:00,15.238068,9.926544,899.76373,1.7479764,50.12561,70.59313
2024-12-02 04:00:00,15.897858,10.076782,900.09467,1.3083519,58.734344,68.35562
2024-12-02 05:00:00,18.33316,10.376892,899.918,0.60281587,45.219543,59.777515
2024-12-02 06:00:00,19.045532,10.221039,899.46576,0.5485153,312.57242,56.581455
2024-12-02 07:00:00,19.302094,10.185516,898.7618,1.3201658,292.13232,55.552284
2024-12-02 08:00:00,20.064636,10.151062,898.0606,1.9094443,292.20837,52.862774
2024-12-02 09:00:00,20.133331,10.147369,897.5695,2.185765,299.39078,52.625614
2024-12-02 10:00:00,18.756165,10.415985,897.52795,2.634879,315.09732,58.367313
2024-12-02 11:00:00,18.5018,10.451508,897.6766,2.369703,337.65005,59.444176
2024-12-02 12:00:00,18.188324,10.6597595,898.14026,2.4766002,350.40244,61.470837
2024-12-02 13:00:00,17.867432,10.711517,898.72314,2.5371916,3.0102234,62.939537
2024-12-02 14:00:00,16.79834,10.514954,899.37854,2.550227,13.385254,66.462555
2024-12-02 15:00:00,15.878876,10.184021,899.7939,2.497058,22.200775,68.93083
2024-12-02 16:00:00,15.65152,10.167938,900.0103,2.3753397,28.555878,69.86531
2024-12-02 17:00:00,15.046722,10.030609,900.0104,2.2482917,33.027008,71.96588
2024-12-02 18:00:00,14.765015,9.92807,899.9304,2.143158,33.894592,72.781906
2024-12-02 19:00:00,14.629761,9.889343,899.7584,2.1133783,31.578247,73.229355
2024-12-02 20:00:00,14.042633,9.65741,899.40686,2.1616852,26.677032,74.8899
2024-12-02 21:00:00,13.91272,9.600891,899.0921,2.356094,21.892212,75.23759
2024-12-02 22:00:00,13.589539,9.480499,898.9892,2.8263962,14.9557495,76.215225
2024-12-02 23:00:00,13.520752,9.494568,899.0082,2.9807656,18.106262,76.62946
2024-12-03 00:00:00,13.692596,9.587006,899.30023,3.091442,21.048035,76.24964
2024-12-03 01:00:00,13.715668,9.612091,899.8976,3.2457395,24.738281,76.26368
2024-12-03 02:00:00,14.783783,9.966888,900.61475,3.5025208,28.38974,72.88305
2024-12-03 03:00:00,15.39917,10.070496,901.22174,3.6426208,31.342804,70.54317
2024-12-03 04:00:00,15.983673,10.123169,901.4766,3.2993078,27.906036,68.19314
2024-12-03 05:00:00,18.495453,10.495544,901.37115,3.0422642,13.077789,59.64262
2024-12-03 06:00:00,19.20877,10.44397,900.9082,3.1339328,355.43033,56.848103
2024-12-03 07:00:00,19.448761,10.438019,900.2473,3.5766175,343.69977,55.983227
2024-12-03 08:00:00,20.364258,10.442566,899.4537,4.047968,339.3924,52.912308
2024-12-03 09:00:00,20.389984,10.466431,898.8579,4.5099916,341.6117,52.91245
2024-12-03 10:00:00,18.971405,10.679474,898.60657,4.4682736,343.40747,58.607704
2024-12-03 11:00:00,18.670593,10.672546,898.7734,4.6300206,0.065093994,59.691914
2024-12-03 12:00:00,18.326233,10.823029,899.1916,4.9396195,5.3015747,61.60663
2024-12-03 13:00:00,18.043,10.845703,899.79803,5.136496,11.9479065,62.806355
2024-12-03 14:00:00,17.05835,10.641724,900.43646,5.2874985,18.03366,65.9305
2024-12-03 15:00:00,16.108368,10.403809,900.8086,5.309206,22.949982,68.93213
2024-12-03 16:00:00,15.828033,10.315857,901.0134,5.248642,26.0336,69.7666
2024-12-03 17:00:00,15.115906,10.074524,900.9422,5.1438594,27.44043,71.85719
2024-12-03 18:00:00,14.825684,9.934021,900.7626,5.0687838,28.2872,72.526825
2024-12-03 19:00:00,14.604004,9.83017,900.48755,5.0673795,28.657806,73.06103
2024-12-03 20:00:00,14.013794,9.654175,900.12836,5.0740623,28.876434,75.01373
2024-12-03 21:00:00,13.862549,9.569061,899.7522,5.1159644,28.798859,75.32184
2024-12-03 22:00:00,13.480682,9.357361,899.5242,5.0423326,32.030334,76.12439
2024-12-03 23:00:00,13.351318,9.287079,899.4387,5.146899,34.335327,76.406425
2024-12-04 00:00:00,13.648224,9.426575,899.68005,5.2549677,37.055023,75.65034
2024-12-04 01:00:00,13.618347,9.42337,900.1825,5.317071,40.454224,75.78111
2024-12-04 02:00:00,14.613129,9.766205,900.8624,5.449535,44.336975,72.70575
2024-12-04 03:00:00,15.185547,9.7969055,901.46466,5.40876,47.808838,70.21933
2024-12-04 04:00:00,15.835754,9.799591,901.70044,4.863329,48.895294,67.3659
2024-12-04 05:00:00,18.22696,10.069122,901.5132,4.1300626,44.362335,58.952827
2024-12-04 06:00:00,19.24289,9.821381,900.88367,3.4486713,35.384888,54.415565
2024-12-04 07:00:00,19.505493,9.745483,900.0657,3.006,21.472198,53.262283
2024-12-04 08:00:00,20.483246,9.661255,899.2692,2.9315724,9.883667,49.85129
2024-12-04 09:00:00,20.447662,9.506165,898.71515,3.1078577,5.9198,49.443462
2024-12-04 10:00:00,18.977844,9.823761,898.5106,2.9744155,4.7798157,55.330826
2024-12-04 11:00:00,18.667725,9.810547,898.6354,3.3351626,23.335632,56.363262
2024-12-04 12:00:00,18.294525,9.945618,899.04736,3.5321481,27.096771,58.220448
2024-12-04 13:00:00,17.937592,9.987457,899.58014,3.6984208,32.06781,59.707306
2024-12-04 14:00:00,16.781311,9.9348755,900.1406,3.8669822,36.473328,64.00625
2024-12-04 15:00:00,15.824188,9.705078,900.5698,3.8877099,40.802795,66.98999
2024-12-04 16:00:00,15.533447,9.560944,900.78357,3.8301022,43.882446,67.59124
2024-12-04 17:00:00,14.723907,9.33136,900.7756,3.7429225,45.80014,70.111015
2024-12-04 18:00:00,14.397736,9.183624,900.5469,3.6484911,47.00708,70.89453
2024-12-04 19:00:00,14.186096,9.086487,900.26587,3.6012492,47.648987,71.40304
2024-12-04 20:00:00,13.5407715,8.775482,899.8707,3.559456,47.2778,72.91111
2024-12-04 21:00:00,13.416504,8.689087,899.5521,3.591308,45.782257,73.07545
2024-12-04 22:00:00,12.910614,8.438995,899.45544,3.5961928,50.353516,74.2608
2024-12-04 23:00:00,12.82019,8.411957,899.37714,3.801896,51.108063,74.56463
2024-12-05 00:00:00,13.089325,8.490692,899.5725,3.9158685,52.612213,73.6561
2024-12-05 01:00:00,13.078583,8.469177,900.07446,4.0347714,54.17749,73.60048
2024-12-05 02:00:00,14.1719055,8.8706665,900.78094,4.1881423,55.375793,70.435936
2024-12-05 03:00:00,14.731659,8.728821,901.456,4.1681514,56.925873,67.286476
2024-12-05 04:00:00,15.560577,8.904266,901.7381,3.675414,55.840515,64.5565
2024-12-05 05:00:00,18.375397,8.91568,901.53534,2.8717723,45.769836,54.052258
2024-12-05 06:00:00,19.160889,8.7655945,900.9189,2.3687022,19.279236,50.944103
2024-12-05 07:00:00,19.393463,8.687775,900.0746,2.5852945,351.15472,49.948467
2024-12-05 08:00:00,20.385498,8.612762,899.17346,3.1507916,337.71106,46.732986
2024-12-05 09:00:00,20.408966,8.571411,898.50256,3.6315646,336.63617,46.53498
2024-12-05 10:00:00,18.709503,8.922882,898.33575,3.5154657,335.65128,52.959175
2024-12-05 11:00:00,18.500854,8.969452,898.42755,3.6275396,358.34308,53.823948
2024-12-05 12:00:00,18.17157,9.133636,898.8102,3.965297,7.4751587,55.55824
2024-12-05 13:00:00,17.854492,9.233276,899.3061,4.275167,15.558929,57.058178
2024-12-05 14:00:00,16.620728,9.158661,899.82196,4.4960976,22.094238,61.378586
2024-12-05 15:00:00,15.673401,8.934357,900.20905,4.57633,26.726074,64.22211
2024-12-05 16:00:00,15.395203,8.867676,900.41565,4.5483193,30.040222,65.08349
2024-12-05 17:00:00,14.4878235,8.566803,900.35065,4.539081,31.382202,67.608765
2024-12-05 18:00:00,14.2164,8.484802,900.133,4.504568,31.985626,68.4249
2024-12-05 19:00:00,14.059753,8.433044,899.81116,4.5217466,31.356506,68.88075
2024-12-05 20:00:00,13.389404,8.140472,899.48553,4.565178,30.21524,70.533714
2024-12-05 21:00:00,13.268372,8.086884,899.1364,4.6908026,28.704224,70.83405
2024-12-05 22:00:00,12.812805,7.710327,899.02893,4.2643733,30.238922,71.1281
2024-12-05 23:00:00,12.753174,7.7040405,898.9442,4.5490417,28.663483,71.37568
2024-12-06 00:00:00,12.945862,7.7974854,899.1875,4.7578335,29.635712,70.931595
2024-12-06 01:00:00,12.900696,7.809723,899.6943,4.948837,31.846008,71.20065
2024-12-06 02:00:00,13.977325,8.318268,900.3987,5.1083813,33.74234,68.71326
2024-12-06 03:00:00,14.50885,8.30072,900.9758,5.1301217,36.91449,66.31103
2024-12-06 04:00:00,15.266266,8.409607,901.2238,4.6759577,35.042755,63.622505
2024-12-06 05:00:00,18.090881,8.45401,900.9868,4.17895,23.645447,53.335125
2024-12-06 06:00:00,18.864227,8.316406,900.31696,4.0732303,7.558319,50.341694
2024-12-06 07:00:00,19.072388,8.276215,899.41376,4.283598,354.38065,49.556786
2024-12-06 08:00:00,20.009247,8.200928,898.50134,4.5781937,346.70435,46.516506
2024-12-06 09:00:00,20.03238,8.139496,897.85626,4.861977,345.2761,46.256657
2024-12-06 10:00:00,18.434692,8.434723,897.6039,4.8189063,346.8026,52.1289
2024-12-06 11:00:00,18.181274,8.560394,897.6687,4.875974,1.4720154,53.41655
2024-12-06 12:00:00,17.828918,8.692841,898.052,5.0613513,7.7035217,55.104286
2024-12-06 13:00:00,17.473114,8.805328,898.558,5.208486,14.612488,56.784016
2024-12-06 14:00:00,16.39746,8.69632,899.1364,5.24075,20.04712,60.344093
2024-12-06 15:00:00,15.325958,8.351135,899.54974,5.1890454,24.147888,63.12856
2024-12-06 16:00:00,15.084961,8.356171,899.7791,5.042973,26.775513,64.13524
2024-12-06 17:00:00,14.139435,8.162445,899.75116,4.906994,27.84793,67.28017
2024-12-06 18:00:00,13.82254,7.9610596,899.55475,4.808213,27.552917,67.743774
2024-12-06 19:00:00,13.666962,7.99646,899.1942,4.756326,27.120209,68.59682
2024-12-06 20:00:00,12.999115,7.699127,898.8253,4.7481537,26.604187,70.21323
2024-12-06 21:00:00,12.911652,7.656189,898.4707,4.7697687,25.794922,70.40946
2024-12-06 22:00:00,12.4348755,7.3696594,898.27905,3.9337344,29.681824,71.236786
2024-12-06 23:00:00,12.367981,7.4227905,898.2784,4.137877,29.201721,71.81043
2024-12-07 00:00:00,12.557068,7.561096,898.5857,4.2844214,30.886047,71.59757
2024-12-07 01:00:00,12.542938,7.4644165,899.0935,4.465394,33.502777,71.19273
2024-12-07 02:00:00,13.638153,7.9604187,899.72485,4.6823053,37.40161,68.55723
2024-12-07 03:00:00,14.205505,7.9302063,900.2854,4.725656,41.842133,65.94412
2024-12-07 04:00:00,14.9436035,7.999542,900.529,4.2011185,42.855927,63.173252
2024-12-07 05:00:00,17.754211,8.354614,900.3656,3.3233583,34.293518,54.110996
2024-12-07 06:00:00,18.477173,8.255829,899.79565,2.6857092,12.256622,51.363724
2024-12-07 07:00:00,18.649017,8.249115,898.96,2.728554,350.21298,50.791073
2024-12-07 08:00:00,19.527405,8.129486,898.16284,3.049605,340.82254,47.695698
2024-12-07 09:00:00,19.55478,8.032379,897.6365,3.3405511,343.33716,47.301613
2024-12-07 10:00:00,17.962524,8.500763,897.48804,3.1308084,347.60928,53.937614
2024-12-07 11:00:00,17.76538,8.636536,897.66766,3.8316312,8.159943,55.114944
2024-12-07 12:00:00,17.440704,8.830292,898.06537,4.504979,21.161346,56.996304
2024-12-07 13:00:00,17.174591,8.889618,898.6145,4.9326515,29.914154,58.195557
2024-12-07 14:00:00,16.144531,8.9539795,899.15454,5.20183,36.67737,62.400562
2024-12-07 15:00:00,15.1848755,8.638672,899.54834,5.29832,41.342255,64.95526
2024-12-07 16:00:00,15.003204,8.737244,899.68475,5.298218,44.716583,66.15771
2024-12-07 17:00:00,14.295624,8.629425,899.5514,5.1983104,46.943665,68.74454
2024-12-07 18:00:00,14.0346985,8.449097,899.29376,5.0622134,47.63855,69.06775
2024-12-07 19:00:00,13.8098755,8.382568,898.9738,4.8690515,47.459686,69.76734
2024-12-07 20:00:00,13.163025,8.190216,898.6321,4.7564077,47.143005,71.82464
2024-12-07 21:00:00,13.016022,8.103638,898.33124,4.70741,46.501984,72.09239
2024-12-07 22:00:00,12.477112,7.936737,898.0616,4.551011,44.383667,73.83916
2024-12-07 23:00:00,12.432617,8.000519,898.0811,4.748777,45.7536,74.3769
2024-12-08 00:00:00,12.592529,8.054108,898.4077,4.864951,48.584015,73.86936
2024-12-08 01:00:00,12.595123,8.051117,898.96295,4.994258,51.724884,73.8418
2024-12-08 02:00:00,13.642548,8.432709,899.6514,5.0825963,55.56308,70.76996
2024-12-08 03:00:00,14.131378,8.367737,900.2131,4.7708826,60.215393,68.259155
2024-12-08 04:00:00,14.71994,8.104858,900.4255,3.7281334,64.436584,64.55028
2024-12-08 05:00:00,17.305298,8.289581,900.2081,2.517983,60.62079,55.42054
2024-12-08 06:00:00,17.979004,8.039551,899.5948,1.5724078,42.560272,52.222347
2024-12-08 07:00:00,18.200378,7.8754272,898.7935,1.2821337,6.853302,50.92961
2024-12-08 08:00:00,18.957977,7.808441,897.93494,1.619401,343.653,48.35026
2024-12-08 09:00:00,18.97528,7.7955017,897.3741,2.1433237,345.35504,48.255547
2024-12-08 10:00:00,17.558594,7.9296875,897.0857,2.5110948,343.48117,53.224403
2024-12-08 11:00:00,17.356873,8.355774,897.19006,3.2703192,3.6188354,55.488674
2024-12-08 12:00:00,17.057678,8.532318,897.53156,3.7361479,18.256836,57.228924
2024-12-08 13:00:00,16.787964,8.671082,897.9629,4.066557,26.506805,58.764736
2024-12-08 14:00:00,15.723511,8.705688,898.40454,4.2122564,32.477844,63.035572
2024-12-08 15:00:00,14.825378,8.408936,898.7171,4.223074,37.070465,65.44925
2024-12-08 16:00:00,14.678314,8.38916,898.84375,4.1656733,41.21634,65.98415
2024-12-08 17:00:00,13.906555,8.172272,898.7908,4.0017157,44.19046,68.34909
2024-12-08 18:00:00,13.646301,8.157166,898.59906,3.8303974,46.377045,69.44296
2024-12-08 19:00:00,13.50766,8.069916,898.33594,3.7363174,47.19214,69.658104
2024-12-08 20:00:00,12.897888,7.789215,897.99866,3.7788925,47.20102,71.11437
2024-12-08 21:00:00,12.752228,7.684326,897.6571,3.850133,46.664276,71.28429
2024-12-08 22:00:00,12.385681,7.5193787,897.57526,3.7205362,46.161926,72.20147
2024-12-08 23:00:00,12.26947,7.485443,897.6004,3.9528,48.89859,72.58643
2024-12-09 00:00:00,12.445251,7.5791626,897.87695,4.1604924,51.954468,72.21359
2024-12-09 01:00:00,12.4219055,7.590088,898.45825,4.317074,54.938873,72.378235
2024-12-09 02:00:00,13.030853,7.810272,899.2061,4.4149303,58.22827,70.60017
2024-12-09 03:00:00,13.406494,7.7844543,899.867,3.9716694,62.759705,68.77027
2024-12-09 04:00:00,14.000427,7.6388855,900.2302,3.0065904,63.724945,65.51362
2024-12-09 05:00:00,16.16037,7.692871,900.1062,2.2738767,56.659515,57.229317
2024-12-09 06:00:00,16.944489,7.597046,899.5514,1.7421216,39.790466,54.09227
2024-12-09 07:00:00,17.163086,7.523773,898.73315,1.6247022,15.139618,53.08273
2024-12-09 08:00:00,17.928497,7.306732,897.94354,2.0004482,358.73575,49.836445
2024-12-09 09:00:00,17.908386,7.3015747,897.43866,2.5759606,356.30493,49.881927
2024-12-09 10:00:00,16.616913,7.4969177,897.241,3.3595414,342.57486,54.852455
2024-12-09 11:00:00,16.492859,7.5958557,897.39294,3.8991017,3.498169,55.661095
2024-12-09 12:00:00,16.309296,7.941498,897.8113,4.253478,13.723633,57.656353
2024-12-09 13:00:00,16.072327,8.053131,898.3521,4.682284,20.353485,58.979702
2024-12-09 14:00:00,15.062164,8.140472,898.9866,4.958867,25.70166,63.296352
2024-12-09 15:00:00,14.164429,7.796295,899.4783,5.082632,29.921509,65.51999
2024-12-09 16:00:00,13.984863,7.80954,899.7328,5.085026,32.568573,66.34658
2024-12-09 17:00:00,13.114685,7.6468506,899.71454,5.035561,34.312134,69.437416
2024-12-09 18:00:00,12.833221,7.580536,899.5197,4.959441,34.886322,70.40749
2024-12-09 19:00:00,12.645264,7.5279236,899.2875,4.910131,35.065674,71.02397
2024-12-09 20:00:00,11.93042,7.1354065,898.9375,4.904706,34.777283,72.469475
2024-12-09 21:00:00,11.803833,7.075989,898.6286,4.975247,33.58127,72.78013
2024-12-09 22:00:00,11.303925,6.8391724,898.48334,4.2820983,33.415222,74.0136
2024-12-09 23:00:00,11.230988,6.8157654,898.5687,4.521371,31.873322,74.252686
2024-12-10 00:00:00,11.425568,6.9245605,898.887,4.693637,31.998138,73.851326
2024-12-10 01:00:00,11.410553,6.924286,899.4603,4.755485,33.0036,73.92333
2024-12-10 02:00:00,12.1875,7.2969055,900.1662,4.8674855,33.105072,72.044876
2024-12-10 03:00:00,12.645386,7.287781,900.8195,4.771624,31.339172,69.868126
2024-12-10 04:00:00,13.263092,7.0775146,901.1457,4.4690447,26.245758,66.14489
2024-12-10 05:00:00,15.809357,7.3479614,901.0027,4.2104683,17.855957,57.165062
2024-12-10 06:00:00,16.655548,7.277252,900.45404,4.1624684,7.0401,53.903126
2024-12-10 07:00:00,16.92038,7.1677856,899.6067,4.2835875,356.49133,52.609573
2024-12-10 08:00:00,17.930084,7.026947,898.81104,4.564428,349.53745,48.88657
2024-12-10 09:00:00,18.037811,6.993622,898.2288,4.895008,347.92752,48.44585
2024-12-10 10:00:00,16.719604,7.3716125,898.0896,3.853988,349.50394,54.03161
2024-12-10 11:00:00,16.539093,7.38089,898.3111,3.9848604,3.6170044,54.68944
2024-12-10 12:00:00,16.256256,7.6776123,898.7671,4.1518636,9.906647,56.82153
2024-12-10 13:00:00,15.959503,7.707733,899.35547,4.4704847,16.885376,58.02626
2024-12-10 14:00:00,14.819641,7.725342,900.04565,4.6884093,22.380066,62.502407
2024-12-10 15:00:00,13.864899,7.453491,900.59155,4.764133,26.828827,65.26153
2024-12-10 16:00:00,13.644653,7.4683533,900.9548,4.721932,30.131592,66.26911
2024-12-10 17:00:00,12.782959,7.1993713,900.9511,4.676933,31.579956,68.824135
2024-12-10 18:00:00,12.555389,7.1108704,900.78357,4.699124,31.17743,69.43608
2024-12-10 19:00:00,12.355774,7.053528,900.41736,4.747484,30.384888,70.07593
2024-12-10 20:00:00,11.839935,6.8157654,900.05853,4.8258743,28.943695,71.32344
2024-12-10 21:00:00,11.718384,6.7753296,899.68835,4.960001,27.049591,71.69842
2024-12-10 22:00:00,11.075714,6.6005554,899.5756,4.942815,32.043427,73.92035
2024-12-10 23:00:00,11.049438,6.6407776,899.601,5.290664,30.32071,74.25428
2024-12-11 00:00:00,11.289124,6.8230896,899.84186,5.569297,30.6315,74.004486
2024-12-11 01:00:00,11.312103,6.836609,900.331,5.7924843,31.605865,73.960526
2024-12-11 02:00:00,12.358368,7.1717834,901.0121,6.020566,32.493164,70.63347
2024-12-11 03:00:00,12.851929,7.2124023,901.64844,6.252894,34.31833,68.575325
2024-12-11 04:00:00,13.886383,7.3862,901.9305,5.798533,32.813232,64.871826
2024-12-11 05:00:00,16.394989,7.569275,901.7395,5.258375,22.946716,55.907314
2024-12-11 06:00:00,17.20755,7.478119,901.0891,5.1502066,10.771271,52.768974
2024-12-11 07:00:00,17.492096,7.421753,900.204,5.370534,1.6190796,51.629784
2024-12-11 08:00:00,18.494781,7.4694824,899.29846,5.7341013,356.94754,48.633976
2024-12-11 09:00:00,18.572205,7.3357544,898.72577,6.2284117,357.26773,47.958786
2024-12-11 10:00:00,17.170624,7.8963623,898.54663,6.2202954,357.58676,54.421455
2024-12-11 11:00:00,16.914825,7.9066467,898.6389,6.7251654,7.1619873,55.348904
2024-12-11 12:00:00,16.506958,8.090881,898.94354,7.291758,10.572815,57.516636
2024-12-11 13:00:00,16.200562,8.146149,899.4324,7.7298017,15.667206,58.870094
2024-12-11 14:00:00,14.977753,8.041626,899.94495,7.9176517,20.227814,63.21512
2024-12-11 15:00:00,13.941254,7.7039795,900.32947,7.903848,24.153137,66.0579
2024-12-11 16:00:00,13.692322,7.6279907,900.4886,7.7904797,26.905548,66.78744
2024-12-11 17:00:00,12.881653,7.383423,900.3811,7.606144,28.46344,69.246895
2024-12-11 18:00:00,12.614044,7.2148743,900.0959,7.4584894,29.898712,69.66362
2024-12-11 19:00:00,12.457245,7.1546936,899.7862,7.340495,30.652313,70.09446
2024-12-11 20:00:00,11.777252,6.9288025,899.448,7.303931,30.843842,72.176315
2024-12-11 21:00:00,11.63623,6.88678,899.0368,7.328243,30.5596,72.641685
2024-12-11 22:00:00,11.057587,6.6873474,898.8006,6.661213,32.40448,74.45197
2024-12-11 23:00:00,10.9930725,6.6728516,898.64923,6.8645887,31.811676,74.69699
2024-12-12 00:00:00,11.165588,6.719696,898.8253,6.9812775,32.472046,74.085045
2024-12-12 01:00:00,11.127258,6.641754,899.3359,7.015802,34.00357,73.87695
2024-12-12 02:00:00,12.131317,6.9960327,900.0298,7.097511,35.399292,70.837906
2024-12-12 03:00:00,12.682831,7.0302734,900.671,7.111928,37.425385,68.479576
2024-12-12 04:00:00,13.689423,7.199707,901.02344,6.5270724,38.605988,64.87462
2024-12-12 05:00:00,16.486664,7.253113,900.9073,5.6590796,34.295746,54.394978
2024-12-12 06:00:00,17.218384,7.200287,900.4062,5.0202193,22.876495,51.741184
2024-12-12 07:00:00,17.459442,7.1011963,899.6549,4.9512854,11.05426,50.61472
2024-12-12 08:00:00,18.561707,7.0076904,898.8861,5.1907406,3.3875122,46.925087
2024-12-12 09:00:00,18.60382,6.9789124,898.3449,5.6187162,2.1255798,46.70938
2024-12-12 10:00:00,17.053284,7.2826843,898.114,5.616914,6.1307373,52.580025
2024-12-12 11:00:00,16.789825,7.2621765,898.2466,6.212283,15.141418,53.39055
2024-12-12 12:00:00,16.240875,7.6104736,898.6232,6.689421,17.976166,56.61754
2024-12-12 13:00:00,15.917297,7.6321106,899.2036,7.0637074,21.541016,57.883793
2024-12-12 14:00:00,14.85376,7.4790955,899.853,7.305798,24.6409,61.326782
2024-12-12 15:00:00,13.833191,7.174408,900.37384,7.349576,27.427277,64.16046
2024-12-12 16:00:00,13.639496,7.148773,900.6658,7.3306093,29.38794,64.859085
2024-12-12 17:00:00,12.830505,6.83136,900.7103,7.292801,30.207214,66.90218
2024-12-12 18:00:00,12.581604,6.65213,900.4927,7.2928953,30.164124,67.170044
2024-12-12 19:00:00,12.379517,6.6141357,900.25305,7.320006,29.42807,67.88907
2024-12-12 20:00:00,11.734558,6.382477,899.91455,7.4070125,28.743011,69.7135
2024-12-12 21:00:00,11.552399,6.347534,899.61993,7.5385237,28.079315,70.38762
2024-12-12 22:00:00,11.061951,6.024353,899.4255,7.881416,31.328339,71.108315
2024-12-12 23:00:00,10.974976,6.019867,899.39026,7.9166884,31.684448,71.4978
2024-12-13 00:00:00,11.1293335,6.1940613,899.64984,7.9525857,32.222046,71.62514
2024-12-13 01:00:00,11.092743,6.15213,900.24023,7.9589157,33.371185,71.591805
2024-12-13 02:00:00,12.012756,6.392853,900.9968,7.956329,34.375183,68.49559
2024-12-13 03:00:00,12.484131,6.42688,901.6887,7.91198,35.764343,66.56172
2024-12-13 04:00:00,13.222839,6.469513,902.06,7.3905354,34.00653,63.60802
2024-12-13 05:00:00,15.933105,6.622772,901.9311,6.91097,29.790375,53.965378
2024-12-13 06:00:00,16.701233,6.4193115,901.3582,6.476051,23.962067,50.675053
2024-12-13 07:00:00,16.96933,6.2869263,900.5449,6.23739,16.786438,49.36845
2024-12-13 08:00:00,18.141083,6.086334,899.7667,6.25682,10.488373,45.221222
2024-12-13 09:00:00,18.180695,6.0646973,899.255,6.5233088,7.723755,45.041576
2024-12-13 10:00:00,16.616913,6.61734,899.1092,6.1697655,11.611633,51.645844
2024-12-13 11:00:00,16.386383,6.604065,899.23706,6.622289,18.886597,52.360733
2024-12-13 12:00:00,16.076904,6.843384,899.6785,6.8014402,21.228485,54.288418
2024-12-13 13:00:00,15.704956,6.832733,900.33685,7.025347,23.631805,55.553375
2024-12-13 14:00:00,14.445221,6.61499,901.0302,7.178019,26.194763,59.346222
2024-12-13 15:00:00,13.176331,6.216919,901.65674,7.16772,28.327393,62.700916
2024-12-13 16:00:00,12.932556,6.1404114,902.05975,7.1228313,30.132599,63.371956
2024-12-13 17:00:00,12.043762,5.848633,902.2399,7.0903087,30.989838,65.83666
2024-12-13 18:00:00,11.795563,5.690613,902.1114,7.0541277,31.399323,66.19455
2024-12-13 19:00:00,11.592407,5.581604,901.86224,7.071696,31.27655,66.5836
2024-12-13 20:00:00,10.986664,5.423523,901.4925,7.1675477,30.812408,68.55327
2024-12-13 21:00:00,10.826874,5.289154,901.18915,7.306092,30.270721,68.64143
2024-12-13 22:00:00,10.188019,4.9383545,901.15643,7.1049585,30.907654,69.89982
2024-12-13 23:00:00,10.123993,4.920624,901.2728,7.437755,31.706451,70.11284
2024-12-14 00:00:00,10.356049,5.006897,901.5834,7.7101173,33.268646,69.45085
2024-12-14 01:00:00,10.328186,4.9701233,902.1718,7.920376,35.452576,69.40214
2024-12-14 02:00:00,11.335663,5.2507935,902.83374,8.118785,37.547546,66.18687
2024-12-14 03:00:00,12.0095825,5.2795105,903.4675,8.260725,39.11972,63.432854
2024-12-14 04:00:00,13.018921,5.358612,903.82056,8.293447,39.158264,59.696407
2024-12-14 05:00:00,15.727814,5.4670715,903.7283,8.081911,38.33319,50.48484
2024-12-14 06:00:00,16.644836,5.5327454,903.1814,7.6727843,35.809814,47.835644
2024-12-14 07:00:00,16.946136,5.5345764,902.3267,7.291164,31.415833,46.935844
2024-12-14 08:00:00,18.19934,5.466217,901.4278,7.1319933,26.927277,43.16381
2024-12-14 09:00:00,18.34909,5.552246,900.8307,7.318846,24.586609,43.01607
2024-12-14 10:00:00,16.9245,6.143402,900.6652,6.612221,28.412048,49.021393
2024-12-14 11:00:00,16.689636,6.102936,900.8501,7.256048,32.02426,49.618546
2024-12-14 12:00:00,16.307312,6.3637695,901.2725,7.6377482,31.082397,51.762123
2024-12-14 13:00:00,16.005615,6.3208313,901.8618,7.9446607,33.49106,52.611645
2024-12-14 14:00:00,14.532837,6.2032166,902.52826,8.0703,36.02365,57.362038
2024-12-14 15:00:00,13.30719,5.880188,903.05664,8.103568,38.483215,60.73947
2024-12-14 16:00:00,13.073822,5.8246765,903.39417,7.997017,40.644714,61.435097
2024-12-14 17:00:00,12.2282715,5.5794067,903.4278,7.844776,42.42337,63.841377
2024-12-14 18:00:00,11.892334,5.4347534,903.24585,7.7013497,43.871582,64.61742
2024-12-14 19:00:00,11.716248,5.3847046,902.9514,7.6191616,44.59445,65.1456
2024-12-14 20:00:00,11.070801,5.1279297,902.6023,7.569341,45.026062,66.78596
2024-12-14 21:00:00,10.94397,5.0458984,902.266,7.5745373,44.804077,66.96722
2024-12-14 22:00:00,10.463287,4.911133,902.2676,7.411103,48.525757,68.49759
2024-12-14 23:00:00,10.37027,4.9194336,902.24524,7.622465,47.37091,68.96362
2024-12-15 00:00:00,10.565186,5.006897,902.45,7.76253,47.276337,68.48939
2024-12-15 01:00:00,10.552734,4.977112,902.9872,7.881353,48.072205,68.4042
2024-12-15 02:00:00,11.677948,5.325714,903.71515,8.027909,48.945312,65.04358
2024-12-15 03:00:00,12.340393,5.454315,904.4437,8.226934,50.74887,62.82549
2024-12-15 04:00:00,13.660339,5.905945,904.8932,8.151158,51.512604,59.46487
2024-12-15 05:00:00,16.742584,6.2654724,904.88885,7.840402,51.08194,50.00949
2024-12-15 06:00:00,17.548462,6.177002,904.351,7.2860646,48.61328,47.23429
2024-12-15 07:00:00,17.918152,6.159027,903.4638,6.706263,44.091034,46.08986
2024-12-15 08:00:00,19.316956,6.19989,902.5232,6.407061,38.99405,42.346794
2024-12-15 09:00:00,19.405975,6.222473,901.84924,6.439227,36.17331,42.17855
2024-12-15 10:00:00,17.779572,7.081085,901.62714,5.7327976,31.82315,49.53515
2024-12-15 11:00:00,17.45636,6.944458,901.6347,6.1447725,35.02179,50.083904
2024-12-15 12:00:00,17.035095,7.23172,901.93365,6.5843906,35.50885,52.4575
2024-12-15 13:00:00,16.658783,7.214203,902.3769,6.991309,37.927704,53.660213
2024-12-15 14:00:00,15.126709,6.9457397,902.90295,7.2862916,40.064697,58.10052
2024-12-15 15:00:00,13.99411,6.740692,903.3375,7.399023,42.403625,61.634438
2024-12-15 16:00:00,13.848877,6.580963,903.57007,7.4115777,45.05603,61.538864
2024-12-15 17:00:00,12.924866,6.222107,903.5197,7.3591213,47.43103,63.762062
2024-12-15 18:00:00,12.643616,6.0733337,903.21,7.2671485,49.1687,64.28355
2024-12-15 19:00:00,12.442413,6.042267,902.7886,7.198062,50.231903,64.99777
2024-12-15 20:00:00,11.756714,5.8041687,902.32513,7.122839,50.49518,66.88803
2024-12-15 21:00:00,11.583771,5.690918,901.8594,7.10445,50.42987,67.12798
2024-12-15 22:00:00,11.070557,5.5305786,901.7444,7.5559053,52.30487,68.68076
2024-12-15 23:00:00,10.976898,5.450409,901.5896,7.581043,54.05182,68.7258
2024-12-16 00:00:00,11.228607,5.540497,901.7592,7.5559206,56.079407,68.011604
2024-12-16 01:00:00,11.202148,5.5355835,902.2299,7.5690565,58.67401,68.10776
2024-12-16 02:00:00,12.44577,5.9190063,902.92224,7.6150084,60.937378,64.4325
2024-12-16 03:00:00,13.107819,6.1376038,903.5259,7.56194,64.36578,62.638344
2024-12-16 04:00:00,14.451233,6.6655884,903.87164,7.3893013,67.92441,59.52979
2024-12-16 05:00:00,17.57962,6.849884,903.75525,6.589519,71.2016,49.37467
2024-12-16 06:00:00,18.30243,6.790558,903.13336,5.3527937,69.60516,46.988766
2024-12-16 07:00:00,18.572662,6.832123,902.199,4.4487424,63.605377,46.331875
2024-12-16 08:00:00,19.829285,6.779175,901.2347,3.9912655,58.413086,42.688236
2024-12-16 09:00:00,19.89383,6.900177,900.5938,3.9099135,55.830597,42.872234
2024-12-16 10:00:00,18.171143,7.414978,900.29614,3.5367866,52.011536,49.446632
2024-12-16 11:00:00,17.933899,7.4227295,900.3282,3.976507,56.305084,50.21587
2024-12-16 12:00:00,17.539215,7.6660156,900.67664,4.285965,56.83383,52.34146
2024-12-16 13:00:00,17.144745,7.626831,901.1136,4.544023,61.208282,53.51922
2024-12-16 14:00:00,15.651794,7.4092407,901.6404,4.6532927,65.036896,57.986374
2024-12-16 15:00:00,14.462921,7.0923767,902.0334,4.6260314,69.647125,61.251705
2024-12-16 16:00:00,14.179993,7.114197,902.2596,4.5192676,73.98779,62.476032
2024-12-16 17:00:00,13.210083,6.870941,902.2646,4.425062,77.5087,65.440956
2024-12-16 18:00:00,12.9227295,6.704956,902.0133,4.2964487,79.71985,65.92535
2024-12-16 19:00:00,12.740509,6.5822144,901.66943,4.153149,80.46063,66.15575
2024-12-16 20:00:00,11.959351,6.2043457,901.1668,4.0121126,78.937805,67.84994
2024-12-16 21:00:00,11.786133,6.201294,900.6649,3.8986895,75.87784,68.61469
2024-12-16 22:00:00,11.275818,6.127533,900.4205,3.720241,65.08063,70.60845
2024-12-16 23:00:00,11.101898,6.0377197,900.3865,4.0568423,61.516632,70.985634
2024-12-17 00:00:00,11.372772,6.176697,900.5965,4.3312054,61.148834,70.395004
2024-12-17 01:00:00,11.379456,6.2154236,901.1083,4.6034226,63.54669,70.55204
2024-12-17 02:00:00,12.463501,6.540924,901.73663,4.7984653,65.9429,67.176895
2024-12-17 03:00:00,13.086029,6.666107,902.3108,4.8224697,69.73953,65.05186
2024-12-17 04:00:00,14.321655,7.2011414,902.5355,4.434677,74.36813,62.275356
2024-12-17 05:00:00,17.30017,7.538452,902.2924,3.3582034,78.16666,52.67729
2024-12-17 06:00:00,18.073486,7.3169556,901.63275,2.181228,71.23605,49.41879
2024-12-17 07:00:00,18.382935,7.468506,900.77026,1.6092701,56.740326,48.972702
2024-12-17 08:00:00,19.528107,7.4813232,899.93024,1.4772068,44.810425,45.63492
2024-12-17 09:00:00,19.570404,7.470886,899.30524,1.7186778,42.381958,45.482754
2024-12-17 10:00:00,17.890015,7.931793,899.0279,1.9530753,57.225403,52.13216
2024-12-17 11:00:00,17.710327,8.070984,899.114,2.6515002,62.607056,53.22647
2024-12-17 12:00:00,17.329376,8.330048,899.4995,2.952656,64.46033,55.488323
2024-12-17 13:00:00,16.990936,8.31189,900.0589,3.2218785,67.41351,56.61955
2024-12-17 14:00:00,15.545288,8.073578,900.6154,3.3661034,69.628174,61.08564
2024-12-17 15:00:00,14.43869,7.8284607,901.00586,3.3997416,71.654724,64.50902
2024-12-17 16:00:00,14.230835,7.867737,901.1718,3.3562636,73.313934,65.55692
2024-12-17 17:00:00,13.361481,7.597168,901.1625,3.2430801,74.111725,68.09766
2024-12-17 18:00:00,13.033051,7.411438,901.0226,3.077528,74.03458,68.696335
2024-12-17 19:00:00,12.838135,7.372925,900.76544,2.8823414,71.38672,69.39451
2024-12-17 20:00:00,12.137939,7.0907593,900.4062,2.7205615,66.480286,71.26793
2024-12-17 21:00:00,11.968903,6.996582,900.014,2.6782095,59.924225,71.602036
2024-12-17 22:00:00,11.59613,7.027069,899.7393,2.8389099,60.55298,73.538055
2024-12-17 23:00:00,11.468811,6.9388123,899.75214,3.0804408,53.873383,73.71239
2024-12-18 00:00:00,11.690277,7.020813,900.0664,3.3003416,52.66684,73.05094
2024-12-18 01:00:00,11.667053,6.964966,900.5952,3.4934711,53.976715,72.88361
2024-12-18 02:00:00,12.4618225,7.143463,901.2093,3.5589125,56.23816,70.01957
2024-12-18 03:00:00,13.011475,7.2647095,901.70776,3.403336,58.286926,68.10694
2024-12-18 04:00:00,13.749054,7.2925415,901.8526,2.8849545,54.8479,65.035286
2024-12-18 05:00:00,16.573822,7.642395,901.48615,2.4821012,53.215393,55.551315
2024-12-18 06:00:00,17.295807,7.525635,900.76556,1.8796803,48.974335,52.64578
2024-12-18 07:00:00,17.621185,7.4736633,899.8896,1.3210621,34.467926,51.392906
2024-12-18 08:00:00,18.761383,7.3690186,899.1361,1.0943319,11.040222,47.502537
2024-12-18 09:00:00,18.895966,7.3771667,898.6464,1.1583185,0.38079834,47.1311
2024-12-18 10:00:00,17.472076,7.818634,898.5835,1.3329744,348.98407,53.11292
2024-12-18 11:00:00,17.244812,7.8007812,898.7712,1.743995,22.909729,53.815506
2024-12-18 12:00:00,16.892395,7.9821167,899.11646,2.3416064,33.99173,55.71285
2024-12-18 13:00:00,16.560028,7.9270935,899.64874,2.7305417,42.963135,56.68833
2024-12-18 14:00:00,15.1840515,7.671509,900.2199,2.9882176,50.88748,60.83067
2024-12-18 15:00:00,14.072052,7.3173523,900.603,3.1629431,56.904907,63.794678
2024-12-18 16:00:00,13.828705,7.2354126,900.77264,3.2572258,61.48117,64.447525
2024-12-18 17:00:00,12.941925,6.9884644,900.7363,3.292419,65.19873,67.13575
2024-12-18 18:00:00,12.694305,6.8771057,900.5553,3.33377,67.68411,67.71351
2024-12-18 19:00:00,12.510651,6.774719,900.34,3.4103644,68.993256,68.0538
2024-12-18 20:00:00,11.861847,6.5586243,900.0402,3.5169878,67.79489,69.97361
2024-12-18 21:00:00,11.757385,6.4701843,899.75665,3.7081847,65.847015,70.03007
2024-12-18 22:00:00,11.292847,6.1095886,899.56775,3.595582,62.378662,70.44159
2024-12-18 23:00:00,11.1492,5.982971,899.6331,4.0003605,61.84967,70.49628
2024-12-19 00:00:00,11.337036,6.0938416,899.945,4.312669,64.2204,70.159515
2024-12-19 01:00:00,11.317596,6.1010437,900.5122,4.567838,67.66269,70.28478
2024-12-19 02:00:00,12.29895,6.4264526,901.168,4.834059,70.68469,67.37392
2024-12-19 03:00:00,12.852875,6.5710754,901.77374,4.9249506,75.065674,65.62076
2024-12-19 04:00:00,14.142426,7.1453247,902.04803,4.562648,81.25528,62.761772
2024-12-19 05:00:00,17.04187,7.502228,901.81586,3.788837,88.7746,53.41299
2024-12-19 06:00:00,17.803955,7.359894,901.2354,2.6310735,93.533264,50.41134
2024-12-19 07:00:00,18.074738,7.3183594,900.40924,1.5839359,96.4682,49.419655
2024-12-19 08:00:00,19.239838,7.301758,899.569,0.8204036,93.706055,45.894226
2024-12-19 09:00:00,19.331604,7.507599,898.93604,0.6138672,67.14975,46.27884
2024-12-19 10:00:00,17.701141,7.9595337,898.6554,1.2967992,72.849976,52.855427
2024-12-19 11:00:00,17.513947,7.931793,898.65454,1.9576181,61.541595,53.382183
2024-12-19 12:00:00,17.151917,8.116669,898.84717,2.5305207,58.9209,55.307888
2024-12-19 13:00:00,16.84372,8.15509,899.3243,2.925623,60.159668,56.54563
2024-12-19 14:00:00,15.44696,7.90921,899.90173,3.1739538,62.32248,60.788788
2024-12-19 15:00:00,14.303009,7.7135315,900.3353,3.3218758,65.12485,64.57004
2024-12-19 16:00:00,14.009308,7.583435,900.51154,3.3947244,67.2276,65.22885
2024-12-19 17:00:00,13.094177,7.2637634,900.4265,3.3822846,68.99838,67.735664
2024-12-19 18:00:00,12.777344,7.0305786,900.18054,3.3724318,70.31598,68.05851
2024-12-19 19:00:00,12.581299,6.959839,899.9143,3.3211887,70.43732,68.604836
2024-12-19 20:00:00,11.893738,6.697998,899.5934,3.2748752,67.61218,70.49865
2024-12-19 21:00:00,11.779816,6.584137,899.2844,3.2796304,63.406464,70.476685
2024-12-19 22:00:00,11.389465,6.444214,898.99445,3.1833913,60.155426,71.62529
2024-12-19 23:00:00,11.265411,6.3829956,898.9924,3.377702,56.575745,71.91227
2024-12-20 00:00:00,11.385712,6.4749756,899.25104,3.5315688,56.32776,71.79489
2024-12-20 01:00:00,11.36087,6.465454,899.84204,3.6364195,57.866333,71.86593
2024-12-20 02:00:00,12.381256,6.9205933,900.59015,3.7395144,59.19879,69.3244
2024-12-20 03:00:00,12.867767,6.9451904,901.22974,3.709633,62.178467,67.262314
2024-12-20 04:00:00,13.922241,7.467407,901.5533,3.0585468,65.77542,65.08093
2024-12-20 05:00:00,16.661102,7.8428345,901.384,2.0029402,61.45758,56.003494
2024-12-20 06:00:00,17.550415,7.5058594,900.7712,1.202717,33.25824,51.736332
2024-12-20 07:00:00,17.820618,7.530548,899.8649,1.0964942,344.39334,50.948643
2024-12-20 08:00:00,18.85785,7.3857117,898.94745,1.5333045,318.37405,47.270985
2024-12-20 09:00:00,18.905945,7.447876,898.3317,1.9379267,315.48825,47.329723
2024-12-20 10:00:00,17.237091,7.680664,898.0266,2.1365225,320.8096,53.4031
2024-12-20 11:00:00,17.03006,7.6885376,898.13885,2.052244,344.0169,54.136383
2024-12-20 12:00:00,16.664337,7.894745,898.4445,2.0766866,353.67358,56.19011
2024-12-20 13:00:00,16.269775,7.888153,898.9484,2.1079156,3.9899292,57.59232
2024-12-20 14:00:00,15.031982,7.6580505,899.49,2.1536427,13.097107,61.37188
2024-12-20 15:00:00,13.94162,7.4169617,899.9458,2.0903723,21.750885,64.775696
2024-12-20 16:00:00,13.72583,7.413971,900.14343,1.9873149,29.243622,65.67609
2024-12-20 17:00:00,12.832001,7.063568,900.11084,1.9010916,34.08081,67.96891
2024-12-20 18:00:00,12.576233,6.9293213,899.8137,1.8708094,36.524567,68.48421
2024-12-20 19:00:00,12.387695,6.906494,899.48694,1.8458706,36.136597,69.22816
2024-12-20 20:00:00,11.731812,6.7417297,899.0932,1.8634559,33.914642,71.469864
2024-12-20 21:00:00,11.619659,6.7160645,898.7999,1.9215013,28.573486,71.87427
2024-12-20 22:00:00,11.261047,6.524292,898.57635,1.8671792,39.178528,72.63591
2024-12-20 23:00:00,11.137085,6.5002136,898.6195,1.9778053,36.446533,73.113884
2024-12-21 00:00:00,11.2659,6.595276,898.9307,2.0394385,37.13861,72.96783
2024-12-21 01:00:00,11.2323,6.583191,899.5109,2.0799515,40.768707,73.069695
2024-12-21 02:00:00,12.048584,6.937561,900.26276,2.146692,46.626007,70.93979
2024-12-21 03:00:00,12.523865,7.065155,900.8917,2.0445626,51.444885,69.362335
2024-12-21 04:00:00,13.20813,7.0615845,901.19635,1.5534638,54.541565,66.31005
2024-12-21 05:00:00,15.944183,7.664032,901.04333,0.77111167,41.0,57.91036
2024-12-21 06:00:00,16.679962,7.622467,900.4448,0.57693684,316.15256,55.103092
2024-12-21 07:00:00,16.971375,7.6199646,899.6507,1.3708825,289.67993,54.084633
2024-12-21 08:00:00,18.11377,7.385742,898.8418,2.0463078,288.6513,49.526108
2024-12-21 09:00:00,18.20044,7.305786,898.36835,2.422669,295.00934,48.988968
2024-12-21 10:00:00,16.779236,7.549774,898.17084,2.044595,305.82935,54.48615
2024-12-21 11:00:00,16.616638,7.4923096,898.3973,1.8631883,335.66534,54.83616
2024-12-21 12:00:00,16.339722,7.806549,898.86127,2.060945,349.12857,57.0188
2024-12-21 13:00:00,16.023895,7.8635864,899.48224,2.272228,0.8586426,58.4047
2024-12-21 14:00:00,14.90033,7.700165,900.1242,2.3875763,8.965118,62.071896
2024-12-21 15:00:00,13.949829,7.449463,900.59106,2.42346,15.661591,64.88504
2024-12-21 16:00:00,13.717224,7.4639587,900.8056,2.4290168,20.738373,65.93748
2024-12-21 17:00:00,12.848053,7.1006775,900.8219,2.4251227,23.574951,68.07031
2024-12-21 18:00:00,12.630585,6.9854126,900.61346,2.4030216,23.170593,68.50352
2024-12-21 19:00:00,12.46936,6.926117,900.2648,2.430821,21.40506,68.950775
2024-12-21 20:00:00,11.812408,6.6582947,899.81476,2.5184603,17.988983,70.684654
2024-12-21 21:00:00,11.718872,6.578888,899.3817,2.726232,15.43692,70.73513
2024-12-21 22:00:00,11.310089,6.413727,899.13904,2.7936735,23.479767,71.85168
2024-12-21 23:00:00,11.228821,6.424408,899.04456,3.0048888,24.132996,72.29261
2024-12-22 00:00:00,11.353363,6.5178833,899.30237,3.1383293,25.472504,72.161446
2024-12-22 01:00:00,11.29129,6.4701233,899.8476,3.2217479,29.388428,72.22094
2024-12-22 02:00:00,12.191498,6.8551636,900.5545,3.3557436,33.39731,69.87994
2024-12-22 03:00:00,12.687561,6.884491,901.1293,3.397488,37.42392,67.777756
2024-12-22 04:00:00,13.408173,7.0320435,901.42834,2.9556377,36.88849,65.31871
2024-12-22 05:00:00,16.180817,7.5334473,901.2903,2.347241,28.80423,56.536877
2024-12-22 06:00:00,16.968262,7.6520386,900.72626,1.9800996,5.7869873,54.213715
2024-12-22 07:00:00,17.219238,7.696167,899.90607,2.2855728,338.5091,53.519917
2024-12-22 08:00:00,18.399109,7.771637,899.048,2.9646885,326.4788,49.94467
2024-12-22 09:00:00,18.455872,7.73407,898.47107,3.4654455,327.06473,49.640182
2024-12-22 10:00:00,17.048431,7.943756,898.2173,2.8535607,333.01196,55.02106
2024-12-22 11:00:00,16.822266,8.136261,898.3172,3.1277988,355.20056,56.550293
2024-12-22 12:00:00,16.45697,8.316498,898.71875,3.601177,8.692902,58.58998
2024-12-22 13:00:00,16.202942,8.376709,899.2425,3.9672024,19.088074,59.788918
2024-12-22 14:00:00,15.070526,8.180237,899.87744,4.2582192,26.324036,63.43333
2024-12-22 15:00:00,13.988953,7.7554626,900.39154,4.3498983,31.808105,66.08521
2024-12-22 16:00:00,13.848297,7.6699524,900.62573,4.305762,36.23822,66.30364
2024-12-22 17:00:00,13.061462,7.37912,900.51807,4.1545115,39.121796,68.41777
2024-12-22 18:00:00,12.776886,7.2430115,900.22076,3.9781146,40.91159,69.05731
2024-12-22 19:00:00,12.592102,7.2220764,899.90643,3.8272276,40.409393,69.798256
2024-12-22 20:00:00,12.090973,7.029236,899.59924,3.791163,38.512054,71.18795
2024-12-22 21:00:00,11.905029,6.915863,899.28986,3.8560483,36.20642,71.5073
2024-12-22 22:00:00,11.436676,6.8298645,899.2207,3.2610939,36.33127,73.31936
2024-12-22 23:00:00,11.332367,6.7933655,899.23474,3.5387332,35.134308,73.642525
2024-12-23 00:00:00,11.504761,6.910095,899.59937,3.6914449,36.091156,73.39273
2024-12-23 01:00:00,11.472473,6.8807373,900.18054,3.8421235,38.379333,73.40168
2024-12-23 02:00:00,12.377899,7.325012,900.8529,4.0455985,41.548035,71.28594
2024-12-23 03:00:00,12.843964,7.378845,901.4475,3.9894047,45.216583,69.39612
2024-12-23 04:00:00,13.518372,7.5118713,901.78815,3.543637,47.61371,67.01443
2024-12-23 05:00:00,15.955414,7.951416,901.7224,2.8398616,43.434845,59.012104
2024-12-23 06:00:00,16.770508,7.9306335,901.1467,2.2652192,28.968384,55.949043
2024-12-23 07:00:00,17.057953,7.90094,900.275,2.0995994,9.071411,54.827995
2024-12-23 08:00:00,18.019318,7.9543457,899.39026,2.3081744,356.06525,51.78936
2024-12-23 09:00:00,18.085297,7.97995,898.8903,2.6797886,354.56485,51.664948
2024-12-23 10:00:00,16.810272,8.1727295,898.63,2.9624386,0.33343506,56.733627
2024-12-23 11:00:00,16.66101,8.261505,898.7646,3.7128265,13.019562,57.61973
2024-12-23 12:00:00,16.355896,8.4711,899.0834,4.321002,20.077576,59.589027
2024-12-23 13:00:00,16.067383,8.51355,899.5593,4.708918,27.26773,60.869564
2024-12-23 14:00:00,15.002411,8.355164,900.0915,4.93017,32.823822,64.47224
2024-12-23 15:00:00,13.9938965,8.079803,900.53735,5.024031,37.03723,67.53761
2024-12-23 16:00:00,13.798462,8.067688,900.7928,4.9833765,40.294617,68.34324
2024-12-23 17:00:00,13.114197,7.8709717,900.7732,4.8884974,42.478333,70.507614
2024-12-23 18:00:00,12.8671875,7.81073,900.56854,4.7803464,43.999878,71.36176
2024-12-23 19:00:00,12.677277,7.771637,900.28485,4.6923323,44.60797,72.06235
2024-12-23 20:00:00,12.127472,7.543701,899.97955,4.6348066,44.52475,73.559166
2024-12-23 21:00:00,12.058136,7.548065,899.7064,4.6237416,43.732056,73.91758
2024-12-23 22:00:00,11.578522,7.2402344,899.533,4.482552,40.77588,74.705666
2024-12-23 23:00:00,11.442566,7.179596,899.6018,4.6128836,41.621796,75.06813
2024-12-24 00:00:00,11.582764,7.251648,899.8801,4.6807194,43.641876,74.74304
2024-12-24 01:00:00,11.549377,7.253998,900.40344,4.7658787,46.37314,74.920166
2024-12-24 02:00:00,12.410034,7.6929016,901.02985,4.862535,48.987915,72.944084
2024-12-24 03:00:00,12.728821,7.6924744,901.634,4.7873397,52.767273,71.43327
2024-12-24 04:00:00,13.437225,7.9592285,901.98157,4.126809,56.550476,69.453804
2024-12-24 05:00:00,15.782379,8.291199,901.8664,3.2086072,53.21524,61.060966
2024-12-24 06:00:00,16.523224,8.271057,901.2861,2.4394217,42.068665,58.16414
2024-12-24 07:00:00,16.778778,8.223602,900.4004,1.9744742,24.90805,57.043713
2024-12-24 08:00:00,17.707092,8.346222,899.59485,1.9286087,7.6089783,54.24098
2024-12-24 09:00:00,17.801788,8.370575,899.11835,2.2851074,0.4093628,54.007523
2024-12-24 10:00:00,16.547852,8.426056,898.9927,2.2799256,9.8871765,58.686478
2024-12-24 11:00:00,16.345764,8.53537,899.12476,2.9758954,15.911499,59.88748
2024-12-24 12:00:00,16.111359,8.7621765,899.5912,3.431363,20.544983,61.728264
2024-12-24 13:00:00,15.899231,8.843292,900.20544,3.8068368,23.625793,62.91352
2024-12-24 14:00:00,14.828674,8.75528,900.93164,4.0763583,26.686554,66.98677
2024-12-24 15:00:00,13.865387,8.459137,901.53174,4.1714683,29.508972,69.8779
2024-12-24 16:00:00,13.6586,8.398682,901.8544,4.178456,31.850708,70.53337
2024-12-24 17:00:00,12.93512,8.222076,901.92096,4.1763935,33.52243,73.059616
2024-12-24 18:00:00,12.600555,8.063263,901.806,4.2684307,34.20926,73.87645
2024-12-24 19:00:00,12.379761,7.972412,901.62164,4.418094,34.860687,74.49295
2024-12-24 20:00:00,11.823334,7.6817017,901.3654,4.601272,34.357788,75.75709
2024-12-24 21:00:00,11.697144,7.6182556,901.10425,4.7978916,33.619324,76.06084
2024-12-24 22:00:00,11.265015,7.4110413,900.8709,4.8938737,34.931732,77.16673
2024-12-24 23:00:00,11.107269,7.2861023,900.8494,5.0351954,36.633575,77.314926
2024-12-25 00:00:00,11.218842,7.353363,901.1573,5.1545925,37.738007,77.0988
2024-12-25 01:00:00,11.18219,7.3210754,901.7001,5.268289,39.684387,77.11596
2024-12-25 02:00:00,12.011963,7.7054443,902.4109,5.407421,42.05722,74.94238
2024-12-25 03:00:00,12.457642,7.6539307,903.0797,5.361133,43.862244,72.52365
2024-12-25 04:00:00,12.930847,7.588745,903.4445,4.9549713,43.868042,69.998566
2024-12-25 05:00:00,15.159088,8.09082,903.3364,4.3761015,40.177612,62.691498
2024-12-25 06:00:00,16.205444,8.123138,902.8306,3.8914332,31.089264,58.759903
2024-12-25 07:00:00,16.556213,8.083984,902.0477,3.667586,20.54599,57.309948
2024-12-25 08:00:00,17.588684,8.137939,901.29803,3.746705,12.454803,53.880604
2024-12-25 09:00:00,17.663055,8.08905,900.8024,4.072987,9.074219,53.45082
2024-12-25 10:00:00,16.448181,8.033234,900.5439,4.4275084,11.792175,57.50639
2024-12-25 11:00:00,16.305725,8.08847,900.69257,5.0677304,18.188507,58.248383
2024-12-25 12:00:00,15.979736,8.225189,901.2145,5.4297953,19.221832,60.026424
2024-12-25 13:00:00,15.663849,8.294189,901.9436,5.7748384,22.258026,61.53821
2024-12-25 14:00:00,14.651154,8.120941,902.76166,6.0396056,25.75055,64.9081
2024-12-25 15:00:00,13.704987,7.8162537,903.43976,6.198066,28.123474,67.59385
2024-12-25 16:00:00,13.519775,7.803833,903.85803,6.2799993,30.20288,68.35506
2024-12-25 17:00:00,12.799194,7.540436,903.9345,6.3536453,31.242157,70.3717
2024-12-25 18:00:00,12.502533,7.3502502,903.8021,6.506015,32.221985,70.82728
2024-12-25 19:00:00,12.323547,7.2569885,903.4983,6.653117,32.884003,71.20897
2024-12-25 20:00:00,11.711578,7.0475464,903.1526,6.8518133,33.30966,73.082
2024-12-25 21:00:00,11.64389,7.0009766,902.8496,7.0303903,33.569305,73.17552
2024-12-25 22:00:00,11.185913,6.8574524,902.73016,6.594932,36.736023,74.6881
2024-12-25 23:00:00,11.124878,6.8015747,902.82794,6.834526,37.429596,74.70397
2024-12-26 00:00:00,11.230591,6.822998,903.2851,6.984896,39.068695,74.2915
2024-12-26 01:00:00,11.2005005,6.7504883,903.89703,7.165762,40.66681,74.07024
2024-12-26 02:00:00,12.075867,7.0367737,904.7157,7.3962207,42.91632,71.295555
2024-12-26 03:00:00,12.60553,7.1453247,905.4299,7.4570994,44.832886,69.37163
2024-12-26 04:00:00,13.330109,7.3327026,905.85406,7.2153873,44.888947,67.016205
2024-12-26 05:00:00,15.918121,7.780731,905.77014,6.917954,42.108032,58.469807
2024-12-26 06:00:00,16.754425,7.9128723,905.219,6.6198254,37.253082,55.938564
2024-12-26 07:00:00,17.114532,8.001221,904.37646,6.378984,31.332275,55.005764
2024-12-26 08:00:00,18.318848,7.99588,903.5084,6.373197,26.717773,50.968277
2024-12-26 09:00:00,18.415466,7.98053,902.89984,6.5670176,24.210419,50.607674
2024-12-26 10:00:00,17.122772,8.152679,902.5608,6.481597,23.062073,55.54564
2024-12-26 11:00:00,16.882294,8.201324,902.66736,7.1691666,26.850037,56.584774
2024-12-26 12:00:00,16.54483,8.391968,903.07477,7.753138,27.679657,58.562355
2024-12-26 13:00:00,16.260345,8.372314,903.5018,8.110418,29.93924,59.55288
2024-12-26 14:00:00,15.176453,8.206482,904.0263,8.320411,32.313232,63.115246
2024-12-26 15:00:00,14.229218,7.8980103,904.3836,8.407186,34.582214,65.698975
2024-12-26 16:00:00,13.891418,7.744293,904.62555,8.443791,36.600708,66.454056
2024-12-26 17:00:00,13.163055,7.4924927,904.6161,8.428464,37.965607,68.493645
2024-12-26 18:00:00,12.910736,7.369507,904.4316,8.384139,38.781372,69.049644
2024-12-26 19:00:00,12.716797,7.2712097,904.14294,8.317046,39.344055,69.463326
2024-12-26 20:00:00,12.089539,7.0075684,903.81946,8.273018,39.656586,71.08907
2024-12-26 21:00:00,11.988434,6.9129333,903.5539,8.2343645,39.981995,71.101166
2024-12-26 22:00:00,11.578217,6.704132,903.315,7.9816017,40.23236,72.012276
2024-12-26 23:00:00,11.509552,6.658661,903.2455,8.098543,41.07483,72.11423
2024-12-27 00:00:00,11.71405,6.7074585,903.5055,8.229139,42.78647,71.385506
2024-12-27 01:00:00,11.717468,6.729065,904.0312,8.367117,44.704437,71.47537
2024-12-27 02:00:00,12.706299,7.136017,904.75055,8.517265,47.339264,68.87124
2024-12-27 03:00:00,13.242615,7.2917786,905.4535,8.591177,50.25757,67.21131
2024-12-27 04:00:00,14.046265,7.643738,905.8942,8.309998,53.260284,65.340866
2024-12-27 05:00:00,16.545074,8.242218,905.8027,7.711789,54.461792,57.969887
2024-12-27 06:00:00,17.41214,8.507782,905.1857,6.9742365,52.775574,55.86763
2024-12-27 07:00:00,17.687988,8.625,904.26056,6.2767196,48.641052,55.341114
2024-12-27 08:00:00,18.830627,8.676422,903.3508,5.809805,43.06195,51.692158
2024-12-27 09:00:00,18.877258,8.90506,902.7099,5.688158,38.489685,52.343983
2024-12-27 10:00:00,17.44809,8.974884,902.4584,5.3861966,35.287964,57.52835
2024-12-27 11:00:00,17.255615,9.151703,902.56805,6.260493,35.00171,58.930267
2024-12-27 12:00:00,16.93692,9.295319,902.9169,6.883265,36.12683,60.7153
2024-12-27 13:00:00,16.720886,9.312561,903.3847,7.2190475,37.510468,61.624443
2024-12-27 14:00:00,15.66394,9.17157,903.8949,7.485859,38.990845,65.29673
2024-12-27 15:00:00,14.741364,8.930084,904.299,7.5887527,40.50998,68.1645
2024-12-27 16:00:00,14.595917,8.894897,904.5207,7.6077504,42.050446,68.64378
2024-12-27 17:00:00,13.9409485,8.75235,904.49786,7.5434265,43.26938,70.92909
2024-12-27 18:00:00,13.728088,8.659454,904.21436,7.5092974,43.598694,71.46589
2024-12-27 19:00:00,13.577026,8.613342,903.85876,7.481107,44.151,71.946465
2024-12-27 20:00:00,13.063843,8.47464,903.4952,7.4882708,44.317078,73.69861
2024-12-27 21:00:00,12.948151,8.461212,903.10657,7.554252,44.605225,74.19034
2024-12-27 22:00:00,12.596771,8.345337,902.70276,7.717223,50.41217,75.32286
2024-12-27 23:00:00,12.5121155,8.348236,902.57513,7.775487,50.071625,75.75702
2024-12-28 00:00:00,12.690857,8.376404,902.8622,7.837005,50.998993,75.01772
2024-12-28 01:00:00,12.689392,8.40741,903.391,7.882372,52.488037,75.18271
2024-12-28 02:00:00,13.551453,8.761932,904.02423,8.025636,54.192383,72.793785
2024-12-28 03:00:00,13.967682,8.961365,904.53705,8.011424,57.21579,71.81241
2024-12-28 04:00:00,14.597565,9.133331,904.8144,7.4806404,62.344116,69.74882
2024-12-28 05:00:00,16.820923,9.713165,904.67096,6.559876,65.53372,62.904305
2024-12-28 06:00:00,17.538666,9.74472,904.08,5.4648647,64.35965,60.239357
2024-12-28 07:00:00,17.784454,9.7586975,903.2037,4.5952578,58.652435,59.36897
2024-12-28 08:00:00,18.790802,9.852112,902.24097,4.110603,50.65927,56.08722
2024-12-28 09:00:00,18.842712,9.922211,901.54333,4.129702,43.915253,56.16866
2024-12-28 10:00:00,17.675446,9.828552,901.20087,4.2612505,41.1055,60.058533
2024-12-28 11:00:00,17.499115,10.077087,901.3181,4.9657097,40.64554,61.748684
2024-12-28 12:00:00,17.201874,10.226074,901.7288,5.459861,41.26413,63.548702
2024-12-28 13:00:00,16.880035,10.234528,902.25867,5.8906074,42.67398,64.893814
2024-12-28 14:00:00,15.8567505,10.164154,902.8204,6.282072,44.305298,68.93678
2024-12-28 15:00:00,15.101929,9.951599,903.3057,6.5269575,46.169067,71.33281
2024-12-28 16:00:00,14.882111,9.916534,903.5779,6.628593,47.913208,72.17919
2024-12-28 17:00:00,14.238892,9.70517,903.56616,6.629385,48.863556,74.181274
2024-12-28 18:00:00,13.912445,9.548096,903.3308,6.5721464,49.125977,74.97276
2024-12-28 19:00:00,13.678589,9.410065,902.9997,6.5317698,48.58371,75.41743
2024-12-28 20:00:00,12.956726,9.095551,902.63403,6.563572,47.44873,77.39512
2024-12-28 21:00:00,12.746094,8.968445,902.2411,6.6487684,45.723663,77.799416
2024-12-28 22:00:00,12.445618,8.768921,901.96674,6.393896,50.052948,78.28542
2024-12-28 23:00:00,12.309845,8.705261,901.9748,6.5746655,47.8002,78.64741
2024-12-29 00:00:00,12.392944,8.805267,902.312,6.764029,47.140137,78.74965
2024-12-29 01:00:00,12.321991,8.773468,902.8996,6.9278803,47.423615,78.947685
2024-12-29 02:00:00,12.846405,9.022339,903.5937,7.027608,48.31244,77.57175
2024-12-29 03:00:00,13.229309,9.041412,904.14,7.045702,49.59961,75.7529
2024-12-29 04:00:00,13.621399,9.063141,904.4222,6.441342,48.548615,73.95127
2024-12-29 05:00:00,15.831177,9.372986,904.219,5.865572,43.998627,65.48348
2024-12-29 06:00:00,16.595856,9.4461975,903.6175,5.4442325,37.537354,62.676346
2024-12-29 07:00:00,16.88501,9.424957,902.74396,5.1874776,29.66925,61.448723
2024-12-29 08:00:00,17.942444,9.318573,901.9227,5.1724415,22.478027,57.06994
2024-12-29 09:00:00,18.018677,9.190247,901.3908,5.4932303,18.480652,56.308674
2024-12-29 10:00:00,16.703918,9.4184265,901.1228,5.757424,19.899048,62.131554
2024-12-29 11:00:00,16.54129,9.479889,901.2711,6.4343667,25.034576,63.03661
2024-12-29 12:00:00,16.321472,9.6085205,901.6832,6.625856,27.941833,64.47891
2024-12-29 13:00:00,16.08847,9.668915,902.27856,6.969268,29.551147,65.70933
2024-12-29 14:00:00,15.024902,9.533997,902.9162,7.19142,30.893097,69.70797
2024-12-29 15:00:00,13.992889,9.075897,903.42346,7.255002,32.601257,72.25089
2024-12-29 16:00:00,13.751068,9.027496,903.67224,7.187908,34.031097,73.154686
2024-12-29 17:00:00,12.9591675,8.655914,903.6158,7.098735,34.888306,75.12017
2024-12-29 18:00:00,12.722626,8.531799,903.3476,7.080681,35.28076,75.65383
2024-12-29 19:00:00,12.52356,8.433655,903.03265,7.1009364,35.2836,76.139595
2024-12-29 20:00:00,11.877563,8.089447,902.702,7.16326,34.95758,77.61002
2024-12-29 21:00:00,11.800537,8.045441,902.35767,7.2295127,34.96164,77.772354
2024-12-29 22:00:00,11.290192,7.7371826,902.1316,6.8766026,38.49585,78.770966
2024-12-29 23:00:00,11.211212,7.689453,902.09937,7.11382,39.277832,78.92711
2024-12-30 00:00:00,11.308105,7.6741333,902.35443,7.2479525,40.94525,78.34033
2024-12-30 01:00:00,11.27301,7.631256,902.9194,7.36574,43.334656,78.29348
2024-12-30 02:00:00,11.923431,7.868561,903.6616,7.431984,45.164124,76.22254
2024-12-30 03:00:00,12.376801,7.9227905,904.36194,7.424502,46.180115,74.25645
2024-12-30 04:00:00,12.87265,7.877594,904.7316,7.258131,46.828796,71.661606
2024-12-30 05:00:00,15.171997,8.1813965,904.5845,6.8603396,46.42752,63.02593
2024-12-30 06:00:00,16.046509,8.299286,904.01556,6.2741127,43.547974,60.072292
2024-12-30 07:00:00,16.422333,8.283081,903.2278,5.7750583,38.38321,58.586353
2024-12-30 08:00:00,17.56189,8.314789,902.4191,5.5842032,33.35962,54.623234
2024-12-30 09:00:00,17.733551,8.32132,901.8713,5.659338,30.695984,54.059307
2024-12-30 10:00:00,16.443115,8.256378,901.7046,5.8684196,37.587097,58.40305
2024-12-30 11:00:00,16.26474,8.115906,901.75336,6.4020805,40.235413,58.509575
2024-12-30 12:00:00,15.960205,8.194489,902.05585,6.7329984,42.17328,59.97625
2024-12-30 13:00:00,15.618683,8.199371,902.53015,6.9896507,43.79007,61.320698
2024-12-30 14:00:00,14.498627,8.108032,903.1646,7.1084976,45.26761,65.49283
2024-12-30 15:00:00,13.462402,7.6289062,903.7353,7.142868,46.889557,67.79804
2024-12-30 16:00:00,13.258118,7.5855713,904.10345,7.1282015,47.865265,68.50382
2024-12-30 17:00:00,12.501068,7.310089,904.07336,7.1220617,48.66696,70.63995
2024-12-30 18:00:00,12.198303,7.1708984,903.7991,7.134508,48.66162,71.376
2024-12-30 19:00:00,12.033173,7.1115417,903.40405,7.188677,48.322388,71.86319
2024-12-30 20:00:00,11.42334,6.884796,902.9964,7.301415,47.591705,73.661095
2024-12-30 21:00:00,11.313782,6.9017944,902.56323,7.457012,46.44159,74.283676
2024-12-30 22:00:00,10.850098,6.5650635,902.4163,7.4893737,49.336395,74.85313
2024-12-30 23:00:00,10.7659,6.5583496,902.37,7.6645894,48.384705,75.23851
2024-12-31 00:00:00,10.8927,6.6433105,902.65295,7.8327446,48.09012,75.04405
2024-12-31 01:00:00,10.8637085,6.694824,903.233,8.023249,48.540314,75.4553
2024-12-31 02:00:00,11.740631,7.081024,903.94763,8.267616,49.08435,73.10943
2024-12-31 03:00:00,12.228088,7.1344604,904.5524,8.39706,50.06079,71.058945
2024-12-31 04:00:00,12.834991,7.301697,904.839,8.073758,50.819458,69.07179
2024-12-31 05:00:00,15.271484,7.744995,904.6839,7.4801965,49.163147,60.793667
2024-12-31 06:00:00,16.10553,7.9552,904.12146,6.795708,43.846863,58.464462
2024-12-31 07:00:00,16.465576,7.9761047,903.229,6.2931294,35.163635,57.22018
2024-12-31 08:00:00,17.745605,7.985626,902.3217,6.158791,25.927307,52.80115
2024-12-31 09:00:00,17.813904,7.9578247,901.63617,6.383389,19.496338,52.47528
2024-12-31 10:00:00,16.522827,8.12204,901.2968,6.2898,19.747986,57.580334
2024-12-31 11:00:00,16.306488,8.009369,901.2255,6.9566894,23.387695,57.933353
2024-12-31 12:00:00,16.01712,8.14502,901.5242,7.233975,25.323517,59.5584
2024-12-31 13:00:00,15.708374,8.155914,901.9878,7.6235204,26.788391,60.790108
2024-12-31 14:00:00,14.57132,8.02182,902.53906,7.922679,28.692871,64.80549
2024-12-31 15:00:00,13.613068,7.7645264,902.9625,8.025558,30.362885,67.759895
2024-12-31 16:00:00,13.463013,7.7273254,903.2244,8.009613,31.478577,68.251564
2024-12-31 17:00:00,12.680206,7.424286,903.1925,7.983211,32.153656,70.362076
2024-12-31 18:00:00,12.469849,7.382477,902.91425,8.00547,32.355286,71.13575
2024-12-31 19:00:00,12.27594,7.2814636,902.5275,8.071372,32.310425,71.55168
2024-12-31 20:00:00,11.759216,7.1249084,902.087,8.211307,31.474487,73.239525
2024-12-31 21:00:00,11.590454,7.092041,901.66284,8.389885,30.60434,73.89369
2024-12-31 22:00:00,11.114349,6.769684,901.3915,8.4302635,34.379333,74.592705
2024-12-31 23:00:00,11.042236,6.765259,901.2967,8.562865,33.7778,74.92762
