timestamp,temperature_C,dewpoint_C,pressure_hPa,wind_speed_kmh,wind_direction_deg,relative_humidity_pct
2022-07-01 00:00:00,21.894653,18.99112,894.4775,10.457347,247.72388,83.59716
2022-07-01 01:00:00,22.066498,19.050476,894.88873,10.236451,248.65175,83.03246
2022-07-01 02:00:00,23.154358,19.25241,895.3299,10.321185,249.50153,78.71087
2022-07-01 03:00:00,23.48993,19.172363,895.61945,10.667261,250.94165,76.748634
2022-07-01 04:00:00,23.815552,19.128357,895.81,10.851278,252.38312,75.0521
2022-07-01 05:00:00,24.999634,19.19107,895.7749,11.016654,253.59615,70.1881
2022-07-01 06:00:00,25.502594,19.19336,895.48315,11.158033,254.75868,68.128136
2022-07-01 07:00:00,25.65216,19.129333,894.9615,11.229625,255.8278,67.25704
2022-07-01 08:00:00,26.317505,19.145111,894.3647,11.184073,256.60867,64.723564
2022-07-01 09:00:00,26.331573,19.069641,893.7647,11.053523,256.8921,64.36634
2022-07-01 10:00:00,26.033112,18.990417,893.2163,9.851043,253.858,65.18887
2022-07-01 11:00:00,25.927643,18.90384,892.9567,9.662267,252.20753,65.2436
2022-07-01 12:00:00,25.772003,18.97641,892.9858,9.29792,248.42506,66.14691
2022-07-01 13:00:00,25.566315,19.034515,893.3435,9.078492,242.90396,67.20216
2022-07-01 14:00:00,24.773865,19.286896,893.83734,9.155555,238.25067,71.56586
2022-07-01 15:00:00,23.88263,19.149506,894.44116,9.377964,235.56161,74.84852
2022-07-01 16:00:00,23.679047,19.182251,894.90674,9.6542015,233.71474,75.92576
2022-07-01 17:00:00,23.144226,19.134247,895.141,10.004318,233.43468,78.181496
2022-07-01 18:00:00,22.976715,19.168365,894.99805,10.346002,234.23994,79.14589
2022-07-01 19:00:00,22.793732,19.204468,894.6525,10.675464,235.61931,80.20822
2022-07-01 20:00:00,22.192688,19.034882,894.2375,10.907995,237.48792,82.31647
2022-07-01 21:00:00,22.055603,18.99112,893.8611,11.058664,239.4849,82.78054
2022-07-01 22:00:00,21.894379,18.9487,893.489,10.175166,241.79425,83.37759
2022-07-01 23:00:00,21.806976,18.965149,893.49524,10.302991,241.80525,83.90976
2022-07-02 00:00:00,22.057404,19.094177,893.66296,10.405051,241.8914,83.305176
2022-07-02 01:00:00,22.223633,19.115875,894.0078,10.428378,241.74106,82.577484
2022-07-02 02:00:00,23.476685,19.385193,894.29224,10.539553,241.46188,77.83438
2022-07-02 03:00:00,23.772156,19.268677,894.4869,10.802434,242.88657,75.908875
2022-07-02 04:00:00,24.05429,19.151764,894.5285,10.938288,244.7534,74.09093
2022-07-02 05:00:00,25.331573,19.150513,894.4819,11.060906,246.14967,68.64069
2022-07-02 06:00:00,25.782898,19.060242,894.1685,11.249157,247.14342,66.45076
2022-07-02 07:00:00,25.920135,18.998596,893.65265,11.360216,247.79762,65.659744
2022-07-02 08:00:00,26.483063,19.022003,893.09,11.389712,248.23213,63.604362
2022-07-02 09:00:00,26.552368,18.971893,892.6047,11.299258,248.35431,63.14728
2022-07-02 10:00:00,25.957336,19.061096,892.12335,10.578162,249.52612,65.77116
2022-07-02 11:00:00,25.884796,19.045105,892.0162,10.317938,247.54681,65.98846
2022-07-02 12:00:00,25.711487,19.097198,892.24054,9.95374,243.80838,66.88664
2022-07-02 13:00:00,25.524597,19.237274,892.6546,9.698164,238.29907,68.22548
2022-07-02 14:00:00,24.649872,19.241974,893.16187,9.749445,233.06001,71.89668
2022-07-02 15:00:00,23.99759,19.312378,893.7143,10.012448,228.8854,75.09099
2022-07-02 16:00:00,23.823944,19.334015,894.17773,10.352366,226.2725,75.98111
2022-07-02 17:00:00,23.252014,19.27591,894.4638,10.7814865,225.29138,78.3623
2022-07-02 18:00:00,22.95517,19.281677,894.38086,11.185516,225.90977,79.81042
2022-07-02 19:00:00,22.764954,19.281952,894.07513,11.550929,227.5293,80.736855
2022-07-02 20:00:00,22.133087,19.073334,893.6761,11.793163,229.44913,82.814186
2022-07-02 21:00:00,21.914062,18.966919,893.36346,11.9280205,231.18575,83.37224
2022-07-02 22:00:00,21.806244,18.925964,893.12756,11.601181,233.58258,83.70856
2022-07-02 23:00:00,21.77246,18.943634,893.22485,11.788479,233.8381,83.974
2022-07-03 00:00:00,22.089539,19.088959,893.4851,11.8215065,233.91391,83.115105
2022-07-03 01:00:00,22.274689,19.084442,893.9666,11.855356,233.67206,82.16013
2022-07-03 02:00:00,23.565796,19.466888,894.4512,12.120994,233.66125,77.811615
2022-07-03 03:00:00,23.840576,19.37503,894.8365,12.479886,235.11069,76.099075
2022-07-03 04:00:00,24.026062,19.289001,895.0847,12.582074,236.47217,74.853676
2022-07-03 05:00:00,25.300323,19.344513,895.14056,12.540357,237.38754,69.60413
2022-07-03 06:00:00,25.859375,19.302856,894.9632,12.567481,238.77477,67.15769
2022-07-03 07:00:00,25.984497,19.290222,894.5589,12.58068,240.39542,66.60957
2022-07-03 08:00:00,26.577637,19.229126,894.027,12.497548,242.14569,64.07252
2022-07-03 09:00:00,26.601685,19.15509,893.4668,12.360599,243.51747,63.68741
2022-07-03 10:00:00,25.990387,19.191956,892.6735,11.662599,246.20154,66.18017
2022-07-03 11:00:00,25.907715,19.141998,892.5732,11.638064,246.08157,66.29817
2022-07-03 12:00:00,25.753998,19.1586,892.8018,11.310996,243.7531,66.97405
2022-07-03 13:00:00,25.619293,19.297394,893.28784,11.116192,240.07913,68.09742
2022-07-03 14:00:00,24.799133,19.42337,893.7989,11.123981,236.71399,72.06727
2022-07-03 15:00:00,23.729034,19.264526,894.35516,11.291793,234.6961,76.08649
2022-07-03 16:00:00,23.60022,19.324677,894.80096,11.504239,233.38615,76.9666
2022-07-03 17:00:00,22.979523,19.21756,895.1232,11.738299,233.40631,79.37529
2022-07-03 18:00:00,22.805359,19.167969,895.1132,12.017257,234.56729,79.969666
2022-07-03 19:00:00,22.674622,19.169281,894.9034,12.202492,236.419,80.61277
2022-07-03 20:00:00,22.059845,18.929657,894.49854,12.349063,238.33603,82.44234
2022-07-03 21:00:00,21.963104,18.95691,894.18195,12.406461,240.4846,83.07129
2022-07-03 22:00:00,21.941772,18.994781,893.97296,12.126431,245.34103,83.3762
2022-07-03 23:00:00,21.881592,19.03598,893.9936,11.9868145,245.06061,83.89828
2022-07-04 00:00:00,22.052765,19.073456,894.18085,11.832983,244.99998,83.22114
2022-07-04 01:00:00,22.303741,19.051025,894.4943,11.691654,245.29329,81.84433
2022-07-04 02:00:00,23.65091,19.392548,894.8565,11.674023,246.27945,77.05662
2022-07-04 03:00:00,24.052917,19.23056,895.15015,11.816322,247.65373,74.461624
2022-07-04 04:00:00,24.291351,19.157837,895.3445,11.847646,248.94893,73.07234
2022-07-04 05:00:00,25.627106,19.111847,895.32513,11.828413,250.14279,67.28373
2022-07-04 06:00:00,25.989502,19.031097,895.0982,11.889719,251.30634,65.52335
2022-07-04 07:00:00,26.128448,18.95932,894.66125,11.938463,252.65414,64.696655
2022-07-04 08:00:00,26.624207,18.886932,894.1102,11.926237,253.47623,62.547977
2022-07-04 09:00:00,26.633911,18.832642,893.5222,11.84215,253.73878,62.300663
2022-07-04 10:00:00,26.221222,18.818787,892.7633,10.6193075,260.75012,63.780792
2022-07-04 11:00:00,26.16632,18.74762,892.6677,10.298837,257.5943,63.704117
2022-07-04 12:00:00,26.045227,18.753113,892.80835,10.040431,252.23434,64.18395
2022-07-04 13:00:00,25.862518,18.87619,893.1708,10.104061,246.45364,65.38275
2022-07-04 14:00:00,24.996613,19.017944,893.675,10.359869,241.5972,69.447266
2022-07-04 15:00:00,24.234222,19.023773,894.2996,10.693596,237.79193,72.712776
2022-07-04 16:00:00,24.01651,18.997192,894.7857,11.159879,235.34644,73.547005
2022-07-04 17:00:00,23.444275,19.015533,895.05646,11.652133,234.5982,76.21148
2022-07-04 18:00:00,23.164368,18.993652,894.9634,12.107609,234.93028,77.40482
2022-07-04 19:00:00,23.049805,19.020386,894.70825,12.448165,235.9433,78.07304
2022-07-04 20:00:00,22.40567,18.743805,894.3208,12.654874,237.01208,79.79329
2022-07-04 21:00:00,22.160309,18.660706,894.0387,12.686963,238.13489,80.57382
2022-07-04 22:00:00,22.087952,18.6922,893.84784,12.136657,240.5036,81.08933
2022-07-04 23:00:00,22.047943,18.683258,893.81177,12.060291,240.32315,81.24187
2022-07-05 00:00:00,22.295319,18.81903,894.0173,11.944506,239.92938,80.70912
2022-07-05 01:00:00,22.603363,18.926575,894.386,11.851406,239.47061,79.74597
2022-07-05 02:00:00,24.00473,19.139862,894.8145,11.838581,238.4985,74.25669
2022-07-05 03:00:00,24.295593,19.001495,895.069,11.966393,237.56335,72.34514
2022-07-05 04:00:00,24.539642,18.901947,895.1113,12.014819,237.32037,70.85401
2022-07-05 05:00:00,25.85205,18.776672,894.9786,11.930177,237.04816,65.01786
2022-07-05 06:00:00,26.286865,18.840424,894.6948,11.855497,237.29852,63.61987
2022-07-05 07:00:00,26.394928,18.797974,894.25287,11.7600155,237.83096,63.047935
2022-07-05 08:00:00,27.110107,18.737732,893.8438,11.59375,238.03772,60.222256
2022-07-05 09:00:00,27.170898,18.729523,893.48627,11.39559,238.1295,59.977013
2022-07-05 10:00:00,26.649658,18.503815,892.84705,10.8858185,238.2458,60.975903
2022-07-05 11:00:00,26.546692,18.452667,892.75867,10.780821,236.56728,61.150734
2022-07-05 12:00:00,26.482147,18.628326,892.9177,10.887342,234.50394,62.062626
2022-07-05 13:00:00,26.253021,18.648712,893.31244,11.067903,233.15924,62.987858
2022-07-05 14:00:00,25.35437,18.89853,893.854,11.2038,231.73029,67.47876
2022-07-05 15:00:00,24.465942,18.99826,894.52875,11.350938,230.31161,71.59625
2022-07-05 16:00:00,24.257263,19.071136,895.0422,11.518425,229.59637,72.82717
2022-07-05 17:00:00,23.559814,18.97232,895.3201,11.742166,229.58978,75.478645
2022-07-05 18:00:00,23.368011,19.01001,895.2606,11.938499,230.14764,76.53663
2022-07-05 19:00:00,23.240814,19.030243,895.0815,12.027747,230.80067,77.22413
2022-07-05 20:00:00,22.661652,18.862122,894.8161,11.975367,231.6116,79.14523
2022-07-05 21:00:00,22.518585,18.857056,894.6793,11.821912,232.31726,79.81038
2022-07-05 22:00:00,22.133362,18.82901,894.582,11.247246,237.43896,81.55966
2022-07-05 23:00:00,22.062317,18.843445,894.6627,11.032333,236.09848,81.987404
2022-07-06 00:00:00,22.321808,18.974518,894.92896,10.739311,235.0932,81.36518
2022-07-06 01:00:00,22.522888,18.97882,895.3452,10.42548,233.23814,80.3983
2022-07-06 02:00:00,23.893555,19.197906,895.82495,10.45409,230.01762,75.02526
2022-07-06 03:00:00,24.13684,19.100464,896.1618,10.738381,227.71227,73.489365
2022-07-06 04:00:00,24.403503,19.041107,896.38983,10.857769,226.6529,72.056725
2022-07-06 05:00:00,25.738098,19.07019,896.4339,10.784714,226.62854,66.66884
2022-07-06 06:00:00,26.14502,18.980408,896.3298,10.7604265,227.26207,64.71842
2022-07-06 07:00:00,26.310455,18.91153,896.0386,10.697372,228.06906,63.814037
2022-07-06 08:00:00,26.938995,18.954773,895.65796,10.634014,228.67429,61.660744
2022-07-06 09:00:00,26.943695,18.917725,895.23694,10.477437,229.36778,61.501354
2022-07-06 10:00:00,26.387848,18.899231,894.66956,9.756213,234.3446,63.474434
2022-07-06 11:00:00,26.31363,18.93872,894.6602,9.558003,233.00635,63.910465
2022-07-06 12:00:00,26.11911,19.107025,894.9855,9.32118,231.71896,65.331474
2022-07-06 13:00:00,25.86789,19.000458,895.48126,9.2588215,230.43033,65.87087
2022-07-06 14:00:00,25.057434,19.203644,896.1086,9.356311,229.33394,70.001495
2022-07-06 15:00:00,24.1969,19.288788,896.81,9.444206,228.18462,74.08908
2022-07-06 16:00:00,24.010376,19.35379,897.3722,9.570319,227.79352,75.22692
2022-07-06 17:00:00,23.3685,19.301758,897.61554,9.714877,228.29454,77.93839
2022-07-06 18:00:00,23.15207,19.344147,897.5574,9.859395,229.54004,79.17256
2022-07-06 19:00:00,23.071075,19.386627,897.3674,9.963078,231.19215,79.7718
2022-07-06 20:00:00,22.465454,19.263275,897.1132,10.004211,232.85133,82.12244
2022-07-06 21:00:00,22.358185,19.251251,896.96765,9.956974,234.55418,82.597855
2022-07-06 22:00:00,22.098267,19.100403,896.785,9.690323,238.18938,83.130226
2022-07-06 23:00:00,22.063446,19.128021,896.7929,9.622467,238.50403,83.45035
2022-07-07 00:00:00,22.338043,19.299591,897.04517,9.5038395,238.53036,82.94834
2022-07-07 01:00:00,22.563934,19.296783,897.54266,9.354881,237.90555,81.803116
2022-07-07 02:00:00,24.010834,19.57959,898.0298,9.339504,236.03448,76.28819
2022-07-07 03:00:00,24.268158,19.526978,898.34094,9.646402,235.02908,74.874146
2022-07-07 04:00:00,24.524017,19.44931,898.4982,9.917884,235.2503,73.38044
2022-07-07 05:00:00,25.920227,19.493317,898.37415,10.069283,236.79184,67.713455
2022-07-07 06:00:00,26.407928,19.38623,898.00854,10.120972,238.51068,65.352806
2022-07-07 07:00:00,26.559479,19.331848,897.47327,10.1155,240.76086,64.55261
2022-07-07 08:00:00,27.111176,19.42395,896.91907,10.060338,242.51149,62.850697
2022-07-07 09:00:00,27.127502,19.412262,896.3914,9.980846,244.34348,62.74486
2022-07-07 10:00:00,26.618744,19.399628,895.66156,9.439715,248.41043,64.59938
2022-07-07 11:00:00,26.499298,19.335754,895.52026,9.344345,247.79605,64.79776
2022-07-07 12:00:00,26.322083,19.449554,895.6373,9.26446,246.64656,65.9439
2022-07-07 13:00:00,26.103394,19.532257,895.97595,9.416349,245.00682,67.14577
2022-07-07 14:00:00,25.286957,19.641846,896.4484,9.711435,243.24509,70.95873
2022-07-07 15:00:00,24.274078,19.706757,896.95483,9.971098,242.16695,75.687744
2022-07-07 16:00:00,24.10614,19.80481,897.38745,10.147558,241.68594,76.920425
2022-07-07 17:00:00,23.569214,19.69159,897.5095,10.278338,242.07993,78.888916
2022-07-07 18:00:00,23.37323,19.709503,897.31775,10.427902,243.08493,79.91565
2022-07-07 19:00:00,23.26587,19.73056,896.9239,10.575051,244.40833,80.54052
2022-07-07 20:00:00,22.722778,19.589447,896.4957,10.633163,245.58237,82.506065
2022-07-07 21:00:00,22.593964,19.586456,896.1339,10.556232,246.93973,83.13803
2022-07-07 22:00:00,22.254303,19.385529,895.8435,10.167974,248.30081,83.819046
2022-07-07 23:00:00,22.208221,19.401672,895.77466,10.146346,247.6185,84.13895
2022-07-08 00:00:00,22.473022,19.493835,895.9402,10.003762,246.76584,83.27041
2022-07-08 01:00:00,22.64746,19.448761,896.402,9.752701,245.03973,82.162506
2022-07-08 02:00:00,23.949982,19.711823,896.8645,9.684804,242.61996,77.19869
2022-07-08 03:00:00,24.277222,19.668365,897.1518,9.812121,240.38794,75.49339
2022-07-08 04:00:00,24.495422,19.588043,897.21655,10.0488405,238.62592,74.142494
2022-07-08 05:00:00,25.806519,19.803772,897.09174,10.26779,237.79959,69.49764
2022-07-08 06:00:00,26.264282,19.809967,896.6942,10.550446,238.31598,67.66667
2022-07-08 07:00:00,26.375183,19.793243,896.15686,10.783437,239.44223,67.155396
2022-07-08 08:00:00,26.819977,19.812408,895.4618,10.856365,240.75928,65.49616
2022-07-08 09:00:00,26.774689,19.801117,894.8267,10.862923,242.19482,65.62493
2022-07-08 10:00:00,26.24887,19.696411,894.1705,10.199414,247.3099,67.252945
2022-07-08 11:00:00,26.11502,19.687897,893.926,10.334825,246.34467,67.75124
2022-07-08 12:00:00,25.997894,19.739319,894.0329,10.362398,244.29382,68.44032
2022-07-08 13:00:00,25.793976,19.832184,894.4013,10.476033,241.62856,69.67195
2022-07-08 14:00:00,25.013489,19.943604,894.9191,10.571787,238.54459,73.4861
2022-07-08 15:00:00,24.180359,19.937805,895.4378,10.784935,236.25354,77.21239
2022-07-08 16:00:00,23.972504,20.036652,895.7898,11.012084,234.94601,78.6619
2022-07-08 17:00:00,23.510406,19.985931,895.86053,11.290941,234.72466,80.62678
2022-07-08 18:00:00,23.224121,19.943146,895.58795,11.653146,235.65863,81.81494
2022-07-08 19:00:00,23.134369,19.96457,895.08124,11.915822,237.22226,82.369194
2022-07-08 20:00:00,22.711212,19.79367,894.5584,12.10072,238.85509,83.61697
2022-07-08 21:00:00,22.60263,19.78299,894.2007,12.200956,240.1789,84.11398
2022-07-08 22:00:00,22.290497,19.675537,893.93866,11.844481,242.75508,85.155304
2022-07-08 23:00:00,22.253815,19.67688,893.8654,11.859019,242.34387,85.35271
2022-07-09 00:00:00,22.431976,19.732697,893.9886,11.842697,241.58215,84.72573
2022-07-09 01:00:00,22.554413,19.66043,894.36646,11.875139,239.91946,83.721565
2022-07-09 02:00:00,23.635162,19.945496,894.7937,12.193529,238.08604,79.82278
2022-07-09 03:00:00,23.880096,19.86444,895.0614,12.657634,237.8064,78.26084
2022-07-09 04:00:00,24.133026,19.79419,895.0885,13.027438,238.53174,76.74589
2022-07-09 05:00:00,25.334259,19.975891,895.00085,13.197439,239.36423,72.24011
2022-07-09 06:00:00,25.71756,19.910461,894.69006,13.307646,240.26788,70.32866
2022-07-09 07:00:00,25.794586,19.920227,894.2195,13.356681,241.0813,70.05059
2022-07-09 08:00:00,26.290283,20.008667,893.6482,13.305509,241.84319,68.3997
2022-07-09 09:00:00,26.21753,19.96167,893.0867,13.174744,242.56236,68.494675
2022-07-09 10:00:00,25.778961,19.806458,892.45087,12.131455,241.63193,69.62287
2022-07-09 11:00:00,25.66037,19.75476,892.30084,12.085152,239.40012,69.889824
2022-07-09 12:00:00,25.477295,19.734833,892.5414,12.077489,237.40445,70.5663
2022-07-09 13:00:00,25.254456,19.828949,893.0184,12.175743,236.00897,71.92609
2022-07-09 14:00:00,24.49649,19.912506,893.5821,12.244121,234.65216,75.64498
2022-07-09 15:00:00,23.776215,19.838348,894.1435,12.413388,233.49776,78.624084
2022-07-09 16:00:00,23.618683,19.885895,894.6459,12.679619,233.04755,79.60757
2022-07-09 17:00:00,23.081573,19.799957,894.84436,12.982558,233.353,81.79401
2022-07-09 18:00:00,22.977936,19.811646,894.7026,13.311525,234.42314,82.368225
2022-07-09 19:00:00,22.878052,19.83783,894.3374,13.57224,235.7984,83.002556
2022-07-09 20:00:00,22.46466,19.68686,893.99023,13.779337,237.21945,84.317444
2022-07-09 21:00:00,22.370758,19.676605,893.7637,13.888277,238.79282,84.74617
2022-07-09 22:00:00,22.040222,19.546906,893.6724,13.043304,239.97961,85.77535
2022-07-09 23:00:00,21.980988,19.514618,893.6439,12.918758,239.67223,85.9132
2022-07-10 00:00:00,22.2182,19.600464,893.86865,12.886354,238.72723,85.13311
2022-07-10 01:00:00,22.3172,19.553192,894.28564,13.014819,237.53937,84.37364
2022-07-10 02:00:00,23.311462,19.746063,894.736,13.403525,236.01175,80.39633
2022-07-10 03:00:00,23.516327,19.660736,895.08374,13.875728,235.3075,78.98942
2022-07-10 04:00:00,23.712646,19.603882,895.22955,14.1645975,235.3247,77.78567
2022-07-10 05:00:00,24.896912,19.780823,895.23126,14.435626,235.56548,73.25604
2022-07-10 06:00:00,25.351624,19.807953,894.9825,14.683314,236.35242,71.4185
2022-07-10 07:00:00,25.471619,19.768585,894.61523,14.8625345,237.46332,70.73804
2022-07-10 08:00:00,25.954254,19.829285,894.1225,14.922106,238.69139,69.00122
2022-07-10 09:00:00,26.029846,19.855804,893.6987,14.88213,239.87566,68.806206
2022-07-10 10:00:00,25.509155,19.793457,893.2969,14.283946,242.23953,70.68943
2022-07-10 11:00:00,25.35376,19.69513,893.3086,14.082008,241.7159,70.91146
2022-07-10 12:00:00,25.230927,19.7547,893.6097,13.865311,240.97614,71.69605
2022-07-10 13:00:00,25.03238,19.785248,894.0682,13.65784,239.60088,72.68655
2022-07-10 14:00:00,24.380066,19.934113,894.6911,13.451122,238.30931,76.276115
2022-07-10 15:00:00,23.710785,19.802063,895.29126,13.376729,237.32324,78.75694
2022-07-10 16:00:00,23.580261,19.875214,895.79205,13.454701,236.95119,79.73924
2022-07-10 17:00:00,23.06781,19.733185,895.98846,13.630109,237.12524,81.52381
2022-07-10 18:00:00,22.931213,19.762268,895.8363,13.8432255,237.64168,82.349
2022-07-10 19:00:00,22.788727,19.738617,895.5178,14.056456,238.30692,82.9412
2022-07-10 20:00:00,22.372864,19.642853,895.1514,14.196958,239.1467,84.55798
2022-07-10 21:00:00,22.294647,19.665222,894.8558,14.243667,240.13913,85.079315
2022-07-10 22:00:00,22.061249,19.492615,894.76245,13.008891,239.79584,85.377
2022-07-10 23:00:00,22.047943,19.506409,894.82635,13.233996,239.65933,85.519554
2022-07-11 00:00:00,22.298065,19.623535,895.12946,13.375049,239.30118,84.841774
2022-07-11 01:00:00,22.34314,19.584167,895.6044,13.47577,238.57407,84.40286
2022-07-11 02:00:00,23.37732,19.892365,896.0609,13.822917,237.68208,80.80695
2022-07-11 03:00:00,23.57483,19.797028,896.3049,14.26981,237.84555,79.37972
2022-07-11 04:00:00,23.784851,19.7305,896.42114,14.629,238.6029,78.05942
2022-07-11 05:00:00,24.860413,19.937866,896.345,14.845665,239.1565,74.133835
2022-07-11 06:00:00,25.372559,19.85263,896.1336,15.079929,239.99997,71.52748
2022-07-11 07:00:00,25.494873,19.79303,895.7565,15.282004,241.08298,70.74755
2022-07-11 08:00:00,25.885254,19.863281,895.2888,15.44293,242.08475,69.42986
2022-07-11 09:00:00,25.930481,19.899567,894.8071,15.485717,243.4225,69.40001
2022-07-11 10:00:00,25.542938,19.842041,894.367,14.856317,247.48679,70.76059
2022-07-11 11:00:00,25.464966,19.803772,894.22125,14.616145,247.30762,70.92059
2022-07-11 12:00:00,25.277466,19.821594,894.3301,14.21293,246.70084,71.794945
2022-07-11 13:00:00,25.117249,19.90921,894.72565,13.882519,245.0603,72.87768
2022-07-11 14:00:00,24.433838,20.000916,895.2648,13.608358,243.47417,76.34608
2022-07-11 15:00:00,23.697998,19.90451,895.8733,13.465643,242.25781,79.319626
2022-07-11 16:00:00,23.572235,19.979584,896.33936,13.456108,241.47804,80.2953
2022-07-11 17:00:00,23.084503,19.908752,896.50836,13.510037,241.0845,82.33282
2022-07-11 18:00:00,22.969116,19.885864,896.3025,13.640456,241.21973,82.79217
2022-07-11 19:00:00,22.904114,19.897797,895.88196,13.766289,241.95483,83.180145
2022-07-11 20:00:00,22.507538,19.76297,895.4292,13.87085,243.0021,84.49613
2022-07-11 21:00:00,22.43042,19.723694,895.09644,13.869675,244.37589,84.686424
2022-07-11 22:00:00,22.087677,19.630096,894.9719,13.845878,246.20526,85.97065
2022-07-11 23:00:00,22.069214,19.651276,894.91565,13.672567,247.03749,86.18066
2022-07-12 00:00:00,22.333832,19.760101,895.0782,13.555764,247.10449,85.37785
2022-07-12 01:00:00,22.404419,19.691345,895.4332,13.427707,246.45187,84.65031
2022-07-12 02:00:00,23.427551,19.933899,895.82336,13.5281105,245.14218,80.76998
2022-07-12 03:00:00,23.664856,19.858368,896.09326,13.905827,244.40692,79.25116
2022-07-12 04:00:00,23.868652,19.779175,896.2248,14.192891,243.94217,77.90182
2022-07-12 05:00:00,25.153473,20.034454,896.0824,14.396939,243.66342,73.2868
2022-07-12 06:00:00,25.612549,20.020386,895.62427,14.695238,243.72325,71.25155
2022-07-12 07:00:00,25.731232,19.96988,895.05444,14.975398,244.29395,70.53074
2022-07-12 08:00:00,26.23462,19.982697,894.4356,15.19851,245.03528,68.514694
2022-07-12 09:00:00,26.205505,19.910034,893.9576,15.326902,246.0123,68.32448
2022-07-12 10:00:00,25.792358,19.719727,893.4537,14.853885,248.59888,69.194374
2022-07-12 11:00:00,25.722565,19.694427,893.1982,14.65473,248.40215,69.3723
2022-07-12 12:00:00,25.64563,19.648834,893.3675,14.266675,247.13019,69.492676
2022-07-12 13:00:00,25.433624,19.712097,893.7805,13.995775,244.77759,70.64995
2022-07-12 14:00:00,24.595306,19.814026,894.3239,13.802159,242.57468,74.74155
2022-07-12 15:00:00,23.88678,19.701172,894.8407,13.698511,241.01675,77.44134
2022-07-12 16:00:00,23.75119,19.736786,895.1976,13.744427,239.93265,78.24821
2022-07-12 17:00:00,23.287354,19.72467,895.29193,13.891953,239.37244,80.40669
2022-07-12 18:00:00,23.089996,19.682678,895.0728,14.141956,239.19455,81.15976
2022-07-12 19:00:00,22.98648,19.720856,894.59735,14.395728,239.26375,81.863365
2022-07-12 20:00:00,22.660156,19.611237,894.0687,14.610821,239.6626,82.93221
2022-07-12 21:00:00,22.428284,19.539612,893.645,14.700866,240.1159,83.73496
2022-07-12 22:00:00,22.093414,19.422302,893.3945,14.042898,239.32382,84.83817
2022-07-12 23:00:00,22.066711,19.434906,893.3042,14.110163,239.23653,85.04294
2022-07-13 00:00:00,22.257935,19.501312,893.4304,14.1638155,239.05066,84.40594
2022-07-13 01:00:00,22.319397,19.48407,893.8074,14.183835,238.28987,84.00082
2022-07-13 02:00:00,23.343353,19.75113,894.1682,14.432835,236.79028,80.26693
2022-07-13 03:00:00,23.618011,19.694427,894.4174,14.932189,235.76794,78.67117
2022-07-13 04:00:00,23.844727,19.694397,894.44336,15.303007,235.10422,77.60476
2022-07-13 05:00:00,25.070465,19.932648,894.30096,15.545449,234.6557,73.187294
2022-07-13 06:00:00,25.531921,19.92862,893.9242,15.821302,234.88403,71.18773
2022-07-13 07:00:00,25.67215,19.868195,893.38916,16.05018,235.7101,70.33389
2022-07-13 08:00:00,26.067535,19.946777,892.77325,16.11228,236.97775,69.04104
2022-07-13 09:00:00,26.051025,19.937561,892.1725,15.974774,238.32939,69.06904
2022-07-13 10:00:00,25.538696,19.766663,891.6421,15.610599,242.50494,70.44837
2022-07-13 11:00:00,25.458374,19.697723,891.359,15.141738,242.7259,70.48319
2022-07-13 12:00:00,25.345856,19.681671,891.53955,14.770393,242.50145,70.88558
2022-07-13 13:00:00,25.151642,19.774872,891.93866,14.436926,241.2959,72.12544
2022-07-13 14:00:00,24.420044,19.72882,892.5032,14.134848,239.90747,75.13149
2022-07-13 15:00:00,23.696442,19.625244,893.0149,13.914454,238.70944,77.96496
2022-07-13 16:00:00,23.529724,19.660126,893.4414,13.810839,237.96423,78.92264
2022-07-13 17:00:00,23.00589,19.631927,893.6793,13.80905,237.52917,81.3172
2022-07-13 18:00:00,22.876556,19.667175,893.60126,13.938785,237.56445,82.136024
2022-07-13 19:00:00,22.770355,19.670837,893.25757,14.146125,237.92001,82.68516
2022-07-13 20:00:00,22.385803,19.552002,892.8083,14.3240595,238.43546,84.016136
2022-07-13 21:00:00,22.29712,19.52359,892.5028,14.404236,238.98064,84.321556
2022-07-13 22:00:00,22.013214,19.438324,892.3628,13.680716,237.52626,85.338875
2022-07-13 23:00:00,21.966095,19.424774,892.3653,13.749128,237.61809,85.51237
2022-07-14 00:00:00,22.213898,19.47174,892.4942,13.816028,237.41876,84.4771
2022-07-14 01:00:00,22.258453,19.411987,892.8674,13.80361,236.18752,83.935905
2022-07-14 02:00:00,23.296234,19.628082,893.2601,13.944657,234.30219,79.88328
2022-07-14 03:00:00,23.509491,19.569,893.53766,14.224528,233.0567,78.57315
2022-07-14 04:00:00,23.786285,19.580078,893.6721,14.4891,232.87207,77.32732
2022-07-14 05:00:00,24.939667,19.7359,893.62463,14.589191,232.73502,72.86614
2022-07-14 06:00:00,25.410828,19.772125,893.3922,14.592154,232.89331,71.009636
2022-07-14 07:00:00,25.511536,19.761719,892.9431,14.45494,233.01605,70.54047
2022-07-14 08:00:00,25.819427,19.81607,892.37244,14.26466,233.52164,69.49748
2022-07-14 09:00:00,25.928772,19.833527,891.79584,14.098172,233.99434,69.12355
2022-07-14 10:00:00,25.306488,19.694397,891.32404,13.272046,237.23618,71.10788
2022-07-14 11:00:00,25.189362,19.66504,891.2182,13.108137,236.09692,71.47494
2022-07-14 12:00:00,24.948303,19.666107,891.3939,12.8502865,235.10526,72.51387
2022-07-14 13:00:00,24.687195,19.712585,891.85516,12.755166,233.89685,73.86589
2022-07-14 14:00:00,23.934357,19.751831,892.45306,12.65823,232.35406,77.46326
2022-07-14 15:00:00,23.257904,19.720642,893.1197,12.642346,230.85675,80.529724
2022-07-14 16:00:00,23.151001,19.79538,893.73663,12.63954,229.90517,81.4282
2022-07-14 17:00:00,22.657196,19.632294,894.0602,12.653303,229.49745,83.05565
2022-07-14 18:00:00,22.47168,19.631958,894.0929,12.759849,230.04231,83.994774
2022-07-14 19:00:00,22.352112,19.60962,893.8935,12.86534,230.75269,84.49025
2022-07-14 20:00:00,21.952911,19.427795,893.6083,12.890037,231.3549,85.59727
2022-07-14 21:00:00,21.885315,19.420013,893.33514,12.847977,232.03976,85.90944
2022-07-14 22:00:00,21.670074,19.328644,893.21796,12.152716,233.89302,86.55304
2022-07-14 23:00:00,21.654846,19.339172,893.21,12.130792,234.04767,86.69043
2022-07-15 00:00:00,21.940948,19.433289,893.3915,12.054102,233.89262,85.689
2022-07-15 01:00:00,21.96759,19.348755,893.9219,12.00276,232.82993,85.101234
2022-07-15 02:00:00,23.13919,19.625793,894.3821,12.0254755,230.80617,80.63345
2022-07-15 03:00:00,23.362274,19.551147,894.71204,12.383575,229.9836,79.18618
2022-07-15 04:00:00,23.574097,19.49405,894.93805,12.600671,229.98111,77.9041
2022-07-15 05:00:00,24.73996,19.701233,895.0355,12.66112,229.95155,73.58156
2022-07-15 06:00:00,25.302887,19.721039,894.95026,12.671253,230.38945,71.24077
2022-07-15 07:00:00,25.419037,19.720306,894.6514,12.615078,231.47934,70.74723
2022-07-15 08:00:00,25.842712,19.850555,894.1752,12.454458,232.31741,69.55016
2022-07-15 09:00:00,25.856506,19.821228,893.6919,12.181135,233.4054,69.36714
2022-07-15 10:00:00,25.395782,19.749756,893.2419,11.263882,237.85086,70.974655
2022-07-15 11:00:00,25.295258,19.754272,893.1937,11.005649,237.60623,71.42022
2022-07-15 12:00:00,25.156555,19.812866,893.29803,10.669767,237.6165,72.274414
2022-07-15 13:00:00,24.936493,19.830383,893.6686,10.49171,236.50285,73.3082
2022-07-15 14:00:00,24.119843,19.822174,894.21594,10.402187,234.85101,76.94
2022-07-15 15:00:00,23.43982,19.775757,894.7897,10.356653,233.34375,79.92301
2022-07-15 16:00:00,23.297638,19.796661,895.2514,10.316184,232.54883,80.716385
2022-07-15 17:00:00,22.760834,19.66449,895.4425,10.288991,231.86823,82.70031
2022-07-15 18:00:00,22.637787,19.654053,895.3803,10.421532,231.69473,83.26593
2022-07-15 19:00:00,22.52707,19.679047,895.1179,10.634428,231.95131,83.95766
2022-07-15 20:00:00,22.024841,19.523712,894.8015,10.79218,232.45044,85.7322
2022-07-15 21:00:00,21.932251,19.47995,894.58234,10.84731,233.00867,85.98353
2022-07-15 22:00:00,21.619446,19.339417,894.498,10.403755,232.71698,86.8796
2022-07-15 23:00:00,21.585846,19.324463,894.4702,10.408771,232.2345,86.97739
2022-07-16 00:00:00,21.85617,19.420807,894.61646,10.442861,232.02191,86.06666
2022-07-16 01:00:00,21.900543,19.386353,895.02094,10.502578,230.70348,85.65016
2022-07-16 02:00:00,23.009857,19.621643,895.41675,10.714435,228.64748,81.24579
2022-07-16 03:00:00,23.337036,19.557037,895.6755,11.214291,227.56448,79.33591
2022-07-16 04:00:00,23.573303,19.530884,895.7942,11.617729,227.65076,78.086365
2022-07-16 05:00:00,24.814972,19.768188,895.7977,11.815325,227.59128,73.55755
2022-07-16 06:00:00,25.311554,19.7547,895.6334,11.862283,227.74231,71.35291
2022-07-16 07:00:00,25.442322,19.76825,895.2636,11.894685,228.1523,70.85982
2022-07-16 08:00:00,26.060333,19.908173,894.75995,11.866233,228.62363,68.90546
2022-07-16 09:00:00,26.052734,19.874756,894.3047,11.846664,229.02478,68.79385
2022-07-16 10:00:00,25.444366,19.98935,893.8869,10.821583,228.44945,71.82863
2022-07-16 11:00:00,25.393616,19.970245,893.77454,10.7540045,228.48007,71.960434
2022-07-16 12:00:00,25.292816,19.978546,894.00385,10.435128,227.77269,72.430336
2022-07-16 13:00:00,25.058197,20.005127,894.4556,10.248997,226.18663,73.570274
2022-07-16 14:00:00,24.23639,19.982117,895.0955,10.147022,224.5409,77.16483
2022-07-16 15:00:00,23.563568,19.910797,895.75616,10.118019,223.53929,79.995705
2022-07-16 16:00:00,23.465607,19.944305,896.3588,10.135411,222.87627,80.63675
2022-07-16 17:00:00,22.980377,19.89679,896.7553,10.191806,223.02232,82.79181
2022-07-16 18:00:00,22.77179,19.849884,896.78314,10.2718525,224.20714,83.601204
2022-07-16 19:00:00,22.66504,19.84085,896.5408,10.356565,225.78442,84.097145
2022-07-16 20:00:00,22.207336,19.714478,896.20984,10.346733,227.34758,85.794464
2022-07-16 21:00:00,22.077759,19.660736,895.96094,10.259925,228.72398,86.1864
2022-07-16 22:00:00,21.739624,19.49234,895.7639,9.570718,229.40634,87.06776
2022-07-16 23:00:00,21.692566,19.468079,895.83044,9.514158,229.29184,87.186935
2022-07-17 00:00:00,22.0094,19.547607,896.0446,9.382697,228.70422,85.940445
2022-07-17 01:00:00,22.072052,19.52295,896.47424,9.344164,227.5917,85.4818
2022-07-17 02:00:00,23.070038,19.76419,896.90955,9.522863,225.69249,81.669754
2022-07-17 03:00:00,23.289734,19.70752,897.19214,10.046655,225.02039,80.30963
2022-07-17 04:00:00,23.521606,19.692139,897.31537,10.381727,225.19395,79.11833
2022-07-17 05:00:00,24.716919,19.929382,897.27185,10.527583,225.72227,74.73252
2022-07-17 06:00:00,25.16455,19.879486,897.0224,10.598089,226.86983,72.538925
2022-07-17 07:00:00,25.299988,19.8909,896.61273,10.646967,228.26482,72.00744
2022-07-17 08:00:00,25.777802,20.068481,896.1223,10.588187,229.40169,70.7669
2022-07-17 09:00:00,25.773071,20.074768,895.73065,10.455278,230.4214,70.814285
2022-07-17 10:00:00,25.394287,20.042206,895.4663,10.073522,235.13367,72.27884
2022-07-17 11:00:00,25.287628,20.016083,895.3839,9.696084,235.28265,72.621254
2022-07-17 12:00:00,25.099457,20.012878,895.54224,9.36708,234.4954,73.42486
2022-07-17 13:00:00,24.921295,20.055817,895.8164,9.213324,232.53331,74.40638
2022-07-17 14:00:00,24.171906,20.052002,896.3569,9.192952,230.49144,77.79969
2022-07-17 15:00:00,23.5195,19.975739,896.9118,9.176195,228.898,80.531746
2022-07-17 16:00:00,23.375336,20.014801,897.41766,9.234101,227.68475,81.43179
2022-07-17 17:00:00,22.824493,19.90567,897.5826,9.353422,227.63397,83.623146
2022-07-17 18:00:00,22.699646,19.804047,897.3932,9.561532,228.16797,83.72949
2022-07-17 19:00:00,22.562805,19.781586,897.00116,9.756046,229.21149,84.31024
2022-07-17 20:00:00,22.017761,19.540192,896.63385,9.8928995,230.56676,85.85707
2022-07-17 21:00:00,21.937622,19.475311,896.3885,9.905723,232.11038,85.93059
2022-07-17 22:00:00,21.658936,19.365723,896.15466,9.342251,233.26837,86.81205
2022-07-17 23:00:00,21.589355,19.314362,896.2097,9.406255,233.88281,86.90402
2022-07-18 00:00:00,21.753662,19.332886,896.4129,9.43144,234.10791,86.134766
2022-07-18 01:00:00,21.811981,19.297241,896.81165,9.480092,234.99916,85.63833
2022-07-18 02:00:00,22.852264,19.524414,897.2225,9.605868,235.4776,81.53097
2022-07-18 03:00:00,23.134369,19.452332,897.53656,9.805334,236.51482,79.79242
2022-07-18 04:00:00,23.40207,19.378418,897.6967,9.972371,238.38118,78.15256
2022-07-18 05:00:00,24.624298,19.501556,897.6699,10.044898,240.41286,73.17888
2022-07-18 06:00:00,25.1185,19.527832,897.3859,10.114729,242.45683,71.1682
2022-07-18 07:00:00,25.25766,19.495636,896.8568,10.214135,244.589,70.4399
2022-07-18 08:00:00,25.821533,19.476593,896.286,10.287413,246.68826,68.039734
2022-07-18 09:00:00,25.842255,19.443756,895.7683,10.278999,248.6264,67.81767
2022-07-18 10:00:00,25.448181,19.301086,895.29694,10.149127,254.55833,68.80872
2022-07-18 11:00:00,25.37082,19.242096,895.11115,9.854889,254.5007,68.87248
2022-07-18 12:00:00,25.284607,19.249664,895.2179,9.419612,252.45132,69.25915
2022-07-18 13:00:00,25.048706,19.342133,895.5781,9.273927,248.85593,70.644356
2022-07-18 14:00:00,24.196594,19.477386,896.0648,9.276161,245.71506,74.96474
2022-07-18 15:00:00,23.477814,19.385162,896.58954,9.340115,243.36125,77.82891
2022-07-18 16:00:00,23.334717,19.363434,897.00775,9.448484,241.67534,78.39777
2022-07-18 17:00:00,22.77359,19.233826,897.1735,9.582648,240.95203,80.453186
2022-07-18 18:00:00,22.628326,19.203644,897.0309,9.710508,240.97836,81.012794
2022-07-18 19:00:00,22.507568,19.194397,896.71735,9.850893,241.40707,81.56198
2022-07-18 20:00:00,21.969849,19.019867,896.3574,9.94002,242.06268,83.3639
2022-07-18 21:00:00,21.824097,19.005768,896.0552,9.931963,243.16101,84.03476
2022-07-18 22:00:00,21.5112,18.718231,895.78735,9.055263,242.83704,84.13329
2022-07-18 23:00:00,21.449799,18.691925,895.7882,9.115383,242.05196,84.311356
2022-07-19 00:00:00,21.70102,18.828278,896.06757,9.1531315,241.30075,83.73606
2022-07-19 01:00:00,21.944275,18.887299,896.49585,9.267881,240.88976,82.80612
2022-07-19 02:00:00,23.2807,19.020569,896.9104,9.676404,241.45967,76.99183
2022-07-19 03:00:00,23.583954,18.85733,897.15875,10.280676,243.48798,74.82987
2022-07-19 04:00:00,23.871277,18.769867,897.27563,10.713303,245.75887,73.14606
2022-07-19 05:00:00,25.1633,18.887482,897.12604,10.967069,248.01321,68.20334
2022-07-19 06:00:00,25.614258,18.84439,896.7983,11.213642,250.31677,66.2207
2022-07-19 07:00:00,25.771912,18.811157,896.2787,11.337877,252.14981,65.46829
2022-07-19 08:00:00,26.412933,18.842712,895.69977,11.473302,253.69604,63.15726
2022-07-19 09:00:00,26.480164,18.82956,895.1486,11.399656,255.14212,62.855625
2022-07-19 10:00:00,26.044739,18.653107,894.56836,10.679675,258.1883,63.785713
2022-07-19 11:00:00,25.942474,18.632294,894.3427,10.384016,257.75058,64.08943
2022-07-19 12:00:00,25.802551,18.689209,894.4229,9.630972,254.79034,64.85331
2022-07-19 13:00:00,25.634216,18.876678,894.735,8.965283,249.90291,66.27581
2022-07-19 14:00:00,24.688385,19.043182,895.23224,8.696806,244.49458,70.84825
2022-07-19 15:00:00,23.922607,19.02652,895.772,8.7797985,240.25165,74.09855
2022-07-19 16:00:00,23.74353,19.112823,896.2163,8.990175,237.3533,75.305084
2022-07-19 17:00:00,23.093689,19.083618,896.4612,9.261125,235.8614,78.173706
2022-07-19 18:00:00,22.919678,19.127716,896.404,9.588696,235.65002,79.21876
2022-07-19 19:00:00,22.786987,19.12378,896.12146,9.866244,236.35367,79.838615
2022-07-19 20:00:00,22.303925,19.012665,895.7332,10.112412,237.67651,81.647835
2022-07-19 21:00:00,22.171906,18.991455,895.4523,10.25914,239.2179,82.197784
2022-07-19 22:00:00,21.74997,18.859741,895.3089,9.605704,239.58734,83.650215
2022-07-19 23:00:00,21.734924,18.861115,895.44055,9.69759,239.95557,83.7343
2022-07-20 00:00:00,21.9216,18.942902,895.7177,9.749888,240.36841,83.20911
2022-07-20 01:00:00,21.986755,18.877228,896.1621,9.744899,240.5646,82.539925
2022-07-20 02:00:00,23.085876,19.08377,896.6013,10.097917,241.95001,78.21138
2022-07-20 03:00:00,23.30478,18.99646,896.98846,10.7526455,244.44838,76.76445
2022-07-20 04:00:00,23.535706,18.972595,897.1635,11.134782,246.50958,75.58972
2022-07-20 05:00:00,24.782715,19.141266,897.1677,11.447881,247.8896,70.8822
2022-07-20 06:00:00,25.211792,19.184906,896.92334,11.721844,249.06204,69.27994
2022-07-20 07:00:00,25.33966,19.174927,896.49023,11.88871,250.3164,68.712135
2022-07-20 08:00:00,25.668182,19.22226,895.96533,11.928209,251.44402,67.58327
2022-07-20 09:00:00,25.69162,19.193176,895.3606,11.849293,252.51791,67.36723
2022-07-20 10:00:00,25.240387,19.2117,894.7098,10.625427,256.6778,69.277664
2022-07-20 11:00:00,25.089233,19.253265,894.47345,10.420092,255.8831,70.08521
2022-07-20 12:00:00,24.882965,19.283997,894.6632,9.768181,254.24301,71.08843
2022-07-20 13:00:00,24.690765,19.309906,895.0859,8.973087,250.64624,72.025116
2022-07-20 14:00:00,23.828949,19.31369,895.5955,8.6658745,246.61983,75.86222
2022-07-20 15:00:00,23.120575,19.244812,896.13306,8.664864,243.40532,78.834526
2022-07-20 16:00:00,22.977936,19.294037,896.60547,8.891732,241.16628,79.761826
2022-07-20 17:00:00,22.458649,19.179565,896.8196,9.1263685,240.61974,81.72925
2022-07-20 18:00:00,22.332703,19.170898,896.7234,9.438854,241.14581,82.31299
2022-07-20 19:00:00,22.16919,19.154755,896.3553,9.707816,242.52905,83.05267
2022-07-20 20:00:00,21.634338,18.931213,895.97687,9.94255,244.08127,84.62025
2022-07-20 21:00:00,21.512909,18.86444,895.70807,10.072617,245.7239,84.896576
2022-07-20 22:00:00,21.18454,18.568909,895.6484,9.766283,247.97055,85.03643
2022-07-20 23:00:00,21.08728,18.51596,895.7941,9.658663,248.60266,85.262474
2022-07-21 00:00:00,21.2247,18.517365,896.1063,9.529784,248.6746,84.5539
2022-07-21 01:00:00,21.29889,18.415863,896.57227,9.31842,249.21605,83.63664
2022-07-21 02:00:00,22.200897,18.540619,897.0107,9.383555,249.43022,79.7732
2022-07-21 03:00:00,22.467926,18.421143,897.2938,9.762765,250.1672,77.902855
2022-07-21 04:00:00,22.695618,18.378082,897.4158,9.808295,250.73439,76.62626
2022-07-21 05:00:00,23.902222,18.517792,897.4807,9.744216,250.77628,71.867874
2022-07-21 06:00:00,24.35791,18.57434,897.3362,9.682493,250.79984,70.17719
2022-07-21 07:00:00,24.527954,18.55777,897.04016,9.633848,250.97824,69.39434
2022-07-21 08:00:00,25.204468,18.680145,896.5477,9.593349,251.49246,67.16057
2022-07-21 09:00:00,25.34195,18.651123,896.09686,9.539367,252.04422,66.49264
2022-07-21 10:00:00,24.986755,18.434265,895.56836,9.081644,259.1355,66.998276
2022-07-21 11:00:00,24.950104,18.381348,895.5475,8.703434,257.62714,66.92259
2022-07-21 12:00:00,24.886139,18.365234,895.7968,8.197792,253.37393,67.11065
2022-07-21 13:00:00,24.733368,18.712158,896.3284,7.823148,247.98387,69.2126
2022-07-21 14:00:00,23.891907,18.895538,896.91077,7.7515445,242.97551,73.631134
2022-07-21 15:00:00,23.069366,18.794067,897.5733,7.886452,239.12857,76.8867
2022-07-21 16:00:00,22.935669,18.846375,898.09784,8.175226,236.06894,77.765045
2022-07-21 17:00:00,22.319214,18.691895,898.3395,8.521779,235.26086,79.953995
2022-07-21 18:00:00,22.131622,18.735382,898.218,8.945693,235.8293,81.09249
2022-07-21 19:00:00,21.953247,18.646027,897.8748,9.33059,237.40681,81.5223
2022-07-21 20:00:00,21.441742,18.457458,897.5388,9.575393,238.90262,83.124176
2022-07-21 21:00:00,21.344849,18.423737,897.29236,9.682003,240.52058,83.442535
2022-07-21 22:00:00,21.140015,18.368439,897.2239,9.165402,250.09154,84.20505
2022-07-21 23:00:00,21.085205,18.357208,897.29944,9.044261,249.61404,84.4294
2022-07-22 00:00:00,21.268677,18.43872,897.5075,8.920591,248.6464,83.91183
2022-07-22 01:00:00,21.432709,18.476593,897.99524,8.787727,248.00473,83.2699
2022-07-22 02:00:00,22.621368,18.660065,898.42267,8.807323,247.5318,78.343346
2022-07-22 03:00:00,22.865051,18.533691,898.67633,9.137293,248.01,76.58617
2022-07-22 04:00:00,23.084106,18.404633,898.6867,9.250361,249.34637,74.96882
2022-07-22 05:00:00,24.295258,18.445435,898.57245,9.212572,251.06903,69.87486
2022-07-22 06:00:00,24.699036,18.436218,898.24634,9.176725,252.72699,68.16722
2022-07-22 07:00:00,24.850647,18.393036,897.79565,9.261039,254.60303,67.370224
2022-07-22 08:00:00,25.52713,18.460632,897.202,9.282206,256.19675,64.98537
2022-07-22 09:00:00,25.548004,18.436035,896.64813,9.293357,257.37427,64.80493
2022-07-22 10:00:00,25.225128,18.33908,896.18396,8.556364,265.93356,65.66065
2022-07-22 11:00:00,25.19217,18.291107,896.0617,8.290344,264.1291,65.59199
2022-07-22 12:00:00,25.099396,18.400421,896.15314,7.9005003,259.35504,66.40899
2022-07-22 13:00:00,24.946777,18.682098,896.58795,7.630426,253.4194,68.20814
2022-07-22 14:00:00,24.02472,18.875183,897.10315,7.5424256,247.48651,72.953094
2022-07-22 15:00:00,23.257507,18.720062,897.6415,7.542888,242.54216,75.666435
2022-07-22 16:00:00,23.039886,18.715332,897.9952,7.7167544,238.68304,76.64584
2022-07-22 17:00:00,22.496307,18.642761,898.0389,7.9941664,236.2474,78.85517
2022-07-22 18:00:00,22.330841,18.686493,897.79877,8.322599,235.19449,79.8705
2022-07-22 19:00:00,22.185242,18.758453,897.37103,8.598346,235.1643,80.944725
2022-07-22 20:00:00,21.582275,18.54242,896.97186,8.796473,235.64134,82.85188
2022-07-22 21:00:00,21.446045,18.50409,896.6231,8.894029,236.51353,83.34532
2022-07-22 22:00:00,21.203278,18.227448,896.4014,8.053513,242.61816,83.14034
2022-07-22 23:00:00,21.13559,18.24179,896.3857,8.099713,241.62622,83.561584
2022-07-23 00:00:00,21.390717,18.414124,896.5682,8.045502,240.17401,83.158264
2022-07-23 01:00:00,21.607574,18.477417,896.98267,7.958788,238.49893,82.38777
2022-07-23 02:00:00,22.897095,18.698242,897.3664,8.053347,237.03609,77.22867
2022-07-23 03:00:00,23.156342,18.492676,897.6601,8.246526,235.92374,75.05494
2022-07-23 04:00:00,23.392303,18.389465,897.82117,8.405087,235.69867,73.51597
2022-07-23 05:00:00,24.614746,18.533234,897.84314,8.479284,236.19409,68.92907
2022-07-23 06:00:00,25.00589,18.52481,897.59155,8.605571,237.96938,67.302475
2022-07-23 07:00:00,25.129364,18.512634,897.0879,8.723203,240.02168,66.75818
2022-07-23 08:00:00,25.690063,18.539825,896.4693,8.756698,241.8598,64.67992
2022-07-23 09:00:00,25.641907,18.457245,895.8812,8.665461,243.03233,64.53038
2022-07-23 10:00:00,25.17984,18.30597,895.2505,8.373974,251.41495,65.70137
2022-07-23 11:00:00,25.106964,18.218445,895.2286,7.9316077,250.21118,65.62582
2022-07-23 12:00:00,24.956879,18.308533,895.40704,7.501214,246.51862,66.59086
2022-07-23 13:00:00,24.779327,18.552795,895.8406,7.2993584,242.07,68.33814
2022-07-23 14:00:00,23.906616,18.716003,896.42883,7.261946,237.32758,72.74549
2022-07-23 15:00:00,23.093689,18.745026,897.0623,7.2818847,234.1904,76.538704
2022-07-23 16:00:00,22.92685,18.831543,897.5126,7.3662915,231.45662,77.734535
2022-07-23 17:00:00,22.465607,18.789581,897.6307,7.46388,230.22154,79.73091
2022-07-23 18:00:00,22.255676,18.799469,897.38947,7.671059,230.36417,80.80522
2022-07-23 19:00:00,22.059723,18.764679,897.03046,7.9147825,231.27522,81.59784
2022-07-23 20:00:00,21.587585,18.604004,896.6078,8.086076,232.732,83.14483
2022-07-23 21:00:00,21.481934,18.554413,896.2844,8.166147,234.03084,83.4248
2022-07-23 22:00:00,21.20871,18.373596,895.991,7.844287,242.93848,83.87799
2022-07-23 23:00:00,21.113037,18.341553,895.986,7.7017446,242.01797,84.20257
2022-07-24 00:00:00,21.383545,18.490265,896.2505,7.545685,241.29434,83.59257
2022-07-24 01:00:00,21.561523,18.51715,896.6969,7.3784685,239.96658,82.826004
2022-07-24 02:00:00,22.841858,18.786896,897.10046,7.28983,238.81577,77.91812
2022-07-24 03:00:00,23.091553,18.65622,897.3922,7.330497,236.72334,76.12472
2022-07-24 04:00:00,23.326324,18.62381,897.57733,7.4550595,236.12369,74.90042
2022-07-24 05:00:00,24.545319,18.760498,897.6192,7.5427413,236.8345,70.20692
2022-07-24 06:00:00,24.92041,18.77951,897.4215,7.6003776,239.01636,68.732765
2022-07-24 07:00:00,25.053223,18.730713,897.0217,7.5889564,241.86627,67.982956
2022-07-24 08:00:00,25.501984,18.69278,896.4833,7.499384,244.72269,66.03499
2022-07-24 09:00:00,25.56482,18.669739,895.94696,7.342631,247.19644,65.694305
2022-07-24 10:00:00,25.0755,18.556335,895.489,6.5187254,258.19977,67.15622
2022-07-24 11:00:00,24.936035,18.57959,895.33624,6.033018,257.6216,67.815575
2022-07-24 12:00:00,24.782532,18.54663,895.5224,5.439944,254.52011,68.2987
2022-07-24 13:00:00,24.597778,18.864899,895.99023,5.1236687,249.42795,70.4449
2022-07-24 14:00:00,23.746887,18.79831,896.6131,4.8600783,243.25708,73.82654
2022-07-24 15:00:00,23.005768,18.86499,897.2171,4.6516848,237.76544,77.52583
2022-07-24 16:00:00,22.873657,18.893738,897.7536,4.4506493,233.38892,78.288864
2022-07-24 17:00:00,22.42688,18.815704,898.0192,4.3708024,229.68213,80.04931
2022-07-24 18:00:00,22.338562,18.845764,897.9348,4.384796,228.69374,80.6316
2022-07-24 19:00:00,22.16742,18.846863,897.5664,4.437043,228.91658,81.48147
2022-07-24 20:00:00,21.671051,18.678894,897.17377,4.4908404,229.93933,83.11001
2022-07-24 21:00:00,21.529144,18.62854,896.93787,4.472554,231.10571,83.57087
2022-07-24 22:00:00,21.369934,18.541107,896.8229,3.6926918,240.23036,83.92907
2022-07-24 23:00:00,21.289124,18.516022,896.9016,3.5487056,237.00156,84.21343
2022-07-25 00:00:00,21.519806,18.646027,897.16705,3.4270036,233.20602,83.71016
2022-07-25 01:00:00,21.710236,18.722565,897.661,3.299214,228.46835,83.13787
2022-07-25 02:00:00,22.87558,18.83902,898.1979,3.2836163,221.76791,78.012726
2022-07-25 03:00:00,23.222168,18.739227,898.6155,3.5317187,215.96477,75.91905
2022-07-25 04:00:00,23.450012,18.71045,898.88226,3.7382162,215.61806,74.74737
2022-07-25 05:00:00,24.733673,18.856476,898.8775,3.7605634,216.33472,69.838295
2022-07-25 06:00:00,25.159271,18.840576,898.6282,3.8117464,218.08528,68.02018
2022-07-25 07:00:00,25.31366,18.85733,898.13947,3.78807,220.72525,67.46856
2022-07-25 08:00:00,25.809326,18.87973,897.5861,3.7747543,224.47333,65.60364
2022-07-25 09:00:00,25.833405,18.859589,897.01874,3.6723788,227.7466,65.42777
2022-07-25 10:00:00,25.2453,18.799164,896.54956,2.7621903,258.6407,67.49783
2022-07-25 11:00:00,25.141968,18.733765,896.3646,2.4607084,252.4371,67.63735
2022-07-25 12:00:00,24.987305,18.746216,896.595,2.2015324,240.46521,68.316795
2022-07-25 13:00:00,24.71701,18.95401,897.1693,2.1707318,226.15501,70.33481
2022-07-25 14:00:00,23.992096,19.09137,897.8566,2.3615482,215.39717,74.088806
2022-07-25 15:00:00,23.149384,19.04306,898.6333,2.6842709,207.14662,77.71411
2022-07-25 16:00:00,23.048157,19.161285,899.1996,3.066968,202.6742,78.76968
2022-07-25 17:00:00,22.556885,19.100525,899.49414,3.4220424,202.38512,80.84377
2022-07-25 18:00:00,22.417938,19.102661,899.4231,3.7100124,205.36598,81.53999
2022-07-25 19:00:00,22.305573,19.141418,899.18146,3.906644,210.26483,82.29765
2022-07-25 20:00:00,21.77655,18.948517,898.8552,4.0251417,215.37325,83.978615
2022-07-25 21:00:00,21.643005,18.928772,898.5792,3.98443,220.61366,84.56253
2022-07-25 22:00:00,21.430695,18.81073,898.4679,3.6550736,242.0844,85.039185
2022-07-25 23:00:00,21.409882,18.813171,898.4468,3.3189936,244.42314,85.16065
2022-07-26 00:00:00,21.598938,18.916718,898.6779,3.048204,246.46263,84.72694
2022-07-26 01:00:00,21.701904,18.88205,899.1131,2.8189468,249.53552,84.01318
2022-07-26 02:00:00,22.850983,19.221344,899.5611,2.601046,252.89426,80.01447
2022-07-26 03:00:00,23.03537,19.068542,899.8614,2.642583,256.78708,78.3763
2022-07-26 04:00:00,23.22873,19.03125,899.95844,2.6054647,262.7436,77.28541
2022-07-26 05:00:00,24.489655,19.246216,899.89294,2.5800545,268.2403,72.60818
2022-07-26 06:00:00,24.93747,19.28302,899.6362,2.5454834,272.80252,70.85334
2022-07-26 07:00:00,25.077087,19.308624,899.1362,2.6128538,278.12997,70.37807
2022-07-26 08:00:00,25.498505,19.382965,898.5192,2.6914113,283.66235,68.95371
2022-07-26 09:00:00,25.535126,19.362213,897.8668,2.8103528,289.08508,68.71513
2022-07-26 10:00:00,24.923706,19.180328,897.3306,3.7882514,303.03534,70.45949
2022-07-26 11:00:00,24.798737,19.123932,897.05743,3.5215461,306.01227,70.737976
2022-07-26 12:00:00,24.6427,19.146881,897.18274,3.1180725,307.5969,71.5027
2022-07-26 13:00:00,24.499847,19.283966,897.5955,2.6997554,304.66974,72.734634
2022-07-26 14:00:00,23.82367,19.398499,898.2159,2.237679,300.5286,76.28777
2022-07-26 15:00:00,23.03653,19.28482,898.77966,1.8439062,295.91388,79.43391
2022-07-26 16:00:00,22.897491,19.316284,899.24744,1.547285,286.7646,80.26236
2022-07-26 17:00:00,22.42984,19.226013,899.3831,1.443643,275.38718,82.10967
2022-07-26 18:00:00,22.207703,19.194763,899.19916,1.6053079,266.47214,83.06494
2022-07-26 19:00:00,22.08728,19.197693,898.76666,1.860844,262.92447,83.69172
2022-07-26 20:00:00,21.606781,19.028748,898.38367,2.0782502,262.89783,85.28038
2022-07-26 21:00:00,21.484802,19.002075,898.0478,2.2180457,266.20953,85.77643
2022-07-26 22:00:00,21.290375,18.834839,897.86633,2.8512144,289.71216,85.9028
2022-07-26 23:00:00,21.232513,18.851318,897.80945,2.5975683,295.98727,86.2969
2022-07-27 00:00:00,21.398438,18.921295,898.1275,2.2648563,300.64954,85.79769
2022-07-27 01:00:00,21.602814,18.963196,898.6465,1.9757833,308.0107,84.95294
2022-07-27 02:00:00,22.794128,19.176636,899.12524,1.7752471,313.67688,80.06735
2022-07-27 03:00:00,23.032959,19.093994,899.50116,1.7310878,317.08963,78.51219
2022-07-27 04:00:00,23.290558,19.086853,899.6627,1.622202,321.69785,77.26472
2022-07-27 05:00:00,24.602661,19.236603,899.62756,1.4485145,322.96857,72.0758
2022-07-27 06:00:00,25.13205,19.28894,899.3596,1.2883682,316.93573,70.06213
2022-07-27 07:00:00,25.270721,19.261566,898.9144,1.2497035,307.5306,69.367805
2022-07-27 08:00:00,25.823456,19.366669,898.3367,1.3273174,300.15796,67.56854
2022-07-27 09:00:00,25.916718,19.310242,897.7237,1.4835669,297.23697,66.96079
2022-07-27 10:00:00,25.410278,19.100464,897.1488,2.6290972,306.1739,68.10746
2022-07-27 11:00:00,25.326172,19.065277,896.91486,2.4268813,309.9488,68.29891
2022-07-27 12:00:00,25.263306,19.11325,897.0057,2.0260117,310.98672,68.760155
2022-07-27 13:00:00,25.072845,19.27243,897.442,1.5075959,309.10178,70.23746
2022-07-27 14:00:00,24.307983,19.490448,898.0086,0.99198604,292.73926,74.52622
2022-07-27 15:00:00,23.40863,19.389008,898.67523,0.75693214,258.3041,78.17308
2022-07-27 16:00:00,23.245361,19.395752,899.12604,0.95641637,226.20833,78.98058
2022-07-27 17:00:00,22.719025,19.273834,899.382,1.3345108,219.30528,80.921135
2022-07-27 18:00:00,22.569458,19.285034,899.27716,1.6821797,221.88828,81.7159
2022-07-27 19:00:00,22.43576,19.297943,899.0323,1.9423617,229.33981,82.448524
2022-07-27 20:00:00,21.964539,19.127075,898.6754,2.104614,237.22475,83.950165
2022-07-27 21:00:00,21.802368,19.082855,898.3928,2.1657486,244.80698,84.551834
2022-07-27 22:00:00,21.530548,18.872711,898.2851,2.4723685,262.1867,84.84875
2022-07-27 23:00:00,21.46762,18.882141,898.25104,2.332003,267.60748,85.22639
2022-07-28 00:00:00,21.699158,18.998047,898.53516,2.159649,274.93127,84.63783
2022-07-28 01:00:00,21.892822,19.005432,898.99725,1.9562917,280.4897,83.6812
2022-07-28 02:00:00,23.031403,19.256287,899.5145,1.9786385,285.46518,79.317535
2022-07-28 03:00:00,23.277802,19.151154,899.95154,2.2644057,288.1568,77.63478
2022-07-28 04:00:00,23.529419,19.14508,900.1602,2.3208387,293.9574,76.436066
2022-07-28 05:00:00,24.79892,19.330658,900.14935,2.3490822,298.60693,71.65376
2022-07-28 06:00:00,25.386505,19.351624,899.7908,2.4429522,301.6185,69.27897
2022-07-28 07:00:00,25.496857,19.380035,899.21606,2.6817305,304.4987,68.94789
2022-07-28 08:00:00,25.858063,19.404175,898.502,2.920797,307.13486,67.58765
2022-07-28 09:00:00,25.86908,19.334839,897.8219,3.1455998,310.8609,67.25283
2022-07-28 10:00:00,25.382446,19.221466,897.1604,4.602737,313.30704,68.7365
2022-07-28 11:00:00,25.348694,19.256836,896.95624,4.2620826,318.778,69.02647
2022-07-28 12:00:00,25.2453,19.271759,897.1398,3.6523983,324.06628,69.5169
2022-07-28 13:00:00,25.019684,19.37741,897.6479,2.779441,326.05853,70.922165
2022-07-28 14:00:00,24.253967,19.584259,898.3541,2.091424,324.8706,75.20498
2022-07-28 15:00:00,23.449951,19.477844,899.01135,1.5546223,320.59882,78.410385
2022-07-28 16:00:00,23.316376,19.520721,899.5196,1.1484978,308.76184,79.25592
2022-07-28 17:00:00,22.823822,19.429413,899.6209,0.95663816,290.3557,81.190735
2022-07-28 18:00:00,22.609192,19.411652,899.4265,1.1174347,271.14267,82.16375
2022-07-28 19:00:00,22.44754,19.414032,899.02295,1.4435722,265.50235,82.98671
2022-07-28 20:00:00,22.070038,19.310791,898.5432,1.7564304,265.35733,84.37177
2022-07-28 21:00:00,21.919556,19.29541,898.1833,1.9709549,267.87866,85.068115
2022-07-28 22:00:00,21.685608,19.153809,898.14056,2.7218773,284.1348,85.53461
2022-07-28 23:00:00,21.603455,19.13977,898.0904,2.6639583,282.16855,85.89016
2022-07-29 00:00:00,21.833801,19.278015,898.27014,2.5665884,281.82553,85.42199
2022-07-29 01:00:00,21.979095,19.279999,898.6136,2.47557,279.5618,84.67841
2022-07-29 02:00:00,23.022552,19.530823,899.00305,2.420727,274.68893,80.72675
2022-07-29 03:00:00,23.361938,19.471558,899.3427,2.7148316,267.8338,78.7971
2022-07-29 04:00:00,23.623077,19.39682,899.48804,2.9775803,267.24066,77.206436
2022-07-29 05:00:00,24.879944,19.529846,899.40674,3.1418662,266.65613,72.1967
2022-07-29 06:00:00,25.354553,19.502045,899.0171,3.4311378,265.62662,70.062965
2022-07-29 07:00:00,25.506378,19.54834,898.4829,3.8268623,264.73944,69.63365
2022-07-29 08:00:00,26.036102,19.636047,897.8161,4.204415,264.89136,67.84953
2022-07-29 09:00:00,26.125,19.674225,897.12695,4.53115,265.67996,67.65385
2022-07-29 10:00:00,25.516113,19.531128,896.53107,5.1095834,280.64926,69.51901
2022-07-29 11:00:00,25.339233,19.508453,896.22986,4.948499,279.1621,70.15475
2022-07-29 12:00:00,25.206726,19.56665,896.3309,4.478376,276.17877,70.9662
2022-07-29 13:00:00,25.054962,19.729156,896.7269,3.917879,270.11926,72.33667
2022-07-29 14:00:00,24.269684,19.799072,897.40717,3.5661836,262.65012,76.142456
2022-07-29 15:00:00,23.448975,19.713684,898.0603,3.4494388,255.2985,79.571915
2022-07-29 16:00:00,23.32605,19.733917,898.5162,3.510418,249.54672,80.26506
2022-07-29 17:00:00,22.822113,19.629486,898.57416,3.7198582,245.5275,82.214836
2022-07-29 18:00:00,22.625183,19.57724,898.41437,4.1060147,244.29251,82.93312
2022-07-29 19:00:00,22.539307,19.597412,898.0876,4.4900165,245.5516,83.471176
2022-07-29 20:00:00,22.021698,19.403381,897.6818,4.790067,248.0952,85.10962
2022-07-29 21:00:00,21.940674,19.42511,897.33453,4.972355,250.84311,85.64686
2022-07-29 22:00:00,21.735535,19.319275,897.0569,4.6162043,265.7333,86.15721
2022-07-29 23:00:00,21.663208,19.317078,896.98834,4.6112313,264.77582,86.52709
2022-07-30 00:00:00,21.893494,19.422028,897.1969,4.5724773,263.39087,85.87731
2022-07-30 01:00:00,21.933228,19.384155,897.62524,4.562808,261.1583,85.467834
2022-07-30 02:00:00,22.955933,19.67035,897.98615,4.852763,258.78662,81.75823
2022-07-30 03:00:00,23.144226,19.583008,898.2321,5.4436655,257.41928,80.39502
2022-07-30 04:00:00,23.40622,19.609528,898.3235,5.794868,256.65805,79.26333
2022-07-30 05:00:00,24.65802,19.763641,898.2525,6.0561237,255.57993,74.22953
2022-07-30 06:00:00,25.160095,19.803589,897.93,6.375782,254.93878,72.21763
2022-07-30 07:00:00,25.327179,19.84552,897.4037,6.672684,254.61575,71.68919
2022-07-30 08:00:00,25.877136,19.988678,896.7265,6.964241,255.27081,70.00491
2022-07-30 09:00:00,25.861206,19.980377,896.0533,7.1124682,255.82234,70.03499
2022-07-30 10:00:00,25.352203,19.90335,895.36237,7.4818077,265.70648,71.83957
2022-07-30 11:00:00,25.212463,19.868866,895.0721,7.143335,267.1578,72.2847
2022-07-30 12:00:00,25.037628,19.875061,895.0329,6.4544106,265.23364,73.06949
2022-07-30 13:00:00,24.81247,19.954834,895.2982,5.6716223,259.3351,74.42449
2022-07-30 14:00:00,24.024506,19.907166,895.7603,5.4140325,251.466,77.79033
2022-07-30 15:00:00,23.375763,19.879486,896.29474,5.472347,245.50592,80.7501
2022-07-30 16:00:00,23.241608,19.914246,896.6783,5.6870117,241.53322,81.58239
2022-07-30 17:00:00,22.780334,19.815094,896.7961,6.0255685,239.58183,83.3779
2022-07-30 18:00:00,22.616821,19.814026,896.55804,6.483451,239.71068,84.203445
2022-07-30 19:00:00,22.488312,19.81311,896.10315,6.908534,240.81558,84.858315
2022-07-30 20:00:00,22.0766,19.681854,895.61475,7.2744503,241.97842,86.30552
2022-07-30 21:00:00,22.002625,19.658508,895.2333,7.5612216,243.5961,86.57009
2022-07-30 22:00:00,21.687958,19.475037,895.03094,7.95681,249.71732,87.24925
2022-07-30 23:00:00,21.640808,19.470123,895.027,8.00511,250.38681,87.47436
2022-07-31 00:00:00,21.860748,19.568024,895.1877,8.02487,250.31793,86.833466
2022-07-31 01:00:00,21.933228,19.546753,895.5546,8.122662,250.61172,86.336075
2022-07-31 02:00:00,22.77649,19.775269,895.94037,8.3930235,250.67822,83.191666
2022-07-31 03:00:00,23.049591,19.723267,896.24304,8.963472,252.02246,81.56352
2022-07-31 04:00:00,23.380524,19.712708,896.4285,9.194163,253.29224,79.89639
2022-07-31 05:00:00,24.588013,20.009003,896.4292,9.332325,253.7364,75.68282
2022-07-31 06:00:00,25.093018,20.020874,896.12286,9.463606,253.67386,73.48939
2022-07-31 07:00:00,25.191956,20.05075,895.551,9.60845,253.72269,73.192825
2022-07-31 08:00:00,25.740265,20.130554,894.86365,9.702053,254.1135,71.19744
2022-07-31 09:00:00,25.821136,20.167053,894.1997,9.649765,254.38953,71.01706
2022-07-31 10:00:00,25.39859,19.928223,893.56464,9.756146,260.242,71.75219
2022-07-31 11:00:00,25.238525,19.891785,893.4116,9.278857,258.7749,72.27524
2022-07-31 12:00:00,25.058441,19.88797,893.5566,8.594864,255.17087,73.0373
2022-07-31 13:00:00,24.835693,20.001709,893.9606,7.864309,250.22815,74.53739
2022-07-31 14:00:00,24.052063,20.043,894.5704,7.577757,245.38495,78.31764
2022-07-31 15:00:00,23.307465,19.925781,895.1867,7.572112,241.02222,81.316635
2022-07-31 16:00:00,23.138489,19.929016,895.7308,7.760541,237.89742,82.16754
2022-07-31 17:00:00,22.70987,19.843628,895.9942,8.07202,236.25653,83.88321
2022-07-31 18:00:00,22.489624,19.794067,895.9307,8.484738,236.09537,84.75141
2022-07-31 19:00:00,22.355103,19.803375,895.605,8.855745,237.26137,85.49659
2022-07-31 20:00:00,21.93512,19.642212,895.16833,9.154552,238.97983,86.83938
2022-07-31 21:00:00,21.828064,19.589417,894.8706,9.3678665,240.99054,87.12258
2022-07-31 22:00:00,21.701447,19.544434,895.00916,8.942165,248.93237,87.55409
2022-07-31 23:00:00,21.669708,19.564545,895.08734,9.032055,248.3392,87.83376
2022-08-01 00:00:00,21.830292,19.630249,895.3407,9.053062,248.25764,87.33191
2022-08-01 01:00:00,21.927856,19.611633,895.7127,9.250984,247.97522,86.71308
2022-08-01 02:00:00,22.842255,19.871948,896.0771,9.715948,248.08963,83.35886
2022-08-01 03:00:00,23.09726,19.787842,896.3287,10.498789,249.74966,81.65508
2022-08-01 04:00:00,23.34436,19.731781,896.48224,10.855315,251.43384,80.165764
2022-08-01 05:00:00,24.599487,19.943237,896.45654,11.025452,252.57545,75.323555
2022-08-01 06:00:00,25.03003,19.946869,896.22266,11.178388,253.3006,73.42852
2022-08-01 07:00:00,25.148376,19.953308,895.7659,11.347559,254.11789,72.94164
2022-08-01 08:00:00,25.70166,20.117798,895.1125,11.469338,254.7467,71.30433
2022-08-01 09:00:00,25.756256,20.111267,894.46936,11.460471,255.37274,71.045166
2022-08-01 10:00:00,25.231873,20.02246,893.91974,10.97267,260.14975,72.89137
2022-08-01 11:00:00,25.114838,19.9805,893.84454,10.811292,260.15164,73.21069
2022-08-01 12:00:00,24.983429,20.034454,893.9634,10.2045355,259.23975,74.033195
2022-08-01 13:00:00,24.748474,20.11319,894.37415,9.430707,256.1787,75.44528
2022-08-01 14:00:00,23.999207,20.049927,894.9439,9.038931,252.52228,78.60035
2022-08-01 15:00:00,23.357666,19.980408,895.5479,8.979582,249.4634,81.3453
2022-08-01 16:00:00,23.186615,19.990051,895.9367,9.062284,247.03128,82.239136
2022-08-01 17:00:00,22.711548,19.861755,896.0742,9.302761,245.84059,83.96894
2022-08-01 18:00:00,22.570679,19.834747,895.9264,9.619012,246.0063,84.54817
2022-08-01 19:00:00,22.44049,19.836884,895.57764,9.890025,247.17581,85.23076
2022-08-01 20:00:00,22.019104,19.685242,895.0916,10.048909,248.74142,86.626755
2022-08-01 21:00:00,21.963104,19.68341,894.6771,10.132115,250.40643,86.91324
2022-08-01 22:00:00,21.741425,19.457397,894.3879,9.583748,254.66934,86.86934
2022-08-01 23:00:00,21.68988,19.443848,894.4084,9.555257,254.58768,87.06999
2022-08-02 00:00:00,21.937195,19.566528,894.6719,9.41573,254.13824,86.421265
2022-08-02 01:00:00,22.015228,19.552765,895.14056,9.421559,253.36404,85.93745
2022-08-02 02:00:00,22.877014,19.815216,895.54126,9.656754,252.65866,82.891464
2022-08-02 03:00:00,23.161163,19.750183,895.88367,10.112033,253.08871,81.15044
2022-08-02 04:00:00,23.396576,19.721191,896.0619,10.244317,252.93143,79.86105
2022-08-02 05:00:00,24.749268,20.029053,896.00885,10.280609,252.097,75.04999
2022-08-02 06:00:00,25.255402,20.070068,895.7244,10.3812475,251.34004,73.004166
2022-08-02 07:00:00,25.408478,20.060394,895.24194,10.561934,250.896,72.29923
2022-08-02 08:00:00,25.959625,20.129395,894.6527,10.681141,250.69421,70.2731
2022-08-02 09:00:00,25.991394,20.093353,894.0442,10.648506,250.46892,69.984856
2022-08-02 10:00:00,25.51175,19.998352,893.37366,9.8916855,255.88788,71.58154
2022-08-02 11:00:00,25.399536,19.930084,893.4292,9.581336,254.99142,71.7564
2022-08-02 12:00:00,25.301025,19.970886,893.6518,9.077807,252.0924,72.36064
2022-08-02 13:00:00,25.110046,20.110504,894.19214,8.39614,247.67628,73.82315
2022-08-02 14:00:00,24.269623,20.105743,894.7972,8.160558,243.54118,77.60272
2022-08-02 15:00:00,23.51764,19.915314,895.4227,8.148766,240.03934,80.23991
2022-08-02 16:00:00,23.400024,19.967682,895.892,8.269695,237.62758,81.07368
2022-08-02 17:00:00,22.905457,19.934448,896.07776,8.449287,236.58649,83.362465
2022-08-02 18:00:00,22.75592,19.93103,896.01624,8.657916,236.48239,84.1035
2022-08-02 19:00:00,22.64859,19.95636,895.70764,8.82604,236.77127,84.78575
2022-08-02 20:00:00,22.155365,19.747986,895.3469,8.927043,237.57669,86.24552
2022-08-02 21:00:00,22.058014,19.717224,894.9972,8.910119,238.85141,86.59321
2022-08-02 22:00:00,21.650574,19.52243,894.8435,8.479374,242.34169,87.706795
2022-08-02 23:00:00,21.592773,19.50882,894.89197,8.289472,241.83238,87.942955
2022-08-03 00:00:00,21.78659,19.539215,895.161,8.0044,240.65231,87.07158
2022-08-03 01:00:00,21.85913,19.544708,895.6117,7.847667,239.07706,86.71633
2022-08-03 02:00:00,22.87741,19.921722,896.0862,7.8581815,237.8045,83.43841
2022-08-03 03:00:00,23.142944,19.898315,896.4478,8.04454,236.95917,81.989334
2022-08-03 04:00:00,23.39798,19.880524,896.71344,8.127291,235.5026,80.64709
2022-08-03 05:00:00,24.83142,20.1763,896.82025,8.260046,234.1224,75.36609
2022-08-03 06:00:00,25.33664,20.215668,896.644,8.382964,233.26105,73.30933
2022-08-03 07:00:00,25.468262,20.236603,896.1719,8.558293,233.25546,72.83215
2022-08-03 08:00:00,25.988953,20.265747,895.5437,8.7252445,233.8427,70.74499
2022-08-03 09:00:00,26.000732,20.266693,894.9632,8.79732,234.6623,70.69982
2022-08-03 10:00:00,25.379852,20.051727,894.4113,8.997621,247.02022,72.38354
2022-08-03 11:00:00,25.284454,19.996399,894.3692,8.572748,245.31131,72.546524
2022-08-03 12:00:00,25.185791,20.018951,894.54663,8.226324,242.11534,73.07572
2022-08-03 13:00:00,25.020325,20.17102,895.041,8.121855,236.94043,74.49724
2022-08-03 14:00:00,24.244568,20.242828,895.6396,8.141754,232.49677,78.380875
2022-08-03 15:00:00,23.472443,20.08075,896.2816,8.276838,228.8047,81.28723
2022-08-03 16:00:00,23.40213,20.101776,896.78735,8.474643,226.33038,81.738976
2022-08-03 17:00:00,22.889038,19.973755,896.9984,8.766422,225.4561,83.64877
2022-08-03 18:00:00,22.75058,19.990753,896.8961,9.039302,225.55646,84.44248
2022-08-03 19:00:00,22.658112,20.028961,896.5428,9.273527,226.4468,85.11852
2022-08-03 20:00:00,22.193573,19.843018,896.13794,9.434826,228.0413,86.55361
2022-08-03 21:00:00,22.134918,19.860321,895.78345,9.438212,229.78358,86.956535
2022-08-03 22:00:00,21.837006,19.595001,895.63336,9.109592,235.56525,87.10525
2022-08-03 23:00:00,21.80243,19.599121,895.6858,8.920888,234.44785,87.311676
2022-08-04 00:00:00,21.972076,19.66571,895.9922,8.736008,233.19858,86.77032
2022-08-04 01:00:00,22.00058,19.650238,896.42737,8.586175,231.45857,86.53647
2022-08-04 02:00:00,23.01184,19.979645,896.83374,8.629168,229.4524,83.05944
2022-08-04 03:00:00,23.354614,19.964478,897.10333,8.796946,228.07332,81.28005
2022-08-04 04:00:00,23.624847,19.934357,897.23804,8.941989,227.34654,79.81729
2022-08-04 05:00:00,24.922974,20.20752,897.20233,9.081566,226.90793,75.10026
2022-08-04 06:00:00,25.43393,20.259094,896.91205,9.262687,227.08401,73.0824
2022-08-04 07:00:00,25.54068,20.254486,896.3995,9.478861,227.86034,72.59973
2022-08-04 08:00:00,26.058044,20.420593,895.78766,9.597209,229.19,71.133286
2022-08-04 09:00:00,26.016205,20.37613,895.1744,9.653388,230.3012,71.11414
2022-08-04 10:00:00,25.446014,20.248535,894.5634,9.430112,237.93405,72.98231
2022-08-04 11:00:00,25.294464,20.18689,894.4361,9.3046665,236.01772,73.362854
2022-08-04 12:00:00,25.155304,20.211487,894.59216,9.279034,233.62921,74.08561
2022-08-04 13:00:00,24.9776,20.30371,895.0531,9.461844,230.87804,75.302216
2022-08-04 14:00:00,24.271484,20.404053,895.65094,9.627945,227.87361,79.03757
2022-08-04 15:00:00,23.531647,20.252594,896.17224,9.881239,225.79825,81.86279
2022-08-04 16:00:00,23.414062,20.284454,896.52484,10.181854,224.6167,82.607796
2022-08-04 17:00:00,22.949554,20.128906,896.6256,10.514344,224.33269,84.14689
2022-08-04 18:00:00,22.84967,20.091461,896.55273,10.886589,224.871,84.46161
2022-08-04 19:00:00,22.75064,20.084137,896.25665,11.162492,226.14923,84.93163
2022-08-04 20:00:00,22.329742,19.933533,895.873,11.367345,227.85248,86.32209
2022-08-04 21:00:00,22.2164,19.896332,895.4934,11.474771,229.56714,86.719444
2022-08-04 22:00:00,22.033447,19.807129,895.2407,10.965188,234.15802,87.20791
2022-08-04 23:00:00,22.001038,19.827545,895.305,10.913261,233.22906,87.49105
2022-08-05 00:00:00,22.175812,19.873474,895.5235,10.829399,232.23299,86.810974
2022-08-05 01:00:00,22.242767,19.870453,895.9216,10.758151,230.77354,86.44161
2022-08-05 02:00:00,23.2594,20.183746,896.2466,11.051777,228.548,82.865364
2022-08-05 03:00:00,23.520355,20.102386,896.46686,11.6072,227.73694,81.16129
2022-08-05 04:00:00,23.770813,20.10559,896.5285,12.076421,228.11594,79.962006
2022-08-05 05:00:00,24.953186,20.303467,896.3326,12.371398,228.9465,75.410805
2022-08-05 06:00:00,25.370209,20.33548,895.875,12.559385,230.30281,73.7067
2022-08-05 07:00:00,25.426544,20.327148,895.216,12.6908655,231.98155,73.4225
2022-08-05 08:00:00,26.106659,20.448425,894.5546,12.764574,233.79819,71.05099
2022-08-05 09:00:00,26.09961,20.428741,893.9882,12.728517,235.0802,70.99431
2022-08-05 10:00:00,25.279968,20.30188,893.4539,11.679704,240.0201,73.949745
2022-08-05 11:00:00,25.14627,20.262909,893.49194,11.337418,238.5787,74.3614
2022-08-05 12:00:00,25.053162,20.253479,893.7463,11.18538,236.71028,74.73148
2022-08-05 13:00:00,24.844666,20.329193,894.1973,11.241172,233.98383,76.02135
2022-08-05 14:00:00,24.200989,20.303192,894.7446,11.470145,231.33215,78.87962
2022-08-05 15:00:00,23.551544,20.230682,895.24243,11.693538,229.9291,81.654015
2022-08-05 16:00:00,23.387085,20.2742,895.5993,11.988862,229.50397,82.68997
2022-08-05 17:00:00,22.900513,20.091888,895.6749,12.333846,229.8094,84.2041
2022-08-05 18:00:00,22.832733,20.071564,895.5231,12.725897,230.70782,84.444336
2022-08-05 19:00:00,22.668182,20.049469,895.1736,13.045688,231.97882,85.174576
2022-08-05 20:00:00,22.26944,19.915558,894.71063,13.246112,233.67201,86.54294
2022-08-05 21:00:00,22.175537,19.88678,894.27124,13.301905,235.17307,86.884026
2022-08-05 22:00:00,21.851166,19.73111,894.11914,12.133039,239.67136,87.76832
2022-08-05 23:00:00,21.816406,19.762817,894.10126,12.087454,239.25945,88.12794
2022-08-06 00:00:00,22.067902,19.846039,894.3345,12.026356,238.37856,87.23511
2022-08-06 01:00:00,22.121094,19.84909,894.68634,11.995217,236.84665,86.969246
2022-08-06 02:00:00,23.063477,20.181946,895.0372,12.250836,235.22818,83.84327
2022-08-06 03:00:00,23.28836,20.097107,895.31213,12.595754,234.73503,82.27853
2022-08-06 04:00:00,23.522339,20.107788,895.37524,12.765582,235.02121,81.1787
2022-08-06 05:00:00,24.746063,20.396912,895.2366,12.824496,235.4515,76.790695
2022-08-06 06:00:00,25.208435,20.395172,894.8231,12.854785,236.3741,74.694275
2022-08-06 07:00:00,25.333527,20.415405,894.2872,12.876384,237.1238,74.23304
2022-08-06 08:00:00,25.871368,20.543274,893.65906,12.877971,237.95963,72.47005
2022-08-06 09:00:00,25.98172,20.520905,893.0405,12.771083,238.5972,71.8988
2022-08-06 10:00:00,25.264435,20.444702,892.38135,11.787055,243.55269,74.67367
2022-08-06 11:00:00,25.177979,20.427094,892.3106,11.479332,241.71313,74.9774
2022-08-06 12:00:00,25.069641,20.400787,892.534,11.284807,239.64404,75.34041
2022-08-06 13:00:00,24.903961,20.411652,892.9766,11.348146,236.84924,76.13944
2022-08-06 14:00:00,24.118866,20.372131,893.5274,11.552106,234.28772,79.60744
2022-08-06 15:00:00,23.425507,20.253296,894.10724,11.741086,232.58022,82.39205
2022-08-06 16:00:00,23.321869,20.271759,894.50507,11.973791,231.49104,83.00363
2022-08-06 17:00:00,22.796204,20.078064,894.6144,12.176324,230.97882,84.66554
2022-08-06 18:00:00,22.64035,20.035065,894.4253,12.486436,231.23299,85.242516
2022-08-06 19:00:00,22.55484,20.040924,894.00275,12.712475,232.0734,85.717224
2022-08-06 20:00:00,22.19461,19.868073,893.53564,12.887953,232.92357,86.682625
2022-08-06 21:00:00,22.164001,19.895813,893.17865,12.932834,233.84052,86.99375
2022-08-06 22:00:00,21.904083,19.702667,892.93225,12.466307,237.33276,87.33105
2022-08-06 23:00:00,21.872162,19.696167,893.03467,12.411238,237.11868,87.46609
2022-08-07 00:00:00,22.023407,19.746246,893.3352,12.32476,235.97046,86.93246
2022-08-07 01:00:00,22.086914,19.716187,893.8758,12.237692,234.09604,86.43526
2022-08-07 02:00:00,23.21051,20.020203,894.3308,12.4356575,231.66852,82.27389
2022-08-07 03:00:00,23.53357,19.948364,894.6548,12.91956,230.24709,80.32717
2022-08-07 04:00:00,23.78357,19.906769,894.74097,13.281728,229.65866,78.923225
2022-08-07 05:00:00,25.146088,20.181183,894.65576,13.496904,229.53851,73.98756
2022-08-07 06:00:00,25.562286,20.20288,894.31396,13.614383,230.0036,72.27578
2022-08-07 07:00:00,25.664429,20.219421,893.8214,13.659751,231.00272,71.91243
2022-08-07 08:00:00,26.199799,20.409943,893.24133,13.642686,231.8587,70.49328
2022-08-07 09:00:00,26.200836,20.431915,892.7605,13.617626,232.77841,70.58461
2022-08-07 10:00:00,25.34018,20.22464,892.2315,13.34937,235.57516,73.33456
2022-08-07 11:00:00,25.207825,20.215393,892.12,13.108493,235.07773,73.872116
2022-08-07 12:00:00,25.054352,20.28003,892.34705,12.913833,234.44527,74.8489
2022-08-07 13:00:00,24.876404,20.237457,892.8317,12.788568,232.96654,75.44868
2022-08-07 14:00:00,24.254272,20.31311,893.50305,12.743591,231.16933,78.67617
2022-08-07 15:00:00,23.484467,20.185822,894.1069,12.815648,230.11237,81.757866
2022-08-07 16:00:00,23.375488,20.207977,894.58704,12.958631,229.6002,82.40992
2022-08-07 17:00:00,22.89853,20.113861,894.6702,13.154046,229.6829,84.3288
2022-08-07 18:00:00,22.74823,20.106415,894.4755,13.366384,230.44847,85.06118
2022-08-07 19:00:00,22.633057,20.073395,894.0533,13.566616,231.32764,85.482765
2022-08-07 20:00:00,22.19342,19.894379,893.6433,13.648256,232.24419,86.83032
2022-08-07 21:00:00,22.072845,19.832977,893.3209,13.637564,233.07994,87.138245
2022-08-07 22:00:00,21.71402,19.604095,893.11365,13.256374,233.71289,87.811646
2022-08-07 23:00:00,21.693909,19.633453,893.1072,13.202093,233.79193,88.08004
2022-08-08 00:00:00,21.957794,19.707275,893.4353,13.200581,233.53847,87.07024
2022-08-08 01:00:00,22.055359,19.724426,894.005,13.041021,232.48363,86.64593
2022-08-08 02:00:00,23.258972,20.117218,894.4934,13.131735,230.12794,82.527275
2022-08-08 03:00:00,23.49414,20.010773,894.79346,13.531777,228.47856,80.83009
2022-08-08 04:00:00,23.740326,20.008118,894.8376,13.838347,227.65512,79.627106
2022-08-08 05:00:00,25.070587,20.227509,894.7489,13.953604,227.4391,74.5342
2022-08-08 06:00:00,25.572693,20.24118,894.35547,13.990556,227.82071,72.40228
2022-08-08 07:00:00,25.701355,20.245972,893.8306,14.000188,228.64496,71.87292
2022-08-08 08:00:00,26.226837,20.317352,893.1722,13.92063,229.65924,69.97955
2022-08-08 09:00:00,26.232452,20.331055,892.68976,13.746649,230.59235,70.01557
2022-08-08 10:00:00,25.582062,20.27826,892.2249,13.2006235,230.52718,72.52804
2022-08-08 11:00:00,25.509216,20.260529,892.0536,12.990334,230.06094,72.762665
2022-08-08 12:00:00,25.37378,20.229218,892.2901,12.935592,229.92595,73.208855
2022-08-08 13:00:00,25.168762,20.267365,892.72516,13.008778,228.91771,74.28231
2022-08-08 14:00:00,24.41214,20.310455,893.38806,13.029128,227.63232,77.92267
2022-08-08 15:00:00,23.626923,20.199524,894.02155,13.043992,226.63434,81.127625
2022-08-08 16:00:00,23.507782,20.191559,894.4493,13.132046,225.97932,81.671974
2022-08-08 17:00:00,23.093628,20.113678,894.63477,13.195883,225.72995,83.337906
2022-08-08 18:00:00,22.943817,20.069,894.53906,13.321013,225.99011,83.86473
2022-08-08 19:00:00,22.783966,20.022736,894.2567,13.375176,226.5693,84.43875
2022-08-08 20:00:00,22.338135,19.829987,893.8939,13.374598,227.20576,85.72618
2022-08-08 21:00:00,22.306,19.83258,893.6379,13.351639,227.86073,85.90776
2022-08-08 22:00:00,21.907654,19.617249,893.6089,12.405666,226.60782,86.85031
2022-08-08 23:00:00,21.831818,19.587982,893.6333,12.56113,226.22595,87.09486
2022-08-09 00:00:00,22.055634,19.642761,893.8441,12.672707,226.21918,86.20648
2022-08-09 01:00:00,22.163147,19.668365,894.2656,12.6545515,225.83109,85.77981
2022-08-09 02:00:00,23.38504,20.041534,894.6992,12.655727,224.39493,81.5189
2022-08-09 03:00:00,23.651093,19.975525,895.0273,12.916335,222.50117,79.89468
2022-08-09 04:00:00,23.905365,19.910095,895.1093,13.286942,221.95546,78.36341
2022-08-09 05:00:00,25.173584,20.098816,894.9671,13.506847,222.56694,73.49118
2022-08-09 06:00:00,25.655304,20.145172,894.5717,13.553318,223.98082,71.62185
2022-08-09 07:00:00,25.754211,20.128448,893.96545,13.497764,225.7279,71.12932
2022-08-09 08:00:00,26.283234,20.216034,893.31555,13.347571,227.57327,69.31156
2022-08-09 09:00:00,26.327484,20.18451,892.7427,13.168387,229.12563,68.99614
2022-08-09 10:00:00,25.7901,20.1026,892.2809,11.85311,232.11206,70.86475
2022-08-09 11:00:00,25.67154,20.075073,892.15784,11.685478,231.20135,71.24331
2022-08-09 12:00:00,25.536469,20.130676,892.33417,11.537091,230.05193,72.0642
2022-08-09 13:00:00,25.29895,20.190338,892.79584,11.677621,228.03221,73.3589
2022-08-09 14:00:00,24.515656,20.133026,893.35706,11.7615595,226.08202,76.59671
2022-08-09 15:00:00,23.854034,20.101501,893.90576,11.800155,224.6496,79.5426
2022-08-09 16:00:00,23.696991,20.131866,894.2275,11.906634,223.69125,80.44876
2022-08-09 17:00:00,23.19284,19.983368,894.3229,12.088828,223.25044,82.17418
2022-08-09 18:00:00,23.036377,19.918732,894.1179,12.354237,223.83481,82.62391
2022-08-09 19:00:00,22.87503,19.90805,893.74,12.591588,224.71115,83.37979
2022-08-09 20:00:00,22.396606,19.753723,893.25275,12.751728,225.79164,85.01892
2022-08-09 21:00:00,22.348816,19.757172,892.96674,12.823836,226.60326,85.28457
2022-08-09 22:00:00,22.069366,19.50293,892.813,11.803712,227.17648,85.38949
2022-08-09 23:00:00,22.016296,19.473877,892.8767,11.894493,226.55211,85.51163
2022-08-10 00:00:00,22.208618,19.57132,893.08057,12.010732,226.51785,85.02873
2022-08-10 01:00:00,22.354492,19.621552,893.47485,12.121254,226.07327,84.54063
2022-08-10 02:00:00,23.379791,19.947784,893.85046,12.197939,224.99702,81.07279
2022-08-10 03:00:00,23.727478,19.84607,894.16016,12.365237,223.31102,78.89278
2022-08-10 04:00:00,24.102234,19.848328,894.33514,12.807966,222.61166,77.14632
2022-08-10 05:00:00,25.29895,19.952026,894.25726,13.102107,223.2403,72.2851
2022-08-10 06:00:00,25.761932,19.98349,893.9557,13.208632,224.57442,70.46185
2022-08-10 07:00:00,25.8497,20.01471,893.4771,13.122686,225.9695,70.2319
2022-08-10 08:00:00,26.411377,20.183136,892.96936,12.933756,227.73978,68.64952
2022-08-10 09:00:00,26.431702,20.160645,892.49994,12.623713,229.167,68.47198
2022-08-10 10:00:00,25.858276,20.029572,892.1387,11.264451,234.25879,70.26081
2022-08-10 11:00:00,25.767914,20.048004,892.02515,11.011808,232.49911,70.71871
2022-08-10 12:00:00,25.613495,20.074677,892.1678,10.876393,230.5323,71.48734
2022-08-10 13:00:00,25.352234,20.233124,892.56226,10.858596,228.19434,73.32042
2022-08-10 14:00:00,24.599274,20.225128,893.1426,10.794708,225.21437,76.649765
2022-08-10 15:00:00,23.963043,20.118439,893.77893,10.73887,222.68727,79.10593
2022-08-10 16:00:00,23.825378,20.101196,894.29333,10.783787,220.70485,79.67828
2022-08-10 17:00:00,23.355988,20.001587,894.47266,10.933018,219.73375,81.46028
2022-08-10 18:00:00,23.205597,19.979828,894.3018,11.15638,219.75427,82.09285
2022-08-10 19:00:00,23.051605,19.958618,894.00116,11.390642,220.31049,82.75203
2022-08-10 20:00:00,22.576904,19.860199,893.622,11.54687,221.12894,84.64965
2022-08-10 21:00:00,22.420807,19.796204,893.392,11.626213,221.92941,85.11788
2022-08-10 22:00:00,22.234497,19.639343,893.48,10.799434,223.72997,85.25426
2022-08-10 23:00:00,22.168854,19.638306,893.4969,11.001671,223.19269,85.59016
2022-08-11 00:00:00,22.25003,19.606232,893.7812,11.135755,222.64366,84.99876
2022-08-11 01:00:00,22.46936,19.678986,894.2112,11.25268,221.57132,84.25219
2022-08-11 02:00:00,23.523163,19.957184,894.6887,11.408897,219.49312,80.42151
2022-08-11 03:00:00,23.775238,19.83136,895.0926,11.765296,217.53085,78.59466
2022-08-11 04:00:00,24.018646,19.742218,895.3694,12.255067,217.11133,77.02602
2022-08-11 05:00:00,25.319275,19.95462,895.4012,12.592487,217.7537,72.20934
2022-08-11 06:00:00,25.676056,19.916779,895.1824,12.612732,218.63588,70.529594
2022-08-11 07:00:00,25.776642,19.930908,894.80023,12.559107,220.06259,70.171555
2022-08-11 08:00:00,26.26709,19.965973,894.2662,12.4395,221.38019,68.312614
2022-08-11 09:00:00,26.239624,19.90332,893.79865,12.307461,222.44928,68.158516
2022-08-11 10:00:00,25.541504,19.919342,893.43835,11.64835,224.56645,71.10636
2022-08-11 11:00:00,25.40268,19.938019,893.3706,11.262017,224.3352,71.77828
2022-08-11 12:00:00,25.283997,19.956543,893.60974,10.928636,223.93407,72.369675
2022-08-11 13:00:00,25.025146,19.953308,894.12994,10.877497,223.75223,73.4792
2022-08-11 14:00:00,24.352905,19.942932,894.7438,10.872547,223.19055,76.442085
2022-08-11 15:00:00,23.714966,19.896088,895.31976,10.883858,222.4155,79.19731
2022-08-11 16:00:00,23.561768,19.908478,895.74866,10.925831,221.2051,79.99288
2022-08-11 17:00:00,23.143555,19.852936,895.9077,11.066049,220.48546,81.75606
2022-08-11 18:00:00,22.997498,19.84256,895.7658,11.3100395,220.78246,82.42855
2022-08-11 19:00:00,22.838104,19.846832,895.4548,11.624404,221.94135,83.250114
2022-08-11 20:00:00,22.391693,19.67871,895.1118,11.850612,223.12053,84.649445
2022-08-11 21:00:00,22.322327,19.680084,894.82544,11.936561,224.45857,85.01452
2022-08-11 22:00:00,22.006104,19.44162,894.8245,11.271736,228.38326,85.393364
2022-08-11 23:00:00,21.946686,19.419739,894.7751,11.501383,227.991,85.58688
2022-08-12 00:00:00,22.130615,19.504028,895.0408,11.744469,228.05066,85.077194
2022-08-12 01:00:00,22.249786,19.509583,895.40466,11.910852,227.80544,84.49123
2022-08-12 02:00:00,23.414368,19.834564,895.8409,12.150774,226.99701,80.33822
2022-08-12 03:00:00,23.709808,19.767578,896.11993,12.683345,226.59901,78.59332
2022-08-12 04:00:00,23.951263,19.691467,896.2887,13.238164,227.41296,77.09532
2022-08-12 05:00:00,25.20987,19.843292,896.22064,13.471281,228.28934,72.18138
2022-08-12 06:00:00,25.683167,19.825256,895.92456,13.457712,229.33733,70.10113
2022-08-12 07:00:00,25.800842,19.822327,895.39435,13.41633,230.31557,69.60107
2022-08-12 08:00:00,26.226166,19.90091,894.78314,13.279002,231.28935,68.20255
2022-08-12 09:00:00,26.196716,19.890839,894.2653,13.042645,232.13033,68.2787
2022-08-12 10:00:00,25.684326,19.806488,893.9186,12.5316,233.12192,70.01478
2022-08-12 11:00:00,25.616577,19.835602,893.79236,12.139314,233.018,70.42378
2022-08-12 12:00:00,25.488708,19.899231,893.9632,11.653899,232.68906,71.240875
2022-08-12 13:00:00,25.28064,20.029144,894.416,11.430863,232.1199,72.71021
2022-08-12 14:00:00,24.529205,20.137543,894.9375,11.328709,231.56987,76.55603
2022-08-12 15:00:00,23.781158,20.009186,895.5341,11.29047,230.64085,79.43694
2022-08-12 16:00:00,23.670929,20.045685,895.9934,11.295099,229.55658,80.146614
2022-08-12 17:00:00,23.082611,19.956818,896.25,11.474543,228.56789,82.58775
2022-08-12 18:00:00,22.97644,19.983337,896.17303,11.686369,228.93745,83.25664
2022-08-12 19:00:00,22.8779,19.974731,895.95984,11.923459,229.80978,83.71033
2022-08-12 20:00:00,22.436127,19.815918,895.57935,11.999047,230.83917,85.14267
2022-08-12 21:00:00,22.255707,19.717468,895.2531,11.980526,232.09366,85.55811
2022-08-12 22:00:00,21.89029,19.563965,894.88635,11.211486,233.67734,86.65518
2022-08-12 23:00:00,21.869965,19.568207,894.781,11.221548,233.4645,86.7856
2022-08-13 00:00:00,22.085693,19.661713,894.92664,11.160124,232.582,86.14995
2022-08-13 01:00:00,22.172821,19.651154,895.24493,11.042314,231.10172,85.63777
2022-08-13 02:00:00,23.18991,19.917694,895.6202,11.135708,229.35919,81.85512
2022-08-13 03:00:00,23.450958,19.863464,895.8845,11.584398,229.2177,80.30481
2022-08-13 04:00:00,23.73053,19.819794,896.0256,11.9446335,229.77441,78.7499
2022-08-13 05:00:00,24.934021,19.96347,896.03076,12.016812,230.0362,73.92606
2022-08-13 06:00:00,25.313416,20.003235,895.88617,12.081812,230.48459,72.45229
2022-08-13 07:00:00,25.516235,20.12555,895.5377,12.048624,231.50671,72.127975
2022-08-13 08:00:00,26.070984,20.30658,895.03235,11.885792,232.59424,70.580284
2022-08-13 09:00:00,26.090485,20.329132,894.50055,11.633017,233.55103,70.5972
2022-08-13 10:00:00,25.4693,20.212616,894.12036,11.029312,234.6702,72.71977
2022-08-13 11:00:00,25.333435,20.158508,894.0066,10.79461,233.81537,73.06465
2022-08-13 12:00:00,25.106476,20.164093,894.19055,10.521817,231.9498,74.08401
2022-08-13 13:00:00,24.894928,20.276459,894.611,10.329253,230.05673,75.547195
2022-08-13 14:00:00,24.224396,20.291107,895.2224,10.200127,228.41139,78.710205
2022-08-13 15:00:00,23.431824,20.173126,895.87415,10.113819,227.12527,81.953514
2022-08-13 16:00:00,23.364532,20.200287,896.3536,10.083122,225.83951,82.425255
2022-08-13 17:00:00,22.92923,20.135956,896.63226,10.142175,224.9831,84.28725
2022-08-13 18:00:00,22.832489,20.127197,896.58276,10.290144,224.91449,84.73673
2022-08-13 19:00:00,22.730316,20.074371,896.2933,10.436101,225.5548,84.98501
2022-08-13 20:00:00,22.271027,19.896912,895.8756,10.4934025,226.49142,86.434685
2022-08-13 21:00:00,22.173645,19.856232,895.57446,10.4939785,227.39526,86.72969
2022-08-13 22:00:00,21.832703,19.656494,895.3707,9.608668,228.22185,87.4614
2022-08-13 23:00:00,21.83722,19.650177,895.4843,9.493303,226.8498,87.403
2022-08-14 00:00:00,21.986359,19.695679,895.8553,9.407435,225.42783,86.85615
2022-08-14 01:00:00,22.015564,19.645844,896.3441,9.295375,223.24487,86.43382
2022-08-14 02:00:00,22.756195,19.83783,896.87335,9.373908,221.15129,83.61782
2022-08-14 03:00:00,23.038483,19.834747,897.32526,9.714702,220.04358,82.18456
2022-08-14 04:00:00,23.289124,19.834412,897.6499,9.92561,219.6961,80.94712
2022-08-14 05:00:00,24.385193,20.101349,897.6916,9.994611,219.26862,77.04619
2022-08-14 06:00:00,24.792847,20.204956,897.5275,10.055973,219.42676,75.67381
2022-08-14 07:00:00,24.896729,20.27063,897.08344,10.062591,220.57416,75.51186
2022-08-14 08:00:00,25.272186,20.371033,896.6039,9.967429,221.77832,74.30064
2022-08-14 09:00:00,25.263885,20.27716,896.0938,9.744746,222.65134,73.90763
2022-08-14 10:00:00,24.754333,20.282532,895.6665,9.1818,225.60521,76.21254
2022-08-14 11:00:00,24.646729,20.213501,895.6186,8.946609,225.91528,76.37766
2022-08-14 12:00:00,24.297302,20.073608,895.87854,8.596237,225.68997,77.32018
2022-08-14 13:00:00,24.105774,20.149231,896.3036,8.320516,224.73341,78.58025
2022-08-14 14:00:00,23.547455,20.109161,896.8377,8.089845,224.18782,81.06278
2022-08-14 15:00:00,22.908539,19.95639,897.32556,7.9893527,222.82999,83.46025
2022-08-14 16:00:00,22.809296,19.963593,897.7704,7.955398,221.27075,84.00104
2022-08-14 17:00:00,22.459747,19.85318,897.9085,7.9430428,220.03914,85.21712
2022-08-14 18:00:00,22.293823,19.825348,897.8208,8.0605955,219.576,85.93285
2022-08-14 19:00:00,22.196411,19.82196,897.47284,8.189572,219.6765,86.425766
2022-08-14 20:00:00,21.895203,19.68222,897.0986,8.309952,219.87569,87.267586
2022-08-14 21:00:00,21.826202,19.65741,896.8308,8.298456,219.88489,87.50111
2022-08-14 22:00:00,21.653778,19.544159,896.65796,7.7863555,223.93665,87.80809
2022-08-14 23:00:00,21.58142,19.496918,896.7447,7.680216,222.698,87.93897
2022-08-15 00:00:00,21.695068,19.543518,897.0743,7.597389,221.29483,87.583244
2022-08-15 01:00:00,21.769318,19.512817,897.53815,7.535986,219.34752,87.020645
2022-08-15 02:00:00,22.721802,19.784363,897.99915,7.6980376,217.3634,83.51508
2022-08-15 03:00:00,22.932678,19.704224,898.38306,7.9577165,216.5202,82.04572
2022-08-15 04:00:00,23.154846,19.657227,898.59174,8.05122,216.51437,80.71452
2022-08-15 05:00:00,24.436462,19.9953,898.6166,8.092062,216.6846,76.307556
2022-08-15 06:00:00,24.748901,20.0719,898.4408,8.170248,217.63805,75.25089
2022-08-15 07:00:00,24.880524,20.090698,898.0821,8.28711,218.969,74.74878
2022-08-15 08:00:00,25.297607,20.182892,897.61597,8.377165,220.5162,73.33099
2022-08-15 09:00:00,25.322113,20.174377,897.035,8.434438,221.99385,73.18566
2022-08-15 10:00:00,24.657806,20.050903,896.68396,8.348411,224.75609,75.5634
2022-08-15 11:00:00,24.515686,19.99942,896.55756,8.066181,226.3448,75.96592
2022-08-15 12:00:00,24.359772,20.027039,896.81256,7.759755,226.54654,76.80963
2022-08-15 13:00:00,24.125427,20.12381,897.1294,7.487257,225.63927,78.36431
2022-08-15 14:00:00,23.521698,20.076324,897.57245,7.361369,224.50865,81.02397
2022-08-15 15:00:00,22.91153,19.953308,898.0712,7.3461704,223.474,83.42922
2022-08-15 16:00:00,22.840027,19.98114,898.4778,7.388526,222.69254,83.935905
2022-08-15 17:00:00,22.436249,19.83142,898.6321,7.511118,222.75114,85.22392
2022-08-15 18:00:00,22.303833,19.773163,898.4446,7.621748,223.569,85.60311
2022-08-15 19:00:00,22.252106,19.807343,898.0891,7.7642937,225.54887,86.05521
2022-08-15 20:00:00,21.82013,19.598969,897.655,7.787251,227.46951,87.21651
2022-08-15 21:00:00,21.665588,19.522766,897.3332,7.7570977,229.54767,87.62816
2022-08-15 22:00:00,21.57721,19.490356,897.0327,7.1378922,235.41098,87.92578
2022-08-15 23:00:00,21.543335,19.470306,897.0391,7.2725525,235.98715,87.99845
2022-08-16 00:00:00,21.755707,19.557068,897.2941,7.2354245,236.20789,87.332825
2022-08-16 01:00:00,21.901367,19.5448,897.73724,7.274688,235.59955,86.49359
2022-08-16 02:00:00,23.018005,19.8992,898.12036,7.6222215,234.37015,82.615776
2022-08-16 03:00:00,23.33603,19.84085,898.38495,8.30439,234.6155,80.75042
2022-08-16 04:00:00,23.560394,19.758942,898.4609,8.80022,235.0379,79.261375
2022-08-16 05:00:00,24.830566,20.031342,898.31995,9.137895,235.10173,74.69708
2022-08-16 06:00:00,25.280304,20.1008,897.9041,9.44863,235.39716,73.03479
2022-08-16 07:00:00,25.386353,20.115662,897.32587,9.736848,236.10977,72.64236
2022-08-16 08:00:00,25.868652,20.2276,896.68335,9.886097,236.9136,71.082954
2022-08-16 09:00:00,25.85617,20.210083,896.02783,9.885447,237.96779,71.058586
2022-08-16 10:00:00,25.081573,20.17807,895.6781,9.297106,242.51659,74.25814
2022-08-16 11:00:00,24.932465,20.115509,895.49097,8.962922,241.94244,74.63192
2022-08-16 12:00:00,24.809021,20.155365,895.7123,8.427625,239.99715,75.36932
2022-08-16 13:00:00,24.554474,20.281738,896.11975,8.130998,237.15717,77.12474
2022-08-16 14:00:00,23.831635,20.202759,896.78156,8.140751,234.53818,80.15013
2022-08-16 15:00:00,23.220184,20.06836,897.3593,8.328423,232.07985,82.471245
2022-08-16 16:00:00,23.130585,20.138062,897.8167,8.623825,230.62659,83.27741
2022-08-16 17:00:00,22.698761,20.04309,897.96606,9.037298,229.92787,84.983154
2022-08-16 18:00:00,22.602753,19.979584,897.8942,9.485227,230.24062,85.144325
2022-08-16 19:00:00,22.464264,19.926208,897.65857,9.899834,231.35028,85.58013
2022-08-16 20:00:00,22.028534,19.716705,897.286,10.220626,232.50644,86.74618
2022-08-16 21:00:00,21.883179,19.632751,896.9634,10.393783,234.05106,87.06391
2022-08-16 22:00:00,21.586151,19.460815,896.8192,9.762777,235.50443,87.716515
2022-08-16 23:00:00,21.569153,19.441772,896.86255,9.905739,236.02286,87.70388
2022-08-17 00:00:00,21.770142,19.465332,897.09454,10.017694,236.42839,86.75984
2022-08-17 01:00:00,21.868011,19.453278,897.48615,10.31519,237.2024,86.178276
2022-08-17 02:00:00,23.04779,19.82312,897.92755,10.767557,238.53157,82.07911
2022-08-17 03:00:00,23.389282,19.694824,898.19666,11.640388,240.08041,79.7656
2022-08-17 04:00:00,23.616669,19.611115,898.2006,12.266865,242.0235,78.271706
2022-08-17 05:00:00,24.901917,19.839966,897.9839,12.538594,243.2298,73.5032
2022-08-17 06:00:00,25.36673,19.855011,897.5071,12.629403,244.09326,71.56286
2022-08-17 07:00:00,25.49527,19.89331,896.8883,12.723268,244.79019,71.18701
2022-08-17 08:00:00,26.040985,20.056671,896.2353,12.718727,245.8576,69.621605
2022-08-17 09:00:00,26.0289,20.037445,895.68634,12.596503,247.02502,69.58855
2022-08-17 10:00:00,25.280151,20.025513,895.17694,12.529701,252.03175,72.69599
2022-08-17 11:00:00,25.207886,19.982666,895.20374,12.027564,251.58585,72.81591
2022-08-17 12:00:00,25.060516,19.964203,895.3457,11.191501,249.401,73.373955
2022-08-17 13:00:00,24.881897,20.152832,895.7212,10.624772,246.9772,75.03044
2022-08-17 14:00:00,24.123566,20.158295,896.2378,10.37665,244.73605,78.540405
2022-08-17 15:00:00,23.323792,19.939178,896.80975,10.280541,242.93794,81.30392
2022-08-17 16:00:00,23.212616,19.984497,897.2205,10.348466,241.28717,82.08178
2022-08-17 17:00:00,22.802826,19.884003,897.2685,10.518873,240.33163,83.6207
2022-08-17 18:00:00,22.669983,19.890015,897.0549,10.76968,240.63605,84.328476
2022-08-17 19:00:00,22.563843,19.885162,896.62164,11.002109,241.14194,84.84795
2022-08-17 20:00:00,22.128784,19.686096,896.1807,11.14838,241.71649,86.05419
2022-08-17 21:00:00,21.931793,19.585815,895.83704,11.240594,242.58965,86.55339
2022-08-17 22:00:00,21.691711,19.39627,895.7728,10.622951,242.86734,86.80307
2022-08-17 23:00:00,21.656311,19.39447,895.8622,10.768287,242.7677,86.98138
2022-08-18 00:00:00,21.890564,19.497467,896.09155,10.856414,243.11368,86.296425
2022-08-18 01:00:00,21.963867,19.520172,896.5109,11.048216,243.57745,86.03264
2022-08-18 02:00:00,22.942963,19.756042,896.9193,11.33116,244.26051,82.25868
2022-08-18 03:00:00,23.357574,19.862823,897.24084,12.113672,245.8808,80.75537
2022-08-18 04:00:00,23.59491,19.80603,897.387,12.439439,247.20811,79.328
2022-08-18 05:00:00,24.885284,20.065247,897.2725,12.501763,248.01523,74.60994
2022-08-18 06:00:00,25.455292,20.024445,896.95416,12.586501,248.52359,71.93815
2022-08-18 07:00:00,25.53302,20.040436,896.42883,12.682627,249.03433,71.67765
2022-08-18 08:00:00,25.907715,20.173157,895.8183,12.715136,249.62662,70.68043
2022-08-18 09:00:00,25.980164,20.15094,895.2556,12.540178,250.59787,70.28129
2022-08-18 10:00:00,25.468597,20.060547,894.81665,11.45932,252.68147,72.04209
2022-08-18 11:00:00,25.313782,19.99347,894.8005,11.052033,251.41016,72.40692
2022-08-18 12:00:00,25.134644,19.998718,895.05786,10.455757,247.93999,73.20689
2022-08-18 13:00:00,24.91272,20.1745,895.44745,10.119306,243.33307,74.99298
2022-08-18 14:00:00,24.21753,20.134796,896.0441,10.139894,239.47064,77.98549
2022-08-18 15:00:00,23.394257,19.99237,896.5828,10.302826,236.738,81.226006
2022-08-18 16:00:00,23.298828,20.039215,897.00916,10.54118,234.8422,81.93247
2022-08-18 17:00:00,22.822662,19.940735,897.12415,10.808187,233.82338,83.8143
2022-08-18 18:00:00,22.64328,19.929016,896.9104,11.115951,233.62125,84.66956
2022-08-18 19:00:00,22.5307,19.923859,896.4991,11.398102,233.77449,85.22299
2022-08-18 20:00:00,22.099518,19.723297,896.02203,11.582614,234.2092,86.407005
2022-08-18 21:00:00,21.944489,19.598663,895.757,11.707665,234.8823,86.55541
2022-08-18 22:00:00,21.682556,19.466675,895.57935,11.196909,237.2557,87.23269
2022-08-18 23:00:00,21.631897,19.45642,895.6742,11.189717,237.3443,87.44753
2022-08-19 00:00:00,21.816925,19.525146,895.95404,11.165377,237.18434,86.834496
2022-08-19 01:00:00,21.92337,19.560028,896.4221,11.112998,237.15874,86.459274
2022-08-19 02:00:00,22.992767,19.88556,896.87537,11.288294,237.11873,82.6722
2022-08-19 03:00:00,23.268066,19.858978,897.2029,11.764338,239.0751,81.17363
2022-08-19 04:00:00,23.512573,19.838715,897.3668,11.856994,240.57895,79.88432
2022-08-19 05:00:00,24.766144,20.085754,897.3242,11.88838,241.58716,75.237915
2022-08-19 06:00:00,25.293335,20.098145,897.0324,11.988162,242.69006,72.96621
2022-08-19 07:00:00,25.417053,20.072662,896.4723,12.159178,243.93265,72.31726
2022-08-19 08:00:00,26.000092,20.134033,895.8764,12.163559,245.43356,70.12511
2022-08-19 09:00:00,25.987091,20.112366,895.37775,12.030972,246.99806,70.08509
2022-08-19 10:00:00,25.248413,19.96637,895.128,10.955744,250.69067,72.56719
2022-08-19 11:00:00,25.160614,19.922516,895.07495,10.583379,248.51987,72.74964
2022-08-19 12:00:00,24.976715,19.987793,895.2424,10.22567,245.44202,73.84923
2022-08-19 13:00:00,24.779999,20.212463,895.6069,9.851638,241.59775,75.76707
2022-08-19 14:00:00,24.085815,20.159271,896.27783,9.815273,238.47409,78.72331
2022-08-19 15:00:00,23.37555,20.000854,896.95917,9.853118,235.6325,81.36047
2022-08-19 16:00:00,23.215393,20.014648,897.4158,10.03812,233.02362,82.221344
2022-08-19 17:00:00,22.722198,19.871307,897.51166,10.260575,231.22913,83.96439
2022-08-19 18:00:00,22.58432,19.857758,897.30304,10.557976,230.56273,84.59876
2022-08-19 19:00:00,22.483154,19.862854,896.8674,10.782635,230.47612,85.14705
2022-08-19 20:00:00,22.130615,19.761444,896.4512,11.009204,230.97374,86.44775
2022-08-19 21:00:00,21.916138,19.554688,896.1831,11.168755,231.59319,86.46876
2022-08-19 22:00:00,21.69458,19.477478,896.09595,10.619179,236.43,87.227165
2022-08-19 23:00:00,21.66513,19.462921,896.19275,10.645628,235.55005,87.3053
2022-08-20 00:00:00,21.800537,19.521515,896.4998,10.668889,234.79446,86.90182
2022-08-20 01:00:00,21.863953,19.518799,896.92,10.836081,233.78726,86.55138
2022-08-20 02:00:00,22.902008,19.830597,897.34924,11.314481,233.13428,82.84503
2022-08-20 03:00:00,23.141052,19.806305,897.6331,12.030877,234.34613,81.532394
2022-08-20 04:00:00,23.417816,19.808105,897.72687,12.359725,235.44562,80.18988
2022-08-20 05:00:00,24.63034,20.057037,897.6509,12.475438,236.42485,75.71631
2022-08-20 06:00:00,24.967072,20.052887,897.28534,12.547161,237.52861,74.19003
2022-08-20 07:00:00,25.078308,20.045898,896.711,12.663831,238.79608,73.66783
2022-08-20 08:00:00,25.40628,20.131866,895.9893,12.71337,240.1397,72.62912
2022-08-20 09:00:00,25.53714,20.111908,895.3205,12.699677,241.1362,71.977715
2022-08-20 10:00:00,24.867645,20.023132,894.7908,12.028721,243.386,74.49411
2022-08-20 11:00:00,24.766724,20.024628,894.56195,11.681324,243.15851,74.95124
2022-08-20 12:00:00,24.610565,20.0448,894.6409,11.1868305,242.41367,75.74852
2022-08-20 13:00:00,24.434906,20.130157,895.00214,10.677751,240.24033,76.95418
2022-08-20 14:00:00,23.810242,20.177673,895.5606,10.465643,238.53082,80.12896
2022-08-20 15:00:00,23.086731,19.93454,896.09326,10.409498,236.77512,82.45331
2022-08-20 16:00:00,22.971771,19.93637,896.4665,10.480176,235.9622,83.03829
2022-08-20 17:00:00,22.584015,19.844116,896.538,10.6285515,235.67969,84.52884
2022-08-20 18:00:00,22.448853,19.822235,896.3723,10.872903,236.25827,85.11015
2022-08-20 19:00:00,22.350098,19.847137,895.99774,11.134154,237.39734,85.75495
2022-08-20 20:00:00,22.034729,19.690887,895.6527,11.355648,238.8451,86.574585
2022-08-20 21:00:00,21.90567,19.625854,895.42065,11.494926,240.25499,86.90728
2022-08-20 22:00:00,21.495056,19.379517,895.41626,10.432019,243.18158,87.76199
2022-08-20 23:00:00,21.470245,19.37677,895.5246,10.639446,242.893,87.880394
2022-08-21 00:00:00,21.666687,19.450073,895.7952,10.748102,242.5708,87.227295
2022-08-21 01:00:00,21.731445,19.438934,896.2352,10.8597145,241.87231,86.82256
2022-08-21 02:00:00,22.799744,19.768646,896.7114,11.265786,241.01585,83.040344
2022-08-21 03:00:00,23.036224,19.665527,897.0443,11.9268675,242.02216,81.33756
2022-08-21 04:00:00,23.232697,19.583405,897.1599,12.32094,243.05568,79.968285
2022-08-21 05:00:00,24.405975,19.810486,897.0195,12.500135,243.52301,75.576645
2022-08-21 06:00:00,24.839325,19.807678,896.60315,12.721264,243.9671,73.630775
2022-08-21 07:00:00,24.968292,19.779999,895.9359,13.012893,244.38538,72.94105
2022-08-21 08:00:00,25.467896,19.88385,895.27936,13.241276,245.21063,71.26108
2022-08-21 09:00:00,25.486664,19.909882,894.6436,13.338204,245.98166,71.29657
2022-08-21 10:00:00,24.910858,19.870636,894.13904,12.42399,249.37848,73.60378
2022-08-21 11:00:00,24.789978,19.873322,894.0371,12.213158,248.89043,74.14911
2022-08-21 12:00:00,24.65738,19.914978,894.25946,11.811277,247.27275,74.93202
2022-08-21 13:00:00,24.462555,20.038666,894.7288,11.461903,244.4839,76.39324
2022-08-21 14:00:00,23.801392,20.082062,895.33575,11.386201,242.19601,79.69893
2022-08-21 15:00:00,23.037659,19.887878,895.86975,11.469932,240.43011,82.459755
2022-08-21 16:00:00,22.912994,19.914703,896.183,11.699724,239.56674,83.222565
2022-08-21 17:00:00,22.451721,19.783264,896.17084,12.006666,239.40451,84.88995
2022-08-21 18:00:00,22.335266,19.717651,895.91406,12.365094,240.15863,85.1459
2022-08-21 19:00:00,22.280365,19.730225,895.46466,12.64255,241.46954,85.497444
2022-08-21 20:00:00,21.838318,19.507019,894.952,12.803848,243.26416,86.623505
2022-08-21 21:00:00,21.647736,19.362274,894.54346,12.870338,244.88864,86.85286
2022-08-21 22:00:00,21.34018,19.264435,894.4023,12.397339,246.79776,87.96623
2022-08-21 23:00:00,21.31726,19.247772,894.428,12.560663,247.08267,87.998505
2022-08-22 00:00:00,21.539825,19.320435,894.71625,12.600364,247.39166,87.20074
2022-08-22 01:00:00,21.61673,19.306274,895.1325,12.62967,247.09161,86.715004
2022-08-22 02:00:00,22.67035,19.640625,895.6741,12.886741,246.43582,83.03232
2022-08-22 03:00:00,22.995056,19.591888,896.11163,13.540326,246.37637,81.16848
2022-08-22 04:00:00,23.260742,19.57489,896.3346,13.986845,246.42322,79.7907
2022-08-22 05:00:00,24.496979,19.80423,896.2891,14.192877,246.32481,75.136856
2022-08-22 06:00:00,24.84433,19.770203,896.00195,14.285008,246.74216,73.43792
2022-08-22 07:00:00,24.952393,19.7836,895.53564,14.354142,247.54973,73.02656
2022-08-22 08:00:00,25.489166,19.866882,894.99786,14.187361,248.44086,71.0963
2022-08-22 09:00:00,25.517273,19.79837,894.5606,13.94245,248.93391,70.67689
2022-08-22 10:00:00,24.795044,19.755096,894.18286,12.471281,253.02225,73.585335
2022-08-22 11:00:00,24.643585,19.693085,894.17804,12.148751,251.85919,73.969124
2022-08-22 12:00:00,24.561676,19.74997,894.5274,11.543361,250.8446,74.59512
2022-08-22 13:00:00,24.363525,19.856934,895.092,11.094539,248.01846,75.9875
2022-08-22 14:00:00,23.757263,19.87381,895.7795,10.894735,244.98428,78.88696
2022-08-22 15:00:00,23.00235,19.71521,896.36884,10.876328,242.1116,81.75614
2022-08-22 16:00:00,22.88678,19.731781,896.75867,10.979208,239.9061,82.41489
2022-08-22 17:00:00,22.385132,19.635376,896.8254,11.178845,238.54669,84.45571
2022-08-22 18:00:00,22.257172,19.591827,896.5678,11.4250965,238.25784,84.88586
2022-08-22 19:00:00,22.163757,19.56839,896.09485,11.66519,238.77576,85.245804
2022-08-22 20:00:00,21.707428,19.382874,895.6811,11.790225,239.65338,86.64751
2022-08-22 21:00:00,21.61911,19.329193,895.39984,11.788817,240.58606,86.82615
2022-08-22 22:00:00,21.26294,19.16217,895.2944,11.250151,243.75494,87.82258
2022-08-22 23:00:00,21.251282,19.155823,895.4111,11.097625,243.82693,87.85064
2022-08-23 00:00:00,21.447815,19.187408,895.7717,10.898474,244.271,86.96992
2022-08-23 01:00:00,21.558716,19.213165,896.30054,10.745629,243.54655,86.52026
2022-08-23 02:00:00,22.642792,19.500824,896.85724,10.801099,242.81766,82.4522
2022-08-23 03:00:00,22.943207,19.50769,897.3021,11.188089,242.7196,80.998886
2022-08-23 04:00:00,23.183624,19.463257,897.5274,11.367786,243.21487,79.60924
2022-08-23 05:00:00,24.514404,19.698395,897.5005,11.274023,243.61694,74.5674
2022-08-23 06:00:00,24.958862,19.669159,897.1957,11.1043215,244.43765,72.481926
2022-08-23 07:00:00,25.030731,19.660614,896.7257,10.85286,244.84941,72.13376
2022-08-23 08:00:00,25.644592,19.81189,896.2344,10.585016,245.21786,70.203545
2022-08-23 09:00:00,25.640106,19.83368,895.79596,10.23401,245.46234,70.31717
2022-08-23 10:00:00,24.91504,19.861053,895.6139,10.221492,251.92944,73.54172
2022-08-23 11:00:00,24.818207,19.818695,895.6083,9.585447,251.63785,73.77402
2022-08-23 12:00:00,24.712952,19.886017,895.9659,8.926142,249.80692,74.54967
2022-08-23 13:00:00,24.482819,19.933075,896.5519,8.405964,245.8334,75.80341
2022-08-23 14:00:00,23.772339,19.990875,897.3588,8.226002,241.28079,79.38902
2022-08-23 15:00:00,23.00589,19.816498,898.1,8.172208,237.42151,82.253716
2022-08-23 16:00:00,22.854279,19.835327,898.71405,8.188771,234.1249,83.1093
2022-08-23 17:00:00,22.330353,19.65329,898.87665,8.318421,231.89587,84.831825
2022-08-23 18:00:00,22.217926,19.632355,898.74255,8.513704,231.15994,85.30329
2022-08-23 19:00:00,22.155396,19.63736,898.4201,8.714546,231.85513,85.655304
2022-08-23 20:00:00,21.760101,19.505737,898.1016,8.859482,233.29001,87.03138
2022-08-23 21:00:00,21.664093,19.386871,897.86444,8.900963,235.25491,86.898926
2022-08-23 22:00:00,21.261322,19.1604,897.87115,8.496159,237.53867,87.821625
2022-08-23 23:00:00,21.246307,19.154083,897.97595,8.266206,239.08649,87.86792
2022-08-24 00:00:00,21.446747,19.219604,898.2386,8.075678,240.02713,87.15023
2022-08-24 01:00:00,21.533905,19.217316,898.6936,7.994923,239.58961,86.674126
2022-08-24 02:00:00,22.66034,19.630188,899.1721,8.172383,237.9773,83.028946
2022-08-24 03:00:00,22.929016,19.572601,899.50775,8.7151375,237.34276,81.39607
2022-08-24 04:00:00,23.163727,19.552856,899.6394,9.1666155,239.36566,80.15006
2022-08-24 05:00:00,24.401062,19.798584,899.4856,9.381047,241.58777,75.5431
2022-08-24 06:00:00,24.836304,19.814392,899.09735,9.549464,243.78162,73.67469
2022-08-24 07:00:00,24.991943,19.862396,898.46515,9.622713,246.0859,73.21127
2022-08-24 08:00:00,25.435822,19.955109,897.7481,9.663788,248.6977,71.71289
2022-08-24 09:00:00,25.406982,19.881195,897.0656,9.656595,251.43878,71.50774
2022-08-24 10:00:00,24.762207,19.840393,896.5528,9.397053,258.40482,74.120766
2022-08-24 11:00:00,24.61914,19.786102,896.47095,8.934804,260.5114,74.505974
2022-08-24 12:00:00,24.477966,19.893494,896.59546,8.355974,261.41006,75.63973
2022-08-24 13:00:00,24.271393,19.977814,897.04346,7.824328,261.00946,76.98254
2022-08-24 14:00:00,23.54477,19.978271,897.6409,7.4304533,259.13528,80.42179
2022-08-24 15:00:00,22.693268,19.694794,898.2283,7.182712,256.65512,83.19619
2022-08-24 16:00:00,22.520233,19.732666,898.5768,7.0594497,254.43231,84.27245
2022-08-24 17:00:00,22.100952,19.6044,898.54596,7.0574403,253.18277,85.76417
2022-08-24 18:00:00,21.93808,19.554565,898.2343,7.2024837,252.9011,86.35243
2022-08-24 19:00:00,21.780762,19.52356,897.7737,7.4131584,253.35135,87.01789
2022-08-24 20:00:00,21.339996,19.293884,897.4258,7.592671,254.4552,88.12865
2022-08-24 21:00:00,21.278534,19.259521,897.18054,7.6583605,255.80081,88.27227
2022-08-24 22:00:00,21.05478,19.088654,897.0652,7.077997,263.22705,88.545044
2022-08-24 23:00:00,21.024078,19.071625,897.1062,6.995015,262.778,88.61804
2022-08-25 00:00:00,21.210815,19.123383,897.3985,6.871847,262.38586,87.891075
2022-08-25 01:00:00,21.334656,19.15741,897.8566,6.835617,261.01416,87.411385
2022-08-25 02:00:00,22.402985,19.537231,898.28186,6.939765,259.21756,83.85145
2022-08-25 03:00:00,22.755371,19.543,898.6332,7.2778344,257.28903,82.10592
2022-08-25 04:00:00,23.05603,19.468658,898.7488,7.473199,256.1779,80.25273
2022-08-25 05:00:00,24.342316,19.660248,898.6686,7.5250363,254.8562,75.1616
2022-08-25 06:00:00,24.941498,19.661163,898.351,7.665953,254.09595,72.52106
2022-08-25 07:00:00,25.071136,19.703125,897.74274,7.855242,253.98425,72.15037
2022-08-25 08:00:00,25.737701,19.800476,897.05164,8.067912,254.70703,69.76751
2022-08-25 09:00:00,25.788025,19.818756,896.3501,8.187247,255.19942,69.63853
2022-08-25 10:00:00,24.967773,19.795135,895.9238,7.805289,257.60538,73.011795
2022-08-25 11:00:00,24.798859,19.759155,895.84717,7.712385,256.43393,73.58712
2022-08-25 12:00:00,24.614258,19.854065,896.0057,7.289631,254.82077,74.84241
2022-08-25 13:00:00,24.309082,19.927124,896.3186,6.862344,252.1351,76.56807
2022-08-25 14:00:00,23.579681,19.914062,896.84,6.7753716,249.67053,79.93424
2022-08-25 15:00:00,22.95102,19.78833,897.3592,6.751929,247.69308,82.38336
2022-08-25 16:00:00,22.806488,19.80487,897.6718,6.8430753,246.18839,83.19311
2022-08-25 17:00:00,22.300995,19.657867,897.628,7.0586886,245.67584,85.00763
2022-08-25 18:00:00,22.181427,19.669495,897.3102,7.364709,246.23035,85.690384
2022-08-25 19:00:00,22.044403,19.648956,896.9564,7.669031,247.17685,86.29869
2022-08-25 20:00:00,21.605469,19.49884,896.6046,7.8990974,248.9114,87.82022
2022-08-25 21:00:00,21.533356,19.435455,896.4558,8.05451,250.80493,87.86165
2022-08-25 22:00:00,21.215393,19.204742,896.25134,8.176181,252.8852,88.312935
2022-08-25 23:00:00,21.148193,19.169037,896.31635,8.182096,255.0484,88.480804
2022-08-26 00:00:00,21.403717,19.284271,896.52563,8.148792,256.2523,87.73272
2022-08-26 01:00:00,21.51352,19.335602,896.9799,8.140282,257.11774,87.423706
2022-08-26 02:00:00,22.592651,19.753448,897.46094,8.370062,257.54068,84.01087
2022-08-26 03:00:00,22.903687,19.684326,897.8672,8.830152,258.8853,82.08848
2022-08-26 04:00:00,23.20932,19.65866,898.02374,9.132783,259.76678,80.45637
2022-08-26 05:00:00,24.541687,19.901764,898.01013,9.255563,259.5866,75.39047
2022-08-26 06:00:00,25.052368,19.840607,897.73193,9.430288,258.57358,72.84959
2022-08-26 07:00:00,25.198761,19.820526,897.1702,9.67569,257.92313,72.12726
2022-08-26 08:00:00,25.728394,19.86795,896.56854,9.922129,257.68805,70.09859
2022-08-26 09:00:00,25.7359,19.830383,895.967,10.092069,257.86603,69.90443
2022-08-26 10:00:00,25.071716,19.79953,895.57385,10.251733,262.07364,72.58056
2022-08-26 11:00:00,24.934479,19.740387,895.54236,10.045778,261.87726,72.90897
2022-08-26 12:00:00,24.751434,19.820648,895.7227,9.323381,260.08047,74.07776
2022-08-26 13:00:00,24.562347,19.964264,896.1726,8.62687,256.13098,75.589424
2022-08-26 14:00:00,23.867645,19.949738,896.7065,8.395713,252.579,78.73441
2022-08-26 15:00:00,22.964752,19.73822,897.3284,8.342031,249.52429,82.05946
2022-08-26 16:00:00,22.841003,19.74121,897.72314,8.467637,247.04391,82.69213
2022-08-26 17:00:00,22.38855,19.627106,897.8731,8.6833725,245.35527,84.394806
2022-08-26 18:00:00,22.2417,19.583618,897.67194,9.003048,244.74557,84.922516
2022-08-26 19:00:00,22.127747,19.577393,897.3041,9.249491,245.3505,85.480804
2022-08-26 20:00:00,21.673279,19.418823,896.8379,9.430395,246.57292,87.02288
2022-08-26 21:00:00,21.543549,19.389404,896.52344,9.543212,247.99255,87.55578
2022-08-26 22:00:00,21.149017,19.077148,896.20386,9.591811,251.97763,87.9711
2022-08-26 23:00:00,21.08728,19.080566,896.2757,9.424597,252.04797,88.32394
2022-08-27 00:00:00,21.344574,19.171997,896.48663,9.188746,251.84229,87.43773
2022-08-27 01:00:00,21.395782,19.212616,896.9547,9.0756855,251.47183,87.38462
2022-08-27 02:00:00,22.338837,19.583282,897.47815,9.161486,251.14041,84.42032
2022-08-27 03:00:00,22.610748,19.5206,897.85913,9.541037,252.45413,82.71429
2022-08-27 04:00:00,22.91449,19.496704,898.0396,9.767205,253.55487,81.08446
2022-08-27 05:00:00,24.148132,19.710999,898.06744,9.96932,253.68463,76.28169
2022-08-27 06:00:00,24.746948,19.685547,897.7748,10.201077,253.46255,73.47926
2022-08-27 07:00:00,24.859497,19.673553,897.22687,10.424545,253.88689,72.9328
2022-08-27 08:00:00,25.462097,19.739471,896.54156,10.465802,255.15408,70.65037
2022-08-27 09:00:00,25.446411,19.682617,895.951,10.402308,256.5406,70.46724
2022-08-27 10:00:00,24.758423,19.564117,895.4602,10.150791,262.15506,72.877396
2022-08-27 11:00:00,24.658203,19.49887,895.2927,9.672719,262.44293,73.01851
2022-08-27 12:00:00,24.50122,19.526459,895.4409,8.86197,261.1242,73.83378
2022-08-27 13:00:00,24.26944,19.687256,895.9331,8.075177,258.51868,75.61724
2022-08-27 14:00:00,23.566101,19.607208,896.64276,7.6687074,255.90373,78.49149
2022-08-27 15:00:00,22.923859,19.464203,897.406,7.3953323,253.52078,80.87494
2022-08-27 16:00:00,22.78717,19.45697,897.94147,7.2719026,250.9714,81.51084
2022-08-27 17:00:00,22.303009,19.390198,898.0622,7.3152857,249.20624,83.59527
2022-08-27 18:00:00,22.140808,19.366455,897.8716,7.4575596,248.24367,84.3002
2022-08-27 19:00:00,22.011963,19.3497,897.50995,7.5723205,248.27368,84.87624
2022-08-27 20:00:00,21.52237,19.108032,897.12555,7.602884,248.82455,86.14675
2022-08-27 21:00:00,21.434418,19.08844,896.8119,7.557361,250.03908,86.506134
2022-08-27 22:00:00,21.133514,18.877655,896.7043,6.8803797,258.7622,86.96559
2022-08-27 23:00:00,21.078857,18.866089,896.6663,6.4300246,258.59564,87.19489
2022-08-28 00:00:00,21.243439,18.939728,896.91565,6.016875,257.52115,86.71642
2022-08-28 01:00:00,21.258545,18.9263,897.3452,5.6763577,255.25842,86.56352
2022-08-28 02:00:00,22.209259,19.270874,897.79694,5.6039596,251.65308,83.45166
2022-08-28 03:00:00,22.564545,19.272003,898.12103,5.9987135,250.03949,81.67401
2022-08-28 04:00:00,22.859985,19.242828,898.2367,6.3332067,249.34781,80.07788
2022-08-28 05:00:00,24.230927,19.502472,898.21576,6.4455557,248.37415,74.927284
2022-08-28 06:00:00,24.722626,19.455475,897.911,6.600977,247.31792,72.542015
2022-08-28 07:00:00,24.849243,19.427216,897.38495,6.7641196,247.15007,71.86917
2022-08-28 08:00:00,25.350464,19.461761,896.66656,6.8775387,248.11429,69.90475
2022-08-28 09:00:00,25.380371,19.436798,895.9977,6.8765235,249.84236,69.67235
2022-08-28 10:00:00,24.848236,19.351837,895.4143,6.954754,260.50366,71.537315
2022-08-28 11:00:00,24.735626,19.335266,895.2714,6.5394793,262.55255,71.94578
2022-08-28 12:00:00,24.572327,19.382172,895.4607,5.7567663,262.0067,72.86381
2022-08-28 13:00:00,24.363556,19.50824,895.9176,4.9751863,259.52783,74.36068
2022-08-28 14:00:00,23.643524,19.574646,896.6351,4.5403566,254.83122,77.96842
2022-08-28 15:00:00,22.899353,19.3667,897.4155,4.2939906,249.40219,80.505424
2022-08-28 16:00:00,22.768066,19.4169,897.9978,4.245144,244.96405,81.40224
2022-08-28 17:00:00,22.284088,19.32782,898.2288,4.357008,242.8201,83.3674
2022-08-28 18:00:00,22.139465,19.324036,898.13696,4.525846,243.04982,84.08488
2022-08-28 19:00:00,22.02835,19.341309,897.878,4.588183,244.51268,84.74724
2022-08-28 20:00:00,21.67102,19.230804,897.54944,4.5946507,246.81384,86.0225
2022-08-28 21:00:00,21.591614,19.250763,897.3646,4.5080447,249.99179,86.54871
2022-08-28 22:00:00,21.227478,18.939545,897.4436,4.623381,260.22144,86.80034
2022-08-28 23:00:00,21.17453,18.932373,897.71606,4.353064,261.0133,87.0438
2022-08-29 00:00:00,21.387726,19.017273,898.0986,4.038048,261.4211,86.36975
2022-08-29 01:00:00,21.452087,19.010345,898.6677,3.7757468,260.5155,85.99276
2022-08-29 02:00:00,22.387512,19.30603,899.284,3.7562277,256.70334,82.73233
2022-08-29 03:00:00,22.742859,19.343475,899.8624,3.9960368,254.518,81.15522
2022-08-29 04:00:00,23.071198,19.307861,900.26843,4.1920834,254.82703,79.381256
2022-08-29 05:00:00,24.485107,19.601349,900.38495,4.2047153,255.41882,74.24961
2022-08-29 06:00:00,25.028625,19.603333,900.21893,4.232026,254.95898,71.886696
2022-08-29 07:00:00,25.169708,19.580322,899.68585,4.299408,255.10631,71.183205
2022-08-29 08:00:00,25.68692,19.631683,898.9776,4.3498425,256.0008,69.2489
2022-08-29 09:00:00,25.650818,19.5755,898.29376,4.3191714,258.97894,69.15568
2022-08-29 10:00:00,24.938477,19.469513,897.617,5.2771525,279.40567,71.67576
2022-08-29 11:00:00,24.819214,19.467926,897.4649,4.6636953,284.07706,72.18057
2022-08-29 12:00:00,24.670929,19.523407,897.6346,3.794336,285.9226,73.074326
2022-08-29 13:00:00,24.458893,19.644714,898.13446,2.801917,284.10193,74.56675
2022-08-29 14:00:00,23.766998,19.674072,898.83167,2.0042005,279.02435,77.87022
2022-08-29 15:00:00,23.028717,19.553162,899.5273,1.4395313,269.0772,80.808716
2022-08-29 16:00:00,22.902618,19.570374,899.98315,1.166796,254.63832,81.51505
2022-08-29 17:00:00,22.364807,19.398651,900.0993,1.1338526,239.61005,83.32541
2022-08-29 18:00:00,22.170746,19.385742,899.9264,1.1989231,233.62247,84.24766
2022-08-29 19:00:00,22.048859,19.34964,899.6117,1.2469352,232.31604,84.68523
2022-08-29 20:00:00,21.624878,19.175873,899.2021,1.2266046,237.67671,85.97087
2022-08-29 21:00:00,21.49945,19.136719,898.86,1.1632526,244.38452,86.422035
2022-08-29 22:00:00,21.25296,18.931274,898.6485,1.7703009,280.11032,86.62008
2022-08-29 23:00:00,21.216156,18.935883,898.6496,1.5410391,284.30115,86.840805
2022-08-30 00:00:00,21.462372,19.015533,898.9727,1.3240855,291.53723,85.96645
2022-08-30 01:00:00,21.49646,19.076233,899.4738,1.17516,298.57486,86.11258
2022-08-30 02:00:00,22.60263,19.372345,900.01904,1.0425955,294.8059,81.99579
2022-08-30 03:00:00,22.952362,19.412476,900.4559,0.9891758,280.23956,80.47626
2022-08-30 04:00:00,23.26294,19.385742,900.70795,1.0745704,267.35565,78.84766
2022-08-30 05:00:00,24.599823,19.684113,900.6905,1.1751405,260.0593,74.12165
2022-08-30 06:00:00,25.273926,19.670135,900.3613,1.4103284,255.98557,71.13855
2022-08-30 07:00:00,25.367096,19.618073,899.7902,1.753694,257.93524,70.51715
2022-08-30 08:00:00,25.92102,19.66043,899.0737,2.12319,263.0286,68.41673
2022-08-30 09:00:00,25.963959,19.628662,898.4462,2.3927498,270.52087,68.1086
2022-08-30 10:00:00,25.387909,19.4628,897.9027,3.3267503,288.544,69.75379
2022-08-30 11:00:00,25.26178,19.416138,897.76447,3.1049628,292.5906,70.07545
2022-08-30 12:00:00,25.095001,19.43866,897.9032,2.5458138,292.693,70.87399
2022-08-30 13:00:00,24.86319,19.601532,898.25977,1.7131828,287.12933,72.59144
2022-08-30 14:00:00,24.065247,19.702301,898.839,1.2214638,273.52008,76.620766
2022-08-30 15:00:00,23.271027,19.563385,899.465,0.97171503,249.73584,79.68419
2022-08-30 16:00:00,23.160126,19.564423,899.86017,1.071164,224.77069,80.22512
2022-08-30 17:00:00,22.649658,19.446533,899.86096,1.3954712,215.50653,82.140175
2022-08-30 18:00:00,22.500488,19.442688,899.5946,1.7090895,215.25615,82.867676
2022-08-30 19:00:00,22.345795,19.41861,899.1058,1.9361418,218.11632,83.52543
2022-08-30 20:00:00,21.79004,19.214508,898.59955,2.0131433,222.33694,85.31253
2022-08-30 21:00:00,21.671509,19.20105,898.2138,2.0125391,225.79433,85.86069
2022-08-30 22:00:00,21.259857,18.934082,898.0475,2.6075761,230.46907,86.59864
2022-08-30 23:00:00,21.20343,18.909668,898.06146,2.6483486,231.25905,86.76653
2022-08-31 00:00:00,21.464172,19.003387,898.2596,2.5551624,229.57463,85.89186
2022-08-31 01:00:00,21.519958,19.0242,898.69916,2.519763,226.71997,85.710236
2022-08-31 02:00:00,22.547943,19.346893,899.1181,2.5972326,223.34698,82.13831
2022-08-31 03:00:00,22.901001,19.307983,899.50073,2.9117863,222.64514,80.20385
2022-08-31 04:00:00,23.185211,19.234894,899.6563,3.2902904,224.63448,78.478584
2022-08-31 05:00:00,24.674011,19.454071,899.5189,3.6992352,226.725,72.74669
2022-08-31 06:00:00,25.333069,19.446045,899.04553,4.148581,230.41492,69.908775
2022-08-31 07:00:00,25.445923,19.37909,898.3463,4.626316,235.1712,69.152794
2022-08-31 08:00:00,25.836975,19.370148,897.6172,4.9654436,241.14636,67.52904
2022-08-31 09:00:00,25.827179,19.351685,896.8752,5.128316,245.97093,67.4907
2022-08-31 10:00:00,25.094055,19.14325,896.36255,5.6083703,261.95444,69.5866
2022-08-31 11:00:00,24.900726,19.078552,896.1936,5.354759,264.2671,70.11006
2022-08-31 12:00:00,24.743408,19.181488,896.3695,4.806676,263.90454,71.22709
2022-08-31 13:00:00,24.502655,19.474152,896.8473,4.0863776,259.80225,73.58787
2022-08-31 14:00:00,23.789825,19.459229,897.5264,3.6619601,254.87115,76.73248
2022-08-31 15:00:00,22.96872,19.234894,898.1891,3.3848119,249.19318,79.51303
2022-08-31 16:00:00,22.843475,19.270508,898.6312,3.2497299,244.40262,80.29631
2022-08-31 17:00:00,22.39795,19.180939,898.7076,3.328609,240.73763,82.03832
2022-08-31 18:00:00,22.276642,19.198242,898.5668,3.5169578,239.50955,82.73504
2022-08-31 19:00:00,22.101746,19.13861,898.3287,3.7217255,239.7862,83.31076
2022-08-31 20:00:00,21.575348,18.968353,898.03455,3.8192549,241.31123,85.123184
2022-08-31 21:00:00,21.500946,18.95581,897.7734,3.7832472,242.18362,85.44473
2022-08-31 22:00:00,21.216125,18.756592,897.58276,3.687522,249.3793,85.87395
2022-08-31 23:00:00,21.17923,18.75763,897.7157,3.436567,249.59146,86.074135
2022-09-01 00:00:00,21.393127,18.836304,897.973,3.1790347,248.01207,85.37135
2022-09-01 01:00:00,21.408905,18.853973,898.5235,2.9341679,243.63116,85.38305
2022-09-01 02:00:00,22.361053,19.171722,899.06335,2.9767163,238.08087,82.17541
2022-09-01 03:00:00,22.725677,19.152008,899.4877,3.309717,233.4462,80.27706
2022-09-01 04:00:00,23.026825,19.11203,899.6501,3.67927,231.73415,78.6297
2022-09-01 05:00:00,24.438599,19.31723,899.574,4.0304317,231.04933,73.15309
2022-09-01 06:00:00,25.011932,19.284943,899.17847,4.408968,232.66304,70.54786
2022-09-01 07:00:00,25.161804,19.26654,898.5447,4.803104,235.57413,69.840614
2022-09-01 08:00:00,25.695465,19.3302,897.7893,5.092476,239.47473,67.9289
2022-09-01 09:00:00,25.706757,19.374756,897.1334,5.279636,242.88925,68.071884
2022-09-01 10:00:00,24.938232,19.092743,896.663,5.5392437,252.45589,70.01526
2022-09-01 11:00:00,24.814178,19.03955,896.69946,5.533735,252.6741,70.30199
2022-09-01 12:00:00,24.6604,19.081268,897.048,5.104666,250.46677,71.135574
2022-09-01 13:00:00,24.384369,19.240784,897.6552,4.6596036,245.36649,73.04262
2022-09-01 14:00:00,23.616302,19.27005,898.34174,4.4593415,238.94672,76.63107
2022-09-01 15:00:00,22.901245,19.073395,898.9805,4.3800106,234.588,79.03912
2022-09-01 16:00:00,22.790375,19.13034,899.33514,4.425365,231.34528,79.854866
2022-09-01 17:00:00,22.316956,19.057892,899.4288,4.6451077,230.2487,81.81357
2022-09-01 18:00:00,22.123169,19.01007,899.2933,4.877128,230.83417,82.53796
2022-09-01 19:00:00,21.999695,19.02533,898.9905,5.0211153,232.92944,83.24065
2022-09-01 20:00:00,21.572937,18.880585,898.6345,5.127335,236.3033,84.67057
2022-09-01 21:00:00,21.430115,18.822937,898.35864,5.1270075,239.87106,85.10706
2022-09-01 22:00:00,21.079407,18.609314,898.2335,5.0628896,250.98499,85.80364
2022-09-01 23:00:00,21.03366,18.602905,898.3753,4.977622,252.59073,86.01057
2022-09-02 00:00:00,21.247955,18.677063,898.73987,4.832344,253.91666,85.28139
2022-09-02 01:00:00,21.302185,18.678223,899.22186,4.677146,253.76923,85.00445
2022-09-02 02:00:00,22.269928,19.035034,899.74365,4.688586,252.5748,81.93115
2022-09-02 03:00:00,22.615997,19.043335,900.14044,4.944052,250.67856,80.26744
2022-09-02 04:00:00,22.919067,18.978088,900.3462,5.2202353,249.83774,78.48594
2022-09-02 05:00:00,24.242615,19.171967,900.315,5.490092,249.19942,73.35068
2022-09-02 06:00:00,24.82959,19.203949,899.97577,5.8374467,250.36139,70.96068
2022-09-02 07:00:00,25.002533,19.143646,899.3947,6.1807694,252.18504,69.96894
2022-09-02 08:00:00,25.533752,19.11676,898.6989,6.461069,255.18942,67.678375
2022-09-02 09:00:00,25.59436,19.091003,898.07025,6.618656,257.7354,67.32709
2022-09-02 10:00:00,25.0419,18.881073,897.61096,6.5423865,267.7009,68.67091
2022-09-02 11:00:00,24.954895,18.862396,897.59515,6.264382,268.93686,68.94762
2022-09-02 12:00:00,24.814117,18.963013,897.80853,5.7040863,267.1705,69.96736
2022-09-02 13:00:00,24.56659,19.185303,898.1973,5.0816045,262.62863,72.00104
2022-09-02 14:00:00,23.831573,19.267517,898.7246,4.761166,257.47943,75.63257
2022-09-02 15:00:00,22.920837,18.97699,899.215,4.6329465,253.40388,78.47215
2022-09-02 16:00:00,22.739227,18.960175,899.4585,4.5771027,249.75581,79.25734
2022-09-02 17:00:00,22.151001,18.802795,899.40857,4.7179627,246.76245,81.33877
2022-09-02 18:00:00,22.024231,18.852234,899.1348,5.0793614,245.00558,82.22311
2022-09-02 19:00:00,21.80545,18.77118,898.77264,5.4238133,245.21313,82.90725
2022-09-02 20:00:00,21.297821,18.58078,898.42804,5.662036,246.65286,84.51044
2022-09-02 21:00:00,21.15512,18.547363,898.1814,5.8300443,248.49884,85.075264
2022-09-02 22:00:00,20.87442,18.321869,897.9785,6.0901437,255.52863,85.34084
2022-09-02 23:00:00,20.790314,18.282288,897.96234,6.129935,256.281,85.57087
2022-09-03 00:00:00,21.028778,18.358337,898.1301,6.0655355,256.76355,84.728516
2022-09-03 01:00:00,21.041107,18.35434,898.5178,6.029712,256.77496,84.64316
2022-09-03 02:00:00,22.047333,18.622986,898.97766,6.1176143,256.31168,80.93919
2022-09-03 03:00:00,22.333984,18.582184,899.22284,6.6005726,256.6297,79.33583
2022-09-03 04:00:00,22.61499,18.502716,899.32544,7.044283,257.1115,77.60568
2022-09-03 05:00:00,24.031738,18.651001,899.16095,7.426359,256.9311,71.90776
2022-09-03 06:00:00,24.633514,18.610565,898.7715,7.8759055,256.73654,69.185844
2022-09-03 07:00:00,24.782349,18.601654,898.06445,8.409377,257.43323,68.53505
2022-09-03 08:00:00,25.237213,18.512848,897.29663,8.838231,258.4155,66.33174
2022-09-03 09:00:00,25.259857,18.509155,896.5807,9.064396,259.2815,66.22711
2022-09-03 10:00:00,24.682892,18.314209,895.98096,9.086957,264.50424,67.71318
2022-09-03 11:00:00,24.595581,18.342041,895.8881,8.651356,264.9328,68.18643
2022-09-03 12:00:00,24.398651,18.377594,895.99133,7.9084826,262.577,69.14876
2022-09-03 13:00:00,24.15091,18.53415,896.40686,7.2405195,258.16037,70.87502
2022-09-03 14:00:00,23.437286,18.743195,897.0732,6.9806275,254.19476,74.95806
2022-09-03 15:00:00,22.782654,18.659729,897.7696,6.941227,251.1951,77.579
2022-09-03 16:00:00,22.568817,18.653564,898.19836,7.0513287,247.93768,78.56175
2022-09-03 17:00:00,21.960815,18.508057,898.275,7.324256,246.07416,80.78408
2022-09-03 18:00:00,21.765015,18.495575,898.0475,7.679403,245.74251,81.69153
2022-09-03 19:00:00,21.607574,18.488525,897.71,7.986996,246.44873,82.44511
2022-09-03 20:00:00,21.055145,18.230164,897.3487,8.149266,247.40349,83.91409
2022-09-03 21:00:00,20.95285,18.238342,897.03784,8.179413,248.5503,84.486496
2022-09-03 22:00:00,20.54358,17.924225,896.742,7.6952233,250.93643,84.9491
2022-09-03 23:00:00,20.448639,17.896423,896.7941,7.7270527,251.08319,85.298706
2022-09-04 00:00:00,20.609802,17.982391,897.1047,7.619856,250.57858,84.91305
2022-09-04 01:00:00,20.619385,17.962036,897.64026,7.4524355,249.39606,84.754395
2022-09-04 02:00:00,21.479126,18.19934,898.13257,7.435703,248.34207,81.6026
2022-09-04 03:00:00,21.813263,18.16571,898.5054,7.859113,248.45316,79.783775
2022-09-04 04:00:00,22.159058,18.189087,898.66315,8.119957,249.45085,78.23357
2022-09-04 05:00:00,23.539093,18.418549,898.6177,8.308506,249.536,73.00092
2022-09-04 06:00:00,24.101562,18.432037,898.2302,8.550229,249.98361,70.63208
2022-09-04 07:00:00,24.247955,18.403107,897.59,8.830759,250.81654,69.88768
2022-09-04 08:00:00,24.826141,18.43689,896.8476,9.115465,252.2728,67.65454
2022-09-04 09:00:00,24.82251,18.427063,896.2071,9.24423,253.01318,67.62753
2022-09-04 10:00:00,24.264069,18.255676,895.6989,8.8247795,257.4204,69.17772
2022-09-04 11:00:00,24.196533,18.25772,895.65533,8.465916,257.0195,69.46734
2022-09-04 12:00:00,24.073334,18.322418,895.9804,7.808504,254.04807,70.267395
2022-09-04 13:00:00,23.879547,18.505524,896.5134,7.223468,249.8785,71.910675
2022-09-04 14:00:00,23.064087,18.56369,897.16846,6.9265027,245.58844,75.81113
2022-09-04 15:00:00,22.24118,18.387695,897.8459,6.879402,241.37831,78.81918
2022-09-04 16:00:00,22.073792,18.412384,898.3172,7.0516524,238.22348,79.75014
2022-09-04 17:00:00,21.591614,18.358368,898.4419,7.330429,237.23431,81.8553
2022-09-04 18:00:00,21.453308,18.37735,898.27734,7.6533713,237.92245,82.64936
2022-09-04 19:00:00,21.28659,18.334259,897.9595,7.9511633,239.17722,83.27271
2022-09-04 20:00:00,20.874817,18.21405,897.541,8.162942,240.85771,84.76349
2022-09-04 21:00:00,20.721466,18.177582,897.2299,8.307191,242.4187,85.37152
2022-09-04 22:00:00,20.386627,17.952454,897.0546,8.268728,246.86575,85.92806
2022-09-04 23:00:00,20.324066,17.950531,897.18256,8.241471,246.9079,86.25018
2022-09-05 00:00:00,20.563019,18.05841,897.5178,8.205724,246.98349,85.56615
2022-09-05 01:00:00,20.597412,18.042603,898.11743,8.121903,246.78561,85.30015
2022-09-05 02:00:00,21.587402,18.291992,898.7434,8.19973,246.5054,81.536316
2022-09-05 03:00:00,21.875854,18.31073,899.2612,8.574393,246.9614,80.20601
2022-09-05 04:00:00,22.183746,18.318237,899.5198,8.889325,247.94458,78.751595
2022-09-05 05:00:00,23.61383,18.469025,899.424,9.124242,248.8288,72.90305
2022-09-05 06:00:00,24.133087,18.50998,898.9911,9.31413,249.6142,70.843575
2022-09-05 07:00:00,24.2742,18.426147,898.2174,9.406449,250.32614,69.87864
2022-09-05 08:00:00,24.86908,18.501678,897.35583,9.501503,251.1156,67.75574
2022-09-05 09:00:00,24.960083,18.490387,896.64545,9.400753,252.06754,67.34124
2022-09-05 10:00:00,24.377563,18.35614,896.0337,9.776705,254.31657,69.1431
2022-09-05 11:00:00,24.294464,18.373138,895.96625,9.188857,253.8897,69.56232
2022-09-05 12:00:00,24.13205,18.431335,896.2579,8.323644,251.74255,70.49987
2022-09-05 13:00:00,23.882416,18.664642,896.8232,7.5976853,247.31186,72.61781
2022-09-05 14:00:00,23.057861,18.744232,897.48083,7.2622957,243.12965,76.70096
2022-09-05 15:00:00,22.272308,18.57785,898.0725,7.2625713,239.18279,79.612495
2022-09-05 16:00:00,22.116272,18.621552,898.4739,7.448322,236.99493,80.59259
2022-09-05 17:00:00,21.556824,18.464844,898.4989,7.7733703,236.06468,82.578865
2022-09-05 18:00:00,21.387054,18.440643,898.2912,8.150422,236.54318,83.31524
2022-09-05 19:00:00,21.205383,18.430328,897.90045,8.500653,237.8242,84.193886
2022-09-05 20:00:00,20.76242,18.317505,897.5227,8.703034,239.7239,85.907455
2022-09-05 21:00:00,20.647003,18.297333,897.2514,8.743875,241.61731,86.4108
2022-09-05 22:00:00,20.425903,18.079681,897.14136,8.357718,245.7037,86.40824
2022-09-05 23:00:00,20.372253,18.117004,897.23047,8.235313,246.38414,86.89834
2022-09-06 00:00:00,20.613129,18.206726,897.5622,8.009709,246.5171,86.10051
2022-09-06 01:00:00,20.708496,18.259369,898.15967,7.840215,245.72841,85.879364
2022-09-06 02:00:00,21.840302,18.649445,898.8477,7.803117,244.73415,82.103714
2022-09-06 03:00:00,22.119812,18.613098,899.426,8.08244,244.64459,80.53261
2022-09-06 04:00:00,22.405762,18.543335,899.6958,8.398532,245.15439,78.79848
2022-09-06 05:00:00,23.936462,18.767975,899.6516,8.676398,245.31535,72.85137
2022-09-06 06:00:00,24.534485,18.692566,899.27716,8.998562,245.82462,69.95471
2022-09-06 07:00:00,24.675995,18.65393,898.57904,9.402249,247.242,69.19786
2022-09-06 08:00:00,25.200836,18.681763,897.78876,9.695396,249.57944,67.18191
2022-09-06 09:00:00,25.218353,18.602875,897.12866,9.779857,252.06357,66.78152
2022-09-06 10:00:00,24.580475,18.44693,896.72766,9.569507,256.69586,68.69819
2022-09-06 11:00:00,24.510681,18.418976,896.7562,9.089819,258.16052,68.86489
2022-09-06 12:00:00,24.384644,18.4711,897.0645,8.354812,256.95215,69.61344
2022-09-06 13:00:00,24.161194,18.664581,897.6794,7.799051,253.24585,71.41178
2022-09-06 14:00:00,23.371216,18.802887,898.41797,7.440314,249.72733,75.53873
2022-09-06 15:00:00,22.553741,18.637482,899.0505,7.2485456,246.32002,78.55462
2022-09-06 16:00:00,22.367798,18.661377,899.43536,7.1513624,244.12704,79.56611
2022-09-06 17:00:00,21.760681,18.573822,899.4236,7.2316093,242.85852,82.11444
2022-09-06 18:00:00,21.599335,18.59729,899.1289,7.371221,242.38211,83.050224
2022-09-06 19:00:00,21.452942,18.60254,898.75305,7.491413,243.3482,83.82512
2022-09-06 20:00:00,20.983612,18.402954,898.3622,7.5981846,245.28384,85.201904
2022-09-06 21:00:00,20.849823,18.343842,898.0436,7.5730653,247.34454,85.5879
2022-09-06 22:00:00,20.462036,18.09616,897.7919,7.2644653,247.86145,86.305084
2022-09-06 23:00:00,20.40268,18.074219,897.91516,7.126037,249.37585,86.502495
2022-09-07 00:00:00,20.67929,18.194977,898.3804,6.903038,249.91489,85.68703
2022-09-07 01:00:00,20.751556,18.221924,899.0383,6.6086245,250.12782,85.45101
2022-09-07 02:00:00,22.00357,18.63443,899.68524,6.329729,249.58311,81.21355
2022-09-07 03:00:00,22.345001,18.650269,900.2257,6.1746116,248.52094,79.62117
2022-09-07 04:00:00,22.671692,18.566925,900.4573,6.055887,247.24034,77.65063
2022-09-07 05:00:00,24.317688,18.715729,900.3211,6.1819835,246.55988,70.971436
2022-09-07 06:00:00,24.913483,18.675995,899.8093,6.4951673,247.04251,68.31767
2022-09-07 07:00:00,25.068848,18.632172,899.09924,6.89437,248.95486,67.50242
2022-09-07 08:00:00,25.61499,18.650818,898.3389,7.194971,251.84491,65.42148
2022-09-07 09:00:00,25.633057,18.599854,897.8139,7.3520513,254.40501,65.14333
2022-09-07 10:00:00,24.695068,18.407745,897.46826,7.2149215,260.13638,68.06184
2022-09-07 11:00:00,24.678528,18.364868,897.5857,6.9897084,261.3081,67.946304
2022-09-07 12:00:00,24.522797,18.424103,897.9815,6.6908154,258.66815,68.83712
2022-09-07 13:00:00,24.307953,18.661163,898.5403,6.339408,254.72498,70.77098
2022-09-07 14:00:00,23.482483,18.729889,899.25195,6.058371,251.68338,74.69184
2022-09-07 15:00:00,22.67279,18.645966,899.9027,5.888761,248.87743,78.0304
2022-09-07 16:00:00,22.438202,18.60971,900.3878,5.8932714,246.40088,78.970634
2022-09-07 17:00:00,21.885773,18.539307,900.4508,6.0615444,244.96451,81.31377
2022-09-07 18:00:00,21.684113,18.555695,900.27167,6.253246,245.14716,82.406006
2022-09-07 19:00:00,21.53061,18.539337,899.8696,6.4197307,246.08464,83.09818
2022-09-07 20:00:00,20.973145,18.309906,899.4828,6.479581,247.60254,84.76082
2022-09-07 21:00:00,20.845825,18.264038,899.10834,6.431069,249.23602,85.18155
2022-09-07 22:00:00,20.54181,18.062683,898.9614,5.943176,254.27191,85.7011
2022-09-07 23:00:00,20.467926,18.065094,899.0291,5.7466745,254.83278,86.105545
2022-09-08 00:00:00,20.709534,18.15149,899.2897,5.499786,254.27138,85.29441
2022-09-08 01:00:00,20.87613,18.214691,899.73157,5.096566,253.27158,84.760056
2022-09-08 02:00:00,22.141449,18.571167,900.1883,4.680202,250.37805,80.215805
2022-09-08 03:00:00,22.593811,18.673004,900.5636,4.433105,246.43481,78.53804
2022-09-08 04:00:00,22.849762,18.616302,900.7329,4.306325,243.88556,77.05451
2022-09-08 05:00:00,24.34848,18.67871,900.5465,4.4389253,245.11957,70.67686
2022-09-08 06:00:00,24.875092,18.592926,900.02167,4.7104354,248.33092,68.119446
2022-09-08 07:00:00,25.010345,18.523438,899.22406,4.9576807,251.21689,67.278824
2022-09-08 08:00:00,25.459534,18.504639,898.51025,5.1187115,254.25793,65.42691
2022-09-08 09:00:00,25.525482,18.439362,897.91235,5.1812534,256.7655,64.905174
2022-09-08 10:00:00,24.834839,18.44757,897.42206,5.335386,260.69412,67.66465
2022-09-08 11:00:00,24.823547,18.433075,897.4617,5.3247232,259.43658,67.64881
2022-09-08 12:00:00,24.642548,18.574524,897.72144,5.355398,253.49501,68.992714
2022-09-08 13:00:00,24.42096,18.829773,898.25024,5.3578644,245.87639,71.03822
2022-09-08 14:00:00,23.644135,18.845825,898.93964,5.338257,240.06177,74.505516
2022-09-08 15:00:00,22.814941,18.70102,899.57245,5.3549967,235.3901,77.62751
2022-09-08 16:00:00,22.638031,18.705383,899.9475,5.4472113,231.27475,78.48629
2022-09-08 17:00:00,22.083588,18.63971,899.8911,5.685087,229.26521,80.84506
2022-09-08 18:00:00,21.885193,18.627625,899.6937,5.957805,229.25519,81.76734
2022-09-08 19:00:00,21.72116,18.640717,899.3078,6.1674614,230.51694,82.658226
2022-09-08 20:00:00,21.181976,18.450012,898.925,6.273891,232.18192,84.41895
2022-09-08 21:00:00,21.066498,18.409302,898.52026,6.3030305,233.21428,84.802895
2022-09-08 22:00:00,20.690948,18.134247,898.3553,5.6492186,235.92441,85.29968
2022-09-08 23:00:00,20.656769,18.11502,898.42694,5.618331,234.31187,85.3763
2022-09-09 00:00:00,20.904388,18.23465,898.75024,5.5877924,232.0505,84.71893
2022-09-09 01:00:00,21.055817,18.32788,899.28937,5.4349065,228.8448,84.426544
2022-09-09 02:00:00,22.35199,18.677246,899.8102,5.2855835,222.87778,79.72172
2022-09-09 03:00:00,22.738617,18.705688,900.2374,5.4103746,216.45975,78.01031
2022-09-09 04:00:00,23.034363,18.654266,900.43823,5.6766443,213.23808,76.379196
2022-09-09 05:00:00,24.590576,18.825073,900.36017,5.9329314,214.06946,70.300186
2022-09-09 06:00:00,25.164673,18.748749,899.9101,6.1827497,217.56218,67.60925
2022-09-09 07:00:00,25.304718,18.675873,899.1273,6.359579,222.01808,66.74328
2022-09-09 08:00:00,25.788605,18.652405,898.25385,6.5009127,225.75597,64.75771
2022-09-09 09:00:00,25.76883,18.581848,897.47144,6.567006,228.87372,64.548096
2022-09-09 10:00:00,24.977936,18.40686,896.8107,6.4565096,237.79184,66.91851
2022-09-09 11:00:00,24.855133,18.37732,896.76086,6.385553,237.73889,67.2859
2022-09-09 12:00:00,24.68106,18.503601,896.9828,6.4017215,234.52943,68.52912
2022-09-09 13:00:00,24.466248,18.663483,897.475,6.496572,230.22656,70.11331
2022-09-09 14:00:00,23.691101,18.877136,898.12164,6.5358906,225.58278,74.440506
2022-09-09 15:00:00,22.926575,18.721893,898.8145,6.637641,221.55453,77.20498
2022-09-09 16:00:00,22.724396,18.704132,899.2762,6.8183813,218.30821,78.07
2022-09-09 17:00:00,22.06842,18.55899,899.4032,7.114697,216.87328,80.512115
2022-09-09 18:00:00,21.918488,18.595978,899.2885,7.467208,216.82353,81.43996
2022-09-09 19:00:00,21.763397,18.585815,898.9771,7.7240143,217.97633,82.162506
2022-09-09 20:00:00,21.179443,18.36084,898.5874,7.8828344,219.10934,83.961555
2022-09-09 21:00:00,21.07779,18.341278,898.1964,7.945389,220.03693,84.383545
2022-09-09 22:00:00,20.720428,18.21872,898.1722,7.324674,225.14769,85.597694
2022-09-09 23:00:00,20.69403,18.20288,898.1625,7.361896,223.75781,85.651764
2022-09-10 00:00:00,20.99646,18.371155,898.3094,7.3967805,222.80017,84.96514
2022-09-10 01:00:00,21.068848,18.432343,898.65967,7.3012304,220.7044,84.913155
2022-09-10 02:00:00,22.305267,18.774353,899.1487,7.3000784,217.41956,80.43543
2022-09-10 03:00:00,22.600647,18.65866,899.66296,7.579161,214.81526,78.43504
2022-09-10 04:00:00,22.894318,18.57071,899.88806,7.894705,214.7125,76.62785
2022-09-10 05:00:00,24.42688,18.731201,899.7106,8.099781,216.0287,70.576996
2022-09-10 06:00:00,25.043854,18.750122,899.2274,8.181709,218.43307,68.103516
2022-09-10 07:00:00,25.175507,18.741058,898.4744,8.337816,221.28877,67.533195
2022-09-10 08:00:00,25.485962,18.747772,897.5864,8.436932,224.64021,66.32549
2022-09-10 09:00:00,25.407318,18.695496,896.8493,8.5016575,227.12164,66.41878
2022-09-10 10:00:00,24.587463,18.618958,896.20935,7.971162,227.67262,69.41305
2022-09-10 11:00:00,24.443237,18.535736,896.1958,8.105594,227.4865,69.65096
2022-09-10 12:00:00,24.201996,18.633087,896.4281,8.221865,225.52551,71.09703
2022-09-10 13:00:00,24.0401,18.747345,896.9283,8.356912,223.39159,72.30594
2022-09-10 14:00:00,23.309357,18.75821,897.49475,8.441876,221.59024,75.60995
2022-09-10 15:00:00,22.51413,18.61856,898.15826,8.582464,219.79884,78.65067
2022-09-10 16:00:00,22.323761,18.612213,898.59796,8.776901,218.328,79.5345
2022-09-10 17:00:00,21.746948,18.45575,898.73157,8.981088,217.72992,81.578026
2022-09-10 18:00:00,21.63916,18.515076,898.5359,9.09815,218.09523,82.42292
2022-09-10 19:00:00,21.451965,18.446747,898.1161,9.144152,219.14372,83.016396
2022-09-10 20:00:00,21.053497,18.34668,897.63776,9.174746,220.41249,84.538155
2022-09-10 21:00:00,20.918457,18.299957,897.21686,9.182684,221.69524,84.99317
2022-09-10 22:00:00,20.652954,18.165741,897.05756,8.562072,223.96742,85.66878
2022-09-10 23:00:00,20.60904,18.167725,896.9701,8.568575,224.03058,85.91162
2022-09-11 00:00:00,20.873138,18.30014,897.10834,8.526508,223.50702,85.231346
2022-09-11 01:00:00,20.949768,18.312653,897.46826,8.456445,222.50975,84.89731
2022-09-11 02:00:00,22.139984,18.712189,897.9293,8.522695,219.75807,80.933754
2022-09-11 03:00:00,22.431366,18.648865,898.373,8.96974,217.89365,79.19722
2022-09-11 04:00:00,22.737183,18.607178,898.5275,9.530881,218.62512,77.53785
2022-09-11 05:00:00,24.114136,18.81549,898.3772,9.911332,220.5528,72.292465
2022-09-11 06:00:00,24.592377,18.83496,897.9398,10.124228,222.76472,70.336044
2022-09-11 07:00:00,24.723236,18.846893,897.24225,10.264846,224.77515,69.84004
2022-09-11 08:00:00,25.131866,18.849548,896.40454,10.331482,226.74638,68.16948
2022-09-11 09:00:00,25.124939,18.787567,895.6548,10.239818,228.13324,67.93403
2022-09-11 10:00:00,24.229553,18.685516,895.10236,9.716543,233.19943,71.212746
2022-09-11 11:00:00,24.082703,18.622833,894.92694,9.243736,231.08888,71.56184
2022-09-11 12:00:00,23.876495,18.679413,895.0172,8.999581,228.44278,72.710785
2022-09-11 13:00:00,23.683441,18.819244,895.48865,8.891734,224.80257,74.20604
2022-09-11 14:00:00,22.92038,18.694641,896.1601,8.871225,222.04166,77.102486
2022-09-11 15:00:00,22.205688,18.640228,896.80396,8.909915,219.57327,80.248604
2022-09-11 16:00:00,22.040344,18.684204,897.24805,9.045287,217.94908,81.28431
2022-09-11 17:00:00,21.611908,18.572937,897.373,9.268618,217.15602,82.86
2022-09-11 18:00:00,21.426971,18.543396,897.2088,9.431034,217.44942,83.648346
2022-09-11 19:00:00,21.290344,18.534393,896.8109,9.558093,218.18791,84.30403
2022-09-11 20:00:00,20.879913,18.329132,896.3628,9.59219,219.41238,85.35088
2022-09-11 21:00:00,20.798523,18.29715,895.8826,9.5444765,220.61449,85.60741
2022-09-11 22:00:00,20.491638,18.1427,895.6615,8.952503,223.08217,86.399826
2022-09-11 23:00:00,20.475708,18.150421,895.63135,9.09318,223.53438,86.526695
2022-09-12 00:00:00,20.705658,18.235962,895.8764,9.194272,223.76382,85.76835
2022-09-12 01:00:00,20.837555,18.315338,896.30347,9.264206,223.40117,85.49955
2022-09-12 02:00:00,21.936584,18.698883,896.82275,9.459444,221.45726,81.875404
2022-09-12 03:00:00,22.236633,18.608734,897.2413,9.92053,220.39839,79.93989
2022-09-12 04:00:00,22.508423,18.493103,897.4119,10.426712,221.64134,78.06251
2022-09-12 05:00:00,23.896912,18.69046,897.2802,10.781252,223.35902,72.671776
2022-09-12 06:00:00,24.377625,18.66684,896.91406,10.984502,225.29982,70.50118
2022-09-12 07:00:00,24.480835,18.62262,896.3384,11.090884,227.13486,69.8733
2022-09-12 08:00:00,25.054108,18.70279,895.65814,11.048401,228.96754,67.86081
2022-09-12 09:00:00,25.048615,18.689636,895.087,10.814161,230.75468,67.82723
2022-09-12 10:00:00,24.248993,18.545532,894.6067,10.359703,236.11691,70.509544
2022-09-12 11:00:00,24.143341,18.553314,894.694,9.633214,236.0596,70.99235
2022-09-12 12:00:00,23.93042,18.646027,895.0094,8.9097805,234.0788,72.324295
2022-09-12 13:00:00,23.773346,18.84488,895.57544,8.463568,230.27026,73.923836
2022-09-12 14:00:00,23.011505,18.740387,896.29126,8.214518,226.62936,76.89793
2022-09-12 15:00:00,22.342407,18.515228,896.9506,8.090674,223.62518,78.96354
2022-09-12 16:00:00,22.196411,18.528595,897.4193,8.0900545,221.34195,79.73494
2022-09-12 17:00:00,21.715088,18.461975,897.5733,8.232071,220.01643,81.76887
2022-09-12 18:00:00,21.523071,18.472778,897.46045,8.435422,219.85472,82.790726
2022-09-12 19:00:00,21.386414,18.450653,897.1577,8.586177,220.28433,83.370766
2022-09-12 20:00:00,20.963226,18.341095,896.8552,8.699421,220.87851,84.978546
2022-09-12 21:00:00,20.829193,18.289581,896.5369,8.781312,221.6224,85.40547
2022-09-12 22:00:00,20.636932,18.19107,896.5376,8.256357,223.66739,85.889854
2022-09-12 23:00:00,20.545746,18.135162,896.6632,8.342339,223.3861,86.071266
2022-09-13 00:00:00,20.711792,18.194977,896.9702,8.378091,222.92213,85.51568
2022-09-13 01:00:00,20.823608,18.266846,897.51013,8.55503,221.92676,85.31306
2022-09-13 02:00:00,21.80487,18.562408,898.11835,8.873926,220.80627,81.83461
2022-09-13 03:00:00,22.122833,18.520325,898.6351,9.38713,220.95168,80.05162
2022-09-13 04:00:00,22.40271,18.505188,898.84717,9.848022,222.11853,78.62507
2022-09-13 05:00:00,23.763977,18.806274,898.7576,10.13822,223.83513,73.78736
2022-09-13 06:00:00,24.216797,18.820099,898.3883,10.375603,225.93774,71.869255
2022-09-13 07:00:00,24.340302,18.77118,897.8161,10.525001,228.36835,71.121445
2022-09-13 08:00:00,24.895325,18.87207,897.114,10.514775,231.05365,69.234886
2022-09-13 09:00:00,24.863373,18.830933,896.5644,10.359037,233.44574,69.18906
2022-09-13 10:00:00,24.151337,18.666077,896.22095,10.091207,239.38449,71.46073
2022-09-13 11:00:00,24.026886,18.584442,896.2736,9.486435,239.276,71.62981
2022-09-13 12:00:00,23.915161,18.619934,896.5694,8.744525,236.80788,72.27259
2022-09-13 13:00:00,23.71347,18.784851,897.11414,8.211392,232.24683,73.91302
2022-09-13 14:00:00,23.017395,18.789917,897.86523,7.903929,228.15526,77.10884
2022-09-13 15:00:00,22.266815,18.598389,898.51666,7.759099,224.70544,79.74157
2022-09-13 16:00:00,22.131104,18.628204,898.9139,7.7775664,222.10771,80.55332
2022-09-13 17:00:00,21.709229,18.529419,899.0204,7.9010873,220.6131,82.14437
2022-09-13 18:00:00,21.538696,18.50769,898.89124,8.044933,220.60039,82.89265
2022-09-13 19:00:00,21.435944,18.517944,898.6384,8.2063675,220.96211,83.469284
2022-09-13 20:00:00,21.002472,18.369354,898.3265,8.325773,221.77925,84.92418
2022-09-13 21:00:00,20.884033,18.308594,898.07263,8.385931,222.12785,85.21942
2022-09-13 22:00:00,20.55716,18.14569,897.9941,8.050377,223.05301,86.06763
2022-09-13 23:00:00,20.51715,18.159393,898.1294,8.189528,222.92369,86.35445
2022-09-14 00:00:00,20.717834,18.228546,898.50116,8.371789,222.33138,85.66417
2022-09-14 01:00:00,20.794922,18.287537,899.0238,8.566171,221.15736,85.57478
2022-09-14 02:00:00,21.874146,18.649323,899.6295,8.87722,219.84947,81.93362
2022-09-14 03:00:00,22.173645,18.595032,900.09845,9.533637,219.57986,80.17828
2022-09-14 04:00:00,22.419037,18.577423,900.3416,10.100318,220.07784,78.90309
2022-09-14 05:00:00,23.88562,18.88205,900.1914,10.597799,221.71014,73.59694
2022-09-14 06:00:00,24.358276,18.91861,899.77167,10.959026,224.50284,71.70207
2022-09-14 07:00:00,24.526123,18.883026,899.0925,11.11749,227.25833,70.82761
2022-09-14 08:00:00,25.007507,18.954895,898.36017,11.129118,230.07936,69.129684
2022-09-14 09:00:00,25.028412,18.951965,897.71515,10.938259,232.12662,69.03097
2022-09-14 10:00:00,24.270905,18.825897,897.355,10.424228,235.33331,71.662415
2022-09-14 11:00:00,24.155487,18.81601,897.3818,9.880979,236.27812,72.11564
2022-09-14 12:00:00,23.983551,18.864319,897.6651,9.168689,235.39217,73.08412
2022-09-14 13:00:00,23.80487,18.992493,898.16656,8.690813,232.66675,74.466774
2022-09-14 14:00:00,23.036072,19.083313,898.8218,8.478252,230.02803,78.44515
2022-09-14 15:00:00,22.345367,18.860046,899.46405,8.452033,227.88042,80.67017
2022-09-14 16:00:00,22.21698,18.852448,899.8516,8.595046,226.44594,81.264275
2022-09-14 17:00:00,21.751343,18.748077,899.9154,8.908871,225.93315,83.06166
2022-09-14 18:00:00,21.64325,18.737213,899.6707,9.231485,226.7628,83.55546
2022-09-14 19:00:00,21.506378,18.695068,899.3127,9.482126,228.23558,84.03634
2022-09-14 20:00:00,21.027313,18.511963,898.7993,9.642475,229.46494,85.55569
2022-09-14 21:00:00,20.939575,18.50003,898.3831,9.800439,230.73395,85.95393
2022-09-14 22:00:00,20.7005,18.345001,898.15015,9.542469,233.99182,86.38437
2022-09-14 23:00:00,20.63501,18.336914,898.1404,9.56243,233.75775,86.68959
2022-09-15 00:00:00,20.842926,18.414429,898.354,9.667124,233.82288,86.003914
2022-09-15 01:00:00,20.870697,18.406952,898.7566,9.840731,233.08609,85.81689
2022-09-15 02:00:00,21.7612,18.684875,899.2926,10.325629,232.73201,82.684326
2022-09-15 03:00:00,22.018463,18.615234,899.7976,11.22281,233.7001,81.04246
2022-09-15 04:00:00,22.275757,18.577972,899.9804,11.951207,235.85495,79.5964
2022-09-15 05:00:00,23.63684,18.914917,899.80365,12.278074,238.0219,74.86052
2022-09-15 06:00:00,24.124481,18.993591,899.27094,12.546824,240.4082,73.05539
2022-09-15 07:00:00,24.28064,18.997711,898.5518,12.759183,242.6835,72.392914
2022-09-15 08:00:00,24.795502,19.05304,897.75,12.818926,245.1981,70.43965
2022-09-15 09:00:00,24.845245,19.023163,897.09766,12.672336,247.60646,70.10003
2022-09-15 10:00:00,24.05362,18.90506,896.5705,11.990347,250.04529,72.96257
2022-09-15 11:00:00,23.91629,18.857178,896.50446,11.457541,251.73286,73.34739
2022-09-15 12:00:00,23.768066,18.848785,896.6753,10.659676,251.25504,73.965355
2022-09-15 13:00:00,23.624268,18.964111,896.92596,10.060844,249.20856,75.1476
2022-09-15 14:00:00,22.845978,18.989594,897.5109,9.748771,247.15643,78.890816
2022-09-15 15:00:00,22.202667,18.760193,898.00885,9.664245,246.13898,80.8677
2022-09-15 16:00:00,22.09198,18.742157,898.2929,9.672281,245.13644,81.32301
2022-09-15 17:00:00,21.673248,18.642761,898.2226,9.825839,244.71834,82.91126
2022-09-15 18:00:00,21.55545,18.616364,897.94495,10.0207205,244.79703,83.3729
2022-09-15 19:00:00,21.425262,18.596222,897.57587,10.165104,245.36005,83.93415
2022-09-15 20:00:00,21.059021,18.430267,897.109,10.2917795,245.56288,84.95338
2022-09-15 21:00:00,20.988525,18.374695,896.7301,10.364645,246.24004,85.025444
2022-09-15 22:00:00,20.566162,18.182343,896.58276,9.703279,245.86075,86.218
2022-09-15 23:00:00,20.511627,18.146545,896.4945,9.918685,245.88228,86.31422
2022-09-16 00:00:00,20.735413,18.233917,896.62256,10.052049,244.97842,85.60036
2022-09-16 01:00:00,20.720215,18.201508,896.9895,10.236726,243.89359,85.50639
2022-09-16 02:00:00,21.547333,18.40097,897.44836,10.669893,242.97206,82.29682
2022-09-16 03:00:00,21.860352,18.393768,897.8649,11.534204,244.21405,80.70096
2022-09-16 04:00:00,22.192444,18.349823,897.89764,12.150236,246.07727,78.865906
2022-09-16 05:00:00,23.415009,18.586212,897.6574,12.474981,247.41176,74.32554
2022-09-16 06:00:00,23.983063,18.547272,897.06616,12.799601,249.01495,71.65172
2022-09-16 07:00:00,24.129303,18.482239,896.3336,13.093123,250.65431,70.736694
2022-09-16 08:00:00,24.690155,18.549652,895.49713,13.16137,252.19136,68.689644
2022-09-16 09:00:00,24.753113,18.569824,894.77716,12.9959545,253.4781,68.5182
2022-09-16 10:00:00,24.11435,18.51828,894.33923,11.959006,253.57555,70.96017
2022-09-16 11:00:00,24.032898,18.493896,894.27814,11.234526,252.74939,71.19921
2022-09-16 12:00:00,23.90741,18.600159,894.46045,10.417262,249.4274,72.216866
2022-09-16 13:00:00,23.699097,18.737427,894.84326,9.80031,245.34473,73.75806
2022-09-16 14:00:00,22.930725,18.753632,895.42163,9.512519,241.68459,77.33886
2022-09-16 15:00:00,22.256165,18.589111,895.9997,9.492524,238.7693,79.74695
2022-09-16 16:00:00,22.191284,18.619202,896.3594,9.652375,236.54146,80.213425
2022-09-16 17:00:00,21.73529,18.518097,896.456,9.920918,235.12073,81.95553
2022-09-16 18:00:00,21.57602,18.475311,896.32697,10.194084,234.97237,82.53604
2022-09-16 19:00:00,21.42218,18.469086,896.0975,10.420545,235.3068,83.28442
2022-09-16 20:00:00,20.992859,18.376892,895.75995,10.556983,235.83203,85.0145
2022-09-16 21:00:00,20.897797,18.37967,895.5437,10.600893,236.21457,85.52761
2022-09-16 22:00:00,20.489746,18.204285,895.55585,9.976336,237.38399,86.74465
2022-09-16 23:00:00,20.448944,18.209625,895.7467,10.111302,236.60751,86.99242
2022-09-17 00:00:00,20.775879,18.346375,896.0772,10.209402,235.71594,85.99183
2022-09-17 01:00:00,20.794128,18.333527,896.59827,10.333313,234.35059,85.826126
2022-09-17 02:00:00,21.668945,18.636871,897.2475,10.844494,233.70932,82.90249
2022-09-17 03:00:00,21.943146,18.62381,897.80493,11.726687,235.09953,81.45926
2022-09-17 04:00:00,22.212341,18.537537,898.0563,12.232579,236.70004,79.70225
2022-09-17 05:00:00,23.564636,18.761993,898.0151,12.525666,238.0546,74.47212
2022-09-17 06:00:00,24.09439,18.699982,897.6644,12.73242,239.21082,71.85757
2022-09-17 07:00:00,24.273071,18.721405,897.05023,12.896129,240.638,71.186745
2022-09-17 08:00:00,25.044067,18.85202,896.36633,12.948616,241.88298,68.53759
2022-09-17 09:00:00,25.092499,18.851929,895.8015,12.837165,243.07481,68.33969
2022-09-17 10:00:00,24.385437,18.797882,895.4308,11.833049,245.17575,71.047806
2022-09-17 11:00:00,24.310608,18.80832,895.4866,11.369823,245.36194,71.4136
2022-09-17 12:00:00,24.131042,18.87436,895.76196,10.594786,243.5135,72.48516
2022-09-17 13:00:00,23.858582,18.892456,896.229,10.035251,241.45227,73.764626
2022-09-17 14:00:00,23.021576,18.814728,896.9015,9.753739,239.51285,77.20893
2022-09-17 15:00:00,22.272491,18.624512,897.525,9.633997,238.22244,79.84442
2022-09-17 16:00:00,22.14444,18.664978,897.91437,9.707049,236.99394,80.673294
2022-09-17 17:00:00,21.628326,18.532776,898.04596,9.843604,236.77483,82.569
2022-09-17 18:00:00,21.460907,18.50824,897.9135,9.991585,237.10434,83.291176
2022-09-17 19:00:00,21.305664,18.497986,897.67834,10.081667,238.24362,84.03313
2022-09-17 20:00:00,20.883514,18.326721,897.3246,10.120582,239.57578,85.319084
2022-09-17 21:00:00,20.774872,18.259155,897.09235,10.09481,241.0126,85.528046
2022-09-17 22:00:00,20.384155,18.087036,897.2342,9.583986,242.63329,86.671196
2022-09-17 23:00:00,20.36081,18.076447,897.4434,9.525715,242.54433,86.7385
2022-09-18 00:00:00,20.650146,18.201141,897.89935,9.439393,241.81178,85.874214
2022-09-18 01:00:00,20.670746,18.201141,898.4763,9.45294,241.36136,85.76532
2022-09-18 02:00:00,21.69281,18.59729,899.05194,9.762941,241.48032,82.576904
2022-09-18 03:00:00,21.984375,18.546967,899.48126,10.287053,242.85081,80.86484
2022-09-18 04:00:00,22.27237,18.46997,899.55096,10.592231,243.96906,79.076294
2022-09-18 05:00:00,23.88269,18.687653,899.3404,10.832651,244.89963,72.72117
2022-09-18 06:00:00,24.475922,18.602356,898.87506,11.019413,245.7395,69.805305
2022-09-18 07:00:00,24.638306,18.548462,898.18506,11.214973,246.8649,68.89772
2022-09-18 08:00:00,25.301697,18.581116,897.49805,11.333655,248.1936,66.3607
2022-09-18 09:00:00,25.38507,18.499329,896.93506,11.271228,249.574,65.69525
2022-09-18 10:00:00,24.52945,18.364624,896.73047,10.190407,252.25275,68.55372
2022-09-18 11:00:00,24.44165,18.3609,896.7674,9.802906,251.8789,68.89879
2022-09-18 12:00:00,24.282837,18.382446,897.0835,9.184582,248.43512,69.651436
2022-09-18 13:00:00,24.043793,18.577698,897.6273,8.82398,245.12677,71.52694
2022-09-18 14:00:00,23.212952,18.586609,898.33,8.717022,242.46439,75.239716
2022-09-18 15:00:00,22.404022,18.407654,898.8614,8.795736,240.22734,78.13993
2022-09-18 16:00:00,22.208221,18.40857,899.1959,8.949207,238.23161,79.08087
2022-09-18 17:00:00,21.551544,18.254578,899.1481,9.209779,237.11136,81.52383
2022-09-18 18:00:00,21.352081,18.205841,898.89923,9.416895,236.73212,82.27362
2022-09-18 19:00:00,21.223022,18.190308,898.543,9.649559,237.36093,82.84637
2022-09-18 20:00:00,20.77649,18.054504,898.19086,9.738423,238.46283,84.42768
2022-09-18 21:00:00,20.631958,17.985046,897.8549,9.69857,239.58264,84.81138
2022-09-18 22:00:00,20.17096,17.692139,897.8242,8.841063,242.4603,85.66529
2022-09-18 23:00:00,20.093353,17.648102,897.9205,8.709336,242.07303,85.8389
2022-09-19 00:00:00,20.341766,17.7359,898.28796,8.520993,241.11649,84.999954
2022-09-19 01:00:00,20.36383,17.744354,898.8258,8.398867,239.96364,84.92943
2022-09-19 02:00:00,21.488678,18.19223,899.4225,8.412546,238.40704,81.51851
2022-09-19 03:00:00,21.897003,18.22757,899.8865,8.646354,238.33783,79.68575
2022-09-19 04:00:00,22.24234,18.245422,900.0338,8.851672,237.79797,78.11357
2022-09-19 05:00:00,23.825165,18.521881,899.83344,9.133703,237.94342,72.22016
2022-09-19 06:00:00,24.425812,18.441467,899.3296,9.500328,238.77179,69.31326
2022-09-19 07:00:00,24.615509,18.385437,898.70404,9.850998,240.54843,68.290764
2022-09-19 08:00:00,25.154907,18.341858,898.05835,10.058047,242.85123,65.94722
2022-09-19 09:00:00,25.230164,18.344086,897.50134,10.071709,245.29681,65.661575
2022-09-19 10:00:00,24.443024,18.1828,897.1343,9.564436,250.36415,68.127716
2022-09-19 11:00:00,24.35791,18.179108,897.159,9.18659,250.59906,68.45999
2022-09-19 12:00:00,24.159668,18.309448,897.4563,8.723111,248.11475,69.84742
2022-09-19 13:00:00,23.919678,18.468323,897.9843,8.288251,244.82056,71.57046
2022-09-19 14:00:00,23.069214,18.522491,898.6132,8.072057,242.09366,75.592384
2022-09-19 15:00:00,22.250214,18.276398,899.18555,8.0858,239.78424,78.22801
2022-09-19 16:00:00,22.117859,18.290009,899.4961,8.18745,237.77086,78.92839
2022-09-19 17:00:00,21.54834,18.131683,899.47107,8.396839,236.53879,80.91323
2022-09-19 18:00:00,21.405365,18.137482,899.1861,8.613679,236.2861,81.6543
2022-09-19 19:00:00,21.261261,18.091583,898.7673,8.761995,236.8888,82.14151
2022-09-19 20:00:00,20.764526,17.922852,898.3285,8.853599,238.07346,83.79342
2022-09-19 21:00:00,20.651642,17.88974,897.9027,8.8644495,239.05618,84.20236
2022-09-19 22:00:00,20.282349,17.674408,897.9088,8.131012,242.46439,84.98255
2022-09-19 23:00:00,20.184753,17.616669,897.9304,8.089374,242.3234,85.18605
2022-09-20 00:00:00,20.38031,17.687408,898.21063,8.006437,241.21944,84.539215
2022-09-20 01:00:00,20.546936,17.802155,898.7135,7.863283,239.52948,84.281586
2022-09-20 02:00:00,21.427826,18.03769,899.2438,7.8454056,236.54318,81.03246
2022-09-20 03:00:00,21.775482,18.047333,899.76624,8.194286,235.7542,79.37567
2022-09-20 04:00:00,22.09729,18.090546,899.94025,8.483404,235.62762,78.044075
2022-09-20 05:00:00,23.784607,18.36673,899.80853,8.82249,236.52539,71.69628
2022-09-20 06:00:00,24.364258,18.395111,899.33813,9.147722,237.98524,69.367455
2022-09-20 07:00:00,24.551544,18.406586,898.6298,9.446664,240.33981,68.64342
2022-09-20 08:00:00,25.170013,18.40622,897.81635,9.631767,242.66187,66.154274
2022-09-20 09:00:00,25.214478,18.360352,897.0898,9.641314,244.96176,65.78998
2022-09-20 10:00:00,24.367584,18.207611,896.61804,9.260874,250.13101,68.542854
2022-09-20 11:00:00,24.237,18.234314,896.5704,8.790492,249.6458,69.197266
2022-09-20 12:00:00,24.055237,18.25061,896.7212,8.25993,246.6984,70.027664
2022-09-20 13:00:00,23.888214,18.420624,897.2015,7.775334,242.72461,71.49199
2022-09-20 14:00:00,23.100433,18.460327,897.8885,7.552144,238.98572,75.156654
2022-09-20 15:00:00,22.356628,18.238983,898.5792,7.509367,236.11243,77.54092
2022-09-20 16:00:00,22.250214,18.313446,899.0524,7.567017,234.34358,78.409996
2022-09-20 17:00:00,21.693787,18.210114,899.1346,7.7165484,233.75464,80.59255
2022-09-20 18:00:00,21.464294,18.195862,898.9476,7.8664126,234.21996,81.65889
2022-09-20 19:00:00,21.325623,18.207855,898.5628,8.010278,235.27945,82.41754
2022-09-20 20:00:00,20.875,18.057281,898.1168,8.078205,236.84009,83.932144
2022-09-20 21:00:00,20.764069,18.075714,897.77075,8.043101,238.27827,84.604904
2022-09-20 22:00:00,20.480988,17.896606,897.7662,7.0402765,245.01785,85.1296
2022-09-20 23:00:00,20.434753,17.921936,897.78845,7.046121,244.40012,85.50891
2022-09-21 00:00:00,20.68805,18.07489,898.05884,6.97414,243.43704,84.99743
2022-09-21 01:00:00,20.76712,18.147858,898.4944,6.8922443,241.49382,84.973175
2022-09-21 02:00:00,21.69934,18.417694,899.1399,6.987976,238.61212,81.620834
2022-09-21 03:00:00,21.989594,18.350098,899.6629,7.319278,238.87462,79.84824
2022-09-21 04:00:00,22.314636,18.30246,899.80664,7.57417,239.85881,78.04941
2022-09-21 05:00:00,23.757294,18.53006,899.56305,7.7793,240.70184,72.55282
2022-09-21 06:00:00,24.283112,18.57611,899.0591,8.118762,241.79807,70.50028
2022-09-21 07:00:00,24.432281,18.588562,898.36523,8.3824215,243.83646,69.92753
2022-09-21 08:00:00,25.059662,18.64624,897.55334,8.6044,245.56915,67.59887
2022-09-21 09:00:00,25.088806,18.594421,896.92694,8.672671,247.42911,67.26314
2022-09-21 10:00:00,24.178955,18.363586,896.47235,8.476237,252.04207,70.00385
2022-09-21 11:00:00,24.045776,18.310516,896.394,8.15481,251.53888,70.33123
2022-09-21 12:00:00,23.867249,18.326141,896.6061,7.619946,248.62265,71.15947
2022-09-21 13:00:00,23.675964,18.494751,897.08435,7.195832,243.999,72.74786
2022-09-21 14:00:00,22.95877,18.552032,897.88104,7.028222,239.5694,76.24019
2022-09-21 15:00:00,22.22403,18.291656,898.6158,7.0521216,235.8493,78.42781
2022-09-21 16:00:00,22.094177,18.387787,899.05725,7.1623898,232.74094,79.52843
2022-09-21 17:00:00,21.558716,18.311188,899.1546,7.398535,231.4283,81.777916
2022-09-21 18:00:00,21.387726,18.263702,898.88666,7.6654444,231.23253,82.392746
2022-09-21 19:00:00,21.255524,18.246613,898.4982,7.9142647,231.99255,82.97409
2022-09-21 20:00:00,20.734283,18.109406,898.0221,8.024623,233.3432,84.93976
2022-09-21 21:00:00,20.582336,18.061768,897.7207,8.09206,234.74088,85.48234
2022-09-21 22:00:00,20.27713,17.884003,897.52185,7.9622846,237.42746,86.13935
2022-09-21 23:00:00,20.211243,17.883453,897.533,7.932072,237.9024,86.4878
2022-09-22 00:00:00,20.411987,17.987976,897.79315,7.823211,238.34143,85.98548
2022-09-22 01:00:00,20.460052,18.001404,898.2645,7.6915402,237.39874,85.80326
2022-09-22 02:00:00,21.32959,18.225403,898.86804,7.865858,236.48987,82.48832
2022-09-22 03:00:00,21.623169,18.196808,899.3663,8.261166,237.43341,80.873695
2022-09-22 04:00:00,21.898346,18.103577,899.5785,8.600133,239.46448,79.061356
2022-09-22 05:00:00,23.413025,18.367188,899.4462,8.86472,241.2484,73.321625
2022-09-22 06:00:00,23.953552,18.295807,899.01776,9.236492,243.57533,70.65673
2022-09-22 07:00:00,24.070526,18.246246,898.3204,9.551666,246.24533,69.94427
2022-09-22 08:00:00,24.606781,18.223816,897.5112,9.807985,249.29416,67.637344
2022-09-22 09:00:00,24.684814,18.21051,896.9111,9.824746,251.59665,67.26635
2022-09-22 10:00:00,23.817719,17.989471,896.4773,9.382252,259.0802,69.87891
2022-09-22 11:00:00,23.682892,17.958588,896.59204,8.899793,259.5341,70.31156
2022-09-22 12:00:00,23.519958,18.03537,896.9031,8.064129,257.6889,71.34873
2022-09-22 13:00:00,23.309845,18.165894,897.39343,7.368478,254.23425,72.85387
2022-09-22 14:00:00,22.59378,18.124542,898.0708,6.977676,250.48169,75.88449
2022-09-22 15:00:00,21.940338,17.94928,898.7109,6.875928,247.21901,78.098
2022-09-22 16:00:00,21.808044,18.01706,899.1445,6.9898195,244.3455,79.06737
2022-09-22 17:00:00,21.301605,17.931702,899.20197,7.2210746,242.46503,81.11925
2022-09-22 18:00:00,21.126984,17.89087,899.0179,7.5084453,241.83665,81.78252
2022-09-22 19:00:00,20.930267,17.857147,898.6323,7.743883,242.57944,82.60132
2022-09-22 20:00:00,20.456268,17.672913,898.225,7.866088,243.96365,84.06705
2022-09-22 21:00:00,20.323578,17.595673,897.91315,7.882201,244.98145,84.34673
2022-09-22 22:00:00,19.952911,17.437592,897.8717,7.570842,247.90625,85.446106
2022-09-22 23:00:00,19.87854,17.416687,897.9352,7.457155,248.15585,85.72746
2022-09-23 00:00:00,20.040924,17.49945,898.17224,7.3397512,248.01416,85.31425
2022-09-23 01:00:00,20.073883,17.497314,898.6527,7.252935,246.78842,85.12893
2022-09-23 02:00:00,21.009521,17.766418,899.2301,7.444818,245.4904,81.731804
2022-09-23 03:00:00,21.308136,17.742828,899.67523,7.994645,245.66217,80.128525
2022-09-23 04:00:00,21.583282,17.684875,899.7946,8.481617,246.93312,78.50264
2022-09-23 05:00:00,23.088196,17.974243,899.6158,8.88998,248.39627,72.95252
2022-09-23 06:00:00,23.708405,17.941284,899.13416,9.368736,250.07263,70.12731
2022-09-23 07:00:00,23.808228,17.886688,898.4165,9.840411,252.2966,69.46829
2022-09-23 08:00:00,24.35962,17.850098,897.5831,10.227205,254.49106,67.05191
2022-09-23 09:00:00,24.390778,17.786743,896.87366,10.340608,256.6359,66.6605
2022-09-23 10:00:00,23.68399,17.565857,896.3834,9.628644,259.9806,68.58934
2022-09-23 11:00:00,23.582458,17.608063,896.3895,9.184901,261.03113,69.194
2022-09-23 12:00:00,23.465057,17.755798,896.6321,8.335972,259.37585,70.33727
2022-09-23 13:00:00,23.28946,17.955383,897.1378,7.6232085,256.07666,71.98512
2022-09-23 14:00:00,22.532532,18.054108,897.7944,7.2199683,253.0379,75.830956
2022-09-23 15:00:00,21.749603,17.778107,898.4137,7.1036973,250.29764,78.166214
2022-09-23 16:00:00,21.557556,17.82669,898.7678,7.0850034,248.45609,79.33167
2022-09-23 17:00:00,21.042206,17.755646,898.71924,7.1812825,247.37344,81.51255
2022-09-23 18:00:00,20.845062,17.727875,898.47186,7.2959905,247.0668,82.36214
2022-09-23 19:00:00,20.73236,17.733978,898.1318,7.4772053,248.15677,82.967255
2022-09-23 20:00:00,20.237518,17.489899,897.74274,7.5933447,249.85251,84.23244
2022-09-23 21:00:00,20.103333,17.401459,897.4381,7.6846075,251.90552,84.4613
2022-09-23 22:00:00,19.794312,17.217712,897.2459,7.561116,253.72667,85.09944
2022-09-23 23:00:00,19.754852,17.204285,897.38245,7.4502273,255.30637,85.23556
2022-09-24 00:00:00,19.97171,17.305725,897.795,7.2577596,256.12323,84.63875
2022-09-24 01:00:00,20.030243,17.303589,898.3883,7.0939646,255.86987,84.32122
2022-09-24 02:00:00,20.956879,17.608917,899.0743,7.1998076,255.46956,81.186874
2022-09-24 03:00:00,21.341644,17.65271,899.5302,7.72529,256.27606,79.51138
2022-09-24 04:00:00,21.677399,17.674072,899.6881,8.162337,257.99728,77.99903
2022-09-24 05:00:00,23.188751,17.881195,899.43396,8.50123,259.25952,72.08722
2022-09-24 06:00:00,23.658691,17.80133,898.84955,8.802094,261.20126,69.72082
2022-09-24 07:00:00,23.809845,17.789978,898.0199,9.121059,263.33667,69.04003
2022-09-24 08:00:00,24.35553,17.874664,897.14825,9.31348,265.88052,67.17209
2022-09-24 09:00:00,24.425293,17.956085,896.391,9.2667,267.92444,67.23548
2022-09-24 10:00:00,23.52591,17.617584,895.9016,8.599844,272.23065,69.47195
2022-09-24 11:00:00,23.401672,17.66278,895.8287,7.729,272.51785,70.194145
2022-09-24 12:00:00,23.2706,17.815002,896.0145,6.5543947,269.78992,71.433426
2022-09-24 13:00:00,23.102997,17.888123,896.5016,5.7405286,265.84274,72.49352
2022-09-24 14:00:00,22.419128,18.013428,897.0703,5.3148074,261.17328,76.160324
2022-09-24 15:00:00,21.731659,17.910248,897.7149,5.0792127,256.50897,78.905464
2022-09-24 16:00:00,21.568848,17.877258,898.1024,5.0572405,252.46283,79.52959
2022-09-24 17:00:00,21.018402,17.782349,898.1392,5.1188645,249.37296,81.76922
2022-09-24 18:00:00,20.904388,17.785889,897.9001,5.2652545,248.47072,82.362564
2022-09-24 19:00:00,20.774384,17.787231,897.51764,5.3828707,248.77585,83.03093
2022-09-24 20:00:00,20.244598,17.57547,897.05884,5.4641194,250.2829,84.65137
2022-09-24 21:00:00,20.141083,17.532806,896.649,5.434639,251.6912,84.96584
2022-09-24 22:00:00,19.85086,17.333344,896.3739,5.449878,256.14752,85.42376
2022-09-24 23:00:00,19.805695,17.317078,896.4666,5.2098446,256.42157,85.57528
2022-09-25 00:00:00,20.054932,17.430511,896.834,4.977711,255.09302,84.87017
2022-09-25 01:00:00,20.136566,17.44748,897.45337,4.7074347,252.30753,84.53315
2022-09-25 02:00:00,21.106812,17.784058,898.1145,4.7143764,248.51715,81.33519
2022-09-25 03:00:00,21.394287,17.713501,898.678,5.077334,246.91681,79.5595
2022-09-25 04:00:00,21.643707,17.70401,898.937,5.3877935,246.79755,78.30742
2022-09-25 05:00:00,23.091919,17.927795,898.8845,5.6273456,246.8741,72.723366
2022-09-25 06:00:00,23.608307,17.890686,898.4216,5.8359547,247.6287,70.32714
2022-09-25 07:00:00,23.736786,17.9216,897.7179,6.002265,249.4797,69.92098
2022-09-25 08:00:00,24.346222,17.978973,896.979,6.0168123,252.05194,67.65196
2022-09-25 09:00:00,24.429901,18.00058,896.3465,5.860078,254.26495,67.40525
2022-09-25 10:00:00,23.780945,17.91507,895.95807,5.291548,255.85828,69.706764
2022-09-25 11:00:00,23.659637,17.906189,896.0684,4.7275186,258.0154,70.17845
2022-09-25 12:00:00,23.472778,18.06073,896.4977,3.9716656,254.3352,71.66612
2022-09-25 13:00:00,23.28595,18.17865,897.13513,3.4600656,248.95801,73.017494
2022-09-25 14:00:00,22.619293,18.20993,897.9462,3.1420937,241.6355,76.174324
2022-09-25 15:00:00,21.96463,18.015106,898.63495,3.0971355,234.50388,78.30575
2022-09-25 16:00:00,21.856018,18.080597,899.10803,3.2264667,229.23227,79.15153
2022-09-25 17:00:00,21.360413,18.015686,899.2336,3.5078251,227.31908,81.25533
2022-09-25 18:00:00,21.222595,17.98465,899.1011,3.8032718,227.94016,81.78506
2022-09-25 19:00:00,21.05841,17.985382,898.7968,4.061672,230.8941,82.617195
2022-09-25 20:00:00,20.554016,17.787384,898.4188,4.2564664,234.20395,84.16651
2022-09-25 21:00:00,20.466187,17.789429,898.11475,4.3956137,238.03845,84.63452
2022-09-25 22:00:00,19.99878,17.421326,897.9832,4.2840815,245.2964,85.116295
2022-09-25 23:00:00,19.92517,17.427368,898.16693,4.222154,245.75317,85.5378
2022-09-26 00:00:00,20.163513,17.556488,898.64056,4.180732,246.20407,84.97491
2022-09-26 01:00:00,20.198822,17.56955,899.29376,4.150198,245.55057,84.8595
2022-09-26 02:00:00,21.091095,17.841095,900.0389,4.2930574,245.67998,81.70657
2022-09-26 03:00:00,21.328735,17.781769,900.5932,4.776905,248.08743,80.223915
2022-09-26 04:00:00,21.588898,17.707855,900.8468,5.0630975,251.27097,78.58939
2022-09-26 05:00:00,23.003479,17.882812,900.7512,5.38367,252.5792,72.90691
2022-09-26 06:00:00,23.540527,17.859314,900.2918,5.816587,254.3609,70.47571
2022-09-26 07:00:00,23.644592,17.789429,899.5457,6.287835,257.45782,69.727776
2022-09-26 08:00:00,24.07071,17.838074,898.6777,6.6568055,261.38177,68.172226
2022-09-26 09:00:00,24.0596,17.778961,897.9479,6.905377,265.30875,67.9643
2022-09-26 10:00:00,23.295135,17.688232,897.5675,7.612237,270.91266,70.76042
2022-09-26 11:00:00,23.151428,17.68515,897.50415,7.346339,273.8725,71.363625
2022-09-26 12:00:00,22.995026,17.693024,897.7421,6.8614163,272.98383,72.07772
2022-09-26 13:00:00,22.81668,17.810547,898.27826,6.4149847,271.90396,73.4018
2022-09-26 14:00:00,22.09671,17.772797,898.97,6.050844,271.26385,76.502556
2022-09-26 15:00:00,21.262299,17.53955,899.59326,5.7597575,269.95877,79.33097
2022-09-26 16:00:00,21.039948,17.479065,899.9529,5.60044,267.9858,80.11461
2022-09-26 17:00:00,20.43045,17.265472,900.01263,5.603161,265.8457,82.063255
2022-09-26 18:00:00,20.206818,17.167511,899.76697,5.752321,264.98953,82.69067
2022-09-26 19:00:00,20.077698,17.160767,899.32556,5.9452415,265.0972,83.318054
2022-09-26 20:00:00,19.549774,16.909088,898.8415,6.090938,265.8149,84.72891
2022-09-26 21:00:00,19.40149,16.833435,898.49963,6.1900764,266.7884,85.10423
2022-09-26 22:00:00,19.043365,16.503723,898.3427,6.547564,267.44778,85.22037
2022-09-26 23:00:00,18.961182,16.458618,898.3212,6.3489823,269.19202,85.413
2022-09-27 00:00:00,19.172913,16.526306,898.4693,6.1073227,269.9655,84.656456
2022-09-27 01:00:00,19.153809,16.475769,898.8477,5.8433275,270.5187,84.48533
2022-09-27 02:00:00,20.194702,16.85147,899.3881,5.63768,270.98215,81.11247
2022-09-27 03:00:00,20.533844,16.909027,899.8642,5.615375,271.86163,79.7222
2022-09-27 04:00:00,20.896454,16.929535,900.0132,5.612472,272.21912,78.063324
2022-09-27 05:00:00,22.622864,17.234436,899.82227,5.6924877,271.56744,71.61858
2022-09-27 06:00:00,23.309235,17.207611,899.27783,5.9229655,270.59393,68.58728
2022-09-27 07:00:00,23.532196,17.177002,898.4946,6.3241363,270.16278,67.53998
2022-09-27 08:00:00,24.258392,17.18866,897.60486,6.7092857,271.1234,64.70254
2022-09-27 09:00:00,24.360779,17.183685,896.989,6.89897,272.5961,64.286476
2022-09-27 10:00:00,23.503021,17.062866,896.6942,7.302001,278.07062,67.1719
2022-09-27 11:00:00,23.40384,17.014587,896.7352,6.7327137,278.6797,67.36865
2022-09-27 12:00:00,23.279541,17.17337,896.93585,5.8375497,274.66675,68.561714
2022-09-27 13:00:00,23.073395,17.31012,897.42126,5.2283034,270.36642,70.0242
2022-09-27 14:00:00,22.176514,17.29776,898.03015,4.8338423,265.20642,73.88383
2022-09-27 15:00:00,21.248932,17.057037,898.6043,4.605337,259.15036,77.011314
2022-09-27 16:00:00,21.012665,17.08133,898.89185,4.6383834,253.16705,78.256584
2022-09-27 17:00:00,20.310333,16.823822,898.8297,4.8427296,249.1727,80.3939
2022-09-27 18:00:00,20.095612,16.777527,898.54193,5.1694517,247.57666,81.229164
2022-09-27 19:00:00,19.904968,16.74704,898.15076,5.484564,247.68759,82.03465
2022-09-27 20:00:00,19.390717,16.519073,897.7336,5.7282662,249.27338,83.47801
2022-09-27 21:00:00,19.186157,16.447662,897.3515,5.898278,250.84065,84.164604
2022-09-27 22:00:00,18.887817,16.226288,897.30615,5.8523746,249.83069,84.545135
2022-09-27 23:00:00,18.795227,16.189026,897.27344,5.919967,251.92593,84.833786
2022-09-28 00:00:00,19.139862,16.344116,897.411,5.974304,252.96085,83.85335
2022-09-28 01:00:00,19.17807,16.354553,897.8455,5.9695616,253.7479,83.70955
2022-09-28 02:00:00,20.205505,16.72995,898.33453,5.990505,253.47845,80.43572
2022-09-28 03:00:00,20.794495,16.948395,898.74603,6.195443,253.50366,78.6484
2022-09-28 04:00:00,21.218842,17.034515,898.83405,6.63444,253.98999,77.04362
2022-09-28 05:00:00,22.94571,17.345917,898.58905,7.2208395,255.39264,70.72717
2022-09-28 06:00:00,23.656311,17.348572,898.0505,7.8880177,256.89703,67.767845
2022-09-28 07:00:00,23.849213,17.341522,897.29517,8.463401,258.91656,66.95583
2022-09-28 08:00:00,24.457123,17.379028,896.4754,8.897137,261.3501,64.71077
2022-09-28 09:00:00,24.491364,17.313019,895.8229,9.035845,263.80328,64.30952
2022-09-28 10:00:00,23.576569,17.25528,895.4164,8.71752,268.73087,67.69386
2022-09-28 11:00:00,23.437012,17.250153,895.4646,8.149505,267.69232,68.243706
2022-09-28 12:00:00,23.254883,17.286926,895.73553,7.4159584,263.84988,69.15873
2022-09-28 13:00:00,23.003052,17.388458,896.1719,6.9698615,261.00476,70.67175
2022-09-28 14:00:00,22.125519,17.358246,896.7872,6.6902323,258.30246,74.397484
2022-09-28 15:00:00,21.381348,17.183441,897.31805,6.586246,255.50728,77.00232
2022-09-28 16:00:00,21.153595,17.11728,897.69775,6.5726976,253.09908,77.759026
2022-09-28 17:00:00,20.445831,16.940613,897.78186,6.715269,251.8992,80.31679
2022-09-28 18:00:00,20.11319,16.838043,897.6459,6.882373,252.37442,81.45298
2022-09-28 19:00:00,19.888062,16.761932,897.35333,7.058431,254.20564,82.198296
2022-09-28 20:00:00,19.35968,16.530884,896.9715,7.1907444,256.67645,83.70215
2022-09-28 21:00:00,19.283844,16.482697,896.6622,7.173509,259.293,83.84081
2022-09-28 22:00:00,18.911163,16.243744,896.5672,7.2590923,263.34427,84.51597
2022-09-28 23:00:00,18.834625,16.215576,896.64703,7.0259333,265.70013,84.7686
2022-09-29 00:00:00,19.073517,16.290833,896.9016,6.7831273,267.1491,83.915596
2022-09-29 01:00:00,19.096863,16.300385,897.3547,6.499688,267.62167,83.844536
2022-09-29 02:00:00,20.348267,16.747986,897.87396,6.3041716,267.63562,79.82078
2022-09-29 03:00:00,20.812134,16.961792,898.24335,6.272341,268.37393,78.62982
2022-09-29 04:00:00,21.227203,16.976715,898.3708,6.3660626,268.35016,76.72269
2022-09-29 05:00:00,23.041199,17.191284,898.18787,6.61375,267.41602,69.635544
2022-09-29 06:00:00,23.80487,17.262695,897.7241,7.018318,266.54993,66.80103
2022-09-29 07:00:00,23.998657,17.248627,897.03784,7.471582,266.1189,65.96866
2022-09-29 08:00:00,24.482971,17.13034,896.296,7.8231015,266.5521,63.602787
2022-09-29 09:00:00,24.518677,17.059998,895.7285,8.066303,266.80588,63.18506
2022-09-29 10:00:00,23.724762,17.090942,895.34515,7.919619,270.73865,66.39847
2022-09-29 11:00:00,23.562134,17.07071,895.3793,7.5708632,269.34363,66.966194
2022-09-29 12:00:00,23.394623,17.237122,895.6362,7.000115,264.8744,68.36214
2022-09-29 13:00:00,23.119202,17.353668,896.1085,6.778708,260.213,70.02287
2022-09-29 14:00:00,22.134583,17.365082,896.8562,6.8206778,255.68219,74.38853
2022-09-29 15:00:00,21.326385,17.146362,897.53687,7.006245,252.09024,77.08109
2022-09-29 16:00:00,21.078033,17.09848,897.9486,7.25437,249.29138,78.027664
2022-09-29 17:00:00,20.47461,16.98471,898.0122,7.5395555,248.20532,80.39865
2022-09-29 18:00:00,20.351196,17.006409,897.843,7.898682,248.53087,81.124794
2022-09-29 19:00:00,20.125702,16.925293,897.5167,8.214392,250.03656,81.841484
2022-09-29 20:00:00,19.644196,16.740173,897.2139,8.47317,252.19402,83.33584
2022-09-29 21:00:00,19.421082,16.573486,896.9598,8.626587,254.48888,83.60921
2022-09-29 22:00:00,19.057037,16.4169,896.9029,8.518448,260.21545,84.67878
2022-09-29 23:00:00,18.963867,16.353394,896.954,8.379936,261.16187,84.82876
2022-09-30 00:00:00,19.298004,16.458588,897.2943,8.2293825,261.79608,83.6386
2022-09-30 01:00:00,19.357727,16.477325,897.7207,8.05573,261.47522,83.4277
2022-09-30 02:00:00,20.418976,16.80658,898.3089,8.000648,261.2321,79.76917
2022-09-30 03:00:00,20.979004,17.028046,898.7378,8.135807,260.9299,78.15444
2022-09-30 04:00:00,21.354797,17.06961,898.98047,8.348776,260.87915,76.57407
2022-09-30 05:00:00,23.10495,17.309387,898.9026,8.637247,260.06522,69.88746
2022-09-30 06:00:00,23.882416,17.259705,898.4601,9.069645,259.25677,66.47768
2022-09-30 07:00:00,24.079407,17.20465,897.74945,9.572648,258.99222,65.467224
2022-09-30 08:00:00,24.667908,17.178833,896.95624,10.001639,259.4664,63.096436
2022-09-30 09:00:00,24.710968,17.068207,896.31854,10.2597885,260.0085,62.49521
2022-09-30 10:00:00,23.754822,17.03778,895.9816,10.166301,262.79645,66.05572
2022-09-30 11:00:00,23.606995,17.078705,895.96094,9.771877,260.7913,66.81924
2022-09-30 12:00:00,23.497803,17.239197,896.1803,9.357759,256.67017,67.94689
2022-09-30 13:00:00,23.254852,17.303558,896.63525,9.179094,253.72807,69.23161
2022-09-30 14:00:00,22.202545,17.291504,897.238,9.178707,251.4601,73.73767
2022-09-30 15:00:00,21.244568,17.045776,897.7612,9.35669,250.18633,76.97701
2022-09-30 16:00:00,21.050812,17.038788,898.0497,9.634787,249.06717,77.86338
2022-09-30 17:00:00,20.41391,16.902985,898.07306,10.002674,248.68639,80.28345
2022-09-30 18:00:00,20.169342,16.83194,897.8896,10.345384,249.2259,81.1392
2022-09-30 19:00:00,20.023132,16.766235,897.59393,10.636597,250.51514,81.53584
2022-09-30 20:00:00,19.449524,16.526917,897.2335,10.763678,252.18759,83.214775
2022-09-30 21:00:00,19.354553,16.47528,896.9153,10.756838,253.62947,83.433334
2022-09-30 22:00:00,18.888458,16.204254,896.7452,9.732887,258.33917,84.423134
2022-09-30 23:00:00,18.850677,16.20755,896.79694,9.621563,258.34637,84.64033
