timestamp,temperature_C,dewpoint_C,pressure_hPa,wind_speed_kmh,wind_direction_deg,relative_humidity_pct
2021-07-01 00:00:00,22.27417,18.677155,894.69257,11.355295,232.49783,80.09956
2021-07-01 01:00:00,22.389893,18.595245,895.058,11.558457,231.37999,79.13122
2021-07-01 02:00:00,23.370972,18.877563,895.4253,12.335941,232.01056,75.893005
2021-07-01 03:00:00,23.692688,18.867401,895.6668,13.039366,233.67157,74.38814
2021-07-01 04:00:00,23.950073,18.779114,895.7188,13.427792,235.10806,72.84251
2021-07-01 05:00:00,25.23462,18.926117,895.58545,13.70169,235.70772,68.078354
2021-07-01 06:00:00,25.770752,18.893097,895.2368,13.946475,236.08597,65.80871
2021-07-01 07:00:00,25.946198,18.848175,894.76874,14.1740885,236.59036,64.94582
2021-07-01 08:00:00,26.523376,18.829468,894.2519,14.241875,237.45786,62.695343
2021-07-01 09:00:00,26.660675,18.768219,893.7997,14.15864,238.02759,61.952663
2021-07-01 10:00:00,26.023743,18.433594,893.215,13.12603,239.95172,62.99337
2021-07-01 11:00:00,25.884186,18.400238,893.238,12.834615,239.00183,63.383347
2021-07-01 12:00:00,25.7529,18.436768,893.5159,12.372651,236.95163,64.02479
2021-07-01 13:00:00,25.537445,18.41513,893.9123,11.918496,233.53966,64.76068
2021-07-01 14:00:00,24.653992,18.521729,894.45276,11.700261,230.01303,68.71803
2021-07-01 15:00:00,23.903961,18.52652,894.9844,11.78887,227.51833,71.89967
2021-07-01 16:00:00,23.706696,18.5914,895.3672,12.006408,225.9856,73.05406
2021-07-01 17:00:00,23.059296,18.610168,895.5641,12.315855,225.7553,76.054016
2021-07-01 18:00:00,22.87024,18.62207,895.4528,12.646113,226.32115,76.98676
2021-07-01 19:00:00,22.768219,18.660522,895.1725,12.918927,227.26474,77.65081
2021-07-01 20:00:00,22.185364,18.524658,894.83765,13.083562,228.3432,79.76894
2021-07-01 21:00:00,21.967072,18.472778,894.6287,13.104249,229.43811,80.57504
2021-07-01 22:00:00,21.700806,18.266144,894.5403,11.979776,231.14343,80.84172
2021-07-01 23:00:00,21.655273,18.2753,894.6574,12.022168,230.22162,81.1136
2021-07-02 00:00:00,21.8768,18.34964,894.86053,11.97635,229.10904,80.39729
2021-07-02 01:00:00,22.033813,18.387726,895.16077,11.980322,227.54498,79.82127
2021-07-02 02:00:00,22.925293,18.55832,895.5691,12.678421,227.28596,76.42494
2021-07-02 03:00:00,23.143158,18.460968,895.9016,13.518231,228.71347,74.96574
2021-07-02 04:00:00,23.411377,18.395416,896.12085,13.967054,230.32996,73.45878
2021-07-02 05:00:00,24.655396,18.586487,896.1252,14.194155,231.66772,68.99138
2021-07-02 06:00:00,25.173157,18.549377,895.90533,14.330415,232.74329,66.737625
2021-07-02 07:00:00,25.319,18.54367,895.5111,14.3375635,233.80344,66.13725
2021-07-02 08:00:00,25.922333,18.592712,895.05786,14.197221,234.77533,64.00721
2021-07-02 09:00:00,26.013733,18.548676,894.6756,13.955533,235.78993,63.4866
2021-07-02 10:00:00,25.673279,18.362762,894.1373,12.933458,238.4294,64.03014
2021-07-02 11:00:00,25.597107,18.344696,894.1989,12.539632,238.59488,64.24741
2021-07-02 12:00:00,25.43805,18.353333,894.4777,11.913077,237.86569,64.892365
2021-07-02 13:00:00,25.221466,18.400879,895.00385,11.1839285,236.37833,65.929886
2021-07-02 14:00:00,24.491486,18.446442,895.6143,10.733407,233.97961,69.062805
2021-07-02 15:00:00,23.671509,18.402557,896.1766,10.577948,232.54462,72.34831
2021-07-02 16:00:00,23.469452,18.460205,896.61224,10.630133,231.755,73.49968
2021-07-02 17:00:00,22.827515,18.490356,896.7645,10.711664,232.20831,76.55254
2021-07-02 18:00:00,22.690887,18.53714,896.64624,10.88288,233.11795,77.41579
2021-07-02 19:00:00,22.52594,18.545746,896.252,11.033701,234.3905,78.23692
2021-07-02 20:00:00,22.001312,18.398254,895.86084,11.106619,235.68256,80.03242
2021-07-02 21:00:00,21.871124,18.394958,895.5362,11.043693,236.77852,80.65394
2021-07-02 22:00:00,21.63089,18.241669,895.51624,10.017053,240.49986,81.06342
2021-07-02 23:00:00,21.573486,18.225494,895.5831,9.898925,239.92212,81.266
2021-07-03 00:00:00,21.811401,18.324951,895.81323,9.753169,238.62553,80.59408
2021-07-03 01:00:00,21.918396,18.35559,896.2989,9.739005,236.9857,80.22339
2021-07-03 02:00:00,22.765503,18.535126,896.77686,10.314758,236.78995,77.05652
2021-07-03 03:00:00,23.025269,18.482391,897.1477,10.862261,238.01547,75.603546
2021-07-03 04:00:00,23.319641,18.441315,897.34393,11.088439,239.4057,74.07939
2021-07-03 05:00:00,24.791504,18.652771,897.36224,11.242612,240.34544,68.717
2021-07-03 06:00:00,25.458252,18.63443,897.06976,11.318297,240.85431,65.96558
2021-07-03 07:00:00,25.635193,18.674286,896.5591,11.398695,241.41602,65.439064
2021-07-03 08:00:00,26.452179,18.734558,896.01935,11.378595,242.06238,62.586826
2021-07-03 09:00:00,26.565704,18.70047,895.5036,11.295689,242.83786,62.03696
2021-07-03 10:00:00,26.138275,18.663239,894.9203,10.699733,247.39621,63.474052
2021-07-03 11:00:00,26.076385,18.6427,894.8232,10.535033,247.14557,63.62499
2021-07-03 12:00:00,25.871002,18.656158,894.8682,10.074297,245.5815,64.45743
2021-07-03 13:00:00,25.707977,18.694519,895.2117,9.456052,242.03848,65.23964
2021-07-03 14:00:00,24.695557,18.617462,895.733,9.118881,238.18164,68.95949
2021-07-03 15:00:00,23.921692,18.66504,896.3321,9.024562,235.59491,72.448364
2021-07-03 16:00:00,23.731293,18.748474,896.794,9.074907,233.94934,73.666115
2021-07-03 17:00:00,23.196625,18.694458,896.99615,9.157535,233.26819,75.82382
2021-07-03 18:00:00,22.884674,18.803955,896.8441,9.312955,233.4719,77.799164
2021-07-03 19:00:00,22.715912,18.821838,896.54944,9.446793,234.20395,78.68693
2021-07-03 20:00:00,22.282135,18.788818,896.2305,9.470561,235.27315,80.62157
2021-07-03 21:00:00,22.15564,18.805603,896.0595,9.406568,236.72409,81.330055
2021-07-03 22:00:00,21.795837,18.56543,896.1252,8.742789,242.99194,81.89528
2021-07-03 23:00:00,21.7453,18.58545,896.25616,8.601181,242.26584,82.251465
2021-07-04 00:00:00,22.080353,18.738281,896.57776,8.464198,241.38028,81.36096
2021-07-04 01:00:00,22.167206,18.724945,897.1209,8.507799,240.0823,80.86414
2021-07-04 02:00:00,23.26361,18.973297,897.66675,9.139323,240.47064,76.84437
2021-07-04 03:00:00,23.510223,18.908783,898.0238,9.725451,242.2117,75.40503
2021-07-04 04:00:00,23.756805,18.850586,898.16437,10.042714,243.89194,74.02385
2021-07-04 05:00:00,25.194061,19.024658,898.0454,10.193905,244.95349,68.66383
2021-07-04 06:00:00,25.836975,18.959625,897.7149,10.262651,245.95288,65.8237
2021-07-04 07:00:00,25.98645,18.912842,897.18945,10.346574,247.08188,65.0534
2021-07-04 08:00:00,26.651428,18.82669,896.6652,10.406033,248.48816,62.21328
2021-07-04 09:00:00,26.74292,18.754883,896.2025,10.374846,249.84708,61.60205
2021-07-04 10:00:00,26.199463,18.750275,895.7918,9.854962,251.77412,63.590015
2021-07-04 11:00:00,26.098541,18.736237,895.5667,9.661917,251.7055,63.914425
2021-07-04 12:00:00,25.96518,18.745667,895.62915,9.205747,250.48773,64.458725
2021-07-04 13:00:00,25.773285,18.722382,895.8859,8.539459,246.7449,65.10079
2021-07-04 14:00:00,24.86502,18.839478,896.4271,8.147695,242.52194,69.21917
2021-07-04 15:00:00,23.931091,18.90628,897.0195,8.021251,240.0794,73.50719
2021-07-04 16:00:00,23.673187,18.873596,897.46423,7.9938307,238.83522,74.50437
2021-07-04 17:00:00,23.059906,18.840637,897.60876,8.043144,238.871,77.154854
2021-07-04 18:00:00,22.85608,18.865723,897.46234,8.185025,239.91907,78.235306
2021-07-04 19:00:00,22.688019,18.877228,897.1295,8.319127,241.7667,79.09331
2021-07-04 20:00:00,22.138824,18.763,896.78876,8.38089,244.24318,81.19696
2021-07-04 21:00:00,21.927216,18.689728,896.53687,8.371742,246.71255,81.87535
2021-07-04 22:00:00,21.614197,18.482727,896.4412,8.619138,256.49658,82.38179
2021-07-04 23:00:00,21.560425,18.52594,896.59235,8.366966,257.51172,82.877144
2021-07-05 00:00:00,21.845703,18.614471,896.9307,8.0226755,258.1735,81.89725
2021-07-05 01:00:00,22.003693,18.63379,897.36194,7.799007,258.7467,81.20969
2021-07-05 02:00:00,23.10617,18.917572,897.7802,7.9960604,259.0863,77.30975
2021-07-05 03:00:00,23.408844,18.871552,898.05225,8.226415,260.4759,75.69134
2021-07-05 04:00:00,23.694244,18.80716,898.17096,8.331555,261.59384,74.101845
2021-07-05 05:00:00,25.205353,18.986206,898.06177,8.352817,262.1217,68.453285
2021-07-05 06:00:00,25.889221,18.956512,897.7378,8.396644,262.43033,65.607544
2021-07-05 07:00:00,26.065582,18.895538,897.2258,8.506516,262.48508,64.67962
2021-07-05 08:00:00,26.765503,18.985504,896.62225,8.608158,263.08167,62.4126
2021-07-05 09:00:00,26.893433,18.98471,896.0,8.658922,263.7201,61.941685
2021-07-05 10:00:00,26.417938,18.753357,895.3186,7.9860587,269.56958,62.7871
2021-07-05 11:00:00,26.374176,18.720459,895.1658,7.7047358,269.08203,62.820118
2021-07-05 12:00:00,26.215515,18.750214,895.255,7.14289,265.6621,63.529472
2021-07-05 13:00:00,25.978241,18.823303,895.5902,6.478459,257.85342,64.72213
2021-07-05 14:00:00,25.032288,18.877228,896.13617,6.1008124,248.95422,68.69378
2021-07-05 15:00:00,24.082764,18.884064,896.7511,6.1496525,241.8053,72.73958
2021-07-05 16:00:00,23.859924,19.028687,897.15234,6.42732,237.05043,74.38838
2021-07-05 17:00:00,23.204681,18.956818,897.27814,6.8284426,235.0213,77.0392
2021-07-05 18:00:00,23.021362,19.000214,897.10455,7.2974873,234.81319,78.10914
2021-07-05 19:00:00,22.84665,19.024323,896.7942,7.731132,235.99178,79.0587
2021-07-05 20:00:00,22.23468,18.765656,896.37103,8.05237,238.07658,80.73779
2021-07-05 21:00:00,22.132538,18.772247,896.043,8.213617,240.22229,81.275024
2021-07-05 22:00:00,21.792938,18.580627,895.89124,8.0610075,248.5975,81.98774
2021-07-05 23:00:00,21.724243,18.578613,895.8423,8.017942,248.58731,82.32216
2021-07-06 00:00:00,22.07779,18.715363,896.01526,7.9282055,248.18399,81.25717
2021-07-06 01:00:00,22.249725,18.752502,896.3145,7.8815794,247.5972,80.597626
2021-07-06 02:00:00,23.450012,19.085144,896.6513,8.118896,247.9424,76.516556
2021-07-06 03:00:00,23.833923,19.07901,896.93524,8.347772,249.05344,74.73894
2021-07-06 04:00:00,24.166168,19.003906,897.00525,8.489562,249.53534,72.919785
2021-07-06 05:00:00,25.789398,19.213348,896.8921,8.652817,249.00449,67.06198
2021-07-06 06:00:00,26.429626,19.163513,896.5375,8.82483,248.39716,64.37048
2021-07-06 07:00:00,26.577667,19.131042,896.0327,9.046106,247.61215,63.68211
2021-07-06 08:00:00,27.282745,19.073792,895.37085,9.1688595,247.67833,60.87944
2021-07-06 09:00:00,27.384369,18.987091,894.81616,9.283735,247.986,60.191612
2021-07-06 10:00:00,26.743408,19.049194,894.3409,9.136451,250.74097,62.74259
2021-07-06 11:00:00,26.639893,19.006622,894.2907,9.228789,250.86842,62.95875
2021-07-06 12:00:00,26.474579,18.976593,894.4294,9.015512,249.28265,63.456173
2021-07-06 13:00:00,26.252502,19.091827,894.8577,8.580205,245.81442,64.75708
2021-07-06 14:00:00,25.313599,19.086182,895.3756,8.274235,241.55743,68.43916
2021-07-06 15:00:00,24.522736,19.151855,895.9375,8.171062,238.17831,72.03992
2021-07-06 16:00:00,24.354767,19.258148,896.3896,8.238842,235.82455,73.25141
2021-07-06 17:00:00,23.704224,19.184082,896.6343,8.420511,235.15384,75.8194
2021-07-06 18:00:00,23.56195,19.233276,896.50024,8.659344,235.77283,76.70661
2021-07-06 19:00:00,23.412079,19.221771,896.17615,8.9069395,236.66068,77.34754
2021-07-06 20:00:00,22.726013,19.023438,895.78326,9.086277,237.85085,79.63455
2021-07-06 21:00:00,22.605957,18.993103,895.4829,9.190124,239.1929,80.065125
2021-07-06 22:00:00,22.20221,18.777771,895.4038,9.00839,242.78548,80.958824
2021-07-06 23:00:00,22.125763,18.767548,895.45056,8.893878,242.85602,81.2847
2021-07-07 00:00:00,22.499023,18.90326,895.6926,8.704744,242.6546,80.13613
2021-07-07 01:00:00,22.647339,18.9534,896.0899,8.615249,242.0264,79.66666
2021-07-07 02:00:00,23.800842,19.227478,896.5034,8.85103,241.60167,75.58383
2021-07-07 03:00:00,24.197327,19.249054,896.82947,9.240574,241.89621,73.904144
2021-07-07 04:00:00,24.533386,19.222778,897.0238,9.4796,242.30066,72.31278
2021-07-07 05:00:00,25.85971,19.396698,897.0373,9.733112,242.57315,67.54961
2021-07-07 06:00:00,26.537292,19.343872,896.8145,9.934802,242.9238,64.685425
2021-07-07 07:00:00,26.720032,19.321136,896.3928,10.15764,243.43024,63.902412
2021-07-07 08:00:00,27.406097,19.281494,895.78174,10.272166,244.58562,61.228188
2021-07-07 09:00:00,27.402618,19.220337,895.19745,10.337022,245.70236,61.007904
2021-07-07 10:00:00,26.549225,19.076294,894.57935,8.965306,250.85522,63.571613
2021-07-07 11:00:00,26.527283,19.037567,894.37524,8.933938,250.06042,63.50033
2021-07-07 12:00:00,26.411774,19.039246,894.5447,8.748783,247.66504,63.941105
2021-07-07 13:00:00,26.172302,19.080597,894.94867,8.389411,243.65714,65.019135
2021-07-07 14:00:00,25.252808,19.263062,895.49866,8.145332,238.84845,69.448235
2021-07-07 15:00:00,24.402893,19.149078,896.1255,8.183177,235.48495,72.54602
2021-07-07 16:00:00,24.201752,19.21991,896.6457,8.407478,233.52658,73.750595
2021-07-07 17:00:00,23.519714,19.119995,896.93976,8.709328,233.34613,76.36133
2021-07-07 18:00:00,23.353882,19.109558,896.9001,9.099231,234.12457,77.07889
2021-07-07 19:00:00,23.217926,19.123505,896.62494,9.494318,235.82034,77.78194
2021-07-07 20:00:00,22.74533,18.99414,896.1978,9.804875,237.77917,79.39611
2021-07-07 21:00:00,22.633942,18.983948,895.8204,10.048339,239.6196,79.88361
2021-07-07 22:00:00,22.263702,18.841888,895.71594,9.764181,248.33914,80.98007
2021-07-07 23:00:00,22.150085,18.791626,895.7584,9.653555,248.16048,81.28655
2021-07-08 00:00:00,22.369293,18.915314,896.0262,9.517895,247.33417,80.831314
2021-07-08 01:00:00,22.417603,18.84018,896.4719,9.393176,245.88986,80.21702
2021-07-08 02:00:00,23.338898,19.210815,896.9032,9.791216,245.24863,77.63693
2021-07-08 03:00:00,23.584167,19.159607,897.1638,10.143315,245.9028,76.25327
2021-07-08 04:00:00,23.847687,19.097656,897.2573,10.304261,247.12752,74.76398
2021-07-08 05:00:00,25.181824,19.34906,897.1662,10.370477,248.03119,70.11659
2021-07-08 06:00:00,25.70996,19.307861,896.90955,10.43138,248.6814,67.77624
2021-07-08 07:00:00,25.872253,19.31488,896.4735,10.526343,249.2533,67.15672
2021-07-08 08:00:00,26.425262,19.34137,895.9024,10.60136,249.70428,65.10404
2021-07-08 09:00:00,26.471222,19.276184,895.29865,10.641658,250.38597,64.664925
2021-07-08 10:00:00,26.076202,19.278442,894.59143,9.56506,252.33035,66.20057
2021-07-08 11:00:00,25.99524,19.29425,894.4313,9.633429,252.89484,66.58392
2021-07-08 12:00:00,25.80365,19.301147,894.4397,9.527553,252.27197,67.37266
2021-07-08 13:00:00,25.628296,19.438812,894.71606,9.262245,249.87503,68.66243
2021-07-08 14:00:00,24.674225,19.415558,895.1227,9.090006,246.23166,72.57179
2021-07-08 15:00:00,23.849976,19.228912,895.617,9.128344,242.86386,75.36751
2021-07-08 16:00:00,23.700867,19.24179,896.02936,9.345593,240.54218,76.10775
2021-07-08 17:00:00,23.10553,19.138855,896.21094,9.66101,239.65172,78.38717
2021-07-08 18:00:00,22.933868,19.15393,896.057,10.0611,239.682,79.28012
2021-07-08 19:00:00,22.76416,19.127167,895.7539,10.468227,240.62468,79.96604
2021-07-08 20:00:00,22.31781,18.97049,895.3448,10.777373,242.35995,81.36451
2021-07-08 21:00:00,22.233398,18.914307,895.0192,10.948391,244.33463,81.49728
2021-07-08 22:00:00,21.892944,18.784973,894.7395,10.485322,247.93834,82.53668
2021-07-08 23:00:00,21.800842,18.74939,894.75336,10.416811,248.45514,82.81772
2021-07-09 00:00:00,22.072113,18.86969,895.00226,10.29662,248.45654,82.0729
2021-07-09 01:00:00,22.091064,18.849945,895.3672,10.217396,248.36955,81.877106
2021-07-09 02:00:00,23.025665,19.156067,895.767,10.432269,248.03773,78.851326
2021-07-09 03:00:00,23.306976,19.108093,896.1129,10.753132,248.84367,77.29043
2021-07-09 04:00:00,23.57608,19.08023,896.36444,10.901532,249.71446,75.91393
2021-07-09 05:00:00,24.81131,19.312836,896.4635,11.022772,249.94748,71.52141
2021-07-09 06:00:00,25.375336,19.345398,896.27844,11.209208,250.20605,69.29816
2021-07-09 07:00:00,25.492249,19.32837,895.776,11.417839,250.63846,68.74544
2021-07-09 08:00:00,26.274414,19.469147,895.136,11.594335,251.3633,66.210365
2021-07-09 09:00:00,26.330109,19.466156,894.4932,11.6866665,252.26573,65.980736
2021-07-09 10:00:00,25.820099,19.283722,893.88947,11.684819,256.55853,67.234055
2021-07-09 11:00:00,25.752167,19.275421,893.7007,11.681343,255.94525,67.47044
2021-07-09 12:00:00,25.620941,19.21585,893.83124,11.358914,253.71756,67.74593
2021-07-09 13:00:00,25.392395,19.229645,894.2123,11.119051,249.89108,68.730865
2021-07-09 14:00:00,24.56186,19.319885,894.7389,11.106832,246.35025,72.62747
2021-07-09 15:00:00,23.79007,19.214233,895.3028,11.135143,244.1185,75.570496
2021-07-09 16:00:00,23.61084,19.199615,895.7992,11.286516,242.50299,76.32079
2021-07-09 17:00:00,22.972809,19.081268,896.03705,11.56927,242.12027,78.73604
2021-07-09 18:00:00,22.763184,19.063568,895.9825,11.925129,242.59726,79.65436
2021-07-09 19:00:00,22.58963,19.04596,895.6194,12.244238,243.8732,80.40918
2021-07-09 20:00:00,22.05841,18.836731,895.16833,12.42462,245.4675,81.972565
2021-07-09 21:00:00,21.94928,18.803558,894.7609,12.450765,247.1436,82.349014
2021-07-09 22:00:00,21.64981,18.686737,894.4786,12.163966,251.51611,83.25882
2021-07-09 23:00:00,21.591217,18.69046,894.46716,12.001331,252.207,83.57714
2021-07-10 00:00:00,21.801666,18.745056,894.62244,11.833106,252.84589,82.79114
2021-07-10 01:00:00,21.988678,18.800842,894.9838,11.6503525,253.6414,82.13746
2021-07-10 02:00:00,22.996063,19.081055,895.4193,11.581436,254.1412,78.62426
2021-07-10 03:00:00,23.272491,19.055145,895.8267,11.583527,255.12584,77.19628
2021-07-10 04:00:00,23.563873,19.028748,896.0796,11.55842,255.7732,75.72631
2021-07-10 05:00:00,24.840698,19.126617,896.091,11.460664,256.1192,70.572784
2021-07-10 06:00:00,25.435272,19.089142,895.8145,11.450412,256.2918,67.95838
2021-07-10 07:00:00,25.576843,19.016083,895.33,11.588483,256.78098,67.08299
2021-07-10 08:00:00,26.276306,19.072388,894.7852,11.682787,257.16602,64.58777
2021-07-10 09:00:00,26.385468,19.037537,894.2846,11.634042,257.70856,64.03361
2021-07-10 10:00:00,26.04013,18.916992,893.64124,11.058314,263.51953,64.8639
2021-07-10 11:00:00,25.973694,18.884888,893.48206,10.900287,262.5066,64.989006
2021-07-10 12:00:00,25.93158,18.920898,893.76483,10.53313,259.7503,65.297874
2021-07-10 13:00:00,25.815948,19.177124,894.2594,10.245106,255.03192,66.80563
2021-07-10 14:00:00,24.956665,19.247772,894.90186,10.196918,250.63615,70.61711
2021-07-10 15:00:00,24.118744,19.183899,895.56274,10.2295265,247.46078,73.952736
2021-07-10 16:00:00,23.940063,19.204102,896.03406,10.365306,245.23001,74.84471
2021-07-10 17:00:00,23.314209,19.147705,896.21655,10.557609,244.0825,77.447624
2021-07-10 18:00:00,23.068207,19.10971,896.12054,10.7675495,244.16983,78.421745
2021-07-10 19:00:00,22.839386,19.084991,895.8178,10.934939,245.15492,79.39329
2021-07-10 20:00:00,22.230804,18.922699,895.3945,11.003363,246.80553,81.55286
2021-07-10 21:00:00,22.118896,18.904907,895.0239,10.9673,248.82404,82.019394
2021-07-10 22:00:00,21.858337,18.753998,894.96075,10.834557,252.05585,82.55124
2021-07-10 23:00:00,21.776978,18.718658,894.9551,10.367882,253.05664,82.77933
2021-07-11 00:00:00,21.948639,18.749634,895.15155,9.895899,253.51501,82.07522
2021-07-11 01:00:00,22.235504,18.889313,895.5932,9.368808,253.61154,81.35978
2021-07-11 02:00:00,23.388275,19.092255,896.0735,8.923999,252.5628,76.836136
2021-07-11 03:00:00,23.779602,19.051453,896.4257,8.676981,252.09451,74.85485
2021-07-11 04:00:00,24.10431,19.019043,896.53424,8.514174,252.45029,73.2601
2021-07-11 05:00:00,25.384491,18.967682,896.49146,8.309708,252.922,67.6494
2021-07-11 06:00:00,25.868195,18.994568,896.28815,8.218356,252.952,65.84548
2021-07-11 07:00:00,25.993622,19.038452,895.89056,8.187613,252.85695,65.53745
2021-07-11 08:00:00,26.56842,19.00119,895.353,8.154891,252.81567,63.202995
2021-07-11 09:00:00,26.632294,18.980377,894.7533,8.0661545,251.87794,62.883896
2021-07-11 10:00:00,26.178131,18.938599,894.20056,6.396092,254.10855,64.42358
2021-07-11 11:00:00,26.12149,18.875488,894.0261,6.480605,247.38907,64.38547
2021-07-11 12:00:00,25.948181,18.92987,894.18756,6.540949,239.4981,65.27027
2021-07-11 13:00:00,25.768188,19.123444,894.63367,6.8477235,232.72168,66.771286
2021-07-11 14:00:00,24.85437,19.121094,895.22107,7.322542,227.19151,70.49095
2021-07-11 15:00:00,23.97995,19.166412,895.84314,7.8689094,223.01306,74.49044
2021-07-11 16:00:00,23.791748,19.22116,896.391,8.437199,220.74599,75.59543
2021-07-11 17:00:00,23.19696,19.131195,896.66046,8.952209,219.91905,77.91788
2021-07-11 18:00:00,23.031097,19.196198,896.63477,9.417604,220.63443,79.022705
2021-07-11 19:00:00,22.90738,19.251251,896.32385,9.734421,222.36423,79.89022
2021-07-11 20:00:00,22.373413,19.077087,895.90546,9.869647,224.52217,81.630775
2021-07-11 21:00:00,22.276154,19.11496,895.61194,9.851144,226.81725,82.30925
2021-07-11 22:00:00,21.974304,18.993378,895.2978,9.1025095,230.74017,83.20363
2021-07-11 23:00:00,21.936096,19.0159,895.3836,8.959552,230.89876,83.51504
2021-07-12 00:00:00,22.176086,19.100891,895.6319,8.715555,230.20561,82.739586
2021-07-12 01:00:00,22.277618,19.094635,896.07336,8.460881,228.44127,82.19769
2021-07-12 02:00:00,23.394714,19.371277,896.52124,8.410247,223.64815,78.15251
2021-07-12 03:00:00,23.69403,19.343628,896.84576,8.70237,220.49358,76.623276
2021-07-12 04:00:00,23.969177,19.36789,896.9494,9.035917,219.67494,75.479515
2021-07-12 05:00:00,24.952362,19.420258,896.8551,9.282408,220.49292,71.39746
2021-07-12 06:00:00,25.539856,19.44458,896.56384,9.45563,221.97824,69.04863
2021-07-12 07:00:00,25.678497,19.459259,896.0684,9.494837,223.03503,68.54532
2021-07-12 08:00:00,26.12735,19.46106,895.5051,9.453487,223.42789,66.75471
2021-07-12 09:00:00,26.20871,19.443787,894.9141,9.364482,223.29028,66.36318
2021-07-12 10:00:00,25.613007,19.454712,894.221,7.7254357,228.3773,68.79276
2021-07-12 11:00:00,25.537842,19.46347,893.9957,7.770907,224.71217,69.13802
2021-07-12 12:00:00,25.394928,19.551575,894.10345,7.7396197,222.64177,70.11043
2021-07-12 13:00:00,25.169159,19.64383,894.51843,7.744604,220.92741,71.46681
2021-07-12 14:00:00,24.393127,19.73993,895.1091,7.826257,218.8458,75.30459
2021-07-12 15:00:00,23.546173,19.641968,895.76447,7.917074,216.67711,78.75564
2021-07-12 16:00:00,23.343811,19.670685,896.2316,8.0380125,215.00685,79.865074
2021-07-12 17:00:00,22.759552,19.56842,896.40674,8.239425,214.56216,82.21485
2021-07-12 18:00:00,22.637634,19.56543,896.26135,8.473476,215.3815,82.80974
2021-07-12 19:00:00,22.542358,19.60553,895.9154,8.688487,217.01886,83.497795
2021-07-12 20:00:00,22.146942,19.436462,895.49084,8.793029,219.16069,84.63644
2021-07-12 21:00:00,22.07425,19.45517,895.17,8.859702,220.97765,85.11104
2021-07-12 22:00:00,21.875702,19.305267,894.9471,8.400745,227.53601,85.34843
2021-07-12 23:00:00,21.854004,19.358246,894.93164,8.37276,226.57626,85.74374
2021-07-13 00:00:00,22.095978,19.397278,895.2,8.279574,225.37453,84.69301
2021-07-13 01:00:00,22.147583,19.369385,895.6621,8.285032,223.275,84.28079
2021-07-13 02:00:00,22.924805,19.561096,896.05615,8.626136,220.26181,81.35869
2021-07-13 03:00:00,23.161346,19.524597,896.27985,9.130253,219.03229,80.020996
2021-07-13 04:00:00,23.387085,19.503876,896.36304,9.469819,218.71558,78.83577
2021-07-13 05:00:00,24.502808,19.714691,896.3413,9.679004,219.03748,74.69466
2021-07-13 06:00:00,24.96872,19.71231,896.0994,9.767439,220.0929,72.6336
2021-07-13 07:00:00,25.133423,19.714172,895.68665,9.748978,221.68886,71.932396
2021-07-13 08:00:00,25.747559,19.900116,895.1651,9.659722,223.19612,70.15865
2021-07-13 09:00:00,25.76007,19.83377,894.6996,9.540545,224.31105,69.818985
2021-07-13 10:00:00,25.432068,19.858063,894.24,9.554661,232.07666,71.298904
2021-07-13 11:00:00,25.315979,19.93808,894.11237,9.038849,230.95645,72.14954
2021-07-13 12:00:00,25.181915,19.940613,894.3024,8.596343,229.29169,72.73892
2021-07-13 13:00:00,24.900116,19.977997,894.7243,8.291765,226.43459,74.142426
2021-07-13 14:00:00,24.093018,19.88916,895.2642,8.206333,223.69461,77.38458
2021-07-13 15:00:00,23.421265,19.845764,895.8449,8.244391,221.27943,80.360565
2021-07-13 16:00:00,23.284546,19.858978,896.3043,8.389127,219.72275,81.09287
2021-07-13 17:00:00,22.731506,19.67743,896.5263,8.571098,219.24472,82.91407
2021-07-13 18:00:00,22.628052,19.651642,896.41205,8.766025,220.26225,83.30265
2021-07-13 19:00:00,22.448853,19.650543,896.12885,8.939132,221.94061,84.20846
2021-07-13 20:00:00,22.036285,19.480164,895.7603,8.971956,223.809,85.44087
2021-07-13 21:00:00,21.93863,19.445282,895.5159,8.937648,225.52429,85.76506
2021-07-13 22:00:00,21.628937,19.316864,895.22577,8.1779785,230.6762,86.707405
2021-07-13 23:00:00,21.56842,19.283844,895.2024,8.05052,229.23741,86.85027
2021-07-14 00:00:00,21.811523,19.34784,895.3159,7.9057736,228.36157,85.91079
2021-07-14 01:00:00,21.880737,19.354828,895.609,7.8443274,226.82466,85.585724
2021-07-14 02:00:00,22.951263,19.608002,895.9341,8.185368,224.46913,81.46543
2021-07-14 03:00:00,23.213318,19.534027,896.1902,8.597107,224.33975,79.81675
2021-07-14 04:00:00,23.470642,19.507782,896.3532,8.832558,224.98538,78.45842
2021-07-14 05:00:00,24.570404,19.698944,896.39813,8.930203,226.30704,74.32055
2021-07-14 06:00:00,25.05243,19.685211,896.22675,9.036808,227.96521,72.15056
2021-07-14 07:00:00,25.196716,19.673462,895.8696,9.083625,230.10406,71.480965
2021-07-14 08:00:00,25.745056,19.805847,895.43005,9.035533,231.77937,69.76031
2021-07-14 09:00:00,25.829712,19.750061,894.9865,8.92739,233.27843,69.17142
2021-07-14 10:00:00,25.470306,19.731262,894.3608,8.398909,236.21957,70.57999
2021-07-14 11:00:00,25.334045,19.63684,894.2439,8.127147,235.59238,70.73826
2021-07-14 12:00:00,25.24002,19.652802,894.45154,7.8250413,234.16513,71.20559
2021-07-14 13:00:00,25.06839,19.737244,894.8696,7.567645,231.44713,72.31509
2021-07-14 14:00:00,24.204254,19.735352,895.41235,7.422926,227.58865,76.14027
2021-07-14 15:00:00,23.441925,19.739594,895.998,7.4338045,224.53577,79.73381
2021-07-14 16:00:00,23.275726,19.783203,896.49915,7.566984,222.20384,80.755844
2021-07-14 17:00:00,22.732391,19.657318,896.7919,7.8038883,222.02069,82.80618
2021-07-14 18:00:00,22.61615,19.648132,896.77155,8.011558,223.15675,83.34469
2021-07-14 19:00:00,22.484528,19.65274,896.5414,8.177083,225.09021,84.037575
2021-07-14 20:00:00,21.992645,19.456512,896.1805,8.187692,227.14194,85.54266
2021-07-14 21:00:00,21.927673,19.420898,895.85,8.042981,229.15808,85.692375
2021-07-14 22:00:00,21.595917,19.294342,895.6749,7.330278,235.91551,86.76101
2021-07-14 23:00:00,21.562317,19.275238,895.65515,7.0530477,235.4206,86.836174
2021-07-15 00:00:00,21.852936,19.360443,895.8398,6.815705,234.42438,85.761055
2021-07-15 01:00:00,21.95462,19.39566,896.2498,6.646609,232.35446,85.41746
2021-07-15 02:00:00,23.153107,19.751678,896.6337,6.6109505,228.72435,81.19748
2021-07-15 03:00:00,23.41034,19.645294,896.97577,6.7519007,225.89497,79.41978
2021-07-15 04:00:00,23.70697,19.610413,897.1145,6.936769,224.3647,77.8438
2021-07-15 05:00:00,25.059784,19.818268,897.1386,7.0877376,223.73758,72.716644
2021-07-15 06:00:00,25.57843,19.827515,896.87,7.2064424,223.97159,70.548065
2021-07-15 07:00:00,25.765747,19.828735,896.4004,7.3259897,225.01851,69.77371
2021-07-15 08:00:00,26.491547,19.914215,895.845,7.3448243,226.28473,67.19797
2021-07-15 09:00:00,26.579132,19.868683,895.3479,7.186329,226.91074,66.66359
2021-07-15 10:00:00,26.039368,19.631592,894.7367,6.7457175,241.36096,67.81765
2021-07-15 11:00:00,25.981537,19.709198,894.7275,6.043086,238.7417,68.3787
2021-07-15 12:00:00,25.824371,19.662872,894.97986,5.606326,233.32465,68.81999
2021-07-15 13:00:00,25.5307,19.690002,895.34436,5.5600715,228.18822,70.14742
2021-07-15 14:00:00,24.802368,19.814453,895.93726,5.741065,222.81195,73.8244
2021-07-15 15:00:00,24.13617,19.74942,896.50995,5.9309635,217.88484,76.51862
2021-07-15 16:00:00,23.998444,19.826233,897.11615,6.24648,213.8956,77.52238
2021-07-15 17:00:00,23.419708,19.714478,897.4397,6.6528807,212.79938,79.71645
2021-07-15 18:00:00,23.196472,19.67627,897.4511,6.983002,213.38109,80.60691
2021-07-15 19:00:00,23.040833,19.699432,897.29,7.3079877,215.04079,81.48613
2021-07-15 20:00:00,22.49231,19.531586,897.0622,7.4968357,217.11041,83.36822
2021-07-15 21:00:00,22.414917,19.521362,896.9364,7.5401316,219.15305,83.70806
2021-07-15 22:00:00,22.07138,19.353973,897.08185,7.400391,222.81519,84.59185
2021-07-15 23:00:00,22.043701,19.365875,897.2503,7.2891574,222.8147,84.79745
2021-07-16 00:00:00,22.323029,19.442627,897.5977,7.1687446,221.63327,83.76618
2021-07-16 01:00:00,22.470032,19.483765,898.08435,6.951831,219.50778,83.23344
2021-07-16 02:00:00,23.56009,19.779205,898.4963,7.1357236,215.99156,79.3625
2021-07-16 03:00:00,23.87323,19.778076,898.7725,7.4528503,213.72531,77.87507
2021-07-16 04:00:00,24.167267,19.821838,898.92865,7.62475,213.88492,76.71977
2021-07-16 05:00:00,25.440765,20.079803,898.8714,7.624804,214.93864,72.24735
2021-07-16 06:00:00,25.990448,20.098267,898.5867,7.5386405,216.60898,70.01007
2021-07-16 07:00:00,26.15509,20.087677,898.14276,7.4355216,218.84364,69.28619
2021-07-16 08:00:00,26.783752,20.038849,897.63806,7.306224,221.55995,66.56304
2021-07-16 09:00:00,26.779968,19.946167,897.1717,7.146395,224.21614,66.196915
2021-07-16 10:00:00,26.251678,19.877502,896.63916,6.809476,232.6586,68.00115
2021-07-16 11:00:00,26.135864,19.801178,896.58167,6.4043865,232.71762,68.14496
2021-07-16 12:00:00,26.042206,19.850403,896.73413,6.1118784,230.20485,68.73291
2021-07-16 13:00:00,25.819946,19.871521,897.10864,6.0866585,228.1982,69.73462
2021-07-16 14:00:00,25.088837,19.911652,897.6347,6.1257553,225.5539,73.01219
2021-07-16 15:00:00,24.173676,19.82431,898.19977,6.300498,223.38942,76.70203
2021-07-16 16:00:00,24.0466,19.844696,898.57837,6.5073895,222.15726,77.38699
2021-07-16 17:00:00,23.529816,19.838165,898.73413,6.7308497,222.90761,79.79862
2021-07-16 18:00:00,23.377625,19.843292,898.58765,6.9696784,224.93092,80.560104
2021-07-16 19:00:00,23.275879,19.861359,898.3015,7.202799,227.47337,81.14729
2021-07-16 20:00:00,22.745789,19.711487,897.9575,7.318161,230.09157,83.01753
2021-07-16 21:00:00,22.630646,19.705048,897.596,7.2533083,232.73596,83.566055
2021-07-16 22:00:00,22.217804,19.463898,897.32104,6.918993,238.33032,84.41584
2021-07-16 23:00:00,22.157349,19.45636,897.478,6.80829,238.42186,84.68749
2021-07-17 00:00:00,22.408081,19.499817,897.77423,6.612542,237.29977,83.63079
2021-07-17 01:00:00,22.556671,19.510529,898.18256,6.502111,235.70795,82.93437
2021-07-17 02:00:00,23.661774,19.867401,898.5171,6.757872,235.23201,79.310265
2021-07-17 03:00:00,23.983398,19.815948,898.72327,7.1607895,236.95013,77.543
2021-07-17 04:00:00,24.29309,19.81073,898.7873,7.355918,239.26077,76.09065
2021-07-17 05:00:00,25.509277,19.977661,898.6493,7.4455504,241.20341,71.50039
2021-07-17 06:00:00,26.095367,19.9646,898.3011,7.5668178,242.89929,69.00359
2021-07-17 07:00:00,26.244873,19.921112,897.78656,7.7564163,244.85107,68.212524
2021-07-17 08:00:00,26.91565,19.90567,897.2104,7.9419136,247.1265,65.50627
2021-07-17 09:00:00,26.970428,19.835052,896.6453,8.042895,248.79013,65.01063
2021-07-17 10:00:00,26.422089,19.797699,896.1884,7.1972957,250.33035,66.988304
2021-07-17 11:00:00,26.28067,19.721436,895.9953,7.257504,249.66237,67.23107
2021-07-17 12:00:00,26.134247,19.709045,896.09705,7.2782025,247.43994,67.76315
2021-07-17 13:00:00,25.969269,19.859192,896.449,7.2437716,243.81227,69.06783
2021-07-17 14:00:00,25.110046,19.897491,897.03064,7.2390637,239.25146,72.85604
2021-07-17 15:00:00,24.310608,19.828003,897.5352,7.3778133,236.19302,76.09224
2021-07-17 16:00:00,24.13095,19.847992,897.82025,7.68516,234.6341,77.01187
2021-07-17 17:00:00,23.534027,19.815613,897.839,8.028842,233.98032,79.66693
2021-07-17 18:00:00,23.338348,19.8031,897.55774,8.434533,234.00043,80.5504
2021-07-17 19:00:00,23.192596,19.799408,897.1208,8.823652,235.28,81.24404
2021-07-17 20:00:00,22.70694,19.671173,896.6021,9.190014,236.80695,83.005455
2021-07-17 21:00:00,22.567902,19.618683,896.1908,9.430407,238.78854,83.436485
2021-07-17 22:00:00,22.32425,19.470825,895.9295,8.949732,241.49979,83.90691
2021-07-17 23:00:00,22.264221,19.473145,895.9716,9.152137,240.95752,84.226074
2021-07-18 00:00:00,22.417389,19.525146,896.1461,9.247698,240.32588,83.71518
2021-07-18 01:00:00,22.558838,19.578308,896.55646,9.29728,239.03389,83.27337
2021-07-18 02:00:00,23.555847,19.844025,896.9054,9.603163,238.2096,79.702446
2021-07-18 03:00:00,24.107178,19.859985,897.1717,10.05996,238.0014,77.17916
2021-07-18 04:00:00,24.408844,19.858551,897.1886,10.415253,238.09824,75.78913
2021-07-18 05:00:00,25.39151,19.935822,897.0798,10.7313,238.62741,71.816185
2021-07-18 06:00:00,25.845978,19.88733,896.7395,11.014387,239.7478,69.69537
2021-07-18 07:00:00,26.000336,19.887878,896.27094,11.325749,241.14224,69.06363
2021-07-18 08:00:00,26.50708,20.01001,895.68945,11.515932,242.63687,67.53591
2021-07-18 09:00:00,26.501587,19.915863,895.1314,11.634016,243.83844,67.16505
2021-07-18 10:00:00,25.952026,19.858582,894.39453,10.546439,246.22424,69.135735
2021-07-18 11:00:00,25.86731,19.878448,894.2914,10.646004,244.80923,69.56905
2021-07-18 12:00:00,25.758575,19.820038,894.493,10.701285,243.12561,69.765755
2021-07-18 13:00:00,25.506012,19.91092,894.89404,10.6344185,240.84314,71.21925
2021-07-18 14:00:00,24.778076,19.996582,895.4782,10.663821,237.97849,74.77051
2021-07-18 15:00:00,24.134308,19.872498,896.055,10.86293,236.19928,77.11339
2021-07-18 16:00:00,24.012543,19.92926,896.42365,11.17315,235.26169,77.95286
2021-07-18 17:00:00,23.411987,19.829285,896.5129,11.550277,235.49652,80.32347
2021-07-18 18:00:00,23.22287,19.816284,896.27075,12.013445,236.4372,81.180466
2021-07-18 19:00:00,23.081665,19.82611,895.8106,12.471792,237.82007,81.92629
2021-07-18 20:00:00,22.508667,19.63031,895.2855,12.75714,239.42328,83.79766
2021-07-18 21:00:00,22.384033,19.614105,894.90094,12.926485,240.7926,84.349884
2021-07-18 22:00:00,22.184967,19.52179,894.6722,12.785353,243.46127,84.88967
2021-07-18 23:00:00,22.141724,19.510437,894.6986,12.735133,243.54524,85.05352
2021-07-19 00:00:00,22.349426,19.567108,894.8661,12.621758,242.77917,84.28123
2021-07-19 01:00:00,22.4581,19.597229,895.29877,12.563316,241.45566,83.88304
2021-07-19 02:00:00,23.352753,19.86023,895.6488,12.849439,239.87552,80.7659
2021-07-19 03:00:00,23.634094,19.814117,895.9947,13.428321,239.33963,79.18063
2021-07-19 04:00:00,23.86142,19.81897,896.1171,13.869391,239.7055,78.12826
2021-07-19 05:00:00,24.929688,19.978882,896.0203,14.052723,240.11128,74.01579
2021-07-19 06:00:00,25.537628,20.129028,895.65955,14.196614,240.44748,72.051895
2021-07-19 07:00:00,25.740814,20.164337,895.14545,14.310165,240.52722,71.34401
2021-07-19 08:00:00,26.13855,20.231262,894.56085,14.378807,240.35957,69.97247
2021-07-19 09:00:00,26.139832,20.244385,894.0005,14.3241,239.99913,70.02393
2021-07-19 10:00:00,25.546448,20.058441,893.41205,13.008962,243.33707,71.70037
2021-07-19 11:00:00,25.363586,20.022797,893.3462,13.062281,240.85052,72.32396
2021-07-19 12:00:00,25.280762,20.085938,893.60724,12.929097,238.31158,72.96568
2021-07-19 13:00:00,25.07666,20.123291,894.0588,12.758702,235.76819,74.0287
2021-07-19 14:00:00,24.357574,20.19043,894.6128,12.655789,233.40875,77.600105
2021-07-19 15:00:00,23.591217,20.05185,895.20386,12.687882,231.43651,80.56309
2021-07-19 16:00:00,23.469147,20.095276,895.59875,12.886044,230.13177,81.37649
2021-07-19 17:00:00,23.090088,19.99585,895.7696,13.250844,229.75052,82.75017
2021-07-19 18:00:00,22.927979,19.981293,895.59827,13.728997,230.3366,83.49069
2021-07-19 19:00:00,22.823547,20.014587,895.2969,14.168585,231.3611,84.19394
2021-07-19 20:00:00,22.606232,19.951141,894.8938,14.501443,232.85504,84.97652
2021-07-19 21:00:00,22.101624,19.659332,894.5771,14.741874,234.48886,86.05364
2021-07-19 22:00:00,22.027496,19.701324,894.4874,13.896559,238.0646,86.66891
2021-07-19 23:00:00,21.993805,19.68454,894.49304,14.034658,238.0701,86.75672
2021-07-20 00:00:00,22.177582,19.719757,894.79224,14.155509,238.04596,85.97822
2021-07-20 01:00:00,22.25528,19.71695,895.32697,14.334527,237.80325,85.557556
2021-07-20 02:00:00,23.111145,19.974915,895.8287,14.871557,237.44522,82.5378
2021-07-20 03:00:00,23.32611,19.974274,896.1689,15.675566,238.70963,81.46941
2021-07-20 04:00:00,23.555328,19.89679,896.3247,16.26694,240.7102,79.96602
2021-07-20 05:00:00,24.555054,20.110779,896.23303,16.582352,242.45956,76.311295
2021-07-20 06:00:00,25.039764,20.167969,895.8967,16.774681,243.95111,74.396935
2021-07-20 07:00:00,25.155334,20.180817,895.35486,16.812576,244.97707,73.94512
2021-07-20 08:00:00,25.686829,20.333984,894.8195,16.697926,245.58292,72.32705
2021-07-20 09:00:00,25.69867,20.358154,894.2927,16.499136,246.07898,72.38419
2021-07-20 10:00:00,24.97287,20.1268,893.79346,15.078833,247.42613,74.5043
2021-07-20 11:00:00,24.928162,20.144287,893.80505,14.813892,246.41309,74.78408
2021-07-20 12:00:00,24.819366,20.143707,894.02936,14.387265,244.71286,75.26852
2021-07-20 13:00:00,24.664368,20.269196,894.48627,13.95574,242.3626,76.56024
2021-07-20 14:00:00,24.076752,20.25711,895.0506,13.809777,240.09229,79.24397
2021-07-20 15:00:00,23.37268,20.132904,895.56586,13.910857,238.42242,82.04219
2021-07-20 16:00:00,23.241669,20.154938,895.9024,14.1602545,237.55838,82.80653
2021-07-20 17:00:00,22.830383,20.019989,895.9769,14.479299,237.62558,84.187195
2021-07-20 18:00:00,22.666199,19.994415,895.7678,14.8218355,238.41418,84.895004
2021-07-20 19:00:00,22.544678,19.975037,895.3466,15.135519,239.63565,85.421005
2021-07-20 20:00:00,22.213623,19.841736,894.82245,15.406385,241.3017,86.44113
2021-07-20 21:00:00,22.102264,19.814941,894.36633,15.546195,243.0564,86.88499
2021-07-20 22:00:00,21.84378,19.620972,894.05896,14.470479,245.11578,87.209755
2021-07-20 23:00:00,21.815704,19.607605,894.10956,14.671472,245.12317,87.2869
2021-07-21 00:00:00,21.987305,19.652435,894.2907,14.685878,244.90897,86.61834
2021-07-21 01:00:00,22.109222,19.699158,894.6725,14.756753,244.60452,86.22669
2021-07-21 02:00:00,22.90155,19.908264,894.99365,15.060947,244.10095,83.24704
2021-07-21 03:00:00,23.160034,19.899231,895.24365,15.693147,244.91544,81.9093
2021-07-21 04:00:00,23.36734,19.856018,895.3225,16.094595,246.28264,80.67375
2021-07-21 05:00:00,24.393951,20.02414,895.18835,16.262314,247.206,76.63874
2021-07-21 06:00:00,24.835693,20.13504,894.8567,16.313515,247.60547,75.15488
2021-07-21 07:00:00,24.978699,20.164062,894.3429,16.347332,247.8649,74.65023
2021-07-21 08:00:00,25.659515,20.277405,893.8044,16.347445,248.09358,72.191605
2021-07-21 09:00:00,25.717255,20.312134,893.31805,16.236938,248.15488,72.09929
2021-07-21 10:00:00,25.172882,20.101776,892.77484,15.479645,249.37695,73.507706
2021-07-21 11:00:00,25.090668,20.07846,892.66296,15.30265,248.36111,73.762085
2021-07-21 12:00:00,25.03128,20.123383,892.84045,15.060999,246.61832,74.2296
2021-07-21 13:00:00,24.868195,20.186523,893.15314,14.802997,244.38455,75.248405
2021-07-21 14:00:00,24.197357,20.162659,893.6321,14.684655,242.07849,78.21458
2021-07-21 15:00:00,23.6044,20.077179,894.12024,14.752708,240.31342,80.6254
2021-07-21 16:00:00,23.436249,20.08023,894.43115,14.983743,239.34326,81.46225
2021-07-21 17:00:00,22.927277,19.978943,894.4662,15.2954645,239.10321,83.482124
2021-07-21 18:00:00,22.763306,19.970276,894.22906,15.626808,239.47546,84.270424
2021-07-21 19:00:00,22.682983,19.992981,893.80194,15.933129,240.18289,84.80109
2021-07-21 20:00:00,22.305939,19.829163,893.2338,16.150303,240.92221,85.889885
2021-07-21 21:00:00,22.173737,19.772064,892.8345,16.240295,241.7194,86.27783
2021-07-21 22:00:00,22.008972,19.613007,892.6037,15.374225,242.9533,86.292465
2021-07-21 23:00:00,22.004272,19.681488,892.64185,15.354154,242.38998,86.68492
2021-07-22 00:00:00,22.186218,19.749298,892.78516,15.335679,241.81201,86.0906
2021-07-22 01:00:00,22.256683,19.725159,893.08417,15.322613,240.99606,85.593834
2021-07-22 02:00:00,23.121399,19.950592,893.4201,15.521976,239.85062,82.36249
2021-07-22 03:00:00,23.380798,19.879822,893.7472,15.925074,239.2798,80.72725
2021-07-22 04:00:00,23.615295,19.84256,893.94775,16.171406,239.06079,79.41024
2021-07-22 05:00:00,24.794647,20.0484,893.8925,16.291924,238.96588,74.936554
2021-07-22 06:00:00,25.251068,20.098816,893.58026,16.365992,238.78891,73.15301
2021-07-22 07:00:00,25.394806,20.09021,893.03394,16.400291,238.8169,72.491646
2021-07-22 08:00:00,25.94574,20.244598,892.4766,16.40549,238.80768,70.83356
2021-07-22 09:00:00,25.959808,20.208923,891.9311,16.295671,238.87956,70.618744
2021-07-22 10:00:00,25.582886,20.132599,891.24884,15.030834,241.20761,71.8744
2021-07-22 11:00:00,25.54007,20.131317,891.12537,14.987809,239.73976,72.051636
2021-07-22 12:00:00,25.38971,20.14035,891.32837,14.89929,238.2185,72.73884
2021-07-22 13:00:00,25.24887,20.19394,891.83716,14.841723,235.97205,73.594215
2021-07-22 14:00:00,24.532257,20.292206,892.46643,14.839277,233.9115,77.27725
2021-07-22 15:00:00,23.859192,20.157043,893.0607,14.943622,232.4365,79.79155
2021-07-22 16:00:00,23.713074,20.227936,893.5454,15.170541,231.40532,80.84966
2021-07-22 17:00:00,23.242554,20.134064,893.7583,15.40048,230.95338,82.69529
2021-07-22 18:00:00,23.107574,20.114319,893.68964,15.666496,231.25949,83.27097
2021-07-22 19:00:00,23.024567,20.161194,893.35876,15.893814,232.01343,83.933136
2021-07-22 20:00:00,22.658142,20.01767,892.9997,16.054028,233.07695,85.058876
2021-07-22 21:00:00,22.572815,19.994476,892.75555,16.027443,234.27457,85.377884
2021-07-22 22:00:00,22.26355,19.882202,892.6266,14.676688,234.58728,86.395226
2021-07-22 23:00:00,22.253937,19.874634,892.6738,14.719389,234.49036,86.40526
2021-07-23 00:00:00,22.426086,19.959259,892.93884,14.768378,234.02365,85.95468
2021-07-23 01:00:00,22.475403,19.898895,893.40076,14.706645,233.12901,85.37761
2021-07-23 02:00:00,23.477966,20.248749,893.8734,14.780231,232.01572,82.108635
2021-07-23 03:00:00,23.720428,20.199005,894.2992,14.995922,231.35443,80.66951
2021-07-23 04:00:00,23.977661,20.166199,894.54095,15.164109,231.4617,79.27026
2021-07-23 05:00:00,25.204956,20.333618,894.6435,15.302035,231.89748,74.42635
2021-07-23 06:00:00,25.61322,20.394592,894.4402,15.428558,233.0409,72.91595
2021-07-23 07:00:00,25.73883,20.393799,894.01385,15.425532,234.10466,72.37109
2021-07-23 08:00:00,26.28302,20.460419,893.4216,15.339745,235.06548,70.36638
2021-07-23 09:00:00,26.305634,20.428192,892.889,15.208484,235.31305,70.13289
2021-07-23 10:00:00,25.827576,20.315002,892.2386,14.59574,234.08789,71.64199
2021-07-23 11:00:00,25.759888,20.278717,892.1482,14.490905,233.87402,71.768936
2021-07-23 12:00:00,25.61615,20.307861,892.3589,14.344673,233.60826,72.5139
2021-07-23 13:00:00,25.397278,20.404114,892.886,14.219331,232.62393,73.90066
2021-07-23 14:00:00,24.604095,20.47229,893.5154,14.165631,231.45052,77.806076
2021-07-23 15:00:00,23.980469,20.336853,894.12305,14.144537,230.71327,80.09709
2021-07-23 16:00:00,23.858246,20.359344,894.59686,14.245673,230.29811,80.79981
2021-07-23 17:00:00,23.39914,20.25409,894.94275,14.438225,230.62535,82.527275
2021-07-23 18:00:00,23.245758,20.230713,895.0033,14.565071,231.80585,83.17481
2021-07-23 19:00:00,23.102386,20.209106,894.84906,14.667184,233.38173,83.78676
2021-07-23 20:00:00,22.625397,20.047028,894.5337,14.663133,235.28464,85.3831
2021-07-23 21:00:00,22.530273,20.009766,894.2011,14.612697,237.19254,85.6798
2021-07-23 22:00:00,22.286926,19.920563,894.0442,13.632189,236.75668,86.47769
2021-07-23 23:00:00,22.235168,19.890137,894.144,13.699745,237.77393,86.58716
2021-07-24 00:00:00,22.440643,19.957428,894.3896,13.645283,238.46063,85.868935
2021-07-24 01:00:00,22.491638,19.932678,894.92126,13.50468,238.83522,85.47214
2021-07-24 02:00:00,23.557953,20.262573,895.3903,13.490094,238.7027,81.78352
2021-07-24 03:00:00,23.82013,20.220947,895.808,13.659449,238.94904,80.29583
2021-07-24 04:00:00,24.105804,20.215729,895.9895,13.765578,240.00014,78.90385
2021-07-24 05:00:00,25.400848,20.457642,896.03925,13.733626,240.94328,74.12944
2021-07-24 06:00:00,25.876038,20.520447,895.77325,13.655329,241.3152,72.3481
2021-07-24 07:00:00,26.024475,20.476257,895.37946,13.675718,241.79477,71.51991
2021-07-24 08:00:00,26.684479,20.616089,894.83875,13.618718,242.38354,69.38295
2021-07-24 09:00:00,26.686615,20.57602,894.3567,13.527961,243.02573,69.2031
2021-07-24 10:00:00,26.159637,20.48227,893.72406,12.165267,245.60849,70.97683
2021-07-24 11:00:00,26.027374,20.594849,893.6189,12.119612,244.36932,72.03245
2021-07-24 12:00:00,25.914062,20.622864,893.8109,11.905883,242.57953,72.642494
2021-07-24 13:00:00,25.666718,20.633942,894.233,11.853525,240.48047,73.76566
2021-07-24 14:00:00,24.907257,20.645752,894.7688,11.87154,238.21405,77.23132
2021-07-24 15:00:00,24.272217,20.59311,895.3695,11.991168,236.40215,79.96106
2021-07-24 16:00:00,24.208527,20.640839,895.8823,12.194067,234.76065,80.50343
2021-07-24 17:00:00,23.58429,20.48816,896.173,12.483834,234.00208,82.798904
2021-07-24 18:00:00,23.463135,20.459045,896.1588,12.834739,234.10693,83.25619
2021-07-24 19:00:00,23.324738,20.436462,895.8463,13.158838,235.07408,83.837524
2021-07-24 20:00:00,22.957977,20.296814,895.45435,13.407253,236.46292,84.981415
2021-07-24 21:00:00,22.841675,20.27298,895.08295,13.521509,238.19125,85.45619
2021-07-24 22:00:00,22.539703,20.07196,894.99664,12.684777,239.69565,85.96103
2021-07-24 23:00:00,22.524261,20.078827,895.02814,12.866297,240.63028,86.07822
2021-07-25 00:00:00,22.776703,20.168488,895.3516,12.901088,241.29642,85.241104
2021-07-25 01:00:00,22.859833,20.165802,895.85767,12.82502,241.7528,84.79865
2021-07-25 02:00:00,23.701141,20.374786,896.2344,12.848074,241.59888,81.64502
2021-07-25 03:00:00,23.977997,20.367096,896.46436,13.311677,242.70425,80.25873
2021-07-25 04:00:00,24.24179,20.340057,896.49493,13.656886,243.96924,78.86621
2021-07-25 05:00:00,25.391724,20.588959,896.3912,13.781892,244.9048,74.77268
2021-07-25 06:00:00,25.82492,20.630646,896.0704,13.850571,245.56154,73.06214
2021-07-25 07:00:00,25.97049,20.663422,895.6471,13.916572,246.52278,72.58136
2021-07-25 08:00:00,26.539154,20.726868,895.14703,13.866673,247.33075,70.45864
2021-07-25 09:00:00,26.631256,20.6846,894.64307,13.713848,248.2511,69.895134
2021-07-25 10:00:00,26.01651,20.575043,894.1612,12.792403,248.88863,71.99084
2021-07-25 11:00:00,25.962769,20.565521,894.1627,12.629475,248.23534,72.17777
2021-07-25 12:00:00,25.861176,20.551178,894.4637,12.329863,246.16359,72.54915
2021-07-25 13:00:00,25.711853,20.616089,894.93024,12.332408,243.38214,73.48756
2021-07-25 14:00:00,24.975311,20.656555,895.4563,12.365071,240.99022,76.96967
2021-07-25 15:00:00,24.232574,20.481049,896.02814,12.479724,239.07286,79.59946
2021-07-25 16:00:00,24.120117,20.484924,896.43414,12.708023,237.52527,80.15743
2021-07-25 17:00:00,23.59784,20.368134,896.5457,13.058454,237.00319,82.120804
2021-07-25 18:00:00,23.466675,20.391815,896.3488,13.475062,237.19547,82.89377
2021-07-25 19:00:00,23.363861,20.392761,896.00354,13.902287,238.0541,83.414474
2021-07-25 20:00:00,22.892334,20.154114,895.5864,14.187616,239.48013,84.57071
2021-07-25 21:00:00,22.789215,20.141937,895.14197,14.37919,241.21518,85.03674
2021-07-25 22:00:00,22.49289,19.914307,894.9955,13.992958,239.43753,85.36845
2021-07-25 23:00:00,22.4292,19.885437,894.9893,14.278544,240.52457,85.54633
2021-07-26 00:00:00,22.63321,19.935913,895.1156,14.391387,241.68604,84.757545
2021-07-26 01:00:00,22.737762,19.919556,895.3975,14.326093,243.17137,84.136345
2021-07-26 02:00:00,23.442017,20.033417,895.7455,14.300056,244.28929,81.19832
2021-07-26 03:00:00,23.69925,19.9805,896.0359,14.620423,246.17761,79.68785
2021-07-26 04:00:00,23.9151,19.89032,896.1498,14.943529,248.25137,78.221664
2021-07-26 05:00:00,24.93863,20.006866,896.1029,15.034213,249.74887,74.104614
2021-07-26 06:00:00,25.359894,20.024078,895.8063,15.164183,250.68512,72.34558
2021-07-26 07:00:00,25.488373,20.001312,895.39044,15.271924,251.60226,71.694145
2021-07-26 08:00:00,26.12741,20.02118,894.8347,15.268338,252.33997,69.11466
2021-07-26 09:00:00,26.187225,19.994446,894.35474,15.161429,252.96516,68.75685
2021-07-26 10:00:00,25.878326,19.861908,893.6707,14.093376,256.07623,69.452446
2021-07-26 11:00:00,25.765137,19.86325,893.634,13.85418,254.09348,69.92566
2021-07-26 12:00:00,25.609863,19.851685,893.7863,13.659745,250.48222,70.52212
2021-07-26 13:00:00,25.42517,19.952911,894.0772,13.713483,246.69693,71.74852
2021-07-26 14:00:00,24.680878,19.990936,894.4612,13.820896,243.7015,75.17969
2021-07-26 15:00:00,23.974823,19.937958,894.88135,14.021156,241.57944,78.17178
2021-07-26 16:00:00,23.78064,19.930725,895.2553,14.350946,239.73083,79.054375
2021-07-26 17:00:00,23.282593,19.808014,895.3601,14.719221,238.64795,80.84662
2021-07-26 18:00:00,23.133972,19.802551,895.24414,15.167521,238.35031,81.54834
2021-07-26 19:00:00,23.022522,19.81363,894.91235,15.639506,238.7414,82.15633
2021-07-26 20:00:00,22.494629,19.587158,894.52594,15.991577,239.6117,83.64474
2021-07-26 21:00:00,22.394684,19.599457,894.1486,16.185278,240.8426,84.21865
2021-07-26 22:00:00,22.092285,19.342255,894.0388,15.270146,241.87762,84.42256
2021-07-26 23:00:00,22.037567,19.329193,893.9464,15.612487,242.28748,84.6358
2021-07-27 00:00:00,22.172424,19.359375,894.0586,15.689851,242.681,84.100975
2021-07-27 01:00:00,22.32962,19.400085,894.3469,15.593943,243.43915,83.51139
2021-07-27 02:00:00,23.209839,19.421265,894.62805,15.41817,244.00102,79.27596
2021-07-27 03:00:00,23.429657,19.293335,894.83813,15.734081,245.06192,77.61062
2021-07-27 04:00:00,23.701538,19.201263,894.9166,15.968094,246.09694,75.912834
2021-07-27 05:00:00,24.686798,19.354828,894.87146,16.07089,246.9676,72.24385
2021-07-27 06:00:00,25.09732,19.323975,894.6191,16.092054,247.43233,70.36048
2021-07-27 07:00:00,25.237762,19.311615,894.22,16.138937,247.87398,69.72086
2021-07-27 08:00:00,25.748016,19.350311,893.7012,16.122519,248.0552,67.80234
2021-07-27 09:00:00,25.826233,19.343414,893.15924,16.053509,248.34842,67.45975
2021-07-27 10:00:00,25.411163,19.112427,892.69,14.407527,245.76334,68.15469
2021-07-27 11:00:00,25.341217,19.079407,892.6756,14.3551035,244.38824,68.298
2021-07-27 12:00:00,25.238007,19.116608,892.8578,14.2350025,242.15594,68.87819
2021-07-27 13:00:00,25.118256,19.381073,893.2649,14.401927,239.9258,70.52285
2021-07-27 14:00:00,24.347656,19.423126,893.7659,14.516783,238.68927,74.03876
2021-07-27 15:00:00,23.661438,19.35791,894.34375,14.669984,237.7816,76.84206
2021-07-27 16:00:00,23.524658,19.441376,894.8006,14.943284,236.98285,77.88117
2021-07-27 17:00:00,23.041595,19.277222,895.0581,15.256557,236.79393,79.372025
2021-07-27 18:00:00,22.904114,19.318665,894.9968,15.630777,237.22784,80.242035
2021-07-27 19:00:00,22.775208,19.34372,894.72534,15.937804,238.03058,80.997444
2021-07-27 20:00:00,22.298431,19.168335,894.3298,16.170135,239.03549,82.47162
2021-07-27 21:00:00,22.208496,19.171997,893.94336,16.2591,240.01657,82.94319
2021-07-27 22:00:00,21.882019,18.946045,893.7171,15.005645,238.95215,83.42668
2021-07-27 23:00:00,21.80716,18.953735,893.6679,15.2317295,239.03271,83.849075
2021-07-28 00:00:00,21.993896,19.035889,893.9305,15.342039,239.17964,83.324936
2021-07-28 01:00:00,22.180328,19.042145,894.3157,15.315723,239.33218,82.41579
2021-07-28 02:00:00,23.068665,19.055267,894.6347,15.198541,238.98732,78.15384
2021-07-28 03:00:00,23.365234,18.957,894.9391,15.601106,239.20554,76.296684
2021-07-28 04:00:00,23.628937,18.926727,895.1476,15.971596,240.20921,74.951385
2021-07-28 05:00:00,24.627808,19.024078,895.2328,16.163849,241.04047,71.02058
2021-07-28 06:00:00,24.989624,18.973022,895.0315,16.375385,241.99057,69.28175
2021-07-28 07:00:00,25.099854,18.97174,894.6062,16.495916,242.83765,68.82257
2021-07-28 08:00:00,25.64569,19.12851,894.08417,16.48876,243.59999,67.279396
2021-07-28 09:00:00,25.706573,19.165161,893.57336,16.22749,244.32753,67.19013
2021-07-28 10:00:00,25.241516,19.016968,893.0228,14.772082,243.24911,68.43729
2021-07-28 11:00:00,25.158234,18.996735,892.93396,14.567513,242.59546,68.6907
2021-07-28 12:00:00,25.057465,18.96283,893.1451,14.324345,240.93427,68.95828
2021-07-28 13:00:00,24.899994,19.28122,893.5479,14.255174,239.51535,71.00395
2021-07-28 14:00:00,24.172974,19.329742,894.1273,14.272183,238.42035,74.384865
2021-07-28 15:00:00,23.406372,19.190277,894.7452,14.328984,237.39073,77.22254
2021-07-28 16:00:00,23.245361,19.225586,895.16693,14.507455,236.62094,78.14855
2021-07-28 17:00:00,22.818085,19.166168,895.3601,14.758051,236.35202,79.89905
2021-07-28 18:00:00,22.63916,19.184967,895.2403,15.072118,236.89929,80.865395
2021-07-28 19:00:00,22.498566,19.21347,895.00226,15.371493,237.92294,81.70361
2021-07-28 20:00:00,21.957977,19.020355,894.5886,15.53119,239.26663,83.42683
2021-07-28 21:00:00,21.88565,19.007538,894.1872,15.530898,240.69781,83.72883
2021-07-28 22:00:00,21.625916,18.872986,894.13477,14.43506,242.19754,84.35664
2021-07-28 23:00:00,21.5495,18.83783,894.1626,14.642583,241.88287,84.566
2021-07-29 00:00:00,21.794952,19.00879,894.4009,14.779354,241.67538,84.20035
2021-07-29 01:00:00,21.969116,19.030731,894.83813,14.820883,241.3193,83.4241
2021-07-29 02:00:00,22.930817,19.165283,895.1955,14.816311,240.48114,79.35089
2021-07-29 03:00:00,23.130035,19.12735,895.5239,15.198622,240.50716,78.215004
2021-07-29 04:00:00,23.393555,19.112335,895.6646,15.507557,241.50348,76.90786
2021-07-29 05:00:00,24.50177,19.201874,895.6714,15.6785555,242.5239,72.355446
2021-07-29 06:00:00,24.871735,19.264832,895.4468,15.815066,243.68082,71.051285
2021-07-29 07:00:00,25.030579,19.31073,895.01294,15.832795,244.93048,70.58268
2021-07-29 08:00:00,25.477844,19.390045,894.45264,15.738394,246.00375,69.06879
2021-07-29 09:00:00,25.50058,19.350677,893.9907,15.510683,246.96439,68.80686
2021-07-29 10:00:00,24.972198,19.257538,893.55164,13.752747,247.53622,70.59464
2021-07-29 11:00:00,24.89624,19.196625,893.5412,13.569608,246.56201,70.64673
2021-07-29 12:00:00,24.796478,19.223022,893.7799,13.398337,244.6991,71.185646
2021-07-29 13:00:00,24.63559,19.442749,894.2265,13.343948,242.94217,72.862686
2021-07-29 14:00:00,23.91278,19.447662,894.82635,13.321576,241.34521,76.112434
2021-07-29 15:00:00,23.467285,19.421967,895.41046,13.353493,239.91946,78.05681
2021-07-29 16:00:00,23.306488,19.442017,895.8647,13.47216,238.50613,78.91626
2021-07-29 17:00:00,22.874695,19.370544,896.0867,13.677776,237.58981,80.64506
2021-07-29 18:00:00,22.660492,19.362335,895.99133,13.925584,237.54253,81.65748
2021-07-29 19:00:00,22.553802,19.379944,895.714,14.172395,237.91177,82.27811
2021-07-29 20:00:00,22.099548,19.247162,895.3604,14.294098,238.63385,83.887215
2021-07-29 21:00:00,22.000977,19.220612,895.08594,14.357551,239.40045,84.25336
2021-07-29 22:00:00,21.721313,19.116608,895.0397,13.551173,239.07462,85.15051
2021-07-29 23:00:00,21.67865,19.106964,895.1616,13.599582,238.69397,85.321526
2021-07-30 00:00:00,21.829346,19.162933,895.4104,13.606817,238.23306,84.83501
2021-07-30 01:00:00,21.96634,19.177795,895.8647,13.676952,237.4719,84.20668
2021-07-30 02:00:00,23.0401,19.459686,896.2908,13.846277,236.33852,80.28533
2021-07-30 03:00:00,23.284515,19.378265,896.67084,14.590827,236.95862,78.708374
2021-07-30 04:00:00,23.50882,19.30014,896.8296,15.150227,238.27124,77.27367
2021-07-30 05:00:00,24.657745,19.423126,896.808,15.405517,239.88208,72.677505
2021-07-30 06:00:00,25.062317,19.462524,896.58124,15.480749,240.95981,71.11758
2021-07-30 07:00:00,25.240234,19.509521,896.2064,15.434824,241.93591,70.573875
2021-07-30 08:00:00,25.803406,19.6185,895.772,15.320894,242.83289,68.71598
2021-07-30 09:00:00,25.829773,19.645874,895.247,15.090669,243.32202,68.72541
2021-07-30 10:00:00,25.338837,19.49649,894.8049,13.55113,244.99786,70.10428
2021-07-30 11:00:00,25.209259,19.44217,894.6328,13.312162,243.2933,70.40872
2021-07-30 12:00:00,25.072174,19.447845,894.8237,13.148948,241.09381,71.010994
2021-07-30 13:00:00,24.835297,19.59549,895.2481,12.980277,238.89586,72.685135
2021-07-30 14:00:00,24.124695,19.63388,895.7961,12.942134,236.7836,76.02429
2021-07-30 15:00:00,23.58429,19.585815,896.3303,13.0127735,235.15395,78.301445
2021-07-30 16:00:00,23.43982,19.611023,896.7159,13.188145,234.05928,79.11016
2021-07-30 17:00:00,22.932343,19.576233,896.85803,13.433321,233.86673,81.39806
2021-07-30 18:00:00,22.744934,19.556763,896.72156,13.739227,234.46211,82.22819
2021-07-30 19:00:00,22.615692,19.584167,896.4264,13.980212,235.5056,83.01668
2021-07-30 20:00:00,22.174164,19.428406,896.04443,14.146952,236.85587,84.45392
2021-07-30 21:00:00,22.06308,19.381287,895.7754,14.184212,238.33136,84.77861
2021-07-30 22:00:00,21.791656,19.223633,895.72015,12.868736,241.19063,85.35262
2021-07-30 23:00:00,21.76065,19.297607,895.82587,13.175024,240.3585,85.90918
2021-07-31 00:00:00,21.96521,19.367859,896.17,13.333914,239.99432,85.214806
2021-07-31 01:00:00,22.102722,19.38321,896.65076,13.422588,239.57788,84.58412
2021-07-31 02:00:00,23.1315,19.638184,897.1054,13.674151,238.59198,80.73304
2021-07-31 03:00:00,23.43155,19.536224,897.3972,14.223083,239.0101,78.782776
2021-07-31 04:00:00,23.600922,19.426208,897.5553,14.740979,240.2923,77.45098
2021-07-31 05:00:00,24.725159,19.502808,897.5097,15.022305,242.02888,72.744736
2021-07-31 06:00:00,25.153046,19.564606,897.2568,15.144079,243.46257,71.18435
2021-07-31 07:00:00,25.289673,19.582184,896.7508,15.127355,245.14575,70.684906
2021-07-31 08:00:00,25.790222,19.749115,896.1242,14.99115,246.39792,69.32941
2021-07-31 09:00:00,25.78061,19.69513,895.54596,14.789864,247.4001,69.13699
2021-07-31 10:00:00,25.226898,19.462616,895.1099,13.222715,248.00461,70.4243
2021-07-31 11:00:00,25.1315,19.42511,895.0742,12.988804,247.16954,70.66051
2021-07-31 12:00:00,25.005249,19.513062,895.402,12.746759,245.70544,71.58441
2021-07-31 13:00:00,24.768768,19.545929,895.8465,12.415341,243.67282,72.75015
2021-07-31 14:00:00,24.016846,19.565643,896.38916,12.363638,241.55965,76.19459
2021-07-31 15:00:00,23.522614,19.57965,896.93634,12.419784,240.18948,78.562965
2021-07-31 16:00:00,23.391785,19.615326,897.3193,12.708547,239.33955,79.36095
2021-07-31 17:00:00,22.926727,19.55774,897.4247,13.007662,239.43558,81.332275
2021-07-31 18:00:00,22.746613,19.561615,897.14984,13.364946,240.11847,82.244606
2021-07-31 19:00:00,22.625244,19.612457,896.6951,13.660804,241.19037,83.114395
2021-07-31 20:00:00,22.16626,19.41272,896.16327,13.909423,242.5563,84.41217
2021-07-31 21:00:00,22.078033,19.394226,895.736,14.0636835,243.8582,84.76958
2021-07-31 22:00:00,21.792236,19.241028,895.5221,13.3495035,246.24802,85.44209
2021-07-31 23:00:00,21.773834,19.21698,895.51025,13.544759,246.16154,85.4102
2021-08-01 00:00:00,21.901794,19.248444,895.7385,13.584739,245.89532,84.911705
2021-08-01 01:00:00,21.982178,19.211548,896.0889,13.564304,245.48647,84.302414
2021-08-01 02:00:00,22.926666,19.398804,896.3401,13.690511,244.59409,80.53305
2021-08-01 03:00:00,23.231018,19.356659,896.4586,14.263585,245.07361,78.85705
2021-08-01 04:00:00,23.493713,19.296295,896.3968,14.683052,245.77335,77.325584
2021-08-01 05:00:00,24.648743,19.445923,896.17975,14.856868,245.64871,72.81976
2021-08-01 06:00:00,25.085754,19.539093,895.81055,15.052019,245.55296,71.35706
2021-08-01 07:00:00,25.209076,19.599335,895.3324,15.187187,245.3581,71.10045
2021-08-01 08:00:00,25.720123,19.68338,894.7285,15.189127,245.24442,69.3348
2021-08-01 09:00:00,25.788208,19.731384,894.1609,15.042346,245.20062,69.26148
2021-08-01 10:00:00,25.133148,19.65561,893.7714,14.124891,245.74016,71.672615
2021-08-01 11:00:00,25.046326,19.656433,893.80304,13.966795,244.84128,72.048035
2021-08-01 12:00:00,24.92926,19.673798,894.10803,13.653994,243.19125,72.63093
2021-08-01 13:00:00,24.678436,19.762817,894.6488,13.310191,240.83177,74.13523
2021-08-01 14:00:00,23.944641,19.723236,895.2693,13.127274,238.5788,77.278175
2021-08-01 15:00:00,23.390106,19.722961,895.83484,13.070336,236.74718,79.901024
2021-08-01 16:00:00,23.235657,19.822937,896.2046,13.2254505,235.34515,81.15122
2021-08-01 17:00:00,22.78717,19.717896,896.29443,13.494602,234.76724,82.84246
2021-08-01 18:00:00,22.655457,19.633331,896.05756,13.846877,234.90018,83.06975
2021-08-01 19:00:00,22.579926,19.634888,895.63196,14.148588,235.68997,83.45954
2021-08-01 20:00:00,22.166443,19.493591,895.2067,14.36424,236.56683,84.8367
2021-08-01 21:00:00,22.095886,19.45517,894.87384,14.425991,237.5086,84.99887
2021-08-01 22:00:00,21.782684,19.204865,894.7712,13.434481,238.38173,85.299644
2021-08-01 23:00:00,21.780945,19.244904,894.8377,13.539251,238.4874,85.52166
2021-08-02 00:00:00,21.99002,19.308044,895.1353,13.647887,238.11142,84.76989
2021-08-02 01:00:00,22.05185,19.28897,895.6359,13.861996,237.37582,84.350716
2021-08-02 02:00:00,22.904541,19.542816,896.0849,14.376244,236.64856,81.36613
2021-08-02 03:00:00,23.13623,19.45047,896.3999,15.370848,237.91754,79.77417
2021-08-02 04:00:00,23.37268,19.458832,896.54266,15.898687,239.50693,78.68375
2021-08-02 05:00:00,24.436615,19.692596,896.52875,16.186296,240.87253,74.88848
2021-08-02 06:00:00,24.90271,19.73349,896.2745,16.22887,242.02078,73.016014
2021-08-02 07:00:00,25.049011,19.749756,895.8752,16.275808,243.02448,72.45485
2021-08-02 08:00:00,25.487946,19.891571,895.4398,16.166815,243.71896,71.210304
2021-08-02 09:00:00,25.517975,19.887054,895.0313,15.943937,244.2837,71.06351
2021-08-02 10:00:00,25.135193,19.77951,894.7126,15.043097,246.23447,72.21689
2021-08-02 11:00:00,25.049103,19.740936,894.7264,14.674044,245.05582,72.41483
2021-08-02 12:00:00,24.954285,19.844604,895.05334,14.171231,242.96814,73.29502
2021-08-02 13:00:00,24.643585,19.805054,895.55853,13.7529125,240.41472,74.48467
2021-08-02 14:00:00,23.904358,19.818695,896.12604,13.622802,237.94,77.925476
2021-08-02 15:00:00,23.253113,19.609863,896.6135,13.568717,236.5521,80.001045
2021-08-02 16:00:00,23.140045,19.62613,896.9894,13.67946,235.62479,80.63096
2021-08-02 17:00:00,22.658539,19.525574,897.15924,13.901378,235.67017,82.50024
2021-08-02 18:00:00,22.524902,19.506409,897.0613,14.213846,236.28409,83.073265
2021-08-02 19:00:00,22.437042,19.523346,896.7988,14.484275,237.61945,83.60585
2021-08-02 20:00:00,22.03067,19.365814,896.47,14.673832,239.13481,84.864525
2021-08-02 21:00:00,21.955872,19.338074,896.2326,14.732384,240.74911,85.10551
2021-08-02 22:00:00,21.665436,19.109344,896.15985,14.384567,241.9328,85.40315
2021-08-02 23:00:00,21.638031,19.133636,896.2241,14.312113,242.71689,85.67599
2021-08-03 00:00:00,21.836578,19.187225,896.42883,14.195894,243.49701,84.926
2021-08-03 01:00:00,21.872742,19.139496,896.83014,14.07375,244.06396,84.48708
2021-08-03 02:00:00,22.636932,19.270294,897.2407,14.214266,244.65982,81.30726
2021-08-03 03:00:00,23.019165,19.329254,897.59393,14.81951,246.43161,79.737595
2021-08-03 04:00:00,23.29123,19.359467,897.79175,15.29366,248.50055,78.58452
2021-08-03 05:00:00,24.542603,19.604797,897.7389,15.493041,250.17351,74.01045
2021-08-03 06:00:00,24.987915,19.64328,897.41016,15.529628,251.41937,72.24034
2021-08-03 07:00:00,25.14087,19.707306,896.9135,15.428579,252.2254,71.869865
2021-08-03 08:00:00,25.778076,19.831573,896.4029,15.3132,252.89383,69.735
2021-08-03 09:00:00,25.806244,19.785248,895.9098,15.006728,253.01924,69.41901
2021-08-03 10:00:00,25.266083,19.766144,895.53937,13.581762,253.23427,71.59699
2021-08-03 11:00:00,25.129517,19.71051,895.4877,13.2688265,251.29335,71.93279
2021-08-03 12:00:00,25.007568,19.684631,895.7427,12.898109,248.65857,72.34117
2021-08-03 13:00:00,24.8721,19.798187,896.17365,12.615752,245.39041,73.44362
2021-08-03 14:00:00,24.12024,19.820526,896.77185,12.492599,242.44775,76.93029
2021-08-03 15:00:00,23.442902,19.641907,897.3579,12.515814,240.44917,79.24727
2021-08-03 16:00:00,23.296356,19.683594,897.81555,12.69214,239.14972,80.15844
2021-08-03 17:00:00,22.83377,19.615875,898.0252,12.967658,238.90524,82.08737
2021-08-03 18:00:00,22.754974,19.557434,897.88354,13.328489,239.6095,82.18158
2021-08-03 19:00:00,22.636017,19.558044,897.59393,13.657068,240.83508,82.77989
2021-08-03 20:00:00,22.192505,19.414276,897.209,13.845015,241.96411,84.28551
2021-08-03 21:00:00,22.09256,19.387451,896.94336,13.939449,243.03244,84.65888
2021-08-03 22:00:00,21.860352,19.28357,896.8361,12.970385,243.65088,85.31314
2021-08-03 23:00:00,21.776764,19.237213,896.94385,13.0104,243.48764,85.50256
2021-08-04 00:00:00,21.979736,19.325928,897.12555,12.961551,243.27167,84.91751
2021-08-04 01:00:00,22.054443,19.329834,897.4913,12.9845495,242.543,84.552124
2021-08-04 02:00:00,22.763855,19.415344,897.8209,13.249203,241.5404,81.41514
2021-08-04 03:00:00,23.123993,19.419464,898.07275,14.083809,242.29993,79.679474
2021-08-04 04:00:00,23.361847,19.400085,898.2003,14.560874,243.41016,78.44814
2021-08-04 05:00:00,24.500336,19.636871,898.11554,14.883383,244.6514,74.34578
2021-08-04 06:00:00,24.963654,19.647034,897.7968,15.07453,245.42633,72.3618
2021-08-04 07:00:00,25.089325,19.626251,897.27875,15.141826,246.29701,71.72913
2021-08-04 08:00:00,25.80243,19.823608,896.6602,15.161949,247.19963,69.600044
2021-08-04 09:00:00,25.869507,19.816406,896.0623,15.06249,247.84802,69.29302
2021-08-04 10:00:00,25.298279,19.784637,895.5886,13.8689785,249.49504,71.54196
2021-08-04 11:00:00,25.208282,19.739166,895.3961,13.861279,248.76999,71.723595
2021-08-04 12:00:00,25.071228,19.766174,895.5564,13.545911,247.31412,72.4327
2021-08-04 13:00:00,24.84607,19.772614,895.92914,13.27658,245.51099,73.44124
2021-08-04 14:00:00,24.159027,19.720337,896.4615,13.047179,243.46477,76.27604
2021-08-04 15:00:00,23.478455,19.605011,897.055,12.969908,242.03578,78.89656
2021-08-04 16:00:00,23.283722,19.61911,897.4436,13.0185995,241.10529,79.89915
2021-08-04 17:00:00,22.811523,19.567108,897.5122,13.211227,240.9548,81.94955
2021-08-04 18:00:00,22.69574,19.589142,897.20264,13.564588,241.3848,82.6399
2021-08-04 19:00:00,22.563232,19.588226,896.8,13.87934,242.25986,83.302444
2021-08-04 20:00:00,22.159515,19.46518,896.34174,14.067956,243.36667,84.72275
2021-08-04 21:00:00,22.055206,19.410553,895.9524,14.125059,244.44388,84.973816
2021-08-04 22:00:00,21.775513,19.295746,895.77734,13.226405,244.27466,85.82126
2021-08-04 23:00:00,21.741241,19.284088,895.7082,13.370302,244.62627,85.93876
2021-08-05 00:00:00,21.937378,19.309296,895.8664,13.394281,244.41806,85.0491
2021-08-05 01:00:00,22.061432,19.285583,896.1626,13.44076,243.85776,84.2837
2021-08-05 02:00:00,22.883911,19.443176,896.4634,13.769328,243.05325,80.96494
2021-08-05 03:00:00,23.185333,19.418762,896.70386,14.55673,243.72685,79.3811
2021-08-05 04:00:00,23.422974,19.391418,896.8519,15.076366,244.52841,78.11719
2021-08-05 05:00:00,24.712982,19.675568,896.79974,15.316589,245.26459,73.58293
2021-08-05 06:00:00,25.184631,19.699554,896.59424,15.457365,245.7528,71.64835
2021-08-05 07:00:00,25.352875,19.719055,896.09607,15.529722,246.48288,71.02055
2021-08-05 08:00:00,26.064026,19.841278,895.44617,15.473462,246.90308,68.60541
2021-08-05 09:00:00,26.117004,19.879272,894.79596,15.310335,247.1716,68.55205
2021-08-05 10:00:00,25.503845,19.809631,894.16986,14.21859,247.80063,70.78268
2021-08-05 11:00:00,25.438446,19.73465,894.0034,13.9996395,247.28712,70.72859
2021-08-05 12:00:00,25.30478,19.745178,894.1714,13.614206,245.8512,71.33952
2021-08-05 13:00:00,25.10904,19.805359,894.6245,13.223558,243.72339,72.44556
2021-08-05 14:00:00,24.356323,19.848663,895.25287,12.99759,241.54706,75.98133
2021-08-05 15:00:00,23.505249,19.658417,895.89935,12.910054,239.83081,79.030785
2021-08-05 16:00:00,23.355042,19.732117,896.3486,13.0403,238.58704,80.11577
2021-08-05 17:00:00,22.784637,19.59787,896.4556,13.241286,238.02826,82.24019
2021-08-05 18:00:00,22.617737,19.584229,896.2139,13.579448,238.42203,83.00665
2021-08-05 19:00:00,22.519684,19.59085,895.81274,13.835777,239.4796,83.536674
2021-08-05 20:00:00,22.132019,19.448608,895.3786,13.993691,240.59045,84.77738
2021-08-05 21:00:00,21.996063,19.383026,895.07886,14.062707,241.77654,85.13488
2021-08-05 22:00:00,21.75592,19.27771,894.9123,13.780747,243.61462,85.827644
2021-08-05 23:00:00,21.704987,19.266266,894.9592,13.662695,244.10112,86.03386
2021-08-06 00:00:00,21.973846,19.32077,895.22107,13.474392,244.46933,84.92076
2021-08-06 01:00:00,22.052307,19.337769,895.6903,13.309099,244.5373,84.60493
2021-08-06 02:00:00,22.78482,19.423065,896.1529,13.466214,243.84222,81.35078
2021-08-06 03:00:00,23.087524,19.422699,896.5545,13.983738,244.12578,79.871445
2021-08-06 04:00:00,23.354218,19.370087,896.77264,14.270119,244.4643,78.33796
2021-08-06 05:00:00,24.550323,19.521332,896.75055,14.414342,244.76477,73.593735
2021-08-06 06:00:00,25.104706,19.5242,896.4942,14.552291,245.02272,71.21063
2021-08-06 07:00:00,25.242676,19.463684,895.95044,14.595398,245.26721,70.36287
2021-08-06 08:00:00,25.868317,19.627838,895.3173,14.525087,245.30566,68.49192
2021-08-06 09:00:00,25.943878,19.623077,894.8251,14.305905,245.46162,68.16596
2021-08-06 10:00:00,25.511658,19.748993,894.387,13.621155,245.7909,70.48428
2021-08-06 11:00:00,25.414276,19.72049,894.3298,13.393082,245.10297,70.76807
2021-08-06 12:00:00,25.23288,19.693542,894.5703,12.912667,243.65544,71.41624
2021-08-06 13:00:00,25.007202,19.792816,894.98615,12.410029,240.69923,72.829865
2021-08-06 14:00:00,24.256409,19.78888,895.57794,12.130448,237.88797,76.15491
2021-08-06 15:00:00,23.525482,19.70874,896.17053,12.033064,235.84413,79.18138
2021-08-06 16:00:00,23.369263,19.751831,896.63904,12.088679,234.33951,80.14499
2021-08-06 17:00:00,22.84555,19.668762,896.872,12.255478,233.79095,82.29857
2021-08-06 18:00:00,22.6987,19.66159,896.724,12.474098,234.07834,82.997574
2021-08-06 19:00:00,22.581146,19.668274,896.39136,12.670434,234.94623,83.62649
2021-08-06 20:00:00,22.107452,19.479126,895.9883,12.762328,235.92007,85.065605
2021-08-06 21:00:00,22.002258,19.42102,895.73047,12.7657585,237.17957,85.30408
2021-08-06 22:00:00,21.681335,19.314636,895.6708,12.070447,240.30951,86.418106
2021-08-06 23:00:00,21.661774,19.312561,895.8789,12.082216,240.02985,86.51036
2021-08-07 00:00:00,21.93451,19.380524,896.2908,11.970422,239.7439,85.441826
2021-08-07 01:00:00,21.974304,19.333008,896.8239,11.963785,239.06761,84.98308
2021-08-07 02:00:00,22.856628,19.532745,897.3839,12.317569,238.7952,81.55159
2021-08-07 03:00:00,23.233765,19.572235,897.85944,12.779769,239.96506,79.907646
2021-08-07 04:00:00,23.53772,19.554688,898.1953,12.975001,240.63834,78.36984
2021-08-07 05:00:00,24.788422,19.691467,898.25287,13.051043,241.27716,73.324425
2021-08-07 06:00:00,25.316956,19.701752,898.01276,13.072316,241.42133,71.096054
2021-08-07 07:00:00,25.463348,19.690155,897.48456,13.101585,241.93057,70.429306
2021-08-07 08:00:00,26.078186,19.860992,896.8906,13.044153,242.14178,68.6318
2021-08-07 09:00:00,26.167511,19.8844,896.355,12.819407,242.51053,68.369385
2021-08-07 10:00:00,25.710602,19.66394,895.87537,11.653747,244.95969,69.29032
2021-08-07 11:00:00,25.696991,19.626831,895.8063,11.301702,243.81241,69.18672
2021-08-07 12:00:00,25.510437,19.711853,895.9913,10.649866,241.40385,70.32719
2021-08-07 13:00:00,25.31134,19.849731,896.42975,10.12688,237.0981,71.77549
2021-08-07 14:00:00,24.439087,19.84433,897.0428,9.856418,233.04451,75.585335
2021-08-07 15:00:00,23.735626,19.825287,897.7305,9.829403,230.06667,78.75257
2021-08-07 16:00:00,23.618225,19.880981,898.2212,9.9317,228.4241,79.585526
2021-08-07 17:00:00,23.078613,19.771729,898.4208,10.1265545,227.91554,81.66557
2021-08-07 18:00:00,22.92331,19.75763,898.2605,10.420712,228.47375,82.36474
2021-08-07 19:00:00,22.847992,19.790802,897.9514,10.711542,229.68904,82.91175
2021-08-07 20:00:00,22.35138,19.581696,897.53674,10.874813,231.34889,84.34761
2021-08-07 21:00:00,22.251831,19.585815,897.30023,10.923877,233.2562,84.881744
2021-08-07 22:00:00,21.840027,19.48462,897.2886,10.764566,237.4922,86.49397
2021-08-07 23:00:00,21.795319,19.482635,897.4249,10.623985,238.09842,86.71974
2021-08-08 00:00:00,22.03189,19.525787,897.75476,10.355644,238.01028,85.70642
2021-08-08 01:00:00,22.12973,19.524261,898.264,10.172106,236.99982,85.18883
2021-08-08 02:00:00,23.029358,19.724823,898.7623,10.397255,236.67767,81.67129
2021-08-08 03:00:00,23.340942,19.73471,899.10474,10.746275,237.20593,80.196884
2021-08-08 04:00:00,23.582855,19.671326,899.27576,10.934496,237.68195,78.72506
2021-08-08 05:00:00,24.871613,19.907867,899.2484,11.0751705,237.8019,73.94675
2021-08-08 06:00:00,25.384583,19.893005,898.96765,11.217749,237.7716,71.65545
2021-08-08 07:00:00,25.58319,19.912476,898.4606,11.294778,237.94455,70.90044
2021-08-08 08:00:00,26.13977,19.931427,897.8295,11.319154,238.38477,68.6814
2021-08-08 09:00:00,26.170593,19.963165,897.2679,11.251263,238.72285,68.69126
2021-08-08 10:00:00,25.579803,19.75708,896.76843,10.721154,243.01208,70.23491
2021-08-08 11:00:00,25.46225,19.710236,896.6613,10.265177,242.18127,70.52172
2021-08-08 12:00:00,25.282288,19.761902,896.80505,9.652444,240.34918,71.50917
2021-08-08 13:00:00,25.142853,19.829529,897.2064,9.049637,237.15306,72.40819
2021-08-08 14:00:00,24.41626,19.899567,897.8614,8.840443,233.53113,75.94825
2021-08-08 15:00:00,23.688477,19.861084,898.56976,8.781819,230.6926,79.151855
2021-08-08 16:00:00,23.593048,19.907684,899.0701,8.885814,228.93407,79.838326
2021-08-08 17:00:00,23.055786,19.77246,899.2347,9.053353,228.47984,81.78213
2021-08-08 18:00:00,22.862854,19.737518,899.0725,9.364507,228.85114,82.563805
2021-08-08 19:00:00,22.727417,19.698425,898.7034,9.632478,230.45155,83.04276
2021-08-08 20:00:00,22.274078,19.55661,898.31476,9.875084,232.29498,84.613266
2021-08-08 21:00:00,22.17685,19.546265,897.98346,9.964363,234.61844,85.0609
2021-08-08 22:00:00,21.889801,19.409607,897.8563,9.753213,241.77312,85.830376
2021-08-08 23:00:00,21.845062,19.39859,897.87036,9.758489,242.19017,86.00612
2021-08-09 00:00:00,22.070923,19.422485,898.13403,9.692898,242.09738,84.95549
2021-08-09 01:00:00,22.097809,19.387451,898.5735,9.783227,241.35156,84.631805
2021-08-09 02:00:00,22.882507,19.602112,899.0183,10.195028,241.27097,81.77542
2021-08-09 03:00:00,23.182587,19.605011,899.28394,10.782322,242.49557,80.3185
2021-08-09 04:00:00,23.439423,19.601898,899.34735,11.216633,244.10132,79.06724
2021-08-09 05:00:00,24.712189,19.87796,899.2679,11.598288,245.24722,74.51587
2021-08-09 06:00:00,25.271759,19.922699,898.99603,11.889156,246.29202,72.27073
2021-08-09 07:00:00,25.440033,19.894714,898.5222,12.133254,247.29422,71.427246
2021-08-09 08:00:00,26.015839,19.920868,897.90796,12.288987,248.83716,69.14145
2021-08-09 09:00:00,26.116882,19.85083,897.30786,12.292232,250.4798,68.4318
2021-08-09 10:00:00,25.537048,19.703796,896.609,11.848728,254.28365,70.18104
2021-08-09 11:00:00,25.442322,19.707153,896.438,11.382661,254.90399,70.59176
2021-08-09 12:00:00,25.312805,19.74768,896.45526,10.699672,254.1417,71.316536
2021-08-09 13:00:00,25.136017,19.759277,896.79987,9.974439,251.50655,72.12282
2021-08-09 14:00:00,24.336975,19.753876,897.3207,9.657401,248.27191,75.623695
2021-08-09 15:00:00,23.642212,19.584717,897.8593,9.645562,245.73788,78.02335
2021-08-09 16:00:00,23.450623,19.607025,898.2299,9.808845,244.06775,79.03899
2021-08-09 17:00:00,22.898132,19.531403,898.38495,10.083816,243.39886,81.34002
2021-08-09 18:00:00,22.720734,19.513062,898.2799,10.4369755,243.63565,82.125694
2021-08-09 19:00:00,22.596344,19.472778,897.9941,10.821627,244.85458,82.54096
2021-08-09 20:00:00,22.143951,19.327576,897.6013,11.137321,246.3028,84.08044
2021-08-09 21:00:00,22.052704,19.278595,897.18115,11.399218,248.05524,84.29187
2021-08-09 22:00:00,21.714691,19.159393,897.0374,10.86059,252.91954,85.41241
2021-08-09 23:00:00,21.69101,19.159546,896.94165,10.981909,253.4812,85.536964
2021-08-10 00:00:00,21.911163,19.219238,897.07544,10.995537,254.18692,84.70899
2021-08-10 01:00:00,21.998108,19.218353,897.41833,11.055123,254.91162,84.256256
2021-08-10 02:00:00,22.893097,19.401794,897.8312,11.405415,255.34146,80.71195
2021-08-10 03:00:00,23.186646,19.357208,898.12054,11.928426,256.48492,79.07147
2021-08-10 04:00:00,23.425446,19.309906,898.24713,12.232401,257.4427,77.710434
2021-08-10 05:00:00,24.827911,19.622711,898.2132,12.465449,258.05368,72.8402
2021-08-10 06:00:00,25.374817,19.584137,897.96014,12.712871,258.28513,70.336395
2021-08-10 07:00:00,25.50415,19.607422,897.42975,12.923355,258.6954,69.898895
2021-08-10 08:00:00,26.192291,19.677704,896.72327,13.060582,259.19806,67.39984
2021-08-10 09:00:00,26.253357,19.53891,895.9408,13.007496,260.02936,66.580795
2021-08-10 10:00:00,25.64856,19.483032,895.4274,12.397469,262.1807,68.76871
2021-08-10 11:00:00,25.563507,19.454102,895.1975,12.203096,261.96204,68.99257
2021-08-10 12:00:00,25.441559,19.482697,895.2221,11.576454,260.41315,69.617775
2021-08-10 13:00:00,25.245361,19.574646,895.5363,10.884228,257.23734,70.838356
2021-08-10 14:00:00,24.42041,19.646027,896.1044,10.501353,254.40169,74.74481
2021-08-10 15:00:00,23.623291,19.425873,896.7219,10.412523,251.77255,77.34505
2021-08-10 16:00:00,23.476318,19.498627,897.2565,10.4663725,249.79892,78.38697
2021-08-10 17:00:00,22.923157,19.413696,897.48126,10.645656,248.43468,80.62479
2021-08-10 18:00:00,22.712769,19.380127,897.4235,10.922704,247.94345,81.48906
2021-08-10 19:00:00,22.573456,19.378754,897.17505,11.188746,248.30702,82.17388
2021-08-10 20:00:00,22.049469,19.203125,896.8848,11.387083,249.10933,83.91322
2021-08-10 21:00:00,21.934998,19.141693,896.6464,11.523191,250.06711,84.17824
2021-08-10 22:00:00,21.623444,18.95755,896.6032,10.619392,256.1551,84.815956
2021-08-10 23:00:00,21.588257,18.95871,896.69727,10.638381,255.61224,85.00479
2021-08-11 00:00:00,21.847137,19.034882,896.861,10.575886,254.8262,84.06916
2021-08-11 01:00:00,21.863678,18.98584,897.1989,10.468648,253.90839,83.727806
2021-08-11 02:00:00,22.82196,19.228455,897.63495,10.697083,253.27313,80.1908
2021-08-11 03:00:00,23.070526,19.130157,898.025,11.210177,254.19858,78.51074
2021-08-11 04:00:00,23.33316,19.104492,898.2385,11.305032,254.53,77.15102
2021-08-11 05:00:00,24.656311,19.36023,898.24146,11.411805,254.43831,72.39994
2021-08-11 06:00:00,25.238037,19.358978,898.0403,11.6056,253.71759,69.92548
2021-08-11 07:00:00,25.430908,19.358185,897.62366,11.848146,253.20987,69.12456
2021-08-11 08:00:00,26.093628,19.471283,897.15234,11.994986,252.9831,66.93046
2021-08-11 09:00:00,26.21753,19.508057,896.5009,12.001054,253.09027,66.59409
2021-08-11 10:00:00,25.56955,19.326141,895.8848,10.827362,256.25003,68.42108
2021-08-11 11:00:00,25.486572,19.336243,895.7875,10.529373,255.70181,68.80231
2021-08-11 12:00:00,25.386322,19.321808,896.00055,10.079883,252.58304,69.1513
2021-08-11 13:00:00,25.224487,19.407959,896.42694,9.59656,247.55292,70.195435
2021-08-11 14:00:00,24.402405,19.423218,897.0697,9.500379,242.90927,73.796776
2021-08-11 15:00:00,23.693909,19.324707,897.70624,9.624944,239.17883,76.533676
2021-08-11 16:00:00,23.50528,19.378754,898.2418,9.892656,236.54524,77.66916
2021-08-11 17:00:00,22.969269,19.334045,898.444,10.206393,235.17882,80.00263
2021-08-11 18:00:00,22.719635,19.306335,898.3078,10.549159,234.86961,81.082016
2021-08-11 19:00:00,22.588196,19.3284,897.9802,10.853195,235.44054,81.84358
2021-08-11 20:00:00,22.07544,19.150238,897.657,11.091664,236.60641,83.50488
2021-08-11 21:00:00,21.963806,19.117218,897.36414,11.21989,238.04709,83.90236
2021-08-11 22:00:00,21.598846,18.941315,897.34015,10.164229,243.07289,84.8576
2021-08-11 23:00:00,21.539581,18.933472,897.56,10.231123,242.54335,85.12416
2021-08-12 00:00:00,21.81253,19.032654,897.8912,10.176004,241.97025,84.23529
2021-08-12 01:00:00,21.937073,19.083893,898.35767,10.158214,241.18158,83.8649
2021-08-12 02:00:00,22.857727,19.40982,898.8549,10.366815,240.1991,80.92543
2021-08-12 03:00:00,23.13266,19.36557,899.25336,10.893362,240.98822,79.37123
2021-08-12 04:00:00,23.410889,19.367462,899.4369,11.222864,242.08673,78.057755
2021-08-12 05:00:00,24.709076,19.504974,899.39734,11.509651,243.14117,72.82447
2021-08-12 06:00:00,25.347778,19.481812,899.14124,11.786297,243.98389,70.00312
2021-08-12 07:00:00,25.508392,19.412933,898.70056,11.991309,244.89882,69.04179
2021-08-12 08:00:00,26.124847,19.473999,898.146,12.020164,246.0607,66.81831
2021-08-12 09:00:00,26.154633,19.409668,897.54095,11.94749,247.23117,66.43452
2021-08-12 10:00:00,25.591278,19.250854,896.9883,10.606353,253.00436,68.01342
2021-08-12 11:00:00,25.510803,19.208282,896.8946,10.394896,252.0368,68.158226
2021-08-12 12:00:00,25.400146,19.196838,897.0132,9.898361,249.61342,68.558975
2021-08-12 13:00:00,25.247864,19.320831,897.3878,9.239349,245.8035,69.71892
2021-08-12 14:00:00,24.464203,19.411987,897.9272,8.998114,242.43085,73.4729
2021-08-12 15:00:00,23.58252,19.234009,898.4958,9.030491,239.99786,76.615074
2021-08-12 16:00:00,23.438232,19.304321,898.8652,9.22254,238.08731,77.62352
2021-08-12 17:00:00,22.86142,19.203033,898.86633,9.47347,237.17068,79.872734
2021-08-12 18:00:00,22.72107,19.206848,898.52655,9.788614,237.41324,80.574295
2021-08-12 19:00:00,22.519623,19.176361,898.05853,10.101244,238.47946,81.410774
2021-08-12 20:00:00,22.086884,19.055054,897.5876,10.358855,240.13312,82.95305
2021-08-12 21:00:00,21.92389,19.00351,897.18555,10.541726,241.6799,83.51269
2021-08-12 22:00:00,21.657532,18.888367,897.0683,10.050158,247.8764,84.27463
2021-08-12 23:00:00,21.567535,18.854523,897.0343,9.926443,247.55637,84.56086
2021-08-13 00:00:00,21.758942,18.919556,897.17847,9.821732,247.15259,83.917175
2021-08-13 01:00:00,21.83313,18.933624,897.49634,9.820473,246.38852,83.61119
2021-08-13 02:00:00,22.75824,19.241058,897.81384,10.100778,245.9347,80.56434
2021-08-13 03:00:00,23.024078,19.191467,898.0296,10.588029,246.86514,79.03302
2021-08-13 04:00:00,23.324158,19.102509,898.1286,10.888063,247.40031,77.18338
2021-08-13 05:00:00,24.734528,19.338928,898.01086,11.147261,247.53929,71.966896
2021-08-13 06:00:00,25.32132,19.291382,897.70386,11.47144,247.3147,69.287796
2021-08-13 07:00:00,25.48703,19.292206,897.1922,11.77945,247.2276,68.61215
2021-08-13 08:00:00,26.226105,19.184631,896.575,12.018867,247.18848,65.234344
2021-08-13 09:00:00,26.260468,19.190765,895.8903,12.068376,247.08797,65.12692
2021-08-13 10:00:00,25.649445,19.098114,895.3516,11.672616,252.2912,67.1371
2021-08-13 11:00:00,25.595917,19.076874,895.23584,11.19746,251.28973,67.2616
2021-08-13 12:00:00,25.45111,19.117493,895.2872,10.58581,248.36707,68.01454
2021-08-13 13:00:00,25.282166,19.309113,895.65735,10.060494,243.73273,69.52603
2021-08-13 14:00:00,24.47763,19.309326,896.2021,9.931384,239.9305,72.94649
2021-08-13 15:00:00,23.67511,19.227417,896.6995,10.106567,237.2854,76.15771
2021-08-13 16:00:00,23.49936,19.276611,896.96814,10.431319,235.60706,77.20462
2021-08-13 17:00:00,22.944458,19.18393,896.91486,10.815482,235.0036,79.37752
2021-08-13 18:00:00,22.731842,19.187714,896.56665,11.199644,235.11172,80.425766
2021-08-13 19:00:00,22.611908,19.21811,896.1163,11.49853,235.96025,81.16666
2021-08-13 20:00:00,22.075592,19.041992,895.64484,11.715034,237.0292,82.942566
2021-08-13 21:00:00,21.953583,19.019897,895.24963,11.826279,238.4317,83.44682
2021-08-13 22:00:00,21.587402,18.848785,894.9735,11.236591,240.28253,84.42786
2021-08-13 23:00:00,21.537933,18.852936,894.95166,11.258919,240.11636,84.70574
2021-08-14 00:00:00,21.763641,18.93396,895.04877,11.29192,239.5945,83.96856
2021-08-14 01:00:00,21.870941,18.977112,895.3859,11.459454,238.73871,83.64513
2021-08-14 02:00:00,22.787445,19.238647,895.7693,11.968387,238.20348,80.40978
2021-08-14 03:00:00,23.079132,19.19455,896.1089,12.8285475,239.53375,78.78532
2021-08-14 04:00:00,23.374115,19.155304,896.25,13.266704,240.55646,77.204605
2021-08-14 05:00:00,24.673187,19.29535,896.16174,13.541833,241.31812,72.03554
2021-08-14 06:00:00,25.257538,19.345764,895.836,13.81406,241.78287,69.786995
2021-08-14 07:00:00,25.383514,19.319061,895.2937,14.007901,242.31004,69.15103
2021-08-14 08:00:00,25.946472,19.42807,894.70294,14.053969,243.05914,67.33465
2021-08-14 09:00:00,26.023743,19.387573,894.07776,13.932808,243.85953,66.858826
2021-08-14 10:00:00,25.290405,19.15503,893.7101,13.599485,247.6911,68.828354
2021-08-14 11:00:00,25.196564,19.135956,893.55273,13.179863,247.01425,69.13162
2021-08-14 12:00:00,25.062317,19.130493,893.64154,12.350147,244.97165,69.6629
2021-08-14 13:00:00,24.82492,19.158936,894.0446,11.439368,241.90793,70.781715
2021-08-14 14:00:00,24.101685,19.295197,894.64813,10.951816,239.14932,74.54331
2021-08-14 15:00:00,23.327179,19.125824,895.24664,10.873231,236.62512,77.281555
2021-08-14 16:00:00,23.112091,19.159607,895.6891,10.992317,235.00746,78.457466
2021-08-14 17:00:00,22.64679,19.140686,895.8164,11.237677,234.13907,80.60528
2021-08-14 18:00:00,22.541351,19.186005,895.6923,11.55238,234.17697,81.35225
2021-08-14 19:00:00,22.40921,19.190796,895.3601,11.849381,234.62881,82.03257
2021-08-14 20:00:00,21.984833,19.062927,895.00037,12.05541,235.75244,83.511734
2021-08-14 21:00:00,21.828125,19.00586,894.68665,12.163379,237.1388,84.01458
2021-08-14 22:00:00,21.55127,18.867645,894.46594,11.8185625,242.22739,84.71442
2021-08-14 23:00:00,21.518402,18.870483,894.6291,11.6294155,241.90085,84.900055
2021-08-15 00:00:00,21.698883,18.949432,894.9048,11.459801,240.8454,84.38291
2021-08-15 01:00:00,21.746826,18.950745,895.4144,11.53381,239.5272,84.142944
2021-08-15 02:00:00,22.55249,19.155853,895.94354,12.0927925,238.48079,81.14466
2021-08-15 03:00:00,22.831482,19.098969,896.34717,12.943265,239.65842,79.50056
2021-08-15 04:00:00,23.12143,19.053528,896.5934,13.4241705,240.66536,77.89641
2021-08-15 05:00:00,24.400543,19.215302,896.6272,13.721568,241.42557,72.856186
2021-08-15 06:00:00,24.963165,19.099365,896.4546,13.89737,241.73584,69.9401
2021-08-15 07:00:00,25.077148,19.038391,896.0279,13.924611,242.13777,69.202866
2021-08-15 08:00:00,25.705933,19.061768,895.5242,13.812845,242.46646,66.761055
2021-08-15 09:00:00,25.74121,18.995178,895.0142,13.589306,242.8136,66.34541
2021-08-15 10:00:00,25.250153,18.874268,894.54456,13.17692,247.56717,67.795654
2021-08-15 11:00:00,25.178833,18.856232,894.54175,12.498655,246.2114,68.00744
2021-08-15 12:00:00,25.026825,18.935486,894.8242,11.508065,243.11023,68.966545
2021-08-15 13:00:00,24.822388,19.063538,895.3707,10.613894,238.71115,70.37271
2021-08-15 14:00:00,23.993286,19.203827,896.07056,10.174838,234.88306,74.60447
2021-08-15 15:00:00,23.191406,19.048645,896.7527,10.133806,231.9375,77.54396
2021-08-15 16:00:00,23.011719,19.073242,897.2816,10.269019,230.27357,78.51153
2021-08-15 17:00:00,22.796326,19.034088,897.5173,10.481707,229.30058,79.34847
2021-08-15 18:00:00,22.365692,18.975555,897.4654,10.76849,229.77309,81.153564
2021-08-15 19:00:00,22.178894,18.938019,897.2001,10.9864855,230.87723,81.889275
2021-08-15 20:00:00,21.692413,18.699066,896.8068,11.103051,232.79977,83.1063
2021-08-15 21:00:00,21.507294,18.673126,896.52966,11.059363,234.21968,83.91641
2021-08-15 22:00:00,21.303955,18.651245,896.59094,10.083162,239.04056,84.85194
2021-08-15 23:00:00,21.261017,18.67099,896.71924,9.763857,238.17065,85.18073
2021-08-16 00:00:00,21.437317,18.761993,896.96295,9.50831,236.99431,84.74621
2021-08-16 01:00:00,21.571625,18.820679,897.47656,9.339022,235.96014,84.36119
2021-08-16 02:00:00,22.631744,19.071411,898.04016,9.595827,234.69371,80.33129
2021-08-16 03:00:00,22.943329,19.015778,898.53357,10.062463,235.03052,78.55521
2021-08-16 04:00:00,23.234253,18.979584,898.7775,10.324901,235.06743,77.01097
2021-08-16 05:00:00,24.668701,19.10141,898.82495,10.527511,234.85599,71.18962
2021-08-16 06:00:00,25.282196,19.053345,898.57654,10.722321,234.25307,68.4269
2021-08-16 07:00:00,25.432281,19.021637,898.10455,10.8274765,233.91699,67.68495
2021-08-16 08:00:00,25.921295,19.07251,897.5359,10.837957,234.09555,65.95859
2021-08-16 09:00:00,25.966278,19.02475,897.06635,10.729139,234.53737,65.587524
2021-08-16 10:00:00,25.424194,18.820679,896.7316,10.054429,237.4779,66.87334
2021-08-16 11:00:00,25.371094,18.777039,896.6453,9.638981,235.92032,66.9021
2021-08-16 12:00:00,25.233215,18.867249,896.88837,9.054946,232.34525,67.834274
2021-08-16 13:00:00,24.977325,18.884064,897.4082,8.591013,226.99718,68.94868
2021-08-16 14:00:00,24.07483,18.904175,898.1122,8.473832,222.95447,72.86568
2021-08-16 15:00:00,23.42041,18.888031,898.7291,8.566741,219.5454,75.71641
2021-08-16 16:00:00,23.269379,18.959045,899.12994,8.774792,217.32646,76.749344
2021-08-16 17:00:00,22.654602,18.95224,899.21857,9.07749,216.62231,79.62579
2021-08-16 18:00:00,22.477844,18.929657,899.01685,9.410753,217.32582,80.37164
2021-08-16 19:00:00,22.358124,18.975677,898.697,9.735737,218.5562,81.19154
2021-08-16 20:00:00,21.856995,18.824585,898.34784,9.917232,220.39465,82.922966
2021-08-16 21:00:00,21.744019,18.806854,898.132,9.978566,222.03453,83.40461
2021-08-16 22:00:00,21.409119,18.605774,898.0112,9.468706,224.3401,84.06741
2021-08-16 23:00:00,21.356262,18.607208,898.11743,9.495202,224.17505,84.34764
2021-08-17 00:00:00,21.490479,18.630066,898.42505,9.475564,224.00456,83.77687
2021-08-17 01:00:00,21.514282,18.609161,898.8745,9.418015,223.5884,83.54555
2021-08-17 02:00:00,22.457153,18.878601,899.28375,9.649852,223.16205,80.21668
2021-08-17 03:00:00,22.793884,18.88733,899.6111,10.041292,224.01288,78.63675
2021-08-17 04:00:00,23.11316,18.9375,899.6721,10.376677,225.67015,77.37326
2021-08-17 05:00:00,24.398376,19.113312,899.5467,10.698784,227.62775,72.40406
2021-08-17 06:00:00,24.945496,19.056885,899.1445,10.978922,229.47264,69.82864
2021-08-17 07:00:00,25.107086,19.013641,898.57,11.162614,231.40428,68.972984
2021-08-17 08:00:00,25.769928,19.032837,897.9093,11.234398,233.4657,66.38833
2021-08-17 09:00:00,25.853088,18.968567,897.3814,11.141303,235.54132,65.7976
2021-08-17 10:00:00,25.308197,18.679077,896.8979,10.802512,240.36389,66.74284
2021-08-17 11:00:00,25.255402,18.631897,896.8123,10.389455,241.12018,66.75553
2021-08-17 12:00:00,25.130005,18.715271,897.0165,9.887817,239.11642,67.607376
2021-08-17 13:00:00,24.877869,18.846375,897.40735,9.4297285,235.10916,69.19592
2021-08-17 14:00:00,24.060059,19.01886,897.97186,9.213972,231.16841,73.45413
2021-08-17 15:00:00,23.29483,18.901947,898.57764,9.139282,227.97734,76.35883
2021-08-17 16:00:00,23.145416,18.900574,898.95264,9.282313,225.95741,77.044716
2021-08-17 17:00:00,22.522247,18.80008,898.9074,9.530628,225.16888,79.50914
2021-08-17 18:00:00,22.372253,18.801056,898.62964,9.841528,225.37497,80.242134
2021-08-17 19:00:00,22.18518,18.800323,898.1381,10.111382,226.51709,81.15709
2021-08-17 20:00:00,21.642334,18.61383,897.6499,10.287089,227.92589,82.91788
2021-08-17 21:00:00,21.52472,18.611359,897.1986,10.384744,229.39273,83.503685
2021-08-17 22:00:00,21.101196,18.363556,897.1099,9.6885195,233.96942,84.38012
2021-08-17 23:00:00,21.032776,18.351837,897.16425,9.782817,233.6726,84.67319
2021-08-18 00:00:00,21.211853,18.396454,897.36273,9.860208,233.05533,83.982025
2021-08-18 01:00:00,21.291931,18.421265,897.86,9.862083,232.05692,83.70067
2021-08-18 02:00:00,22.375214,18.803741,898.25195,10.054889,231.08316,80.241165
2021-08-18 03:00:00,22.67929,18.753754,898.5867,10.400939,231.72702,78.52712
2021-08-18 04:00:00,22.978607,18.76236,898.6239,10.678074,232.95862,77.15708
2021-08-18 05:00:00,24.382385,18.910248,898.557,10.954487,234.39323,71.56123
2021-08-18 06:00:00,24.890106,18.809052,898.2001,11.299869,235.81046,68.98439
2021-08-18 07:00:00,25.09314,18.796783,897.61896,11.546705,237.46355,68.10206
2021-08-18 08:00:00,25.79126,18.759949,896.9521,11.593385,239.03137,65.18435
2021-08-18 09:00:00,25.89096,18.77771,896.2756,11.44911,240.47983,64.8724
2021-08-18 10:00:00,25.298737,18.716248,895.8466,10.825537,246.02902,66.935814
2021-08-18 11:00:00,25.184448,18.61737,895.66595,10.323178,245.8581,66.97716
2021-08-18 12:00:00,25.06839,18.638763,895.7773,9.74037,243.0262,67.53212
2021-08-18 13:00:00,24.866577,18.741821,896.0785,9.175386,238.78477,68.79169
2021-08-18 14:00:00,24.09842,18.897705,896.6262,8.883613,234.66637,72.733185
2021-08-18 15:00:00,23.391907,18.855408,897.1848,8.813949,231.00073,75.69238
2021-08-18 16:00:00,23.221924,18.856934,897.4851,8.916267,228.28839,76.48059
2021-08-18 17:00:00,22.602203,18.812408,897.51654,9.119777,226.90938,79.185036
2021-08-18 18:00:00,22.443909,18.86258,897.29706,9.373113,227.09286,80.20098
2021-08-18 19:00:00,22.296814,18.864594,896.9741,9.603529,228.05122,80.93175
2021-08-18 20:00:00,21.757416,18.691711,896.572,9.732038,229.54285,82.73881
2021-08-18 21:00:00,21.634705,18.702728,896.2363,9.770045,231.12128,83.419106
2021-08-18 22:00:00,21.229645,18.411133,896.2179,9.722679,236.95944,83.96766
2021-08-18 23:00:00,21.202545,18.421112,896.2576,9.605985,236.73079,84.15995
2021-08-19 00:00:00,21.386353,18.517456,896.5458,9.469899,236.40932,83.72064
2021-08-19 01:00:00,21.503754,18.564087,896.984,9.2205715,235.39842,83.36393
2021-08-19 02:00:00,22.593994,18.937012,897.4532,9.200353,234.07993,79.84332
2021-08-19 03:00:00,22.894623,18.901703,897.85803,9.497872,233.81226,78.22838
2021-08-19 04:00:00,23.18634,18.911224,898.1262,9.677654,233.98195,76.905464
2021-08-19 05:00:00,24.550507,19.1044,898.1146,9.868236,235.11008,71.70793
2021-08-19 06:00:00,25.069366,18.92978,897.79,10.037215,236.95654,68.76738
2021-08-19 07:00:00,25.220428,18.914062,897.228,10.135078,238.71632,68.08465
2021-08-19 08:00:00,25.81137,18.94284,896.55396,9.979301,240.25409,65.85464
2021-08-19 09:00:00,25.815887,18.885437,895.87695,9.664611,241.26614,65.601524
2021-08-19 10:00:00,25.280853,18.748749,895.3968,9.27841,248.24155,67.14332
2021-08-19 11:00:00,25.143402,18.761932,895.2461,8.604297,247.55798,67.750755
2021-08-19 12:00:00,24.999207,18.850494,895.4257,7.8298693,243.67886,68.71457
2021-08-19 13:00:00,24.801575,18.950409,895.8029,7.148348,237.99623,69.964714
2021-08-19 14:00:00,23.9328,19.062042,896.45795,6.7076554,231.43901,74.2174
2021-08-19 15:00:00,23.238556,18.918823,897.18677,6.582349,225.80391,76.699585
2021-08-19 16:00:00,23.139496,18.969727,897.6538,6.6615148,221.6809,77.40567
2021-08-19 17:00:00,22.668701,18.961395,897.76874,6.818938,219.26276,79.603165
2021-08-19 18:00:00,22.489655,19.007996,897.57367,7.0580997,218.61412,80.707565
2021-08-19 19:00:00,22.355377,19.02066,897.2368,7.2381625,219.12317,81.433304
2021-08-19 20:00:00,21.880615,18.923279,896.8178,7.3592296,220.3734,83.31537
2021-08-19 21:00:00,21.806244,18.922882,896.4422,7.3975115,221.519,83.69244
2021-08-19 22:00:00,21.452301,18.680908,896.4456,7.041213,229.3184,84.24039
2021-08-19 23:00:00,21.391327,18.682678,896.54126,6.899008,228.34494,84.56493
2021-08-20 00:00:00,21.542542,18.803375,896.84265,6.754358,226.28734,84.420105
2021-08-20 01:00:00,21.612488,18.84143,897.3818,6.627764,223.69212,84.25971
2021-08-20 02:00:00,22.594666,19.121582,897.8616,6.815528,220.41629,80.764465
2021-08-20 03:00:00,22.866486,19.09793,898.23444,7.1424494,220.33502,79.326996
2021-08-20 04:00:00,23.163696,19.10614,898.539,7.306211,220.96506,77.95287
2021-08-20 05:00:00,24.46054,19.374054,898.6369,7.3506947,222.6268,73.31581
2021-08-20 06:00:00,24.897675,19.382385,898.4471,7.3053365,224.27065,71.46226
2021-08-20 07:00:00,25.013489,19.380127,897.9341,7.1636076,226.062,70.96036
2021-08-20 08:00:00,25.642334,19.405273,897.4114,6.944145,227.35896,68.46233
2021-08-20 09:00:00,25.643646,19.369385,896.9492,6.661392,229.29721,68.30438
2021-08-20 10:00:00,25.02008,19.289398,896.6252,6.3270226,238.25162,70.53314
2021-08-20 11:00:00,24.836853,19.213013,896.50635,5.9789457,239.71317,70.969955
2021-08-20 12:00:00,24.70819,19.237793,896.7333,5.4324565,237.9397,71.62788
2021-08-20 13:00:00,24.581085,19.272919,897.2408,4.9436026,232.66003,72.33223
2021-08-20 14:00:00,23.725952,19.284912,897.94904,4.6352925,225.29779,76.19721
2021-08-20 15:00:00,23.18515,19.181488,898.7107,4.5865183,218.90465,78.218254
2021-08-20 16:00:00,23.045166,19.178925,899.2198,4.711029,213.62965,78.87056
2021-08-20 17:00:00,22.523163,19.108734,899.46234,4.9382896,210.2609,81.05098
2021-08-20 18:00:00,22.379333,19.101898,899.39984,5.1633744,210.12386,81.727684
2021-08-20 19:00:00,22.220886,19.093018,899.1354,5.3323145,211.1432,82.47371
2021-08-20 20:00:00,21.835907,19.033813,898.7096,5.435745,213.25989,84.12123
2021-08-20 21:00:00,21.730621,19.017395,898.30865,5.447542,215.2014,84.577286
2021-08-20 22:00:00,21.416534,18.87735,898.2896,4.9136553,224.27571,85.46784
2021-08-20 23:00:00,21.39215,18.911469,898.2556,4.7303715,222.6161,85.77811
2021-08-21 00:00:00,21.53067,18.956085,898.5782,4.7289324,220.09949,85.29088
2021-08-21 01:00:00,21.584229,18.980865,899.04706,4.888451,217.49014,85.14337
2021-08-21 02:00:00,22.399261,19.236328,899.53674,5.233789,217.20575,82.31529
2021-08-21 03:00:00,22.636597,19.189362,899.95013,5.6479783,218.80333,80.9001
2021-08-21 04:00:00,22.84317,19.171173,900.20593,5.9037943,220.94264,79.802574
2021-08-21 05:00:00,24.109009,19.33136,900.204,6.0673065,223.10487,74.67845
2021-08-21 06:00:00,24.53955,19.336243,899.84814,6.1568556,225.54546,72.79851
2021-08-21 07:00:00,24.65863,19.35083,899.2621,6.13783,228.27798,72.34757
2021-08-21 08:00:00,25.20877,19.369598,898.6423,6.030133,231.10582,70.0937
2021-08-21 09:00:00,25.239105,19.31958,898.1283,5.820458,234.30226,69.74986
2021-08-21 10:00:00,24.724945,19.277222,897.74274,5.307613,250.10208,71.7321
2021-08-21 11:00:00,24.602661,19.24591,897.7146,4.974955,249.67444,72.11758
2021-08-21 12:00:00,24.473663,19.25534,897.84564,4.511974,246.76334,72.718994
2021-08-21 13:00:00,24.280426,19.299438,898.2517,4.2861857,239.87823,73.76786
2021-08-21 14:00:00,23.580902,19.378815,898.8957,4.2647557,232.02136,77.31623
2021-08-21 15:00:00,22.93991,19.203033,899.64,4.4075985,226.70026,79.49393
2021-08-21 16:00:00,22.815613,19.221558,900.0997,4.6839366,223.67354,80.1872
2021-08-21 17:00:00,22.31665,19.146698,900.2103,4.9707026,223.15283,82.26923
2021-08-21 18:00:00,22.198547,19.132599,900.0451,5.2902665,224.09663,82.789955
2021-08-21 19:00:00,22.070068,19.113464,899.7351,5.537844,226.10713,83.34102
2021-08-21 20:00:00,21.696442,19.021667,899.3629,5.7322326,228.67738,84.776726
2021-08-21 21:00:00,21.600922,19.020538,898.99243,5.774512,231.24028,85.26727
2021-08-21 22:00:00,21.321259,18.8042,898.86914,5.282629,243.42879,85.576355
2021-08-21 23:00:00,21.266144,18.801483,898.8209,5.184287,244.5734,85.8514
2021-08-22 00:00:00,21.465363,18.879211,898.9489,5.0126963,245.22588,85.22257
2021-08-22 01:00:00,21.473846,18.84317,899.3042,4.8953276,243.58145,84.98682
2021-08-22 02:00:00,22.415833,19.024841,899.76733,5.053334,242.42047,81.155685
2021-08-22 03:00:00,22.649261,18.937775,900.1492,5.3548446,243.67291,79.57975
2021-08-22 04:00:00,22.882904,18.94635,900.32794,5.5394306,245.13284,78.502426
2021-08-22 05:00:00,24.285553,19.166504,900.2095,5.658722,246.18991,73.13723
2021-08-22 06:00:00,24.754852,19.17279,899.78186,5.788734,246.07191,71.13989
2021-08-22 07:00:00,24.963318,19.193268,899.1092,5.9688563,245.94873,70.34989
2021-08-22 08:00:00,25.706146,19.289093,898.41125,6.050992,246.19516,67.71242
2021-08-22 09:00:00,25.77246,19.244537,897.74725,6.0268245,246.85556,67.25986
2021-08-22 10:00:00,25.173431,19.169739,897.1931,6.0759554,258.87872,69.372795
2021-08-22 11:00:00,25.033173,19.135132,896.9836,5.639038,258.06055,69.804214
2021-08-22 12:00:00,24.91629,19.175201,897.1593,5.149323,252.38525,70.46816
2021-08-22 13:00:00,24.724884,19.270416,897.55084,4.924058,242.50171,71.701965
2021-08-22 14:00:00,23.98407,19.362549,898.1091,5.055003,233.88257,75.38696
2021-08-22 15:00:00,23.218842,19.18335,898.6981,5.3798513,228.06296,78.06823
2021-08-22 16:00:00,23.059875,19.194489,899.1037,5.8446198,224.58617,78.87684
2021-08-22 17:00:00,22.600098,19.146088,899.19366,6.3374352,223.6406,80.86124
2021-08-22 18:00:00,22.490631,19.15503,899.0135,6.8385296,224.36337,81.44596
2021-08-22 19:00:00,22.387299,19.189423,898.70483,7.2608743,226.31009,82.134865
2021-08-22 20:00:00,21.897125,19.042694,898.3526,7.6025653,228.68887,83.8539
2021-08-22 21:00:00,21.70996,18.997833,898.0093,7.7821155,231.36086,84.58084
2021-08-22 22:00:00,21.362213,18.72113,897.8382,7.779471,239.0127,84.919846
2021-08-22 23:00:00,21.314941,18.744598,897.9219,7.7605367,239.18825,85.29121
2021-08-23 00:00:00,21.507843,18.832214,898.14014,7.7319593,239.71338,84.75213
2021-08-23 01:00:00,21.601868,18.868591,898.5644,7.687269,240.03452,84.4576
2021-08-23 02:00:00,22.569519,19.151886,899.00146,7.873713,240.75328,81.04076
2021-08-23 03:00:00,22.874695,19.136322,899.4263,8.23463,242.40193,79.47749
2021-08-23 04:00:00,23.136719,19.117035,899.6183,8.464216,244.22205,78.13313
2021-08-23 05:00:00,24.50055,19.276672,899.55615,8.651211,245.77301,72.69856
2021-08-23 06:00:00,25.080536,19.243195,899.1273,8.816898,247.06107,70.07761
2021-08-23 07:00:00,25.254395,19.281433,898.4457,8.953813,248.61093,69.52116
2021-08-23 08:00:00,25.996216,19.42807,897.702,8.982025,250.23166,67.13668
2021-08-23 09:00:00,26.0766,19.389862,897.02765,8.912838,251.68097,66.65957
2021-08-23 10:00:00,25.53302,19.088776,896.4328,8.488975,258.56705,67.56334
2021-08-23 11:00:00,25.416779,19.089386,896.28235,8.182413,258.13123,68.03416
2021-08-23 12:00:00,25.28543,19.199127,896.3811,7.7166266,254.9386,69.03813
2021-08-23 13:00:00,25.117828,19.335571,896.7509,7.182459,250.08377,70.32531
2021-08-23 14:00:00,24.285278,19.328491,897.3851,6.947234,244.71808,73.87986
2021-08-23 15:00:00,23.530487,19.23822,898.0837,6.9866996,239.65192,76.8759
2021-08-23 16:00:00,23.377869,19.29068,898.5888,7.2286158,235.28754,77.84062
2021-08-23 17:00:00,22.807465,19.175812,898.75415,7.542327,232.99225,79.99855
2021-08-23 18:00:00,22.646301,19.213531,898.5812,7.9290695,232.32172,80.97429
2021-08-23 19:00:00,22.516022,19.239258,898.25195,8.2616625,232.87112,81.74821
2021-08-23 20:00:00,21.937042,19.018951,897.8237,8.501043,234.08936,83.526115
2021-08-23 21:00:00,21.779175,18.98053,897.4677,8.632812,235.72914,84.13305
2021-08-23 22:00:00,21.424927,18.726837,897.22815,8.421029,242.20906,84.62438
2021-08-23 23:00:00,21.369354,18.737518,897.23865,8.589021,242.97266,84.96966
2021-08-24 00:00:00,21.582367,18.803314,897.49115,8.661525,243.14555,84.21434
2021-08-24 01:00:00,21.687958,18.80371,897.93475,8.757703,242.97403,83.674446
2021-08-24 02:00:00,22.700531,19.075653,898.3836,9.012931,242.77914,80.01787
2021-08-24 03:00:00,22.996918,19.081879,898.7447,9.619784,243.27348,78.62422
2021-08-24 04:00:00,23.305054,19.077179,898.88226,10.11605,244.15253,77.15055
2021-08-24 05:00:00,24.688843,19.318237,898.76935,10.507584,245.35393,72.07075
2021-08-24 06:00:00,25.374939,19.32022,898.34924,10.846311,245.99866,69.19127
2021-08-24 07:00:00,25.519867,19.315857,897.7132,11.10735,246.57466,68.579346
2021-08-24 08:00:00,26.17685,19.378265,896.94507,11.305644,247.1454,66.21786
2021-08-24 09:00:00,26.204193,19.370483,896.3055,11.3517,247.98119,66.078964
2021-08-24 10:00:00,25.683441,19.298218,895.59814,10.900157,253.57654,67.8422
2021-08-24 11:00:00,25.563538,19.254852,895.5053,10.646148,253.00444,68.14245
2021-08-24 12:00:00,25.407227,19.356812,895.6836,10.120514,250.1796,69.21602
2021-08-24 13:00:00,25.19577,19.39566,896.0631,9.634462,245.85666,70.26178
2021-08-24 14:00:00,24.347046,19.449585,896.5934,9.512231,241.92036,74.16338
2021-08-24 15:00:00,23.573547,19.339233,897.2029,9.572875,238.93362,77.16028
2021-08-24 16:00:00,23.448303,19.358368,897.6207,9.784415,236.82693,77.8377
2021-08-24 17:00:00,22.873016,19.243042,897.7583,10.093994,235.78732,80.01579
2021-08-24 18:00:00,22.673035,19.239899,897.5726,10.43373,236.09058,80.975914
2021-08-24 19:00:00,22.518036,19.2641,897.2393,10.757341,237.28381,81.86475
2021-08-24 20:00:00,22.009949,19.108734,896.77234,11.021726,238.80322,83.622345
2021-08-24 21:00:00,21.889801,19.112976,896.40955,11.156506,240.50328,84.2598
2021-08-24 22:00:00,21.588745,18.82132,896.1312,10.82749,244.93893,84.27622
2021-08-24 23:00:00,21.536987,18.816223,896.1163,10.9089985,245.4128,84.5166
2021-08-25 00:00:00,21.70465,18.868988,896.2873,10.871118,245.75105,83.9306
2021-08-25 01:00:00,21.756989,18.866333,896.6289,10.874625,246.0826,83.64877
2021-08-25 02:00:00,22.569427,19.087677,897.00946,11.079459,246.81378,80.71755
2021-08-25 03:00:00,22.842773,19.006866,897.30774,11.6395445,248.32568,78.991196
2021-08-25 04:00:00,23.109222,18.910187,897.41174,12.048664,249.78355,77.25985
2021-08-25 05:00:00,24.452545,19.149414,897.3097,12.425597,250.84778,72.332184
2021-08-25 06:00:00,25.027649,19.083344,896.8949,12.729816,251.43951,69.60215
2021-08-25 07:00:00,25.21872,19.096802,896.2468,13.020799,251.99268,68.87223
2021-08-25 08:00:00,25.891724,19.157501,895.4933,13.14352,252.4401,66.42513
2021-08-25 09:00:00,25.964386,19.119263,894.8325,13.137221,252.84561,65.982544
2021-08-25 10:00:00,25.292938,18.861969,894.2802,12.340567,257.1452,67.57136
2021-08-25 11:00:00,25.206573,18.907104,894.1767,11.930386,255.69107,68.111244
2021-08-25 12:00:00,25.021973,18.959045,894.2865,11.262068,252.36127,69.08798
2021-08-25 13:00:00,24.854034,19.079132,894.67505,10.686961,247.66656,70.30823
2021-08-25 14:00:00,23.989014,19.120514,895.1713,10.478687,243.92136,74.23724
2021-08-25 15:00:00,23.32425,19.009064,895.7045,10.529742,240.98163,76.73454
2021-08-25 16:00:00,23.205353,19.069977,896.06274,10.691912,238.94995,77.581764
2021-08-25 17:00:00,22.607697,18.936981,896.18134,10.972692,237.70438,79.77679
2021-08-25 18:00:00,22.431824,18.915619,895.9913,11.284745,237.66812,80.52614
2021-08-25 19:00:00,22.322815,18.93396,895.6687,11.594714,238.40344,81.15454
2021-08-25 20:00:00,21.76825,18.799316,895.2408,11.800252,239.4477,83.24205
2021-08-25 21:00:00,21.62082,18.750275,894.9126,11.937545,240.33508,83.73851
2021-08-25 22:00:00,21.241638,18.453796,894.5458,11.419565,242.77138,84.130486
2021-08-25 23:00:00,21.154724,18.44809,894.59534,11.426999,242.09961,84.55003
2021-08-26 00:00:00,21.346283,18.520905,894.8127,11.390723,241.52646,83.94455
2021-08-26 01:00:00,21.417175,18.557068,895.2657,11.359034,241.11981,83.7702
2021-08-26 02:00:00,22.455078,18.869415,895.7014,11.567744,240.62047,80.18077
2021-08-26 03:00:00,22.73407,18.786743,896.0517,12.266784,242.08008,78.42815
2021-08-26 04:00:00,23.055145,18.736023,896.1384,12.673289,243.75943,76.67424
2021-08-26 05:00:00,24.362823,18.788391,896.1305,13.043132,245.13687,71.10196
2021-08-26 06:00:00,24.915314,18.721924,895.8833,13.3438,246.1732,68.50667
2021-08-26 07:00:00,25.107574,18.748352,895.3793,13.56209,247.16905,67.83791
2021-08-26 08:00:00,25.878326,18.829987,894.7726,13.636186,247.97513,65.13335
2021-08-26 09:00:00,25.928925,18.838165,894.2378,13.514717,248.7254,64.971634
2021-08-26 10:00:00,25.346771,18.685455,893.83923,12.848022,251.04115,66.616455
2021-08-26 11:00:00,25.204498,18.69992,893.7584,12.238333,250.74968,67.24356
2021-08-26 12:00:00,25.03476,18.825745,893.9833,11.232972,249.06311,68.46317
2021-08-26 13:00:00,24.840668,18.927765,894.45593,10.258786,246.14929,69.70305
2021-08-26 14:00:00,24.06018,19.066223,895.0359,9.767416,243.10675,73.67087
2021-08-26 15:00:00,23.283752,18.978973,895.6316,9.554944,240.42795,76.77813
2021-08-26 16:00:00,23.133423,19.035706,896.0196,9.538067,238.1725,77.75346
2021-08-26 17:00:00,22.50586,18.936523,896.1071,9.638382,236.64864,80.26936
2021-08-26 18:00:00,22.370972,18.975555,895.89734,9.845221,236.37918,81.12748
2021-08-26 19:00:00,22.248627,18.994476,895.5458,10.071839,236.59018,81.83015
2021-08-26 20:00:00,21.720978,18.841858,895.16,10.30284,237.0167,83.70499
2021-08-26 21:00:00,21.610199,18.821411,894.8954,10.4569435,237.63547,84.166214
2021-08-26 22:00:00,21.143066,18.548737,894.66815,10.190892,239.126,85.14553
2021-08-26 23:00:00,21.069916,18.554413,894.8289,10.160667,238.85391,85.55917
2021-08-27 00:00:00,21.270721,18.640625,895.1358,10.052104,238.25308,84.968544
2021-08-27 01:00:00,21.349823,18.681854,895.6552,10.027498,237.57938,84.77586
2021-08-27 02:00:00,22.257782,18.966583,896.1325,10.315664,237.02419,81.64236
2021-08-27 03:00:00,22.53891,18.9086,896.5687,10.85087,237.999,79.96887
2021-08-27 04:00:00,22.85083,18.887817,896.72766,11.087463,238.66937,78.36823
2021-08-27 05:00:00,24.23529,19.059723,896.7082,11.246148,239.01129,72.87131
2021-08-27 06:00:00,24.807251,19.009186,896.42834,11.45915,239.51819,70.19797
2021-08-27 07:00:00,25.001465,18.969269,895.90076,11.628082,240.51901,69.21664
2021-08-27 08:00:00,25.499298,19.02417,895.30646,11.719163,241.78918,67.426636
2021-08-27 09:00:00,25.549438,19.010925,894.82336,11.598986,243.30254,67.17062
2021-08-27 10:00:00,24.920288,18.998413,894.2419,11.235367,249.07089,69.67915
2021-08-27 11:00:00,24.84906,18.981598,894.2509,10.579506,250.02722,69.902565
2021-08-27 12:00:00,24.630005,18.999817,894.4939,9.707295,248.47748,70.90387
2021-08-27 13:00:00,24.369232,18.967682,894.9221,8.885407,244.31439,71.87484
2021-08-27 14:00:00,23.578705,18.979248,895.40894,8.477621,241.04755,75.4254
2021-08-27 15:00:00,22.876068,18.907715,895.8843,8.377824,238.14978,78.34578
2021-08-27 16:00:00,22.726715,18.937103,896.19995,8.424316,236.03357,79.20338
2021-08-27 17:00:00,22.210968,18.822083,896.23584,8.591388,234.99355,81.140015
2021-08-27 18:00:00,22.01184,18.815857,895.9815,8.811002,234.83914,82.09849
2021-08-27 19:00:00,21.847778,18.821075,895.64124,9.026252,235.61334,82.95144
2021-08-27 20:00:00,21.3685,18.607483,895.21545,9.179291,236.56216,84.28589
2021-08-27 21:00:00,21.265747,18.60617,894.8787,9.188193,237.66235,84.81143
2021-08-27 22:00:00,20.903076,18.427032,894.6596,8.815264,241.99948,85.754005
2021-08-27 23:00:00,20.826141,18.4169,894.7078,8.589788,240.95114,86.106094
2021-08-28 00:00:00,21.002625,18.505219,894.9702,8.401796,239.04794,85.64934
2021-08-28 01:00:00,21.075653,18.525085,895.4188,8.2089815,236.82877,85.37218
2021-08-28 02:00:00,21.82306,18.680939,895.81287,8.312409,233.69508,82.35224
2021-08-28 03:00:00,22.145874,18.6745,896.0984,8.83394,232.06386,80.71429
2021-08-28 04:00:00,22.437958,18.682098,896.15424,9.321412,231.6082,79.33019
2021-08-28 05:00:00,23.733826,18.88742,896.06665,9.793572,231.9275,74.29697
2021-08-28 06:00:00,24.320648,18.826477,895.7374,10.153214,231.928,71.451675
2021-08-28 07:00:00,24.463135,18.83374,895.27167,10.519929,232.672,70.87665
2021-08-28 08:00:00,24.932465,18.865936,894.675,10.747206,233.9427,69.05519
2021-08-28 09:00:00,24.934662,18.849945,894.13873,10.811353,235.0473,68.97723
2021-08-28 10:00:00,24.4516,18.774872,893.5298,9.866566,241.44426,70.66521
2021-08-28 11:00:00,24.344635,18.728973,893.51154,9.718658,240.7735,70.915634
2021-08-28 12:00:00,24.20288,18.764343,893.68665,9.466721,238.67616,71.67911
2021-08-28 13:00:00,24.04898,18.790192,894.07025,9.0971155,235.45062,72.46117
2021-08-28 14:00:00,23.272308,18.832153,894.63794,8.937984,232.73944,76.13024
2021-08-28 15:00:00,22.525574,18.720062,895.28845,8.897301,230.6848,79.09653
2021-08-28 16:00:00,22.417938,18.785522,895.72815,8.934199,229.15314,79.94198
2021-08-28 17:00:00,21.955566,18.741486,895.81165,9.057621,228.0096,81.99875
2021-08-28 18:00:00,21.81308,18.751068,895.53265,9.231157,228.01962,82.76453
2021-08-28 19:00:00,21.686768,18.728424,895.18414,9.416727,228.754,83.287704
2021-08-28 20:00:00,21.25058,18.603851,894.75867,9.541454,229.74532,84.878044
2021-08-28 21:00:00,21.162628,18.578644,894.4157,9.549102,230.83278,85.20273
2021-08-28 22:00:00,20.840027,18.407349,894.0952,9.1494875,235.64877,85.98106
2021-08-28 23:00:00,20.788483,18.424133,894.1373,8.961598,235.38722,86.344955
2021-08-29 00:00:00,20.972595,18.496277,894.40155,8.8056555,234.2367,85.759514
2021-08-29 01:00:00,21.031403,18.485413,894.8932,8.689939,232.79617,85.39209
2021-08-29 02:00:00,21.802612,18.704437,895.4426,8.937622,230.35965,82.576355
2021-08-29 03:00:00,22.087677,18.704926,895.87805,9.424618,230.01004,81.155235
2021-08-29 04:00:00,22.34375,18.633728,896.11475,9.766897,230.79128,79.54487
2021-08-29 05:00:00,23.70108,18.89444,896.1268,9.938001,231.56851,74.476204
2021-08-29 06:00:00,24.23825,18.830719,895.8229,10.111403,232.52016,71.82449
2021-08-29 07:00:00,24.345337,18.811829,895.34485,10.306226,233.68488,71.280785
2021-08-29 08:00:00,24.763306,18.725952,894.7947,10.445528,235.35759,69.148544
2021-08-29 09:00:00,24.747864,18.67102,894.40704,10.38528,237.02756,68.97503
2021-08-29 10:00:00,24.189758,18.52948,894.01953,9.914777,246.84482,70.68938
2021-08-29 11:00:00,24.120209,18.556976,894.03815,9.323592,246.49527,71.10727
2021-08-29 12:00:00,23.967224,18.468658,894.3162,8.566562,243.31488,71.367744
2021-08-29 13:00:00,23.770752,18.559204,894.83405,8.057488,238.75087,72.62646
2021-08-29 14:00:00,23.058624,18.646667,895.59125,7.7549005,234.48119,76.230965
2021-08-29 15:00:00,22.392883,18.565277,896.3684,7.5913687,231.1391,78.96858
2021-08-29 16:00:00,22.226746,18.581146,896.8946,7.578968,228.93434,79.850044
2021-08-29 17:00:00,21.794556,18.535309,897.101,7.7236786,227.55058,81.74741
2021-08-29 18:00:00,21.595642,18.488953,897.0096,7.9170527,227.28258,82.50749
2021-08-29 19:00:00,21.452118,18.480225,896.74866,8.020944,228.18575,83.18992
2021-08-29 20:00:00,21.0831,18.36206,896.4148,8.068567,229.4623,84.46602
2021-08-29 21:00:00,20.967682,18.309631,896.173,7.9819937,230.9175,84.787834
2021-08-29 22:00:00,20.636871,18.134003,896.15686,7.2906876,238.8366,85.58299
2021-08-29 23:00:00,20.57431,18.140228,896.2321,6.955443,238.3356,85.94719
2021-08-30 00:00:00,20.714203,18.196136,896.54736,6.613007,237.02383,85.50924
2021-08-30 01:00:00,20.792145,18.2081,897.0734,6.341241,235.11932,85.16388
2021-08-30 02:00:00,21.669617,18.404572,897.6577,6.2979026,231.68536,81.70206
2021-08-30 03:00:00,22.049103,18.421661,898.1357,6.5378094,230.39825,79.916695
2021-08-30 04:00:00,22.353333,18.391388,898.3551,6.8389544,231.0504,78.30126
2021-08-30 05:00:00,23.617035,18.601929,898.3259,7.038013,233.25797,73.49802
2021-08-30 06:00:00,24.129517,18.541016,898.0698,7.2338223,235.33536,70.9966
2021-08-30 07:00:00,24.318695,18.520905,897.56647,7.3567543,237.86157,70.107376
2021-08-30 08:00:00,24.76236,18.548523,896.9921,7.3831205,240.38222,68.389145
2021-08-30 09:00:00,24.749634,18.514648,896.395,7.255528,243.1308,68.29614
2021-08-30 10:00:00,24.171448,18.367004,895.8536,6.805254,253.53616,70.050415
2021-08-30 11:00:00,24.074005,18.360626,895.8386,6.339753,253.82278,70.4331
2021-08-30 12:00:00,23.990112,18.36023,896.1472,5.6880975,251.4172,70.78709
2021-08-30 13:00:00,23.797638,18.455627,896.66064,5.123762,244.32149,72.04031
2021-08-30 14:00:00,23.086609,18.540924,897.4084,4.736423,236.67172,75.60008
2021-08-30 15:00:00,22.420868,18.450836,898.06866,4.592887,229.12129,78.27143
2021-08-30 16:00:00,22.30246,18.49704,898.47766,4.6761074,223.50192,79.06557
2021-08-30 17:00:00,21.787292,18.42978,898.5717,4.909366,220.24089,81.244896
2021-08-30 18:00:00,21.566254,18.374207,898.44116,5.143498,219.44681,82.06385
2021-08-30 19:00:00,21.411804,18.368011,898.19116,5.330948,219.97992,82.81122
2021-08-30 20:00:00,20.937592,18.206238,897.9122,5.407349,221.0932,84.39558
2021-08-30 21:00:00,20.827454,18.193604,897.70123,5.3724766,222.23193,84.901764
2021-08-30 22:00:00,20.474976,17.97055,897.7113,3.9265711,236.44298,85.55815
2021-08-30 23:00:00,20.409088,17.961182,897.81213,3.7084475,232.32794,85.856125
2021-08-31 00:00:00,20.606873,18.085846,898.0471,3.4491413,227.87267,85.48237
2021-08-31 01:00:00,20.742065,18.180145,898.56354,3.2561119,220.24779,85.27701
2021-08-31 02:00:00,21.837555,18.48407,899.08026,3.3902717,208.15681,81.27187
2021-08-31 03:00:00,22.169312,18.506683,899.5376,3.920841,202.41673,79.757126
2021-08-31 04:00:00,22.474335,18.50824,899.71094,4.394146,203.40495,78.29853
2021-08-31 05:00:00,23.800629,18.71463,899.6289,4.6979165,206.84975,73.20434
2021-08-31 06:00:00,24.343872,18.65274,899.27435,4.9519076,211.32613,70.58162
2021-08-31 07:00:00,24.483429,18.601288,898.68536,5.1337276,215.16925,69.769264
2021-08-31 08:00:00,25.161865,18.624817,898.01526,5.1869426,218.90842,67.09853
2021-08-31 09:00:00,25.144806,18.577087,897.40564,5.175169,221.004,66.96645
2021-08-31 10:00:00,24.472504,18.49289,896.90405,4.7448587,242.08197,69.34276
2021-08-31 11:00:00,24.335266,18.513428,896.91846,4.4659257,240.06615,70.00502
2021-08-31 12:00:00,24.112427,18.639557,897.07764,4.337217,236.0227,71.50905
2021-08-31 13:00:00,23.886322,18.859894,897.56165,4.264196,229.15463,73.49211
2021-08-31 14:00:00,23.18341,18.879486,898.18353,4.31347,222.97957,76.766815
2021-08-31 15:00:00,22.554688,18.83493,898.84094,4.4547467,218.50371,79.52559
2021-08-31 16:00:00,22.438202,18.911316,899.29767,4.672028,215.16287,80.47334
2021-08-31 17:00:00,21.908173,18.802826,899.4851,4.9608994,213.99771,82.55205
2021-08-31 18:00:00,21.731934,18.793335,899.3475,5.1921477,215.00433,83.39578
2021-08-31 19:00:00,21.59851,18.799286,899.0815,5.346771,217.20459,84.11003
2021-08-31 20:00:00,21.142761,18.628693,898.742,5.4445105,219.6984,85.57424
2021-08-31 21:00:00,21.030243,18.587616,898.54376,5.5012302,222.60938,85.94632
2021-08-31 22:00:00,20.65564,18.34729,898.43866,5.046452,230.99054,86.63582
2021-08-31 23:00:00,20.58957,18.333405,898.6143,5.124785,232.33554,86.91356
2021-09-01 00:00:00,20.829346,18.437927,898.88696,5.097222,233.02829,86.20259
2021-09-01 01:00:00,20.953186,18.51242,899.23444,5.0595603,232.17218,85.9487
2021-09-01 02:00:00,22.044312,18.857727,899.6538,5.3357615,229.04503,82.15067
2021-09-01 03:00:00,22.326508,18.846252,899.98615,5.946956,227.04726,80.693214
2021-09-01 04:00:00,22.595673,18.753876,900.12537,6.451249,228.69371,78.92723
2021-09-01 05:00:00,24.02887,18.963013,899.9585,6.7550225,231.2647,73.33587
2021-09-01 06:00:00,24.613556,18.943268,899.51904,7.035683,232.87183,70.72365
2021-09-01 07:00:00,24.779785,18.948334,898.8473,7.267411,234.97192,70.04674
2021-09-01 08:00:00,25.070557,19.020905,898.13947,7.3846235,237.43451,69.15458
2021-09-01 09:00:00,25.122925,18.946747,897.41907,7.431335,239.1558,68.62092
2021-09-01 10:00:00,24.500061,18.87384,896.74835,8.293965,247.23537,70.89749
2021-09-01 11:00:00,24.404083,18.884155,896.6154,7.7306285,248.2797,71.35199
2021-09-01 12:00:00,24.16919,18.903778,896.8322,6.9462914,246.55763,72.45239
2021-09-01 13:00:00,23.965363,18.986633,897.2843,6.39168,241.93954,73.72476
2021-09-01 14:00:00,23.216736,19.06894,897.9822,6.08446,236.16132,77.523384
2021-09-01 15:00:00,22.581146,18.973816,898.53076,5.9721246,231.60832,80.089386
2021-09-01 16:00:00,22.428955,18.979553,898.95276,6.089439,227.9902,80.86219
2021-09-01 17:00:00,21.849792,18.81778,898.9921,6.3723135,226.33443,82.92415
2021-09-01 18:00:00,21.679352,18.801758,898.8567,6.6582685,226.22221,83.70825
2021-09-01 19:00:00,21.547638,18.8172,898.45404,6.881357,227.2945,84.46671
2021-09-01 20:00:00,21.07788,18.607025,898.05865,7.0184526,229.01479,85.79937
2021-09-01 21:00:00,20.988922,18.588043,897.64435,7.0332494,230.94833,86.16711
2021-09-01 22:00:00,20.639404,18.315155,897.4154,7.321573,233.37372,86.54794
2021-09-01 23:00:00,20.604889,18.316833,897.4787,7.2485294,234.39992,86.74137
2021-09-02 00:00:00,20.80603,18.396423,897.74634,7.1306376,234.81384,86.10212
2021-09-02 01:00:00,20.890564,18.420898,898.1772,7.020436,234.1358,85.78703
2021-09-02 02:00:00,22.02771,18.809662,898.6344,7.2801485,232.89813,81.987335
2021-09-02 03:00:00,22.335876,18.743042,899.02515,7.9679947,232.64224,80.12884
2021-09-02 04:00:00,22.640503,18.725891,899.1532,8.423379,233.7703,78.57518
2021-09-02 05:00:00,23.984344,18.956848,898.9969,8.680414,234.85754,73.504
2021-09-02 06:00:00,24.535278,18.94342,898.5746,8.91801,236.2619,71.05622
2021-09-02 07:00:00,24.686188,18.942505,897.9316,9.106477,238.19699,70.41391
2021-09-02 08:00:00,25.274689,18.948914,897.2356,9.182427,240.34604,68.01294
2021-09-02 09:00:00,25.237732,18.871735,896.5335,9.156427,242.07272,67.83504
2021-09-02 10:00:00,24.553192,18.829376,896.00354,9.163342,250.3378,70.4765
2021-09-02 11:00:00,24.399445,18.816711,895.78784,8.53181,250.04868,71.07181
2021-09-02 12:00:00,24.207886,18.82367,895.93243,7.764817,247.00183,71.92371
2021-09-02 13:00:00,24.022522,18.97342,896.396,7.238235,241.49475,73.411476
2021-09-02 14:00:00,23.330414,19.088715,897.1267,7.0718966,235.74521,77.08795
2021-09-02 15:00:00,22.538147,18.849792,897.84485,7.1169505,231.33165,79.679474
2021-09-02 16:00:00,22.347992,18.892609,898.2752,7.2764726,228.2995,80.82146
2021-09-02 17:00:00,21.821594,18.71701,898.3753,7.5566497,226.84811,82.54556
2021-09-02 18:00:00,21.651978,18.683685,898.1446,7.8259397,226.78424,83.23189
2021-09-02 19:00:00,21.501038,18.67389,897.7751,8.05772,227.90858,83.95254
2021-09-02 20:00:00,21.054382,18.505524,897.29694,8.177793,229.28568,85.37909
2021-09-02 21:00:00,20.93689,18.474762,896.8684,8.229938,230.7983,85.83218
2021-09-02 22:00:00,20.520508,18.21814,896.6456,8.230314,240.39935,86.65555
2021-09-02 23:00:00,20.469696,18.192047,896.52,8.013722,240.05408,86.7853
2021-09-03 00:00:00,20.693848,18.26361,896.6307,7.768048,239.35355,85.97977
2021-09-03 01:00:00,20.77008,18.267548,896.95905,7.53594,237.43729,85.59829
2021-09-03 02:00:00,21.94629,18.650146,897.4574,7.6266017,233.82748,81.57792
2021-09-03 03:00:00,22.269043,18.64856,897.87524,8.177875,231.53151,79.98139
2021-09-03 04:00:00,22.610413,18.639648,898.0966,8.633517,231.38022,78.29542
2021-09-03 05:00:00,24.052795,18.910828,897.9821,8.972851,231.75252,72.99245
2021-09-03 06:00:00,24.597778,18.847534,897.5199,9.3157625,232.61536,70.36857
2021-09-03 07:00:00,24.76413,18.896881,896.7953,9.573191,234.06032,69.88746
2021-09-03 08:00:00,25.282013,19.002747,896.0067,9.762732,235.85883,68.212036
2021-09-03 09:00:00,25.281677,18.913788,895.4253,9.8161745,237.33374,67.835754
2021-09-03 10:00:00,24.482483,18.792023,894.8479,9.518325,244.29584,70.61034
2021-09-03 11:00:00,24.400421,18.816925,894.84033,9.258189,243.06744,71.0686
2021-09-03 12:00:00,24.239746,18.85382,895.02057,8.836231,240.00296,71.921745
2021-09-03 13:00:00,24.067902,19.06491,895.5115,8.579774,235.92986,73.6307
2021-09-03 14:00:00,23.298218,19.029663,896.23883,8.604705,232.47343,76.95406
2021-09-03 15:00:00,22.567535,18.812286,897.01227,8.76389,230.15259,79.35127
2021-09-03 16:00:00,22.415619,18.856293,897.54517,9.009516,228.739,80.30747
2021-09-03 17:00:00,21.85196,18.751282,897.72217,9.317268,228.47089,82.5694
2021-09-03 18:00:00,21.7117,18.759949,897.5609,9.623621,229.15681,83.32493
2021-09-03 19:00:00,21.53891,18.739532,897.2188,9.873892,230.56528,84.102646
2021-09-03 20:00:00,21.16101,18.629333,896.7541,10.019296,232.32693,85.48189
2021-09-03 21:00:00,21.00653,18.540253,896.29596,10.086888,234.16144,85.81682
2021-09-03 22:00:00,20.653503,18.372345,896.0213,9.86447,241.19867,86.78342
2021-09-03 23:00:00,20.5737,18.372345,895.96045,9.839838,241.56897,87.21126
2021-09-04 00:00:00,20.842072,18.478485,896.1953,9.687052,241.68335,86.35425
2021-09-04 01:00:00,20.928375,18.509369,896.7255,9.49426,241.50378,86.06345
2021-09-04 02:00:00,21.933014,18.81131,897.2979,9.500021,240.9241,82.47072
2021-09-04 03:00:00,22.331146,18.812988,897.8178,9.832593,240.75949,80.503
2021-09-04 04:00:00,22.640503,18.802612,898.04205,10.06864,241.25189,78.95284
2021-09-04 05:00:00,23.958527,19.047821,897.97943,10.246513,241.81529,74.03706
2021-09-04 06:00:00,24.537537,19.074402,897.601,10.436953,242.75394,71.6295
2021-09-04 07:00:00,24.692902,19.09616,896.9938,10.631905,243.6434,71.06348
2021-09-04 08:00:00,25.317871,19.148438,896.27167,10.728433,244.83932,68.68778
2021-09-04 09:00:00,25.37323,19.141388,895.6086,10.732695,245.99486,68.43194
2021-09-04 10:00:00,24.706573,19.005493,895.1328,10.746896,251.09222,70.60513
2021-09-04 11:00:00,24.582275,18.964813,894.96967,10.305709,251.47331,70.95139
2021-09-04 12:00:00,24.479279,19.073242,895.1443,9.809548,249.55075,71.874466
2021-09-04 13:00:00,24.264648,19.175018,895.6753,9.540917,245.72546,73.26777
2021-09-04 14:00:00,23.422028,19.07962,896.3747,9.465244,242.63232,76.61945
2021-09-04 15:00:00,22.716888,18.934021,897.0535,9.562126,240.22559,79.23537
2021-09-04 16:00:00,22.580078,18.944977,897.44727,9.784479,238.6799,79.95054
2021-09-04 17:00:00,22.027893,18.782532,897.58295,10.08013,238.23636,81.84757
2021-09-04 18:00:00,21.785706,18.712952,897.3555,10.356181,239.03616,82.70571
2021-09-04 19:00:00,21.636414,18.694489,897.0441,10.6080885,240.43349,83.36743
2021-09-04 20:00:00,21.104706,18.479828,896.64923,10.724933,242.0101,84.97883
2021-09-04 21:00:00,20.962555,18.407104,896.3592,10.666436,243.41199,85.334435
2021-09-04 22:00:00,20.694244,18.206726,896.2351,10.592579,247.8826,85.67133
2021-09-04 23:00:00,20.657196,18.184082,896.286,10.307579,247.93,85.745094
2021-09-05 00:00:00,20.857239,18.240509,896.5728,9.917046,247.93848,84.99617
2021-09-05 01:00:00,20.883057,18.190369,897.0979,9.403267,247.53128,84.59471
2021-09-05 02:00:00,21.836273,18.386475,897.6543,9.013125,246.94568,80.782776
2021-09-05 03:00:00,22.148346,18.403229,898.10986,8.831553,247.12442,79.34318
2021-09-05 04:00:00,22.515106,18.454987,898.3563,8.815956,247.35004,77.84474
2021-09-05 05:00:00,23.863678,18.567535,898.3039,8.845525,247.15884,72.259315
2021-09-05 06:00:00,24.576233,18.626556,897.9494,8.946564,247.18407,69.49271
2021-09-05 07:00:00,24.763641,18.721466,897.36365,9.135332,247.73752,69.127754
2021-09-05 08:00:00,25.30661,18.816254,896.7045,9.296436,248.98479,67.32391
2021-09-05 09:00:00,25.317657,18.8107,896.15784,9.282718,250.1994,67.25633
2021-09-05 10:00:00,24.573212,18.76181,895.5809,8.908465,255.00107,70.09562
2021-09-05 11:00:00,24.519379,18.778107,895.57135,8.615143,253.64423,70.39337
2021-09-05 12:00:00,24.389984,18.818909,895.8525,8.395462,249.90536,71.12186
2021-09-05 13:00:00,24.25055,18.933258,896.4676,8.30652,245.07742,72.23253
2021-09-05 14:00:00,23.484406,18.998932,897.1756,8.277758,241.03061,75.94856
2021-09-05 15:00:00,22.798767,18.816101,897.8364,8.392475,237.55115,78.26455
2021-09-05 16:00:00,22.604004,18.846588,898.2927,8.642573,235.05292,79.34558
2021-09-05 17:00:00,22.008545,18.705017,898.4771,8.973543,233.98749,81.54813
2021-09-05 18:00:00,21.823822,18.644196,898.39276,9.293551,234.27039,82.15937
2021-09-05 19:00:00,21.679688,18.637024,898.1147,9.496784,235.33096,82.84887
2021-09-05 20:00:00,21.167969,18.480927,897.7674,9.5909395,236.77248,84.65529
2021-09-05 21:00:00,21.080048,18.455658,897.44696,9.53054,238.11043,84.97883
2021-09-05 22:00:00,20.712189,18.17218,897.3987,9.176968,241.20003,85.391335
2021-09-05 23:00:00,20.650452,18.162628,897.438,8.856236,240.93423,85.66525
2021-09-06 00:00:00,20.838531,18.228546,897.6373,8.5669,239.97449,85.0302
2021-09-06 01:00:00,20.952637,18.300812,898.02893,8.149181,238.39154,84.819336
2021-09-06 02:00:00,21.88031,18.454681,898.5955,7.919685,235.35028,80.91094
2021-09-06 03:00:00,22.143616,18.431183,899.0427,7.9210496,232.59184,79.50517
2021-09-06 04:00:00,22.473877,18.44638,899.2472,8.050783,231.67961,77.9979
2021-09-06 05:00:00,23.960388,18.63092,899.1565,8.259692,231.81348,72.12598
2021-09-06 06:00:00,24.548523,18.673737,898.8164,8.561938,233.50714,69.81371
2021-09-06 07:00:00,24.730072,18.667511,898.2731,8.766226,235.9691,69.033226
2021-09-06 08:00:00,25.343018,18.684967,897.56537,8.89848,238.44995,66.62927
2021-09-06 09:00:00,25.415741,18.625793,896.9341,8.786558,240.15898,66.09675
2021-09-06 10:00:00,24.72638,18.487823,896.3629,8.607661,244.8746,68.27628
2021-09-06 11:00:00,24.554565,18.42862,896.34204,8.205699,244.67331,68.72583
2021-09-06 12:00:00,24.397797,18.523315,896.524,7.950823,241.37314,69.78648
2021-09-06 13:00:00,24.311401,18.77713,897.06604,7.730517,236.32361,71.27119
2021-09-06 14:00:00,23.5542,18.888885,897.8245,7.641531,232.04803,75.11201
2021-09-06 15:00:00,22.783142,18.73523,898.5889,7.684721,227.97052,77.94381
2021-09-06 16:00:00,22.656494,18.753998,899.0771,7.9345036,225.06442,78.637
2021-09-06 17:00:00,22.108948,18.663208,899.1619,8.256715,223.60858,80.83896
2021-09-06 18:00:00,21.938354,18.638977,898.99835,8.539049,223.60089,81.56042
2021-09-06 19:00:00,21.829987,18.660736,898.69055,8.708235,224.39314,82.21347
2021-09-06 20:00:00,21.252686,18.430115,898.3578,8.785717,225.18253,83.94887
2021-09-06 21:00:00,21.161743,18.404388,898.0593,8.799912,225.9174,84.282524
2021-09-06 22:00:00,20.746094,18.141571,897.98883,8.55847,230.36795,85.049644
2021-09-06 23:00:00,20.686523,18.13855,898.02954,8.226781,230.30592,85.34599
2021-09-07 00:00:00,20.891388,18.24939,898.18365,7.9774766,229.3128,84.86515
2021-09-07 01:00:00,21.015747,18.287842,898.6351,7.7195716,227.68526,84.42234
2021-09-07 02:00:00,22.172607,18.646667,899.19977,7.581485,224.8753,80.44282
2021-09-07 03:00:00,22.4552,18.528961,899.68585,7.636793,222.59349,78.49138
2021-09-07 04:00:00,22.74292,18.509949,899.9026,7.813554,222.84422,77.04058
2021-09-07 05:00:00,24.121674,18.73465,899.7818,8.008175,224.28146,71.89564
2021-09-07 06:00:00,24.718048,18.77118,899.3956,8.163212,226.55687,69.53203
2021-09-07 07:00:00,24.87085,18.733276,898.78064,8.276809,228.65405,68.737434
2021-09-07 08:00:00,25.514008,18.782928,898.0198,8.356704,231.17842,66.36074
2021-09-07 09:00:00,25.548584,18.713104,897.30884,8.355788,232.70126,65.9362
2021-09-07 10:00:00,24.706848,18.54779,896.5123,8.166302,237.21344,68.61315
2021-09-07 11:00:00,24.556122,18.517944,896.3884,7.811376,237.12553,69.10503
2021-09-07 12:00:00,24.380127,18.604767,896.5887,7.4603777,234.16379,70.21743
2021-09-07 13:00:00,24.188202,18.745758,897.094,7.3550024,230.16742,71.658966
2021-09-07 14:00:00,23.459045,18.81955,897.7835,7.353818,226.73154,75.21775
2021-09-07 15:00:00,22.653778,18.697845,898.42554,7.465297,224.17023,78.374374
2021-09-07 16:00:00,22.50415,18.791748,898.8854,7.7548933,222.34163,79.555176
2021-09-07 17:00:00,21.94751,18.667114,899.01056,8.133129,221.66447,81.65846
2021-09-07 18:00:00,21.74588,18.646423,898.89545,8.48544,221.99727,82.56295
2021-09-07 19:00:00,21.615265,18.633606,898.53394,8.712571,223.27246,83.15807
2021-09-07 20:00:00,21.198303,18.487915,898.0443,8.791436,225.07329,84.53488
2021-09-07 21:00:00,21.069519,18.42862,897.5505,8.838377,227.07458,84.88985
2021-09-07 22:00:00,20.81308,18.236206,897.42944,8.613138,232.24298,85.204414
2021-09-07 23:00:00,20.722351,18.172546,897.39087,8.636524,233.09814,85.33988
2021-09-08 00:00:00,20.935364,18.241028,897.6601,8.603885,233.56451,84.59159
2021-09-08 01:00:00,21.01294,18.266785,898.1181,8.499193,233.20439,84.32545
2021-09-08 02:00:00,22.0383,18.43863,898.688,8.35811,231.9427,80.054405
2021-09-08 03:00:00,22.43991,18.440918,899.14307,8.438039,229.55577,78.13234
2021-09-08 04:00:00,22.721527,18.393127,899.3689,8.7269945,230.08476,76.578125
2021-09-08 05:00:00,23.986664,18.529114,899.29376,8.960803,231.90086,71.55485
2021-09-08 06:00:00,24.489746,18.57843,898.9246,9.185522,234.32312,69.643196
2021-09-08 07:00:00,24.690765,18.591003,898.2914,9.333763,237.24008,68.865135
2021-09-08 08:00:00,25.140045,18.684235,897.4818,9.332333,240.17935,67.43596
2021-09-08 09:00:00,25.156708,18.578583,896.7685,9.157782,242.67368,66.925255
2021-09-08 10:00:00,24.387482,18.501495,896.2007,8.716044,246.48764,69.73426
2021-09-08 11:00:00,24.267029,18.489655,896.2001,8.474689,247.0309,70.18733
2021-09-08 12:00:00,24.091156,18.543945,896.4773,8.239368,246.0704,71.1733
2021-09-08 13:00:00,23.894928,18.6922,896.9645,8.13873,243.5445,72.68837
2021-09-08 14:00:00,23.21405,18.774841,897.66,8.081385,241.04108,76.125565
2021-09-08 15:00:00,22.44754,18.587708,898.34,8.122262,238.62851,78.81723
2021-09-08 16:00:00,22.28952,18.607605,898.7802,8.282491,236.72983,79.67741
2021-09-08 17:00:00,21.768219,18.493805,898.8784,8.545918,235.6536,81.666504
2021-09-08 18:00:00,21.62436,18.480652,898.7488,8.875194,235.92697,82.31993
2021-09-08 19:00:00,21.492462,18.452301,898.40845,9.15197,237.29071,82.83965
2021-09-08 20:00:00,21.041931,18.304901,897.96344,9.343935,239.28076,84.37687
2021-09-08 21:00:00,20.9151,18.232544,897.555,9.479796,241.48772,84.65198
2021-09-08 22:00:00,20.58133,18.019867,897.2915,9.604814,246.40268,85.26284
2021-09-08 23:00:00,20.532196,18.005829,897.3925,9.510208,247.95236,85.446075
2021-09-09 00:00:00,20.701141,18.084137,897.63635,9.367308,249.10901,84.97828
2021-09-09 01:00:00,20.81723,18.142181,898.06854,9.209049,249.72812,84.68136
2021-09-09 02:00:00,22.00293,18.392914,898.5697,8.994331,249.5577,79.99772
2021-09-09 03:00:00,22.287567,18.363098,898.975,9.245061,249.1944,78.4759
2021-09-09 04:00:00,22.55838,18.310486,899.18335,9.542228,250.03227,76.9404
2021-09-09 05:00:00,23.818085,18.460052,899.0739,9.692072,251.01627,71.97171
2021-09-09 06:00:00,24.359314,18.447754,898.7045,9.838095,251.85349,69.61728
2021-09-09 07:00:00,24.493195,18.439606,898.11725,9.946022,253.1106,69.02617
2021-09-09 08:00:00,25.09021,18.44107,897.39545,9.9792385,254.46796,66.614784
2021-09-09 09:00:00,25.12207,18.419098,896.7457,9.887849,255.34491,66.39699
2021-09-09 10:00:00,24.469604,18.359741,896.1071,9.744172,254.62965,68.778595
2021-09-09 11:00:00,24.404083,18.393585,896.114,9.390423,252.88162,69.19558
2021-09-09 12:00:00,24.262115,18.597198,896.3184,8.985864,250.07289,70.68228
2021-09-09 13:00:00,24.053162,18.727692,896.75726,8.716024,246.48022,72.16053
2021-09-09 14:00:00,23.281677,18.786621,897.4238,8.686492,243.0448,75.87103
2021-09-09 15:00:00,22.530823,18.656921,898.05554,8.768427,240.67343,78.75974
2021-09-09 16:00:00,22.325562,18.6745,898.46405,8.953954,239.2066,79.83626
2021-09-09 17:00:00,21.779388,18.568878,898.5472,9.1811075,238.45538,81.9953
2021-09-09 18:00:00,21.61966,18.595703,898.4523,9.445884,238.51082,82.9388
2021-09-09 19:00:00,21.479736,18.600647,898.2026,9.696404,239.38223,83.67781
2021-09-09 20:00:00,21.01767,18.401367,897.8707,9.9081,240.71318,85.015335
2021-09-09 21:00:00,20.915436,18.341553,897.5266,10.008062,242.30467,85.231026
2021-09-09 22:00:00,20.638458,18.209381,897.33435,9.772811,242.24213,85.98054
2021-09-09 23:00:00,20.584778,18.227661,897.3158,9.69091,242.81357,86.364456
2021-09-10 00:00:00,20.912506,18.40747,897.42114,9.664449,242.95161,85.599335
2021-09-10 01:00:00,21.051025,18.475342,897.7466,9.562799,242.38794,85.235435
2021-09-10 02:00:00,22.125153,18.73642,898.1375,9.597199,240.45886,81.12973
2021-09-10 03:00:00,22.342499,18.632446,898.46844,10.001817,239.02498,79.544556
2021-09-10 04:00:00,22.548859,18.584686,898.60236,10.349527,238.61575,78.318756
2021-09-10 05:00:00,24.012878,18.911774,898.4562,10.565237,238.79987,73.171936
2021-09-10 06:00:00,24.537872,18.91037,898.0359,10.756347,239.7846,70.89879
2021-09-10 07:00:00,24.683228,18.919983,897.3207,10.90437,240.98282,70.32743
2021-09-10 08:00:00,25.29544,18.930481,896.5424,10.946541,241.84717,67.850914
2021-09-10 09:00:00,25.300934,18.911743,895.88257,10.889468,242.3847,67.74946
2021-09-10 10:00:00,24.457397,18.8443,895.21234,10.67741,241.22101,70.94777
2021-09-10 11:00:00,24.33847,18.817963,895.1983,10.371393,239.64658,71.33745
2021-09-10 12:00:00,24.161224,18.951965,895.3843,9.874452,236.6767,72.70541
2021-09-10 13:00:00,24.040802,19.120941,895.9246,9.5861,232.14056,74.00868
2021-09-10 14:00:00,23.267792,19.135742,896.53955,9.569532,228.23999,77.60717
2021-09-10 15:00:00,22.480957,19.045288,897.16125,9.707379,225.75139,80.93825
2021-09-10 16:00:00,22.343536,19.0401,897.5653,9.983951,224.24034,81.59083
2021-09-10 17:00:00,21.855743,18.941132,897.6571,10.326768,223.6105,83.534966
2021-09-10 18:00:00,21.730438,18.924316,897.539,10.678327,224.11334,84.08844
2021-09-10 19:00:00,21.63974,18.924591,897.27594,10.909416,225.1631,84.55734
2021-09-10 20:00:00,21.28186,18.788116,896.97235,11.033012,226.66704,85.69711
2021-09-10 21:00:00,21.176697,18.740753,896.64594,11.039209,228.33794,85.99673
2021-09-10 22:00:00,20.82306,18.504883,896.348,10.396663,229.55402,86.59836
2021-09-10 23:00:00,20.782318,18.50354,896.3544,10.372468,230.33226,86.80843
2021-09-11 00:00:00,21.029846,18.6409,896.4789,10.356908,230.45639,86.235435
2021-09-11 01:00:00,21.096497,18.638245,896.9305,10.385855,229.91083,85.86893
2021-09-11 02:00:00,22.064514,18.879944,897.4358,10.548302,229.21469,82.1635
2021-09-11 03:00:00,22.337402,18.855347,897.85657,10.964524,228.95042,80.68558
2021-09-11 04:00:00,22.572601,18.794891,897.96063,11.361396,229.38235,79.24069
2021-09-11 05:00:00,23.858429,18.992432,897.8209,11.69296,230.17447,74.227005
2021-09-11 06:00:00,24.367004,18.997559,897.3658,11.906081,231.0637,72.01855
2021-09-11 07:00:00,24.511261,19.019592,896.7152,12.036476,232.02588,71.49741
2021-09-11 08:00:00,25.06369,19.124878,895.9913,12.085688,233.00667,69.63287
2021-09-11 09:00:00,25.105804,19.121307,895.3243,12.035321,233.61975,69.44287
2021-09-11 10:00:00,24.20279,19.085907,894.8175,11.26535,233.00497,73.13278
2021-09-11 11:00:00,24.114319,19.063965,894.723,11.07738,232.42702,73.42149
2021-09-11 12:00:00,23.98468,19.147705,894.96936,10.719453,230.63141,74.38252
2021-09-11 13:00:00,23.806824,19.251495,895.42377,10.606096,228.10155,75.669716
2021-09-11 14:00:00,23.20105,19.225677,895.98987,10.748876,226.5155,78.3585
2021-09-11 15:00:00,22.508331,19.06372,896.51685,10.992925,225.45546,80.8967
2021-09-11 16:00:00,22.40152,19.103394,896.84827,11.283592,224.81825,81.625145
2021-09-11 17:00:00,21.968262,18.984375,896.8633,11.63776,224.91101,83.18758
2021-09-11 18:00:00,21.734558,18.916473,896.5672,11.968544,225.9327,84.02609
2021-09-11 19:00:00,21.67572,18.94696,896.21515,12.244743,227.57564,84.48942
2021-09-11 20:00:00,21.260956,18.767822,895.73883,12.374116,229.66171,85.6983
2021-09-11 21:00:00,21.208649,18.789917,895.36896,12.38278,231.90819,86.09246
2021-09-11 22:00:00,20.915771,18.653229,895.0341,11.88216,234.31586,86.909096
2021-09-11 23:00:00,20.880432,18.662445,895.1032,11.898253,235.39398,87.14839
2021-09-12 00:00:00,21.131317,18.756317,895.3167,11.886118,236.03876,86.32051
2021-09-12 01:00:00,21.19812,18.776367,895.7268,11.865695,235.945,86.075165
2021-09-12 02:00:00,22.130737,18.994781,896.16974,12.0752,235.21213,82.421234
2021-09-12 03:00:00,22.348602,18.958252,896.47217,12.588071,235.31625,81.15029
2021-09-12 04:00:00,22.571167,18.919342,896.56805,13.044927,235.96875,79.86591
2021-09-12 05:00:00,23.837982,19.151001,896.3284,13.329284,236.65251,75.056755
2021-09-12 06:00:00,24.307587,19.168701,895.8748,13.555423,237.53474,73.05071
2021-09-12 07:00:00,24.48758,19.169586,895.2667,13.735588,238.66237,72.27142
2021-09-12 08:00:00,25.06662,19.22647,894.5965,13.726857,239.66013,70.06273
2021-09-12 09:00:00,25.075378,19.18155,893.9564,13.561073,240.47435,69.8305
2021-09-12 10:00:00,24.262115,19.281616,893.46375,12.92236,241.63728,73.767006
2021-09-12 11:00:00,24.133759,19.240967,893.397,12.487294,241.16904,74.14922
2021-09-12 12:00:00,23.98529,19.256714,893.6277,11.967915,239.28677,74.88656
2021-09-12 13:00:00,23.860443,19.332275,894.1283,11.739785,236.55045,75.806305
2021-09-12 14:00:00,23.228119,19.394684,894.7854,11.690103,234.26367,79.05765
2021-09-12 15:00:00,22.554413,19.190643,895.44336,11.741597,232.80054,81.31124
2021-09-12 16:00:00,22.424774,19.190826,895.8926,11.882345,231.88376,81.95513
2021-09-12 17:00:00,21.939453,19.065521,895.9522,12.106836,231.5165,83.75673
2021-09-12 18:00:00,21.78949,19.049957,895.7007,12.4022045,231.87514,84.444954
2021-09-12 19:00:00,21.70758,19.05716,895.3387,12.680829,232.71088,84.90675
2021-09-12 20:00:00,21.28537,18.850067,894.9696,12.745102,233.89743,86.0109
2021-09-12 21:00:00,21.160034,18.767761,894.68414,12.732347,235.02365,86.230156
2021-09-12 22:00:00,20.835785,18.583893,894.57764,12.205364,236.8449,86.95963
2021-09-12 23:00:00,20.803345,18.602112,894.5916,12.285186,237.72893,87.23278
2021-09-13 00:00:00,21.04364,18.705078,894.8561,12.2308235,238.14221,86.50893
2021-09-13 01:00:00,21.061981,18.664398,895.3446,12.157209,238.09543,86.19201
2021-09-13 02:00:00,21.932495,18.832214,895.93506,12.211229,237.3918,82.58109
2021-09-13 03:00:00,22.185638,18.843079,896.3653,12.522215,236.80339,81.37188
2021-09-13 04:00:00,22.436157,18.739166,896.52826,12.734775,236.71632,79.622444
2021-09-13 05:00:00,23.756165,18.956665,896.4185,12.897633,237.07332,74.51856
2021-09-13 06:00:00,24.29486,18.92926,896.0476,13.103331,238.10326,72.02294
2021-09-13 07:00:00,24.460114,18.952301,895.51654,13.223427,239.32639,71.41616
2021-09-13 08:00:00,24.966858,19.052734,894.8482,13.13362,240.47238,69.721695
2021-09-13 09:00:00,24.961914,18.994415,894.24854,12.922193,241.46983,69.48901
2021-09-13 10:00:00,24.19278,18.924164,893.7696,11.524211,242.03378,72.442085
2021-09-13 11:00:00,24.073608,18.95578,893.80237,11.147507,241.05125,73.106094
2021-09-13 12:00:00,23.97992,19.067017,894.21576,10.594063,238.18594,74.030525
2021-09-13 13:00:00,23.851318,19.229492,894.8544,10.292079,234.05888,75.36416
2021-09-13 14:00:00,23.16455,19.254974,895.61884,10.079091,230.45988,78.67495
2021-09-13 15:00:00,22.31482,18.94989,896.3608,9.971813,227.54942,81.27478
2021-09-13 16:00:00,22.2005,18.993652,896.8528,10.028964,225.64644,82.066025
2021-09-13 17:00:00,21.699646,18.863617,896.9626,10.124478,224.9651,83.92812
2021-09-13 18:00:00,21.55783,18.807556,896.77576,10.300025,225.20926,84.36323
2021-09-13 19:00:00,21.407257,18.777191,896.5217,10.453802,226.05273,84.98305
2021-09-13 20:00:00,21.026367,18.660248,896.1788,10.513953,227.32677,86.358315
2021-09-13 21:00:00,20.914825,18.614075,895.8507,10.507634,228.87784,86.701546
2021-09-13 22:00:00,20.74997,18.547546,895.72205,9.870538,231.25662,87.22146
2021-09-13 23:00:00,20.721191,18.52594,895.8689,9.805764,231.30663,87.25798
2021-09-14 00:00:00,20.86438,18.500336,896.25085,9.657249,230.83708,86.35392
2021-09-14 01:00:00,20.903442,18.475098,896.87994,9.5223675,230.08228,86.01068
2021-09-14 02:00:00,21.858765,18.711395,897.5264,9.532734,229.217,82.32954
2021-09-14 03:00:00,22.116547,18.664978,898.06146,9.717933,228.21669,80.810486
2021-09-14 04:00:00,22.439758,18.683838,898.3008,9.952088,228.66812,79.33014
2021-09-14 05:00:00,23.582245,18.846313,898.25903,10.098612,230.01433,74.78612
2021-09-14 06:00:00,24.100098,18.812805,897.905,10.17013,232.09384,72.341255
2021-09-14 07:00:00,24.254608,18.7482,897.25903,10.239777,233.95886,71.38506
2021-09-14 08:00:00,24.714539,18.720001,896.50604,10.20053,236.1015,69.32446
2021-09-14 09:00:00,24.742096,18.647675,895.93256,10.040764,237.5719,68.89812
2021-09-14 10:00:00,24.02829,18.572174,895.5823,9.230566,241.9986,71.56881
2021-09-14 11:00:00,23.941284,18.593018,895.6791,8.541211,241.43689,72.03777
2021-09-14 12:00:00,23.808899,18.648926,896.0773,7.886802,238.2397,72.867905
2021-09-14 13:00:00,23.658203,18.821777,896.6704,7.4903884,233.76291,74.33067
2021-09-14 14:00:00,22.994751,18.868927,897.40375,7.228279,229.37326,77.5966
2021-09-14 15:00:00,22.324127,18.698853,898.0893,7.1304193,225.91556,79.96492
2021-09-14 16:00:00,22.122498,18.681976,898.4958,7.1776366,223.19083,80.867096
2021-09-14 17:00:00,21.524475,18.493256,898.539,7.328982,221.6708,82.88985
2021-09-14 18:00:00,21.348541,18.440918,898.27014,7.477237,221.51631,83.51353
2021-09-14 19:00:00,21.152252,18.409882,897.93,7.6087794,222.1922,84.36068
2021-09-14 20:00:00,20.658325,18.18634,897.59644,7.662536,223.78313,85.751274
2021-09-14 21:00:00,20.562408,18.139679,897.3321,7.6559687,225.27797,86.00729
2021-09-14 22:00:00,20.255066,17.962646,897.08014,7.7074394,225.2624,86.684616
2021-09-14 23:00:00,20.184082,17.914764,897.1905,7.6252084,225.32448,86.80396
2021-09-15 00:00:00,20.415375,17.98172,897.4478,7.547034,224.78522,85.9337
2021-09-15 01:00:00,20.467224,17.972961,897.94244,7.540401,223.91086,85.612045
2021-09-15 02:00:00,21.362823,18.263947,898.52094,7.6872683,222.82603,82.51982
2021-09-15 03:00:00,21.772095,18.280853,898.99634,7.946803,222.49612,80.56466
2021-09-15 04:00:00,22.110779,18.302643,899.1788,8.169181,222.46773,79.02504
2021-09-15 05:00:00,23.47107,18.51059,899.08655,8.408297,223.62657,73.72476
2021-09-15 06:00:00,23.984192,18.439087,898.6575,8.711211,226.36838,71.163086
2021-09-15 07:00:00,24.121674,18.384949,897.9715,8.948718,229.79103,70.33903
2021-09-15 08:00:00,24.828644,18.499786,897.22186,9.04634,232.96146,67.91144
2021-09-15 09:00:00,24.86618,18.427094,896.66595,9.028447,235.67328,67.4516
2021-09-15 10:00:00,24.211304,18.427765,896.30786,8.642151,238.90999,70.14974
2021-09-15 11:00:00,24.11969,18.42157,896.3783,8.151336,239.64151,70.50901
2021-09-15 12:00:00,23.952972,18.450836,896.6616,7.547784,236.97095,71.34919
2021-09-15 13:00:00,23.705322,18.579498,897.2022,7.2605386,232.22278,73.0057
2021-09-15 14:00:00,22.928802,18.653137,897.89185,7.2457294,228.17522,76.8634
2021-09-15 15:00:00,22.17984,18.46164,898.48224,7.3372035,225.18803,79.481476
2021-09-15 16:00:00,21.97638,18.462494,898.79584,7.5287433,223.59698,80.47745
2021-09-15 17:00:00,21.416046,18.281128,898.7658,7.7753444,223.42743,82.3399
2021-09-15 18:00:00,21.274292,18.273468,898.4705,8.020142,224.49767,83.01838
2021-09-15 19:00:00,21.131348,18.260712,898.0393,8.223423,226.03992,83.682594
2021-09-15 20:00:00,20.599274,18.04596,897.63495,8.351046,227.8246,85.308365
2021-09-15 21:00:00,20.49887,17.996307,897.3303,8.418081,229.54527,85.5706
2021-09-15 22:00:00,20.157776,17.737122,897.1337,8.229191,230.76964,85.97845
2021-09-15 23:00:00,20.074493,17.673462,897.0553,8.262509,231.15936,86.076584
2021-09-16 00:00:00,20.28537,17.75647,897.2475,8.227848,231.08438,85.40713
2021-09-16 01:00:00,20.312714,17.711273,897.68726,8.201722,230.19667,85.02059
2021-09-16 02:00:00,21.119568,17.903687,898.25085,8.327543,229.71307,81.88576
2021-09-16 03:00:00,21.619446,18.036743,898.67993,8.727579,230.03899,80.08296
2021-09-16 04:00:00,21.981018,18.058807,898.8477,9.087977,231.59648,78.44265
2021-09-16 05:00:00,23.32727,18.241882,898.7492,9.42868,233.8201,73.125175
2021-09-16 06:00:00,23.89624,18.114136,898.25775,9.791515,236.78326,70.0967
2021-09-16 07:00:00,24.087982,18.09787,897.5261,10.03373,239.79718,69.22316
2021-09-16 08:00:00,24.733856,18.197968,896.6496,10.081881,242.68097,67.016754
2021-09-16 09:00:00,24.841125,18.145111,895.9576,10.002504,245.14082,66.368225
2021-09-16 10:00:00,24.176666,18.046234,895.4303,9.128887,251.36218,68.63273
2021-09-16 11:00:00,24.137604,18.085602,895.4158,8.42549,252.06485,68.964134
2021-09-16 12:00:00,23.90158,18.102814,895.57697,7.52609,248.78802,70.0244
2021-09-16 13:00:00,23.644318,18.352936,895.99976,6.8990264,243.53003,72.241844
2021-09-16 14:00:00,22.815582,18.31012,896.61896,6.6180334,238.37561,75.747475
2021-09-16 15:00:00,22.256714,18.148468,897.1703,6.5177555,234.51315,77.57172
2021-09-16 16:00:00,22.104492,18.168915,897.4842,6.610648,231.18887,78.394714
2021-09-16 17:00:00,21.51596,18.063202,897.4718,6.8124967,228.86508,80.72569
2021-09-16 18:00:00,21.352722,18.044922,897.2168,7.0870605,227.9528,81.443146
2021-09-16 19:00:00,21.248505,18.014618,896.83813,7.3612638,227.89297,81.80919
2021-09-16 20:00:00,20.751343,17.878265,896.4192,7.52597,228.39752,83.62656
2021-09-16 21:00:00,20.637024,17.863556,896.1184,7.6605854,228.99075,84.13948
2021-09-16 22:00:00,20.250824,17.551086,895.90405,7.073207,233.19363,84.48876
2021-09-16 23:00:00,20.172333,17.514343,895.98413,7.129964,232.55492,84.7031
2021-09-17 00:00:00,20.327087,17.6044,896.3063,7.065416,231.29895,84.37486
2021-09-17 01:00:00,20.357574,17.57071,896.8719,6.970392,228.97751,84.03746
2021-09-17 02:00:00,21.12204,17.78238,897.5801,7.0760617,227.2902,81.25061
2021-09-17 03:00:00,21.553528,17.832123,898.15515,7.3675284,227.46399,79.378365
2021-09-17 04:00:00,21.913055,17.808167,898.4406,7.5439124,228.55075,77.536606
2021-09-17 05:00:00,23.202118,17.929901,898.3753,7.7071757,230.29326,72.25005
2021-09-17 06:00:00,23.766785,17.92334,897.9333,7.958948,232.48355,69.80249
2021-09-17 07:00:00,23.947998,17.913513,897.234,8.227612,235.31082,69.00331
2021-09-17 08:00:00,24.374176,17.849548,896.4721,8.318283,238.09158,66.991165
2021-09-17 09:00:00,24.38034,17.82956,895.8828,8.216003,240.22266,66.8822
2021-09-17 10:00:00,23.786346,17.710327,895.35065,7.533082,246.65787,68.79173
2021-09-17 11:00:00,23.740204,17.737885,895.3961,7.037731,246.25928,69.10286
2021-09-17 12:00:00,23.53772,17.78003,895.6934,6.353952,241.19882,70.13671
2021-09-17 13:00:00,23.298767,18.027313,896.2581,5.9059243,234.46036,72.27071
2021-09-17 14:00:00,22.63034,18.01593,897.0801,5.7678447,228.43918,75.201355
2021-09-17 15:00:00,21.937103,17.773834,897.8479,5.852553,224.11156,77.25572
2021-09-17 16:00:00,21.784546,17.774231,898.37195,6.080355,221.20543,77.980484
2021-09-17 17:00:00,21.205017,17.613892,898.5257,6.367038,219.79172,79.984276
2021-09-17 18:00:00,20.956787,17.528015,898.3694,6.6667247,219.97043,80.77412
2021-09-17 19:00:00,20.83606,17.517456,898.05164,6.911215,221.20787,81.321785
2021-09-17 20:00:00,20.288635,17.313782,897.68634,7.005691,222.94678,83.03811
2021-09-17 21:00:00,20.144775,17.267944,897.46796,7.050592,224.64542,83.53739
2021-09-17 22:00:00,19.678436,16.926697,897.3797,6.8487434,233.79865,84.14859
2021-09-17 23:00:00,19.608276,16.883148,897.4509,6.8751974,233.34006,84.28287
2021-09-18 00:00:00,19.8508,16.977814,897.79626,6.794938,232.40137,83.52394
2021-09-18 01:00:00,19.908478,16.95288,898.3929,6.749352,231.28093,83.09456
2021-09-18 02:00:00,21.175537,17.425354,899.12897,6.929061,230.8849,79.18154
2021-09-18 03:00:00,21.71579,17.557861,899.7149,7.3407116,233.15683,77.24815
2021-09-18 04:00:00,22.079071,17.493073,899.9882,7.6477475,235.93042,75.24619
2021-09-18 05:00:00,23.477325,17.614105,900.0072,7.864663,238.58087,69.66048
2021-09-18 06:00:00,24.062866,17.567413,899.6916,8.03177,240.98578,67.05107
2021-09-18 07:00:00,24.246796,17.575806,899.09644,8.098454,243.9415,66.3503
2021-09-18 08:00:00,24.975464,17.448425,898.40704,8.023113,246.84937,63.012897
2021-09-18 09:00:00,25.041473,17.362,897.84094,7.8482223,248.93152,62.4238
2021-09-18 10:00:00,24.357635,17.381592,897.31177,7.5170894,254.43538,65.10802
2021-09-18 11:00:00,24.25296,17.305603,897.4241,6.842732,252.9575,65.20396
2021-09-18 12:00:00,24.082977,17.45047,897.7572,6.0888124,247.15742,66.47781
2021-09-18 13:00:00,23.8414,17.567108,898.34015,5.600273,240.69652,67.94806
2021-09-18 14:00:00,22.954407,17.568756,899.17365,5.353806,233.8663,71.69134
2021-09-18 15:00:00,22.069702,17.352509,899.9486,5.2472086,228.58588,74.623886
2021-09-18 16:00:00,21.876343,17.359283,900.4506,5.3057065,224.24004,75.54149
2021-09-18 17:00:00,21.275024,17.249146,900.64844,5.473798,221.66264,77.82848
2021-09-18 18:00:00,21.010376,17.210785,900.55585,5.62494,221.12589,78.91132
2021-09-18 19:00:00,20.790588,17.214386,900.2191,5.694363,222.02908,80.00322
2021-09-18 20:00:00,20.263184,17.02304,899.7904,5.705325,223.62608,81.65297
2021-09-18 21:00:00,20.143402,16.995209,899.445,5.70077,225.11618,82.11491
2021-09-18 22:00:00,19.632904,16.62436,899.37866,5.687773,238.96355,82.78319
2021-09-18 23:00:00,19.57077,16.62677,899.5082,5.5154243,239.40732,83.11597
2021-09-19 00:00:00,19.847504,16.719055,899.8262,5.383126,239.3343,82.18121
2021-09-19 01:00:00,20.032959,16.774994,900.4278,5.269577,238.15088,81.53157
2021-09-19 02:00:00,21.443787,17.253906,901.0733,5.3737726,238.09329,77.051
2021-09-19 03:00:00,22.14798,17.340027,901.5751,5.7427325,239.68207,74.210304
2021-09-19 04:00:00,22.568298,17.489594,901.726,5.997049,241.49753,73.0238
2021-09-19 05:00:00,24.061615,17.633514,901.62274,6.2552357,243.53964,67.33619
2021-09-19 06:00:00,24.652954,17.595306,901.15015,6.5625033,247.12202,64.83607
2021-09-19 07:00:00,24.794403,17.622314,900.43,6.765467,250.79492,64.40005
2021-09-19 08:00:00,25.507874,17.5542,899.6167,6.949069,254.60037,61.4564
2021-09-19 09:00:00,25.583893,17.453766,898.9808,6.9922,257.6303,60.793106
2021-09-19 10:00:00,24.791351,17.439484,898.4467,7.2954717,261.588,63.673073
2021-09-19 11:00:00,24.71106,17.407501,898.44305,6.7351465,260.10468,63.850124
2021-09-19 12:00:00,24.552979,17.712677,898.6985,5.9117074,255.92865,65.70916
2021-09-19 13:00:00,24.197632,17.655273,899.1574,5.3590236,249.89142,66.880455
2021-09-19 14:00:00,23.360443,17.826294,899.77435,5.0352755,244.34769,71.097496
2021-09-19 15:00:00,22.432495,17.608948,900.40076,4.890192,239.27876,74.18519
2021-09-19 16:00:00,22.209534,17.679626,900.73596,4.9291935,235.83643,75.534004
2021-09-19 17:00:00,21.48413,17.579956,900.75415,5.1218357,234.60251,78.45975
2021-09-19 18:00:00,21.261017,17.543701,900.50946,5.347432,234.98466,79.35798
2021-09-19 19:00:00,21.088898,17.570312,900.13763,5.5633316,236.39932,80.33528
2021-09-19 20:00:00,20.55777,17.362335,899.7075,5.6877356,238.7121,81.92128
2021-09-19 21:00:00,20.412384,17.305054,899.3682,5.717029,241.70961,82.36061
2021-09-19 22:00:00,19.96939,17.059296,899.2369,5.606084,247.8386,83.34153
2021-09-19 23:00:00,19.913177,17.060547,899.2514,5.589731,247.96548,83.638855
2021-09-20 00:00:00,20.124634,17.14679,899.39026,5.489435,247.5502,83.00306
2021-09-20 01:00:00,20.30661,17.257935,899.80273,5.3312836,246.2301,82.65369
2021-09-20 02:00:00,21.848633,17.64035,900.3362,5.3985305,244.20306,77.02347
2021-09-20 03:00:00,22.318665,17.689117,900.73987,5.621315,243.57536,75.078896
2021-09-20 04:00:00,22.690735,17.742188,900.8604,5.8916173,242.7962,73.64678
2021-09-20 05:00:00,24.250427,17.846313,900.6602,6.233647,242.76498,67.47607
2021-09-20 06:00:00,24.85376,17.809814,900.09656,6.6364164,244.38419,64.93475
2021-09-20 07:00:00,24.99582,17.790009,899.283,7.041935,246.64664,64.30656
2021-09-20 08:00:00,25.523071,17.787872,898.3234,7.438051,249.60706,62.31185
2021-09-20 09:00:00,25.48825,17.7547,897.56537,7.6903014,251.63551,62.310577
2021-09-20 10:00:00,24.564392,17.745605,897.03485,7.509633,256.77588,65.80066
2021-09-20 11:00:00,24.465454,17.753662,896.9299,7.1950336,254.60672,66.22498
2021-09-20 12:00:00,24.221344,17.951141,897.12616,6.5761805,250.54768,68.041084
2021-09-20 13:00:00,23.847107,18.004608,897.579,6.0948687,244.07245,69.8219
2021-09-20 14:00:00,22.968994,18.043182,898.21674,6.0017104,238.23601,73.79971
2021-09-20 15:00:00,22.110107,17.866425,898.8784,6.086984,234.2897,76.891975
2021-09-20 16:00:00,21.94159,17.933899,899.3008,6.290965,232.06252,78.01652
2021-09-20 17:00:00,21.368805,17.815674,899.3881,6.586124,231.58566,80.1982
2021-09-20 18:00:00,21.197357,17.83722,899.236,6.9197326,232.39658,81.15563
2021-09-20 19:00:00,21.030457,17.842773,898.93646,7.2532654,234.56067,82.02009
2021-09-20 20:00:00,20.566925,17.74054,898.50775,7.466121,237.49184,83.85182
2021-09-20 21:00:00,20.490814,17.73465,898.1026,7.5945687,240.49165,84.215034
2021-09-20 22:00:00,20.106415,17.374512,897.7763,7.416075,246.34288,84.301636
2021-09-20 23:00:00,20.034546,17.355652,897.8215,7.5235806,247.30339,84.57651
2021-09-21 00:00:00,20.25357,17.4682,898.00665,7.509756,248.02255,84.03378
2021-09-21 01:00:00,20.389496,17.551056,898.48456,7.4199452,247.99814,83.7681
2021-09-21 02:00:00,21.784851,17.96228,898.98627,7.4913797,247.31775,78.907265
2021-09-21 03:00:00,22.09671,17.968872,899.3932,7.911659,246.8738,77.45229
2021-09-21 04:00:00,22.33728,17.956085,899.49,8.351987,246.94116,76.264854
2021-09-21 05:00:00,23.76831,18.227692,899.267,8.812119,247.409,71.1435
2021-09-21 06:00:00,24.244293,18.21109,898.7175,9.269905,248.92496,69.06628
2021-09-21 07:00:00,24.350403,18.199036,897.9252,9.699539,250.53801,68.57652
2021-09-21 08:00:00,24.824432,18.212921,897.04016,10.0307,252.36942,66.71781
2021-09-21 09:00:00,24.841309,18.18805,896.26056,10.101449,253.96121,66.54665
2021-09-21 10:00:00,23.908936,18.225769,895.66077,9.746559,260.51788,70.53584
2021-09-21 11:00:00,23.733948,18.21045,895.59424,9.21995,259.89746,71.21369
2021-09-21 12:00:00,23.571838,18.28479,895.84265,8.586111,257.39343,72.24857
2021-09-21 13:00:00,23.289856,18.374847,896.3145,7.93632,254.09985,73.90427
2021-09-21 14:00:00,22.537933,18.463165,896.9352,7.465425,251.13379,77.77673
2021-09-21 15:00:00,21.856567,18.299225,897.5513,7.2276106,248.13364,80.24255
2021-09-21 16:00:00,21.730347,18.388733,897.9609,7.2393394,245.40079,81.31862
2021-09-21 17:00:00,21.245453,18.264954,898.0547,7.4277406,244.13083,83.12093
2021-09-21 18:00:00,21.042694,18.237091,897.85486,7.6612787,244.58536,84.01479
2021-09-21 19:00:00,20.88556,18.23175,897.52814,7.869344,246.12323,84.80165
2021-09-21 20:00:00,20.451721,18.075958,897.012,8.019272,248.36728,86.25051
2021-09-21 21:00:00,20.31253,18.026886,896.54175,8.076974,250.49913,86.726974
2021-09-21 22:00:00,20.037964,17.774231,896.2223,8.063641,257.36884,86.82078
2021-09-21 23:00:00,20.0401,17.795715,896.21954,7.8073034,257.18808,86.92683
2021-09-22 00:00:00,20.246094,17.874756,896.48517,7.582826,257.04303,86.2545
2021-09-22 01:00:00,20.31607,17.8815,897.00946,7.223374,256.49258,85.918884
2021-09-22 02:00:00,21.350037,18.174042,897.6053,6.996077,255.39844,82.11984
2021-09-22 03:00:00,21.658386,18.1333,898.0581,7.035195,254.17035,80.37861
2021-09-22 04:00:00,21.95288,18.092468,898.2342,7.2517676,252.80287,78.74375
2021-09-22 05:00:00,23.395782,18.310974,898.0943,7.5891795,251.70955,73.139725
2021-09-22 06:00:00,23.99176,18.313812,897.68616,7.9869494,251.7702,70.57436
2021-09-22 07:00:00,24.139893,18.29715,897.00525,8.356424,252.38672,69.87641
2021-09-22 08:00:00,24.599762,18.364136,896.2633,8.559006,253.35043,68.26389
2021-09-22 09:00:00,24.60794,18.323883,895.58966,8.536349,253.90521,68.05852
2021-09-22 10:00:00,23.722168,18.277924,895.00305,7.8945694,257.13483,71.56654
2021-09-22 11:00:00,23.589233,18.293762,895.06274,7.511711,255.89297,72.21351
2021-09-22 12:00:00,23.4003,18.419586,895.33325,6.873653,252.56506,73.619316
2021-09-22 13:00:00,23.211212,18.519623,895.85455,6.3252683,247.18713,74.93276
2021-09-22 14:00:00,22.554016,18.55783,896.5114,6.0689197,241.2396,78.162735
2021-09-22 15:00:00,21.923431,18.433502,897.1719,5.997055,235.60202,80.59132
2021-09-22 16:00:00,21.834076,18.50821,897.57367,6.0602946,231.05641,81.41211
2021-09-22 17:00:00,21.379303,18.439606,897.6543,6.2376366,228.23807,83.349396
2021-09-22 18:00:00,21.251068,18.446106,897.52826,6.452081,227.62059,84.04135
2021-09-22 19:00:00,21.13565,18.479431,897.26935,6.607804,228.34657,84.81545
2021-09-22 20:00:00,20.728058,18.324585,896.9885,6.671096,229.61569,86.1276
2021-09-22 21:00:00,20.57013,18.237946,896.6836,6.6583977,230.72076,86.49826
2021-09-22 22:00:00,20.30481,18.04071,896.56415,6.2543497,240.74246,86.843765
2021-09-22 23:00:00,20.187225,18.009583,896.62354,6.018667,239.31172,87.3061
2021-09-23 00:00:00,20.41214,18.100891,896.8434,5.7766504,237.95085,86.59697
2021-09-23 01:00:00,20.504242,18.150665,897.37225,5.6237645,235.1355,86.375885
2021-09-23 02:00:00,21.464935,18.418,898.0058,5.6809196,231.5059,82.80122
2021-09-23 03:00:00,21.7659,18.435455,898.6066,6.0128074,228.29497,81.38009
2021-09-23 04:00:00,22.021698,18.380127,898.8931,6.433496,228.5667,79.84224
2021-09-23 05:00:00,23.363098,18.661224,898.8953,6.840691,230.49599,74.90944
2021-09-23 06:00:00,23.919281,18.61554,898.58453,7.229723,233.27867,72.23485
2021-09-23 07:00:00,24.089813,18.617035,898.00073,7.590038,236.86897,71.50538
2021-09-23 08:00:00,24.578613,18.720856,897.307,7.750244,240.2142,69.8938
2021-09-23 09:00:00,24.51648,18.69867,896.6515,7.7649183,242.62456,70.05684
2021-09-23 10:00:00,23.712433,18.650177,896.12573,7.692405,250.51869,73.29788
2021-09-23 11:00:00,23.639343,18.632019,896.17413,7.2366323,251.02545,73.53761
2021-09-23 12:00:00,23.455261,18.658356,896.5006,6.7648554,248.89531,74.48066
2021-09-23 13:00:00,23.2919,18.796753,897.06024,6.4622474,244.77005,75.872246
2021-09-23 14:00:00,22.635712,18.848206,897.84406,6.1750426,241.10477,79.20106
2021-09-23 15:00:00,21.737976,18.5177,898.5679,6.0459943,237.6799,81.94004
2021-09-23 16:00:00,21.592804,18.55426,899.0453,6.0642905,234.99054,82.859955
2021-09-23 17:00:00,21.129974,18.407166,899.1856,6.171879,233.43759,84.461754
2021-09-23 18:00:00,21.015747,18.391144,899.09845,6.269199,233.36188,84.97091
2021-09-23 19:00:00,20.860046,18.365906,898.79224,6.2246146,234.66565,85.65247
2021-09-23 20:00:00,20.483643,18.2117,898.43475,6.112652,236.79561,86.8177
2021-09-23 21:00:00,20.388977,18.191284,898.1401,5.985571,239.06793,87.21451
2021-09-23 22:00:00,20.281403,18.12854,898.0018,6.000657,247.55412,87.45061
2021-09-23 23:00:00,20.22287,18.121399,898.0868,5.4938593,249.24799,87.72813
2021-09-24 00:00:00,20.498718,18.265625,898.323,5.100355,249.6878,87.03099
2021-09-24 01:00:00,20.58075,18.299316,898.7799,4.7087555,247.04251,86.77511
2021-09-24 02:00:00,21.503967,18.499786,899.31976,4.6775203,243.04395,83.02791
2021-09-24 03:00:00,21.794098,18.481384,899.7547,4.840491,240.54419,81.474144
2021-09-24 04:00:00,22.10498,18.470581,899.9327,5.0920424,239.12717,79.88948
2021-09-24 05:00:00,23.506012,18.655396,899.79126,5.3509564,239.59402,74.23934
2021-09-24 06:00:00,24.280151,18.584106,899.32983,5.681459,241.10733,70.54807
2021-09-24 07:00:00,24.428528,18.53714,898.5845,5.9611416,243.54779,69.71847
2021-09-24 08:00:00,24.86203,18.56131,897.8075,6.1337705,245.78308,68.0378
2021-09-24 09:00:00,24.879608,18.506927,897.15765,6.207246,247.82068,67.73546
2021-09-24 10:00:00,24.1156,18.532104,896.5561,6.329759,255.88568,71.01628
2021-09-24 11:00:00,23.983429,18.528015,896.5411,6.084324,256.2748,71.56384
2021-09-24 12:00:00,23.772705,18.551056,896.80475,5.6404185,252.55098,72.580894
2021-09-24 13:00:00,23.592285,18.757294,897.2428,5.325339,246.59804,74.32631
2021-09-24 14:00:00,22.824799,18.682281,897.92206,5.2320013,241.17963,77.4903
2021-09-24 15:00:00,22.142456,18.49118,898.5221,5.3507295,236.06146,79.810165
2021-09-24 16:00:00,22.019623,18.477417,898.905,5.626555,232.38503,80.34059
2021-09-24 17:00:00,21.44403,18.317444,898.9932,5.969087,230.29921,82.38632
2021-09-24 18:00:00,21.27414,18.313568,898.86896,6.350149,230.25832,83.22824
2021-09-24 19:00:00,21.128387,18.307861,898.6481,6.6964684,231.70941,83.94575
2021-09-24 20:00:00,20.667603,18.152466,898.3052,6.9045024,234.45107,85.5202
2021-09-24 21:00:00,20.533875,18.091858,898.0223,7.0185366,237.79877,85.90032
2021-09-24 22:00:00,20.040436,17.767181,897.8847,7.091358,245.79291,86.76898
2021-09-24 23:00:00,19.99234,17.752808,897.86346,6.945391,247.12958,86.948975
2021-09-25 00:00:00,20.237762,17.81137,898.0428,6.8327484,248.10025,85.95534
2021-09-25 01:00:00,20.29486,17.839447,898.43414,6.647929,248.55658,85.80413
2021-09-25 02:00:00,21.410187,18.155457,898.90906,6.6235166,248.98343,81.722374
2021-09-25 03:00:00,21.738495,18.119019,899.27075,6.6833296,249.33263,79.914345
2021-09-25 04:00:00,22.078766,18.012207,899.4433,6.763336,250.11603,77.74857
2021-09-25 05:00:00,23.61914,18.198456,899.2796,6.945953,251.66016,71.65373
2021-09-25 06:00:00,24.16571,18.178497,898.8231,7.265376,253.73248,69.25075
2021-09-25 07:00:00,24.327759,18.109222,898.0703,7.6171336,256.5713,68.28347
2021-09-25 08:00:00,24.955994,18.357086,897.3229,7.8508005,259.52145,66.7974
2021-09-25 09:00:00,24.937775,18.315277,896.6674,7.886787,261.93384,66.69498
2021-09-25 10:00:00,23.991394,17.981842,896.0323,7.5505667,268.49982,69.119995
2021-09-25 11:00:00,23.884674,17.943878,896.06323,7.1978498,268.2132,69.39888
2021-09-25 12:00:00,23.718506,18.03305,896.3035,6.7159743,264.4422,70.49016
2021-09-25 13:00:00,23.512573,18.310394,896.78064,6.363171,260.49432,72.62365
2021-09-25 14:00:00,22.679749,18.245087,897.39685,6.0865088,256.51886,76.063
2021-09-25 15:00:00,21.908356,17.976624,897.91583,5.923516,252.44682,78.385216
2021-09-25 16:00:00,21.800354,18.009521,898.1699,6.0011516,248.3642,79.06707
2021-09-25 17:00:00,21.190948,17.85553,898.1411,6.2006936,245.48062,81.28116
2021-09-25 18:00:00,20.902191,17.753326,897.94055,6.465364,244.54626,82.20495
2021-09-25 19:00:00,20.773895,17.732025,897.6196,6.664076,244.82492,82.74524
2021-09-25 20:00:00,20.32904,17.580902,897.247,6.8289046,246.462,84.23978
2021-09-25 21:00:00,20.24768,17.56543,896.8669,6.917396,248.0399,84.581665
2021-09-25 22:00:00,19.952698,17.388275,896.59717,6.542402,257.58838,85.18153
2021-09-25 23:00:00,19.885468,17.363983,896.5496,6.348789,257.56036,85.4059
2021-09-26 00:00:00,20.1073,17.439209,896.72217,6.162891,257.11722,84.64209
2021-09-26 01:00:00,20.20819,17.470245,897.13586,5.85825,255.81578,84.28065
2021-09-26 02:00:00,21.26944,17.78128,897.65485,5.537376,253.50879,80.51359
2021-09-26 03:00:00,21.615814,17.758575,898.08307,5.3770556,251.04294,78.71119
2021-09-26 04:00:00,21.970215,17.816101,898.25354,5.2674446,247.27512,77.30529
2021-09-26 05:00:00,23.433807,17.970367,898.11993,5.426409,245.33139,71.42793
2021-09-26 06:00:00,23.985382,17.992798,897.6573,5.7520986,245.1097,69.19263
2021-09-26 07:00:00,24.119263,17.991608,897.01874,6.120744,246.44742,68.63346
2021-09-26 08:00:00,24.731659,17.959686,896.32654,6.435889,248.09424,66.02965
2021-09-26 09:00:00,24.759003,17.925842,895.78186,6.6661882,249.316,65.78173
2021-09-26 10:00:00,23.921265,17.997711,895.19196,6.559399,255.21597,69.48116
2021-09-26 11:00:00,23.83017,17.94046,895.2891,6.5704365,253.25357,69.61175
2021-09-26 12:00:00,23.615814,17.92511,895.63104,6.510486,247.7988,70.44773
2021-09-26 13:00:00,23.398438,18.228271,896.1594,6.492552,241.93741,72.74958
2021-09-26 14:00:00,22.599457,18.219696,896.79443,6.584826,236.9013,76.31284
2021-09-26 15:00:00,21.960571,18.100494,897.34607,6.75194,232.95227,78.746506
2021-09-26 16:00:00,21.804077,18.066772,897.616,6.9985642,230.03117,79.33403
2021-09-26 17:00:00,21.241302,17.91388,897.6414,7.281276,228.93565,81.32852
2021-09-26 18:00:00,21.035309,17.777618,897.4292,7.587536,229.04286,81.66001
2021-09-26 19:00:00,20.892029,17.741516,897.0935,7.8519716,230.43022,82.19516
2021-09-26 20:00:00,20.487823,17.628387,896.70013,8.005672,232.51074,83.6684
2021-09-26 21:00:00,20.370148,17.563477,896.401,8.036164,234.76251,83.93394
2021-09-26 22:00:00,19.925293,17.280426,896.31665,7.8903565,242.01538,84.74678
2021-09-26 23:00:00,19.835114,17.204956,896.34924,7.752759,242.88957,84.81601
2021-09-27 00:00:00,20.057465,17.252472,896.54346,7.535227,243.3068,83.9077
2021-09-27 01:00:00,20.143188,17.265686,897.007,7.182087,243.43239,83.53365
2021-09-27 02:00:00,21.182373,17.528748,897.5801,6.875996,243.0888,79.66653
2021-09-27 03:00:00,21.512146,17.440155,898.11383,6.637959,241.52621,77.63739
2021-09-27 04:00:00,21.816498,17.462494,898.3496,6.531665,239.9403,76.31377
2021-09-27 05:00:00,23.370667,17.60437,898.31757,6.535698,239.95877,70.06713
2021-09-27 06:00:00,23.94693,17.568878,897.92896,6.566932,240.95023,67.525894
2021-09-27 07:00:00,24.107178,17.550293,897.3271,6.663045,243.01816,66.80077
2021-09-27 08:00:00,24.68219,17.47226,896.6192,6.690028,245.55087,64.22239
2021-09-27 09:00:00,24.74121,17.463928,896.0234,6.6781635,247.42917,63.96266
2021-09-27 10:00:00,23.70279,17.351532,895.5652,6.371105,259.46695,67.59108
2021-09-27 11:00:00,23.618103,17.280945,895.62225,6.027907,255.5928,67.634315
2021-09-27 12:00:00,23.390564,17.582855,895.8642,5.7021894,249.82529,69.888145
2021-09-27 13:00:00,23.18695,17.553192,896.37885,5.468066,242.59969,70.620575
2021-09-27 14:00:00,22.364105,17.545654,897.0549,5.3290873,234.95801,74.19754
2021-09-27 15:00:00,21.572754,17.350311,897.6811,5.3051877,228.15833,76.912346
2021-09-27 16:00:00,21.356232,17.297516,898.041,5.469834,222.48494,77.6792
2021-09-27 17:00:00,20.778412,17.228271,898.1957,5.771418,218.86627,80.13356
2021-09-27 18:00:00,20.624573,17.18628,898.1289,6.117702,217.35823,80.68174
2021-09-27 19:00:00,20.494873,17.198944,897.9177,6.3895154,217.42291,81.39459
2021-09-27 20:00:00,19.975555,16.967346,897.5846,6.5129104,218.21826,82.825935
2021-09-27 21:00:00,19.900818,16.924835,897.28015,6.551019,219.3112,82.98636
2021-09-27 22:00:00,19.606506,16.703857,897.2353,5.941072,227.12167,83.338715
2021-09-27 23:00:00,19.511719,16.670715,897.2843,5.9391813,225.09276,83.65461
2021-09-28 00:00:00,19.82843,16.832886,897.62366,5.957203,222.15195,82.87491
2021-09-28 01:00:00,19.974182,16.887482,898.2213,5.9249015,218.88376,82.41472
2021-09-28 02:00:00,21.262909,17.203674,898.9041,6.0061636,214.59308,77.6627
2021-09-28 03:00:00,21.649597,17.169312,899.4522,6.586091,210.6568,75.68077
2021-09-28 04:00:00,21.936035,17.236664,899.6385,7.187573,209.96361,74.68578
2021-09-28 05:00:00,23.59201,17.577942,899.5482,7.6412888,211.97374,69.02298
2021-09-28 06:00:00,24.160126,17.580475,899.12555,7.9240527,215.38261,66.715744
2021-09-28 07:00:00,24.326813,17.531616,898.4702,8.086352,220.0967,65.84904
2021-09-28 08:00:00,24.929047,17.425537,897.61053,8.118099,225.06026,63.096367
2021-09-28 09:00:00,24.947815,17.338135,896.90173,8.040386,228.37892,62.678783
2021-09-28 10:00:00,23.92456,17.43332,896.30835,7.502907,235.84589,67.040764
2021-09-28 11:00:00,23.832764,17.542114,896.36304,7.042005,237.30347,67.87627
2021-09-28 12:00:00,23.703491,17.73648,896.70667,6.6111183,236.00049,69.2496
2021-09-28 13:00:00,23.350311,17.765686,897.3867,6.2037535,233.03941,70.87005
2021-09-28 14:00:00,22.525604,17.703918,898.2368,5.802832,229.88599,74.20959
2021-09-28 15:00:00,21.830933,17.654114,899.01697,5.5967665,227.15926,77.173676
2021-09-28 16:00:00,21.644897,17.62967,899.5062,5.5232263,224.90852,77.93571
2021-09-28 17:00:00,21.040375,17.42212,899.6093,5.5248184,223.67024,79.82501
2021-09-28 18:00:00,20.885834,17.403687,899.37994,5.505381,223.72044,80.493065
2021-09-28 19:00:00,20.763428,17.406982,898.9934,5.516579,225.03928,81.11841
2021-09-28 20:00:00,20.286438,17.221985,898.5959,5.4361043,227.0557,82.56883
2021-09-28 21:00:00,20.197449,17.194,898.2492,5.283947,229.77556,82.87732
2021-09-28 22:00:00,19.86203,16.898773,898.02515,4.9395413,241.16702,83.04875
2021-09-28 23:00:00,19.776978,16.853424,898.06415,4.6108665,242.41818,83.24807
2021-09-29 00:00:00,20.037079,16.984955,898.3967,4.2814856,243.12282,82.60318
2021-09-29 01:00:00,20.13623,16.97992,898.9866,3.8679037,242.4952,82.07181
2021-09-29 02:00:00,21.522614,17.337555,899.6463,3.5973616,240.18967,77.08655
2021-09-29 03:00:00,22.0083,17.365082,900.1872,3.69406,236.88573,74.963264
2021-09-29 04:00:00,22.35318,17.440033,900.3915,3.8418837,235.43718,73.7536
2021-09-29 05:00:00,23.959686,17.661224,900.2749,3.89921,237.37637,67.86815
2021-09-29 06:00:00,24.62204,17.671051,899.6998,3.9892554,241.34464,65.26692
2021-09-29 07:00:00,24.772186,17.624573,898.9827,4.0179973,246.22647,64.49474
2021-09-29 08:00:00,25.277283,17.548523,898.20544,3.9447126,251.7578,62.282352
2021-09-29 09:00:00,25.297455,17.498108,897.61487,3.7617495,255.72183,62.010105
2021-09-29 10:00:00,24.32077,17.422241,897.1754,3.705916,261.42908,65.419716
2021-09-29 11:00:00,24.196564,17.566925,897.2456,3.087622,259.69336,66.513214
2021-09-29 12:00:00,24.00113,17.665436,897.5772,2.4491735,253.80167,67.71735
2021-09-29 13:00:00,23.739166,17.773712,898.16266,2.0210094,237.73907,69.26328
2021-09-29 14:00:00,22.927399,17.827911,898.8734,1.8128726,218.28615,72.99086
2021-09-29 15:00:00,22.12732,17.657562,899.5329,1.9398842,202.2538,75.807655
2021-09-29 16:00:00,21.89685,17.68637,899.89624,2.2612486,192.77226,77.02017
2021-09-29 17:00:00,21.248993,17.522308,899.9487,2.6558976,189.8277,79.3094
2021-09-29 18:00:00,21.064148,17.489532,899.7862,2.989555,189.93661,80.04846
2021-09-29 19:00:00,20.882019,17.4711,899.55896,3.229032,191.75362,80.85532
2021-09-29 20:00:00,20.411163,17.291351,899.2355,3.3117023,194.20981,82.295494
2021-09-29 21:00:00,20.292542,17.260254,898.95264,3.2981439,196.37021,82.73766
2021-09-29 22:00:00,19.95346,17.022797,898.8215,2.6287622,208.10492,83.231186
2021-09-29 23:00:00,19.933655,17.058838,898.8854,2.539861,206.2321,83.52377
2021-09-30 00:00:00,20.183472,17.17685,899.2898,2.4744327,202.1721,82.859024
2021-09-30 01:00:00,20.287628,17.144836,899.93225,2.4202843,197.1725,82.16083
2021-09-30 02:00:00,21.904297,17.654388,900.6518,2.5831761,193.76791,76.83018
2021-09-30 03:00:00,22.355225,17.610352,901.1685,3.0615768,195.2369,74.54112
2021-09-30 04:00:00,22.730255,17.66629,901.336,3.5753562,197.66246,73.119965
2021-09-30 05:00:00,24.427795,17.826752,901.166,3.8320122,202.89584,66.68061
2021-09-30 06:00:00,25.028961,17.767334,900.6304,3.8728213,210.85445,64.08806
2021-09-30 07:00:00,25.142426,17.71283,899.90356,3.8111992,218.13565,63.43807
2021-09-30 08:00:00,25.65213,17.587189,899.17633,3.7015805,225.79547,61.059265
2021-09-30 09:00:00,25.668274,17.529724,898.54706,3.528617,231.87244,60.7801
2021-09-30 10:00:00,24.613586,17.621918,897.9953,3.726443,236.80362,65.097984
2021-09-30 11:00:00,24.44159,17.712463,898.0096,3.0902157,235.1849,66.14777
2021-09-30 12:00:00,24.110046,17.830444,898.3449,2.6735363,226.65236,67.978775
2021-09-30 13:00:00,23.924957,17.9133,898.83923,2.4614108,215.94388,69.09801
2021-09-30 14:00:00,23.08667,17.873535,899.5759,2.4401212,205.85841,72.49856
2021-09-30 15:00:00,22.27295,17.723175,900.17847,2.5248065,198.0554,75.44974
2021-09-30 16:00:00,22.122955,17.819519,900.581,2.6735969,192.02281,76.605354
2021-09-30 17:00:00,21.566254,17.695557,900.6147,2.848455,190.03651,78.637375
2021-09-30 18:00:00,21.325897,17.711273,900.44696,2.933448,190.83923,79.8824
2021-09-30 19:00:00,21.140198,17.690063,900.0846,2.8916595,192.59818,80.68952
2021-09-30 20:00:00,20.65335,17.54007,899.68585,2.7162766,193.90388,82.359055
2021-09-30 21:00:00,20.477386,17.493591,899.329,2.4366586,193.69514,83.013504
2021-09-30 22:00:00,20.063385,17.259674,899.0536,1.6328521,219.85033,83.91515
2021-09-30 23:00:00,20.000458,17.230286,899.12225,1.1387935,214.0544,84.086266
