timestamp,temperature_C,dewpoint_C,pressure_hPa,wind_speed_kmh,wind_direction_deg,relative_humidity_pct
2023-10-01 00:00:00,19.750793,16.87384,897.70984,9.767915,237.74948,83.49142
2023-10-01 01:00:00,19.824524,16.897675,898.28467,9.667925,236.39828,83.23624
2023-10-01 02:00:00,20.994354,17.235535,898.813,9.817481,234.74637,79.112785
2023-10-01 03:00:00,21.424835,17.197815,899.2424,10.593847,233.96904,76.86733
2023-10-01 04:00:00,21.832489,17.05365,899.4308,11.18619,234.73904,74.29394
2023-10-01 05:00:00,23.678009,17.353058,899.3401,11.701213,235.84431,67.69854
2023-10-01 06:00:00,24.346527,17.245026,898.8803,12.128213,237.3837,64.591484
2023-10-01 07:00:00,24.53363,17.056213,898.1576,12.526018,239.29813,63.113426
2023-10-01 08:00:00,25.21698,16.966217,897.3438,12.756073,241.2399,60.246956
2023-10-01 09:00:00,25.215027,16.909485,896.62354,12.829996,243.09708,60.03772
2023-10-01 10:00:00,24.305847,16.856842,896.35565,11.845388,244.49872,63.17695
2023-10-01 11:00:00,24.182861,16.849457,896.4052,11.164676,242.92783,63.614758
2023-10-01 12:00:00,23.936584,16.792358,896.71606,10.42667,240.20282,64.32901
2023-10-01 13:00:00,23.700562,17.243347,897.28625,10.025722,237.9678,67.1395
2023-10-01 14:00:00,22.651947,17.270386,897.9946,9.7771845,235.7219,71.654976
2023-10-01 15:00:00,21.782532,17.01352,898.5887,9.675661,233.69179,74.33176
2023-10-01 16:00:00,21.561462,16.977722,898.90814,9.723495,232.30542,75.17245
2023-10-01 17:00:00,20.887482,16.940735,898.96295,9.878279,231.2299,78.16185
2023-10-01 18:00:00,20.705383,16.934662,898.7727,10.042853,231.03508,79.01222
2023-10-01 19:00:00,20.546692,16.915405,898.44946,10.117831,231.49052,79.691284
2023-10-01 20:00:00,19.98587,16.739746,898.0676,10.127276,232.48189,81.586876
2023-10-01 21:00:00,19.913727,16.743896,897.77625,10.135236,233.2238,81.97384
2023-10-01 22:00:00,19.641052,16.586548,897.53937,9.472621,234.64328,82.54276
2023-10-01 23:00:00,19.592834,16.60965,897.6844,9.543685,234.48029,82.911896
2023-10-02 00:00:00,19.672974,16.668396,898.0796,9.507133,233.80066,82.80886
2023-10-02 01:00:00,19.744507,16.682007,898.6138,9.455606,232.4224,82.51341
2023-10-02 02:00:00,20.85904,17.009064,899.19104,9.492711,230.69522,78.63841
2023-10-02 03:00:00,21.361725,16.992706,899.7508,10.050175,228.82114,76.16969
2023-10-02 04:00:00,21.854156,16.878967,900.0519,10.595931,229.14539,73.37901
2023-10-02 05:00:00,23.67871,17.136505,899.93774,11.070078,230.23317,66.77508
2023-10-02 06:00:00,24.311615,17.016846,899.466,11.587684,232.24634,63.798832
2023-10-02 07:00:00,24.50885,16.864288,898.75555,11.967882,234.58084,62.44303
2023-10-02 08:00:00,25.276062,16.708496,898.00757,12.178659,236.79716,59.062122
2023-10-02 09:00:00,25.315033,16.648651,897.41724,12.107546,238.40579,58.70183
2023-10-02 10:00:00,24.281189,16.917725,897.2307,10.942152,241.97495,63.5151
2023-10-02 11:00:00,24.129456,17.00418,897.2957,10.1792145,239.63037,64.44787
2023-10-02 12:00:00,23.869904,17.01828,897.7034,9.424584,235.96652,65.51904
2023-10-02 13:00:00,23.599182,17.093903,898.23083,8.993864,232.48874,66.91504
2023-10-02 14:00:00,22.615417,17.308868,898.87744,8.839035,229.5327,71.98888
2023-10-02 15:00:00,21.87503,17.157074,899.34357,8.853551,227.01332,74.5879
2023-10-02 16:00:00,21.665863,17.202148,899.6256,8.9522505,225.34622,75.762764
2023-10-02 17:00:00,21.061218,17.06314,899.63403,9.150927,224.38478,77.93371
2023-10-02 18:00:00,20.925842,17.057037,899.4419,9.332629,224.29219,78.55433
2023-10-02 19:00:00,20.748749,17.029694,899.1945,9.451756,224.6876,79.27743
2023-10-02 20:00:00,20.194763,16.878143,898.87537,9.507781,225.67416,81.249466
2023-10-02 21:00:00,20.087341,16.837982,898.63306,9.492728,226.6657,81.583
2023-10-02 22:00:00,19.610321,16.599945,898.5044,9.205984,230.25377,82.77086
2023-10-02 23:00:00,19.56781,16.574463,898.6227,9.176959,230.64384,82.85538
2023-10-03 00:00:00,19.746277,16.69577,898.9281,9.152712,229.74161,82.57646
2023-10-03 01:00:00,19.744171,16.645905,899.5644,9.115227,228.0726,82.32614
2023-10-03 02:00:00,20.920502,17.000763,900.2288,9.306051,226.9564,78.30057
2023-10-03 03:00:00,21.291077,16.9617,900.78625,9.821633,227.60468,76.35009
2023-10-03 04:00:00,21.76535,16.830475,900.9631,10.184744,229.33434,73.55148
2023-10-03 05:00:00,23.520447,16.871307,900.72125,10.433938,231.42209,66.2918
2023-10-03 06:00:00,24.165009,16.752716,900.07275,10.641817,233.69966,63.293278
2023-10-03 07:00:00,24.335754,16.649048,899.23267,10.764163,235.74103,62.237602
2023-10-03 08:00:00,24.913788,16.531769,898.2992,10.744633,237.37723,59.676975
2023-10-03 09:00:00,24.923584,16.461823,897.66547,10.540834,238.43622,59.37739
2023-10-03 10:00:00,24.069489,16.562988,897.524,10.0801935,239.52872,62.894676
2023-10-03 11:00:00,23.914001,16.64331,897.67883,9.326286,237.29582,63.809723
2023-10-03 12:00:00,23.734955,16.608795,898.08673,8.6189,233.10974,64.35936
2023-10-03 13:00:00,23.428009,17.011688,898.6903,8.275248,229.40427,67.25811
2023-10-03 14:00:00,22.39679,17.140259,899.42725,8.095842,226.2986,72.177635
2023-10-03 15:00:00,21.652985,17.062653,900.0338,8.05837,223.95859,75.15604
2023-10-03 16:00:00,21.396332,17.032532,900.3256,8.149827,222.37047,76.20036
2023-10-03 17:00:00,20.738647,16.896545,900.3246,8.312618,222.05133,78.660286
2023-10-03 18:00:00,20.58435,16.917206,900.1376,8.46197,222.17165,79.51554
2023-10-03 19:00:00,20.420593,16.868744,899.8264,8.508966,223.24785,80.076294
2023-10-03 20:00:00,19.904785,16.687195,899.4317,8.4193735,225.13393,81.72451
2023-10-03 21:00:00,19.7565,16.583618,899.06024,8.270834,226.85919,81.938324
2023-10-03 22:00:00,19.300507,16.365967,898.9187,7.8384438,227.63771,83.134155
2023-10-03 23:00:00,19.229828,16.358795,898.907,7.788165,227.41747,83.46265
2023-10-04 00:00:00,19.469025,16.521332,899.1594,7.71241,226.11665,83.08446
2023-10-04 01:00:00,19.477417,16.516693,899.7266,7.6863875,224.82364,83.01661
2023-10-04 02:00:00,20.54068,16.785522,900.37396,7.8494945,223.7217,79.06686
2023-10-04 03:00:00,20.923584,16.710114,900.8655,8.196469,223.32422,76.85595
2023-10-04 04:00:00,21.446167,16.622345,900.97217,8.634316,225.14659,74.01701
2023-10-04 05:00:00,23.209808,16.630096,900.7064,9.055454,228.63216,66.52022
2023-10-04 06:00:00,23.930511,16.516113,900.1267,9.38627,232.29176,63.23322
2023-10-04 07:00:00,24.12262,16.453827,899.3766,9.609359,235.80823,62.260715
2023-10-04 08:00:00,24.83313,16.348816,898.6479,9.743655,238.65231,59.271008
2023-10-04 09:00:00,24.836823,16.258392,898.1222,9.707803,240.60667,58.917664
2023-10-04 10:00:00,24.111633,16.490997,897.9581,9.285081,245.5936,62.449253
2023-10-04 11:00:00,23.956116,16.42273,898.07666,8.693906,243.4779,62.762093
2023-10-04 12:00:00,23.761658,16.296936,898.448,8.090178,239.23785,62.993813
2023-10-04 13:00:00,23.402252,16.65094,898.99664,7.8436623,237.15096,65.83884
2023-10-04 14:00:00,22.314117,16.713226,899.73975,7.642075,235.0363,70.60434
2023-10-04 15:00:00,21.502563,16.639954,900.3285,7.539624,233.88123,73.84446
2023-10-04 16:00:00,21.272064,16.631958,900.58167,7.5674624,233.26204,74.85658
2023-10-04 17:00:00,20.52295,16.516602,900.4451,7.7234907,233.30002,77.81279
2023-10-04 18:00:00,20.367645,16.510162,900.0948,7.898255,234.39783,78.52985
2023-10-04 19:00:00,20.171783,16.479248,899.682,8.017772,236.09686,79.32981
2023-10-04 20:00:00,19.639008,16.298584,899.2595,8.021297,238.40018,81.05466
2023-10-04 21:00:00,19.574036,16.304443,898.9451,7.92977,240.27936,81.4127
2023-10-04 22:00:00,18.982452,15.957092,898.7366,7.4180517,246.31519,82.616264
2023-10-04 23:00:00,18.90805,15.952301,898.7622,7.2831793,246.1336,82.97539
2023-10-05 00:00:00,19.184082,16.12741,899.0622,7.184454,245.43828,82.475815
2023-10-05 01:00:00,19.211243,16.121277,899.60077,7.098626,244.5448,82.30421
2023-10-05 02:00:00,20.255829,16.479675,900.19354,7.216842,244.35849,78.92092
2023-10-05 03:00:00,20.621094,16.302643,900.65906,7.3816295,243.90512,76.29751
2023-10-05 04:00:00,21.128326,16.341522,900.73364,7.75718,245.09735,74.137474
2023-10-05 05:00:00,22.983032,16.526794,900.44556,8.231056,247.05118,66.99754
2023-10-05 06:00:00,23.83789,16.339935,899.8064,8.783782,249.37338,62.8775
2023-10-05 07:00:00,24.046936,16.146118,899.019,9.390135,251.71005,61.330444
2023-10-05 08:00:00,24.926575,15.993195,898.19525,9.834962,253.71117,57.62012
2023-10-05 09:00:00,25.030396,15.894562,897.56244,9.975215,255.0194,56.90491
2023-10-05 10:00:00,24.20459,16.100525,897.21533,9.296286,256.8769,60.576515
2023-10-05 11:00:00,24.079285,16.07837,897.2722,8.459072,253.68245,60.947514
2023-10-05 12:00:00,23.85373,16.071075,897.6403,7.791696,248.60696,61.750378
2023-10-05 13:00:00,23.479736,16.395538,898.13116,7.5150456,245.36281,64.47627
2023-10-05 14:00:00,22.356323,16.427216,898.7891,7.3421817,242.16953,69.15471
2023-10-05 15:00:00,21.47879,16.33551,899.2964,7.3506346,239.71426,72.53393
2023-10-05 16:00:00,21.27649,16.361786,899.48737,7.501143,237.86084,73.56148
2023-10-05 17:00:00,20.515503,16.145905,899.3917,7.767411,237.22903,76.032486
2023-10-05 18:00:00,20.251648,16.135406,899.07385,8.07313,237.64789,77.229324
2023-10-05 19:00:00,20.035156,16.094696,898.7377,8.348178,238.91061,78.06731
2023-10-05 20:00:00,19.401337,15.895966,898.31335,8.494096,240.798,80.17477
2023-10-05 21:00:00,19.27655,15.86792,898.0268,8.520288,242.5592,80.655045
2023-10-05 22:00:00,18.879639,15.58197,897.9645,8.159179,246.84955,81.17721
2023-10-05 23:00:00,18.828735,15.585358,898.0834,7.8923078,247.14436,81.45334
2023-10-06 00:00:00,19.106995,15.8055725,898.5106,7.7334437,246.72653,81.187256
2023-10-06 01:00:00,19.123657,15.81308,899.0678,7.5710263,245.96997,81.14192
2023-10-06 02:00:00,20.338226,16.20697,899.68835,7.63277,245.76328,77.16869
2023-10-06 03:00:00,20.882385,16.167816,900.1145,7.824326,245.96646,74.43784
2023-10-06 04:00:00,21.46936,16.152557,900.2717,8.1356,247.05452,71.73469
2023-10-06 05:00:00,23.27887,16.239105,900.03485,8.557025,248.51128,64.615715
2023-10-06 06:00:00,24.090271,16.070343,899.4877,9.009014,250.22824,60.87613
2023-10-06 07:00:00,24.2883,15.94931,898.69055,9.447077,251.9274,59.694332
2023-10-06 08:00:00,25.010162,15.829071,897.8653,9.73783,253.34839,56.735653
2023-10-06 09:00:00,25.082825,15.704651,897.2445,9.806626,254.34305,56.042755
2023-10-06 10:00:00,24.214905,16.006378,896.97046,9.565761,255.88153,60.176437
2023-10-06 11:00:00,24.053833,16.025177,897.17456,8.656729,252.63156,60.83387
2023-10-06 12:00:00,23.774445,16.137787,897.5497,7.6047406,247.64825,62.310158
2023-10-06 13:00:00,23.41925,16.377869,898.034,6.96179,242.86958,64.639206
2023-10-06 14:00:00,22.361633,16.315033,898.6167,6.660149,237.89395,68.64048
2023-10-06 15:00:00,21.469513,16.23581,899.1248,6.5626235,233.99162,72.11569
2023-10-06 16:00:00,21.236755,16.265778,899.3435,6.6295853,231.37459,73.29145
2023-10-06 17:00:00,20.500183,16.192413,899.24884,6.7746615,230.03026,76.33037
2023-10-06 18:00:00,20.259705,16.14273,898.90436,6.934393,230.404,77.22695
2023-10-06 19:00:00,20.070648,16.129395,898.5122,7.050265,231.93356,78.06863
2023-10-06 20:00:00,19.483246,15.93512,898.18787,7.073389,234.33237,79.96727
2023-10-06 21:00:00,19.372375,15.918243,897.9662,7.00435,236.38263,80.433716
2023-10-06 22:00:00,18.912567,15.666443,897.9015,6.9640307,241.06378,81.449814
2023-10-06 23:00:00,18.838715,15.652924,898.1153,6.6402683,241.42665,81.7555
2023-10-07 00:00:00,19.126526,15.785461,898.5366,6.279399,240.91508,80.98429
2023-10-07 01:00:00,19.29602,15.880615,899.1648,5.929473,239.69016,80.62274
2023-10-07 02:00:00,20.493164,16.242462,899.80945,5.723032,237.41925,76.607376
2023-10-07 03:00:00,20.99414,16.22406,900.35443,5.9802322,235.86182,74.19375
2023-10-07 04:00:00,21.59311,16.375824,900.52454,6.339364,236.9451,72.21338
2023-10-07 05:00:00,23.360718,16.49588,900.2614,6.654829,238.39633,65.35679
2023-10-07 06:00:00,24.18097,16.395142,899.661,7.087105,240.1663,61.811882
2023-10-07 07:00:00,24.361359,16.31134,898.9185,7.449337,242.52112,60.821705
2023-10-07 08:00:00,25.151611,16.160492,898.1802,7.6844378,245.11221,57.462467
2023-10-07 09:00:00,25.201721,16.136719,897.6317,7.721857,247.34433,57.20449
2023-10-07 10:00:00,24.276947,16.466522,897.5372,7.1318374,251.37048,61.736904
2023-10-07 11:00:00,24.139008,16.452667,897.8498,6.305672,249.09859,62.19493
2023-10-07 12:00:00,23.763855,16.462189,898.3525,5.584387,243.6589,63.651478
2023-10-07 13:00:00,23.477692,16.720093,898.96783,5.0952897,238.3538,65.82835
2023-10-07 14:00:00,22.565277,16.80014,899.7141,4.973438,232.79544,69.91938
2023-10-07 15:00:00,21.73114,16.688782,900.2911,5.0053525,228.64957,73.04554
2023-10-07 16:00:00,21.532288,16.722351,900.56256,5.166814,225.499,74.096954
2023-10-07 17:00:00,20.791412,16.559479,900.4617,5.405558,224.63744,76.745415
2023-10-07 18:00:00,20.560547,16.531036,900.2247,5.702358,225.16617,77.70389
2023-10-07 19:00:00,20.345215,16.502197,899.90894,5.9323726,227.40906,78.598854
2023-10-07 20:00:00,19.805267,16.379639,899.5581,6.003451,230.02124,80.63794
2023-10-07 21:00:00,19.680481,16.396454,899.3386,5.9953737,231.82321,81.35156
2023-10-07 22:00:00,19.203674,16.133698,899.18365,6.016204,236.41315,82.40826
2023-10-07 23:00:00,19.14737,16.14447,899.36017,5.7969866,236.55835,82.754684
2023-10-08 00:00:00,19.368652,16.25055,899.70514,5.5831256,236.11923,82.1761
2023-10-08 01:00:00,19.452057,16.304077,900.26843,5.382418,234.18869,82.03023
2023-10-08 02:00:00,20.464355,16.666077,900.854,5.4015203,232.8858,78.839836
2023-10-08 03:00:00,20.94046,16.66275,901.30096,5.7470994,232.4768,76.54571
2023-10-08 04:00:00,21.407074,16.543213,901.48773,6.1575174,234.72665,73.82228
2023-10-08 05:00:00,23.29602,16.67691,901.2805,6.593955,237.56187,66.37175
2023-10-08 06:00:00,24.082428,16.462585,900.75226,7.0577,240.91882,62.445896
2023-10-08 07:00:00,24.248596,16.299988,900.0458,7.4184785,244.31802,61.189884
2023-10-08 08:00:00,25.035309,16.070679,899.33716,7.6056614,247.47528,57.531548
2023-10-08 09:00:00,25.110962,16.032043,898.8582,7.514299,249.73795,57.131733
2023-10-08 10:00:00,24.27304,16.259644,898.7007,6.980003,249.19852,60.94346
2023-10-08 11:00:00,24.09793,16.302704,898.87866,6.064164,246.7211,61.75614
2023-10-08 12:00:00,23.822113,16.30774,899.2113,5.2779717,241.10666,62.80831
2023-10-08 13:00:00,23.570831,16.615051,899.79614,4.76893,234.8685,65.02453
2023-10-08 14:00:00,22.582458,16.685944,900.50226,4.510392,228.72623,69.34202
2023-10-08 15:00:00,21.660675,16.478516,901.1403,4.4928284,224.33069,72.38707
2023-10-08 16:00:00,21.459167,16.539948,901.41846,4.631318,222.00237,73.57183
2023-10-08 17:00:00,20.673584,16.453735,901.4076,4.8260884,221.84203,76.786125
2023-10-08 18:00:00,20.464874,16.427643,901.1317,4.995216,223.275,77.6514
2023-10-08 19:00:00,20.189636,16.362823,900.7939,5.116094,226.15147,78.65741
2023-10-08 20:00:00,19.55832,16.142303,900.37134,5.1638937,229.46634,80.65451
2023-10-08 21:00:00,19.472076,16.14798,900.1303,5.1878715,232.5087,81.117256
2023-10-08 22:00:00,19.033325,15.923706,899.9852,5.2804165,239.09613,82.179085
2023-10-08 23:00:00,18.913849,15.872772,900.21686,5.1529837,240.0456,82.52504
2023-10-09 00:00:00,19.206207,15.995453,900.6167,4.9931335,240.67125,81.67168
2023-10-09 01:00:00,19.28891,16.039429,901.3008,4.85723,240.21843,81.480576
2023-10-09 02:00:00,20.296448,16.335236,901.9986,4.879505,239.90224,78.002815
2023-10-09 03:00:00,20.977417,16.403564,902.5999,5.238792,239.40268,75.12391
2023-10-09 04:00:00,21.496124,16.323334,902.8228,5.7591224,241.38809,72.40084
2023-10-09 05:00:00,23.455536,16.399078,902.5811,6.2940693,244.81247,64.585
2023-10-09 06:00:00,24.311737,16.232117,901.9472,6.8656178,248.8406,60.695724
2023-10-09 07:00:00,24.53363,16.079987,901.12744,7.3898454,252.44073,59.316414
2023-10-09 08:00:00,25.170135,15.899109,900.3015,7.72261,255.19336,56.44953
2023-10-09 09:00:00,25.179626,15.734314,899.6852,7.736233,257.3444,55.826397
2023-10-09 10:00:00,24.171478,16.011292,899.4016,6.963748,257.04486,60.352337
2023-10-09 11:00:00,23.9003,16.024902,899.50586,5.9673615,255.84708,61.396557
2023-10-09 12:00:00,23.588745,16.012848,899.8095,5.0631466,251.68767,62.51051
2023-10-09 13:00:00,23.315155,16.256958,900.2954,4.5177417,245.9756,64.54768
2023-10-09 14:00:00,22.30481,16.194489,900.8794,4.2471814,240.05252,68.35117
2023-10-09 15:00:00,21.483978,16.125488,901.37915,4.1643395,234.95547,71.54693
2023-10-09 16:00:00,21.258453,16.122803,901.62714,4.2835217,231.18716,72.53
2023-10-09 17:00:00,20.42157,16.019897,901.5377,4.491639,229.9279,75.86209
2023-10-09 18:00:00,20.225891,16.000305,901.212,4.697534,230.59454,76.68847
2023-10-09 19:00:00,20.004974,15.968628,900.7579,4.873642,232.72034,77.58654
2023-10-09 20:00:00,19.522339,15.83374,900.3125,4.969599,235.91443,79.25816
2023-10-09 21:00:00,19.276703,15.762268,900.02826,4.973573,238.5837,80.11138
2023-10-09 22:00:00,18.949219,15.569977,899.92896,4.808997,240.68787,80.763306
2023-10-09 23:00:00,18.840027,15.545166,900.06604,4.6783237,242.27386,81.186646
2023-10-10 00:00:00,19.136993,15.746307,900.4998,4.537016,243.64505,80.729065
2023-10-10 01:00:00,19.240356,15.839447,901.16797,4.3987327,244.11263,80.69004
2023-10-10 02:00:00,20.27884,16.172546,901.8396,4.375042,243.74184,77.28251
2023-10-10 03:00:00,20.808685,16.066833,902.3399,4.878942,243.04276,74.29604
2023-10-10 04:00:00,21.266968,16.029755,902.4504,5.379625,246.71997,72.06304
2023-10-10 05:00:00,23.089447,16.213684,902.1663,5.833711,252.26703,65.25392
2023-10-10 06:00:00,23.849731,15.977997,901.5145,6.309556,257.79578,61.399372
2023-10-10 07:00:00,24.009583,15.867035,900.72626,6.6731505,262.71375,60.38282
2023-10-10 08:00:00,24.57071,15.674988,899.92413,6.812882,267.72153,57.67305
2023-10-10 09:00:00,24.613556,15.669556,899.30414,6.642465,272.42365,57.50545
2023-10-10 10:00:00,23.702423,15.9410095,898.9243,6.323051,275.10022,61.799885
2023-10-10 11:00:00,23.487823,15.990448,899.08624,5.2572455,278.2959,62.802082
2023-10-10 12:00:00,23.232971,16.14035,899.3908,4.2804093,279.21616,64.388504
2023-10-10 13:00:00,22.936035,16.33374,899.8758,3.6111789,278.83023,66.368195
2023-10-10 14:00:00,22.146423,16.31427,900.50867,3.0456858,277.6731,69.5421
2023-10-10 15:00:00,21.044922,16.179382,901.07227,2.602546,273.17914,73.752335
2023-10-10 16:00:00,20.803375,16.30246,901.33344,2.440315,266.8338,75.44505
2023-10-10 17:00:00,20.114288,16.1846,901.28,2.5682302,260.57285,78.13267
2023-10-10 18:00:00,19.901428,16.152771,901.0349,2.7669547,258.18018,79.008575
2023-10-10 19:00:00,19.70456,16.129791,900.7352,3.0113943,259.4248,79.86179
2023-10-10 20:00:00,19.171478,15.926453,900.37164,3.2114522,262.36288,81.48873
2023-10-10 21:00:00,18.948273,15.823303,900.12866,3.3463898,265.98615,82.08797
2023-10-10 22:00:00,18.489044,15.547241,899.8722,3.6378458,267.01874,82.999596
2023-10-10 23:00:00,18.401337,15.51355,900.05347,3.685823,268.42984,83.27697
2023-10-11 00:00:00,18.723114,15.646576,900.4509,3.6344168,270.29858,82.314766
2023-10-11 01:00:00,18.829346,15.650635,901.12134,3.537848,270.52362,81.791374
2023-10-11 02:00:00,19.815796,15.941315,901.8098,3.554086,272.10126,78.36438
2023-10-11 03:00:00,20.117035,15.796326,902.3915,3.4713666,273.6767,76.20677
2023-10-11 04:00:00,20.598114,15.7948,902.56805,3.5535939,275.8423,73.96927
2023-10-11 05:00:00,22.319977,15.730133,902.3557,3.795018,277.59045,66.29301
2023-10-11 06:00:00,23.195679,15.729736,901.84015,4.186058,278.8115,62.86333
2023-10-11 07:00:00,23.361298,15.62381,901.06366,4.621797,280.18777,61.817192
2023-10-11 08:00:00,24.034088,15.2968445,900.26733,4.9591126,282.67523,58.13197
2023-10-11 09:00:00,24.102966,15.153564,899.68164,5.0905085,284.97247,57.361813
2023-10-11 10:00:00,23.164154,15.374115,899.4599,5.1002107,289.18268,61.564655
2023-10-11 11:00:00,23.040009,15.26767,899.74945,4.249633,288.57742,61.606335
2023-10-11 12:00:00,22.78949,15.437347,900.16406,3.4605074,286.526,63.232742
2023-10-11 13:00:00,22.468597,15.648773,900.6614,2.773022,282.52118,65.355545
2023-10-11 14:00:00,21.324707,15.600433,901.28687,2.17182,276.10596,69.86437
2023-10-11 15:00:00,20.517395,15.494049,901.9066,1.7907124,264.51727,72.920784
2023-10-11 16:00:00,20.306793,15.464844,902.22015,1.7111411,250.23941,73.73664
2023-10-11 17:00:00,19.491516,15.203033,902.1769,1.8840338,240.22134,76.264915
2023-10-11 18:00:00,19.24585,15.108276,901.9417,2.1241212,235.67763,76.96934
2023-10-11 19:00:00,19.062744,15.034027,901.59955,2.3188682,235.6156,77.481735
2023-10-11 20:00:00,18.367432,14.735138,901.2285,2.4215052,238.92435,79.38166
2023-10-11 21:00:00,18.195435,14.67749,901.0184,2.453269,241.93292,79.94503
2023-10-11 22:00:00,17.702179,14.3906555,901.0325,2.9548779,247.13069,80.95061
2023-10-11 23:00:00,17.616455,14.321014,901.201,2.7384987,247.74025,81.023506
2023-10-12 00:00:00,17.896667,14.427765,901.6499,2.5356867,246.73288,80.15743
2023-10-12 01:00:00,17.896057,14.430847,902.25977,2.2644093,243.27098,80.17648
2023-10-12 02:00:00,19.250275,14.956879,902.9436,2.067061,237.702,76.202484
2023-10-12 03:00:00,19.654785,14.883026,903.43884,2.033187,231.28293,73.95759
2023-10-12 04:00:00,20.393036,14.991364,903.6476,2.2460122,230.93694,71.14841
2023-10-12 05:00:00,22.34195,14.96402,903.461,2.6236258,236.82704,63.02893
2023-10-12 06:00:00,23.143372,14.836884,902.9769,3.1159902,244.8251,59.549667
2023-10-12 07:00:00,23.343353,14.68396,902.2534,3.616542,251.8023,58.257545
2023-10-12 08:00:00,24.201294,14.304169,901.58014,4.007138,257.89902,53.985733
2023-10-12 09:00:00,24.280304,14.234772,901.1214,4.1310353,263.10925,53.489876
2023-10-12 10:00:00,23.133423,14.609589,900.9853,4.034852,266.57657,58.7187
2023-10-12 11:00:00,22.905792,14.495331,901.1983,3.4054332,267.07422,59.09562
2023-10-12 12:00:00,22.686829,14.744171,901.5098,2.702815,266.3514,60.854458
2023-10-12 13:00:00,22.359161,14.905334,901.95807,1.9539506,261.43396,62.72561
2023-10-12 14:00:00,21.235779,15.012878,902.5989,1.3614796,249.13748,67.64673
2023-10-12 15:00:00,20.315948,14.67981,903.06647,1.1757398,227.27835,70.067505
2023-10-12 16:00:00,19.972687,14.611572,903.3194,1.3056191,209.73053,71.25643
2023-10-12 17:00:00,19.097046,14.420288,903.1743,1.5783955,204.9683,74.31676
2023-10-12 18:00:00,18.806915,14.314087,902.9532,1.7990981,206.21817,75.15682
2023-10-12 19:00:00,18.562958,14.255463,902.6308,2.01295,212.11603,76.023315
2023-10-12 20:00:00,17.854858,13.96637,902.27985,2.0611918,220.27371,78.003586
2023-10-12 21:00:00,17.742767,13.9375305,901.9824,2.0131702,228.24107,78.409225
2023-10-12 22:00:00,17.361115,13.809174,901.9347,1.9606587,228.53821,79.65348
2023-10-12 23:00:00,17.255035,13.756195,902.12036,1.7805858,233.21284,79.91384
2023-10-13 00:00:00,17.541504,13.807617,902.52423,1.5392126,235.40726,78.74361
2023-10-13 01:00:00,17.561157,13.825378,903.0838,1.231298,233.9054,78.73681
2023-10-13 02:00:00,19.100098,14.383759,903.68945,1.0334407,223.05136,74.1274
2023-10-13 03:00:00,19.661957,14.429016,904.18854,1.1190957,214.78525,71.791145
2023-10-13 04:00:00,20.240295,14.458527,904.36304,1.4489058,221.49298,69.39738
2023-10-13 05:00:00,22.444122,14.648132,904.127,1.8612869,236.02847,61.376648
2023-10-13 06:00:00,23.30191,14.498016,903.484,2.4332483,250.77301,57.70681
2023-10-13 07:00:00,23.48645,14.384674,902.628,3.098167,261.28488,56.65136
2023-10-13 08:00:00,24.206116,14.132904,901.7751,3.5743134,268.66663,53.375168
2023-10-13 09:00:00,24.219513,14.068298,901.11804,3.7002597,274.21927,53.109562
2023-10-13 10:00:00,23.100159,14.62854,900.7443,3.8745003,283.84195,58.908916
2023-10-13 11:00:00,22.932922,14.554138,900.74774,2.905478,283.45285,59.22306
2023-10-13 12:00:00,22.696838,14.801239,900.9451,2.1804545,282.98343,61.0416
2023-10-13 13:00:00,22.333832,15.024475,901.3878,1.3864404,274.00946,63.305813
2023-10-13 14:00:00,21.184845,15.086273,902.01953,0.9927929,247.6192,68.17946
2023-10-13 15:00:00,20.183502,14.757629,902.5522,1.1625876,218.11029,70.99862
2023-10-13 16:00:00,19.884125,14.708466,902.7844,1.5787033,208.03024,72.0976
2023-10-13 17:00:00,19.021973,14.549255,902.7248,2.043831,207.53294,75.29003
2023-10-13 18:00:00,18.702637,14.487183,902.4414,2.417178,210.67764,76.49932
2023-10-13 19:00:00,18.52536,14.4591675,902.0568,2.718917,216.11879,77.21273
2023-10-13 20:00:00,17.900879,14.215546,901.5742,2.9321892,222.7753,79.04385
2023-10-13 21:00:00,17.75888,14.163025,901.2061,3.0094655,228.45303,79.48283
2023-10-13 22:00:00,17.487549,13.969269,901.06134,2.8552113,243.24776,79.84531
2023-10-13 23:00:00,17.421448,14.018829,901.1596,2.8862224,245.27141,80.43723
2023-10-14 00:00:00,17.774872,14.228668,901.52716,2.8463926,248.34128,79.74095
2023-10-14 01:00:00,17.804565,14.256195,902.1436,2.7108333,249.5015,79.733894
2023-10-14 02:00:00,19.361176,14.915436,902.7743,2.5844712,249.11806,75.476715
2023-10-14 03:00:00,19.88266,14.94989,903.2835,2.74152,246.78851,73.23429
2023-10-14 04:00:00,20.396729,14.948059,903.4702,3.3670716,249.10742,70.93424
2023-10-14 05:00:00,22.511078,15.146759,903.2149,4.164082,255.02205,63.12171
2023-10-14 06:00:00,23.31482,14.989624,902.6079,4.9738894,260.59747,59.51838
2023-10-14 07:00:00,23.491089,14.86026,901.7258,5.692882,265.93243,58.400337
2023-10-14 08:00:00,24.095154,14.654724,900.8629,6.123531,270.14136,55.574924
2023-10-14 09:00:00,24.10614,14.5624695,900.25024,6.2130237,273.55228,55.20863
2023-10-14 10:00:00,22.914703,14.807831,899.87946,5.853297,277.22574,60.26645
2023-10-14 11:00:00,22.82135,14.831757,899.94904,4.882823,277.7141,60.70174
2023-10-14 12:00:00,22.543762,15.015686,900.2001,4.151738,277.83295,62.46788
2023-10-14 13:00:00,22.268494,15.173859,900.69727,3.455175,275.94864,64.171234
2023-10-14 14:00:00,21.22113,15.131134,901.3421,2.9587874,271.50302,68.2243
2023-10-14 15:00:00,20.186554,14.942871,901.78735,2.7349448,265.63666,71.83723
2023-10-14 16:00:00,19.912628,14.948059,901.94006,2.731285,260.2105,73.08981
2023-10-14 17:00:00,19.058624,14.670654,901.771,2.894152,257.13965,75.7089
2023-10-14 18:00:00,18.793335,14.648804,901.4394,3.089489,256.5127,76.864586
2023-10-14 19:00:00,18.562805,14.582886,900.95984,3.2752812,258.4885,77.64978
2023-10-14 20:00:00,17.973358,14.422791,900.46796,3.4125686,262.36658,79.74611
2023-10-14 21:00:00,17.83258,14.371918,900.0419,3.468453,267.46545,80.19136
2023-10-14 22:00:00,17.42096,14.132263,899.85846,3.5016696,266.84406,81.03315
2023-10-14 23:00:00,17.36206,14.158783,899.8342,3.4284096,273.1338,81.474945
2023-10-15 00:00:00,17.579224,14.2901,900.14624,3.3264277,278.82965,81.05173
2023-10-15 01:00:00,17.666687,14.388153,900.6953,3.0524678,283.13068,81.11872
2023-10-15 02:00:00,18.944458,14.905426,901.3477,2.807988,285.0153,77.41232
2023-10-15 03:00:00,19.648193,14.991119,901.7859,2.6970506,281.48547,74.50442
2023-10-15 04:00:00,20.009857,14.843292,901.8837,2.9073346,276.93457,72.16264
2023-10-15 05:00:00,22.093414,15.126862,901.5552,3.2493308,274.43594,64.663506
2023-10-15 06:00:00,22.835785,14.970459,900.8629,3.7216654,273.37906,61.192696
2023-10-15 07:00:00,23.00644,14.900421,899.9367,4.1862884,274.1344,60.291153
2023-10-15 08:00:00,23.763062,14.747437,899.0773,4.516115,275.32745,57.035263
2023-10-15 09:00:00,23.731598,14.552429,898.4419,4.548209,276.64487,56.42904
2023-10-15 10:00:00,22.670105,15.004974,898.06726,4.646909,285.5717,61.947918
2023-10-15 11:00:00,22.49936,15.096832,898.19415,3.805118,286.60132,62.96429
2023-10-15 12:00:00,22.232788,15.208557,898.5119,3.1526775,286.65146,64.454346
2023-10-15 13:00:00,22.029999,15.372925,898.9624,2.4925833,283.16412,65.947685
2023-10-15 14:00:00,21.012695,15.283997,899.72516,1.8585861,274.984,69.78469
2023-10-15 15:00:00,20.07965,15.11319,900.34564,1.5201179,260.14352,73.110275
2023-10-15 16:00:00,19.848297,15.080414,900.59186,1.4636083,244.55658,74.0092
2023-10-15 17:00:00,19.148865,14.890839,900.4607,1.6261888,236.54536,76.36004
2023-10-15 18:00:00,18.85257,14.813843,900.2,1.7787689,236.01425,77.39985
2023-10-15 19:00:00,18.662659,14.774475,899.89923,1.9093021,237.62833,78.125565
2023-10-15 20:00:00,18.10733,14.539795,899.5553,1.9768608,241.94513,79.67743
2023-10-15 21:00:00,17.966919,14.520111,899.28485,1.9283265,246.59558,80.2815
2023-10-15 22:00:00,17.696838,14.413605,899.3071,1.9517385,246.0115,81.09803
2023-10-15 23:00:00,17.628906,14.392487,899.445,1.6644372,253.35818,81.3349
2023-10-16 00:00:00,17.900208,14.530884,899.8446,1.4113226,259.29153,80.67516
2023-10-16 01:00:00,17.942871,14.60083,900.50775,1.0436833,262.52213,80.82305
2023-10-16 02:00:00,19.287079,15.145752,901.21344,0.82650375,251.06265,76.95716
2023-10-16 03:00:00,19.584839,15.0271,901.75116,1.0282861,241.80301,74.971405
2023-10-16 04:00:00,19.872986,14.897461,901.8893,1.3689232,243.28528,73.0313
2023-10-16 05:00:00,21.693298,14.942352,901.60345,1.7244108,249.67087,65.48025
2023-10-16 06:00:00,22.470856,14.821899,901.00397,2.0986736,256.85577,61.967297
2023-10-16 07:00:00,22.648499,14.692291,900.24255,2.452673,263.39862,60.792454
2023-10-16 08:00:00,23.05957,14.421265,899.5696,2.6908033,269.16965,58.268623
2023-10-16 09:00:00,23.109985,14.419281,899.1488,2.655188,273.85583,58.08376
2023-10-16 10:00:00,21.958038,14.731995,898.95483,2.481152,274.38116,63.563137
2023-10-16 11:00:00,21.767334,14.845001,899.08954,1.772199,271.34753,64.77739
2023-10-16 12:00:00,21.445557,15.047821,899.3909,1.1349094,267.2394,66.93288
2023-10-16 13:00:00,21.243164,15.168915,899.92377,0.5392507,242.72057,68.29776
2023-10-16 14:00:00,20.361908,15.133423,900.5736,0.5781846,175.94263,71.93942
2023-10-16 15:00:00,19.481995,14.784302,901.1373,1.0269388,158.61017,74.28175
2023-10-16 16:00:00,19.32251,14.802826,901.38416,1.4314632,158.79346,75.11179
2023-10-16 17:00:00,18.581085,14.657806,901.31226,1.6910381,164.43884,77.936844
2023-10-16 18:00:00,18.321838,14.58432,901.09656,1.7608961,172.53467,78.83821
2023-10-16 19:00:00,18.123688,14.53241,900.8069,1.6797861,180.46254,79.55768
2023-10-16 20:00:00,17.569641,14.283813,900.5391,1.407387,189.99593,81.06776
2023-10-16 21:00:00,17.470337,14.254791,900.3957,1.1466674,200.06706,81.42425
2023-10-16 22:00:00,17.15039,14.086456,900.4079,0.6577278,184.7352,82.18666
2023-10-16 23:00:00,17.062744,14.048218,900.61975,0.49036488,163.98035,82.43934
2023-10-17 00:00:00,17.352234,14.183197,901.04565,0.4603511,128.65369,81.65451
2023-10-17 01:00:00,17.410675,14.231537,901.6507,0.666635,106.06348,81.60862
2023-10-17 02:00:00,18.577026,14.719177,902.36505,0.9950738,110.309784,78.26577
2023-10-17 03:00:00,19.085693,14.841705,902.95593,1.1784364,128.2764,76.419106
2023-10-17 04:00:00,19.37738,14.73996,903.1194,1.2227234,143.065,74.55314
2023-10-17 05:00:00,21.00174,14.858154,902.7665,1.0164784,160.64062,67.94559
2023-10-17 06:00:00,21.766724,14.92038,902.09485,0.7333247,200.00357,65.094986
2023-10-17 07:00:00,21.918732,14.845825,901.32446,0.91174835,256.09796,64.18482
2023-10-17 08:00:00,22.5253,14.789551,900.63806,1.3460933,283.9742,61.634094
2023-10-17 09:00:00,22.555298,14.712769,900.1973,1.7076626,300.96396,61.218166
2023-10-17 10:00:00,21.537354,14.8533325,900.04694,2.2411509,330.5651,65.72993
2023-10-17 11:00:00,21.394348,14.879852,900.16077,2.0512512,344.41772,66.421295
2023-10-17 12:00:00,21.21109,15.056549,900.4432,1.8119851,354.872,67.93981
2023-10-17 13:00:00,21.017517,15.25473,900.8164,1.6862849,11.204926,69.63306
2023-10-17 14:00:00,20.116394,15.116608,901.41516,1.6173126,30.555023,72.96031
2023-10-17 15:00:00,19.232025,14.882568,901.94617,1.6065705,47.520996,75.92509
2023-10-17 16:00:00,19.034851,14.89856,902.22595,1.4954088,59.527283,76.942955
2023-10-17 17:00:00,18.322906,14.693024,902.1914,1.2729284,70.600586,79.387726
2023-10-17 18:00:00,18.097198,14.617554,902.0157,1.0052087,81.34204,80.129295
2023-10-17 19:00:00,17.91571,14.575714,901.80695,0.7311455,85.2702,80.83009
2023-10-17 20:00:00,17.291443,14.258179,901.5466,0.52040803,73.38971,82.367546
2023-10-17 21:00:00,17.144043,14.181915,901.34705,0.49328908,47.877472,82.72957
2023-10-17 22:00:00,16.793732,13.9236145,901.40204,1.0846378,356.3773,83.18224
2023-10-17 23:00:00,16.717255,13.858368,901.5433,1.1932287,5.848938,83.233826
2023-10-18 00:00:00,16.978607,13.931335,901.8295,1.2849432,15.891602,82.254105
2023-10-18 01:00:00,16.988434,13.926819,902.3353,1.387807,24.871948,82.17883
2023-10-18 02:00:00,18.179443,14.346802,902.93536,1.4761411,34.444305,78.33452
2023-10-18 03:00:00,18.469452,14.254852,903.47095,1.6277236,46.75705,76.466705
2023-10-18 04:00:00,18.84079,14.171295,903.6511,1.6849439,51.691345,74.308136
2023-10-18 05:00:00,20.78479,14.372009,903.4535,1.5201885,47.4635,66.73164
2023-10-18 06:00:00,21.65155,14.291687,902.8807,1.1994401,27.692749,62.9485
2023-10-18 07:00:00,21.78009,14.211884,902.1669,1.2231443,353.82565,62.134285
2023-10-18 08:00:00,22.450409,14.075928,901.4012,1.6189669,336.23428,59.124954
2023-10-18 09:00:00,22.501282,13.968079,900.83044,1.9700735,333.6409,58.531826
2023-10-18 10:00:00,21.34851,14.1397705,900.6179,2.4289875,326.7966,63.49957
2023-10-18 11:00:00,21.218872,14.175812,900.7304,2.1691382,333.57642,64.15584
2023-10-18 12:00:00,20.981415,14.302887,901.00446,1.8606209,333.91525,65.63556
2023-10-18 13:00:00,20.708893,14.433319,901.49133,1.6341292,339.5851,67.310356
2023-10-18 14:00:00,19.740051,14.354523,902.067,1.3376256,348.02203,71.1009
2023-10-18 15:00:00,18.748444,14.092224,902.543,1.0478227,355.61603,74.35636
2023-10-18 16:00:00,18.5242,14.070923,902.7346,0.71474254,0.71328735,75.302765
2023-10-18 17:00:00,17.781158,13.814087,902.6741,0.39715776,350.01968,77.595764
2023-10-18 18:00:00,17.574951,13.764404,902.39124,0.2464568,303.03754,78.35745
2023-10-18 19:00:00,17.345734,13.7341,902.0076,0.35386226,279.55887,79.3431
2023-10-18 20:00:00,16.763824,13.480713,901.6038,0.45257577,287.21564,80.97576
2023-10-18 21:00:00,16.624329,13.42749,901.31256,0.5219038,299.65698,81.41356
2023-10-18 22:00:00,16.149292,13.082672,901.1347,0.53208977,322.94543,82.04682
2023-10-18 23:00:00,16.109222,13.069122,901.3406,0.58296186,344.62146,82.18401
2023-10-19 00:00:00,16.348114,13.136627,901.76263,0.6798256,3.3043823,81.299904
2023-10-19 01:00:00,16.392365,13.140808,902.33093,0.7560524,19.147522,81.09337
2023-10-19 02:00:00,17.834137,13.660248,902.94604,0.8894283,43.558838,76.568275
2023-10-19 03:00:00,18.283966,13.672791,903.51245,0.95901865,66.46167,74.495125
2023-10-19 04:00:00,18.752686,13.62088,903.7514,1.0059004,81.49545,72.09683
2023-10-19 05:00:00,20.845154,13.854095,903.59424,0.6288762,93.514984,64.29074
2023-10-19 06:00:00,21.659393,13.829437,903.0081,0.16730718,271.01355,61.061523
2023-10-19 07:00:00,21.859314,13.763977,902.2517,0.965948,284.80048,60.064423
2023-10-19 08:00:00,22.62381,13.748871,901.4671,1.5738938,292.83685,57.27721
2023-10-19 09:00:00,22.694641,13.545593,900.8784,1.9044572,301.4947,56.282818
2023-10-19 10:00:00,21.55774,14.012024,900.48065,2.1205177,311.90173,62.174458
2023-10-19 11:00:00,21.40564,13.996613,900.5598,1.8923339,322.4264,62.693405
2023-10-19 12:00:00,21.199005,14.19223,900.85516,1.7995255,325.9231,64.30241
2023-10-19 13:00:00,20.912018,14.303833,901.34717,1.5117283,336.50366,65.92019
2023-10-19 14:00:00,19.85907,14.277191,901.97314,1.3094711,347.9678,70.22602
2023-10-19 15:00:00,18.87265,14.000275,902.49304,1.0979704,358.75858,73.34321
2023-10-19 16:00:00,18.618744,14.016876,902.7386,0.85648155,5.516083,74.596725
2023-10-19 17:00:00,17.858978,13.834869,902.7012,0.584811,5.4865723,77.320816
2023-10-19 18:00:00,17.587372,13.739349,902.45526,0.4470978,350.08514,78.16878
2023-10-19 19:00:00,17.3555,13.729248,902.12775,0.50396055,333.33765,79.26918
2023-10-19 20:00:00,16.723694,13.500275,901.7305,0.73867786,330.6075,81.285706
2023-10-19 21:00:00,16.550385,13.40567,901.5042,0.9283186,334.61838,81.68086
2023-10-19 22:00:00,16.23291,13.052155,901.51447,1.3035332,359.0453,81.44819
2023-10-19 23:00:00,16.12262,13.014191,901.67053,1.433714,7.3680725,81.8197
2023-10-20 00:00:00,16.448578,13.14032,902.105,1.576832,15.9149475,80.80124
2023-10-20 01:00:00,16.577667,13.246307,902.71967,1.6803374,25.31601,80.69681
2023-10-20 02:00:00,17.964935,13.770691,903.3671,1.7444836,40.18222,76.48776
2023-10-20 03:00:00,18.416138,13.762756,903.82874,1.7134393,53.773254,74.313515
2023-10-20 04:00:00,18.874237,13.655457,903.9048,1.5354284,67.16766,71.7125
2023-10-20 05:00:00,21.137756,14.069733,903.5925,0.9867135,73.22461,64.034454
2023-10-20 06:00:00,21.900604,13.982666,902.9018,0.25953156,17.108276,60.769646
2023-10-20 07:00:00,22.083252,13.902527,902.1118,0.8684399,300.93112,59.784935
2023-10-20 08:00:00,22.819794,13.685089,901.32513,1.5894265,299.89948,56.36634
2023-10-20 09:00:00,22.856781,13.713623,900.7533,2.0081682,307.09647,56.34454
2023-10-20 10:00:00,21.672974,14.016693,900.4177,2.4185278,324.59485,61.756516
2023-10-20 11:00:00,21.54663,14.033997,900.476,2.001212,333.58688,62.30541
2023-10-20 12:00:00,21.356598,14.148834,900.87,1.7245346,340.02246,63.505383
2023-10-20 13:00:00,21.120117,14.358734,901.48456,1.4912975,356.0527,65.31424
2023-10-20 14:00:00,19.968811,14.191406,902.18,1.403252,13.273102,69.36405
2023-10-20 15:00:00,18.960968,13.972748,902.6978,1.2994347,27.788055,72.809906
2023-10-20 16:00:00,18.645172,13.901733,902.87573,1.1756432,39.790222,73.91944
2023-10-20 17:00:00,17.792114,13.610138,902.8142,1.0298021,47.817047,76.521385
2023-10-20 18:00:00,17.494507,13.440613,902.6258,0.92375964,51.233063,77.11502
2023-10-20 19:00:00,17.171722,13.312866,902.3607,0.9263045,45.89734,78.05164
2023-10-20 20:00:00,16.480286,12.983612,901.9294,1.0216686,34.65341,79.81732
2023-10-20 21:00:00,16.322052,12.936279,901.5728,1.1496111,28.137756,80.37611
2023-10-20 22:00:00,16.004517,12.811707,901.53937,1.173157,11.364441,81.35434
2023-10-20 23:00:00,15.886993,12.762756,901.6339,1.2685308,17.493042,81.705055
2023-10-21 00:00:00,16.159882,12.854218,902.04626,1.3806984,24.69635,80.77632
2023-10-21 01:00:00,16.224579,12.904327,902.68945,1.4663111,34.811005,80.70797
2023-10-21 02:00:00,17.863403,13.602509,903.43286,1.6254971,50.256073,76.14099
2023-10-21 03:00:00,18.346313,13.6441345,904.0146,1.7537267,62.4953,74.066315
2023-10-21 04:00:00,18.965149,13.663208,904.231,1.7430208,74.49811,71.34262
2023-10-21 05:00:00,21.235687,13.933777,903.99603,1.3270072,79.691284,63.092285
2023-10-21 06:00:00,21.994598,13.825562,903.3791,0.62247616,64.94458,59.809418
2023-10-21 07:00:00,22.290619,13.757446,902.5709,0.49781471,331.35318,58.481346
2023-10-21 08:00:00,23.07962,13.621918,901.78143,1.07217,308.78488,55.259174
2023-10-21 09:00:00,23.111145,13.558014,901.20337,1.4084396,312.47775,54.925137
2023-10-21 10:00:00,21.733978,13.679108,901.06714,1.5020895,303.37283,60.193123
2023-10-21 11:00:00,21.551758,13.710602,901.30975,1.151656,313.95334,60.99222
2023-10-21 12:00:00,21.301208,13.900726,901.6551,0.9596331,327.5482,62.704704
2023-10-21 13:00:00,21.000488,13.951691,902.20795,0.780822,2.6459656,64.084236
2023-10-21 14:00:00,19.886505,13.865143,902.8794,0.81496596,40.09366,68.259636
2023-10-21 15:00:00,18.761108,13.490051,903.42804,0.9121582,68.544464,71.448166
2023-10-21 16:00:00,18.457092,13.439056,903.5811,0.9658804,88.138245,72.57892
2023-10-21 17:00:00,17.563019,13.279388,903.42065,0.9634337,105.48944,75.980034
2023-10-21 18:00:00,17.26056,13.1006775,903.1393,0.9099457,119.98517,76.547386
2023-10-21 19:00:00,16.952454,13.058319,902.8052,0.781724,132.5246,77.83923
2023-10-21 20:00:00,16.346924,12.840454,902.4302,0.5312166,132.43237,79.747574
2023-10-21 21:00:00,16.215881,12.822418,902.159,0.34830222,122.32941,80.32119
2023-10-21 22:00:00,15.860321,12.512756,902.1032,0.37981722,75.9718,80.514595
2023-10-21 23:00:00,15.784851,12.500427,902.26953,0.4339497,44.861633,80.838554
2023-10-22 00:00:00,16.116669,12.722992,902.6875,0.61858517,35.955902,80.30652
2023-10-22 01:00:00,16.159546,12.756409,903.30084,0.83772206,38.6456,80.262634
2023-10-22 02:00:00,17.745209,13.438141,903.8809,1.0947528,51.13742,75.893524
2023-10-22 03:00:00,18.19345,13.476929,904.3275,1.208536,63.489075,73.97096
2023-10-22 04:00:00,18.687195,13.403381,904.3412,1.2674562,74.80524,71.37514
2023-10-22 05:00:00,20.967224,13.858215,903.99756,0.8898471,77.71857,63.82709
2023-10-22 06:00:00,21.7305,13.681854,903.2913,0.2787556,8.071503,60.21667
2023-10-22 07:00:00,21.977234,13.553711,902.48724,1.0011839,304.00464,58.82423
2023-10-22 08:00:00,22.719269,13.375397,901.69696,1.6871451,302.56012,55.579494
2023-10-22 09:00:00,22.796814,13.401581,901.1781,2.045639,308.2139,55.413216
2023-10-22 10:00:00,21.580414,13.692535,900.88556,2.4452126,310.68536,60.813957
2023-10-22 11:00:00,21.331787,13.622437,901.0266,1.9664605,319.73062,61.46611
2023-10-22 12:00:00,21.149689,13.790649,901.3374,1.4224045,327.29578,62.839584
2023-10-22 13:00:00,20.878326,13.927826,901.8279,1.0195776,349.74582,64.467415
2023-10-22 14:00:00,19.808533,13.925232,902.4936,0.8375073,24.520264,68.8583
2023-10-22 15:00:00,18.661072,13.482788,902.99976,0.7763666,54.931824,71.86246
2023-10-22 16:00:00,18.38562,13.437897,903.22156,0.7739905,80.32611,72.89918
2023-10-22 17:00:00,17.554932,13.276337,903.1671,0.7032974,107.646545,76.00366
2023-10-22 18:00:00,17.235565,13.152435,902.87976,0.6707092,133.77731,76.927925
2023-10-22 19:00:00,17.03714,13.168488,902.46844,0.6266709,160.53369,77.981606
2023-10-22 20:00:00,16.47647,12.912933,902.0818,0.5482503,180.28792,79.46871
2023-10-22 21:00:00,16.320648,12.885223,901.83295,0.4544523,197.23517,80.11539
2023-10-22 22:00:00,15.934601,12.616241,901.6701,0.5639649,324.1054,80.67895
2023-10-22 23:00:00,15.847076,12.579834,901.7855,0.50766504,314.96378,80.938
2023-10-23 00:00:00,16.17337,12.735077,902.06506,0.40166226,318.30484,80.08001
2023-10-23 01:00:00,16.251251,12.795502,902.5552,0.20003127,346.3221,79.99934
2023-10-23 02:00:00,17.753326,13.412781,903.05054,0.16412675,98.39398,75.729576
2023-10-23 03:00:00,18.146362,13.350342,903.4656,0.58134955,140.022,73.58078
2023-10-23 04:00:00,18.615479,13.198761,903.5068,0.8295645,147.04926,70.74603
2023-10-23 05:00:00,20.913574,13.601776,903.1498,0.873091,169.20782,62.979816
2023-10-23 06:00:00,21.709839,13.576294,902.41376,0.9882117,210.39397,59.880318
2023-10-23 07:00:00,21.903534,13.495483,901.54913,1.4193432,241.45874,58.865852
2023-10-23 08:00:00,22.544128,13.398315,900.7632,1.9153998,255.17303,56.257343
2023-10-23 09:00:00,22.62622,13.31778,900.2517,2.1904879,261.99786,55.684673
2023-10-23 10:00:00,21.441376,13.62738,900.022,2.4224482,265.22406,61.07447
2023-10-23 11:00:00,21.167847,13.587921,900.14874,2.2310123,264.28497,61.94797
2023-10-23 12:00:00,20.922974,13.715485,900.4417,2.0163896,255.85394,63.41043
2023-10-23 13:00:00,20.655457,13.840118,900.9016,1.6319177,250.52667,64.986916
2023-10-23 14:00:00,19.592163,13.785431,901.4824,1.321203,240.55724,69.1586
2023-10-23 15:00:00,18.583496,13.435425,901.9925,1.2791214,228.24876,71.98974
2023-10-23 16:00:00,18.256897,13.3750305,902.21,1.4528538,219.86884,73.189705
2023-10-23 17:00:00,17.410522,13.180603,902.0946,1.7494255,219.56195,76.22209
2023-10-23 18:00:00,17.15152,13.122894,901.76917,1.9659767,223.43674,77.189
2023-10-23 19:00:00,16.920593,13.063019,901.3967,2.1004105,229.12953,78.02049
2023-10-23 20:00:00,16.342377,12.830231,901.10187,2.1472409,235.15982,79.71733
2023-10-23 21:00:00,16.244598,12.771393,900.9243,2.0957422,239.25307,79.907074
2023-10-23 22:00:00,15.874756,12.496277,900.8624,1.916746,255.55652,80.35345
2023-10-23 23:00:00,15.760437,12.420502,900.94006,1.7327534,255.43256,80.54134
2023-10-24 00:00:00,16.06955,12.54071,901.2152,1.5301547,255.14151,79.59184
2023-10-24 01:00:00,16.148682,12.593292,901.7897,1.3012106,252.7774,79.46459
2023-10-24 02:00:00,17.39209,13.065857,902.4662,1.0807974,246.31923,75.74141
2023-10-24 03:00:00,17.80304,13.058044,903.02563,0.9583836,235.74142,73.76627
2023-10-24 04:00:00,18.334412,12.993835,903.11304,0.8967203,227.35577,71.045525
2023-10-24 05:00:00,20.802826,13.571655,902.7607,0.97570187,236.14496,63.2862
2023-10-24 06:00:00,21.560852,13.302612,902.0094,1.2893924,259.99918,59.36095
2023-10-24 07:00:00,21.878754,13.284149,901.21594,1.8547889,277.97574,58.14886
2023-10-24 08:00:00,22.633423,13.185455,900.53564,2.4021173,289.62006,55.182095
2023-10-24 09:00:00,22.616028,13.050415,900.1743,2.7420526,298.10925,54.75555
2023-10-24 10:00:00,21.51532,13.353973,900.06226,3.4223135,307.3162,59.726154
2023-10-24 11:00:00,21.24765,13.221497,900.3298,2.8249614,316.64624,60.19157
2023-10-24 12:00:00,21.017517,13.398712,900.6799,2.2180843,326.2662,61.757122
2023-10-24 13:00:00,20.734985,13.5336,901.15643,1.7379881,344.39908,63.393856
2023-10-24 14:00:00,19.642181,13.536499,901.7687,1.3562676,3.7261658,67.837494
2023-10-24 15:00:00,18.54721,13.170685,902.2238,1.117935,21.452454,70.918915
2023-10-24 16:00:00,18.260254,13.117828,902.4204,0.91221744,37.273834,71.957115
2023-10-24 17:00:00,17.33786,12.867554,902.3209,0.60517514,50.709534,75.022644
2023-10-24 18:00:00,17.10379,12.814178,902.11127,0.29265964,62.134216,75.876
2023-10-24 19:00:00,16.85971,12.778442,901.8677,0.048336018,296.27957,76.87844
2023-10-24 20:00:00,16.20755,12.488068,901.5965,0.26646093,287.70804,78.62254
2023-10-24 21:00:00,16.02887,12.363525,901.43524,0.46929458,301.9699,78.876236
2023-10-24 22:00:00,15.660522,12.156616,901.5511,0.9626318,300.84186,79.6645
2023-10-24 23:00:00,15.574188,12.131531,901.6318,1.0447448,318.4059,79.97402
2023-10-25 00:00:00,15.869904,12.226105,902.041,1.1410061,332.96603,78.96487
2023-10-25 01:00:00,15.910645,12.290466,902.6591,1.242636,345.69086,79.09344
2023-10-25 02:00:00,17.249695,12.782318,903.4255,1.287228,359.18497,75.02228
2023-10-25 03:00:00,17.816864,12.892334,904.0723,1.2757852,15.890289,72.908226
2023-10-25 04:00:00,18.443024,12.902924,904.33185,1.2568778,23.546326,70.145454
2023-10-25 05:00:00,20.805756,13.2404785,904.0834,1.272389,13.47699,61.9245
2023-10-25 06:00:00,21.647034,13.181091,903.46844,1.5914583,350.4853,58.58274
2023-10-25 07:00:00,21.873138,12.990112,902.7195,2.2450001,337.41208,57.063057
2023-10-25 08:00:00,22.701416,12.870453,901.9773,2.8887904,334.01108,53.83559
2023-10-25 09:00:00,22.77472,12.738953,901.42505,3.388658,335.9782,53.137566
2023-10-25 10:00:00,21.659088,13.246368,901.1343,3.6600869,332.32205,58.789383
2023-10-25 11:00:00,21.446259,13.133728,901.18463,3.4028344,345.26517,59.123848
2023-10-25 12:00:00,21.152435,13.307556,901.4925,3.2243333,350.92886,60.88491
2023-10-25 13:00:00,20.867249,13.430328,901.95044,3.14281,359.29785,62.458694
2023-10-25 14:00:00,19.675842,13.448578,902.5549,3.034356,6.560913,67.30958
2023-10-25 15:00:00,18.719025,13.255981,903.0377,2.8685193,11.685455,70.55221
2023-10-25 16:00:00,18.294098,13.076202,903.20197,2.639584,14.879822,71.609634
2023-10-25 17:00:00,17.394867,12.89444,903.0623,2.4049976,15.672974,74.884514
2023-10-25 18:00:00,17.107086,12.755432,902.7456,2.2318988,13.425079,75.56905
2023-10-25 19:00:00,16.841888,12.6588745,902.41376,2.1614566,9.730072,76.365105
2023-10-25 20:00:00,16.138428,12.317871,902.0106,2.2573166,5.796753,78.09235
2023-10-25 21:00:00,15.933411,12.238556,901.7261,2.3957272,4.321472,78.70953
2023-10-25 22:00:00,15.608917,12.086395,901.6393,2.1822655,1.7855225,79.55972
2023-10-25 23:00:00,15.468048,11.994537,901.74976,2.437449,6.6822815,79.79694
2023-10-26 00:00:00,15.777008,12.135345,902.1941,2.6565595,9.670776,78.9625
2023-10-26 01:00:00,15.864563,12.191742,902.7569,2.7538292,13.751678,78.81357
2023-10-26 02:00:00,17.17041,12.622681,903.4747,2.8596184,18.634888,74.61519
2023-10-26 03:00:00,17.842651,12.6883545,904.02576,2.9059353,24.84674,71.824646
2023-10-26 04:00:00,18.483093,12.693268,904.2056,2.9419923,26.929993,69.016106
2023-10-26 05:00:00,20.983643,13.098145,903.9114,2.9052618,21.088043,60.684555
2023-10-26 06:00:00,21.838745,12.98587,903.2571,2.9294689,6.934784,57.167126
2023-10-26 07:00:00,22.17566,12.915253,902.3803,3.271879,352.92853,55.746754
2023-10-26 08:00:00,23.033813,12.655487,901.5343,3.7283163,345.34094,52.02504
2023-10-26 09:00:00,23.127075,12.512207,900.8915,4.203376,343.67502,51.248764
2023-10-26 10:00:00,21.754486,12.970795,900.64056,3.9032757,347.34448,57.405483
2023-10-26 11:00:00,21.59732,12.971985,900.7104,3.8933747,358.67734,57.964176
2023-10-26 12:00:00,21.240356,13.066406,901.03705,3.7205148,3.9267273,59.612007
2023-10-26 13:00:00,20.791656,13.160217,901.5011,3.6022706,13.464172,61.654568
2023-10-26 14:00:00,19.616241,13.088409,902.1364,3.480257,21.625458,65.99095
2023-10-26 15:00:00,18.504608,12.773285,902.65564,3.3080597,29.252625,69.285255
2023-10-26 16:00:00,18.17035,12.684357,902.97174,3.0642638,35.508423,70.34186
2023-10-26 17:00:00,17.27121,12.481964,902.91315,2.8247886,40.881836,73.460144
2023-10-26 18:00:00,16.959076,12.385376,902.58057,2.5863183,42.903137,74.45232
2023-10-26 19:00:00,16.684265,12.239258,902.0225,2.429159,42.609253,75.03779
2023-10-26 20:00:00,15.983582,11.895355,901.4635,2.3657866,38.783295,76.7053
2023-10-26 21:00:00,15.839539,11.835571,901.11053,2.4269214,36.034607,77.10985
2023-10-26 22:00:00,15.338226,11.481506,901.08673,2.6291027,36.67926,77.78556
2023-10-26 23:00:00,15.253418,11.447723,901.1551,2.7887163,38.08484,78.03559
2023-10-27 00:00:00,15.672699,11.764191,901.4554,2.910447,40.145386,77.57101
2023-10-27 01:00:00,15.667023,11.738861,901.9715,3.0398777,45.17166,77.4696
2023-10-27 02:00:00,17.176971,12.348511,902.6106,3.1481555,51.279297,73.25469
2023-10-27 03:00:00,17.72409,12.409576,903.1754,3.3075016,58.45108,71.05208
2023-10-27 04:00:00,18.422394,12.396576,903.32794,3.2880042,63.319305,67.94422
2023-10-27 05:00:00,20.990509,12.6857605,903.0689,2.9778252,63.532776,59.044926
2023-10-27 06:00:00,21.865051,12.642609,902.39954,2.3960812,55.40399,55.807663
2023-10-27 07:00:00,22.177185,12.602539,901.57544,1.9515096,40.680084,54.61204
2023-10-27 08:00:00,22.985596,12.2951355,900.6824,1.861555,24.710693,50.95793
2023-10-27 09:00:00,23.039948,12.214478,900.0563,2.002021,17.56894,50.522064
2023-10-27 10:00:00,21.579224,12.792328,899.6768,2.2889764,10.18338,57.35053
2023-10-27 11:00:00,21.398834,12.806763,899.7779,2.363304,26.41745,58.042145
2023-10-27 12:00:00,21.137543,13.050079,900.1353,2.413882,36.112946,59.925293
2023-10-27 13:00:00,20.694977,13.040955,900.6685,2.5474896,49.44098,61.54154
2023-10-27 14:00:00,19.486755,12.980011,901.3963,2.5957518,62.026917,66.05452
2023-10-27 15:00:00,18.311676,12.581055,901.9406,2.5641744,73.695465,69.25047
2023-10-27 16:00:00,17.996368,12.4999695,902.2429,2.5293071,84.038605,70.260544
2023-10-27 17:00:00,17.026886,12.21109,902.2407,2.4326189,92.73749,73.28912
2023-10-27 18:00:00,16.767944,12.110107,902.0291,2.246898,99.03229,74.00898
2023-10-27 19:00:00,16.553894,12.034668,901.6878,2.0146558,103.0242,74.650406
2023-10-27 20:00:00,15.937195,11.751831,901.2656,1.7041378,102.62308,76.208115
2023-10-27 21:00:00,15.72406,11.662994,900.9978,1.4712989,98.06125,76.80178
2023-10-27 22:00:00,15.340057,11.371307,900.9994,1.3385993,107.22827,77.2115
2023-10-27 23:00:00,15.242554,11.3307495,901.09186,1.2795411,95.92206,77.48793
2023-10-28 00:00:00,15.519226,11.467102,901.5118,1.3320574,85.81384,76.814804
2023-10-28 01:00:00,15.562073,11.534393,902.08514,1.5318505,80.4274,76.945816
2023-10-28 02:00:00,16.984375,12.095062,902.7925,1.8116729,79.98822,72.92803
2023-10-28 03:00:00,17.651703,12.315918,903.346,2.0819013,80.75549,70.93927
2023-10-28 04:00:00,18.351318,12.356659,903.60455,2.0598297,84.57379,68.068924
2023-10-28 05:00:00,20.927887,12.794586,903.40765,1.7035705,85.24069,59.696465
2023-10-28 06:00:00,21.70877,12.727417,902.80237,1.0012996,72.250305,56.656776
2023-10-28 07:00:00,21.9375,12.67041,901.9035,0.69256306,12.052826,55.66276
2023-10-28 08:00:00,22.675415,12.464539,900.9966,1.2237009,338.71225,52.50561
2023-10-28 09:00:00,22.737732,12.408142,900.3295,1.7866824,339.77557,52.114265
2023-10-28 10:00:00,21.458038,12.993591,900.0296,2.1180673,347.44693,58.542953
2023-10-28 11:00:00,21.196747,12.945587,900.2269,2.2125928,6.8605347,59.301697
2023-10-28 12:00:00,20.87326,13.183105,900.6696,2.6308017,18.897644,61.43751
2023-10-28 13:00:00,20.505737,13.232086,901.29016,2.8509834,28.99115,63.04509
2023-10-28 14:00:00,19.316132,13.040344,901.9992,2.9537184,36.176147,67.022896
2023-10-28 15:00:00,18.059296,12.483215,902.5598,2.9905114,42.83551,69.90635
2023-10-28 16:00:00,17.776093,12.437622,902.82837,2.9420815,48.775238,70.95023
2023-10-28 17:00:00,16.822876,12.139221,902.8113,2.844262,53.023346,73.89288
2023-10-28 18:00:00,16.549713,12.054352,902.51154,2.709739,53.57907,74.76709
2023-10-28 19:00:00,16.307617,11.976959,902.12787,2.6640558,50.93039,75.541725
2023-10-28 20:00:00,15.645081,11.699371,901.67084,2.7014692,44.84842,77.37653
2023-10-28 21:00:00,15.489624,11.620728,901.28986,2.8552377,40.049744,77.74605
2023-10-28 22:00:00,15.111511,11.428284,901.2021,2.7804487,41.998566,78.64904
2023-10-28 23:00:00,14.975433,11.354706,901.1244,3.069484,41.6127,78.95502
2023-10-29 00:00:00,15.294464,11.457245,901.4631,3.3400388,43.17926,77.879265
2023-10-29 01:00:00,15.256775,11.409393,902.0043,3.629854,46.81018,77.8212
2023-10-29 02:00:00,16.938751,12.104706,902.67596,3.9424725,52.601074,73.18561
2023-10-29 03:00:00,17.54892,12.236328,903.24255,4.122428,58.13669,71.02807
2023-10-29 04:00:00,18.35495,12.43573,903.5176,4.054463,63.732513,68.40764
2023-10-29 05:00:00,21.058197,12.95993,903.38245,3.715731,65.32828,59.86429
2023-10-29 06:00:00,21.862885,12.778076,902.78064,3.2036693,60.64151,56.312435
2023-10-29 07:00:00,22.084015,12.737274,901.9625,2.7619581,50.192993,55.409832
2023-10-29 08:00:00,22.902588,12.692078,901.1439,2.5510712,37.93466,52.56581
2023-10-29 09:00:00,22.95346,12.68634,900.5408,2.7257333,29.093689,52.384453
2023-10-29 10:00:00,21.526733,13.161896,900.28265,2.7630422,26.569763,58.941536
2023-10-29 11:00:00,21.36679,13.208527,900.37256,3.0842814,32.63864,59.70303
2023-10-29 12:00:00,21.014404,13.367706,900.6975,3.295573,38.65988,61.6443
2023-10-29 13:00:00,20.617798,13.431305,901.2657,3.504825,45.308838,63.429295
2023-10-29 14:00:00,19.487762,13.373505,901.9004,3.6411054,50.98175,67.76827
2023-10-29 15:00:00,18.35019,13.008575,902.40814,3.7266054,55.44055,71.04367
2023-10-29 16:00:00,18.015533,12.922089,902.6861,3.6841707,59.64264,72.14298
2023-10-29 17:00:00,17.186188,12.632935,902.6906,3.6063771,63.09427,74.59087
2023-10-29 18:00:00,16.90207,12.520752,902.48236,3.5491765,64.56308,75.388565
2023-10-29 19:00:00,16.660858,12.443115,902.0847,3.5332518,63.06018,76.16241
2023-10-29 20:00:00,15.9574585,12.090271,901.5996,3.5909367,59.84735,77.82601
2023-10-29 21:00:00,15.776489,11.991974,901.2596,3.731331,56.95749,78.223404
2023-10-29 22:00:00,15.404205,11.745483,901.20056,4.0174413,60.399506,78.8195
2023-10-29 23:00:00,15.3524475,11.727661,901.2735,4.082923,58.4776,78.98866
2023-10-30 00:00:00,15.68219,11.8585205,901.6353,4.2375464,56.882294,78.0077
2023-10-30 01:00:00,15.6979065,11.871918,902.276,4.432325,57.814392,77.998146
2023-10-30 02:00:00,17.024841,12.426575,902.9988,4.719004,60.457123,74.34355
2023-10-30 03:00:00,17.863037,12.704285,903.5808,4.902737,63.294525,71.80746
2023-10-30 04:00:00,18.646484,12.840332,903.7816,5.011961,67.090454,68.97471
2023-10-30 05:00:00,21.053436,13.196686,903.55853,4.8967533,68.15662,60.814793
2023-10-30 06:00:00,21.861847,13.0477295,902.8998,4.5711575,65.719574,57.317753
2023-10-30 07:00:00,22.07257,12.998871,902.045,4.156586,60.747925,56.40542
2023-10-30 08:00:00,22.896393,13.003906,901.1893,3.9260316,55.57599,53.669304
2023-10-30 09:00:00,22.917084,13.021301,900.5696,3.953082,50.492065,53.663044
2023-10-30 10:00:00,21.565369,13.555023,900.40967,3.8887107,45.744843,60.328094
2023-10-30 11:00:00,21.418549,13.488556,900.59326,4.122849,46.12628,60.61001
2023-10-30 12:00:00,21.082428,13.726593,901.03827,4.4476767,46.91916,62.837578
2023-10-30 13:00:00,20.784058,13.819855,901.7031,4.7375984,49.81488,64.389595
2023-10-30 14:00:00,19.555176,13.707886,902.4027,5.0035505,53.218903,68.96937
2023-10-30 15:00:00,18.345703,13.258179,903.003,5.1542506,57.01181,72.23095
2023-10-30 16:00:00,18.056702,13.14624,903.2937,5.190227,60.85965,73.01795
2023-10-30 17:00:00,17.073334,12.791534,903.2929,5.1196227,63.512756,75.90985
2023-10-30 18:00:00,16.807556,12.710541,903.0714,5.026491,64.81546,76.79102
2023-10-30 19:00:00,16.559296,12.630554,902.8024,4.9763565,64.27579,77.603546
2023-10-30 20:00:00,15.871002,12.294525,902.42474,5.0380588,62.52063,79.315186
2023-10-30 21:00:00,15.704926,12.226013,902.08295,5.218743,60.4563,79.801796
2023-10-30 22:00:00,15.372681,11.997284,902.0321,5.3674145,56.13687,80.30096
2023-10-30 23:00:00,15.288971,11.983917,902.11743,5.637737,55.788788,80.662415
2023-10-31 00:00:00,15.60553,12.069183,902.53436,5.896742,56.507446,79.48688
2023-10-31 01:00:00,15.571777,12.015747,903.15826,6.1567955,58.710022,79.37913
2023-10-31 02:00:00,17.160645,12.645142,903.82776,6.449655,62.45056,74.77128
2023-10-31 03:00:00,17.743439,12.91037,904.36884,6.692703,67.075134,73.33253
2023-10-31 04:00:00,18.532654,13.122711,904.5067,6.8902874,72.29346,70.76165
2023-10-31 05:00:00,21.091095,13.607452,904.19653,6.8048882,75.64987,62.31963
2023-10-31 06:00:00,21.896942,13.471344,903.5084,6.35306,76.06244,58.797073
2023-10-31 07:00:00,22.124786,13.409363,902.7006,5.8003926,74.66177,57.75231
2023-10-31 08:00:00,22.937897,13.35202,901.92944,5.322808,71.55289,54.764515
2023-10-31 09:00:00,23.014679,13.308655,901.4077,5.1150613,68.77084,54.356724
2023-10-31 10:00:00,21.585297,13.699127,901.10986,4.34401,62.07776,60.821842
2023-10-31 11:00:00,21.464172,13.724152,901.29205,4.5691943,62.514496,61.37408
2023-10-31 12:00:00,21.101624,13.829254,901.74536,4.7909036,63.88217,63.183434
2023-10-31 13:00:00,20.847473,13.9071045,902.28986,5.0648355,66.708496,64.503105
2023-10-31 14:00:00,19.714691,13.868408,902.91125,5.2554474,70.207794,69.00534
2023-10-31 15:00:00,18.582245,13.5581665,903.41675,5.396452,73.74713,72.572876
2023-10-31 16:00:00,18.337463,13.491119,903.6203,5.412961,77.44446,73.3734
2023-10-31 17:00:00,17.42923,13.234619,903.5644,5.3793373,80.44623,76.40088
2023-10-31 18:00:00,17.146515,13.176361,903.3501,5.2831373,82.42401,77.48335
2023-10-31 19:00:00,16.919952,13.098328,903.0762,5.196089,82.334045,78.2038
2023-10-31 20:00:00,16.30484,12.821533,902.7494,5.0853415,80.57153,79.86265
2023-10-31 21:00:00,16.161865,12.743713,902.488,5.03417,78.62915,80.184105
2023-10-31 22:00:00,15.682831,12.43692,902.4416,4.643259,83.41156,81.029495
2023-10-31 23:00:00,15.629547,12.468445,902.52124,4.7746816,80.860596,81.4747
2023-11-01 00:00:00,15.85022,12.509155,902.92096,4.932352,80.19711,80.54755
2023-11-01 01:00:00,15.895874,12.544373,903.5198,5.113302,80.08688,80.49862
2023-11-01 02:00:00,17.472717,13.209778,904.22424,5.3829756,81.87851,76.06805
2023-11-01 03:00:00,18.061829,13.393097,904.7761,5.538959,85.251465,74.17886
2023-11-01 04:00:00,18.683594,13.520355,904.9035,5.5444694,90.311035,71.93698
2023-11-01 05:00:00,21.124542,13.974762,904.4867,5.1693215,94.39441,63.6931
2023-11-01 06:00:00,21.90512,13.813965,903.697,4.4011664,96.510345,60.091503
2023-11-01 07:00:00,22.16565,13.747986,902.81775,3.5936174,96.15317,58.89173
2023-11-01 08:00:00,22.843414,13.628784,902.0084,2.9531968,92.60327,56.08008
2023-11-01 09:00:00,22.930573,13.595337,901.50995,2.6816583,85.60901,55.663586
2023-11-01 10:00:00,21.492523,14.005005,901.21893,2.0927804,74.45886,62.394695
2023-11-01 11:00:00,21.37439,14.062256,901.3804,2.4768825,70.764435,63.081383
2023-11-01 12:00:00,21.07312,14.151337,901.7332,2.737198,69.92413,64.62981
2023-11-01 13:00:00,20.776855,14.153412,902.25476,3.0942106,71.407104,65.82658
2023-11-01 14:00:00,19.76767,14.072235,902.86743,3.476116,74.51547,69.6941
2023-11-01 15:00:00,18.691895,13.738007,903.2468,3.7215207,76.95151,72.924416
2023-11-01 16:00:00,18.422272,13.701508,903.38806,3.8317354,79.64572,73.989944
2023-11-01 17:00:00,17.59024,13.50473,903.18787,3.87512,80.85425,76.971344
2023-11-01 18:00:00,17.271515,13.367645,902.8613,3.8788836,80.57211,77.838
2023-11-01 19:00:00,17.100098,13.307739,902.4274,3.8717635,78.86746,78.38001
2023-11-01 20:00:00,16.550995,13.072662,902.0262,3.8920314,76.265686,79.92288
2023-11-01 21:00:00,16.40155,13.024933,901.69147,3.9345727,73.29559,80.43501
2023-11-01 22:00:00,16.01123,12.774689,901.6716,3.558344,79.559845,81.122696
2023-11-01 23:00:00,15.975708,12.760254,901.68744,3.6674702,75.63434,81.23008
2023-11-02 00:00:00,16.229492,12.840942,901.9597,3.7909636,73.83969,80.34888
2023-11-02 01:00:00,16.215729,12.847778,902.52057,4.0022883,74.195435,80.45537
2023-11-02 02:00:00,17.573975,13.432678,903.0779,4.224588,76.22507,76.68974
2023-11-02 03:00:00,18.026825,13.440857,903.53033,4.3073006,80.44873,74.57383
2023-11-02 04:00:00,18.566437,13.448425,903.59436,3.9608047,85.380066,72.127686
2023-11-02 05:00:00,20.988342,13.882294,903.2491,3.194984,88.43616,63.843994
2023-11-02 06:00:00,21.777466,13.695068,902.52856,2.2250657,85.33862,60.095726
2023-11-02 07:00:00,21.985931,13.592377,901.7514,1.4953746,69.63281,58.94111
2023-11-02 08:00:00,22.68042,13.541077,901.0337,1.2655472,42.874634,56.314842
2023-11-02 09:00:00,22.72174,13.58844,900.5581,1.5084068,28.096527,56.34721
2023-11-02 10:00:00,21.34793,13.751373,900.3471,2.13461,14.383148,61.922062
2023-11-02 11:00:00,21.167511,13.789795,900.4268,2.4597807,31.899994,62.76741
2023-11-02 12:00:00,20.90805,14.0121155,900.63416,2.6729505,40.47293,64.70239
2023-11-02 13:00:00,20.663422,14.095276,901.00464,3.0625029,48.678833,66.038826
2023-11-02 14:00:00,19.583466,14.000061,901.4025,3.3792033,55.091248,70.16643
2023-11-02 15:00:00,18.582428,13.734039,901.6917,3.5035896,59.672455,73.40659
2023-11-02 16:00:00,18.343536,13.695282,901.8183,3.4871378,63.141907,74.32591
2023-11-02 17:00:00,17.54538,13.475342,901.7542,3.3724103,64.63861,77.041916
2023-11-02 18:00:00,17.264801,13.340393,901.52893,3.2484393,64.62128,77.73289
2023-11-02 19:00:00,17.05719,13.283386,901.11224,3.1311693,62.980133,78.46855
2023-11-02 20:00:00,16.439667,13.024963,900.60767,3.0973964,60.225983,80.24035
2023-11-02 21:00:00,16.260742,12.903503,900.20874,3.1186054,57.304016,80.51785
2023-11-02 22:00:00,15.910522,12.669037,900.00446,3.087654,58.419464,81.083145
2023-11-02 23:00:00,15.858307,12.63501,900.0171,3.3001192,56.14383,81.17294
2023-11-03 00:00:00,16.118439,12.726654,900.2656,3.4642289,56.394928,80.31671
2023-11-03 01:00:00,16.136047,12.7534485,900.6693,3.6247358,58.10013,80.36743
2023-11-03 02:00:00,17.403503,13.191589,901.1911,3.77062,62.66217,76.31058
2023-11-03 03:00:00,17.81659,13.191742,901.6426,3.7921715,68.564026,74.34942
2023-11-03 04:00:00,18.36029,13.200317,901.67975,3.4461632,73.57657,71.89308
2023-11-03 05:00:00,20.752838,13.527954,901.28577,2.7586093,73.92264,63.300972
2023-11-03 06:00:00,21.528442,13.44693,900.5151,1.9188486,66.403015,60.040665
2023-11-03 07:00:00,21.731445,13.351807,899.6881,1.3176252,44.343323,58.93366
2023-11-03 08:00:00,22.456482,13.212036,898.92267,1.2535195,15.894196,55.87507
2023-11-03 09:00:00,22.474487,13.236267,898.3792,1.4797401,7.49588,55.902256
2023-11-03 10:00:00,21.08133,13.566925,898.056,1.8049757,357.2414,62.192856
2023-11-03 11:00:00,20.863617,13.588989,898.21967,1.9038899,20.66568,63.121098
2023-11-03 12:00:00,20.660126,13.78006,898.53186,2.0584483,32.433807,64.71538
2023-11-03 13:00:00,20.376831,13.827362,898.9699,2.1633155,45.03479,66.05847
2023-11-03 14:00:00,19.383087,13.799591,899.50903,2.2632012,55.901917,70.12761
2023-11-03 15:00:00,18.27237,13.395813,899.87866,2.286762,66.21246,73.217766
2023-11-03 16:00:00,17.960602,13.294769,900.0915,2.2517865,74.45624,74.17555
2023-11-03 17:00:00,17.171295,13.077942,900.0571,2.0810225,81.53662,76.86655
2023-11-03 18:00:00,16.947388,13.001251,899.9143,1.8747641,85.77942,77.57447
2023-11-03 19:00:00,16.704926,12.957489,899.69165,1.649926,86.61804,78.55182
2023-11-03 20:00:00,15.999786,12.594788,899.4122,1.5254822,82.84329,80.23094
2023-11-03 21:00:00,15.846436,12.4652405,899.1193,1.5126697,77.500916,80.33525
2023-11-03 22:00:00,15.4313965,12.228027,898.91815,0.5365477,82.70825,81.22297
2023-11-03 23:00:00,15.350647,12.136902,898.9857,0.73652434,66.80771,81.15694
2023-11-04 00:00:00,15.572845,12.182617,899.36975,0.9592459,66.58505,80.2501
2023-11-04 01:00:00,15.5672,12.177704,900.01,1.2000037,70.19852,80.25318
2023-11-04 02:00:00,16.616425,12.531464,900.6802,1.4488906,74.92572,76.821655
2023-11-04 03:00:00,17.167877,12.649933,901.22235,1.5022651,77.314575,74.760544
2023-11-04 04:00:00,17.714294,12.613953,901.4361,1.2753137,75.4624,72.05542
2023-11-04 05:00:00,20.09372,12.984772,901.2436,0.86625725,62.709778,63.634403
2023-11-04 06:00:00,20.840271,12.858032,900.6911,0.6757499,18.896912,60.268646
2023-11-04 07:00:00,21.071198,12.747223,899.95624,1.0510794,344.36508,58.989952
2023-11-04 08:00:00,21.87149,12.6388855,899.2756,1.528338,337.22437,55.772133
2023-11-04 09:00:00,21.934174,12.569275,898.8211,1.810482,339.42163,55.306286
2023-11-04 10:00:00,20.474976,12.837433,898.6396,1.9304546,353.03754,61.557228
2023-11-04 11:00:00,20.256012,12.70874,898.87213,1.5535045,15.427399,61.871647
2023-11-04 12:00:00,20.085175,12.8461,899.29553,1.4961969,26.749756,63.093395
2023-11-04 13:00:00,19.815125,12.898804,899.8469,1.561104,40.925323,64.37904
2023-11-04 14:00:00,18.715332,12.744629,900.469,1.6966095,53.140747,68.24956
2023-11-04 15:00:00,17.69226,12.462921,900.98456,1.8039681,63.52997,71.44439
2023-11-04 16:00:00,17.394592,12.443146,901.27545,1.8035595,70.453735,72.70423
2023-11-04 17:00:00,16.525055,12.108063,901.3066,1.6973313,74.24484,75.14955
2023-11-04 18:00:00,16.236877,12.017883,901.17596,1.5547847,73.892456,76.0877
2023-11-04 19:00:00,15.990784,11.91391,901.02057,1.4980443,68.66223,76.76385
2023-11-04 20:00:00,15.402832,11.606354,900.84564,1.5750191,58.893066,78.10567
2023-11-04 21:00:00,15.188629,11.488098,900.7163,1.8411627,51.059143,78.57048
2023-11-04 22:00:00,14.611328,11.052155,900.76874,1.5315479,53.551514,79.224846
2023-11-04 23:00:00,14.544647,10.996826,900.8602,1.9519911,51.476013,79.274956
2023-11-05 00:00:00,14.752289,11.091675,901.2646,2.3416965,53.1373,78.71399
2023-11-05 01:00:00,14.782379,11.07132,901.90875,2.7495036,57.01947,78.455475
2023-11-05 02:00:00,16.118317,11.643829,902.5877,3.139774,62.344757,74.79708
2023-11-05 03:00:00,16.677063,11.770721,903.1832,3.5665703,66.89261,72.7912
2023-11-05 04:00:00,17.464966,11.918182,903.37103,3.7818532,70.95517,69.92574
2023-11-05 05:00:00,20.031342,12.368713,903.1146,3.6412523,73.63464,61.353863
2023-11-05 06:00:00,20.748596,12.292175,902.4983,3.1253996,73.31995,58.40237
2023-11-05 07:00:00,20.98465,12.211456,901.7864,2.5543847,68.21741,57.25602
2023-11-05 08:00:00,21.832153,12.1163025,901.1083,2.1677732,59.952087,54.02044
2023-11-05 09:00:00,21.892883,12.084595,900.60376,2.0282838,52.115326,53.70837
2023-11-05 10:00:00,20.346588,12.455414,900.44257,2.165712,58.588104,60.513134
2023-11-05 11:00:00,20.167725,12.443146,900.5485,2.4294875,60.260986,61.136375
2023-11-05 12:00:00,19.82306,12.554321,900.91205,2.7615979,59.62921,62.912136
2023-11-05 13:00:00,19.463959,12.546265,901.37573,3.0517397,65.03558,64.29638
2023-11-05 14:00:00,18.289642,12.425537,902.0556,3.229435,70.10538,68.64241
2023-11-05 15:00:00,17.209595,12.075378,902.6049,3.3613446,73.62268,71.80265
2023-11-05 16:00:00,16.919678,11.966797,902.8976,3.4020305,77.1308,72.61184
2023-11-05 17:00:00,16.097382,11.673401,902.83124,3.3428247,78.4057,75.04342
2023-11-05 18:00:00,15.797363,11.532379,902.6119,3.2143242,78.807556,75.78579
2023-11-05 19:00:00,15.583099,11.489655,902.2983,3.1199887,77.200195,76.615326
2023-11-05 20:00:00,14.944641,11.186127,901.98596,3.1298356,73.52765,78.23321
2023-11-05 21:00:00,14.83429,11.127197,901.71643,3.2104862,68.596466,78.48386
2023-11-05 22:00:00,14.5564575,10.9539795,901.51294,3.3571882,79.20111,78.989525
2023-11-05 23:00:00,14.449188,10.915283,901.6166,3.481799,74.35028,79.3345
2023-11-06 00:00:00,14.687866,11.065002,902.0064,3.704379,71.72467,78.90188
2023-11-06 01:00:00,14.662567,11.022827,902.70294,3.9757383,71.49689,78.80989
2023-11-06 02:00:00,16.075012,11.536285,903.36224,4.278371,73.37631,74.47296
2023-11-06 03:00:00,16.650848,11.645264,903.88495,4.409471,76.67767,72.311195
2023-11-06 04:00:00,17.42807,11.791687,904.05096,4.3071017,81.290344,69.50671
2023-11-06 05:00:00,20.022736,12.356171,903.7936,3.8478906,84.40427,61.336006
2023-11-06 06:00:00,20.85904,12.347992,903.1119,2.9918067,84.168976,58.2199
2023-11-06 07:00:00,21.119202,12.346558,902.2635,2.1421776,74.79266,57.29117
2023-11-06 08:00:00,21.973846,12.315674,901.47845,1.6358368,52.93524,54.26195
2023-11-06 09:00:00,22.02533,12.256226,901.01056,1.6476353,32.058502,53.88097
2023-11-06 10:00:00,20.47342,12.66214,900.7139,1.9618236,16.588806,60.860664
2023-11-06 11:00:00,20.22641,12.564819,900.8123,2.0914664,24.122406,61.40312
2023-11-06 12:00:00,19.9021,12.710236,901.17725,2.401039,26.684814,63.24762
2023-11-06 13:00:00,19.57779,12.84671,901.7272,2.6220706,32.482513,65.11198
2023-11-06 14:00:00,18.51007,12.722076,902.3353,2.8068118,38.532166,69.029724
2023-11-06 15:00:00,17.513275,12.416046,902.78174,2.8970618,43.13568,72.03334
2023-11-06 16:00:00,17.288666,12.324493,903.00464,2.9275715,46.74933,72.624466
2023-11-06 17:00:00,16.483276,12.050781,902.948,2.925287,48.733337,75.065926
2023-11-06 18:00:00,16.221222,11.962189,902.7086,2.917915,49.280212,75.8848
2023-11-06 19:00:00,16.007416,11.906372,902.3268,2.944196,48.384796,76.64431
2023-11-06 20:00:00,15.373779,11.613312,901.9497,3.0199552,46.465576,78.28733
2023-11-06 21:00:00,15.243042,11.521332,901.6789,3.2052472,44.21396,78.46858
2023-11-06 22:00:00,14.767883,11.13443,901.35693,3.1385272,45.685883,78.85818
2023-11-06 23:00:00,14.734711,11.109253,901.43225,3.475246,44.74887,78.89515
2023-11-07 00:00:00,15.018158,11.293701,901.84595,3.745316,46.35959,78.42093
2023-11-07 01:00:00,14.964539,11.266296,902.46344,4.006204,49.95581,78.54922
2023-11-07 02:00:00,16.442566,11.944885,903.12964,4.220543,54.99176,74.73753
2023-11-07 03:00:00,16.971313,12.066589,903.6609,4.281113,59.965668,72.85177
2023-11-07 04:00:00,17.720642,12.071045,903.83234,4.027073,63.58734,69.50357
2023-11-07 05:00:00,20.24936,12.482544,903.50555,3.5116313,63.21402,60.98612
2023-11-07 06:00:00,21.077148,12.53894,902.7488,2.8492007,56.114746,58.169086
2023-11-07 07:00:00,21.305084,12.467987,901.84717,2.3510776,41.250916,57.09492
2023-11-07 08:00:00,22.10315,12.459808,901.0213,2.211788,24.20578,54.34779
2023-11-07 09:00:00,22.128296,12.424408,900.5017,2.360016,14.350983,54.138653
2023-11-07 10:00:00,20.575012,12.732208,900.1156,2.488963,1.516449,60.758774
2023-11-07 11:00:00,20.385986,12.748444,900.1398,2.4699163,17.930511,61.536747
2023-11-07 12:00:00,20.095856,12.865662,900.44275,2.5786803,23.60965,63.132446
2023-11-07 13:00:00,19.818787,12.908783,900.9682,2.5638998,33.031006,64.40645
2023-11-07 14:00:00,18.796875,12.827759,901.55237,2.5497243,41.69995,68.27308
2023-11-07 15:00:00,17.730682,12.426392,902.00446,2.4563484,49.598877,71.10101
2023-11-07 16:00:00,17.467133,12.42099,902.16693,2.2675996,56.682922,72.26685
2023-11-07 17:00:00,16.558044,12.151245,902.1146,2.0062027,61.447113,75.20546
2023-11-07 18:00:00,16.22696,12.062866,901.88654,1.7196783,64.545074,76.36162
2023-11-07 19:00:00,16.01175,12.028046,901.5401,1.4798148,63.38275,77.2397
2023-11-07 20:00:00,15.344635,11.680084,901.1315,1.3443813,56.002625,78.78047
2023-11-07 21:00:00,15.217926,11.589569,900.8522,1.365693,47.105835,78.950485
2023-11-07 22:00:00,14.912537,11.384003,900.5729,1.2675648,28.611877,79.42912
2023-11-07 23:00:00,14.805603,11.347626,900.66174,1.5503014,29.207916,79.78571
2023-11-08 00:00:00,14.955688,11.367584,901.0263,1.8655815,34.571167,79.1228
2023-11-08 01:00:00,14.91214,11.332336,901.6457,2.1927497,42.22986,79.159996
2023-11-08 02:00:00,16.293488,11.931641,902.31445,2.4244182,49.824524,75.384346
2023-11-08 03:00:00,16.745667,12.014069,902.84326,2.6095436,57.398468,73.64665
2023-11-08 04:00:00,17.406982,12.048859,902.97534,2.4366555,63.20343,70.78883
2023-11-08 05:00:00,20.013092,12.582703,902.7456,1.9086125,65.4494,62.29167
2023-11-08 06:00:00,20.807098,12.564606,902.0341,1.1905247,49.32596,59.242363
2023-11-08 07:00:00,21.030334,12.475311,901.20197,0.9507848,1.258667,58.09361
2023-11-08 08:00:00,21.80954,12.437042,900.39655,1.3751093,330.61365,55.247326
2023-11-08 09:00:00,21.87793,12.420288,899.92163,1.7828277,326.0167,54.95667
2023-11-08 10:00:00,20.233002,12.800598,899.5898,1.944544,340.9364,62.333416
2023-11-08 11:00:00,20.033325,12.83725,899.7969,1.6661855,352.42706,63.259514
2023-11-08 12:00:00,19.806458,12.981537,900.1928,1.670197,357.33234,64.76297
2023-11-08 13:00:00,19.54956,13.05246,900.8107,1.6354616,8.630341,66.10943
2023-11-08 14:00:00,18.526703,12.952545,901.46,1.6157753,18.203003,70.00554
2023-11-08 15:00:00,17.384491,12.543518,901.97656,1.5202365,24.42575,73.23125
2023-11-08 16:00:00,17.113281,12.473572,902.18005,1.3918915,30.115631,74.15679
2023-11-08 17:00:00,16.26471,12.154907,902.04297,1.2920622,31.510529,76.64091
2023-11-08 18:00:00,15.974548,12.03891,901.7081,1.240538,26.322144,77.47875
2023-11-08 19:00:00,15.726105,11.940308,901.26917,1.3557508,19.986542,78.20926
2023-11-08 20:00:00,15.18866,11.730682,900.8652,1.640117,16.32129,79.8395
2023-11-08 21:00:00,15.048462,11.678345,900.60657,1.999284,16.72815,80.284355
2023-11-08 22:00:00,14.586029,11.293945,900.5227,2.6152859,13.80249,80.63637
2023-11-08 23:00:00,14.510864,11.223755,900.65857,2.8715112,17.91269,80.65274
2023-11-09 00:00:00,14.730164,11.386108,900.98596,3.0837178,23.284729,80.379036
2023-11-09 01:00:00,14.7221985,11.387299,901.5778,3.2265415,30.176636,80.42667
2023-11-09 02:00:00,16.136353,12.078186,902.2971,3.3236141,37.33313,76.88145
2023-11-09 03:00:00,16.626709,12.212616,902.9085,3.2876358,45.17279,75.18083
2023-11-09 04:00:00,17.34201,12.246002,903.1503,3.0265815,52.27118,72.00771
2023-11-09 05:00:00,20.098358,12.766327,902.8767,2.4944842,55.0412,62.7137
2023-11-09 06:00:00,20.829498,12.744232,902.2482,1.7482419,46.16992,59.86114
2023-11-09 07:00:00,21.077148,12.63562,901.4674,1.2254331,13.422546,58.538906
2023-11-09 08:00:00,21.952362,12.623291,900.72424,1.4314464,341.6662,55.440895
2023-11-09 09:00:00,21.996124,12.557251,900.1811,1.7347537,337.31503,55.05427
2023-11-09 10:00:00,20.4151,12.825684,899.97034,2.0587187,337.95477,61.7376
2023-11-09 11:00:00,20.206573,12.90448,900.0881,1.9663152,0.42843628,62.861053
2023-11-09 12:00:00,19.959076,13.070282,900.4302,2.1133573,17.0719,64.526405
2023-11-09 13:00:00,19.70758,13.167114,901.0057,2.2882297,33.01364,65.95587
2023-11-09 14:00:00,18.637207,13.0251465,901.7029,2.456599,44.095856,69.85369
2023-11-09 15:00:00,17.592438,12.623108,902.3084,2.5283809,50.356018,72.65457
2023-11-09 16:00:00,17.289703,12.609161,902.5382,2.502458,55.705017,73.98888
2023-11-09 17:00:00,16.545197,12.364899,902.50073,2.4253569,58.225525,76.331245
2023-11-09 18:00:00,16.214508,12.224609,902.28094,2.2620368,58.384644,77.23969
2023-11-09 19:00:00,15.998505,12.147278,901.9841,2.1723075,55.188263,77.91401
2023-11-09 20:00:00,15.402954,11.906982,901.66077,2.151304,49.865784,79.66981
2023-11-09 21:00:00,15.247589,11.842072,901.3912,2.311876,43.725098,80.12451
2023-11-09 22:00:00,14.851501,11.494354,901.23444,2.8343966,33.99402,80.326096
2023-11-09 23:00:00,14.773712,11.437592,901.3448,3.1236296,34.289337,80.42721
2023-11-10 00:00:00,15.043121,11.551361,901.738,3.404686,36.800262,79.64111
2023-11-10 01:00:00,15.044708,11.52771,902.3773,3.7208378,40.12683,79.508606
2023-11-10 02:00:00,16.359283,12.167847,903.15985,3.9934654,45.459473,76.24558
2023-11-10 03:00:00,16.89087,12.310669,903.8189,4.174954,50.729614,74.4089
2023-11-10 04:00:00,17.524414,12.408661,904.1721,3.9765332,55.423218,71.94784
2023-11-10 05:00:00,19.874115,12.783478,903.9634,3.4864643,54.540436,63.661938
2023-11-10 06:00:00,20.745941,12.70224,903.3896,2.8801954,45.916473,60.00452
2023-11-10 07:00:00,20.955109,12.653442,902.5776,2.5258174,30.621521,59.048374
2023-11-10 08:00:00,21.643097,12.610199,901.8179,2.5799522,16.716309,56.44954
2023-11-10 09:00:00,21.690918,12.554382,901.2658,2.9017427,11.455383,56.079174
2023-11-10 10:00:00,20.200531,12.756897,901.01624,3.6625593,7.775055,62.28024
2023-11-10 11:00:00,20.040497,12.813629,901.1577,3.9762828,19.731812,63.133793
2023-11-10 12:00:00,19.751709,12.905334,901.63916,4.173303,26.852905,64.660324
2023-11-10 13:00:00,19.483612,12.91687,902.3031,4.4130483,34.5188,65.79531
2023-11-10 14:00:00,18.483215,12.848236,903.0119,4.612502,40.61487,69.719246
2023-11-10 15:00:00,17.460266,12.486511,903.5971,4.7590623,45.121735,72.609695
2023-11-10 16:00:00,17.194061,12.443878,903.8352,4.8114486,48.91739,73.63513
2023-11-10 17:00:00,16.370422,12.200195,903.74854,4.785468,50.464203,76.353775
2023-11-10 18:00:00,16.08194,12.058411,903.4964,4.7445407,50.176147,77.04838
2023-11-10 19:00:00,15.845673,11.9557495,903.12787,4.7589316,48.78894,77.69261
2023-11-10 20:00:00,15.240662,11.694885,902.7382,4.843652,46.900146,79.385506
2023-11-10 21:00:00,15.111267,11.580719,902.4321,5.0116377,44.55423,79.44691
2023-11-10 22:00:00,14.761261,11.327972,902.2506,4.7612596,42.206482,79.909996
2023-11-10 23:00:00,14.689178,11.293884,902.37646,5.133389,41.12378,80.10123
2023-11-11 00:00:00,14.95285,11.411285,902.7658,5.438679,41.96283,79.36644
2023-11-11 01:00:00,14.981812,11.420563,903.43286,5.7264953,43.78705,79.26729
2023-11-11 02:00:00,16.240692,12.031433,904.17914,5.953873,46.677124,76.13712
2023-11-11 03:00:00,16.699707,12.13443,904.79724,6.162058,50.697327,74.44928
2023-11-11 04:00:00,17.198303,12.125244,904.99805,6.1124578,53.830353,72.09011
2023-11-11 05:00:00,19.563446,12.552216,904.7369,5.7684665,52.45703,63.925064
2023-11-11 06:00:00,20.421234,12.401855,904.0572,5.3402257,46.789795,60.02356
2023-11-11 07:00:00,20.647583,12.280121,903.21735,5.0447254,39.142273,58.720272
2023-11-11 08:00:00,21.461761,12.131012,902.40314,4.9721837,32.497284,55.311287
2023-11-11 09:00:00,21.543762,12.038635,901.9279,5.1189413,29.028687,54.70079
2023-11-11 10:00:00,20.121216,12.328613,901.66046,5.3271933,26.701965,60.85314
2023-11-11 11:00:00,19.94278,12.25827,901.9219,5.403981,31.225464,61.245243
2023-11-11 12:00:00,19.660461,12.355591,902.40704,5.345391,33.967316,62.726532
2023-11-11 13:00:00,19.41336,12.419098,902.993,5.4537973,36.929443,63.963093
2023-11-11 14:00:00,18.297943,12.35379,903.6721,5.528452,39.868835,68.28428
2023-11-11 15:00:00,17.208527,11.963013,904.1923,5.4569583,42.671906,71.278175
2023-11-11 16:00:00,16.947693,11.884857,904.4817,5.3123045,44.973663,72.09272
2023-11-11 17:00:00,16.122345,11.558075,904.47675,5.1378446,46.237274,74.35544
2023-11-11 18:00:00,15.770905,11.34848,904.24963,5.001301,46.09326,74.99631
2023-11-11 19:00:00,15.54538,11.28775,903.8338,4.951014,44.76651,75.7814
2023-11-11 20:00:00,14.8767395,10.993103,903.4598,4.9775667,42.79431,77.576355
2023-11-11 21:00:00,14.72229,10.862854,903.2369,5.0684886,41.16153,77.677376
2023-11-11 22:00:00,14.244171,10.5989685,903.115,4.972443,42.645477,78.71975
2023-11-11 23:00:00,14.149719,10.571625,903.2656,5.2453594,42.0195,79.05844
2023-11-12 00:00:00,14.428253,10.651581,903.64374,5.4468937,42.940857,78.06117
2023-11-12 01:00:00,14.417908,10.6362,904.2405,5.6362653,45.19232,78.03344
2023-11-12 02:00:00,15.585632,10.970856,904.8761,5.818766,47.601196,74.01457
2023-11-12 03:00:00,16.111603,11.078735,905.3246,5.990135,50.864746,72.082085
2023-11-12 04:00:00,16.770813,11.256226,905.41034,6.082172,54.017212,69.939575
2023-11-12 05:00:00,19.255005,11.526001,905.091,5.7310734,54.67569,60.906017
2023-11-12 06:00:00,20.14447,11.444336,904.3962,5.1566772,51.584717,57.32511
2023-11-12 07:00:00,20.385315,11.422516,903.5454,4.6228724,45.22943,56.396927
2023-11-12 08:00:00,21.332916,11.358704,902.7416,4.376464,38.08777,52.979614
2023-11-12 09:00:00,21.419739,11.337463,902.2686,4.3388762,33.706665,52.62449
2023-11-12 10:00:00,19.86853,11.551025,901.97266,3.7967143,30.893555,58.72557
2023-11-12 11:00:00,19.709656,11.483673,902.1453,4.0677447,35.337433,59.04352
2023-11-12 12:00:00,19.438385,11.606323,902.5196,4.203503,36.307526,60.535503
2023-11-12 13:00:00,19.06131,11.654633,903.11584,4.4214697,40.50421,62.171658
2023-11-12 14:00:00,17.801971,11.546295,903.76385,4.6003876,43.891876,66.79625
2023-11-12 15:00:00,16.621918,11.109192,904.2464,4.6813984,46.988464,69.91922
2023-11-12 16:00:00,16.389984,11.071106,904.43665,4.6852846,48.824707,70.77902
2023-11-12 17:00:00,15.45813,10.805725,904.3415,4.653482,49.55487,73.80758
2023-11-12 18:00:00,15.204712,10.697845,904.01294,4.669782,49.128876,74.48132
2023-11-12 19:00:00,15.004395,10.634857,903.5918,4.775548,47.72757,75.13099
2023-11-12 20:00:00,14.314728,10.285736,903.1485,4.94718,45.82831,76.741844
2023-11-12 21:00:00,14.158051,10.227661,902.8204,5.187806,44.436066,77.223915
2023-11-12 22:00:00,13.646759,9.968658,902.7003,5.18502,50.69693,78.45849
2023-11-12 23:00:00,13.598816,9.94751,902.6916,5.4179873,49.5838,78.59214
2023-11-13 00:00:00,13.888855,10.039551,902.97095,5.6180687,49.6398,77.60156
2023-11-13 01:00:00,13.927521,10.098663,903.50226,5.812488,51.092163,77.7137
2023-11-13 02:00:00,15.308014,10.601501,904.14343,6.034066,54.05902,73.51603
2023-11-13 03:00:00,15.872955,10.750824,904.68646,6.139423,58.642517,71.61191
2023-11-13 04:00:00,16.515228,10.927948,904.86694,6.122284,63.9588,69.5533
2023-11-13 05:00:00,19.401459,11.518585,904.6216,5.6832924,67.98923,60.3239
2023-11-13 06:00:00,20.294342,11.485535,903.961,4.7534614,68.00726,56.95153
2023-11-13 07:00:00,20.520905,11.442505,903.11865,3.896599,62.446716,56.001114
2023-11-13 08:00:00,21.467316,11.381805,902.2768,3.397706,53.117554,52.625626
2023-11-13 09:00:00,21.546265,11.356201,901.7165,3.309611,46.499878,52.283257
2023-11-13 10:00:00,19.954773,11.717712,901.2924,3.0843754,47.78177,59.05926
2023-11-13 11:00:00,19.719086,11.563812,901.4568,3.4106622,52.941223,59.32241
2023-11-13 12:00:00,19.370361,11.67453,901.8778,3.5814667,54.585938,61.066593
2023-11-13 13:00:00,19.038055,11.688538,902.47156,3.7810502,58.018433,62.40142
2023-11-13 14:00:00,17.930573,11.594788,903.0959,3.9302197,61.19287,66.47053
2023-11-13 15:00:00,16.913269,11.268799,903.60126,4.014577,64.66742,69.36824
2023-11-13 16:00:00,16.694244,11.248596,903.85455,4.0317154,67.96973,70.24483
2023-11-13 17:00:00,15.76712,10.9496765,903.84906,3.9621422,70.19031,73.0571
2023-11-13 18:00:00,15.534851,10.857025,903.5769,3.83676,70.54047,73.69642
2023-11-13 19:00:00,15.353973,10.854645,903.1769,3.7342117,69.290436,74.544235
2023-11-13 20:00:00,14.704559,10.562775,902.7137,3.6681178,66.54468,76.2292
2023-11-13 21:00:00,14.573486,10.547241,902.39954,3.696596,63.1344,76.79701
2023-11-13 22:00:00,14.184235,10.345856,902.2763,3.521754,68.60956,77.70372
2023-11-13 23:00:00,14.153961,10.360779,902.2971,3.6267924,66.16855,77.93373
2023-11-14 00:00:00,14.390778,10.457123,902.56287,3.7299883,65.38574,77.24346
2023-11-14 01:00:00,14.381683,10.466583,903.12714,3.891343,65.815094,77.33763
2023-11-14 02:00:00,15.562134,10.917603,903.7642,4.072952,68.26602,73.864395
2023-11-14 03:00:00,16.264435,11.17688,904.3858,4.1599827,73.11798,71.84931
2023-11-14 04:00:00,16.813293,11.249329,904.623,4.018214,78.427,69.71945
2023-11-14 05:00:00,19.368225,11.7901,904.35693,3.455157,80.383545,61.542297
2023-11-14 06:00:00,20.226685,11.709991,903.58295,2.6001844,76.36493,58.044453
2023-11-14 07:00:00,20.442474,11.640106,902.6175,1.8635224,63.775757,57.01244
2023-11-14 08:00:00,21.23053,11.503967,901.72266,1.5857054,43.257904,53.827988
2023-11-14 09:00:00,21.300873,11.431488,901.1457,1.7846111,31.28711,53.340042
2023-11-14 10:00:00,19.817993,11.7453,900.89795,2.2302825,20.136475,59.67047
2023-11-14 11:00:00,19.602692,11.710815,901.11633,2.627868,31.457184,60.335487
2023-11-14 12:00:00,19.290314,11.8697815,901.58276,2.8623366,35.224426,62.16719
2023-11-14 13:00:00,19.018646,11.93338,902.1843,3.1466851,41.113525,63.49408
2023-11-14 14:00:00,17.863861,11.75354,902.87213,3.3095016,46.17926,67.45341
2023-11-14 15:00:00,16.823486,11.440338,903.40985,3.4381757,50.35083,70.560936
2023-11-14 16:00:00,16.54956,11.407959,903.6907,3.3874087,53.269867,71.64539
2023-11-14 17:00:00,15.646545,11.146515,903.6677,3.3147097,54.828766,74.59071
2023-11-14 18:00:00,15.463928,11.089905,903.4801,3.2023916,54.55182,75.18562
2023-11-14 19:00:00,15.290405,11.046631,903.1816,3.1485844,53.279297,75.809204
2023-11-14 20:00:00,14.668335,10.762299,902.8215,3.1870258,51.33716,77.428825
2023-11-14 21:00:00,14.526581,10.773163,902.5097,3.2824843,49.32077,78.19688
2023-11-14 22:00:00,13.933472,10.272583,902.44775,3.276059,41.20694,78.59151
2023-11-14 23:00:00,13.856903,10.253143,902.5062,3.4030807,43.36386,78.880516
2023-11-15 00:00:00,14.002899,10.361725,902.8354,3.5236797,46.299866,78.70527
2023-11-15 01:00:00,13.962616,10.316956,903.42194,3.6261451,51.336884,78.67576
2023-11-15 02:00:00,15.208069,10.729614,904.08295,3.7743516,56.108032,74.6228
2023-11-15 03:00:00,15.815338,10.815491,904.65515,3.96766,61.83664,72.18581
2023-11-15 04:00:00,16.501556,10.865814,904.8382,4.233458,66.520386,69.32706
2023-11-15 05:00:00,19.131927,11.309296,904.59717,4.1544724,68.68317,60.501144
2023-11-15 06:00:00,19.9617,11.212341,903.9032,3.6585677,67.46838,57.093536
2023-11-15 07:00:00,20.211548,11.1744995,903.0691,3.0907054,62.75226,56.07696
2023-11-15 08:00:00,21.12207,11.113281,902.2254,2.7043602,55.95807,52.80363
2023-11-15 09:00:00,21.201935,11.072418,901.69836,2.6267114,50.7619,52.40325
2023-11-15 10:00:00,19.643127,11.384064,901.4812,2.6147637,52.940918,58.89844
2023-11-15 11:00:00,19.574585,11.271881,901.75116,3.098816,52.935425,58.711987
2023-11-15 12:00:00,19.267334,11.568481,902.1625,3.3430676,53.83188,61.03038
2023-11-15 13:00:00,18.924957,11.598175,902.7006,3.6178832,56.97345,62.469406
2023-11-15 14:00:00,17.692535,11.407898,903.264,3.9040556,60.154083,66.64554
2023-11-15 15:00:00,16.501709,11.014008,903.66583,4.1212454,63.57602,70.01197
2023-11-15 16:00:00,16.269836,10.950775,903.87305,4.2366414,66.905334,70.75525
2023-11-15 17:00:00,15.305664,10.556122,903.7754,4.244513,68.16107,73.30524
2023-11-15 18:00:00,15.031464,10.414459,903.56885,4.203579,69.4859,73.90705
2023-11-15 19:00:00,14.79126,10.296478,903.2221,4.1482987,69.93198,74.47034
2023-11-15 20:00:00,14.166412,10.080078,902.8404,4.143628,69.42197,76.42473
2023-11-15 21:00:00,14.039246,9.983215,902.52673,4.1697335,68.42554,76.559326
2023-11-15 22:00:00,13.707428,9.717285,902.4094,3.9012592,64.02777,76.84486
2023-11-15 23:00:00,13.665924,9.706512,902.56647,4.0092254,64.62317,76.99679
2023-11-16 00:00:00,13.863556,9.836975,902.9422,4.127467,66.47693,76.68227
2023-11-16 01:00:00,13.830872,9.792236,903.622,4.2732797,68.5968,76.615135
2023-11-16 02:00:00,15.091949,10.356903,904.3056,4.538838,70.59967,73.33808
2023-11-16 03:00:00,15.742676,10.462891,904.8678,4.749976,74.66882,70.83969
2023-11-16 04:00:00,16.469055,10.663055,905.093,4.99459,78.91083,68.54011
2023-11-16 05:00:00,19.292267,11.2836,904.9048,4.9168625,82.990295,59.798115
2023-11-16 06:00:00,20.080322,11.276855,904.3083,4.38868,85.286255,56.918587
2023-11-16 07:00:00,20.349915,11.255341,903.5679,3.688537,85.7587,55.898277
2023-11-16 08:00:00,21.335876,11.2734375,902.8432,3.040544,82.35834,52.67179
2023-11-16 09:00:00,21.412537,11.243988,902.4165,2.7086804,76.61832,52.322815
2023-11-16 10:00:00,19.895142,11.628479,902.1989,3.0635767,70.76889,58.929604
2023-11-16 11:00:00,19.73764,11.40921,902.4623,3.3084626,69.48575,58.65153
2023-11-16 12:00:00,19.424744,11.6675415,902.9132,3.4534483,70.882904,60.832317
2023-11-16 13:00:00,19.098785,11.693176,903.56604,3.6431088,71.428314,62.18461
2023-11-16 14:00:00,18.406952,11.751953,904.1418,3.823542,72.77582,65.18488
2023-11-16 15:00:00,16.626007,11.138702,904.5721,3.8981946,73.89398,70.03799
2023-11-16 16:00:00,16.177795,11.015198,904.7364,3.9082592,75.64325,71.47652
2023-11-16 17:00:00,15.685699,10.8461,904.6676,3.8902917,76.947296,72.93507
2023-11-16 18:00:00,15.486237,10.829315,904.4679,3.8458264,77.63898,73.79036
2023-11-16 19:00:00,15.267517,10.770325,904.1551,3.8162289,76.92111,74.54001
2023-11-16 20:00:00,14.584595,10.4678955,903.7891,3.8191652,74.460815,76.33731
2023-11-16 21:00:00,14.477417,10.391846,903.423,3.845459,72.097565,76.47863
2023-11-16 22:00:00,14.149017,10.240845,903.21063,3.9076493,67.49646,77.33716
2023-11-16 23:00:00,14.066681,10.220032,903.2905,4.0638084,64.750336,77.64277
2023-11-17 00:00:00,14.302063,10.299194,903.5923,4.2196994,63.78723,76.87375
2023-11-17 01:00:00,14.243286,10.275604,904.0926,4.4559565,63.982178,77.04522
2023-11-17 02:00:00,15.327942,10.702148,904.6385,4.8358607,64.923065,73.91555
2023-11-17 03:00:00,15.793732,10.769928,905.0389,5.1512265,68.084015,72.06696
2023-11-17 04:00:00,16.495941,11.029572,905.1509,5.4069433,71.9129,70.11004
2023-11-17 05:00:00,19.072357,11.56366,904.8349,5.376187,74.0228,61.756603
2023-11-17 06:00:00,19.887146,11.549377,904.1721,4.9175396,74.84396,58.651478
2023-11-17 07:00:00,20.134827,11.502502,903.2637,4.338988,72.94733,57.580368
2023-11-17 08:00:00,21.017975,11.483765,902.4428,3.8403869,67.90283,54.462128
2023-11-17 09:00:00,21.095886,11.439972,901.8869,3.699078,62.039307,54.045383
2023-11-17 10:00:00,19.716614,11.666748,901.55743,3.9327638,51.758087,59.736298
2023-11-17 11:00:00,19.671326,11.535522,901.7586,4.235712,56.069916,59.387344
2023-11-17 12:00:00,19.323517,11.817902,902.2273,4.3053656,57.986298,61.827
2023-11-17 13:00:00,19.021912,11.858368,902.82806,4.597603,60.013794,63.16806
2023-11-17 14:00:00,17.876678,11.640533,903.3707,4.910807,62.470795,66.89812
2023-11-17 15:00:00,16.785095,11.291687,903.6692,5.0901127,65.35126,70.04053
2023-11-17 16:00:00,16.504303,11.216766,903.82916,5.1099553,68.621216,70.948006
2023-11-17 17:00:00,15.664032,11.023041,903.6969,5.017033,71.257355,73.89955
2023-11-17 18:00:00,15.484222,10.950836,903.4684,4.907233,73.69614,74.39806
2023-11-17 19:00:00,15.241608,10.852264,903.115,4.7902813,75.53171,75.07192
2023-11-17 20:00:00,14.54718,10.51828,902.7863,4.666313,75.42001,76.77926
2023-11-17 21:00:00,14.411591,10.442596,902.4174,4.591623,74.425354,77.06496
2023-11-17 22:00:00,14.039093,10.222717,902.1089,4.3206935,73.55029,77.795654
2023-11-17 23:00:00,13.930481,10.1710205,902.19617,4.3394036,72.13513,78.07541
2023-11-18 00:00:00,14.13562,10.246307,902.5492,4.428428,71.15341,77.43251
2023-11-18 01:00:00,14.113586,10.218414,903.134,4.651234,70.88684,77.3988
2023-11-18 02:00:00,15.359558,10.795624,903.6996,5.0270157,72.30231,74.22577
2023-11-18 03:00:00,15.8975525,10.984772,904.07935,5.3653474,75.652954,72.619545
2023-11-18 04:00:00,16.665192,11.323212,904.1934,5.4540043,79.26657,70.72317
2023-11-18 05:00:00,19.219574,11.716766,903.9242,5.1638126,82.703766,61.814533
2023-11-18 06:00:00,20.023071,11.699097,903.28076,4.3923445,84.29532,58.73782
2023-11-18 07:00:00,20.263031,11.6588745,902.45807,3.5524774,81.995636,57.719128
2023-11-18 08:00:00,21.141754,11.655792,901.70233,2.979862,75.67078,54.667652
2023-11-18 09:00:00,21.220062,11.688141,901.2289,2.910322,69.13226,54.521935
2023-11-18 10:00:00,19.84079,11.988037,900.9947,2.615703,57.59131,60.547405
2023-11-18 11:00:00,19.688507,11.878204,901.2457,3.34225,61.372314,60.681225
2023-11-18 12:00:00,19.328583,11.985962,901.765,3.9949958,62.699615,62.49591
2023-11-18 13:00:00,19.025787,12.018494,902.45624,4.569934,66.137634,63.82261
2023-11-18 14:00:00,17.852936,11.839142,903.041,4.991088,69.50641,67.882
2023-11-18 15:00:00,16.775757,11.444763,903.43896,5.22316,72.44565,70.79564
2023-11-18 16:00:00,16.500397,11.368866,903.67,5.3012176,74.78851,71.68404
2023-11-18 17:00:00,15.67041,11.09079,903.6501,5.343858,75.55176,74.20216
2023-11-18 18:00:00,15.474152,10.996429,903.4724,5.3725476,75.601135,74.67178
2023-11-18 19:00:00,15.272095,10.883148,903.15314,5.400626,74.83038,75.079025
2023-11-18 20:00:00,14.674164,10.650543,902.85126,5.46129,72.94409,76.8264
2023-11-18 21:00:00,14.617462,10.605743,902.56696,5.5910244,70.93097,76.87831
2023-11-18 22:00:00,14.046783,10.352814,902.38904,5.4640136,70.64804,78.43507
2023-11-18 23:00:00,13.946136,10.285217,902.4358,5.635199,69.03662,78.59324
2023-11-19 00:00:00,14.168915,10.362793,902.7646,5.9116907,68.51596,77.86877
2023-11-19 01:00:00,14.191071,10.374695,903.3359,6.228378,68.98718,77.81892
2023-11-19 02:00:00,15.499481,10.959076,903.94446,6.638395,71.02786,74.366035
2023-11-19 03:00:00,16.121796,11.256805,904.4239,6.8446383,74.53287,72.890564
2023-11-19 04:00:00,16.889526,11.545166,904.5264,6.9118,78.93237,70.754745
2023-11-19 05:00:00,19.617035,12.198853,904.22437,6.6213794,83.04129,62.251396
2023-11-19 06:00:00,20.407593,12.105347,903.527,5.8910346,85.92569,58.91471
2023-11-19 07:00:00,20.66098,12.124939,902.65765,4.9269757,85.93988,58.076233
2023-11-19 08:00:00,21.588531,12.123596,901.83826,4.175121,83.51703,54.857063
2023-11-19 09:00:00,21.647888,12.119263,901.32666,3.9050353,79.51349,54.642696
2023-11-19 10:00:00,20.073914,12.299591,901.0969,3.3312907,68.39914,60.915226
2023-11-19 11:00:00,19.880768,12.282532,901.3176,3.8951576,67.627686,61.57908
2023-11-19 12:00:00,19.49643,12.388458,901.75507,4.190285,67.36865,63.505764
2023-11-19 13:00:00,19.13031,12.3749695,902.3284,4.6004744,68.259705,64.91186
2023-11-19 14:00:00,18.05478,12.180359,902.93774,4.9013896,69.91205,68.5489
2023-11-19 15:00:00,16.93692,11.799225,903.35156,5.084332,71.61908,71.73578
2023-11-19 16:00:00,16.759674,11.763824,903.50635,5.1813164,73.29031,72.377495
2023-11-19 17:00:00,16.005768,11.484283,903.35406,5.225299,74.68811,74.54607
2023-11-19 18:00:00,15.762482,11.379456,903.02936,5.2372117,75.18323,75.1907
2023-11-19 19:00:00,15.555603,11.287262,902.6651,5.2765727,74.418884,75.72933
2023-11-19 20:00:00,14.90332,10.987183,902.2866,5.30385,73.02368,77.41326
2023-11-19 21:00:00,14.777466,10.914886,901.9973,5.3929067,71.515594,77.669624
2023-11-19 22:00:00,14.329254,10.6805725,901.8526,4.7946105,66.6319,78.71406
2023-11-19 23:00:00,14.233185,10.604706,901.974,5.0939956,65.11185,78.80583
2023-11-20 00:00:00,14.453552,10.683075,902.3702,5.3554006,65.79904,78.097176
2023-11-20 01:00:00,14.43811,10.694641,903.0215,5.6153703,67.232635,78.23531
2023-11-20 02:00:00,15.672791,11.287811,903.78204,5.904042,69.632416,75.16598
2023-11-20 03:00:00,16.235565,11.444702,904.3887,5.9899206,73.58719,73.26945
2023-11-20 04:00:00,17.024323,11.634155,904.56104,5.8868213,77.66455,70.56663
2023-11-20 05:00:00,19.547577,12.074463,904.27014,5.2000976,79.56116,62.01101
2023-11-20 06:00:00,20.47174,12.036377,903.62787,4.2244105,77.60715,58.416206
2023-11-20 07:00:00,20.738464,12.016602,902.8489,3.399877,70.00464,57.389076
2023-11-20 08:00:00,21.600647,11.951294,902.08905,3.019696,60.57959,54.19811
2023-11-20 09:00:00,21.63617,11.990845,901.57263,3.1445045,54.372833,54.22157
2023-11-20 10:00:00,20.134644,12.03241,901.3339,3.5335813,38.79663,59.629707
2023-11-20 11:00:00,19.902802,12.061005,901.44556,4.094712,46.802917,60.60564
2023-11-20 12:00:00,19.594116,12.1553955,901.8282,4.323324,49.6521,62.162132
2023-11-20 13:00:00,19.259277,12.154449,902.2868,4.641128,52.601776,63.466007
2023-11-20 14:00:00,18.137543,12.043121,902.82367,4.8348618,55.16986,67.58043
2023-11-20 15:00:00,17.039764,11.680206,903.2086,4.968235,57.372192,70.71235
2023-11-20 16:00:00,16.76532,11.617371,903.3553,4.9638367,59.335114,71.655426
2023-11-20 17:00:00,15.969574,11.326813,903.25464,4.9682236,60.23178,73.944084
2023-11-20 18:00:00,15.716736,11.265625,902.9765,4.9277725,60.212677,74.84484
2023-11-20 19:00:00,15.486389,11.182007,902.6061,4.922232,58.606293,75.53732
2023-11-20 20:00:00,14.966644,10.987427,902.2166,4.98051,56.279938,77.09964
2023-11-20 21:00:00,14.73288,10.876282,901.9243,5.1360936,53.590088,77.69366
2023-11-20 22:00:00,14.309143,10.625336,901.75525,5.4434404,52.177094,78.527275
2023-11-20 23:00:00,14.239685,10.595795,901.7645,5.731267,51.82196,78.72595
2023-11-21 00:00:00,14.450409,10.705231,902.08795,6.037138,52.439087,78.22828
2023-11-21 01:00:00,14.359772,10.6328125,902.6021,6.2451544,53.026672,78.30958
2023-11-21 02:00:00,15.491913,11.108276,903.2968,6.5072412,54.010162,75.14238
2023-11-21 03:00:00,16.042511,11.194122,903.81775,6.586185,55.58554,72.95655
2023-11-21 04:00:00,16.78244,11.360077,903.9306,6.5321794,56.22052,70.37024
2023-11-21 05:00:00,19.262787,11.743927,903.5764,6.180887,54.42685,61.75903
2023-11-21 06:00:00,20.0708,11.611664,902.80414,5.584629,48.77118,58.22742
2023-11-21 07:00:00,20.347565,11.599091,901.92523,5.13273,40.464294,57.192253
2023-11-21 08:00:00,21.22171,11.496338,901.0743,5.0166464,32.20343,53.829967
2023-11-21 09:00:00,21.291412,11.42337,900.56555,5.1342597,28.705994,53.34233
2023-11-21 10:00:00,19.8125,11.615997,900.3843,4.927357,34.36319,59.1834
2023-11-21 11:00:00,19.702179,11.59729,900.4519,5.1352563,39.97342,59.51618
2023-11-21 12:00:00,19.358368,11.63559,900.7935,4.9824767,42.477356,60.95523
2023-11-21 13:00:00,19.037872,11.702667,901.3524,5.014658,44.180298,62.46036
2023-11-21 14:00:00,17.80597,11.521545,901.9518,4.956809,46.760773,66.67028
2023-11-21 15:00:00,16.713898,11.149139,902.4187,4.884866,49.15985,69.696335
2023-11-21 16:00:00,16.391266,11.063171,902.58575,4.719813,51.063995,70.73601
2023-11-21 17:00:00,15.585083,10.78772,902.4407,4.510738,50.82849,73.12206
2023-11-21 18:00:00,15.3471985,10.663849,902.0974,4.2880793,48.80124,73.63637
2023-11-21 19:00:00,15.145172,10.607758,901.64307,4.192461,46.15213,74.31982
2023-11-21 20:00:00,14.452972,10.275482,901.1518,4.2022505,43.483276,76.007065
2023-11-21 21:00:00,14.284332,10.1605835,900.78357,4.2907057,41.33795,76.25289
2023-11-21 22:00:00,13.744904,9.84436,900.661,3.8792896,43.56012,77.3136
2023-11-21 23:00:00,13.672455,9.769409,900.6713,4.140669,43.37912,77.289314
2023-11-22 00:00:00,13.830719,9.819977,901.0477,4.373967,44.190247,76.75844
2023-11-22 01:00:00,13.792053,9.768311,901.71265,4.6063533,46.05014,76.685425
2023-11-22 02:00:00,14.988617,10.25946,902.4098,4.8480263,48.275055,73.34853
2023-11-22 03:00:00,15.555878,10.43689,902.9411,5.144073,50.860474,71.56766
2023-11-22 04:00:00,16.305603,10.716858,903.0598,5.213967,51.985107,69.50523
2023-11-22 05:00:00,19.046509,11.178589,902.79584,4.862009,50.710968,60.29976
2023-11-22 06:00:00,19.89447,11.135071,902.0873,4.197937,45.29831,57.0389
2023-11-22 07:00:00,20.153595,11.076782,901.2307,3.7184796,35.720825,55.91476
2023-11-22 08:00:00,21.01004,10.847534,900.39905,3.5812044,26.673645,52.23843
2023-11-22 09:00:00,21.054382,10.843872,899.92804,3.6802335,21.812378,52.08365
2023-11-22 10:00:00,19.522064,11.098145,899.639,3.5912795,23.148651,58.22948
2023-11-22 11:00:00,19.28717,11.050354,899.8136,3.791635,30.979462,58.89934
2023-11-22 12:00:00,18.95047,11.05722,900.28876,3.9771898,33.395966,60.175865
2023-11-22 13:00:00,18.606201,11.069794,900.8614,4.196258,38.524017,61.535763
2023-11-22 14:00:00,17.345062,10.872162,901.45953,4.321047,43.32373,65.74553
2023-11-22 15:00:00,16.223785,10.446259,901.88086,4.303634,46.73172,68.62071
2023-11-22 16:00:00,15.884949,10.319122,902.11664,4.1837416,48.93112,69.52842
2023-11-22 17:00:00,15.041504,10.049164,902.01447,4.0155063,49.43698,72.07943
2023-11-22 18:00:00,14.761658,9.936554,901.69055,3.8585567,49.065247,72.839005
2023-11-22 19:00:00,14.54541,9.83255,901.25745,3.793811,47.769012,73.34956
2023-11-22 20:00:00,13.851929,9.533203,900.7953,3.8354,45.477295,75.19254
2023-11-22 21:00:00,13.741547,9.495026,900.3867,3.9689062,43.403503,75.53952
2023-11-22 22:00:00,13.249268,9.11087,900.1804,3.9360688,39.146576,76.00932
2023-11-22 23:00:00,13.177948,9.056244,900.22797,4.284814,41.51181,76.08319
2023-11-23 00:00:00,13.374329,9.124329,900.49854,4.5839233,44.32202,75.46061
2023-11-23 01:00:00,13.340179,9.085205,900.9922,4.8384023,48.601013,75.42963
2023-11-23 02:00:00,14.631348,9.666351,901.55585,5.151348,53.13025,72.135735
2023-11-23 03:00:00,15.218414,9.881805,901.99255,5.300662,59.22043,70.470894
2023-11-23 04:00:00,15.999023,10.196564,902.10333,5.1705217,65.75156,68.461235
2023-11-23 05:00:00,18.798645,10.813141,901.7793,4.653982,71.97089,59.77232
2023-11-23 06:00:00,19.575012,10.760468,901.01544,3.7444606,75.52316,56.751205
2023-11-23 07:00:00,19.827637,10.779816,900.0861,2.874688,73.74283,55.94045
2023-11-23 08:00:00,20.73581,10.715576,899.16296,2.3499787,67.56238,52.662857
2023-11-23 09:00:00,20.766663,10.688232,898.62195,2.303046,59.18051,52.46738
2023-11-23 10:00:00,19.279785,11.167847,898.3083,2.3138864,47.427917,59.387363
2023-11-23 11:00:00,19.025421,11.0802,898.4746,3.2348049,49.19098,59.986504
2023-11-23 12:00:00,18.638,11.224457,898.83704,4.0121994,52.1344,62.04642
2023-11-23 13:00:00,18.33368,11.259552,899.4519,4.5836506,55.93091,63.387535
2023-11-23 14:00:00,17.227509,11.047028,900.1032,4.94865,59.230103,67.00937
2023-11-23 15:00:00,16.180054,10.663208,900.6422,5.1966085,61.832977,69.81383
2023-11-23 16:00:00,15.952698,10.644501,900.8145,5.2550936,63.80542,70.74581
2023-11-23 17:00:00,15.209045,10.405548,900.71045,5.293571,65.24777,73.02487
2023-11-23 18:00:00,14.867432,10.269318,900.4348,5.3014736,65.74454,73.97158
2023-11-23 19:00:00,14.639008,10.216522,900.1423,5.366076,65.51572,74.80459
2023-11-23 20:00:00,14.060333,9.963715,899.84424,5.51693,64.20044,76.35507
2023-11-23 21:00:00,13.901337,9.889069,899.6088,5.7358656,62.53604,76.76185
2023-11-23 22:00:00,13.606354,9.670715,899.53076,5.7547297,64.51068,77.11024
2023-11-23 23:00:00,13.503754,9.640564,899.6692,6.063642,64.128876,77.46983
2023-11-24 00:00:00,13.68689,9.77066,900.1179,6.3649216,64.56406,77.2233
2023-11-24 01:00:00,13.64624,9.763489,900.8714,6.694869,65.6947,77.3904
2023-11-24 02:00:00,14.829529,10.292664,901.6867,7.076346,68.111664,74.268036
2023-11-24 03:00:00,15.427795,10.498688,902.36224,7.245939,71.87158,72.455376
2023-11-24 04:00:00,16.099365,10.622253,902.6346,6.892811,75.453,69.98294
2023-11-24 05:00:00,18.80896,11.208008,902.4146,6.199383,76.351166,61.319946
2023-11-24 06:00:00,19.59436,11.125763,901.8011,5.4289026,74.52283,58.074833
2023-11-24 07:00:00,19.783142,10.968323,900.99384,4.835002,70.049194,56.801956
2023-11-24 08:00:00,20.668854,10.825928,900.2247,4.5781274,64.98236,53.269886
2023-11-24 09:00:00,20.729156,10.814209,899.75555,4.6656766,61.385773,53.031105
2023-11-24 10:00:00,19.257172,11.180725,899.55743,4.608582,53.75052,59.52183
2023-11-24 11:00:00,19.058685,11.178833,899.76117,5.0935426,57.64377,60.254974
2023-11-24 12:00:00,18.679474,11.271606,900.2374,5.3704443,57.23343,62.079285
2023-11-24 13:00:00,18.375671,11.253418,900.8577,5.7683635,58.864258,63.195194
2023-11-24 14:00:00,17.22293,10.995789,901.5361,6.046955,61.05356,66.80122
2023-11-24 15:00:00,16.226196,10.718597,902.05225,6.183151,62.854736,69.86582
2023-11-24 16:00:00,15.956207,10.624054,902.30695,6.2275534,64.723206,70.633766
2023-11-24 17:00:00,15.17395,10.306183,902.28186,6.222772,65.364655,72.70612
2023-11-24 18:00:00,14.912872,10.237701,902.07806,6.1842117,66.00433,73.599945
2023-11-24 19:00:00,14.690857,10.139252,901.78033,6.164556,65.47467,74.170944
2023-11-24 20:00:00,13.964783,9.751068,901.5054,6.197839,63.836975,75.743034
2023-11-24 21:00:00,13.821045,9.697052,901.2788,6.300165,61.879913,76.176414
2023-11-24 22:00:00,13.461121,9.369385,901.3551,6.3370485,60.528442,76.283035
2023-11-24 23:00:00,13.379456,9.376617,901.515,6.566094,59.83612,76.72714
2023-11-25 00:00:00,13.487183,9.414032,901.95703,6.8408246,60.141205,76.38262
2023-11-25 01:00:00,13.415222,9.337433,902.6346,7.1178274,61.18564,76.34716
2023-11-25 02:00:00,14.54895,9.709045,903.428,7.51158,62.808563,72.7283
2023-11-25 03:00:00,15.2146,10.02243,904.0916,7.833171,65.06537,71.15468
2023-11-25 04:00:00,15.986206,10.170197,904.34094,8.03331,67.253235,68.39669
2023-11-25 05:00:00,18.620056,10.57959,904.09143,7.8578115,68.620544,59.51149
2023-11-25 06:00:00,19.440582,10.451447,903.3926,7.3654137,68.56232,56.061863
2023-11-25 07:00:00,19.693573,10.455292,902.57635,6.8164797,66.98627,55.201923
2023-11-25 08:00:00,20.62149,10.474304,901.7899,6.4808836,64.47461,52.18974
2023-11-25 09:00:00,20.68393,10.454956,901.4138,6.4560313,63.114777,51.92237
2023-11-25 10:00:00,19.03894,10.7664795,901.2988,6.131873,60.76938,58.700054
2023-11-25 11:00:00,18.845825,10.768341,901.489,6.643368,61.71634,59.419174
2023-11-25 12:00:00,18.52829,10.867401,901.88135,7.1530113,61.81964,61.011242
2023-11-25 13:00:00,18.2406,10.882843,902.4748,7.5671988,63.764618,62.18511
2023-11-25 14:00:00,17.144745,10.701996,903.1764,7.817694,66.44348,65.83448
2023-11-25 15:00:00,15.975128,10.309113,903.79834,7.9086447,69.12399,69.08294
2023-11-25 16:00:00,15.699524,10.225708,904.111,7.8957424,71.55231,69.92028
2023-11-25 17:00:00,15.021088,9.979828,904.09283,7.8504224,73.36682,71.840164
2023-11-25 18:00:00,14.6970825,9.811127,903.87604,7.72155,74.46176,72.53109
2023-11-25 19:00:00,14.500946,9.721527,903.54266,7.5548787,74.57599,73.01517
2023-11-25 20:00:00,13.838318,9.418671,903.22296,7.4203615,73.74005,74.68217
2023-11-25 21:00:00,13.73819,9.373901,902.96075,7.3470407,72.461334,74.943504
2023-11-25 22:00:00,13.382355,9.179016,902.9429,6.690099,70.19031,75.69948
2023-11-25 23:00:00,13.311859,9.165344,902.9211,6.896256,68.25882,75.97804
2023-11-26 00:00:00,13.470001,9.239136,903.2626,7.1634836,67.28967,75.57387
2023-11-26 01:00:00,13.388428,9.196564,903.8738,7.443287,67.14081,75.75898
2023-11-26 02:00:00,14.655914,9.7777405,904.5862,7.8597956,67.99359,72.56141
2023-11-26 03:00:00,15.268372,10.017639,905.1307,8.225818,70.29208,70.88668
2023-11-26 04:00:00,15.979523,10.302673,905.25256,8.394437,73.016846,69.03389
2023-11-26 05:00:00,18.495605,10.879608,904.9158,8.291284,75.09494,61.185818
2023-11-26 06:00:00,19.297394,10.791687,904.218,7.8603296,75.879944,57.85929
2023-11-26 07:00:00,19.552185,10.814758,903.36475,7.273251,74.90201,57.037235
2023-11-26 08:00:00,20.478516,10.98468,902.54315,6.796604,72.34082,54.469925
2023-11-26 09:00:00,20.480316,11.062439,902.0593,6.6149726,69.928375,54.745663
2023-11-26 10:00:00,18.856659,11.408356,901.84033,6.204873,67.23682,61.953987
2023-11-26 11:00:00,18.625397,11.357971,901.92456,6.586999,65.499664,62.646835
2023-11-26 12:00:00,18.22284,11.5338745,902.2875,6.992335,64.43097,64.99897
2023-11-26 13:00:00,18.039246,11.569672,902.8269,7.2545443,64.7113,65.908455
2023-11-26 14:00:00,17.072357,11.406921,903.36365,7.4520698,65.73865,69.303444
2023-11-26 15:00:00,16.136566,11.084076,903.7542,7.457393,66.87863,71.99291
2023-11-26 16:00:00,15.861572,11.041901,903.8875,7.371494,67.953,73.06318
2023-11-26 17:00:00,15.152435,10.804718,903.71606,7.1963353,68.403656,75.26494
2023-11-26 18:00:00,14.994751,10.735413,903.3744,6.9913416,68.47873,75.6823
2023-11-26 19:00:00,14.864319,10.661713,902.969,6.7977915,67.71713,75.94706
2023-11-26 20:00:00,14.319763,10.389954,902.52155,6.6927767,66.24274,77.25217
2023-11-26 21:00:00,14.215546,10.339661,902.17206,6.717653,64.48682,77.514336
2023-11-26 22:00:00,13.880402,10.229279,901.9773,6.634181,64.36438,78.6349
2023-11-26 23:00:00,13.821625,10.214722,901.9334,6.9156556,63.510986,78.858795
2023-11-27 00:00:00,14.014587,10.287994,902.1772,7.2580624,62.887817,78.25967
2023-11-27 01:00:00,14.018768,10.319092,902.6658,7.6114626,62.860657,78.40102
2023-11-27 02:00:00,15.187042,10.883789,903.28284,8.034284,63.92929,75.49344
2023-11-27 03:00:00,15.758545,11.050934,903.84564,8.367707,66.277466,73.5901
2023-11-27 04:00:00,16.27948,11.213196,904.1194,8.468022,69.27829,71.953445
2023-11-27 05:00:00,18.481323,11.823914,903.9152,8.124555,71.78641,65.190575
2023-11-27 06:00:00,19.254486,11.8246155,903.2411,7.537032,73.301636,62.120735
2023-11-27 07:00:00,19.470856,11.899078,902.3031,6.9144173,73.001465,61.591766
2023-11-27 08:00:00,20.313599,12.147949,901.3621,6.5109615,70.83362,59.423943
2023-11-27 09:00:00,20.333801,12.198547,900.7543,6.516024,67.43393,59.54766
2023-11-27 10:00:00,18.954895,12.250488,900.4275,6.36832,66.57379,65.09138
2023-11-27 11:00:00,18.703491,12.27002,900.57275,6.9239955,62.21286,66.206566
2023-11-27 12:00:00,18.416351,12.463654,900.8949,7.3319454,60.608673,68.26985
2023-11-27 13:00:00,18.199097,12.496155,901.3494,7.639348,61.30948,69.35412
2023-11-27 14:00:00,17.313599,12.322205,901.84204,7.851926,63.006348,72.49922
2023-11-27 15:00:00,16.620056,12.132996,902.18024,7.8177834,65.31677,74.81981
2023-11-27 16:00:00,16.442108,12.107849,902.30365,7.6443186,66.941345,75.54599
2023-11-27 17:00:00,15.869141,11.915131,902.13666,7.3965545,67.60019,77.368805
2023-11-27 18:00:00,15.663483,11.858978,901.798,7.160004,67.540924,78.103516
2023-11-27 19:00:00,15.4861145,11.826508,901.4062,6.987975,66.92685,78.82687
2023-11-27 20:00:00,14.9711,11.576752,900.9539,6.871959,65.799194,80.14532
2023-11-27 21:00:00,14.871735,11.527252,900.53986,6.8111205,64.43405,80.39617
2023-11-27 22:00:00,14.62027,11.358459,900.31165,6.334668,63.107117,80.802765
2023-11-27 23:00:00,14.563538,11.335236,900.2434,6.510611,60.939606,80.97456
2023-11-28 00:00:00,14.722412,11.414764,900.4981,6.716359,60.31787,80.57183
2023-11-28 01:00:00,14.656891,11.384857,900.99835,6.9424505,60.469635,80.75305
2023-11-28 02:00:00,15.51947,11.795593,901.6476,7.2719765,61.643066,78.49833
2023-11-28 03:00:00,15.890686,11.825165,902.19635,7.2451177,64.67801,76.80551
2023-11-28 04:00:00,16.313538,11.920868,902.3977,6.855557,67.79382,75.234726
2023-11-28 05:00:00,18.32721,12.392151,902.1688,6.2045164,67.968445,68.33095
2023-11-28 06:00:00,19.062866,12.352173,901.5413,5.6204915,65.21933,65.08782
2023-11-28 07:00:00,19.265747,12.319855,900.7361,5.2574425,61.0448,64.13398
2023-11-28 08:00:00,20.020477,12.435883,899.88196,5.2065377,57.301483,61.66646
2023-11-28 09:00:00,20.07019,12.389313,899.3166,5.4193525,55.16089,61.28936
2023-11-28 10:00:00,18.762085,12.475006,899.1052,5.0779505,52.561035,66.8584
2023-11-28 11:00:00,18.497986,12.437897,899.19025,5.7112517,51.634277,67.80691
2023-11-28 12:00:00,18.225525,12.639862,899.514,5.974516,52.09482,69.89462
2023-11-28 13:00:00,18.071472,12.689972,900.0652,6.23629,53.252075,70.806076
2023-11-28 14:00:00,17.04422,12.475616,900.62524,6.4859962,54.60379,74.49173
2023-11-28 15:00:00,16.16095,12.174957,901.1107,6.6276693,56.223267,77.25121
2023-11-28 16:00:00,15.946716,12.114227,901.40045,6.692803,57.731537,78.00229
2023-11-28 17:00:00,15.172974,11.792664,901.4031,6.654041,58.48755,80.247505
2023-11-28 18:00:00,14.922852,11.642609,901.17126,6.5945983,58.541656,80.74507
2023-11-28 19:00:00,14.702637,11.504272,900.8555,6.5378876,58.051636,81.15361
2023-11-28 20:00:00,14.145752,11.226013,900.5707,6.5604835,56.518616,82.59208
2023-11-28 21:00:00,14.003387,11.125549,900.3723,6.6395106,54.616425,82.80428
2023-11-28 22:00:00,13.66394,10.907745,900.2346,6.361068,49.36154,83.43444
2023-11-28 23:00:00,13.606567,10.855743,900.2922,6.6817455,49.02466,83.45743
2023-11-29 00:00:00,13.813171,10.905273,900.60913,6.955797,49.071136,82.61588
2023-11-29 01:00:00,13.7561035,10.85321,901.1728,7.256793,50.073944,82.636314
2023-11-29 02:00:00,14.731171,11.335815,901.91486,7.6078706,51.704376,80.10672
2023-11-29 03:00:00,15.162842,11.483765,902.62,7.691796,54.80838,78.6782
2023-11-29 04:00:00,15.664429,11.642029,902.9197,7.4707355,57.339233,76.98873
2023-11-29 05:00:00,17.933746,12.288574,902.7371,7.025511,58.187256,69.56556
2023-11-29 06:00:00,18.785217,12.345123,902.07837,6.52508,56.888428,66.19503
2023-11-29 07:00:00,19.12268,12.311951,901.27057,6.124028,53.828674,64.6745
2023-11-29 08:00:00,19.91397,12.341003,900.5126,5.910051,51.062866,61.68904
2023-11-29 09:00:00,20.025513,12.252991,900.0918,6.017754,49.19629,60.911156
2023-11-29 10:00:00,18.808716,12.293182,899.97,5.969547,48.3786,65.87278
2023-11-29 11:00:00,18.65738,12.302002,900.22906,6.658917,49.64804,66.53746
2023-11-29 12:00:00,18.402222,12.545227,900.699,7.1628475,51.19742,68.696915
2023-11-29 13:00:00,18.122375,12.60437,901.3283,7.4663644,53.375946,70.18527
2023-11-29 14:00:00,17.131592,12.40097,901.9613,7.6303015,56.104034,73.7188
2023-11-29 15:00:00,16.22937,12.067444,902.4239,7.654832,58.536285,76.37289
2023-11-29 16:00:00,15.96228,12.0581665,902.5885,7.6412115,60.787292,77.637825
2023-11-29 17:00:00,15.208771,11.756683,902.44,7.533818,62.22473,79.87337
2023-11-29 18:00:00,14.955688,11.608002,902.11743,7.4513507,63.074615,80.39064
2023-11-29 19:00:00,14.716339,11.456818,901.7355,7.393137,62.759705,80.82792
2023-11-29 20:00:00,14.124359,11.075012,901.3558,7.3996572,62.10608,81.88278
2023-11-29 21:00:00,13.949249,10.943665,901.0726,7.3927464,61.080353,82.09862
2023-11-29 22:00:00,13.589722,10.649506,900.81104,7.721021,61.15222,82.4108
2023-11-29 23:00:00,13.510193,10.59964,900.887,7.727377,61.181885,82.56378
2023-11-30 00:00:00,13.715607,10.681274,901.18646,7.7415195,61.691742,81.91213
2023-11-30 01:00:00,13.673035,10.653961,901.72015,7.7734346,62.601715,81.98989
2023-11-30 02:00:00,14.629974,11.273773,902.3889,7.934921,64.614075,80.300674
2023-11-30 03:00:00,15.168335,11.436981,902.9558,7.9269967,68.503174,78.40746
2023-11-30 04:00:00,15.671417,11.623962,903.15045,7.7870765,73.31769,76.86255
2023-11-30 05:00:00,17.860321,12.248444,902.9576,7.2564764,77.510315,69.70358
2023-11-30 06:00:00,18.739075,12.331329,902.3505,6.382877,79.74646,66.32609
2023-11-30 07:00:00,18.973816,12.299805,901.5569,5.446765,80.35239,65.22562
2023-11-30 08:00:00,19.716888,12.2630005,900.7781,4.696432,77.58655,62.128204
2023-11-30 09:00:00,19.77124,12.207336,900.3071,4.453183,72.41919,61.692936
2023-11-30 10:00:00,18.642883,12.183655,900.12286,4.4748783,68.32263,66.08175
2023-11-30 11:00:00,18.451447,12.262146,900.31415,5.1353807,62.104218,67.224434
2023-11-30 12:00:00,18.208954,12.3975525,900.76935,5.509004,59.246033,68.86419
2023-11-30 13:00:00,17.872406,12.468445,901.3186,5.785276,58.66461,70.66418
2023-11-30 14:00:00,16.996582,12.313385,901.9257,5.9084167,59.12207,73.92525
2023-11-30 15:00:00,16.1279,11.992401,902.3908,5.893307,59.566772,76.489685
2023-11-30 16:00:00,15.903259,11.917023,902.62537,5.8497176,60.024414,77.209946
2023-11-30 17:00:00,15.190338,11.651611,902.5144,5.748812,59.949493,79.41528
2023-11-30 18:00:00,14.954071,11.536987,902.1579,5.68576,58.75766,80.02264
2023-11-30 19:00:00,14.781982,11.47757,901.6917,5.7092047,56.55417,80.59716
2023-11-30 20:00:00,14.177307,11.15683,901.3197,5.747824,54.025604,82.04645
2023-11-30 21:00:00,14.043884,11.082611,901.0652,5.864463,51.83603,82.35233
2023-11-30 22:00:00,13.688446,10.789429,900.8275,5.4076014,46.687683,82.649254
2023-11-30 23:00:00,13.585785,10.717865,900.91156,5.7984567,45.160583,82.807724
2023-12-01 00:00:00,13.791626,10.798126,901.18915,6.049374,45.145264,82.14457
2023-12-01 01:00:00,13.772766,10.770538,901.6525,6.31014,46.002136,82.094536
2023-12-01 02:00:00,14.798645,11.3272705,902.2081,6.6228824,47.99518,79.71401
2023-12-01 03:00:00,15.303314,11.487854,902.72815,6.7298355,51.489594,77.99275
2023-12-01 04:00:00,15.814484,11.625244,902.8869,6.4653735,54.995636,76.16882
2023-12-01 05:00:00,17.897247,12.2126465,902.59106,5.7746625,55.747192,69.37836
2023-12-01 06:00:00,18.699097,12.21048,901.92267,4.9107475,52.31427,65.96608
2023-12-01 07:00:00,18.950958,12.11908,901.02124,4.285759,46.395447,64.54719
2023-12-01 08:00:00,19.752838,12.057556,900.1799,4.013845,40.126953,61.1578
2023-12-01 09:00:00,19.796661,11.948395,899.5572,4.137131,37.217834,60.554928
2023-12-01 10:00:00,18.576904,12.099548,899.30414,3.7608783,29.347198,65.98902
2023-12-01 11:00:00,18.279388,12.051727,899.44977,4.3349595,33.461975,67.019424
2023-12-01 12:00:00,17.961273,12.208771,899.9091,4.522059,35.19287,69.081924
2023-12-01 13:00:00,17.712952,12.287506,900.48553,4.801346,39.030823,70.5342
2023-12-01 14:00:00,16.839996,12.158936,901.11646,5.076905,42.578247,73.90848
2023-12-01 15:00:00,16.011536,11.844421,901.5863,5.223141,46.135773,76.31187
2023-12-01 16:00:00,15.783203,11.778168,901.8652,5.2906156,49.31958,77.09562
2023-12-01 17:00:00,15.029053,11.438446,901.8198,5.294216,51.240967,79.120316
2023-12-01 18:00:00,14.772614,11.3072815,901.577,5.3182063,52.46637,79.74223
2023-12-01 19:00:00,14.572174,11.185242,901.2018,5.315397,53.206757,80.129364
2023-12-01 20:00:00,14.022186,10.906799,900.8367,5.3732038,53.545532,81.51143
2023-12-01 21:00:00,13.897308,10.8089905,900.49805,5.4724293,53.00464,81.64193
2023-12-01 22:00:00,13.536865,10.57489,900.4093,4.9025254,48.50232,82.28488
2023-12-01 23:00:00,13.45282,10.513367,900.48376,5.3033147,49.07846,82.39787
2023-12-02 00:00:00,13.628693,10.554962,900.8473,5.6368155,50.91342,81.68638
2023-12-02 01:00:00,13.588745,10.527771,901.39703,5.9632754,53.552002,81.750656
2023-12-02 02:00:00,14.444061,10.953339,902.0204,6.3421683,57.406433,79.5616
2023-12-02 03:00:00,14.9678955,11.150299,902.5631,6.5275564,63.010834,77.93091
2023-12-02 04:00:00,15.508423,11.192688,902.7545,6.469026,68.394165,75.48416
2023-12-02 05:00:00,17.818115,11.820099,902.50165,5.948189,72.35388,67.94555
2023-12-02 06:00:00,18.66867,11.782379,901.8521,5.071187,74.04767,64.2544
2023-12-02 07:00:00,18.938934,11.689301,900.96545,4.2461467,73.35812,62.79168
2023-12-02 08:00:00,19.874237,11.592163,900.1277,3.7017446,69.868866,58.864613
2023-12-02 09:00:00,19.918854,11.468628,899.5969,3.5874953,66.0448,58.22473
2023-12-02 10:00:00,18.634552,11.543182,899.40234,3.6935291,58.340546,63.382656
2023-12-02 11:00:00,18.3815,11.402954,899.6157,4.128828,57.09735,63.80063
2023-12-02 12:00:00,18.136505,11.676666,900.0122,4.2836657,53.83423,65.97158
2023-12-02 13:00:00,17.88321,11.761078,900.60187,4.5843887,55.578186,67.404854
2023-12-02 14:00:00,16.924988,11.525055,901.1739,4.874924,57.51599,70.50209
2023-12-02 15:00:00,16.037903,11.295959,901.61835,5.025124,60.067932,73.472
2023-12-02 16:00:00,15.7916565,11.2526245,901.8631,5.1002593,62.433167,74.42296
2023-12-02 17:00:00,14.873627,10.846619,901.8844,5.0769687,64.11032,76.840675
2023-12-02 18:00:00,14.630951,10.77594,901.6196,5.0631795,64.90933,77.68621
2023-12-02 19:00:00,14.455933,10.734131,901.31525,5.007692,65.24686,78.350845
2023-12-02 20:00:00,13.832977,10.4392395,901.0064,5.0186386,64.28699,79.99013
2023-12-02 21:00:00,13.73465,10.367554,900.77374,5.0864305,62.59735,80.11863
2023-12-02 22:00:00,13.384644,10.1091,900.622,4.907931,58.215942,80.561485
2023-12-02 23:00:00,13.293488,10.060547,900.60376,5.1859155,56.47812,80.778854
2023-12-03 00:00:00,13.492615,10.131958,900.8858,5.4716964,56.81186,80.11936
2023-12-03 01:00:00,13.479858,10.121063,901.52045,5.734074,58.006805,80.12755
2023-12-03 02:00:00,14.374451,10.60968,902.26556,6.116603,59.541016,78.11489
2023-12-03 03:00:00,14.939026,10.815369,902.9179,6.285246,62.68109,76.35906
2023-12-03 04:00:00,15.5555725,10.849762,903.165,6.2493496,65.92432,73.563156
2023-12-03 05:00:00,17.92865,11.457672,902.9504,5.781386,67.783325,65.87875
2023-12-03 06:00:00,18.847198,11.505554,902.27765,5.0600677,67.85489,62.390373
2023-12-03 07:00:00,19.103668,11.514313,901.41705,4.3177924,65.6134,61.435474
2023-12-03 08:00:00,19.977936,11.497131,900.58765,3.7579532,60.89865,58.12151
2023-12-03 09:00:00,20.010956,11.418304,900.056,3.5547361,55.916687,57.701214
2023-12-03 10:00:00,18.658539,11.512268,899.7685,3.3680575,40.86844,63.15843
2023-12-03 11:00:00,18.390259,11.481995,899.8885,3.861004,43.50061,64.099846
2023-12-03 12:00:00,18.187439,11.628235,900.26843,4.1093974,44.8291,65.550964
2023-12-03 13:00:00,17.89267,11.670807,900.80493,4.3067307,48.40799,66.96457
2023-12-03 14:00:00,16.784302,11.485474,901.3485,4.480367,52.250793,70.94803
2023-12-03 15:00:00,15.728912,11.03418,901.7458,4.4976916,55.996338,73.647804
2023-12-03 16:00:00,15.507263,10.965607,901.8899,4.4246573,59.634186,74.361176
2023-12-03 17:00:00,14.789642,10.664154,901.7247,4.252766,62.598297,76.3257
2023-12-03 18:00:00,14.574188,10.551758,901.39954,4.1074033,63.971863,76.81665
2023-12-03 19:00:00,14.379395,10.448883,901.0611,3.979974,64.364746,77.25786
2023-12-03 20:00:00,13.771088,10.135803,900.6689,3.9392827,64.48547,78.70196
2023-12-03 21:00:00,13.654388,10.051453,900.2911,3.9220505,63.860657,78.85512
2023-12-03 22:00:00,13.329468,9.894867,899.9447,4.2317276,55.739716,79.70114
2023-12-03 23:00:00,13.296814,9.886444,899.87634,4.4130383,58.74414,79.82592
2023-12-04 00:00:00,13.504547,10.017029,900.0721,4.636095,61.18747,79.44435
2023-12-04 01:00:00,13.438385,9.994415,900.6092,4.842762,63.962982,79.66666
2023-12-04 02:00:00,14.296356,10.424835,901.2196,5.1173463,66.06125,77.5494
2023-12-04 03:00:00,14.747986,10.605377,901.8092,5.2010274,70.10394,76.23204
2023-12-04 04:00:00,15.269531,10.78891,902.0616,5.175671,74.15546,74.62253
2023-12-04 05:00:00,17.761139,11.6310425,901.867,4.737369,76.88629,67.34422
2023-12-04 06:00:00,18.517822,11.693054,901.22455,4.0321455,76.27362,64.48259
2023-12-04 07:00:00,18.7388,11.62561,900.3547,3.2708578,71.30945,63.314682
2023-12-04 08:00:00,19.602325,11.783142,899.56,2.7553363,61.33618,60.6255
2023-12-04 09:00:00,19.623474,11.768219,899.0684,2.6101668,51.325745,60.48635
2023-12-04 10:00:00,18.361603,11.72583,898.9419,2.4688866,26.811646,65.25783
2023-12-04 11:00:00,18.147644,11.785217,899.1686,2.8472366,32.69876,66.39942
2023-12-04 12:00:00,17.922546,11.96817,899.56366,2.9455879,37.986786,68.162506
2023-12-04 13:00:00,17.719208,12.036957,900.0622,3.1232631,43.490326,69.35407
2023-12-04 14:00:00,16.771332,11.886475,900.55,3.2293425,48.863647,72.91132
2023-12-04 15:00:00,16.095612,11.617249,900.92206,3.1943202,52.86374,74.7741
2023-12-04 16:00:00,15.869995,11.569183,901.02374,3.014271,56.771973,75.61847
2023-12-04 17:00:00,15.186798,11.28891,900.86523,2.810737,59.32907,77.55079
2023-12-04 18:00:00,14.92215,11.16507,900.5439,2.6350148,60.368073,78.23727
2023-12-04 19:00:00,14.702301,11.062927,900.1987,2.5339992,59.91162,78.817635
2023-12-04 20:00:00,14.144012,10.746063,899.8895,2.5498788,57.680023,80.01119
2023-12-04 21:00:00,13.98822,10.626282,899.6364,2.6607811,54.810913,80.18141
2023-12-04 22:00:00,13.629303,10.348267,899.2971,2.7016993,47.408203,80.56537
2023-12-04 23:00:00,13.526489,10.305145,899.34296,3.0847406,49.72046,80.87293
2023-12-05 00:00:00,13.602051,10.346954,899.6605,3.4314995,54.039703,80.70119
2023-12-05 01:00:00,13.544708,10.286316,900.2986,3.759787,58.945312,80.67568
2023-12-05 02:00:00,14.244873,10.594757,901.00604,4.03625,62.894684,78.69409
2023-12-05 03:00:00,14.673126,10.669159,901.6066,4.2798347,65.99335,76.92679
2023-12-05 04:00:00,15.1622925,10.758789,901.88354,4.4066195,67.53354,74.98793
2023-12-05 05:00:00,17.23117,11.351532,901.7579,4.3433733,68.09976,68.359505
2023-12-05 06:00:00,17.949158,11.401764,901.1746,4.0594144,67.486786,65.550964
2023-12-05 07:00:00,18.1781,11.35965,900.3708,3.668496,65.769104,64.43494
2023-12-05 08:00:00,18.978577,11.4331665,899.6071,3.3393612,63.908722,61.585255
2023-12-05 09:00:00,19.003418,11.354828,899.154,3.1473305,63.26535,61.171974
2023-12-05 10:00:00,17.858856,11.407013,899.0704,2.6598094,55.90811,65.94732
2023-12-05 11:00:00,17.79303,11.271332,899.36365,2.9276376,59.65265,65.629
2023-12-05 12:00:00,17.59311,11.430847,899.88727,2.9158418,61.173645,67.166435
2023-12-05 13:00:00,17.26889,11.466156,900.52814,3.0446002,63.53409,68.71581
2023-12-05 14:00:00,16.249023,11.241791,901.2152,3.1162539,65.927216,72.229904
2023-12-05 15:00:00,15.465698,10.974823,901.67944,3.078398,68.457886,74.60516
2023-12-05 16:00:00,15.180115,10.883362,901.93884,3.0261266,71.73279,75.52487
2023-12-05 17:00:00,14.388672,10.537903,901.921,2.951385,74.67169,77.67095
2023-12-05 18:00:00,14.119354,10.395599,901.7261,2.874909,76.59332,78.29024
2023-12-05 19:00:00,13.913513,10.264008,901.4166,2.825028,77.91214,78.6483
2023-12-05 20:00:00,13.245514,9.9105835,901.1117,2.850028,77.836945,80.22296
2023-12-05 21:00:00,13.114716,9.79126,900.853,2.9338906,76.4411,80.26648
2023-12-05 22:00:00,12.725861,9.523315,900.7068,3.1787097,63.636597,80.86669
2023-12-05 23:00:00,12.599274,9.412659,900.64557,3.4796598,66.20764,80.9362
2023-12-06 00:00:00,12.7030945,9.42337,900.9715,3.7152576,69.856384,80.4454
2023-12-06 01:00:00,12.678436,9.367432,901.5455,3.9018574,74.25867,80.27302
2023-12-06 02:00:00,13.439758,9.670288,902.26294,4.09069,77.814026,77.948524
2023-12-06 03:00:00,13.907776,9.919159,902.89435,4.3549814,81.61783,76.88451
2023-12-06 04:00:00,14.557007,10.237274,903.2045,4.497445,87.038086,75.30577
2023-12-06 05:00:00,16.869904,10.919617,903.0324,4.28036,92.68173,67.96679
2023-12-06 06:00:00,17.6221,11.087799,902.3579,3.6909504,98.91739,65.53748
2023-12-06 07:00:00,17.912598,11.166321,901.4554,2.9194622,104.996826,64.68535
2023-12-06 08:00:00,18.86676,11.222382,900.59955,2.1753232,109.4895,61.157196
2023-12-06 09:00:00,18.966309,11.239929,900.089,1.6846619,106.45453,60.84903
2023-12-06 10:00:00,17.763306,11.109741,899.8175,0.75951076,64.09003,65.05156
2023-12-06 11:00:00,17.581451,11.025024,900.0966,1.3085861,56.715057,65.4326
2023-12-06 12:00:00,17.351624,11.161591,900.6135,1.7063346,54.78308,66.992805
2023-12-06 13:00:00,16.97638,11.157196,901.2414,2.1365438,58.785034,68.582306
2023-12-06 14:00:00,15.939331,10.992371,901.8605,2.4587443,62.18524,72.46254
2023-12-06 15:00:00,15.216248,10.693634,902.318,2.6726165,66.40079,74.405304
2023-12-06 16:00:00,14.941071,10.6137085,902.5732,2.7726305,70.04089,75.33162
2023-12-06 17:00:00,14.167206,10.312927,902.4994,2.8300922,72.53647,77.61871
2023-12-06 18:00:00,13.961609,10.201019,902.178,2.8165143,72.72742,78.07423
2023-12-06 19:00:00,13.7378845,10.059723,901.72626,2.8148549,72.41928,78.47177
2023-12-06 20:00:00,13.256775,9.794678,901.27264,2.7997723,70.84973,79.544136
2023-12-06 21:00:00,13.132996,9.681519,900.95935,2.8067572,68.10797,79.583084
2023-12-06 22:00:00,12.733276,9.458618,900.7403,2.6210423,57.814026,80.47694
2023-12-06 23:00:00,12.691132,9.426819,900.6971,2.7742805,58.796753,80.527115
2023-12-07 00:00:00,12.7838745,9.414734,900.9968,2.8824058,61.820953,79.974625
2023-12-07 01:00:00,12.784576,9.395233,901.54663,3.016944,65.371704,79.866196
2023-12-07 02:00:00,13.497955,9.660309,902.20013,3.1895154,68.90625,77.6018
2023-12-07 03:00:00,13.960754,9.87561,902.7571,3.2652698,74.27246,76.39767
2023-12-07 04:00:00,14.668457,10.258209,902.9508,3.0932117,81.38046,74.87073
2023-12-07 05:00:00,16.934418,10.981628,902.661,2.5341456,87.160126,67.96867
2023-12-07 06:00:00,17.685242,11.079102,901.9114,1.6893787,92.05005,65.239525
2023-12-07 07:00:00,17.947815,11.172302,900.9489,0.83901787,93.777466,64.567825
2023-12-07 08:00:00,18.785461,11.164581,900.0401,0.24667399,62.607025,61.233555
2023-12-07 09:00:00,18.904327,11.176147,899.4975,0.4278846,2.1481018,60.827248
2023-12-07 10:00:00,17.858551,11.120941,899.2622,1.4061041,296.39395,64.71072
2023-12-07 11:00:00,17.699982,11.0286255,899.4105,1.001533,332.588,64.96105
2023-12-07 12:00:00,17.477478,11.114746,899.82227,0.88965464,359.39856,66.2564
2023-12-07 13:00:00,17.142487,11.079498,900.3935,1.0444329,25.91568,67.51601
2023-12-07 14:00:00,16.168121,10.871185,901.0524,1.319231,40.067535,70.83992
2023-12-07 15:00:00,15.365631,10.619659,901.48364,1.5052344,49.23938,73.333336
2023-12-07 16:00:00,15.061707,10.562683,901.65857,1.6203399,56.04724,74.49568
2023-12-07 17:00:00,14.393463,10.352631,901.5307,1.6766586,58.17639,76.69377
2023-12-07 18:00:00,14.212097,10.275574,901.2272,1.714702,57.59256,77.20074
2023-12-07 19:00:00,14.056366,10.191864,900.8903,1.7115467,56.605286,77.548645
2023-12-07 20:00:00,13.551025,9.963654,900.5412,1.7489651,53.834564,78.922066
2023-12-07 21:00:00,13.3966675,9.867523,900.2629,1.8003051,49.049896,79.20776
2023-12-07 22:00:00,13.002716,9.671814,900.0481,1.9181421,30.150024,80.21086
2023-12-07 23:00:00,12.901703,9.6163025,900.0039,2.100112,33.445007,80.442085
2023-12-08 00:00:00,13.026062,9.606598,900.29486,2.2908978,37.44101,79.738945
2023-12-08 01:00:00,12.93161,9.494385,900.7949,2.4557872,43.02472,79.630486
2023-12-08 02:00:00,13.510101,9.714752,901.4272,2.7233994,46.92453,77.82411
2023-12-08 03:00:00,13.947754,9.86438,901.97144,2.9186199,53.04657,76.40461
2023-12-08 04:00:00,14.675781,10.316772,902.2933,2.812676,57.4476,75.12848
2023-12-08 05:00:00,16.82196,10.803497,902.06946,2.22145,58.123108,67.649765
2023-12-08 06:00:00,17.724335,10.875488,901.3975,1.379936,47.9469,64.205284
2023-12-08 07:00:00,18.035553,10.941925,900.50745,0.8112406,2.8841553,63.238693
2023-12-08 08:00:00,19.131042,10.906189,899.74414,1.1520535,323.54156,58.90841
2023-12-08 09:00:00,19.2081,10.802704,899.2381,1.5158547,322.3133,58.2245
2023-12-08 10:00:00,18.071259,10.888489,899.09,1.9371611,345.5662,62.873417
2023-12-08 11:00:00,17.863678,10.66272,899.21173,1.9956199,9.727051,62.75034
2023-12-08 12:00:00,17.566437,10.826752,899.57654,2.2202435,21.386078,64.63782
2023-12-08 13:00:00,17.242584,10.834747,900.158,2.4844425,31.029907,66.00844
2023-12-08 14:00:00,16.071686,10.531403,900.72955,2.6612554,37.43756,69.68375
2023-12-08 15:00:00,15.239136,10.249451,901.1347,2.7089753,43.326996,72.12867
2023-12-08 16:00:00,14.973541,10.145294,901.339,2.6584544,47.725372,72.861984
2023-12-08 17:00:00,14.284668,9.853882,901.3197,2.5528982,49.246277,74.70269
2023-12-08 18:00:00,14.116882,9.779968,901.1625,2.470069,47.03607,75.14543
2023-12-08 19:00:00,13.981506,9.741669,900.9423,2.463337,42.728973,75.61328
2023-12-08 20:00:00,13.36792,9.482117,900.6472,2.5528984,37.63211,77.33115
2023-12-08 21:00:00,13.254944,9.404297,900.38446,2.7512364,32.145996,77.49644
2023-12-08 22:00:00,12.75882,9.046783,900.26843,2.968256,21.023773,78.146324
2023-12-08 23:00:00,12.683838,9.038483,900.3533,3.494389,22.493835,78.487045
2023-12-09 00:00:00,12.792969,9.093689,900.7148,3.9014647,24.659546,78.21871
2023-12-09 01:00:00,12.746674,9.09256,901.21625,4.213096,27.927368,78.45014
2023-12-09 02:00:00,13.43222,9.494324,901.8803,4.474748,30.853912,77.07111
2023-12-09 03:00:00,14.029388,9.82193,902.533,4.663169,33.05838,75.78546
2023-12-09 04:00:00,14.689117,10.12973,902.9143,4.552482,30.654205,74.132095
2023-12-09 05:00:00,17.04721,10.6249695,902.6994,4.374848,20.207123,65.90349
2023-12-09 06:00:00,17.942017,10.606659,902.05975,4.4525704,5.9868164,62.20926
2023-12-09 07:00:00,18.198853,10.584534,901.15515,4.784876,353.9842,61.12334
2023-12-09 08:00:00,19.01419,10.333588,900.3406,5.2513976,347.88986,57.11971
2023-12-09 09:00:00,19.137726,10.286011,899.7667,5.7005286,348.3954,56.501762
2023-12-09 10:00:00,17.963013,10.627716,899.3582,6.127721,352.27927,62.214325
2023-12-09 11:00:00,17.744629,10.560089,899.3791,6.043888,4.8322144,62.791878
2023-12-09 12:00:00,17.42868,10.626831,899.58154,6.185396,11.163513,64.340836
2023-12-09 13:00:00,17.171173,10.621216,899.95776,6.2989798,16.708221,65.372086
2023-12-09 14:00:00,16.071625,10.458893,900.3742,6.337086,21.30069,69.34811
2023-12-09 15:00:00,15.079803,10.112549,900.6875,6.200324,25.411774,72.2075
2023-12-09 16:00:00,14.864624,10.058533,900.8487,6.005413,28.67694,72.950294
2023-12-09 17:00:00,14.024811,9.751251,900.7802,5.789954,30.929352,75.44975
2023-12-09 18:00:00,13.76001,9.681244,900.5329,5.564732,32.39621,76.39791
2023-12-09 19:00:00,13.60437,9.618469,900.2212,5.388532,33.243256,76.850334
2023-12-09 20:00:00,12.936615,9.258118,899.87054,5.3062534,33.14035,78.349945
2023-12-09 21:00:00,12.82077,9.21637,899.53937,5.35729,32.091278,78.724304
2023-12-09 22:00:00,12.437927,8.950378,899.2511,5.166514,27.478546,79.29029
2023-12-09 23:00:00,12.29538,8.845428,899.24243,5.384971,28.709015,79.471115
2023-12-10 00:00:00,12.405548,8.872345,899.56323,5.5860376,31.025879,79.04169
2023-12-10 01:00:00,12.384796,8.870544,900.0068,5.732882,34.267944,79.139824
2023-12-10 02:00:00,13.080994,9.150909,900.65686,5.8679156,37.663025,77.05614
2023-12-10 03:00:00,13.566864,9.322662,901.2121,5.8549547,41.149597,75.52221
2023-12-10 04:00:00,14.286255,9.556183,901.59314,5.5570574,42.01303,73.21869
2023-12-10 05:00:00,16.780365,9.908539,901.46924,4.9626455,36.954773,63.897343
2023-12-10 06:00:00,17.769531,9.843658,900.92865,4.3391685,24.8042,59.764038
2023-12-10 07:00:00,18.05664,9.695953,900.13104,4.1452456,9.710907,58.116184
2023-12-10 08:00:00,19.01056,9.493713,899.3769,4.365098,358.84024,54.00892
2023-12-10 09:00:00,19.061981,9.401733,898.8964,4.7402644,356.39133,53.504295
2023-12-10 10:00:00,17.795685,9.693268,898.5852,4.74593,352.99304,59.067326
2023-12-10 11:00:00,17.60907,9.693451,898.80524,5.012513,6.7593994,59.766663
2023-12-10 12:00:00,17.261871,9.775299,899.217,5.309312,13.138123,61.427395
2023-12-10 13:00:00,16.895874,9.822662,899.77936,5.502662,19.614746,63.06716
2023-12-10 14:00:00,15.7109375,9.664581,900.378,5.5374746,24.84671,67.29389
2023-12-10 15:00:00,14.6336975,9.218506,900.8963,5.369037,29.173065,69.98666
2023-12-10 16:00:00,14.42981,9.145569,901.20526,5.1687202,32.212097,70.56665
2023-12-10 17:00:00,13.494629,8.755005,901.2152,4.9134784,33.692932,73.02928
2023-12-10 18:00:00,13.244934,8.6545105,900.9994,4.691705,34.615814,73.7246
2023-12-10 19:00:00,13.043549,8.522186,900.706,4.524475,34.7482,74.034294
2023-12-10 20:00:00,12.464142,8.207153,900.4241,4.4787965,34.03711,75.27214
2023-12-10 21:00:00,12.211609,8.034119,900.15424,4.5389695,33.197266,75.637085
2023-12-10 22:00:00,11.746185,7.6584473,900.1574,4.540028,32.49185,76.02303
2023-12-10 23:00:00,11.647278,7.5913696,900.1954,4.770128,33.69034,76.171906
2023-12-11 00:00:00,11.795532,7.6478577,900.5365,4.9106245,35.63678,75.72127
2023-12-11 01:00:00,11.730377,7.623108,901.032,5.0270987,38.56012,75.91927
2023-12-11 02:00:00,12.410889,7.83078,901.7139,5.1716776,41.556458,73.62808
2023-12-11 03:00:00,13.0243225,8.030365,902.3505,5.2560673,44.890686,71.69554
2023-12-11 04:00:00,13.848114,8.3628235,902.71014,5.1227894,48.243713,69.50129
2023-12-11 05:00:00,16.622925,8.759125,902.56177,4.5856895,50.957703,59.73815
2023-12-11 06:00:00,17.523865,8.694336,901.9366,3.747868,48.145905,56.179543
2023-12-11 07:00:00,17.856567,8.843018,901.09735,3.0345998,37.327637,55.569397
2023-12-11 08:00:00,18.940735,8.896362,900.22815,2.825207,24.311432,52.10638
2023-12-11 09:00:00,19.010834,8.896942,899.6071,3.0165906,18.567474,51.881004
2023-12-11 10:00:00,17.44748,9.230133,899.2246,3.3441195,13.418488,58.528538
2023-12-11 11:00:00,17.186676,9.115112,899.267,4.134338,23.07129,59.04205
2023-12-11 12:00:00,16.8208,9.288666,899.53516,4.8999104,29.92276,61.136593
2023-12-11 13:00:00,16.511414,9.271301,899.97046,5.3477583,35.552185,62.276947
2023-12-11 14:00:00,15.433533,9.063293,900.5106,5.492799,40.1203,65.78602
2023-12-11 15:00:00,14.528137,8.658936,900.90454,5.4330015,43.586823,67.85452
2023-12-11 16:00:00,14.288513,8.602234,901.0263,5.313127,46.447754,68.64978
2023-12-11 17:00:00,13.5289,8.428833,900.8335,5.161159,48.2088,71.27632
2023-12-11 18:00:00,13.315918,8.341034,900.4216,5.0316505,49.126892,71.84316
2023-12-11 19:00:00,13.130127,8.332153,899.97565,4.9388165,49.215393,72.67535
2023-12-11 20:00:00,12.6059265,8.1380005,899.476,4.9202914,48.89908,74.22626
2023-12-11 21:00:00,12.506744,8.133881,899.07654,4.994241,47.781067,74.689644
2023-12-11 22:00:00,12.072327,7.9069824,898.6905,4.731216,48.804016,75.67633
2023-12-11 23:00:00,11.996674,7.9198303,898.6425,4.8169866,47.894104,76.12069
2023-12-12 00:00:00,12.2164,8.049103,898.8555,4.8784614,49.298492,75.690285
2023-12-12 01:00:00,12.147858,8.059723,899.29193,4.9822536,51.683807,76.087105
2023-12-12 02:00:00,12.899384,8.469208,899.87366,5.0737066,54.886444,74.46757
2023-12-12 03:00:00,13.369354,8.730103,900.40265,5.0207586,60.32425,73.50372
2023-12-12 04:00:00,13.969086,8.939636,900.67694,4.4017725,65.45514,71.70069
2023-12-12 05:00:00,16.556946,9.593628,900.4779,3.4114091,66.21802,63.45669
2023-12-12 06:00:00,17.443878,9.440582,899.8162,2.4257002,58.624573,59.376305
2023-12-12 07:00:00,17.642273,9.420319,898.9283,1.7170374,41.680176,58.55801
2023-12-12 08:00:00,18.510345,9.309967,898.1133,1.541582,17.210724,55.040024
2023-12-12 09:00:00,18.544647,9.2621155,897.6485,1.8101739,10.671326,54.74542
2023-12-12 10:00:00,17.229187,9.682892,897.4288,2.4598308,356.48212,61.174286
2023-12-12 11:00:00,17.026245,9.636871,897.5617,2.7105126,19.281158,61.774017
2023-12-12 12:00:00,16.70935,9.846008,897.9169,2.9731243,30.942505,63.917786
2023-12-12 13:00:00,16.409668,9.805847,898.43964,3.1666038,40.608124,64.97196
2023-12-12 14:00:00,15.232513,9.551025,899.0589,3.2832155,48.681976,68.86274
2023-12-12 15:00:00,14.432678,9.288055,899.5301,3.327293,55.142914,71.23355
2023-12-12 16:00:00,14.243988,9.252747,899.80414,3.337419,60.10446,71.93692
2023-12-12 17:00:00,13.485443,9.012787,899.79663,3.2883794,62.183258,74.35547
2023-12-12 18:00:00,13.257477,8.893555,899.59314,3.2588289,62.679108,74.86353
2023-12-12 19:00:00,13.059601,8.84021,899.2556,3.3102307,61.099,75.563965
2023-12-12 20:00:00,12.415344,8.546631,898.93024,3.4665341,58.30136,77.27094
2023-12-12 21:00:00,12.277435,8.475433,898.66205,3.7226279,54.913086,77.59908
2023-12-12 22:00:00,11.851807,8.120789,898.44037,3.6655133,44.91748,77.90756
2023-12-12 23:00:00,11.751923,8.06192,898.6223,4.057283,44.416687,78.10959
2023-12-13 00:00:00,11.902191,8.144592,899.0097,4.4676685,45.00708,77.77484
2023-12-13 01:00:00,11.900848,8.141357,899.6786,4.858327,47.382935,77.76463
2023-12-13 02:00:00,12.552002,8.435089,900.46625,5.26743,49.486694,76.00509
2023-12-13 03:00:00,13.040192,8.618378,901.22327,5.3910522,52.216583,74.53407
2023-12-13 04:00:00,13.668396,8.708527,901.65393,4.9780774,51.830414,71.98204
2023-12-13 05:00:00,16.195374,9.136322,901.4982,4.5128617,47.5054,62.967854
2023-12-13 06:00:00,17.070984,8.978302,900.86865,4.182688,38.542053,58.92994
2023-12-13 07:00:00,17.370392,8.897247,899.9476,4.047368,28.083374,57.509285
2023-12-13 08:00:00,18.241455,8.747498,899.15546,4.1782174,19.897766,53.892708
2023-12-13 09:00:00,18.34378,8.695587,898.67596,4.526479,17.87796,53.3604
2023-12-13 10:00:00,17.043396,9.052612,898.50476,4.919155,13.589752,59.329487
2023-12-13 11:00:00,16.876373,9.012939,898.6417,5.260472,26.831085,59.800602
2023-12-13 12:00:00,16.587738,9.170441,899.1002,5.402137,31.704376,61.55619
2023-12-13 13:00:00,16.324982,9.171295,899.72,5.636682,38.210815,62.597336
2023-12-13 14:00:00,15.1970215,8.899994,900.4132,5.8366218,43.408234,66.0606
2023-12-13 15:00:00,14.2612,8.570679,900.93665,5.9016914,47.540466,68.624535
2023-12-13 16:00:00,14.101624,8.586304,901.339,5.90968,50.47632,69.41055
2023-12-13 17:00:00,13.362274,8.352997,901.4414,5.873538,52.123993,71.68456
2023-12-13 18:00:00,13.175354,8.335022,901.3688,5.847452,52.820984,72.47524
2023-12-13 19:00:00,12.952637,8.233551,901.06476,5.872049,52.83203,73.03283
2023-12-13 20:00:00,12.286591,7.9279175,900.7098,5.9700317,52.373993,74.72381
2023-12-13 21:00:00,12.173096,7.896637,900.4074,6.12764,51.11847,75.12338
2023-12-13 22:00:00,11.615173,7.5631714,900.24243,5.9210753,50.83725,76.18693
2023-12-13 23:00:00,11.519348,7.5082397,900.3536,6.1537333,49.722076,76.38409
2023-12-14 00:00:00,11.661896,7.593292,900.67975,6.3908343,49.930878,76.10838
2023-12-14 01:00:00,11.566528,7.5188904,901.2252,6.546882,51.463165,76.20164
2023-12-14 02:00:00,12.348267,7.933014,901.9328,6.654454,53.272186,74.44747
2023-12-14 03:00:00,12.949768,8.206329,902.65216,6.7601037,55.449432,72.911736
2023-12-14 04:00:00,13.62561,8.373718,903.1016,6.4974833,56.639862,70.565346
2023-12-14 05:00:00,16.260681,9.070221,903.02045,5.75813,53.771606,62.42769
2023-12-14 06:00:00,17.199097,8.947998,902.52014,4.9225264,45.21112,58.33475
2023-12-14 07:00:00,17.533417,8.938049,901.6925,4.480015,34.914795,57.0774
2023-12-14 08:00:00,18.503662,8.796692,900.95026,4.4236298,27.926025,53.190636
2023-12-14 09:00:00,18.617188,8.699585,900.3917,4.6719427,27.970154,52.46861
2023-12-14 10:00:00,17.444733,9.160522,900.1447,4.48304,25.462341,58.264977
2023-12-14 11:00:00,17.12207,9.042633,900.3239,4.908948,32.843567,58.99502
2023-12-14 12:00:00,16.805298,9.196899,900.8273,5.259364,34.049225,60.81996
2023-12-14 13:00:00,16.408722,9.178009,901.4652,5.5568647,37.996857,62.29269
2023-12-14 14:00:00,15.346008,9.044434,902.187,5.6369867,42.226715,66.07232
2023-12-14 15:00:00,14.531097,8.82312,902.80383,5.5630207,46.147552,68.59839
2023-12-14 16:00:00,14.243195,8.746338,903.2037,5.4322734,49.33661,69.52544
2023-12-14 17:00:00,13.376038,8.40686,903.2926,5.263438,50.439453,71.88221
2023-12-14 18:00:00,13.171051,8.359589,903.06525,5.110467,50.151367,72.616425
2023-12-14 19:00:00,12.965668,8.289215,902.7347,5.0642076,48.599243,73.24669
2023-12-14 20:00:00,12.481384,8.132202,902.40186,5.1486664,46.4032,74.80548
2023-12-14 21:00:00,12.315704,7.9987183,902.151,5.3162417,43.96997,74.9409
2023-12-14 22:00:00,11.748779,7.5986633,901.9595,5.0499673,40.09482,75.70087
2023-12-14 23:00:00,11.632996,7.541504,902.0616,5.3913364,39.254456,75.9849
2023-12-15 00:00:00,11.822693,7.6601562,902.33795,5.710702,39.722748,75.649124
2023-12-15 01:00:00,11.807526,7.621155,902.84485,5.9573975,41.31482,75.52379
2023-12-15 02:00:00,12.602417,8.038544,903.54614,6.2788763,43.509186,73.74348
2023-12-15 03:00:00,13.204041,8.245087,904.1179,6.452345,46.361816,71.89988
2023-12-15 04:00:00,14.066528,8.637329,904.4132,6.3497524,47.454956,69.80908
2023-12-15 05:00:00,16.814667,9.246246,904.21185,5.907075,46.687714,60.986076
2023-12-15 06:00:00,17.748016,9.189301,903.6307,5.311838,41.68756,57.272167
2023-12-15 07:00:00,18.093811,9.1875305,902.73883,4.9050884,34.242584,56.033222
2023-12-15 08:00:00,19.119202,9.071747,901.93866,4.7871776,27.550781,52.142723
2023-12-15 09:00:00,19.213196,9.1214905,901.39703,4.9203467,25.380798,52.012287
2023-12-15 10:00:00,17.640778,9.535675,901.02264,4.6041393,29.161438,59.01913
2023-12-15 11:00:00,17.322235,9.361572,901.151,4.9163823,34.433014,59.51733
2023-12-15 12:00:00,16.987091,9.377197,901.4384,5.3764052,36.13803,60.856773
2023-12-15 13:00:00,16.670593,9.307251,901.8615,5.697981,38.810364,61.799473
2023-12-15 14:00:00,15.476532,9.011749,902.3204,5.8500934,41.28244,65.37738
2023-12-15 15:00:00,14.430206,8.490112,902.73834,5.8861556,43.189026,67.50955
2023-12-15 16:00:00,14.151886,8.409149,902.99756,5.7974687,44.213806,68.36012
2023-12-15 17:00:00,13.409912,8.154694,902.9126,5.6708317,43.62201,70.5076
2023-12-15 18:00:00,13.205902,8.034424,902.63385,5.560586,42.561188,70.87022
2023-12-15 19:00:00,13.064026,7.9463196,902.22174,5.478585,40.599854,71.102455
2023-12-15 20:00:00,12.41629,7.586334,901.88983,5.5248847,37.708282,72.38638
2023-12-15 21:00:00,12.312805,7.5575256,901.53534,5.693635,35.08618,72.736916
2023-12-15 22:00:00,11.796417,7.1868896,901.2168,5.4808774,36.08011,73.37054
2023-12-15 23:00:00,11.740692,7.1407166,901.33026,5.863136,35.152557,73.408485
2023-12-16 00:00:00,11.942566,7.1383057,901.5203,6.1233788,35.265564,72.425865
2023-12-16 01:00:00,11.854736,7.105896,901.973,6.2955246,36.19995,72.6849
2023-12-16 02:00:00,12.804077,7.61261,902.49554,6.5091124,37.61847,70.69634
2023-12-16 03:00:00,13.304016,7.9626465,902.9949,6.652527,40.522125,70.07549
2023-12-16 04:00:00,14.029907,8.257477,903.2,6.577849,42.03177,68.19767
2023-12-16 05:00:00,16.895477,8.961151,903.02344,6.042104,39.52777,59.51997
2023-12-16 06:00:00,17.7919,8.936066,902.4559,5.422053,31.88617,56.147575
2023-12-16 07:00:00,18.100525,8.945648,901.6403,5.0659127,22.228973,55.103916
2023-12-16 08:00:00,19.048431,8.867798,900.8546,5.0165086,15.6241455,51.657772
2023-12-16 09:00:00,19.078644,8.857697,900.26697,5.231742,14.965057,51.525402
2023-12-16 10:00:00,17.487793,9.1553955,899.92584,5.5615287,16.508118,58.086754
2023-12-16 11:00:00,17.239227,9.226868,900.05945,6.0400047,24.496185,59.290684
2023-12-16 12:00:00,16.947876,9.193909,900.37573,6.2860045,29.41571,60.260468
2023-12-16 13:00:00,16.56836,9.151276,900.858,6.4476748,34.4364,61.552555
2023-12-16 14:00:00,15.457825,9.003418,901.3596,6.542469,38.60608,65.41905
2023-12-16 15:00:00,14.462952,8.54007,901.7626,6.522622,41.69934,67.59508
2023-12-16 16:00:00,14.234558,8.522491,901.94147,6.3978415,43.97061,68.51913
2023-12-16 17:00:00,13.552368,8.343445,901.806,6.273855,44.902252,70.75697
2023-12-16 18:00:00,13.366974,8.264679,901.48413,6.2096663,44.942352,71.234764
2023-12-16 19:00:00,13.197937,8.244354,901.15173,6.2488775,44.29663,71.924934
2023-12-16 20:00:00,12.603394,8.018158,900.868,6.3710446,43.351837,73.63668
2023-12-16 21:00:00,12.427765,7.9117737,900.6091,6.617671,42.1286,73.95299
2023-12-16 22:00:00,12.022736,7.635498,900.46405,6.6884513,41.11798,74.533104
2023-12-16 23:00:00,11.926849,7.5957947,900.51984,7.0636187,40.345398,74.802574
2023-12-17 00:00:00,12.087341,7.6860657,900.7505,7.299825,41.282288,74.47302
2023-12-17 01:00:00,12.014069,7.6688232,901.3108,7.4795995,43.104767,74.74525
2023-12-17 02:00:00,12.889313,8.161713,901.92993,7.7440815,45.506195,72.97918
2023-12-17 03:00:00,13.349152,8.303619,902.45624,7.7842536,49.008118,71.50613
2023-12-17 04:00:00,14.047241,8.541168,902.69385,7.3698697,50.636322,69.443146
2023-12-17 05:00:00,16.512695,8.966553,902.54083,6.7625613,48.05719,61.006443
2023-12-17 06:00:00,17.393982,8.751465,901.99854,6.176656,43.079407,56.861145
2023-12-17 07:00:00,17.650818,8.726044,901.23627,5.735587,37.43747,55.85114
2023-12-17 08:00:00,18.550934,8.689209,900.45374,5.5037527,32.668274,52.649677
2023-12-17 09:00:00,18.585388,8.668823,899.962,5.616916,30.564056,52.463894
2023-12-17 10:00:00,17.057129,8.904602,899.72876,5.809444,28.601044,58.689125
2023-12-17 11:00:00,16.840607,9.046143,899.9339,6.389312,32.588593,60.070694
2023-12-17 12:00:00,16.498505,9.136353,900.33057,6.717537,33.9429,61.764412
2023-12-17 13:00:00,16.223328,9.186035,900.8604,7.056131,36.897156,63.066566
2023-12-17 14:00:00,15.100098,8.937042,901.44,7.322268,40.138336,66.6397
2023-12-17 15:00:00,14.192566,8.557312,901.94006,7.409917,42.7601,68.86772
2023-12-17 16:00:00,13.978027,8.510101,902.23846,7.3906436,44.92285,69.60891
2023-12-17 17:00:00,13.102997,8.17218,902.2482,7.3327456,45.863434,72.01842
2023-12-17 18:00:00,12.811951,8.01474,902.076,7.3617754,46.006897,72.620865
2023-12-17 19:00:00,12.599579,7.9432983,901.85187,7.4309025,45.876984,73.28121
2023-12-17 20:00:00,11.919556,7.6253357,901.6267,7.551414,45.56189,74.98942
2023-12-17 21:00:00,11.702393,7.5166016,901.43915,7.727317,45.31494,75.50913
2023-12-17 22:00:00,11.201843,7.1394653,901.29987,7.9527907,45.130768,76.06494
2023-12-17 23:00:00,11.076813,7.059021,901.4739,8.228833,46.623077,76.27689
2023-12-18 00:00:00,11.229004,7.1430664,901.8577,8.328634,48.361053,75.94689
2023-12-18 01:00:00,11.155609,7.1015015,902.4816,8.373958,50.727325,76.10039
2023-12-18 02:00:00,11.987213,7.543091,903.11334,8.445945,52.689972,74.23836
2023-12-18 03:00:00,12.451324,7.761505,903.7187,8.54179,55.197937,73.08742
2023-12-18 04:00:00,13.022675,7.7818604,904.02045,8.29813,56.098633,70.501396
2023-12-18 05:00:00,15.798248,8.4531555,903.8988,7.7318144,53.980316,61.67224
2023-12-18 06:00:00,16.733978,8.287598,903.3801,7.0613003,49.98935,57.454998
2023-12-18 07:00:00,17.058899,8.282928,902.61523,6.500257,44.90393,56.265747
2023-12-18 08:00:00,18.063354,8.119965,901.8571,6.2020354,39.87616,52.230732
2023-12-18 09:00:00,18.170258,8.070496,901.35126,6.296021,36.94983,51.707207
2023-12-18 10:00:00,16.755646,8.51532,901.07416,6.5353622,34.69986,58.268147
2023-12-18 11:00:00,16.586914,8.417328,901.3669,7.072492,39.303528,58.50635
2023-12-18 12:00:00,16.260468,8.466888,901.831,7.079617,40.31128,59.93518
2023-12-18 13:00:00,15.907379,8.449829,902.4895,7.2634053,41.049683,61.2298
2023-12-18 14:00:00,14.673462,8.163757,903.178,7.344342,42.392395,65.00345
2023-12-18 15:00:00,13.550018,7.660797,903.7255,7.349244,43.276184,67.55924
2023-12-18 16:00:00,13.295685,7.6078796,904.0069,7.287794,43.975586,68.44027
2023-12-18 17:00:00,12.422485,7.233429,903.9779,7.221248,44.164978,70.63397
2023-12-18 18:00:00,12.161041,7.106964,903.7954,7.226834,44.15735,71.23871
2023-12-18 19:00:00,11.981995,7.0279846,903.5438,7.28922,44.1698,71.69439
2023-12-18 20:00:00,11.28656,6.72287,903.2283,7.4403567,43.635468,73.50962
2023-12-18 21:00:00,11.157166,6.6223755,902.88403,7.67786,42.75595,73.63249
2023-12-18 22:00:00,10.657074,6.3208313,902.70483,8.037969,44.21817,74.55642
2023-12-18 23:00:00,10.537903,6.200714,902.7773,8.2217655,44.60678,74.5308
2023-12-19 00:00:00,10.704102,6.2492065,903.1552,8.393406,45.716522,73.95755
2023-12-19 01:00:00,10.636078,6.14682,903.75696,8.551973,47.356995,73.770424
2023-12-19 02:00:00,11.481232,6.426239,904.4775,8.691346,48.928192,71.103806
2023-12-19 03:00:00,12.058197,6.533325,905.1316,8.874136,50.737366,68.95428
2023-12-19 04:00:00,12.944794,6.8971252,905.4772,8.933446,50.924408,66.704216
2023-12-19 05:00:00,15.665985,7.353424,905.2997,8.780531,49.85666,57.713276
2023-12-19 06:00:00,16.72113,7.3493347,904.6817,8.397271,47.750732,53.944225
2023-12-19 07:00:00,17.05069,7.4503784,903.8486,7.970931,44.838867,53.194588
2023-12-19 08:00:00,18.19873,7.44223,903.0351,7.733398,41.88678,49.453014
2023-12-19 09:00:00,18.346222,7.359131,902.5398,7.7536325,39.855164,48.720276
2023-12-19 10:00:00,16.883453,7.836487,902.2079,7.4920797,41.9664,55.194973
2023-12-19 11:00:00,16.602325,7.6293335,902.3985,8.038901,44.801025,55.40144
2023-12-19 12:00:00,16.23294,7.6853943,902.8337,8.046124,43.848022,56.93618
2023-12-19 13:00:00,15.879211,7.7231445,903.39026,8.21913,44.305786,58.38589
2023-12-19 14:00:00,14.493164,7.4440613,903.9856,8.287956,45.006775,62.619843
2023-12-19 15:00:00,13.373535,7.0195007,904.41724,8.265527,45.75113,65.41003
2023-12-19 16:00:00,13.159302,6.918396,904.62335,8.206116,46.235107,65.87216
2023-12-19 17:00:00,12.235596,6.640106,904.56024,8.185031,46.307495,68.65644
2023-12-19 18:00:00,12.030457,6.505951,904.35986,8.184289,46.251343,68.95038
2023-12-19 19:00:00,11.869568,6.3953247,904.04456,8.194845,46.09436,69.15661
2023-12-19 20:00:00,11.241516,6.122101,903.7031,8.25918,45.470642,70.74254
2023-12-19 21:00:00,11.140747,6.0217896,903.3791,8.364824,44.5448,70.72516
2023-12-19 22:00:00,10.7969055,5.7576294,903.2193,8.172937,44.099976,71.04891
2023-12-19 23:00:00,10.609161,5.5911865,903.28094,8.339506,44.22165,71.1175
2023-12-20 00:00:00,10.783966,5.726898,903.5351,8.427078,45.22351,70.95898
2023-12-20 01:00:00,10.765015,5.647461,904.046,8.486921,46.85196,70.658745
2023-12-20 02:00:00,11.681549,5.9737854,904.7168,8.598798,48.4906,68.013504
2023-12-20 03:00:00,12.264404,6.2562256,905.32623,8.69992,51.14749,66.739914
2023-12-20 04:00:00,13.063202,6.626648,905.5784,8.649394,52.501587,64.97251
2023-12-20 05:00:00,16.223694,7.405792,905.3021,8.259993,52.53659,55.893414
2023-12-20 06:00:00,17.162384,7.2524414,904.617,7.6305223,50.458557,52.110332
2023-12-20 07:00:00,17.51764,7.4727173,903.6531,6.9703517,46.413635,51.726288
2023-12-20 08:00:00,18.84494,7.572815,902.8015,6.567015,41.29013,47.917145
2023-12-20 09:00:00,18.97461,7.547577,902.2894,6.542922,37.24887,47.449078
2023-12-20 10:00:00,17.415375,8.0694275,901.91016,6.066736,36.451447,54.22023
2023-12-20 11:00:00,17.117218,8.040222,901.99725,6.507853,38.37393,55.142384
2023-12-20 12:00:00,16.757538,8.123779,902.35345,6.6440854,36.670044,56.734932
2023-12-20 13:00:00,16.38034,8.069977,902.8365,6.8640876,37.62326,57.89955
2023-12-20 14:00:00,15.055511,7.847992,903.40375,7.0016723,39.174255,62.07694
2023-12-20 15:00:00,13.96405,7.399048,903.8286,7.0065594,40.41165,64.60245
2023-12-20 16:00:00,13.728241,7.363678,904.08185,6.9420657,41.36389,65.44062
2023-12-20 17:00:00,12.85614,7.0124207,904.014,6.845268,41.343353,67.62433
2023-12-20 18:00:00,12.589752,6.855713,903.7662,6.7476525,40.834106,68.07903
2023-12-20 19:00:00,12.398529,6.7601624,903.479,6.7334433,39.940674,68.48789
2023-12-20 20:00:00,11.812012,6.4986877,903.1895,6.832106,38.94937,69.91513
2023-12-20 21:00:00,11.706238,6.406616,902.9048,6.990962,37.769623,69.96009
2023-12-20 22:00:00,11.305756,6.1571045,902.70654,7.0180326,42.706787,70.61251
2023-12-20 23:00:00,11.160797,6.026306,902.74866,7.168328,42.271088,70.65325
2023-12-21 00:00:00,11.319031,6.079651,903.03925,7.27446,43.140594,70.17443
2023-12-21 01:00:00,11.285278,6.0352173,903.5201,7.387249,45.134705,70.11604
2023-12-21 02:00:00,12.105316,6.3745117,904.1233,7.4174185,47.433716,67.993614
2023-12-21 03:00:00,12.630341,6.656769,904.7229,7.477917,50.10959,66.977165
2023-12-21 04:00:00,13.602783,7.219818,904.966,7.333645,51.118744,65.33087
2023-12-21 05:00:00,16.552124,7.7419434,904.747,6.8848495,49.930634,56.006588
2023-12-21 06:00:00,17.687408,7.70166,904.1211,6.2257524,46.062317,51.98079
2023-12-21 07:00:00,18.063232,7.743164,903.255,5.6602554,39.589508,50.909702
2023-12-21 08:00:00,19.330353,7.794342,902.4016,5.4350777,32.49948,47.195904
2023-12-21 09:00:00,19.445984,7.7669373,901.834,5.5574675,28.857056,46.770317
2023-12-21 10:00:00,17.803925,8.154083,901.433,5.4254217,31.023254,53.213108
2023-12-21 11:00:00,17.500916,8.137268,901.5613,5.7273173,34.08542,54.177273
2023-12-21 12:00:00,17.12622,8.214752,901.95593,5.9366517,34.30847,55.76796
2023-12-21 13:00:00,16.842499,8.266785,902.5104,6.0912113,36.059235,56.980247
2023-12-21 14:00:00,15.3246765,7.9617004,903.10516,6.091254,38.62915,61.48656
2023-12-21 15:00:00,14.149567,7.6688843,903.58875,5.9728637,41.153076,65.01638
2023-12-21 16:00:00,13.82251,7.6116943,903.8911,5.803792,43.090454,66.15149
2023-12-21 17:00:00,12.923431,7.3311768,903.86694,5.6543937,43.97406,68.81191
2023-12-21 18:00:00,12.652283,7.2512207,903.66315,5.5149603,44.323578,69.66222
2023-12-21 19:00:00,12.455231,7.121643,903.3619,5.36017,44.13745,69.94534
2023-12-21 20:00:00,11.792755,6.7727966,903.0557,5.3254213,43.181,71.335045
2023-12-21 21:00:00,11.644501,6.6813354,902.78516,5.422657,41.545532,71.585495
2023-12-21 22:00:00,11.213623,6.4291077,902.60944,5.4714684,40.227966,72.388855
2023-12-21 23:00:00,11.0914,6.3783875,902.63116,5.757424,38.979156,72.72341
2023-12-22 00:00:00,11.275818,6.4161377,902.99384,6.028276,39.78009,72.02687
2023-12-22 01:00:00,11.247192,6.3630676,903.5178,6.284586,41.62216,71.900375
2023-12-22 02:00:00,12.118408,6.695526,904.26245,6.487616,44.188293,69.45151
2023-12-22 03:00:00,12.729095,6.9926453,904.86835,6.702799,46.221222,68.096634
2023-12-22 04:00:00,13.5347595,7.307312,905.22546,6.7224236,46.696747,66.01435
2023-12-22 05:00:00,16.419312,7.897461,904.9843,6.664457,46.22589,57.082737
2023-12-22 06:00:00,17.481964,7.7562866,904.33344,6.363359,44.303497,52.85494
2023-12-22 07:00:00,17.885895,7.897705,903.3734,5.9545827,40.821472,52.02493
2023-12-22 08:00:00,18.961334,7.978546,902.548,5.6742435,36.902893,48.902775
2023-12-22 09:00:00,19.077179,7.9313354,902.0451,5.6703534,34.685944,48.39508
2023-12-22 10:00:00,17.56543,8.536133,901.7533,5.8631763,34.855133,55.43604
2023-12-22 11:00:00,17.304016,8.477539,901.88495,6.2627797,39.483673,56.135483
2023-12-22 12:00:00,17.028473,8.5694275,902.3293,6.609358,42.212524,57.479042
2023-12-22 13:00:00,16.656097,8.57431,902.851,6.9298525,45.201416,58.87216
2023-12-22 14:00:00,15.407257,8.364532,903.5351,7.0817738,48.30591,62.857227
2023-12-22 15:00:00,14.327393,8.048889,904.0299,7.06321,51.331604,65.9561
2023-12-22 16:00:00,14.031647,7.997986,904.3282,7.0221066,53.979492,66.999016
2023-12-22 17:00:00,13.2352295,7.78656,904.2697,6.964567,55.73398,69.55221
2023-12-22 18:00:00,12.994568,7.6573486,904.04767,6.924262,57.041534,70.03442
2023-12-22 19:00:00,12.861633,7.634796,903.702,6.888711,57.764893,70.537224
2023-12-22 20:00:00,12.236084,7.366333,903.38556,6.9117584,58.010895,72.15663
2023-12-22 21:00:00,12.078278,7.3107605,903.1199,7.0054674,57.7601,72.633156
2023-12-22 22:00:00,11.540436,7.072235,902.9749,6.8466897,60.728394,74.037865
2023-12-22 23:00:00,11.476746,7.0596924,903.0546,7.0784917,60.503113,74.28642
2023-12-23 00:00:00,11.6406555,7.1320496,903.3847,7.219091,61.373108,73.85105
2023-12-23 01:00:00,11.584778,7.1085815,904.0157,7.4871097,62.4162,74.00517
2023-12-23 02:00:00,12.476746,7.582855,904.7396,7.7946553,63.263153,72.082664
2023-12-23 03:00:00,13.041016,7.7727966,905.41943,8.09155,64.9881,70.37353
2023-12-23 04:00:00,13.77478,8.047272,905.7472,8.135945,67.32187,68.35355
2023-12-23 05:00:00,16.862915,8.948151,905.6385,8.048251,69.13666,59.5907
2023-12-23 06:00:00,17.77649,8.958893,905.0639,7.661368,69.59241,56.288685
2023-12-23 07:00:00,18.11203,9.016602,904.19745,7.1853023,68.275055,55.32825
2023-12-23 08:00:00,19.389618,9.094574,903.37146,6.8916245,65.77945,51.35109
2023-12-23 09:00:00,19.517456,9.188385,902.8244,6.9329896,62.992676,51.26751
2023-12-23 10:00:00,17.993652,9.557037,902.55743,6.5126762,58.82904,57.805397
2023-12-23 11:00:00,17.750275,9.481537,902.7101,6.9969144,57.513245,58.400608
2023-12-23 12:00:00,17.343262,9.64682,903.1342,7.398709,56.999542,60.587997
2023-12-23 13:00:00,17.015106,9.68515,903.738,7.7621074,57.673553,62.01817
2023-12-23 14:00:00,15.847443,9.59314,904.3859,7.997928,59.189514,66.39004
2023-12-23 15:00:00,14.704132,9.218658,904.90063,8.091294,60.657562,69.67014
2023-12-23 16:00:00,14.431,9.143982,905.205,8.157985,62.234406,70.553696
2023-12-23 17:00:00,13.506622,8.843567,905.2446,8.160418,63.323822,73.410095
2023-12-23 18:00:00,13.368439,8.786835,905.08234,8.138969,63.520416,73.7904
2023-12-23 19:00:00,13.060883,8.641296,904.81885,8.1078205,63.20529,74.54888
2023-12-23 20:00:00,12.372314,8.363464,904.5081,8.109893,62.536865,76.534225
2023-12-23 21:00:00,12.209625,8.305695,904.31177,8.15717,61.304535,77.054375
2023-12-23 22:00:00,11.71759,7.9573364,904.35803,8.112681,58.521484,77.73226
2023-12-23 23:00:00,11.616699,7.9285583,904.3694,8.258987,57.243713,78.09883
2023-12-24 00:00:00,11.8081665,8.01181,904.6587,8.436363,57.070404,77.55578
2023-12-24 01:00:00,11.76593,7.9740295,905.1551,8.650151,57.324585,77.57269
2023-12-24 02:00:00,12.554443,8.370941,905.8498,8.814396,57.85547,75.66336
2023-12-24 03:00:00,13.153748,8.643066,906.4155,8.99474,59.430786,74.107124
2023-12-24 04:00:00,13.880707,8.984467,906.7255,8.917926,60.634583,72.331345
2023-12-24 05:00:00,16.839478,9.99585,906.5192,8.586041,60.14392,64.031235
2023-12-24 06:00:00,17.762756,9.869843,905.9025,8.159451,57.327057,59.8945
2023-12-24 07:00:00,18.089905,9.824219,904.98016,7.815069,53.499603,58.49561
2023-12-24 08:00:00,19.274078,9.820526,904.0957,7.67865,49.77585,54.306896
2023-12-24 09:00:00,19.414276,9.746948,903.4637,7.7788997,47.054535,53.57043
2023-12-24 10:00:00,18.155792,10.065918,903.17993,7.835461,42.321075,59.20409
2023-12-24 11:00:00,17.896423,10.061035,903.2239,8.141082,45.87625,60.157448
2023-12-24 12:00:00,17.5253,10.125122,903.5767,8.260206,47.0123,61.845005
2023-12-24 13:00:00,17.224945,10.149933,904.14087,8.401677,48.96469,63.134106
2023-12-24 14:00:00,16.082642,9.925293,904.7336,8.45413,51.516083,66.87279
2023-12-24 15:00:00,15.110962,9.654541,905.174,8.404316,53.934875,69.88644
2023-12-24 16:00:00,14.857941,9.639893,905.3956,8.277924,56.253143,70.963684
2023-12-24 17:00:00,13.929504,9.316956,905.3933,8.125316,57.614563,73.73555
2023-12-24 18:00:00,13.632904,9.205353,905.1621,7.9523892,58.279175,74.60726
2023-12-24 19:00:00,13.473907,9.1328125,904.7913,7.8549986,58.34503,75.01569
2023-12-24 20:00:00,13.143707,8.999207,904.3667,7.797826,57.472504,75.96073
2023-12-24 21:00:00,12.464233,8.476868,904.0529,7.824199,55.62616,76.660515
2023-12-24 22:00:00,11.978882,8.153809,903.7729,7.5722036,52.465027,77.43128
2023-12-24 23:00:00,11.728424,8.001343,903.7584,7.741152,51.708557,77.909424
2023-12-25 00:00:00,11.586548,7.9428406,904.0086,7.9746966,51.723083,78.33058
2023-12-25 01:00:00,11.459961,7.891144,904.4761,8.217389,52.593323,78.711525
2023-12-25 02:00:00,12.316925,8.346008,905.0354,8.508716,54.05667,76.72232
2023-12-25 03:00:00,13.408783,8.763763,905.5248,8.721108,56.118317,73.4821
2023-12-25 04:00:00,14.763763,9.273041,905.77686,8.746988,57.861694,69.65731
2023-12-25 05:00:00,16.936493,9.7586975,905.6074,8.430427,57.21344,62.63594
2023-12-25 06:00:00,17.812592,9.806305,905.0879,7.9564805,53.78296,59.453266
2023-12-25 07:00:00,18.453491,9.744202,904.2114,7.532173,48.660736,56.870724
2023-12-25 08:00:00,19.23346,9.741516,903.38477,7.3348475,44.403503,54.156883
2023-12-25 09:00:00,19.477692,9.640625,902.76086,7.3264904,42.232513,52.98052
2023-12-25 10:00:00,18.647552,9.501923,902.53516,6.903232,42.733856,55.278057
2023-12-25 11:00:00,18.29004,9.700195,902.6576,7.239524,46.866028,57.28714
2023-12-25 12:00:00,17.387695,9.82312,902.97705,7.403949,48.483093,61.136513
2023-12-25 13:00:00,16.519012,9.742889,903.41815,7.6533895,50.794464,64.24998
2023-12-25 14:00:00,15.345184,9.37735,903.9306,7.811782,53.37973,67.57342
2023-12-25 15:00:00,14.432709,9.062714,904.3681,7.844366,55.804382,70.16067
2023-12-25 16:00:00,13.966736,8.950012,904.62225,7.76239,57.699036,71.761826
2023-12-25 17:00:00,13.177643,8.56546,904.52826,7.627826,58.88437,73.604256
2023-12-25 18:00:00,12.831879,8.431366,904.2511,7.498798,59.03537,74.60566
2023-12-25 19:00:00,12.532379,8.295044,903.88873,7.4269757,58.565674,75.384056
2023-12-25 20:00:00,12.022583,8.043945,903.54974,7.4455795,57.43283,76.6348
2023-12-25 21:00:00,11.797913,7.957611,903.2101,7.5201716,55.97986,77.32284
2023-12-25 22:00:00,11.537231,7.698303,903.1978,7.1669636,57.889984,77.289024
2023-12-25 23:00:00,11.347931,7.6238403,903.2162,7.3944855,55.97699,77.86668
2023-12-26 00:00:00,11.237122,7.531708,903.4434,7.627076,55.01007,77.948845
2023-12-26 01:00:00,11.100922,7.4205627,903.9381,7.9390383,55.108826,78.06131
2023-12-26 02:00:00,11.955841,7.87442,904.5071,8.154832,56.10623,76.09028
2023-12-26 03:00:00,13.077515,8.328003,905.17804,8.289869,57.713226,72.90491
2023-12-26 04:00:00,14.403168,8.756287,905.5559,8.153932,58.976044,68.85612
2023-12-26 05:00:00,16.91861,9.35498,905.4381,7.772147,58.870087,61.03021
2023-12-26 06:00:00,17.878998,9.344849,904.8136,7.2023,56.668945,57.399517
2023-12-26 07:00:00,18.511993,9.198303,904.01227,6.650306,52.42737,54.622334
2023-12-26 08:00:00,19.450867,9.0914,903.21936,6.3249598,48.059235,51.144928
2023-12-26 09:00:00,19.60788,9.047485,902.7361,6.3178287,45.6734,50.49874
2023-12-26 10:00:00,18.688599,9.1026,902.5096,5.9625654,46.791595,53.674934
2023-12-26 11:00:00,18.305267,9.215179,902.67456,6.589312,49.35147,55.39746
2023-12-26 12:00:00,17.45642,9.32254,903.0792,7.1746798,50.48877,58.860332
2023-12-26 13:00:00,16.574768,9.2204895,903.60425,7.631457,52.87372,61.8149
2023-12-26 14:00:00,15.456726,9.030121,904.1651,7.91906,55.186615,65.54155
2023-12-26 15:00:00,14.588013,8.692932,904.6348,8.034202,57.442993,67.74829
2023-12-26 16:00:00,14.206726,8.658661,904.94525,8.057297,59.47513,69.27794
2023-12-26 17:00:00,13.498383,8.316223,904.9363,8.044314,61.02292,70.87508
2023-12-26 18:00:00,13.199829,8.178375,904.69446,7.997384,61.95526,71.5948
2023-12-26 19:00:00,12.927002,8.045593,904.3413,7.9602246,61.844757,72.22769
2023-12-26 20:00:00,12.374176,7.816284,903.9196,7.9772944,60.887024,73.73299
2023-12-26 21:00:00,12.270447,7.8074036,903.55865,8.057278,59.246918,74.19224
2023-12-26 22:00:00,11.82019,7.758972,903.5734,7.8515854,58.79239,76.17271
2023-12-26 23:00:00,11.7030945,7.703583,903.6233,8.071005,56.550476,76.474396
2023-12-27 00:00:00,11.8715515,7.767151,903.9123,8.303266,56.034363,75.95747
2023-12-27 01:00:00,11.824341,7.705536,904.4821,8.560873,55.77664,75.875175
2023-12-27 02:00:00,12.648315,8.139282,905.1788,8.811933,55.918793,74.026794
2023-12-27 03:00:00,13.188538,8.372498,905.8632,9.015082,56.762177,72.59709
2023-12-27 04:00:00,13.887146,8.644989,906.2177,8.855621,57.357788,70.662445
2023-12-27 05:00:00,16.96817,9.5824585,906.115,8.403311,55.445465,61.775738
2023-12-27 06:00:00,18.009674,9.476898,905.5075,7.9492793,50.571472,57.437252
2023-12-27 07:00:00,18.339935,9.377777,904.57153,7.683707,44.700104,55.885136
2023-12-27 08:00:00,19.566498,9.362976,903.5747,7.6106286,40.216705,51.715523
2023-12-27 09:00:00,19.663147,9.336182,902.8723,7.749226,37.532776,51.313557
2023-12-27 10:00:00,18.196503,9.6302185,902.46265,7.566177,37.31308,57.354504
2023-12-27 11:00:00,17.932373,9.61087,902.489,8.107198,40.969696,58.23862
2023-12-27 12:00:00,17.55066,9.623413,902.8061,8.208985,41.8378,59.70605
2023-12-27 13:00:00,17.309479,9.727386,903.22314,8.427358,43.68454,61.04645
2023-12-27 14:00:00,15.9730835,9.358368,903.736,8.606063,45.449066,64.82875
2023-12-27 15:00:00,14.798248,8.971588,904.1357,8.671599,47.149445,68.10547
2023-12-27 16:00:00,14.545258,8.924377,904.3614,8.605314,48.98242,69.005745
2023-12-27 17:00:00,13.667236,8.5849,904.3196,8.480022,50.458496,71.38818
2023-12-27 18:00:00,13.3984375,8.498016,904.11444,8.33546,51.30594,72.221886
2023-12-27 19:00:00,13.213928,8.475189,903.75836,8.25375,51.51483,72.98289
2023-12-27 20:00:00,12.573364,8.130249,903.40326,8.230403,51.318756,74.34572
2023-12-27 21:00:00,12.38913,8.036743,903.0564,8.267031,50.90735,74.77337
2023-12-27 22:00:00,11.911652,7.7478943,902.9263,8.112297,52.94577,75.65769
2023-12-27 23:00:00,11.809845,7.6654053,902.9066,8.1751375,53.14612,75.74034
2023-12-28 00:00:00,11.827545,7.6383057,903.24133,8.234444,53.62094,75.51238
2023-12-28 01:00:00,11.775269,7.609314,903.7679,8.394459,54.32837,75.62358
2023-12-28 02:00:00,12.531982,7.915436,904.404,8.565911,55.649445,73.46736
2023-12-28 03:00:00,13.060974,8.118286,904.9737,8.750225,57.48651,71.95255
2023-12-28 04:00:00,13.799591,8.4279785,905.26794,8.797148,57.979828,70.02907
2023-12-28 05:00:00,16.508514,9.153564,905.06866,8.679469,57.447296,61.796707
2023-12-28 06:00:00,17.452728,9.065094,904.4659,8.350733,54.93625,57.862366
2023-12-28 07:00:00,17.775269,8.967987,903.5623,8.008546,51.740112,56.327557
2023-12-28 08:00:00,18.969452,8.915588,902.7024,7.767095,48.745728,52.08062
2023-12-28 09:00:00,19.071838,8.79837,902.0796,7.734822,47.12607,51.341183
2023-12-28 10:00:00,17.65564,9.14566,901.8086,7.283851,47.32962,57.43742
2023-12-28 11:00:00,17.479797,9.060059,901.9082,7.722725,48.58078,57.743984
2023-12-28 12:00:00,17.139648,9.160614,902.3178,8.017648,48.710205,59.399754
2023-12-28 13:00:00,16.867249,9.202484,902.84625,8.327837,50.261078,60.604233
2023-12-28 14:00:00,15.751923,8.882172,903.43195,8.505979,52.033722,63.67566
2023-12-28 15:00:00,14.348877,8.479797,903.8929,8.534757,53.36267,67.818
2023-12-28 16:00:00,14.020111,8.367676,904.2313,8.455021,54.690765,68.75278
2023-12-28 17:00:00,13.24472,8.134613,904.28375,8.356038,55.189087,71.17371
2023-12-28 18:00:00,13.008484,8.048737,904.13275,8.271377,55.11029,71.8594
2023-12-28 19:00:00,12.8124695,7.991638,903.8283,8.256358,54.35794,72.50446
2023-12-28 20:00:00,12.081787,7.6775513,903.49414,8.290458,53.168854,74.45705
2023-12-28 21:00:00,11.931244,7.542511,903.10095,8.403868,51.60315,74.509636
2023-12-28 22:00:00,11.311676,7.1607056,903.0555,8.187636,49.726685,75.62339
2023-12-28 23:00:00,11.195831,7.0448303,902.9506,8.50989,48.848297,75.603806
2023-12-29 00:00:00,11.289551,7.0390625,903.2477,8.8242235,48.975098,75.10619
2023-12-29 01:00:00,11.2795105,7.054413,903.7518,9.038756,49.56964,75.23521
2023-12-29 02:00:00,11.993042,7.3872986,904.43854,9.281585,50.404358,73.424866
2023-12-29 03:00:00,12.541412,7.550812,905.01245,9.452031,51.89322,71.62085
2023-12-29 04:00:00,13.222015,7.798767,905.28906,9.369957,53.747223,69.67007
2023-12-29 05:00:00,15.912445,8.539856,905.114,9.066968,54.535156,61.58421
2023-12-29 06:00:00,16.884277,8.672882,904.4433,8.534322,53.823456,58.41396
2023-12-29 07:00:00,17.259033,8.706909,903.5176,8.003035,51.499084,57.17566
2023-12-29 08:00:00,18.543549,8.703064,902.5437,7.690269,48.622467,52.723385
2023-12-29 09:00:00,18.70224,8.600952,901.8965,7.6648726,46.53302,51.843315
2023-12-29 10:00:00,17.229889,8.910004,901.6401,7.586432,43.278473,58.072216
2023-12-29 11:00:00,16.93985,8.767639,901.73663,7.970381,45.266388,58.582508
2023-12-29 12:00:00,16.663208,8.819214,902.12946,8.107954,45.12442,59.827827
2023-12-29 13:00:00,16.36728,8.83078,902.6574,8.278453,46.5412,61.011856
2023-12-29 14:00:00,15.082489,8.544891,903.2414,8.35283,48.355865,64.97058
2023-12-29 15:00:00,13.96579,8.120728,903.70416,8.249161,49.684357,67.84914
2023-12-29 16:00:00,13.739441,8.078308,903.8984,8.02619,50.971863,68.65525
2023-12-29 17:00:00,12.897247,7.8053284,903.8195,7.7634506,51.60544,71.19542
2023-12-29 18:00:00,12.668274,7.688629,903.4891,7.5237164,51.6239,71.69832
2023-12-29 19:00:00,12.462067,7.585144,903.10077,7.39069,50.912415,72.16338
2023-12-29 20:00:00,11.756866,7.263153,902.649,7.3383684,49.72641,73.946915
2023-12-29 21:00:00,11.670013,7.213623,902.2522,7.3532033,47.918213,74.12055
2023-12-29 22:00:00,11.178284,7.01709,902.09534,6.8665504,47.38394,75.5481
2023-12-29 23:00:00,11.117584,6.9563293,902.0963,7.141142,45.00049,75.53758
2023-12-30 00:00:00,11.180054,7.0203857,902.2713,7.396844,43.947693,75.5563
2023-12-30 01:00:00,11.152496,6.994568,902.64233,7.621067,43.89099,75.56068
2023-12-30 02:00:00,12.019226,7.380432,903.1686,7.8602934,44.30014,73.26399
2023-12-30 03:00:00,12.584778,7.5942993,903.7394,8.057094,45.94043,71.62965
2023-12-30 04:00:00,13.256653,7.90036,904.06836,7.8105717,47.48712,69.9951
2023-12-30 05:00:00,15.756134,8.67749,903.9293,7.177733,46.39856,62.784393
2023-12-30 06:00:00,16.676819,8.758942,903.4154,6.4874887,41.23172,59.533268
2023-12-30 07:00:00,17.069427,8.785278,902.5886,6.1421337,33.26828,58.172905
2023-12-30 08:00:00,18.428528,9.00708,901.7502,6.164617,26.340546,54.205734
2023-12-30 09:00:00,18.564514,9.017761,901.14276,6.443807,22.954193,53.784798
2023-12-30 10:00:00,17.033173,9.120575,900.8071,6.5000987,24.641357,59.64043
2023-12-30 11:00:00,16.727753,9.040344,900.96423,6.988847,29.5318,60.478764
2023-12-30 12:00:00,16.506287,9.051056,901.32166,7.1954694,32.432526,61.38004
2023-12-30 13:00:00,16.261993,9.054993,901.82153,7.36873,35.632263,62.358444
2023-12-30 14:00:00,15.145599,8.836334,902.3569,7.4394264,38.5018,65.99501
2023-12-30 15:00:00,14.11261,8.518677,902.8256,7.3827257,40.913483,69.04446
2023-12-30 16:00:00,13.870361,8.473724,902.9844,7.2555485,42.920135,69.92437
2023-12-30 17:00:00,13.021149,8.221436,902.8711,7.1006217,44.437683,72.64685
2023-12-30 18:00:00,12.784424,8.106384,902.5948,6.9499097,45.448944,73.206184
2023-12-30 19:00:00,12.608459,8.051575,902.2996,6.8853636,45.580963,73.77958
2023-12-30 20:00:00,11.901093,7.730957,902.00995,6.8846207,44.61856,75.62307
2023-12-30 21:00:00,11.784393,7.700836,901.7723,6.9999304,43.14276,76.050995
2023-12-30 22:00:00,11.386169,7.519287,901.7596,7.098724,42.922974,77.11797
2023-12-30 23:00:00,11.288422,7.4761047,901.7689,7.400418,41.064636,77.390205
2023-12-31 00:00:00,11.323273,7.3963013,902.0108,7.6539907,41.095917,76.79226
2023-12-31 01:00:00,11.294525,7.421875,902.45764,7.903565,42.01773,77.07306
2023-12-31 02:00:00,12.011627,7.770294,903.10486,8.159268,43.81128,75.2758
2023-12-31 03:00:00,12.471497,7.915619,903.6948,8.329645,46.081726,73.76035
2023-12-31 04:00:00,13.085419,8.076782,904.0598,8.137958,48.183197,71.63557
2023-12-31 05:00:00,15.652008,9.0147705,903.92804,7.5979342,47.342743,64.65984
2023-12-31 06:00:00,16.471619,9.019989,903.28296,7.1078844,43.041992,61.386826
2023-12-31 07:00:00,16.726654,8.987762,902.3628,6.7767067,37.742737,60.26893
2023-12-31 08:00:00,17.908203,9.093079,901.50476,6.6714225,33.272583,56.331295
2023-12-31 09:00:00,18.02597,8.97287,900.8705,6.7791266,31.404816,55.464405
2023-12-31 10:00:00,16.701172,9.075562,900.4695,6.5467453,32.522064,60.724865
2023-12-31 11:00:00,16.538635,9.143982,900.58026,7.093794,36.764038,61.63867
2023-12-31 12:00:00,16.314423,9.229126,900.95416,7.198155,38.939575,62.883804
2023-12-31 13:00:00,15.977234,9.267609,901.46466,7.252711,41.22644,64.41711
2023-12-31 14:00:00,14.910675,9.063446,902.0157,7.2293487,42.891785,68.034164
2023-12-31 15:00:00,13.918854,8.683014,902.46204,7.0945415,44.518127,70.69875
2023-12-31 16:00:00,13.638275,8.617706,902.7472,6.907273,45.870575,71.68162
2023-12-31 17:00:00,12.686981,8.256531,902.7276,6.6583714,46.546875,74.42939
2023-12-31 18:00:00,12.400848,8.123779,902.4881,6.497573,46.22162,75.158905
2023-12-31 19:00:00,12.176239,8.003601,902.17584,6.4652853,45.085815,75.656136
2023-12-31 20:00:00,11.491364,7.705658,901.8389,6.5218306,43.251556,77.56259
2023-12-31 21:00:00,11.338013,7.6186523,901.58374,6.6686983,41.247253,77.89026
2023-12-31 22:00:00,10.817932,7.2765503,901.5539,6.368962,38.089783,78.76308
2023-12-31 23:00:00,10.691467,7.1879272,901.6066,6.7729826,36.93445,78.94835
