timestamp,temperature_C,dewpoint_C,pressure_hPa,wind_speed_kmh,wind_direction_deg,relative_humidity_pct
2019-01-01 00:00:00,8.898865,3.906067,904.4116,7.5358887,32.76123,70.91
2019-01-01 01:00:00,8.886078,3.9226685,904.9598,7.571358,35.42743,71.05404
2019-01-01 02:00:00,9.655701,4.179535,905.6708,7.646315,37.857727,68.69499
2019-01-01 03:00:00,10.322937,4.5361023,906.24506,7.6914554,40.58908,67.355804
2019-01-01 04:00:00,11.648285,5.1602173,906.48663,7.5533967,41.259644,64.42592
2019-01-01 05:00:00,14.957703,5.6867676,906.1686,7.071444,39.464478,53.855824
2019-01-01 06:00:00,15.708679,5.3094788,905.336,6.492165,34.3656,49.996803
2019-01-01 07:00:00,16.066162,5.423767,904.26416,6.0027585,27.421265,49.257042
2019-01-01 08:00:00,17.247742,5.228882,903.3172,5.795448,21.22754,45.08147
2019-01-01 09:00:00,17.43042,5.22818,902.8031,5.8519454,18.302612,44.561954
2019-01-01 10:00:00,16.032043,6.261383,902.65564,5.549776,19.29303,52.30826
2019-01-01 11:00:00,15.808228,6.1379395,902.78436,5.870372,25.040894,52.61172
2019-01-01 12:00:00,15.550476,6.231079,903.1545,6.1986575,29.544495,53.831406
2019-01-01 13:00:00,15.120056,5.9873962,903.6378,6.3491898,34.00235,54.416084
2019-01-01 14:00:00,13.941345,5.9952087,904.09906,6.395313,37.39624,58.75088
2019-01-01 15:00:00,12.60022,5.437256,904.4218,6.3635206,39.79779,61.690468
2019-01-01 16:00:00,12.354553,5.324463,904.58545,6.296675,41.667786,62.203938
2019-01-01 17:00:00,11.408051,5.144226,904.5337,6.274466,42.85022,65.384384
2019-01-01 18:00:00,11.119141,5.0747375,904.2835,6.28575,43.381897,66.32629
2019-01-01 19:00:00,10.901825,4.982666,903.9945,6.3364043,43.0058,66.85996
2019-01-01 20:00:00,10.204498,4.766632,903.707,6.432192,41.992157,68.9921
2019-01-01 21:00:00,9.968109,4.673584,903.4178,6.574704,40.554962,69.63746
2019-01-01 22:00:00,9.362701,4.3717346,903.2543,6.6793303,42.126526,71.00957
2019-01-01 23:00:00,9.219849,4.325775,903.17584,6.910165,41.139008,71.46506
2019-01-02 00:00:00,9.508057,4.5033875,903.2562,7.1351185,41.525696,70.969826
2019-01-02 01:00:00,9.504456,4.488037,903.72565,7.385658,42.819183,70.91085
2019-01-02 02:00:00,10.3862915,4.8623962,904.39124,7.6640587,44.13504,68.61669
2019-01-02 03:00:00,11.248627,5.3201904,905.01404,7.8915625,46.306763,66.891136
2019-01-02 04:00:00,12.3280945,5.9487305,905.31854,7.661235,47.93448,65.06575
2019-01-02 05:00:00,15.271942,6.5483093,905.04297,7.1609116,47.236603,56.01171
2019-01-02 06:00:00,15.981018,6.1654053,904.343,6.652418,42.86322,52.132786
2019-01-02 07:00:00,16.272583,6.227936,903.3998,6.2472954,37.154663,51.393497
2019-01-02 08:00:00,17.424408,5.9683228,902.59,6.069526,31.421051,46.924736
2019-01-02 09:00:00,17.575409,6.017273,902.199,6.1742215,27.7872,46.63714
2019-01-02 10:00:00,16.247498,6.771759,902.0126,5.9661713,26.285248,53.43785
2019-01-02 11:00:00,16.085052,6.842407,902.2569,6.549682,29.786133,54.256577
2019-01-02 12:00:00,15.802277,6.6297913,902.6191,6.8511863,32.272644,54.444695
2019-01-02 13:00:00,15.4765625,6.6440125,903.1365,7.071991,34.953278,55.646164
2019-01-02 14:00:00,14.363983,6.604004,903.6989,7.1197505,37.560364,59.61361
2019-01-02 15:00:00,12.80658,6.252533,904.139,7.039202,39.352997,64.392235
2019-01-02 16:00:00,12.437347,6.086975,904.3212,6.8437233,40.955505,65.22036
2019-01-02 17:00:00,11.685394,5.9917297,904.29663,6.6634803,42.265137,68.08057
2019-01-02 18:00:00,11.356079,5.863922,904.1563,6.5354276,42.76172,68.96702
2019-01-02 19:00:00,11.133972,5.772461,903.948,6.494208,42.054596,69.54792
2019-01-02 20:00:00,10.419891,5.5043335,903.707,6.549483,40.39685,71.58774
2019-01-02 21:00:00,10.210541,5.347809,903.4361,6.700053,38.56491,71.81074
2019-01-02 22:00:00,9.529358,5.117859,903.2174,6.3577094,39.529175,73.97094
2019-01-02 23:00:00,9.30603,4.90625,903.2753,6.633489,37.97592,73.991486
2019-01-03 00:00:00,9.511536,5.0678406,903.51917,6.8302326,37.56317,73.802246
2019-01-03 01:00:00,9.443359,5.0274963,904.1523,7.0038567,37.79904,73.933136
2019-01-03 02:00:00,10.209808,5.36734,904.8566,7.1251917,38.436096,71.91169
2019-01-03 03:00:00,10.605988,5.5418396,905.6244,7.212677,39.3002,70.88966
2019-01-03 04:00:00,11.851105,6.1518555,905.9673,6.933076,38.165955,68.08876
2019-01-03 05:00:00,14.691101,6.4033203,905.7957,6.7722344,33.911316,57.56745
2019-01-03 06:00:00,15.615051,6.1559753,905.1027,6.6107683,28.099304,53.332306
2019-01-03 07:00:00,15.958252,6.241791,904.1838,6.5379033,21.644653,52.48433
2019-01-03 08:00:00,16.963684,5.8904114,903.3272,6.6201863,16.384277,48.05291
2019-01-03 09:00:00,17.160095,5.7798157,902.79016,6.8888016,14.182373,47.097404
2019-01-03 10:00:00,15.81311,6.6826477,902.4886,6.8072677,12.608063,54.60493
2019-01-03 11:00:00,15.6427,6.53067,902.595,7.282345,18.511536,54.629826
2019-01-03 12:00:00,15.451965,6.455719,902.82385,7.6072426,21.344177,55.017014
2019-01-03 13:00:00,15.164612,6.410095,903.1832,7.9591355,23.930359,55.86536
2019-01-03 14:00:00,13.872772,6.485962,903.64557,8.167915,26.03656,61.043377
2019-01-03 15:00:00,12.575775,6.0838013,904.0185,8.22432,27.472076,64.616684
2019-01-03 16:00:00,12.156067,5.823059,904.14575,8.164068,28.878845,65.236435
2019-01-03 17:00:00,11.179565,5.449188,904.0229,8.102133,29.531097,67.802315
2019-01-03 18:00:00,11.010223,5.437805,903.8233,8.05,30.264893,68.514
2019-01-03 19:00:00,10.763184,5.2579956,903.5633,8.140844,30.08255,68.78364
2019-01-03 20:00:00,10.121094,4.98407,903.2942,8.3380995,30.21051,70.43701
2019-01-03 21:00:00,9.924957,4.918976,902.9972,8.536197,29.930725,71.044334
2019-01-03 22:00:00,9.272644,4.5589905,902.7689,8.584937,30.806946,72.382614
2019-01-03 23:00:00,9.1406555,4.462677,902.74756,8.68181,30.449524,72.53866
2019-01-04 00:00:00,9.3506775,4.5360107,903.0744,8.765487,30.865387,71.888145
2019-01-04 01:00:00,9.273499,4.476837,903.6078,8.878389,32.18643,71.964035
2019-01-04 02:00:00,9.965576,4.8208923,904.37915,8.929643,34.052124,70.36876
2019-01-04 03:00:00,10.504883,5.065094,905.0909,8.969806,36.214966,69.04419
2019-01-04 04:00:00,11.529724,5.542755,905.46436,8.826995,37.00882,66.68019
2019-01-04 05:00:00,14.518829,6.0365906,905.283,8.462776,36.077057,56.757633
2019-01-04 06:00:00,15.457275,5.8019714,904.72406,7.897933,32.66513,52.572666
2019-01-04 07:00:00,15.823456,5.897522,903.8777,7.3756714,27.76706,51.69509
2019-01-04 08:00:00,16.90326,5.7702026,903.1127,7.098745,23.49884,47.837914
2019-01-04 09:00:00,17.089172,5.762085,902.55414,7.034346,22.093872,47.25127
2019-01-04 10:00:00,15.810608,6.5183105,902.28986,6.8532705,24.471191,54.000237
2019-01-04 11:00:00,15.656952,6.473816,902.3708,7.099162,29.064514,54.366978
2019-01-04 12:00:00,15.406799,6.4357605,902.6429,7.482502,31.996277,55.10084
2019-01-04 13:00:00,15.050659,6.287506,903.0613,7.812743,35.660248,55.802906
2019-01-04 14:00:00,14.006348,6.3587646,903.557,7.904803,38.47998,59.98922
2019-01-04 15:00:00,12.694611,5.9700317,903.96075,7.8597307,40.317932,63.613743
2019-01-04 16:00:00,12.443054,5.872223,904.0536,7.7024536,41.884613,64.235916
2019-01-04 17:00:00,11.703827,5.757721,903.9293,7.5253463,42.747253,66.90653
2019-01-04 18:00:00,11.401398,5.5615234,903.6023,7.4020905,42.398346,67.33603
2019-01-04 19:00:00,11.275879,5.533722,903.22833,7.3335214,40.97043,67.767136
2019-01-04 20:00:00,10.75589,5.3945923,902.8375,7.3290873,39.220642,69.472885
2019-01-04 21:00:00,10.627838,5.353424,902.48236,7.399407,37.246094,69.86738
2019-01-04 22:00:00,10.036102,5.1763306,902.2492,6.8534737,37.80417,71.7924
2019-01-04 23:00:00,9.940369,5.1729736,902.14154,7.123186,36.502045,72.23686
2019-01-05 00:00:00,10.172394,5.382324,902.2664,7.349961,36.301666,72.16667
2019-01-05 01:00:00,10.168152,5.410187,902.70276,7.583028,36.88138,72.32684
2019-01-05 02:00:00,11.023193,5.8658447,903.3197,7.7949505,38.367126,70.51486
2019-01-05 03:00:00,11.485504,6.1573486,903.9406,7.914268,40.628967,69.778824
2019-01-05 04:00:00,12.474548,6.756714,904.24927,7.757259,43.356323,68.13091
2019-01-05 05:00:00,15.042328,7.2969666,904.0103,7.0963864,43.785095,59.83799
2019-01-05 06:00:00,16.094116,7.2398376,903.2834,6.3861995,39.29962,55.72155
2019-01-05 07:00:00,16.35785,7.3215027,902.3175,6.041074,31.558472,55.099644
2019-01-05 08:00:00,17.443756,7.1650696,901.4773,6.0827956,25.082642,50.88684
2019-01-05 09:00:00,17.56717,7.1714783,900.9333,6.382156,21.864838,50.51424
2019-01-05 10:00:00,16.285217,7.8344116,900.60345,6.2855306,23.854492,57.32568
2019-01-05 11:00:00,16.090546,7.725891,900.6964,6.9185634,25.049957,57.61419
2019-01-05 12:00:00,15.793488,7.6845093,901.02594,7.404073,27.470215,58.55236
2019-01-05 13:00:00,15.487976,7.5331116,901.44354,7.682509,30.21109,59.09555
2019-01-05 14:00:00,14.417969,7.3898315,901.99225,7.810831,32.453125,62.692196
2019-01-05 15:00:00,13.205078,7.045105,902.36896,7.806443,34.144592,66.24844
2019-01-05 16:00:00,12.9409485,6.981781,902.5478,7.6869626,35.386566,67.1093
2019-01-05 17:00:00,12.067474,6.757416,902.46796,7.506599,36.164642,69.98145
2019-01-05 18:00:00,11.746765,6.60614,902.24414,7.336649,36.340027,70.73743
2019-01-05 19:00:00,11.578949,6.576111,901.90076,7.2339697,36.483215,71.37812
2019-01-05 20:00:00,10.814209,6.210083,901.51,7.2053022,36.80426,73.220245
2019-01-05 21:00:00,10.653259,6.1762695,901.2143,7.1720147,36.490906,73.83593
2019-01-05 22:00:00,10.215607,6.071533,901.0274,6.8753395,39.654785,75.47472
2019-01-05 23:00:00,10.077972,5.978668,901.0291,6.9998693,38.887604,75.68518
2019-01-06 00:00:00,10.344971,6.1020203,901.27875,7.1159396,39.139038,74.98339
2019-01-06 01:00:00,10.190765,5.9444885,901.75977,7.204625,40.53766,74.939644
2019-01-06 02:00:00,10.911011,6.375519,902.4431,7.3352895,41.978577,73.58484
2019-01-06 03:00:00,11.363312,6.5526123,903.0002,7.411964,43.6326,72.28639
2019-01-06 04:00:00,12.0737915,6.7826843,903.2841,7.106399,46.924103,70.07381
2019-01-06 05:00:00,14.686798,7.18219,903.0689,6.405978,47.546753,60.74521
2019-01-06 06:00:00,15.564606,6.9790344,902.474,5.8142323,43.64612,56.61992
2019-01-06 07:00:00,15.933411,7.0366516,901.63403,5.524393,38.508667,55.51865
2019-01-06 08:00:00,16.96939,6.840576,900.89166,5.4924736,33.44464,51.283752
2019-01-06 09:00:00,17.077148,6.906372,900.47516,5.7219644,31.367981,51.165295
2019-01-06 10:00:00,15.889343,7.314911,900.2823,5.8609433,32.43799,56.745274
2019-01-06 11:00:00,15.679626,7.2997437,900.4713,6.530109,34.210175,57.451767
2019-01-06 12:00:00,15.490448,7.362274,900.7062,6.8744397,38.53061,58.401077
2019-01-06 13:00:00,15.249603,7.32547,901.1037,7.075279,41.575134,59.161407
2019-01-06 14:00:00,14.148743,7.2844543,901.58875,7.2527976,44.04184,63.33595
2019-01-06 15:00:00,12.849335,6.836731,901.9213,7.367223,46.250366,66.84446
2019-01-06 16:00:00,12.611786,6.757843,902.1043,7.318179,48.57953,67.52576
2019-01-06 17:00:00,11.691925,6.491028,902.0701,7.151427,50.226044,70.434204
2019-01-06 18:00:00,11.470001,6.4191895,901.9437,6.9590282,51.499207,71.12211
2019-01-06 19:00:00,11.253601,6.3125,901.683,6.8306985,51.721375,71.619965
2019-01-06 20:00:00,10.511749,5.978546,901.3523,6.7481437,51.483948,73.524704
2019-01-06 21:00:00,10.302582,5.8411255,900.99475,6.6770806,50.594177,73.852646
2019-01-06 22:00:00,9.79007,5.6507263,900.76483,6.569598,47.552734,75.427315
2019-01-06 23:00:00,9.684479,5.6197205,900.7307,6.5974793,47.9852,75.80017
2019-01-07 00:00:00,9.881866,5.7686768,900.9856,6.5680957,48.805725,75.57956
2019-01-07 01:00:00,9.8151245,5.7068176,901.4875,6.50512,50.47589,75.59384
2019-01-07 02:00:00,10.513123,6.0629272,902.137,6.421908,52.1929,73.94762
2019-01-07 03:00:00,10.998993,6.3311462,902.7275,6.3760743,54.409515,72.93299
2019-01-07 04:00:00,11.69342,6.7159424,903.0413,6.06058,57.96634,71.524445
2019-01-07 05:00:00,14.213837,7.1990356,902.8127,5.261742,59.357605,62.702274
2019-01-07 06:00:00,15.181549,7.0604553,902.1481,4.3035493,56.32666,58.35299
2019-01-07 07:00:00,15.507965,7.141815,901.27435,3.5340884,49.358643,57.46277
2019-01-07 08:00:00,16.543945,6.858917,900.5041,3.0991051,39.539215,52.753662
2019-01-07 09:00:00,16.658417,6.78833,899.9924,2.9937394,29.64331,52.118324
2019-01-07 10:00:00,15.509735,7.360138,899.77454,3.6748314,21.075562,58.32042
2019-01-07 11:00:00,15.36084,7.328705,899.9166,4.043366,23.550934,58.75352
2019-01-07 12:00:00,15.130066,7.3022766,900.20166,3.9609427,24.652405,59.523003
2019-01-07 13:00:00,14.819763,7.145813,900.56506,4.126223,25.427246,60.077095
2019-01-07 14:00:00,13.844147,7.0171204,901.02844,4.299521,26.434479,63.42814
2019-01-07 15:00:00,12.467102,6.6263123,901.35266,4.386283,26.981018,67.55642
2019-01-07 16:00:00,12.237335,6.5316467,901.5733,4.3642063,27.634521,68.13866
2019-01-07 17:00:00,11.476685,6.3658447,901.60724,4.2088337,27.534943,70.83006
2019-01-07 18:00:00,11.185211,6.2435913,901.53424,4.129444,26.486694,71.604416
2019-01-07 19:00:00,11.018066,6.1760254,901.3384,4.113424,24.456543,72.06607
2019-01-07 20:00:00,10.28598,5.8705444,901.0606,4.173954,21.602203,74.08508
2019-01-07 21:00:00,10.204407,5.8750305,900.78204,4.281905,19.110443,74.51282
2019-01-07 22:00:00,9.61972,5.5915833,900.76196,4.243637,14.52829,75.98192
2019-01-07 23:00:00,9.5703125,5.5889587,900.6948,4.5161805,13.252502,76.22043
2019-01-08 00:00:00,9.759552,5.699188,900.8389,4.722959,13.65448,75.835815
2019-01-08 01:00:00,9.728943,5.6731567,901.2152,4.820003,14.8168335,75.85473
2019-01-08 02:00:00,10.287964,5.9387817,901.8056,4.9729233,16.17276,74.42548
2019-01-08 03:00:00,10.880188,6.22464,902.3864,5.073258,19.124939,72.9731
2019-01-08 04:00:00,11.578339,6.5101013,902.72595,5.0374246,19.947662,71.05773
2019-01-08 05:00:00,14.078522,6.8901978,902.48206,4.778199,15.603363,61.93021
2019-01-08 06:00:00,15.160919,6.976471,901.8208,4.600559,5.1377563,58.095177
2019-01-08 07:00:00,15.483215,7.0949707,900.9431,4.7491746,352.69925,57.36972
2019-01-08 08:00:00,16.63678,6.805603,900.09406,5.1359897,345.04013,52.251892
2019-01-08 09:00:00,16.795624,6.739929,899.50104,5.5281577,343.97794,51.494972
2019-01-08 10:00:00,15.679779,7.1599426,899.2275,5.396417,345.69485,56.904537
2019-01-08 11:00:00,15.547943,7.131897,899.3613,5.2711587,355.32953,57.276875
2019-01-08 12:00:00,15.19574,7.055908,899.5796,5.041419,2.7797241,58.281654
2019-01-08 13:00:00,14.856476,6.9433594,899.95374,5.0924163,9.453125,59.109856
2019-01-08 14:00:00,13.803772,7.0614624,900.31744,5.1912255,15.012451,63.788063
2019-01-08 15:00:00,12.4375305,6.671173,900.63983,5.287472,18.91623,67.8966
2019-01-08 16:00:00,12.193176,6.5753784,900.82874,5.273113,21.690277,68.54257
2019-01-08 17:00:00,11.285461,6.2380676,900.89014,5.2818184,24.233551,71.10333
2019-01-08 18:00:00,11.109039,6.1471252,900.7512,5.3465443,26.598877,71.489784
2019-01-08 19:00:00,10.88501,5.9884033,900.58905,5.477491,28.153595,71.770134
2019-01-08 20:00:00,10.218933,5.771881,900.3817,5.624529,29.091888,73.911354
2019-01-08 21:00:00,10.067505,5.6573486,900.15344,5.8351097,29.403381,74.07345
2019-01-08 22:00:00,9.517883,5.3947144,900.0544,5.790379,28.315521,75.46576
2019-01-08 23:00:00,9.454529,5.387329,900.12036,6.096918,29.469238,75.74876
2019-01-09 00:00:00,9.598053,5.4553833,900.3901,6.3562503,31.318542,75.37732
2019-01-09 01:00:00,9.581848,5.4443665,900.9162,6.528832,33.86444,75.4017
2019-01-09 02:00:00,10.13797,5.720703,901.63165,6.663165,36.065002,74.049484
2019-01-09 03:00:00,10.543793,5.9084167,902.30164,6.74531,38.831543,73.01325
2019-01-09 04:00:00,11.26828,6.2549133,902.6273,6.6208897,39.540375,71.26699
2019-01-09 05:00:00,14.254211,6.73761,902.45447,6.395674,37.031067,60.59194
2019-01-09 06:00:00,15.09082,6.5336,901.84766,6.089455,31.918884,56.609947
2019-01-09 07:00:00,15.410034,6.651428,901.0175,5.8102155,25.743103,55.912502
2019-01-09 08:00:00,16.470459,6.5577393,900.2771,5.708824,19.99295,51.91577
2019-01-09 09:00:00,16.690247,6.4448547,899.7269,5.8494544,16.759552,50.799644
2019-01-09 10:00:00,15.639679,7.02652,899.4949,5.951981,15.277252,56.532
2019-01-09 11:00:00,15.575378,7.154541,899.6521,6.3335104,20.638824,57.264977
2019-01-09 12:00:00,15.401184,7.0844116,900.0146,6.3647237,23.567047,57.63056
2019-01-09 13:00:00,15.053558,6.882019,900.40405,6.5512013,25.820862,58.119934
2019-01-09 14:00:00,13.807037,6.8948975,900.911,6.650908,28.392548,63.050747
2019-01-09 15:00:00,12.489655,6.3772583,901.31116,6.6708508,30.458252,66.3107
2019-01-09 16:00:00,12.238312,6.3186646,901.4855,6.641581,32.5849,67.14273
2019-01-09 17:00:00,11.282684,6.077942,901.46405,6.5780935,33.985077,70.335236
2019-01-09 18:00:00,10.993103,5.9363403,901.32007,6.5259905,34.931458,71.00096
2019-01-09 19:00:00,10.777191,5.818695,901.0453,6.547556,35.26822,71.4433
2019-01-09 20:00:00,10.087555,5.6213684,900.6834,6.6001515,35.42505,73.79009
2019-01-09 21:00:00,9.907593,5.5088196,900.34735,6.6789756,35.367188,74.10356
2019-01-09 22:00:00,9.23172,5.0624695,900.2099,6.8166804,33.408325,75.175735
2019-01-09 23:00:00,9.130066,4.9898987,900.2321,6.9335732,34.2041,75.31067
2019-01-10 00:00:00,9.329681,5.1824036,900.47815,6.9982324,35.832947,75.30748
2019-01-10 01:00:00,9.267273,5.1185913,901.0966,7.0385633,38.14911,75.289474
2019-01-10 02:00:00,9.950226,5.4057007,901.81256,7.043419,40.364777,73.36571
2019-01-10 03:00:00,10.388611,5.536377,902.4805,7.088875,42.81369,71.89678
2019-01-10 04:00:00,11.332123,5.949951,902.7925,6.909767,43.62326,69.48844
2019-01-10 05:00:00,14.393005,6.649475,902.6118,6.4435453,42.152954,59.688084
2019-01-10 06:00:00,15.262787,6.433258,901.9423,5.734895,37.27533,55.602795
2019-01-10 07:00:00,15.579498,6.589325,901.046,5.153466,28.42517,55.07301
2019-01-10 08:00:00,16.656372,6.381958,900.2537,4.9131227,19.843079,50.689106
2019-01-10 09:00:00,16.947327,6.344879,899.77203,4.9428678,15.7022705,49.635098
2019-01-10 10:00:00,15.777924,7.1230774,899.5058,5.1466455,16.420319,56.405895
2019-01-10 11:00:00,15.6996155,7.1045227,899.644,5.457858,24.534485,56.617188
2019-01-10 12:00:00,15.429565,6.9710083,900.0483,5.7990294,29.882172,57.080627
2019-01-10 13:00:00,15.121399,6.8921814,900.5865,6.2891197,36.14624,57.90734
2019-01-10 14:00:00,14.017944,6.861023,901.099,6.5516467,40.514954,62.049545
2019-01-10 15:00:00,12.584137,6.3258667,901.49927,6.612397,43.817993,65.66826
2019-01-10 16:00:00,12.336914,6.2444763,901.6803,6.57531,46.2406,66.36895
2019-01-10 17:00:00,11.516113,6.070984,901.69104,6.4783955,47.929993,69.22398
2019-01-10 18:00:00,11.302063,6.007324,901.4918,6.4250402,48.480865,69.90337
2019-01-10 19:00:00,11.1571045,5.9492493,901.17896,6.4052806,48.188843,70.295395
2019-01-10 20:00:00,10.534149,5.7889404,900.8147,6.38925,47.19861,72.459045
2019-01-10 21:00:00,10.214783,5.5948486,900.5019,6.396926,45.81137,73.03112
2019-01-10 22:00:00,9.839691,5.4394226,900.5158,6.2343707,45.400146,74.08384
2019-01-10 23:00:00,9.724579,5.444336,900.5786,6.2852044,44.542267,74.683014
2019-01-11 00:00:00,9.93808,5.7036743,900.8979,6.3447447,44.83203,74.95766
2019-01-11 01:00:00,9.94281,5.712982,901.54083,6.4526143,45.81009,74.98222
2019-01-11 02:00:00,10.598206,6.0796204,902.2582,6.568941,46.54953,73.61451
2019-01-11 03:00:00,11.138733,6.4423523,902.8982,6.656959,48.62564,72.81542
2019-01-11 04:00:00,11.936035,6.9057007,903.2046,6.3083673,50.302277,71.31164
2019-01-11 05:00:00,14.827881,7.692505,903.05884,5.4803185,48.813416,62.32964
2019-01-11 06:00:00,15.68573,7.5196533,902.52515,4.7107697,40.706482,58.29831
2019-01-11 07:00:00,15.944946,7.5443115,901.6219,4.3581657,29.062347,57.43674
2019-01-11 08:00:00,17.00528,7.3875427,900.78815,4.417975,18.035461,53.119385
2019-01-11 09:00:00,17.12436,7.434723,900.1421,4.8003955,13.3324585,52.890522
2019-01-11 10:00:00,15.994629,7.9268494,899.96436,5.169622,9.340454,58.76627
2019-01-11 11:00:00,15.815826,7.847046,900.0848,5.655157,15.462738,59.11954
2019-01-11 12:00:00,15.501587,7.831421,900.4699,5.938184,19.703613,60.256542
2019-01-11 13:00:00,15.213287,7.693451,900.9803,6.197138,24.43509,60.8074
2019-01-11 14:00:00,14.22229,7.619507,901.5893,6.314101,27.857239,64.493546
2019-01-11 15:00:00,12.940186,7.2288513,902.05334,6.4064555,30.388123,68.25743
2019-01-11 16:00:00,12.718414,7.1505737,902.2375,6.3973637,32.58899,68.885216
2019-01-11 17:00:00,11.840332,6.8730774,902.1202,6.3786483,34.17206,71.60254
2019-01-11 18:00:00,11.580658,6.741516,901.8418,6.322455,35.03247,72.18574
2019-01-11 19:00:00,11.386444,6.6480713,901.48047,6.325266,35.275696,72.65093
2019-01-11 20:00:00,10.63446,6.360077,901.1775,6.415279,34.7023,74.87084
2019-01-11 21:00:00,10.444916,6.3133545,900.8939,6.567074,33.527985,75.57858
2019-01-11 22:00:00,9.963654,6.092224,900.693,6.611676,30.052368,76.86646
2019-01-11 23:00:00,9.859558,6.094879,900.6622,6.8927584,30.555237,77.41818
2019-01-12 00:00:00,10.027985,6.1824646,900.91833,7.0427303,32.384155,77.014336
2019-01-12 01:00:00,9.904327,6.0703735,901.56464,7.1677995,35.1174,77.056015
2019-01-12 02:00:00,10.476288,6.3163757,902.3295,7.294388,37.859955,75.43639
2019-01-12 03:00:00,10.844238,6.4158936,902.94604,7.4286933,41.234344,74.117744
2019-01-12 04:00:00,11.917358,7.145996,903.15924,7.2021327,44.377197,72.58446
2019-01-12 05:00:00,14.733124,7.8389587,902.91455,6.4850755,45.12433,63.339996
2019-01-12 06:00:00,15.547058,7.470276,902.3425,5.5452003,40.606964,58.620346
2019-01-12 07:00:00,15.839691,7.5658264,901.535,4.8741713,32.10617,57.90922
2019-01-12 08:00:00,16.982544,7.45578,900.79016,4.6920214,24.395721,53.444393
2019-01-12 09:00:00,17.09201,7.4076843,900.2408,4.961128,21.506042,52.901165
2019-01-12 10:00:00,15.907898,7.9132385,899.95197,5.4821873,20.706757,59.03798
2019-01-12 11:00:00,15.735535,7.844635,900.15344,6.179671,25.645203,59.41411
2019-01-12 12:00:00,15.390717,7.827942,900.5112,6.7782393,30.785706,60.671997
2019-01-12 13:00:00,15.163788,7.711273,900.9906,7.0876427,36.099915,61.075176
2019-01-12 14:00:00,14.02182,7.5584717,901.49194,7.229263,40.003143,65.06508
2019-01-12 15:00:00,12.709595,7.06073,901.9348,7.272045,42.521667,68.50239
2019-01-12 16:00:00,12.494202,6.9916687,902.1477,7.2426395,44.20172,69.148476
2019-01-12 17:00:00,11.833618,6.9184265,902.132,7.1305084,44.776764,71.85735
2019-01-12 18:00:00,11.583679,6.781769,901.9268,7.0547237,44.630768,72.371025
2019-01-12 19:00:00,11.4219055,6.6905212,901.6307,7.0444126,44.06555,72.69236
2019-01-12 20:00:00,10.832703,6.4604187,901.3426,7.0956564,43.24417,74.40224
2019-01-12 21:00:00,10.557159,6.310089,901.12146,7.176105,42.233307,74.998535
2019-01-12 22:00:00,10.188782,6.0651855,901.1012,6.481565,42.90695,75.57696
2019-01-12 23:00:00,10.152679,6.0436096,901.18915,6.7722616,41.124725,75.6467
2019-01-13 00:00:00,10.239502,6.1098633,901.4696,7.031431,40.487183,75.553986
2019-01-13 01:00:00,10.2109375,6.0780334,902.0451,7.238628,40.8916,75.532135
2019-01-13 02:00:00,10.856659,6.411865,902.7582,7.4459133,41.81253,74.03606
2019-01-13 03:00:00,11.273315,6.7014465,903.4204,7.542192,43.29071,73.465965
2019-01-13 04:00:00,12.099182,7.22229,903.77374,7.194229,44.825317,72.0959
2019-01-13 05:00:00,14.75592,7.5881653,903.6525,6.4945397,43.242523,62.17554
2019-01-13 06:00:00,15.707245,7.6287537,903.09467,5.877014,36.750763,58.652924
2019-01-13 07:00:00,15.949432,7.593872,902.3002,5.6083207,27.505188,57.614716
2019-01-13 08:00:00,17.092316,7.301697,901.45416,5.7716327,19.53656,52.518463
2019-01-13 09:00:00,17.204224,7.2872314,900.8732,6.2741055,15.616028,52.09636
2019-01-13 10:00:00,15.92337,7.8408203,900.47375,7.039395,14.913483,58.689777
2019-01-13 11:00:00,15.77887,7.7545776,900.49854,7.719546,18.473541,58.887524
2019-01-13 12:00:00,15.497864,7.689514,900.65564,7.915474,20.881348,59.69127
2019-01-13 13:00:00,15.166718,7.4866943,901.07837,8.152721,23.431,60.135696
2019-01-13 14:00:00,14.004761,7.5073853,901.5529,8.388968,25.44809,64.91044
2019-01-13 15:00:00,12.8784485,7.015991,901.9918,8.468416,26.575226,67.542244
2019-01-13 16:00:00,12.655212,6.941925,902.2073,8.412808,26.999695,68.18952
2019-01-13 17:00:00,11.794617,6.7295227,902.13794,8.289698,26.832672,71.11469
2019-01-13 18:00:00,11.449524,6.4645996,901.8837,8.157461,26.424255,71.441414
2019-01-13 19:00:00,11.228394,6.3049316,901.56635,8.128483,25.702911,71.70226
2019-01-13 20:00:00,10.47641,5.950592,901.28876,8.146053,24.693298,73.55587
2019-01-13 21:00:00,10.121948,5.6612854,900.9943,8.236142,23.841583,73.82447
2019-01-13 22:00:00,9.848694,5.6959534,900.8247,7.7784405,22.052551,75.36733
2019-01-13 23:00:00,9.688843,5.557617,900.8161,8.012933,22.072693,75.45259
2019-01-14 00:00:00,9.814758,5.651947,901.0073,8.181023,22.81128,75.30901
2019-01-14 01:00:00,9.600128,5.441345,901.5458,8.295872,24.018951,75.29346
2019-01-14 02:00:00,10.109589,5.5895996,902.20197,8.384552,25.645966,73.51948
2019-01-14 03:00:00,10.609497,5.8350525,902.8111,8.474848,26.573883,72.326675
2019-01-14 04:00:00,11.346771,6.119446,903.1267,8.412766,25.453918,70.23831
2019-01-14 05:00:00,13.887238,6.4761353,903.04834,8.248159,22.230377,60.944885
2019-01-14 06:00:00,14.924164,6.321869,902.5606,8.064902,16.755249,56.39228
2019-01-14 07:00:00,15.259979,6.3728333,901.78516,8.010443,10.75058,55.381958
2019-01-14 08:00:00,16.375122,6.037506,901.0232,8.080575,5.5306396,50.392567
2019-01-14 09:00:00,16.614044,5.9625854,900.43524,8.286308,3.2533875,49.37653
2019-01-14 10:00:00,15.466858,6.2989807,900.1817,8.125121,2.2034302,54.37448
2019-01-14 11:00:00,15.313263,6.1569824,900.25195,8.191129,8.791138,54.37786
2019-01-14 12:00:00,14.995758,6.113556,900.59454,7.9586325,14.048431,55.33263
2019-01-14 13:00:00,14.650696,5.8897705,901.1317,7.859144,16.0354,55.70867
2019-01-14 14:00:00,13.647858,5.8931274,901.7366,7.844026,17.70993,59.46044
2019-01-14 15:00:00,12.201691,5.5569153,902.19305,7.749687,18.742523,63.853424
2019-01-14 16:00:00,11.817017,5.329651,902.4799,7.5880814,19.472534,64.467064
2019-01-14 17:00:00,11.02887,4.9998474,902.47626,7.3781567,19.552246,66.37775
2019-01-14 18:00:00,10.717529,4.7980957,902.2835,7.187912,19.626648,66.81912
2019-01-14 19:00:00,10.569489,4.726349,901.9735,7.0785885,19.468872,67.1439
2019-01-14 20:00:00,9.784729,4.2972107,901.7046,7.033139,19.312256,68.667015
2019-01-14 21:00:00,9.630249,4.133301,901.46515,7.0762124,18.95514,68.58974
2019-01-14 22:00:00,9.035828,3.8962402,901.44366,6.8976893,17.860199,70.209465
2019-01-14 23:00:00,8.908936,3.7740173,901.5372,7.107481,18.55655,70.20724
2019-01-15 00:00:00,9.072754,3.860199,901.8127,7.2132115,19.648315,69.85783
2019-01-15 01:00:00,9.091339,3.877655,902.39026,7.319903,21.324036,69.85601
2019-01-15 02:00:00,9.660767,4.010895,903.0885,7.4237313,23.400024,67.86421
2019-01-15 03:00:00,10.272369,4.3235474,903.79614,7.5266433,26.165497,66.58617
2019-01-15 04:00:00,11.150513,4.7173767,904.2011,7.6243854,26.942047,64.56058
2019-01-15 05:00:00,13.9776,4.9458313,904.0639,7.44414,24.735474,54.49823
2019-01-15 06:00:00,15.031464,5.0595703,903.41345,7.176004,20.43097,51.3173
2019-01-15 07:00:00,15.389343,5.204376,902.51294,6.948059,15.304382,50.658806
2019-01-15 08:00:00,16.771088,5.144287,901.6635,6.816223,11.401764,46.190907
2019-01-15 09:00:00,16.933502,5.156769,901.0737,6.798404,10.393768,45.757275
2019-01-15 10:00:00,15.848511,5.9718018,900.8361,6.626688,11.861389,51.877964
2019-01-15 11:00:00,15.724274,5.7850647,900.85864,6.7380915,18.567688,51.621002
2019-01-15 12:00:00,15.377228,5.6731873,901.1359,6.780179,21.739563,52.374302
2019-01-15 13:00:00,14.995789,5.4954834,901.5966,7.02471,25.151215,53.0166
2019-01-15 14:00:00,13.927612,5.6252136,902.19354,7.164495,27.726593,57.31737
2019-01-15 15:00:00,12.568085,5.087219,902.6845,7.1301737,29.962128,60.335224
2019-01-15 16:00:00,12.302185,4.9478455,903.00085,7.0220337,31.310944,60.804577
2019-01-15 17:00:00,11.453278,4.848755,903.02924,6.913642,31.800629,63.861645
2019-01-15 18:00:00,11.18338,4.7028503,902.8449,6.841128,31.251648,64.354805
2019-01-15 19:00:00,10.989319,4.5927124,902.49756,6.8275976,30.428223,64.689156
2019-01-15 20:00:00,10.319916,4.4954224,902.1818,6.927774,29.370972,67.1781
2019-01-15 21:00:00,10.172821,4.4371643,901.85864,7.128508,28.557281,67.56534
2019-01-15 22:00:00,9.52829,4.2688904,901.636,7.1945257,31.609589,69.72006
2019-01-15 23:00:00,9.518494,4.28537,901.60205,7.461718,30.70517,69.84651
2019-01-16 00:00:00,9.699524,4.4173584,901.82495,7.6367664,31.280457,69.64352
2019-01-16 01:00:00,9.634857,4.3646545,902.3521,7.830059,32.88788,69.6888
2019-01-16 02:00:00,10.340546,4.662079,903.09174,8.054115,35.10608,67.87132
2019-01-16 03:00:00,10.747833,4.8723755,903.72266,8.286475,38.303864,67.03079
2019-01-16 04:00:00,11.875061,5.412903,904.03076,8.318922,40.14438,64.593025
2019-01-16 05:00:00,15.1623535,6.304138,903.8608,7.9756947,41.177338,55.467224
2019-01-16 06:00:00,15.989288,6.359741,903.25006,7.3891387,38.86496,52.807854
2019-01-16 07:00:00,16.354156,6.5463257,902.3758,6.8544745,33.843903,52.26039
2019-01-16 08:00:00,17.65207,6.61084,901.51154,6.559731,28.58258,48.349525
2019-01-16 09:00:00,17.811523,6.611908,900.90784,6.5516396,26.170532,47.869823
2019-01-16 10:00:00,16.674133,7.271393,900.4671,6.167927,27.31665,53.81798
2019-01-16 11:00:00,16.54538,7.29187,900.43396,6.632345,29.686523,54.33607
2019-01-16 12:00:00,16.190735,7.1505127,900.6113,6.9451885,31.3833,55.04194
2019-01-16 13:00:00,15.705719,6.930176,901.0428,7.292124,33.63272,55.923153
2019-01-16 14:00:00,14.6545105,6.9789734,901.53217,7.4540477,35.14337,60.030712
2019-01-16 15:00:00,13.373535,6.5524597,901.9763,7.5265694,36.563324,63.3466
2019-01-16 16:00:00,13.058594,6.367279,902.2569,7.492916,37.587524,63.842728
2019-01-16 17:00:00,12.168091,6.169342,902.22943,7.4076715,38.11499,66.7627
2019-01-16 18:00:00,11.723053,5.868469,901.9306,7.3227215,37.559387,67.33554
2019-01-16 19:00:00,11.597443,5.82251,901.465,7.2606673,36.56143,67.68091
2019-01-16 20:00:00,10.961487,5.672699,901.02655,7.2771144,35.07309,69.86431
2019-01-16 21:00:00,10.7812195,5.682495,900.6845,7.299494,33.78128,70.75409
2019-01-16 22:00:00,10.064911,5.338745,900.40295,7.055229,32.190887,72.4674
2019-01-16 23:00:00,9.981995,5.3152466,900.3077,7.2803097,30.715363,72.75161
2019-01-17 00:00:00,10.113281,5.359558,900.4235,7.463352,30.579437,72.3379
2019-01-17 01:00:00,10.043518,5.315674,900.8669,7.631531,31.56842,72.45497
2019-01-17 02:00:00,10.623962,5.4656067,901.5494,7.767436,33.170258,70.43158
2019-01-17 03:00:00,11.269196,5.905884,902.229,7.8050685,35.780792,69.566414
2019-01-17 04:00:00,12.391785,6.4834595,902.64984,7.400514,37.75348,67.22759
2019-01-17 05:00:00,15.304077,7.079773,902.52576,6.811731,34.675903,57.972313
2019-01-17 06:00:00,16.042786,6.5547485,901.87585,6.5535297,29.15866,53.33882
2019-01-17 07:00:00,16.339233,6.5970154,900.9531,6.359197,23.037506,52.492672
2019-01-17 08:00:00,17.475677,6.477844,900.0701,6.299634,18.12912,48.445354
2019-01-17 09:00:00,17.632507,6.4938965,899.4604,6.4265933,15.419983,48.02147
2019-01-17 10:00:00,16.40384,6.97348,899.0012,6.1608715,16.848938,53.64559
2019-01-17 11:00:00,16.26767,6.9825134,898.96765,6.545458,19.924652,54.14624
2019-01-17 12:00:00,15.98764,6.987488,899.21216,6.5566473,21.373108,55.140697
2019-01-17 13:00:00,15.608032,6.8609314,899.62775,6.684896,23.433197,56.007324
2019-01-17 14:00:00,14.516022,6.8891296,900.2541,6.7710986,26.352783,60.19777
2019-01-17 15:00:00,13.012207,6.497772,900.7988,6.7559786,28.944092,64.614204
2019-01-17 16:00:00,12.712372,6.3736267,901.19214,6.6776476,31.063202,65.33336
2019-01-17 17:00:00,11.798004,6.1472473,901.2915,6.5207324,32.326538,68.30589
2019-01-17 18:00:00,11.482025,5.947815,901.1102,6.375438,33.03421,68.79251
2019-01-17 19:00:00,11.289795,5.9131165,900.79767,6.284151,32.16684,69.5063
2019-01-17 20:00:00,10.661743,5.728546,900.48303,6.2986236,31.135742,71.5464
2019-01-17 21:00:00,10.510376,5.5930786,900.25745,6.4000983,29.985535,71.59635
2019-01-17 22:00:00,9.783844,5.399353,900.0829,6.2446523,29.625916,74.155106
2019-01-17 23:00:00,9.673431,5.353821,900.14557,6.556765,29.225525,74.47033
2019-01-18 00:00:00,9.831299,5.4033203,900.4473,6.8334913,30.050537,73.94005
2019-01-18 01:00:00,9.789154,5.381073,900.9663,7.0697417,31.762756,74.03472
2019-01-18 02:00:00,10.318237,5.501587,901.65485,7.1948953,34.535187,72.0611
2019-01-18 03:00:00,10.863007,5.7637634,902.34106,7.256968,37.407898,70.767494
2019-01-18 04:00:00,11.904053,6.347534,902.82874,6.9179454,38.698517,68.772896
2019-01-18 05:00:00,14.750397,6.682556,902.74255,6.40906,37.187927,58.459644
2019-01-18 06:00:00,15.649506,6.327301,902.1386,5.83607,31.755646,53.846992
2019-01-18 07:00:00,16.025177,6.4934387,901.2248,5.4094715,22.857788,53.174103
2019-01-18 08:00:00,17.228455,6.2053833,900.38696,5.2541604,14.427704,48.29308
2019-01-18 09:00:00,17.432556,6.1744995,899.81256,5.3557963,9.847595,47.572838
2019-01-18 10:00:00,16.35199,6.892853,899.4049,5.537351,7.309082,53.52626
2019-01-18 11:00:00,16.256226,6.799286,899.4804,5.733098,14.259247,53.50914
2019-01-18 12:00:00,15.978424,6.747925,899.7651,5.715837,18.73471,54.274
2019-01-18 13:00:00,15.626495,6.6573486,900.1886,5.8733497,23.902222,55.164795
2019-01-18 14:00:00,14.42157,6.6278076,900.71704,5.9118657,28.646393,59.489365
2019-01-18 15:00:00,12.878326,6.023834,901.2378,5.8838673,32.220398,63.08741
2019-01-18 16:00:00,12.546295,5.894745,901.61505,5.802876,35.168,63.901764
2019-01-18 17:00:00,11.611176,5.580261,901.72516,5.612319,37.095795,66.4949
2019-01-18 18:00:00,11.436981,5.5368347,901.6018,5.4496393,37.510376,67.06283
2019-01-18 19:00:00,11.279755,5.4572754,901.29175,5.3209066,37.01358,67.391525
2019-01-18 20:00:00,10.605225,5.24234,900.9791,5.3048835,35.348083,69.43483
2019-01-18 21:00:00,10.464111,5.1863403,900.72565,5.3637476,33.13321,69.818375
2019-01-18 22:00:00,9.828857,5.015106,900.6834,5.242149,31.221222,71.983315
2019-01-18 23:00:00,9.774475,5.0097046,900.66125,5.4665146,30.097046,72.21893
2019-01-19 00:00:00,10.010986,5.2077637,900.8632,5.6945,30.109161,72.07043
2019-01-19 01:00:00,9.97403,5.1840515,901.33057,5.8546853,31.325409,72.12986
2019-01-19 02:00:00,10.562195,5.415558,902.03546,6.016994,32.932465,70.476715
2019-01-19 03:00:00,11.376282,5.780426,902.8232,6.1568336,35.02066,68.478264
2019-01-19 04:00:00,12.418488,6.3859253,903.43665,6.1687174,35.91977,66.660866
2019-01-19 05:00:00,15.163727,6.903137,903.5204,6.018368,33.090485,57.793446
2019-01-19 06:00:00,16.10608,6.772644,903.01514,5.865471,26.177063,53.92508
2019-01-19 07:00:00,16.508942,6.9630127,902.18024,5.89878,17.609558,53.2499
2019-01-19 08:00:00,17.71991,6.9345093,901.3122,6.132682,11.583954,49.224815
2019-01-19 09:00:00,17.864136,6.916992,900.70374,6.4554014,8.737732,48.721294
2019-01-19 10:00:00,16.71817,7.596527,900.3568,6.662346,3.017334,54.872437
2019-01-19 11:00:00,16.49411,7.4570923,900.3789,6.994709,9.326874,55.13223
2019-01-19 12:00:00,16.221252,7.399475,900.6094,7.1181693,12.106354,55.877995
2019-01-19 13:00:00,15.8723755,7.2065125,901.0349,7.3139024,15.378174,56.387363
2019-01-19 14:00:00,14.776581,7.1973877,901.6456,7.3670864,19.07666,60.457455
2019-01-19 15:00:00,13.230835,6.82959,902.2732,7.3097835,22.126007,65.16733
2019-01-19 16:00:00,12.959564,6.737976,902.7408,7.1723776,24.741852,65.91609
2019-01-19 17:00:00,12.055237,6.529846,902.86346,7.0081234,26.759155,68.95121
2019-01-19 18:00:00,11.730499,6.3215637,902.7102,6.860183,27.886871,69.44025
2019-01-19 19:00:00,11.506958,6.202118,902.3848,6.759743,28.186432,69.89539
2019-01-19 20:00:00,10.800598,5.923889,902.03906,6.703463,28.072052,71.85289
2019-01-19 21:00:00,10.613678,5.821045,901.8035,6.7831483,27.862854,72.23653
2019-01-19 22:00:00,9.95813,5.5586853,901.65845,6.650106,26.220734,74.10906
2019-01-19 23:00:00,9.908173,5.6109314,901.71313,6.9470935,26.75064,74.62699
2019-01-20 00:00:00,10.1640625,5.740387,901.9621,7.1537795,27.810608,74.02126
2019-01-20 01:00:00,10.119659,5.696686,902.4357,7.29863,29.676361,74.01698
2019-01-20 02:00:00,10.7344055,5.912445,903.1069,7.365956,31.679352,72.1128
2019-01-20 03:00:00,11.298737,6.2366333,903.81195,7.379947,34.56082,71.03382
2019-01-20 04:00:00,12.538055,6.9513855,904.27765,7.303412,36.086243,68.75977
2019-01-20 05:00:00,15.631409,7.48584,904.1651,6.9311457,35.22177,58.36652
2019-01-20 06:00:00,16.524933,7.240326,903.52124,6.385941,30.049713,54.215355
2019-01-20 07:00:00,16.870026,7.364197,902.581,5.926353,22.625153,53.4913
2019-01-20 08:00:00,18.06662,7.14209,901.66565,5.65052,16.340881,48.85239
2019-01-20 09:00:00,18.25473,7.1676025,901.01733,5.5366545,12.992096,48.363163
2019-01-20 10:00:00,16.98285,7.8488464,900.62726,5.335052,6.4803467,54.89451
2019-01-20 11:00:00,16.787964,7.8101196,900.52783,5.503653,14.301422,55.430706
2019-01-20 12:00:00,16.475891,7.8164673,900.6808,5.5475445,17.334442,56.56502
2019-01-20 13:00:00,16.009583,7.5611267,901.02954,5.5483947,21.936737,57.265835
2019-01-20 14:00:00,14.762665,7.3641357,901.5217,5.457984,25.718018,61.20543
2019-01-20 15:00:00,13.382751,6.9945374,901.9872,5.2482557,28.744476,65.25905
2019-01-20 16:00:00,13.064606,6.860199,902.3661,4.979217,31.129944,66.01668
2019-01-20 17:00:00,12.333527,6.8315735,902.4641,4.7603846,32.52295,69.11876
2019-01-20 18:00:00,12.04007,6.6594543,902.3088,4.5706406,32.22812,69.63775
2019-01-20 19:00:00,11.74408,6.513916,901.94135,4.4226923,31.004272,70.30276
2019-01-20 20:00:00,11.0346985,6.3321533,901.5368,4.4288664,29.134369,72.76542
2019-01-20 21:00:00,10.871307,6.283539,901.20483,4.5832543,27.521698,73.313194
2019-01-20 22:00:00,10.447296,6.0774536,901.0109,4.6083035,26.116669,74.34726
2019-01-20 23:00:00,10.339844,6.016693,900.97943,5.014432,27.782532,74.5685
2019-01-21 00:00:00,10.6154785,6.2526245,901.1967,5.2835903,30.173065,74.412575
2019-01-21 01:00:00,10.586945,6.204895,901.64734,5.5120945,33.45932,74.30917
2019-01-21 02:00:00,11.246918,6.483124,902.3351,5.6826735,36.96866,72.49833
2019-01-21 03:00:00,11.908783,6.814453,903.02234,5.768609,42.233063,70.99408
2019-01-21 04:00:00,12.850861,7.213623,903.46295,5.6944957,46.289246,68.585846
2019-01-21 05:00:00,15.508942,7.8334045,903.3945,5.092002,49.490845,60.236294
2019-01-21 06:00:00,16.675568,7.7114563,902.84766,4.2086935,48.43219,55.453766
2019-01-21 07:00:00,16.98117,7.7829895,901.9829,3.3419027,42.814148,54.654797
2019-01-21 08:00:00,17.931854,7.6273804,900.97296,2.7717605,34.431488,50.92851
2019-01-21 09:00:00,17.98706,7.5455017,900.2287,2.6102195,27.838562,50.46942
2019-01-21 10:00:00,16.655762,7.919037,899.58716,2.7312706,20.80951,56.313683
2019-01-21 11:00:00,16.459503,7.888794,899.52435,3.3653185,27.298248,56.903404
2019-01-21 12:00:00,16.178131,7.8690186,899.74414,4.127234,32.335938,57.85429
2019-01-21 13:00:00,15.783295,7.6900024,900.11646,4.609222,39.105988,58.61246
2019-01-21 14:00:00,14.799957,7.6795654,900.5923,4.795918,43.632843,62.38686
2019-01-21 15:00:00,13.5737915,7.279724,900.97217,4.822803,48.03427,65.722855
2019-01-21 16:00:00,13.272247,7.146942,901.285,4.742215,52.907837,66.42033
2019-01-21 17:00:00,12.58783,7.1341553,901.36743,4.611053,57.157684,69.399086
2019-01-21 18:00:00,12.313782,7.0028076,901.2637,4.552986,59.67383,70.02576
2019-01-21 19:00:00,12.125122,6.9677124,900.88055,4.5138617,60.517365,70.72938
2019-01-21 20:00:00,11.423126,6.7888184,900.4498,4.473964,60.01758,73.1787
2019-01-21 21:00:00,11.250916,6.7380676,900.0797,4.448614,59.07437,73.76031
2019-01-21 22:00:00,10.637299,6.4994507,899.8271,4.575166,56.526062,75.57825
2019-01-21 23:00:00,10.525726,6.4589233,899.988,4.665709,56.983307,75.92987
2019-01-22 00:00:00,10.64386,6.635559,900.2937,4.731491,58.160767,76.25551
2019-01-22 01:00:00,10.621124,6.5567017,900.843,4.799416,59.617157,75.95816
2019-01-22 02:00:00,11.209564,6.844818,901.4629,4.907278,62.373474,74.50653
2019-01-22 03:00:00,11.724823,7.180908,902.0519,4.9264965,66.335144,73.687775
2019-01-22 04:00:00,12.581726,7.652893,902.48016,4.735542,72.39014,71.93073
2019-01-22 05:00:00,14.9618225,8.084991,902.48,4.1506114,78.96411,63.466652
2019-01-22 06:00:00,15.898712,7.986328,902.0071,3.303451,83.90192,59.366955
2019-01-22 07:00:00,16.24405,8.065643,901.21295,2.4247782,86.9653,58.38708
2019-01-22 08:00:00,17.245941,7.8358154,900.4114,1.7369937,88.20346,53.940155
2019-01-22 09:00:00,17.38498,7.7958984,899.84375,1.4407437,82.29877,53.323208
2019-01-22 10:00:00,16.37082,8.312805,899.4515,1.3086903,80.80856,58.897327
2019-01-22 11:00:00,16.136658,8.253296,899.5385,1.9553589,58.802826,59.541805
2019-01-22 12:00:00,15.971893,8.311707,899.8473,2.8881903,52.940582,60.409958
2019-01-22 13:00:00,15.60318,8.141174,900.2952,3.5961807,53.684418,61.139603
2019-01-22 14:00:00,14.744629,8.142792,900.82874,4.0393186,54.687683,64.61382
2019-01-22 15:00:00,13.651123,7.646332,901.2999,4.2796316,55.72992,67.05032
2019-01-22 16:00:00,13.319763,7.5499573,901.6096,4.384149,56.97409,68.06352
2019-01-22 17:00:00,12.409668,7.390503,901.69037,4.356818,56.991882,71.45642
2019-01-22 18:00:00,12.269897,7.3310547,901.5351,4.334462,56.667725,71.82313
2019-01-22 19:00:00,12.020935,7.20636,901.21924,4.333391,55.091583,72.38927
2019-01-22 20:00:00,11.390625,7.0353394,900.87915,4.381877,52.545746,74.58631
2019-01-22 21:00:00,11.06842,6.805237,900.5693,4.5596633,49.11798,75.00308
2019-01-22 22:00:00,10.697113,6.7998047,900.361,4.4527855,48.13199,76.84763
2019-01-22 23:00:00,10.513062,6.680603,900.4031,4.8749514,46.13919,77.161064
2019-01-23 00:00:00,10.679932,6.827606,900.6777,5.2788596,45.897583,77.08244
2019-01-23 01:00:00,10.649963,6.836853,901.15063,5.70045,46.839935,77.28535
2019-01-23 02:00:00,11.426941,7.2428894,901.6682,6.1250844,48.679657,75.47179
2019-01-23 03:00:00,11.977325,7.5027466,902.17755,6.352686,51.312103,74.08252
2019-01-23 04:00:00,12.559021,7.824585,902.5207,6.1607475,54.849518,72.88528
2019-01-23 05:00:00,14.77478,8.139862,902.4924,5.5585113,55.689087,64.47555
2019-01-23 06:00:00,15.7933655,8.052429,902.03094,4.8440523,52.569916,60.03713
2019-01-23 07:00:00,16.12555,8.14151,901.3416,4.2422385,46.698883,59.133698
2019-01-23 08:00:00,16.981232,7.915558,900.60767,3.9675531,40.22052,55.149883
2019-01-23 09:00:00,17.124268,7.933838,900.0731,4.1137457,35.472626,54.720623
2019-01-23 10:00:00,16.140533,8.309845,899.66455,4.2434754,27.643494,59.755833
2019-01-23 11:00:00,15.996796,8.3168335,899.8093,5.1336975,29.341248,60.334957
2019-01-23 12:00:00,15.760651,8.252319,900.145,5.8383117,32.985565,60.984844
2019-01-23 13:00:00,15.421265,8.090759,900.5453,6.397261,35.810913,61.64505
2019-01-23 14:00:00,14.458496,8.092987,901.0687,6.7204933,38.24347,65.59575
2019-01-23 15:00:00,13.443695,7.803833,901.5212,6.7907176,40.32306,68.694435
2019-01-23 16:00:00,13.142822,7.6688538,901.8695,6.7228365,42.09839,69.41402
2019-01-23 17:00:00,12.131073,7.431427,901.9765,6.5948997,43.522614,72.98037
2019-01-23 18:00:00,11.949463,7.305908,901.93,6.445727,44.096497,73.22758
2019-01-23 19:00:00,11.727478,7.1996765,901.7266,6.3555675,44.031128,73.76952
2019-01-23 20:00:00,11.139923,7.0505066,901.53156,6.2580442,42.910156,75.914024
2019-01-23 21:00:00,10.9313965,6.9730225,901.3679,6.2454834,41.406647,76.56425
2019-01-23 22:00:00,10.387726,6.7213745,901.32306,5.6287613,38.558838,78.026634
2019-01-23 23:00:00,10.220337,6.5832214,901.4881,5.8753176,37.797333,78.15779
2019-01-24 00:00:00,10.270233,6.6086426,901.8395,6.149667,37.74362,78.03407
2019-01-24 01:00:00,10.24411,6.5895996,902.4002,6.4058523,38.204437,78.06804
2019-01-24 02:00:00,10.875397,6.8835144,903.0476,6.713504,39.177643,76.37946
2019-01-24 03:00:00,11.272247,7.0469666,903.6778,6.8068337,40.631012,75.23303
2019-01-24 04:00:00,11.864227,7.1099854,904.1292,6.5283,41.970215,72.659775
2019-01-24 05:00:00,14.21521,7.632202,904.14154,5.9551396,39.637085,64.57897
2019-01-24 06:00:00,15.391266,7.5479126,903.74896,5.444424,34.38907,59.523193
2019-01-24 07:00:00,15.758026,7.6128235,902.9506,5.028634,26.906372,58.399242
2019-01-24 08:00:00,16.782135,7.4135437,902.11896,4.823677,19.028168,53.971966
2019-01-24 09:00:00,16.941467,7.384186,901.4405,4.9886827,14.747742,53.322346
2019-01-24 10:00:00,15.886169,7.822235,900.9957,5.199599,9.553833,58.75505
2019-01-24 11:00:00,15.739319,7.541687,901.02234,5.9277415,14.944733,58.186172
2019-01-24 12:00:00,15.436951,7.486084,901.2734,6.3707366,20.901825,59.09921
2019-01-24 13:00:00,15.1539,7.402008,901.6052,6.5711637,25.768066,59.838272
2019-01-24 14:00:00,14.138824,7.284485,902.0479,6.7738895,29.93457,63.37679
2019-01-24 15:00:00,12.894104,6.957489,902.4533,6.8323946,33.225616,67.20319
2019-01-24 16:00:00,12.555115,6.839966,902.75226,6.8030252,36.300293,68.16013
2019-01-24 17:00:00,11.63324,6.633301,902.81854,6.6629725,38.619934,71.40271
2019-01-24 18:00:00,11.275452,6.427643,902.6044,6.6265316,39.8692,72.085686
2019-01-24 19:00:00,10.998993,6.2506104,902.2896,6.595334,40.739197,72.52938
2019-01-24 20:00:00,10.413055,6.0055237,901.9813,6.6091323,41.01648,74.148026
2019-01-24 21:00:00,10.162079,5.8926086,901.7562,6.7055783,41.0094,74.81467
2019-01-24 22:00:00,9.772186,5.867798,901.5282,6.5684376,40.45047,76.66072
2019-01-24 23:00:00,9.732208,5.867676,901.57306,6.936243,41.169586,76.86579
2019-01-25 00:00:00,9.858215,5.9742737,901.8696,7.2832255,41.97534,76.78308
2019-01-25 01:00:00,9.85379,5.9700623,902.4211,7.624139,43.514557,76.7835
2019-01-25 02:00:00,10.431976,6.232666,902.9451,7.9749627,45.437378,75.22434
2019-01-25 03:00:00,11.195831,6.623352,903.45447,8.224358,48.973022,73.44895
2019-01-25 04:00:00,11.959808,6.9360657,903.74994,8.25143,53.40506,71.34842
2019-01-25 05:00:00,14.034973,7.3883057,903.6895,7.776032,57.8992,64.25891
2019-01-25 06:00:00,14.953735,7.382019,903.161,6.8972135,60.45993,60.53077
2019-01-25 07:00:00,15.31427,7.483856,902.442,5.9070573,60.155823,59.557076
2019-01-25 08:00:00,16.195374,7.3437805,901.64813,5.138939,57.402557,55.757694
2019-01-25 09:00:00,16.377472,7.2120667,901.11597,4.866265,52.921448,54.620655
2019-01-25 10:00:00,15.455688,7.500183,900.82733,4.224537,46.59668,59.085083
2019-01-25 11:00:00,15.370697,7.514801,900.95264,5.12071,41.562317,59.467285
2019-01-25 12:00:00,15.208282,7.436493,901.35175,5.941167,41.117065,59.77017
2019-01-25 13:00:00,14.87796,7.2877502,901.89844,6.443968,42.81128,60.436203
2019-01-25 14:00:00,14.085419,7.464447,902.47797,6.8198404,44.085938,64.38306
2019-01-25 15:00:00,12.995483,7.0977173,902.9348,7.064467,45.128113,67.40365
2019-01-25 16:00:00,12.778717,7.036682,903.21466,7.177862,46.5542,68.08086
2019-01-25 17:00:00,12.120239,6.9457397,903.25195,7.22573,47.42737,70.645645
2019-01-25 18:00:00,11.887451,6.8644714,903.04767,7.220114,48.04126,71.33834
2019-01-25 19:00:00,11.5937805,6.699707,902.715,7.2691913,48.082672,71.916405
2019-01-25 20:00:00,10.902618,6.370575,902.32623,7.330193,47.99173,73.60081
2019-01-25 21:00:00,10.7803955,6.3386536,901.9814,7.4273653,47.66742,74.03813
2019-01-25 22:00:00,10.582031,6.445221,901.7537,7.0053062,48.454926,75.57434
2019-01-25 23:00:00,10.429993,6.3737793,901.8078,7.275902,47.942078,75.96933
2019-01-26 00:00:00,10.453491,6.3475647,902.1218,7.4856925,48.46466,75.7136
2019-01-26 01:00:00,10.285706,6.1994324,902.65656,7.658189,48.872833,75.78811
2019-01-26 02:00:00,10.877502,6.4214783,903.2307,7.8569846,49.697906,73.982544
2019-01-26 03:00:00,11.362183,6.7013245,903.77045,7.9648905,52.023865,73.03436
2019-01-26 04:00:00,11.982452,6.965393,904.1783,7.587764,55.71472,71.38542
2019-01-26 05:00:00,14.120239,7.438629,904.22296,6.778354,56.80963,64.124855
2019-01-26 06:00:00,14.968903,7.4093018,903.7926,5.961591,54.72638,60.584515
2019-01-26 07:00:00,15.329254,7.4454346,903.0253,5.1861343,48.876923,59.343983
2019-01-26 08:00:00,16.236145,7.1688538,902.2346,4.703806,40.78174,54.951797
2019-01-26 09:00:00,16.320038,7.076782,901.6086,4.7488675,33.17868,54.315548
2019-01-26 10:00:00,15.49176,7.3635254,901.2481,5.0347605,23.631042,58.401142
2019-01-26 11:00:00,15.312103,7.2686157,901.34344,5.8804407,24.028198,58.695972
2019-01-26 12:00:00,15.052795,7.207611,901.65967,6.4059863,27.131195,59.43348
2019-01-26 13:00:00,14.7052,7.181122,902.1172,6.796448,28.87622,60.66873
2019-01-26 14:00:00,13.799744,7.074005,902.65955,7.162953,31.459045,63.85957
2019-01-26 15:00:00,12.742554,6.6914673,903.142,7.3770976,33.52835,66.64534
2019-01-26 16:00:00,12.515045,6.6219788,903.556,7.4964643,35.805664,67.32422
2019-01-26 17:00:00,11.750793,6.3354797,903.6765,7.5116177,37.386383,69.413826
2019-01-26 18:00:00,11.65741,6.3726196,903.5093,7.551187,37.97589,70.02189
2019-01-26 19:00:00,11.348663,6.1726685,903.19006,7.5915446,38.37671,70.48784
2019-01-26 20:00:00,10.790222,6.0543213,902.8734,7.6450458,38.745697,72.553185
2019-01-26 21:00:00,10.640411,6.0025635,902.642,7.703811,39.216217,73.01843
2019-01-26 22:00:00,10.171661,5.827881,902.4341,7.205777,37.195374,74.43291
2019-01-26 23:00:00,10.032501,5.7335815,902.5058,7.3876996,38.06485,74.63998
2019-01-27 00:00:00,10.1501465,5.8681335,902.799,7.5496535,39.139465,74.74776
2019-01-27 01:00:00,10.082703,5.8186035,903.30975,7.674518,40.779083,74.82873
2019-01-27 02:00:00,10.617432,6.01297,903.84576,7.7811446,42.028442,73.1828
2019-01-27 03:00:00,11.059113,6.223236,904.39417,7.84665,44.725677,72.10441
2019-01-27 04:00:00,11.561371,6.3721313,904.81177,7.455946,48.350067,70.46516
2019-01-27 05:00:00,13.849976,6.778717,904.7924,6.517843,48.66388,62.376057
2019-01-27 06:00:00,14.781982,6.828308,904.24414,5.5633693,44.2016,58.92743
2019-01-27 07:00:00,15.062897,6.866974,903.34607,4.806854,36.43402,58.025135
2019-01-27 08:00:00,16.055298,6.669403,902.4403,4.524567,27.07666,53.717888
2019-01-27 09:00:00,16.187347,6.6036987,901.7326,4.718003,20.602081,53.02743
2019-01-27 10:00:00,15.275635,6.820404,901.2873,5.102042,18.997498,57.05486
2019-01-27 11:00:00,15.153473,6.741516,901.2961,5.802597,21.977112,57.193775
2019-01-27 12:00:00,14.975189,6.699768,901.4927,6.073509,27.414795,57.68758
2019-01-27 13:00:00,14.643707,6.6544495,901.86884,6.237772,30.667053,58.74967
2019-01-27 14:00:00,13.527527,6.427002,902.3579,6.4634485,33.67166,62.175648
2019-01-27 15:00:00,12.547607,6.3111877,902.8349,6.5894666,36.0166,65.759186
2019-01-27 16:00:00,12.187164,6.093689,903.2076,6.6272993,37.93457,66.33189
2019-01-27 17:00:00,11.335205,5.849945,903.34375,6.613558,39.129303,68.99567
2019-01-27 18:00:00,11.2265625,5.8724976,903.2449,6.6075687,39.56375,69.60234
2019-01-27 19:00:00,11.006195,5.75943,902.9911,6.559867,39.339172,70.07674
2019-01-27 20:00:00,10.4722595,5.5588074,902.6772,6.5554323,38.857147,71.60818
2019-01-27 21:00:00,10.309998,5.469452,902.44086,6.608655,38.05139,71.940216
2019-01-27 22:00:00,9.717865,5.343811,902.2961,6.3398623,36.698578,74.19717
2019-01-27 23:00:00,9.58194,5.259369,902.3074,6.5725875,36.163727,74.43898
2019-01-28 00:00:00,9.626465,5.235779,902.6054,6.8303337,36.545227,74.09533
2019-01-28 01:00:00,9.588989,5.199463,903.0913,7.044214,37.672882,74.09465
2019-01-28 02:00:00,10.18396,5.3745728,903.7294,7.260269,38.5607,72.07213
2019-01-28 03:00:00,10.536285,5.462738,904.35626,7.453464,40.363617,70.829926
2019-01-28 04:00:00,11.029266,5.5302734,904.8544,7.178935,41.89145,68.86771
2019-01-28 05:00:00,13.596863,6.0851135,904.9406,6.5981846,39.622803,60.454323
2019-01-28 06:00:00,14.514679,6.0421753,904.4562,5.9682236,32.906677,56.79473
2019-01-28 07:00:00,14.8324585,6.111084,903.5963,5.5703473,23.23648,55.90783
2019-01-28 08:00:00,15.821869,5.8616943,902.6662,5.5737405,14.565369,51.57244
2019-01-28 09:00:00,15.945862,5.7602844,901.9748,5.918846,10.626434,50.807816
2019-01-28 10:00:00,15.1154785,6.035553,901.50586,6.3014107,8.321106,54.61342
2019-01-28 11:00:00,14.995209,5.967865,901.455,6.9431553,13.4079895,54.78075
2019-01-28 12:00:00,14.817535,6.0573425,901.59,7.092132,19.19162,55.754425
2019-01-28 13:00:00,14.485626,6.0307007,901.897,7.2642612,21.42926,56.856335
2019-01-28 14:00:00,13.441437,6.108185,902.3614,7.5061517,23.510284,61.166233
2019-01-28 15:00:00,12.1831665,5.8146057,902.7938,7.595214,25.149109,65.08221
2019-01-28 16:00:00,11.910187,5.7347717,903.19806,7.5925045,26.224792,65.89733
2019-01-28 17:00:00,11.191071,5.527832,903.28687,7.5930924,26.834442,68.121155
2019-01-28 18:00:00,10.800812,5.244934,903.08203,7.6474395,26.534943,68.54953
2019-01-28 19:00:00,10.548859,5.13266,902.66425,7.6963243,26.190155,69.166565
2019-01-28 20:00:00,9.884735,4.893799,902.2452,7.75999,25.6492,71.111046
2019-01-28 21:00:00,9.711609,4.8298645,901.8821,7.8988266,25.595337,71.6209
2019-01-28 22:00:00,9.013428,4.4852905,901.56445,7.941389,22.894287,73.279045
2019-01-28 23:00:00,8.813446,4.335388,901.46063,8.032158,24.69867,73.49979
2019-01-29 00:00:00,8.921265,4.3394165,901.6716,8.037629,26.704468,72.98737
2019-01-29 01:00:00,8.897156,4.3217773,902.1227,8.051908,29.053802,73.016
2019-01-29 02:00:00,9.596771,4.5147705,902.74634,7.991861,30.91269,70.60454
2019-01-29 03:00:00,9.969208,4.6311035,903.4143,7.9530973,33.28253,69.42611
2019-01-29 04:00:00,10.713226,4.7917175,903.8736,7.676414,34.43219,66.80852
2019-01-29 05:00:00,13.229004,5.24292,903.95026,7.1510835,32.822876,58.412056
2019-01-29 06:00:00,14.28595,5.0714417,903.4881,6.4982677,26.971985,53.889854
2019-01-29 07:00:00,14.614807,5.127075,902.77405,6.0956187,18.147583,52.96153
2019-01-29 08:00:00,15.606323,5.065674,901.9945,5.954586,10.030945,49.479633
2019-01-29 09:00:00,15.796051,4.9776917,901.4743,6.144568,6.291748,48.584137
2019-01-29 10:00:00,14.950653,5.4182434,901.043,6.5758,3.3386536,52.886677
2019-01-29 11:00:00,14.891052,5.320984,901.0362,6.757046,9.788208,52.732742
2019-01-29 12:00:00,14.779022,5.3736267,901.3425,6.544927,17.187164,53.309155
2019-01-29 13:00:00,14.462463,5.3280334,901.80914,6.64826,20.116516,54.237236
2019-01-29 14:00:00,13.350983,5.397949,902.3463,6.7374973,23.326355,58.576656
2019-01-29 15:00:00,12.051514,4.9976196,902.8365,6.7521286,25.922241,62.029892
2019-01-29 16:00:00,11.825653,4.951233,903.19336,6.677122,27.534424,62.756832
2019-01-29 17:00:00,11.022156,4.703644,903.24725,6.608249,28.377258,65.05022
2019-01-29 18:00:00,10.80426,4.5881653,902.99945,6.5783734,28.679993,65.46849
2019-01-29 19:00:00,10.743164,4.595703,902.63513,6.6135683,28.46289,65.769615
2019-01-29 20:00:00,10.036743,4.3711243,902.29584,6.703597,28.163177,67.86844
2019-01-29 21:00:00,9.878143,4.262451,902.0497,6.7897434,28.003815,68.07274
2019-01-29 22:00:00,9.241699,4.0724792,901.8389,6.7362,26.668762,70.10455
2019-01-29 23:00:00,9.24057,4.0550537,901.93256,6.8771405,27.97107,70.02423
2019-01-30 00:00:00,9.499542,4.169403,902.2425,7.0722213,30.024445,69.36956
2019-01-30 01:00:00,9.479553,4.103668,902.7908,7.304103,32.123352,69.143364
2019-01-30 02:00:00,10.160767,4.173584,903.42267,7.524414,34.154053,66.3833
2019-01-30 03:00:00,10.679962,4.4784546,904.0796,7.7515073,36.776703,65.50777
2019-01-30 04:00:00,11.465942,4.7761536,904.55634,7.696217,38.118927,63.48597
2019-01-30 05:00:00,14.252594,5.3082886,904.6011,7.3162327,37.142273,54.90287
2019-01-30 06:00:00,15.166443,5.2394714,904.0375,6.8380733,32.64328,51.5144
2019-01-30 07:00:00,15.525085,5.401184,903.17487,6.5864115,26.348663,50.91108
2019-01-30 08:00:00,16.586517,5.428711,902.27734,6.567248,21.184662,47.668034
2019-01-30 09:00:00,16.801788,5.5308228,901.6387,6.7178802,19.371552,47.355087
2019-01-30 10:00:00,15.9114685,6.278076,901.3192,6.873734,18.687317,52.773212
2019-01-30 11:00:00,15.719788,6.1012573,901.35803,7.2490487,24.309021,52.77638
2019-01-30 12:00:00,15.246735,6.1180725,901.6689,7.5944905,28.154297,54.464184
2019-01-30 13:00:00,15.024719,6.0631714,902.1094,8.04288,32.27301,55.037903
2019-01-30 14:00:00,14.0383,6.112335,902.6686,8.2751465,35.22235,58.856712
2019-01-30 15:00:00,12.851227,5.825775,903.20984,8.372172,37.65677,62.340187
2019-01-30 16:00:00,12.627136,5.72641,903.6532,8.40971,39.865234,62.82816
2019-01-30 17:00:00,11.834473,5.7901,903.7749,8.353741,41.401825,66.481094
2019-01-30 18:00:00,11.580719,5.7489624,903.533,8.312912,42.018982,67.41184
2019-01-30 19:00:00,11.397858,5.706726,903.164,8.223691,42.282837,68.03266
2019-01-30 20:00:00,10.827301,5.624542,902.7367,8.18455,42.385925,70.255135
2019-01-30 21:00:00,10.591644,5.6052856,902.4109,8.19951,42.40857,71.27008
2019-01-30 22:00:00,10.154633,5.560974,902.25165,8.107591,41.780945,73.15324
2019-01-30 23:00:00,10.134674,5.6277466,902.22833,8.251069,42.75241,73.59056
2019-01-31 00:00:00,10.374939,5.8075256,902.4598,8.325613,44.09555,73.32636
2019-01-31 01:00:00,10.309814,5.807556,902.90356,8.407693,45.653595,73.64582
2019-01-31 02:00:00,10.902069,5.8927307,903.4439,8.480992,47.466553,71.21648
2019-01-31 03:00:00,11.438538,6.213043,904.0076,8.628731,51.073853,70.26526
2019-01-31 04:00:00,12.28717,6.729004,904.4082,8.400257,54.437744,68.84321
2019-01-31 05:00:00,14.877136,7.3995056,904.38525,7.702163,57.248108,60.90268
2019-01-31 06:00:00,15.843994,7.2641907,903.87146,6.7049603,56.470123,56.71298
2019-01-31 07:00:00,16.141846,7.40036,902.9271,5.853593,52.238525,56.164963
2019-01-31 08:00:00,17.236359,7.4375916,901.9148,5.397262,46.733673,52.527397
2019-01-31 09:00:00,17.393677,7.4680786,901.14935,5.3574834,42.827972,52.11614
2019-01-31 10:00:00,16.427094,8.087677,900.7223,5.197257,41.982788,57.796986
2019-01-31 11:00:00,16.248627,8.072296,900.69,5.7849517,40.84549,58.396442
2019-01-31 12:00:00,15.969147,8.071075,900.9964,6.4977503,40.960205,59.441833
2019-01-31 13:00:00,15.689392,7.9991455,901.4758,6.907712,43.83719,60.219288
2019-01-31 14:00:00,14.69281,7.891144,902.0765,7.211472,45.855377,63.730736
2019-01-31 15:00:00,13.451691,7.595642,902.59717,7.3235755,47.78363,67.69165
2019-01-31 16:00:00,13.189911,7.5053406,902.9377,7.2895427,49.561707,68.4337
2019-01-31 17:00:00,12.432983,7.3916626,902.98944,7.1537466,50.843567,71.35279
2019-01-31 18:00:00,12.234619,7.3192444,902.7704,7.005456,51.23047,71.93177
2019-01-31 19:00:00,12.045837,7.2265625,902.3127,6.874063,50.727142,72.37061
2019-01-31 20:00:00,11.557373,7.1515503,901.88275,6.791191,50.025818,74.35766
2019-01-31 21:00:00,11.357361,7.0490723,901.56165,6.6794543,49.040527,74.82104
2019-01-31 22:00:00,10.879272,6.9562073,901.35815,6.2685504,52.213135,76.7413
2019-01-31 23:00:00,10.835846,6.9911194,901.409,6.311709,51.333466,77.14743
2019-02-01 00:00:00,11.019104,7.0671387,901.74335,6.3618197,51.3403,76.6121
2019-02-01 01:00:00,10.992859,7.01709,902.32654,6.4157186,51.927917,76.48302
2019-02-01 02:00:00,11.801239,7.3079834,902.9888,6.4505157,52.786713,73.95707
2019-02-01 03:00:00,12.312103,7.5563354,903.62494,6.3752637,55.11331,72.73436
2019-02-01 04:00:00,12.985565,7.8513794,904.03314,5.9238524,59.123108,71.007774
2019-02-01 05:00:00,15.298065,8.165802,904.00586,4.870144,60.40555,62.451626
2019-02-01 06:00:00,16.21521,7.937042,903.4892,3.9392076,53.53656,57.98541
2019-02-01 07:00:00,16.469482,7.9818115,902.59937,3.32448,40.384796,57.22816
2019-02-01 08:00:00,17.45575,7.916046,901.61414,3.162971,24.704773,53.52125
2019-02-01 09:00:00,17.582275,7.8015137,900.908,3.474001,14.226807,52.683483
2019-02-01 10:00:00,16.668243,8.344788,900.313,3.742274,16.07721,57.91943
2019-02-01 11:00:00,16.506134,8.3498535,900.23755,4.4214816,17.35617,58.539295
2019-02-01 12:00:00,16.202759,8.289642,900.4496,4.8621845,19.261719,59.43776
2019-02-01 13:00:00,15.924103,8.127502,900.8842,5.045506,21.545532,59.841965
2019-02-01 14:00:00,15.059509,8.182098,901.3782,5.2677927,23.828003,63.48629
2019-02-01 15:00:00,13.791626,7.8077087,901.8508,5.381924,26.210083,67.175385
2019-02-01 16:00:00,13.516327,7.661499,902.21155,5.326086,28.46521,67.710754
2019-02-01 17:00:00,12.675446,7.557007,902.2714,5.2366943,30.024567,71.024445
2019-02-01 18:00:00,12.316956,7.306183,902.0211,5.175556,30.356628,71.47979
2019-02-01 19:00:00,12.0625305,7.164673,901.5157,5.1922765,30.15744,71.98572
2019-02-01 20:00:00,11.336578,6.8587036,901.04,5.2453094,29.405579,73.95278
2019-02-01 21:00:00,11.13501,6.805298,900.6582,5.351234,28.55606,74.67289
2019-02-01 22:00:00,10.359985,6.47937,900.38654,5.153482,30.433533,76.8816
2019-02-01 23:00:00,10.282654,6.415222,900.3276,5.367852,29.618835,76.93894
2019-02-02 00:00:00,10.33316,6.382477,900.6166,5.501048,30.09436,76.50738
2019-02-02 01:00:00,10.256165,6.3098145,901.193,5.6362367,31.411743,76.51766
2019-02-02 02:00:00,11.028137,6.658081,901.86755,5.731396,33.005035,74.44777
2019-02-02 03:00:00,11.547424,6.9239197,902.5044,5.68948,35.077026,73.25546
2019-02-02 04:00:00,12.221008,7.233429,902.9383,5.270497,34.322937,71.57501
2019-02-02 05:00:00,14.680786,7.565735,903.0147,4.842136,28.88379,62.381958
2019-02-02 06:00:00,15.824066,7.3691406,902.595,4.6760435,20.75647,57.194035
2019-02-02 07:00:00,16.156525,7.5220337,901.8296,4.61522,11.257355,56.580418
2019-02-02 08:00:00,17.277863,7.321106,900.97424,4.688785,3.9062195,51.97454
2019-02-02 09:00:00,17.480713,7.3555603,900.33344,4.8976703,359.81506,51.433815
2019-02-02 10:00:00,16.492188,7.828766,899.8597,5.030106,1.6410217,56.553745
2019-02-02 11:00:00,16.397491,7.7441406,899.89087,5.44865,10.06189,56.56861
2019-02-02 12:00:00,16.151398,7.713806,900.18805,5.629554,17.658295,57.343792
2019-02-02 13:00:00,15.798645,7.5531616,900.6492,5.728793,22.416565,58.011227
2019-02-02 14:00:00,14.743011,7.539215,901.245,5.888373,27.489075,62.019886
2019-02-02 15:00:00,13.367462,7.213806,901.75836,5.9630194,31.710297,66.312065
2019-02-02 16:00:00,13.042877,7.077179,902.17834,5.9552374,35.325623,67.100845
2019-02-02 17:00:00,12.217621,6.962372,902.3834,5.9374785,37.967194,70.2747
2019-02-02 18:00:00,11.917816,6.754181,902.26587,5.947188,39.351135,70.658936
2019-02-02 19:00:00,11.715149,6.642029,901.921,5.943179,40.179474,71.06022
2019-02-02 20:00:00,10.968262,6.4013367,901.5352,5.9435883,40.069397,73.436035
2019-02-02 21:00:00,10.812103,6.3406067,901.2997,6.0186906,39.637512,73.892166
2019-02-02 22:00:00,10.022064,5.9474487,901.1577,5.6189914,39.49829,75.80499
2019-02-02 23:00:00,9.968414,5.892029,901.20233,5.8478622,39.359222,75.78675
2019-02-03 00:00:00,10.311981,6.166321,901.5578,6.038249,40.001587,75.48275
2019-02-03 01:00:00,10.210693,6.1046143,902.1805,6.2406473,41.45279,75.67207
2019-02-03 02:00:00,10.857544,6.4019165,902.921,6.44583,43.49707,73.981026
2019-02-03 03:00:00,11.747986,6.819977,903.6827,6.5812244,46.28949,71.778076
2019-02-03 04:00:00,12.461365,7.184143,904.2519,6.3466945,48.945374,70.216866
2019-02-03 05:00:00,14.954803,7.513794,904.3886,5.814711,47.005554,61.073597
2019-02-03 06:00:00,16.14682,7.6064453,903.98706,5.2880163,40.67926,56.942345
2019-02-03 07:00:00,16.511963,7.670166,903.2324,4.8955793,31.726135,55.875862
2019-02-03 08:00:00,17.720428,7.519928,902.443,4.7826657,22.28595,51.23398
2019-02-03 09:00:00,17.966003,7.3986816,901.79517,4.9719768,16.503357,50.032352
2019-02-03 10:00:00,17.008911,7.860016,901.3642,5.3404264,16.070007,54.845627
2019-02-03 11:00:00,16.852661,7.8179016,901.30725,5.9528475,23.325165,55.23294
2019-02-03 12:00:00,16.479431,7.7839966,901.55884,6.3482294,28.539856,56.427418
2019-02-03 13:00:00,16.092133,7.6235657,902.04987,6.635046,31.04126,57.20803
2019-02-03 14:00:00,15.028748,7.72464,902.71704,6.8785896,34.960968,61.6638
2019-02-03 15:00:00,13.707703,7.2907104,903.3477,6.945185,38.2883,65.20208
2019-02-03 16:00:00,13.477142,7.1987,903.9221,6.8762155,41.084015,65.77208
2019-02-03 17:00:00,12.485016,6.9290466,904.1312,6.735757,42.645874,68.89383
2019-02-03 18:00:00,12.214691,6.8004456,903.9623,6.6166706,42.890747,69.512
2019-02-03 19:00:00,12.021057,6.7565002,903.6001,6.529011,42.575623,70.19122
2019-02-03 20:00:00,11.3159485,6.5613403,903.27057,6.50726,41.738495,72.55691
2019-02-03 21:00:00,11.146423,6.4243774,903.0435,6.54648,41.11029,72.688324
2019-02-03 22:00:00,10.582886,6.162018,902.8976,6.498302,42.499725,74.10979
2019-02-03 23:00:00,10.532043,6.1792297,902.91974,6.703873,41.638367,74.44951
2019-02-04 00:00:00,10.686462,6.314789,903.26794,6.8785653,41.44702,74.379776
2019-02-04 01:00:00,10.672577,6.2633667,903.8585,7.0551376,42.157166,74.1852
2019-02-04 02:00:00,11.493988,6.581085,904.56885,7.236573,43.302216,71.804634
2019-02-04 03:00:00,12.1475525,6.977112,905.2483,7.2643857,45.24295,70.67061
2019-02-04 04:00:00,12.854187,7.2356873,905.78345,6.909943,46.17102,68.674484
2019-02-04 05:00:00,15.710266,7.8762817,905.8631,6.3161507,44.164764,59.638523
2019-02-04 06:00:00,16.70996,7.742859,905.41766,5.7035356,38.915527,55.45128
2019-02-04 07:00:00,17.132599,7.910858,904.649,5.2005677,30.362183,54.606373
2019-02-04 08:00:00,18.388428,7.741913,903.805,4.971693,20.647156,49.877052
2019-02-04 09:00:00,18.587524,7.731415,903.09656,4.983478,14.070465,49.223785
2019-02-04 10:00:00,17.641449,8.387787,902.5033,5.2726274,10.581238,54.61949
2019-02-04 11:00:00,17.469177,7.9841614,902.4057,5.536038,17.512665,53.724163
2019-02-04 12:00:00,17.165192,7.975067,902.5754,5.750285,21.921692,54.73233
2019-02-04 13:00:00,16.835297,7.8325806,902.96893,5.9032855,25.108429,55.349083
2019-02-04 14:00:00,15.678406,7.896515,903.54156,5.936489,27.7594,59.842545
2019-02-04 15:00:00,14.402252,7.540985,904.0525,5.8798904,29.428955,63.406776
2019-02-04 16:00:00,14.146088,7.3847656,904.4929,5.739799,30.668701,63.782555
2019-02-04 17:00:00,13.35434,7.290039,904.52673,5.6105742,31.36084,66.71565
2019-02-04 18:00:00,13.126312,7.2005615,904.29877,5.5051045,30.927948,67.30219
2019-02-04 19:00:00,12.903656,7.097687,903.87146,5.390796,29.297424,67.80931
2019-02-04 20:00:00,12.194458,6.9243774,903.4899,5.380138,27.029083,70.19874
2019-02-04 21:00:00,12.038452,6.8967285,903.09784,5.52939,25.132202,70.78867
2019-02-04 22:00:00,11.474579,6.6290283,902.82776,5.333808,24.585052,72.134155
2019-02-04 23:00:00,11.421692,6.6455994,902.67456,5.699209,23.2471,72.4694
2019-02-05 00:00:00,11.658752,6.818268,902.8317,6.0074487,23.432953,72.19365
2019-02-05 01:00:00,11.589844,6.772217,903.26587,6.221649,24.408539,72.29414
2019-02-05 02:00:00,12.386871,6.8941345,903.8452,6.3845253,26.271332,69.173256
2019-02-05 03:00:00,13.033142,7.435608,904.3821,6.332387,29.360687,68.80938
2019-02-05 04:00:00,13.819336,7.844055,904.7539,6.001913,30.943237,67.22071
2019-02-05 05:00:00,16.519348,8.266052,904.69806,5.352327,29.331268,58.158726
2019-02-05 06:00:00,17.60373,8.42865,904.182,4.7393312,20.718994,54.901314
2019-02-05 07:00:00,17.958374,8.645569,903.27814,4.517257,7.5286255,54.482903
2019-02-05 08:00:00,19.099518,8.446899,902.2268,4.7252183,356.0014,50.04868
2019-02-05 09:00:00,19.258392,8.431519,901.3658,5.056895,350.34253,49.504154
2019-02-05 10:00:00,18.144012,8.942993,900.7756,5.5487614,348.71542,54.943794
2019-02-05 11:00:00,17.9292,8.773132,900.49475,5.647756,355.58466,55.055588
2019-02-05 12:00:00,17.63742,8.583588,900.4736,5.6888027,0.9913635,55.362476
2019-02-05 13:00:00,17.194489,8.42038,900.7039,5.6496835,4.998047,56.307175
2019-02-05 14:00:00,16.205963,8.564209,901.14703,5.5674777,7.315277,60.54124
2019-02-05 15:00:00,14.888611,8.319183,901.6154,5.3749456,8.677795,64.78796
2019-02-05 16:00:00,14.670258,8.198761,901.9238,5.096707,10.215576,65.17155
2019-02-05 17:00:00,13.833405,8.055725,901.9146,4.768519,10.591309,68.13298
2019-02-05 18:00:00,13.562378,7.966217,901.5443,4.5547147,9.840393,68.92308
2019-02-05 19:00:00,13.374512,7.8883057,901.036,4.406527,7.6426086,69.40252
2019-02-05 20:00:00,12.627472,7.7096252,900.5111,4.42617,5.2983093,71.993164
2019-02-05 21:00:00,12.304749,7.4904785,900.0893,4.540809,4.0119324,72.44327
2019-02-05 22:00:00,11.773956,7.288391,899.6808,4.304098,359.06415,73.991135
2019-02-05 23:00:00,11.655548,7.240967,899.5419,4.5024524,0.15853882,74.33026
2019-02-06 00:00:00,11.815674,7.402954,899.7461,4.663227,1.8337402,74.36767
2019-02-06 01:00:00,11.767212,7.365967,900.19055,4.6904497,5.3187866,74.417534
2019-02-06 02:00:00,12.627441,7.657379,900.83044,4.659748,9.425751,71.73746
2019-02-06 03:00:00,13.121307,7.875763,901.4645,4.5306563,13.140991,70.49788
2019-02-06 04:00:00,13.835327,8.084198,901.8611,4.0363445,13.111694,68.25636
2019-02-06 05:00:00,16.396545,8.454437,901.87195,3.4445288,4.8535156,59.368015
2019-02-06 06:00:00,17.38501,8.3573,901.3764,3.3078325,349.05368,55.395878
2019-02-06 07:00:00,17.721222,8.538391,900.55096,3.5075037,335.1648,54.902702
2019-02-06 08:00:00,18.655396,8.408386,899.5584,3.7754474,325.9673,51.321976
2019-02-06 09:00:00,18.77951,8.28653,898.7935,3.9654965,322.7034,50.506393
2019-02-06 10:00:00,17.726654,8.837494,898.2902,4.1771793,326.88135,56.00493
2019-02-06 11:00:00,17.521729,8.69928,898.2157,4.1032515,338.02905,56.2059
2019-02-06 12:00:00,17.305054,8.621735,898.4094,4.133375,350.0727,56.682224
2019-02-06 13:00:00,16.983765,8.449982,898.8021,4.1238546,1.7695618,57.177822
2019-02-06 14:00:00,16.02948,8.495941,899.34906,4.104646,10.142212,60.94427
2019-02-06 15:00:00,14.806122,8.102203,899.8479,3.9965918,17.276093,64.18114
2019-02-06 16:00:00,14.564087,8.065674,900.2632,3.8019826,23.020477,65.029236
2019-02-06 17:00:00,13.763855,7.9381104,900.34485,3.585266,27.519226,67.89639
2019-02-06 18:00:00,13.475067,7.84256,900.14136,3.395122,28.954315,68.735214
2019-02-06 19:00:00,13.30188,7.8208923,899.6705,3.2991195,29.022675,69.412636
2019-02-06 20:00:00,12.7013855,7.6367493,899.2556,3.2835639,27.915588,71.29047
2019-02-06 21:00:00,12.49353,7.6307373,898.9791,3.3396297,26.615784,72.23879
2019-02-06 22:00:00,11.887695,7.4015503,898.81244,3.35653,20.359772,74.00827
2019-02-06 23:00:00,11.825256,7.41037,898.79724,3.5669155,22.359955,74.35834
2019-02-07 00:00:00,12.058868,7.595886,899.1616,3.7680144,26.599731,74.15548
2019-02-07 01:00:00,11.929169,7.5422363,899.719,3.9026904,31.026733,74.51843
2019-02-07 02:00:00,12.793335,7.781372,900.39844,3.94684,36.85028,71.56424
2019-02-07 03:00:00,13.448547,8.083405,900.9838,3.7462249,42.38031,69.990776
2019-02-07 04:00:00,14.071747,8.30545,901.41846,3.1776617,50.224365,68.23465
2019-02-07 05:00:00,15.946625,8.468048,901.4293,2.208306,55.506104,61.15191
2019-02-07 06:00:00,16.888855,8.284637,901.0147,1.0528638,49.48233,56.88182
2019-02-07 07:00:00,17.19101,8.395752,900.1818,0.4656763,336.7235,56.225662
2019-02-07 08:00:00,18.08603,8.251312,899.3206,0.93711275,292.43872,52.623413
2019-02-07 09:00:00,18.164581,8.2187805,898.6211,1.2380128,290.5821,52.249
2019-02-07 10:00:00,17.345978,8.753967,898.1833,1.2080069,290.68738,57.043476
2019-02-07 11:00:00,17.088715,8.64032,898.2355,1.2532846,321.88394,57.535465
2019-02-07 12:00:00,16.847168,8.682037,898.58594,1.6352425,355.80045,58.58783
2019-02-07 13:00:00,16.599548,8.588379,899.0718,2.0843248,19.691162,59.140293
2019-02-07 14:00:00,15.840851,8.768066,899.76483,2.342593,30.1734,62.828655
2019-02-07 15:00:00,14.811279,8.451569,900.4009,2.3676312,35.745026,65.69817
2019-02-07 16:00:00,14.581909,8.370239,900.9242,2.2918801,40.04843,66.310745
2019-02-07 17:00:00,13.88501,8.339203,901.10077,2.1190345,41.23471,69.224144
2019-02-07 18:00:00,13.662384,8.176636,900.9864,1.9448562,39.639862,69.46214
2019-02-07 19:00:00,13.443848,8.126312,900.65765,1.8723679,35.242798,70.216515
2019-02-07 20:00:00,12.93335,8.118042,900.3561,1.920046,30.924011,72.5539
2019-02-07 21:00:00,12.819977,8.093994,900.1007,2.093189,28.125397,72.97462
2019-02-07 22:00:00,12.208832,7.946045,899.9257,1.5687395,16.781982,75.19933
2019-02-07 23:00:00,12.150421,7.9208984,900.06726,1.9801034,18.513336,75.359764
2019-02-08 00:00:00,12.192322,7.892761,900.41345,2.2984107,22.678009,75.00868
2019-02-08 01:00:00,12.138123,7.8890076,900.98804,2.5821795,26.644073,75.257324
2019-02-08 02:00:00,12.675873,8.014679,901.60175,2.7467422,30.422699,73.270454
2019-02-08 03:00:00,13.067993,8.161743,902.178,2.7260535,34.608093,72.13209
2019-02-08 04:00:00,13.570496,8.175873,902.67944,2.2318313,34.83246,69.87481
2019-02-08 05:00:00,15.595886,8.405762,902.7865,1.4876916,21.945312,62.275726
2019-02-08 06:00:00,16.555115,8.281738,902.4381,1.2183461,347.2272,58.08839
2019-02-08 07:00:00,16.879639,8.392303,901.67523,1.6739854,318.9309,57.331978
2019-02-08 08:00:00,17.698029,8.012756,900.85095,2.3161874,308.2218,53.057404
2019-02-08 09:00:00,17.774658,7.920227,900.14655,2.9109333,308.6203,52.47078
2019-02-08 10:00:00,16.837036,8.193909,899.6757,3.522848,307.93155,56.718857
2019-02-08 11:00:00,16.726898,8.14975,899.65704,3.8222182,321.24777,56.945694
2019-02-08 12:00:00,16.419098,7.974823,899.8416,4.031638,335.99628,57.38463
2019-02-08 13:00:00,16.225159,7.888275,900.2446,4.0647407,346.30826,57.75676
2019-02-08 14:00:00,15.23764,7.7870483,900.8854,4.2033525,352.45508,61.10065
2019-02-08 15:00:00,14.164886,7.5624695,901.46326,4.2205777,356.64713,64.48237
2019-02-08 16:00:00,13.85965,7.4009094,901.8251,4.1677437,359.46362,65.04978
2019-02-08 17:00:00,13.133209,7.3922424,901.87726,4.088854,1.2372437,68.15909
2019-02-08 18:00:00,12.903717,7.280548,901.65643,4.075441,1.9978027,68.66266
2019-02-08 19:00:00,12.640686,7.1168213,901.2952,4.106143,2.8923035,69.077095
2019-02-08 20:00:00,12.009247,6.9387817,901.00385,4.1932592,3.6304626,71.129715
2019-02-08 21:00:00,11.64679,6.762085,900.73364,4.3607063,4.550812,71.97265
2019-02-08 22:00:00,11.160492,6.6452637,900.49774,4.644468,3.4649963,73.73213
2019-02-08 23:00:00,10.942261,6.474518,900.48846,4.8276763,6.4886475,73.934364
2019-02-09 00:00:00,10.992706,6.534973,900.8116,4.964454,10.348114,73.99424
2019-02-09 01:00:00,10.885376,6.4165955,901.3696,5.0492487,14.323822,73.91899
2019-02-09 02:00:00,11.319183,6.4606323,902.0475,5.07832,17.774902,72.04061
2019-02-09 03:00:00,11.712189,6.5567017,902.69086,5.053512,19.364075,70.65848
2019-02-09 04:00:00,12.368561,6.784546,903.1669,4.8844895,17.883362,68.73773
2019-02-09 05:00:00,14.495209,6.836334,903.26984,4.7205424,10.472321,60.06084
2019-02-09 06:00:00,15.311829,6.533722,902.8907,4.608916,0.60150146,55.812466
2019-02-09 07:00:00,15.670105,6.6343384,902.21875,4.5992002,350.17484,54.924118
2019-02-09 08:00:00,16.613342,6.502655,901.4465,4.787489,342.3317,51.251816
2019-02-09 09:00:00,16.78955,6.4260864,900.84216,5.0370517,339.20255,50.415283
2019-02-09 10:00:00,16.220886,6.7782593,900.5196,4.662173,337.48898,53.552437
2019-02-09 11:00:00,16.1521,6.64859,900.6895,4.892938,344.03278,53.310925
2019-02-09 12:00:00,15.880707,6.4783936,901.02814,4.658914,352.56033,53.61144
2019-02-09 13:00:00,15.572876,6.382324,901.60547,4.743615,355.39386,54.317284
2019-02-09 14:00:00,14.518555,6.5899353,902.2875,4.8319774,358.66125,58.964146
2019-02-09 15:00:00,13.154297,5.9730835,902.9035,4.857537,2.044342,61.74332
2019-02-09 16:00:00,12.950684,5.8905945,903.3672,4.7849817,4.0700684,62.21427
2019-02-09 17:00:00,12.235809,5.735504,903.48706,4.6973076,5.3359375,64.50333
2019-02-09 18:00:00,11.937408,5.6002502,903.3388,4.6709766,5.763916,65.16929
2019-02-09 19:00:00,11.717804,5.4753113,903.04407,4.695423,5.725708,65.549706
2019-02-09 20:00:00,11.001892,5.200714,902.78656,4.8614984,6.19223,67.43244
2019-02-09 21:00:00,10.817535,5.089264,902.5482,5.055841,7.3468933,67.736206
2019-02-09 22:00:00,10.069977,4.8099365,902.3284,4.9419737,8.583557,69.82568
2019-02-09 23:00:00,9.953674,4.781769,902.3536,5.1475086,11.375885,70.23295
2019-02-10 00:00:00,10.18689,5.091858,902.6477,5.3916583,14.99411,70.656136
2019-02-10 01:00:00,10.16153,5.080658,903.14124,5.617205,19.204498,70.72081
2019-02-10 02:00:00,10.888672,5.235199,903.7605,5.914607,22.969116,68.104355
2019-02-10 03:00:00,11.312439,5.4030457,904.42053,6.0669966,27.24112,66.99327
2019-02-10 04:00:00,12.1875305,5.8157043,904.8945,5.965409,29.81134,65.068474
2019-02-10 05:00:00,14.959625,6.3305664,904.95917,5.542513,29.8107,56.29744
2019-02-10 06:00:00,15.980225,6.4191895,904.49725,5.0825067,25.522888,53.05513
2019-02-10 07:00:00,16.294312,6.5268555,903.68524,4.7937818,16.96994,52.389717
2019-02-10 08:00:00,17.53006,6.5240173,902.7742,4.8338184,9.232269,48.43298
2019-02-10 09:00:00,17.737518,6.5723877,902.09454,5.139509,6.704895,47.962955
2019-02-10 10:00:00,16.943695,7.2415466,901.7505,5.262694,8.35379,52.79761
2019-02-10 11:00:00,16.892426,7.1887207,901.77795,5.8244367,15.792816,52.778427
2019-02-10 12:00:00,16.52768,7.0663147,902.08936,6.2780585,22.160187,53.56424
2019-02-10 13:00:00,16.233734,6.9907837,902.5886,6.7706013,25.963623,54.294197
2019-02-10 14:00:00,15.099701,7.0990295,903.24603,7.1849623,29.543518,58.81587
2019-02-10 15:00:00,13.8888855,6.9221497,903.7545,7.4264383,32.79001,62.833946
2019-02-10 16:00:00,13.584015,6.8137207,904.1013,7.5614276,35.880066,63.61602
2019-02-10 17:00:00,12.741058,6.6560974,904.20776,7.600177,38.26352,66.49011
2019-02-10 18:00:00,12.441559,6.607727,904.07086,7.693923,39.84851,67.58337
2019-02-10 19:00:00,12.176483,6.4415283,903.7505,7.778312,40.583008,67.98898
2019-02-10 20:00:00,11.557892,6.3099976,903.3373,7.9509797,40.859344,70.180374
2019-02-10 21:00:00,11.3966675,6.2315063,903.01764,8.107676,40.961426,70.549904
2019-02-10 22:00:00,10.761688,6.1186523,902.65405,8.056904,38.12805,73.014435
2019-02-10 23:00:00,10.651306,6.0516357,902.60876,8.306288,39.610626,73.213165
2019-02-11 00:00:00,10.859314,6.24765,902.85724,8.495292,41.432617,73.190384
2019-02-11 01:00:00,10.717438,6.141571,903.4321,8.62538,43.45108,73.34554
2019-02-11 02:00:00,11.690704,6.565399,904.09283,8.754628,45.673218,70.80109
2019-02-11 03:00:00,12.210114,6.8319397,904.7196,8.860728,48.52942,69.68334
2019-02-11 04:00:00,13.005402,7.227112,905.1472,8.57808,50.78955,67.95904
2019-02-11 05:00:00,15.931213,7.966736,905.1665,7.9655304,51.402435,59.164978
2019-02-11 06:00:00,16.870728,7.8780212,904.6705,7.2710314,49.106262,55.395878
2019-02-11 07:00:00,17.400085,8.128418,903.87036,6.6702847,44.06845,54.490463
2019-02-11 08:00:00,18.423615,7.9458923,902.9567,6.409638,38.641785,50.46287
2019-02-11 09:00:00,18.638214,7.9062805,902.23315,6.471426,35.187225,49.65545
2019-02-11 10:00:00,17.732666,8.391724,901.8093,6.289864,33.579285,54.32092
2019-02-11 11:00:00,17.622345,8.422974,901.8544,6.8038845,36.375214,54.815823
2019-02-11 12:00:00,17.296783,8.218292,902.1824,7.167866,38.335205,55.18288
2019-02-11 13:00:00,17.005524,8.1241455,902.6753,7.470743,38.30551,55.851215
2019-02-11 14:00:00,15.851837,8.192017,903.2223,7.7747855,39.40161,60.38278
2019-02-11 15:00:00,14.6119995,8.045532,903.6995,7.9567056,41.221283,64.7398
2019-02-11 16:00:00,14.323883,7.961487,904.07495,7.9690504,43.079437,65.58034
2019-02-11 17:00:00,13.392395,7.7677307,904.18353,7.845675,44.599945,68.75512
2019-02-11 18:00:00,13.078918,7.617584,904.0245,7.728171,45.23178,69.461044
2019-02-11 19:00:00,12.820831,7.562134,903.67084,7.6739,45.36319,70.37622
2019-02-11 20:00:00,12.135864,7.4188232,903.33344,7.689947,45.01523,72.894615
2019-02-11 21:00:00,11.883606,7.2964478,903.0499,7.7217593,44.940308,73.49853
2019-02-11 22:00:00,11.221832,6.910614,902.86444,7.4550133,44.46994,74.782684
2019-02-11 23:00:00,11.028015,6.7579346,902.9914,7.6316957,45.583374,74.960655
2019-02-12 00:00:00,11.243927,6.888977,903.3879,7.8021674,46.78534,74.56258
2019-02-12 01:00:00,11.2022705,6.8757935,903.9709,7.94527,48.301422,74.701096
2019-02-12 02:00:00,12.186249,7.3378906,904.5891,8.11241,50.491425,72.25289
2019-02-12 03:00:00,12.801971,7.774109,905.1484,8.243053,53.171204,71.48844
2019-02-12 04:00:00,13.52002,8.116516,905.64404,8.03427,55.053253,69.82273
2019-02-12 05:00:00,16.046722,8.505798,905.7366,7.5718346,54.417084,60.917896
2019-02-12 06:00:00,17.396942,8.441864,905.299,7.0569468,51.57379,55.67223
2019-02-12 07:00:00,17.77707,8.553467,904.5094,6.6305256,46.61685,54.765778
2019-02-12 08:00:00,18.923615,8.569489,903.7185,6.4138436,41.384094,51.02253
2019-02-12 09:00:00,19.068207,8.508301,903.137,6.4931693,37.525482,50.355392
2019-02-12 10:00:00,18.204163,8.921936,902.86743,6.4052067,33.71402,54.658985
2019-02-12 11:00:00,18.09555,8.888763,902.9517,6.822764,36.490967,54.909973
2019-02-12 12:00:00,17.83722,8.746094,903.34796,7.1177783,38.95706,55.274075
2019-02-12 13:00:00,17.465485,8.552429,903.8948,7.3716464,40.17157,55.848312
2019-02-12 14:00:00,16.452515,8.678711,904.5764,7.595425,42.004395,60.06154
2019-02-12 15:00:00,15.13501,8.37793,905.15265,7.7064886,43.952423,64.02359
2019-02-12 16:00:00,14.721771,8.164734,905.5726,7.6790447,45.475952,64.80558
2019-02-12 17:00:00,13.878204,8.066071,905.7054,7.611266,46.30179,67.98291
2019-02-12 18:00:00,13.631165,7.9975586,905.5832,7.484386,46.184296,68.76177
2019-02-12 19:00:00,13.413483,7.8973694,905.2635,7.367859,45.325043,69.26925
2019-02-12 20:00:00,12.7308655,7.667633,904.9279,7.2668295,43.984955,71.3029
2019-02-12 21:00:00,12.582336,7.6147156,904.63116,7.226515,42.60498,71.740906
2019-02-12 22:00:00,11.895721,7.427704,904.3783,7.123644,38.67032,74.10136
2019-02-12 23:00:00,11.863037,7.4284363,904.3052,7.2989807,39.262817,74.26489
2019-02-13 00:00:00,12.198578,7.695862,904.5873,7.3460217,40.07303,73.97944
2019-02-13 01:00:00,12.138611,7.6766357,905.10834,7.377424,41.488464,74.17454
2019-02-13 02:00:00,13.074188,8.0460205,905.65515,7.392537,42.903076,71.53846
2019-02-13 03:00:00,13.665436,8.355469,906.1344,7.4270306,45.011047,70.295876
2019-02-13 04:00:00,14.411102,8.787262,906.3513,7.1105037,47.036865,68.96497
2019-02-13 05:00:00,17.210754,9.307037,906.19275,6.539488,46.867035,59.71881
2019-02-13 06:00:00,18.167542,9.2569275,905.5538,5.8786807,42.43158,56.03552
2019-02-13 07:00:00,18.54367,9.471863,904.617,5.393988,33.43213,55.526333
2019-02-13 08:00:00,19.738342,9.328796,903.67633,5.298363,24.436157,51.04932
2019-02-13 09:00:00,19.936615,9.440796,902.969,5.4023385,19.679108,50.80686
2019-02-13 10:00:00,18.951324,10.049622,902.44104,5.584481,19.45227,56.2667
2019-02-13 11:00:00,18.764893,9.919312,902.4104,5.8095207,23.909119,56.431454
2019-02-13 12:00:00,18.411652,9.692017,902.6066,5.962544,26.56601,56.820847
2019-02-13 13:00:00,18.024902,9.5598755,902.97046,6.0744443,28.293335,57.70294
2019-02-13 14:00:00,16.989197,9.707031,903.4469,6.1660023,30.676605,62.21124
2019-02-13 15:00:00,15.80838,9.470184,903.80225,6.140629,32.663116,66.00877
2019-02-13 16:00:00,15.426971,9.326874,903.98663,5.9829526,34.47278,66.992096
2019-02-13 17:00:00,14.554474,9.25412,903.9175,5.7541504,35.582214,70.51421
2019-02-13 18:00:00,14.252686,9.103485,903.5842,5.539327,35.417236,71.17744
2019-02-13 19:00:00,13.916077,8.916931,903.12885,5.3660474,33.995148,71.8375
2019-02-13 20:00:00,13.246643,8.810089,902.639,5.285932,31.42517,74.495476
2019-02-13 21:00:00,13.04187,8.710968,902.2453,5.2948356,29.504913,74.99391
2019-02-13 22:00:00,12.342072,8.42041,901.89545,4.5944114,28.762268,76.98285
2019-02-13 23:00:00,12.304169,8.481995,901.851,4.8123746,28.453064,77.49732
2019-02-14 00:00:00,12.691925,8.683441,902.00555,5.039273,30.009003,76.58768
2019-02-14 01:00:00,12.625275,8.6319275,902.5003,5.280126,32.49951,76.65537
2019-02-14 02:00:00,13.353668,8.866119,903.1409,5.499915,35.337708,74.25795
2019-02-14 03:00:00,14.067474,9.188843,903.68274,5.6295505,38.00302,72.45157
2019-02-14 04:00:00,14.886932,9.590454,903.923,5.435828,39.192932,70.59674
2019-02-14 05:00:00,17.194336,9.880798,903.7556,4.914379,38.30359,62.127815
2019-02-14 06:00:00,18.24759,9.678589,903.13403,4.297631,32.005707,57.356728
2019-02-14 07:00:00,18.558868,9.784393,902.2378,3.901361,22.597595,56.649094
2019-02-14 08:00:00,19.50998,9.635284,901.31396,3.6944404,14.709015,52.855366
2019-02-14 09:00:00,19.619843,9.520477,900.6195,3.6589565,11.549744,52.0929
2019-02-14 10:00:00,18.581665,10.193573,900.16406,3.5000904,13.393463,58.13838
2019-02-14 11:00:00,18.391327,10.10965,900.155,3.8990035,21.164368,58.50656
2019-02-14 12:00:00,18.096222,9.965637,900.32166,4.3252406,27.416046,59.028698
2019-02-14 13:00:00,17.832916,9.792664,900.6626,4.581815,34.250977,59.323017
2019-02-14 14:00:00,16.861023,9.90094,901.1284,4.7213025,38.971558,63.53891
2019-02-14 15:00:00,15.671448,9.587128,901.6105,4.721772,42.47763,67.11445
2019-02-14 16:00:00,15.380096,9.506897,901.9677,4.5298996,44.31894,68.01173
2019-02-14 17:00:00,14.621796,9.423462,902.02686,4.343822,45.49417,71.01265
2019-02-14 18:00:00,14.239899,9.291809,901.8083,4.1416736,44.333588,72.14534
2019-02-14 19:00:00,14.046234,9.23114,901.423,3.9910665,42.268158,72.758255
2019-02-14 20:00:00,13.4062805,9.003113,901.0521,3.8872993,39.229706,74.69102
2019-02-14 21:00:00,13.206757,8.927063,900.7701,3.8715692,36.448547,75.281624
2019-02-14 22:00:00,12.741547,8.771332,900.5807,3.5324934,35.099518,76.79397
2019-02-14 23:00:00,12.650116,8.703644,900.62305,3.756537,33.833496,76.90267
2019-02-15 00:00:00,12.9071045,8.935364,900.937,3.9996266,34.238464,76.81249
2019-02-15 01:00:00,12.770294,8.797546,901.51337,4.2189183,35.084564,76.78543
2019-02-15 02:00:00,13.350647,9.050812,902.2107,4.363282,37.25949,75.20367
2019-02-15 03:00:00,13.896393,9.325653,902.886,4.2436266,38.739594,73.93738
2019-02-15 04:00:00,14.463806,9.500153,903.32117,3.6363046,38.927856,72.11127
2019-02-15 05:00:00,16.947205,9.939819,903.27563,2.945991,32.091187,63.357407
2019-02-15 06:00:00,17.844604,9.682465,902.7427,2.4273038,15.10437,58.843052
2019-02-15 07:00:00,18.212341,9.713928,901.9343,2.306756,350.6812,57.62012
2019-02-15 08:00:00,19.24295,9.525482,901.1028,2.5435843,333.06122,53.34603
2019-02-15 09:00:00,19.363983,9.353241,900.47876,2.888218,326.5813,52.336414
2019-02-15 10:00:00,18.428802,9.601593,900.0153,2.9897583,335.02655,56.416542
2019-02-15 11:00:00,18.23175,9.644775,900.03406,3.1913667,345.231,57.283676
2019-02-15 12:00:00,17.94278,9.435242,900.2874,3.4167945,358.4461,57.518135
2019-02-15 13:00:00,17.585724,9.265381,900.70233,3.4877381,11.201202,58.158024
2019-02-15 14:00:00,16.596405,9.391205,901.30756,3.5142562,19.68451,62.44295
2019-02-15 15:00:00,15.500336,9.165405,901.88354,3.462601,26.218903,65.957115
2019-02-15 16:00:00,15.228516,9.006531,902.30493,3.3466828,31.162659,66.40261
2019-02-15 17:00:00,14.430939,9.0159,902.4671,3.1864,34.62491,69.94761
2019-02-15 18:00:00,14.185181,9.015808,902.29083,3.0659673,35.66513,71.06789
2019-02-15 19:00:00,13.851105,8.822662,901.9062,2.9919248,34.961853,71.68343
2019-02-15 20:00:00,13.16275,8.599487,901.42883,2.9688954,33.50888,73.84563
2019-02-15 21:00:00,13.012665,8.571045,901.10345,3.0242598,32.97641,74.42952
2019-02-15 22:00:00,12.342987,8.352081,900.9575,2.7864416,36.90686,76.62262
2019-02-15 23:00:00,12.255035,8.310913,900.8889,3.0999813,37.036346,76.8519
2019-02-16 00:00:00,12.277283,8.414276,901.1154,3.3064072,38.383728,77.27909
2019-02-16 01:00:00,12.220734,8.382416,901.6189,3.501367,40.86383,77.3996
2019-02-16 02:00:00,12.802582,8.4184265,902.32477,3.6957715,43.494812,74.68333
2019-02-16 03:00:00,13.426666,8.64859,902.96783,3.6677644,46.7493,72.82743
2019-02-16 04:00:00,14.048065,8.849121,903.35913,3.1569912,48.694397,70.90006
2019-02-16 05:00:00,16.192444,9.108948,903.2891,2.3944023,40.393463,62.863575
2019-02-16 06:00:00,17.14685,8.952667,902.7185,1.8944206,18.434265,58.54631
2019-02-16 07:00:00,17.508698,9.0407715,901.83344,1.910825,349.02664,57.563877
2019-02-16 08:00:00,18.409515,8.743225,900.8695,2.3486035,332.0078,53.312355
2019-02-16 09:00:00,18.656464,8.759979,900.04834,2.7710156,327.75107,52.553917
2019-02-16 10:00:00,17.880585,8.853485,899.5926,3.4561255,342.28116,55.524723
2019-02-16 11:00:00,17.776031,8.963989,899.4391,3.468879,350.45367,56.30967
2019-02-16 12:00:00,17.513336,8.783081,899.5472,3.2790852,3.661438,56.555008
2019-02-16 13:00:00,17.150818,8.545227,899.8656,3.1116197,10.779266,56.94226
2019-02-16 14:00:00,16.181152,8.73407,900.3908,2.8971245,16.943054,61.337547
2019-02-16 15:00:00,14.887604,8.3573,900.9409,2.5217133,20.62085,64.9598
2019-02-16 16:00:00,14.522156,8.2812805,901.3633,2.0190387,22.26767,66.16679
2019-02-16 17:00:00,13.5920105,8.196716,901.50226,1.499161,20.869507,69.87589
2019-02-16 18:00:00,13.363739,8.152222,901.30853,1.0504538,7.2583923,70.708145
2019-02-16 19:00:00,13.051544,7.9555664,900.81744,0.83599037,337.45407,71.20521
2019-02-16 20:00:00,12.381256,7.822815,900.26904,1.0502261,308.3556,73.731476
2019-02-16 21:00:00,12.097656,7.6309204,899.8657,1.3610251,296.85135,74.143295
2019-02-16 22:00:00,11.441986,7.4432983,899.67694,1.7004834,294.59546,76.436264
2019-02-16 23:00:00,11.304291,7.337677,899.5987,2.0130258,297.1192,76.58153
2019-02-17 00:00:00,11.451569,7.370392,899.742,2.2289755,299.92737,76.008446
2019-02-17 01:00:00,11.445007,7.325226,900.2196,2.334374,301.83453,75.80713
2019-02-17 02:00:00,12.181061,7.481598,900.823,2.5508833,303.41418,72.99038
2019-02-17 03:00:00,12.646576,7.689087,901.3792,3.0478182,301.23828,71.80255
2019-02-17 04:00:00,13.244476,7.8752136,901.6951,3.9020605,297.81775,69.93098
2019-02-17 05:00:00,15.648682,7.9405823,901.6611,4.895122,295.45413,60.136475
2019-02-17 06:00:00,16.565857,7.811798,901.14154,5.9583497,293.26538,56.224518
2019-02-17 07:00:00,16.980865,8.006134,900.18396,6.864806,291.5017,55.49185
2019-02-17 08:00:00,17.89035,7.6727905,899.08264,7.5267763,290.91193,51.21994
2019-02-17 09:00:00,18.04956,7.55307,898.1742,7.7657013,291.31683,50.297504
2019-02-17 10:00:00,17.458344,7.945038,897.532,7.2609515,291.17358,53.61811
2019-02-17 11:00:00,17.338318,7.9217224,897.4705,6.342986,293.25458,53.940475
2019-02-17 12:00:00,17.02124,7.532593,897.6022,4.703543,297.11377,53.59375
2019-02-17 13:00:00,16.799957,7.429962,897.87384,3.6491551,300.71732,53.971447
2019-02-17 14:00:00,15.74408,7.4993896,898.34,2.902305,303.1617,58.000828
2019-02-17 15:00:00,14.543945,7.3019714,898.77954,2.277083,303.2879,61.811947
2019-02-17 16:00:00,14.215546,7.2101135,899.05273,1.8131945,299.2822,62.742867
2019-02-17 17:00:00,13.357391,7.12735,899.0383,1.5152826,289.54053,65.96422
2019-02-17 18:00:00,13.037659,7.053009,898.7629,1.4472772,279.26404,67.01271
2019-02-17 19:00:00,12.85437,6.937561,898.26807,1.4948708,270.39624,67.286095
2019-02-17 20:00:00,12.153809,6.781891,897.7615,1.5750049,268.0933,69.70205
2019-02-17 21:00:00,11.920624,6.7406616,897.40015,1.6135979,267.30038,70.58032
2019-02-17 22:00:00,11.449371,6.80249,897.0926,1.800582,280.12366,73.12034
2019-02-17 23:00:00,11.428528,6.9256897,896.9935,1.6848592,278.4058,73.84258
2019-02-18 00:00:00,11.745911,7.110199,897.2498,1.5174526,275.76147,73.23009
2019-02-18 01:00:00,11.79129,7.188904,897.85516,1.2939849,270.58722,73.40547
2019-02-18 02:00:00,12.419403,7.2373962,898.627,1.1105376,260.3141,70.66743
2019-02-18 03:00:00,13.240845,7.7158813,899.3451,1.1124444,245.04237,69.19287
2019-02-18 04:00:00,14.007599,8.164917,899.78827,1.6793846,240.00148,67.86877
2019-02-18 05:00:00,16.1669,8.527039,899.7368,2.6669257,241.38374,60.5397
2019-02-18 06:00:00,17.20819,8.475708,899.1588,3.8291361,246.58185,56.46959
2019-02-18 07:00:00,17.581146,8.580322,898.2248,4.7729764,251.67123,55.546974
2019-02-18 08:00:00,18.485931,8.299164,897.2205,5.372815,255.97424,51.48666
2019-02-18 09:00:00,18.659576,8.049927,896.43726,5.5237145,260.43756,50.075783
2019-02-18 10:00:00,17.941467,8.706085,895.8237,4.550584,267.94968,54.764454
2019-02-18 11:00:00,17.778961,8.678497,895.70306,3.6011076,273.06418,55.2243
2019-02-18 12:00:00,17.518097,8.545197,895.8452,2.3178296,280.13443,55.63594
2019-02-18 13:00:00,17.180359,8.477051,896.2646,1.290257,285.77667,56.57423
2019-02-18 14:00:00,16.16269,8.516022,896.7982,0.49712452,295.9454,60.510815
2019-02-18 15:00:00,15.101624,8.478027,897.39417,0.091584556,75.23581,64.59764
2019-02-18 16:00:00,14.838043,8.422546,897.7754,0.48044962,115.50397,65.456215
2019-02-18 17:00:00,14.186401,8.638489,897.94507,0.75927925,128.29749,69.27459
2019-02-18 18:00:00,13.902557,8.527618,897.80084,0.90909934,135.02472,70.0335
2019-02-18 19:00:00,13.668823,8.39978,897.47595,0.9747089,140.61722,70.49175
2019-02-18 20:00:00,13.012054,8.378235,897.08325,0.93935883,143.81702,73.46701
2019-02-18 21:00:00,12.860565,8.37796,896.8178,0.8975647,139.65405,74.196815
2019-02-18 22:00:00,12.144592,8.161438,896.6217,1.0784118,153.03479,76.63096
2019-02-18 23:00:00,12.0807495,8.148499,896.74585,1.0331389,138.88733,76.88597
2019-02-19 00:00:00,12.4534,8.409424,897.192,1.2068639,123.63687,76.365395
2019-02-19 01:00:00,12.424011,8.398102,898.00946,1.5462698,111.2088,76.45415
2019-02-19 02:00:00,13.136047,8.626953,898.90393,2.009594,106.0809,74.111984
2019-02-19 03:00:00,13.5425415,8.812683,899.7846,2.3222632,108.878876,73.08613
2019-02-19 04:00:00,14.353485,9.363312,900.44806,2.2094576,122.64633,71.96245
2019-02-19 05:00:00,16.727264,9.735352,900.66125,1.8204464,140.08035,63.37348
2019-02-19 06:00:00,17.850739,9.4348755,900.351,1.4453547,157.5122,57.85073
2019-02-19 07:00:00,18.137482,9.546997,899.6414,1.1186032,178.56238,57.24677
2019-02-19 08:00:00,19.074188,9.388977,898.9179,0.9187941,205.4448,53.41776
2019-02-19 09:00:00,19.265686,9.399811,898.3708,0.66317517,232.26543,52.822666
2019-02-19 10:00:00,18.529266,9.815216,898.13727,0.37967926,321.87335,56.87151
2019-02-19 11:00:00,18.417175,9.748566,898.3084,1.0327418,38.37442,57.016953
2019-02-19 12:00:00,18.19696,9.596222,898.6814,1.9887472,51.67816,57.222153
2019-02-19 13:00:00,17.891174,9.547302,899.3351,2.708495,54.06421,58.14113
2019-02-19 14:00:00,16.745117,9.556915,900.0787,3.2760484,57.960907,62.548424
2019-02-19 15:00:00,15.72641,9.408966,900.7697,3.6083543,61.825073,66.083305
2019-02-19 16:00:00,15.476532,9.344513,901.1842,3.731846,64.700806,66.85885
2019-02-19 17:00:00,14.766266,9.350128,901.385,3.6859589,66.87158,70.008156
2019-02-19 18:00:00,14.565216,9.2951355,901.34656,3.5176659,66.73752,70.660065
2019-02-19 19:00:00,14.291534,9.145447,901.15326,3.3732398,64.71915,71.19976
2019-02-19 20:00:00,13.612152,8.9878845,900.82776,3.3216853,60.02832,73.621284
2019-02-19 21:00:00,13.283203,8.861725,900.5729,3.371764,55.6922,74.577644
2019-02-19 22:00:00,12.935242,8.93222,900.4455,2.9256709,55.681793,76.655045
2019-02-19 23:00:00,12.748047,8.7465515,900.5238,3.275969,53.97534,76.63289
2019-02-20 00:00:00,12.861694,8.751617,900.935,3.6285934,53.802338,76.091095
2019-02-20 01:00:00,12.940033,8.840698,901.6797,4.0177984,56.180023,76.15915
2019-02-20 02:00:00,13.841522,9.232269,902.4461,4.293356,59.465393,73.73638
2019-02-20 03:00:00,14.142578,9.341736,903.206,4.306906,62.740204,72.84553
2019-02-20 04:00:00,14.728973,9.5078125,903.71765,3.8905792,63.624542,70.924255
2019-02-20 05:00:00,17.022095,9.885895,903.78015,3.2925904,62.807648,62.83028
2019-02-20 06:00:00,17.941986,9.645721,903.35596,2.6305637,57.75528,58.339684
2019-02-20 07:00:00,18.26538,9.8263855,902.5965,2.07195,45.32312,57.86316
2019-02-20 08:00:00,19.230316,9.628998,901.77325,1.8316151,29.66214,53.760265
2019-02-20 09:00:00,19.325073,9.375488,901.1401,1.9639301,19.055328,52.541794
2019-02-20 10:00:00,18.60321,10.06073,900.8618,2.2149112,31.517273,57.54684
2019-02-20 11:00:00,18.533264,10.078796,900.8781,2.749696,37.182434,57.86919
2019-02-20 12:00:00,18.24292,9.830505,901.229,3.3746557,41.456085,57.960754
2019-02-20 13:00:00,17.968323,9.687653,901.83154,3.954014,43.200348,58.40719
2019-02-20 14:00:00,16.930542,9.575897,902.5971,4.355809,47.695496,61.895935
2019-02-20 15:00:00,15.789703,9.511047,903.2519,4.5102415,51.15518,66.269295
2019-02-20 16:00:00,15.578827,9.448517,903.63916,4.5424333,52.776062,66.88808
2019-02-20 17:00:00,14.885651,9.420471,903.7223,4.42675,52.677307,69.80112
2019-02-20 18:00:00,14.630463,9.404205,903.60126,4.331712,50.54944,70.88115
2019-02-20 19:00:00,14.362701,9.299103,903.3641,4.2386317,46.63852,71.60967
2019-02-20 20:00:00,13.734985,9.161652,903.039,4.276953,42.12265,73.89613
2019-02-20 21:00:00,13.583679,9.11145,902.7396,4.4191117,37.86917,74.37462
2019-02-20 22:00:00,13.080383,9.105225,902.5179,4.3611746,38.97357,76.82243
2019-02-20 23:00:00,13.053314,9.108185,902.53436,4.6654325,36.703705,76.97371
2019-02-21 00:00:00,13.303772,9.27298,902.8498,4.944542,35.965637,76.57089
2019-02-21 01:00:00,13.269348,9.2595825,903.3753,5.195176,36.23889,76.67378
2019-02-21 02:00:00,14.093109,9.446472,903.9858,5.3945847,38.709137,73.59567
2019-02-21 03:00:00,14.776367,9.869385,904.5779,5.4357624,39.86267,72.44346
2019-02-21 04:00:00,15.412018,10.209351,904.8979,4.952267,40.73242,71.14216
2019-02-21 05:00:00,17.871857,10.607971,904.84296,4.1301603,37.26941,62.48989
2019-02-21 06:00:00,18.80545,10.424011,904.2849,3.4141457,25.074036,58.218987
2019-02-21 07:00:00,19.14981,10.587006,903.49133,3.264915,4.308258,57.60367
2019-02-21 08:00:00,20.204071,10.439331,902.57196,3.6854122,350.75293,53.427006
2019-02-21 09:00:00,20.321045,10.402557,901.8265,4.2269845,345.52994,52.91235
2019-02-21 10:00:00,19.554321,10.9774475,901.2975,4.4465394,345.80695,57.649345
2019-02-21 11:00:00,19.4057,10.774597,901.1992,4.864168,353.41672,57.405453
2019-02-21 12:00:00,19.153076,10.657867,901.40186,5.144689,0.13931274,57.864273
2019-02-21 13:00:00,18.842834,10.560913,901.81635,5.2416906,4.9572754,58.615505
2019-02-21 14:00:00,17.777771,10.356567,902.3817,5.3140554,8.535828,61.81661
2019-02-21 15:00:00,16.572876,10.357178,902.854,5.229945,10.287415,66.71548
2019-02-21 16:00:00,16.173645,10.121826,903.1328,5.0714893,10.811798,67.36558
2019-02-21 17:00:00,15.440979,10.144897,903.1403,4.9188075,10.342834,70.70505
2019-02-21 18:00:00,15.179108,10.116608,902.8412,4.896999,8.474701,71.76758
2019-02-21 19:00:00,14.907684,9.965424,902.40875,4.9730167,5.895935,72.29663
2019-02-21 20:00:00,14.354858,9.843689,901.9271,5.192474,3.4367676,74.3136
2019-02-21 21:00:00,14.143463,9.695038,901.5506,5.4659553,2.5790405,74.59028
2019-02-21 22:00:00,13.487946,9.339996,901.1979,5.242932,0.84161377,75.9996
2019-02-21 23:00:00,13.3090515,9.2630005,901.074,5.5996966,1.9107971,76.49317
2019-02-22 00:00:00,13.593689,9.435638,901.23987,5.8276095,4.71875,75.96535
2019-02-22 01:00:00,13.513092,9.362213,901.7152,5.9960384,8.322113,75.988754
2019-02-22 02:00:00,14.469849,9.579163,902.3617,6.0891867,11.1553955,72.46656
2019-02-22 03:00:00,15.036652,9.860046,902.968,6.0695457,13.401886,71.195114
2019-02-22 04:00:00,15.560242,9.950073,903.32135,5.6157236,11.203735,69.25845
2019-02-22 05:00:00,17.9328,9.785095,903.26843,5.4024673,3.2696228,58.921455
2019-02-22 06:00:00,19.014923,9.8428955,902.7922,5.4679933,355.16263,55.273796
2019-02-22 07:00:00,19.331879,9.955902,901.9409,5.5694737,348.92325,54.604614
2019-02-22 08:00:00,20.3432,9.635468,901.0119,5.6373353,344.64807,50.197105
2019-02-22 09:00:00,20.421692,9.516785,900.2429,5.687925,342.55792,49.558094
2019-02-22 10:00:00,19.59436,10.02124,899.66565,5.6686153,341.44763,53.956215
2019-02-22 11:00:00,19.394379,9.943573,899.54834,5.5923653,349.98322,54.347847
2019-02-22 12:00:00,19.14569,9.776276,899.7103,5.359588,0.8277283,54.580807
2019-02-22 13:00:00,18.828888,9.61087,900.04126,5.090077,6.502716,55.056244
2019-02-22 14:00:00,17.606506,9.544098,900.5474,5.0642014,11.043945,59.18024
2019-02-22 15:00:00,16.431763,9.120972,901.02783,4.9784684,15.143402,61.962944
2019-02-22 16:00:00,16.147003,9.00116,901.3631,4.884898,18.245209,62.589584
2019-02-22 17:00:00,15.189728,8.911835,901.391,4.7114954,20.489319,66.144394
2019-02-22 18:00:00,14.801941,8.701538,901.1193,4.582057,20.779724,66.85898
2019-02-22 19:00:00,14.553589,8.588745,900.6658,4.4867144,20.288269,67.42228
2019-02-22 20:00:00,13.923828,8.476929,900.1795,4.49575,19.539337,69.69733
2019-02-22 21:00:00,13.575348,8.192566,899.8139,4.5210624,19.167603,69.93197
2019-02-22 22:00:00,12.931091,8.137421,899.4718,4.5889034,19.87793,72.66016
2019-02-22 23:00:00,12.714386,7.9234924,899.3539,4.5980096,20.954742,72.63417
2019-02-23 00:00:00,12.8350525,7.9837036,899.541,4.562132,22.788147,72.35836
2019-02-23 01:00:00,12.7725525,7.9524536,900.0225,4.537523,26.02481,72.500725
2019-02-23 02:00:00,13.649109,8.0668335,900.6386,4.4886475,28.027832,69.00568
2019-02-23 03:00:00,14.129089,8.18396,901.20593,4.237123,28.227112,67.423645
2019-02-23 04:00:00,14.659546,8.393097,901.5226,3.6469424,24.30664,66.08169
2019-02-23 05:00:00,17.22232,8.552887,901.4048,2.9563735,13.218994,56.71469
2019-02-23 06:00:00,18.29837,8.46759,900.93854,2.5545013,351.16467,52.693443
2019-02-23 07:00:00,18.681488,8.554199,900.1345,2.7621973,325.59073,51.746685
2019-02-23 08:00:00,19.72699,8.178558,899.225,3.3157377,311.22983,47.26552
2019-02-23 09:00:00,19.91742,8.271759,898.55475,3.728385,305.92215,47.00712
2019-02-23 10:00:00,19.085632,8.899567,898.17267,3.655044,305.96927,51.648705
2019-02-23 11:00:00,18.942902,8.808838,898.17206,3.3063016,316.30463,51.7924
2019-02-23 12:00:00,18.693695,8.6015625,898.3804,2.6788738,333.0979,51.87316
2019-02-23 13:00:00,18.42099,8.5607605,898.67236,2.4895744,341.97327,52.620773
2019-02-23 14:00:00,17.320068,8.6449585,899.1191,2.4154682,350.65543,56.717484
2019-02-23 15:00:00,15.798187,8.079773,899.58624,2.3896737,356.7007,60.130215
2019-02-23 16:00:00,15.569122,8.072693,899.913,2.3605602,1.1239014,60.98879
2019-02-23 17:00:00,14.61441,8.123047,899.9231,2.284281,3.2730408,65.07145
2019-02-23 18:00:00,14.344574,8.066559,899.6432,2.2575588,3.110443,65.962006
2019-02-23 19:00:00,14.122711,7.9709167,899.19336,2.2780502,0.81900024,66.4824
2019-02-23 20:00:00,13.447052,7.845703,898.72424,2.3898685,359.35916,68.875435
2019-02-23 21:00:00,13.100067,7.6224365,898.36163,2.5215378,0.11505127,69.38815
2019-02-23 22:00:00,12.402222,7.437866,898.09454,2.4473546,7.101959,71.72297
2019-02-23 23:00:00,12.321228,7.4185486,898.05975,2.4726923,11.331604,72.0104
2019-02-24 00:00:00,12.508118,7.633148,898.29376,2.5030715,18.167725,72.181564
2019-02-24 01:00:00,12.4652405,7.642578,898.7344,2.5393996,26.20877,72.431435
2019-02-24 02:00:00,13.446716,7.9923706,899.29584,2.5117815,32.86615,69.56745
2019-02-24 03:00:00,14.033997,8.016785,899.7912,2.240049,34.239685,67.07446
2019-02-24 04:00:00,14.897034,8.335693,900.113,1.561016,29.871063,64.825356
2019-02-24 05:00:00,17.37445,8.419678,900.05994,0.9673163,349.5605,55.667633
2019-02-24 06:00:00,18.39441,8.267853,899.58,1.4870849,301.0622,51.67287
2019-02-24 07:00:00,18.712189,8.350067,898.7368,2.3763099,290.1402,50.938328
2019-02-24 08:00:00,19.774933,8.079742,897.813,2.9404244,289.08215,46.81004
2019-02-24 09:00:00,19.968567,8.029724,897.039,3.1955698,290.59015,46.09478
2019-02-24 10:00:00,19.137604,8.764862,896.6781,3.0196123,294.94315,51.01555
2019-02-24 11:00:00,18.987274,8.743805,896.5696,2.5072806,308.4336,51.422794
2019-02-24 12:00:00,18.768646,8.8046875,896.7264,1.916866,334.28333,52.34444
2019-02-24 13:00:00,18.482697,8.873535,897.0613,1.7285478,357.6322,53.537582
2019-02-24 14:00:00,17.281158,8.976379,897.6732,1.6560776,14.893463,58.144062
2019-02-24 15:00:00,16.06894,8.616852,898.29456,1.5649189,26.970154,61.290455
2019-02-24 16:00:00,15.834351,8.558624,898.74786,1.447642,36.04358,61.970943
2019-02-24 17:00:00,15.025879,8.795563,898.84534,1.2546927,40.778748,66.32205
2019-02-24 18:00:00,14.713379,8.768585,898.6194,1.079865,38.773468,67.54706
2019-02-24 19:00:00,14.482269,8.739532,898.1626,0.95593345,31.1763,68.42759
2019-02-24 20:00:00,13.66037,8.706085,897.6869,0.95546085,21.920868,72.00774
2019-02-24 21:00:00,13.470642,8.645691,897.36743,1.0186386,18.951813,72.60496
2019-02-24 22:00:00,12.748871,8.402863,897.2554,1.1042999,29.57666,74.86737
2019-02-24 23:00:00,12.69989,8.395966,897.23553,1.212302,36.604156,75.0728
2019-02-25 00:00:00,12.887848,8.584045,897.51807,1.3094869,39.58075,75.1053
2019-02-25 01:00:00,12.760437,8.470612,898.0797,1.4578462,43.538727,75.15479
2019-02-25 02:00:00,13.588348,8.752319,898.72174,1.5674797,50.000793,72.57215
2019-02-25 03:00:00,13.898773,8.795349,899.2615,1.4398123,55.177948,71.33033
2019-02-25 04:00:00,14.458954,8.868134,899.5655,0.91716367,54.533997,69.12853
2019-02-25 05:00:00,16.822388,8.713745,899.52124,0.3099601,24.16504,58.805893
2019-02-25 06:00:00,17.772675,8.429565,899.0693,0.6761324,285.70648,54.32331
2019-02-25 07:00:00,18.092133,8.583923,898.21313,1.5334146,280.03375,53.801994
2019-02-25 08:00:00,18.920868,8.08139,897.29266,2.2507546,282.05493,49.37027
2019-02-25 09:00:00,19.041199,7.9887085,896.48157,2.715698,286.46973,48.69335
2019-02-25 10:00:00,18.229767,8.599823,896.0732,3.1046658,300.94904,53.39648
2019-02-25 11:00:00,18.101654,8.520782,895.98914,2.767123,316.27716,53.540565
2019-02-25 12:00:00,17.885925,8.464142,896.1551,2.538958,343.02734,54.063892
2019-02-25 13:00:00,17.589752,8.429901,896.47455,2.6744385,8.832642,54.95438
2019-02-25 14:00:00,16.490997,8.548767,896.9928,2.9469333,23.358276,59.39042
2019-02-25 15:00:00,15.337555,8.249451,897.58093,3.043196,31.909576,62.648155
2019-02-25 16:00:00,15.033447,8.193329,897.9924,3.0576596,38.394196,63.641273
2019-02-25 17:00:00,14.222443,8.306213,898.0447,2.9481971,42.03763,67.57547
2019-02-25 18:00:00,13.965088,8.29364,897.8479,2.8395426,43.700195,68.65306
2019-02-25 19:00:00,13.737152,8.216492,897.4687,2.6499822,43.118958,69.31268
2019-02-25 20:00:00,13.077881,8.088562,897.0747,2.5443285,41.613678,71.7282
2019-02-25 21:00:00,12.90979,8.065399,896.7788,2.4394484,41.79828,72.40639
2019-02-25 22:00:00,12.244568,7.8761597,896.67914,2.426159,39.513397,74.6671
2019-02-25 23:00:00,12.152496,7.862152,896.7361,2.4405274,43.94876,75.04895
2019-02-26 00:00:00,12.449738,8.080048,897.03455,2.561556,49.36313,74.69594
2019-02-26 01:00:00,12.42215,8.053589,897.5988,2.754305,55.914703,74.696915
2019-02-26 02:00:00,13.186615,8.270233,898.3038,2.8732684,64.05228,72.10455
2019-02-26 03:00:00,13.496185,8.253632,898.9232,2.5554752,73.64227,70.58496
2019-02-26 04:00:00,14.044739,8.445343,899.3514,1.9468322,83.353516,69.005264
2019-02-26 05:00:00,16.292084,8.577332,899.3554,1.3099566,100.7728,60.26343
2019-02-26 06:00:00,17.30539,8.420807,898.8434,0.72805935,149.3941,55.915356
2019-02-26 07:00:00,17.582642,8.4776,897.985,1.0254203,221.68869,55.156918
2019-02-26 08:00:00,18.414642,8.135468,897.02795,1.7441636,246.17502,51.145847
2019-02-26 09:00:00,18.526428,8.044067,896.3024,2.1749005,257.25134,50.47465
2019-02-26 10:00:00,17.614746,8.477142,895.74023,2.160612,279.7536,55.043663
2019-02-26 11:00:00,17.517487,8.550079,895.6756,1.7359914,298.3167,55.656475
2019-02-26 12:00:00,17.278442,8.43808,895.87103,1.3417331,338.8655,56.076233
2019-02-26 13:00:00,17.033875,8.467804,896.2227,1.4476007,18.716125,57.065464
2019-02-26 14:00:00,16.234802,8.680878,896.8003,1.6889411,38.109833,60.908794
2019-02-26 15:00:00,15.042267,8.278717,897.4196,1.8410989,50.938507,63.974728
2019-02-26 16:00:00,14.820892,8.28302,897.825,1.9021125,60.673645,64.91178
2019-02-26 17:00:00,14.015442,8.395782,897.85474,1.8615303,69.39865,68.9047
2019-02-26 18:00:00,13.708252,8.310852,897.5432,1.6928267,76.85535,69.888824
2019-02-26 19:00:00,13.546326,8.209991,897.09314,1.5367099,85.53949,70.14702
2019-02-26 20:00:00,12.8420105,8.083557,896.6445,1.3336728,90.88446,72.817856
2019-02-26 21:00:00,12.684631,7.998413,896.3064,1.220085,92.97211,73.147514
2019-02-26 22:00:00,12.144104,7.9622498,896.0299,0.81094253,74.80533,75.603386
2019-02-26 23:00:00,12.057159,7.893158,895.9732,0.8919938,79.57794,75.68072
2019-02-27 00:00:00,12.319122,8.103119,896.173,1.0391997,79.2222,75.45742
2019-02-27 01:00:00,12.3151245,8.11441,896.7866,1.2354302,80.18082,75.53514
2019-02-27 02:00:00,13.133911,8.3177185,897.5658,1.3937789,83.47943,72.586334
2019-02-27 03:00:00,13.637573,8.332886,898.3176,1.3962009,94.991455,70.315605
2019-02-27 04:00:00,14.097992,8.4599,898.80865,1.1553447,110.60678,68.835396
2019-02-27 05:00:00,16.000153,8.743683,898.7827,0.8451806,147.89032,62.090214
2019-02-27 06:00:00,16.978607,8.585114,898.2595,1.0088642,210.29065,57.722122
2019-02-27 07:00:00,17.304596,8.653229,897.4542,1.6947387,242.20021,56.80473
2019-02-27 08:00:00,18.099945,8.422333,896.5962,2.3374412,255.90784,53.190525
2019-02-27 09:00:00,18.146881,8.457916,895.8943,2.6583383,265.47186,53.16194
2019-02-27 10:00:00,17.372223,8.50412,895.3679,2.7797794,280.22314,55.994766
2019-02-27 11:00:00,17.264648,8.49765,895.4068,2.3518987,293.3009,56.35202
2019-02-27 12:00:00,17.077728,8.459381,895.6806,1.7302411,320.4056,56.874783
2019-02-27 13:00:00,16.796661,8.481415,896.2459,1.2693032,2.7988281,57.98344
2019-02-27 14:00:00,15.947418,8.731415,896.8519,1.3502231,34.49579,62.247997
2019-02-27 15:00:00,14.862244,8.327087,897.4318,1.5291609,51.13379,64.93284
2019-02-27 16:00:00,14.578339,8.134644,897.8338,1.5392365,63.799927,65.27449
2019-02-27 17:00:00,13.951538,8.292419,897.91705,1.5061972,75.40442,68.707726
2019-02-27 18:00:00,13.749359,8.222626,897.7343,1.3523748,83.616394,69.28657
2019-02-27 19:00:00,13.551666,8.111725,897.4132,1.1635962,89.307465,69.65645
2019-02-27 20:00:00,12.929993,8.087463,897.0246,0.9696651,85.454346,72.41927
2019-02-27 21:00:00,12.76358,7.97464,896.6565,0.90788966,76.605194,72.65283
2019-02-27 22:00:00,12.090332,7.668701,896.57764,0.8968539,48.69702,74.370316
2019-02-27 23:00:00,12.055237,7.736908,896.5709,1.1771569,48.334015,74.88951
2019-02-28 00:00:00,12.106262,7.6362915,896.9838,1.3961468,47.266327,74.12846
2019-02-28 01:00:00,12.080231,7.6101074,897.67596,1.5857844,48.41031,74.12312
2019-02-28 02:00:00,12.670563,7.6495056,898.4503,1.7062708,48.155304,71.49667
2019-02-28 03:00:00,12.868011,7.6640625,899.15295,1.5795686,47.69449,70.648605
2019-02-28 04:00:00,13.315796,7.730377,899.67206,1.270185,35.176056,68.92359
2019-02-28 05:00:00,15.522736,7.9606934,899.7782,0.98624736,11.186523,60.706455
2019-02-28 06:00:00,16.473175,7.753845,899.37274,1.1805423,330.91864,56.334103
2019-02-28 07:00:00,16.767822,7.8194885,898.6431,1.8109983,308.38,55.53701
2019-02-28 08:00:00,17.698273,7.43219,897.7809,2.455096,301.34787,50.999207
2019-02-28 09:00:00,17.757935,7.140167,897.0845,2.9083037,300.99677,49.803703
2019-02-28 10:00:00,17.214447,7.5203857,896.6746,3.1224751,310.4174,52.898323
2019-02-28 11:00:00,17.088226,7.4361267,896.62213,3.0410216,321.05844,53.016705
2019-02-28 12:00:00,16.890686,7.3144226,896.86475,2.619208,337.50912,53.2399
2019-02-28 13:00:00,16.6716,7.272217,897.3222,2.4816725,352.17438,53.829678
2019-02-28 14:00:00,15.746155,7.544525,897.9869,2.5548599,5.5219727,58.172
2019-02-28 15:00:00,14.372345,7.2079163,898.56335,2.6065857,15.448486,62.100365
2019-02-28 16:00:00,14.141205,7.161194,898.9794,2.6360261,22.508453,62.83493
2019-02-28 17:00:00,13.277618,7.227234,899.04486,2.6027775,26.145416,66.7628
2019-02-28 18:00:00,12.905548,7.1072083,898.9054,2.5391161,27.149872,67.84514
2019-02-28 19:00:00,12.57666,6.936371,898.6289,2.514507,26.231873,68.515396
2019-02-28 20:00:00,11.9133,6.770935,898.34595,2.5777476,24.35205,70.7613
2019-02-28 21:00:00,11.771362,6.683563,898.0857,2.7232485,23.719116,70.99943
2019-02-28 22:00:00,11.090942,6.279419,898.0261,3.2811818,18.196838,72.2315
2019-02-28 23:00:00,11.023987,6.2423706,898.0307,3.4378297,23.488037,72.368065
2019-03-01 00:00:00,11.337891,6.411438,898.3846,3.6562867,29.707642,71.708244
2019-03-01 01:00:00,11.255859,6.27063,899.0815,3.9359443,34.142822,71.402954
2019-03-01 02:00:00,12.299316,6.491455,899.9186,4.253179,38.22934,67.67433
2019-03-01 03:00:00,12.97818,6.7862854,900.7084,4.4286633,41.774597,66.054634
2019-03-01 04:00:00,13.564972,6.923401,901.1912,4.3356056,42.86502,64.175835
2019-03-01 05:00:00,15.838715,7.2384033,901.19763,3.9974453,41.591766,56.632187
2019-03-01 06:00:00,16.864105,6.9984436,900.69507,3.6171322,36.011536,52.188957
2019-03-01 07:00:00,17.153809,7.0813904,899.90204,3.3840103,25.266418,51.531937
2019-03-01 08:00:00,18.204407,7.0852966,899.0183,3.4566014,14.152985,48.243584
2019-03-01 09:00:00,18.344513,6.8947144,898.32635,3.765208,9.652954,47.201
2019-03-01 10:00:00,17.572327,7.388489,897.9793,4.918196,12.269501,51.252537
2019-03-01 11:00:00,17.454987,7.3427124,897.959,5.265956,22.689362,51.472206
2019-03-01 12:00:00,17.293152,7.184662,898.15955,5.5972686,33.12976,51.442158
2019-03-01 13:00:00,16.989563,7.0727234,898.5906,5.893392,37.18112,52.039707
2019-03-01 14:00:00,15.836548,7.084839,899.1739,6.179928,41.375336,56.047966
2019-03-01 15:00:00,14.560913,7.0554504,899.75,6.316487,45.33786,60.711605
2019-03-01 16:00:00,14.307831,6.9460754,900.08954,6.3214073,48.765137,61.251873
2019-03-01 17:00:00,13.55069,7.011841,900.15515,6.158729,50.945526,64.626015
2019-03-01 18:00:00,13.181519,6.934387,899.92755,5.9402456,52.022125,65.848885
2019-03-01 19:00:00,12.978821,6.8580627,899.6259,5.6783967,52.10843,66.37796
2019-03-01 20:00:00,12.335144,6.768921,899.1697,5.498063,50.962982,68.8149
2019-03-01 21:00:00,12.110565,6.67041,898.79956,5.371153,49.66455,69.367584
2019-03-01 22:00:00,11.594513,6.4467163,898.6671,5.0611734,49.11328,70.67296
2019-03-01 23:00:00,11.533722,6.4577026,898.6726,5.221913,48.937775,71.01109
2019-03-02 00:00:00,11.918152,6.7565002,898.95013,5.388432,50.393738,70.66862
2019-03-02 01:00:00,11.927216,6.7650146,899.5053,5.5242968,52.185944,70.667725
2019-03-02 02:00:00,13.09671,7.1175537,900.22076,5.6942005,55.508423,67.050446
2019-03-02 03:00:00,13.669159,7.424286,900.9155,5.661786,59.820435,65.964874
2019-03-02 04:00:00,14.201996,7.712372,901.3451,5.3556914,64.04895,64.988335
2019-03-02 05:00:00,16.564117,8.316528,901.3187,4.5997887,65.80966,58.192295
2019-03-02 06:00:00,17.464966,8.170502,900.8228,3.669797,63.47226,54.422993
2019-03-02 07:00:00,17.787292,8.295898,899.99414,2.800968,55.560944,53.783863
2019-03-02 08:00:00,18.844238,8.477631,899.1133,2.2096758,41.326385,50.958206
2019-03-02 09:00:00,19.001007,8.465454,898.44257,2.0301301,23.700378,50.42039
2019-03-02 10:00:00,18.180664,9.114655,898.1439,2.4677374,13.879059,55.45557
2019-03-02 11:00:00,18.031769,9.063049,898.09454,2.71151,17.884033,55.782337
2019-03-02 12:00:00,17.768341,8.979889,898.30743,3.2188783,22.411957,56.397396
2019-03-02 13:00:00,17.398865,8.742615,898.74146,3.7275808,25.912018,56.809628
2019-03-02 14:00:00,16.488708,8.77005,899.3331,4.1147213,30.131653,60.294456
2019-03-02 15:00:00,15.235809,8.565491,899.88196,4.316588,33.172394,64.423416
2019-03-02 16:00:00,15.005463,8.525177,900.2427,4.353269,33.993134,65.20616
2019-03-02 17:00:00,14.251953,8.532257,900.26056,4.2597523,33.11847,68.487305
2019-03-02 18:00:00,14.004944,8.4687195,899.9682,4.1476016,29.948273,69.29312
2019-03-02 19:00:00,13.825592,8.416046,899.44696,4.051701,25.20819,69.854454
2019-03-02 20:00:00,13.272797,8.316406,898.884,4.063475,20.10791,71.92523
2019-03-02 21:00:00,13.069489,8.250122,898.43054,4.1368413,16.642822,72.55891
2019-03-02 22:00:00,12.631653,8.230377,898.1707,4.632489,17.49939,74.56726
2019-03-02 23:00:00,12.602905,8.241913,898.10016,4.7111874,17.36029,74.76638
2019-03-03 00:00:00,12.950836,8.38623,898.2578,4.8111944,18.831543,73.80149
2019-03-03 01:00:00,12.999054,8.423401,898.77155,4.8698535,20.470795,73.75481
2019-03-03 02:00:00,13.918854,8.760986,899.40234,4.8552446,23.833008,71.07229
2019-03-03 03:00:00,14.2664795,8.894226,899.95667,4.611768,26.327362,70.11751
2019-03-03 04:00:00,14.738892,9.151703,900.22986,4.1222315,24.931519,69.20149
2019-03-03 05:00:00,17.012878,9.741394,900.0648,3.51388,16.602356,62.261265
2019-03-03 06:00:00,17.872528,9.781952,899.4724,3.2313569,0.43811035,59.132843
2019-03-03 07:00:00,18.23227,9.9991455,898.60596,3.526806,344.77567,58.658016
2019-03-03 08:00:00,19.260529,10.075378,897.6971,4.035389,336.547,55.287754
2019-03-03 09:00:00,19.296753,10.039124,896.9433,4.5391345,333.6641,55.029636
2019-03-03 10:00:00,18.663605,10.367432,896.4041,4.711365,338.67526,58.51627
2019-03-03 11:00:00,18.497925,10.2812805,896.3378,5.0068827,345.0868,58.787243
2019-03-03 12:00:00,18.284882,10.135315,896.5757,5.1123214,352.70056,58.999466
2019-03-03 13:00:00,18.002747,10.040283,896.99304,5.032988,0.08041382,59.6737
2019-03-03 14:00:00,17.179688,10.2222595,897.5693,4.9147396,5.39032,63.62173
2019-03-03 15:00:00,16.002136,10.055115,898.11945,4.629471,9.167236,67.80361
2019-03-03 16:00:00,15.699158,9.89856,898.48596,4.2406635,11.860077,68.40894
2019-03-03 17:00:00,14.838379,9.738953,898.5119,3.805494,12.418457,71.526764
2019-03-03 18:00:00,14.48291,9.604645,898.2556,3.3838103,10.049622,72.52938
2019-03-03 19:00:00,14.214722,9.502197,897.8029,3.023724,4.640991,73.29222
2019-03-03 20:00:00,13.478394,9.239471,897.30914,2.8236861,357.61945,75.534294
2019-03-03 21:00:00,13.305695,9.181519,896.90826,2.6957488,351.36523,76.09141
2019-03-03 22:00:00,12.728424,8.882477,896.5689,2.4049125,346.3219,77.43899
2019-03-03 23:00:00,12.597382,8.801605,896.5582,2.4070797,342.0943,77.681366
2019-03-04 00:00:00,12.790985,8.89682,896.7751,2.3354998,339.15118,77.197174
2019-03-04 01:00:00,12.78067,8.832581,897.27203,2.199242,338.8507,76.91505
2019-03-04 02:00:00,13.656769,9.132294,897.961,2.0081728,334.84302,74.12601
2019-03-04 03:00:00,14.011566,9.198334,898.6315,1.900799,324.76752,72.76106
2019-03-04 04:00:00,14.575623,9.529816,899.008,2.1486466,308.95895,71.73523
2019-03-04 05:00:00,16.862457,9.781738,898.93774,2.7566803,293.65344,63.027866
2019-03-04 06:00:00,17.956085,10.0026245,898.4306,3.7589335,284.47543,59.698452
2019-03-04 07:00:00,18.328766,10.112183,897.5823,4.7649045,281.37375,58.74641
2019-03-04 08:00:00,19.353333,9.932617,896.73376,5.4929643,281.43704,54.446846
2019-03-04 09:00:00,19.50412,9.84137,895.9572,5.827731,283.4967,53.610188
2019-03-04 10:00:00,18.659363,9.846985,895.4024,5.628897,284.90985,56.530563
2019-03-04 11:00:00,18.557281,9.799225,895.3427,5.149813,289.81903,56.71106
2019-03-04 12:00:00,18.462067,9.829346,895.508,4.1366835,296.78177,57.165443
2019-03-04 13:00:00,18.141113,9.695618,895.88025,3.1356869,301.85623,57.80733
2019-03-04 14:00:00,17.240234,9.847931,896.4506,2.5094385,303.59445,61.811535
2019-03-04 15:00:00,15.897675,9.5720825,896.9764,2.0637972,300.7467,66.08382
2019-03-04 16:00:00,15.571777,9.430267,897.3389,1.7529324,290.3673,66.83626
2019-03-04 17:00:00,14.746002,9.348267,897.3804,1.7253535,274.74832,70.09088
2019-03-04 18:00:00,14.453125,9.258148,897.16846,1.9690744,262.6421,70.99649
2019-03-04 19:00:00,14.283295,9.196747,896.7367,2.356855,255.88544,71.48424
2019-03-04 20:00:00,13.484619,8.92865,896.3004,2.6984642,255.31277,73.93868
2019-03-04 21:00:00,13.289734,8.816437,895.96533,2.9404445,255.80725,74.3183
2019-03-04 22:00:00,12.778564,8.773224,895.77563,3.1492612,256.66333,76.61788
2019-03-04 23:00:00,12.658051,8.744568,895.7885,3.2906568,254.50221,77.07557
2019-03-05 00:00:00,12.856232,8.897278,896.12714,3.3430107,252.63548,76.87068
2019-03-05 01:00:00,12.80304,8.823456,896.79126,3.3410454,250.3393,76.755226
2019-03-05 02:00:00,13.512756,8.946442,897.6836,3.4337006,249.9228,73.89203
2019-03-05 03:00:00,14.150055,9.13916,898.45386,3.5410862,249.34332,71.82431
2019-03-05 04:00:00,14.6848755,9.411255,898.8806,3.7028732,249.47348,70.66627
2019-03-05 05:00:00,16.83075,9.667267,898.93604,4.21291,249.00961,62.671883
2019-03-05 06:00:00,17.925507,9.767487,898.5178,5.081431,250.70264,58.87897
2019-03-05 07:00:00,18.249725,9.880402,897.72034,5.8625455,253.12512,58.12996
2019-03-05 08:00:00,19.206543,9.495911,896.8451,6.412299,255.88506,53.361027
2019-03-05 09:00:00,19.347107,9.378693,896.15643,6.6477146,259.05176,52.48111
2019-03-05 10:00:00,18.74179,9.584442,895.7553,6.212866,262.5379,55.258595
2019-03-05 11:00:00,18.660522,9.506683,895.80554,5.7552505,266.55185,55.250877
2019-03-05 12:00:00,18.4404,9.488617,896.0761,4.699579,269.17877,55.94956
2019-03-05 13:00:00,18.16867,9.513367,896.5351,3.7722514,271.19818,57.00589
2019-03-05 14:00:00,17.244812,9.859741,897.18964,3.1654627,273.89105,61.84255
2019-03-05 15:00:00,15.880096,9.31958,897.8194,2.720886,274.60986,65.04505
2019-03-05 16:00:00,15.656433,9.271362,898.31323,2.4031801,272.74054,65.768425
2019-03-05 17:00:00,14.776978,9.239471,898.4739,2.297831,269.7696,69.44097
2019-03-05 18:00:00,14.501801,9.157745,898.3918,2.3117712,267.9115,70.29686
2019-03-05 19:00:00,14.196991,8.996368,898.0692,2.4216683,266.65848,70.92056
2019-03-05 20:00:00,13.289246,8.589111,897.69946,2.5118027,268.76996,73.18743
2019-03-05 21:00:00,13.049652,8.478699,897.33453,2.5802724,270.85498,73.78723
2019-03-05 22:00:00,12.4436035,8.276703,897.12305,3.1088672,270.1437,75.73012
2019-03-05 23:00:00,12.3194275,8.199127,897.0696,3.1083071,271.56076,75.949326
2019-03-06 00:00:00,12.58316,8.373322,897.31995,2.8808603,272.87097,75.533226
2019-03-06 01:00:00,12.55249,8.336761,897.9336,2.6175632,271.84747,75.49795
2019-03-06 02:00:00,13.462738,8.578522,898.7251,2.4847527,270.27032,72.313034
2019-03-06 03:00:00,13.817596,8.697693,899.42596,2.5293007,268.24753,71.23555
2019-03-06 04:00:00,14.376709,8.929779,899.8521,2.8431451,266.41748,69.78665
2019-03-06 05:00:00,16.86258,9.086456,899.8777,3.5526505,263.83893,60.15026
2019-03-06 06:00:00,17.962524,8.8550415,899.4333,4.605129,262.50952,55.24507
2019-03-06 07:00:00,18.267944,8.952759,898.61865,5.7133384,262.84375,54.553986
2019-03-06 08:00:00,19.151886,8.6163025,897.7522,6.4743114,263.87003,50.46086
2019-03-06 09:00:00,19.386353,8.568329,897.05133,6.750218,265.65314,49.56851
2019-03-06 10:00:00,18.79599,8.952179,896.6248,6.704835,270.53107,52.777893
2019-03-06 11:00:00,18.646759,8.918732,896.6113,5.8720818,273.13745,53.1525
2019-03-06 12:00:00,18.483582,8.677155,896.7852,4.486441,274.36395,52.829105
2019-03-06 13:00:00,18.174652,8.678864,897.1908,3.4020596,274.04526,53.868683
2019-03-06 14:00:00,17.137054,8.966339,897.7763,2.7327726,272.83234,58.636684
2019-03-06 15:00:00,15.708405,8.608612,898.3767,2.2370815,269.50305,62.683743
2019-03-06 16:00:00,15.314362,8.430634,898.7466,1.932229,262.64813,63.516796
2019-03-06 17:00:00,14.449158,8.532471,898.88763,1.8950156,253.9975,67.62055
2019-03-06 18:00:00,14.1521,8.348389,898.67755,1.995713,249.22565,68.07828
2019-03-06 19:00:00,13.994293,8.30014,898.27765,2.138899,247.81374,68.55339
2019-03-06 20:00:00,13.165497,8.05426,897.75946,2.2621446,249.27272,71.15313
2019-03-06 21:00:00,13.0017395,8.032196,897.3755,2.2853756,251.767,71.81034
2019-03-06 22:00:00,12.350067,7.8186646,897.06024,2.8191164,253.22221,73.86177
2019-03-06 23:00:00,12.222443,7.6963196,897.032,2.6560385,254.5599,73.86576
2019-03-07 00:00:00,12.716919,7.9856567,897.3775,2.408387,255.69743,72.92973
2019-03-07 01:00:00,12.646301,7.9618835,897.983,2.0918877,256.6859,73.14956
2019-03-07 02:00:00,13.547455,8.225586,898.7396,1.7828923,257.25446,70.216125
2019-03-07 03:00:00,13.869598,8.331299,899.4014,1.6029662,253.73254,69.2563
2019-03-07 04:00:00,14.5104065,8.502136,899.8187,1.7534978,253.57004,67.21541
2019-03-07 05:00:00,17.002075,8.666779,899.8237,2.2498133,254.25269,57.95558
2019-03-07 06:00:00,18.116394,8.498962,899.4191,2.9920623,256.05655,53.412064
2019-03-07 07:00:00,18.423859,8.579346,898.75146,3.792673,259.2179,52.677525
2019-03-07 08:00:00,19.405548,8.220856,897.94214,4.3423095,263.2864,48.35733
2019-03-07 09:00:00,19.537598,8.132324,897.1726,4.482401,267.59955,47.674686
2019-03-07 10:00:00,18.959808,8.733948,896.6678,4.5025053,272.1879,51.47669
2019-03-07 11:00:00,18.785248,8.712769,896.5848,3.7341254,278.69406,51.966434
2019-03-07 12:00:00,18.659058,8.485687,896.76483,2.3840647,287.15344,51.579563
2019-03-07 13:00:00,18.411407,8.368469,897.2081,1.5269855,303.563,51.9712
2019-03-07 14:00:00,17.163635,8.617523,897.74713,0.9853793,333.30518,57.175083
2019-03-07 15:00:00,15.7724,8.308441,898.3158,0.79844725,4.3794556,61.171413
2019-03-07 16:00:00,15.430695,8.268341,898.73315,0.6942396,28.995972,62.354843
2019-03-07 17:00:00,14.534943,8.414276,898.90704,0.6044556,43.60367,66.71087
2019-03-07 18:00:00,14.178223,8.274506,898.86224,0.4630478,42.226624,67.62362
2019-03-07 19:00:00,13.964813,8.209869,898.6354,0.3241629,23.491913,68.26527
2019-03-07 20:00:00,13.254089,8.102875,898.33014,0.38828364,343.6125,70.97709
2019-03-07 21:00:00,13.029663,7.9493713,898.02716,0.53044224,329.38443,71.277016
2019-03-07 22:00:00,12.41806,7.8254395,897.9242,1.1354439,314.49228,73.56668
2019-03-07 23:00:00,12.302826,7.750519,898.0443,1.1002946,318.03925,73.74836
2019-03-08 00:00:00,12.713318,8.050751,898.49695,1.1020683,325.04755,73.270355
2019-03-08 01:00:00,12.687408,7.9911804,899.2329,1.0767145,334.14417,73.09827
2019-03-08 02:00:00,13.64856,8.2456665,900.032,1.1076107,342.8504,69.85101
2019-03-08 03:00:00,14.090607,8.462311,900.74963,1.2072417,335.7907,68.879585
2019-03-08 04:00:00,14.618378,8.60083,901.19836,1.5435195,319.65936,67.19588
2019-03-08 05:00:00,17.079132,8.948425,901.26776,2.2619593,303.6002,58.780968
2019-03-08 06:00:00,18.104645,8.599335,900.9691,3.2870042,296.15732,53.81581
2019-03-08 07:00:00,18.43988,8.622437,900.3271,4.481489,294.8776,52.77828
2019-03-08 08:00:00,19.41446,8.47583,899.5595,5.501867,296.66232,49.173096
2019-03-08 09:00:00,19.582367,8.277527,898.8488,6.2434974,300.5351,48.01307
2019-03-08 10:00:00,19.100616,9.03949,898.4724,6.0881624,304.94598,52.089787
2019-03-08 11:00:00,18.939178,8.940582,898.476,5.7804427,311.80447,52.267178
2019-03-08 12:00:00,18.767822,8.765839,898.6636,4.952951,322.81,52.20994
2019-03-08 13:00:00,18.486511,8.742798,899.0709,4.3961897,333.23352,53.05428
2019-03-08 14:00:00,17.476166,8.927826,899.6554,4.095442,340.0162,57.24448
2019-03-08 15:00:00,16.087616,8.526459,900.2278,3.910871,345.16428,60.844196
2019-03-08 16:00:00,15.750275,8.41449,900.63196,3.6838539,348.70023,61.699913
2019-03-08 17:00:00,14.797455,8.520538,900.7566,3.5225806,350.71262,66.06452
2019-03-08 18:00:00,14.431213,8.436798,900.63806,3.4243321,350.59995,67.26187
2019-03-08 19:00:00,14.207611,8.361969,900.3325,3.4423385,348.93753,67.89651
2019-03-08 20:00:00,13.469727,8.235626,899.93304,3.5532906,347.3316,70.62032
2019-03-08 21:00:00,13.241669,8.165497,899.5754,3.6828532,346.8479,71.337296
2019-03-08 22:00:00,12.583405,7.931549,899.30945,3.9643967,342.71906,73.30035
2019-03-08 23:00:00,12.419403,7.875305,899.3125,3.9801638,345.56546,73.81025
2019-03-09 00:00:00,12.730621,8.098389,899.6506,3.992464,348.92593,73.42461
2019-03-09 01:00:00,12.774384,8.10434,900.26483,4.011572,353.3006,73.24413
2019-03-09 02:00:00,13.856293,8.1936035,901.04944,3.9894085,356.541,68.67176
2019-03-09 03:00:00,14.254944,8.350464,901.7272,3.8863065,359.55023,67.63608
2019-03-09 04:00:00,14.838226,8.517883,902.12616,3.806824,356.59045,65.87938
2019-03-09 05:00:00,17.779877,8.8116455,902.067,3.7820013,346.32382,55.72017
2019-03-09 06:00:00,18.67627,8.547607,901.6461,4.0990887,333.4893,51.740486
2019-03-09 07:00:00,19.101074,8.685699,900.93604,4.7484336,322.96335,50.85901
2019-03-09 08:00:00,20.139343,8.27887,900.1652,5.511822,316.87714,46.388184
2019-03-09 09:00:00,20.31131,8.350739,899.48755,6.051103,315.63885,46.12197
2019-03-09 10:00:00,19.48993,8.854523,899.0426,5.9611096,315.34796,50.212227
2019-03-09 11:00:00,19.392944,8.843842,898.9341,5.56136,322.6788,50.479507
2019-03-09 12:00:00,19.179108,8.662109,899.1247,4.7514496,334.80545,50.531643
2019-03-09 13:00:00,18.83319,8.529114,899.58124,4.2227407,344.0822,51.171417
2019-03-09 14:00:00,17.587982,8.676636,900.155,3.9685466,350.3845,55.885895
2019-03-09 15:00:00,16.270874,8.489441,900.7134,3.7115583,354.7711,59.98699
2019-03-09 16:00:00,15.92865,8.434631,901.11615,3.4777946,357.5896,61.08374
2019-03-09 17:00:00,14.987579,8.518341,901.26245,3.279824,358.0814,65.251015
2019-03-09 18:00:00,14.673676,8.366394,901.051,3.1551943,358.01727,65.902145
2019-03-09 19:00:00,14.333832,8.218475,900.7015,3.0454862,356.5951,66.69218
2019-03-09 20:00:00,13.472046,8.006561,900.2372,3.024321,356.67166,69.519844
2019-03-09 21:00:00,13.261688,7.8951416,899.83026,2.9745688,358.00665,69.94729
2019-03-09 22:00:00,12.5616455,7.707428,899.51526,2.536214,358.8564,72.29366
2019-03-09 23:00:00,12.418579,7.6011963,899.4865,2.4541442,2.0808716,72.44888
2019-03-10 00:00:00,12.719879,7.787964,899.8798,2.3663979,8.163971,71.94149
2019-03-10 01:00:00,12.750885,7.7919617,900.5195,2.2892275,18.46344,71.815125
2019-03-10 02:00:00,13.975433,7.942627,901.30634,2.206439,27.325714,66.99103
2019-03-10 03:00:00,14.458557,8.159027,901.9724,2.0410857,35.45697,65.8903
2019-03-10 04:00:00,15.125977,8.37735,902.3166,1.7409188,38.29236,64.05824
2019-03-10 05:00:00,18.014648,8.711487,902.38885,1.1463403,31.24466,54.53296
2019-03-10 06:00:00,19.01538,8.547211,901.93134,0.8427979,334.8323,50.654785
2019-03-10 07:00:00,19.424774,8.718628,901.1718,1.554054,299.304,49.955376
2019-03-10 08:00:00,20.501587,8.4878235,900.2274,2.423242,291.8841,46.00878
2019-03-10 09:00:00,20.637573,8.353638,899.5126,2.999484,291.84775,45.211853
2019-03-10 10:00:00,19.864807,9.059204,899.11383,3.1667643,295.8347,49.73951
2019-03-10 11:00:00,19.764954,8.96167,899.0553,2.836686,305.97208,49.720325
2019-03-10 12:00:00,19.542755,8.665039,899.3242,2.2541928,326.92474,49.41107
2019-03-10 13:00:00,19.20044,8.5954895,899.7687,2.1601987,345.90887,50.237675
2019-03-10 14:00:00,17.944366,8.780975,900.3819,2.159909,2.4024353,55.032253
2019-03-10 15:00:00,16.480164,8.539154,901.00635,2.1198888,13.045685,59.392693
2019-03-10 16:00:00,16.104004,8.409454,901.552,2.0380545,20.48816,60.30093
2019-03-10 17:00:00,15.239471,8.474579,901.70447,1.9152644,23.016632,64.01313
2019-03-10 18:00:00,14.959839,8.44693,901.53156,1.7466199,19.669434,65.052284
2019-03-10 19:00:00,14.709625,8.36554,901.08844,1.5883019,11.816467,65.74573
2019-03-10 20:00:00,13.793793,8.0850525,900.5743,1.5417979,3.5794373,68.444664
2019-03-10 21:00:00,13.58844,8.0364685,900.17096,1.5380303,358.92587,69.13567
2019-03-10 22:00:00,13.010437,7.9639893,899.9964,1.5995396,8.8359375,71.43757
2019-03-10 23:00:00,12.938049,7.9468384,900.0522,1.6180629,11.903931,71.69267
2019-03-11 00:00:00,13.300659,8.138641,900.4641,1.6646837,17.637726,70.93398
2019-03-11 01:00:00,13.244507,8.139923,901.13086,1.7463969,24.349915,71.20036
2019-03-11 02:00:00,14.526184,8.439362,901.88165,1.8062602,34.06418,66.86212
2019-03-11 03:00:00,15.065674,8.731079,902.48755,1.7330502,40.382843,65.86497
2019-03-11 04:00:00,15.7656555,9.108154,902.84314,1.3032727,40.170837,64.59668
2019-03-11 05:00:00,18.266693,9.558716,902.76733,0.56089586,6.594818,56.82906
2019-03-11 06:00:00,19.178284,9.23468,902.283,1.0599597,288.12415,52.52434
2019-03-11 07:00:00,19.502625,9.376434,901.4839,2.1316195,280.13733,51.96815
2019-03-11 08:00:00,20.64447,9.249268,900.6789,2.99035,281.92938,48.010723
2019-03-11 09:00:00,20.710144,9.199127,900.0033,3.527989,285.3193,47.655792
2019-03-11 10:00:00,19.998993,9.603546,899.5767,3.6070552,289.0988,51.16716
2019-03-11 11:00:00,19.888306,9.489349,899.4786,3.1836085,300.6453,51.12564
2019-03-11 12:00:00,19.658478,9.284088,899.68134,2.6560102,320.32312,51.148884
2019-03-11 13:00:00,19.218689,9.147736,900.09814,2.4299273,339.48465,52.086494
2019-03-11 14:00:00,18.055756,9.151764,900.6971,2.3971577,352.07248,56.032234
2019-03-11 15:00:00,16.932068,9.059601,901.3176,2.406078,359.50226,59.777557
2019-03-11 16:00:00,16.6268,8.952545,901.7897,2.397677,3.655243,60.50842
2019-03-11 17:00:00,15.625061,9.061005,901.86523,2.3686736,4.410553,64.973656
2019-03-11 18:00:00,15.375671,9.040375,901.66943,2.3482122,2.0424805,65.928665
2019-03-11 19:00:00,15.13266,8.940674,901.2826,2.3721166,357.16217,66.51668
2019-03-11 20:00:00,14.391754,8.773346,900.88055,2.4982765,352.77267,68.98639
2019-03-11 21:00:00,14.04068,8.626221,900.5271,2.6260436,350.19095,69.87361
2019-03-11 22:00:00,13.660248,8.654205,900.2978,2.8207517,351.27493,71.756195
2019-03-11 23:00:00,13.505096,8.561554,900.386,2.9946477,353.79413,72.031166
2019-03-12 00:00:00,13.897736,8.7099,900.8107,3.1067703,357.46655,70.92447
2019-03-12 01:00:00,13.894531,8.703857,901.43085,3.2134185,3.012024,70.91025
2019-03-12 02:00:00,15.080505,8.937439,902.1269,3.327256,6.960968,66.72548
2019-03-12 03:00:00,15.473877,9.164856,902.7381,3.147119,7.0598755,66.066605
2019-03-12 04:00:00,16.1044,9.395081,903.089,2.9026875,359.2998,64.44661
2019-03-12 05:00:00,18.708923,9.454071,903.0744,2.8367076,345.8281,54.889565
2019-03-12 06:00:00,19.658295,9.209595,902.69025,3.1034133,332.14493,50.89367
2019-03-12 07:00:00,19.988678,9.301422,901.9861,3.6069071,320.2863,50.17097
2019-03-12 08:00:00,20.970001,9.029755,901.17596,4.1997786,313.5513,46.367924
2019-03-12 09:00:00,21.12738,8.878479,900.43134,4.6279945,311.61218,45.455647
2019-03-12 10:00:00,20.323181,9.456909,900.0047,4.582402,312.53986,49.66026
2019-03-12 11:00:00,20.176971,9.4157715,899.95874,4.294944,319.923,49.972637
2019-03-12 12:00:00,19.971222,9.21582,900.1364,3.7474988,331.003,49.936737
2019-03-12 13:00:00,19.67981,9.0095825,900.53174,3.5596557,336.77908,50.145443
2019-03-12 14:00:00,18.421448,9.212799,901.0307,3.4242194,340.51337,54.986645
2019-03-12 15:00:00,17.203796,8.939789,901.511,3.3821867,342.68045,58.285122
2019-03-12 16:00:00,16.83908,8.829132,901.8963,3.2891295,342.61682,59.20336
2019-03-12 17:00:00,15.957367,8.86557,901.98834,3.2596142,340.7369,62.774693
2019-03-12 18:00:00,15.592712,8.780701,901.8974,3.3582807,338.5412,63.88853
2019-03-12 19:00:00,15.360016,8.7022705,901.5783,3.525175,336.86523,64.50581
2019-03-12 20:00:00,14.597931,8.512238,901.2371,3.7477992,336.3989,66.88241
2019-03-12 21:00:00,14.33316,8.424683,900.88306,3.9022257,337.44037,67.63403
2019-03-12 22:00:00,13.630768,8.217926,900.70685,3.6643956,336.54263,69.800385
2019-03-12 23:00:00,13.461456,8.086395,900.7227,3.7489002,342.48566,69.94619
2019-03-13 00:00:00,13.759644,8.291199,901.0901,3.8066287,348.65045,69.563095
2019-03-13 01:00:00,13.783997,8.263123,901.72375,3.8131514,355.42603,69.32104
2019-03-13 02:00:00,14.930939,8.639313,902.42334,3.871846,0.9734192,66.02751
2019-03-13 03:00:00,15.799591,8.833069,903.05786,3.7537618,4.1365967,63.271755
2019-03-13 04:00:00,16.384521,9.027466,903.45233,3.5497632,2.0827332,61.759083
2019-03-13 05:00:00,18.798187,9.403992,903.4785,3.279034,353.2426,54.400806
2019-03-13 06:00:00,19.77884,9.0338745,903.10596,3.2543843,339.44766,49.920006
2019-03-13 07:00:00,20.189667,9.3541565,902.39307,3.5159996,327.4591,49.727024
2019-03-13 08:00:00,21.21289,9.306824,901.59564,3.9222121,319.90436,46.5419
2019-03-13 09:00:00,21.392944,9.347839,900.9478,4.1363235,318.4895,46.15817
2019-03-13 10:00:00,20.577454,10.099579,900.5642,4.116852,315.40088,51.038857
2019-03-13 11:00:00,20.454071,10.020935,900.6474,3.896989,327.40823,51.158947
2019-03-13 12:00:00,20.325073,9.916351,900.9369,3.8064845,343.5578,51.208282
2019-03-13 13:00:00,19.911407,9.775757,901.4593,3.9224143,355.23752,52.043064
2019-03-13 14:00:00,18.723389,9.809326,902.04,3.9832137,3.1835632,56.162823
2019-03-13 15:00:00,17.598969,9.639343,902.63403,3.9846146,8.545197,59.588085
2019-03-13 16:00:00,17.302368,9.53952,903.0101,3.871697,10.864105,60.30889
2019-03-13 17:00:00,16.346527,9.664185,903.0569,3.7444298,11.628571,64.617004
2019-03-13 18:00:00,16.17453,9.673676,902.8692,3.6279025,9.438843,65.37057
2019-03-13 19:00:00,15.96994,9.597412,902.4938,3.5684652,6.2786255,65.89144
2019-03-13 20:00:00,15.274841,9.47934,902.0391,3.5905254,2.2685852,68.34601
2019-03-13 21:00:00,15.036285,9.414215,901.68243,3.7114902,0.41381836,69.09869
2019-03-13 22:00:00,14.541595,9.498169,901.348,3.8351471,1.9454651,71.74036
2019-03-13 23:00:00,14.476685,9.494324,901.37854,3.875967,4.2081604,72.0231
2019-03-14 00:00:00,14.798248,9.738007,901.673,4.0163636,7.9279175,71.70738
2019-03-14 01:00:00,14.85022,9.83432,902.3334,4.224209,12.322205,71.930466
2019-03-14 02:00:00,15.924011,10.145142,903.0092,4.4348717,16.465607,68.554016
2019-03-14 03:00:00,16.296661,10.159424,903.5938,4.244231,19.119995,67.00773
2019-03-14 04:00:00,16.939453,10.380005,903.87427,3.8643708,17.523254,65.28057
2019-03-14 05:00:00,19.301575,10.546661,903.7843,3.4988124,10.957001,56.90868
2019-03-14 06:00:00,20.239075,10.171967,903.2271,3.2628343,358.53903,52.368702
2019-03-14 07:00:00,20.510376,10.222321,902.36444,3.2935832,345.69504,51.67241
2019-03-14 08:00:00,21.517792,10.1762085,901.4419,3.477615,337.1431,48.42191
2019-03-14 09:00:00,21.633667,10.110321,900.7397,3.6466005,335.12192,47.868633
2019-03-14 10:00:00,20.670929,10.430054,900.28326,3.6265457,336.0799,51.877754
2019-03-14 11:00:00,20.522217,10.298645,900.2156,3.8282313,347.22696,51.898468
2019-03-14 12:00:00,20.333221,10.215729,900.4121,3.98712,359.96548,52.21743
2019-03-14 13:00:00,20.088562,10.116333,900.87415,3.9932835,9.522919,52.6622
2019-03-14 14:00:00,19.009369,10.234375,901.4727,3.9861243,16.551208,56.75975
2019-03-14 15:00:00,17.764038,9.888824,902.0764,3.8664086,21.73172,59.96583
2019-03-14 16:00:00,17.481903,9.791901,902.49475,3.6599908,25.843994,60.646976
2019-03-14 17:00:00,16.635315,9.895721,902.6292,3.4041038,28.066284,64.43319
2019-03-14 18:00:00,16.310974,9.77597,902.5014,3.2271724,27.795929,65.25069
2019-03-14 19:00:00,16.019867,9.672607,902.1965,3.0834095,24.953644,66.01396
2019-03-14 20:00:00,15.28833,9.461609,901.7742,3.0643585,21.868195,68.205574
2019-03-14 21:00:00,15.07254,9.454529,901.42944,3.1611302,20.012634,69.124794
2019-03-14 22:00:00,14.378754,9.270935,901.22626,3.189699,22.608215,71.399956
2019-03-14 23:00:00,14.237701,9.175079,901.37665,3.4358683,23.941345,71.590904
2019-03-15 00:00:00,14.688904,9.479553,901.85834,3.7069912,27.290283,70.97288
2019-03-15 01:00:00,14.802856,9.574158,902.5326,4.0309525,31.27356,70.90247
2019-03-15 02:00:00,15.680756,9.740601,903.28094,4.2750483,34.569763,67.76857
2019-03-15 03:00:00,16.16446,9.96463,903.854,4.0446243,40.12317,66.700134
2019-03-15 04:00:00,16.741425,9.931519,904.1661,3.581012,43.06668,64.15407
2019-03-15 05:00:00,19.32547,10.05954,904.1029,2.993763,42.95343,55.00643
2019-03-15 06:00:00,20.305908,9.793182,903.6401,2.40318,33.891876,50.847733
2019-03-15 07:00:00,20.604248,9.856628,902.82086,2.053883,14.683594,50.132996
2019-03-15 08:00:00,21.555237,9.523346,901.8195,2.2080636,356.5046,46.244015
2019-03-15 09:00:00,21.730286,9.459106,900.9102,2.5753558,350.81216,45.554707
2019-03-15 10:00:00,20.908752,10.102783,900.2877,2.843023,343.4477,50.019146
2019-03-15 11:00:00,20.782593,10.05307,900.2057,3.162749,357.9811,50.241566
2019-03-15 12:00:00,20.510162,9.898865,900.373,3.4860446,13.198761,50.567455
2019-03-15 13:00:00,20.143402,9.753754,900.8042,3.5209157,20.473938,51.225464
2019-03-15 14:00:00,19.000366,9.698181,901.43506,3.6303222,25.693329,54.79
2019-03-15 15:00:00,17.68042,9.387207,902.0885,3.6494732,30.474121,58.287525
2019-03-15 16:00:00,17.40857,9.294525,902.5773,3.6220374,34.486603,58.92728
2019-03-15 17:00:00,16.442566,9.310974,902.67,3.5232558,36.3808,62.71743
2019-03-15 18:00:00,16.081512,9.286987,902.4648,3.457324,34.75995,64.07332
2019-03-15 19:00:00,15.668274,9.030243,901.99945,3.4353511,31.536346,64.659966
2019-03-15 20:00:00,14.909637,8.856506,901.5037,3.5565026,27.885162,67.09556
2019-03-15 21:00:00,14.695129,8.760559,901.11255,3.7424192,25.937622,67.58993
2019-03-15 22:00:00,13.916687,8.526459,900.9701,3.4515204,22.55893,69.96383
2019-03-15 23:00:00,13.750153,8.434601,901.09467,3.701271,24.540527,70.285805
2019-03-16 00:00:00,14.105652,8.7547,901.5428,3.918928,27.105316,70.18698
2019-03-16 01:00:00,14.134705,8.703033,902.2003,4.1580195,30.705322,69.81085
2019-03-16 02:00:00,15.275452,8.880646,902.8756,4.3044734,32.79007,65.64296
2019-03-16 03:00:00,15.7222595,9.189423,903.4857,4.0971885,33.86032,65.131775
2019-03-16 04:00:00,16.27298,9.263245,903.84827,3.7890408,33.49524,63.19495
2019-03-16 05:00:00,18.776459,9.330322,903.8682,3.35353,28.555939,54.205555
2019-03-16 06:00:00,19.891296,9.10791,903.4041,2.9186382,16.370972,49.821186
2019-03-16 07:00:00,20.299988,9.222534,902.58716,2.7833574,359.6959,48.95373
2019-03-16 08:00:00,21.319305,9.00061,901.62305,3.0031888,346.0244,45.29535
2019-03-16 09:00:00,21.521149,8.834961,900.78107,3.3456023,340.11972,44.241558
2019-03-16 10:00:00,20.723541,9.577972,900.224,3.4431343,338.18533,48.84477
2019-03-16 11:00:00,20.660522,9.5251465,900.20386,3.542691,347.38437,48.86109
2019-03-16 12:00:00,20.41333,9.264313,900.4045,3.4502885,1.6396484,48.74923
2019-03-16 13:00:00,20.05957,9.192444,900.9285,3.3858826,7.829376,49.58627
2019-03-16 14:00:00,18.953186,9.300232,901.50085,3.286839,14.733551,53.502213
2019-03-16 15:00:00,17.500122,9.0720215,902.06525,3.1529658,20.746216,57.716476
2019-03-16 16:00:00,17.14978,8.968414,902.40283,2.973356,25.761963,58.59767
2019-03-16 17:00:00,16.136322,8.907928,902.416,2.7904825,28.217407,62.239574
2019-03-16 18:00:00,15.787262,8.862427,902.2033,2.6078515,27.905762,63.447285
2019-03-16 19:00:00,15.530609,8.776642,901.7871,2.499137,25.977905,64.125595
2019-03-16 20:00:00,14.715851,8.696289,901.31415,2.5072007,22.329132,67.20716
2019-03-16 21:00:00,14.5277405,8.625885,900.933,2.6106067,21.130096,67.70478
2019-03-16 22:00:00,13.789337,8.346863,900.7851,2.5442324,22.270416,69.6916
2019-03-16 23:00:00,13.635101,8.295166,900.8981,2.6855178,25.389923,70.147285
2019-03-17 00:00:00,13.977173,8.481415,901.2924,2.8870401,30.321014,69.4777
2019-03-17 01:00:00,14.001343,8.481293,901.9352,3.1333532,35.733246,69.368324
2019-03-17 02:00:00,15.45697,8.714966,902.6604,3.386115,41.576813,64.161
2019-03-17 03:00:00,15.94574,8.938568,903.3143,3.4026082,47.739807,63.131546
2019-03-17 04:00:00,16.634766,9.205078,903.6189,3.0770571,49.782135,61.51583
2019-03-17 05:00:00,19.527863,9.375427,903.5468,2.416033,44.71985,51.883213
2019-03-17 06:00:00,20.446838,9.199585,903.0432,1.8961917,24.36145,48.437046
2019-03-17 07:00:00,20.819092,9.406189,902.2314,2.0310225,356.04456,48.00127
2019-03-17 08:00:00,21.848022,9.256317,901.30554,2.6061852,341.14377,44.615753
2019-03-17 09:00:00,21.999695,9.22757,900.4613,3.1012175,337.97598,44.11933
2019-03-17 10:00:00,21.176514,10.064636,899.88666,3.443035,341.91702,49.07791
2019-03-17 11:00:00,21.069519,10.022217,899.7304,3.7139723,353.55887,49.261356
2019-03-17 12:00:00,20.77356,10.003174,899.8931,3.9089355,7.803314,50.10202
2019-03-17 13:00:00,20.320068,9.884338,900.28156,3.948251,17.18811,51.11444
2019-03-17 14:00:00,19.20108,10.178284,900.84656,3.9707735,24.623993,55.87577
2019-03-17 15:00:00,17.827454,9.839813,901.37524,3.922094,30.00763,59.53116
2019-03-17 16:00:00,17.490967,9.925476,901.7421,3.8213341,34.37503,61.156975
2019-03-17 17:00:00,16.33487,9.891388,901.7682,3.67341,37.90149,65.65716
2019-03-17 18:00:00,16.087646,9.919342,901.5598,3.5669098,39.83673,66.8248
2019-03-17 19:00:00,15.813507,9.763916,901.16064,3.4575639,40.00177,67.30068
2019-03-17 20:00:00,14.996674,9.565033,900.682,3.405609,39.59546,69.98035
2019-03-17 21:00:00,14.806152,9.50766,900.26337,3.449313,39.407715,70.57162
2019-03-17 22:00:00,14.179291,9.229004,899.98206,3.487254,45.397858,72.12346
2019-03-17 23:00:00,14.141418,9.273163,899.98346,3.6605024,44.79953,72.51573
2019-03-18 00:00:00,14.497467,9.548737,900.2918,3.8419995,46.084503,72.1898
2019-03-18 01:00:00,14.4999695,9.553375,900.9533,3.9936714,47.91275,72.20062
2019-03-18 02:00:00,15.670044,9.839478,901.7467,4.0528703,50.687927,68.26587
2019-03-18 03:00:00,16.262573,10.028748,902.41046,3.7079127,53.28247,66.56929
2019-03-18 04:00:00,16.888855,10.261688,902.7483,3.0753953,51.617523,64.97525
2019-03-18 05:00:00,19.360046,10.653107,902.68677,2.323902,43.05591,57.10529
2019-03-18 06:00:00,20.388062,10.287415,902.20917,1.7816046,13.98349,52.290596
2019-03-18 07:00:00,20.641876,10.33783,901.35767,2.115511,338.92844,51.65199
2019-03-18 08:00:00,21.570831,10.135315,900.4146,2.9569795,322.37497,48.133305
2019-03-18 09:00:00,21.642426,9.9635315,899.5721,3.7633476,319.19806,47.37562
2019-03-18 10:00:00,20.811523,10.746765,898.99194,4.3728786,332.9439,52.526855
2019-03-18 11:00:00,20.700867,10.656799,898.78625,4.460712,338.525,52.570267
2019-03-18 12:00:00,20.465393,10.576996,898.8722,4.204832,350.01425,53.056187
2019-03-18 13:00:00,20.225708,10.473389,899.1604,3.9694204,358.7876,53.47686
2019-03-18 14:00:00,19.159363,10.655792,899.5808,3.6927967,6.007538,57.83362
2019-03-18 15:00:00,17.848541,10.426819,900.0427,3.3983922,12.113068,61.83084
2019-03-18 16:00:00,17.38208,10.251312,900.3786,3.0548823,16.260712,62.934963
2019-03-18 17:00:00,16.5018,10.241943,900.38837,2.6969488,18.842987,66.50416
2019-03-18 18:00:00,16.089325,10.121674,900.04315,2.3601005,18.197388,67.72811
2019-03-18 19:00:00,15.848785,10.02594,899.5261,2.0703871,14.399078,68.33755
2019-03-18 20:00:00,15.125702,9.878326,898.9799,1.8965236,8.201782,70.87539
2019-03-18 21:00:00,14.964111,9.828888,898.56024,1.8444811,2.3007507,71.379
2019-03-18 22:00:00,14.269348,9.536743,898.21,2.0105927,2.5583496,73.20321
2019-03-18 23:00:00,14.201813,9.484619,898.1258,1.8122703,5.349701,73.26693
2019-03-19 00:00:00,14.537659,9.613342,898.424,1.6272249,9.858337,72.31559
2019-03-19 01:00:00,14.50943,9.543549,898.9724,1.4828745,18.698486,72.108925
2019-03-19 02:00:00,15.9045105,9.819611,899.6355,1.1828555,30.941437,67.160614
2019-03-19 03:00:00,16.4794,10.175995,900.182,0.63362694,38.693207,66.306274
2019-03-19 04:00:00,17.046387,10.2447815,900.4048,0.16099165,305.13556,64.25734
2019-03-19 05:00:00,19.616455,10.454254,900.2353,1.0282204,262.82855,55.462955
2019-03-19 06:00:00,20.61612,10.1033325,899.65454,2.041593,267.00916,50.930153
2019-03-19 07:00:00,20.973846,10.166016,898.8646,2.966229,271.05203,50.030388
2019-03-19 08:00:00,21.820526,9.843628,897.9973,3.658184,275.1296,46.48816
2019-03-19 09:00:00,21.968262,9.712799,897.2617,4.027366,279.6433,45.668716
2019-03-19 10:00:00,21.320099,10.754028,896.7174,3.97552,285.74957,50.93627
2019-03-19 11:00:00,21.19284,10.575195,896.5132,3.5378454,294.90793,50.72799
2019-03-19 12:00:00,20.98053,10.346802,896.71155,2.6574068,309.99173,50.617123
2019-03-19 13:00:00,20.61206,10.1250305,897.11383,2.1470506,330.00952,51.016827
2019-03-19 14:00:00,19.344818,10.399261,897.7343,1.8632376,347.0531,56.200893
2019-03-19 15:00:00,18.144836,10.335449,898.35016,1.6489214,358.45297,60.321075
2019-03-19 16:00:00,17.742249,10.224579,898.8601,1.4505891,3.6431885,61.411644
2019-03-19 17:00:00,16.785034,10.257019,898.938,1.224522,4.424011,65.38414
2019-03-19 18:00:00,16.482452,10.392822,898.7226,1.0347105,357.67535,67.25986
2019-03-19 19:00:00,16.114868,10.229462,898.28876,0.9216148,344.68362,68.10653
2019-03-19 20:00:00,15.375,10.106079,897.8168,0.9337628,335.57397,70.82087
2019-03-19 21:00:00,15.115295,10.042755,897.3914,1.0140513,333.94342,71.70752
2019-03-19 22:00:00,14.471008,10.05896,897.04016,0.5140338,336.67996,74.82819
2019-03-19 23:00:00,14.340881,10.036774,897.1521,0.4655879,352.43558,75.34829
2019-03-20 00:00:00,14.691437,10.0989685,897.55774,0.46706587,24.131805,73.96876
2019-03-20 01:00:00,14.738037,10.127045,898.2332,0.5844756,61.326813,73.88537
2019-03-20 02:00:00,15.926575,10.343506,899.0379,0.74783945,92.272644,69.456696
2019-03-20 03:00:00,16.543762,10.627716,899.74603,0.6897056,116.62732,68.05501
2019-03-20 04:00:00,17.156433,10.742401,900.18915,0.6309828,155.20605,65.962845
2019-03-20 05:00:00,19.539917,11.020905,900.24023,0.96572804,197.48561,57.867622
2019-03-20 06:00:00,20.496674,10.493286,899.9308,1.66888,224.0555,52.65944
2019-03-20 07:00:00,20.78064,10.5564575,899.2562,2.5062873,238.88144,51.96439
2019-03-20 08:00:00,21.590363,10.269928,898.46515,3.2261326,248.42549,48.510048
2019-03-20 09:00:00,21.806854,10.082031,897.74005,3.596725,256.1942,47.275223
2019-03-20 10:00:00,21.09372,10.570007,897.2821,3.5151787,268.51666,51.019913
2019-03-20 11:00:00,21.0141,10.4973755,897.15906,2.9685297,277.81036,51.02252
2019-03-20 12:00:00,20.810516,10.538849,897.39014,2.0319042,293.35696,51.808147
2019-03-20 13:00:00,20.400238,10.409302,897.8978,1.4003278,317.5868,52.67795
2019-03-20 14:00:00,19.289246,10.49234,898.6143,1.0942771,339.2967,56.746613
2019-03-20 15:00:00,18.240936,10.372772,899.3683,0.9192547,354.79816,60.107803
2019-03-20 16:00:00,17.937927,10.311066,899.9187,0.76835316,3.5869446,61.011185
2019-03-20 17:00:00,16.867432,10.28598,900.09283,0.6360519,8.485992,65.16916
2019-03-20 18:00:00,16.532898,10.340118,899.9414,0.59569,6.955902,66.80915
2019-03-20 19:00:00,16.184448,10.153168,899.58563,0.636749,0.21130371,67.46034
2019-03-20 20:00:00,15.446533,10.0477295,899.10547,0.7974532,355.8796,70.22225
2019-03-20 21:00:00,15.053314,9.9183655,898.6477,1.0010307,353.11633,71.39712
2019-03-20 22:00:00,14.481262,9.94574,898.5139,0.55426675,351.23013,74.2144
2019-03-20 23:00:00,14.339508,9.889343,898.5464,0.91234565,0.41552734,74.61519
2019-03-21 00:00:00,14.703125,9.971588,898.96045,1.2260114,9.729187,73.285995
2019-03-21 01:00:00,14.717285,9.988495,899.70984,1.5305598,18.02008,73.302
2019-03-21 02:00:00,15.885498,10.293182,900.61255,1.6555507,22.040771,69.40573
2019-03-21 03:00:00,16.418457,10.39801,901.3703,1.4886299,14.536194,67.557594
2019-03-21 04:00:00,16.910522,10.451111,901.88165,1.456136,358.9533,65.71121
2019-03-21 05:00:00,19.16922,10.561035,901.92114,1.5638535,338.454,57.434624
2019-03-21 06:00:00,20.509186,10.224304,901.5464,1.899349,318.85956,51.683044
2019-03-21 07:00:00,20.838165,10.274933,900.7788,2.5463216,305.56403,50.81781
2019-03-21 08:00:00,21.889526,10.049652,899.88104,3.2114005,299.74667,46.935486
2019-03-21 09:00:00,21.968262,9.828583,899.1163,3.7329855,299.1062,46.024487
2019-03-21 10:00:00,21.302551,10.494904,898.71716,3.5210614,299.28406,50.11902
2019-03-21 11:00:00,21.14685,10.351959,898.7123,3.2909048,309.30942,50.11998
2019-03-21 12:00:00,20.991028,10.271698,898.98517,2.8255782,326.87662,50.331573
2019-03-21 13:00:00,20.700745,10.204681,899.4464,2.5783849,342.38037,51.009613
2019-03-21 14:00:00,19.483917,10.411377,900.04663,2.3915532,352.07028,55.761875
2019-03-21 15:00:00,18.200287,10.275482,900.6808,2.1935585,359.05087,59.87137
2019-03-21 16:00:00,17.825378,10.197754,901.14087,1.9706801,2.9284973,60.981674
2019-03-21 17:00:00,16.838104,10.207581,901.2875,1.8007934,2.7065125,64.94961
2019-03-21 18:00:00,16.517365,10.175232,901.1303,1.7199681,356.68628,66.143005
2019-03-21 19:00:00,16.204712,10.018707,900.76874,1.7691991,348.6356,66.77034
2019-03-21 20:00:00,15.418488,9.782135,900.30585,1.9330491,341.11618,69.10888
2019-03-21 21:00:00,15.204071,9.809418,899.8773,2.1865525,337.605,70.194664
2019-03-21 22:00:00,14.644745,9.804993,899.636,2.266469,327.757,72.74643
2019-03-21 23:00:00,14.536316,9.725861,899.69916,2.3960586,330.66458,72.86975
2019-03-22 00:00:00,14.805267,9.824707,900.06396,2.4812152,336.1317,72.09262
2019-03-22 01:00:00,14.796814,9.768707,900.7073,2.6037023,340.52994,71.861725
2019-03-22 02:00:00,16.082977,10.00943,901.4896,2.816563,342.26974,67.248924
2019-03-22 03:00:00,16.527344,10.15033,902.14874,2.9429514,339.98627,65.99116
2019-03-22 04:00:00,17.256042,10.434601,902.52454,3.284852,335.53268,64.21875
2019-03-22 05:00:00,19.858276,10.391357,902.5,3.780713,328.77615,54.408497
2019-03-22 06:00:00,20.778168,9.970337,902.09045,4.4715915,320.69064,49.977898
2019-03-22 07:00:00,21.084167,10.018585,901.34283,5.272514,314.8953,49.205112
2019-03-22 08:00:00,22.016357,9.8125,900.4916,5.940923,312.49307,45.84027
2019-03-22 09:00:00,22.161194,9.763519,899.6777,6.365432,313.15955,45.288567
2019-03-22 10:00:00,21.297638,10.161499,899.08093,6.3094373,315.8076,49.03109
2019-03-22 11:00:00,21.108032,10.126038,898.90344,5.9969287,321.55844,49.48734
2019-03-22 12:00:00,20.948914,10.133759,899.0056,5.2563324,330.04602,49.999214
2019-03-22 13:00:00,20.736298,10.05722,899.4282,4.607307,336.13644,50.398933
2019-03-22 14:00:00,19.564545,10.358154,899.9857,4.370963,340.5488,55.28661
2019-03-22 15:00:00,18.219727,10.117371,900.6016,4.2191415,343.33505,59.17013
2019-03-22 16:00:00,17.922272,10.055023,901.0167,4.0217743,344.87747,60.035587
2019-03-22 17:00:00,16.936676,10.041077,901.12213,3.8515623,343.09882,63.83067
2019-03-22 18:00:00,16.522095,9.883667,900.9432,3.7953496,340.45825,64.84613
2019-03-22 19:00:00,16.218506,9.79068,900.639,3.8766413,337.23712,65.700935
2019-03-22 20:00:00,15.461151,9.656342,900.2494,4.0741916,335.1334,68.341255
2019-03-22 21:00:00,15.223541,9.524902,899.8614,4.2750416,334.35876,68.781685
2019-03-22 22:00:00,14.62027,9.274658,899.6364,3.51024,334.2055,70.31252
2019-03-22 23:00:00,14.41153,9.105774,899.74963,3.7675655,334.4364,70.46092
2019-03-23 00:00:00,14.665924,9.309631,900.157,3.889084,336.08844,70.27088
2019-03-23 01:00:00,14.681854,9.2854,900.823,3.9744256,338.05884,70.0844
2019-03-23 02:00:00,15.830872,9.48291,901.52905,4.170591,338.58868,65.970314
2019-03-23 03:00:00,16.663544,9.704407,902.0428,4.413149,337.25467,63.49852
2019-03-23 04:00:00,17.561523,10.140106,902.22705,4.7144675,334.99417,61.76566
2019-03-23 05:00:00,19.734833,10.145508,902.03546,5.0728273,329.53033,53.934055
2019-03-23 06:00:00,20.646881,9.655151,901.5639,5.609814,322.6128,49.330757
2019-03-23 07:00:00,21.069763,9.820343,900.82947,6.402027,317.6427,48.599396
2019-03-23 08:00:00,21.995209,9.611786,900.0739,7.177254,314.41302,45.28583
2019-03-23 09:00:00,22.17804,9.406921,899.3437,7.6667933,313.14734,44.172115
2019-03-23 10:00:00,21.59665,10.067902,898.83185,7.134119,309.7114,47.841278
2019-03-23 11:00:00,21.504822,10.068481,898.723,6.747811,312.8288,48.11269
2019-03-23 12:00:00,21.24591,9.72113,898.8716,5.6202164,318.35715,47.75825
2019-03-23 13:00:00,20.923157,9.606232,899.20386,4.737477,322.64154,48.340157
2019-03-23 14:00:00,19.617035,9.704773,899.71704,4.174506,327.12402,52.750343
2019-03-23 15:00:00,18.25064,9.660522,900.27295,3.7972014,329.54184,57.27631
2019-03-23 16:00:00,17.855957,9.5043335,900.66833,3.5261266,331.19867,58.10222
2019-03-23 17:00:00,16.84497,9.550812,900.75665,3.3770454,330.44913,62.12795
2019-03-23 18:00:00,16.538483,9.526093,900.614,3.3664286,328.22577,63.24383
2019-03-23 19:00:00,16.267242,9.40686,900.31177,3.4480526,326.38623,63.831615
2019-03-23 20:00:00,15.572479,9.260651,899.84204,3.588767,325.85236,66.07527
2019-03-23 21:00:00,15.257111,9.1762085,899.43414,3.7485952,326.62067,67.04298
2019-03-23 22:00:00,14.501068,9.025848,899.3498,3.4691143,326.66678,69.678154
2019-03-23 23:00:00,14.409973,9.028168,899.4201,3.3702452,330.3394,70.100395
2019-03-24 00:00:00,14.782562,9.240875,899.7277,3.2739272,334.4394,69.42254
2019-03-24 01:00:00,14.828613,9.283264,900.2894,3.18841,339.54517,69.41457
2019-03-24 02:00:00,16.315521,9.633606,900.9196,3.126573,343.26596,64.61203
2019-03-24 03:00:00,16.851074,9.791809,901.4752,3.0638192,341.48904,63.115955
2019-03-24 04:00:00,17.495667,10.055481,901.75085,3.1661851,335.06284,61.672943
2019-03-24 05:00:00,20.298553,10.335175,901.6306,3.4486167,325.43387,52.74828
2019-03-24 06:00:00,21.213501,10.102478,901.1845,3.9650948,316.18292,49.090706
2019-03-24 07:00:00,21.565979,10.243469,900.4462,4.68377,310.61273,48.49671
2019-03-24 08:00:00,22.590515,9.885986,899.6278,5.324369,308.56604,44.485054
2019-03-24 09:00:00,22.775818,9.748596,898.86334,5.744798,309.0363,43.584732
2019-03-24 10:00:00,22.100494,10.669128,898.26166,5.32716,311.6244,48.290504
2019-03-24 11:00:00,21.965912,10.674591,898.1464,5.018197,316.85104,48.70604
2019-03-24 12:00:00,21.805847,10.568939,898.19257,4.168819,327.2632,48.83945
2019-03-24 13:00:00,21.4346,10.518463,898.5144,3.587586,334.9781,49.79326
2019-03-24 14:00:00,20.024017,10.590942,899.04486,3.166011,343.33612,54.573883
2019-03-24 15:00:00,18.809418,10.583405,899.59015,2.8873346,351.06195,58.826046
2019-03-24 16:00:00,18.505157,10.537231,899.9609,2.6594357,356.29047,59.772156
2019-03-24 17:00:00,17.484528,10.436035,899.9614,2.461829,357.56738,63.304623
2019-03-24 18:00:00,17.136414,10.363098,899.7935,2.3649197,356.1115,64.3987
2019-03-24 19:00:00,16.874146,10.254547,899.4738,2.3543603,353.74976,65.00488
2019-03-24 20:00:00,16.243225,10.252747,899.13104,2.445053,353.84042,67.65662
2019-03-24 21:00:00,15.970703,10.180756,898.78174,2.586743,355.03357,68.51275
2019-03-24 22:00:00,15.382599,10.264404,898.65607,2.452885,357.08856,71.53902
2019-03-24 23:00:00,15.328339,10.247314,898.7951,2.4537587,4.498535,71.70662
2019-03-25 00:00:00,15.66095,10.441101,899.17633,2.547857,11.241852,71.107735
2019-03-25 01:00:00,15.746155,10.515747,899.8618,2.643118,18.152374,71.073845
2019-03-25 02:00:00,17.164886,10.807404,900.60034,2.660689,23.403748,66.21316
2019-03-25 03:00:00,17.658966,10.9410095,901.21674,2.4500682,23.93106,64.75147
2019-03-25 04:00:00,18.346497,11.013397,901.51227,2.1892257,19.481903,62.3113
2019-03-25 05:00:00,20.85022,11.097137,901.4582,1.9997327,4.7795715,53.635662
2019-03-25 06:00:00,21.82019,10.7276,901.00507,2.2549338,342.14612,49.314724
2019-03-25 07:00:00,22.127808,10.833496,900.28314,2.9226055,327.85764,48.74008
2019-03-25 08:00:00,23.118164,10.563965,899.4956,3.650715,321.76285,45.080982
2019-03-25 09:00:00,23.263824,10.431,898.73364,4.1348314,321.8592,44.29169
2019-03-25 10:00:00,22.527466,11.125061,898.2645,3.8202956,327.67654,48.49917
2019-03-25 11:00:00,22.440796,11.0963745,898.1619,3.8182983,338.12106,48.662563
2019-03-25 12:00:00,22.223175,10.9887085,898.3239,3.5945492,353.58505,48.96
2019-03-25 13:00:00,21.74881,10.826019,898.72217,3.4427702,6.0216064,49.855404
2019-03-25 14:00:00,20.547058,11.19754,899.33734,3.3403535,17.995056,55.011387
2019-03-25 15:00:00,19.208832,11.158539,899.9967,3.259835,27.055634,59.613544
2019-03-25 16:00:00,18.928375,11.102753,900.47375,3.1627345,34.319214,60.441174
2019-03-25 17:00:00,17.93991,11.100098,900.5597,3.038773,38.88568,64.29142
2019-03-25 18:00:00,17.616364,10.98819,900.36914,2.8661566,41.34323,65.129295
2019-03-25 19:00:00,17.31961,10.906342,899.97845,2.6640956,42.81888,66.00104
2019-03-25 20:00:00,16.636932,10.838989,899.62164,2.4692652,43.020813,68.6107
2019-03-25 21:00:00,16.396057,10.782562,899.31024,2.372165,42.703583,69.40877
2019-03-25 22:00:00,15.813263,10.792847,899.1917,2.298231,38.46167,72.08679
2019-03-25 23:00:00,15.638062,10.614807,899.3603,2.488024,44.28363,72.04088
2019-03-26 00:00:00,15.945679,10.803345,899.79614,2.6660502,48.5123,71.529335
2019-03-26 01:00:00,16.010681,10.803894,900.48706,2.8677473,53.111755,71.23568
2019-03-26 02:00:00,17.192078,10.996002,901.2443,2.9280918,57.01349,66.93264
2019-03-26 03:00:00,17.64267,11.050781,901.8602,2.9041963,61.88086,65.292015
2019-03-26 04:00:00,18.31366,11.096527,902.2198,2.7700236,62.45572,62.785053
2019-03-26 05:00:00,20.654144,10.93335,902.1939,2.3418174,57.423096,53.700058
2019-03-26 06:00:00,21.598145,10.673248,901.8314,1.6821586,40.140747,49.80806
2019-03-26 07:00:00,22.023285,10.875671,901.1886,1.4083431,4.8724976,49.189224
2019-03-26 08:00:00,22.883179,10.40506,900.4828,1.7683462,335.6532,45.244987
2019-03-26 09:00:00,22.976837,10.16391,899.88586,2.341714,325.04556,44.27074
2019-03-26 10:00:00,22.228577,10.74292,899.61584,3.1832407,324.98563,48.151062
2019-03-26 11:00:00,22.154266,10.675507,899.5455,3.3588982,330.50677,48.153
2019-03-26 12:00:00,21.880157,10.6710205,899.7925,2.9239335,341.29062,48.949917
2019-03-26 13:00:00,21.662384,10.484497,900.28375,2.4429886,350.585,48.99306
2019-03-26 14:00:00,20.468018,10.570801,900.9906,2.2320724,1.1425781,53.025723
2019-03-26 15:00:00,19.052399,10.141327,901.6917,2.124386,10.421967,56.256866
2019-03-26 16:00:00,18.651093,10.11908,902.2287,1.9986967,16.297852,57.598972
2019-03-26 17:00:00,17.713104,10.253052,902.3759,1.7567216,20.03186,61.641586
2019-03-26 18:00:00,17.397583,10.289337,902.2851,1.5775805,18.224579,63.033176
2019-03-26 19:00:00,17.039886,10.140625,902.0211,1.4664067,13.874237,63.8381
2019-03-26 20:00:00,16.253357,10.014496,901.70654,1.4474275,7.789856,66.54493
2019-03-26 21:00:00,16.00238,10.004944,901.39667,1.5228229,4.023651,67.5754
2019-03-26 22:00:00,15.244049,9.847229,901.3093,1.6731173,5.5307007,70.192245
2019-03-26 23:00:00,15.175507,9.837128,901.52454,1.5111318,6.091095,70.454254
2019-03-27 00:00:00,15.689453,10.110321,901.97845,1.3865751,7.9901733,69.42805
2019-03-27 01:00:00,15.751129,10.088562,902.6118,1.367294,12.837891,69.05413
2019-03-27 02:00:00,17.06073,10.201416,903.28876,1.416509,15.116425,64.01335
2019-03-27 03:00:00,17.575409,10.444672,903.85455,1.4265466,9.740723,62.978947
2019-03-27 04:00:00,18.216187,10.611176,904.1423,1.4299892,355.35382,61.165283
2019-03-27 05:00:00,20.847961,10.658112,904.0168,1.6730833,331.78735,52.10103
2019-03-27 06:00:00,21.768738,10.200897,903.5885,2.3564475,315.52673,47.763298
2019-03-27 07:00:00,22.085419,10.312195,902.8672,3.304224,308.89856,47.198727
2019-03-27 08:00:00,23.219269,9.992493,902.05646,4.148911,307.89032,43.129246
2019-03-27 09:00:00,23.334259,9.754547,901.2495,4.663881,309.56537,42.15368
2019-03-27 10:00:00,22.700317,10.758209,900.7101,4.5444956,318.12604,46.837967
2019-03-27 11:00:00,22.574188,10.640198,900.59906,4.2479386,320.73102,46.82874
2019-03-27 12:00:00,22.293549,10.249908,900.83124,3.3315868,326.6513,46.410954
2019-03-27 13:00:00,22.13617,10.143677,901.3432,2.6301708,332.79465,46.52644
2019-03-27 14:00:00,20.754547,10.363403,901.99884,2.103817,341.21573,51.382435
2019-03-27 15:00:00,19.325592,9.879456,902.6268,1.7266605,348.5937,54.34714
2019-03-27 16:00:00,18.934265,9.803619,903.1015,1.3823774,352.4306,55.406677
2019-03-27 17:00:00,17.92456,10.075409,903.21686,1.0922698,347.48254,60.10881
2019-03-27 18:00:00,17.59671,10.050781,903.0198,0.9793142,331.46927,61.261837
2019-03-27 19:00:00,17.356262,9.988678,902.5849,1.113385,316.15582,61.940796
2019-03-27 20:00:00,16.549072,9.8307495,902.1074,1.4065018,310.06424,64.505974
2019-03-27 21:00:00,16.24237,9.733917,901.6266,1.644262,309.20352,65.35198
2019-03-27 22:00:00,15.511475,9.625549,901.45306,2.1587532,322.59915,67.98059
2019-03-27 23:00:00,15.397308,9.615723,901.43896,2.1093369,326.3256,68.43483
2019-03-28 00:00:00,15.833405,9.901276,901.72015,2.0755882,330.39075,67.83648
2019-03-28 01:00:00,15.984161,10.05249,902.22833,2.0712547,337.12564,67.86955
2019-03-28 02:00:00,17.47876,10.375214,902.89307,2.0113838,341.14975,63.071327
2019-03-28 03:00:00,18.400085,10.686707,903.43243,2.0653925,340.5194,60.76864
2019-03-28 04:00:00,19.266602,11.035645,903.62115,2.2426531,332.9085,58.91728
2019-03-28 05:00:00,21.807404,11.255615,903.3876,2.6670558,322.09335,51.11372
2019-03-28 06:00:00,22.752594,10.824219,902.8614,3.3439267,315.7623,46.89506
2019-03-28 07:00:00,23.124847,11.015808,902.0391,4.1776624,312.9465,46.437027
2019-03-28 08:00:00,24.377136,10.954163,901.1193,4.8537207,312.63785,42.89003
2019-03-28 09:00:00,24.460419,10.958923,900.25165,5.25037,313.7345,42.690174
2019-03-28 10:00:00,23.754608,11.527893,899.4789,5.156418,314.5403,46.248333
2019-03-28 11:00:00,23.652954,11.53125,899.2355,4.6757374,318.31482,46.542557
2019-03-28 12:00:00,23.398102,11.300171,899.27716,3.722313,322.9245,46.54608
2019-03-28 13:00:00,22.987183,11.090271,899.63776,2.9542444,326.5906,47.05728
2019-03-28 14:00:00,21.577942,11.513855,900.14685,2.4133627,331.7638,52.729057
2019-03-28 15:00:00,20.13028,11.547485,900.6605,1.9915764,332.70612,57.76809
2019-03-28 16:00:00,19.725769,11.3637085,900.95844,1.6520553,327.90942,58.518265
2019-03-28 17:00:00,18.597351,11.396332,900.90356,1.5168515,316.32184,62.916374
2019-03-28 18:00:00,18.239166,11.281555,900.60657,1.6197784,303.02106,63.857437
2019-03-28 19:00:00,18.005371,11.248322,900.12396,1.9209423,295.9837,64.659485
2019-03-28 20:00:00,17.216492,11.150513,899.6142,2.240471,294.17963,67.51787
2019-03-28 21:00:00,16.922241,11.033142,899.13635,2.5214422,294.97208,68.2541
2019-03-28 22:00:00,16.347412,11.078735,898.94495,2.951024,297.81503,71.00702
2019-03-28 23:00:00,16.21289,11.017853,899.0325,2.8408027,300.25894,71.32936
2019-03-29 00:00:00,16.721527,11.274689,899.39087,2.7587106,302.67612,70.24456
2019-03-29 01:00:00,16.759735,11.273743,900.0525,2.563907,305.3615,70.07003
2019-03-29 02:00:00,18.113129,11.441986,900.78107,2.403693,305.06912,65.05179
2019-03-29 03:00:00,19.031677,11.634705,901.36096,2.4414463,302.57227,62.20473
2019-03-29 04:00:00,19.865753,12.052124,901.6135,2.631526,297.97833,60.709427
2019-03-29 05:00:00,22.254242,12.244171,901.4897,3.0311599,292.6801,53.09279
2019-03-29 06:00:00,23.291779,11.887329,900.978,3.6365016,291.6035,48.698677
2019-03-29 07:00:00,23.640015,12.017456,900.1674,4.306631,292.5529,48.097115
2019-03-29 08:00:00,24.645294,11.6302185,899.2365,4.940037,293.29523,44.139854
2019-03-29 09:00:00,24.781616,11.472473,898.40314,5.4009247,294.3365,43.32772
2019-03-29 10:00:00,24.164703,12.277618,897.747,5.074741,294.31122,47.408176
2019-03-29 11:00:00,24.077148,12.276611,897.5697,4.7806683,295.91962,47.654785
2019-03-29 12:00:00,23.784027,12.091705,897.73456,3.8361394,296.7993,47.915573
2019-03-29 13:00:00,23.287872,11.792847,898.15967,3.0986984,296.8615,48.407646
2019-03-29 14:00:00,21.921051,12.245758,898.7566,2.489481,294.8878,54.187477
2019-03-29 15:00:00,20.5401,12.049255,899.3932,2.108264,288.37024,58.21979
2019-03-29 16:00:00,20.033539,11.901794,899.8998,1.9067405,277.3084,59.489845
2019-03-29 17:00:00,19.108063,12.044128,900.0457,1.9524039,265.66644,63.603294
2019-03-29 18:00:00,18.63504,11.893158,899.8734,2.2283816,258.9618,64.86178
2019-03-29 19:00:00,18.431488,11.825165,899.43976,2.5464704,257.02853,65.39982
2019-03-29 20:00:00,17.519073,11.500793,898.97,2.7984197,258.26025,67.79369
2019-03-29 21:00:00,17.264923,11.39978,898.5251,2.9584467,259.48474,68.43192
2019-03-29 22:00:00,16.670593,11.566772,898.40424,2.84614,256.99548,71.84706
2019-03-29 23:00:00,16.45575,11.4002075,898.4718,2.807085,258.29376,72.03712
2019-03-30 00:00:00,16.877075,11.693085,898.84985,2.6669881,259.61493,71.50586
2019-03-30 01:00:00,16.931427,11.718292,899.49524,2.437654,258.7914,71.378586
2019-03-30 02:00:00,18.466492,12.143219,900.1861,2.3455758,255.99384,66.63797
2019-03-30 03:00:00,19.020386,12.397308,900.6831,2.4378448,253.94011,65.454185
2019-03-30 04:00:00,19.747955,12.490051,900.86804,2.8486266,254.73886,62.93996
2019-03-30 05:00:00,22.413147,12.61853,900.6467,3.3932784,257.50366,53.890045
2019-03-30 06:00:00,23.227722,12.04129,900.14764,3.9924548,261.71875,49.385807
2019-03-30 07:00:00,23.577057,12.1910095,899.365,4.5988636,266.29077,48.834427
2019-03-30 08:00:00,24.603455,11.672241,898.5394,5.0981035,269.86548,44.373367
2019-03-30 09:00:00,24.713287,11.521637,897.8617,5.476151,273.2142,43.64658
2019-03-30 10:00:00,24.002472,12.013794,897.34595,5.469179,274.12045,47.04852
2019-03-30 11:00:00,23.865448,12.008667,897.2832,5.232169,277.48672,47.42156
2019-03-30 12:00:00,23.533752,11.921967,897.59424,4.447385,277.8714,48.10255
2019-03-30 13:00:00,23.125092,11.603241,898.15533,3.8474965,275.61377,48.278107
2019-03-30 14:00:00,21.80185,11.979218,898.88245,3.4540615,272.36862,53.634296
2019-03-30 15:00:00,20.653534,11.938324,899.5783,3.233896,268.31848,57.393368
2019-03-30 16:00:00,20.313263,11.75415,900.0119,3.130239,263.3821,57.90329
2019-03-30 17:00:00,19.314636,11.84082,900.1233,3.2120767,258.4333,61.95473
2019-03-30 18:00:00,18.937164,11.749878,899.9201,3.3833451,256.02765,63.050194
2019-03-30 19:00:00,18.702759,11.683807,899.55334,3.60121,255.49075,63.70183
2019-03-30 20:00:00,17.840698,11.497314,899.0678,3.8226757,256.64215,66.4182
2019-03-30 21:00:00,17.618652,11.383789,898.6959,3.9747462,259.13907,66.84987
2019-03-30 22:00:00,16.880402,11.449768,898.5993,4.203396,259.69052,70.35058
2019-03-30 23:00:00,16.7117,11.39682,898.6945,3.9504068,260.04666,70.85898
2019-03-31 00:00:00,17.010498,11.7092285,899.06396,3.780812,259.15442,70.979385
2019-03-31 01:00:00,17.024048,11.628387,899.715,3.5871933,256.8241,70.54097
2019-03-31 02:00:00,18.270325,11.714752,900.37463,3.6599107,255.4386,65.58447
2019-03-31 03:00:00,18.84018,11.912598,900.86896,3.98049,253.60855,64.11745
2019-03-31 04:00:00,19.493103,12.023224,901.0437,4.510565,253.88675,62.01172
2019-03-31 05:00:00,21.94928,11.64566,900.86633,5.034633,254.18251,51.997257
2019-03-31 06:00:00,22.861572,11.427368,900.4063,5.636194,254.98969,48.487274
2019-03-31 07:00:00,23.147308,11.399872,899.627,6.281716,257.23386,47.56939
2019-03-31 08:00:00,24.133575,10.662842,898.8357,6.8625293,260.7273,42.68625
2019-03-31 09:00:00,24.293274,10.624207,898.1275,7.1576424,264.36496,42.170773
2019-03-31 10:00:00,23.52121,11.050507,897.45667,6.740867,261.92242,45.443478
2019-03-31 11:00:00,23.3555,11.019562,897.31616,6.274907,265.79254,45.805855
2019-03-31 12:00:00,23.187134,11.034149,897.47705,5.239378,266.25494,46.31885
2019-03-31 13:00:00,22.782562,10.62973,897.9473,4.261588,261.09387,46.208263
2019-03-31 14:00:00,21.516785,11.322205,898.59076,3.7925792,256.51678,52.259922
2019-03-31 15:00:00,20.092987,11.012085,899.2905,3.5146885,251.87042,55.884354
2019-03-31 16:00:00,19.586151,10.818512,899.75275,3.3572586,247.01886,56.93124
2019-03-31 17:00:00,18.587372,10.920502,899.8885,3.3662603,243.1642,61.000824
2019-03-31 18:00:00,18.325775,10.956482,899.7391,3.4855566,241.81049,62.15703
2019-03-31 19:00:00,17.99112,10.802704,899.36346,3.614679,242.51398,62.831665
2019-03-31 20:00:00,17.29419,10.811035,898.9268,3.6444147,244.08585,65.68981
2019-03-31 21:00:00,17.081085,10.71344,898.55664,3.5743573,245.88461,66.150604
2019-03-31 22:00:00,16.61737,10.7499695,898.5789,3.1452262,251.71674,68.29064
2019-03-31 23:00:00,16.452942,10.732788,898.7523,2.9247038,251.805,68.92945
