timestamp,temperature_C,dewpoint_C,pressure_hPa,wind_speed_kmh,wind_direction_deg,relative_humidity_pct
2024-01-01 00:00:00,10.761353,7.2073975,901.9656,7.126474,37.55237,78.68694
2024-01-01 01:00:00,10.708527,7.179352,902.4956,7.3842087,38.896027,78.81255
2024-01-01 02:00:00,11.373566,7.5505676,903.13873,7.5765777,40.807526,77.347206
2024-01-01 03:00:00,11.805298,7.614441,903.7576,7.659283,43.294556,75.50032
2024-01-01 04:00:00,12.540497,7.9129944,904.06415,7.4593525,45.849487,73.414154
2024-01-01 05:00:00,15.048187,8.761963,903.90265,6.9193063,45.785126,66.07683
2024-01-01 06:00:00,15.945801,8.820801,903.262,6.2242703,42.419342,62.63146
2024-01-01 07:00:00,16.283691,8.775116,902.3184,5.6926007,35.481415,61.107296
2024-01-01 08:00:00,17.527039,8.722137,901.4292,5.575776,28.323822,56.273937
2024-01-01 09:00:00,17.677582,8.566681,900.7721,5.7555437,24.625854,55.15937
2024-01-01 10:00:00,16.344055,8.626831,900.4598,5.628568,23.588348,60.265766
2024-01-01 11:00:00,16.157776,8.584991,900.5937,6.218539,29.312134,60.81294
2024-01-01 12:00:00,15.83316,8.62207,900.9271,6.5854692,33.328278,62.242256
2024-01-01 13:00:00,15.587677,8.7170105,901.4788,6.796802,36.656677,63.634705
2024-01-01 14:00:00,14.451813,8.470276,902.09155,6.890325,38.982635,67.32489
2024-01-01 15:00:00,13.398956,8.126801,902.6133,6.85185,40.376434,70.424446
2024-01-01 16:00:00,13.150665,8.068207,902.8441,6.728392,41.181854,71.28955
2024-01-01 17:00:00,12.2517395,7.7335205,902.78296,6.574749,41.150757,73.91072
2024-01-01 18:00:00,12.021515,7.617096,902.4596,6.5255756,40.65277,74.44564
2024-01-01 19:00:00,11.782745,7.512787,902.045,6.564302,40.012146,75.09026
2024-01-01 20:00:00,11.061371,7.1391907,901.6373,6.679825,39.139618,76.77529
2024-01-01 21:00:00,10.938995,7.065338,901.3395,6.875381,37.976654,77.0111
2024-01-01 22:00:00,10.467865,6.825287,901.3175,6.89523,37.637054,78.166374
2024-01-01 23:00:00,10.328583,6.701355,901.2628,7.241985,37.814026,78.22748
2024-01-02 00:00:00,10.398041,6.6845703,901.5084,7.4226317,38.659668,77.77614
2024-01-02 01:00:00,10.385986,6.649994,901.9663,7.545078,40.293182,77.65402
2024-01-02 02:00:00,11.17807,7.084503,902.6075,7.7305217,42.031616,75.89878
2024-01-02 03:00:00,11.578522,7.1331787,903.15173,7.8843603,44.726105,74.16052
2024-01-02 04:00:00,12.263977,7.374237,903.4357,7.8295197,46.70038,72.06338
2024-01-02 05:00:00,14.789642,8.131897,903.2434,7.5162945,46.21591,64.379005
2024-01-02 06:00:00,15.671783,8.188171,902.6135,7.0518293,42.809265,61.066185
2024-01-02 07:00:00,16.056885,8.1137085,901.72235,6.5877824,36.781097,59.281273
2024-01-02 08:00:00,17.299194,8.069244,900.864,6.3815465,31.01538,54.61895
2024-01-02 09:00:00,17.440643,7.8889465,900.2915,6.420329,27.776123,53.473663
2024-01-02 10:00:00,16.130554,8.168732,900.04175,6.3517547,27.369293,59.22417
2024-01-02 11:00:00,15.927948,8.115662,900.2032,6.6643124,32.518036,59.779198
2024-01-02 12:00:00,15.610596,8.1927185,900.57367,6.798671,35.087524,61.324757
2024-01-02 13:00:00,15.356567,8.201843,901.14417,6.929617,38.285034,62.36999
2024-01-02 14:00:00,14.192566,8.002167,901.7148,6.907329,41.121826,66.32308
2024-01-02 15:00:00,13.149261,7.631317,902.18866,6.719339,43.81964,69.207565
2024-01-02 16:00:00,12.794373,7.514374,902.3702,6.4559574,45.87799,70.268845
2024-01-02 17:00:00,11.998322,7.238983,902.2734,6.228594,47.23575,72.65908
2024-01-02 18:00:00,11.690063,7.0936584,901.9709,6.107249,48.118713,73.41732
2024-01-02 19:00:00,11.510651,7.018921,901.5856,6.066563,48.322388,73.91339
2024-01-02 20:00:00,11.080414,6.7801514,901.1856,6.1344776,48.0325,74.81452
2024-01-02 21:00:00,10.792419,6.5742493,900.85815,6.268724,47.116577,75.1881
2024-01-02 22:00:00,10.377533,6.3919373,900.80774,6.5854836,46.114227,76.33094
2024-01-02 23:00:00,10.163757,6.28714,900.7446,6.916495,45.43213,76.871185
2024-01-03 00:00:00,10.250336,6.2618713,900.95874,7.1643443,46.38614,76.294975
2024-01-03 01:00:00,10.23938,6.250885,901.4414,7.3973484,48.2341,76.29302
2024-01-03 02:00:00,11.095123,6.768982,902.06976,7.6330876,50.648346,74.68429
2024-01-03 03:00:00,11.536652,6.855438,902.67554,7.7715893,53.944855,72.964165
2024-01-03 04:00:00,12.226166,7.1599426,902.9844,7.6063156,57.336365,71.19197
2024-01-03 05:00:00,14.656952,7.8612976,902.8448,7.0221105,59.18344,63.74872
2024-01-03 06:00:00,15.580994,7.941559,902.194,6.179594,58.057434,60.401672
2024-01-03 07:00:00,15.9374695,7.98349,901.25775,5.5093904,53.21045,59.208744
2024-01-03 08:00:00,17.210419,8.005096,900.324,5.1658306,47.121185,54.687492
2024-01-03 09:00:00,17.40686,7.914856,899.7422,5.1634235,43.542816,53.68237
2024-01-03 10:00:00,16.031677,8.120636,899.3806,5.2092233,40.032654,59.404648
2024-01-03 11:00:00,15.850983,8.126648,899.5279,5.804842,43.19934,60.11871
2024-01-03 12:00:00,15.555542,8.102325,899.8312,5.9977503,45.59323,61.164837
2024-01-03 13:00:00,15.285828,8.139496,900.2248,6.2178774,47.96692,62.389175
2024-01-03 14:00:00,14.166718,7.895569,900.6582,6.279558,50.48462,65.95437
2024-01-03 15:00:00,13.207428,7.6022644,901.0055,6.147817,52.687042,68.80897
2024-01-03 16:00:00,13.03067,7.613098,901.15283,5.955587,54.29181,69.65898
2024-01-03 17:00:00,12.271179,7.2955933,901.14557,5.699931,55.039307,71.643234
2024-01-03 18:00:00,12.031494,7.1982727,900.9651,5.449463,55.343323,72.29895
2024-01-03 19:00:00,11.839752,7.1608887,900.76337,5.269077,55.017822,73.03112
2024-01-03 20:00:00,11.162079,6.889618,900.5058,5.1341977,53.435608,74.971405
2024-01-03 21:00:00,11.035217,6.8358154,900.30695,5.113631,50.562164,75.32636
2024-01-03 22:00:00,10.559479,6.5443726,900.29486,5.3752975,49.918427,76.20597
2024-01-03 23:00:00,10.473145,6.514984,900.40533,5.67656,48.7594,76.49083
2024-01-04 00:00:00,10.554932,6.5242615,900.7857,5.8789616,48.73065,76.123695
2024-01-04 01:00:00,10.540009,6.5250854,901.4176,6.07138,49.201965,76.20373
2024-01-04 02:00:00,11.335907,6.987213,902.1827,6.294458,50.10855,74.61052
2024-01-04 03:00:00,11.805054,7.0872803,902.8592,6.4374294,52.37683,72.83054
2024-01-04 04:00:00,12.411926,7.2775574,903.15344,6.254033,53.248535,70.89654
2024-01-04 05:00:00,14.84967,8.110809,902.97107,5.67953,49.764038,64.03875
2024-01-04 06:00:00,15.596863,8.165039,902.312,5.153279,42.438354,61.2635
2024-01-04 07:00:00,15.929199,8.172302,901.37805,4.8433814,32.705658,60.00472
2024-01-04 08:00:00,16.903076,8.189178,900.51764,4.870048,25.275482,56.463707
2024-01-04 09:00:00,17.14267,8.111206,899.91656,5.113376,22.078888,55.31974
2024-01-04 10:00:00,15.971863,8.330597,899.572,5.621213,22.947083,60.48747
2024-01-04 11:00:00,15.779205,8.243866,899.64484,6.0927014,31.037506,60.8776
2024-01-04 12:00:00,15.527954,8.343842,899.9919,6.2485614,35.267365,62.285393
2024-01-04 13:00:00,15.311188,8.417175,900.51117,6.475196,39.02588,63.471848
2024-01-04 14:00:00,14.170044,8.14801,901.0959,6.5920625,42.712555,67.08116
2024-01-04 15:00:00,13.160797,7.7611084,901.5447,6.5215087,45.895782,69.76977
2024-01-04 16:00:00,12.933502,7.7170715,901.7193,6.3571615,48.07895,70.601234
2024-01-04 17:00:00,12.126648,7.3807373,901.65607,6.182372,49.18918,72.749344
2024-01-04 18:00:00,11.844116,7.256256,901.4163,6.085819,50.1138,73.48792
2024-01-04 19:00:00,11.671234,7.2068787,901.2034,6.0271516,50.470337,74.08041
2024-01-04 20:00:00,11.063568,6.9360657,900.92474,6.0252094,49.98474,75.70347
2024-01-04 21:00:00,10.898926,6.8483276,900.70276,6.143592,48.641724,76.07633
2024-01-04 22:00:00,10.462952,6.5786133,900.6465,6.107006,45.969604,76.87846
2024-01-04 23:00:00,10.373138,6.524048,900.62036,6.406059,46.59729,77.050606
2024-01-05 00:00:00,10.511444,6.564972,900.9412,6.645647,48.155273,76.55858
2024-01-05 01:00:00,10.4953,6.556061,901.4599,6.8401465,49.667633,76.59404
2024-01-05 02:00:00,11.329315,7.042511,902.16266,7.0546546,51.54358,74.9264
2024-01-05 03:00:00,11.904419,7.1941833,902.77936,7.165998,54.335114,72.8863
2024-01-05 04:00:00,12.590729,7.4072876,903.1088,7.027373,57.381042,70.69373
2024-01-05 05:00:00,14.883942,8.07608,902.87854,6.4220586,58.412872,63.747036
2024-01-05 06:00:00,15.806641,8.22171,902.17194,5.5800104,56.037262,60.679615
2024-01-05 07:00:00,16.177979,8.235962,901.27576,4.856737,50.41687,59.315353
2024-01-05 08:00:00,17.296783,8.140106,900.45874,4.511366,43.905518,54.890812
2024-01-05 09:00:00,17.398987,8.110107,899.99695,4.5402265,40.34372,54.42654
2024-01-05 10:00:00,16.179169,8.435059,899.7921,4.9127383,35.30014,60.116787
2024-01-05 11:00:00,15.941437,8.414215,900.0132,5.522586,39.520844,60.949535
2024-01-05 12:00:00,15.653534,8.453827,900.4721,5.8949833,43.674744,62.248657
2024-01-05 13:00:00,15.425446,8.501587,901.07135,6.1875544,47.088104,63.36954
2024-01-05 14:00:00,14.401184,8.276428,901.6786,6.3621473,49.87564,66.66397
2024-01-05 15:00:00,13.409912,7.859253,902.13367,6.364356,52.189545,69.10591
2024-01-05 16:00:00,13.16156,7.8278503,902.32306,6.3506317,53.40863,70.084015
2024-01-05 17:00:00,12.397858,7.590851,902.2531,6.3197265,54.17694,72.49635
2024-01-05 18:00:00,12.204803,7.5050964,902.0793,6.364389,54.511566,72.99348
2024-01-05 19:00:00,12.010437,7.437378,901.824,6.4130564,54.21045,73.59204
2024-01-05 20:00:00,11.399994,7.178192,901.5413,6.4888854,53.179077,75.27263
2024-01-05 21:00:00,11.263611,7.1346436,901.2648,6.5798807,51.57193,75.7293
2024-01-05 22:00:00,10.818481,6.878418,901.1305,6.900512,52.920227,76.6421
2024-01-05 23:00:00,10.72168,6.8661194,901.0754,7.195835,51.24185,77.07199
2024-01-06 00:00:00,10.836609,6.981537,901.31885,7.3481026,51.100983,77.09287
2024-01-06 01:00:00,10.807556,6.9837036,901.8368,7.440789,51.768127,77.253365
2024-01-06 02:00:00,11.528564,7.3557434,902.5681,7.602107,53.14612,75.54682
2024-01-06 03:00:00,12.094666,7.5484924,903.23364,7.7490535,55.848022,73.74222
2024-01-06 04:00:00,12.7388,7.803467,903.5288,7.4179134,57.994476,71.9283
2024-01-06 05:00:00,14.974121,8.4552,903.2489,6.678631,56.94513,65.02894
2024-01-06 06:00:00,15.709747,8.509247,902.5586,5.8520355,52.59189,62.25832
2024-01-06 07:00:00,16.058472,8.437714,901.71204,5.229493,45.323395,60.592228
2024-01-06 08:00:00,17.229828,8.615112,900.94775,4.9875927,37.358337,56.926926
2024-01-06 09:00:00,17.365417,8.521423,900.50085,5.1812773,31.793732,56.084496
2024-01-06 10:00:00,16.291412,8.698242,900.36835,5.3068676,27.360535,60.760815
2024-01-06 11:00:00,16.142578,8.71759,900.61163,6.121007,32.270386,61.420143
2024-01-06 12:00:00,15.842346,8.871002,901.0404,6.4768944,34.781494,63.26086
2024-01-06 13:00:00,15.628174,8.930298,901.6565,6.7869225,37.630615,64.390656
2024-01-06 14:00:00,14.474426,8.570099,902.3095,7.0199413,40.77185,67.68239
2024-01-06 15:00:00,13.437561,8.197113,902.8489,7.0685735,43.682617,70.58369
2024-01-06 16:00:00,13.172119,8.131775,903.07947,7.0338283,45.977264,71.49782
2024-01-06 17:00:00,12.375244,7.797455,903.10095,6.971508,47.991302,73.63337
2024-01-06 18:00:00,12.060303,7.626831,902.921,6.957937,49.177185,74.305084
2024-01-06 19:00:00,11.848389,7.521759,902.6404,6.966909,49.70398,74.811676
2024-01-06 20:00:00,11.224976,7.212799,902.27295,6.9840193,49.779053,76.33046
2024-01-06 21:00:00,10.9999695,7.038391,901.99713,7.061479,49.037445,76.55856
2024-01-06 22:00:00,10.750183,6.88797,901.87897,6.8066654,49.78192,77.04137
2024-01-06 23:00:00,10.647034,6.820038,901.8308,7.025238,48.9924,77.21129
2024-01-07 00:00:00,10.663879,6.7781982,902.1473,7.212827,49.086304,76.90363
2024-01-07 01:00:00,10.614746,6.713623,902.68506,7.4831657,49.767456,76.814255
2024-01-07 02:00:00,11.359772,7.1180725,903.4314,7.8104987,50.905975,75.16336
2024-01-07 03:00:00,11.843964,7.2671204,904.1131,8.050635,52.608276,73.54327
2024-01-07 04:00:00,12.617584,7.6436768,904.5299,7.9570374,54.30902,71.716805
2024-01-07 05:00:00,15.065521,8.176697,904.39594,7.4600487,53.406555,63.4385
2024-01-07 06:00:00,16.014252,8.345947,903.7377,6.838599,49.363464,60.386818
2024-01-07 07:00:00,16.343414,8.340576,902.7441,6.3936872,44.114655,59.11135
2024-01-07 08:00:00,17.595093,8.300812,901.82837,6.2245297,39.90033,54.45733
2024-01-07 09:00:00,17.792023,8.265778,901.2357,6.348665,37.65396,53.658134
2024-01-07 10:00:00,16.369995,8.309998,900.8856,6.460059,34.203735,58.889187
2024-01-07 11:00:00,16.14798,8.382935,900.9267,7.0613585,37.56366,60.0241
2024-01-07 12:00:00,15.835632,8.411926,901.21576,7.311524,38.94629,61.353428
2024-01-07 13:00:00,15.566986,8.41687,901.6404,7.566058,41.213013,62.438084
2024-01-07 14:00:00,14.398621,8.162933,902.1702,7.766406,44.01581,66.16354
2024-01-07 15:00:00,13.399933,7.788086,902.6596,7.826356,46.599518,68.81669
2024-01-07 16:00:00,13.166138,7.7313538,902.9094,7.801851,48.81772,69.60425
2024-01-07 17:00:00,12.366821,7.4203186,902.8883,7.695893,50.503204,71.80378
2024-01-07 18:00:00,12.16803,7.315918,902.65955,7.599395,51.349487,72.23098
2024-01-07 19:00:00,12.030792,7.2235413,902.3446,7.5069113,51.53595,72.42737
2024-01-07 20:00:00,11.50235,6.9753113,902.02234,7.4774013,51.279205,73.733315
2024-01-07 21:00:00,11.34198,6.892334,901.7473,7.51966,50.48758,74.097046
2024-01-07 22:00:00,10.805145,6.645233,901.74133,7.4424906,47.13144,75.491936
2024-01-07 23:00:00,10.721008,6.6273804,901.795,7.760463,47.04953,75.822426
2024-01-08 00:00:00,10.7812195,6.673523,902.09393,7.9554505,47.854584,75.75921
2024-01-08 01:00:00,10.757568,6.640625,902.668,8.144577,48.899384,75.707146
2024-01-08 02:00:00,11.545776,7.0693665,903.4281,8.365495,50.26416,73.99719
2024-01-08 03:00:00,12.170624,7.296631,904.12225,8.555377,52.778748,72.12353
2024-01-08 04:00:00,12.8888855,7.594757,904.4698,8.3407755,54.78543,70.219666
2024-01-08 05:00:00,15.128967,8.235413,904.3107,7.6627035,54.29706,63.432514
2024-01-08 06:00:00,16.032806,8.337402,903.6861,6.7656474,50.849457,60.28042
2024-01-08 07:00:00,16.385468,8.329803,902.81616,5.96786,45.35147,58.910286
2024-01-08 08:00:00,17.69461,8.441711,902.0094,5.4884577,38.778717,54.636013
2024-01-08 09:00:00,17.862396,8.396179,901.4855,5.4648523,33.632507,53.895313
2024-01-08 10:00:00,16.546082,8.507263,901.27686,5.461243,27.748138,59.01674
2024-01-08 11:00:00,16.298279,8.546417,901.34564,6.021961,33.37332,60.11376
2024-01-08 12:00:00,15.9348755,8.57193,901.6648,6.3649507,34.08792,61.629654
2024-01-08 13:00:00,15.678589,8.566986,902.11053,6.684895,36.007263,62.62682
2024-01-08 14:00:00,14.5651245,8.303497,902.63257,6.8722644,38.07788,66.08297
2024-01-08 15:00:00,13.55777,7.9847717,903.085,6.953082,39.685425,69.03078
2024-01-08 16:00:00,13.256622,7.827545,903.31665,6.95089,40.96881,69.6493
2024-01-08 17:00:00,12.595978,7.6053467,903.2502,6.932817,41.422974,71.63101
2024-01-08 18:00:00,12.307617,7.419647,903.01227,6.9625406,41.416687,72.08023
2024-01-08 19:00:00,12.143738,7.338867,902.7088,7.0796537,41.382263,72.46002
2024-01-08 20:00:00,11.569519,7.032654,902.37805,7.24798,41.16562,73.695656
2024-01-08 21:00:00,11.439667,6.949005,902.0092,7.478385,40.744995,73.90622
2024-01-08 22:00:00,11.071747,6.726166,901.7249,7.4428396,41.95343,74.58062
2024-01-08 23:00:00,10.995422,6.6848145,901.6192,7.852445,42.744354,74.74674
2024-01-09 00:00:00,11.070129,6.6747437,901.8137,8.130221,43.965942,74.325676
2024-01-09 01:00:00,10.978577,6.5867004,902.2862,8.372016,45.40674,74.32756
2024-01-09 02:00:00,11.76239,6.9587097,902.8766,8.558602,46.85858,72.39537
2024-01-09 03:00:00,12.281799,7.1191406,903.52234,8.720237,48.891785,70.73434
2024-01-09 04:00:00,12.962585,7.429077,903.91876,8.559971,50.639465,69.096535
2024-01-09 05:00:00,15.30191,8.205933,903.84155,7.8163266,49.571716,62.606503
2024-01-09 06:00:00,16.128967,8.228729,903.2424,7.0436664,44.18164,59.471817
2024-01-09 07:00:00,16.452606,8.218292,902.36017,6.6338897,37.504852,58.217194
2024-01-09 08:00:00,17.662659,8.293182,901.54443,6.5559773,32.16101,54.197823
2024-01-09 09:00:00,17.81366,8.169128,901.0528,6.830421,29.242554,53.23483
2024-01-09 10:00:00,16.492462,8.383331,900.8592,6.694008,28.7641,58.7233
2024-01-09 11:00:00,16.326874,8.531311,901.05255,7.5278964,32.413605,59.943085
2024-01-09 12:00:00,16.048157,8.572327,901.36615,7.8941555,34.25229,61.187195
2024-01-09 13:00:00,15.729279,8.591797,901.8696,8.135458,35.795258,62.528908
2024-01-09 14:00:00,14.550018,8.271271,902.409,8.30255,37.25952,66.00305
2024-01-09 15:00:00,13.605469,7.904358,902.83154,8.334228,38.3768,68.44164
2024-01-09 16:00:00,13.378784,7.881958,902.9604,8.219804,38.90753,69.35324
2024-01-09 17:00:00,12.520782,7.5030212,902.82404,8.077408,38.60797,71.48436
2024-01-09 18:00:00,12.205688,7.328888,902.5529,7.947084,37.864197,72.11623
2024-01-09 19:00:00,12.022736,7.259918,902.3108,7.9138985,37.02545,72.646286
2024-01-09 20:00:00,11.416168,7.0221863,902.04333,7.9555993,35.94336,74.39331
2024-01-09 21:00:00,11.312988,6.98584,901.70013,8.043225,34.57312,74.71679
2024-01-09 22:00:00,10.842438,6.7213135,901.46173,8.042024,32.42682,75.6996
2024-01-09 23:00:00,10.676514,6.616577,901.3206,8.282765,31.554504,75.990776
2024-01-10 00:00:00,10.705597,6.5637207,901.4869,8.393872,32.278046,75.5688
2024-01-10 01:00:00,10.657196,6.5299377,901.9444,8.474891,33.724854,75.63666
2024-01-10 02:00:00,11.402008,6.937958,902.52826,8.537914,35.53781,74.03449
2024-01-10 03:00:00,11.906555,6.994049,903.1239,8.60271,37.617004,71.8843
2024-01-10 04:00:00,12.645508,7.3092957,903.44635,8.39732,38.99283,69.97039
2024-01-10 05:00:00,15.028809,8.018616,903.3432,7.965702,38.127716,62.909378
2024-01-10 06:00:00,16.072388,8.031891,902.7101,7.350885,35.00055,58.89442
2024-01-10 07:00:00,16.450287,7.939636,901.7756,6.8304925,29.791565,57.134014
2024-01-10 08:00:00,17.797821,8.086578,900.8681,6.5342917,24.646362,52.990086
2024-01-10 09:00:00,17.98169,8.093323,900.2941,6.512409,21.632172,52.404606
2024-01-10 10:00:00,16.65448,8.011261,900.0338,5.7761183,18.904541,56.672497
2024-01-10 11:00:00,16.494934,8.009766,900.16675,6.244838,25.657257,57.24427
2024-01-10 12:00:00,16.1409,8.115784,900.5469,6.483719,30.476837,58.97274
2024-01-10 13:00:00,15.852295,8.150482,901.07275,6.659056,32.66986,60.21102
2024-01-10 14:00:00,14.538269,7.910858,901.6965,6.7850537,34.615784,64.455795
2024-01-10 15:00:00,13.6432495,7.6662292,902.2424,6.810362,35.603577,67.17568
2024-01-10 16:00:00,13.332245,7.553406,902.56134,6.6932287,36.089996,68.024185
2024-01-10 17:00:00,12.460907,7.2296753,902.6395,6.615315,36.010742,70.43801
2024-01-10 18:00:00,12.219147,7.1372986,902.533,6.589256,35.384613,71.11454
2024-01-10 19:00:00,12.012421,7.0716248,902.39813,6.636819,34.70117,71.76505
2024-01-10 20:00:00,11.377411,6.7626343,902.1838,6.758914,33.425262,73.26858
2024-01-10 21:00:00,11.293243,6.717987,901.9392,6.9637556,31.905731,73.45247
2024-01-10 22:00:00,10.715485,6.406494,901.99536,7.1551723,31.746887,74.70662
2024-01-10 23:00:00,10.609253,6.3233643,901.97595,7.4168234,32.467133,74.80719
2024-01-11 00:00:00,10.686218,6.3102417,902.26904,7.683954,33.598206,74.35769
2024-01-11 01:00:00,10.6996155,6.3154907,902.7438,7.9371815,35.351624,74.31832
2024-01-11 02:00:00,11.417328,6.619171,903.36,8.230902,36.816833,72.35879
2024-01-11 03:00:00,12.006897,6.724243,903.9983,8.501132,38.458527,70.101265
2024-01-11 04:00:00,12.912994,7.125702,904.3972,8.505006,39.08142,67.89801
2024-01-11 05:00:00,15.559753,7.8203125,904.3103,8.253988,37.3562,59.987022
2024-01-11 06:00:00,16.567749,7.8260193,903.6802,7.8374796,33.55304,56.2722
2024-01-11 07:00:00,16.981293,7.8064575,902.76294,7.521028,28.269897,54.741764
2024-01-11 08:00:00,18.378479,7.7970276,901.8529,7.4149175,23.25595,50.09582
2024-01-11 09:00:00,18.599884,7.7560425,901.2555,7.569144,21.089813,49.268295
2024-01-11 10:00:00,17.28482,7.983551,900.9657,7.1273603,24.877594,54.35117
2024-01-11 11:00:00,17.126862,7.936981,900.9908,7.49306,31.166779,54.72334
2024-01-11 12:00:00,16.810669,7.970978,901.22925,7.789672,35.10388,55.959965
2024-01-11 13:00:00,16.440002,7.873352,901.6066,8.074411,38.09851,56.91421
2024-01-11 14:00:00,15.028534,7.7124634,902.14435,8.20655,40.595276,61.613525
2024-01-11 15:00:00,13.893616,7.3129883,902.569,8.233585,42.444458,64.51784
2024-01-11 16:00:00,13.588379,7.181946,902.82477,8.109825,43.908417,65.222916
2024-01-11 17:00:00,12.611511,6.8408813,902.80334,7.9900265,44.901703,67.91288
2024-01-11 18:00:00,12.341492,6.7022705,902.64966,7.882522,45.335815,68.47216
2024-01-11 19:00:00,12.139191,6.5679016,902.4146,7.83437,45.24353,68.751015
2024-01-11 20:00:00,11.460785,6.2946777,902.1169,7.8060784,44.52362,70.55784
2024-01-11 21:00:00,11.34259,6.252594,901.77515,7.8559113,43.755615,70.90585
2024-01-11 22:00:00,10.841431,5.983124,901.6432,8.067965,47.039795,71.95202
2024-01-11 23:00:00,10.729095,5.886078,901.5991,8.060654,46.49829,72.00691
2024-01-12 00:00:00,10.77594,5.828003,901.82495,8.044498,46.351257,71.49526
2024-01-12 01:00:00,10.702759,5.7747498,902.39514,8.057809,47.001007,71.57992
2024-01-12 02:00:00,11.599243,6.118347,903.0915,8.111347,47.567017,69.070145
2024-01-12 03:00:00,12.261597,6.3247986,903.71564,8.210592,48.386414,67.06839
2024-01-12 04:00:00,13.1128845,6.6572266,904.027,8.021579,48.883698,64.898285
2024-01-12 05:00:00,15.911591,7.4250793,903.8602,7.490633,47.32318,57.092754
2024-01-12 06:00:00,16.825531,7.438202,903.27325,6.875741,42.90805,53.914272
2024-01-12 07:00:00,17.212036,7.4937134,902.39954,6.3779697,36.591766,52.81018
2024-01-12 08:00:00,18.63733,7.5393677,901.58875,6.150623,30.114136,48.432396
2024-01-12 09:00:00,18.806824,7.42865,900.99536,6.1573954,25.791504,47.561146
2024-01-12 10:00:00,17.47647,7.7423096,900.81665,5.68591,18.858337,52.822964
2024-01-12 11:00:00,17.21753,7.8258667,900.86414,6.0544214,25.848663,54.00057
2024-01-12 12:00:00,16.935394,7.744171,901.11835,6.4315677,30.075714,54.668854
2024-01-12 13:00:00,16.535553,7.7285767,901.5237,6.7967067,32.909363,56.014603
2024-01-12 14:00:00,15.170013,7.5109863,902.1015,7.003999,35.79593,60.22271
2024-01-12 15:00:00,13.951141,7.1318665,902.601,6.9809155,38.220245,63.486195
2024-01-12 16:00:00,13.695343,7.0785217,902.8376,6.7599025,39.999817,64.31404
2024-01-12 17:00:00,12.776184,6.8127136,902.78796,6.455632,40.793427,67.05461
2024-01-12 18:00:00,12.561981,6.77182,902.6364,6.143785,40.89688,67.81161
2024-01-12 19:00:00,12.349701,6.683319,902.3908,5.955956,40.1568,68.34623
2024-01-12 20:00:00,11.705597,6.468231,902.03925,5.8668528,38.460052,70.26037
2024-01-12 21:00:00,11.643402,6.4830017,901.6223,5.9119425,36.013245,70.621216
2024-01-12 22:00:00,11.138458,6.1679077,901.5622,5.6844535,35.71466,71.45282
2024-01-12 23:00:00,11.010071,6.1660767,901.4914,5.990615,33.951263,72.05486
2024-01-13 00:00:00,11.150848,6.2096863,901.7802,6.1980896,33.770172,71.60014
2024-01-13 01:00:00,11.128754,6.1967163,902.25165,6.359494,34.50525,71.64101
2024-01-13 02:00:00,11.970612,6.6290283,902.9249,6.516029,35.49875,69.8109
2024-01-13 03:00:00,12.534393,6.821045,903.53577,6.6696243,36.428314,68.16427
2024-01-13 04:00:00,13.434113,7.244507,903.8993,6.542822,35.83658,66.16357
2024-01-13 05:00:00,16.251556,8.115814,903.798,6.074797,31.817688,58.55837
2024-01-13 06:00:00,17.20166,8.1015625,903.3133,5.647117,23.802887,55.077583
2024-01-13 07:00:00,17.584991,8.136719,902.4893,5.530554,13.533569,53.888683
2024-01-13 08:00:00,18.934052,8.057983,901.6315,5.688172,5.8094788,49.251286
2024-01-13 09:00:00,19.08731,8.057465,901.0053,5.9584737,2.9385986,48.78096
2024-01-13 10:00:00,17.813782,8.369659,900.6958,6.0142264,0.010559082,53.963406
2024-01-13 11:00:00,17.616241,8.424011,900.75745,6.089173,10.346008,54.840775
2024-01-13 12:00:00,17.249298,8.375458,901.09735,6.2269483,18.443604,55.941803
2024-01-13 13:00:00,16.849884,8.427277,901.51086,6.3987255,23.527802,57.576527
2024-01-13 14:00:00,15.451294,8.181824,902.07416,6.448846,27.255493,61.908073
2024-01-13 15:00:00,14.370697,7.830597,902.5126,6.357169,30.051758,64.80254
2024-01-13 16:00:00,14.124756,7.7750854,902.77466,6.1288404,32.095917,65.59376
2024-01-13 17:00:00,13.198273,7.4170227,902.7221,5.8686223,33.27887,67.98527
2024-01-13 18:00:00,12.88913,7.2557983,902.5324,5.688043,33.776245,68.61199
2024-01-13 19:00:00,12.688782,7.2167053,902.2379,5.6316285,33.58615,69.332
2024-01-13 20:00:00,12.037323,7.024994,901.9169,5.6672673,32.33484,71.41902
2024-01-13 21:00:00,11.878937,6.962036,901.50195,5.779955,30.781769,71.85747
2024-01-13 22:00:00,11.208832,6.4884644,901.3254,5.8942566,29.839447,72.70821
2024-01-13 23:00:00,11.089325,6.3981323,901.3068,6.0383663,30.73822,72.83237
2024-01-14 00:00:00,11.195587,6.422241,901.6493,6.121678,31.473053,72.44118
2024-01-14 01:00:00,11.136627,6.411499,902.1844,6.238879,32.64923,72.6711
2024-01-14 02:00:00,11.88913,6.8648987,902.82385,6.3946996,34.319366,71.332535
2024-01-14 03:00:00,12.393036,6.9594727,903.4013,6.519299,36.384888,69.455666
2024-01-14 04:00:00,13.13443,6.955658,903.74615,6.1844516,36.095917,66.147934
2024-01-14 05:00:00,15.909088,7.7731323,903.6385,5.7416964,30.336426,58.47329
2024-01-14 06:00:00,16.858643,7.755371,903.0399,5.6182933,20.192657,54.977425
2024-01-14 07:00:00,17.286377,7.6961975,902.175,5.7124214,11.3160095,53.29333
2024-01-14 08:00:00,18.543793,7.7994995,901.2766,5.846727,5.265045,49.58808
2024-01-14 09:00:00,18.734253,7.784027,900.68256,6.102219,4.1612244,48.949177
2024-01-14 10:00:00,17.544434,7.9396667,900.3661,5.951672,2.7008057,53.308136
2024-01-14 11:00:00,17.345093,8.034668,900.48773,6.2020264,13.03717,54.332977
2024-01-14 12:00:00,17.020905,7.998291,900.84326,6.233658,21.273926,55.321796
2024-01-14 13:00:00,16.605286,8.0208435,901.2896,6.3946376,26.257904,56.886936
2024-01-14 14:00:00,15.237366,7.805786,901.85956,6.514678,29.8302,61.17972
2024-01-14 15:00:00,14.0980835,7.4797363,902.36237,6.518988,32.34973,64.397415
2024-01-14 16:00:00,13.8307495,7.484497,902.61597,6.389915,34.44095,65.54491
2024-01-14 17:00:00,12.827484,7.111328,902.61615,6.1998796,35.693756,68.211685
2024-01-14 18:00:00,12.558716,6.966156,902.4015,6.003381,36.711884,68.73623
2024-01-14 19:00:00,12.335724,6.9806824,902.1121,5.9056377,36.694763,69.81897
2024-01-14 20:00:00,11.635437,6.6898804,901.73944,5.8667636,36.3909,71.67041
2024-01-14 21:00:00,11.431976,6.6376953,901.3315,5.880309,35.098083,72.38079
2024-01-14 22:00:00,10.864288,6.2933044,901.12915,5.8173804,32.853302,73.396774
2024-01-14 23:00:00,10.740326,6.245514,901.13617,5.8275337,32.95691,73.760765
2024-01-15 00:00:00,10.809174,6.241211,901.4467,5.829694,33.53778,73.4021
2024-01-15 01:00:00,10.730072,6.1809387,901.9439,5.8426833,34.56299,73.48319
2024-01-15 02:00:00,11.472229,6.5290527,902.5633,5.771476,36.462585,71.651215
2024-01-15 03:00:00,12.009857,6.534729,903.13635,5.6615224,38.769104,69.180756
2024-01-15 04:00:00,12.799316,6.720978,903.44775,5.358299,39.213226,66.53287
2024-01-15 05:00:00,15.456848,7.327362,903.3265,4.948197,35.28488,58.38753
2024-01-15 06:00:00,16.424805,7.1651917,902.68396,4.44292,26.787994,54.282017
2024-01-15 07:00:00,16.846985,7.2565613,901.75085,4.148636,13.973053,53.17688
2024-01-15 08:00:00,18.013367,7.254883,900.7285,4.1454206,2.219818,49.395805
2024-01-15 09:00:00,18.156342,7.050049,900.0578,4.3946295,356.9298,48.27272
2024-01-15 10:00:00,17.016602,7.568634,899.71484,4.744125,356.17496,53.741463
2024-01-15 11:00:00,16.784729,7.578705,899.7343,4.8594236,5.281708,54.574753
2024-01-15 12:00:00,16.556488,7.634033,899.96155,4.990745,14.532166,55.580868
2024-01-15 13:00:00,16.244324,7.7846375,900.3719,5.1927733,20.643433,57.280804
2024-01-15 14:00:00,14.893494,7.6507874,900.9029,5.303424,25.104767,61.890614
2024-01-15 15:00:00,13.809692,7.4303894,901.36273,5.308801,28.264282,65.39259
2024-01-15 16:00:00,13.590149,7.4595947,901.56555,5.231156,30.959839,66.46465
2024-01-15 17:00:00,12.703125,7.2232666,901.4807,5.105941,33.49115,69.298
2024-01-15 18:00:00,12.461426,7.1591797,901.18005,4.9854155,35.51651,70.09675
2024-01-15 19:00:00,12.213165,7.1305847,900.78357,4.9701204,36.851776,71.10982
2024-01-15 20:00:00,11.487457,6.846344,900.3645,5.0331655,37.23535,73.156204
2024-01-15 21:00:00,11.227753,6.732971,899.93286,5.1535983,37.115356,73.84774
2024-01-15 22:00:00,10.755798,6.397278,899.6532,5.1862903,34.47992,74.459305
2024-01-15 23:00:00,10.59436,6.3210754,899.5865,5.2737346,35.068146,74.8696
2024-01-16 00:00:00,10.6763,6.430908,899.90796,5.329826,36.57306,75.02763
2024-01-16 01:00:00,10.646942,6.4233093,900.42236,5.332774,38.682343,75.135056
2024-01-16 02:00:00,11.348022,6.660736,901.0371,5.3007264,41.03238,72.899315
2024-01-16 03:00:00,11.791718,6.775421,901.5952,5.2424455,44.3291,71.352776
2024-01-16 04:00:00,12.5156555,6.9811707,901.9088,4.824434,46.65277,69.00157
2024-01-16 05:00:00,15.128296,7.745392,901.8083,4.1001244,43.049255,61.357044
2024-01-16 06:00:00,16.029083,7.7318115,901.17444,3.5275216,34.345825,57.863914
2024-01-16 07:00:00,16.396973,7.7478333,900.2047,3.1751156,22.245392,56.584698
2024-01-16 08:00:00,17.47937,7.6726074,899.19617,3.1299314,11.513184,52.563076
2024-01-16 09:00:00,17.670166,7.696869,898.5313,3.3336375,7.711426,52.020306
2024-01-16 10:00:00,16.548035,7.888153,898.1407,3.2421558,4.4979553,56.58149
2024-01-16 11:00:00,16.367401,7.946869,898.18256,3.7293854,14.968689,57.464428
2024-01-16 12:00:00,16.132294,8.081177,898.4431,4.1818094,25.479065,58.866585
2024-01-16 13:00:00,15.798553,8.253174,898.8123,4.584293,32.82364,60.840736
2024-01-16 14:00:00,14.764648,8.224823,899.3373,4.840778,38.993256,64.890785
2024-01-16 15:00:00,13.869507,8.076202,899.8192,4.92313,43.48752,68.068115
2024-01-16 16:00:00,13.619812,8.098938,900.06616,4.8845997,47.64975,69.28818
2024-01-16 17:00:00,12.7612,7.8944397,900.0304,4.7232113,50.92096,72.26891
2024-01-16 18:00:00,12.451813,7.808136,899.77686,4.588777,52.826782,73.3175
2024-01-16 19:00:00,12.243591,7.7630005,899.40173,4.5145006,54.107758,74.098946
2024-01-16 20:00:00,11.558197,7.4921875,899.017,4.525259,53.922882,76.10479
2024-01-16 21:00:00,11.404663,7.4112854,898.7177,4.577501,53.51306,76.45791
2024-01-16 22:00:00,10.810516,7.1791687,898.52826,4.529539,53.86078,78.27884
2024-01-16 23:00:00,10.7126465,7.138031,898.54175,4.6262674,55.384644,78.56849
2024-01-17 00:00:00,10.782776,7.0897217,898.9169,4.701999,56.650482,77.9447
2024-01-17 01:00:00,10.720734,7.042511,899.46185,4.7489643,58.674103,78.01436
2024-01-17 02:00:00,11.263641,7.3490906,900.0823,4.8286815,61.536835,76.84786
2024-01-17 03:00:00,11.692291,7.3927917,900.6757,4.76951,66.02667,74.92355
2024-01-17 04:00:00,12.176392,7.345276,900.99915,4.366068,68.48944,72.33625
2024-01-17 05:00:00,14.565704,8.129303,900.9222,3.7640662,66.79605,65.30405
2024-01-17 06:00:00,15.426147,8.110046,900.305,3.0792367,63.207153,61.706524
2024-01-17 07:00:00,15.783936,8.057922,899.47546,2.4409134,54.740173,60.095745
2024-01-17 08:00:00,16.943756,8.090607,898.62506,2.1399565,41.788513,55.942654
2024-01-17 09:00:00,17.118042,8.0963745,898.17914,2.2736297,32.050873,55.35023
2024-01-17 10:00:00,16.098206,8.136871,897.9565,2.5670266,28.353088,59.21826
2024-01-17 11:00:00,15.973907,8.1622925,898.13916,3.247067,34.90576,59.793003
2024-01-17 12:00:00,15.773987,8.29361,898.59717,3.9357705,41.14633,61.103714
2024-01-17 13:00:00,15.519226,8.390961,899.16705,4.4079947,46.29428,62.519558
2024-01-17 14:00:00,14.415131,8.263641,899.8482,4.740827,50.3696,66.54618
2024-01-17 15:00:00,13.461487,7.981781,900.41705,4.88272,53.70227,69.45058
2024-01-17 16:00:00,13.178528,7.9813232,900.6934,4.9738026,55.61801,70.74113
2024-01-17 17:00:00,12.340424,7.6611023,900.72205,4.983701,56.66089,73.11964
2024-01-17 18:00:00,12.072937,7.5841675,900.5679,4.9991574,57.09021,74.027664
2024-01-17 19:00:00,11.861389,7.5246887,900.33344,5.051679,57.20285,74.76252
2024-01-17 20:00:00,11.224579,7.2845154,899.97186,5.1224136,56.650177,76.70772
2024-01-17 21:00:00,11.033813,7.192627,899.7388,5.2095113,55.50418,77.19755
2024-01-17 22:00:00,10.435974,6.756439,899.5457,4.908069,49.9328,77.96347
2024-01-17 23:00:00,10.338959,6.709442,899.6914,5.099909,51.752014,78.21677
2024-01-18 00:00:00,10.353546,6.63501,900.1339,5.2775455,53.426056,77.74216
2024-01-18 01:00:00,10.326447,6.613312,900.65924,5.4650097,55.048676,77.76681
2024-01-18 02:00:00,10.973816,6.9472046,901.27094,5.6121993,57.53302,76.21391
2024-01-18 03:00:00,11.384674,6.979431,901.8307,5.5878196,61.3909,74.33044
2024-01-18 04:00:00,12.10611,7.1315002,902.1972,5.2107534,63.818146,71.61679
2024-01-18 05:00:00,14.459656,7.6419067,902.0813,4.4653516,61.50818,63.608257
2024-01-18 06:00:00,15.360077,7.696747,901.4735,3.7045996,52.90219,60.250664
2024-01-18 07:00:00,15.764343,7.717499,900.54047,3.1749654,38.676086,58.793575
2024-01-18 08:00:00,17.020233,7.5169067,899.66174,3.0733397,23.711914,53.53984
2024-01-18 09:00:00,17.157501,7.4928284,899.1228,3.3142474,14.905426,52.989475
2024-01-18 10:00:00,16.15094,7.6871033,898.9003,3.450513,20.564636,57.24123
2024-01-18 11:00:00,16.019989,7.766632,899.0881,3.9537585,26.201447,58.034973
2024-01-18 12:00:00,15.718567,7.792938,899.4275,4.263111,32.1994,59.269714
2024-01-18 13:00:00,15.450317,7.9342346,899.91675,4.6224527,36.048126,60.87923
2024-01-18 14:00:00,14.184357,7.7089233,900.5211,4.941086,39.003723,65.04731
2024-01-18 15:00:00,13.178772,7.4427795,901.11505,5.173669,40.708344,68.191635
2024-01-18 16:00:00,12.906372,7.440155,901.47595,5.3340793,41.845154,69.40341
2024-01-18 17:00:00,11.943329,7.1071167,901.5466,5.3985424,42.247925,72.267784
2024-01-18 18:00:00,11.7034,7.025177,901.3768,5.4418554,42.764038,73.009514
2024-01-18 19:00:00,11.5078125,6.953705,901.07904,5.556927,42.594208,73.597626
2024-01-18 20:00:00,10.868744,6.6843567,900.7547,5.73243,42.12613,75.37584
2024-01-18 21:00:00,10.73764,6.605011,900.48553,5.9052634,41.556152,75.62224
2024-01-18 22:00:00,10.093536,6.161438,900.4216,5.6674986,42.753082,76.56638
2024-01-18 23:00:00,9.982697,6.106262,900.6185,5.9590964,43.364166,76.842995
2024-01-19 00:00:00,10.028809,6.0840454,901.00195,6.198787,45.00995,76.488945
2024-01-19 01:00:00,9.969788,6.043701,901.52905,6.3819957,47.23758,76.577995
2024-01-19 02:00:00,10.706482,6.375641,902.21063,6.5957437,49.433807,74.59276
2024-01-19 03:00:00,11.219208,6.4970703,902.8381,6.7259045,52.0766,72.70127
2024-01-19 04:00:00,11.973602,6.7058716,903.25854,6.536523,53.719116,70.16657
2024-01-19 05:00:00,14.433655,7.2886963,903.1115,6.0627065,52.19626,62.197376
2024-01-19 06:00:00,15.452118,7.429962,902.395,5.479512,46.910645,58.81601
2024-01-19 07:00:00,15.839264,7.431183,901.4571,4.9695883,38.37448,57.381123
2024-01-19 08:00:00,17.08496,7.3205566,900.59674,4.709822,28.73584,52.610683
2024-01-19 09:00:00,17.260834,7.26886,900.0918,4.8605447,22.909546,51.84505
2024-01-19 10:00:00,16.158783,7.423126,899.734,5.23234,24.41925,56.191635
2024-01-19 11:00:00,16.035797,7.5127563,899.84784,5.824036,30.60913,56.981766
2024-01-19 12:00:00,15.754547,7.5542603,900.1408,6.3235,33.603424,58.179413
2024-01-19 13:00:00,15.503479,7.624939,900.6449,6.7168336,37.32724,59.407753
2024-01-19 14:00:00,14.22348,7.528595,901.21704,6.996843,39.78586,64.089966
2024-01-19 15:00:00,13.208649,7.219696,901.68164,7.119399,41.993744,67.02921
2024-01-19 16:00:00,12.901154,7.1426086,901.9065,7.085805,43.911438,68.029274
2024-01-19 17:00:00,11.966339,6.823456,901.92694,6.976504,45.29355,70.76907
2024-01-19 18:00:00,11.703796,6.697876,901.72675,6.835676,45.939087,71.38684
2024-01-19 19:00:00,11.503998,6.6603394,901.4521,6.725686,45.467377,72.14903
2024-01-19 20:00:00,10.808746,6.3407288,901.15,6.643629,44.306366,73.90927
2024-01-19 21:00:00,10.662079,6.2690735,900.8775,6.6107144,42.58539,74.26626
2024-01-19 22:00:00,10.075104,5.9028015,900.7265,6.340269,41.595154,75.303894
2024-01-19 23:00:00,9.975281,5.795166,900.7017,6.483068,41.172516,75.24621
2024-01-20 00:00:00,10.017914,5.7843018,901.1094,6.669047,41.79712,74.975525
2024-01-20 01:00:00,9.996124,5.796509,901.7311,6.790577,42.45157,75.14832
2024-01-20 02:00:00,10.791901,6.175598,902.51843,6.9360604,43.83673,73.15473
2024-01-20 03:00:00,11.317963,6.3031616,903.165,6.9710097,46.222015,71.26947
2024-01-20 04:00:00,12.058716,6.4776917,903.5167,6.597977,47.02112,68.68855
2024-01-20 05:00:00,14.569916,7.2936707,903.3943,5.953174,44.020935,61.673416
2024-01-20 06:00:00,15.554413,7.3790894,902.7631,5.293948,35.887146,58.229057
2024-01-20 07:00:00,15.968628,7.4282837,901.914,4.981743,23.205078,56.897587
2024-01-20 08:00:00,17.267181,7.4924927,901.03876,5.16543,11.897949,52.62198
2024-01-20 09:00:00,17.477417,7.547455,900.44006,5.625261,7.2617188,52.12288
2024-01-20 10:00:00,16.310333,7.689453,900.0472,5.7538486,8.188965,56.67184
2024-01-20 11:00:00,16.139313,7.813019,900.0915,6.483957,16.154358,57.777042
2024-01-20 12:00:00,15.892944,7.856018,900.3566,6.9796968,22.220581,58.864803
2024-01-20 13:00:00,15.612915,7.995636,900.78674,7.287573,26.858002,60.500366
2024-01-20 14:00:00,14.483032,7.896393,901.36975,7.524652,30.305328,64.622505
2024-01-20 15:00:00,13.382263,7.558716,901.904,7.638817,33.00168,67.8274
2024-01-20 16:00:00,13.1839905,7.579834,902.274,7.659454,35.208282,68.80894
2024-01-20 17:00:00,12.37973,7.382477,902.37836,7.595688,36.60431,71.55776
2024-01-20 18:00:00,12.11911,7.28598,902.2478,7.5117035,36.668793,72.31567
2024-01-20 19:00:00,11.898865,7.2056274,901.9247,7.432957,36.563538,72.970085
2024-01-20 20:00:00,11.255188,6.921753,901.5746,7.427033,35.699097,74.67461
2024-01-20 21:00:00,11.069366,6.785492,901.2124,7.4683914,34.871246,74.89682
2024-01-20 22:00:00,10.415344,6.3775024,900.9748,7.020287,34.516113,76.063065
2024-01-20 23:00:00,10.289276,6.328064,900.95233,7.131418,34.790924,76.44476
2024-01-21 00:00:00,10.3194275,6.2908325,901.22925,7.1148334,36.313477,76.09565
2024-01-21 01:00:00,10.276276,6.226959,901.7954,7.0756645,38.502502,75.979904
2024-01-21 02:00:00,10.937592,6.5381165,902.5028,6.9681277,41.0036,74.281555
2024-01-21 03:00:00,11.429657,6.5851746,903.0857,6.9331956,43.582825,72.13105
2024-01-21 04:00:00,12.133728,6.6937256,903.4455,6.7522116,43.865234,69.37296
2024-01-21 05:00:00,14.373779,7.157196,903.3116,6.3579464,41.120117,61.879498
2024-01-21 06:00:00,15.264984,7.0918884,902.8395,5.7785044,33.538513,58.16621
2024-01-21 07:00:00,15.681824,6.957123,902.02844,5.3600564,23.294647,56.11226
2024-01-21 08:00:00,16.938019,6.875519,901.25006,5.2674494,14.081055,51.509117
2024-01-21 09:00:00,17.170013,6.858856,900.70026,5.3796706,9.2951355,50.699997
2024-01-21 10:00:00,16.2016,7.0595093,900.36884,4.905162,12.415497,54.662235
2024-01-21 11:00:00,16.036682,7.080353,900.4277,5.1785226,19.964874,55.31911
2024-01-21 12:00:00,15.805359,7.0534973,900.7244,5.3618555,28.800262,56.03943
2024-01-21 13:00:00,15.47995,7.132721,901.21045,5.610949,33.407715,57.530212
2024-01-21 14:00:00,14.162598,6.84964,901.8389,5.749492,37.224213,61.422752
2024-01-21 15:00:00,13.102814,6.504181,902.4093,5.7919936,39.8674,64.26129
2024-01-21 16:00:00,12.747711,6.431244,902.77826,5.764798,41.559967,65.44142
2024-01-21 17:00:00,11.889343,6.155548,902.8593,5.7150226,42.136414,67.93464
2024-01-21 18:00:00,11.619934,6.0236206,902.72186,5.684362,41.855865,68.52626
2024-01-21 19:00:00,11.387299,5.9317627,902.4547,5.698785,41.485626,69.14817
2024-01-21 20:00:00,10.629974,5.6510315,902.1495,5.7898164,40.692444,71.31407
2024-01-21 21:00:00,10.441284,5.5335693,901.89844,5.872473,40.026703,71.63075
2024-01-21 22:00:00,10.002045,5.310089,901.7482,5.767626,41.89615,72.62807
2024-01-21 23:00:00,9.871033,5.227936,901.7682,5.9278297,42.70352,72.85077
2024-01-22 00:00:00,9.835541,5.1252136,902.0884,6.053874,44.202576,72.50449
2024-01-22 01:00:00,9.77005,5.0680237,902.63495,6.182544,45.793518,72.53418
2024-01-22 02:00:00,10.574158,5.355438,903.2864,6.315309,47.710144,70.12735
2024-01-22 03:00:00,11.196655,5.429138,903.9389,6.3703766,50.232727,67.63141
2024-01-22 04:00:00,12.040131,5.6851807,904.3272,5.879466,51.732025,65.11179
2024-01-22 05:00:00,14.76712,6.3848877,904.3268,5.147751,49.762573,57.213367
2024-01-22 06:00:00,15.822784,6.411377,903.7707,4.312053,42.330627,53.56266
2024-01-22 07:00:00,16.295593,6.475769,902.932,3.699352,27.378967,52.20167
2024-01-22 08:00:00,17.590668,6.6239014,902.0682,3.6892016,9.857483,48.58064
2024-01-22 09:00:00,17.75003,6.574951,901.55,4.08261,0.960968,47.93362
2024-01-22 10:00:00,16.66745,6.794342,901.13556,4.1727195,5.142395,52.109932
2024-01-22 11:00:00,16.451508,6.776703,901.26917,4.642364,14.103699,52.766193
2024-01-22 12:00:00,16.119293,6.8533936,901.5692,5.182342,19.450928,54.179024
2024-01-22 13:00:00,15.718842,6.8678284,902.03094,5.6050663,24.658783,55.637836
2024-01-22 14:00:00,14.46109,6.846527,902.6037,5.904529,27.697968,60.235466
2024-01-22 15:00:00,13.378967,6.561035,903.12286,6.132003,29.751617,63.361538
2024-01-22 16:00:00,13.079834,6.5378113,903.373,6.2732644,30.90158,64.50682
2024-01-22 17:00:00,12.210846,6.2442017,903.3568,6.370822,31.45459,66.9198
2024-01-22 18:00:00,12.016357,6.1582336,903.05695,6.4504046,31.644043,67.381035
2024-01-22 19:00:00,11.821991,6.11322,902.7187,6.586064,31.356567,68.037994
2024-01-22 20:00:00,11.131256,5.837555,902.43005,6.751262,30.811615,69.87438
2024-01-22 21:00:00,11.036163,5.8340454,902.2394,6.9265256,30.200928,70.29945
2024-01-22 22:00:00,10.5156555,5.545532,902.03094,6.798774,30.82611,71.335724
2024-01-22 23:00:00,10.382782,5.5152893,901.9333,6.902023,31.489868,71.819664
2024-01-23 00:00:00,10.399139,5.4981995,902.0952,6.9998336,32.21927,71.65639
2024-01-23 01:00:00,10.304901,5.428009,902.46204,7.1068134,33.640076,71.758095
2024-01-23 02:00:00,11.005737,5.8149414,902.9126,7.1570377,35.836914,70.34853
2024-01-23 03:00:00,11.490753,5.912445,903.3848,7.1234775,38.53772,68.58498
2024-01-23 04:00:00,12.183746,6.064911,903.66675,6.7666497,38.18329,66.21515
2024-01-23 05:00:00,14.665741,6.654358,903.4957,6.474184,33.470062,58.66587
2024-01-23 06:00:00,15.56366,6.614044,902.87756,6.3190584,27.332764,55.22264
2024-01-23 07:00:00,15.915314,6.5968018,901.90643,6.163533,20.598999,53.9304
2024-01-23 08:00:00,17.131042,6.5906982,900.9852,6.08644,14.326324,49.89786
2024-01-23 09:00:00,17.322632,6.5876465,900.3451,6.1098757,11.051422,49.28663
2024-01-23 10:00:00,16.18991,6.783722,899.9122,6.2648206,11.756805,53.678406
2024-01-23 11:00:00,15.9953,6.882904,899.9847,6.365969,17.937683,54.72002
2024-01-23 12:00:00,15.769318,6.9742737,900.3629,6.3202205,24.192688,55.864704
2024-01-23 13:00:00,15.468048,7.114441,900.8379,6.3655047,28.60199,57.50212
2024-01-23 14:00:00,14.263611,6.9937744,901.39307,6.38517,32.41031,61.62846
2024-01-23 15:00:00,13.247711,6.698944,901.8321,6.3063884,35.10486,64.51447
2024-01-23 16:00:00,13.004425,6.6926575,902.11304,6.133204,37.772522,65.51891
2024-01-23 17:00:00,12.126801,6.459564,902.1334,5.8773575,39.8985,68.29625
2024-01-23 18:00:00,11.889252,6.380829,902.00446,5.643435,42.124115,68.99804
2024-01-23 19:00:00,11.617981,6.2670593,901.6674,5.449397,43.44635,69.69579
2024-01-23 20:00:00,10.919281,5.97406,901.34094,5.343648,44.139038,71.53602
2024-01-23 21:00:00,10.792206,5.9346924,901.122,5.320536,43.81482,71.94668
2024-01-23 22:00:00,10.122284,5.488495,900.9917,5.4254417,47.82361,72.94407
2024-01-23 23:00:00,10.010071,5.4404907,901.0657,5.438024,48.618225,73.24914
2024-01-24 00:00:00,10.097137,5.5233765,901.41095,5.431478,50.47287,73.24372
2024-01-24 01:00:00,10.023041,5.486084,901.9308,5.488856,52.09445,73.417435
2024-01-24 02:00:00,10.732605,5.7160034,902.5327,5.551557,54.130585,71.14808
2024-01-24 03:00:00,11.218658,5.7481384,903.1122,5.5245857,57.41574,69.04233
2024-01-24 04:00:00,11.816528,5.8118286,903.46313,5.1730266,59.594727,66.65994
2024-01-24 05:00:00,14.214996,6.27536,903.39764,4.6108513,58.648254,58.84478
2024-01-24 06:00:00,15.169525,6.3729553,902.85016,3.9380174,51.60443,55.7051
2024-01-24 07:00:00,15.614899,6.390991,901.97266,3.3521626,39.540283,54.20365
2024-01-24 08:00:00,16.767395,6.373352,901.0524,3.098525,26.19516,50.303257
2024-01-24 09:00:00,17.010315,6.4132996,900.37714,3.2040732,17.727692,49.670868
2024-01-24 10:00:00,15.961884,6.720337,900.05963,3.5693574,16.872559,54.22854
2024-01-24 11:00:00,15.804138,6.7620544,900.108,4.1306014,22.555237,54.934986
2024-01-24 12:00:00,15.559998,6.85437,900.4752,4.4467287,30.333832,56.154602
2024-01-24 13:00:00,15.181915,7.0109863,901.0217,4.9078627,35.439453,58.154232
2024-01-24 14:00:00,13.976471,7.013977,901.6956,5.2599163,39.32599,62.8724
2024-01-24 15:00:00,12.986542,6.7695312,902.23315,5.474903,43.16809,65.94268
2024-01-24 16:00:00,12.742767,6.8244324,902.562,5.5816417,46.019592,67.25551
2024-01-24 17:00:00,11.9175415,6.544525,902.6394,5.593809,48.148956,69.64965
2024-01-24 18:00:00,11.7595215,6.4873657,902.5449,5.5539246,49.45529,70.10301
2024-01-24 19:00:00,11.556152,6.4085083,902.30774,5.5027943,50.647644,70.66624
2024-01-24 20:00:00,10.863251,6.117462,902.0421,5.456552,50.71161,72.51722
2024-01-24 21:00:00,10.7439575,6.1178894,901.82654,5.4839983,50.324005,73.09675
2024-01-24 22:00:00,10.155365,5.9086304,901.59314,5.194531,47.05539,74.931175
2024-01-24 23:00:00,10.004456,5.863098,901.71674,5.262082,48.691986,75.45315
2024-01-25 00:00:00,10.022888,5.817993,902.11615,5.3437495,50.39978,75.125465
2024-01-25 01:00:00,9.964752,5.7983093,902.68646,5.4442368,52.397614,75.31563
2024-01-25 02:00:00,10.567505,6.046173,903.4118,5.6360064,54.178864,73.59504
2024-01-25 03:00:00,11.056763,6.0240784,904.0412,5.713867,56.771667,71.13145
2024-01-25 04:00:00,11.831024,6.20813,904.5341,5.3572526,58.583252,68.44409
2024-01-25 05:00:00,14.314789,6.7448425,904.56134,4.735778,58.95117,60.384933
2024-01-25 06:00:00,15.226471,6.5838013,904.1501,4.0253673,54.012085,56.31273
2024-01-25 07:00:00,15.621765,6.5038757,903.3382,3.4000216,41.91446,54.602367
2024-01-25 08:00:00,16.674286,6.473053,902.444,3.2467637,27.803009,50.949932
2024-01-25 09:00:00,16.83612,6.417938,901.78357,3.498384,19.63089,50.238373
2024-01-25 10:00:00,15.925873,6.809662,901.37134,4.0823393,20.855164,54.6877
2024-01-25 11:00:00,15.788055,6.914856,901.5028,4.7328095,30.386719,55.57102
2024-01-25 12:00:00,15.622162,7.0575867,901.92474,5.255966,37.526764,56.716
2024-01-25 13:00:00,15.254456,7.1283264,902.4836,5.839342,42.29489,58.350903
2024-01-25 14:00:00,13.980804,6.9891663,903.11755,6.2092495,46.48459,62.747974
2024-01-25 15:00:00,13.044312,6.751068,903.6531,6.4069414,49.58368,65.61104
2024-01-25 16:00:00,12.819,6.81662,903.9675,6.505969,52.204712,66.8849
2024-01-25 17:00:00,11.876282,6.617737,903.9617,6.523067,54.004852,70.191696
2024-01-25 18:00:00,11.622314,6.5334473,903.76636,6.454369,55.367462,70.965454
2024-01-25 19:00:00,11.376801,6.464325,903.4688,6.364076,56.39203,71.78462
2024-01-25 20:00:00,10.715027,6.2328186,903.2011,6.3208055,56.41919,73.82037
2024-01-25 21:00:00,10.602509,6.222473,902.9436,6.307868,55.48114,74.32222
2024-01-25 22:00:00,10.200745,6.058441,902.6906,6.1430244,52.458405,75.48143
2024-01-25 23:00:00,10.122345,6.068054,902.7796,6.2466354,52.05493,75.92823
2024-01-26 00:00:00,10.181854,6.098236,903.0899,6.4226813,52.511993,75.784615
2024-01-26 01:00:00,10.148895,6.104248,903.6339,6.608832,53.03705,75.9832
2024-01-26 02:00:00,10.872955,6.5212097,904.2935,6.822465,53.623505,74.51448
2024-01-26 03:00:00,11.357208,6.6198425,905.03406,6.973461,56.06534,72.65058
2024-01-26 04:00:00,12.126556,6.8666077,905.51685,6.7489605,57.639893,70.23417
2024-01-26 05:00:00,14.782166,7.5309753,905.5736,6.238428,56.610962,61.828796
2024-01-26 06:00:00,15.666351,7.316803,905.09595,5.5686493,49.807312,57.567684
2024-01-26 07:00:00,16.048248,7.217926,904.25635,5.1024485,39.509216,55.80118
2024-01-26 08:00:00,17.118866,7.167267,903.343,5.0053816,30.265991,51.95049
2024-01-26 09:00:00,17.28598,7.1562805,902.6292,5.1892505,25.184692,51.36564
2024-01-26 10:00:00,16.407623,7.585327,902.1884,5.973008,17.619202,55.92357
2024-01-26 11:00:00,16.251709,7.7231445,902.21826,6.427989,25.257446,57.014584
2024-01-26 12:00:00,16.002075,7.828888,902.5783,6.702696,31.944092,58.348156
2024-01-26 13:00:00,15.750183,7.977936,903.0222,6.963633,35.716614,59.899117
2024-01-26 14:00:00,14.604004,7.986511,903.6117,7.1933427,39.568207,64.513916
2024-01-26 15:00:00,13.51712,7.724243,904.1105,7.3366337,42.686462,67.997345
2024-01-26 16:00:00,13.243439,7.727539,904.43304,7.364278,45.504272,69.23614
2024-01-26 17:00:00,12.3909,7.4914856,904.4857,7.3236766,47.101288,72.03948
2024-01-26 18:00:00,12.168335,7.4608765,904.3192,7.232005,48.27359,72.94824
2024-01-26 19:00:00,11.950989,7.405792,904.08344,7.195423,48.59326,73.7216
2024-01-26 20:00:00,11.258575,7.122772,903.8265,7.191381,47.990845,75.69304
2024-01-26 21:00:00,10.996857,7.0028687,903.5758,7.2400036,46.515167,76.388275
2024-01-26 22:00:00,10.352783,6.532257,903.21985,7.0686665,42.521545,77.198875
2024-01-26 23:00:00,10.266205,6.5016174,903.1838,7.172346,42.840576,77.48276
2024-01-27 00:00:00,10.384094,6.601593,903.45776,7.2617655,44.02899,77.40592
2024-01-27 01:00:00,10.325043,6.554138,903.9723,7.377444,45.619873,77.45837
2024-01-27 02:00:00,11.08374,6.931366,904.5739,7.4750304,46.769775,75.577896
2024-01-27 03:00:00,11.507416,6.9651184,905.1361,7.5192084,48.49341,73.65715
2024-01-27 04:00:00,12.181854,7.0176697,905.4345,7.2623086,48.29364,70.707565
2024-01-27 05:00:00,15.110046,7.687744,905.34924,6.9420657,44.97052,61.188293
2024-01-27 06:00:00,15.945862,7.281555,904.7609,6.6007977,39.27603,56.41201
2024-01-27 07:00:00,16.324066,7.1241455,903.87604,6.2487893,33.074066,54.47797
2024-01-27 08:00:00,17.59793,6.8901367,902.9508,5.999295,26.784088,49.45404
2024-01-27 09:00:00,17.783997,6.8216248,902.2882,5.9914293,22.643951,48.648445
2024-01-27 10:00:00,16.74176,7.220459,901.86755,6.118657,15.350525,53.40109
2024-01-27 11:00:00,16.593536,7.2579956,901.9618,6.439088,22.582336,54.044712
2024-01-27 12:00:00,16.394745,7.469452,902.30524,6.7381973,28.602325,55.528687
2024-01-27 13:00:00,16.064026,7.6400146,902.7849,6.946458,32.677246,57.375015
2024-01-27 14:00:00,14.777679,7.531006,903.3083,7.063323,36.392334,61.846817
2024-01-27 15:00:00,13.647827,7.2452393,903.77466,7.040747,39.39044,65.25314
2024-01-27 16:00:00,13.3637085,7.2288513,904.0656,6.927099,41.911743,66.39656
2024-01-27 17:00:00,12.385345,6.9895935,904.1766,6.7915587,43.618042,69.63434
2024-01-27 18:00:00,12.055756,6.829071,903.9811,6.699083,44.366364,70.380714
2024-01-27 19:00:00,11.801361,6.751831,903.6256,6.6915164,44.725616,71.19202
2024-01-27 20:00:00,11.033081,6.4458923,903.1956,6.714894,44.510437,73.34537
2024-01-27 21:00:00,10.931763,6.457611,902.8232,6.771271,44.359436,73.89992
2024-01-27 22:00:00,10.315277,5.9812927,902.5725,6.605961,44.505615,74.50845
2024-01-27 23:00:00,10.236145,5.954071,902.469,6.7192473,45.153473,74.762344
2024-01-28 00:00:00,10.412567,6.039093,902.7614,6.8001943,46.618958,74.322525
2024-01-28 01:00:00,10.425629,6.057251,903.24835,6.801777,48.657806,74.35098
2024-01-28 02:00:00,11.281464,6.5046387,903.84796,6.831067,51.486755,72.439766
2024-01-28 03:00:00,11.882507,6.65625,904.4773,6.73932,54.90851,70.34882
2024-01-28 04:00:00,12.752808,6.917328,904.82495,6.252799,56.729797,67.64091
2024-01-28 05:00:00,15.651367,7.7048645,904.73883,5.4456887,56.47522,59.169136
2024-01-28 06:00:00,16.618835,7.527954,904.163,4.576179,50.13257,54.96203
2024-01-28 07:00:00,16.987213,7.494568,903.26514,3.9178276,37.69574,53.57023
2024-01-28 08:00:00,18.124481,7.314209,902.3339,3.6120753,24.54187,49.251507
2024-01-28 09:00:00,18.270752,7.231964,901.6311,3.5899286,17.045319,48.527756
2024-01-28 10:00:00,17.185455,7.6933594,901.25085,3.581264,7.3373413,53.624146
2024-01-28 11:00:00,17.017548,7.8143616,901.3448,4.029883,21.766266,54.645584
2024-01-28 12:00:00,16.77768,8.057648,901.7582,4.6868033,33.847504,56.40851
2024-01-28 13:00:00,16.46103,8.116821,902.30804,5.180435,41.888367,57.786606
2024-01-28 14:00:00,15.252777,8.1753845,902.87646,5.5055757,46.82605,62.674206
2024-01-28 15:00:00,14.219727,7.9382324,903.2982,5.68889,49.674957,65.919426
2024-01-28 16:00:00,13.96347,7.905487,903.5847,5.770305,51.900543,66.87389
2024-01-28 17:00:00,13.005402,7.676697,903.5838,5.7828326,53.06186,70.07722
2024-01-28 18:00:00,12.72345,7.5647583,903.3514,5.745795,53.881683,70.83893
2024-01-28 19:00:00,12.501495,7.5028687,902.9889,5.7111197,53.77301,71.5741
2024-01-28 20:00:00,11.724579,7.172455,902.62256,5.7491117,52.81485,73.64636
2024-01-28 21:00:00,11.60141,7.148163,902.2967,5.812328,51.495575,74.124435
2024-01-28 22:00:00,11.031036,6.853241,901.91376,5.6536345,51.676758,75.43739
2024-01-28 23:00:00,10.967651,6.850067,901.89984,5.9017677,53.170288,75.738945
2024-01-29 00:00:00,11.066589,6.9275208,902.24603,6.0549603,54.954376,75.64398
2024-01-29 01:00:00,11.038971,6.9121704,902.81476,6.158258,56.43634,75.70301
2024-01-29 02:00:00,11.859924,7.3215637,903.45526,6.220515,57.658356,73.73983
2024-01-29 03:00:00,12.427246,7.5243835,903.9779,6.1729417,59.671173,72.02932
2024-01-29 04:00:00,13.168121,7.756958,904.2712,5.524304,61.230072,69.71671
2024-01-29 05:00:00,16.037231,8.542908,904.12726,4.6742487,57.0524,61.1081
2024-01-29 06:00:00,16.900238,8.303406,903.5451,4.06627,47.45575,56.913177
2024-01-29 07:00:00,17.2099,8.141907,902.65594,3.713305,35.022095,55.199898
2024-01-29 08:00:00,18.346924,7.900543,901.68585,3.5622628,24.499817,50.54986
2024-01-29 09:00:00,18.50299,7.764923,900.9076,3.630017,18.398834,49.59802
2024-01-29 10:00:00,17.494019,8.215912,900.465,3.8862925,9.733032,54.490955
2024-01-29 11:00:00,17.347107,8.271301,900.51526,4.286351,20.878021,55.205833
2024-01-29 12:00:00,17.09845,8.385132,900.8793,4.5027175,31.143982,56.51525
2024-01-29 13:00:00,16.79837,8.544128,901.4115,4.762188,35.52054,58.223812
2024-01-29 14:00:00,15.60022,8.659851,901.95703,4.9512935,39.729553,63.338406
2024-01-29 15:00:00,14.550598,8.487762,902.42847,5.00803,43.10269,66.97599
2024-01-29 16:00:00,14.347809,8.542419,902.71844,4.9772115,46.258636,68.11082
2024-01-29 17:00:00,13.404846,8.308594,902.7565,4.8476524,48.656494,71.271164
2024-01-29 18:00:00,13.065674,8.143799,902.4946,4.714077,49.9252,72.055176
2024-01-29 19:00:00,12.837524,8.057068,902.136,4.613628,49.890198,72.708275
2024-01-29 20:00:00,12.106689,7.730438,901.7372,4.566886,48.76779,74.603455
2024-01-29 21:00:00,11.969818,7.7232056,901.3822,4.563617,47.038055,75.24166
2024-01-29 22:00:00,11.441315,7.3704834,900.9827,4.840725,50.197998,76.060486
2024-01-29 23:00:00,11.335022,7.316681,900.92163,4.8048873,50.967743,76.316284
2024-01-30 00:00:00,11.500977,7.4127502,901.16724,4.8117943,52.45984,75.98001
2024-01-30 01:00:00,11.436584,7.4179077,901.6473,4.844921,54.25354,76.33114
2024-01-30 02:00:00,12.289001,7.9161377,902.2907,4.865396,56.477936,74.65214
2024-01-30 03:00:00,12.757507,8.028961,902.8359,4.704201,59.00232,72.95057
2024-01-30 04:00:00,13.344543,8.039398,903.17017,3.9372807,58.868195,70.2562
2024-01-30 05:00:00,16.079712,8.682465,903.02014,3.2396395,52.170044,61.52069
2024-01-30 06:00:00,16.886932,8.4263,902.4617,2.5686085,39.296234,57.437622
2024-01-30 07:00:00,17.217255,8.324341,901.6067,2.1375206,17.118286,55.86139
2024-01-30 08:00:00,18.236084,8.245728,900.74744,2.118703,354.71863,52.110214
2024-01-30 09:00:00,18.352356,8.158112,900.03235,2.348599,345.37262,51.424908
2024-01-30 10:00:00,17.426361,8.578796,899.49554,2.7246294,342.9123,56.08639
2024-01-30 11:00:00,17.268585,8.689209,899.5984,2.757853,3.4587097,57.072838
2024-01-30 12:00:00,17.029297,8.812134,900.02686,2.9609156,23.561523,58.426796
2024-01-30 13:00:00,16.787506,8.945465,900.594,3.3171747,36.305298,59.86558
2024-01-30 14:00:00,15.738556,9.009308,901.2165,3.5710418,44.98224,64.27906
2024-01-30 15:00:00,14.760956,8.759003,901.74243,3.6743267,51.303406,67.29664
2024-01-30 16:00:00,14.570679,8.804169,902.0798,3.6656094,56.088226,68.3358
2024-01-30 17:00:00,13.712036,8.614532,902.09094,3.5664885,58.857056,71.32346
2024-01-30 18:00:00,13.47699,8.587128,901.9006,3.4641268,59.993286,72.28804
2024-01-30 19:00:00,13.276672,8.556702,901.5842,3.3294864,60.03824,73.08701
2024-01-30 20:00:00,12.542633,8.308533,901.2509,3.2730336,59.482666,75.40232
2024-01-30 21:00:00,12.437744,8.309601,900.9311,3.230292,58.40509,75.928444
2024-01-30 22:00:00,11.989288,8.114136,900.5943,3.1611736,55.222687,77.17007
2024-01-30 23:00:00,11.877228,8.072418,900.5084,3.1412096,57.723907,77.522
2024-01-31 00:00:00,11.96051,8.089111,900.7459,3.1761844,61.114075,77.18521
2024-01-31 01:00:00,11.94104,8.078888,901.2649,3.2297125,64.86273,77.23063
2024-01-31 02:00:00,12.592865,8.428558,901.8881,3.2808857,68.58902,75.76823
2024-01-31 03:00:00,13.118805,8.6024475,902.4624,3.1558075,74.721375,74.07257
2024-01-31 04:00:00,13.755249,8.787384,902.73236,2.3848958,86.022156,71.95934
2024-01-31 05:00:00,16.129822,9.325409,902.6008,1.2191082,99.363495,64.04148
2024-01-31 06:00:00,16.993652,9.082336,902.0401,0.33444417,197.999,59.636055
2024-01-31 07:00:00,17.273468,9.021637,901.20087,1.3258268,258.84442,58.35014
2024-01-31 08:00:00,18.176361,8.919342,900.30853,2.172946,266.07635,54.74488
2024-01-31 09:00:00,18.300873,8.818909,899.57904,2.5640078,271.56256,53.951817
2024-01-31 10:00:00,17.397827,8.931366,899.1175,2.658207,280.0053,57.542038
2024-01-31 11:00:00,17.225128,9.055511,899.1591,1.7949386,300.96307,58.66256
2024-01-31 12:00:00,17.000671,9.109558,899.4721,1.2217921,346.16357,59.71898
2024-01-31 13:00:00,16.715485,9.217529,899.9395,1.3455927,28.602081,61.252636
2024-01-31 14:00:00,15.741699,9.230408,900.4752,1.5933292,49.93988,65.23055
2024-01-31 15:00:00,14.776215,8.968018,900.9567,1.7391654,61.780945,68.185814
2024-01-31 16:00:00,14.580231,9.0286255,901.2379,1.7846581,72.212006,69.33592
2024-01-31 17:00:00,13.759125,8.925781,901.3236,1.6974401,77.77542,72.61654
2024-01-31 18:00:00,13.588501,8.87973,901.1932,1.4972795,81.50662,73.19853
2024-01-31 19:00:00,13.403748,8.897461,900.9497,1.2909803,79.5975,74.17279
2024-01-31 20:00:00,12.820221,8.704498,900.63983,1.18022,72.53079,76.05527
2024-01-31 21:00:00,12.71344,8.63504,900.3406,1.1896057,61.309937,76.22995
2024-01-31 22:00:00,12.266174,8.326019,900.03455,1.1020436,54.811188,76.87435
2024-01-31 23:00:00,12.207947,8.3437195,900.0751,1.2676314,51.16913,77.261795
2024-02-01 00:00:00,12.354675,8.448883,900.40216,1.5031786,53.62393,77.06764
2024-02-01 01:00:00,12.285004,8.434937,901.00464,1.7375995,56.35013,77.348076
2024-02-01 02:00:00,12.809906,8.672516,901.7246,1.9757879,62.28842,75.94227
2024-02-01 03:00:00,13.18042,8.693115,902.34094,1.8619852,71.509094,74.229004
2024-02-01 04:00:00,13.66687,8.699463,902.72595,0.88629186,84.38385,71.9451
2024-02-01 05:00:00,15.810608,9.153107,902.676,0.3553587,289.88287,64.60661
2024-02-01 06:00:00,16.728912,9.026642,902.168,1.3158083,283.8213,60.418476
2024-02-01 07:00:00,16.977966,8.955475,901.3029,2.0788457,284.36078,59.186928
2024-02-01 08:00:00,17.90155,8.800018,900.4228,2.597833,285.87244,55.251682
2024-02-01 09:00:00,17.994019,8.709564,899.7343,2.8137684,290.387,54.596634
2024-02-01 10:00:00,17.280853,8.890259,899.29236,2.4054937,294.1571,57.808315
2024-02-01 11:00:00,17.155212,8.954773,899.4143,1.7867489,324.8286,58.523663
2024-02-01 12:00:00,16.959412,9.082336,899.7846,1.7582712,4.443695,59.76557
2024-02-01 13:00:00,16.649445,9.073425,900.2918,2.1669152,25.914978,60.915913
2024-02-01 14:00:00,15.605164,9.145569,900.8039,2.5425417,36.44507,65.42822
2024-02-01 15:00:00,14.604584,8.892914,901.19366,2.7874055,42.02884,68.596214
2024-02-01 16:00:00,14.374573,8.896545,901.4328,2.876445,45.137268,69.639946
2024-02-01 17:00:00,13.568848,8.729309,901.4924,2.8379834,46.613373,72.55135
2024-02-01 18:00:00,13.347839,8.641907,901.3471,2.8075569,46.980072,73.16928
2024-02-01 19:00:00,13.147369,8.584961,901.0859,2.786718,46.79895,73.84718
2024-02-01 20:00:00,12.554626,8.428497,900.7619,2.8719194,44.880676,75.95809
2024-02-01 21:00:00,12.435944,8.359009,900.4842,2.9892826,41.793915,76.19219
2024-02-01 22:00:00,11.958221,8.080231,900.23206,2.7930398,39.17508,77.15028
2024-02-01 23:00:00,11.818939,7.9806824,900.21185,2.934672,39.123352,77.33689
2024-02-02 00:00:00,11.914886,8.007965,900.5003,3.1208577,40.880676,76.991905
2024-02-02 01:00:00,11.822144,7.924591,901.0797,3.304602,41.895508,77.026215
2024-02-02 02:00:00,12.404694,8.254944,901.73596,3.4136305,42.393646,75.81181
2024-02-02 03:00:00,12.716919,8.19812,902.3512,3.2166116,41.840363,73.98979
2024-02-02 04:00:00,13.233795,8.220551,902.73834,2.639271,28.9888,71.64111
2024-02-02 05:00:00,15.483124,8.533173,902.7446,2.504993,9.736298,63.2708
2024-02-02 06:00:00,16.392456,8.423889,902.30804,2.7538128,350.8013,59.260715
2024-02-02 07:00:00,16.679108,8.349518,901.48096,3.2322762,337.60944,57.898056
2024-02-02 08:00:00,17.682129,8.179779,900.6091,3.7851925,330.77646,53.71649
2024-02-02 09:00:00,17.786865,7.994873,899.91437,4.238443,329.61337,52.697254
2024-02-02 10:00:00,16.91986,8.145416,899.4783,4.3900843,332.78348,56.23635
2024-02-02 11:00:00,16.797699,8.145691,899.49493,4.3310833,346.92667,56.674778
2024-02-02 12:00:00,16.609985,8.225739,899.7344,4.122487,1.2931519,57.666725
2024-02-02 13:00:00,16.292206,8.34137,900.22064,4.3292418,9.049133,59.307625
2024-02-02 14:00:00,15.19458,8.416443,900.78766,4.484568,15.773132,63.945663
2024-02-02 15:00:00,14.202759,8.176392,901.31604,4.5512657,20.304138,67.06833
2024-02-02 16:00:00,13.91983,8.085083,901.6648,4.4889803,23.692444,67.88717
2024-02-02 17:00:00,13.090424,7.8846436,901.7678,4.37589,25.180084,70.68287
2024-02-02 18:00:00,12.919281,7.851654,901.64404,4.310644,26.621063,71.31743
2024-02-02 19:00:00,12.733337,7.783966,901.35297,4.307884,27.59848,71.85855
2024-02-02 20:00:00,12.070007,7.522888,901.0555,4.3335543,28.794067,73.73308
2024-02-02 21:00:00,11.93454,7.4781494,900.7596,4.3695655,29.30487,74.16702
2024-02-02 22:00:00,11.361176,7.095978,900.7312,3.9210227,31.493256,75.04279
2024-02-02 23:00:00,11.273743,7.0390015,900.73096,4.0832977,32.930054,75.184555
2024-02-03 00:00:00,11.385956,7.0387573,900.9391,4.1936665,36.641632,74.62683
2024-02-03 01:00:00,11.275299,7.00412,901.4776,4.2829866,40.187378,74.997375
2024-02-03 02:00:00,11.992798,7.257904,902.1197,4.277521,43.559906,72.779625
2024-02-03 03:00:00,12.555359,7.3251038,902.77466,4.136316,45.379364,70.461136
2024-02-03 04:00:00,13.23349,7.4141235,903.1694,3.594919,41.591156,67.815834
2024-02-03 05:00:00,15.4530945,7.8670044,903.1964,2.9797437,30.789612,60.59067
2024-02-03 06:00:00,16.457672,7.8108826,902.717,2.6417236,11.319824,56.6091
2024-02-03 07:00:00,16.838684,7.7876587,901.9595,2.8362381,348.63916,55.168224
2024-02-03 08:00:00,17.858978,7.6728516,901.07587,3.3364024,335.15546,51.321358
2024-02-03 09:00:00,18.03299,7.655792,900.4249,3.707962,331.21783,50.70381
2024-02-03 10:00:00,17.213898,8.167419,900.1429,4.1413755,341.91046,55.281616
2024-02-03 11:00:00,17.077454,8.207062,900.1743,3.8594544,356.51974,55.91119
2024-02-03 12:00:00,16.802765,8.291809,900.42474,3.6505992,10.66098,57.221073
2024-02-03 13:00:00,16.48108,8.395416,900.93506,3.7494256,20.257233,58.81396
2024-02-03 14:00:00,15.513763,8.432556,901.5368,3.8721342,28.863068,62.717945
2024-02-03 15:00:00,14.546417,8.343262,902.1008,3.915822,33.4588,66.34144
2024-02-03 16:00:00,14.340057,8.358643,902.44006,3.8485022,36.298065,67.30203
2024-02-03 17:00:00,13.616821,8.194092,902.50525,3.7227116,36.425842,69.7508
2024-02-03 18:00:00,13.386444,8.153198,902.2952,3.5861278,35.638184,70.6083
2024-02-03 19:00:00,13.217743,8.125916,901.9793,3.4834156,33.04596,71.256966
2024-02-03 20:00:00,12.759918,8.004547,901.6758,3.4641001,29.257141,72.81814
2024-02-03 21:00:00,12.662537,8.016113,901.37445,3.5064478,25.374237,73.341644
2024-02-03 22:00:00,12.050201,7.7396545,901.1337,3.329722,24.961456,74.92836
2024-02-03 23:00:00,11.957916,7.717285,901.15717,3.4930243,28.604126,75.27032
2024-02-04 00:00:00,12.065704,7.785095,901.43585,3.589205,32.205475,75.08392
2024-02-04 01:00:00,12.025787,7.829193,902.0293,3.7540278,35.598267,75.50782
2024-02-04 02:00:00,12.926544,8.332214,902.7176,3.9096994,39.10257,73.64866
2024-02-04 03:00:00,13.414032,8.439178,903.34705,3.8727522,42.73648,71.86168
2024-02-04 04:00:00,14.021149,8.48703,903.75354,3.2334673,41.63492,69.306244
2024-02-04 05:00:00,16.37909,9.0242,903.74097,2.5124977,24.626465,61.766838
2024-02-04 06:00:00,17.183441,8.949402,903.25055,2.5460775,356.4892,58.398087
2024-02-04 07:00:00,17.440338,8.996613,902.44507,3.1039803,336.83972,57.640915
2024-02-04 08:00:00,18.22293,9.038055,901.65204,3.706506,327.9494,55.023884
2024-02-04 09:00:00,18.300049,8.984467,901.02814,4.084996,327.29218,54.560806
2024-02-04 10:00:00,17.437286,9.322662,900.62445,4.298031,337.29745,58.931976
2024-02-04 11:00:00,17.264526,9.545776,900.7357,4.291353,353.09882,60.47871
2024-02-04 12:00:00,17.030762,9.658447,900.9992,4.391687,7.2987366,61.84581
2024-02-04 13:00:00,16.805481,9.824707,901.3794,4.5242724,17.195007,63.438435
2024-02-04 14:00:00,15.750763,9.723328,901.90295,4.6558614,24.447144,67.38764
2024-02-04 15:00:00,14.910736,9.493378,902.42834,4.7412415,28.75766,70.03067
2024-02-04 16:00:00,14.596252,9.403564,902.76654,4.7336636,31.73761,71.03472
2024-02-04 17:00:00,13.853149,9.232819,902.7851,4.667703,32.645782,73.68348
2024-02-04 18:00:00,13.600708,9.245728,902.5515,4.60932,32.52423,74.96708
2024-02-04 19:00:00,13.352539,9.1215515,902.1985,4.603371,31.591919,75.55368
2024-02-04 20:00:00,12.811554,8.8703,901.7781,4.657536,30.331573,76.95547
2024-02-04 21:00:00,12.685913,8.787231,901.4654,4.7458916,29.08255,77.15709
2024-02-04 22:00:00,12.163849,8.562134,901.2261,4.3705773,28.52295,78.64089
2024-02-04 23:00:00,12.079376,8.492615,901.2007,4.6228027,28.784302,78.70795
2024-02-05 00:00:00,12.176697,8.546387,901.5145,4.751687,30.731842,78.49078
2024-02-05 01:00:00,12.126251,8.4953,902.07153,4.834802,32.712433,78.479805
2024-02-05 02:00:00,12.725555,8.663239,902.6721,4.9100633,35.079193,76.31486
2024-02-05 03:00:00,13.075623,8.6935425,903.3331,4.775376,35.657623,74.740685
2024-02-05 04:00:00,13.61618,8.761261,903.8167,4.1511464,29.89508,72.48468
2024-02-05 05:00:00,15.961517,9.233063,903.8864,3.8292203,14.93689,64.33206
2024-02-05 06:00:00,16.77475,9.073486,903.39624,3.8476954,1.9465942,60.433475
2024-02-05 07:00:00,17.109772,9.065369,902.557,3.994952,350.6971,59.13152
2024-02-05 08:00:00,18.071625,9.009003,901.68634,4.2063255,343.29694,55.440437
2024-02-05 09:00:00,18.162903,8.87735,900.97095,4.420448,341.39648,54.636097
2024-02-05 10:00:00,17.299469,9.081879,900.546,4.688606,351.4379,58.49135
2024-02-05 11:00:00,17.176392,9.106842,900.5151,4.739426,3.3728638,59.04756
2024-02-05 12:00:00,16.90506,9.035004,900.7439,4.791503,17.618591,59.780796
2024-02-05 13:00:00,16.626831,9.142242,901.18695,4.890949,24.351776,61.286972
2024-02-05 14:00:00,15.564117,9.1302185,901.78204,4.924896,30.131714,65.532646
2024-02-05 15:00:00,14.563019,8.768158,902.3301,4.888074,33.190857,68.20351
2024-02-05 16:00:00,14.243317,8.671661,902.66986,4.7375083,35.47415,69.174866
2024-02-05 17:00:00,13.402344,8.44632,902.77423,4.525308,36.4469,71.95119
2024-02-05 18:00:00,13.193481,8.402405,902.6378,4.3413634,35.891724,72.7209
2024-02-05 19:00:00,12.991241,8.323975,902.2976,4.2566457,34.01471,73.29693
2024-02-05 20:00:00,12.25705,8.003876,901.8889,4.2792225,31.147125,75.25666
2024-02-05 21:00:00,12.136719,7.9588623,901.4603,4.368223,28.786316,75.622696
2024-02-05 22:00:00,11.54184,7.7316895,901.1919,4.250709,29.899628,77.44142
2024-02-05 23:00:00,11.418335,7.6553345,901.1703,4.41267,29.50885,77.6713
2024-02-06 00:00:00,11.545013,7.6998596,901.5193,4.5389857,31.026337,77.25747
2024-02-06 01:00:00,11.476166,7.6829224,902.07806,4.627703,33.112427,77.520386
2024-02-06 02:00:00,12.214478,7.964966,902.76294,4.6824875,35.698547,75.268196
2024-02-06 03:00:00,12.58847,7.9780273,903.3639,4.514596,36.902832,73.50795
2024-02-06 04:00:00,13.2144165,8.088867,903.7788,3.9474351,33.512817,71.09333
2024-02-06 05:00:00,15.558838,8.457062,903.75305,3.4009478,21.83731,62.640972
2024-02-06 06:00:00,16.40335,8.4157715,903.28577,3.1844423,4.1653748,59.18709
2024-02-06 07:00:00,16.73523,8.362427,902.451,3.3739102,347.4543,57.742607
2024-02-06 08:00:00,17.755676,8.218079,901.54193,3.7434003,337.71957,53.607334
2024-02-06 09:00:00,17.90567,8.147675,900.77814,4.0837145,335.02487,52.850456
2024-02-06 10:00:00,17.222595,8.396179,900.4261,4.3351793,340.4827,56.115067
2024-02-06 11:00:00,17.085297,8.478088,900.4016,4.504769,353.4732,56.919605
2024-02-06 12:00:00,16.82779,8.445221,900.7135,4.686061,8.684174,57.72739
2024-02-06 13:00:00,16.535614,8.525757,901.2525,5.0741024,13.749512,59.130013
2024-02-06 14:00:00,15.334625,8.490845,901.91974,5.373143,18.289886,63.693447
2024-02-06 15:00:00,14.290131,8.207703,902.48016,5.4565287,21.849335,66.83208
2024-02-06 16:00:00,13.961517,8.121063,902.81946,5.4013,23.733765,67.86949
2024-02-06 17:00:00,13.068268,7.891876,902.8538,5.2707934,23.833282,70.82004
2024-02-06 18:00:00,12.793884,7.8372803,902.6518,5.171501,22.606995,71.83453
2024-02-06 19:00:00,12.573029,7.7885437,902.29663,5.116416,21.019958,72.63992
2024-02-06 20:00:00,11.890747,7.495453,901.91315,5.190061,18.998077,74.46926
2024-02-06 21:00:00,11.794464,7.412323,901.606,5.3102036,17.210938,74.51944
2024-02-06 22:00:00,11.255615,7.2249756,901.4163,5.266916,15.836121,76.23916
2024-02-06 23:00:00,11.15152,7.162689,901.4797,5.41942,16.48349,76.44047
2024-02-07 00:00:00,11.156952,7.092804,901.77655,5.4381275,17.46997,76.04832
2024-02-07 01:00:00,11.166687,7.127533,902.3349,5.5046425,19.410278,76.18015
2024-02-07 02:00:00,11.949829,7.402771,902.9838,5.5934615,20.679932,73.71201
2024-02-07 03:00:00,12.551361,7.489746,903.6511,5.605224,20.28955,71.27654
2024-02-07 04:00:00,13.244873,7.5079956,904.1253,5.436529,16.921265,68.20114
2024-02-07 05:00:00,15.799164,7.81781,904.212,5.2784524,7.982086,59.064907
2024-02-07 06:00:00,16.689209,7.8884583,903.8283,5.3995547,356.1745,56.07743
2024-02-07 07:00:00,17.111176,7.948456,903.06445,5.827369,345.73938,54.82045
2024-02-07 08:00:00,18.265137,7.8986816,902.14417,6.457058,338.70374,50.803375
2024-02-07 09:00:00,18.357025,7.7204285,901.36945,6.9498286,336.86267,49.902245
2024-02-07 10:00:00,17.484741,7.861664,900.83276,6.927362,337.1434,53.226112
2024-02-07 11:00:00,17.289337,7.850128,900.83325,7.0472493,347.52454,53.8448
2024-02-07 12:00:00,17.00882,7.911194,901.07336,6.9740863,357.85635,55.037243
2024-02-07 13:00:00,16.710907,8.0807495,901.45514,6.969187,3.5531921,56.73706
2024-02-07 14:00:00,15.461609,8.058868,901.9956,7.0381255,7.44046,61.35275
2024-02-07 15:00:00,14.371582,7.572296,902.5349,7.0331845,9.938629,63.66843
2024-02-07 16:00:00,14.071167,7.753998,902.89435,6.9539194,11.143372,65.72742
2024-02-07 17:00:00,13.151154,7.4497986,902.94165,6.8808246,11.30246,68.347404
2024-02-07 18:00:00,12.8811035,7.3616333,902.7254,6.8238792,11.174683,69.14638
2024-02-07 19:00:00,12.631317,7.3101196,902.3745,6.816403,10.361053,70.03943
2024-02-07 20:00:00,11.788208,6.9336853,901.9508,6.908535,9.449982,72.148315
2024-02-07 21:00:00,11.625793,6.8234253,901.5993,7.068613,8.509094,72.376564
2024-02-07 22:00:00,10.942749,6.5111084,901.3286,7.1102285,6.9707336,74.11831
2024-02-07 23:00:00,10.774689,6.4089355,901.3628,7.325667,7.23526,74.425545
2024-02-08 00:00:00,10.851044,6.421173,901.68774,7.453965,8.485474,74.11116
2024-02-08 01:00:00,10.762024,6.354431,902.2924,7.590595,10.566223,74.20923
2024-02-08 02:00:00,11.634186,6.5752563,903.0373,7.6713715,12.2638855,71.11398
2024-02-08 03:00:00,12.136444,6.5710144,903.77295,7.9117413,11.926544,68.77816
2024-02-08 04:00:00,12.691162,6.4253845,904.2405,8.249291,10.410706,65.65772
2024-02-08 05:00:00,15.289734,6.770294,904.3445,8.413341,7.4655457,56.80756
2024-02-08 06:00:00,16.400635,6.5781555,903.9317,8.5257435,2.4439087,52.220165
2024-02-08 07:00:00,16.72647,6.4744263,903.16064,8.7235155,357.20328,50.78619
2024-02-08 08:00:00,17.843353,6.225769,902.2403,9.01935,353.06012,46.520916
2024-02-08 09:00:00,17.988495,5.999542,901.48444,9.317421,351.25723,45.384087
2024-02-08 10:00:00,17.183777,6.2970276,901.0245,9.350029,350.23923,48.73662
2024-02-08 11:00:00,17.095398,6.1449585,901.0485,9.106166,355.16937,48.498802
2024-02-08 12:00:00,16.889923,6.1285706,901.28595,8.5666,2.076477,49.07872
2024-02-08 13:00:00,16.402802,6.208252,901.7213,8.24755,5.836029,50.900032
2024-02-08 14:00:00,14.981934,6.4281616,902.3236,7.9865746,9.203735,56.59573
2024-02-08 15:00:00,13.828308,6.055725,902.9111,7.677435,11.578064,59.431248
2024-02-08 16:00:00,13.521271,6.1345825,903.3308,7.3635964,13.659241,60.96011
2024-02-08 17:00:00,12.472137,5.8192444,903.45154,7.028762,14.826843,63.87899
2024-02-08 18:00:00,12.128357,5.7042236,903.3024,6.779626,15.56311,64.82022
2024-02-08 19:00:00,11.846222,5.5880737,903.0059,6.6032586,15.99884,65.50686
2024-02-08 20:00:00,11.064545,5.3213196,902.6641,6.564535,16.092834,67.717735
2024-02-08 21:00:00,10.883606,5.2221985,902.39594,6.6475883,16.453491,68.06575
2024-02-08 22:00:00,10.005615,4.71402,902.35956,6.772222,15.481415,69.659256
2024-02-08 23:00:00,9.833282,4.619385,902.3406,6.9111733,17.401733,70.00351
2024-02-09 00:00:00,10.00943,4.7561035,902.6131,7.117125,20.049377,69.846275
2024-02-09 01:00:00,9.9552,4.656311,903.19446,7.3012276,23.058289,69.61365
2024-02-09 02:00:00,10.829254,4.8882446,903.96155,7.5955386,26.169586,66.74269
2024-02-09 03:00:00,11.517578,4.936249,904.6984,7.821794,29.235199,63.979603
2024-02-09 04:00:00,12.44397,4.8948975,905.22284,7.990185,31.6279,60.019302
2024-02-09 05:00:00,15.410553,5.2521973,905.31775,7.8282213,32.183044,50.75837
2024-02-09 06:00:00,16.603851,5.0903625,904.9548,7.5242476,29.99768,46.50926
2024-02-09 07:00:00,17.006989,5.065979,904.2039,7.2763076,25.696777,45.257984
2024-02-09 08:00:00,18.31482,4.8658752,903.3814,7.203742,21.478271,41.100266
2024-02-09 09:00:00,18.474487,4.8963623,902.6601,7.326206,19.080872,40.777573
2024-02-09 10:00:00,17.579498,5.6893616,902.2569,6.951804,18.31305,45.579807
2024-02-09 11:00:00,17.434082,5.625824,902.2573,7.3822217,22.10556,45.79799
2024-02-09 12:00:00,17.117035,5.364502,902.55164,7.919982,25.575806,45.88598
2024-02-09 13:00:00,16.723969,5.572418,903.03925,8.350935,29.488281,47.726944
2024-02-09 14:00:00,15.038391,5.678009,903.7632,8.54581,32.73886,53.5445
2024-02-09 15:00:00,13.702759,5.391815,904.4218,8.658258,35.265167,57.22661
2024-02-09 16:00:00,13.404175,5.358917,904.88446,8.644423,37.51056,58.216064
2024-02-09 17:00:00,12.342255,5.1497803,904.9744,8.53626,39.16696,61.503063
2024-02-09 18:00:00,12.036407,5.016693,904.7899,8.44205,40.138367,62.17412
2024-02-09 19:00:00,11.796082,4.898773,904.4696,8.351423,40.52707,62.649952
2024-02-09 20:00:00,11.011871,4.653076,904.10986,8.341097,40.36798,64.865265
2024-02-09 21:00:00,10.850861,4.5811157,903.8117,8.37187,39.960724,65.2339
2024-02-09 22:00:00,10.184387,4.2798767,903.74475,8.308926,40.572205,66.77405
2024-02-09 23:00:00,10.020386,4.1764526,903.6516,8.33996,40.852814,67.022705
2024-02-10 00:00:00,10.228821,4.3235474,903.96704,8.4121275,41.906403,66.78005
2024-02-10 01:00:00,10.125427,4.2438965,904.5112,8.455728,43.385498,66.868904
2024-02-10 02:00:00,11.318817,4.6299744,905.20056,8.561847,45.155853,63.456337
2024-02-10 03:00:00,11.917847,4.7382812,905.84406,8.665516,48.131348,61.45742
2024-02-10 04:00:00,12.868683,5.207947,906.2646,8.355327,51.15265,59.65792
2024-02-10 05:00:00,16.087067,5.82724,906.2988,7.7737756,51.52835,50.585728
2024-02-10 06:00:00,17.085938,5.7763367,905.84436,7.1547074,48.238403,47.30758
2024-02-10 07:00:00,17.472198,5.776642,905.0882,6.6758323,42.33487,46.167473
2024-02-10 08:00:00,18.903076,5.5510864,904.1462,6.417178,35.962524,41.547386
2024-02-10 09:00:00,19.056,5.4828186,903.3816,6.3808265,30.978119,40.958527
2024-02-10 10:00:00,18.10904,6.0375977,902.97986,5.8953853,22.93274,45.160133
2024-02-10 11:00:00,17.927765,5.9615173,902.9581,6.6732645,26.140442,45.438225
2024-02-10 12:00:00,17.656616,5.7102356,903.1892,7.2104077,28.793701,45.42432
2024-02-10 13:00:00,17.126678,5.8154297,903.664,7.633825,30.368591,47.313534
2024-02-10 14:00:00,15.393127,6.083893,904.3289,7.9541426,32.996277,53.827793
2024-02-10 15:00:00,14.248291,6.0631714,904.9547,8.162363,35.70218,57.865017
2024-02-10 16:00:00,13.892609,6.029358,905.33185,8.236245,37.89673,59.0761
2024-02-10 17:00:00,12.829559,5.7940674,905.3937,8.206069,39.31778,62.291847
2024-02-10 18:00:00,12.466644,5.6675415,905.1674,8.141242,40.310303,63.234604
2024-02-10 19:00:00,12.277069,5.6096497,904.8119,8.07885,40.90811,63.77045
2024-02-10 20:00:00,11.461945,5.39386,904.396,8.0922985,41.34503,66.29149
2024-02-10 21:00:00,11.218506,5.2454834,904.046,8.16495,41.83914,66.677826
2024-02-10 22:00:00,10.628784,4.896576,903.7869,8.203403,44.973663,67.67792
2024-02-10 23:00:00,10.510925,4.8978577,903.785,8.265158,45.93866,68.21732
2024-02-11 00:00:00,10.678986,4.9985657,904.07666,8.296846,47.863953,67.93305
2024-02-11 01:00:00,10.621216,5.006317,904.64813,8.346727,49.729706,68.23158
2024-02-11 02:00:00,11.704498,5.466736,905.34485,8.438504,52.38092,65.56828
2024-02-11 03:00:00,12.383575,5.5379333,906.0193,8.487591,55.35742,63.011913
2024-02-11 04:00:00,13.245148,5.77063,906.465,8.176553,58.60785,60.52531
2024-02-11 05:00:00,16.562592,6.3537903,906.5276,7.5422883,59.634125,50.89323
2024-02-11 06:00:00,17.488098,6.1444397,906.111,6.762934,58.108063,47.30815
2024-02-11 07:00:00,17.867249,6.23822,905.3074,6.075706,53.772217,46.490894
2024-02-11 08:00:00,19.163605,6.017517,904.3926,5.6416836,48.38745,42.218433
2024-02-11 09:00:00,19.341522,5.993042,903.5891,5.557018,43.61743,41.682804
2024-02-11 10:00:00,18.390625,6.6112366,903.11774,5.169806,35.09079,46.157684
2024-02-11 11:00:00,18.215881,6.5586243,903.13385,5.9559884,38.464386,46.497845
2024-02-11 12:00:00,17.874084,6.433563,903.4153,6.557399,41.257385,47.100407
2024-02-11 13:00:00,17.44104,6.4345703,903.8619,6.9608884,42.556396,48.407017
2024-02-11 14:00:00,15.794403,6.7250366,904.4727,7.2815337,44.502014,54.82967
2024-02-11 15:00:00,14.640472,6.607239,905.0134,7.4641533,46.31241,58.5716
2024-02-11 16:00:00,14.285217,6.635376,905.28986,7.4947553,47.74185,60.047363
2024-02-11 17:00:00,13.204498,6.38208,905.2697,7.4477277,48.610687,63.30207
2024-02-11 18:00:00,12.900055,6.333313,905.0081,7.376836,48.494934,64.35691
2024-02-11 19:00:00,12.707367,6.3145447,904.6046,7.4025784,47.874054,65.08938
2024-02-11 20:00:00,11.879517,6.1585083,904.1607,7.5260234,47.002625,67.992546
2024-02-11 21:00:00,11.668701,6.0490723,903.7726,7.7274833,46.347473,68.42606
2024-02-11 22:00:00,11.140228,5.6272583,903.4892,7.5624146,47.10492,68.823715
2024-02-11 23:00:00,11.055267,5.6184387,903.55585,7.7946715,47.32837,69.17036
2024-02-12 00:00:00,11.26947,5.6584473,903.7863,7.9925475,47.871185,68.38436
2024-02-12 01:00:00,11.191162,5.6260986,904.2863,8.168169,49.117126,68.58623
2024-02-12 02:00:00,12.276398,6.032257,904.93,8.35074,51.218628,65.66487
2024-02-12 03:00:00,12.8949585,6.173706,905.58167,8.384791,53.761475,63.673996
2024-02-12 04:00:00,13.72702,6.3980103,906.0389,8.085543,56.547302,61.25198
2024-02-12 05:00:00,16.773438,6.8547363,905.98346,7.5011077,56.916046,51.9754
2024-02-12 06:00:00,17.741608,6.7783203,905.47437,6.8658977,54.65857,48.63375
2024-02-12 07:00:00,18.133759,6.8434143,904.5344,6.3501463,50.26593,47.66136
2024-02-12 08:00:00,19.519958,6.6705627,903.5549,5.950997,44.153625,43.19235
2024-02-12 09:00:00,19.664307,6.641083,902.65094,5.8174057,39.31714,42.72027
2024-02-12 10:00:00,18.690155,7.333435,902.2209,5.161336,31.535736,47.59867
2024-02-12 11:00:00,18.49759,7.3062744,902.2335,5.8190956,37.358124,48.086372
2024-02-12 12:00:00,18.228333,7.282593,902.45526,6.3727736,41.892883,48.82582
2024-02-12 13:00:00,17.782104,7.458618,902.90295,6.6889057,45.529022,50.822227
2024-02-12 14:00:00,16.35379,7.4324646,903.5265,6.923007,48.989777,55.533226
2024-02-12 15:00:00,15.308594,7.2882996,904.1088,7.054153,51.765594,58.788246
2024-02-12 16:00:00,15.045776,7.2204895,904.48627,7.073221,53.67563,59.51271
2024-02-12 17:00:00,14.090851,7.0990295,904.54376,7.0387993,54.92267,62.77257
2024-02-12 18:00:00,13.757141,6.985718,904.31,7.0810094,55.20685,63.65041
2024-02-12 19:00:00,13.55603,7.0193787,903.95435,7.1375904,54.956024,64.636925
2024-02-12 20:00:00,12.888092,6.863037,903.5121,7.2142916,53.641815,66.79564
2024-02-12 21:00:00,12.761414,6.826599,903.169,7.3475404,52.304016,67.18344
2024-02-12 22:00:00,12.173676,6.615753,902.8871,7.6306105,50.61664,68.82125
2024-02-12 23:00:00,12.111511,6.6561584,902.7969,7.924121,51.109802,69.29538
2024-02-13 00:00:00,12.188324,6.706299,902.99255,8.177555,52.17169,69.18402
2024-02-13 01:00:00,12.129059,6.660095,903.4736,8.38153,53.06369,69.23415
2024-02-13 02:00:00,13.130493,7.1463623,904.1066,8.593882,54.29062,67.03476
2024-02-13 03:00:00,13.680939,7.261444,904.647,8.533282,55.737885,65.18504
2024-02-13 04:00:00,14.360077,7.4578247,904.9529,7.8356814,57.36621,63.220078
2024-02-13 05:00:00,17.074768,8.019012,904.8859,7.025221,55.493103,55.21111
2024-02-13 06:00:00,18.033539,8.042114,904.34625,6.2706723,49.58957,52.0527
2024-02-13 07:00:00,18.42279,8.082581,903.4796,5.6601405,41.309296,50.936462
2024-02-13 08:00:00,19.60379,7.957611,902.55383,5.3624043,32.189636,46.918785
2024-02-13 09:00:00,19.704681,7.862671,901.82104,5.4795074,25.952332,46.325737
2024-02-13 10:00:00,18.787933,8.499451,901.486,5.6866183,15.333893,51.21338
2024-02-13 11:00:00,18.64856,8.52594,901.6012,6.4524174,22.634155,51.754284
2024-02-13 12:00:00,18.414581,8.513367,901.9268,7.1469445,28.060028,52.47333
2024-02-13 13:00:00,18.066406,8.723389,902.41656,7.4370847,31.116516,54.399616
2024-02-13 14:00:00,16.703125,8.884064,903.0235,7.6611743,33.642395,59.938206
2024-02-13 15:00:00,15.662201,8.72113,903.6064,7.810376,35.86313,63.34945
2024-02-13 16:00:00,15.365692,8.787872,903.9271,7.834105,37.219696,64.85638
2024-02-13 17:00:00,14.361633,8.65271,903.9361,7.785196,37.897675,68.55956
2024-02-13 18:00:00,14.022766,8.493774,903.6944,7.7530937,37.849854,69.33063
2024-02-13 19:00:00,13.772675,8.4348755,903.4084,7.807548,37.185974,70.184364
2024-02-13 20:00:00,13.022308,8.160919,903.0787,7.924041,36.26541,72.34361
2024-02-13 21:00:00,12.8975525,8.072754,902.7672,8.106427,35.36499,72.50057
2024-02-13 22:00:00,12.334869,7.757538,902.524,7.986949,33.540833,73.62847
2024-02-13 23:00:00,12.249481,7.729492,902.54016,8.182688,34.94336,73.901405
2024-02-14 00:00:00,12.391449,7.8712463,902.8884,8.330948,36.223328,73.9254
2024-02-14 01:00:00,12.338135,7.8342896,903.4247,8.485122,37.988007,73.99833
2024-02-14 02:00:00,13.123291,8.226105,904.1004,8.664647,39.951538,72.18673
2024-02-14 03:00:00,13.647095,8.233673,904.6786,8.674927,40.89157,69.80086
2024-02-14 04:00:00,14.339569,8.256592,905.0243,8.433031,40.211517,66.84005
2024-02-14 05:00:00,16.88263,8.569366,904.90405,8.105912,37.70749,58.012474
2024-02-14 06:00:00,17.860138,8.483948,904.35126,7.7788625,32.8237,54.224373
2024-02-14 07:00:00,18.246002,8.45636,903.49146,7.573468,26.625488,52.826645
2024-02-14 08:00:00,19.460205,8.41217,902.59015,7.5696297,21.007782,48.822456
2024-02-14 09:00:00,19.55777,8.335846,901.9215,7.7604675,18.059723,48.276997
2024-02-14 10:00:00,18.80246,8.723999,901.54663,7.8348103,16.525604,51.95
2024-02-14 11:00:00,18.683044,8.704407,901.6473,8.199779,20.76764,52.269947
2024-02-14 12:00:00,18.486755,8.584198,901.92,8.382155,26.600098,52.4876
2024-02-14 13:00:00,18.104797,8.763794,902.3297,8.324601,29.641571,54.416943
2024-02-14 14:00:00,16.638184,8.90152,902.9147,8.325799,32.184937,60.256863
2024-02-14 15:00:00,15.5564575,8.687012,903.4472,8.252931,34.039856,63.63291
2024-02-14 16:00:00,15.2561035,8.676147,903.7545,8.116434,35.274323,64.82286
2024-02-14 17:00:00,14.282471,8.400818,903.7213,7.8990455,36.148712,67.74651
2024-02-14 18:00:00,13.950653,8.299347,903.5554,7.7134337,36.42627,68.743965
2024-02-14 19:00:00,13.68222,8.164368,903.37213,7.584074,36.701813,69.31489
2024-02-14 20:00:00,12.8845825,7.9418335,903.1389,7.559686,36.66443,71.91929
2024-02-14 21:00:00,12.775726,7.906128,902.9051,7.595942,36.42334,72.25765
2024-02-14 22:00:00,12.0980835,7.499115,902.85187,7.250142,36.3461,73.47767
2024-02-14 23:00:00,12.011139,7.491974,902.8561,7.4200377,37.25934,73.8634
2024-02-15 00:00:00,12.157013,7.532898,903.17505,7.540254,38.501617,73.36228
2024-02-15 01:00:00,12.090881,7.4769897,903.62225,7.681685,39.97357,73.40158
2024-02-15 02:00:00,13.020355,7.837738,904.2626,7.8252025,41.79767,70.78081
2024-02-15 03:00:00,13.661621,7.885071,904.86346,7.955458,42.814423,68.102806
2024-02-15 04:00:00,14.431061,7.9816895,905.2647,7.8154936,42.815857,65.21706
2024-02-15 05:00:00,17.245697,8.362915,905.2886,7.491794,40.73523,55.906994
2024-02-15 06:00:00,18.23413,8.347168,904.8606,7.094411,36.913605,52.476334
2024-02-15 07:00:00,18.608337,8.401276,904.15094,6.7465696,30.965881,51.448494
2024-02-15 08:00:00,20.028442,8.267212,903.3178,6.600267,25.079224,46.670662
2024-02-15 09:00:00,20.213684,8.251556,902.63165,6.6516995,21.454224,46.09
2024-02-15 10:00:00,19.460388,8.605957,902.21515,6.261153,20.235413,49.46659
2024-02-15 11:00:00,19.360992,8.597778,902.2305,6.6141696,24.54898,49.74578
2024-02-15 12:00:00,19.1138,8.330414,902.4174,6.905242,28.731628,49.611008
2024-02-15 13:00:00,18.72528,8.483063,902.7922,7.1233554,31.189575,51.35729
2024-02-15 14:00:00,17.061432,8.574921,903.36,7.3463087,33.817657,57.38053
2024-02-15 15:00:00,15.861786,8.365875,903.8871,7.437163,36.40222,61.060143
2024-02-15 16:00:00,15.534393,8.254974,904.139,7.3950553,38.34955,61.885662
2024-02-15 17:00:00,14.432495,7.822174,904.0861,7.276742,39.539734,64.50723
2024-02-15 18:00:00,14.136566,7.7048035,903.86914,7.199068,40.23883,65.2306
2024-02-15 19:00:00,13.948853,7.601715,903.6161,7.210174,40.08142,65.56673
2024-02-15 20:00:00,13.080353,7.3083496,903.28516,7.2837586,39.397278,68.00379
2024-02-15 21:00:00,12.892578,7.168976,902.9838,7.444834,38.517395,68.19037
2024-02-15 22:00:00,12.274048,6.900238,902.7974,7.79699,37.376587,69.71696
2024-02-15 23:00:00,12.187317,6.8592224,902.74365,7.891008,38.65506,69.91862
2024-02-16 00:00:00,12.348694,6.876404,903.073,7.947184,40.084656,69.26261
2024-02-16 01:00:00,12.316956,6.8888245,903.5857,8.0294075,41.527954,69.4663
2024-02-16 02:00:00,13.4843445,7.3500366,904.2976,8.128957,43.41635,66.42495
2024-02-16 03:00:00,14.010559,7.4964294,904.89276,8.135941,45.600098,64.837555
2024-02-16 04:00:00,14.88559,7.7719116,905.25244,7.628816,47.709442,62.43521
2024-02-16 05:00:00,18.21231,8.395264,905.1294,6.837998,47.023712,52.719807
2024-02-16 06:00:00,19.205048,8.188049,904.55554,6.002853,42.039,48.855675
2024-02-16 07:00:00,19.591858,8.279694,903.6802,5.430708,32.690582,47.991814
2024-02-16 08:00:00,21.000763,8.113922,902.7492,5.1808105,23.51712,43.49954
2024-02-16 09:00:00,21.144989,8.036133,902.01404,5.209912,16.940735,42.88875
2024-02-16 10:00:00,20.317657,8.688812,901.3379,5.042244,8.729431,47.171112
2024-02-16 11:00:00,20.173645,8.710754,901.2826,5.327928,15.03006,47.663403
2024-02-16 12:00:00,19.69284,8.40683,901.45557,5.6442285,21.340027,48.10469
2024-02-16 13:00:00,19.23764,8.58606,901.80914,5.86492,23.290741,50.089455
2024-02-16 14:00:00,17.663452,8.844055,902.28845,5.969279,26.49347,56.253304
2024-02-16 15:00:00,16.51239,8.82785,902.71643,5.908489,28.959564,60.439217
2024-02-16 16:00:00,16.196106,8.834747,902.8638,5.7892933,31.233368,61.697258
2024-02-16 17:00:00,15.143829,8.506592,902.7685,5.609249,32.35431,64.54738
2024-02-16 18:00:00,14.83313,8.414276,902.4949,5.4472766,32.576813,65.440254
2024-02-16 19:00:00,14.63205,8.397827,902.1255,5.4060564,31.372375,66.22024
2024-02-16 20:00:00,13.928162,8.169006,901.6415,5.4322033,29.57544,68.23822
2024-02-16 21:00:00,13.735382,8.08963,901.13654,5.5197716,27.732452,68.7262
2024-02-16 22:00:00,13.180756,7.8246765,900.7891,5.57134,27.644012,69.98118
2024-02-16 23:00:00,13.05957,7.8139954,900.59454,5.602268,28.299225,70.48572
2024-02-17 00:00:00,13.226257,7.9124756,900.74805,5.6131644,30.036469,70.19182
2024-02-17 01:00:00,13.195251,7.9257812,901.1169,5.535387,32.687347,70.397606
2024-02-17 02:00:00,14.183411,8.252289,901.7286,5.465389,34.78485,67.49912
2024-02-17 03:00:00,14.8349,8.431335,902.2879,5.2010694,36.776733,65.508446
2024-02-17 04:00:00,15.619995,8.566589,902.556,4.3875766,33.673767,62.86046
2024-02-17 05:00:00,18.776794,8.980133,902.3549,3.5529847,22.033966,52.94096
2024-02-17 06:00:00,19.783081,8.935211,901.7125,3.2468464,359.52435,49.575893
2024-02-17 07:00:00,20.110046,8.996857,900.7859,3.6494997,338.99496,48.784466
2024-02-17 08:00:00,21.310425,8.707642,899.8186,4.3289914,327.22894,44.43245
2024-02-17 09:00:00,21.373291,8.603241,899.06696,4.7087555,323.4428,43.95025
2024-02-17 10:00:00,20.524445,9.064514,898.50226,4.8076253,324.8782,47.76912
2024-02-17 11:00:00,20.41919,9.085114,898.5831,4.026949,335.95154,48.14709
2024-02-17 12:00:00,20.138702,9.152405,898.8077,3.5023775,351.40292,49.211254
2024-02-17 13:00:00,19.571259,9.022247,899.2187,3.2043676,2.020691,50.527676
2024-02-17 14:00:00,18.112122,9.451843,899.738,2.921452,13.937683,56.972717
2024-02-17 15:00:00,17.130219,9.354492,900.2649,2.6423702,25.769653,60.21574
2024-02-17 16:00:00,16.89746,9.465607,900.53033,2.4135277,35.959473,61.568172
2024-02-17 17:00:00,15.953125,9.489044,900.56866,2.2206285,43.29544,65.48401
2024-02-17 18:00:00,15.618011,9.431793,900.32227,1.9881687,47.157043,66.645515
2024-02-17 19:00:00,15.3776245,9.398376,899.992,1.8118408,49.084595,67.52832
2024-02-17 20:00:00,14.62027,9.281128,899.6169,1.687551,46.261627,70.34314
2024-02-17 21:00:00,14.519409,9.276184,899.2104,1.7382102,40.623077,70.77902
2024-02-17 22:00:00,13.784149,8.998901,898.90607,2.1186793,28.023102,72.85706
2024-02-17 23:00:00,13.593964,8.954803,898.8068,1.9976921,38.08853,73.544136
2024-02-18 00:00:00,13.8177185,9.078857,899.07275,2.003144,48.575745,73.09132
2024-02-18 01:00:00,13.814026,9.130096,899.6531,2.1556098,57.13437,73.36167
2024-02-18 02:00:00,14.833252,9.522247,900.37573,2.3413072,63.437683,70.51756
2024-02-18 03:00:00,15.397095,9.646851,901.08624,2.4319305,70.26239,68.57884
2024-02-18 04:00:00,16.13565,9.5928955,901.5377,1.7127298,72.10483,65.178604
2024-02-18 05:00:00,19.003845,9.79599,901.5248,0.8663925,57.362793,55.13845
2024-02-18 06:00:00,19.827057,9.389435,900.98486,0.5841831,338.5056,50.97668
2024-02-18 07:00:00,20.17041,9.306549,900.0824,1.2022717,303.49905,49.627098
2024-02-18 08:00:00,20.985077,9.002502,899.1487,1.6967129,297.30234,46.23995
2024-02-18 09:00:00,21.095612,8.980835,898.4322,1.7525845,296.79388,45.860012
2024-02-18 10:00:00,20.196808,9.539337,897.92554,2.1508744,307.12683,50.327415
2024-02-18 11:00:00,20.042145,9.718231,897.9007,1.3519976,340.28967,51.424767
2024-02-18 12:00:00,19.767212,9.707703,898.0997,1.617423,32.72757,52.271294
2024-02-18 13:00:00,19.40863,9.731018,898.5108,2.1691768,55.59088,53.53202
2024-02-18 14:00:00,18.123169,9.8619995,899.0433,2.530526,66.199646,58.521427
2024-02-18 15:00:00,17.242401,9.817993,899.6318,2.6124766,74.515015,61.679256
2024-02-18 16:00:00,17.03592,9.921417,899.94836,2.5190127,82.68579,62.924774
2024-02-18 17:00:00,16.258972,9.952576,899.9938,2.3485405,89.96564,66.2461
2024-02-18 18:00:00,15.950043,9.845001,899.74274,2.0846922,94.39896,67.07956
2024-02-18 19:00:00,15.737213,9.912048,899.43744,1.8626888,96.939606,68.30425
2024-02-18 20:00:00,15.038116,9.862457,899.06274,1.652901,96.529236,71.199905
2024-02-18 21:00:00,14.932098,9.892731,898.71875,1.555629,91.91141,71.83272
2024-02-18 22:00:00,14.477356,9.725555,898.3792,1.252673,89.83728,73.14625
2024-02-18 23:00:00,14.4062805,9.772186,898.3426,1.5279951,90.93692,73.71299
2024-02-19 00:00:00,14.576294,9.931854,898.6925,1.7503438,93.64099,73.691895
2024-02-19 01:00:00,14.533844,9.9322815,899.3039,1.927648,97.91095,73.89623
2024-02-19 02:00:00,15.550995,10.363953,899.9891,2.1188407,106.09021,71.242676
2024-02-19 03:00:00,15.9687195,10.322632,900.58307,2.198327,121.337585,69.17361
2024-02-19 04:00:00,16.542755,10.205109,900.9574,2.2458515,155.93927,66.16824
2024-02-19 05:00:00,18.937103,10.488678,900.9023,2.4629884,190.43571,57.991768
2024-02-19 06:00:00,19.846924,10.144379,900.33307,2.8393059,214.0813,53.556435
2024-02-19 07:00:00,20.132202,10.009705,899.42114,3.2729497,230.65938,52.14709
2024-02-19 08:00:00,21.009583,9.856049,898.46783,3.614573,241.5097,48.896187
2024-02-19 09:00:00,21.106873,9.773895,897.7523,3.6804757,248.61877,48.338108
2024-02-19 10:00:00,20.305634,10.2881775,897.37036,3.2359235,260.11743,52.56011
2024-02-19 11:00:00,20.186218,10.350983,897.4735,2.330512,265.0147,53.171772
2024-02-19 12:00:00,19.89383,10.348663,897.6524,1.2202916,278.9419,54.134377
2024-02-19 13:00:00,19.544556,10.413147,898.05255,0.40783265,299.8125,55.5587
2024-02-19 14:00:00,18.294586,10.384216,898.65985,0.15307957,56.262787,59.95158
2024-02-19 15:00:00,17.376709,10.230011,899.28906,0.309314,116.76477,62.86683
2024-02-19 16:00:00,17.08191,10.207794,899.6524,0.4279843,150.42584,63.954807
2024-02-19 17:00:00,16.215393,10.033569,899.65454,0.58466256,188.14531,66.79125
2024-02-19 18:00:00,15.985382,9.92807,899.408,0.7485053,212.97609,67.301674
2024-02-19 19:00:00,15.776062,9.973755,899.03284,0.9093106,232.91235,68.416725
2024-02-19 20:00:00,15.174011,9.906738,898.65393,1.0325725,249.13913,70.790245
2024-02-19 21:00:00,15.022156,9.835815,898.34143,1.1483023,263.43295,71.14594
2024-02-19 22:00:00,14.294556,9.4270935,897.9582,1.7653123,277.4469,72.5476
2024-02-19 23:00:00,14.16214,9.43396,897.93835,1.5215374,284.55325,73.20577
2024-02-20 00:00:00,14.300293,9.512848,898.2441,1.2824134,293.28064,72.93968
2024-02-20 01:00:00,14.286316,9.576752,898.7676,1.0504988,298.94772,73.31957
2024-02-20 02:00:00,15.159943,9.95282,899.46735,0.819722,296.92288,71.07316
2024-02-20 03:00:00,15.548889,9.937408,900.135,1.0366429,270.68475,69.250114
2024-02-20 04:00:00,16.036072,9.782166,900.55444,2.1572716,260.433,66.43189
2024-02-20 05:00:00,18.269897,9.992432,900.5657,3.3313847,265.81152,58.4934
2024-02-20 06:00:00,19.18924,9.777008,900.076,4.19593,269.50403,54.435593
2024-02-20 07:00:00,19.446777,9.677765,899.2404,5.088881,271.85373,53.214836
2024-02-20 08:00:00,20.218018,9.376648,898.3373,5.7945604,273.12024,49.715073
2024-02-20 09:00:00,20.336548,9.28241,897.628,6.194824,274.74423,49.040535
2024-02-20 10:00:00,19.541595,9.733978,896.9821,6.007107,279.92786,53.101967
2024-02-20 11:00:00,19.395111,9.754242,896.9771,5.1955266,284.12567,53.66055
2024-02-20 12:00:00,19.128479,9.743988,897.12274,4.0802865,288.88373,54.521267
2024-02-20 13:00:00,18.781036,9.876709,897.5253,3.2104597,292.0433,56.213985
2024-02-20 14:00:00,17.654083,9.929443,898.1493,2.6291797,293.60336,60.54712
2024-02-20 15:00:00,16.726044,9.764252,898.7305,2.279093,293.55716,63.501293
2024-02-20 16:00:00,16.463928,9.775299,899.05634,2.0427148,289.9607,64.61565
2024-02-20 17:00:00,15.582153,9.692688,899.09625,2.0212214,283.73218,67.97896
2024-02-20 18:00:00,15.318146,9.710968,898.87085,2.1583843,279.5043,69.22413
2024-02-20 19:00:00,15.111053,9.635895,898.51953,2.3325653,278.86658,69.79866
2024-02-20 20:00:00,14.407257,9.453369,898.09546,2.5191252,280.6829,72.14815
2024-02-20 21:00:00,14.279816,9.411255,897.7748,2.6990087,284.2559,72.53955
2024-02-20 22:00:00,13.561249,9.023621,897.366,2.9647267,285.73764,74.04364
2024-02-20 23:00:00,13.4591675,9.013306,897.3875,2.9599068,289.61063,74.48538
2024-02-21 00:00:00,13.568817,9.11441,897.67114,2.7794259,292.56903,74.46141
2024-02-21 01:00:00,13.5217285,9.097076,898.1858,2.5301323,295.05276,74.602715
2024-02-21 02:00:00,14.242493,9.348694,898.8399,2.4093058,295.2936,72.409744
2024-02-21 03:00:00,14.583008,9.21106,899.4932,2.6591802,284.35294,70.18075
2024-02-21 04:00:00,15.049316,9.085388,899.891,3.6430938,276.82468,67.52973
2024-02-21 05:00:00,17.330414,9.189728,899.8728,4.3848352,275.91257,58.80271
2024-02-21 06:00:00,18.26648,9.078857,899.3259,5.0096126,274.8133,55.024845
2024-02-21 07:00:00,18.525879,9.09964,898.43726,5.682541,274.04132,54.213398
2024-02-21 08:00:00,19.434692,8.784271,897.5281,6.2230473,274.1854,50.146484
2024-02-21 09:00:00,19.568573,8.6987,896.81525,6.458589,275.75958,49.444275
2024-02-21 10:00:00,18.654755,8.899841,896.3426,5.8751993,280.99857,53.058254
2024-02-21 11:00:00,18.511505,8.864288,896.4012,5.083264,287.0722,53.407734
2024-02-21 12:00:00,18.321533,8.898346,896.6831,3.7305064,297.38654,54.171688
2024-02-21 13:00:00,18.05362,8.907898,897.16986,2.7635536,309.227,55.125957
2024-02-21 14:00:00,16.935516,9.378235,897.7751,2.149202,317.58395,61.060238
2024-02-21 15:00:00,15.984131,9.098877,898.3582,1.7001545,322.45273,63.661343
2024-02-21 16:00:00,15.738617,9.124939,898.7763,1.2795928,321.77243,64.7817
2024-02-21 17:00:00,14.930634,9.2291565,898.8624,1.0508828,314.07425,68.709435
2024-02-21 18:00:00,14.685699,9.22403,898.7302,0.98267865,299.96088,69.77823
2024-02-21 19:00:00,14.435455,9.175507,898.41,1.0415527,291.34436,70.68329
2024-02-21 20:00:00,13.798279,8.993652,898.1286,1.1469522,287.03992,72.764465
2024-02-21 21:00:00,13.6744995,9.014099,897.7914,1.2917492,288.29126,73.45318
2024-02-21 22:00:00,12.908661,8.740997,897.55634,1.7351185,288.92554,75.80332
2024-02-21 23:00:00,12.8012085,8.72522,897.71875,1.6504848,291.2347,76.256676
2024-02-22 00:00:00,12.931305,8.803589,898.2061,1.4690222,291.3356,76.011894
2024-02-22 01:00:00,12.837585,8.773926,898.8703,1.1662142,292.69397,76.32615
2024-02-22 02:00:00,13.608582,9.005646,899.60693,1.0904914,285.29346,73.726616
2024-02-22 03:00:00,13.982971,8.886322,900.259,1.4832298,265.6022,71.37889
2024-02-22 04:00:00,14.467072,8.582611,900.6968,2.3667586,259.65848,67.771904
2024-02-22 05:00:00,16.733734,8.555817,900.6819,3.191955,260.87524,58.50939
2024-02-22 06:00:00,17.65448,8.450867,900.13763,3.9440768,263.40338,54.80834
2024-02-22 07:00:00,17.90158,8.38559,899.28906,4.625142,264.93652,53.724037
2024-02-22 08:00:00,18.721893,7.9839783,898.406,5.215983,266.35782,49.657963
2024-02-22 09:00:00,18.82425,7.8294983,897.7618,5.483844,268.9011,48.825573
2024-02-22 10:00:00,18.123291,8.246338,897.4018,5.198451,277.2191,52.48268
2024-02-22 11:00:00,18.013428,8.301422,897.5793,4.519223,282.6944,53.044
2024-02-22 12:00:00,17.838348,8.322968,897.9493,3.3013818,290.54132,53.709774
2024-02-22 13:00:00,17.509369,8.309418,898.46985,2.5749733,301.5534,54.784573
2024-02-22 14:00:00,16.31015,8.483856,899.10876,2.13773,311.6885,59.8145
2024-02-22 15:00:00,15.375427,8.211243,899.72943,1.8488969,320.76904,62.334316
2024-02-22 16:00:00,15.14798,8.194489,900.16016,1.6115432,325.80078,63.179375
2024-02-22 17:00:00,14.211792,8.164795,900.3362,1.4704783,326.82962,66.97638
2024-02-22 18:00:00,13.942352,8.128174,900.27,1.382614,324.13986,67.98672
2024-02-22 19:00:00,13.734802,8.05545,900.02576,1.3764969,323.38763,68.56939
2024-02-22 20:00:00,13.005676,7.830597,899.7034,1.4292535,323.64902,70.814285
2024-02-22 21:00:00,12.83551,7.7151794,899.37024,1.5312119,327.19427,71.04599
2024-02-22 22:00:00,12.047943,7.285248,899.2067,1.4052291,308.83636,72.65152
2024-02-22 23:00:00,11.969727,7.233429,899.23627,1.5129999,322.4149,72.76841
2024-02-23 00:00:00,12.103638,7.321289,899.6397,1.5081666,335.76328,72.56424
2024-02-23 01:00:00,11.991272,7.234375,900.22485,1.5705248,351.02127,72.66992
2024-02-23 02:00:00,12.631805,7.324188,900.8801,1.6549724,0.34698486,70.10455
2024-02-23 03:00:00,13.092133,7.297943,901.4684,1.5836635,358.14145,67.90319
2024-02-23 04:00:00,13.711334,7.0647583,901.82837,1.5532733,346.02667,64.186714
2024-02-23 05:00:00,16.219757,7.2514343,901.76154,1.608962,329.92676,55.320827
2024-02-23 06:00:00,17.160706,7.0595703,901.1942,2.0234926,312.84845,51.432545
2024-02-23 07:00:00,17.48877,6.988617,900.3296,2.6333725,303.6456,50.13305
2024-02-23 08:00:00,18.495667,6.642395,899.40405,3.2079656,299.9861,45.953217
2024-02-23 09:00:00,18.63208,6.509094,898.7009,3.5396726,300.59512,45.14688
2024-02-23 10:00:00,17.97583,6.602051,898.41833,3.4496086,309.09882,47.345448
2024-02-23 11:00:00,17.88266,6.723694,898.4506,3.154954,323.1977,48.023376
2024-02-23 12:00:00,17.657013,6.7026367,898.69586,2.7525837,346.6243,48.640255
2024-02-23 13:00:00,17.193115,6.7130127,899.1147,2.9765317,5.42041,50.121735
2024-02-23 14:00:00,15.934235,7.153412,899.66437,3.207033,18.615723,55.961292
2024-02-23 15:00:00,14.892853,7.027649,900.14514,3.4179544,27.517456,59.31314
2024-02-23 16:00:00,14.586212,7.040924,900.44977,3.558582,34.114258,60.55228
2024-02-23 17:00:00,13.607941,6.9334106,900.4468,3.6410716,38.687195,64.04066
2024-02-23 18:00:00,13.296326,6.8822327,900.2301,3.6998408,41.617737,65.12436
2024-02-23 19:00:00,13.066376,6.833008,899.8706,3.7498512,43.300415,65.886024
2024-02-23 20:00:00,12.266388,6.5929565,899.5284,3.8282976,44.71988,68.29597
2024-02-23 21:00:00,12.084595,6.4775696,899.2329,3.9432845,46.010864,68.57108
2024-02-23 22:00:00,11.39032,6.192688,899.0408,4.1679144,43.152954,70.39089
2024-02-23 23:00:00,11.296814,6.2094116,899.0592,4.4151125,47.4339,70.90967
2024-02-24 00:00:00,11.563599,6.4144287,899.39594,4.552856,52.161438,70.66026
2024-02-24 01:00:00,11.510773,6.374756,899.98206,4.6806808,56.613464,70.71399
2024-02-24 02:00:00,12.530212,6.68277,900.67737,4.767609,61.775177,67.53878
2024-02-24 03:00:00,12.986633,6.6243286,901.34424,4.5327673,69.68826,65.28791
2024-02-24 04:00:00,13.738647,6.431366,901.7431,3.8621237,78.13617,61.346416
2024-02-24 05:00:00,16.38977,6.7806396,901.7324,2.907694,84.946686,52.98819
2024-02-24 06:00:00,17.476624,6.703125,901.27094,1.8352283,90.93683,49.198463
2024-02-24 07:00:00,17.775635,6.6286316,900.4584,0.7059337,86.03125,48.03328
2024-02-24 08:00:00,18.745789,6.4318542,899.6225,0.403217,332.42084,44.589397
2024-02-24 09:00:00,18.838043,6.279297,898.92584,1.0738153,322.74448,43.869762
2024-02-24 10:00:00,18.094513,6.832428,898.6771,1.9494221,326.30145,47.74298
2024-02-24 11:00:00,17.979156,6.9551086,898.651,2.379167,352.24548,48.496635
2024-02-24 12:00:00,17.739655,7.0248413,898.91064,3.252981,15.132233,49.468914
2024-02-24 13:00:00,17.43872,7.177002,899.26776,4.0053806,26.449493,50.944584
2024-02-24 14:00:00,16.278961,7.4909363,899.9135,4.522933,33.620483,56.021645
2024-02-24 15:00:00,15.174438,7.2816467,900.4048,4.85654,39.084198,59.269897
2024-02-24 16:00:00,14.890015,7.279602,900.75146,5.0347013,43.027344,60.355675
2024-02-24 17:00:00,14.070374,7.2004395,900.7587,5.1309595,45.307312,63.29363
2024-02-24 18:00:00,13.833313,7.2023926,900.6574,5.157941,46.496185,64.2829
2024-02-24 19:00:00,13.562714,7.1367188,900.3346,5.209148,46.7771,65.13003
2024-02-24 20:00:00,12.842529,6.966461,899.93884,5.32659,46.519897,67.471756
2024-02-24 21:00:00,12.660248,6.8112793,899.5387,5.48266,46.258057,67.55898
2024-02-24 22:00:00,12.039001,6.581421,899.35345,5.2921896,42.15564,69.270164
2024-02-24 23:00:00,11.889648,6.5093994,899.341,5.533468,45.041687,69.609436
2024-02-25 00:00:00,12.028717,6.7596436,899.5998,5.7669435,48.16925,70.17097
2024-02-25 01:00:00,11.971466,6.7396545,900.1632,6.005694,51.12567,70.33944
2024-02-25 02:00:00,12.770203,6.817688,900.8485,6.1666565,53.75403,67.10376
2024-02-25 03:00:00,13.25116,6.8437805,901.486,5.9062104,55.133118,65.14439
2024-02-25 04:00:00,13.828918,6.4692993,901.8566,5.5198374,56.287292,61.147243
2024-02-25 05:00:00,16.3367,6.822052,901.841,5.1251836,57.66223,53.318817
2024-02-25 06:00:00,17.23523,6.7301025,901.4302,4.6386228,56.144745,50.04711
2024-02-25 07:00:00,17.584991,6.7361145,900.6866,4.2214203,50.05591,48.974075
2024-02-25 08:00:00,18.578156,6.6492004,899.8859,4.0627055,42.849304,45.7379
2024-02-25 09:00:00,18.739075,6.7178345,899.1841,4.176693,36.872803,45.493828
2024-02-25 10:00:00,18.04303,7.0802917,898.8039,4.7797456,26.87851,48.71832
2024-02-25 11:00:00,17.914124,7.177246,898.8979,5.5766125,31.246216,49.44178
2024-02-25 12:00:00,17.725433,7.3361206,899.1574,6.320429,36.36505,50.579025
2024-02-25 13:00:00,17.438354,7.414612,899.6001,6.9528313,37.326416,51.77995
2024-02-25 14:00:00,16.255188,7.6901245,900.1931,7.4974785,39.931427,56.873863
2024-02-25 15:00:00,15.190887,7.475525,900.75525,7.9174294,43.05484,59.99664
2024-02-25 16:00:00,14.971832,7.557892,901.14087,8.206767,45.802643,61.190517
2024-02-25 17:00:00,14.142792,7.482239,901.31226,8.325302,47.80365,64.22217
2024-02-25 18:00:00,13.940521,7.443634,901.2639,8.357071,49.069977,64.8984
2024-02-25 19:00:00,13.718903,7.3822937,901.06696,8.365009,49.974945,65.563675
2024-02-25 20:00:00,12.960999,7.1537476,900.69604,8.422771,50.340454,67.81531
2024-02-25 21:00:00,12.899384,7.1088867,900.38,8.504136,50.631622,67.88029
2024-02-25 22:00:00,12.211487,6.770752,900.2541,8.024232,48.405823,69.3851
2024-02-25 23:00:00,12.115601,6.7731323,900.2753,8.228748,50.707245,69.83547
2024-02-26 00:00:00,12.3012085,7.024231,900.5373,8.413763,52.94922,70.186554
2024-02-26 01:00:00,12.263672,7.022064,900.983,8.598441,55.114014,70.34945
2024-02-26 02:00:00,13.538208,7.51474,901.6051,8.803879,57.855682,66.941086
2024-02-26 03:00:00,14.1032715,7.7183533,902.19165,8.729005,61.2594,65.43179
2024-02-26 04:00:00,14.682251,7.659149,902.62854,8.231283,64.01401,62.774616
2024-02-26 05:00:00,17.188751,8.205811,902.6474,7.4828496,65.45062,55.514072
2024-02-26 06:00:00,18.150848,8.236572,902.22144,6.518603,64.12842,52.35725
2024-02-26 07:00:00,18.503693,8.310181,901.40326,5.517369,58.957672,51.467854
2024-02-26 08:00:00,19.578766,8.375366,900.5468,4.8498693,51.646576,48.3434
2024-02-26 09:00:00,19.74118,8.378845,899.80334,4.6201687,44.608276,47.869778
2024-02-26 10:00:00,18.88144,9.090454,899.3846,4.824859,34.550323,52.988655
2024-02-26 11:00:00,18.769104,9.158447,899.34955,5.5564985,36.946686,53.606773
2024-02-26 12:00:00,18.554565,9.167877,899.586,6.1525526,39.14691,54.365444
2024-02-26 13:00:00,18.24002,9.367432,899.92664,6.4451427,39.875793,56.197365
2024-02-26 14:00:00,17.197083,9.50882,900.475,6.6946993,41.868256,60.586643
2024-02-26 15:00:00,16.22647,9.343231,901.06305,6.785384,43.80536,63.724457
2024-02-26 16:00:00,16.020935,9.387482,901.4919,6.782133,44.70752,64.75765
2024-02-26 17:00:00,15.150543,9.264862,901.55865,6.6720037,44.43698,67.90751
2024-02-26 18:00:00,14.936462,9.287689,901.3507,6.5123725,43.21701,68.95472
2024-02-26 19:00:00,14.740112,9.308136,901.04095,6.4267054,41.419373,69.92849
2024-02-26 20:00:00,14.220428,9.259338,900.7512,6.444354,39.425537,72.07865
2024-02-26 21:00:00,14.029297,9.115143,900.49365,6.525105,37.563904,72.271416
2024-02-26 22:00:00,13.692566,9.051575,900.4408,6.2236214,32.24652,73.55257
2024-02-26 23:00:00,13.5589905,9.01651,900.5352,6.540949,32.760864,74.01903
2024-02-27 00:00:00,13.762726,9.137726,900.88275,6.780507,33.860382,73.644325
2024-02-27 01:00:00,13.673248,9.06012,901.3959,6.9961305,35.50305,73.687416
2024-02-27 02:00:00,14.775879,9.410187,902.00055,7.151982,37.446198,70.247856
2024-02-27 03:00:00,15.331512,9.557465,902.524,6.9875727,38.758514,68.45609
2024-02-27 04:00:00,15.827057,9.5711975,902.81506,6.532716,37.059998,66.37877
2024-02-27 05:00:00,17.976898,9.7612915,902.6985,6.019783,31.188843,58.664627
2024-02-27 06:00:00,19.061707,9.800507,902.1937,5.620077,22.364838,54.956467
2024-02-27 07:00:00,19.402283,9.7716675,901.39185,5.465919,13.347839,53.69929
2024-02-27 08:00:00,20.363281,9.762817,900.55164,5.519317,6.3249207,50.564896
2024-02-27 09:00:00,20.45813,9.773773,899.81976,5.772267,2.86615,50.306694
2024-02-27 10:00:00,19.659515,10.350464,899.22375,6.2202663,358.15927,54.933357
2024-02-27 11:00:00,19.482544,10.43045,899.1133,6.602741,7.112854,55.837597
2024-02-27 12:00:00,19.233734,10.554626,899.1618,6.8036876,15.311584,57.17988
2024-02-27 13:00:00,18.845093,10.640381,899.3963,6.7536497,18.857056,58.91817
2024-02-27 14:00:00,17.75235,10.795807,899.90344,6.791946,21.922882,63.753563
2024-02-27 15:00:00,16.58197,10.451141,900.4119,6.717958,23.987732,67.09605
2024-02-27 16:00:00,16.297485,10.446716,900.79987,6.619641,25.110657,68.30135
2024-02-27 17:00:00,15.406769,10.175018,900.8767,6.5217495,24.778503,71.00307
2024-02-27 18:00:00,15.157623,10.122955,900.7297,6.520471,23.739624,71.89722
2024-02-27 19:00:00,14.961456,10.095795,900.4151,6.5886583,22.242432,72.67781
2024-02-27 20:00:00,14.213745,9.91507,900.0183,6.7198377,20.756836,75.35442
2024-02-27 21:00:00,14.101624,9.862854,899.7265,6.901221,19.585907,75.638596
2024-02-27 22:00:00,13.503815,9.533173,899.50085,7.0286536,16.867706,76.91313
2024-02-27 23:00:00,13.381439,9.472412,899.56323,7.2336645,18.069275,77.21273
2024-02-28 00:00:00,13.512665,9.441467,899.78955,7.374456,20.298492,76.39677
2024-02-28 01:00:00,13.463013,9.418793,900.2874,7.4197917,22.477814,76.52739
2024-02-28 02:00:00,14.3324585,9.618744,900.8889,7.3756094,23.792267,73.30739
2024-02-28 03:00:00,14.818481,9.592285,901.44415,7.08826,22.468872,70.917366
2024-02-28 04:00:00,15.447968,9.430969,901.74536,6.77041,17.959381,67.37182
2024-02-28 05:00:00,17.965576,9.710144,901.6856,6.5814033,10.833832,58.505447
2024-02-28 06:00:00,18.92685,9.519165,901.22833,6.488658,2.859497,54.38466
2024-02-28 07:00:00,19.233002,9.3732605,900.351,6.5690947,355.24316,52.835907
2024-02-28 08:00:00,20.35492,9.062164,899.445,6.7192526,349.47018,48.263775
2024-02-28 09:00:00,20.486572,8.980347,898.6689,6.869952,346.6888,47.609886
2024-02-28 10:00:00,19.809723,9.321472,898.34985,7.2776628,344.65628,50.79881
2024-02-28 11:00:00,19.674622,9.432983,898.31494,7.1078043,351.31396,51.611805
2024-02-28 12:00:00,19.413147,9.549805,898.3822,6.6397667,2.7705383,52.870285
2024-02-28 13:00:00,19.108124,9.537872,898.71423,6.2903686,8.347748,53.840782
2024-02-28 14:00:00,17.828613,9.800446,899.2617,6.0507426,13.758942,59.370018
2024-02-28 15:00:00,16.694519,9.6094055,899.89343,5.8334684,18.6091,62.971134
2024-02-28 16:00:00,16.400848,9.631073,900.3256,5.6100574,22.15802,64.25109
2024-02-28 17:00:00,15.465759,9.437805,900.49585,5.42104,24.307587,67.325935
2024-02-28 18:00:00,15.083252,9.346008,900.35236,5.3539605,25.710297,68.57514
2024-02-28 19:00:00,14.832489,9.256256,899.9833,5.3547287,26.378723,69.271255
2024-02-28 20:00:00,14.076935,9.044739,899.57526,5.4326625,26.973602,71.70762
2024-02-28 21:00:00,13.870789,8.957001,899.2131,5.539082,27.488129,72.24396
2024-02-28 22:00:00,13.13324,8.640686,899.04944,5.413154,25.941803,74.19443
2024-02-28 23:00:00,13.031464,8.646423,899.04553,5.5636916,30.495667,74.71816
2024-02-29 00:00:00,13.288635,8.700989,899.3036,5.660716,34.22409,73.74618
2024-02-29 01:00:00,13.288849,8.683685,899.93463,5.714554,38.20047,73.65895
2024-02-29 02:00:00,14.5216675,9.142487,900.60767,5.687255,41.13672,70.13461
2024-02-29 03:00:00,15.075104,9.124481,901.31866,5.4352984,41.75824,67.59566
2024-02-29 04:00:00,15.703644,8.878418,901.77905,5.0050263,38.848083,63.85643
2024-02-29 05:00:00,18.40158,9.395569,901.8571,4.384265,32.711884,55.736225
2024-02-29 06:00:00,19.363556,9.129913,901.5061,3.8392224,21.170532,51.557003
2024-02-29 07:00:00,19.676697,9.123505,900.8343,3.6553001,4.9961243,50.5417
2024-02-29 08:00:00,20.72348,9.110931,900.0591,3.929842,351.57178,47.334682
2024-02-29 09:00:00,20.81482,9.04068,899.4152,4.34807,344.82196,46.846992
2024-02-29 10:00:00,20.120361,9.624939,899.08405,4.499666,343.75757,50.85725
2024-02-29 11:00:00,19.998962,9.640564,899.06854,4.6136694,354.0415,51.2945
2024-02-29 12:00:00,19.73169,9.654327,899.25616,4.4159923,9.866211,52.199387
2024-02-29 13:00:00,19.2583,9.610565,899.75854,4.468709,16.67804,53.600323
2024-02-29 14:00:00,18.01297,9.859436,900.4448,4.438825,24.281403,58.91791
2024-02-29 15:00:00,17.04541,9.74231,901.13226,4.3060193,29.975159,62.13693
2024-02-29 16:00:00,16.839233,9.731995,901.6064,4.066466,33.70349,62.910645
2024-02-29 17:00:00,15.876282,9.57724,901.77374,3.78008,34.442566,66.19711
2024-02-29 18:00:00,15.598053,9.54068,901.6474,3.524233,33.54431,67.220604
2024-02-29 19:00:00,15.338898,9.468018,901.3364,3.3562536,30.395508,68.013855
2024-02-29 20:00:00,14.509064,9.228668,900.9369,3.3398461,26.909119,70.60023
2024-02-29 21:00:00,14.403076,9.235352,900.5148,3.4822433,23.924622,71.11729
2024-02-29 22:00:00,13.843079,8.925232,900.3194,3.730457,22.312256,72.21906
2024-02-29 23:00:00,13.781586,8.927124,900.3929,3.8467047,23.422546,72.51725
2024-03-01 00:00:00,14.000702,9.031525,900.7757,4.013175,25.456635,71.998634
2024-03-01 01:00:00,13.981842,9.026581,901.41595,4.2943077,28.283081,72.06271
2024-03-01 02:00:00,15.320221,9.480316,902.0861,4.5340457,30.621246,68.1517
2024-03-01 03:00:00,15.911133,9.578857,902.5902,4.5937223,31.949677,66.05705
2024-03-01 04:00:00,16.764465,9.799622,902.8181,4.320506,29.214874,63.496937
2024-03-01 05:00:00,19.210419,10.09613,902.719,4.017044,23.79129,55.537544
2024-03-01 06:00:00,20.110626,9.869354,902.2282,3.833504,14.145752,51.728523
2024-03-01 07:00:00,20.40506,9.882141,901.3688,3.824732,1.9345703,50.839455
2024-03-01 08:00:00,21.344025,9.811401,900.4035,4.0194507,351.6182,47.75994
2024-03-01 09:00:00,21.427155,9.93512,899.57904,4.1792474,347.2397,47.91265
2024-03-01 10:00:00,20.618073,10.44223,899.13336,4.3938756,347.14078,52.089245
2024-03-01 11:00:00,20.458405,10.520538,899.0437,4.088438,356.98032,52.87984
2024-03-01 12:00:00,20.108124,10.52533,899.089,3.983179,9.527405,54.053856
2024-03-01 13:00:00,19.689728,10.5694275,899.33685,3.8914535,18.890228,55.636597
2024-03-01 14:00:00,18.288513,10.389374,899.86273,3.6151667,27.557465,59.995037
2024-03-01 15:00:00,17.244995,10.412048,900.4832,3.2430446,34.81418,64.16706
2024-03-01 16:00:00,17.025482,10.4418335,900.8745,2.86531,39.69226,65.19398
2024-03-01 17:00:00,16.2128,10.335754,900.9006,2.4568534,42.437164,68.164536
2024-03-01 18:00:00,15.937897,10.321686,900.6409,2.0708048,41.385895,69.30552
2024-03-01 19:00:00,15.708252,10.249176,900.3055,1.7768466,36.838074,69.99084
2024-03-01 20:00:00,15.1050415,10.077179,899.84485,1.669793,28.803467,71.920166
2024-03-01 21:00:00,15.0686035,10.121338,899.4373,1.7412995,21.157166,72.30195
2024-03-01 22:00:00,14.6474,10.004456,899.11914,1.009072,10.760651,73.71179
2024-03-01 23:00:00,14.54129,10.008484,899.0913,1.2858896,16.378326,74.2383
2024-03-02 00:00:00,14.701996,10.167114,899.3839,1.4917245,23.497192,74.25582
2024-03-02 01:00:00,14.670013,10.186462,899.9193,1.6615016,29.455383,74.50539
2024-03-02 02:00:00,15.907318,10.747314,900.5745,1.6714944,35.41559,71.43819
2024-03-02 03:00:00,16.369507,10.716675,901.14044,1.2523825,38.192383,69.22217
2024-03-02 04:00:00,16.842072,10.52179,901.3945,0.36609071,22.58191,66.30864
2024-03-02 05:00:00,18.948273,10.714386,901.269,0.69005674,244.03119,58.828842
2024-03-02 06:00:00,19.832886,10.596863,900.75775,1.7590698,246.25632,55.245613
2024-03-02 07:00:00,20.097595,10.515106,899.89966,2.733286,251.76776,54.052235
2024-03-02 08:00:00,20.879486,10.320984,898.921,3.4929721,256.55237,50.84486
2024-03-02 09:00:00,20.924866,10.383118,898.07764,3.870314,260.8249,50.91378
2024-03-02 10:00:00,19.942932,10.553589,897.4325,3.9706142,265.01065,54.712284
2024-03-02 11:00:00,19.762573,10.493652,897.35956,3.301803,268.32605,55.10682
2024-03-02 12:00:00,19.484344,10.58606,897.49835,2.3635354,278.24176,56.41326
2024-03-02 13:00:00,19.203644,10.533142,897.9194,1.6472207,289.5885,57.2052
2024-03-02 14:00:00,18.12564,10.602966,898.5178,1.239346,298.14563,61.480373
2024-03-02 15:00:00,17.224762,10.3663025,899.09985,1.0107483,301.48438,64.05348
2024-03-02 16:00:00,16.972412,10.401459,899.5143,0.88923824,305.64786,65.23765
2024-03-02 17:00:00,16.112854,10.257629,899.59906,0.8938569,308.03912,68.2435
2024-03-02 18:00:00,15.8533325,10.232941,899.4741,0.9799596,310.258,69.26939
2024-03-02 19:00:00,15.609528,10.225555,899.1273,1.1626971,315.7338,70.3235
2024-03-02 20:00:00,14.983124,10.095947,898.7324,1.426465,324.88892,72.5773
2024-03-02 21:00:00,14.766083,10.0190735,898.40717,1.7817,333.57385,73.221436
2024-03-02 22:00:00,14.291992,9.867584,898.25586,2.0588748,332.4632,74.73586
2024-03-02 23:00:00,14.215363,9.832306,898.4263,2.1434245,344.52414,74.9301
2024-03-03 00:00:00,14.27829,9.8749695,898.8254,2.2323534,354.83414,74.83914
2024-03-03 01:00:00,14.208618,9.80307,899.3851,2.3133466,3.9325867,74.81612
2024-03-03 02:00:00,15.327484,10.078644,899.9489,2.2573788,10.047577,70.90694
2024-03-03 03:00:00,15.725555,10.100555,900.43945,1.7042869,7.444397,69.22267
2024-03-03 04:00:00,16.156738,9.7777405,900.7006,1.4232644,327.44553,65.902954
2024-03-03 05:00:00,18.14795,9.64801,900.63513,1.9382805,300.22806,57.598297
2024-03-03 06:00:00,18.968231,9.622803,900.15967,2.5665262,287.40543,54.623077
2024-03-03 07:00:00,19.198883,9.562744,899.37134,3.261642,280.93372,53.626625
2024-03-03 08:00:00,19.887817,9.441772,898.5078,3.8430414,279.8278,50.964027
2024-03-03 09:00:00,19.934052,9.303619,897.7975,4.06517,282.39734,50.34842
2024-03-03 10:00:00,19.193665,9.465149,897.2209,4.1597004,285.57623,53.29361
2024-03-03 11:00:00,19.077057,9.432098,897.3244,3.577768,295.37598,53.56322
2024-03-03 12:00:00,18.857666,9.4427185,897.55786,3.0479445,312.72433,54.3403
2024-03-03 13:00:00,18.58197,9.409943,897.96265,2.6697369,329.8628,55.163364
2024-03-03 14:00:00,17.497803,9.537537,898.5521,2.4924757,341.94424,59.56118
2024-03-03 15:00:00,16.539429,9.239685,899.13403,2.4283206,352.7085,62.034004
2024-03-03 16:00:00,16.325226,9.258087,899.4826,2.3680658,0.2130127,62.963158
2024-03-03 17:00:00,15.419312,9.2170105,899.49023,2.317689,3.5523071,66.53135
2024-03-03 18:00:00,15.128021,9.155304,899.2693,2.2327268,3.030182,67.50613
2024-03-03 19:00:00,14.927856,9.110931,898.9229,2.2393847,1.1135559,68.17676
2024-03-03 20:00:00,14.169952,8.940186,898.64154,2.2984097,359.00314,70.77611
2024-03-03 21:00:00,14.040253,8.903992,898.46857,2.439993,358.91995,71.19919
2024-03-03 22:00:00,13.38385,8.499847,898.44745,2.396953,354.58728,72.299515
2024-03-03 23:00:00,13.284027,8.440613,898.68024,2.541153,0.84484863,72.480095
2024-03-04 00:00:00,13.417419,8.543671,899.0773,2.673665,8.406158,72.3559
2024-03-04 01:00:00,13.378937,8.450592,899.5555,2.7590063,14.927338,72.08185
2024-03-04 02:00:00,14.507721,8.8281555,900.19507,2.7374,18.210876,68.72538
2024-03-04 03:00:00,14.972412,8.84079,900.7793,2.0765162,10.702179,66.75414
2024-03-04 04:00:00,15.42688,8.501587,901.2022,1.7859193,343.11414,63.363712
2024-03-04 05:00:00,17.624878,8.3160095,901.243,2.1787682,321.79807,54.411198
2024-03-04 06:00:00,18.603638,8.192017,900.9803,2.7493095,308.0621,50.738525
2024-03-04 07:00:00,18.896393,7.9879456,900.37573,3.4406629,299.80673,49.132786
2024-03-04 08:00:00,19.69339,7.824463,899.66,4.1095204,298.04736,46.237823
2024-03-04 09:00:00,19.73999,7.71875,898.9934,4.6150837,300.47833,45.773636
2024-03-04 10:00:00,19.161377,7.9954224,898.54865,4.940473,306.55096,48.351994
2024-03-04 11:00:00,19.03482,8.009308,898.5796,4.66851,318.3844,48.780987
2024-03-04 12:00:00,18.787933,8.058411,898.7891,4.162411,333.74768,49.704205
2024-03-04 13:00:00,18.426086,8.001312,899.26636,4.0414724,341.46155,50.645508
2024-03-04 14:00:00,17.17389,8.505951,899.96344,4.067089,347.51056,56.70824
2024-03-04 15:00:00,16.125275,8.397797,900.6545,4.14229,353.16724,60.17164
2024-03-04 16:00:00,15.878326,8.355377,901.02704,4.2027435,357.56873,60.95226
2024-03-04 17:00:00,14.926727,8.11203,901.06976,4.168679,359.74252,63.7271
2024-03-04 18:00:00,14.688721,8.11795,900.87604,4.175094,0.35162354,64.73786
2024-03-04 19:00:00,14.441193,8.097748,900.5847,4.227431,359.72266,65.69038
2024-03-04 20:00:00,13.601379,7.883484,900.2135,4.377293,359.27267,68.36272
2024-03-04 21:00:00,13.3871765,7.807251,899.9011,4.534676,359.9022,68.96382
2024-03-04 22:00:00,12.585114,7.4708557,899.7782,4.237225,357.09604,71.02736
2024-03-04 23:00:00,12.483368,7.4176025,899.82697,4.5036483,359.74078,71.24338
2024-03-05 00:00:00,12.690826,7.491852,900.111,4.6791396,2.954956,70.63821
2024-03-05 01:00:00,12.662476,7.4438477,900.58936,4.8274255,5.7196045,70.537994
2024-03-05 02:00:00,13.900391,7.7678223,901.21045,4.9622707,6.1534424,66.52189
2024-03-05 03:00:00,14.234802,7.604309,901.84155,4.8762164,0.55844116,64.374596
2024-03-05 04:00:00,14.942566,7.5543213,902.2753,4.9532533,352.70966,61.29093
2024-03-05 05:00:00,17.547638,7.6148987,902.27435,5.037803,343.8766,52.131687
2024-03-05 06:00:00,18.547577,7.429199,901.79193,5.2853804,334.3945,48.34035
2024-03-05 07:00:00,18.885132,7.3580627,900.93225,5.7307796,326.2673,47.101463
2024-03-05 08:00:00,19.969696,7.241974,899.97766,6.25115,321.34634,43.681736
2024-03-05 09:00:00,20.06604,7.13208,899.2057,6.6384974,320.4003,43.09677
2024-03-05 10:00:00,19.334106,7.682617,898.79333,6.728577,323.4972,46.82717
2024-03-05 11:00:00,19.183075,7.715332,898.7537,6.5504513,330.68356,47.37507
2024-03-05 12:00:00,18.980682,7.824951,898.9236,5.92499,342.2345,48.336105
2024-03-05 13:00:00,18.722656,7.946472,899.2503,5.6292567,348.4726,49.529114
2024-03-05 14:00:00,17.398987,8.203278,899.8105,5.3365574,353.3596,54.77187
2024-03-05 15:00:00,16.258423,7.93692,900.3945,5.0422316,356.82727,57.825478
2024-03-05 16:00:00,15.971649,7.9259644,900.7404,4.749397,358.7252,58.84902
2024-03-05 17:00:00,14.922455,7.760956,900.7788,4.499775,358.2774,62.24075
2024-03-05 18:00:00,14.666016,7.7330933,900.5536,4.330604,356.13837,63.15778
2024-03-05 19:00:00,14.465118,7.7206116,900.18634,4.3179173,352.695,63.92777
2024-03-05 20:00:00,13.518402,7.539215,899.76654,4.490336,349.36823,67.13945
2024-03-05 21:00:00,13.3471985,7.5523987,899.41846,4.754841,346.35965,67.95326
2024-03-05 22:00:00,12.698517,7.3656006,899.2034,4.872257,345.39697,69.99662
2024-03-05 23:00:00,12.615601,7.3979187,899.2686,5.0407987,345.73633,70.53344
2024-03-06 00:00:00,12.878082,7.61026,899.6834,5.138466,347.27863,70.34362
2024-03-06 01:00:00,12.839539,7.5641785,900.2829,5.203154,349.63104,70.29993
2024-03-06 02:00:00,14.217926,7.9476624,901.01654,5.2432075,350.72952,65.969406
2024-03-06 03:00:00,14.657623,7.875641,901.6355,5.342526,345.29813,63.808197
2024-03-06 04:00:00,15.308777,7.772003,901.9788,5.6347566,337.2465,60.759968
2024-03-06 05:00:00,17.991394,7.951294,901.96606,5.903147,329.52466,51.86957
2024-03-06 06:00:00,18.994751,7.8201904,901.51086,6.2505207,322.3736,48.278038
2024-03-06 07:00:00,19.312836,7.754822,900.6635,6.6924853,316.96802,47.120407
2024-03-06 08:00:00,20.262695,7.7442627,899.69763,7.123248,314.26447,44.393166
2024-03-06 09:00:00,20.446198,7.650696,898.86096,7.360221,314.06152,43.614094
2024-03-06 10:00:00,19.676453,8.131348,898.3716,6.674554,315.47107,47.262253
2024-03-06 11:00:00,19.549072,8.204773,898.3279,6.473883,321.5652,47.875572
2024-03-06 12:00:00,19.358215,8.351929,898.4928,5.803523,333.12183,48.93294
2024-03-06 13:00:00,18.988037,8.372498,898.87225,5.5295653,340.78693,50.14444
2024-03-06 14:00:00,17.644531,8.609314,899.4627,5.2615337,346.55954,55.434048
2024-03-06 15:00:00,16.584839,8.466797,900.1007,4.9898963,350.88538,58.710457
2024-03-06 16:00:00,16.295776,8.45871,900.46234,4.679772,353.63074,59.767406
2024-03-06 17:00:00,15.285889,8.387817,900.4769,4.456078,353.6398,63.44865
2024-03-06 18:00:00,14.968658,8.29422,900.2452,4.3266406,351.6572,64.346
2024-03-06 19:00:00,14.751404,8.338409,899.8625,4.337764,348.93915,65.44842
2024-03-06 20:00:00,13.973633,8.149719,899.3688,4.5098705,346.8572,67.94825
2024-03-06 21:00:00,13.774628,8.134247,898.87866,4.7186337,345.9738,68.75924
2024-03-06 22:00:00,12.9479065,7.7272644,898.51917,4.6257377,349.96445,70.583786
2024-03-06 23:00:00,12.816223,7.7131042,898.54565,4.7068954,351.62692,71.125656
2024-03-07 00:00:00,13.052032,7.8847656,898.93726,4.7346225,353.77612,70.86088
2024-03-07 01:00:00,13.036194,7.862549,899.5584,4.7641273,356.517,70.82708
2024-03-07 02:00:00,14.48941,8.311462,900.29095,4.6979604,357.8183,66.44272
2024-03-07 03:00:00,14.985626,8.213379,900.9589,4.3920107,355.6162,63.92428
2024-03-07 04:00:00,15.761047,8.199188,901.34656,4.2534065,346.42722,60.763847
2024-03-07 05:00:00,18.37732,8.253418,901.32513,4.3384347,335.5936,51.67764
2024-03-07 06:00:00,19.370422,8.115997,900.87335,4.722275,326.22705,48.119373
2024-03-07 07:00:00,19.76416,8.01178,900.09393,5.2769785,318.504,46.62551
2024-03-07 08:00:00,20.722046,7.921692,899.13586,5.91728,314.51657,43.677326
2024-03-07 09:00:00,20.802826,7.862976,898.28235,6.426599,313.5273,43.287445
2024-03-07 10:00:00,20.042664,8.274475,897.8,6.5257106,313.7339,46.65258
2024-03-07 11:00:00,19.897644,8.315399,897.77844,6.4406667,320.43225,47.20423
2024-03-07 12:00:00,19.695007,8.473694,898.04315,5.8341165,331.30017,48.316532
2024-03-07 13:00:00,19.318665,8.482544,898.5854,5.5317554,339.4571,49.4895
2024-03-07 14:00:00,17.913025,8.835114,899.33405,5.3881907,345.22635,55.34282
2024-03-07 15:00:00,16.842926,8.728149,900.0253,5.305301,349.10794,58.78654
2024-03-07 16:00:00,16.521698,8.716034,900.45917,5.216885,351.0558,59.94892
2024-03-07 17:00:00,15.458588,8.580811,900.52594,5.1159105,351.07126,63.574993
2024-03-07 18:00:00,15.147217,8.5216675,900.25555,5.039197,349.9938,64.59921
2024-03-07 19:00:00,14.912445,8.519897,899.8914,5.0528607,348.5736,65.57422
2024-03-07 20:00:00,14.046387,8.28183,899.529,5.137307,347.24448,68.23749
2024-03-07 21:00:00,13.890137,8.276306,899.18225,5.237852,346.55472,68.906624
2024-03-07 22:00:00,13.080902,7.8249207,899.00494,5.171932,347.16397,70.439964
2024-03-07 23:00:00,12.903198,7.7706604,899.0658,5.1489925,348.4037,70.99992
2024-03-08 00:00:00,13.201721,7.9168396,899.46796,5.1279984,350.30804,70.32513
2024-03-08 01:00:00,13.120819,7.8165283,900.0822,5.096823,352.85934,70.21651
2024-03-08 02:00:00,14.534454,8.205719,900.8217,5.0288653,353.2365,65.77624
2024-03-08 03:00:00,15.138702,8.117249,901.53156,4.9153776,348.9487,62.886436
2024-03-08 04:00:00,15.996277,8.216522,901.88,4.9449058,343.82022,59.927814
2024-03-08 05:00:00,18.630524,8.254303,901.8455,5.0120173,337.3793,50.867767
2024-03-08 06:00:00,19.715485,7.990387,901.41675,5.4110184,328.198,46.698566
2024-03-08 07:00:00,20.01889,7.875763,900.65265,6.0527,320.45435,45.472843
2024-03-08 08:00:00,21.094177,7.5395813,899.78534,6.744458,315.18265,41.59252
2024-03-08 09:00:00,21.170044,7.5064087,899.0095,7.221437,313.11606,41.30569
2024-03-08 10:00:00,20.401154,7.982727,898.55896,7.8815117,316.90967,44.735233
2024-03-08 11:00:00,20.298431,8.038513,898.58014,7.374219,321.95654,45.19089
2024-03-08 12:00:00,20.05957,8.099823,898.79,6.3319983,332.00064,46.054634
2024-03-08 13:00:00,19.663483,8.141235,899.2355,5.76787,339.58798,47.33209
2024-03-08 14:00:00,18.122345,8.338989,899.8639,5.2793736,345.49805,52.816605
2024-03-08 15:00:00,17.068054,8.211578,900.5588,4.936723,350.8326,55.961617
2024-03-08 16:00:00,16.699524,8.135864,900.9819,4.6357555,354.2203,56.990986
2024-03-08 17:00:00,15.608643,8.016663,901.04803,4.3938885,355.7202,60.603462
2024-03-08 18:00:00,15.336243,8.002136,900.9094,4.1835694,355.46756,61.610054
2024-03-08 19:00:00,15.086212,7.949463,900.6453,4.129857,353.91766,62.383644
2024-03-08 20:00:00,14.162231,7.7456055,900.3298,4.156383,351.83035,65.30351
2024-03-08 21:00:00,13.996521,7.6410217,900.03314,4.2553453,350.26846,65.53976
2024-03-08 22:00:00,13.341309,7.4010925,899.7735,4.2020426,354.9448,67.2809
2024-03-08 23:00:00,13.251923,7.3577576,899.73944,4.253169,356.35028,67.474075
2024-03-09 00:00:00,13.530243,7.470703,900.0652,4.2876463,358.15506,66.77481
2024-03-09 01:00:00,13.410828,7.415161,900.6371,4.346388,1.880188,67.041245
2024-03-09 02:00:00,14.886505,7.723816,901.37244,4.387773,4.207611,62.227367
2024-03-09 03:00:00,15.365387,7.681366,902.0813,4.393275,1.949646,60.16705
2024-03-09 04:00:00,16.015442,7.4809265,902.4939,4.548094,355.22534,56.932037
2024-03-09 05:00:00,18.847412,7.702423,902.46185,4.761154,346.8436,48.3349
2024-03-09 06:00:00,19.86856,7.5128784,901.93823,5.1091003,338.52835,44.777267
2024-03-09 07:00:00,20.216583,7.4965515,901.11945,5.6600604,331.52084,43.77431
2024-03-09 08:00:00,21.200836,7.599762,900.2978,6.2981796,327.6224,41.49111
2024-03-09 09:00:00,21.38919,7.4510193,899.6369,6.853103,327.27374,40.60063
2024-03-09 10:00:00,20.605164,7.839264,899.2972,7.7236767,329.3394,43.74691
2024-03-09 11:00:00,20.494232,7.829468,899.33154,7.4755645,336.92886,44.01778
2024-03-09 12:00:00,20.234222,7.8635864,899.6027,6.732623,348.967,44.834064
2024-03-09 13:00:00,19.832489,7.79657,900.0815,6.4872284,356.57483,45.753677
2024-03-09 14:00:00,18.382751,8.204468,900.7084,6.3544583,3.0786438,51.488758
2024-03-09 15:00:00,17.209503,8.036591,901.3617,6.192446,8.469971,54.80783
2024-03-09 16:00:00,16.879822,8.046234,901.8032,5.881638,12.569672,56.00077
2024-03-09 17:00:00,15.694916,7.905365,901.96124,5.5035734,15.392456,59.815365
2024-03-09 18:00:00,15.464172,7.80896,901.9137,5.160659,16.895111,60.308933
2024-03-09 19:00:00,15.217743,7.7183228,901.7162,4.940986,17.682465,60.893093
2024-03-09 20:00:00,14.372223,7.5303345,901.42725,4.8034973,18.214752,63.48382
2024-03-09 21:00:00,14.185181,7.440033,901.1287,4.6788635,18.934723,63.86187
2024-03-09 22:00:00,13.429047,7.1295166,901.1471,4.515721,21.899414,65.66678
2024-03-09 23:00:00,13.299347,7.0703735,901.2408,4.4561863,23.721497,65.95646
2024-03-10 00:00:00,13.61084,7.2295837,901.62695,4.359158,26.32077,65.34029
2024-03-10 01:00:00,13.520081,7.186096,902.18585,4.283886,30.611053,65.53198
2024-03-10 02:00:00,15.091034,7.6065674,902.8804,4.1381392,34.42404,60.92509
2024-03-10 03:00:00,15.753418,7.6325073,903.56165,3.8858216,34.76651,58.49489
2024-03-10 04:00:00,16.466522,7.508362,903.96265,3.5377781,33.9151,55.422646
2024-03-10 05:00:00,19.291931,7.7476807,903.9805,3.0150237,27.207886,47.158802
2024-03-10 06:00:00,20.311401,7.6436462,903.6168,2.574155,9.16803,43.9574
2024-03-10 07:00:00,20.651703,7.6961365,902.9049,2.7398272,346.86188,43.198563
2024-03-10 08:00:00,21.845001,7.6430054,902.09937,3.3671255,333.56418,40.005005
2024-03-10 09:00:00,21.967072,7.566742,901.3829,4.037743,329.68213,39.502163
2024-03-10 10:00:00,21.222992,8.394867,901.0918,4.38331,333.30453,43.735714
2024-03-10 11:00:00,21.058655,8.413696,901.0902,4.3879266,341.67697,44.23548
2024-03-10 12:00:00,20.831085,8.39447,901.312,4.3113265,359.14722,44.80022
2024-03-10 13:00:00,20.484344,8.492401,901.69904,4.516854,12.295868,46.07202
2024-03-10 14:00:00,19.017487,8.7152405,902.286,4.6065645,21.730225,51.22698
2024-03-10 15:00:00,17.805298,8.445618,902.8963,4.7026014,27.53717,54.270805
2024-03-10 16:00:00,17.507141,8.483063,903.337,4.7311926,31.652802,55.440735
2024-03-10 17:00:00,16.533264,8.479004,903.5214,4.7010636,33.38034,58.95195
2024-03-10 18:00:00,16.30185,8.504974,903.4726,4.5802655,33.36212,59.931755
2024-03-10 19:00:00,16.078918,8.520172,903.21545,4.4917645,31.763306,60.85205
2024-03-10 20:00:00,15.337524,8.430359,902.8313,4.4675145,30.213562,63.421272
2024-03-10 21:00:00,15.231964,8.456238,902.47797,4.5194793,28.682037,63.964504
2024-03-10 22:00:00,14.533966,8.318695,902.40173,4.923591,31.484589,66.2843
2024-03-10 23:00:00,14.4887085,8.344849,902.40814,4.7841587,33.517395,66.596275
2024-03-11 00:00:00,14.846008,8.528107,902.6864,4.687005,35.216614,65.891945
2024-03-11 01:00:00,14.93335,8.689758,903.1867,4.56402,37.67282,66.242805
2024-03-11 02:00:00,16.484863,9.28949,903.8407,4.3927107,41.10727,62.458588
2024-03-11 03:00:00,16.994019,9.42572,904.4305,3.773682,44.442535,61.028786
2024-03-11 04:00:00,17.61911,9.489746,904.7007,2.965354,42.41504,58.91779
2024-03-11 05:00:00,20.471832,10.084106,904.555,2.1790433,26.96811,51.319252
2024-03-11 06:00:00,21.403656,9.895569,903.9654,2.021064,356.6161,47.854786
2024-03-11 07:00:00,21.671143,9.9002075,903.07947,2.5123453,334.74344,47.092472
2024-03-11 08:00:00,22.65982,10.066071,902.0813,3.1722863,324.99942,44.835358
2024-03-11 09:00:00,22.71231,10.040924,901.2369,3.7733226,322.33966,44.617718
2024-03-11 10:00:00,21.834015,10.498291,900.69336,4.2512894,326.16968,48.5266
2024-03-11 11:00:00,21.669983,10.551666,900.49225,4.373284,335.12213,49.18995
2024-03-11 12:00:00,21.401184,10.649414,900.60834,4.168614,345.73926,50.332283
2024-03-11 13:00:00,21.082764,10.6519165,900.94495,4.124158,351.83868,51.333405
2024-03-11 14:00:00,19.615906,10.693787,901.5045,4.046536,357.55017,56.35674
2024-03-11 15:00:00,18.62442,10.739136,902.0464,3.9416301,1.1208801,60.130356
2024-03-11 16:00:00,18.331024,10.756378,902.40076,3.757886,3.0944214,61.31583
2024-03-11 17:00:00,17.288422,10.780762,902.45044,3.51858,2.5917358,65.58166
2024-03-11 18:00:00,16.953186,10.819092,902.31244,3.2312787,359.5384,67.15884
2024-03-11 19:00:00,16.654358,10.779236,901.991,3.0241249,355.02744,68.263115
2024-03-11 20:00:00,15.923309,10.594269,901.5437,2.9409401,350.13416,70.6421
2024-03-11 21:00:00,15.725037,10.525635,901.1238,2.8972147,346.76828,71.21681
2024-03-11 22:00:00,15.047882,10.258514,900.9649,3.1333268,346.17264,73.06483
2024-03-11 23:00:00,14.920593,10.198517,900.9685,2.941424,348.49698,73.37111
2024-03-12 00:00:00,15.203583,10.3341675,901.27057,2.6904333,350.09088,72.703514
2024-03-12 01:00:00,15.110107,10.3063965,901.79846,2.5016394,352.73874,73.00607
2024-03-12 02:00:00,16.37082,10.660065,902.4847,2.3997757,349.6613,68.95617
2024-03-12 03:00:00,16.887207,10.585175,903.04987,2.2606618,340.35217,66.39887
2024-03-12 04:00:00,17.491516,10.359161,903.3501,2.4120712,327.0871,62.953114
2024-03-12 05:00:00,20.123901,10.584259,903.2378,2.8401167,314.6353,54.21349
2024-03-12 06:00:00,21.11853,10.309662,902.7727,3.4698112,305.91415,50.065674
2024-03-12 07:00:00,21.417328,10.303833,901.9824,4.1961894,299.8923,49.137638
2024-03-12 08:00:00,22.35257,10.143799,901.0836,4.889547,297.20145,45.918007
2024-03-12 09:00:00,22.528137,9.999359,900.29236,5.340746,297.1809,44.994003
2024-03-12 10:00:00,21.68808,10.460175,899.78625,5.275748,300.85223,48.836933
2024-03-12 11:00:00,21.608856,10.528198,899.77405,4.8535085,307.14264,49.297028
2024-03-12 12:00:00,21.408386,10.635773,899.9336,3.7658248,318.2701,50.26442
2024-03-12 13:00:00,21.0242,10.656189,900.2827,3.2197952,328.05096,51.53303
2024-03-12 14:00:00,19.588135,10.782837,900.6843,2.8313212,336.2417,56.78938
2024-03-12 15:00:00,18.529663,10.616058,901.127,2.5281348,343.13144,59.994633
2024-03-12 16:00:00,18.208954,10.637573,901.35864,2.1824841,345.90662,61.3007
2024-03-12 17:00:00,17.04242,10.463379,901.37994,1.8355044,344.23572,65.21768
2024-03-12 18:00:00,16.739319,10.441742,901.1424,1.53415,336.07657,66.387245
2024-03-12 19:00:00,16.442993,10.454742,900.7647,1.3637404,326.6862,67.70785
2024-03-12 20:00:00,15.65567,10.252716,900.3043,1.3303685,317.4242,70.243355
2024-03-12 21:00:00,15.476746,10.207306,899.8312,1.3607876,310.07248,70.837845
2024-03-12 22:00:00,14.7239685,10.106171,899.6448,1.3661263,312.61053,73.84931
2024-03-12 23:00:00,14.575958,10.077576,899.6252,1.2055591,305.67215,74.415405
2024-03-13 00:00:00,14.844635,10.279083,899.8842,1.0195875,301.99625,74.128586
2024-03-13 01:00:00,14.90094,10.237152,900.3992,0.80753934,300.25922,73.65381
2024-03-13 02:00:00,16.27887,10.681793,901.0259,0.70027,283.87286,69.46145
2024-03-13 03:00:00,16.776031,10.647583,901.60187,1.0656517,257.9897,67.14717
2024-03-13 04:00:00,17.33722,10.504883,901.9483,1.8327358,255.85085,64.19011
2024-03-13 05:00:00,19.938507,10.781586,901.8915,2.7501209,255.39561,55.56399
2024-03-13 06:00:00,20.912537,10.526489,901.4612,3.8124256,259.04977,51.44169
2024-03-13 07:00:00,21.212738,10.374695,900.71954,4.9126434,263.1049,49.99354
2024-03-13 08:00:00,22.08255,10.092285,899.8351,5.746514,266.39352,46.51864
2024-03-13 09:00:00,22.222992,10.002899,899.0407,6.19624,268.64536,45.84752
2024-03-13 10:00:00,21.352966,10.241577,898.59814,5.619914,273.65945,49.127163
2024-03-13 11:00:00,21.227234,10.318939,898.5226,4.9977374,276.07974,49.763634
2024-03-13 12:00:00,21.087402,10.392487,898.71216,3.613998,281.41528,50.43939
2024-03-13 13:00:00,20.756836,10.492737,899.17487,2.5460978,284.96097,51.82013
2024-03-13 14:00:00,19.415009,10.513428,899.83936,1.8780198,285.32465,56.383514
2024-03-13 15:00:00,18.394012,10.2864685,900.5614,1.5347346,283.6816,59.191696
2024-03-13 16:00:00,18.100525,10.397064,900.9838,1.3824563,279.32513,60.738308
2024-03-13 17:00:00,17.090088,10.34314,901.0705,1.3801222,273.66705,64.50186
2024-03-13 18:00:00,16.78424,10.3246155,900.89044,1.5206715,269.29175,65.68312
2024-03-13 19:00:00,16.501068,10.334686,900.6085,1.7131244,267.65033,66.92024
2024-03-13 20:00:00,15.662781,10.104675,900.25055,1.9296573,269.96594,69.52042
2024-03-13 21:00:00,15.529327,10.139038,899.90344,2.1000144,271.9438,70.2783
2024-03-13 22:00:00,14.848358,9.83551,899.6934,2.5858128,273.33853,71.94483
2024-03-13 23:00:00,14.712158,9.856598,899.82306,2.4984589,275.29474,72.681656
2024-03-14 00:00:00,14.989227,10.071136,900.239,2.3686833,278.2757,72.42856
2024-03-14 01:00:00,14.989624,9.986938,900.8984,2.1921837,281.65488,72.01997
2024-03-14 02:00:00,16.341827,10.2986145,901.60205,2.2429705,282.33698,67.439224
2024-03-14 03:00:00,16.822449,10.220184,902.137,3.0258482,273.9492,65.068886
2024-03-14 04:00:00,17.40097,10.150574,902.41724,3.9652164,278.8867,62.43838
2024-03-14 05:00:00,19.88446,9.9279785,902.2688,4.6416335,283.1613,52.66423
2024-03-14 06:00:00,20.825836,9.616425,901.79266,5.317342,284.46506,48.663635
2024-03-14 07:00:00,21.07956,9.54129,901.0478,6.001925,284.53607,47.669594
2024-03-14 08:00:00,22.089752,9.265137,900.2274,6.60934,285.4036,43.988873
2024-03-14 09:00:00,22.196564,9.18985,899.5211,6.973555,287.59192,43.482685
2024-03-14 10:00:00,21.41394,9.735291,898.9572,6.7868533,288.64417,47.313835
2024-03-14 11:00:00,21.3096,9.731445,898.998,6.2795916,294.68616,47.605022
2024-03-14 12:00:00,21.122253,9.682159,899.2332,5.197159,303.18127,47.996376
2024-03-14 13:00:00,20.775421,9.843658,899.6114,4.653432,310.40384,49.5642
2024-03-14 14:00:00,19.395172,10.041138,900.0948,4.351585,316.4731,54.70106
2024-03-14 15:00:00,18.230316,9.772247,900.6232,4.12729,321.4377,57.780624
2024-03-14 16:00:00,17.988953,9.7378845,900.9574,3.8762262,324.03113,58.528282
2024-03-14 17:00:00,16.878387,9.580566,901.0129,3.6694407,323.94354,62.120403
2024-03-14 18:00:00,16.51175,9.543793,900.8758,3.4788644,323.32733,63.42675
2024-03-14 19:00:00,16.232025,9.515839,900.5354,3.3528671,323.55884,64.445145
2024-03-14 20:00:00,15.260071,9.221985,900.0962,3.2435613,325.15918,67.23713
2024-03-14 21:00:00,15.033752,9.188507,899.6916,3.1272812,326.22128,68.06853
2024-03-14 22:00:00,14.290131,8.964081,899.4233,2.8866708,316.85864,70.34106
2024-03-14 23:00:00,14.134247,8.920593,899.5772,2.6695645,318.90475,70.84623
2024-03-15 00:00:00,14.358978,9.004486,899.97845,2.4892588,322.68112,70.21965
2024-03-15 01:00:00,14.496155,9.083496,900.57104,2.2465878,327.87607,69.97162
2024-03-15 02:00:00,15.8107605,9.291626,901.2891,2.072376,327.07077,65.2112
2024-03-15 03:00:00,16.363129,9.1953125,901.93604,2.0254912,312.613,62.54656
2024-03-15 04:00:00,17.00174,9.004303,902.3015,2.374366,303.2238,59.2928
2024-03-15 05:00:00,19.755524,9.083405,902.17017,2.9149525,295.3778,50.15942
2024-03-15 06:00:00,20.815857,8.756683,901.7369,3.6081614,287.25677,45.954742
2024-03-15 07:00:00,21.148743,8.7187805,901.0125,4.5446157,282.54712,44.909073
2024-03-15 08:00:00,22.288788,8.432617,900.2997,5.3629513,281.34335,41.08367
2024-03-15 09:00:00,22.419952,8.258575,899.60016,5.7586904,282.5477,40.279243
2024-03-15 10:00:00,21.632019,8.8671875,899.13275,5.499576,284.79135,44.038208
2024-03-15 11:00:00,21.534607,8.839935,899.1834,4.8532085,291.4358,44.21998
2024-03-15 12:00:00,21.269684,8.830414,899.39014,3.6822953,303.75708,44.914566
2024-03-15 13:00:00,20.748535,8.740936,899.8148,3.269239,314.37927,46.096466
2024-03-15 14:00:00,19.320282,9.127411,900.39667,2.8526762,323.58032,51.687305
2024-03-15 15:00:00,18.164734,9.112457,901.00165,2.5860686,331.1796,55.50284
2024-03-15 16:00:00,17.827515,9.1571045,901.39417,2.394681,335.92615,56.862766
2024-03-15 17:00:00,16.743042,9.044434,901.45905,2.3091435,338.04102,60.43675
2024-03-15 18:00:00,16.434662,9.099609,901.3228,2.258839,339.3792,61.86242
2024-03-15 19:00:00,16.244171,9.108551,901.06415,2.2895489,340.87872,62.65502
2024-03-15 20:00:00,15.322815,9.018585,900.8014,2.2949605,342.65707,66.05552
2024-03-15 21:00:00,15.149841,9.019409,900.5371,2.3384023,344.38803,66.79703
2024-03-15 22:00:00,14.517822,8.937286,900.40125,2.007402,345.26135,69.18832
2024-03-15 23:00:00,14.4028015,8.91037,900.51154,1.9804102,352.9649,69.57788
2024-03-16 00:00:00,14.717285,9.134735,900.88617,1.9216596,0.13494873,69.2188
2024-03-16 01:00:00,14.630096,8.924988,901.5656,1.880613,8.711182,68.631775
2024-03-16 02:00:00,16.086914,9.190582,902.26373,1.7129865,15.100647,63.63698
2024-03-16 03:00:00,16.57135,9.130402,902.84326,1.2748982,10.036652,61.454384
2024-03-16 04:00:00,17.28009,9.077606,903.0675,1.10532,343.96332,58.546173
2024-03-16 05:00:00,19.925293,8.989624,902.86743,1.4864385,310.52042,49.321537
2024-03-16 06:00:00,20.89508,8.7039795,902.3152,2.200296,291.49628,45.56876
2024-03-16 07:00:00,21.16919,8.658936,901.5867,2.9951158,285.25842,44.671677
2024-03-16 08:00:00,22.146942,8.566925,900.79236,3.6950498,285.2519,41.81851
2024-03-16 09:00:00,22.25653,8.498627,900.0705,4.1144958,288.58392,41.348804
2024-03-16 10:00:00,21.499176,8.916595,899.4278,3.9168255,290.26062,44.545883
2024-03-16 11:00:00,21.364197,8.865814,899.4856,3.588243,301.8,44.76196
2024-03-16 12:00:00,21.105804,8.905945,899.76587,3.016656,322.39963,45.60035
2024-03-16 13:00:00,20.757904,9.154816,900.2996,3.0764031,339.47018,47.37431
2024-03-16 14:00:00,19.328491,9.455353,900.8993,3.0950077,353.32513,52.813347
2024-03-16 15:00:00,18.181213,9.256012,901.50665,3.1305144,4.3654175,55.98399
2024-03-16 16:00:00,17.898987,9.225708,901.92615,3.1193213,12.194366,56.86968
2024-03-16 17:00:00,16.774414,9.129272,901.97125,3.083605,16.318207,60.662354
2024-03-16 18:00:00,16.444489,9.07666,901.7269,3.0245397,18.391418,61.728226
2024-03-16 19:00:00,16.128693,9.15625,901.30273,3.057396,20.08014,63.32107
2024-03-16 20:00:00,15.356812,9.087158,900.93286,3.168343,20.360718,66.216934
2024-03-16 21:00:00,15.196686,9.102509,900.6407,3.3193057,20.530304,66.97035
2024-03-16 22:00:00,14.459778,8.858002,900.5016,3.700563,24.07666,69.07759
2024-03-16 23:00:00,14.345398,8.794464,900.73474,3.6909964,26.846008,69.292206
2024-03-17 00:00:00,14.614624,8.892548,901.2468,3.681585,31.1586,68.55008
2024-03-17 01:00:00,14.536835,8.824524,901.9123,3.7093782,36.102905,68.57949
2024-03-17 02:00:00,15.982147,9.088043,902.55554,3.6036322,39.43695,63.62296
2024-03-17 03:00:00,16.42157,8.975037,903.1213,3.2168357,37.071747,61.3962
2024-03-17 04:00:00,17.17978,9.099762,903.40515,2.7189105,30.269958,59.006756
2024-03-17 05:00:00,19.867828,9.205048,903.2618,2.1010725,11.9374695,50.22118
2024-03-17 06:00:00,20.773773,9.078369,902.72675,2.0573587,343.32312,47.084938
2024-03-17 07:00:00,21.071259,9.086151,901.9632,2.6417174,323.88547,46.255886
2024-03-17 08:00:00,22.121521,8.924072,901.13745,3.4511552,316.18954,42.90633
2024-03-17 09:00:00,22.249054,8.905609,900.41797,4.087616,314.95334,42.5214
2024-03-17 10:00:00,21.483032,9.215485,899.9709,4.222767,321.82336,45.497253
2024-03-17 11:00:00,21.334717,9.244812,900.00134,4.3918886,329.6602,46.00319
2024-03-17 12:00:00,21.111237,9.269379,900.17993,4.1561337,344.36703,46.71532
2024-03-17 13:00:00,20.808502,9.142822,900.56055,4.247303,354.1502,47.18889
2024-03-17 14:00:00,19.37738,9.598694,901.1086,4.158592,2.7034607,53.162212
2024-03-17 15:00:00,18.240234,9.446075,901.7057,4.0574317,9.17807,56.49445
2024-03-17 16:00:00,17.902557,9.431091,902.1167,3.8856006,13.124237,57.64776
2024-03-17 17:00:00,16.825653,9.359467,902.1543,3.7042081,13.536011,61.409534
2024-03-17 18:00:00,16.521667,9.343109,901.87714,3.5068111,11.824249,62.53772
2024-03-17 19:00:00,16.226135,9.321228,901.4631,3.4323738,8.192871,63.631588
2024-03-17 20:00:00,15.322937,9.1440735,901.0707,3.4873989,5.5543823,66.61595
2024-03-17 21:00:00,15.140778,9.094574,900.7439,3.6219177,4.0528564,67.17542
2024-03-17 22:00:00,14.333435,8.797638,900.44604,3.519784,9.131165,69.360695
2024-03-17 23:00:00,14.190308,8.770966,900.4373,3.5843103,9.704254,69.88
2024-03-18 00:00:00,14.422119,8.965149,900.76733,3.5765078,12.130615,69.748344
2024-03-18 01:00:00,14.390259,8.903595,901.3568,3.549656,15.77301,69.60247
2024-03-18 02:00:00,16.024658,9.141022,902.0701,3.4473255,18.893372,63.6774
2024-03-18 03:00:00,16.6268,9.040863,902.664,3.294175,20.077911,60.86986
2024-03-18 04:00:00,17.43695,9.052338,902.9378,3.02919,13.934143,57.87024
2024-03-18 05:00:00,20.23996,9.259674,902.8229,2.820858,358.93112,49.258614
2024-03-18 06:00:00,21.121552,9.110138,902.2848,3.0402102,338.25183,46.187862
2024-03-18 07:00:00,21.407257,9.17572,901.399,3.7200809,325.27206,45.58665
2024-03-18 08:00:00,22.522766,9.029388,900.4707,4.4800944,320.15277,42.170204
2024-03-18 09:00:00,22.659912,8.959839,899.66846,5.0058637,319.73007,41.624874
2024-03-18 10:00:00,21.806854,9.542908,899.31476,5.2525477,320.92407,45.598072
2024-03-18 11:00:00,21.684082,9.591003,899.1268,5.136776,328.66904,46.089943
2024-03-18 12:00:00,21.553253,9.577118,899.25806,4.5837173,340.54343,46.416912
2024-03-18 13:00:00,21.22995,9.500305,899.65515,4.291834,350.94107,47.101837
2024-03-18 14:00:00,19.763275,10.009796,900.27985,3.9919033,359.81897,53.352676
2024-03-18 15:00:00,18.53299,9.8784485,900.9084,3.7944386,5.9492493,57.099586
2024-03-18 16:00:00,18.09378,9.868988,901.32245,3.5965598,9.216888,58.657
2024-03-18 17:00:00,17.036377,9.797882,901.35986,3.4361324,9.834808,62.404484
2024-03-18 18:00:00,16.703949,9.811829,901.18304,3.3064604,8.0086975,63.79348
2024-03-18 19:00:00,16.428467,9.804779,900.8515,3.330045,5.153839,64.88964
2024-03-18 20:00:00,15.526855,9.52832,900.469,3.477113,3.7757263,67.47185
2024-03-18 21:00:00,15.378906,9.494476,900.09375,3.6956995,4.1634216,67.96019
2024-03-18 22:00:00,14.809998,9.314514,899.9409,3.9174564,7.9253845,69.64413
2024-03-18 23:00:00,14.687408,9.358612,899.96875,3.938654,11.875397,70.40513
2024-03-19 00:00:00,15.009247,9.597656,900.3457,3.9587953,15.505707,70.07705
2024-03-19 01:00:00,14.905975,9.517212,901.00336,4.027435,20.693878,70.164375
2024-03-19 02:00:00,16.48111,9.794891,901.75916,4.0075397,25.151031,64.629875
2024-03-19 03:00:00,16.938019,9.5746765,902.3649,3.913805,28.66098,61.86155
2024-03-19 04:00:00,17.652649,9.61618,902.6397,3.7638125,28.837585,59.29454
2024-03-19 05:00:00,20.345398,9.751404,902.50854,3.4965372,23.0289,50.582047
2024-03-19 06:00:00,21.317596,9.543915,902.00287,3.4409444,11.546997,46.98679
2024-03-19 07:00:00,21.564209,9.57019,901.2,3.6780446,0.043640137,46.364235
2024-03-19 08:00:00,22.470917,9.55542,900.34283,4.046244,352.49582,43.82715
2024-03-19 09:00:00,22.55899,9.658905,899.62866,4.4208193,349.73804,43.897106
2024-03-19 10:00:00,21.840027,9.903412,899.13763,4.457461,354.5263,46.619095
2024-03-19 11:00:00,21.726044,9.857483,899.1208,4.75836,359.8713,46.800644
2024-03-19 12:00:00,21.525574,10.036163,899.41565,4.691112,8.517487,47.947887
2024-03-19 13:00:00,21.237488,10.044495,899.9934,4.5919123,16.626038,48.828854
2024-03-19 14:00:00,19.737518,10.340424,900.63513,4.5319343,23.948975,54.631496
2024-03-19 15:00:00,18.695923,10.187195,901.2815,4.4842553,29.01764,57.699715
2024-03-19 16:00:00,18.324524,10.21698,901.74774,4.3545623,32.697388,59.17492
2024-03-19 17:00:00,17.266357,10.143463,901.87054,4.2156096,34.43921,62.941788
2024-03-19 18:00:00,17.01828,10.167267,901.68756,4.015807,35.16342,64.03941
2024-03-19 19:00:00,16.794678,10.148651,901.35876,3.9024613,34.02826,64.87286
2024-03-19 20:00:00,15.918213,9.923218,900.9214,3.9292283,33.365356,67.56902
2024-03-19 21:00:00,15.707092,9.810883,900.54956,4.0366096,33.388153,67.973885
2024-03-19 22:00:00,14.971436,9.694061,900.4764,4.2886963,34.11612,70.70353
2024-03-19 23:00:00,14.795319,9.559906,900.6136,4.407705,38.098328,70.86909
2024-03-20 00:00:00,15.031708,9.739807,901.02484,4.3976083,41.053864,70.64628
2024-03-20 01:00:00,15.048889,9.701843,901.67303,4.4771376,45.01599,70.38886
2024-03-20 02:00:00,16.48758,10.019928,902.3899,4.5279646,47.931946,65.58398
2024-03-20 03:00:00,16.957336,9.911072,903.0388,4.377997,49.670654,63.195007
2024-03-20 04:00:00,17.68277,10.068695,903.3357,4.0486994,48.024475,61.00344
2024-03-20 05:00:00,20.164886,10.307373,903.1855,3.762287,43.048523,53.087246
2024-03-20 06:00:00,21.016022,10.035278,902.66943,3.594728,33.425934,49.4667
2024-03-20 07:00:00,21.289215,10.092407,901.92993,3.592673,22.702576,48.830418
2024-03-20 08:00:00,22.20581,9.904663,901.12775,3.7536952,13.370728,45.594753
2024-03-20 09:00:00,22.334167,9.778717,900.4321,3.93473,8.508362,44.85993
2024-03-20 10:00:00,21.742462,10.0407715,899.98914,4.648634,4.0178223,47.33077
2024-03-20 11:00:00,21.65979,10.078033,899.8853,4.8986216,9.779846,47.6892
2024-03-20 12:00:00,21.391113,9.92627,900.0974,4.8363457,20.88855,47.990097
2024-03-20 13:00:00,21.162628,9.947174,900.57166,4.7804255,29.99884,48.73528
2024-03-20 14:00:00,19.86728,10.12735,901.1697,4.887983,38.620148,53.428085
2024-03-20 15:00:00,18.775879,9.975769,901.7046,5.0406466,45.917816,56.60622
2024-03-20 16:00:00,18.525177,9.94928,902.0541,5.130014,52.660736,57.399048
2024-03-20 17:00:00,17.582794,10.003418,902.0712,5.175451,57.475525,61.121685
2024-03-20 18:00:00,17.299469,10.00235,901.8893,5.1283464,60.611267,62.220364
2024-03-20 19:00:00,17.05783,9.905151,901.455,5.1149874,62.35782,62.769135
2024-03-20 20:00:00,16.27768,9.857086,900.9701,5.1091995,63.516266,65.745544
2024-03-20 21:00:00,16.10791,9.796692,900.5082,5.171775,64.668365,66.192505
2024-03-20 22:00:00,15.681274,9.671387,900.2327,5.7408824,69.10846,67.45253
2024-03-20 23:00:00,15.64035,9.681641,900.20557,5.7524676,70.47461,67.67598
2024-03-21 00:00:00,15.832611,9.902985,900.4861,5.7621994,72.26233,67.84768
2024-03-21 01:00:00,15.958923,9.973816,901.01685,5.787015,74.66644,67.62218
2024-03-21 02:00:00,17.321533,10.291962,901.625,5.8645983,79.527985,63.347824
2024-03-21 03:00:00,17.688354,10.39682,902.09186,5.6115584,87.45282,62.332897
2024-03-21 04:00:00,18.419098,10.619049,902.23724,5.0886793,95.32181,60.423595
2024-03-21 05:00:00,20.683746,10.920166,901.9509,4.4001145,101.26947,53.55533
2024-03-21 06:00:00,21.567719,10.924927,901.3,3.585273,103.9386,50.742798
2024-03-21 07:00:00,21.79837,11.048462,900.38556,2.6218727,102.036285,50.44438
2024-03-21 08:00:00,22.658813,11.118378,899.41125,1.7507966,93.70984,48.09267
2024-03-21 09:00:00,22.747314,11.04538,898.6481,1.2076359,73.74451,47.60412
2024-03-21 10:00:00,22.109253,11.2323,898.0189,1.8201163,34.5177,50.10375
2024-03-21 11:00:00,22.0159,11.305176,897.9634,2.2924051,39.025635,50.633472
2024-03-21 12:00:00,21.810303,11.544434,898.11487,2.8678563,49.23712,52.090668
2024-03-21 13:00:00,21.417358,11.306549,898.5486,3.4120615,58.22513,52.524548
2024-03-21 14:00:00,20.2742,11.694641,899.1844,3.8877933,65.7457,57.815666
2024-03-21 15:00:00,19.36383,11.66626,899.74524,4.180871,71.27078,61.058052
2024-03-21 16:00:00,19.054504,11.597137,900.07587,4.246306,75.67551,61.962288
2024-03-21 17:00:00,18.153381,11.592163,900.04834,4.1099973,79.16135,65.534935
2024-03-21 18:00:00,17.87201,11.553741,899.7701,3.8490746,81.60831,66.53516
2024-03-21 19:00:00,17.554016,11.437927,899.2446,3.560742,82.150085,67.36377
2024-03-21 20:00:00,16.828033,11.356201,898.66455,3.2821593,80.95395,70.148994
2024-03-21 21:00:00,16.672089,11.379242,898.1385,3.0338645,78.50827,70.95486
2024-03-21 22:00:00,16.012878,11.0911255,897.9026,2.8994322,74.73297,72.597206
2024-03-21 23:00:00,15.90683,11.037323,897.86084,2.8457034,72.29663,72.83009
2024-03-22 00:00:00,16.19168,11.250549,898.0926,2.884362,71.25104,72.53643
2024-03-22 01:00:00,16.130798,11.185425,898.57666,2.991437,72.18387,72.50498
2024-03-22 02:00:00,17.436615,11.609161,899.1392,3.0106392,78.300964,68.63724
2024-03-22 03:00:00,18.037354,11.698364,899.6614,2.40739,85.12274,66.478935
2024-03-22 04:00:00,18.65689,11.772278,899.89484,1.5806887,85.5889,64.25892
2024-03-22 05:00:00,21.043243,11.921661,899.7163,0.67416745,74.59561,55.972385
2024-03-22 06:00:00,21.890533,11.716583,899.0835,0.48395288,310.6315,52.4289
2024-03-22 07:00:00,22.12857,11.612366,898.18555,1.5202185,295.135,51.31906
2024-03-22 08:00:00,23.148346,11.387848,897.2064,2.4026854,297.22595,47.52858
2024-03-22 09:00:00,23.289185,11.312653,896.4387,3.0059752,302.34213,46.891857
2024-03-22 10:00:00,22.688202,11.696686,895.92267,3.4334862,304.75635,49.879448
2024-03-22 11:00:00,22.527618,11.669983,895.84296,3.1459112,318.74792,50.279312
2024-03-22 12:00:00,22.290955,11.735657,896.024,2.5219,341.92676,51.22951
2024-03-22 13:00:00,21.961334,11.720306,896.3968,2.324619,4.0061646,52.215736
2024-03-22 14:00:00,20.687653,12.123291,896.9804,2.295349,21.556091,57.974613
2024-03-22 15:00:00,19.632355,12.0564575,897.50397,2.232864,34.303833,61.6123
2024-03-22 16:00:00,19.331604,12.040497,897.8865,2.0836444,43.53836,62.70894
2024-03-22 17:00:00,18.35608,11.983185,897.96484,1.8595304,48.35907,66.39753
2024-03-22 18:00:00,18.005768,11.938538,897.8211,1.6032268,48.64093,67.67452
2024-03-22 19:00:00,17.7258,12.011047,897.4844,1.4299242,44.456818,69.20711
2024-03-22 20:00:00,16.896088,11.8411255,897.1131,1.3688496,36.388153,72.120705
2024-03-22 21:00:00,16.636871,11.690796,896.812,1.4038714,29.665009,72.59334
2024-03-22 22:00:00,15.861084,11.356049,896.6987,1.7919788,24.388733,74.60255
2024-03-22 23:00:00,15.676361,11.265411,896.7545,1.941667,26.445404,75.0374
2024-03-23 00:00:00,16.023193,11.455566,897.0809,2.0453022,31.22107,74.32191
2024-03-23 01:00:00,16.05545,11.473358,897.7849,2.0946496,37.65567,74.25639
2024-03-23 02:00:00,17.551208,12.009857,898.6141,1.9454894,40.927948,69.96749
2024-03-23 03:00:00,17.953674,11.914825,899.295,1.5740298,30.67865,67.79052
2024-03-23 04:00:00,18.636353,11.715546,899.6041,1.3237058,16.099579,64.10111
2024-03-23 05:00:00,21.027008,11.740509,899.4893,1.2449367,352.90894,55.362926
2024-03-23 06:00:00,21.904083,11.496521,899.02576,1.521259,328.6503,51.629536
2024-03-23 07:00:00,22.126892,11.495178,898.253,2.1895971,313.66193,50.92835
2024-03-23 08:00:00,23.145111,11.21405,897.4308,2.9151561,308.3189,46.99393
2024-03-23 09:00:00,23.248535,11.096008,896.701,3.44374,308.17456,46.337082
2024-03-23 10:00:00,22.534546,11.368652,896.3683,3.8562238,318.8902,49.266953
2024-03-23 11:00:00,22.458618,11.424316,896.3855,3.605588,323.00446,49.677372
2024-03-23 12:00:00,22.275787,11.310608,896.6489,2.7569337,335.49063,49.856167
2024-03-23 13:00:00,21.884125,11.161743,897.13635,2.295877,348.79254,50.55939
2024-03-23 14:00:00,20.619293,11.585754,897.8295,1.952638,3.4302368,56.192112
2024-03-23 15:00:00,19.560242,11.620392,898.59186,1.7319583,14.571228,60.134644
2024-03-23 16:00:00,19.290009,11.682861,899.0991,1.4991045,20.149048,61.40647
2024-03-23 17:00:00,18.349335,11.607941,899.32306,1.2451867,20.200104,64.80167
2024-03-23 18:00:00,18.08435,11.5373535,899.231,1.0052232,11.680908,65.58171
2024-03-23 19:00:00,17.845184,11.504456,899.02686,0.96103644,359.52054,66.43082
2024-03-23 20:00:00,16.89502,11.261261,898.7006,1.1243066,349.81808,69.413895
2024-03-23 21:00:00,16.77472,11.24762,898.44586,1.3471204,348.3444,69.88239
2024-03-23 22:00:00,16.192505,11.103455,898.49945,1.0487878,1.4328308,71.828865
2024-03-23 23:00:00,16.023682,11.08136,898.6912,1.124514,9.829041,72.50019
2024-03-24 00:00:00,16.19934,11.138184,899.0991,1.2507613,20.810669,71.96311
2024-03-24 01:00:00,16.189972,11.088745,899.7615,1.4420947,33.766388,71.77042
2024-03-24 02:00:00,17.61493,11.513123,900.5923,1.4501804,42.07071,67.44
2024-03-24 03:00:00,18.377197,11.569489,901.3418,1.2418517,42.481476,64.52444
2024-03-24 04:00:00,19.060883,11.502747,901.73663,0.9341839,23.941986,61.552483
2024-03-24 05:00:00,21.315308,11.641724,901.69336,0.91953707,352.7009,54.038555
2024-03-24 06:00:00,22.117035,11.428406,901.3276,1.2827777,325.23862,50.734425
2024-03-24 07:00:00,22.391571,11.367981,900.65485,1.9167162,310.97485,49.694664
2024-03-24 08:00:00,23.325226,11.22641,899.8233,2.5063524,307.42834,46.523415
2024-03-24 09:00:00,23.506622,11.052399,899.1654,2.8292668,309.85263,45.489166
2024-03-24 10:00:00,22.953796,11.674927,898.74475,3.0619142,315.05457,49.012547
2024-03-24 11:00:00,22.83429,11.679901,898.86597,2.7448063,329.244,49.384834
2024-03-24 12:00:00,22.665863,11.799072,899.1154,2.5140445,355.9427,50.28568
2024-03-24 13:00:00,22.22754,11.737244,899.5611,2.6139386,16.21997,51.433002
2024-03-24 14:00:00,21.090393,11.9947815,900.1443,2.778905,32.600494,56.080036
2024-03-24 15:00:00,19.832703,11.983276,900.7351,2.896738,41.100586,60.558754
2024-03-24 16:00:00,19.506958,12.017731,901.201,2.9356096,44.87372,61.93595
2024-03-24 17:00:00,18.821686,12.06369,901.332,2.9100363,45.165955,64.833534
2024-03-24 18:00:00,18.13321,11.928986,901.125,2.8855386,42.717163,67.092575
2024-03-24 19:00:00,17.80597,11.906494,900.7457,2.8810341,37.582092,68.38593
2024-03-24 20:00:00,17.202454,11.8585205,900.3558,3.0122032,30.633942,70.81621
2024-03-24 21:00:00,16.883667,11.799225,900.0006,3.2580338,25.535828,71.97834
2024-03-24 22:00:00,16.528992,11.97052,899.82153,3.3337748,29.081085,74.45349
2024-03-24 23:00:00,16.376434,11.954834,899.89575,3.5986748,28.542847,75.101944
2024-03-25 00:00:00,16.617126,12.081787,900.26385,3.8587224,29.086792,74.582
2024-03-25 01:00:00,16.63974,12.098755,900.8371,4.0253263,31.364777,74.55815
2024-03-25 02:00:00,17.92453,12.422424,901.4734,4.0363727,31.053497,70.22044
2024-03-25 03:00:00,18.522644,12.385712,902.00836,3.9268105,29.763641,67.470764
2024-03-25 04:00:00,19.306702,12.379639,902.29456,3.7803593,26.384155,64.22234
2024-03-25 05:00:00,21.314758,12.281097,902.1928,3.6518276,19.637695,56.36512
2024-03-25 06:00:00,22.203796,12.12027,901.6887,3.6456215,9.992065,52.823902
2024-03-25 07:00:00,22.493103,12.054504,900.9205,3.8067226,358.6926,51.67842
2024-03-25 08:00:00,23.371521,11.90921,900.0239,4.2385454,349.10916,48.53474
2024-03-25 09:00:00,23.583374,11.750244,899.27576,4.757059,344.1048,47.418915
2024-03-25 10:00:00,22.864807,12.058441,898.77673,5.393368,341.67764,50.539177
2024-03-25 11:00:00,22.760101,11.986969,898.72235,5.54783,345.2888,50.622135
2024-03-25 12:00:00,22.559143,12.043549,898.9397,5.071258,352.1618,51.434444
2024-03-25 13:00:00,22.201874,11.978729,899.34076,4.6557236,356.66904,52.340145
2024-03-25 14:00:00,21.06314,12.29715,899.8848,4.378048,359.87155,57.30244
2024-03-25 15:00:00,19.78244,12.30484,900.5229,4.115213,1.6781311,62.046444
2024-03-25 16:00:00,19.483032,12.263763,901.02094,3.8329778,2.8444824,63.040195
2024-03-25 17:00:00,18.583282,12.118317,901.1781,3.591659,1.9781799,66.0442
2024-03-25 18:00:00,18.316376,12.086212,901.0262,3.3641984,359.69446,67.01607
2024-03-25 19:00:00,17.998993,12.080475,900.67017,3.2474415,357.5208,68.33912
2024-03-25 20:00:00,17.27655,11.820831,900.2651,3.1766207,355.68878,70.31025
2024-03-25 21:00:00,16.957825,11.60495,899.907,3.1152582,356.06555,70.72796
2024-03-25 22:00:00,16.35318,11.471313,899.66296,2.7263832,5.4943542,72.85073
2024-03-25 23:00:00,16.23294,11.437439,899.7382,2.598398,8.652374,73.246506
2024-03-26 00:00:00,16.471466,11.529419,900.13513,2.4451725,13.8932495,72.58272
2024-03-26 01:00:00,16.495178,11.5199585,900.8088,2.3374028,21.461975,72.42804
2024-03-26 02:00:00,17.89978,11.7821045,901.53156,2.1576767,25.234009,67.42808
2024-03-26 03:00:00,18.40683,11.604919,902.15094,1.8481014,19.179474,64.55567
2024-03-26 04:00:00,19.131012,11.634186,902.4953,1.6463119,359.5094,61.81857
2024-03-26 05:00:00,21.49997,11.451263,902.4687,1.7717984,335.22568,52.762432
2024-03-26 06:00:00,22.293823,11.308105,902.04565,2.411581,318.04788,49.793213
2024-03-26 07:00:00,22.566376,11.368774,901.3152,3.2967262,310.74725,49.172222
2024-03-26 08:00:00,23.499786,11.277618,900.48096,4.107608,309.46408,46.19242
2024-03-26 09:00:00,23.625854,11.163635,899.82306,4.6857176,310.63666,45.49786
2024-03-26 10:00:00,23.119873,11.563263,899.4856,4.6604924,315.98083,48.165947
2024-03-26 11:00:00,23.028534,11.538544,899.533,4.5592833,320.98953,48.35375
2024-03-26 12:00:00,22.80542,11.523682,899.8056,3.7700477,332.2719,48.963394
2024-03-26 13:00:00,22.483307,11.590363,900.3681,3.2088997,343.54984,50.150417
2024-03-26 14:00:00,21.058044,11.787109,901.0792,2.7151833,356.27563,55.427628
2024-03-26 15:00:00,20.065063,11.738586,901.76776,2.357616,6.4555054,58.73825
2024-03-26 16:00:00,19.842957,11.700378,902.25616,2.0251029,13.999573,59.40183
2024-03-26 17:00:00,18.83899,11.760681,902.4359,1.7464304,18.916748,63.48308
2024-03-26 18:00:00,18.534302,11.637695,902.36914,1.5315788,18.024384,64.18106
2024-03-26 19:00:00,18.265076,11.634277,902.07227,1.4182111,15.3541565,65.258415
2024-03-26 20:00:00,17.366547,11.398712,901.76624,1.4100902,10.809448,67.98906
2024-03-26 21:00:00,17.18161,11.363251,901.46375,1.4739089,9.375916,68.62732
2024-03-26 22:00:00,16.680511,11.329041,901.5022,1.9855107,13.6996155,70.68166
2024-03-26 23:00:00,16.565826,11.333435,901.6982,2.0244334,20.000153,71.219246
2024-03-27 00:00:00,16.777222,11.397156,902.1082,2.086877,25.252167,70.566475
2024-03-27 01:00:00,16.84079,11.393707,902.73303,2.2136345,31.679993,70.26644
2024-03-27 02:00:00,18.454407,11.855591,903.3748,2.1853335,37.72644,65.437126
2024-03-27 03:00:00,19.044067,11.853668,903.9593,1.9219381,38.201904,63.06129
2024-03-27 04:00:00,19.708221,11.972839,904.25275,1.4819089,33.21747,60.986168
2024-03-27 05:00:00,22.11383,12.233856,904.1931,1.0586754,15.83194,53.512394
2024-03-27 06:00:00,23.028625,12.100494,903.7441,1.0930345,337.80194,50.179066
2024-03-27 07:00:00,23.28543,12.185028,902.99603,1.8159548,317.43906,49.681606
2024-03-27 08:00:00,24.295898,12.170898,902.09,2.699263,312.5515,46.70782
2024-03-27 09:00:00,24.386627,12.143982,901.27155,3.3625984,313.70184,46.37244
2024-03-27 10:00:00,23.671753,12.584839,900.7124,3.587598,320.02673,49.828533
2024-03-27 11:00:00,23.490784,12.562439,900.53516,3.5643232,327.9963,50.30097
2024-03-27 12:00:00,23.294312,12.650452,900.6114,2.9929764,342.56232,51.195347
2024-03-27 13:00:00,22.914001,12.674561,900.9597,2.7071037,355.45975,52.469254
2024-03-27 14:00:00,21.638,12.819977,901.5252,2.470252,8.421722,57.24822
2024-03-27 15:00:00,20.485687,12.715759,902.15625,2.3345666,17.300049,61.0286
2024-03-27 16:00:00,20.131714,12.734222,902.6145,2.146093,23.59491,62.45302
2024-03-27 17:00:00,19.204498,12.610382,902.78174,1.9846752,26.499146,65.618095
2024-03-27 18:00:00,18.855743,12.574646,902.6364,1.8238403,23.116577,66.90414
2024-03-27 19:00:00,18.622375,12.585724,902.2724,1.7715038,13.991394,67.936554
2024-03-27 20:00:00,17.755249,12.389435,901.74414,1.8479527,5.485077,70.819046
2024-03-27 21:00:00,17.57193,12.428986,901.2082,1.9972458,0.6451721,71.82827
2024-03-27 22:00:00,17.02417,12.346191,900.92346,2.3027086,16.404816,73.955376
2024-03-27 23:00:00,16.93924,12.363312,900.8523,2.3705437,16.28357,74.438034
2024-03-28 00:00:00,17.222778,12.4939575,901.0379,2.4195504,17.680634,73.743416
2024-03-28 01:00:00,17.374329,12.602722,901.4455,2.4987323,21.101715,73.56325
2024-03-28 02:00:00,18.869965,13.026642,902.00885,2.4535704,25.191742,68.85156
2024-03-28 03:00:00,19.49643,13.022339,902.4575,2.2238004,26.179413,66.19766
2024-03-28 04:00:00,20.049438,13.003357,902.59357,1.8544149,16.075378,63.88654
2024-03-28 05:00:00,22.512024,13.217194,902.33826,1.6782402,354.40723,55.70557
2024-03-28 06:00:00,23.344025,13.010773,901.78577,2.0200071,331.18985,52.25954
2024-03-28 07:00:00,23.665802,13.022308,901.0111,2.631294,317.30524,51.294083
2024-03-28 08:00:00,24.637146,12.793945,900.1142,3.2781863,312.02933,47.672783
2024-03-28 09:00:00,24.733124,12.676422,899.33014,3.7087839,310.0094,47.03678
2024-03-28 10:00:00,24.023804,13.095673,898.8681,3.6098275,306.61957,50.442623
2024-03-28 11:00:00,23.901978,13.114868,898.68164,3.4121666,313.53354,50.876965
2024-03-28 12:00:00,23.770752,13.326813,898.7403,2.591345,327.594,51.99395
2024-03-28 13:00:00,23.392914,13.415009,899.0231,1.9621873,341.5574,53.497852
2024-03-28 14:00:00,22.046722,13.511871,899.5481,1.4733129,353.02167,58.41627
2024-03-28 15:00:00,21.046875,13.48587,900.1121,1.168257,1.082428,61.996716
2024-03-28 16:00:00,20.753113,13.514038,900.5073,0.8922369,8.185852,63.242596
2024-03-28 17:00:00,19.78656,13.430908,900.59784,0.576954,10.463257,66.771965
2024-03-28 18:00:00,19.43216,13.404266,900.43225,0.2816724,353.26306,68.139336
2024-03-28 19:00:00,19.180664,13.3396,900.0362,0.23963493,294.6678,68.92328
2024-03-28 20:00:00,18.46402,13.251282,899.4902,0.41917205,278.2803,71.66513
2024-03-28 21:00:00,18.31488,13.187195,898.974,0.57333094,277.08386,72.03638
2024-03-28 22:00:00,17.681458,13.038696,898.728,0.585257,281.99127,74.239456
2024-03-28 23:00:00,17.586182,13.015442,898.728,0.58042,284.75156,74.57332
2024-03-29 00:00:00,17.90033,13.198212,899.0723,0.54521817,289.24863,73.989876
2024-03-29 01:00:00,18.002167,13.24234,899.5929,0.3234443,292.54108,73.72948
2024-03-29 02:00:00,19.500977,13.773071,900.29553,0.37146404,255.30414,69.495705
2024-03-29 03:00:00,20.027771,13.830292,900.914,0.8869703,247.18509,67.51216
2024-03-29 04:00:00,20.482483,13.642761,901.2985,1.5390882,254.17969,64.8468
2024-03-29 05:00:00,22.826141,13.9262085,901.2315,2.1785758,256.4965,57.23378
2024-03-29 06:00:00,23.621826,13.5278015,900.85175,2.8324745,259.4977,53.153442
2024-03-29 07:00:00,23.902435,13.425842,900.1806,3.4461417,263.34326,51.91769
2024-03-29 08:00:00,24.809814,13.177429,899.4345,3.951838,268.1101,48.380894
2024-03-29 09:00:00,24.921265,13.074554,898.73944,4.2937584,272.75165,47.738483
2024-03-29 10:00:00,24.149902,13.386475,898.26483,3.917198,275.7843,51.02077
2024-03-29 11:00:00,23.991394,13.402527,898.1768,3.458144,277.4355,51.56252
2024-03-29 12:00:00,23.798248,13.496948,898.2752,2.6589286,277.13928,52.48643
2024-03-29 13:00:00,23.483826,13.5914,898.56384,2.075219,278.52173,53.819614
2024-03-29 14:00:00,22.226898,13.66449,899.1333,1.5961144,277.50342,58.355026
2024-03-29 15:00:00,21.095673,13.426178,899.76447,1.3062854,268.57693,61.571457
2024-03-29 16:00:00,20.846497,13.455963,900.247,1.1950579,251.55809,62.642944
2024-03-29 17:00:00,19.911499,13.382751,900.42334,1.3351616,237.72595,66.04939
2024-03-29 18:00:00,19.630524,13.377014,900.39233,1.6196355,230.60817,67.185326
2024-03-29 19:00:00,19.340332,13.400543,900.1703,1.8611891,230.95166,68.513016
2024-03-29 20:00:00,18.532196,13.201843,899.8875,1.9620657,232.75385,71.130066
2024-03-29 21:00:00,18.386597,13.219238,899.62305,1.9979107,234.47383,71.86329
2024-03-29 22:00:00,17.705658,13.051178,899.63055,1.4469552,244.12509,74.1868
2024-03-29 23:00:00,17.565155,12.995911,899.7634,1.3103762,241.99374,74.57706
2024-03-30 00:00:00,17.851837,13.199371,900.1186,1.0597017,236.85199,74.2216
2024-03-30 01:00:00,17.986908,13.21521,900.61346,0.7334952,222.26472,73.66976
2024-03-30 02:00:00,19.609528,13.658752,901.27264,0.75633645,209.56445,68.5178
2024-03-30 03:00:00,20.073822,13.553528,901.8282,1.1418862,218.36935,66.11999
2024-03-30 04:00:00,20.544617,13.341675,902.1216,1.6286281,229.8109,63.345104
2024-03-30 05:00:00,22.838745,13.515778,902.04596,2.2387986,233.70496,55.685074
2024-03-30 06:00:00,23.65805,13.262573,901.65295,3.0352674,236.28363,52.129143
2024-03-30 07:00:00,23.885345,13.164856,901.0053,3.791867,238.73755,51.0943
2024-03-30 08:00:00,24.72644,12.949524,900.23615,4.4091907,242.69678,47.90405
2024-03-30 09:00:00,24.83899,12.919342,899.4679,4.7928953,246.0841,47.489357
2024-03-30 10:00:00,24.000824,13.079071,898.94055,4.5325437,250.90033,50.457592
2024-03-30 11:00:00,23.865082,13.145447,898.7869,4.1059217,251.25296,51.09183
2024-03-30 12:00:00,23.672302,13.270264,898.92377,3.3042722,249.236,52.110542
2024-03-30 13:00:00,23.227722,13.146118,899.37225,2.6428053,245.45021,53.0951
2024-03-30 14:00:00,22.072601,13.436615,900.03357,2.2653255,238.31842,58.039154
2024-03-30 15:00:00,20.955078,13.372437,900.7699,2.1611795,231.29745,61.888504
2024-03-30 16:00:00,20.67685,13.390533,901.29,2.2015162,226.05753,63.031364
2024-03-30 17:00:00,19.794098,13.273224,901.5307,2.3321192,224.7234,66.05851
2024-03-30 18:00:00,19.454163,13.161926,901.435,2.4569082,225.85904,66.97951
2024-03-30 19:00:00,19.23877,13.192413,901.15466,2.524202,228.79178,68.01834
2024-03-30 20:00:00,18.442017,12.966309,900.77344,2.5604615,233.01071,70.44117
2024-03-30 21:00:00,18.24884,12.897003,900.5057,2.5492518,237.08734,70.977165
2024-03-30 22:00:00,17.65622,12.733643,900.42523,2.727781,234.88211,72.88887
2024-03-30 23:00:00,17.557556,12.688812,900.6211,2.5472343,241.04224,73.1287
2024-03-31 00:00:00,17.730377,12.788544,900.9997,2.442124,246.25749,72.810295
2024-03-31 01:00:00,17.8284,12.755035,901.552,2.2910655,249.57724,72.203705
2024-03-31 02:00:00,19.263885,13.161285,902.2035,2.647581,252.68555,67.77427
2024-03-31 03:00:00,19.697937,13.068756,902.69135,3.4038076,255.71683,65.572945
2024-03-31 04:00:00,20.131775,12.9470215,902.80554,4.22003,260.69693,63.32833
2024-03-31 05:00:00,22.264648,12.904968,902.579,4.994888,264.1738,55.40828
2024-03-31 06:00:00,23.21347,12.632874,902.0502,5.6770225,266.14484,51.386757
2024-03-31 07:00:00,23.442352,12.446045,901.3218,6.312875,267.78107,50.064415
2024-03-31 08:00:00,24.35202,12.162628,900.4495,6.83334,269.87564,46.525703
2024-03-31 09:00:00,24.443542,12.056641,899.6143,7.2055984,272.67587,45.949795
2024-03-31 10:00:00,23.573029,12.317169,898.94196,6.838879,275.29504,49.25298
2024-03-31 11:00:00,23.440155,12.283081,898.69196,6.225781,278.4377,49.53808
2024-03-31 12:00:00,23.251923,12.3836975,898.73883,5.1221976,281.63733,50.43639
2024-03-31 13:00:00,22.990906,12.311279,899.04584,4.323726,282.11838,50.995605
2024-03-31 14:00:00,21.620941,12.454956,899.42505,3.8973384,283.1709,55.953503
2024-03-31 15:00:00,20.751282,12.235657,899.8402,3.6214223,283.98947,58.176224
2024-03-31 16:00:00,20.426178,12.3949585,900.0846,3.446643,282.8382,59.978092
2024-03-31 17:00:00,19.330109,12.360443,900.0281,3.4003952,280.15765,64.048096
2024-03-31 18:00:00,19.02652,12.258972,899.69653,3.4534373,277.82825,64.837326
2024-03-31 19:00:00,18.789276,12.24231,899.1989,3.5914087,276.8787,65.73272
2024-03-31 20:00:00,17.958374,12.043274,898.6866,3.71946,276.42358,68.34628
2024-03-31 21:00:00,17.737152,12.116089,898.2357,3.803701,277.06262,69.63745
2024-03-31 22:00:00,17.080902,11.860046,898.02765,3.8433673,281.30362,71.37019
2024-03-31 23:00:00,16.983337,11.782166,898.07635,3.6549096,280.1264,71.44465
