timestamp,temperature_C,dewpoint_C,pressure_hPa,wind_speed_kmh,wind_direction_deg,relative_humidity_pct
2019-04-01 00:00:00,16.640442,10.980713,899.163,2.68557,250.03929,69.24418
2019-04-01 01:00:00,16.6492,10.937317,899.8196,2.3599494,245.4357,69.00654
2019-04-01 02:00:00,18.023926,11.245148,900.57385,2.3065937,241.50876,64.57054
2019-04-01 03:00:00,18.411621,11.3029785,901.174,2.3672974,241.67445,63.260277
2019-04-01 04:00:00,19.127197,11.268768,901.44696,2.488312,246.01138,60.356754
2019-04-01 05:00:00,21.576355,11.245605,901.32513,2.80131,250.17996,51.8063
2019-04-01 06:00:00,22.480286,11.055817,900.87134,3.3919165,256.08807,48.415497
2019-04-01 07:00:00,22.845093,11.17868,900.14813,4.1500506,262.02768,47.743
2019-04-01 08:00:00,23.863007,10.8506775,899.37714,4.872966,267.30685,43.931057
2019-04-01 09:00:00,23.945404,10.709991,898.69305,5.282431,272.19022,43.306988
2019-04-01 10:00:00,23.310974,11.245728,898.23315,5.3271556,275.88467,46.623085
2019-04-01 11:00:00,23.223877,11.181183,898.09784,4.928924,280.40662,46.668976
2019-04-01 12:00:00,23.038177,10.979309,898.24896,3.9055562,283.2726,46.568142
2019-04-01 13:00:00,22.736847,10.751404,898.77295,2.9441326,284.26355,46.71317
2019-04-01 14:00:00,21.39975,11.069397,899.5299,2.3245053,285.26352,51.761246
2019-04-01 15:00:00,19.949585,11.2743225,900.2289,1.8920832,283.0581,57.371475
2019-04-01 16:00:00,19.50998,11.05307,900.6216,1.5777056,276.1965,58.09926
2019-04-01 17:00:00,18.676666,11.133759,900.6433,1.4991659,265.57413,61.525578
2019-04-01 18:00:00,18.284119,10.938629,900.3549,1.5547636,257.09952,62.24578
2019-04-01 19:00:00,18.002289,10.811951,899.8989,1.6556975,252.38992,62.826164
2019-04-01 20:00:00,17.13211,10.8246155,899.4272,1.7069708,250.39755,66.42657
2019-04-01 21:00:00,16.892944,10.769226,899.03876,1.7183493,251.14684,67.19264
2019-04-01 22:00:00,16.270935,10.515076,898.8511,1.3183199,248.58621,68.72936
2019-04-01 23:00:00,16.174713,10.524811,899.02167,1.2931896,243.39407,69.196976
2019-04-02 00:00:00,16.615326,10.882721,899.45514,1.2527859,238.0848,68.90488
2019-04-02 01:00:00,16.712585,11.004028,900.0682,1.2030355,230.28307,69.03441
2019-04-02 02:00:00,17.922974,11.23053,900.75745,1.340961,223.2138,64.91881
2019-04-02 03:00:00,18.51828,11.424408,901.2872,1.6996106,223.62604,63.34612
2019-04-02 04:00:00,19.3443,11.625061,901.5349,2.1466002,228.05031,60.966194
2019-04-02 05:00:00,21.709137,11.445831,901.4118,2.7443266,237.04797,52.07302
2019-04-02 06:00:00,22.797516,11.059814,900.9021,3.4722402,249.18939,47.504944
2019-04-02 07:00:00,23.122314,11.134216,900.08276,4.2769694,259.9668,46.810375
2019-04-02 08:00:00,24.153503,10.585236,899.1986,5.031723,267.3554,42.415524
2019-04-02 09:00:00,24.217651,10.594849,898.39825,5.53528,272.63275,42.279675
2019-04-02 10:00:00,23.435944,11.120972,897.7623,5.5244584,280.8045,45.89174
2019-04-02 11:00:00,23.342987,11.10614,897.5528,5.2013497,283.82446,46.104523
2019-04-02 12:00:00,23.128754,10.847473,897.7114,4.206224,285.01086,45.909943
2019-04-02 13:00:00,22.762634,10.470154,898.23444,3.3177657,286.04187,45.774952
2019-04-02 14:00:00,21.437561,10.846771,898.8736,2.59391,288.27753,50.883778
2019-04-02 15:00:00,19.923248,11.223633,899.4725,2.0308015,288.5922,57.272507
2019-04-02 16:00:00,19.67508,11.218994,899.88904,1.5813398,285.7251,58.142746
2019-04-02 17:00:00,18.691162,11.203583,900.0261,1.335909,276.5114,61.75499
2019-04-02 18:00:00,18.212463,11.033752,899.8781,1.2796272,270.24564,62.922333
2019-04-02 19:00:00,17.963043,10.916565,899.55896,1.269948,265.01578,63.420696
2019-04-02 20:00:00,17.097046,10.73465,899.14307,1.2697504,265.11176,66.17709
2019-04-02 21:00:00,16.863281,10.615814,898.8336,1.1677461,265.57196,66.63548
2019-04-02 22:00:00,16.227295,10.601257,898.75116,1.1245003,270.55435,69.3175
2019-04-02 23:00:00,16.185211,10.690918,898.89624,0.84395754,270.0548,69.9197
2019-04-03 00:00:00,16.507263,10.930786,899.29193,0.52713543,258.60925,69.60164
2019-04-03 01:00:00,16.726196,11.121094,899.914,0.27344644,191.99754,69.512566
2019-04-03 02:00:00,18.145996,11.294159,900.57056,0.5467285,161.3664,64.28562
2019-04-03 03:00:00,18.694733,11.517181,901.1119,0.68435866,172.17474,63.03611
2019-04-03 04:00:00,19.496582,11.5911255,901.36273,0.78780496,212.63028,60.256367
2019-04-03 05:00:00,22.102112,11.408112,901.29,1.180554,240.26611,50.712437
2019-04-03 06:00:00,23.107727,11.088043,900.836,1.7558886,257.475,46.70844
2019-04-03 07:00:00,23.3956,11.087128,900.099,2.370805,268.28815,45.900433
2019-04-03 08:00:00,24.470795,10.565155,899.25946,2.9534616,275.23172,41.561005
2019-04-03 09:00:00,24.522156,10.592224,898.51794,3.3047307,280.17596,41.508198
2019-04-03 10:00:00,23.97049,11.487671,897.93896,3.3976781,286.5918,45.530617
2019-04-03 11:00:00,23.879913,11.441437,897.9278,2.9988823,290.2592,45.63939
2019-04-03 12:00:00,23.589111,11.201538,898.27045,2.0214562,291.59595,45.71339
2019-04-03 13:00:00,23.289581,10.92865,898.87494,1.2292686,293.03796,45.711792
2019-04-03 14:00:00,21.866333,11.491333,899.60443,0.48525903,286.417,51.730877
2019-04-03 15:00:00,20.527832,11.547943,900.3139,0.28326586,177.4436,56.368774
2019-04-03 16:00:00,20.14856,11.414276,900.8512,0.73057896,157.88422,57.196774
2019-04-03 17:00:00,19.140198,11.561768,901.0864,1.0909126,163.19025,61.48831
2019-04-03 18:00:00,18.810211,11.478455,901.036,1.2536438,170.2605,62.422733
2019-04-03 19:00:00,18.62384,11.436127,900.7445,1.3684653,178.9079,62.97777
2019-04-03 20:00:00,17.768494,11.351349,900.302,1.4060004,186.71344,66.07964
2019-04-03 21:00:00,17.448822,11.262085,899.89874,1.4262465,194.51913,67.02771
2019-04-03 22:00:00,16.85913,11.1588745,899.74854,1.1399906,185.54102,69.10161
2019-04-03 23:00:00,16.744873,11.144379,899.8883,1.1703103,185.88297,69.537476
2019-04-04 00:00:00,17.1073,11.451202,900.3688,1.2444808,179.41174,69.353165
2019-04-04 01:00:00,17.218689,11.5243225,901.0854,1.3598641,171.47034,69.199875
2019-04-04 02:00:00,18.54477,11.737762,901.84125,1.6036508,167.99707,64.56414
2019-04-04 03:00:00,19.133087,11.904022,902.43463,1.6675103,178.50183,62.920803
2019-04-04 04:00:00,19.883453,12.226166,902.67633,1.8139056,195.44502,61.341167
2019-04-04 05:00:00,22.23114,12.062866,902.5394,2.1013834,212.49231,52.5372
2019-04-04 06:00:00,23.25879,11.754181,902.1328,2.4535997,227.96037,48.369205
2019-04-04 07:00:00,23.569122,11.767761,901.4631,2.850771,243.43274,47.514553
2019-04-04 08:00:00,24.631805,11.2204895,900.66174,3.2860858,254.85574,42.99418
2019-04-04 09:00:00,24.661163,11.249481,899.85803,3.5734053,263.31766,43.0013
2019-04-04 10:00:00,24.034607,11.99588,899.1182,3.358118,275.1754,46.90243
2019-04-04 11:00:00,23.91867,11.874054,898.9761,3.012991,277.39206,46.852684
2019-04-04 12:00:00,23.602112,11.59494,899.1005,2.2215362,272.02124,46.882214
2019-04-04 13:00:00,23.230408,11.474396,899.51166,1.6828262,264.98093,47.564976
2019-04-04 14:00:00,21.849731,11.879852,900.10583,1.3362546,249.02046,53.12871
2019-04-04 15:00:00,20.5654,11.857483,900.7009,1.2787647,226.14241,57.399292
2019-04-04 16:00:00,20.261078,11.7873535,901.10974,1.4730599,208.77835,58.21765
2019-04-04 17:00:00,19.109894,11.639832,901.1967,1.728554,202.59499,61.923073
2019-04-04 18:00:00,18.767853,11.637878,901.01294,1.9202799,203.17651,63.25105
2019-04-04 19:00:00,18.448761,11.515839,900.62256,2.0644364,206.55779,64.00837
2019-04-04 20:00:00,17.599182,11.455292,900.15076,2.1297069,209.60869,67.24936
2019-04-04 21:00:00,17.315674,11.348511,899.7609,2.1332636,212.21092,67.981705
2019-04-04 22:00:00,16.626282,11.208527,899.6704,1.808034,217.53494,70.36166
2019-04-04 23:00:00,16.520233,11.161041,899.7823,1.7143866,215.54942,70.614914
2019-04-05 00:00:00,16.87793,11.487396,900.1793,1.6206827,211.74698,70.536896
2019-04-05 01:00:00,16.9776,11.5177,900.88086,1.5655708,204.55876,70.23328
2019-04-05 02:00:00,18.540619,11.919586,901.5891,1.6507891,198.70985,65.35992
2019-04-05 03:00:00,19.260284,12.176117,902.10956,1.8593845,204.13751,63.55254
2019-04-05 04:00:00,20.02008,12.431671,902.3658,2.1942196,214.03096,61.65092
2019-04-05 05:00:00,22.222168,12.475494,902.2382,2.6063907,225.74359,54.010807
2019-04-05 06:00:00,23.31076,12.089813,901.8603,3.1045556,237.53253,49.295937
2019-04-05 07:00:00,23.629639,12.150513,901.19995,3.6063797,247.5517,48.550476
2019-04-05 08:00:00,24.72705,11.84964,900.5064,4.0294385,256.46118,44.565342
2019-04-05 09:00:00,24.997467,11.664581,899.7667,4.289306,263.16656,43.31968
2019-04-05 10:00:00,24.290619,12.266418,899.1665,4.104417,265.82443,47.016937
2019-04-05 11:00:00,24.133087,12.2065735,899.0041,3.806163,270.73236,47.276905
2019-04-05 12:00:00,23.89035,12.124329,899.194,3.0532105,271.23505,47.712456
2019-04-05 13:00:00,23.356567,11.819366,899.752,2.350244,269.0468,48.29169
2019-04-05 14:00:00,21.943909,12.135559,900.4559,1.8136629,261.38934,53.721256
2019-04-05 15:00:00,20.711243,12.185425,901.1423,1.6197569,252.33356,58.12752
2019-04-05 16:00:00,20.304688,12.19519,901.49194,1.554411,243.85992,59.64167
2019-04-05 17:00:00,19.418884,12.176819,901.4839,1.6937761,241.33122,62.931355
2019-04-05 18:00:00,19.115997,12.091461,901.14404,1.8447636,242.68976,63.7702
2019-04-05 19:00:00,18.792267,11.94928,900.69775,2.0066402,247.37592,64.46528
2019-04-05 20:00:00,18.034088,11.866516,900.2851,2.0611246,251.9032,67.234276
2019-04-05 21:00:00,17.732025,11.87561,899.8848,2.0666327,259.16895,68.56541
2019-04-05 22:00:00,17.167755,11.7595215,899.7626,1.9092412,265.86243,70.50994
2019-04-05 23:00:00,16.960327,11.692078,899.8007,1.8861887,278.0503,71.12479
2019-04-06 00:00:00,17.289581,12.003296,900.1446,1.7931617,288.1791,71.10222
2019-04-06 01:00:00,17.535675,12.237244,900.8072,1.5791095,297.5697,71.09172
2019-04-06 02:00:00,18.802887,12.400635,901.4445,1.42283,304.0924,66.36346
2019-04-06 03:00:00,19.506927,12.652435,901.8522,1.5010256,301.637,64.57271
2019-04-06 04:00:00,20.161804,12.82251,901.9812,1.7591728,297.7158,62.698193
2019-04-06 05:00:00,22.613495,13.050293,901.79956,2.133043,296.85522,54.763542
2019-04-06 06:00:00,23.578766,12.934784,901.30194,2.551812,296.71906,51.26962
2019-04-06 07:00:00,23.869354,13.009796,900.47687,3.035601,296.72833,50.628235
2019-04-06 08:00:00,24.881317,12.651215,899.53076,3.519343,296.57114,46.545498
2019-04-06 09:00:00,25.000702,12.558197,898.6083,3.9259665,297.17038,45.934303
2019-04-06 10:00:00,24.238373,12.981812,897.8697,3.962745,300.4761,49.42829
2019-04-06 11:00:00,24.07489,13.018372,897.53687,3.8356824,303.08228,50.034885
2019-04-06 12:00:00,23.836273,12.810699,897.6998,3.190481,304.25644,50.072906
2019-04-06 13:00:00,23.345795,12.51297,898.0909,2.3537843,303.37677,50.57856
2019-04-06 14:00:00,22.079895,12.8594055,898.6376,1.6713275,299.2611,55.868507
2019-04-06 15:00:00,20.805634,12.755432,899.1919,1.2548703,283.9813,59.99307
2019-04-06 16:00:00,20.45697,12.612244,899.5623,1.1657603,260.14484,60.723583
2019-04-06 17:00:00,19.509277,12.581268,899.6217,1.432616,244.906,64.26284
2019-04-06 18:00:00,19.122986,12.390839,899.4238,1.7464495,242.09363,65.00919
2019-04-06 19:00:00,18.861115,12.327423,899.1282,2.0353396,244.17493,65.8054
2019-04-06 20:00:00,18.116821,12.229828,898.7151,2.272097,246.61069,68.50469
2019-04-06 21:00:00,17.948547,12.21048,898.3599,2.4107056,248.36029,69.145
2019-04-06 22:00:00,17.399414,12.095825,898.35455,2.3397741,276.94434,71.04194
2019-04-06 23:00:00,17.326508,12.148926,898.41016,2.0926259,274.11148,71.619675
2019-04-07 00:00:00,17.742188,12.547394,898.7064,1.8132786,271.67267,71.61575
2019-04-07 01:00:00,17.831146,12.569794,899.2981,1.4139683,267.13443,71.32041
2019-04-07 02:00:00,18.966064,12.751465,899.9442,1.2696637,253.44931,67.219124
2019-04-07 03:00:00,19.668915,12.883209,900.4853,1.6042862,242.03217,64.89939
2019-04-07 04:00:00,20.275177,13.122406,900.6929,2.0911918,239.18527,63.492733
2019-04-07 05:00:00,22.383911,13.122986,900.5151,2.6137369,239.58725,55.796917
2019-04-07 06:00:00,23.231018,13.019653,899.9925,3.126265,244.04343,52.64796
2019-04-07 07:00:00,23.462585,13.061188,899.2525,3.6020834,250.8672,52.058174
2019-04-07 08:00:00,24.399414,12.769989,898.4124,4.0140862,257.91837,48.280018
2019-04-07 09:00:00,24.464508,12.765961,897.61304,4.3000565,263.9997,48.079548
2019-04-07 10:00:00,23.855133,13.067474,897.09155,4.1968603,281.11502,50.86282
2019-04-07 11:00:00,23.732666,13.025116,896.9445,3.9475627,285.40665,51.097374
2019-04-07 12:00:00,23.411469,12.880249,897.07776,3.21744,288.9259,51.60508
2019-04-07 13:00:00,23.130402,12.607056,897.45544,2.3027446,288.3999,51.558113
2019-04-07 14:00:00,21.94278,12.907074,898.01514,1.5450268,282.31107,56.51347
2019-04-07 15:00:00,20.702576,12.777832,898.5542,1.1012814,267.58862,60.46345
2019-04-07 16:00:00,20.292603,12.610321,898.89795,0.96887374,243.50716,61.33517
2019-04-07 17:00:00,19.442871,12.65097,898.9208,1.1450379,225.97397,64.8241
2019-04-07 18:00:00,19.104675,12.548004,898.68024,1.4390578,221.96521,65.75806
2019-04-07 19:00:00,18.906952,12.536926,898.33484,1.7374783,224.63417,66.52582
2019-04-07 20:00:00,18.11148,12.468231,897.9054,1.9692793,227.69342,69.60908
2019-04-07 21:00:00,17.752197,12.3472595,897.51337,2.0851917,228.86792,70.63679
2019-04-07 22:00:00,17.217834,12.157349,897.4367,1.9901321,247.21005,72.15332
2019-04-07 23:00:00,17.048767,12.0372925,897.4786,1.7932822,243.16441,72.355545
2019-04-08 00:00:00,17.398956,12.28772,897.8917,1.6457572,234.20732,71.94614
2019-04-08 01:00:00,17.535522,12.329285,898.52924,1.5528805,222.74269,71.52365
2019-04-08 02:00:00,18.909393,12.59082,899.30743,1.7340469,213.24178,66.75114
2019-04-08 03:00:00,19.40866,12.668884,899.8445,2.1342785,212.45671,65.03844
2019-04-08 04:00:00,19.97165,12.693451,900.0789,2.5908153,217.07777,62.90657
2019-04-08 05:00:00,21.989685,12.488892,899.937,3.0538855,222.47119,54.82951
2019-04-08 06:00:00,23.296356,12.335327,899.52686,3.5855734,230.50484,50.141697
2019-04-08 07:00:00,23.52716,12.435486,898.85156,4.1889005,238.93748,49.774525
2019-04-08 08:00:00,24.561584,11.998138,898.0053,4.7343345,245.998,45.45094
2019-04-08 09:00:00,24.611633,11.85791,897.2354,4.9727483,250.94652,44.89831
2019-04-08 10:00:00,23.955841,12.291809,896.6121,4.869966,259.48468,48.051228
2019-04-08 11:00:00,23.903198,12.277435,896.5444,4.458453,261.3427,48.15799
2019-04-08 12:00:00,23.571808,12.071503,896.7347,3.585635,259.28723,48.467316
2019-04-08 13:00:00,23.098724,11.910248,897.13635,2.6469054,252.521,49.344646
2019-04-08 14:00:00,21.84494,12.210175,897.7023,2.084679,242.76132,54.312588
2019-04-08 15:00:00,20.76419,12.10849,898.3328,1.8014038,233.2791,57.645893
2019-04-08 16:00:00,20.41095,12.070282,898.7718,1.758241,225.86823,58.766747
2019-04-08 17:00:00,19.422852,12.125519,898.88385,1.8387809,222.9201,62.703884
2019-04-08 18:00:00,19.087189,12.140442,898.7491,2.0138223,225.12701,64.09104
2019-04-08 19:00:00,18.78067,12.062927,898.4498,2.1609116,228.91292,64.99663
2019-04-08 20:00:00,17.987701,11.928375,898.0678,2.2700114,233.96361,67.70607
2019-04-08 21:00:00,17.76947,11.883789,897.7536,2.3244915,237.85,68.440765
2019-04-08 22:00:00,17.055756,11.730682,897.7937,2.725372,247.68759,70.87653
2019-04-08 23:00:00,16.960632,11.702484,898.0067,2.3861752,250.12363,71.17228
2019-04-09 00:00:00,17.29663,11.910065,898.3571,2.1100423,250.54352,70.635376
2019-04-09 01:00:00,17.434113,12.034729,898.91266,1.8436189,248.73029,70.60198
2019-04-09 02:00:00,18.843506,12.51358,899.50354,1.819808,245.03957,66.6877
2019-04-09 03:00:00,19.36728,12.382477,899.9768,2.0159693,249.05405,63.992657
2019-04-09 04:00:00,20.140533,12.68869,900.1965,2.3988438,253.40143,62.233128
2019-04-09 05:00:00,22.206787,12.888672,900.07245,2.87682,259.6967,55.54456
2019-04-09 06:00:00,23.204987,12.781555,899.6925,3.3714242,266.6772,51.916176
2019-04-09 07:00:00,23.471191,12.846039,899.0123,3.91836,273.29962,51.30456
2019-04-09 08:00:00,24.415436,12.33725,898.2587,4.527483,278.31842,46.884335
2019-04-09 09:00:00,24.595215,12.329224,897.63,4.9924827,282.0876,46.358185
2019-04-09 10:00:00,23.90866,12.919617,897.11096,5.417032,288.9299,50.211914
2019-04-09 11:00:00,23.863556,12.855896,897.12036,4.9379363,290.7026,50.138874
2019-04-09 12:00:00,23.489868,12.645355,897.3533,3.9653993,290.27838,50.577873
2019-04-09 13:00:00,23.141022,12.378693,897.8148,2.8837836,286.1973,50.758873
2019-04-09 14:00:00,21.831146,12.500763,898.4504,2.2299297,279.47992,55.40565
2019-04-09 15:00:00,20.68161,12.449524,899.1029,1.8961112,270.8112,59.252815
2019-04-09 16:00:00,20.213379,12.229584,899.5586,1.7371774,261.5208,60.11489
2019-04-09 17:00:00,19.193878,12.274231,899.75336,1.7844175,253.29688,64.228836
2019-04-09 18:00:00,18.937592,12.258575,899.67413,1.9429793,251.92612,65.19636
2019-04-09 19:00:00,18.701965,12.236267,899.4676,2.1055546,253.25708,66.06617
2019-04-09 20:00:00,18.004059,12.0407715,899.18524,2.2119567,257.15884,68.139046
2019-04-09 21:00:00,17.743134,11.966644,898.9304,2.21593,261.9685,68.92971
2019-04-09 22:00:00,17.237488,12.000977,898.98474,1.6713341,292.8789,71.32586
2019-04-09 23:00:00,17.144562,12.031921,899.1386,1.4232199,304.09067,71.8927
2019-04-10 00:00:00,17.58197,12.317627,899.52484,1.137879,321.24646,71.25983
2019-04-10 01:00:00,17.637634,12.314941,900.06146,0.907723,347.0427,70.99764
2019-04-10 02:00:00,19.167969,12.650787,900.68835,0.6764152,6.8007507,65.941956
2019-04-10 03:00:00,19.767487,12.642609,901.1979,0.48090643,2.963684,63.495697
2019-04-10 04:00:00,20.518524,13.026215,901.38367,0.4377108,326.23615,62.15452
2019-04-10 05:00:00,22.518097,12.978851,901.2503,0.73978335,289.73495,54.82518
2019-04-10 06:00:00,23.853455,12.580048,900.7724,1.349675,278.33176,49.271194
2019-04-10 07:00:00,24.278473,12.762268,900.0913,2.0932004,277.09283,48.606586
2019-04-10 08:00:00,25.261719,12.315399,899.3323,2.775332,278.28802,44.51071
2019-04-10 09:00:00,25.350983,12.27243,898.6716,3.2751508,280.9334,44.15018
2019-04-10 10:00:00,24.896576,12.762543,898.1425,3.234075,288.0117,46.843426
2019-04-10 11:00:00,24.702393,12.709045,898.02124,3.1513174,290.86536,47.22401
2019-04-10 12:00:00,24.333252,12.462982,898.183,2.667438,294.7119,47.50622
2019-04-10 13:00:00,23.817657,12.220215,898.57904,2.0544007,297.21878,48.224644
2019-04-10 14:00:00,22.55719,12.451019,899.1842,1.7461361,300.0902,52.83684
2019-04-10 15:00:00,21.278748,12.710205,899.72736,1.5940907,299.88947,58.10243
2019-04-10 16:00:00,20.934052,12.621521,900.0896,1.539616,297.3939,59.00132
2019-04-10 17:00:00,19.97882,12.573517,900.14484,1.6426963,292.5525,62.386387
2019-04-10 18:00:00,19.53949,12.383575,899.9908,1.874218,290.46927,63.315765
2019-04-10 19:00:00,19.252197,12.261963,899.6486,2.1250846,290.4331,63.944412
2019-04-10 20:00:00,18.430664,12.175568,899.2541,2.3534071,291.0784,66.92997
2019-04-10 21:00:00,18.130768,12.110718,898.9952,2.5669224,291.88437,67.91065
2019-04-10 22:00:00,17.755096,12.208282,899.0281,2.597355,288.18726,69.98186
2019-04-10 23:00:00,17.63147,12.182312,899.1168,2.6622574,292.82642,70.40878
2019-04-11 00:00:00,18.03067,12.44519,899.38165,2.5783088,297.52628,69.8577
2019-04-11 01:00:00,18.246185,12.642883,899.8614,2.4212625,300.2907,69.817894
2019-04-11 02:00:00,19.941833,13.047913,900.44525,2.425507,298.44745,64.501045
2019-04-11 03:00:00,20.4292,13.2196045,900.9026,2.7257447,294.24042,63.29193
2019-04-11 04:00:00,20.998596,13.403748,901.039,3.134315,291.2486,61.849255
2019-04-11 05:00:00,23.273651,13.5104065,900.76373,3.6547587,288.9349,54.220154
2019-04-11 06:00:00,24.314453,12.930969,900.2047,4.318393,287.56567,49.040123
2019-04-11 07:00:00,24.5766,13.05072,899.3766,4.960519,287.80496,48.65573
2019-04-11 08:00:00,25.583313,12.620819,898.58905,5.580688,288.3704,44.551952
2019-04-11 09:00:00,25.666107,12.50531,897.9116,6.0195565,289.44492,43.999104
2019-04-11 10:00:00,24.901215,13.085297,897.3206,6.217888,289.15173,47.82917
2019-04-11 11:00:00,24.753876,13.073486,897.1303,6.045295,290.82043,48.21454
2019-04-11 12:00:00,24.50531,12.993195,897.19635,5.3161206,292.50928,48.680386
2019-04-11 13:00:00,24.09311,12.76004,897.5105,4.485595,292.88452,49.142906
2019-04-11 14:00:00,22.802307,12.982025,898.0457,3.8897471,292.07306,53.898994
2019-04-11 15:00:00,21.607208,12.952454,898.6022,3.5128064,290.0263,57.855213
2019-04-11 16:00:00,21.162964,12.774506,899.0128,3.2729554,287.159,58.763428
2019-04-11 17:00:00,20.273743,12.882233,899.09326,3.1483493,284.15045,62.509644
2019-04-11 18:00:00,19.965302,12.783173,898.89417,3.185688,281.38522,63.302086
2019-04-11 19:00:00,19.725159,12.7300415,898.5592,3.2766898,279.252,64.02827
2019-04-11 20:00:00,18.971924,12.6892395,898.19666,3.3529665,278.53766,66.9213
2019-04-11 21:00:00,18.783752,12.702515,897.9447,3.3377738,278.92703,67.771164
2019-04-11 22:00:00,18.07257,12.546783,898.0467,3.1114843,280.70673,70.13989
2019-04-11 23:00:00,17.978394,12.619598,898.2873,2.9850557,281.9224,70.89387
2019-04-12 00:00:00,18.259216,12.851349,898.6939,2.7737556,284.36823,70.71948
2019-04-12 01:00:00,18.491516,13.005402,899.2573,2.4654756,288.48697,70.40272
2019-04-12 02:00:00,20.109192,13.1936035,899.9348,2.3028767,289.25812,64.44635
2019-04-12 03:00:00,20.713043,13.445404,900.4907,2.3687067,285.46997,63.116188
2019-04-12 04:00:00,21.3844,13.652069,900.779,2.7099206,281.80997,61.386417
2019-04-12 05:00:00,23.57547,13.769806,900.7025,3.197678,278.6089,54.147358
2019-04-12 06:00:00,24.623413,13.401825,900.2961,3.8126347,277.4843,49.643692
2019-04-12 07:00:00,24.979034,13.487213,899.6297,4.423947,278.33298,48.871628
2019-04-12 08:00:00,25.925629,12.914825,898.8103,4.9598293,280.1051,44.505234
2019-04-12 09:00:00,26.01233,12.854187,898.03326,5.3098054,282.95245,44.102165
2019-04-12 10:00:00,25.394745,13.611725,897.3908,5.1541066,287.94592,48.06466
2019-04-12 11:00:00,25.299316,13.537628,897.1549,4.9166956,291.3714,48.105755
2019-04-12 12:00:00,24.940887,13.391602,897.2129,4.241733,295.00635,48.678936
2019-04-12 13:00:00,24.397766,13.054779,897.53705,3.5732076,296.43732,49.19234
2019-04-12 14:00:00,23.262238,13.355743,898.1028,3.04818,298.27972,53.713806
2019-04-12 15:00:00,21.66217,13.309235,898.71436,2.6065297,298.638,59.019714
2019-04-12 16:00:00,21.337616,13.2612,899.1765,2.310985,295.90854,60.0157
2019-04-12 17:00:00,20.58908,13.365143,899.30225,2.2081723,289.05823,63.2684
2019-04-12 18:00:00,20.261292,13.092102,899.1291,2.3450537,282.31296,63.421623
2019-04-12 19:00:00,20.017609,13.085114,898.78436,2.5937738,279.28717,64.35528
2019-04-12 20:00:00,19.296448,13.124268,898.43726,2.7686856,278.62985,67.47381
2019-04-12 21:00:00,19.098053,13.108856,898.1334,2.7725623,279.07324,68.24413
2019-04-12 22:00:00,18.461884,13.05191,898.07513,2.8534205,285.88757,70.74814
2019-04-12 23:00:00,18.301147,12.997223,898.3884,2.6988215,289.0334,71.20963
2019-04-13 00:00:00,18.691223,13.337616,898.9252,2.510739,292.10083,71.05205
2019-04-13 01:00:00,18.898712,13.482452,899.6111,2.2188563,295.60873,70.80164
2019-04-13 02:00:00,20.50882,13.948334,900.3438,2.0255404,295.65265,66.03905
2019-04-13 03:00:00,20.923737,14.03949,900.89294,1.9128957,294.97754,64.75485
2019-04-13 04:00:00,21.633179,14.37262,901.14764,1.8939884,289.50458,63.349937
2019-04-13 05:00:00,23.746185,14.352753,901.0121,2.1168668,280.6653,55.65686
2019-04-13 06:00:00,24.673676,13.93335,900.5887,2.622977,275.2956,51.234715
2019-04-13 07:00:00,25.007935,13.952454,899.9101,3.2626145,275.49097,50.284832
2019-04-13 08:00:00,25.864563,13.572327,899.122,3.86921,277.61615,46.623478
2019-04-13 09:00:00,26.076202,13.36145,898.3635,4.3243327,280.4442,45.415245
2019-04-13 10:00:00,25.329926,13.939026,897.7311,4.449028,284.53802,49.286934
2019-04-13 11:00:00,25.183075,14.074005,897.5226,4.1924376,286.25345,50.15653
2019-04-13 12:00:00,24.87912,14.154114,897.67865,3.6528318,288.36035,51.33928
2019-04-13 13:00:00,24.397919,14.027161,898.1342,3.1392841,289.03406,52.40484
2019-04-13 14:00:00,23.412872,14.1319275,898.81744,2.7528114,289.45508,55.98033
2019-04-13 15:00:00,22.08255,13.898224,899.5123,2.4506114,288.14035,59.770798
2019-04-13 16:00:00,21.669403,13.727478,899.9766,2.185988,286.17197,60.621418
2019-04-13 17:00:00,20.691864,13.701813,900.076,2.084748,283.52094,64.261505
2019-04-13 18:00:00,20.428925,13.707764,899.85474,2.0617666,281.2071,65.33691
2019-04-13 19:00:00,20.167297,13.641083,899.4899,2.0945847,281.68192,66.11419
2019-04-13 20:00:00,19.342651,13.536896,899.01874,2.081831,283.7859,69.11394
2019-04-13 21:00:00,19.099518,13.485199,898.6529,2.0495152,286.44345,69.932755
2019-04-13 22:00:00,18.562958,13.546753,898.62256,1.8079395,287.33133,72.60661
2019-04-13 23:00:00,18.373138,13.433228,898.7592,1.7361554,293.6773,72.93409
2019-04-14 00:00:00,18.733368,13.711182,899.11523,1.5674558,297.89514,72.60893
2019-04-14 01:00:00,19.007019,13.919403,899.77545,1.3472447,300.2456,72.350235
2019-04-14 02:00:00,20.588257,14.139374,900.49274,1.1963217,303.3661,66.53514
2019-04-14 03:00:00,21.086212,14.317902,901.1114,1.12835,303.44968,65.277756
2019-04-14 04:00:00,21.635223,14.464783,901.3335,1.1066904,299.3341,63.720425
2019-04-14 05:00:00,23.823944,14.295593,901.23456,1.2149839,287.48047,55.192684
2019-04-14 06:00:00,24.651764,13.92453,900.7818,1.6418704,277.5308,51.27252
2019-04-14 07:00:00,24.975311,13.980072,900.0442,2.2978852,275.95947,50.47307
2019-04-14 08:00:00,25.91748,13.7153015,899.207,3.0078938,279.80927,46.911613
2019-04-14 09:00:00,26.069824,13.632111,898.3826,3.5601392,284.92215,46.23984
2019-04-14 10:00:00,25.514893,14.158722,897.8539,4.0725713,290.5709,49.44711
2019-04-14 11:00:00,25.381561,14.034668,897.61444,3.8213418,293.05615,49.4415
2019-04-14 12:00:00,25.161957,14.041107,897.7252,3.0609646,294.83838,50.112682
2019-04-14 13:00:00,24.857727,14.076813,898.1037,2.4329958,294.84933,51.148098
2019-04-14 14:00:00,23.44278,14.062653,898.7071,2.0402815,293.31854,55.629192
2019-04-14 15:00:00,22.401733,14.113678,899.36993,1.7457416,290.25403,59.445335
2019-04-14 16:00:00,22.104767,14.082642,899.8133,1.6064022,282.04532,60.407967
2019-04-14 17:00:00,21.107147,14.063812,899.9112,1.6590955,272.14874,64.13029
2019-04-14 18:00:00,20.666412,13.986816,899.65894,1.8772223,265.3249,65.56414
2019-04-14 19:00:00,20.391968,13.922028,899.3077,2.119733,263.09576,66.40348
2019-04-14 20:00:00,19.572266,13.761566,898.8784,2.305292,264.41882,69.13689
2019-04-14 21:00:00,19.362549,13.69931,898.58295,2.4370437,266.34576,69.76133
2019-04-14 22:00:00,18.667633,13.56485,898.4718,2.4542413,265.2172,72.2176
2019-04-14 23:00:00,18.58252,13.504456,898.55005,2.4013433,267.0419,72.31842
2019-04-15 00:00:00,18.967163,13.80368,898.8851,2.3057408,267.6417,71.987625
2019-04-15 01:00:00,19.141052,13.934479,899.53265,2.170308,267.50403,71.81833
2019-04-15 02:00:00,20.595642,14.371582,900.2714,2.140178,265.84424,67.511665
2019-04-15 03:00:00,21.228302,14.57843,900.82635,2.3758676,263.8129,65.80949
2019-04-15 04:00:00,21.69159,14.594452,901.0678,2.7539315,261.8804,64.035095
2019-04-15 05:00:00,23.766388,14.431976,900.9592,3.2464442,258.3999,55.874622
2019-04-15 06:00:00,24.586761,14.060364,900.58154,3.905217,256.74255,51.927513
2019-04-15 07:00:00,24.831543,14.053497,899.88385,4.533153,257.52567,51.150764
2019-04-15 08:00:00,25.633667,13.620361,899.012,5.0024405,260.25436,47.414024
2019-04-15 09:00:00,25.82608,13.631989,898.1959,5.246642,263.4776,46.91157
2019-04-15 10:00:00,25.028412,14.1640625,897.4952,5.376534,271.24445,50.916965
2019-04-15 11:00:00,24.83612,14.055359,897.2855,4.997222,274.17065,51.14296
2019-04-15 12:00:00,24.415375,14.172913,897.4793,4.230202,275.3269,52.84673
2019-04-15 13:00:00,24.062927,14.1008,897.9905,3.550654,275.00192,53.723938
2019-04-15 14:00:00,22.996063,14.362213,898.6498,3.0411906,272.10565,58.270134
2019-04-15 15:00:00,21.847076,14.068665,899.2918,2.6798658,265.09097,61.30933
2019-04-15 16:00:00,21.533844,14.027069,899.7809,2.5384753,256.0857,62.326195
2019-04-15 17:00:00,20.610992,14.061371,899.90936,2.576522,249.47366,66.10709
2019-04-15 18:00:00,20.317352,14.134491,899.7287,2.734492,246.7594,67.6352
2019-04-15 19:00:00,19.987122,14.006165,899.3137,2.9148195,246.1008,68.45893
2019-04-15 20:00:00,19.214722,13.987518,898.84296,3.035278,248.33594,71.7358
2019-04-15 21:00:00,19.036957,13.96933,898.3809,3.0463705,251.51936,72.44951
2019-04-15 22:00:00,18.617584,13.992767,898.3469,2.924743,258.25134,74.485634
2019-04-15 23:00:00,18.554016,13.995026,898.39343,2.7442625,264.13138,74.79347
2019-04-16 00:00:00,18.795593,14.203705,898.72534,2.4480193,267.92545,74.67473
2019-04-16 01:00:00,18.990723,14.323364,899.378,2.169918,269.17737,74.343864
2019-04-16 02:00:00,20.15689,14.599579,900.0662,1.9546293,267.1543,70.39431
2019-04-16 03:00:00,20.821014,14.752441,900.62885,2.1522748,259.704,68.23843
2019-04-16 04:00:00,21.238892,14.711853,900.8993,2.5319421,250.29947,66.335266
2019-04-16 05:00:00,22.823334,14.612671,900.8136,3.1951506,242.21953,59.843193
2019-04-16 06:00:00,23.67395,14.37442,900.4437,3.9648027,238.49435,55.977768
2019-04-16 07:00:00,23.861145,14.352234,899.7631,4.6256943,239.04155,55.271427
2019-04-16 08:00:00,24.576721,13.979065,898.9764,4.9953647,241.73083,51.68559
2019-04-16 09:00:00,24.722351,14.023407,898.14624,5.093393,245.59196,51.385098
2019-04-16 10:00:00,23.9216,14.309082,897.5812,4.7554345,255.80313,54.91745
2019-04-16 11:00:00,23.755981,14.383881,897.3894,4.1616406,259.32263,55.7361
2019-04-16 12:00:00,23.445404,14.396423,897.5372,3.2998765,263.82092,56.83494
2019-04-16 13:00:00,23.080719,14.505676,897.9465,2.5802934,269.29312,58.51234
2019-04-16 14:00:00,22.049866,14.540955,898.59045,2.0026202,266.94257,62.433964
2019-04-16 15:00:00,20.96106,14.508331,899.3636,1.6693258,259.49176,66.59613
2019-04-16 16:00:00,20.647552,14.411377,899.90643,1.4568124,248.6532,67.4694
2019-04-16 17:00:00,19.80133,14.445618,900.0438,1.4365396,239.73686,71.24947
2019-04-16 18:00:00,19.475922,14.443756,899.805,1.5620111,234.59956,72.69473
2019-04-16 19:00:00,19.243317,14.385223,899.43915,1.7596946,234.00238,73.47588
2019-04-16 20:00:00,18.603058,14.203125,899.0295,1.8642168,235.50879,75.57633
2019-04-16 21:00:00,18.378998,14.141998,898.6757,1.88319,238.14963,76.34156
2019-04-16 22:00:00,17.832642,13.903656,898.7494,2.0047872,268.72525,77.795616
2019-04-16 23:00:00,17.746582,13.912476,898.87946,1.6147991,271.1845,78.26308
2019-04-17 00:00:00,18.053436,14.05661,899.29834,1.2531117,274.83365,77.48757
2019-04-17 01:00:00,18.251862,14.111053,899.9469,0.8524033,278.61523,76.79858
2019-04-17 02:00:00,19.52002,14.400238,900.68695,0.61735743,259.33997,72.292175
2019-04-17 03:00:00,20.019989,14.661285,901.2827,0.99953324,232.91563,71.27629
2019-04-17 04:00:00,20.437561,14.750244,901.58594,1.6027874,228.57678,69.859955
2019-04-17 05:00:00,22.07846,14.724945,901.47205,2.173839,228.03491,63.06948
2019-04-17 06:00:00,22.807648,14.50296,901.0275,2.7463481,231.02765,59.477364
2019-04-17 07:00:00,23.174377,14.596802,900.3098,3.309518,235.97182,58.525192
2019-04-17 08:00:00,23.83023,14.374634,899.4447,3.7861173,242.1026,55.45454
2019-04-17 09:00:00,23.783203,14.395996,898.6537,4.0763006,248.64441,55.688477
2019-04-17 10:00:00,23.271881,14.398651,898.0622,3.6245196,262.04938,57.441605
2019-04-17 11:00:00,23.109283,14.415222,897.8335,3.373491,267.9239,58.07101
2019-04-17 12:00:00,22.80719,14.504456,897.9147,2.9015028,276.92047,59.48476
2019-04-17 13:00:00,22.479126,14.474213,898.36206,2.4104173,289.9491,60.56246
2019-04-17 14:00:00,21.725891,14.707031,899.05774,2.0417092,298.20914,64.36676
2019-04-17 15:00:00,20.904022,14.605316,899.7955,1.8404676,304.4367,67.24977
2019-04-17 16:00:00,20.578278,14.47757,900.30743,1.7301018,308.5496,68.04844
2019-04-17 17:00:00,19.750519,14.389618,900.4293,1.7263162,309.63553,71.216156
2019-04-17 18:00:00,19.603516,14.439301,900.22577,1.8966807,309.64972,72.099976
2019-04-17 19:00:00,19.409637,14.368195,899.7544,2.1418118,308.64664,72.639336
2019-04-17 20:00:00,18.744995,14.160706,899.1959,2.41312,310.44858,74.70299
2019-04-17 21:00:00,18.611023,14.142181,898.6757,2.6310856,314.24847,75.24117
2019-04-17 22:00:00,18.021423,13.990601,898.5106,3.0136826,319.07358,77.31209
2019-04-17 23:00:00,17.961456,13.939056,898.56946,3.0002563,322.9516,77.34512
2019-04-18 00:00:00,18.375061,14.044464,898.99274,2.936794,327.7886,75.879395
2019-04-18 01:00:00,18.614105,14.143158,899.6894,2.778321,332.23624,75.23144
2019-04-18 02:00:00,19.92154,14.331329,900.3851,2.5021377,327.73563,70.20012
2019-04-18 03:00:00,20.324799,14.474487,900.9272,2.4298604,321.04233,69.107285
2019-04-18 04:00:00,20.68332,14.439423,901.14935,2.4213357,312.37888,67.44305
2019-04-18 05:00:00,22.56131,14.4418335,901.0659,2.6195664,300.8735,60.134983
2019-04-18 06:00:00,23.451294,14.098907,900.5765,3.0340934,289.9834,55.73139
2019-04-18 07:00:00,23.643188,14.164429,899.819,3.7252643,283.9591,55.3248
2019-04-18 08:00:00,24.441772,13.947784,898.99854,4.414076,282.61655,51.99907
2019-04-18 09:00:00,24.587433,13.942383,898.22797,4.9866877,283.2555,51.52976
2019-04-18 10:00:00,23.9906,14.106934,897.6401,4.9822006,292.0196,53.979256
2019-04-18 11:00:00,23.919037,14.205688,897.48083,4.9510636,295.29086,54.559677
2019-04-18 12:00:00,23.697388,14.133636,897.63776,4.531424,301.3056,55.03466
2019-04-18 13:00:00,23.380707,14.071075,898.06036,3.8783526,306.16702,55.868412
2019-04-18 14:00:00,22.486328,14.302521,898.6997,3.42873,307.71686,59.86784
2019-04-18 15:00:00,21.247955,14.14566,899.2994,3.1248775,308.11902,63.9166
2019-04-18 16:00:00,20.880737,13.978851,899.72327,2.902035,306.48077,64.671524
2019-04-18 17:00:00,20.00586,14.079773,899.73755,2.817987,302.49908,68.706566
2019-04-18 18:00:00,19.735962,14.048981,899.4757,2.904606,298.27344,69.726135
2019-04-18 19:00:00,19.520874,13.96405,899.03375,3.0545855,294.40518,70.27548
2019-04-18 20:00:00,18.70694,13.863831,898.5343,3.228587,293.22763,73.45356
2019-04-18 21:00:00,18.483582,13.74176,898.1182,3.3576796,293.45364,73.89933
2019-04-18 22:00:00,17.946198,13.505676,897.9533,3.7773879,309.33765,75.26977
2019-04-18 23:00:00,17.719177,13.352814,897.9888,3.6863568,308.9568,75.59671
2019-04-19 00:00:00,18.200836,13.510803,898.2888,3.5907488,310.1715,74.099884
2019-04-19 01:00:00,18.566528,13.748749,898.8931,3.5257213,311.41895,73.54992
2019-04-19 02:00:00,19.877777,13.875793,899.5913,3.4396584,313.36646,68.3438
2019-04-19 03:00:00,20.234985,14.044128,900.18463,3.3866646,315.4359,67.58343
2019-04-19 04:00:00,20.621826,13.995789,900.4626,3.3560677,313.91873,65.78274
2019-04-19 05:00:00,22.679474,13.926147,900.35065,3.515769,306.53918,57.744797
2019-04-19 06:00:00,23.585419,13.479401,899.901,3.9980493,298.32468,53.10263
2019-04-19 07:00:00,23.812134,13.55072,899.14484,4.64565,293.98892,52.62642
2019-04-19 08:00:00,24.659332,13.417175,898.31494,5.2401233,293.36365,49.58677
2019-04-19 09:00:00,24.7753,13.360138,897.5222,5.662333,294.77814,49.06174
2019-04-19 10:00:00,24.18866,13.623932,896.8636,5.987572,301.27722,51.69507
2019-04-19 11:00:00,24.083313,13.60376,896.6959,5.829202,304.30402,51.954712
2019-04-19 12:00:00,23.88092,13.559235,896.9057,5.2698045,309.49228,52.438206
2019-04-19 13:00:00,23.482971,13.35025,897.37885,4.522515,313.9909,52.984005
2019-04-19 14:00:00,22.390045,13.621582,898.05237,3.9799733,316.05298,57.61774
2019-04-19 15:00:00,21.128479,13.634796,898.6477,3.5250666,317.14536,62.28742
2019-04-19 16:00:00,20.797821,13.58493,898.9773,3.1124992,315.34775,63.360394
2019-04-19 17:00:00,19.948517,13.724976,898.9739,2.8461154,310.48526,67.381805
2019-04-19 18:00:00,19.649445,13.640717,898.69226,2.8120637,304.25775,68.2681
2019-04-19 19:00:00,19.406647,13.5833435,898.22687,2.9474373,299.43668,69.0477
2019-04-19 20:00:00,18.532288,13.446289,897.7433,3.1616423,296.25632,72.27199
2019-04-19 21:00:00,18.33841,13.358765,897.33325,3.2913768,295.86237,72.73936
2019-04-19 22:00:00,17.674591,13.124634,897.2365,3.245382,298.24905,74.68957
2019-04-19 23:00:00,17.553223,13.049194,897.1764,3.3199875,300.2351,74.89345
2019-04-20 00:00:00,18.051239,13.227753,897.4549,3.2954366,302.68332,73.43253
2019-04-20 01:00:00,18.16571,13.224152,897.95294,3.1557143,305.22906,72.88931
2019-04-20 02:00:00,19.913483,13.522186,898.509,2.971409,306.62222,66.64359
2019-04-20 03:00:00,20.304169,13.671967,898.8911,2.960762,305.16174,65.68909
2019-04-20 04:00:00,20.815002,13.69635,898.99615,3.0216181,301.8291,63.753593
2019-04-20 05:00:00,22.963654,13.716064,898.8173,3.3670015,296.68018,55.989914
2019-04-20 06:00:00,23.937927,13.392975,898.38556,3.8851848,291.48697,51.696247
2019-04-20 07:00:00,24.18274,13.442688,897.69275,4.4666743,288.6687,51.10714
2019-04-20 08:00:00,25.125763,13.08313,896.8677,5.0155573,288.5312,47.18648
2019-04-20 09:00:00,25.248016,13.048309,896.0854,5.4525795,290.47406,46.73787
2019-04-20 10:00:00,24.584503,13.510162,895.4718,5.687746,299.1938,50.111572
2019-04-20 11:00:00,24.457733,13.506592,895.15015,5.5476975,301.37064,50.481415
2019-04-20 12:00:00,24.191467,13.424438,895.28015,4.8864536,305.67795,51.019714
2019-04-20 13:00:00,23.914612,13.208496,895.6069,4.042533,308.97635,51.149918
2019-04-20 14:00:00,22.685516,13.60434,896.18384,3.352742,310.05276,56.529594
2019-04-20 15:00:00,21.405518,13.382874,896.8523,2.8548126,307.0631,60.242386
2019-04-20 16:00:00,21.009521,13.21579,897.37396,2.5218964,301.35452,61.055096
2019-04-20 17:00:00,20.079803,13.398499,897.51263,2.4576013,293.2981,65.431816
2019-04-20 18:00:00,19.72644,13.20636,897.31866,2.6471996,286.495,66.047646
2019-04-20 19:00:00,19.511078,13.142792,896.8819,2.96281,282.08075,66.65968
2019-04-20 20:00:00,18.674652,13.048737,896.38696,3.2568915,279.98532,69.79775
2019-04-20 21:00:00,18.41037,12.936188,896.01984,3.4717069,279.76312,70.44216
2019-04-20 22:00:00,17.759674,12.771973,896.01514,3.2328122,277.10004,72.597275
2019-04-20 23:00:00,17.648285,12.69873,896.08057,3.2073252,279.1336,72.7588
2019-04-21 00:00:00,18.16043,12.980133,896.43286,3.1197026,282.74313,71.76103
2019-04-21 01:00:00,18.42566,13.084686,896.9592,2.921126,286.42468,71.06081
2019-04-21 02:00:00,19.964111,13.292633,897.5887,2.7860713,287.51874,65.448975
2019-04-21 03:00:00,20.680298,13.676331,898.1399,2.9279034,286.5293,64.20088
2019-04-21 04:00:00,21.203735,13.777557,898.39575,3.305361,285.35144,62.578297
2019-04-21 05:00:00,23.414307,13.771301,898.3179,3.945984,285.4906,54.681427
2019-04-21 06:00:00,24.380402,13.343201,898.0014,4.57577,286.2692,50.178917
2019-04-21 07:00:00,24.631897,13.389557,897.3781,5.2281356,287.15488,49.578884
2019-04-21 08:00:00,25.433685,12.986694,896.61127,5.778758,288.90814,46.03893
2019-04-21 09:00:00,25.601044,12.778412,895.8942,6.2333503,291.67102,44.966843
2019-04-21 10:00:00,25.01535,13.387604,895.2568,6.3566256,298.72507,48.450634
2019-04-21 11:00:00,24.903564,13.302399,895.0773,6.1965194,302.8357,48.50465
2019-04-21 12:00:00,24.60913,13.174652,895.10834,5.539156,307.6532,48.95565
2019-04-21 13:00:00,24.261139,13.054962,895.46857,4.7569532,311.29037,49.597332
2019-04-21 14:00:00,23.003998,13.398804,896.04297,4.1932907,313.62555,54.71233
2019-04-21 15:00:00,21.626404,13.345612,896.67914,3.8673291,314.4257,59.289326
2019-04-21 16:00:00,21.220795,13.1875305,897.127,3.631907,315.03403,60.15734
2019-04-21 17:00:00,20.327057,13.300476,897.27765,3.5575602,315.05212,64.02908
2019-04-21 18:00:00,20.024994,13.183319,897.12384,3.5624502,314.96353,64.73954
2019-04-21 19:00:00,19.774963,13.103973,896.7866,3.6312711,315.33154,65.410614
2019-04-21 20:00:00,19.009674,12.941345,896.3934,3.6245463,316.9751,67.87443
2019-04-21 21:00:00,18.72586,12.95047,896.10095,3.6254497,320.69885,69.12932
2019-04-21 22:00:00,18.149567,12.784851,896.07056,3.6048682,331.66522,70.8987
2019-04-21 23:00:00,18.013733,12.707489,896.1707,3.694975,338.1363,71.145035
2019-04-22 00:00:00,18.49405,13.038971,896.57556,3.6889153,345.0345,70.5461
2019-04-22 01:00:00,18.811127,13.206604,897.2257,3.682259,352.365,69.92172
2019-04-22 02:00:00,20.261047,13.327515,897.86224,3.689744,357.9561,64.40409
2019-04-22 03:00:00,21.128174,13.392303,898.3267,3.7125058,359.83032,61.313293
2019-04-22 04:00:00,21.733398,13.603577,898.5357,3.6447315,359.64856,59.90038
2019-04-22 05:00:00,23.829315,13.62793,898.48236,3.5717847,356.7553,52.836746
2019-04-22 06:00:00,24.771454,13.433899,898.1658,3.5921087,350.42392,49.30937
2019-04-22 07:00:00,25.0961,13.488068,897.57587,3.7541935,342.36487,48.534504
2019-04-22 08:00:00,26.018768,13.055481,896.808,4.0299797,334.92328,44.66926
2019-04-22 09:00:00,26.162903,12.960876,896.12415,4.402599,330.08206,44.01718
2019-04-22 10:00:00,25.54889,13.367889,895.51776,4.8986397,327.89032,46.876522
2019-04-22 11:00:00,25.429901,13.322876,895.3793,4.9721723,328.8211,47.07078
2019-04-22 12:00:00,25.140411,13.325806,895.6451,4.5341043,332.91873,47.897655
2019-04-22 13:00:00,24.751312,13.160706,896.1157,3.7427208,337.89346,48.49727
2019-04-22 14:00:00,23.300812,13.368134,896.7121,3.1784136,341.2478,53.63209
2019-04-22 15:00:00,22.15506,13.745941,897.3683,2.6453474,343.7033,58.921898
2019-04-22 16:00:00,21.879547,13.615662,897.906,2.195168,342.81253,59.41482
2019-04-22 17:00:00,20.950806,13.640717,898.16296,1.8858631,338.61838,62.99516
2019-04-22 18:00:00,20.621704,13.465546,898.02045,1.7353733,331.31116,63.555573
2019-04-22 19:00:00,20.312256,13.345642,897.7703,1.7321761,323.43475,64.27656
2019-04-22 20:00:00,19.519043,13.252655,897.44135,1.8346232,318.36215,67.10596
2019-04-22 21:00:00,19.191986,13.333679,897.21576,1.9347278,318.83844,68.84813
2019-04-22 22:00:00,18.660034,13.134064,897.1211,2.114936,322.88562,70.251884
2019-04-22 23:00:00,18.578644,13.125183,897.3596,2.1032386,328.37228,70.56963
2019-04-23 00:00:00,19.033264,13.422546,897.85266,2.0160694,335.2899,69.93636
2019-04-23 01:00:00,19.329163,13.661072,898.5411,1.8425082,344.48602,69.73287
2019-04-23 02:00:00,20.72522,13.702179,899.2255,1.6597348,350.7223,64.131165
2019-04-23 03:00:00,21.498962,14.064423,899.7725,1.529292,347.96466,62.610775
2019-04-23 04:00:00,22.061523,14.267456,900.06555,1.5775478,337.901,61.296474
2019-04-23 05:00:00,24.315674,14.221436,900.04224,1.7537527,329.84146,53.33055
2019-04-23 06:00:00,25.35962,13.796051,899.7275,2.1107981,322.71875,48.745533
2019-04-23 07:00:00,25.609833,13.703278,899.14954,2.5716681,318.61078,47.737762
2019-04-23 08:00:00,26.596802,13.40863,898.4648,3.0956726,315.77518,44.176334
2019-04-23 09:00:00,26.738892,13.321289,897.81396,3.5800202,315.69846,43.559647
2019-04-23 10:00:00,26.135284,13.894043,897.31177,3.8945081,318.52597,46.851578
2019-04-23 11:00:00,26.012207,13.784027,897.2131,4.0097437,321.5592,46.858032
2019-04-23 12:00:00,25.772064,13.660797,897.41315,3.677977,327.8516,47.150227
2019-04-23 13:00:00,25.175262,13.450409,897.8873,3.2053158,335.15594,48.187916
2019-04-23 14:00:00,24.046448,13.839142,898.52673,2.967968,344.20053,52.87231
2019-04-23 15:00:00,22.67633,13.688721,899.1691,2.7830179,350.754,56.872242
2019-04-23 16:00:00,22.352722,13.637604,899.7081,2.6333187,356.43338,57.80883
2019-04-23 17:00:00,21.285675,13.69696,899.9029,2.516683,0.49777222,61.93945
2019-04-23 18:00:00,20.915161,13.5442505,899.79224,2.460491,1.3009949,62.738472
2019-04-23 19:00:00,20.683655,13.484619,899.46967,2.4221096,359.93903,63.39215
2019-04-23 20:00:00,19.847961,13.410767,899.1253,2.4299781,357.93637,66.431076
2019-04-23 21:00:00,19.573364,13.286987,898.86127,2.4348574,358.6615,67.02978
2019-04-23 22:00:00,19.012909,13.325836,898.9486,2.4660535,1.281311,69.585396
2019-04-23 23:00:00,18.96997,13.33725,899.10016,2.6047287,6.606842,69.82396
2019-04-24 00:00:00,19.418518,13.6041565,899.55054,2.709055,12.4627075,69.09019
2019-04-24 01:00:00,19.714508,13.77594,900.1587,2.865983,20.61557,68.5931
2019-04-24 02:00:00,21.445282,14.091919,900.7941,2.83167,27.969269,62.92892
2019-04-24 03:00:00,22.04892,14.335815,901.1967,2.578184,31.500793,61.615433
2019-04-24 04:00:00,22.530579,14.572693,901.29193,2.2545106,31.54538,60.758602
2019-04-24 05:00:00,24.7583,14.459808,901.0879,1.9830408,25.095886,52.74354
2019-04-24 06:00:00,25.671112,14.009674,900.6431,1.7786518,15.794556,48.519886
2019-04-24 07:00:00,25.937592,14.06546,899.9551,1.6715719,0.40670776,47.93262
2019-04-24 08:00:00,26.841736,13.754608,899.1565,1.7751337,345.24554,44.535007
2019-04-24 09:00:00,26.939087,13.630859,898.3605,2.0118084,333.9175,43.926163
2019-04-24 10:00:00,26.193634,14.173004,897.76447,2.4051373,339.04434,47.54217
2019-04-24 11:00:00,26.066132,14.081451,897.5218,2.542527,339.91556,47.618713
2019-04-24 12:00:00,25.837769,13.920471,897.62195,2.3947463,346.53632,47.765697
2019-04-24 13:00:00,25.466553,13.88678,897.99854,2.0409324,352.85754,48.722805
2019-04-24 14:00:00,23.984222,13.924591,898.56726,1.8107629,0.6653137,53.36539
2019-04-24 15:00:00,22.95697,14.074066,899.1473,1.5806077,4.8573,57.328945
2019-04-24 16:00:00,22.586151,14.00235,899.4749,1.2699606,8.488068,58.36047
2019-04-24 17:00:00,21.686035,14.0755005,899.5714,0.933793,4.703003,61.94287
2019-04-24 18:00:00,21.33142,14.058441,899.41565,0.70248026,345.03513,63.23206
2019-04-24 19:00:00,21.047485,13.959137,899.1014,0.7712603,314.52844,63.930355
2019-04-24 20:00:00,20.256378,13.922821,898.68304,0.9655533,301.14014,66.96532
2019-04-24 21:00:00,20.045166,13.927246,898.2385,1.1608013,299.0838,67.86518
2019-04-24 22:00:00,19.297913,13.562256,898.14294,1.1055666,298.63153,69.42109
2019-04-24 23:00:00,19.208466,13.543549,898.27924,1.2039537,301.14218,69.72389
2019-04-25 00:00:00,19.736694,13.840515,898.7935,1.2468947,305.86334,68.78655
2019-04-25 01:00:00,20.187317,14.224121,899.52704,1.1332753,312.06458,68.577644
2019-04-25 02:00:00,21.675262,14.414856,900.1531,1.1362314,305.69296,63.359905
2019-04-25 03:00:00,22.345459,14.868713,900.5835,1.3364756,290.41696,62.63004
2019-04-25 04:00:00,22.781555,14.977905,900.7223,1.7858422,281.00696,61.423576
2019-04-25 05:00:00,24.894653,14.81842,900.6309,2.3237898,277.1494,53.5404
2019-04-25 06:00:00,25.91394,14.453125,900.27094,2.91943,276.21646,49.21902
2019-04-25 07:00:00,26.137024,14.514343,899.66266,3.5659568,276.8528,48.76607
2019-04-25 08:00:00,26.96762,14.092529,898.96466,4.173612,278.6043,45.18648
2019-04-25 09:00:00,27.073029,14.068207,898.21826,4.5999336,280.4175,44.83687
2019-04-25 10:00:00,26.329834,14.62793,897.58594,4.4143796,285.56537,48.568527
2019-04-25 11:00:00,26.227997,14.636627,897.3337,4.52635,289.40668,48.888943
2019-04-25 12:00:00,26.033936,14.460327,897.39557,4.082507,293.32806,48.893417
2019-04-25 13:00:00,25.5354,14.292816,897.6911,3.377113,294.73315,49.817406
2019-04-25 14:00:00,24.540466,14.588959,898.18695,2.8049579,296.24258,53.882324
2019-04-25 15:00:00,23.0878,14.494324,898.741,2.4145854,294.56686,58.444416
2019-04-25 16:00:00,22.720123,14.440002,899.11383,2.1298778,289.97284,59.551163
2019-04-25 17:00:00,21.897095,14.736237,899.12854,2.016274,284.08444,63.81737
2019-04-25 18:00:00,21.59134,14.784149,898.8336,2.125797,279.64374,65.22183
2019-04-25 19:00:00,21.38379,14.769196,898.3937,2.3220553,277.08325,65.992165
2019-04-25 20:00:00,20.613098,14.662109,897.9235,2.5520036,275.44714,68.71624
2019-04-25 21:00:00,20.392609,14.552795,897.5391,2.7656076,275.7897,69.16743
2019-04-25 22:00:00,19.790405,14.287811,897.36414,3.0251093,264.50153,70.57405
2019-04-25 23:00:00,19.638245,14.210968,897.4596,3.1281917,269.79037,70.890114
2019-04-26 00:00:00,20.128296,14.52829,897.7656,3.1122246,274.89862,70.19513
2019-04-26 01:00:00,20.42456,14.764954,898.4003,3.12466,278.43573,69.98234
2019-04-26 02:00:00,21.892822,14.906006,899.00604,3.3883297,279.8394,64.535995
2019-04-26 03:00:00,22.590576,14.854309,899.4567,3.835154,281.23016,61.646896
2019-04-26 04:00:00,23.066254,14.961731,899.54517,4.237926,283.02417,60.310883
2019-04-26 05:00:00,25.130585,14.832611,899.4268,4.719406,283.9845,52.840893
2019-04-26 06:00:00,26.069489,14.33902,899.0503,5.225889,284.85776,48.40965
2019-04-26 07:00:00,26.364136,14.368866,898.4457,5.758223,284.99332,47.666058
2019-04-26 08:00:00,27.206757,13.895416,897.72906,6.253564,285.80725,43.99074
2019-04-26 09:00:00,27.328094,13.843658,897.0028,6.580196,286.8023,43.532448
2019-04-26 10:00:00,26.716003,14.220978,896.4318,6.515052,286.68433,46.24314
2019-04-26 11:00:00,26.587555,14.281494,896.23157,6.245379,289.08362,46.777126
2019-04-26 12:00:00,26.39737,14.204468,896.3203,5.3223124,291.19315,47.069435
2019-04-26 13:00:00,25.991608,14.176086,896.7436,4.299651,288.91507,48.123215
2019-04-26 14:00:00,24.756744,14.426819,897.4218,3.633945,287.2191,52.636147
2019-04-26 15:00:00,23.440704,14.391144,898.13495,3.179741,285.24127,56.831646
2019-04-26 16:00:00,23.173004,14.337677,898.6002,2.8609817,282.4762,57.55846
2019-04-26 17:00:00,22.126526,14.229462,898.7249,2.6715944,279.3348,60.904236
2019-04-26 18:00:00,21.854645,14.215485,898.5348,2.643322,277.02597,61.866474
2019-04-26 19:00:00,21.553864,14.1371765,898.12994,2.6808944,276.7073,62.69558
2019-04-26 20:00:00,20.757263,14.046722,897.7095,2.7108326,277.042,65.45205
2019-04-26 21:00:00,20.50296,13.974518,897.37634,2.6542962,278.48367,66.1752
2019-04-26 22:00:00,20.038727,13.967346,897.1325,2.9175055,281.86206,68.069046
2019-04-26 23:00:00,19.923859,13.9809265,897.27826,2.7360425,286.4685,68.61531
2019-04-27 00:00:00,20.378632,14.299072,897.6199,2.5118256,290.36328,68.10138
2019-04-27 01:00:00,20.585999,14.381287,898.1701,2.3111892,292.97998,67.594215
2019-04-27 02:00:00,21.945831,14.472839,898.71014,2.4328935,293.3953,62.555534
2019-04-27 03:00:00,22.472443,14.560913,899.0951,2.6083035,293.16028,60.92723
2019-04-27 04:00:00,22.918152,14.530426,899.1984,2.8295937,292.01807,59.185375
2019-04-27 05:00:00,24.958984,14.319489,899.02814,3.2480352,287.14203,51.645004
2019-04-27 06:00:00,25.981293,13.808136,898.5946,3.9176528,284.3279,47.0174
2019-04-27 07:00:00,26.237915,13.858215,897.9088,4.5826335,282.48004,46.460117
2019-04-27 08:00:00,27.200775,13.320892,897.10156,5.1881084,282.0944,42.39232
2019-04-27 09:00:00,27.31018,13.279846,896.3523,5.4814396,282.06607,42.008705
2019-04-27 10:00:00,26.615051,13.718658,895.7378,5.9237103,279.0603,45.027924
2019-04-27 11:00:00,26.501434,13.874756,895.6757,5.516206,279.9849,45.79229
2019-04-27 12:00:00,26.244751,13.672089,895.9034,4.4557395,277.75293,45.88328
2019-04-27 13:00:00,25.889313,13.54718,896.41205,3.3350658,267.70386,46.47908
2019-04-27 14:00:00,24.74121,13.958374,897.0637,2.8199818,256.21805,51.111263
2019-04-27 15:00:00,23.500946,13.744568,897.73987,2.6958303,245.9183,54.30206
2019-04-27 16:00:00,23.133942,13.726013,898.2076,2.7619107,238.26663,55.45188
2019-04-27 17:00:00,22.19223,13.781128,898.3738,2.88856,233.36566,58.923195
2019-04-27 18:00:00,21.818512,13.787781,898.1731,2.991608,230.86073,60.30742
2019-04-27 19:00:00,21.547577,13.621246,897.75745,3.0710669,230.57094,60.654522
2019-04-27 20:00:00,20.777252,13.520996,897.29865,3.132382,230.9598,63.17731
2019-04-27 21:00:00,20.606293,13.472412,896.9568,3.1044242,230.9856,63.644417
2019-04-27 22:00:00,19.87149,13.408783,896.83844,2.9894633,237.5285,66.32571
2019-04-27 23:00:00,19.860016,13.395996,897.02045,2.8562274,234.22346,66.317635
2019-04-28 00:00:00,20.32962,13.698273,897.37775,2.7678366,229.98734,65.698135
2019-04-28 01:00:00,20.45581,13.590271,897.89044,2.8159,223.6471,64.73225
2019-04-28 02:00:00,22.150665,13.899078,898.4716,3.065311,222.13306,59.52657
2019-04-28 03:00:00,22.607727,13.936371,898.8906,3.5609922,224.92732,58.035233
2019-04-28 04:00:00,23.151031,14.134644,899.0857,4.013461,230.53525,56.882633
2019-04-28 05:00:00,25.25119,13.750458,898.9174,4.5737824,235.36069,48.91591
2019-04-28 06:00:00,26.124817,13.091248,898.483,5.232605,241.10246,44.493744
2019-04-28 07:00:00,26.388184,13.132355,897.7936,5.846285,246.59348,43.924652
2019-04-28 08:00:00,27.293701,12.626709,897.0718,6.3701406,251.49533,40.291874
2019-04-28 09:00:00,27.392426,12.559784,896.416,6.620191,254.86217,39.884125
2019-04-28 10:00:00,26.739838,13.247162,895.8262,6.205609,257.4607,43.34723
2019-04-28 11:00:00,26.620667,13.343506,895.6916,5.683209,258.23376,43.927494
2019-04-28 12:00:00,26.432404,13.253174,895.8365,4.576966,253.1456,44.156918
2019-04-28 13:00:00,26.052795,12.922333,896.3208,3.7111259,241.06409,44.193214
2019-04-28 14:00:00,24.68332,13.3437805,896.949,3.3744218,231.52005,49.279533
2019-04-28 15:00:00,23.330627,13.365143,897.5388,3.3076835,222.87332,53.525196
2019-04-28 16:00:00,23.011139,13.3715515,898.0312,3.4730961,217.06276,54.59168
2019-04-28 17:00:00,21.9823,13.614899,898.1887,3.7167494,214.93352,59.040558
2019-04-28 18:00:00,21.698761,13.603882,898.00195,3.9697762,215.9499,60.028503
2019-04-28 19:00:00,21.364227,13.395966,897.5232,4.129838,218.80919,60.446507
2019-04-28 20:00:00,20.502655,13.398071,897.02734,4.2244716,221.95255,63.743027
2019-04-28 21:00:00,20.2883,13.434479,896.7303,4.2965136,224.66362,64.74535
2019-04-28 22:00:00,19.82779,13.474121,896.7097,3.9300241,226.9643,66.78918
2019-04-28 23:00:00,19.72342,13.423859,896.913,3.7732673,226.54329,67.00322
2019-04-29 00:00:00,20.074799,13.693085,897.3256,3.7181175,225.09576,66.7187
2019-04-29 01:00:00,20.302643,13.846588,897.9444,3.8497188,221.26476,66.44467
2019-04-29 02:00:00,21.69397,13.959961,898.56165,4.1696415,222.566,61.45085
2019-04-29 03:00:00,22.436676,14.039093,899.0185,4.5951967,225.13237,59.033234
2019-04-29 04:00:00,22.987518,14.048309,899.1931,5.0190105,227.52496,57.127613
2019-04-29 05:00:00,25.025513,13.924255,899.057,5.599204,230.61673,50.14037
2019-04-29 06:00:00,25.890747,13.582825,898.6183,6.296183,235.48059,46.583015
2019-04-29 07:00:00,26.148865,13.625488,897.9547,6.913009,240.23465,46.00442
2019-04-29 08:00:00,27.119812,13.174805,897.17725,7.3952227,244.14694,42.190292
2019-04-29 09:00:00,27.182587,13.044403,896.43854,7.6577444,246.73257,41.67884
2019-04-29 10:00:00,26.574036,13.409912,895.7223,7.5465198,249.00626,44.23933
2019-04-29 11:00:00,26.42215,13.393951,895.4762,7.1432753,248.12262,44.590904
2019-04-29 12:00:00,26.215485,13.429901,895.55115,6.248277,242.2985,45.24413
2019-04-29 13:00:00,25.813507,13.2769165,895.97205,5.5950007,233.7326,45.87364
2019-04-29 14:00:00,24.529724,13.841492,896.57886,5.3757825,225.4751,51.370537
2019-04-29 15:00:00,23.13388,13.857117,897.1955,5.539616,218.80591,55.92621
2019-04-29 16:00:00,22.747314,13.743469,897.5886,5.885764,214.32556,56.829716
2019-04-29 17:00:00,21.839203,13.642273,897.7537,6.320436,212.83348,59.664474
2019-04-29 18:00:00,21.542389,13.74408,897.46643,6.73281,213.52519,61.160107
2019-04-29 19:00:00,21.272308,13.685028,896.9712,7.087833,215.495,61.942173
2019-04-29 20:00:00,20.500061,13.655762,896.38477,7.3216324,217.72536,64.83131
2019-04-29 21:00:00,20.305786,13.641327,895.9677,7.4129434,219.58243,65.55182
2019-04-29 22:00:00,19.700409,13.57785,896.0309,7.4669976,218.22586,67.774864
2019-04-29 23:00:00,19.634827,13.57547,896.10986,7.24331,219.09319,68.04076
2019-04-30 00:00:00,20.037292,13.826447,896.4207,6.936867,218.59041,67.455536
2019-04-30 01:00:00,20.335114,13.932892,896.9897,6.799066,216.76956,66.68397
2019-04-30 02:00:00,21.971771,14.291443,897.5746,7.0455694,216.74211,61.72856
2019-04-30 03:00:00,22.476105,14.5191345,897.9774,7.556109,219.52371,60.74958
2019-04-30 04:00:00,22.925507,14.713654,898.07196,7.8803935,222.06348,59.86258
2019-04-30 05:00:00,24.77774,14.559998,897.8688,8.214069,223.98882,53.024315
2019-04-30 06:00:00,25.667175,14.097687,897.4436,8.703663,226.07347,48.808815
2019-04-30 07:00:00,25.896576,14.258087,896.7977,9.207159,228.39685,48.65226
2019-04-30 08:00:00,26.701233,13.831329,896.0053,9.64927,231.0257,45.12901
2019-04-30 09:00:00,26.817017,13.855194,895.1789,9.927231,233.07858,44.89206
2019-04-30 10:00:00,26.21402,13.97644,894.55133,9.606608,235.57913,46.883984
2019-04-30 11:00:00,26.019104,14.101685,894.37225,9.335251,235.95844,47.814014
2019-04-30 12:00:00,25.71402,13.962128,894.5144,8.611043,233.14432,48.247578
2019-04-30 13:00:00,25.236877,13.90686,894.96796,7.9953628,226.95412,49.45723
2019-04-30 14:00:00,24.089142,14.374908,895.6382,7.9467044,222.1875,54.599453
2019-04-30 15:00:00,23.038696,14.101776,896.2752,8.114465,219.46704,57.148594
2019-04-30 16:00:00,22.849457,14.216614,896.7527,8.382282,217.8972,58.238644
2019-04-30 17:00:00,22.011993,14.360779,896.87964,8.634957,217.4441,61.854053
2019-04-30 18:00:00,21.674042,14.284607,896.6431,8.868638,218.24857,62.833237
2019-04-30 19:00:00,21.443329,14.269165,896.21295,9.04223,219.62447,63.662827
2019-04-30 20:00:00,20.722015,14.306488,895.7589,9.103093,221.08015,66.70678
2019-04-30 21:00:00,20.491241,14.290527,895.40015,9.0777645,222.35452,67.59242
2019-04-30 22:00:00,20.179352,14.355499,895.348,8.464926,222.45274,69.197014
2019-04-30 23:00:00,20.062683,14.346191,895.43585,8.275675,221.66512,69.65623
2019-05-01 00:00:00,20.435577,14.709747,895.6282,7.954945,220.34085,69.68633
2019-05-01 01:00:00,20.559326,14.67749,896.1448,7.833952,218.77711,69.01278
2019-05-01 02:00:00,21.852905,14.912842,896.7251,8.246669,219.98555,64.7219
2019-05-01 03:00:00,22.488892,14.906067,897.2179,8.556988,222.62442,62.23585
2019-05-01 04:00:00,22.864227,14.765778,897.3725,8.729222,224.4582,60.287403
2019-05-01 05:00:00,24.669342,14.687225,897.27795,8.871456,225.8555,53.808723
2019-05-01 06:00:00,25.515106,14.4062195,896.88763,9.084742,226.85866,50.244564
2019-05-01 07:00:00,25.739838,14.420593,896.25,9.406118,228.17458,49.625008
2019-05-01 08:00:00,26.56009,14.0868225,895.43884,9.62884,229.92528,46.266087
2019-05-01 09:00:00,26.67569,14.04248,894.6439,9.692337,231.63023,45.820244
2019-05-01 10:00:00,26.004608,14.225708,893.90704,9.412005,235.20184,48.240913
2019-05-01 11:00:00,25.85553,14.200287,893.8601,8.996114,235.70317,48.58859
2019-05-01 12:00:00,25.551666,14.06662,894.1756,8.225879,233.25763,49.04577
2019-05-01 13:00:00,25.282898,14.077057,894.683,7.5359454,228.5681,49.869263
2019-05-01 14:00:00,24.142517,14.590729,895.3513,7.31426,224.60582,55.188812
2019-05-01 15:00:00,22.939178,14.299774,896.03204,7.3485436,222.52324,58.23552
2019-05-01 16:00:00,22.665741,14.226624,896.5891,7.476069,221.11774,58.929165
2019-05-01 17:00:00,21.87201,14.421936,896.7642,7.697726,220.71422,62.63163
2019-05-01 18:00:00,21.529266,14.288544,896.5128,7.9974074,221.38884,63.408234
2019-05-01 19:00:00,21.348663,14.284393,896.0606,8.261017,222.82037,64.09619
2019-05-01 20:00:00,20.619171,14.294586,895.55994,8.407121,224.26974,67.07903
2019-05-01 21:00:00,20.405823,14.267731,895.1774,8.417711,225.16936,67.84944
2019-05-01 22:00:00,19.98877,14.344849,895.0758,7.972017,230.64758,69.96958
2019-05-01 23:00:00,19.919739,14.353363,895.2148,7.7773376,228.83987,70.30804
2019-05-02 00:00:00,20.368652,14.633209,895.5843,7.555138,225.8659,69.6302
2019-05-02 01:00:00,20.536316,14.659302,896.1792,7.552117,222.85786,69.029724
2019-05-02 02:00:00,21.895447,14.787445,896.85803,8.019257,222.00197,64.034775
2019-05-02 03:00:00,22.158142,14.704468,897.3732,8.504172,222.80449,62.68123
2019-05-02 04:00:00,22.568115,14.686798,897.5837,8.948631,224.2321,61.068176
2019-05-02 05:00:00,24.460114,14.549042,897.51917,9.263229,225.13791,54.002743
2019-05-02 06:00:00,25.398804,14.258179,897.1396,9.638158,226.04572,50.110943
2019-05-02 07:00:00,25.681854,14.284851,896.58826,10.092709,227.18503,49.36083
2019-05-02 08:00:00,26.389984,13.915497,895.8508,10.466378,229.11557,46.216316
2019-05-02 09:00:00,26.555786,14.037903,895.1565,10.616919,230.65,46.131344
2019-05-02 10:00:00,25.790375,14.384766,894.5954,10.299712,233.77979,49.362118
2019-05-02 11:00:00,25.645294,14.308044,894.47455,9.835798,233.36765,49.542274
2019-05-02 12:00:00,25.422668,14.233063,894.65686,9.069268,230.67761,49.958645
2019-05-02 13:00:00,25.089172,14.1032715,895.12897,8.30655,225.34978,50.533558
2019-05-02 14:00:00,24.127228,14.580048,895.7438,8.03131,220.56427,55.201416
2019-05-02 15:00:00,22.882904,14.353577,896.4429,8.008828,216.73654,58.63801
2019-05-02 16:00:00,22.587067,14.1970825,896.9026,8.147729,213.70717,59.098106
2019-05-02 17:00:00,21.83844,14.602112,897.04407,8.349371,212.14026,63.494606
2019-05-02 18:00:00,21.627808,14.587036,896.8192,8.601354,212.48785,64.254524
2019-05-02 19:00:00,21.440918,14.539642,896.4738,8.90763,213.82939,64.79507
2019-05-02 20:00:00,20.717438,14.554199,896.09906,9.093837,215.55298,67.80223
2019-05-02 21:00:00,20.527985,14.510895,895.8047,9.168569,216.82278,68.40684
2019-05-02 22:00:00,19.952362,14.514893,895.57697,8.908883,223.29338,70.90232
2019-05-02 23:00:00,19.835968,14.499329,895.73486,8.812899,222.41277,71.34374
2019-05-03 00:00:00,20.27951,14.87912,896.24396,8.683285,221.39288,71.13317
2019-05-03 01:00:00,20.372192,14.825165,896.99054,8.652791,219.49344,70.48183
2019-05-03 02:00:00,21.690155,15.055359,897.72144,9.128313,218.99963,65.97073
2019-05-03 03:00:00,22.092865,15.152618,898.2575,9.534662,219.96426,64.77279
2019-05-03 04:00:00,22.452454,14.9534,898.5343,9.895917,221.00763,62.564117
2019-05-03 05:00:00,24.127045,14.67926,898.5062,10.21901,222.03244,55.556507
2019-05-03 06:00:00,24.925964,14.438385,898.1468,10.516653,223.37491,52.146076
2019-05-03 07:00:00,25.051361,14.41272,897.524,10.869353,225.35059,51.671875
2019-05-03 08:00:00,25.940796,14.088715,896.81305,11.137676,227.83057,47.995785
2019-05-03 09:00:00,25.972443,14.06839,896.1994,11.381468,230.13455,47.84291
2019-05-03 10:00:00,25.257141,14.465912,895.65955,11.30796,233.98482,51.21823
2019-05-03 11:00:00,25.150146,14.432495,895.59656,10.940926,235.03821,51.434345
2019-05-03 12:00:00,24.894257,14.456421,895.88763,10.235085,234.41705,52.30575
2019-05-03 13:00:00,24.758392,14.351318,896.34625,9.506886,231.42307,52.374737
2019-05-03 14:00:00,23.530548,14.6297,897.03766,9.117191,228.74866,57.40211
2019-05-03 15:00:00,22.524292,14.640533,897.7251,8.867315,226.88771,61.048462
2019-05-03 16:00:00,22.24765,14.50061,898.1758,8.717216,225.29114,61.525833
2019-05-03 17:00:00,21.44809,14.708893,898.3032,8.705585,224.43755,65.47776
2019-05-03 18:00:00,21.115906,14.705658,898.0835,8.78176,224.62068,66.81104
2019-05-03 19:00:00,20.92038,14.674896,897.6757,8.902938,225.72925,67.48442
2019-05-03 20:00:00,20.32837,14.606995,897.21234,8.965202,227.22293,69.68565
2019-05-03 21:00:00,19.970795,14.5177,896.87946,8.954711,228.70624,70.83426
2019-05-03 22:00:00,19.604675,14.610657,896.8677,8.920612,233.11594,72.89691
2019-05-03 23:00:00,19.526154,14.605072,897.0753,8.763281,233.6572,73.226944
2019-05-04 00:00:00,19.879822,14.837891,897.4723,8.661324,233.61763,72.72086
2019-05-04 01:00:00,20.05191,14.817688,898.09564,8.720507,233.87524,71.85644
2019-05-04 02:00:00,21.223267,15.094574,898.72034,9.227654,234.99231,68.05525
2019-05-04 03:00:00,21.59201,15.031921,899.26776,9.788964,237.19193,66.26785
2019-05-04 04:00:00,22.006256,14.8703,899.58154,10.228493,238.80536,63.94379
2019-05-04 05:00:00,23.824493,14.842621,899.6463,10.669008,240.56696,57.17443
2019-05-04 06:00:00,24.690704,14.554932,899.35486,11.151154,242.04904,53.28331
2019-05-04 07:00:00,24.901367,14.595642,898.8477,11.623136,243.24413,52.755684
2019-05-04 08:00:00,25.823761,14.050415,898.23236,11.979866,245.00352,48.209877
2019-05-04 09:00:00,25.96994,13.985657,897.68866,12.196108,246.9354,47.594078
2019-05-04 10:00:00,25.49643,14.231232,897.19977,11.546737,250.65976,49.734283
2019-05-04 11:00:00,25.427643,14.240265,897.0712,11.059875,251.57874,49.967175
2019-05-04 12:00:00,25.257874,14.365021,897.2542,9.965488,250.35776,50.883137
2019-05-04 13:00:00,24.905243,13.962006,897.7093,8.786699,246.23868,50.62511
2019-05-04 14:00:00,23.760345,14.393188,898.41125,8.17246,241.79324,55.75501
2019-05-04 15:00:00,22.636139,14.230286,899.055,7.873628,238.87155,59.049107
2019-05-04 16:00:00,22.304016,14.330414,899.44104,7.7335715,236.42664,60.644436
2019-05-04 17:00:00,21.356659,14.512848,899.5376,7.790018,235.15538,65.01779
2019-05-04 18:00:00,21.076752,14.44693,899.35315,7.9503026,234.55957,65.86275
2019-05-04 19:00:00,20.868011,14.403168,898.97156,8.136615,235.01398,66.5247
2019-05-04 20:00:00,20.130493,14.302612,898.5263,8.302681,235.99112,69.169426
2019-05-04 21:00:00,19.884521,14.211182,898.1983,8.366898,237.21794,69.8165
2019-05-04 22:00:00,19.412537,13.977112,898.19995,8.083437,242.87802,70.81029
2019-05-04 23:00:00,19.29831,13.937653,898.36346,8.035307,243.28854,71.13305
2019-05-05 00:00:00,19.684204,14.182556,898.6781,7.9450703,243.37776,70.5583
2019-05-05 01:00:00,19.807678,14.16449,899.2584,8.094123,243.07355,69.93808
2019-05-05 02:00:00,21.304626,14.433929,899.755,8.561343,243.92107,64.89379
2019-05-05 03:00:00,21.717438,14.389557,900.1407,9.106628,245.74902,63.093533
2019-05-05 04:00:00,22.225677,14.371643,900.2912,9.686315,248.05981,61.09692
2019-05-05 05:00:00,24.300323,14.057068,900.1632,10.334038,250.47383,52.814423
2019-05-05 06:00:00,25.118652,13.725159,899.78107,11.057739,252.94751,49.22247
2019-05-05 07:00:00,25.358643,13.788727,899.18365,11.73693,254.95236,48.725185
2019-05-05 08:00:00,26.30307,13.032318,898.5449,12.200467,256.63196,43.858463
2019-05-05 09:00:00,26.40741,12.955353,897.8945,12.36312,258.4003,43.370506
2019-05-05 10:00:00,25.805939,13.226715,897.2417,11.824756,259.20016,45.744205
2019-05-05 11:00:00,25.731018,13.232727,897.0547,11.233285,260.15094,45.965847
2019-05-05 12:00:00,25.489746,13.283936,897.2071,10.024013,259.3847,46.784775
2019-05-05 13:00:00,25.165833,13.000336,897.60095,8.758392,256.19696,46.820103
2019-05-05 14:00:00,23.757263,13.6249695,898.1261,8.194313,252.69711,53.05605
2019-05-05 15:00:00,22.681122,13.383453,898.65674,7.95695,250.26956,55.737507
2019-05-05 16:00:00,22.323517,13.283539,898.9992,7.882752,248.11029,56.591892
2019-05-05 17:00:00,21.298279,13.471771,899.14233,7.9694676,247.17795,60.99165
2019-05-05 18:00:00,21.005493,13.434418,898.9542,8.176645,246.95477,61.94666
2019-05-05 19:00:00,20.791534,13.405548,898.5198,8.385428,247.29962,62.64913
2019-05-05 20:00:00,20.181244,13.341949,898.024,8.485888,248.20978,64.783455
2019-05-05 21:00:00,19.954803,13.29184,897.64484,8.475862,249.11339,65.48335
2019-05-05 22:00:00,19.390686,13.383118,897.45056,8.111288,252.08864,68.22126
2019-05-05 23:00:00,19.27298,13.352539,897.59955,7.94386,251.22794,68.58599
2019-05-06 00:00:00,19.704742,13.620453,897.8382,7.759807,250.36835,67.944626
2019-05-06 01:00:00,19.830383,13.531952,898.285,7.8659577,249.41493,67.03024
2019-05-06 02:00:00,21.405487,13.652161,898.7019,8.146451,249.86847,61.30756
2019-05-06 03:00:00,21.809723,13.601227,899.04016,8.601481,251.55104,59.612648
2019-05-06 04:00:00,22.230896,13.617462,899.09875,9.0120735,253.47493,58.1627
2019-05-06 05:00:00,24.307861,13.274597,898.8976,9.433622,255.76488,50.172607
2019-05-06 06:00:00,25.259521,12.712036,898.38794,10.054046,257.3274,45.68986
2019-05-06 07:00:00,25.5643,12.7578125,897.74146,10.79561,258.16348,45.004303
2019-05-06 08:00:00,26.544495,12.141449,897.0648,11.439905,258.89624,40.785454
2019-05-06 09:00:00,26.660309,11.92926,896.43225,11.817737,259.99164,39.946156
2019-05-06 10:00:00,26.036682,12.478821,895.78735,11.308521,262.52402,42.968906
2019-05-06 11:00:00,25.987976,12.434784,895.5034,10.774226,261.6266,42.96858
2019-05-06 12:00:00,25.788208,12.173279,895.5469,9.7504,258.94043,42.739376
2019-05-06 13:00:00,25.372131,11.7933655,895.8848,8.718077,254.58653,42.72561
2019-05-06 14:00:00,23.937195,12.509094,896.4082,8.344348,251.3782,48.79621
2019-05-06 15:00:00,22.715607,12.422028,896.9263,8.246914,248.78624,52.23183
2019-05-06 16:00:00,22.353973,12.504242,897.35034,8.382953,246.6594,53.680527
2019-05-06 17:00:00,21.280304,12.637573,897.44055,8.59226,245.45473,57.82113
2019-05-06 18:00:00,20.99469,12.759705,897.2925,8.9812565,245.02591,59.316284
2019-05-06 19:00:00,20.71106,12.734192,896.8911,9.33113,245.45724,60.25947
2019-05-06 20:00:00,19.788086,12.71756,896.5398,9.613282,246.24991,63.72673
2019-05-06 21:00:00,19.63507,12.64212,896.2397,9.741871,247.09613,64.0175
2019-05-06 22:00:00,19.043854,12.753174,896.0973,9.888614,249.48665,66.90122
2019-05-06 23:00:00,18.9039,12.667358,896.2421,9.765231,249.2482,67.10977
2019-05-07 00:00:00,19.32312,12.893555,896.72125,9.645162,249.07475,66.35408
2019-05-07 01:00:00,19.544922,12.902649,897.3234,9.727967,249.08737,65.48419
2019-05-07 02:00:00,21.373322,13.010834,897.85693,10.035685,249.90906,58.91385
2019-05-07 03:00:00,21.841675,13.116241,898.2131,10.743357,251.70013,57.64567
2019-05-07 04:00:00,22.319977,13.17923,898.3829,11.51918,253.46323,56.22029
2019-05-07 05:00:00,24.417938,12.861206,898.35815,12.356536,255.18048,48.515217
2019-05-07 06:00:00,25.616913,12.280212,898.08704,13.188354,256.40485,43.480396
2019-05-07 07:00:00,25.908539,12.342346,897.5916,13.96303,257.41916,42.909924
2019-05-07 08:00:00,26.838806,12.046204,896.9307,14.487993,258.19556,39.834343
2019-05-07 09:00:00,26.908356,11.995911,896.2272,14.629157,259.33392,39.540638
2019-05-07 10:00:00,26.2435,12.506744,895.53735,13.561582,259.77698,42.524563
2019-05-07 11:00:00,26.108063,12.487427,895.3479,12.915887,259.7658,42.812042
2019-05-07 12:00:00,25.912567,12.285522,895.4592,11.66757,257.998,42.73985
2019-05-07 13:00:00,25.592224,12.238068,895.8253,10.345628,254.90121,43.4237
2019-05-07 14:00:00,24.119415,12.910828,896.33405,9.782369,251.87695,49.551815
2019-05-07 15:00:00,22.765778,12.883179,896.8768,9.665731,249.5725,53.670536
2019-05-07 16:00:00,22.454803,12.770538,897.30756,9.711332,247.83798,54.291637
2019-05-07 17:00:00,21.51941,13.103699,897.5075,9.879784,246.85464,58.74439
2019-05-07 18:00:00,21.161438,13.017944,897.37195,10.121612,246.42819,59.712006
2019-05-07 19:00:00,20.862335,12.978668,897.0055,10.414438,246.8615,60.66351
2019-05-07 20:00:00,20.05951,13.031738,896.5472,10.6200695,247.89969,63.965233
2019-05-07 21:00:00,19.89804,13.081024,896.2637,10.736986,249.21411,64.816284
2019-05-07 22:00:00,19.35263,12.998566,896.1535,10.180227,252.09148,66.68857
2019-05-07 23:00:00,19.28366,13.047211,896.35956,10.225423,252.56744,67.188614
2019-05-08 00:00:00,19.667236,13.288483,896.6546,10.165196,253.04199,66.64671
2019-05-08 01:00:00,19.9039,13.316223,897.19116,10.337862,253.45523,65.79465
2019-05-08 02:00:00,21.48584,13.579803,897.75055,10.856342,254.98883,60.72024
2019-05-08 03:00:00,21.897095,13.577209,898.2036,11.693223,257.2991,59.202976
2019-05-08 04:00:00,22.449951,13.586243,898.35205,12.423723,259.44482,57.276505
2019-05-08 05:00:00,24.420319,13.401764,898.3117,13.0983515,261.05185,50.250465
2019-05-08 06:00:00,25.329742,13.04953,897.9952,13.65088,262.03625,46.514874
2019-05-08 07:00:00,25.589905,13.132721,897.4934,14.128038,262.6328,46.050823
2019-05-08 08:00:00,26.628693,12.62207,896.8354,14.440855,262.94177,41.884727
2019-05-08 09:00:00,26.743134,12.517731,896.1863,14.541519,263.34076,41.31983
2019-05-08 10:00:00,26.219238,13.016693,895.70154,13.73495,265.5431,44.03119
2019-05-08 11:00:00,26.118988,12.927856,895.4696,13.108448,264.3503,44.03645
2019-05-08 12:00:00,25.968842,12.820099,895.62646,11.891505,261.67484,44.11732
2019-05-08 13:00:00,25.610138,12.576599,896.01917,10.635879,257.46942,44.352337
2019-05-08 14:00:00,24.22998,12.972717,896.62213,10.156454,254.46188,49.423775
2019-05-08 15:00:00,22.866425,12.950531,897.1816,10.044013,251.96994,53.579594
2019-05-08 16:00:00,22.553467,12.877838,897.53656,10.075324,250.0954,54.34742
2019-05-08 17:00:00,21.485962,12.989899,897.5878,10.221543,248.89777,58.42884
2019-05-08 18:00:00,21.119812,12.891205,897.31854,10.44871,248.29532,59.37085
2019-05-08 19:00:00,20.863586,12.847412,896.8999,10.71671,248.51855,60.140484
2019-05-08 20:00:00,20.00174,12.759644,896.4626,10.8959255,249.08397,63.06221
2019-05-08 21:00:00,19.80365,12.670959,896.1652,10.96849,250.02747,63.471233
2019-05-08 22:00:00,19.261505,12.761871,895.979,10.329412,250.7316,66.03761
2019-05-08 23:00:00,19.161499,12.775604,896.11273,10.317576,251.04471,66.50998
2019-05-09 00:00:00,19.590302,13.086273,896.3742,10.200777,251.17319,66.08813
2019-05-09 01:00:00,19.90982,13.183411,896.93243,10.358773,251.38022,65.20332
2019-05-09 02:00:00,21.659576,13.296692,897.3653,10.843043,253.14717,58.980846
2019-05-09 03:00:00,22.218353,13.472229,897.66174,11.650608,255.96738,57.65971
2019-05-09 04:00:00,22.688019,13.599915,897.7004,12.317927,258.7386,56.50475
2019-05-09 05:00:00,24.731659,13.243927,897.563,12.897833,260.8235,48.81857
2019-05-09 06:00:00,25.58435,12.929718,897.22534,13.3365135,262.12424,45.459137
2019-05-09 07:00:00,25.83908,13.078613,896.7328,13.720462,263.0704,45.215305
2019-05-09 08:00:00,26.856506,12.737579,896.1663,13.928398,263.51904,41.640774
2019-05-09 09:00:00,26.940948,12.683746,895.55304,13.925975,263.92206,41.288757
2019-05-09 10:00:00,26.394684,13.139313,894.96576,13.178382,263.9952,43.927757
2019-05-09 11:00:00,26.272888,13.12207,894.85205,12.502718,263.7655,44.194965
2019-05-09 12:00:00,26.109741,13.003082,895.07776,11.260648,261.70923,44.277687
2019-05-09 13:00:00,25.71695,12.764648,895.5137,9.947773,257.83804,44.61846
2019-05-09 14:00:00,24.419647,13.263275,896.12384,9.301476,255.17125,49.80097
2019-05-09 15:00:00,23.086243,13.090027,896.7024,9.023194,252.4831,53.35542
2019-05-09 16:00:00,22.655396,12.958282,897.1459,8.939178,250.2977,54.297035
2019-05-09 17:00:00,21.730438,13.088135,897.2887,8.977322,248.39343,57.932274
2019-05-09 18:00:00,21.45401,13.080963,897.0863,9.082502,247.24889,58.892555
2019-05-09 19:00:00,21.194244,12.984375,896.7271,9.227212,246.78299,59.46136
2019-05-09 20:00:00,20.39502,12.990143,896.3553,9.356517,246.85071,62.482475
2019-05-09 21:00:00,20.150482,12.944153,896.1657,9.38482,246.92781,63.24326
2019-05-09 22:00:00,19.611511,13.165649,896.21844,8.85106,249.61267,66.344
2019-05-09 23:00:00,19.48462,13.09494,896.4148,8.753839,248.98164,66.56113
2019-05-10 00:00:00,19.947784,13.488007,896.8113,8.623703,248.33759,66.354355
2019-05-10 01:00:00,20.227112,13.513367,897.4518,8.70162,248.04037,65.325226
2019-05-10 02:00:00,21.895142,13.806976,898.03046,9.117849,249.11519,60.10082
2019-05-10 03:00:00,22.519684,13.906311,898.45654,9.590451,251.7768,58.23266
2019-05-10 04:00:00,22.990662,14.039886,898.5797,9.901102,253.2432,57.085556
2019-05-10 05:00:00,24.83255,13.957092,898.4679,10.238555,253.77888,50.82902
2019-05-10 06:00:00,25.783203,13.618286,898.1191,10.668184,253.58215,46.98904
2019-05-10 07:00:00,26.051758,13.656982,897.605,11.199348,253.51358,46.364204
2019-05-10 08:00:00,26.915924,13.388702,896.96655,11.5251045,253.26657,43.298218
2019-05-10 09:00:00,27.000763,13.374451,896.3097,11.568963,253.39682,43.042927
2019-05-10 10:00:00,26.431824,14.074524,895.7896,11.25159,255.36996,46.580173
2019-05-10 11:00:00,26.284119,14.071167,895.6364,10.531888,254.36475,46.977818
2019-05-10 12:00:00,26.124237,14.00177,895.8019,9.353038,251.62202,47.210915
2019-05-10 13:00:00,25.682556,13.776367,896.2633,8.229067,247.68707,47.75844
2019-05-10 14:00:00,24.567108,14.117371,896.9356,7.666479,243.02832,52.180965
2019-05-10 15:00:00,23.207916,13.987976,897.6332,7.5315013,239.28812,56.151157
2019-05-10 16:00:00,22.864624,13.927307,898.0709,7.5191894,236.58485,57.104527
2019-05-10 17:00:00,22.025604,14.229706,898.20514,7.611809,235.1112,61.280968
2019-05-10 18:00:00,21.714111,14.272583,898.03687,7.802853,235.05011,62.63078
2019-05-10 19:00:00,21.463501,14.256226,897.7664,8.00528,235.80795,63.531017
2019-05-10 20:00:00,20.739838,14.228607,897.5027,8.169632,236.84134,66.29871
2019-05-10 21:00:00,20.45514,14.13028,897.3452,8.248906,237.99895,67.044075
2019-05-10 22:00:00,19.948822,14.342255,897.46857,7.7806144,240.07294,70.13112
2019-05-10 23:00:00,19.865082,14.373047,897.7399,7.700929,239.69177,70.6364
2019-05-11 00:00:00,20.337769,14.644562,898.2352,7.5861583,238.9744,69.814224
2019-05-11 01:00:00,20.5896,14.662567,898.90814,7.7283974,238.32022,68.81784
2019-05-11 02:00:00,22.179382,14.982849,899.4888,8.287794,239.32513,63.732796
2019-05-11 03:00:00,22.509491,15.029114,899.93274,8.8684845,242.2732,62.652145
2019-05-11 04:00:00,22.921265,15.089111,900.05396,9.31025,244.68707,61.34299
2019-05-11 05:00:00,24.758423,15.127686,899.9112,9.655439,246.288,55.06253
2019-05-11 06:00:00,25.567078,14.924988,899.489,9.990243,247.713,51.794117
2019-05-11 07:00:00,25.810272,14.999756,898.915,10.27165,249.57336,51.298565
2019-05-11 08:00:00,26.599548,14.720398,898.2347,10.456388,251.86072,48.088013
2019-05-11 09:00:00,26.694,14.605774,897.60547,10.438264,254.53061,47.468998
2019-05-11 10:00:00,26.092072,14.747437,897.1475,9.526865,259.97552,49.636753
2019-05-11 11:00:00,25.953064,14.7435,896.9182,8.951244,260.09854,50.033985
2019-05-11 12:00:00,25.698608,14.6241455,896.9815,8.016984,259.04962,50.40465
2019-05-11 13:00:00,25.3396,14.4530945,897.2654,6.949538,255.26782,50.925404
2019-05-11 14:00:00,24.26712,14.84079,897.75446,6.365851,250.80405,55.668236
2019-05-11 15:00:00,23.04776,14.859711,898.26935,6.084006,247.30385,59.983147
2019-05-11 16:00:00,22.739502,14.817902,898.65326,6.0176992,244.33401,60.949253
2019-05-11 17:00:00,21.662048,14.745453,898.7269,6.1027603,242.01456,64.77867
2019-05-11 18:00:00,21.346863,14.731232,898.52795,6.3071833,241.57887,65.979996
2019-05-11 19:00:00,21.152985,14.672943,898.1691,6.5643225,242.23259,66.51869
2019-05-11 20:00:00,20.417328,14.63678,897.80505,6.7596865,243.38095,69.43732
2019-05-11 21:00:00,20.2453,14.610016,897.5036,6.8220787,244.9385,70.057816
2019-05-11 22:00:00,19.75705,14.6813965,897.5545,6.519908,251.71341,72.541115
2019-05-11 23:00:00,19.683716,14.694702,897.62054,6.254916,251.49309,72.934456
2019-05-12 00:00:00,20.169556,14.95282,897.9687,6.0115724,250.9739,71.958824
2019-05-12 01:00:00,20.364716,14.898163,898.4504,6.0151258,250.35492,70.84665
2019-05-12 02:00:00,21.955383,15.392548,898.96466,6.174915,250.1401,66.33185
2019-05-12 03:00:00,22.34436,15.444122,899.3512,6.508746,251.40541,64.99333
2019-05-12 04:00:00,22.757904,15.5271,899.4279,6.777319,252.33289,63.719444
2019-05-12 05:00:00,24.610016,15.483826,899.2394,7.0939884,252.29301,56.837498
2019-05-12 06:00:00,25.479858,15.107727,898.786,7.597884,252.32639,52.67869
2019-05-12 07:00:00,25.722748,15.152893,898.18555,8.177726,253.19566,52.07564
2019-05-12 08:00:00,26.605896,14.77005,897.4334,8.691823,254.85707,48.224125
2019-05-12 09:00:00,26.691956,14.678894,896.7125,9.055062,256.419,47.69918
2019-05-12 10:00:00,25.934052,14.768036,896.12036,9.127993,260.60568,50.169624
2019-05-12 11:00:00,25.811249,14.721313,895.8465,8.91892,260.59222,50.38394
2019-05-12 12:00:00,25.563232,14.730408,895.892,8.300038,258.64758,51.160633
2019-05-12 13:00:00,25.254486,14.631409,896.25977,7.552159,253.70325,51.776577
2019-05-12 14:00:00,24.180542,14.987915,896.80334,7.1852846,249.14249,56.490524
2019-05-12 15:00:00,22.991394,14.805115,897.42456,7.0924673,245.48868,59.97677
2019-05-12 16:00:00,22.657318,14.876282,897.82056,7.12765,242.91489,61.48463
2019-05-12 17:00:00,21.71463,14.929413,897.90967,7.253936,241.97354,65.34049
2019-05-12 18:00:00,21.467468,15.065399,897.66846,7.4366927,242.05127,66.91873
2019-05-12 19:00:00,21.273987,15.0026245,897.31226,7.629822,242.82106,67.44391
2019-05-12 20:00:00,20.554169,14.866089,896.8833,7.7308927,243.54361,69.87895
2019-05-12 21:00:00,20.32132,14.767548,896.60126,7.719664,244.43442,70.44157
2019-05-12 22:00:00,19.891022,14.882874,896.5962,7.6961346,246.54002,72.88126
2019-05-12 23:00:00,19.763489,14.798889,896.7165,7.4251456,246.27643,73.06341
2019-05-13 00:00:00,20.28415,14.951569,897.06915,7.095364,245.1628,71.44524
2019-05-13 01:00:00,20.486328,14.94397,897.6252,7.058009,243.73494,70.524605
2019-05-13 02:00:00,21.869568,15.260468,898.1526,7.2727776,244.08678,66.11734
2019-05-13 03:00:00,22.348907,15.410858,898.5362,7.6119194,245.83244,64.83692
2019-05-13 04:00:00,22.798828,15.4956665,898.67303,7.9492116,247.30809,63.43366
2019-05-13 05:00:00,24.566711,15.28949,898.5408,8.308985,249.02463,56.278984
2019-05-13 06:00:00,25.43216,14.957001,898.1692,8.790419,250.73026,52.318573
2019-05-13 07:00:00,25.72165,14.990784,897.5348,9.3528805,252.94762,51.53903
2019-05-13 08:00:00,26.476532,14.757172,896.7807,9.8158655,255.32617,48.552937
2019-05-13 09:00:00,26.616638,14.80426,896.0689,10.14554,257.59216,48.29998
2019-05-13 10:00:00,25.716064,14.996887,895.4338,9.669508,260.512,51.57634
2019-05-13 11:00:00,25.501282,14.935333,895.23834,9.346827,261.48886,52.031525
2019-05-13 12:00:00,25.184296,14.914368,895.365,8.667384,260.58234,52.95019
2019-05-13 13:00:00,24.894165,14.799591,895.6637,7.6502624,256.31158,53.47705
2019-05-13 14:00:00,23.809113,15.162964,896.2134,7.046051,251.01529,58.41896
2019-05-13 15:00:00,22.665405,14.837341,896.81555,6.84389,246.01991,61.300533
2019-05-13 16:00:00,22.370697,14.825562,897.2547,6.8460317,242.16217,62.360435
2019-05-13 17:00:00,21.461273,14.876129,897.41046,7.0154552,239.83922,66.13376
2019-05-13 18:00:00,21.080994,14.795227,897.29376,7.2575774,239.48526,67.34208
2019-05-13 19:00:00,20.845642,14.738617,896.94446,7.499066,240.17743,68.0744
2019-05-13 20:00:00,20.044098,14.570648,896.5715,7.6573462,241.26392,70.755
2019-05-13 21:00:00,19.85965,14.571106,896.32416,7.6837125,242.4599,71.57001
2019-05-13 22:00:00,19.443024,14.661713,896.3859,7.2502794,248.06094,73.87575
2019-05-13 23:00:00,19.33496,14.662598,896.63904,7.0602636,248.39769,74.3782
2019-05-14 00:00:00,19.88678,14.970917,896.9838,6.8152637,248.28635,73.31471
2019-05-14 01:00:00,20.045685,14.989105,897.485,6.6568027,247.57524,72.68182
2019-05-14 02:00:00,21.465057,15.26947,898.0284,6.7953916,246.45435,67.81195
2019-05-14 03:00:00,21.886627,15.432159,898.42303,7.062201,246.43744,66.78016
2019-05-14 04:00:00,22.28003,15.479462,898.6401,7.450236,247.02292,65.396164
2019-05-14 05:00:00,24.104156,15.403717,898.5287,8.028181,248.56335,58.286224
2019-05-14 06:00:00,25.01294,14.94635,898.1509,8.66087,250.61345,53.603756
2019-05-14 07:00:00,25.28836,15.021149,897.503,9.252397,253.45538,52.986073
2019-05-14 08:00:00,26.084473,14.805634,896.8307,9.618753,256.13177,49.84564
2019-05-14 09:00:00,26.291504,14.88266,896.19037,9.758679,258.59885,49.484398
2019-05-14 10:00:00,25.803162,15.02594,895.61475,9.415687,263.88986,51.40669
2019-05-14 11:00:00,25.695618,15.188477,895.3588,8.806959,264.38736,52.278877
2019-05-14 12:00:00,25.420166,15.153107,895.4838,7.8571177,263.56683,53.020294
2019-05-14 13:00:00,25.056854,15.014313,895.86835,6.605247,258.9358,53.697937
2019-05-14 14:00:00,24.122925,15.391754,896.47064,5.913967,253.1816,58.175945
2019-05-14 15:00:00,22.99408,15.519409,897.0364,5.5670586,247.50354,62.783348
2019-05-14 16:00:00,22.67395,15.413361,897.5253,5.5409636,243.22768,63.579506
2019-05-14 17:00:00,21.75,15.547638,897.7305,5.702391,240.56088,67.839836
2019-05-14 18:00:00,21.481049,15.444672,897.6928,5.962381,240.11363,68.51134
2019-05-14 19:00:00,21.2565,15.412476,897.3755,6.2359614,240.10487,69.317215
2019-05-14 20:00:00,20.552338,15.40152,897.0405,6.5043664,240.76653,72.333496
2019-05-14 21:00:00,20.369995,15.360901,896.89166,6.674289,241.29282,72.96145
2019-05-14 22:00:00,19.835571,15.280914,896.93274,6.4537263,245.97604,75.0278
2019-05-14 23:00:00,19.784393,15.293488,897.17664,6.423059,246.57422,75.32703
2019-05-15 00:00:00,20.157928,15.423462,897.60266,6.185719,246.47766,74.22097
2019-05-15 01:00:00,20.324036,15.449249,898.2026,6.0687227,244.84604,73.58454
2019-05-15 02:00:00,21.678802,15.723297,898.8044,6.245696,243.23608,68.90618
2019-05-15 03:00:00,22.108124,15.799713,899.2698,6.409759,242.19734,67.45307
2019-05-15 04:00:00,22.464844,15.802734,899.5157,6.648231,241.9914,66.01749
2019-05-15 05:00:00,24.155182,15.673462,899.44226,6.9886456,242.73238,59.12093
2019-05-15 06:00:00,25.031403,15.363831,899.07404,7.460392,243.88629,55.00061
2019-05-15 07:00:00,25.287872,15.3871765,898.4442,8.063908,245.9964,54.248123
2019-05-15 08:00:00,25.996887,14.951691,897.7731,8.636175,248.71739,50.578064
2019-05-15 09:00:00,26.106415,14.881653,897.15845,9.049929,251.61732,50.025375
2019-05-15 10:00:00,25.287079,15.251953,896.58563,9.07457,257.51758,53.781967
2019-05-15 11:00:00,25.128387,15.199127,896.3914,8.823244,257.9984,54.10856
2019-05-15 12:00:00,24.845245,15.199402,896.52234,8.216161,257.0573,55.030823
2019-05-15 13:00:00,24.58963,15.155304,896.90466,7.238847,253.61432,55.71964
2019-05-15 14:00:00,23.699463,15.385498,897.4813,6.6635427,249.61124,59.65184
2019-05-15 15:00:00,22.372467,15.36441,898.1422,6.4406095,246.07268,64.551506
2019-05-15 16:00:00,22.094666,15.467621,898.65485,6.3962774,242.80971,66.088326
2019-05-15 17:00:00,21.375763,15.503418,898.8546,6.518752,240.66344,69.21467
2019-05-15 18:00:00,21.06839,15.4592285,898.7036,6.691139,240.13287,70.33254
2019-05-15 19:00:00,20.774628,15.379028,898.36584,6.898801,240.69092,71.24694
2019-05-15 20:00:00,20.076569,15.220184,898.0338,7.0379434,241.40294,73.628654
2019-05-15 21:00:00,19.8479,15.175873,897.86523,7.065013,242.53664,74.46645
2019-05-15 22:00:00,19.439148,15.134827,897.8334,7.011472,247.1506,76.17903
2019-05-15 23:00:00,19.303955,15.081146,898.0158,6.761903,247.57968,76.55777
2019-05-16 00:00:00,19.807465,15.223999,898.3375,6.5471077,247.2164,74.884514
2019-05-16 01:00:00,19.996643,15.195984,898.9437,6.473967,247.00009,73.87886
2019-05-16 02:00:00,21.634766,15.580505,899.5754,6.6091485,246.94711,68.463326
2019-05-16 03:00:00,22.096832,15.731812,900.07697,6.865357,247.68948,67.20703
2019-05-16 04:00:00,22.49002,15.799805,900.2975,7.273605,248.313,65.90423
2019-05-16 05:00:00,24.35971,15.744324,900.1516,7.842475,248.59344,58.665783
2019-05-16 06:00:00,25.211914,15.41214,899.7445,8.559205,249.15366,54.581215
2019-05-16 07:00:00,25.45523,15.402924,899.149,9.271218,250.57434,53.765278
2019-05-16 08:00:00,26.326813,15.163696,898.4375,9.834981,252.1864,50.28212
2019-05-16 09:00:00,26.431213,15.176666,897.8378,10.168784,253.92734,50.01493
2019-05-16 10:00:00,25.897705,15.515991,897.2684,9.625976,257.59937,52.753353
2019-05-16 11:00:00,25.710052,15.39502,897.0984,9.395366,258.4359,52.931255
2019-05-16 12:00:00,25.504974,15.33667,897.1934,8.644998,258.2379,53.37928
2019-05-16 13:00:00,25.286041,15.514313,897.59406,7.561837,255.54312,54.69805
2019-05-16 14:00:00,24.25653,15.762482,898.1197,6.885313,251.77243,59.09825
2019-05-16 15:00:00,23.083038,15.496429,898.70233,6.5818415,248.12091,62.35444
2019-05-16 16:00:00,22.776123,15.471954,899.135,6.533215,244.79503,63.424557
2019-05-16 17:00:00,21.97049,15.588318,899.2595,6.6647844,242.81265,67.1075
2019-05-16 18:00:00,21.649994,15.614929,899.0022,6.9237037,242.39702,68.55056
2019-05-16 19:00:00,21.451385,15.504761,898.5527,7.2890277,242.91641,68.90075
2019-05-16 20:00:00,20.742249,15.512054,898.01166,7.583311,243.8689,72.00052
2019-05-16 21:00:00,20.618408,15.512329,897.63495,7.757027,245.14157,72.553085
2019-05-16 22:00:00,20.134186,15.673004,897.5785,7.4485593,249.97372,75.52778
2019-05-16 23:00:00,20.0849,15.723633,897.6729,7.422904,250.9373,76.00422
2019-05-17 00:00:00,20.601929,15.942017,897.9121,7.351364,251.3703,74.65084
2019-05-17 01:00:00,20.713165,15.869537,898.3883,7.55702,251.77237,73.79855
2019-05-17 02:00:00,22.169739,16.162903,898.9559,7.9521194,252.74643,68.77685
2019-05-17 03:00:00,22.606049,16.229004,899.4135,8.464631,254.88461,67.259094
2019-05-17 04:00:00,22.891022,16.217926,899.6755,8.963967,256.24933,66.0602
2019-05-17 05:00:00,24.55365,16.122406,899.60565,9.582768,257.54193,59.40594
2019-05-17 06:00:00,25.36612,15.813873,899.24005,10.278913,258.82086,55.491955
2019-05-17 07:00:00,25.56842,15.871155,898.62164,10.90876,260.46832,55.03005
2019-05-17 08:00:00,26.301483,15.5581665,897.85516,11.338936,262.3784,51.64801
2019-05-17 09:00:00,26.399414,15.447113,897.1209,11.50776,264.42697,50.98616
2019-05-17 10:00:00,25.847473,15.569244,896.4852,10.855471,267.07736,53.09137
2019-05-17 11:00:00,25.757385,15.5000305,896.2568,10.513124,267.80267,53.13943
2019-05-17 12:00:00,25.590393,15.463257,896.4099,9.561251,267.99234,53.542137
2019-05-17 13:00:00,25.321808,15.536682,896.7696,8.274839,266.36978,54.660088
2019-05-17 14:00:00,24.192291,15.699982,897.2743,7.431487,263.61707,59.08965
2019-05-17 15:00:00,23.109741,15.683441,897.8234,6.960603,260.94666,63.00386
2019-05-17 16:00:00,22.833313,15.723297,898.2841,6.6963735,258.30817,64.2306
2019-05-17 17:00:00,22.043243,15.837982,898.4261,6.650966,256.47086,67.886185
2019-05-17 18:00:00,21.74643,15.831451,898.22833,6.818005,254.98503,69.098236
2019-05-17 19:00:00,21.562073,15.798523,897.8318,7.0729027,254.84607,69.73453
2019-05-17 20:00:00,20.875824,15.708984,897.39264,7.274469,255.16704,72.31732
2019-05-17 21:00:00,20.753418,15.732239,897.0193,7.3215113,256.26892,72.9725
2019-05-17 22:00:00,20.2081,15.645447,897.009,7.071066,258.0935,75.05093
2019-05-17 23:00:00,20.156982,15.686188,897.06494,6.9714785,257.93173,75.48504
2019-05-18 00:00:00,20.666595,15.973633,897.42365,6.8313303,257.39728,74.504295
2019-05-18 01:00:00,20.821686,15.945557,897.9468,6.8495383,257.26352,73.66415
2019-05-18 02:00:00,22.09314,16.037567,898.50476,6.962102,257.87796,68.548294
2019-05-18 03:00:00,22.802979,16.187164,898.9203,7.0672812,259.67032,66.283455
2019-05-18 04:00:00,23.187317,16.224182,899.149,7.1711516,259.77155,64.91236
2019-05-18 05:00:00,24.786499,16.043365,899.06647,7.4001036,258.7174,58.29023
2019-05-18 06:00:00,25.576782,15.742401,898.7165,7.776492,257.72363,54.55184
2019-05-18 07:00:00,25.797638,15.746338,898.0907,8.249823,257.78973,53.8554
2019-05-18 08:00:00,26.583618,15.491608,897.3368,8.726228,258.5131,50.57943
2019-05-18 09:00:00,26.738892,15.432434,896.61127,9.106445,260.00977,49.92929
2019-05-18 10:00:00,26.139435,15.497467,896.0781,9.012703,264.31955,51.942467
2019-05-18 11:00:00,26.112335,15.564789,896.0041,8.771325,265.2237,52.25065
2019-05-18 12:00:00,25.872833,15.491791,896.22064,8.156166,265.86884,52.74926
2019-05-18 13:00:00,25.621918,15.407135,896.6068,7.0785747,263.70538,53.250088
2019-05-18 14:00:00,24.607178,15.775055,897.0652,6.4074545,260.65765,57.916958
2019-05-18 15:00:00,23.58142,15.838348,897.64185,6.0630813,258.14236,61.84493
2019-05-18 16:00:00,23.274963,15.74173,898.0712,5.9145412,255.54852,62.610954
2019-05-18 17:00:00,22.380463,15.8172,898.2374,5.936668,253.72412,66.41837
2019-05-18 18:00:00,22.106384,15.804993,898.1115,6.0913086,252.78198,67.48299
2019-05-18 19:00:00,21.928284,15.783783,897.7739,6.2423964,252.98141,68.127335
2019-05-18 20:00:00,21.092163,15.751465,897.3373,6.3289557,253.8688,71.55648
2019-05-18 21:00:00,20.889801,15.718109,897.01196,6.315811,254.87515,72.29738
2019-05-18 22:00:00,20.46103,15.688843,897.0837,6.731637,260.77972,74.09331
2019-05-18 23:00:00,20.39148,15.653564,897.19995,6.5041895,261.1005,74.24414
2019-05-19 00:00:00,20.88269,15.865845,897.5108,6.164476,260.9401,73.01545
2019-05-19 01:00:00,21.02179,15.882172,898.0885,5.953123,260.83844,72.46942
2019-05-19 02:00:00,22.542084,16.1503,898.6523,5.91597,260.4611,67.182915
2019-05-19 03:00:00,23.138,16.099274,899.1035,5.9368114,261.4415,64.58972
2019-05-19 04:00:00,23.51239,16.047302,899.3281,6.0198355,260.18567,62.937103
2019-05-19 05:00:00,25.101929,16.033417,899.3008,6.3741517,258.0094,57.167477
2019-05-19 06:00:00,25.915375,15.785034,899.04193,6.91073,257.10138,53.613586
2019-05-19 07:00:00,26.105194,15.807892,898.5362,7.3941736,257.59384,53.092266
2019-05-19 08:00:00,27.040436,15.458862,897.96674,7.7965856,258.7792,49.135147
2019-05-19 09:00:00,27.121307,15.364838,897.409,8.083832,260.2917,48.60843
2019-05-19 10:00:00,26.522308,15.59906,897.03064,7.8186374,267.79822,51.113174
2019-05-19 11:00:00,26.393738,15.514069,896.8091,7.5340967,268.03882,51.22259
2019-05-19 12:00:00,26.259644,15.374573,896.9152,6.8628507,268.62042,51.17002
2019-05-19 13:00:00,26.031342,15.112579,897.4024,5.8401747,266.50354,51.000084
2019-05-19 14:00:00,25.081665,15.63681,898.0732,5.217661,264.55603,55.803818
2019-05-19 15:00:00,23.645966,15.541595,898.7936,4.783314,262.68857,60.446144
2019-05-19 16:00:00,23.299957,15.472565,899.3917,4.462716,260.66516,61.44828
2019-05-19 17:00:00,22.399017,15.646515,899.6678,4.3299623,258.4732,65.62304
2019-05-19 18:00:00,22.085846,15.681213,899.594,4.4171925,257.2688,67.03467
2019-05-19 19:00:00,21.89975,15.693726,899.27875,4.615957,256.86365,67.85407
2019-05-19 20:00:00,21.111908,15.544708,898.8565,4.8014154,257.47357,70.53014
2019-05-19 21:00:00,20.913055,15.486694,898.4982,4.958433,258.6009,71.132195
2019-05-19 22:00:00,20.36966,15.450165,898.42725,4.5674496,264.33264,73.38184
2019-05-19 23:00:00,20.27475,15.430328,898.4718,4.4497724,263.28107,73.71941
2019-05-20 00:00:00,20.758392,15.551666,898.7966,4.327331,263.00885,72.111786
2019-05-20 01:00:00,21.173645,15.7846985,899.4239,4.334331,262.80432,71.35096
2019-05-20 02:00:00,22.618591,15.951935,899.988,4.5032697,261.70377,66.03043
2019-05-20 03:00:00,23.043915,16.001862,900.43555,4.6640296,262.3022,64.55578
2019-05-20 04:00:00,23.413849,16.055695,900.58734,4.9557457,261.62305,63.346188
2019-05-20 05:00:00,25.274872,15.728668,900.5181,5.467647,259.95004,55.49076
2019-05-20 06:00:00,26.139984,15.60498,900.19354,6.059154,259.1789,52.29975
2019-05-20 07:00:00,26.37674,15.635315,899.58234,6.5652537,261.27856,51.67373
2019-05-20 08:00:00,27.232422,15.173004,898.87354,6.974186,264.35794,47.70149
2019-05-20 09:00:00,27.31958,15.132538,898.0853,7.204341,267.86234,47.335144
2019-05-20 10:00:00,26.76764,15.521118,897.56323,6.787444,273.23892,50.129032
2019-05-20 11:00:00,26.652802,15.563568,897.2311,6.607521,274.0557,50.606514
2019-05-20 12:00:00,26.393768,15.3480835,897.3441,6.076517,273.63977,50.680264
2019-05-20 13:00:00,26.087616,15.2690735,897.7059,5.251233,270.4462,51.344162
2019-05-20 14:00:00,25.027771,15.689514,898.20905,4.7165046,266.96945,56.172497
2019-05-20 15:00:00,23.715088,15.612122,898.72284,4.3698378,263.0314,60.467575
2019-05-20 16:00:00,23.40158,15.5672,899.1753,4.1964946,258.50885,61.443954
2019-05-20 17:00:00,22.5195,15.59137,899.3552,4.1411295,255.24774,64.914734
2019-05-20 18:00:00,22.256287,15.61261,899.1753,4.222284,253.21439,66.051735
2019-05-20 19:00:00,22.015533,15.554138,898.81274,4.354518,251.54648,66.77708
2019-05-20 20:00:00,21.247406,15.516632,898.38654,4.4597387,250.7202,69.82048
2019-05-20 21:00:00,21.027954,15.440491,898.08026,4.5004916,250.32996,70.42278
2019-05-20 22:00:00,20.37207,15.326447,898.0017,4.4758673,257.1273,72.79101
2019-05-20 23:00:00,20.248932,15.289093,898.1498,4.3672123,254.61357,73.17111
2019-05-21 00:00:00,20.828094,15.481659,898.50116,4.266285,252.55829,71.48176
2019-05-21 01:00:00,21.286163,15.745941,899.0349,4.2733703,250.64645,70.68484
2019-05-21 02:00:00,22.813568,15.90155,899.54315,4.539881,248.69617,65.04455
2019-05-21 03:00:00,23.251587,16.023224,899.9229,4.905723,248.50388,63.837337
2019-05-21 04:00:00,23.630249,16.05716,900.00854,5.342589,248.0846,62.530987
2019-05-21 05:00:00,25.666504,15.820343,899.89594,6.0000863,247.5346,54.533257
2019-05-21 06:00:00,26.5289,15.455353,899.5847,6.764588,249.09769,50.625027
2019-05-21 07:00:00,26.765594,15.530731,899.1691,7.4951224,251.67038,50.16596
2019-05-21 08:00:00,27.603516,15.331543,898.581,8.065551,255.00769,47.153606
2019-05-21 09:00:00,27.707916,15.234497,897.9316,8.521053,257.7932,46.57566
2019-05-21 10:00:00,26.944305,15.531769,897.3352,8.406944,263.41083,49.644817
2019-05-21 11:00:00,26.76596,15.615051,897.10596,8.56459,265.46606,50.43652
2019-05-21 12:00:00,26.498657,15.657593,897.13916,8.074122,267.13312,51.37665
2019-05-21 13:00:00,26.190033,15.527679,897.48944,7.1249347,266.04077,51.887722
2019-05-21 14:00:00,25.072662,15.968262,897.9908,6.504547,263.5876,57.02958
2019-05-21 15:00:00,23.86972,15.815399,898.58026,6.1187415,260.93253,60.691864
2019-05-21 16:00:00,23.556183,15.780609,898.9847,5.883805,258.25232,61.710854
2019-05-21 17:00:00,22.6427,15.877075,899.14,5.7545233,255.90701,65.61936
2019-05-21 18:00:00,22.314423,15.78775,898.9964,5.8071976,254.3043,66.56024
2019-05-21 19:00:00,22.007812,15.687805,898.6795,5.916187,253.34517,67.382706
2019-05-21 20:00:00,21.278534,15.588593,898.2854,5.94627,253.04279,70.00932
2019-05-21 21:00:00,21.097595,15.604126,897.9366,5.9227104,253.03873,70.86128
2019-05-21 22:00:00,20.461731,15.572937,897.91583,5.8436184,260.05594,73.54236
2019-05-21 23:00:00,20.3508,15.508362,897.8899,5.588106,257.22205,73.741905
2019-05-22 00:00:00,20.85617,15.78241,898.10596,5.424144,254.79562,72.74564
2019-05-22 01:00:00,21.012817,15.76413,898.53827,5.4794145,251.98361,71.9643
2019-05-22 02:00:00,22.675385,16.133179,898.9782,5.714182,250.79037,66.5688
2019-05-22 03:00:00,23.056702,16.06717,899.28345,6.1028714,250.91608,64.775276
2019-05-22 04:00:00,23.505798,16.164795,899.37115,6.5345616,250.68332,63.435753
2019-05-22 05:00:00,25.27716,16.077637,899.2586,7.0719824,250.05812,56.734024
2019-05-22 06:00:00,26.210785,15.662689,898.91235,7.6225905,250.08508,52.27412
2019-05-22 07:00:00,26.467712,15.654388,898.3752,8.118746,251.07889,51.45992
2019-05-22 08:00:00,27.345062,15.326538,897.6822,8.497319,252.72092,47.85706
2019-05-22 09:00:00,27.508026,15.243164,896.90063,8.710724,254.83795,47.14953
2019-05-22 10:00:00,26.764404,15.501984,896.2813,7.835781,262.39642,50.07713
2019-05-22 11:00:00,26.650269,15.501709,895.92017,7.7079864,262.15134,50.413853
2019-05-22 12:00:00,26.416351,15.433105,896.0814,7.169899,260.6119,50.889526
2019-05-22 13:00:00,26.214142,15.3732605,896.4539,6.400871,256.0845,51.303436
2019-05-22 14:00:00,25.178558,15.807739,897.0413,5.946394,250.64871,56.092716
2019-05-22 15:00:00,23.867706,15.657471,897.6919,5.76041,244.95474,60.089104
2019-05-22 16:00:00,23.495056,15.598846,898.19885,5.806481,240.4898,61.222427
2019-05-22 17:00:00,22.568695,15.780945,898.3553,5.938656,236.90282,65.51103
2019-05-22 18:00:00,22.291534,15.795441,898.166,6.2168617,234.89893,66.68577
2019-05-22 19:00:00,22.072296,15.773895,897.8,6.497193,233.64459,67.48898
2019-05-22 20:00:00,21.3013,15.674591,897.3912,6.66454,233.57928,70.29764
2019-05-22 21:00:00,21.095886,15.696564,897.0411,6.7218738,233.80005,71.28929
2019-05-22 22:00:00,20.430511,15.551605,896.93787,6.33419,235.96954,73.583534
2019-05-22 23:00:00,20.38675,15.579041,897.0238,6.381891,233.80655,73.91232
2019-05-23 00:00:00,20.821136,15.788116,897.4665,6.328164,232.27834,72.92921
2019-05-23 01:00:00,21.107147,15.832092,898.06464,6.347951,229.65198,71.86021
2019-05-23 02:00:00,22.474884,16.141693,898.581,6.585116,228.85922,67.420715
2019-05-23 03:00:00,23.169983,16.19934,898.91675,6.955481,230.06528,64.8776
2019-05-23 04:00:00,23.509918,16.3432,899.01624,7.254159,231.85233,64.14499
2019-05-23 05:00:00,24.99469,16.199677,898.90576,7.605495,233.14178,58.147385
2019-05-23 06:00:00,25.911987,15.961456,898.5708,8.083677,234.62929,54.23226
2019-05-23 07:00:00,26.085022,15.957855,897.9904,8.61397,236.72867,53.667404
2019-05-23 08:00:00,26.802277,15.640106,897.299,9.021103,238.99615,50.409657
2019-05-23 09:00:00,26.92978,15.561523,896.63837,9.211354,241.57529,49.782013
2019-05-23 10:00:00,26.202759,15.904846,896.00354,8.640356,246.2551,53.115036
2019-05-23 11:00:00,26.079376,15.948761,895.8708,8.398225,247.33896,53.654163
2019-05-23 12:00:00,25.80487,15.853912,896.0354,7.7580547,245.63632,54.20383
2019-05-23 13:00:00,25.573029,15.920044,896.40674,7.0528755,241.376,55.187107
2019-05-23 14:00:00,24.612732,16.207214,896.9564,6.6657195,235.50266,59.51735
2019-05-23 15:00:00,23.510864,16.299683,897.5316,6.525061,230.59346,63.96383
2019-05-23 16:00:00,23.23941,16.3526,897.9535,6.6134415,226.5687,65.23982
2019-05-23 17:00:00,22.544922,16.375946,898.1252,6.7858477,224.77248,68.14391
2019-05-23 18:00:00,22.338104,16.38861,898.03033,7.033827,224.84253,69.06155
2019-05-23 19:00:00,22.147522,16.385895,897.7919,7.321714,225.77986,69.85526
2019-05-23 20:00:00,21.346985,16.264923,897.39935,7.561087,226.868,72.79388
2019-05-23 21:00:00,21.17926,16.326416,897.0711,7.692165,228.61177,73.83504
2019-05-23 22:00:00,20.725555,16.334137,897.1548,7.4519687,234.94972,75.96037
2019-05-23 23:00:00,20.684937,16.40268,897.33624,7.362093,236.06177,76.48358
2019-05-24 00:00:00,21.012848,16.559692,897.729,7.2192965,236.48087,75.70859
2019-05-24 01:00:00,21.216156,16.533356,898.30884,7.185892,236.65149,74.64448
2019-05-24 02:00:00,22.490356,16.811829,898.80865,7.5711856,238.09506,70.290375
2019-05-24 03:00:00,22.874573,16.722137,899.11053,8.006044,240.69133,68.281136
2019-05-24 04:00:00,23.252808,16.767914,899.1933,8.334842,243.58325,66.930756
2019-05-24 05:00:00,24.893616,16.739136,899.02704,8.665989,245.1052,60.54113
2019-05-24 06:00:00,25.69458,16.557068,898.674,9.100046,246.50575,57.060223
2019-05-24 07:00:00,25.907104,16.59143,898.0987,9.496492,248.00662,56.469208
2019-05-24 08:00:00,26.651001,16.140472,897.4283,9.859491,249.46686,52.51276
2019-05-24 09:00:00,26.747894,16.037292,896.8025,10.102931,250.70355,51.871513
2019-05-24 10:00:00,26.17398,16.45575,896.1471,9.592366,251.8201,55.10718
2019-05-24 11:00:00,26.078735,16.40158,895.9137,9.5521,251.43794,55.227695
2019-05-24 12:00:00,25.79654,16.424438,895.9586,9.071472,250.43881,56.239952
2019-05-24 13:00:00,25.52304,16.416351,896.29266,8.248826,246.84955,57.13057
2019-05-24 14:00:00,24.632751,16.513397,896.781,7.7383933,242.91743,60.616207
2019-05-24 15:00:00,23.577637,16.557495,897.2966,7.617494,240.42917,64.76055
2019-05-24 16:00:00,23.346497,16.515076,897.64825,7.712215,238.67282,65.49282
2019-05-24 17:00:00,22.598724,16.624207,897.7957,7.9052963,237.96379,69.002495
2019-05-24 18:00:00,22.237823,16.541016,897.6103,8.134057,238.4249,70.161095
2019-05-24 19:00:00,22.018799,16.496216,897.2176,8.393489,239.67123,70.901276
2019-05-24 20:00:00,21.284363,16.363373,896.73206,8.560178,241.25229,73.5334
2019-05-24 21:00:00,21.130615,16.335693,896.3855,8.59487,242.77989,74.09955
2019-05-24 22:00:00,20.664856,16.348541,896.21515,7.7398524,249.95822,76.314804
2019-05-24 23:00:00,20.581207,16.363312,896.2844,7.623259,248.43863,76.78134
2019-05-25 00:00:00,20.974335,16.54535,896.617,7.4890485,247.41934,75.81882
2019-05-25 01:00:00,21.092834,16.523376,897.1289,7.567014,246.33566,75.16385
2019-05-25 02:00:00,22.544891,16.803345,897.64526,8.042047,246.41693,70.020226
2019-05-25 03:00:00,23.000885,16.750183,897.9761,8.432058,247.89218,67.88167
2019-05-25 04:00:00,23.330963,16.72284,898.0368,8.805704,248.95567,66.425316
2019-05-25 05:00:00,25.075348,16.528992,897.8413,9.233972,250.15425,59.09444
2019-05-25 06:00:00,25.925049,16.14328,897.40015,9.653388,250.65143,54.82273
2019-05-25 07:00:00,26.136627,16.199005,896.8521,10.0663805,250.8334,54.333424
2019-05-25 08:00:00,26.987183,15.676086,896.205,10.415925,250.64003,49.979626
2019-05-25 09:00:00,27.063873,15.712311,895.5991,10.638772,250.40399,49.870483
2019-05-25 10:00:00,26.613678,15.819855,895.0073,9.339889,253.24095,51.561962
2019-05-25 11:00:00,26.546967,15.844818,894.7631,9.265223,251.05965,51.84771
2019-05-25 12:00:00,26.357239,15.82785,894.78204,8.85082,248.52188,52.37433
2019-05-25 13:00:00,26.07489,15.641327,895.06287,8.230985,242.69252,52.62375
2019-05-25 14:00:00,25.016968,16.158783,895.492,8.042807,237.58682,57.919006
2019-05-25 15:00:00,23.810272,16.023499,896.0129,8.095741,234.72598,61.72431
2019-05-25 16:00:00,23.551208,15.951263,896.3934,8.303821,232.9012,62.40622
2019-05-25 17:00:00,22.786896,16.055603,896.5034,8.557014,232.01175,65.79375
2019-05-25 18:00:00,22.324646,16.0336,896.2466,8.832994,232.38809,67.57178
2019-05-25 19:00:00,22.161041,16.042969,895.8307,9.045532,233.53496,68.28887
2019-05-25 20:00:00,21.483978,15.9646,895.38367,9.197331,234.73886,70.8161
2019-05-25 21:00:00,21.240692,15.888672,895.1019,9.240529,235.75171,71.53193
2019-05-25 22:00:00,20.798157,15.905518,895.1358,8.263644,239.51466,73.58244
2019-05-25 23:00:00,20.745117,15.902069,895.3772,8.21532,238.31616,73.80676
2019-05-26 00:00:00,21.122162,16.038696,895.7324,8.158218,236.91498,72.74763
2019-05-26 01:00:00,21.282959,16.018219,896.23694,8.370204,236.29382,71.93944
2019-05-26 02:00:00,22.54306,16.189667,896.7545,8.939747,237.31631,67.34774
2019-05-26 03:00:00,23.19983,16.30832,897.1278,9.331763,239.62256,65.21188
2019-05-26 04:00:00,23.583374,16.34082,897.2297,9.703258,241.52449,63.851936
2019-05-26 05:00:00,25.291046,15.956268,897.0814,10.227744,243.51404,56.249733
2019-05-26 06:00:00,26.318665,15.734375,896.71405,10.817701,246.38991,52.180897
2019-05-26 07:00:00,26.58252,15.728516,896.2464,11.324828,249.4209,51.35585
2019-05-26 08:00:00,27.388672,15.314301,895.6877,11.548815,251.97049,47.697456
2019-05-26 09:00:00,27.518372,15.147247,895.1626,11.499072,254.20981,46.831547
2019-05-26 10:00:00,26.972565,15.240509,894.7435,10.365565,259.38593,48.645138
2019-05-26 11:00:00,26.842285,15.1362915,894.56415,9.848428,258.52466,48.692005
2019-05-26 12:00:00,26.662018,15.173462,894.7338,8.857969,256.1652,49.329014
2019-05-26 13:00:00,26.415497,14.998169,895.1674,7.6286535,250.01129,49.490147
2019-05-26 14:00:00,25.38089,15.556122,895.78156,6.976099,244.4968,54.53624
2019-05-26 15:00:00,24.155975,15.4626465,896.38196,6.711094,240.43585,58.32522
2019-05-26 16:00:00,23.849426,15.387848,896.8002,6.6926746,237.48422,59.1249
2019-05-26 17:00:00,22.862122,15.652496,896.8926,6.816986,235.98615,63.828743
2019-05-26 18:00:00,22.51242,15.559967,896.6418,7.0375032,235.41495,64.81217
2019-05-26 19:00:00,22.241669,15.510864,896.2343,7.239317,235.72298,65.68109
2019-05-26 20:00:00,21.416412,15.448578,895.82263,7.3658934,236.50732,68.80027
2019-05-26 21:00:00,21.20578,15.38385,895.5935,7.3557515,237.3696,69.405655
2019-05-26 22:00:00,20.787384,15.589081,895.5959,7.3028345,238.99292,72.155914
2019-05-26 23:00:00,20.681793,15.562653,895.80774,7.18863,238.9612,72.5037
2019-05-27 00:00:00,21.015198,15.706482,896.1764,6.983714,238.40128,71.68894
2019-05-27 01:00:00,21.259094,15.742645,896.77405,7.071774,237.75053,70.78732
2019-05-27 02:00:00,22.92456,15.951965,897.2528,7.3145924,237.93152,64.81701
2019-05-27 03:00:00,23.367615,16.004395,897.5238,7.654887,239.31732,63.315517
2019-05-27 04:00:00,23.698334,16.088654,897.5803,7.984639,240.66125,62.400394
2019-05-27 05:00:00,25.664154,15.8098755,897.46173,8.411174,242.75034,54.504375
2019-05-27 06:00:00,26.592438,15.392731,897.0986,8.859276,245.41882,50.233704
2019-05-27 07:00:00,26.829071,15.39389,896.5695,9.245458,248.3469,49.542477
2019-05-27 08:00:00,27.839203,14.765564,895.9185,9.515433,251.33368,44.84635
2019-05-27 09:00:00,27.966644,14.719635,895.2781,9.597233,254.08446,44.382496
2019-05-27 10:00:00,27.402191,14.919067,894.7645,8.9900875,258.22485,46.464233
2019-05-27 11:00:00,27.319,14.857849,894.5517,8.72026,259.12415,46.50757
2019-05-27 12:00:00,27.138824,14.791077,894.6682,7.969913,258.22736,46.799835
2019-05-27 13:00:00,26.915405,14.662445,895.0705,7.0319433,254.48071,47.02634
2019-05-27 14:00:00,25.434479,15.2769165,895.65826,6.485359,250.12448,53.398144
2019-05-27 15:00:00,24.228058,15.314819,896.20905,6.2295003,246.42612,57.52556
2019-05-27 16:00:00,23.869812,15.370087,896.6133,6.1501956,243.39752,58.985214
2019-05-27 17:00:00,22.908844,15.434357,896.6792,6.1999335,241.86801,62.765087
2019-05-27 18:00:00,22.458344,15.552277,896.4695,6.340975,241.59927,64.99344
2019-05-27 19:00:00,22.255157,15.545288,896.1147,6.5117974,242.14769,65.772095
2019-05-27 20:00:00,21.560638,15.486725,895.7583,6.6516924,243.22516,68.362465
2019-05-27 21:00:00,21.335419,15.447296,895.4736,6.6663275,244.48132,69.13685
2019-05-27 22:00:00,20.964447,15.596283,895.51587,6.1701307,244.00354,71.40739
2019-05-27 23:00:00,20.864746,15.597015,895.656,6.0690994,244.41354,71.84979
2019-05-28 00:00:00,21.186737,15.712799,896.0458,5.9823437,244.3434,70.96657
2019-05-28 01:00:00,21.363892,15.707031,896.59204,6.0457463,243.40417,70.174
2019-05-28 02:00:00,23.037537,15.970764,897.10956,6.4401965,244.0398,64.4526
2019-05-28 03:00:00,23.4794,15.901398,897.469,6.8908377,245.12492,62.477665
2019-05-28 04:00:00,23.873108,15.928223,897.526,7.2757573,246.03946,61.11855
2019-05-28 05:00:00,25.721802,15.669739,897.35974,7.7486444,247.4941,53.8336
2019-05-28 06:00:00,26.68814,15.226746,896.89667,8.252108,249.42082,49.422054
2019-05-28 07:00:00,26.913177,15.236786,896.26636,8.804191,251.7648,48.803528
2019-05-28 08:00:00,27.762085,14.789825,895.5464,9.259111,254.62358,45.11924
2019-05-28 09:00:00,27.89386,14.720306,894.9269,9.626473,257.27026,44.573273
2019-05-28 10:00:00,27.30777,14.967743,894.52014,9.412753,262.5291,46.86859
2019-05-28 11:00:00,27.224121,14.9375305,894.3254,9.204991,263.0512,47.00751
2019-05-28 12:00:00,26.943695,14.878265,894.39087,8.41978,261.99713,47.605804
2019-05-28 13:00:00,26.601013,14.612457,894.6772,7.4163427,257.22272,47.750248
2019-05-28 14:00:00,25.504028,15.009857,895.23,6.891793,253.05295,52.2731
2019-05-28 15:00:00,23.996338,15.120514,895.7866,6.6254864,249.65254,57.60777
2019-05-28 16:00:00,23.667572,15.161377,896.1504,6.494596,246.60963,58.912746
2019-05-28 17:00:00,22.81842,15.139282,896.23914,6.472033,244.48814,61.92576
2019-05-28 18:00:00,22.490479,15.277893,896.0789,6.6185803,243.46497,63.735283
2019-05-28 19:00:00,22.205658,15.265289,895.7763,6.8320413,243.36707,64.79653
2019-05-28 20:00:00,21.382172,15.299469,895.4274,6.9973874,244.27435,68.28841
2019-05-28 21:00:00,21.062836,15.173523,895.12756,7.013024,245.55609,69.07828
2019-05-28 22:00:00,20.57663,15.230652,895.06085,6.700823,248.5367,71.43761
2019-05-28 23:00:00,20.489746,15.2052,895.1697,6.545955,249.17279,71.70402
2019-05-29 00:00:00,20.905426,15.3871765,895.5517,6.319602,249.50845,70.7129
2019-05-29 01:00:00,21.077118,15.399811,896.122,6.173504,248.41013,70.02755
2019-05-29 02:00:00,22.763306,15.734558,896.6035,6.290868,248.23117,64.55023
2019-05-29 03:00:00,23.266968,15.746704,896.87555,6.5170274,248.79132,62.661125
2019-05-29 04:00:00,23.68637,15.76767,896.9257,6.801102,249.27121,61.178135
2019-05-29 05:00:00,25.672424,15.650177,896.81696,7.15639,250.01755,53.923923
2019-05-29 06:00:00,26.669983,15.226929,896.48834,7.660668,251.1304,49.4755
2019-05-29 07:00:00,26.9281,15.190582,895.9879,8.189223,252.69742,48.616245
2019-05-29 08:00:00,27.776611,14.662598,895.3674,8.676694,254.18639,44.712727
2019-05-29 09:00:00,27.902832,14.672363,894.76154,9.035468,256.26364,44.412434
2019-05-29 10:00:00,27.225037,14.944855,894.24274,8.578514,258.21497,47.027145
2019-05-29 11:00:00,27.122406,14.931427,894.08276,8.453703,258.47858,47.27029
2019-05-29 12:00:00,26.92929,14.812195,894.2056,7.8977537,256.03363,47.443794
2019-05-29 13:00:00,26.627838,14.461273,894.5729,7.1923785,249.6336,47.211773
2019-05-29 14:00:00,25.283813,15.01889,895.1492,6.8018236,243.34103,52.992706
2019-05-29 15:00:00,24.059296,15.279816,895.7481,6.773899,238.2172,57.980644
2019-05-29 16:00:00,23.707062,15.257111,896.18134,6.92858,234.35257,59.135323
2019-05-29 17:00:00,22.745941,15.406921,896.3501,7.244897,232.25856,63.276356
2019-05-29 18:00:00,22.479706,15.32666,896.2247,7.616811,231.64629,63.976955
2019-05-29 19:00:00,22.25357,15.283173,895.9457,8.046843,232.00139,64.68204
2019-05-29 20:00:00,21.384308,15.240295,895.593,8.356811,233.84329,68.02059
2019-05-29 21:00:00,21.112305,15.168274,895.3043,8.4745,236.07732,68.84555
2019-05-29 22:00:00,20.731293,15.11908,895.3924,7.509041,241.4818,70.2548
2019-05-29 23:00:00,20.595154,15.080353,895.405,7.46197,242.61806,70.67026
2019-05-30 00:00:00,20.97931,15.287933,895.74304,7.3330503,243.61253,69.945656
2019-05-30 01:00:00,21.14972,15.325165,896.2088,7.1526384,243.55406,69.383064
2019-05-30 02:00:00,22.646698,15.748322,896.6627,7.2033668,244.83453,65.065674
2019-05-30 03:00:00,23.214783,15.527832,896.9375,7.3594584,246.96875,61.984398
2019-05-30 04:00:00,23.695374,15.692688,897.0734,7.5063715,249.43512,60.85239
2019-05-30 05:00:00,25.225403,15.628754,896.9938,7.6491003,252.4892,55.29963
2019-05-30 06:00:00,26.189636,15.315582,896.6261,7.8041253,255.4332,51.187992
2019-05-30 07:00:00,26.464233,15.360626,896.00665,7.939287,257.78287,50.51064
2019-05-30 08:00:00,27.357635,14.854492,895.3035,8.022931,259.74185,46.392376
2019-05-30 09:00:00,27.492798,14.838348,894.57513,8.023472,261.4535,45.978786
2019-05-30 10:00:00,26.895264,15.047333,893.97266,7.473617,263.343,48.263752
2019-05-30 11:00:00,26.793396,15.0034485,893.8004,7.0897856,262.5753,48.416904
2019-05-30 12:00:00,26.546082,14.890686,893.9186,6.435186,259.0633,48.771946
2019-05-30 13:00:00,26.243134,14.567261,894.31146,5.8103127,250.3816,48.627087
2019-05-30 14:00:00,25.195923,15.245911,894.9705,5.6057396,241.05986,54.05354
2019-05-30 15:00:00,23.918915,15.4002075,895.6804,5.6902614,232.40366,58.92511
2019-05-30 16:00:00,23.628204,15.23584,896.23334,6.0654607,226.47534,59.33573
2019-05-30 17:00:00,22.590454,15.265289,896.4431,6.572262,223.18399,63.29825
2019-05-30 18:00:00,22.314484,15.225861,896.27,7.077041,222.8581,64.206024
2019-05-30 19:00:00,22.06723,15.169678,895.9487,7.511825,223.7715,64.94522
2019-05-30 20:00:00,21.33841,15.024719,895.5719,7.8755517,225.48904,67.27364
2019-05-30 21:00:00,21.17279,15.010895,895.34814,8.085001,227.20023,67.899956
2019-05-30 22:00:00,20.616241,14.842377,895.529,7.285708,230.50899,69.505875
2019-05-30 23:00:00,20.534546,14.82196,895.6973,7.410957,229.9562,69.764946
2019-05-31 00:00:00,20.854736,14.861084,896.07874,7.3520026,229.0766,68.57534
2019-05-31 01:00:00,21.109222,14.91153,896.60474,7.333603,228.2948,67.73092
2019-05-31 02:00:00,22.711761,15.1380005,897.09326,7.415011,227.91797,62.322384
2019-05-31 03:00:00,23.141266,15.267975,897.4808,7.620656,228.57591,61.23141
2019-05-31 04:00:00,23.48825,15.439819,897.6707,7.784186,229.78275,60.626667
2019-05-31 05:00:00,25.334991,15.241821,897.63086,8.003579,231.7651,53.594017
2019-05-31 06:00:00,26.176636,14.916412,897.2275,8.304683,233.65775,49.92972
2019-05-31 07:00:00,26.45111,14.992767,896.67975,8.730541,235.87543,49.369114
2019-05-31 08:00:00,27.45517,14.629547,895.97534,9.106081,238.49564,45.464077
2019-05-31 09:00:00,27.629242,14.650696,895.33295,9.340046,241.30246,45.06485
2019-05-31 10:00:00,27.128082,14.862213,894.6951,8.800452,246.13722,47.044434
2019-05-31 11:00:00,26.966919,14.76709,894.471,8.465472,246.1647,47.201603
2019-05-31 12:00:00,26.775269,14.615021,894.6036,7.940322,243.87384,47.270668
2019-05-31 13:00:00,26.553925,14.444855,895.0084,7.387588,238.19098,47.367558
2019-05-31 14:00:00,25.290497,15.002533,895.67096,7.171094,232.05196,52.915943
2019-05-31 15:00:00,23.984161,14.974548,896.35046,7.3496175,227.08899,57.111317
2019-05-31 16:00:00,23.605011,14.9383545,896.84674,7.6794133,224.7462,58.2931
2019-05-31 17:00:00,22.67279,15.124268,897.0419,8.042404,224.22336,62.414772
2019-05-31 18:00:00,22.446777,15.079681,896.9229,8.324102,225.14114,63.096165
2019-05-31 19:00:00,22.159576,15.024536,896.60547,8.532479,226.60556,63.981068
2019-05-31 20:00:00,21.393555,14.9861145,896.2285,8.635341,228.67563,66.8804
2019-05-31 21:00:00,21.207,14.86792,895.9547,8.604721,230.63454,67.13695
2019-05-31 22:00:00,20.709106,14.870575,896.0363,7.932421,237.83713,69.235016
2019-05-31 23:00:00,20.600128,14.818176,896.0821,7.807911,238.70844,69.466545
2019-06-01 00:00:00,20.920898,15.060181,896.4397,7.516636,239.4119,69.17757
2019-06-01 01:00:00,21.192566,15.10022,897.009,7.24987,238.76381,68.20829
2019-06-01 02:00:00,22.87387,15.315582,897.49115,7.307918,238.27069,62.420784
2019-06-01 03:00:00,23.59372,15.568695,897.8533,7.496972,238.8563,60.74204
2019-06-01 04:00:00,23.958832,15.685089,898.00555,7.5865407,240.37688,59.866608
2019-06-01 05:00:00,25.75592,15.511963,897.97577,7.656643,242.99272,53.1847
2019-06-01 06:00:00,26.560425,15.291168,897.6502,7.781538,246.16327,50.001644
2019-06-01 07:00:00,26.82373,15.33194,897.0611,7.9486775,249.9021,49.361458
2019-06-01 08:00:00,27.709839,14.984375,896.3172,8.13515,253.49936,45.827667
2019-06-01 09:00:00,27.845581,14.963684,895.6039,8.229145,255.83246,45.405296
2019-06-01 10:00:00,27.379852,15.129791,894.96716,7.6529946,259.74738,47.159966
2019-06-01 11:00:00,27.257233,15.12915,894.71655,7.385389,258.64606,47.498127
2019-06-01 12:00:00,27.036316,14.999481,894.817,6.794386,254.73393,47.718307
2019-06-01 13:00:00,26.753418,14.733795,895.2215,6.1367145,246.20734,47.695454
2019-06-01 14:00:00,25.639954,15.397491,895.8613,5.858752,235.49722,53.160233
2019-06-01 15:00:00,24.29309,15.672516,896.51685,5.994696,227.19772,58.630436
2019-06-01 16:00:00,23.939667,15.653961,897.01,6.3758597,222.02065,59.8163
2019-06-01 17:00:00,23.007172,15.811615,897.2149,6.851664,219.40392,63.9179
2019-06-01 18:00:00,22.749878,15.772888,897.0847,7.3274627,218.81203,64.76137
2019-06-01 19:00:00,22.53772,15.751404,896.7286,7.7277107,219.6984,65.51049
2019-06-01 20:00:00,21.81723,15.846405,896.3035,8.005189,221.0683,68.86586
2019-06-01 21:00:00,21.607147,15.768677,896.01154,8.099449,222.8065,69.40993
2019-06-01 22:00:00,20.911957,15.460541,896.07263,6.849852,225.15517,71.01782
2019-06-01 23:00:00,20.827637,15.464355,896.16034,6.8206434,223.80591,71.404526
2019-06-02 00:00:00,21.278778,15.693024,896.4475,6.780452,222.36232,70.47785
2019-06-02 01:00:00,21.549866,15.679749,896.90845,6.8598275,220.38794,69.25843
2019-06-02 02:00:00,23.290558,16.141846,897.3717,7.226502,220.15154,64.17107
2019-06-02 03:00:00,23.84262,16.335999,897.7673,7.728602,221.34355,62.843876
2019-06-02 04:00:00,24.190247,16.433502,897.9387,8.124254,223.58864,61.92847
2019-06-02 05:00:00,26.055786,16.297974,897.8775,8.433807,226.6889,54.93914
2019-06-02 06:00:00,26.928375,16.141113,897.49976,8.652345,230.02849,51.664883
2019-06-02 07:00:00,27.17923,16.20398,896.9459,8.838827,233.48285,51.113884
2019-06-02 08:00:00,28.027435,15.829559,896.2765,8.946117,236.45386,47.49163
2019-06-02 09:00:00,28.069366,15.767761,895.6032,8.987434,238.42018,47.18888
2019-06-02 10:00:00,27.677734,15.812225,894.9303,7.7173047,244.6944,48.41736
2019-06-02 11:00:00,27.496704,15.845276,894.53595,7.6415024,243.91763,49.036217
2019-06-02 12:00:00,27.300903,15.749878,894.519,7.2268367,240.50372,49.300182
2019-06-02 13:00:00,26.838745,15.330078,894.81555,6.7663426,232.69275,49.311996
2019-06-02 14:00:00,25.56665,16.026337,895.42114,6.7168713,223.84956,55.583954
2019-06-02 15:00:00,24.49945,16.172668,896.1086,7.0255017,218.04445,59.79023
2019-06-02 16:00:00,24.245392,16.248169,896.6919,7.4303627,214.56808,60.999947
2019-06-02 17:00:00,23.349548,16.380157,896.9018,7.826236,213.02208,64.92112
2019-06-02 18:00:00,22.991882,16.322815,896.7443,8.215761,213.3991,66.098175
2019-06-02 19:00:00,22.723206,16.341492,896.3139,8.530136,215.0863,67.26291
2019-06-02 20:00:00,22.06668,16.278107,895.8389,8.733575,217.08827,69.72005
2019-06-02 21:00:00,21.796204,16.119568,895.4758,8.795191,219.49916,70.16747
2019-06-02 22:00:00,21.382385,16.2854,895.5989,7.8011203,224.20683,72.73098
2019-06-02 23:00:00,21.28357,16.233765,895.7004,7.8371973,225.35767,72.932465
2019-06-03 00:00:00,21.640839,16.395996,896.00726,7.7729163,226.34956,72.09542
2019-06-03 01:00:00,21.832764,16.43393,896.5148,7.7515845,226.65202,71.427086
2019-06-03 02:00:00,23.17398,16.750397,896.9928,8.128426,228.21947,67.175606
2019-06-03 03:00:00,23.591095,16.817871,897.36346,8.43358,230.92444,65.78682
2019-06-03 04:00:00,23.904419,16.806,897.5493,8.652077,234.04004,64.50929
2019-06-03 05:00:00,25.535004,16.661957,897.48364,8.863087,237.08363,57.988377
2019-06-03 06:00:00,26.390594,16.518799,897.21063,9.019482,240.1914,54.62533
2019-06-03 07:00:00,26.663544,16.573425,896.70197,9.192404,243.08545,53.940434
2019-06-03 08:00:00,27.386871,16.322174,896.0886,9.298515,246.02698,50.87716
2019-06-03 09:00:00,27.402832,16.175598,895.33044,9.250461,248.24854,50.35713
2019-06-03 10:00:00,26.795227,16.055817,894.6982,8.322895,255.963,51.788406
2019-06-03 11:00:00,26.691101,16.015717,894.395,7.9786096,256.22162,51.973576
2019-06-03 12:00:00,26.37555,16.276886,894.437,7.3098297,253.12122,53.83854
2019-06-03 13:00:00,26.052551,16.157623,894.75916,6.520506,245.17145,54.460377
2019-06-03 14:00:00,25.32959,16.471832,895.3497,6.050057,234.57361,57.995533
2019-06-03 15:00:00,23.979523,16.513458,896.01483,6.1425495,225.40439,63.03662
2019-06-03 16:00:00,23.720947,16.515839,896.56256,6.521019,219.00797,64.03417
2019-06-03 17:00:00,22.837006,16.59436,896.8019,7.0415397,215.69734,67.88359
2019-06-03 18:00:00,22.665741,16.597473,896.6477,7.523102,215.01971,68.60579
2019-06-03 19:00:00,22.510925,16.612,896.22345,7.9395847,216.04884,69.31757
2019-06-03 20:00:00,21.79361,16.54596,895.72375,8.228865,217.81444,72.11002
2019-06-03 21:00:00,21.622375,16.463104,895.40936,8.390782,219.94595,72.485664
2019-06-03 22:00:00,21.07013,16.428864,895.49976,7.714952,224.45702,74.817604
2019-06-03 23:00:00,21.006378,16.445068,895.63885,7.689695,225.51459,75.18865
2019-06-04 00:00:00,21.45697,16.613983,896.0245,7.5845203,226.3277,73.92878
2019-06-04 01:00:00,21.616241,16.635956,896.5564,7.4434533,226.64848,73.31402
2019-06-04 02:00:00,23.009521,17.010223,897.0549,7.7555027,227.80159,68.97408
2019-06-04 03:00:00,23.374207,17.041077,897.421,8.052837,230.43042,67.60252
2019-06-04 04:00:00,23.751007,17.116608,897.5997,8.304081,233.61545,66.40143
2019-06-04 05:00:00,25.490417,17.055725,897.48364,8.517066,236.93497,59.612293
2019-06-04 06:00:00,26.217468,16.75885,897.0832,8.595401,240.21616,56.034565
2019-06-04 07:00:00,26.464783,16.803131,896.46405,8.607862,243.44778,55.377842
2019-06-04 08:00:00,27.397491,16.291473,895.83765,8.615969,246.05402,50.7462
2019-06-04 09:00:00,27.498169,16.324707,895.1675,8.617964,247.85843,50.554855
2019-06-04 10:00:00,27.288666,16.488434,894.52,8.098256,252.35117,51.715057
2019-06-04 11:00:00,27.200775,16.467163,894.33655,7.6779213,252.0396,51.91199
2019-06-04 12:00:00,26.976288,16.30014,894.39734,7.0201607,249.57962,52.044403
2019-06-04 13:00:00,26.645294,16.101624,894.7579,6.2713814,243.13513,52.40043
2019-06-04 14:00:00,25.648346,16.589691,895.33044,5.918303,235.48611,57.33571
2019-06-04 15:00:00,24.616913,16.737274,895.96484,5.9591913,230.39125,61.542774
2019-06-04 16:00:00,24.348602,16.915283,896.43005,6.1927724,226.76472,63.24925
2019-06-04 17:00:00,23.489655,16.960419,896.6128,6.567269,224.93567,66.791214
2019-06-04 18:00:00,23.104858,16.819702,896.47565,7.0064297,224.43852,67.75422
2019-06-04 19:00:00,22.878937,16.78238,896.08295,7.4019003,225.28468,68.5246
2019-06-04 20:00:00,22.216766,16.67743,895.6368,7.739231,226.57986,70.86265
2019-06-04 21:00:00,22.027924,16.718994,895.2859,7.949626,228.07152,71.87205
2019-06-04 22:00:00,21.385162,16.74704,895.3963,7.302621,233.56935,74.88472
2019-06-04 23:00:00,21.293396,16.732117,895.57263,7.26352,233.06702,75.23575
2019-06-05 00:00:00,21.721436,16.997498,895.957,7.1856422,232.7275,74.53405
2019-06-05 01:00:00,21.931671,17.08023,896.49414,7.290448,232.45682,73.96992
2019-06-05 02:00:00,23.31363,17.249054,896.9932,7.84347,233.9213,68.74901
2019-06-05 03:00:00,23.687988,17.292023,897.3298,8.289217,236.74847,67.397415
2019-06-05 04:00:00,24.05429,17.331177,897.4895,8.663158,239.03668,66.09256
2019-06-05 05:00:00,25.768585,17.13446,897.3274,8.995739,241.0705,58.929317
2019-06-05 06:00:00,26.597015,16.873505,897.0403,9.32362,242.9707,55.19368
2019-06-05 07:00:00,26.874695,16.891449,896.48206,9.651969,244.84866,54.360752
2019-06-05 08:00:00,27.780975,16.265137,895.8603,9.934977,246.6524,49.537537
2019-06-05 09:00:00,27.89029,16.261505,895.1307,10.074057,247.91925,49.211006
2019-06-05 10:00:00,27.42212,16.375305,894.5379,9.397281,254.29048,50.944275
2019-06-05 11:00:00,27.32077,16.298187,894.3564,9.1173935,252.81366,50.996624
2019-06-05 12:00:00,27.164154,16.258087,894.4588,8.544725,249.29918,51.3358
2019-06-05 13:00:00,26.787231,15.932373,894.7609,7.8456697,243.05655,51.406075
2019-06-05 14:00:00,25.790283,16.568695,895.2173,7.4333367,236.6701,56.77929
2019-06-05 15:00:00,24.49533,16.574036,895.7721,7.3076754,231.84354,61.352592
2019-06-05 16:00:00,24.21936,16.478943,896.1652,7.427917,228.63464,61.999405
2019-06-05 17:00:00,23.312836,16.534515,896.3261,7.695082,227.12714,65.70721
2019-06-05 18:00:00,23.033539,16.554413,896.15283,8.059436,227.1154,66.910446
2019-06-05 19:00:00,22.792145,16.516083,895.86523,8.387021,227.9765,67.73055
2019-06-05 20:00:00,22.105042,16.33078,895.5296,8.597784,229.39465,69.79096
2019-06-05 21:00:00,21.989746,16.419952,895.3326,8.635014,231.08472,70.68326
2019-06-05 22:00:00,21.66571,16.43106,895.34375,7.2651324,236.89221,72.146645
2019-06-05 23:00:00,21.584229,16.503906,895.59656,7.212206,235.72192,72.84378
2019-06-06 00:00:00,21.973297,16.742645,896.04224,7.127519,235.16586,72.22019
2019-06-06 01:00:00,22.171783,16.721558,896.6855,7.089212,234.28021,71.25637
2019-06-06 02:00:00,23.63147,17.120453,897.1467,7.5501943,235.05203,66.89734
2019-06-06 03:00:00,24.023682,17.06839,897.4632,8.080692,237.14685,65.12269
2019-06-06 04:00:00,24.383759,17.059387,897.61755,8.604106,239.56268,63.69503
2019-06-06 05:00:00,26.074951,16.835846,897.5558,9.096353,241.47466,56.785362
2019-06-06 06:00:00,26.86203,16.484741,897.4114,9.526324,243.18436,53.014313
2019-06-06 07:00:00,27.123291,16.55487,897.0329,9.864047,245.0199,52.440166
2019-06-06 08:00:00,27.701355,16.250916,896.5215,10.041059,247.1181,49.72341
2019-06-06 09:00:00,27.743591,16.165497,895.8348,10.062718,248.60634,49.33155
2019-06-06 10:00:00,27.234558,16.485352,895.2908,9.936625,253.63486,51.869194
2019-06-06 11:00:00,27.112915,16.439423,895.1256,9.272386,253.48569,52.08828
2019-06-06 12:00:00,26.888428,16.457794,895.22986,8.286494,250.92462,52.841423
2019-06-06 13:00:00,26.46231,16.217804,895.56976,7.3371935,244.37375,53.36241
2019-06-06 14:00:00,25.528198,16.706848,896.0221,6.7637205,236.15341,58.17741
2019-06-06 15:00:00,24.388397,16.608215,896.62494,6.6816535,228.76974,61.88091
2019-06-06 16:00:00,24.14563,16.724274,897.09064,6.7739644,223.04906,63.252598
2019-06-06 17:00:00,23.33377,16.829376,897.2698,6.991794,219.0475,66.864555
2019-06-06 18:00:00,22.996887,16.827026,897.1278,7.277529,216.95659,68.22994
2019-06-06 19:00:00,22.748993,16.780548,896.8434,7.5934796,216.70956,69.05838
2019-06-06 20:00:00,22.123566,16.837189,896.5589,7.7669563,217.26009,71.99224
2019-06-06 21:00:00,21.870544,16.664215,896.2773,7.7982807,218.12582,72.31339
2019-06-06 22:00:00,21.210114,16.696991,896.39825,6.975159,219.37805,75.45253
2019-06-06 23:00:00,21.086395,16.668701,896.52954,7.1012416,219.59277,75.891174
2019-06-07 00:00:00,21.469177,16.845154,896.7949,7.1771607,218.77254,74.9656
2019-06-07 01:00:00,21.599762,16.817566,897.2468,7.3260164,217.42921,74.23893
2019-06-07 02:00:00,23.05304,17.16446,897.6269,7.92456,218.10808,69.46769
2019-06-07 03:00:00,23.513794,17.181915,897.9403,8.52314,220.5221,67.63594
2019-06-07 04:00:00,23.95224,17.250275,898.0474,9.033316,222.53679,66.15978
2019-06-07 05:00:00,25.812225,17.11612,897.97656,9.456967,224.94106,58.708893
2019-06-07 06:00:00,26.598114,16.898682,897.7163,9.754749,227.72353,55.27829
2019-06-07 07:00:00,26.854828,16.925354,897.2597,9.989656,231.0861,54.541416
2019-06-07 08:00:00,27.640778,16.433258,896.7809,10.112694,234.09879,50.482487
2019-06-07 09:00:00,27.702454,16.42987,896.2049,10.108968,236.89836,50.289978
2019-06-07 10:00:00,27.28006,16.394836,895.80115,9.189171,245.35388,51.433968
2019-06-07 11:00:00,27.147705,16.333466,895.7413,9.089142,244.88052,51.63265
2019-06-07 12:00:00,26.914154,16.327576,895.8225,8.625477,242.83966,52.32613
2019-06-07 13:00:00,26.667511,16.221191,896.15155,8.231205,237.69397,52.732384
2019-06-07 14:00:00,25.65091,16.908295,896.68024,8.000183,232.54175,58.498024
2019-06-07 15:00:00,24.523987,16.861877,897.1956,7.987533,228.9372,62.37697
2019-06-07 16:00:00,24.223877,16.88321,897.6499,8.163419,226.53513,63.594406
2019-06-07 17:00:00,23.29123,17.102509,897.76587,8.411559,225.70505,68.2068
2019-06-07 18:00:00,23.09076,17.141754,897.66187,8.697617,226.5364,69.209854
2019-06-07 19:00:00,22.854553,17.111755,897.3032,8.991825,227.88019,70.07343
2019-06-07 20:00:00,22.087524,17.051727,897.0159,9.174298,229.64252,73.13818
2019-06-07 21:00:00,21.895966,16.986115,896.6752,9.201487,231.59265,73.69073
2019-06-07 22:00:00,21.50116,17.104095,896.4277,8.402713,235.06116,76.056595
2019-06-07 23:00:00,21.411041,17.075226,896.4096,8.4451685,236.03783,76.33782
2019-06-08 00:00:00,21.71576,17.134735,896.6209,8.434915,235.35306,75.21059
2019-06-08 01:00:00,21.864258,17.074768,897.0704,8.571907,234.32823,74.249176
2019-06-08 02:00:00,23.323975,17.382172,897.4486,9.110138,234.41573,69.28648
2019-06-08 03:00:00,23.70581,17.397736,897.59796,9.666323,235.38217,67.776306
2019-06-08 04:00:00,24.090118,17.40393,897.5875,10.102588,236.52444,66.25434
2019-06-08 05:00:00,25.807709,17.043549,897.3731,10.390373,238.38069,58.455425
2019-06-08 06:00:00,26.62976,16.642578,896.9821,10.582612,240.84903,54.285847
2019-06-08 07:00:00,26.818909,16.610107,896.4147,10.746202,243.36423,53.57417
2019-06-08 08:00:00,27.670074,15.968628,895.7724,10.81586,245.10873,48.925526
2019-06-08 09:00:00,27.767883,15.985474,895.14764,10.800206,245.86115,48.69905
2019-06-08 10:00:00,27.290222,16.15155,894.6166,10.212066,253.59114,50.612823
2019-06-08 11:00:00,27.227753,16.114899,894.4736,9.947625,251.62091,50.67995
2019-06-08 12:00:00,27.037231,16.10138,894.5008,9.362091,247.82312,51.20559
2019-06-08 13:00:00,26.793945,16.03598,894.7706,8.705216,241.01828,51.726795
2019-06-08 14:00:00,25.765594,16.688995,895.26794,8.368162,235.09732,57.29869
2019-06-08 15:00:00,24.62436,16.868073,895.74634,8.41904,229.96394,62.027973
2019-06-08 16:00:00,24.306976,16.887268,896.048,8.712141,226.16547,63.29469
2019-06-08 17:00:00,23.40033,16.99112,896.1754,9.146905,224.19107,67.2828
2019-06-08 18:00:00,23.200775,16.985565,896.01904,9.61441,223.67447,68.074524
2019-06-08 19:00:00,23.020966,16.955353,895.7127,10.115411,224.07126,68.68716
2019-06-08 20:00:00,22.259521,16.844727,895.3658,10.483195,224.80539,71.43286
2019-06-08 21:00:00,22.03418,16.742645,895.13477,10.6557255,225.86984,71.95255
2019-06-08 22:00:00,21.612305,16.738495,895.0368,9.910262,228.08234,73.810684
2019-06-08 23:00:00,21.541718,16.762756,895.194,10.004637,228.19868,74.24437
2019-06-09 00:00:00,21.856903,16.880615,895.45795,10.051274,227.33499,73.374374
2019-06-09 01:00:00,22.021637,16.887238,895.9464,10.1984,226.01189,72.67115
2019-06-09 02:00:00,23.476593,17.089111,896.2824,10.729241,226.35725,67.39091
2019-06-09 03:00:00,24.058075,16.986359,896.51276,11.273132,227.59584,64.65158
2019-06-09 04:00:00,24.486969,17.004913,896.5167,11.741963,228.86494,63.084614
2019-06-09 05:00:00,26.053589,16.768188,896.3162,12.137809,230.54445,56.61363
2019-06-09 06:00:00,26.999817,16.549957,895.90533,12.433839,232.62704,52.80522
2019-06-09 07:00:00,27.24649,16.628876,895.3817,12.603218,234.75412,52.307953
2019-06-09 08:00:00,27.93863,16.365356,894.79486,12.60169,236.426,49.398037
2019-06-09 09:00:00,28.044403,16.298035,894.1897,12.464683,237.77695,48.88429
2019-06-09 10:00:00,27.48819,16.433685,893.43616,11.422894,242.25397,50.93649
2019-06-09 11:00:00,27.371063,16.396912,893.17896,11.0355,241.01828,51.16717
2019-06-09 12:00:00,27.187927,16.25943,893.1398,10.502116,238.39108,51.26863
2019-06-09 13:00:00,26.933777,16.192017,893.4342,9.986056,233.39142,51.816357
2019-06-09 14:00:00,25.832092,16.756561,893.9504,9.708114,229.52823,57.318615
2019-06-09 15:00:00,24.688019,16.84436,894.5118,9.761394,226.24773,61.699547
2019-06-09 16:00:00,24.328491,16.77826,894.90985,10.038689,223.71576,62.777565
2019-06-09 17:00:00,23.356842,16.936737,894.97845,10.4500885,222.3096,67.22757
2019-06-09 18:00:00,23.084625,16.946075,894.7651,10.963799,222.46838,68.38293
2019-06-09 19:00:00,22.860046,16.912445,894.3448,11.538551,223.66231,69.171295
2019-06-09 20:00:00,22.190582,16.789764,893.94244,11.984548,225.41002,71.4836
2019-06-09 21:00:00,22.027863,16.65802,893.6026,12.30201,227.15501,71.594574
2019-06-09 22:00:00,21.55249,16.728607,893.5734,10.772893,228.2905,74.03479
2019-06-09 23:00:00,21.441803,16.707916,893.6984,11.1684885,228.84012,74.44026
2019-06-10 00:00:00,21.80603,16.85254,893.93634,11.397083,228.8122,73.471695
2019-06-10 01:00:00,21.988617,16.77829,894.37665,11.7303095,228.30786,72.31615
2019-06-10 02:00:00,23.368225,17.071075,894.7268,12.338787,228.57559,67.75552
2019-06-10 03:00:00,23.978485,17.052643,894.9462,13.05316,229.42331,65.23467
2019-06-10 04:00:00,24.472412,17.216217,894.986,13.722908,230.46642,63.9897
2019-06-10 05:00:00,25.960846,17.106903,894.825,14.235409,232.40637,58.16043
2019-06-10 06:00:00,26.814392,16.798584,894.4929,14.589423,234.4636,54.23353
2019-06-10 07:00:00,27.038177,16.829346,894.0185,14.774431,236.42374,53.62944
2019-06-10 08:00:00,27.973297,16.287811,893.4545,14.815116,237.91261,49.05541
2019-06-10 09:00:00,28.07312,16.15155,892.88477,14.747679,238.66364,48.349068
2019-06-10 10:00:00,27.776672,16.118591,892.3906,13.142636,240.25049,49.089275
2019-06-10 11:00:00,27.641846,16.133362,892.2969,12.909358,239.05783,49.52419
2019-06-10 12:00:00,27.423126,16.172577,892.5014,12.2655115,236.06406,50.28763
2019-06-10 13:00:00,27.166443,15.847107,893.02515,11.617972,231.23859,50.000298
2019-06-10 14:00:00,25.970123,16.59085,893.616,11.319802,227.12491,56.256836
2019-06-10 15:00:00,24.784668,16.663544,894.1622,11.41081,223.98517,60.644352
2019-06-10 16:00:00,24.543884,16.720032,894.56055,11.733154,221.95433,61.74454
2019-06-10 17:00:00,23.693695,16.831451,894.69806,12.165578,221.17865,65.437874
2019-06-10 18:00:00,23.391693,16.757233,894.557,12.628656,221.57784,66.3269
2019-06-10 19:00:00,23.207336,16.74588,894.2273,13.072641,222.71153,67.0211
2019-06-10 20:00:00,22.46875,16.690063,893.8409,13.308086,224.0877,69.840866
2019-06-10 21:00:00,22.246857,16.648224,893.5355,13.413084,225.50015,70.60187
2019-06-10 22:00:00,21.858337,16.636902,893.397,12.56915,229.12518,72.24187
2019-06-10 23:00:00,21.811523,16.66278,893.52026,12.559297,229.49171,72.56783
2019-06-11 00:00:00,22.2247,16.902802,893.7683,12.480947,229.3367,71.84851
2019-06-11 01:00:00,22.496002,16.936707,894.23663,12.537162,228.28116,70.82488
2019-06-11 02:00:00,23.862732,17.267975,894.64825,13.0918255,227.4334,66.59117
2019-06-11 03:00:00,24.18161,17.246094,894.97565,13.653773,227.3711,65.237686
2019-06-11 04:00:00,24.526306,17.35733,895.07806,14.079873,227.58896,64.3551
2019-06-11 05:00:00,26.011536,17.13089,894.94586,14.507041,228.39252,58.074284
2019-06-11 06:00:00,26.897797,16.858063,894.6007,14.849388,229.4311,54.17218
2019-06-11 07:00:00,27.118439,16.941742,894.0521,15.153389,230.50583,53.759064
2019-06-11 08:00:00,28.00586,16.514221,893.38245,15.304468,231.38588,49.67294
2019-06-11 09:00:00,28.16455,16.4823,892.7131,15.398035,232.01083,49.115906
2019-06-11 10:00:00,27.726257,16.692322,892.10547,14.042427,232.16211,51.06486
2019-06-11 11:00:00,27.618744,16.672455,891.9817,14.066777,230.71591,51.32199
2019-06-11 12:00:00,27.380249,16.663422,892.2082,13.671359,228.59413,52.013504
2019-06-11 13:00:00,27.118591,16.6474,892.62885,13.004019,226.41756,52.76394
2019-06-11 14:00:00,26.151245,17.030792,893.20374,12.624576,223.85205,57.232563
2019-06-11 15:00:00,25.049347,17.217255,893.8038,12.648132,221.81279,61.82627
2019-06-11 16:00:00,24.78238,17.182861,894.2632,12.83753,220.53354,62.682377
2019-06-11 17:00:00,24.018188,17.253754,894.4556,13.123593,220.4014,65.91267
2019-06-11 18:00:00,23.73407,17.223175,894.37494,13.427786,221.2262,66.91879
2019-06-11 19:00:00,23.57425,17.172455,894.08044,13.65327,222.47067,67.34961
2019-06-11 20:00:00,22.84085,17.243286,893.7141,13.842866,223.89099,70.717606
2019-06-11 21:00:00,22.64386,17.150635,893.42334,13.89804,225.23924,71.14924
2019-06-11 22:00:00,22.221497,17.007874,893.30023,13.121311,227.21457,72.342606
2019-06-11 23:00:00,22.170013,17.005005,893.49884,13.077431,227.38902,72.556564
2019-06-12 00:00:00,22.663574,17.316803,893.8281,12.914599,227.12596,71.8148
2019-06-12 01:00:00,22.92987,17.372955,894.4523,12.898581,226.00964,70.91605
2019-06-12 02:00:00,24.223877,17.575104,894.9138,13.560568,224.60507,66.43859
2019-06-12 03:00:00,24.783081,17.498016,895.2488,14.21841,224.82732,63.9403
2019-06-12 04:00:00,25.141907,17.57846,895.3575,14.636482,225.30069,62.904953
2019-06-12 05:00:00,26.361023,17.49118,895.21906,15.004145,226.02109,58.197235
2019-06-12 06:00:00,27.11737,17.210358,894.8808,15.335412,226.37598,54.684525
2019-06-12 07:00:00,27.325226,17.276093,894.38354,15.603655,226.84047,54.24698
2019-06-12 08:00:00,27.995758,17.065765,893.7953,15.848638,227.42223,51.472343
2019-06-12 09:00:00,28.11557,16.999878,893.2001,15.986851,228.00766,50.901318
2019-06-12 10:00:00,27.619934,17.303955,892.817,14.768715,232.7965,53.413155
2019-06-12 11:00:00,27.464905,17.31247,892.6971,14.428571,231.49323,53.92883
2019-06-12 12:00:00,27.213348,17.253357,892.8205,13.7827015,229.43646,54.525536
2019-06-12 13:00:00,26.868195,17.092377,893.1692,13.255297,226.61664,55.07819
2019-06-12 14:00:00,25.869568,17.413483,893.6817,13.114107,224.07591,59.62007
2019-06-12 15:00:00,24.654663,17.293976,894.22345,13.188585,222.00407,63.60783
2019-06-12 16:00:00,24.382233,17.316986,894.6914,13.353322,220.698,64.74732
2019-06-12 17:00:00,23.585907,17.429688,894.91595,13.591466,220.60306,68.40543
2019-06-12 18:00:00,23.248169,17.351685,894.88275,13.858627,221.6884,69.4705
2019-06-12 19:00:00,23.063202,17.34671,894.62024,14.094716,223.32703,70.22957
2019-06-12 20:00:00,22.462097,17.391876,894.3134,14.169479,225.14359,73.04438
2019-06-12 21:00:00,22.20288,17.291046,894.0171,14.1150255,226.99539,73.734
2019-06-12 22:00:00,21.776703,17.172699,893.86206,13.38477,228.43478,75.11128
2019-06-12 23:00:00,21.681793,17.182892,893.9496,13.400275,228.65352,75.59688
2019-06-13 00:00:00,22.154907,17.428406,894.3352,13.330379,228.31926,74.594215
2019-06-13 01:00:00,22.308807,17.418732,894.9511,13.422678,228.14401,73.85354
2019-06-13 02:00:00,23.672516,17.54184,895.4847,14.195209,228.9172,68.53284
2019-06-13 03:00:00,24.223206,17.558289,895.86523,14.961429,230.0624,66.37085
2019-06-13 04:00:00,24.515656,17.540283,896.0429,15.509732,230.7668,65.14421
2019-06-13 05:00:00,26.056976,17.470581,895.9201,15.997738,231.51376,59.175266
2019-06-13 06:00:00,26.704987,17.238892,895.58014,16.341795,232.5463,56.127495
2019-06-13 07:00:00,26.888367,17.246368,895.0259,16.569645,233.85583,55.551468
2019-06-13 08:00:00,27.497498,17.069763,894.413,16.734083,235.13864,53.006016
2019-06-13 09:00:00,27.530487,17.073822,893.7864,16.744593,236.38489,52.917393
2019-06-13 10:00:00,27.189026,17.119934,893.235,15.335473,238.5094,54.144466
2019-06-13 11:00:00,27.080292,17.042145,893.1575,15.008912,238.02794,54.22338
2019-06-13 12:00:00,26.850311,16.972961,893.3164,14.18986,236.39099,54.72075
2019-06-13 13:00:00,26.597229,16.921326,893.7311,13.453176,232.70197,55.36057
2019-06-13 14:00:00,25.571655,17.201904,894.2492,13.036464,229.63416,59.876747
2019-06-13 15:00:00,24.380737,17.271057,894.7607,13.005135,227.1884,64.56542
2019-06-13 16:00:00,24.156647,17.308228,895.1997,13.091037,225.52606,65.59258
2019-06-13 17:00:00,23.399292,17.335754,895.3497,13.287669,224.8438,68.77027
2019-06-13 18:00:00,23.030792,17.41159,895.212,13.5450945,225.03947,70.65636
2019-06-13 19:00:00,22.81836,17.420258,894.87396,13.850382,226.27101,71.61034
2019-06-13 20:00:00,22.296906,17.34552,894.52014,14.026013,227.99919,73.56606
2019-06-13 21:00:00,21.97934,17.301239,894.22034,14.05263,229.80191,74.79346
2019-06-13 22:00:00,21.541595,17.174164,893.98914,12.943454,229.89671,76.20577
2019-06-13 23:00:00,21.476868,17.148682,894.0761,13.076555,230.60568,76.385025
2019-06-14 00:00:00,21.86847,17.26648,894.3982,12.995514,230.9613,75.13587
2019-06-14 01:00:00,21.963593,17.121674,894.9065,13.121202,231.38272,74.01994
2019-06-14 02:00:00,23.232971,17.344269,895.35175,13.844247,232.44104,69.50174
2019-06-14 03:00:00,24.068237,17.151642,895.68896,14.585426,234.04398,65.291824
2019-06-14 04:00:00,24.600922,17.290955,895.8157,15.189405,235.22656,63.800377
2019-06-14 05:00:00,25.963867,17.09555,895.66675,15.678683,235.94882,58.108246
2019-06-14 06:00:00,26.827057,16.903717,895.2598,16.065313,236.47437,54.55569
2019-06-14 07:00:00,27.057312,16.86029,894.66266,16.385853,236.97629,53.674446
2019-06-14 08:00:00,27.83191,16.396606,894.00476,16.544329,237.53163,49.8056
2019-06-14 09:00:00,27.90567,16.436127,893.4417,16.576254,237.92093,49.716515
2019-06-14 10:00:00,27.477753,16.629974,892.90656,14.848364,241.41899,51.60764
2019-06-14 11:00:00,27.391327,16.596497,892.8471,14.393359,239.05539,51.759262
2019-06-14 12:00:00,27.137543,16.532959,893.044,13.554759,235.29233,52.323395
2019-06-14 13:00:00,26.875397,16.47934,893.47955,12.71796,229.5023,52.95446
2019-06-14 14:00:00,25.824402,16.923645,894.08325,12.429658,224.86913,57.955696
2019-06-14 15:00:00,24.664917,16.98581,894.7848,12.617013,221.71106,62.341236
2019-06-14 16:00:00,24.374115,16.967682,895.2729,12.96438,219.42786,63.362705
2019-06-14 17:00:00,23.618652,17.06662,895.468,13.368303,218.60844,66.721245
2019-06-14 18:00:00,23.195923,17.220978,895.3636,13.765445,218.91336,69.11677
2019-06-14 19:00:00,22.998444,17.273193,895.00806,14.091241,219.83778,70.1785
2019-06-14 20:00:00,22.317932,17.173279,894.6142,14.289858,221.2071,72.6763
2019-06-14 21:00:00,22.156708,17.173737,894.25885,14.429137,222.86357,73.39517
2019-06-14 22:00:00,21.720917,17.103668,894.1818,13.276551,225.78899,75.039215
2019-06-14 23:00:00,21.710785,17.191193,894.2336,13.315635,226.85718,75.50268
2019-06-15 00:00:00,22.060364,17.349335,894.5834,13.303274,226.89426,74.651405
2019-06-15 01:00:00,22.230865,17.199188,895.09033,13.396899,226.57843,73.18223
2019-06-15 02:00:00,23.876526,17.53418,895.5391,14.090807,227.26202,67.663994
2019-06-15 03:00:00,24.208221,17.514832,895.8906,14.812172,228.5476,66.248665
2019-06-15 04:00:00,24.550629,17.481903,896.0231,15.419797,230.18898,64.769
2019-06-15 05:00:00,26.064972,17.313843,895.89844,15.903142,231.5074,58.564663
2019-06-15 06:00:00,26.836395,17.168152,895.5382,16.308205,232.61267,55.44655
2019-06-15 07:00:00,27.016602,17.178223,894.9886,16.643454,233.55786,54.897327
2019-06-15 08:00:00,27.741547,16.751617,894.3175,16.84593,234.62494,51.211685
2019-06-15 09:00:00,27.788269,16.68631,893.7305,16.82516,235.7644,50.860794
2019-06-15 10:00:00,27.109161,16.91626,893.2312,15.449484,238.23164,53.701546
2019-06-15 11:00:00,27.026245,16.881622,893.1197,14.926502,236.67398,53.845226
2019-06-15 12:00:00,26.856354,16.866943,893.3105,14.081815,234.0203,54.334946
2019-06-15 13:00:00,26.575867,16.858826,893.793,13.185002,229.52711,55.21108
2019-06-15 14:00:00,25.641602,17.15155,894.3775,12.688127,225.93721,59.439045
2019-06-15 15:00:00,24.513702,17.402802,894.979,12.561123,223.37862,64.588905
2019-06-15 16:00:00,24.259674,17.411499,895.47577,12.721656,221.64714,65.6152
2019-06-15 17:00:00,23.62326,17.676056,895.74164,12.993252,221.14476,69.320595
2019-06-15 18:00:00,23.39447,17.647095,895.6919,13.305133,221.82597,70.15526
2019-06-15 19:00:00,23.193542,17.640015,895.40045,13.643379,223.11688,70.98
2019-06-15 20:00:00,22.605469,17.745087,895.01337,13.908537,224.74716,74.04233
2019-06-15 21:00:00,22.405273,17.705872,894.669,14.065415,226.40067,74.76338
2019-06-15 22:00:00,22.005676,17.658478,894.6268,13.512175,228.77869,76.37619
2019-06-15 23:00:00,21.962402,17.656982,894.6602,13.618391,229.24622,76.57082
2019-06-16 00:00:00,22.205078,17.725098,894.9526,13.543071,229.24338,75.77127
2019-06-16 01:00:00,22.342499,17.694489,895.4333,13.640008,228.88374,74.995514
2019-06-16 02:00:00,23.452057,17.874908,895.8702,14.403967,229.7754,70.92222
2019-06-16 03:00:00,23.766998,17.872803,896.24225,15.183021,231.47025,69.58003
2019-06-16 04:00:00,24.063354,17.89389,896.4109,15.670292,233.12967,68.442276
2019-06-16 05:00:00,25.502625,17.86615,896.33514,16.016224,234.5415,62.69574
2019-06-16 06:00:00,26.224823,17.686737,895.9817,16.256277,235.65881,59.395172
2019-06-16 07:00:00,26.423615,17.694641,895.44116,16.52933,236.76889,58.731415
2019-06-16 08:00:00,27.218872,17.537537,894.88135,16.690657,237.97949,55.49497
2019-06-16 09:00:00,27.284546,17.513733,894.2709,16.708656,239.03793,55.198723
2019-06-16 10:00:00,26.630829,17.61148,893.6845,15.368099,243.17851,57.715057
2019-06-16 11:00:00,26.54245,17.617188,893.5388,14.994884,241.97542,58.03728
2019-06-16 12:00:00,26.381226,17.594849,893.71,14.370286,239.88336,58.509274
2019-06-16 13:00:00,26.218689,17.597473,894.1139,13.567779,236.35492,59.083294
2019-06-16 14:00:00,25.227509,17.898163,894.69104,13.11918,232.59714,63.85827
2019-06-16 15:00:00,24.43393,17.968994,895.2896,13.024035,230.04384,67.25532
2019-06-16 16:00:00,24.172089,17.953552,895.7198,13.151879,228.31996,68.252785
2019-06-16 17:00:00,23.408264,18.180878,895.90594,13.400426,227.56429,72.490486
2019-06-16 18:00:00,23.179932,18.13266,895.7092,13.771828,227.96736,73.274796
2019-06-16 19:00:00,23.047272,18.153015,895.3368,14.185906,229.01596,73.959465
2019-06-16 20:00:00,22.449738,18.165222,894.92664,14.474089,230.44235,76.74712
2019-06-16 21:00:00,22.29303,18.098816,894.6375,14.635094,232.03311,77.159515
2019-06-16 22:00:00,21.84262,17.993622,894.65686,13.885809,236.89105,78.784485
2019-06-16 23:00:00,21.797089,17.975311,894.71423,13.886999,236.78526,78.91294
2019-06-17 00:00:00,22.01419,17.97116,894.97534,13.769296,236.38367,77.85405
2019-06-17 01:00:00,22.024841,17.881012,895.3821,13.901062,235.6524,77.36359
2019-06-17 02:00:00,23.112305,18.026062,895.748,14.544678,235.99048,73.08391
2019-06-17 03:00:00,23.568665,17.935486,896.0145,15.250206,237.05545,70.69426
2019-06-17 04:00:00,23.840424,17.921265,896.1311,15.676583,238.1491,69.48489
2019-06-17 05:00:00,25.0943,17.93216,896.027,15.975967,239.00385,64.50465
2019-06-17 06:00:00,25.7359,17.78479,895.73517,16.184313,239.77089,61.51787
2019-06-17 07:00:00,25.927399,17.830566,895.3204,16.40646,240.78146,60.99932
2019-06-17 08:00:00,26.569855,17.5849,894.8307,16.496817,242.0394,57.82578
2019-06-17 09:00:00,26.611847,17.544373,894.24854,16.470758,243.0116,57.535614
2019-06-17 10:00:00,26.002838,17.676239,893.757,15.085574,243.73186,60.140114
2019-06-17 11:00:00,25.898071,17.652466,893.6091,14.884866,243.11627,60.42368
2019-06-17 12:00:00,25.626007,17.581299,893.66406,14.417829,241.41238,61.13128
2019-06-17 13:00:00,25.371399,17.562439,894.0603,13.616658,238.26111,61.989067
2019-06-17 14:00:00,24.496765,17.631134,894.55334,12.949091,235.09573,65.592606
2019-06-17 15:00:00,23.517212,17.658356,895.0993,12.768677,233.08424,69.68723
2019-06-17 16:00:00,23.31955,17.734436,895.5516,12.787644,231.72722,70.86216
2019-06-17 17:00:00,22.666077,17.806122,895.8338,12.908889,231.25208,74.05457
2019-06-17 18:00:00,22.50061,17.93158,895.68134,13.157348,231.68918,75.39514
2019-06-17 19:00:00,22.33313,17.896149,895.23804,13.434818,232.6622,75.99707
2019-06-17 20:00:00,21.814789,17.843842,894.74896,13.639357,233.84094,78.17845
2019-06-17 21:00:00,21.579773,17.804535,894.4324,13.730778,235.27141,79.1135
2019-06-17 22:00:00,21.29425,17.684326,894.1418,12.452882,236.03632,79.901726
2019-06-17 23:00:00,21.222137,17.687622,894.1719,12.646089,235.53967,80.27253
2019-06-18 00:00:00,21.656158,17.881775,894.4445,12.709282,235.11081,79.128555
2019-06-18 01:00:00,21.716492,17.828796,894.9189,12.875009,234.6284,78.57485
2019-06-18 02:00:00,22.630798,17.93991,895.3119,13.652925,234.57306,74.84067
2019-06-18 03:00:00,22.933197,17.971771,895.57587,14.3658495,235.41554,73.6286
2019-06-18 04:00:00,23.22467,18.018341,895.6692,14.713803,236.36075,72.553986
2019-06-18 05:00:00,24.557495,18.000153,895.56213,14.895333,237.10068,66.89067
2019-06-18 06:00:00,25.220215,17.782196,895.243,14.963114,237.61038,63.42138
2019-06-18 07:00:00,25.444183,17.92221,894.7057,15.055495,237.98001,63.13609
2019-06-18 08:00:00,26.201721,17.640625,894.1154,15.074369,238.47672,59.303696
2019-06-18 09:00:00,26.237152,17.6922,893.51117,14.981404,238.7599,59.37236
2019-06-18 10:00:00,25.779266,18.003876,892.9705,13.578696,241.8471,62.21152
2019-06-18 11:00:00,25.664154,18.008575,892.8376,13.419917,239.53635,62.65616
2019-06-18 12:00:00,25.55896,18.05597,892.9274,13.00973,237.1547,63.23664
2019-06-18 13:00:00,25.319122,18.003998,893.375,12.384837,234.37135,63.935234
2019-06-18 14:00:00,24.457245,18.136292,893.9328,12.003444,231.65001,67.87126
2019-06-18 15:00:00,23.567993,18.083923,894.5156,11.955739,229.8046,71.35984
2019-06-18 16:00:00,23.339386,18.035095,894.9821,12.053289,228.90103,72.12899
2019-06-18 17:00:00,22.728027,18.19223,895.17725,12.190236,228.9088,75.589424
2019-06-18 18:00:00,22.503326,18.18039,895.0541,12.390057,229.69905,76.570496
2019-06-18 19:00:00,22.3815,18.180756,894.67194,12.585904,231.14511,77.14132
2019-06-18 20:00:00,21.820892,18.044891,894.24854,12.673329,233.09715,79.1437
2019-06-18 21:00:00,21.656097,18.002014,893.8895,12.661155,234.98126,79.72948
2019-06-18 22:00:00,21.308136,17.98706,893.6624,11.906501,235.51173,81.36955
2019-06-18 23:00:00,21.226288,17.942413,893.72876,12.094069,236.22733,81.54968
2019-06-19 00:00:00,21.552582,18.04834,893.9598,12.075928,236.53911,80.469826
2019-06-19 01:00:00,21.61499,17.984192,894.3452,12.262188,236.40015,79.84063
2019-06-19 02:00:00,22.782898,18.171783,894.7365,12.992161,237.29266,75.24172
2019-06-19 03:00:00,23.036194,18.120972,895.0418,13.473389,238.5228,73.86027
2019-06-19 04:00:00,23.31482,18.111816,895.17694,13.756254,239.36617,72.58507
2019-06-19 05:00:00,24.779846,18.093414,895.1019,13.946532,239.78998,66.39556
2019-06-19 06:00:00,25.361572,17.890686,894.82623,14.168541,240.1181,63.321186
2019-06-19 07:00:00,25.556885,17.912628,894.36127,14.39434,240.55133,62.677044
2019-06-19 08:00:00,26.251984,17.74237,893.9065,14.479783,241.33142,59.508152
2019-06-19 09:00:00,26.32904,17.658783,893.4656,14.437671,241.86905,58.926796
2019-06-19 10:00:00,25.897705,17.784851,892.9501,12.73615,244.00998,60.93105
2019-06-19 11:00:00,25.803741,17.820679,892.94727,12.696296,241.80359,61.40957
2019-06-19 12:00:00,25.582306,17.840118,893.1983,12.233586,239.75235,62.29765
2019-06-19 13:00:00,25.401215,17.825256,893.6646,11.628536,236.41669,62.91255
2019-06-19 14:00:00,24.539429,18.061005,894.19653,11.303143,233.07382,67.21959
2019-06-19 15:00:00,23.50293,18.138702,894.78314,11.348791,231.09589,71.88716
2019-06-19 16:00:00,23.280945,18.183441,895.28925,11.490387,229.70656,73.06153
2019-06-19 17:00:00,22.651093,18.199982,895.54346,11.693529,229.1725,75.98001
2019-06-19 18:00:00,22.421387,18.145966,895.4905,11.966914,229.57343,76.786575
2019-06-19 19:00:00,22.260925,18.168396,895.25464,12.240202,230.70404,77.64894
2019-06-19 20:00:00,21.70108,18.051361,894.9333,12.410279,232.19962,79.75752
2019-06-19 21:00:00,21.536652,18.029419,894.7265,12.463719,233.79001,80.452576
2019-06-19 22:00:00,21.196594,17.933838,894.5863,11.3465185,240.47562,81.654305
2019-06-19 23:00:00,21.16867,17.918,894.73334,11.294282,240.0632,81.712875
2019-06-20 00:00:00,21.490906,18.017792,895.08295,11.1238,239.47044,80.61919
2019-06-20 01:00:00,21.629822,18.046417,895.61523,11.123615,238.76111,80.08083
2019-06-20 02:00:00,22.739166,18.298645,896.0478,11.607749,238.78336,76.04445
2019-06-20 03:00:00,23.011108,18.28064,896.33344,12.081015,239.16608,74.71751
2019-06-20 04:00:00,23.369568,18.381592,896.4677,12.488889,239.49802,73.580574
2019-06-20 05:00:00,24.729492,18.249084,896.4331,12.800541,239.9582,67.2496
2019-06-20 06:00:00,25.417053,18.09848,896.2435,13.026627,240.7111,63.942528
2019-06-20 07:00:00,25.628754,18.152283,895.8143,13.15884,241.68689,63.35736
2019-06-20 08:00:00,26.394318,18.037903,895.3061,13.124473,242.60333,60.11767
2019-06-20 09:00:00,26.448517,17.998047,894.7325,13.000722,243.36891,59.775818
2019-06-20 10:00:00,25.947296,18.04596,894.125,11.554691,247.88943,61.75847
2019-06-20 11:00:00,25.806519,18.029388,893.9082,11.333908,245.99628,62.210773
2019-06-20 12:00:00,25.560333,18.00653,893.92346,10.839364,243.43823,63.035347
2019-06-20 13:00:00,25.303986,17.928162,894.3313,10.165224,239.55435,63.688416
2019-06-20 14:00:00,24.440094,18.192291,894.8825,9.836175,235.36507,68.18026
2019-06-20 15:00:00,23.386414,18.188263,895.5405,9.744283,232.42517,72.61978
2019-06-20 16:00:00,23.09552,18.200806,896.05304,9.821981,230.2848,73.965485
2019-06-20 17:00:00,22.477478,18.31778,896.32227,10.004457,229.33278,77.354774
2019-06-20 18:00:00,22.231232,18.228516,896.2617,10.27942,229.24432,78.08351
2019-06-20 19:00:00,22.02649,18.16391,895.9231,10.52851,229.84279,78.74357
2019-06-20 20:00:00,21.515228,18.027496,895.5518,10.698635,230.94855,80.548386
2019-06-20 21:00:00,21.3768,17.949097,895.26624,10.812001,232.42767,80.83468
2019-06-20 22:00:00,20.986633,17.99121,895.23,9.886518,239.79506,83.01272
2019-06-20 23:00:00,20.949799,18.017517,895.25415,9.780085,239.57211,83.33855
2019-06-21 00:00:00,21.292084,18.12857,895.6228,9.650575,238.74055,82.17711
2019-06-21 01:00:00,21.377014,18.092865,896.1163,9.655224,237.9434,81.56734
2019-06-21 02:00:00,22.609192,18.374573,896.57587,10.036546,237.47894,77.01223
2019-06-21 03:00:00,22.911652,18.402893,896.8783,10.499604,238.06335,75.74715
2019-06-21 04:00:00,23.219452,18.459167,896.98334,10.82398,239.37576,74.61244
2019-06-21 05:00:00,24.713898,18.4003,896.9197,11.006585,240.3937,67.95358
2019-06-21 06:00:00,25.460968,18.250122,896.6932,11.118761,241.20493,64.38592
2019-06-21 07:00:00,25.69223,18.311432,896.26025,11.202589,241.81989,63.7527
2019-06-21 08:00:00,26.422028,18.138153,895.6941,11.217829,242.42303,60.398632
2019-06-21 09:00:00,26.588043,18.072357,895.0298,11.197953,242.88564,59.56367
2019-06-21 10:00:00,26.090515,18.275787,894.3297,10.339184,248.13312,62.127346
2019-06-21 11:00:00,26.038177,18.204865,894.10315,10.0732155,247.00177,62.043274
2019-06-21 12:00:00,25.869843,18.16742,894.2235,9.445475,244.90483,62.51754
2019-06-21 13:00:00,25.570343,18.198303,894.5934,8.921984,240.75409,63.76134
2019-06-21 14:00:00,24.891022,18.44757,895.1236,8.806065,236.60843,67.43816
2019-06-21 15:00:00,23.653107,18.574585,895.66235,8.898544,233.21371,73.2131
2019-06-21 16:00:00,23.460571,18.59961,896.0952,9.142695,230.99617,74.18369
2019-06-21 17:00:00,22.845001,18.53592,896.25775,9.388289,229.90482,76.68995
2019-06-21 18:00:00,22.616516,18.510162,896.17096,9.672405,230.13075,77.63468
2019-06-21 19:00:00,22.432373,18.47702,895.8739,9.9726925,230.92345,78.34509
2019-06-21 20:00:00,21.871521,18.393219,895.46173,10.196363,232.17316,80.64318
2019-06-21 21:00:00,21.6669,18.313232,895.13116,10.237587,233.58081,81.24907
2019-06-21 22:00:00,21.341797,18.175812,895.332,9.419611,239.16006,82.17045
2019-06-21 23:00:00,21.317719,18.200226,895.4367,9.276454,238.62476,82.41802
2019-06-22 00:00:00,21.667297,18.298828,895.72217,9.117984,237.63126,81.17374
2019-06-22 01:00:00,21.778961,18.30194,896.1515,9.163006,236.32034,80.63749
2019-06-22 02:00:00,22.928253,18.523163,896.4867,9.659282,235.36981,76.24326
2019-06-22 03:00:00,23.563202,18.498474,896.7188,10.169522,235.87747,73.26081
2019-06-22 04:00:00,23.894836,18.532166,896.75995,10.632148,236.79382,71.96455
2019-06-22 05:00:00,25.106415,18.588715,896.6484,10.978965,237.49341,67.16862
2019-06-22 06:00:00,25.764954,18.527405,896.3772,11.17444,238.65062,64.34326
2019-06-22 07:00:00,25.990875,18.57138,895.93787,11.297298,239.79681,63.662964
2019-06-22 08:00:00,26.604645,18.4794,895.37006,11.354424,241.10538,61.0444
2019-06-22 09:00:00,26.697723,18.502716,894.71783,11.338383,242.43094,60.799408
2019-06-22 10:00:00,26.33487,18.561157,894.228,10.14655,244.9465,62.341682
2019-06-22 11:00:00,26.20343,18.55246,894.0039,10.015762,246.1662,62.79331
2019-06-22 12:00:00,26.053802,18.569672,894.0915,9.548056,245.08765,63.419575
2019-06-22 13:00:00,25.73352,18.46289,894.4749,8.984766,241.72908,64.20337
2019-06-22 14:00:00,24.867523,18.752258,895.0488,8.635493,237.60149,68.83272
2019-06-22 15:00:00,23.884277,18.620667,895.6396,8.606682,233.8516,72.41021
2019-06-22 16:00:00,23.661926,18.579376,896.09406,8.746804,230.95438,73.19615
2019-06-22 17:00:00,22.998322,18.591095,896.22107,8.953053,229.8934,76.244064
2019-06-22 18:00:00,22.71466,18.524872,896.0799,9.247576,229.72697,77.24486
2019-06-22 19:00:00,22.5177,18.509918,895.7467,9.541031,230.69492,78.10071
2019-06-22 20:00:00,22.027863,18.450836,895.3759,9.675145,232.44589,80.16663
2019-06-22 21:00:00,21.874268,18.399109,895.0119,9.644653,234.29022,80.659454
2019-06-22 22:00:00,21.58313,18.472473,894.9618,9.177603,241.27498,82.48547
2019-06-22 23:00:00,21.547028,18.447144,894.9878,8.885944,241.24359,82.53683
2019-06-23 00:00:00,21.818542,18.475677,895.2411,8.652195,240.48239,81.3235
2019-06-23 01:00:00,21.93451,18.465118,895.584,8.576196,239.25818,80.69652
2019-06-23 02:00:00,23.09256,18.72226,895.9318,8.950679,238.32866,76.435104
2019-06-23 03:00:00,23.524933,18.727112,896.1605,9.416595,238.8907,74.48799
2019-06-23 04:00:00,23.86383,18.774414,896.2444,9.758676,239.75763,73.19962
2019-06-23 05:00:00,25.154053,18.749756,896.1484,9.985345,240.58998,67.656296
2019-06-23 06:00:00,25.79715,18.71933,895.90826,10.070176,241.56274,64.99635
2019-06-23 07:00:00,26.016693,18.799011,895.53265,10.118187,242.36163,64.47709
2019-06-23 08:00:00,26.767334,18.665222,895.09607,10.062764,243.13174,61.16975
2019-06-23 09:00:00,26.848236,18.769653,894.5809,9.925978,243.35916,61.2781
2019-06-23 10:00:00,26.394562,18.884735,894.1856,9.036888,252.44397,63.391884
2019-06-23 11:00:00,26.277557,18.90326,894.0092,8.50261,250.37326,63.905132
2019-06-23 12:00:00,26.071075,18.860474,894.1546,7.8317413,246.53564,64.5172
2019-06-23 13:00:00,25.786438,18.845337,894.58057,7.2996182,241.48524,65.55175
2019-06-23 14:00:00,24.939575,18.970123,895.1161,7.106052,235.35817,69.47628
2019-06-23 15:00:00,24.031403,18.931,895.7665,7.212824,230.5773,73.17837
2019-06-23 16:00:00,23.769257,18.855652,896.20593,7.4635935,227.23593,73.991806
2019-06-23 17:00:00,23.166718,19.023193,896.4068,7.74438,225.39157,77.53659
2019-06-23 18:00:00,22.81076,18.851532,896.3142,8.075954,224.96379,78.38095
2019-06-23 19:00:00,22.639984,18.836182,896.0634,8.393743,225.58191,79.12109
2019-06-23 20:00:00,22.10315,18.681122,895.8143,8.589353,226.92595,80.95817
2019-06-23 21:00:00,21.937958,18.578156,895.599,8.659764,228.27567,81.252594
2019-06-23 22:00:00,21.706085,18.681366,895.86523,8.111369,235.50143,82.94502
2019-06-23 23:00:00,21.690216,18.697449,895.98474,7.996695,234.75046,83.10906
2019-06-24 00:00:00,22.057892,18.800232,896.3539,7.8856273,233.98785,81.78845
2019-06-24 01:00:00,22.155304,18.80954,896.89185,7.973493,232.89946,81.35173
2019-06-24 02:00:00,23.304047,19.053741,897.3424,8.5042095,232.80069,77.04259
2019-06-24 03:00:00,23.626953,19.035065,897.6664,8.954383,233.86871,75.46875
2019-06-24 04:00:00,23.963379,19.03894,897.8208,9.200854,235.12897,73.97451
2019-06-24 05:00:00,25.358765,19.013336,897.74646,9.336349,235.8982,67.94619
2019-06-24 06:00:00,26.011932,18.930542,897.50696,9.476946,236.79999,65.02718
2019-06-24 07:00:00,26.216705,18.936035,897.032,9.523055,237.53952,64.26661
2019-06-24 08:00:00,26.903137,18.910034,896.511,9.511798,238.17438,61.61853
2019-06-24 09:00:00,26.945343,18.947235,895.9639,9.389838,238.3147,61.60875
2019-06-24 10:00:00,26.371002,19.03778,895.2901,9.287981,246.07741,64.08926
2019-06-24 11:00:00,26.242218,18.996124,895.14703,8.627502,244.49088,64.410866
2019-06-24 12:00:00,26.01123,18.974731,895.2352,7.8320227,240.88882,65.20946
2019-06-24 13:00:00,25.688293,18.99704,895.6082,7.058798,235.16974,66.56167
2019-06-24 14:00:00,24.97876,19.217468,896.1147,6.8265743,228.55138,70.391174
2019-06-24 15:00:00,24.152985,19.298157,896.78064,6.9081645,223.59079,74.32789
2019-06-24 16:00:00,23.898895,19.280975,897.2458,7.1422696,220.27222,75.39015
2019-06-24 17:00:00,23.400726,19.359009,897.48,7.5394583,218.78906,78.064575
2019-06-24 18:00:00,23.181183,19.322144,897.3499,7.9673767,219.22913,78.92522
2019-06-24 19:00:00,22.99112,19.34668,897.05884,8.409835,220.33568,79.959724
2019-06-24 20:00:00,22.460388,19.265686,896.735,8.7583685,221.9477,82.16006
2019-06-24 21:00:00,22.261139,19.20227,896.46423,8.98346,223.79483,82.833916
2019-06-24 22:00:00,22.023651,19.092499,896.49725,8.346133,233.98041,83.46801
2019-06-24 23:00:00,21.955383,19.09607,896.6622,8.416375,233.38272,83.8349
2019-06-25 00:00:00,22.272614,19.200256,897.0149,8.437313,231.78333,82.76571
2019-06-25 01:00:00,22.429352,19.203217,897.4482,8.629124,230.09776,81.99559
2019-06-25 02:00:00,23.58252,19.253021,897.75134,9.339681,229.61594,76.705826
2019-06-25 03:00:00,24.02539,19.307922,897.88525,10.097632,230.20631,74.9449
2019-06-25 04:00:00,24.3143,19.342438,897.8899,10.733696,231.22041,73.81548
2019-06-25 05:00:00,25.697632,19.304749,897.79,11.21486,231.7855,67.81266
2019-06-25 06:00:00,26.374115,19.178345,897.50415,11.582488,232.32431,64.64137
2019-06-25 07:00:00,26.552032,19.173218,897.06494,11.890497,232.73422,63.946224
2019-06-25 08:00:00,27.214874,19.01715,896.5733,12.1133375,233.21945,60.906673
2019-06-25 09:00:00,27.33377,19.049072,896.1105,12.213565,233.84087,60.604168
2019-06-25 10:00:00,26.815094,19.014465,895.51904,11.531271,236.70383,62.343334
2019-06-25 11:00:00,26.782104,18.916992,895.43463,11.291963,235.77933,62.08565
2019-06-25 12:00:00,26.586151,18.891907,895.53125,10.751797,233.48436,62.70787
2019-06-25 13:00:00,26.326385,18.93747,895.8187,10.130732,229.98344,63.857353
2019-06-25 14:00:00,25.451172,19.197693,896.3244,10.011618,226.18645,68.35503
2019-06-25 15:00:00,24.491577,19.10318,896.88275,10.175007,223.8412,71.95572
2019-06-25 16:00:00,24.206787,19.08545,897.3468,10.560824,222.6398,73.11316
2019-06-25 17:00:00,23.545837,19.042389,897.4953,11.003298,222.8323,75.87317
2019-06-25 18:00:00,23.357483,19.068146,897.2664,11.44313,223.91606,76.86344
2019-06-25 19:00:00,23.186005,19.02832,896.825,11.831244,225.56964,77.47104
2019-06-25 20:00:00,22.648163,18.93219,896.3371,12.139413,227.381,79.55733
2019-06-25 21:00:00,22.517426,19.0047,895.9794,12.305614,229.45866,80.55495
2019-06-25 22:00:00,22.204376,18.933258,895.77313,11.597422,233.23102,81.73802
2019-06-25 23:00:00,22.116425,18.912537,895.8106,11.566064,234.1062,82.070854
2019-06-26 00:00:00,22.47168,18.919281,896.0641,11.507955,234.60355,80.34969
2019-06-26 01:00:00,22.601349,18.911438,896.48346,11.731612,234.61682,79.6804
2019-06-26 02:00:00,23.744019,19.063263,896.8689,12.5991955,235.17738,75.07056
2019-06-26 03:00:00,24.070862,19.052338,897.0774,13.412186,236.96509,73.55991
2019-06-26 04:00:00,24.337128,19.021881,897.093,13.821198,238.24922,72.25712
2019-06-26 05:00:00,25.73169,19.021637,896.88385,14.114504,238.82771,66.49253
2019-06-26 06:00:00,26.366974,18.860748,896.4982,14.395318,239.29498,63.400143
2019-06-26 07:00:00,26.564362,18.875916,895.9846,14.681651,239.91681,62.725777
2019-06-26 08:00:00,27.209106,18.7005,895.46735,14.863625,240.58463,59.73426
2019-06-26 09:00:00,27.247406,18.567352,894.957,14.912582,241.39732,59.105873
2019-06-26 10:00:00,26.611847,18.703125,894.3231,13.708947,244.83682,61.8788
2019-06-26 11:00:00,26.530975,18.635284,894.12775,13.499503,243.87321,61.91117
2019-06-26 12:00:00,26.35672,18.611298,894.1987,12.83655,241.3945,62.45699
2019-06-26 13:00:00,26.082733,18.527344,894.51306,12.0747,237.30374,63.143623
2019-06-26 14:00:00,25.172241,18.68283,895.0227,11.785402,233.2125,67.30085
2019-06-26 15:00:00,24.261627,18.682129,895.5295,11.829256,230.83417,71.0609
2019-06-26 16:00:00,24.058105,18.699158,895.87976,12.124064,229.52301,72.010544
2019-06-26 17:00:00,23.381683,18.723724,895.9498,12.5292425,229.35753,75.11847
2019-06-26 18:00:00,23.07904,18.591217,895.7184,13.010115,230.23428,75.87317
2019-06-26 19:00:00,22.888885,18.55719,895.32336,13.420328,231.61896,76.58826
2019-06-26 20:00:00,22.408844,18.488098,894.8887,13.726927,233.0783,78.511696
2019-06-26 21:00:00,22.140259,18.468292,894.549,13.910274,234.66785,79.70652
2019-06-26 22:00:00,21.747986,18.337402,894.4721,13.399023,238.09079,80.970055
2019-06-26 23:00:00,21.689117,18.358368,894.38336,13.468705,238.79025,81.36874
2019-06-27 00:00:00,22.033936,18.389557,894.6261,13.355217,239.14525,79.82984
2019-06-27 01:00:00,22.120087,18.343262,895.0568,13.473833,239.4137,79.1817
2019-06-27 02:00:00,23.134857,18.461334,895.45685,14.201223,240.59702,75.00508
2019-06-27 03:00:00,23.43161,18.386322,895.6872,14.95965,242.75528,73.32738
2019-06-27 04:00:00,23.799408,18.448639,895.7099,15.408811,244.31091,72.00111
2019-06-27 05:00:00,25.185883,18.363739,895.5199,15.752708,245.28572,65.91605
2019-06-27 06:00:00,25.779236,18.253601,895.0985,16.011011,246.04274,63.194984
2019-06-27 07:00:00,25.967896,18.252594,894.5165,16.217167,246.73688,62.488735
2019-06-27 08:00:00,26.77246,18.210632,893.89484,16.296398,247.41595,59.43421
2019-06-27 09:00:00,26.86557,18.125336,893.32275,16.258947,247.85457,58.793896
2019-06-27 10:00:00,26.41513,18.116608,892.95514,14.450935,247.43884,60.341515
2019-06-27 11:00:00,26.375885,18.101685,892.702,14.179156,245.94827,60.42475
2019-06-27 12:00:00,26.18805,18.060944,892.7429,13.5714655,243.146,60.942574
2019-06-27 13:00:00,26.010254,18.109161,893.04095,12.853716,239.03351,61.773537
2019-06-27 14:00:00,25.095306,18.439514,893.58624,12.585344,235.33559,66.58809
2019-06-27 15:00:00,24.142944,18.44159,894.1757,12.708412,232.5265,70.499054
2019-06-27 16:00:00,23.954071,18.453735,894.6155,13.001237,231.03056,71.35746
2019-06-27 17:00:00,23.248352,18.504944,894.8143,13.401549,230.39227,74.69612
2019-06-27 18:00:00,23.004395,18.49472,894.71173,13.8274355,230.9249,75.75759
2019-06-27 19:00:00,22.812653,18.454865,894.4087,14.242334,231.77832,76.45139
2019-06-27 20:00:00,22.365234,18.380402,894.00885,14.545141,233.03656,78.19076
2019-06-27 21:00:00,22.213013,18.344849,893.7166,14.69369,234.46527,78.74265
2019-06-27 22:00:00,21.862854,18.280151,893.52264,14.157895,236.02867,80.115875
2019-06-27 23:00:00,21.791199,18.309479,893.5923,14.17007,236.84407,80.6153
2019-06-28 00:00:00,22.020264,18.309387,893.8881,14.070804,237.33212,79.495834
2019-06-28 01:00:00,22.122223,18.193542,894.39276,14.150666,237.6273,78.43127
2019-06-28 02:00:00,23.281616,18.415344,894.8445,14.856557,238.7995,74.12895
2019-06-28 03:00:00,23.578705,18.418427,895.1821,15.5685625,240.81702,72.82629
2019-06-28 04:00:00,23.904236,18.469574,895.2592,16.09191,242.67801,71.642525
2019-06-28 05:00:00,25.26529,18.426514,895.06494,16.47286,244.211,65.863884
2019-06-28 06:00:00,25.876434,18.367096,894.6794,16.677088,245.5715,63.28087
2019-06-28 07:00:00,26.077026,18.35788,894.0955,16.788588,246.79001,62.497837
2019-06-28 08:00:00,26.842346,18.151398,893.47906,16.765602,247.64041,58.970673
2019-06-28 09:00:00,26.896454,18.049927,892.9007,16.598078,248.28946,58.40989
2019-06-28 10:00:00,26.56662,18.272766,892.4006,14.995091,252.08524,60.394012
2019-06-28 11:00:00,26.53012,18.270508,892.32166,14.562312,250.37714,60.51549
2019-06-28 12:00:00,26.39685,18.233063,892.4843,13.80191,247.52849,60.849865
2019-06-28 13:00:00,26.169312,18.191376,892.94653,13.039545,243.65588,61.511906
2019-06-28 14:00:00,25.26294,18.370636,893.5228,12.716234,239.83856,65.642784
2019-06-28 15:00:00,24.310455,18.424713,894.1328,12.713134,237.0907,69.720665
2019-06-28 16:00:00,24.0094,18.372742,894.551,12.908402,235.28783,70.760605
2019-06-28 17:00:00,23.336761,18.38559,894.7379,13.274795,234.63107,73.7449
2019-06-28 18:00:00,23.041626,18.368744,894.56586,13.70577,234.89658,74.99285
2019-06-28 19:00:00,22.872345,18.381683,894.24164,14.106914,235.66928,75.826836
2019-06-28 20:00:00,22.328156,18.268616,893.87427,14.3875675,236.83435,77.819885
2019-06-28 21:00:00,22.12268,18.280365,893.5852,14.513569,238.17587,78.85749
2019-06-28 22:00:00,21.879608,18.35968,893.54456,13.773426,238.44177,80.434135
2019-06-28 23:00:00,21.84079,18.39383,893.50604,13.887054,239.32024,80.79773
2019-06-29 00:00:00,22.02472,18.358734,893.7339,13.960543,239.64143,79.720535
2019-06-29 01:00:00,22.14096,18.29004,894.2434,14.119845,239.77316,78.817566
2019-06-29 02:00:00,23.186829,18.495422,894.7168,14.72411,240.82526,74.92962
2019-06-29 03:00:00,23.668915,18.489655,894.9724,15.403254,242.99707,72.75553
2019-06-29 04:00:00,24.010406,18.527771,895.0159,15.808969,244.6638,71.44686
2019-06-29 05:00:00,25.379974,18.546509,894.8678,16.094448,245.78662,65.90959
2019-06-29 06:00:00,26.040253,18.497803,894.5514,16.302729,246.59122,63.18551
2019-06-29 07:00:00,26.253052,18.502014,894.09076,16.465786,247.32867,62.41207
2019-06-29 08:00:00,27.01596,18.299591,893.5711,16.538582,248.1174,58.917385
2019-06-29 09:00:00,27.101288,18.26471,892.9941,16.45371,248.81653,58.49483
2019-06-29 10:00:00,26.639008,18.290375,892.51245,14.65235,250.50107,60.20345
2019-06-29 11:00:00,26.522888,18.171875,892.38727,14.515429,249.04147,60.167713
2019-06-29 12:00:00,26.374542,18.167511,892.5899,14.006417,246.55667,60.67985
2019-06-29 13:00:00,26.189972,18.220612,893.017,13.385171,243.22298,61.549686
2019-06-29 14:00:00,25.270813,18.50882,893.5818,13.057904,239.91483,66.18253
2019-06-29 15:00:00,24.220123,18.50647,894.2043,12.996994,237.12097,70.45917
2019-06-29 16:00:00,24.023895,18.499298,894.60425,13.189446,235.09567,71.26184
2019-06-29 17:00:00,23.403473,18.53601,894.72235,13.49442,234.0568,74.14394
2019-06-29 18:00:00,23.181122,18.546112,894.51306,13.905377,233.99648,75.19375
2019-06-29 19:00:00,23.000092,18.5177,894.19617,14.300236,234.6904,75.88645
2019-06-29 20:00:00,22.411346,18.470032,893.8006,14.523553,235.89568,78.41098
2019-06-29 21:00:00,22.22409,18.442749,893.4943,14.61045,237.18877,79.17389
2019-06-29 22:00:00,21.925293,18.368774,893.4043,13.6533375,238.48354,80.25593
2019-06-29 23:00:00,21.804932,18.327393,893.47,13.814606,238.57748,80.638275
2019-06-30 00:00:00,22.108429,18.470184,893.707,13.825238,238.55186,79.8707
2019-06-30 01:00:00,22.263885,18.40149,894.165,13.811101,238.01685,78.77841
2019-06-30 02:00:00,23.386688,18.565186,894.5394,14.182427,237.56683,74.354744
2019-06-30 03:00:00,23.771484,18.634735,894.8825,14.625949,238.09676,72.96731
2019-06-30 04:00:00,24.132233,18.731415,895.04095,14.980831,238.97949,71.83556
2019-06-30 05:00:00,25.351166,18.759277,895.0051,15.208853,239.90536,66.90712
2019-06-30 06:00:00,25.926727,18.740265,894.6968,15.3904705,240.76166,64.58382
2019-06-30 07:00:00,26.151794,18.700226,894.28986,15.571987,241.36371,63.570206
2019-06-30 08:00:00,26.900574,18.531982,893.7782,15.748954,242.03302,60.18834
2019-06-30 09:00:00,26.956573,18.398071,893.2597,15.736418,242.88423,59.489475
2019-06-30 10:00:00,26.551758,18.519897,892.6726,14.296635,245.99132,61.39043
2019-06-30 11:00:00,26.48413,18.450836,892.50476,13.977111,245.16188,61.369633
2019-06-30 12:00:00,26.253693,18.42984,892.7019,13.531966,243.15671,62.128193
2019-06-30 13:00:00,26.023102,18.373901,893.2071,12.9946995,240.19653,62.760563
2019-06-30 14:00:00,25.151001,18.76294,893.81274,12.607863,237.12738,67.72437
2019-06-30 15:00:00,24.171753,18.613007,894.4601,12.477841,234.70679,71.136665
2019-06-30 16:00:00,23.876282,18.612823,894.91077,12.542644,232.68747,72.409485
2019-06-30 17:00:00,23.181915,18.695831,895.0481,12.680181,231.42982,75.89777
2019-06-30 18:00:00,22.96637,18.700195,894.8011,12.916186,231.22215,76.91479
2019-06-30 19:00:00,22.782928,18.725433,894.4219,13.149412,231.52817,77.89711
2019-06-30 20:00:00,22.334717,18.658508,893.95013,13.30395,232.11221,79.71204
2019-06-30 21:00:00,22.123291,18.707275,893.6308,13.363578,232.84027,80.99122
2019-06-30 22:00:00,21.91159,18.74173,893.5887,12.425249,232.73207,82.220314
2019-06-30 23:00:00,21.917847,18.814667,893.676,12.492253,232.73172,82.56437
