timestamp,temperature_C,dewpoint_C,pressure_hPa,wind_speed_kmh,wind_direction_deg,relative_humidity_pct
2020-01-01 00:00:00,9.945892,6.0793457,902.1128,7.7238007,72.33243,76.88951
2020-01-01 01:00:00,9.903687,6.063385,902.7017,7.9227242,73.061035,77.022156
2020-01-01 02:00:00,10.562225,6.3862305,903.468,8.16697,74.132385,75.367424
2020-01-01 03:00:00,11.090118,6.5277405,904.3457,8.317385,77.3118,73.48095
2020-01-01 04:00:00,11.670807,6.8754883,904.90393,8.137825,81.844086,72.41992
2020-01-01 05:00:00,13.734375,7.5408325,904.99664,7.4830136,85.57739,66.21047
2020-01-01 06:00:00,14.6293335,7.5605774,904.53986,6.5214367,87.730835,62.56733
2020-01-01 07:00:00,14.949982,7.60495,903.7532,5.7214766,88.53769,61.473583
2020-01-01 08:00:00,15.972443,7.7233887,902.89984,5.2274833,87.31528,58.040203
2020-01-01 09:00:00,16.101562,7.724365,902.32697,5.154599,83.141174,57.567722
2020-01-01 10:00:00,15.011017,8.299255,902.04297,4.8105364,79.33853,64.19279
2020-01-01 11:00:00,14.87442,8.264252,902.2028,5.6940613,70.44037,64.60609
2020-01-01 12:00:00,14.617004,8.230957,902.6132,6.3040285,65.78601,65.53883
2020-01-01 13:00:00,14.501221,8.205078,903.28265,6.909342,64.53302,65.91467
2020-01-01 14:00:00,13.720032,8.138214,904.0157,7.43128,64.543274,69.02212
2020-01-01 15:00:00,12.850616,7.886902,904.61646,7.7449303,65.37579,71.81044
2020-01-01 16:00:00,12.597412,7.7859497,904.94666,7.9439692,66.034515,72.5111
2020-01-01 17:00:00,11.934937,7.645874,904.9279,7.9859953,66.75021,75.01841
2020-01-01 18:00:00,11.750183,7.601776,904.6783,7.985711,66.928345,75.70993
2020-01-01 19:00:00,11.584045,7.5870056,904.3285,7.906279,66.84088,76.467964
2020-01-01 20:00:00,11.086182,7.4389343,903.94556,7.9283676,66.23538,78.235756
2020-01-01 21:00:00,10.968842,7.384796,903.62836,7.990187,65.2088,78.55636
2020-01-01 22:00:00,10.836609,7.356476,903.4442,7.2296596,66.26044,79.09624
2020-01-01 23:00:00,10.685913,7.2967834,903.54315,7.5129642,65.38153,79.56763
2020-01-02 00:00:00,10.784393,7.365692,903.85046,7.778001,65.32138,79.42125
2020-01-02 01:00:00,10.79895,7.3932495,904.4531,8.037267,65.69519,79.49392
2020-01-02 02:00:00,11.3776245,7.645813,905.1789,8.389082,66.69031,77.83028
2020-01-02 03:00:00,11.694611,7.6988525,905.8582,8.616427,68.85272,76.492584
2020-01-02 04:00:00,12.136322,7.944153,906.22205,8.345708,71.38608,75.549065
2020-01-02 05:00:00,14.297394,8.692993,906.07764,7.628633,72.88034,69.03274
2020-01-02 06:00:00,15.188324,8.842773,905.4453,6.845149,72.29773,65.84272
2020-01-02 07:00:00,15.448425,8.926422,904.47186,6.160033,69.87277,65.1194
2020-01-02 08:00:00,16.303131,9.005798,903.55396,5.7685194,65.56436,61.98933
2020-01-02 09:00:00,16.402954,8.989319,902.85016,5.747767,60.815857,61.528214
2020-01-02 10:00:00,15.420807,9.295349,902.5887,5.069496,58.479645,66.87662
2020-01-02 11:00:00,15.288574,9.209869,902.7279,5.9583583,54.23575,67.059494
2020-01-02 12:00:00,15.151611,9.191925,903.1223,6.707451,52.201904,67.57028
2020-01-02 13:00:00,14.989166,9.168182,903.6648,7.257737,51.572876,68.17068
2020-01-02 14:00:00,14.151062,9.077667,904.30237,7.632816,52.10968,71.52267
2020-01-02 15:00:00,13.265625,8.817993,904.7274,7.8343315,53.072357,74.44304
2020-01-02 16:00:00,12.986053,8.72644,904.89844,7.949319,53.79547,75.34665
2020-01-02 17:00:00,12.357544,8.483276,904.7386,7.9460797,54.394287,77.2328
2020-01-02 18:00:00,12.231537,8.486908,904.3893,7.9436393,54.84659,77.89403
2020-01-02 19:00:00,11.986877,8.3797,903.9818,7.945194,55.24649,78.58538
2020-01-02 20:00:00,11.460083,8.181946,903.53,7.954254,55.06732,80.2817
2020-01-02 21:00:00,11.3211975,8.122894,903.0607,8.020129,54.899597,80.69875
2020-01-02 22:00:00,10.955627,7.919861,902.6397,7.565954,53.14862,81.545685
2020-01-02 23:00:00,10.877472,7.847687,902.56805,7.783033,54.385193,81.56857
2020-01-03 00:00:00,10.953339,7.8688354,902.7393,7.872363,55.898834,81.27547
2020-01-03 01:00:00,10.937866,7.8711853,903.1575,8.027916,57.60547,81.37202
2020-01-03 02:00:00,11.332733,8.033783,903.7625,8.08714,59.32007,80.150505
2020-01-03 03:00:00,11.653412,8.115143,904.3848,8.05968,61.957306,78.90388
2020-01-03 04:00:00,12.219727,8.536377,904.7314,7.791817,65.815125,78.21602
2020-01-03 05:00:00,14.250336,9.166626,904.47766,7.060949,68.29202,71.49169
2020-01-03 06:00:00,15.068817,9.328003,903.6562,6.014254,67.97589,68.55576
2020-01-03 07:00:00,15.309113,9.404572,902.4946,5.021281,65.129364,67.854065
2020-01-03 08:00:00,16.190765,9.327759,901.4241,4.328401,60.149963,63.803215
2020-01-03 09:00:00,16.292664,9.314728,900.7029,4.1121573,54.287415,63.334743
2020-01-03 10:00:00,15.442871,9.498779,900.39166,3.6956952,45.468903,67.701546
2020-01-03 11:00:00,15.335754,9.460724,900.4747,4.551792,43.511078,67.99425
2020-01-03 12:00:00,15.178101,9.453613,900.7268,5.1667895,45.61789,68.653175
2020-01-03 13:00:00,14.9479065,9.3454895,901.1389,5.701216,47.650055,69.17237
2020-01-03 14:00:00,14.144989,9.328339,901.591,6.045637,49.548187,72.76857
2020-01-03 15:00:00,13.194214,9.058075,901.9464,6.191146,51.089233,76.011856
2020-01-03 16:00:00,13.04248,9.009155,902.1316,6.259451,51.786804,76.51577
2020-01-03 17:00:00,12.459076,8.883118,901.99603,6.3067417,52.150482,78.82177
2020-01-03 18:00:00,12.216309,8.748169,901.7139,6.3271956,52.220703,79.362144
2020-01-03 19:00:00,12.013672,8.623383,901.332,6.3326893,52.043213,79.75173
2020-01-03 20:00:00,11.496826,8.441132,900.87915,6.3464184,51.52887,81.50672
2020-01-03 21:00:00,11.317383,8.34845,900.47437,6.383137,50.994415,81.96382
2020-01-03 22:00:00,10.95578,8.067047,900.1546,5.547866,54.04309,82.364784
2020-01-03 23:00:00,10.900574,8.044556,900.0633,5.7085533,53.88806,82.5411
2020-01-04 00:00:00,10.949707,8.010834,900.22797,5.884638,54.437195,82.08388
2020-01-04 01:00:00,10.921509,7.98938,900.6541,6.019147,55.689087,82.117905
2020-01-04 02:00:00,11.23233,8.130768,901.2674,6.1591897,57.83371,81.21853
2020-01-04 03:00:00,11.487518,8.231323,901.8781,6.121678,60.995453,80.40515
2020-01-04 04:00:00,12.021179,8.500519,902.1683,5.6328325,63.098907,79.05234
2020-01-04 05:00:00,14.027649,9.097015,901.9045,4.8003416,62.547485,72.19092
2020-01-04 06:00:00,14.859192,9.143524,901.0893,3.8217773,57.31137,68.62935
2020-01-04 07:00:00,15.121735,9.10083,900.0675,3.0567658,45.95514,67.28604
2020-01-04 08:00:00,15.9496155,8.849518,899.1297,2.7775064,31.306854,62.73775
2020-01-04 09:00:00,16.032715,8.75,898.5732,2.991756,21.236115,61.98774
2020-01-04 10:00:00,15.037994,8.704529,898.2383,3.6426814,9.812836,65.86403
2020-01-04 11:00:00,14.923981,8.815582,898.4496,4.4554987,18.969696,66.84866
2020-01-04 12:00:00,14.751892,8.757263,898.81696,4.9833465,25.7099,67.32804
2020-01-04 13:00:00,14.540863,8.821259,899.27783,5.463449,30.19217,68.54653
2020-01-04 14:00:00,13.609467,8.771149,899.8248,5.764101,34.290436,72.56479
2020-01-04 15:00:00,12.690796,8.418335,900.2854,5.9323816,37.709686,75.23146
2020-01-04 16:00:00,12.496185,8.3463745,900.4981,5.9734926,40.170288,75.82666
2020-01-04 17:00:00,11.848389,8.245728,900.4228,5.9771576,41.381927,78.58873
2020-01-04 18:00:00,11.625092,8.160767,900.1625,6.0077496,41.73535,79.296844
2020-01-04 19:00:00,11.476624,8.052765,899.84625,6.042188,42.257935,79.49353
2020-01-04 20:00:00,10.807373,7.62323,899.4719,6.128264,42.28302,80.706085
2020-01-04 21:00:00,10.697601,7.586609,899.166,6.2712913,42.544586,81.09467
2020-01-04 22:00:00,10.282257,7.274292,899.0249,5.8041377,46.610687,81.61162
2020-01-04 23:00:00,10.196991,7.2273865,898.9943,5.9598193,46.958984,81.81477
2020-01-05 00:00:00,10.284851,7.223297,899.2672,6.075187,48.450226,81.31345
2020-01-05 01:00:00,10.285126,7.189575,899.84174,6.1383686,49.999207,81.12462
2020-01-05 02:00:00,10.693909,7.3415527,900.6753,6.1820908,51.657837,79.769005
2020-01-05 03:00:00,10.961639,7.384186,901.4228,6.1704216,53.245575,78.59065
2020-01-05 04:00:00,11.669678,7.834839,901.85187,5.8748493,52.211517,77.331406
2020-01-05 05:00:00,13.436584,8.161346,901.72833,5.4669857,47.664917,70.41702
2020-01-05 06:00:00,14.178131,8.139984,901.13007,4.991154,42.051514,67.00953
2020-01-05 07:00:00,14.373535,8.067566,900.2325,4.550271,35.482178,65.84311
2020-01-05 08:00:00,15.12146,7.9346924,899.43445,4.400106,28.791199,62.17996
2020-01-05 09:00:00,15.216309,7.8398743,899.0197,4.56908,24.683289,61.40481
2020-01-05 10:00:00,14.4991455,7.955353,898.90045,4.889406,24.944122,64.81467
2020-01-05 11:00:00,14.470123,7.975891,899.1662,5.4789853,31.883362,65.02703
2020-01-05 12:00:00,14.252808,7.857483,899.55646,5.93589,34.802277,65.41812
2020-01-05 13:00:00,14.036438,7.897278,900.1411,6.332879,37.27301,66.5211
2020-01-05 14:00:00,13.2239685,7.9001465,900.7887,6.7204046,40.376007,70.143456
2020-01-05 15:00:00,12.311951,7.5437927,901.3566,6.9752355,43.14151,72.67288
2020-01-05 16:00:00,12.178009,7.493561,901.67084,7.079037,45.264374,73.06465
2020-01-05 17:00:00,11.577209,7.2392883,901.70776,7.1063075,46.41632,74.70732
2020-01-05 18:00:00,11.406555,7.1813354,901.6014,7.1174955,47.19879,75.256134
2020-01-05 19:00:00,11.294525,7.1259766,901.4034,7.1669984,47.442688,75.5296
2020-01-05 20:00:00,10.78891,6.86203,901.1932,7.2693477,47.435303,76.70665
2020-01-05 21:00:00,10.743042,6.8433533,900.96967,7.431011,47.13211,76.84246
2020-01-05 22:00:00,10.000916,6.3103333,901.0157,7.3531423,45.414124,77.83695
2020-01-05 23:00:00,9.975006,6.2767334,901.0559,7.5633416,46.14743,77.79169
2020-01-06 00:00:00,10.158478,6.353607,901.41284,7.787985,47.494263,77.25123
2020-01-06 01:00:00,10.155975,6.3534546,902.01166,7.9933596,49.10309,77.263336
2020-01-06 02:00:00,10.759216,6.6496277,902.7849,8.218562,50.84674,75.74569
2020-01-06 03:00:00,11.322784,6.8585815,903.51544,8.367004,53.27545,74.01973
2020-01-06 04:00:00,12.053925,7.341522,903.9331,8.233962,54.54712,72.90277
2020-01-06 05:00:00,14.091309,7.995453,903.8242,7.7003045,54.012756,66.72898
2020-01-06 06:00:00,14.931122,7.9730225,903.1534,6.9593573,50.93878,63.110153
2020-01-06 07:00:00,15.241119,8.158783,902.1853,6.270745,45.63501,62.650497
2020-01-06 08:00:00,16.176971,8.286438,901.3586,5.8568525,39.38855,59.52261
2020-01-06 09:00:00,16.323822,8.344849,900.91187,5.8390827,35.327698,59.20229
2020-01-06 10:00:00,15.310333,8.884888,900.7728,6.060341,37.698273,65.51491
2020-01-06 11:00:00,15.181061,8.815002,900.99414,6.6872363,39.366272,65.75004
2020-01-06 12:00:00,14.90033,8.776611,901.31915,7.3168693,39.091705,66.77452
2020-01-06 13:00:00,14.688629,8.713287,901.76733,7.7531204,40.744263,67.40263
2020-01-06 14:00:00,14.013916,8.68985,902.27185,8.05371,42.2312,70.296715
2020-01-06 15:00:00,13.093567,8.438934,902.6445,8.168792,43.484924,73.378044
2020-01-06 16:00:00,12.940338,8.379791,902.777,8.126457,44.153076,73.81994
2020-01-06 17:00:00,12.371948,8.28598,902.66156,8.038381,44.052246,76.13508
2020-01-06 18:00:00,12.146515,8.175079,902.3861,7.952751,43.60266,76.69225
2020-01-06 19:00:00,12.011871,8.131897,902.0301,7.8891654,42.778137,77.14838
2020-01-06 20:00:00,11.548035,7.9599304,901.59357,7.8901105,42.024902,78.6215
2020-01-06 21:00:00,11.374786,7.854889,901.2042,7.9143815,41.235626,78.96129
2020-01-06 22:00:00,11.036072,7.647522,900.9963,7.7797484,41.27481,79.621216
2020-01-06 23:00:00,10.977264,7.6425476,900.8502,7.857158,41.563843,79.905495
2020-01-07 00:00:00,11.119476,7.6783447,900.9652,7.9152784,41.96936,79.348434
2020-01-07 01:00:00,11.112549,7.675812,901.4239,7.9606733,42.905914,79.3712
2020-01-07 02:00:00,11.735779,7.994751,902.00165,7.9928813,44.31781,77.83674
2020-01-07 03:00:00,12.111725,8.254303,902.544,7.9306,47.339478,77.28232
2020-01-07 04:00:00,12.549042,8.4652405,902.76874,7.5066977,49.498627,76.17524
2020-01-07 05:00:00,14.438904,9.156036,902.5446,6.5307136,47.845886,70.57493
2020-01-07 06:00:00,15.519592,9.092316,901.7752,5.5540624,40.092194,65.55223
2020-01-07 07:00:00,15.730896,9.149994,900.77814,5.0409613,28.974518,64.92317
2020-01-07 08:00:00,16.608612,9.287109,899.8523,4.951998,19.81366,61.959267
2020-01-07 09:00:00,16.662323,9.202881,899.2752,5.167665,15.586273,61.39918
2020-01-07 10:00:00,15.698425,9.433289,899.02686,5.187414,19.15149,66.31003
2020-01-07 11:00:00,15.458405,9.418304,899.05273,5.8177204,24.881042,67.26947
2020-01-07 12:00:00,15.197876,9.408905,899.28094,6.3548665,28.302307,68.36033
2020-01-07 13:00:00,14.989227,9.319641,899.7328,6.5384603,32.248505,68.86886
2020-01-07 14:00:00,14.236603,9.187378,900.3152,6.7067137,35.368073,71.65531
2020-01-07 15:00:00,13.394257,9.016174,900.7852,6.718964,37.255646,74.81539
2020-01-07 16:00:00,13.142822,8.878845,900.9572,6.6093965,38.533386,75.35076
2020-01-07 17:00:00,12.562622,8.752289,900.8989,6.458709,39.006256,77.59963
2020-01-07 18:00:00,12.450165,8.744171,900.6604,6.306764,38.871735,78.131294
2020-01-07 19:00:00,12.292572,8.68631,900.3088,6.224575,38.114746,78.635895
2020-01-07 20:00:00,11.785461,8.460236,899.93115,6.201625,36.68982,80.0713
2020-01-07 21:00:00,11.661285,8.42511,899.53564,6.289849,35.567688,80.53838
2020-01-07 22:00:00,11.2369995,8.109192,899.2367,5.6195226,36.869446,81.074524
2020-01-07 23:00:00,11.131866,8.016968,899.0977,5.8645754,36.05191,81.13152
2020-01-08 00:00:00,11.272705,8.076996,899.3109,6.071,36.37262,80.70633
2020-01-08 01:00:00,11.162506,7.948578,899.84076,6.224231,37.658356,80.59133
2020-01-08 02:00:00,11.628143,8.169403,900.5838,6.342539,39.888184,79.32736
2020-01-08 03:00:00,12.036987,8.341888,901.2907,6.2804337,41.870453,78.12603
2020-01-08 04:00:00,12.402496,8.493103,901.5923,5.841857,42.73108,77.05644
2020-01-08 05:00:00,14.261444,9.0578,901.408,4.869662,37.356293,70.91845
2020-01-08 06:00:00,15.009399,8.964752,900.68835,4.29782,25.567017,67.15492
2020-01-08 07:00:00,15.226105,8.959381,899.7765,4.1504297,12.85791,66.20204
2020-01-08 08:00:00,15.976196,8.853882,898.96326,4.303226,4.7343445,62.6498
2020-01-08 09:00:00,16.052002,8.829559,898.5131,4.636532,2.0239258,62.24509
2020-01-08 10:00:00,15.179718,8.8471985,898.29016,4.983888,5.8536987,65.8988
2020-01-08 11:00:00,15.0824585,8.929077,898.51935,5.597011,11.148376,66.67947
2020-01-08 12:00:00,14.873474,8.893921,898.86334,5.9744606,16.907715,67.42202
2020-01-08 13:00:00,14.665863,8.800201,899.38617,6.1737013,20.93518,67.899216
2020-01-08 14:00:00,13.928162,8.788269,899.97595,6.3283606,23.567932,71.1604
2020-01-08 15:00:00,13.097931,8.482117,900.4533,6.334514,25.30014,73.572
2020-01-08 16:00:00,12.947144,8.406982,900.658,6.3184147,26.137756,73.92318
2020-01-08 17:00:00,12.373932,8.251801,900.6657,6.3100805,26.716553,75.94889
2020-01-08 18:00:00,12.124359,8.123291,900.5123,6.360326,27.388184,76.53455
2020-01-08 19:00:00,11.972351,8.003113,900.2678,6.4077363,28.410583,76.675674
2020-01-08 20:00:00,11.45871,7.7038574,899.9485,6.478033,29.226318,77.72071
2020-01-08 21:00:00,11.306274,7.5494385,899.6585,6.5668545,29.777985,77.68654
2020-01-08 22:00:00,10.855896,7.3488464,899.57556,6.2315664,31.124573,78.95376
2020-01-08 23:00:00,10.73056,7.210724,899.54376,6.269138,33.184326,78.86619
2020-01-09 00:00:00,10.696838,7.0751038,899.724,6.2353325,35.232452,78.31308
2020-01-09 01:00:00,10.65271,7.0362244,900.2763,6.196567,37.182434,78.33452
2020-01-09 02:00:00,11.113281,7.188568,901.0692,6.2411695,39.017365,76.77035
2020-01-09 03:00:00,11.399963,7.320862,901.8655,6.1408105,40.94754,76.01069
2020-01-09 04:00:00,11.809998,7.468445,902.3049,5.635206,41.434235,74.72891
2020-01-09 05:00:00,13.72699,7.764618,902.28577,4.9207892,36.03943,67.26039
2020-01-09 06:00:00,14.462463,7.7171326,901.7435,4.4081626,25.501312,63.92358
2020-01-09 07:00:00,14.691315,7.7064514,900.962,4.238316,13.227081,62.940483
2020-01-09 08:00:00,15.535553,7.5210876,900.1602,4.5109005,4.1820984,58.867367
2020-01-09 09:00:00,15.644531,7.509247,899.67365,5.0640965,0.98617554,58.41074
2020-01-09 10:00:00,14.814667,7.7931213,899.46405,5.349939,3.7047424,62.811714
2020-01-09 11:00:00,14.704376,7.760559,899.6041,6.1127014,7.977936,63.11969
2020-01-09 12:00:00,14.51532,7.6799316,899.8334,6.4461184,10.871887,63.544453
2020-01-09 13:00:00,14.288483,7.6320496,900.2855,6.912137,12.864685,64.27284
2020-01-09 14:00:00,13.283569,7.527954,900.9338,7.28273,15.452667,68.12198
2020-01-09 15:00:00,12.161133,6.9458313,901.4646,7.5611076,17.394714,70.4563
2020-01-09 16:00:00,11.955139,6.8263245,901.74976,7.7309847,18.804688,70.83524
2020-01-09 17:00:00,11.176575,6.5417786,901.74506,7.828969,19.616638,73.1315
2020-01-09 18:00:00,10.918518,6.4462585,901.55444,7.8917704,20.140808,73.90718
2020-01-09 19:00:00,10.705139,6.2958984,901.2944,7.9651184,20.826782,74.190796
2020-01-09 20:00:00,10.091431,5.891205,901.0056,8.072818,21.34198,75.16145
2020-01-09 21:00:00,9.957947,5.77182,900.78094,8.221264,21.948303,75.21197
2020-01-09 22:00:00,9.263123,5.2391663,900.77185,8.088619,24.567902,75.94448
2020-01-09 23:00:00,9.16687,5.1515503,900.7687,8.136639,25.666412,75.974014
2020-01-10 00:00:00,9.297943,5.2624207,900.96655,8.143648,27.059387,75.8893
2020-01-10 01:00:00,9.25061,5.2134094,901.4787,8.125224,28.65271,75.87251
2020-01-10 02:00:00,9.674194,5.2893066,902.1808,8.121999,30.477783,74.133644
2020-01-10 03:00:00,10.071899,5.408661,902.94995,8.208213,31.874207,72.785934
2020-01-10 04:00:00,10.614471,5.6151123,903.42224,8.1093235,33.851074,71.21032
2020-01-10 05:00:00,12.825073,5.9096375,903.4199,7.6691523,33.364044,62.81009
2020-01-10 06:00:00,13.751465,6.0253296,902.9123,7.0752263,29.909058,59.603355
2020-01-10 07:00:00,14.048431,6.1640625,902.1753,6.510638,24.22403,59.028347
2020-01-10 08:00:00,15.342987,6.198181,901.4043,6.2444053,18.679047,54.42868
2020-01-10 09:00:00,15.541962,6.2338257,900.9075,6.264095,15.338898,53.870987
2020-01-10 10:00:00,14.455353,6.468872,900.7229,6.2662964,17.983398,58.714443
2020-01-10 11:00:00,14.207581,6.22406,900.8279,6.545706,22.563324,58.665222
2020-01-10 12:00:00,13.979736,6.114197,901.0943,6.556572,24.303223,59.088177
2020-01-10 13:00:00,13.684265,5.9749146,901.56525,6.645219,24.626556,59.656097
2020-01-10 14:00:00,12.627075,5.8528137,902.14,6.8596106,26.599976,63.380264
2020-01-10 15:00:00,11.302002,5.321747,902.65283,7.0410438,28.192963,66.662285
2020-01-10 16:00:00,11.12915,5.258728,902.93396,7.1248336,29.003296,67.13567
2020-01-10 17:00:00,10.396912,5.1006775,902.90015,7.1429734,29.239014,69.71533
2020-01-10 18:00:00,10.251923,5.0480957,902.7003,7.1808705,29.549377,70.136024
2020-01-10 19:00:00,10.027283,4.9321594,902.35297,7.245898,29.779724,70.624405
2020-01-10 20:00:00,9.407166,4.654236,902.0168,7.391814,29.742493,72.20953
2020-01-10 21:00:00,9.273315,4.591858,901.709,7.53957,29.31604,72.545746
2020-01-10 22:00:00,8.949249,4.4226685,901.827,7.6790786,32.635406,73.275314
2020-01-10 23:00:00,8.884857,4.373108,901.6629,7.795038,31.458588,73.33964
2020-01-11 00:00:00,9.027313,4.4397583,901.86993,7.8996205,31.493103,72.97775
2020-01-11 01:00:00,8.975861,4.392914,902.375,8.036107,31.927612,72.991806
2020-01-11 02:00:00,9.741486,4.6956787,903.0287,8.214528,32.817383,70.81164
2020-01-11 03:00:00,10.051971,4.8410645,903.7241,8.382773,34.491425,70.0617
2020-01-11 04:00:00,10.699799,5.2387695,904.15436,8.293347,35.23227,68.982025
2020-01-11 05:00:00,13.295502,6.063141,904.1504,7.9636416,33.186523,61.558907
2020-01-11 06:00:00,14.2647705,6.108368,903.64966,7.516932,28.41098,57.983948
2020-01-11 07:00:00,14.575134,6.2265625,902.7709,7.1464405,21.896515,57.29777
2020-01-11 08:00:00,15.904907,6.2211304,901.8879,7.060583,15.84375,52.58851
2020-01-11 09:00:00,16.087738,6.3496704,901.2084,7.206481,12.956116,52.44072
2020-01-11 10:00:00,15.003021,7.0409546,900.9749,7.046805,15.175751,58.94779
2020-01-11 11:00:00,14.857574,6.8948975,901.0238,7.4187737,18.883575,58.90962
2020-01-11 12:00:00,14.583832,6.785736,901.2429,7.6822643,19.430115,59.511192
2020-01-11 13:00:00,14.330414,6.606659,901.6255,7.958878,20.83603,59.754044
2020-01-11 14:00:00,13.379456,6.5864563,902.12213,8.154907,22.449402,63.470352
2020-01-11 15:00:00,12.210571,6.19693,902.5824,8.285569,23.761658,66.70326
2020-01-11 16:00:00,11.98761,6.0770874,902.8856,8.300991,24.746246,67.13178
2020-01-11 17:00:00,11.328033,5.8974915,902.9158,8.217492,24.98822,69.255714
2020-01-11 18:00:00,11.188263,5.9080505,902.757,8.135176,24.391663,69.95093
2020-01-11 19:00:00,11.066132,5.9150696,902.43665,8.119883,23.609955,70.553925
2020-01-11 20:00:00,10.521912,5.868683,902.1024,8.16423,22.649109,72.91919
2020-01-11 21:00:00,10.426361,5.865448,901.70374,8.279817,21.958618,73.36864
2020-01-11 22:00:00,9.937805,5.564453,901.5831,8.117909,20.738708,74.23961
2020-01-11 23:00:00,9.868805,5.5594177,901.4048,8.282812,20.871765,74.55734
2020-01-12 00:00:00,10.090851,5.662079,901.53546,8.392935,21.673218,73.98217
2020-01-12 01:00:00,10.09137,5.671997,901.96265,8.393323,22.932007,74.030426
2020-01-12 02:00:00,10.931488,6.03302,902.5251,8.401161,24.285522,71.7697
2020-01-12 03:00:00,11.349213,6.2390747,903.01294,8.390524,26.305695,70.80876
2020-01-12 04:00:00,12.041687,6.6424255,903.26984,8.192853,27.498688,69.548904
2020-01-12 05:00:00,14.703339,7.418396,903.0661,7.68343,26.278137,61.66809
2020-01-12 06:00:00,15.583954,7.333191,902.35,6.98846,21.620544,57.93703
2020-01-12 07:00:00,15.914368,7.608551,901.31305,6.3680725,14.282074,57.801712
2020-01-12 08:00:00,17.289673,7.808258,900.3342,6.0417757,6.319519,53.690426
2020-01-12 09:00:00,17.40863,7.8983154,899.6129,5.99378,0.7807007,53.616013
2020-01-12 10:00:00,16.156128,8.510071,899.34064,5.8914914,359.61954,60.511738
2020-01-12 11:00:00,16.041534,8.47641,899.3692,5.979049,2.1900024,60.816933
2020-01-12 12:00:00,15.726288,8.261414,899.5984,6.1203866,1.637207,61.15675
2020-01-12 13:00:00,15.495605,8.121246,899.95154,6.2285423,3.069336,61.479126
2020-01-12 14:00:00,14.45932,8.012848,900.43,6.2420073,4.222595,65.2361
2020-01-12 15:00:00,13.392456,7.6851807,900.8527,6.1906905,5.109558,68.36931
2020-01-12 16:00:00,13.094116,7.4861145,901.01276,6.0599647,5.477661,68.77262
2020-01-12 17:00:00,12.470337,7.3598633,900.8429,5.842667,4.687256,71.02366
2020-01-12 18:00:00,12.305115,7.28714,900.48303,5.653907,2.8172302,71.44236
2020-01-12 19:00:00,12.169495,7.221649,900.0593,5.5068707,0.8812561,71.76004
2020-01-12 20:00:00,11.614532,7.117523,899.59143,5.4550157,359.00116,73.90507
2020-01-12 21:00:00,11.446106,7.0286865,899.13416,5.501365,357.53137,74.279205
2020-01-12 22:00:00,10.878754,6.727112,898.92163,5.604865,357.8935,75.54723
2020-01-12 23:00:00,10.808685,6.696594,898.78345,5.620237,358.45264,75.74094
2020-01-13 00:00:00,10.980713,6.7755127,898.86053,5.587104,359.51343,75.28716
2020-01-13 01:00:00,10.964111,6.7564697,899.2912,5.48836,1.223877,75.27173
2020-01-13 02:00:00,11.753937,7.195709,899.8793,5.350873,2.4496765,73.620865
2020-01-13 03:00:00,12.179047,7.4122314,900.45624,5.1623306,4.2260437,72.65515
2020-01-13 04:00:00,12.8974,7.832123,900.7759,4.980021,3.0778198,71.32467
2020-01-13 05:00:00,15.380524,8.415955,900.7606,4.483994,356.25925,63.184887
2020-01-13 06:00:00,16.22464,8.339478,900.2693,4.183184,343.56244,59.555836
2020-01-13 07:00:00,16.45343,8.434753,899.3784,4.251891,330.4868,59.07471
2020-01-13 08:00:00,17.492584,8.458008,898.43256,4.53443,323.5936,55.397625
2020-01-13 09:00:00,17.546783,8.469391,897.731,4.6895685,323.15445,55.251087
2020-01-13 10:00:00,16.197632,8.934204,897.35516,4.4540167,327.4505,62.106766
2020-01-13 11:00:00,16.026245,8.8151245,897.4409,4.359569,338.39532,62.28674
2020-01-13 12:00:00,15.744446,8.717834,897.79626,4.3371434,350.33447,63.002922
2020-01-13 13:00:00,15.482758,8.626801,898.3258,4.305933,1.3467407,63.674362
2020-01-13 14:00:00,14.519196,8.489441,898.9546,4.262308,9.322327,67.11956
2020-01-13 15:00:00,13.402557,8.150452,899.529,4.1715198,15.370453,70.52107
2020-01-13 16:00:00,13.176575,7.997467,899.8996,4.004962,19.692108,70.82783
2020-01-13 17:00:00,12.588165,7.780365,900.01056,3.8719378,22.882568,72.52748
2020-01-13 18:00:00,12.352905,7.669159,899.83325,3.728215,24.925934,73.09985
2020-01-13 19:00:00,12.158783,7.5526733,899.5536,3.6316435,25.44217,73.45275
2020-01-13 20:00:00,11.588043,7.2929077,899.2121,3.590696,24.90207,74.92803
2020-01-13 21:00:00,11.504791,7.243347,898.8989,3.6434517,22.955719,75.08658
2020-01-13 22:00:00,10.962372,6.884735,898.7377,3.4776542,23.427887,75.94587
2020-01-13 23:00:00,10.900696,6.8496094,898.7812,3.6179204,23.289612,76.07409
2020-01-14 00:00:00,11.045929,6.8775635,899.09283,3.7260783,24.59607,75.48871
2020-01-14 01:00:00,11.026001,6.8449097,899.6727,3.833499,27.021454,75.419495
2020-01-14 02:00:00,11.795227,7.227295,900.3212,4.016274,30.701172,73.57937
2020-01-14 03:00:00,12.120941,7.3114624,900.8599,4.0356526,33.476807,72.43301
2020-01-14 04:00:00,12.69754,7.6575623,901.12756,3.7469034,34.675873,71.40965
2020-01-14 05:00:00,15.076202,8.185364,901.04016,3.0801892,26.167572,63.43224
2020-01-14 06:00:00,15.825562,8.005157,900.60547,2.8082259,5.8564453,59.72151
2020-01-14 07:00:00,16.0596,8.095581,899.8805,3.062466,349.537,59.198074
2020-01-14 08:00:00,17.09555,7.896881,899.09174,3.3763309,343.69238,54.68255
2020-01-14 09:00:00,17.19284,7.8647156,898.5005,3.713947,345.79584,54.228146
2020-01-14 10:00:00,15.992126,8.371674,898.2047,3.8873043,353.66068,60.57769
2020-01-14 11:00:00,15.8845825,8.304474,898.37164,4.4420776,5.4261475,60.717995
2020-01-14 12:00:00,15.6249695,8.166046,898.77167,4.757561,12.448822,61.157536
2020-01-14 13:00:00,15.392853,8.064972,899.32837,4.988931,17.805878,61.649387
2020-01-14 14:00:00,14.254791,7.8672485,899.9947,5.1572995,22.47998,65.45322
2020-01-14 15:00:00,13.158691,7.6218567,900.51874,5.218103,26.014954,69.12039
2020-01-14 16:00:00,12.979614,7.529297,900.8068,5.187888,28.832825,69.493416
2020-01-14 17:00:00,12.2146,7.3645325,900.8938,5.063807,30.84375,72.249725
2020-01-14 18:00:00,11.944214,7.220581,900.7887,4.945259,32.15576,72.8268
2020-01-14 19:00:00,11.758545,7.11734,900.55585,4.8191533,33.06781,73.204834
2020-01-14 20:00:00,11.020752,6.763153,900.1878,4.79042,32.545227,75.02367
2020-01-14 21:00:00,10.847687,6.689026,899.91486,4.8347692,31.771484,75.5056
2020-01-14 22:00:00,10.384796,6.417816,899.7711,4.194547,31.980804,76.43001
2020-01-14 23:00:00,10.257233,6.341522,899.80237,4.526676,30.58609,76.67952
2020-01-15 00:00:00,10.308136,6.315094,900.11127,4.8041463,30.57196,76.28042
2020-01-15 01:00:00,10.178284,6.2036133,900.6764,5.034147,31.55194,76.355736
2020-01-15 02:00:00,10.924225,6.6342163,901.34143,5.232892,34.13919,74.8403
2020-01-15 03:00:00,11.295502,6.6855164,901.9648,5.237708,37.064667,73.27789
2020-01-15 04:00:00,11.902954,7.0502014,902.31946,4.8849998,38.62332,72.17847
2020-01-15 05:00:00,14.367584,7.5132446,902.31274,4.2568884,33.166412,63.42886
2020-01-15 06:00:00,15.219727,7.451874,901.88416,3.7906916,23.304382,59.788998
2020-01-15 07:00:00,15.537384,7.6040344,901.13763,3.5752046,12.040741,59.194405
2020-01-15 08:00:00,16.812958,7.5764465,900.27014,3.6457481,5.1333313,54.468708
2020-01-15 09:00:00,16.909668,7.609314,899.6629,3.9677453,4.245453,54.25715
2020-01-15 10:00:00,15.674957,8.00412,899.37213,4.4965663,9.656677,60.29533
2020-01-15 11:00:00,15.541779,7.948059,899.5164,5.1869683,16.748505,60.58036
2020-01-15 12:00:00,15.276947,7.8788757,899.8245,5.693028,20.36264,61.328743
2020-01-15 13:00:00,15.047241,7.7804565,900.27893,5.9916024,24.720062,61.825073
2020-01-15 14:00:00,14.040283,7.7202454,900.8272,6.2175803,27.922028,65.70787
2020-01-15 15:00:00,12.763062,7.302002,901.35455,6.3308783,30.3396,69.399155
2020-01-15 16:00:00,12.564636,7.2059326,901.5851,6.3452663,32.449493,69.84688
2020-01-15 17:00:00,11.791962,6.9620667,901.6504,6.310497,33.67395,72.27091
2020-01-15 18:00:00,11.529877,6.83902,901.4386,6.271212,34.195435,72.91468
2020-01-15 19:00:00,11.355103,6.755707,901.14594,6.205609,33.976532,73.34196
2020-01-15 20:00:00,10.695343,6.5230713,900.7324,6.149374,33.210297,75.409294
2020-01-15 21:00:00,10.562012,6.4581604,900.4659,6.163145,32.042053,75.742584
2020-01-15 22:00:00,10.165222,6.3829346,900.3486,5.685483,33.42267,77.37252
2020-01-15 23:00:00,10.093262,6.3733215,900.3095,5.8048277,32.237823,77.69408
2020-01-16 00:00:00,10.353485,6.545746,900.5022,5.9704394,32.859894,77.26691
2020-01-16 01:00:00,10.305786,6.5428467,900.91766,6.1041784,34.615814,77.49777
2020-01-16 02:00:00,11.071259,6.960541,901.55884,6.185788,36.93344,75.79191
2020-01-16 03:00:00,11.512024,7.0663757,902.19653,6.1385336,38.69992,74.14729
2020-01-16 04:00:00,12.076691,7.3945312,902.4989,5.8315,40.657288,73.05769
2020-01-16 05:00:00,14.50238,8.009155,902.3773,5.177915,38.80658,65.038574
2020-01-16 06:00:00,15.260254,7.931061,901.84143,4.5731783,30.753632,61.61282
2020-01-16 07:00:00,15.5564575,8.030151,901.00696,4.256629,21.381805,60.862114
2020-01-16 08:00:00,16.70523,8.049255,900.1746,4.2170086,15.789001,56.636204
2020-01-16 09:00:00,16.797577,8.047394,899.557,4.4565372,15.18219,56.298107
2020-01-16 10:00:00,15.7048645,8.487549,899.3424,4.9369493,14.859741,62.186356
2020-01-16 11:00:00,15.600525,8.489868,899.4586,5.705096,22.062408,62.612885
2020-01-16 12:00:00,15.380676,8.416565,899.73596,6.2860093,28.53952,63.186867
2020-01-16 13:00:00,15.171722,8.326477,900.11633,6.590242,34.123657,63.650368
2020-01-16 14:00:00,14.271484,8.397797,900.6166,6.7745366,37.986206,67.78081
2020-01-16 15:00:00,13.214722,8.023895,901.0712,6.797302,41.506104,70.77879
2020-01-16 16:00:00,12.954712,7.86911,901.3451,6.665321,43.972137,71.237
2020-01-16 17:00:00,12.251831,7.7244873,901.3831,6.5032387,45.87976,73.864815
2020-01-16 18:00:00,12.104706,7.645111,901.22876,6.3661785,47.25351,74.18064
2020-01-16 19:00:00,11.974304,7.597351,900.9387,6.251072,47.74707,74.57699
2020-01-16 20:00:00,11.454956,7.469452,900.61206,6.124834,46.976562,76.507195
2020-01-16 21:00:00,11.255371,7.3966675,900.302,6.0264435,45.720917,77.14028
2020-01-16 22:00:00,10.716064,7.1663513,900.23883,5.642495,43.0773,78.703
2020-01-16 23:00:00,10.655212,7.1523743,900.2229,5.7874966,42.54666,78.94678
2020-01-17 00:00:00,10.837189,7.201721,900.445,5.931287,43.20096,78.26084
2020-01-17 01:00:00,10.813538,7.1823425,900.96893,6.0775685,44.524536,78.28011
2020-01-17 02:00:00,11.375305,7.421112,901.65985,6.2125106,47.037598,76.65802
2020-01-17 03:00:00,11.711548,7.603302,902.3719,6.267717,49.768738,75.91112
2020-01-17 04:00:00,12.2916565,7.9477234,902.8032,6.029655,52.919556,74.799614
2020-01-17 05:00:00,14.536285,8.510529,902.7446,5.4004416,52.71762,67.14131
2020-01-17 06:00:00,15.382751,8.449097,902.2793,4.618556,47.69281,63.31783
2020-01-17 07:00:00,15.595123,8.47348,901.4872,3.9636075,38.928955,62.565094
2020-01-17 08:00:00,16.626526,8.5720215,900.6196,3.6958723,29.850464,58.973713
2020-01-17 09:00:00,16.76709,8.531891,899.9082,3.8994267,24.565002,58.29119
2020-01-17 10:00:00,15.847137,8.837128,899.682,4.2039943,19.203278,63.097034
2020-01-17 11:00:00,15.75116,8.912476,899.73303,5.207722,24.377594,63.80911
2020-01-17 12:00:00,15.484253,8.895325,900.00916,5.9808855,29.596039,64.83383
2020-01-17 13:00:00,15.277771,8.775635,900.43286,6.5321684,32.49228,65.16943
2020-01-17 14:00:00,14.373535,8.838867,901.0022,6.9529,35.260223,69.373985
2020-01-17 15:00:00,13.375122,8.507111,901.5032,7.1556706,37.96942,72.37621
2020-01-17 16:00:00,13.127075,8.407318,901.7704,7.2257867,40.051086,73.06106
2020-01-17 17:00:00,12.415009,8.221497,901.7885,7.1985064,41.483124,75.58878
2020-01-17 18:00:00,12.146423,8.0711975,901.5505,7.189394,42.174683,76.153625
2020-01-17 19:00:00,11.977875,7.957947,901.1389,7.1541777,42.951904,76.4128
2020-01-17 20:00:00,11.346436,7.688324,900.70935,7.123143,43.190277,78.2174
2020-01-17 21:00:00,11.239655,7.5912476,900.3424,7.1602736,43.186462,78.25291
2020-01-17 22:00:00,10.713745,7.3644104,900.2021,6.858426,42.933655,79.7883
2020-01-17 23:00:00,10.654419,7.342865,900.1247,7.0819454,43.292297,79.98607
2020-01-18 00:00:00,10.754852,7.362915,900.335,7.221404,44.61429,79.56232
2020-01-18 01:00:00,10.695862,7.2946777,900.83295,7.3562064,46.450195,79.50353
2020-01-18 02:00:00,11.285797,7.511627,901.50525,7.471595,48.578796,77.59153
2020-01-18 03:00:00,11.55835,7.5925903,902.17664,7.468387,51.446655,76.62707
2020-01-18 04:00:00,12.035614,7.8451233,902.5658,7.1493707,54.105988,75.54083
2020-01-18 05:00:00,14.463715,8.475647,902.5582,6.5317855,54.68698,67.2976
2020-01-18 06:00:00,15.24881,8.531006,902.0769,5.7675157,51.517548,64.21961
2020-01-18 07:00:00,15.511383,8.604645,901.40314,5.0274854,44.01419,63.462482
2020-01-18 08:00:00,16.610138,8.53479,900.544,4.626234,35.346466,58.8866
2020-01-18 09:00:00,16.691101,8.447754,899.89526,4.7343135,28.046143,58.240326
2020-01-18 10:00:00,15.52066,8.543549,899.4389,5.396431,24.484528,63.163124
2020-01-18 11:00:00,15.385284,8.49588,899.4422,6.156308,25.937439,63.508423
2020-01-18 12:00:00,15.174316,8.450867,899.7104,6.72295,27.932129,64.17843
2020-01-18 13:00:00,14.992645,8.338043,900.2307,7.238556,29.174133,64.437935
2020-01-18 14:00:00,14.002594,8.312714,900.79083,7.638925,31.331177,68.574936
2020-01-18 15:00:00,12.967804,7.9622498,901.24414,7.8335686,32.690002,71.6284
2020-01-18 16:00:00,12.821136,7.8641663,901.47845,7.8853726,34.21933,71.83785
2020-01-18 17:00:00,12.023254,7.590576,901.44257,7.845249,35.205017,74.30264
2020-01-18 18:00:00,11.826691,7.518463,901.1923,7.818548,35.874664,74.90195
2020-01-18 19:00:00,11.631378,7.430237,900.8309,7.750504,36.381104,75.41812
2020-01-18 20:00:00,11.030762,7.143341,900.48236,7.6692586,36.61444,76.95323
2020-01-18 21:00:00,10.804047,6.9440002,900.21326,7.6526227,36.615845,77.06141
2020-01-18 22:00:00,10.274445,6.716339,900.14435,7.516892,40.7901,78.59148
2020-01-18 23:00:00,10.140869,6.6003723,900.1037,7.474338,41.18402,78.66651
2020-01-19 00:00:00,10.220581,6.6288757,900.3507,7.4546733,41.808533,78.40215
2020-01-19 01:00:00,10.107605,6.523041,900.82306,7.4154882,42.930298,78.423515
2020-01-19 02:00:00,10.725433,6.8311768,901.52905,7.3978457,44.41391,76.86826
2020-01-19 03:00:00,11.039978,6.9259033,902.2287,7.2899666,47.039368,75.76925
2020-01-19 04:00:00,11.500458,7.122284,902.7313,6.8696036,48.426056,74.48857
2020-01-19 05:00:00,13.9088745,7.733734,902.7665,6.228148,45.380188,66.33111
2020-01-19 06:00:00,14.733093,7.720978,902.34015,5.5994906,38.373566,62.833317
2020-01-19 07:00:00,14.990784,7.7769775,901.5767,5.2101736,29.09143,62.035297
2020-01-19 08:00:00,15.976776,7.664856,900.6884,5.109465,19.926544,57.793194
2020-01-19 09:00:00,16.130249,7.7522583,900.0032,5.371444,15.057129,57.57177
2020-01-19 10:00:00,15.038666,7.833893,899.6936,5.770429,16.082764,62.08462
2020-01-19 11:00:00,14.965973,7.8168335,899.65216,6.255461,20.645935,62.303257
2020-01-19 12:00:00,14.752411,7.7265625,899.8196,6.422966,24.955688,62.77901
2020-01-19 13:00:00,14.533417,7.672058,900.23413,6.579319,25.764923,63.436203
2020-01-19 14:00:00,13.649658,7.814789,900.796,6.74768,27.601776,67.83059
2020-01-19 15:00:00,12.375519,7.3086243,901.3195,6.7542195,29.293304,71.21728
2020-01-19 16:00:00,12.166351,7.24942,901.65643,6.6736712,31.075378,71.911316
2020-01-19 17:00:00,11.498901,7.114197,901.6857,6.562166,32.58435,74.45501
2020-01-19 18:00:00,11.249115,7.0176086,901.46606,6.4692755,33.575653,75.197014
2020-01-19 19:00:00,11.068512,6.922577,901.07025,6.414297,34.149475,75.60871
2020-01-19 20:00:00,10.414459,6.594635,900.63525,6.3265243,34.21939,77.212395
2020-01-19 21:00:00,10.266266,6.481415,900.3644,6.2748322,34.1369,77.37483
2020-01-19 22:00:00,9.654724,6.136139,900.27325,5.9911437,33.942383,78.71224
2020-01-19 23:00:00,9.605408,6.1026917,900.2023,6.0883746,34.6745,78.791084
2020-01-20 00:00:00,9.68161,6.113495,900.3745,6.153752,36.682007,78.44776
2020-01-20 01:00:00,9.626312,6.102936,900.87256,6.1737027,39.07022,78.68195
2020-01-20 02:00:00,10.206238,6.3483887,901.6018,6.249529,41.77664,76.97747
2020-01-20 03:00:00,10.727722,6.505493,902.33545,6.2023664,44.55725,75.1561
2020-01-20 04:00:00,11.368286,6.8597717,902.8244,5.877948,47.059326,73.80315
2020-01-20 05:00:00,13.547272,7.224945,902.83295,5.211563,47.19037,65.59021
2020-01-20 06:00:00,14.4522705,7.252472,902.4249,4.4207463,43.43039,61.96895
2020-01-20 07:00:00,14.697998,7.380371,901.6397,3.7328792,36.161896,61.52932
2020-01-20 08:00:00,15.865875,7.412079,900.7989,3.358418,27.335297,57.208942
2020-01-20 09:00:00,16.037354,7.4189453,900.0574,3.3241525,21.190613,56.612408
2020-01-20 10:00:00,15.034149,7.8766174,899.7969,3.6900454,20.736877,62.28348
2020-01-20 11:00:00,14.880127,7.805359,899.8097,4.38547,28.636047,62.59957
2020-01-20 12:00:00,14.718475,7.74942,900.1145,4.8929877,32.28531,63.01453
2020-01-20 13:00:00,14.55719,7.7396545,900.6355,5.4069834,35.60669,63.63128
2020-01-20 14:00:00,13.628662,7.7744446,901.2565,5.7851424,39.0961,67.73694
2020-01-20 15:00:00,12.590088,7.4784546,901.8303,5.984891,42.110626,71.04104
2020-01-20 16:00:00,12.393158,7.4312134,902.1722,6.073356,45.014343,71.733055
2020-01-20 17:00:00,11.656952,7.2492676,902.2212,6.0474505,46.477203,74.36558
2020-01-20 18:00:00,11.442169,7.184326,901.99384,6.087815,47.279602,75.094406
2020-01-20 19:00:00,11.296448,7.152954,901.633,6.111086,46.906372,75.659546
2020-01-20 20:00:00,10.692078,6.9650574,901.20557,6.1616793,46.354584,77.74954
2020-01-20 21:00:00,10.561829,6.9112854,900.8145,6.3034854,45.49945,78.13806
2020-01-20 22:00:00,10.13031,6.739197,900.6467,6.2774386,43.815613,79.476395
2020-01-20 23:00:00,10.091888,6.7121277,900.592,6.513222,44.28656,79.5328
2020-01-21 00:00:00,10.21225,6.73172,900.8884,6.7798333,45.70465,79.00193
2020-01-21 01:00:00,10.1910095,6.71994,901.4833,7.0337267,47.858307,79.050125
2020-01-21 02:00:00,10.954773,7.0565796,902.29803,7.329928,50.92096,76.88434
2020-01-21 03:00:00,11.385101,7.22406,903.05664,7.493788,54.233093,75.58362
2020-01-21 04:00:00,11.988342,7.542053,903.5515,7.2113605,56.879913,74.22759
2020-01-21 05:00:00,14.316864,8.369812,903.58875,6.5808454,57.42096,67.45411
2020-01-21 06:00:00,15.387756,8.348389,903.1622,5.8097415,54.5896,62.867077
2020-01-21 07:00:00,15.673401,8.450836,902.3897,5.074328,47.328552,62.156956
2020-01-21 08:00:00,16.654968,8.378876,901.55225,4.751386,39.05664,58.10237
2020-01-21 09:00:00,16.837769,8.35849,900.90656,4.897015,34.53055,57.352837
2020-01-21 10:00:00,15.801392,8.67514,900.59344,4.9620357,32.582825,62.593006
2020-01-21 11:00:00,15.663055,8.682739,900.6209,5.987705,38.085632,63.18183
2020-01-21 12:00:00,15.435852,8.579132,900.9482,6.73895,40.20938,63.660496
2020-01-21 13:00:00,15.182068,8.4522705,901.4843,7.391238,41.724426,64.15257
2020-01-21 14:00:00,14.220093,8.421173,902.1998,7.8919086,43.3537,68.11438
2020-01-21 15:00:00,13.149384,8.172089,902.84467,8.190546,44.906494,71.800224
2020-01-21 16:00:00,13.016541,8.129669,903.2282,8.322864,46.375366,72.21749
2020-01-21 17:00:00,12.322205,8.00708,903.2279,8.360531,47.426422,74.951485
2020-01-21 18:00:00,12.135284,7.9233093,903.0114,8.330428,47.529633,75.44722
2020-01-21 19:00:00,11.991638,7.841095,902.68353,8.306469,47.26706,75.73911
2020-01-21 20:00:00,11.364777,7.542938,902.33057,8.284157,46.28186,77.35196
2020-01-21 21:00:00,11.238342,7.4860535,901.9891,8.308491,45.023224,77.7001
2020-01-21 22:00:00,10.594269,7.1628723,901.77795,8.015159,42.997864,79.324684
2020-01-21 23:00:00,10.501465,7.091034,901.668,8.224655,42.464264,79.42508
2020-01-22 00:00:00,10.645721,7.1477356,901.92346,8.433887,42.424347,78.97158
2020-01-22 01:00:00,10.564911,7.0590515,902.5224,8.575644,43.15045,78.91705
2020-01-22 02:00:00,11.163635,7.344879,903.3474,8.746076,44.395325,77.33655
2020-01-22 03:00:00,11.430237,7.416443,904.1183,8.83169,45.662445,76.35555
2020-01-22 04:00:00,12.086121,7.764099,904.6054,8.462815,45.82184,74.87596
2020-01-22 05:00:00,14.439636,8.164612,904.5625,7.7869678,41.57498,65.99591
2020-01-22 06:00:00,15.434174,8.192535,903.9774,7.2429214,34.75177,62.021137
2020-01-22 07:00:00,15.741608,8.307098,903.0745,6.942029,27.441223,61.28643
2020-01-22 08:00:00,16.908173,8.1640625,902.1077,6.878244,20.962097,56.349327
2020-01-22 09:00:00,17.03543,8.122345,901.3871,7.0850754,17.607788,55.738705
2020-01-22 10:00:00,15.86618,8.3533325,900.9737,7.121905,16.0625,60.99112
2020-01-22 11:00:00,15.768311,8.287018,900.82947,7.7101235,22.459167,61.098587
2020-01-22 12:00:00,15.540466,8.270172,901.04,7.9119244,27.001587,61.92538
2020-01-22 13:00:00,15.264984,8.109039,901.49744,8.103603,29.472229,62.34365
2020-01-22 14:00:00,14.215485,8.072174,902.1478,8.36211,31.712646,66.54055
2020-01-22 15:00:00,13.080444,7.6143494,902.668,8.507076,33.68991,69.43881
2020-01-22 16:00:00,12.811951,7.468872,902.9188,8.536743,35.542786,69.970436
2020-01-22 17:00:00,11.962128,7.2489014,902.86694,8.483939,36.745697,72.88193
2020-01-22 18:00:00,11.74234,7.1523743,902.57263,8.402353,36.997284,73.45908
2020-01-22 19:00:00,11.566132,7.085541,902.17017,8.407482,36.53607,73.979614
2020-01-22 20:00:00,10.868591,6.7627563,901.6674,8.491376,35.759857,75.783485
2020-01-22 21:00:00,10.627289,6.617035,901.1423,8.661602,34.63028,76.24255
2020-01-22 22:00:00,10.020782,6.271881,900.85077,8.430682,36.376495,77.52789
2020-01-22 23:00:00,9.909485,6.1772156,900.72705,8.660584,35.996765,77.59936
2020-01-23 00:00:00,10.096985,6.290222,900.97015,8.8224945,36.66815,77.23139
2020-01-23 01:00:00,10.039215,6.240204,901.47205,8.913377,37.923096,77.26349
2020-01-23 02:00:00,10.558563,6.470001,902.22144,8.984745,39.65332,75.82174
2020-01-23 03:00:00,10.918335,6.5382996,902.92804,8.9667015,40.843994,74.37755
2020-01-23 04:00:00,11.490814,6.7758484,903.4327,8.776491,40.942627,72.78701
2020-01-23 05:00:00,14.035156,7.3865967,903.4383,8.362915,38.10443,64.25064
2020-01-23 06:00:00,15.061981,7.3486023,902.8614,7.9054317,32.31659,59.973682
2020-01-23 07:00:00,15.325623,7.471283,901.92554,7.5305305,25.386902,59.462643
2020-01-23 08:00:00,16.329315,6.979004,900.9514,7.3675585,19.03299,53.921097
2020-01-23 09:00:00,16.431763,6.948822,900.19977,7.4404535,14.860687,53.459938
2020-01-23 10:00:00,15.392029,7.183502,899.8631,7.402168,12.722565,58.056812
2020-01-23 11:00:00,15.313446,7.2240906,899.8696,7.6667438,17.795532,58.512497
2020-01-23 12:00:00,15.1474,7.0892334,900.20953,7.5570736,22.699188,58.596508
2020-01-23 13:00:00,14.879089,7.0016174,900.7131,7.479369,24.085815,59.259945
2020-01-23 14:00:00,13.751831,7.1010437,901.3622,7.531067,25.717163,64.17731
2020-01-23 15:00:00,12.505798,6.634674,901.9049,7.4828954,27.24527,67.42386
2020-01-23 16:00:00,12.222473,6.5397644,902.25464,7.399832,28.427307,68.24335
2020-01-23 17:00:00,11.316803,6.3724365,902.32166,7.242297,28.897766,71.61586
2020-01-23 18:00:00,11.05188,6.2183533,902.1414,7.1256127,28.597076,72.11474
2020-01-23 19:00:00,10.834015,6.077118,901.8084,7.084869,27.933014,72.45623
2020-01-23 20:00:00,10.150574,5.742676,901.406,7.1415825,26.609833,74.09975
2020-01-23 21:00:00,10.028564,5.656433,901.0687,7.2996664,25.364899,74.261894
2020-01-23 22:00:00,9.326874,5.28479,900.82776,7.402554,25.045502,75.85954
2020-01-23 23:00:00,9.278839,5.2728577,900.7939,7.5862346,25.062866,76.04201
2020-01-24 00:00:00,9.399353,5.326294,900.9933,7.7486253,26.297638,75.70868
2020-01-24 01:00:00,9.347687,5.2825317,901.5087,7.85321,28.171173,75.74156
2020-01-24 02:00:00,10.062561,5.5003357,902.22174,7.883592,30.122345,73.29604
2020-01-24 03:00:00,10.439362,5.585907,902.91296,7.936663,31.118347,71.9003
2020-01-24 04:00:00,11.070618,5.8473816,903.33826,7.8624015,30.546478,70.20366
2020-01-24 05:00:00,13.824463,6.1766357,903.29297,7.6059394,27.94342,59.944134
2020-01-24 06:00:00,14.896271,6.1477966,902.7575,7.2242966,22.553162,55.819763
2020-01-24 07:00:00,15.188263,6.265808,901.877,6.9489713,15.505157,55.228912
2020-01-24 08:00:00,16.315247,5.9798584,900.90485,6.7775173,8.981964,50.384052
2020-01-24 09:00:00,16.471924,5.953583,900.1859,6.7624683,4.9025574,49.79367
2020-01-24 10:00:00,15.532471,6.6232605,899.8604,6.4849143,9.17865,55.36815
2020-01-24 11:00:00,15.418488,6.5189514,899.8347,6.5000343,15.766663,55.375607
2020-01-24 12:00:00,15.108612,6.270996,900.1262,6.430879,20.751862,55.53217
2020-01-24 13:00:00,14.857697,6.188324,900.66455,6.4803214,23.416351,56.115227
2020-01-24 14:00:00,13.605804,6.3544006,901.3404,6.5122566,25.696014,61.551403
2020-01-24 15:00:00,12.419678,6.074646,901.8557,6.496598,27.35141,65.2405
2020-01-24 16:00:00,12.136078,5.944977,902.18225,6.3836246,28.122528,65.87515
2020-01-24 17:00:00,11.237061,5.750641,902.2207,6.25765,27.50473,68.970146
2020-01-24 18:00:00,11.047363,5.667145,902.0476,6.212694,25.946411,69.44051
2020-01-24 19:00:00,10.823761,5.4930725,901.715,6.286399,24.127106,69.63423
2020-01-24 20:00:00,10.161896,5.2636414,901.30347,6.4370995,22.292328,71.62456
2020-01-24 21:00:00,10.076904,5.2353516,900.8947,6.6874356,20.815521,71.89112
2020-01-24 22:00:00,9.38385,4.826233,900.5854,6.676272,23.874817,73.19593
2020-01-24 23:00:00,9.340973,4.8328247,900.43896,6.9269314,23.49527,73.440994
2020-01-25 00:00:00,9.522095,4.9518433,900.5785,7.069398,24.04956,73.15675
2020-01-25 01:00:00,9.51004,4.9057617,901.0739,7.135867,24.93216,72.98133
2020-01-25 02:00:00,10.2803955,5.195404,901.75354,7.187704,26.76651,70.72378
2020-01-25 03:00:00,10.634766,5.33136,902.39655,7.1725297,28.596558,69.728264
2020-01-25 04:00:00,11.329773,5.566559,902.785,6.9863844,29.733154,67.679596
2020-01-25 05:00:00,14.641022,6.3284607,902.73047,6.5761933,27.810791,57.45675
2020-01-25 06:00:00,15.5061035,6.202179,902.1736,6.0544286,20.994415,53.877193
2020-01-25 07:00:00,15.778351,6.3988037,901.2684,5.852102,10.095825,53.668564
2020-01-25 08:00:00,17.019653,6.45636,900.2919,5.9990935,0.79345703,49.78884
2020-01-25 09:00:00,17.204437,6.4231567,899.55414,6.279137,356.04517,49.09761
2020-01-25 10:00:00,16.112366,7.093109,899.03424,5.8708878,2.5396729,55.100746
2020-01-25 11:00:00,15.985809,7.0320435,899.076,5.858975,7.698883,55.31574
2020-01-25 12:00:00,15.705353,6.871521,899.3493,5.827005,12.290802,55.699986
2020-01-25 13:00:00,15.379578,6.7576904,899.8175,5.9621544,16.055573,56.432163
2020-01-25 14:00:00,14.179535,6.827301,900.3915,6.022615,19.439026,61.261482
2020-01-25 15:00:00,12.967377,6.5383606,900.8423,5.9548054,21.900818,64.98494
2020-01-25 16:00:00,12.625183,6.3960876,901.14795,5.7736773,23.173126,65.809296
2020-01-25 17:00:00,11.641968,6.329468,901.1501,5.5144634,23.649475,69.88533
2020-01-25 18:00:00,11.426422,6.2582703,900.9295,5.27866,22.324493,70.54119
2020-01-25 19:00:00,11.212891,6.1509705,900.51,5.117472,20.368103,71.01815
2020-01-25 20:00:00,10.509369,5.8790894,900.02515,5.0214386,17.479736,73.03268
2020-01-25 21:00:00,10.379913,5.8118896,899.61505,5.023122,14.806305,73.324165
2020-01-25 22:00:00,9.651611,5.5923767,899.3764,4.6119084,14.064362,75.82368
2020-01-25 23:00:00,9.526184,5.5262146,899.29913,4.587257,11.74823,76.114845
2020-01-26 00:00:00,9.559723,5.509094,899.5507,4.574188,11.780731,75.853546
2020-01-26 01:00:00,9.514435,5.4727783,900.0712,4.5802765,12.403198,75.89318
2020-01-26 02:00:00,10.2812805,5.7510986,900.71564,4.578088,13.996521,73.49855
2020-01-26 03:00:00,10.775177,5.925812,901.339,4.5593557,14.860931,71.984
2020-01-26 04:00:00,11.697876,6.413147,901.68634,4.417595,11.909546,70.0302
2020-01-26 05:00:00,14.833191,6.921356,901.5217,4.2697415,3.2849731,59.10934
2020-01-26 06:00:00,15.632446,6.840973,900.9204,4.4615617,349.67923,55.843353
2020-01-26 07:00:00,15.958374,6.9826965,900.02234,5.0774593,338.1089,55.22569
2020-01-26 08:00:00,17.192719,6.7540283,899.076,5.7539687,332.5718,50.26436
2020-01-26 09:00:00,17.334686,6.695984,898.36206,6.217847,331.40076,49.6171
2020-01-26 10:00:00,16.1792,7.2954407,897.9303,5.840268,334.67203,55.63113
2020-01-26 11:00:00,16.049744,7.282196,897.90405,5.701999,344.56274,56.0416
2020-01-26 12:00:00,15.734192,7.1128235,898.0478,5.5287843,351.5399,56.524193
2020-01-26 13:00:00,15.399109,6.9148865,898.37616,5.53508,356.9671,56.972622
2020-01-26 14:00:00,14.125244,6.9664917,898.8854,5.4269667,1.8597412,62.066822
2020-01-26 15:00:00,12.943665,6.619171,899.3666,5.1997385,5.4034424,65.448326
2020-01-26 16:00:00,12.6128845,6.4937744,899.6957,4.9000435,7.674286,66.30665
2020-01-26 17:00:00,11.714783,6.381439,899.6971,4.5913534,8.41153,69.799545
2020-01-26 18:00:00,11.435181,6.223572,899.4609,4.3316345,8.288696,70.3319
2020-01-26 19:00:00,11.228912,6.1470337,899.1344,4.1564345,7.0697327,70.92354
2020-01-26 20:00:00,10.514038,5.818939,898.769,4.0809927,5.2466736,72.70692
2020-01-26 21:00:00,10.3723755,5.7579346,898.3948,4.06282,2.8000793,73.08771
2020-01-26 22:00:00,9.718597,5.3808594,898.1182,3.7172987,0.55218506,74.3846
2020-01-26 23:00:00,9.621704,5.3059998,898.0428,3.682981,0.1690979,74.48146
2020-01-27 00:00:00,9.808746,5.3789062,898.3094,3.6025105,0.12710571,73.926476
2020-01-27 01:00:00,9.778351,5.3544617,898.9013,3.4961202,0.6133728,73.9516
2020-01-27 02:00:00,10.563934,5.7207336,899.60443,3.3243065,1.1634216,71.97489
2020-01-27 03:00:00,10.986633,5.881317,900.28296,3.0647175,0.45874023,70.76184
2020-01-27 04:00:00,11.703064,6.1156616,900.6944,2.7879164,350.8678,68.58551
2020-01-27 05:00:00,14.790314,6.977356,900.615,2.7403853,331.5843,59.50081
2020-01-27 06:00:00,15.630768,6.6723633,900.08514,3.4070752,312.57236,55.206635
2020-01-27 07:00:00,15.898621,6.751007,899.26306,4.3563147,302.53934,54.562866
2020-01-27 08:00:00,16.970215,6.77713,898.426,5.1616144,299.16315,51.058292
2020-01-27 09:00:00,17.111237,6.7525635,897.7411,5.577443,299.9582,50.519077
2020-01-27 10:00:00,15.891571,7.3285522,897.326,5.5242543,303.47067,56.790127
2020-01-27 11:00:00,15.737366,7.21933,897.2589,4.81285,315.0568,56.92607
2020-01-27 12:00:00,15.441284,7.149414,897.49945,4.472882,328.83124,57.738895
2020-01-27 13:00:00,15.151611,7.0351562,897.9147,4.1490946,340.96564,58.364117
2020-01-27 14:00:00,14.203033,7.050354,898.4821,3.9826493,349.33276,62.110817
2020-01-27 15:00:00,12.929993,6.7296753,899.0158,3.7871199,354.83282,66.006004
2020-01-27 16:00:00,12.722473,6.664215,899.404,3.6386404,358.82162,66.60822
2020-01-27 17:00:00,11.941864,6.627075,899.49774,3.4830217,1.0417786,69.933846
2020-01-27 18:00:00,11.68866,6.528961,899.2725,3.367965,1.3286743,70.63344
2020-01-27 19:00:00,11.527405,6.466217,898.93524,3.308259,0.06225586,71.08239
2020-01-27 20:00:00,10.852722,6.1856995,898.5265,3.3539264,357.7938,72.91036
2020-01-27 21:00:00,10.689484,6.12796,898.1749,3.498952,356.285,73.4131
2020-01-27 22:00:00,10.093689,5.8978577,897.954,3.6343772,355.68738,75.18468
2020-01-27 23:00:00,10.003906,5.8517456,897.8752,3.8214204,355.84656,75.39671
2020-01-28 00:00:00,10.121582,5.908661,898.1381,3.9775455,357.3708,75.10069
2020-01-28 01:00:00,10.111359,5.912506,898.6214,3.9948738,0.17904663,75.172
2020-01-28 02:00:00,10.83316,6.289917,899.3409,3.916249,3.7261047,73.531586
2020-01-28 03:00:00,11.462738,6.4561157,900.0426,3.6803198,4.184906,71.33735
2020-01-28 04:00:00,12.0737915,6.684326,900.54486,3.4411929,359.20294,69.602165
2020-01-28 05:00:00,14.37265,7.3590393,900.6332,3.1914349,347.85706,62.743984
2020-01-28 06:00:00,15.356049,7.367096,900.25946,3.2098835,329.25397,58.92595
2020-01-28 07:00:00,15.690277,7.468933,899.6074,3.662085,312.0957,58.07997
2020-01-28 08:00:00,16.779175,7.2948,898.9054,4.1460443,303.1855,53.545918
2020-01-28 09:00:00,16.906921,7.282715,898.4152,4.3655124,301.2076,53.06998
2020-01-28 10:00:00,15.770477,7.5484314,898.13275,3.5444643,299.79382,58.09707
2020-01-28 11:00:00,15.648804,7.528778,898.2276,3.0995326,310.75662,58.472633
2020-01-28 12:00:00,15.51123,7.46579,898.64667,2.646884,329.80225,58.737076
2020-01-28 13:00:00,15.363037,7.477844,899.2846,2.3530574,351.0414,59.34664
2020-01-28 14:00:00,14.35968,7.4585266,900.0552,2.2361526,2.8847046,63.22472
2020-01-28 15:00:00,13.082275,7.0695496,900.72424,2.15571,10.246216,66.893456
2020-01-28 16:00:00,12.825928,6.976898,901.1832,2.1533065,13.707062,67.593414
2020-01-28 17:00:00,12.050903,6.7801514,901.34576,2.1827836,14.855286,70.16725
2020-01-28 18:00:00,11.829987,6.7362976,901.24976,2.2542312,13.616516,70.98202
2020-01-28 19:00:00,11.655243,6.638275,901.01587,2.3678403,11.070099,71.32342
2020-01-28 20:00:00,10.946564,6.359314,900.6609,2.5828671,9.611023,73.32942
2020-01-28 21:00:00,10.798737,6.333252,900.37054,2.9151895,10.4328,73.920395
2020-01-28 22:00:00,10.24585,6.1686707,900.28577,3.0496743,13.574463,75.828995
2020-01-28 23:00:00,10.175507,6.141144,900.3455,3.437495,16.76709,76.04156
2020-01-29 00:00:00,10.350739,6.218231,900.6315,3.8085294,21.09616,75.55779
2020-01-29 01:00:00,10.346283,6.2218018,901.15936,4.1380434,25.971588,75.59886
2020-01-29 02:00:00,11.156677,6.6357117,901.834,4.5099134,30.590546,73.702385
2020-01-29 03:00:00,11.567871,6.8051147,902.4673,4.743382,34.394775,72.56282
2020-01-29 04:00:00,12.141724,7.11026,902.9358,4.784808,36.041412,71.34538
2020-01-29 05:00:00,14.7743225,7.891754,902.9968,4.450787,34.485657,63.39936
2020-01-29 06:00:00,15.692596,7.9055176,902.5808,3.8777168,27.025848,59.82486
2020-01-29 07:00:00,15.942322,7.9761353,901.7943,3.4544735,14.063232,59.160797
2020-01-29 08:00:00,16.989777,7.948303,900.88403,3.4502249,4.12027,55.24292
2020-01-29 09:00:00,17.233337,7.91333,900.1648,3.7083724,1.4667664,54.268612
2020-01-29 10:00:00,16.145508,8.1093445,899.83295,3.752668,0.52285767,58.929634
2020-01-29 11:00:00,16.041412,8.119171,899.8445,4.5315104,11.805206,59.361862
2020-01-29 12:00:00,15.778687,8.006439,900.1127,5.1478033,22.082825,59.905983
2020-01-29 13:00:00,15.543335,7.9410706,900.50635,5.700397,27.645386,60.54554
2020-01-29 14:00:00,14.468262,7.989502,901.0657,6.0180616,31.590637,65.09505
2020-01-29 15:00:00,13.173676,7.528778,901.53687,6.05919,34.573456,68.615875
2020-01-29 16:00:00,12.988678,7.417755,901.8599,5.954955,36.579407,68.92551
2020-01-29 17:00:00,12.104401,7.1546936,901.8747,5.7344804,37.967377,71.73862
2020-01-29 18:00:00,11.883942,7.0489197,901.68823,5.4925113,38.39209,72.26263
2020-01-29 19:00:00,11.713928,6.975189,901.36755,5.2834144,38.522522,72.70934
2020-01-29 20:00:00,11.045532,6.716675,901.01587,5.174332,37.881195,74.66177
2020-01-29 21:00:00,10.883972,6.648651,900.6919,5.145886,36.367615,75.115135
2020-01-29 22:00:00,10.443268,6.5333557,900.4119,4.7769647,42.652832,76.74023
2020-01-29 23:00:00,10.298157,6.426758,900.3351,4.8270245,39.415314,76.92044
2020-01-30 00:00:00,10.383789,6.4568787,900.5114,4.963971,38.407196,76.640915
2020-01-30 01:00:00,10.281586,6.3650513,900.9264,5.128576,38.1781,76.67911
2020-01-30 02:00:00,11.01001,6.709015,901.57416,5.307121,37.902924,74.79862
2020-01-30 03:00:00,11.304596,6.7235413,902.1417,5.4042873,37.796753,73.42526
2020-01-30 04:00:00,11.92041,7.065796,902.4808,5.160717,36.889404,72.172516
2020-01-30 05:00:00,14.499725,7.539032,902.4102,4.619636,31.26712,63.00033
2020-01-30 06:00:00,15.345398,7.5238037,901.90204,4.1530714,20.072327,59.60047
2020-01-30 07:00:00,15.5746155,7.5494995,901.02875,3.8769863,4.5099487,58.83417
2020-01-30 08:00:00,16.663757,7.312317,900.0806,4.003484,350.74432,54.00431
2020-01-30 09:00:00,16.789764,7.2366943,899.26556,4.368988,345.28256,53.297806
2020-01-30 10:00:00,15.761871,7.484833,898.7928,4.6212397,345.52728,57.877342
2020-01-30 11:00:00,15.65683,7.4486694,898.74023,4.821848,354.1755,58.12397
2020-01-30 12:00:00,15.463135,7.405243,898.93494,4.664423,5.1757507,58.675354
2020-01-30 13:00:00,15.234619,7.2727356,899.36993,4.8021655,9.638702,59.00528
2020-01-30 14:00:00,14.124298,7.198456,899.91205,4.905225,12.523254,63.064342
2020-01-30 15:00:00,12.795837,6.8805237,900.31287,4.914044,14.981659,67.28065
2020-01-30 16:00:00,12.586426,6.830719,900.5073,4.863101,16.831177,67.97722
2020-01-30 17:00:00,11.647186,6.5374146,900.47815,4.7130184,18.683594,70.86831
2020-01-30 18:00:00,11.347412,6.3733826,900.26843,4.600267,19.248291,71.47554
2020-01-30 19:00:00,11.156555,6.2846985,899.91876,4.518918,19.914307,71.944084
2020-01-30 20:00:00,10.465607,5.980438,899.53394,4.525011,19.763794,73.76079
2020-01-30 21:00:00,10.259277,5.845703,899.23553,4.563643,20.108124,74.089905
2020-01-30 22:00:00,9.6302185,5.6281433,899.1485,4.191753,20.32602,76.12099
2020-01-30 23:00:00,9.518524,5.566498,899.0815,4.3577433,21.028046,76.36696
2020-01-31 00:00:00,9.655762,5.5826416,899.34607,4.4891176,23.47522,75.75146
2020-01-31 01:00:00,9.597107,5.5399475,899.89014,4.6232185,25.72638,75.82546
2020-01-31 02:00:00,10.259155,5.7650146,900.5416,4.7499404,28.11203,73.67811
2020-01-31 03:00:00,10.639496,5.9461365,901.1788,4.78411,29.905731,72.7388
2020-01-31 04:00:00,11.227203,6.2029724,901.6311,4.5964456,29.914062,71.20575
2020-01-31 05:00:00,14.104584,6.719208,901.6294,4.1315746,25.252472,61.104523
2020-01-31 06:00:00,14.965668,6.706085,901.11896,3.6557415,13.669189,57.747986
2020-01-31 07:00:00,15.275757,6.81546,900.2346,3.5971181,357.3732,57.035057
2020-01-31 08:00:00,16.607483,6.6841736,899.30133,3.891365,346.55197,51.91464
2020-01-31 09:00:00,16.788116,6.6252136,898.5929,4.280694,344.32608,51.11514
2020-01-31 10:00:00,15.796265,6.9821167,898.2188,4.4984026,349.9139,55.798496
2020-01-31 11:00:00,15.680481,6.9768066,898.13947,4.8568487,4.5787964,56.192844
2020-01-31 12:00:00,15.477417,6.795746,898.3935,5.346372,16.459412,56.225914
2020-01-31 13:00:00,15.283112,6.778473,898.84656,5.8018765,23.994171,56.86363
2020-01-31 14:00:00,14.161804,6.881317,899.4135,6.129833,30.00531,61.55952
2020-01-31 15:00:00,12.687225,6.4919434,899.8817,6.2953863,34.118195,65.97614
2020-01-31 16:00:00,12.433533,6.442627,900.2255,6.343651,38.08792,66.8555
2020-01-31 17:00:00,11.4435425,6.217224,900.2903,6.3343697,41.24597,70.26225
2020-01-31 18:00:00,11.207642,6.1634216,900.11,6.2859364,43.89389,71.1039
2020-01-31 19:00:00,11.041412,6.0937805,899.7825,6.1931615,45.85907,71.547386
2020-01-31 20:00:00,10.22345,5.7148743,899.4617,6.146124,47.312134,73.59813
2020-01-31 21:00:00,9.986328,5.5478516,899.22046,6.193848,48.63867,73.91383
2020-01-31 22:00:00,9.483826,5.3045654,899.07886,6.202032,49.46353,75.16663
2020-01-31 23:00:00,9.438965,5.3070374,899.10474,6.2776413,50.356567,75.40647
2020-02-01 00:00:00,9.586243,5.4064026,899.4811,6.3964853,51.77722,75.18115
2020-02-01 01:00:00,9.534943,5.3537903,900.1202,6.570726,53.265137,75.16552
2020-02-01 02:00:00,10.221527,5.658203,900.8981,6.7639704,55.11554,73.31931
2020-02-01 03:00:00,10.7595215,5.7686768,901.6164,6.8537784,58.22113,71.280205
2020-02-01 04:00:00,11.425232,6.0039673,902.10187,6.6071873,61.158386,69.31976
2020-02-01 05:00:00,14.427399,6.8513184,902.1705,5.9766316,60.64093,60.386574
2020-02-01 06:00:00,15.333862,6.692169,901.8409,5.168059,54.34836,56.34384
2020-02-01 07:00:00,15.628326,6.765991,901.1574,4.5865374,44.16223,55.571407
2020-02-01 08:00:00,16.677368,6.603424,900.3954,4.366431,34.22003,51.398705
2020-02-01 09:00:00,16.80954,6.564575,899.74115,4.5971227,27.70694,50.83338
2020-02-01 10:00:00,15.736847,6.806366,899.3734,5.193683,25.339111,55.33996
2020-02-01 11:00:00,15.664703,6.8346252,899.4791,6.0981636,29.071838,55.703903
2020-02-01 12:00:00,15.489288,6.772644,899.8413,6.676508,32.8385,56.09415
2020-02-01 13:00:00,15.27243,6.7943115,900.4107,7.1570354,33.943542,56.964523
2020-02-01 14:00:00,14.120117,6.7848206,901.0945,7.490191,35.95511,61.31864
2020-02-01 15:00:00,12.825165,6.4455566,901.72565,7.672353,37.716644,65.17468
2020-02-01 16:00:00,12.561798,6.350769,902.1331,7.708381,39.41516,65.877396
2020-02-01 17:00:00,11.692841,6.237793,902.22156,7.6410513,40.59384,69.21236
2020-02-01 18:00:00,11.4487,6.1345215,902.117,7.543522,41.233276,69.8388
2020-02-01 19:00:00,11.285522,6.068695,901.8251,7.439234,41.766968,70.277145
2020-02-01 20:00:00,10.496887,5.768585,901.524,7.395104,42.11264,72.536934
2020-02-01 21:00:00,10.319702,5.6523438,901.2903,7.3855166,42.568573,72.81081
2020-02-01 22:00:00,9.575714,5.2611084,901.24274,7.077451,41.84491,74.479095
2020-02-01 23:00:00,9.457611,5.162628,901.3057,7.1894917,42.85907,74.56004
2020-02-02 00:00:00,9.546143,5.228363,901.6026,7.2501197,44.566956,74.45748
2020-02-02 01:00:00,9.489685,5.168335,902.1113,7.280096,46.750305,74.4291
2020-02-02 02:00:00,10.208374,5.3937073,902.80756,7.278318,48.97168,72.05032
2020-02-02 03:00:00,10.632965,5.4801025,903.50256,7.218099,51.390656,70.4602
2020-02-02 04:00:00,11.2378845,5.7895813,904.03656,6.9556804,52.953186,69.15246
2020-02-02 05:00:00,14.053436,6.2788086,904.0991,6.3313065,51.565613,59.47788
2020-02-02 06:00:00,14.945892,6.144806,903.7036,5.5517755,46.677734,55.63027
2020-02-02 07:00:00,15.214691,6.2127686,902.932,4.8799715,38.225983,54.934017
2020-02-02 08:00:00,16.433044,6.023041,902.09625,4.509009,28.322754,50.15704
2020-02-02 09:00:00,16.58545,5.911255,901.4216,4.5465703,20.660797,49.291183
2020-02-02 10:00:00,15.691711,6.483917,901.1399,4.975237,16.22754,54.283875
2020-02-02 11:00:00,15.540192,6.3658447,901.1743,5.4676414,22.135925,54.3694
2020-02-02 12:00:00,15.297394,6.104431,901.4787,5.92604,27.751831,54.236267
2020-02-02 13:00:00,15.045502,6.0736694,902.00903,6.4222503,28.942383,55.00424
2020-02-02 14:00:00,13.818146,6.1170654,902.6728,6.7635007,31.003662,59.722797
2020-02-02 15:00:00,12.504639,5.7229004,903.19147,6.9468374,32.599274,63.31941
2020-02-02 16:00:00,12.229828,5.5338135,903.55096,6.989727,33.92395,63.633434
2020-02-02 17:00:00,11.309418,5.3229675,903.61255,6.9702444,34.55081,66.635216
2020-02-02 18:00:00,11.046692,5.112549,903.48016,6.980903,34.574127,66.82134
2020-02-02 19:00:00,10.901215,5.0277405,903.18475,7.019937,34.334076,67.07282
2020-02-02 20:00:00,10.111877,4.746521,902.8245,7.1098046,33.97592,69.32307
2020-02-02 21:00:00,9.927887,4.6071777,902.467,7.2344737,33.79068,69.502144
2020-02-02 22:00:00,9.209259,4.273468,902.2905,7.1363544,33.38614,71.25456
2020-02-02 23:00:00,9.095764,4.2321167,902.20294,7.2119527,34.200073,71.59365
2020-02-03 00:00:00,9.202393,4.2940063,902.3889,7.2802324,35.674225,71.390114
2020-02-03 01:00:00,9.141998,4.262085,902.84766,7.358149,37.872345,71.52098
2020-02-03 02:00:00,10.221008,4.728607,903.454,7.485827,40.547363,68.73349
2020-02-03 03:00:00,10.617554,4.883728,904.02075,7.4791365,43.545715,67.66792
2020-02-03 04:00:00,11.304504,5.2981567,904.42224,7.178694,45.173126,66.542145
2020-02-03 05:00:00,14.463409,5.9269104,904.3791,6.564162,43.518433,56.531227
2020-02-03 06:00:00,15.382721,5.839966,903.8247,5.8432937,37.59143,52.963615
2020-02-03 07:00:00,15.7099,6.0827637,902.90924,5.305433,28.063934,52.742416
2020-02-03 08:00:00,16.902802,5.9913635,901.9046,5.080508,18.698792,48.576374
2020-02-03 09:00:00,17.053467,5.9302673,901.10834,5.145517,13.370087,47.912205
2020-02-03 10:00:00,15.913483,6.4591675,900.62146,5.1395693,12.306519,53.428562
2020-02-03 11:00:00,15.792236,6.3988953,900.4913,5.5350766,18.854553,53.62127
2020-02-03 12:00:00,15.525879,6.11203,900.6129,6.051857,23.602386,53.47541
2020-02-03 13:00:00,15.299103,5.950226,900.99603,6.5474615,27.198242,53.655933
2020-02-03 14:00:00,14.052216,6.092102,901.52893,6.899294,30.612122,58.721596
2020-02-03 15:00:00,12.519897,5.7617188,902.0253,7.0500946,33.7771,63.426243
2020-02-03 16:00:00,12.219513,5.5861816,902.3004,7.037692,36.397614,63.90815
2020-02-03 17:00:00,11.418549,5.439514,902.2494,6.9496503,38.39215,66.69299
2020-02-03 18:00:00,11.18869,5.2994385,901.9675,6.900329,39.380005,67.06059
2020-02-03 19:00:00,11.050537,5.2338867,901.61584,6.8898787,39.80548,67.37026
2020-02-03 20:00:00,10.224274,4.961548,901.1602,6.927221,39.55197,69.8435
2020-02-03 21:00:00,10.049103,4.8539124,900.7146,7.0159235,39.14798,70.13793
2020-02-03 22:00:00,9.367523,4.6222534,900.39795,6.58354,41.410583,72.24071
2020-02-03 23:00:00,9.312012,4.58374,900.3197,6.8081336,41.44989,72.3161
2020-02-04 00:00:00,9.4887085,4.6569214,900.5506,6.986332,42.02243,71.82843
2020-02-04 01:00:00,9.436035,4.592926,901.0382,7.12736,43.21335,71.761635
2020-02-04 02:00:00,10.418518,5.016876,901.7239,7.2660775,45.128296,69.21016
2020-02-04 03:00:00,10.886841,5.253723,902.39124,7.297161,47.956543,68.20037
2020-02-04 04:00:00,11.60025,5.7397766,902.72577,7.034645,50.758728,67.28212
2020-02-04 05:00:00,14.455688,6.4660034,902.63,6.347512,51.793854,58.701576
2020-02-04 06:00:00,15.659454,6.3260803,902.0149,5.484,48.388367,53.808193
2020-02-04 07:00:00,15.94635,6.4642944,901.086,4.754094,39.68857,53.335335
2020-02-04 08:00:00,17.046753,6.3841553,900.07556,4.5026283,28.535736,49.45704
2020-02-04 09:00:00,17.155304,6.317444,899.3089,4.7036386,20.823395,48.89323
2020-02-04 10:00:00,15.9392395,6.961029,898.89514,4.8231945,19.03302,55.211174
2020-02-04 11:00:00,15.790222,6.878937,898.90656,5.637223,24.144379,55.426617
2020-02-04 12:00:00,15.611237,6.768036,899.22534,6.340668,27.824005,55.640053
2020-02-04 13:00:00,15.323456,6.763092,899.7275,6.833482,30.501465,56.656734
2020-02-04 14:00:00,14.248871,6.8019104,900.3533,7.2162366,32.74768,60.88101
2020-02-04 15:00:00,12.96756,6.45224,900.9052,7.429479,34.313446,64.60031
2020-02-04 16:00:00,12.726898,6.339325,901.23193,7.520447,35.5506,65.11723
2020-02-04 17:00:00,11.996613,6.3609924,901.2821,7.493921,36.052826,68.41819
2020-02-04 18:00:00,11.7630005,6.220581,901.09534,7.4151196,36.012024,68.810936
2020-02-04 19:00:00,11.628204,6.1721497,900.7545,7.3806186,35.8161,69.19448
2020-02-04 20:00:00,10.900238,5.9071655,900.36084,7.3424873,35.30136,71.29624
2020-02-04 21:00:00,10.714935,5.797821,900.04016,7.311952,34.586517,71.636215
2020-02-04 22:00:00,10.173157,5.598633,899.77985,6.6232715,32.541107,73.25367
2020-02-04 23:00:00,10.040375,5.498535,899.71454,6.8195744,32.467346,73.395706
2020-02-05 00:00:00,10.123444,5.5182495,899.98834,6.8846273,33.484314,73.089066
2020-02-05 01:00:00,10.05188,5.486847,900.5371,6.876367,34.8938,73.27983
2020-02-05 02:00:00,10.741638,5.7846375,901.2296,6.852461,36.640594,71.443886
2020-02-05 03:00:00,11.137024,5.994385,901.9006,6.7703533,37.83664,70.60887
2020-02-05 04:00:00,11.655518,6.3225403,902.28326,6.4612207,36.892212,69.789505
2020-02-05 05:00:00,14.486664,6.887268,902.2539,5.941543,31.731628,60.304314
2020-02-05 06:00:00,15.373505,6.737091,901.7132,5.493352,23.74524,56.37437
2020-02-05 07:00:00,15.684692,6.7842407,900.8179,5.158148,14.130157,55.440678
2020-02-05 08:00:00,16.877686,6.55661,899.90326,5.0176363,4.221863,50.586437
2020-02-05 09:00:00,16.97647,6.538452,899.2544,5.1788745,356.80685,50.207973
2020-02-05 10:00:00,16.050964,7.013672,898.92444,4.7812214,351.49667,55.01688
2020-02-05 11:00:00,15.98468,6.991791,898.95447,5.0361247,357.18976,55.16738
2020-02-05 12:00:00,15.736847,6.918457,899.2994,5.0482197,7.1605835,55.76707
2020-02-05 13:00:00,15.497467,6.78714,899.81647,5.194851,10.848816,56.120564
2020-02-05 14:00:00,14.408783,6.8165283,900.54834,5.220993,14.374664,60.315132
2020-02-05 15:00:00,13.07251,6.546814,901.1317,5.143947,16.919678,64.57765
2020-02-05 16:00:00,12.809723,6.4237976,901.53046,4.9243484,19.09137,65.142944
2020-02-05 17:00:00,11.940186,6.317444,901.598,4.7016873,20.256348,68.467285
2020-02-05 18:00:00,11.661041,6.152649,901.42804,4.553087,21.15918,68.95178
2020-02-05 19:00:00,11.521149,6.058014,901.1074,4.503462,21.171661,69.13901
2020-02-05 20:00:00,10.779419,5.8490295,900.71124,4.540763,20.662567,71.582726
2020-02-05 21:00:00,10.648285,5.7801514,900.308,4.6761355,20.358154,71.866714
2020-02-05 22:00:00,9.901245,5.2938232,899.98846,4.1087575,20.442139,73.037125
2020-02-05 23:00:00,9.819,5.258148,899.8679,4.3801904,22.725525,73.258766
2020-02-06 00:00:00,10.004883,5.414917,900.13513,4.6312585,26.39618,73.14465
2020-02-06 01:00:00,9.9140625,5.351898,900.7593,4.8993664,30.014343,73.26937
2020-02-06 02:00:00,10.742493,5.6560974,901.49493,5.149503,33.662933,70.80699
2020-02-06 03:00:00,11.169403,5.8207703,902.18494,5.242698,37.30081,69.617035
2020-02-06 04:00:00,11.778778,6.093109,902.598,5.046695,41.103973,68.137566
2020-02-06 05:00:00,14.926971,6.6845093,902.56714,4.418111,40.395874,57.80625
2020-02-06 06:00:00,15.909485,6.6127625,901.97,3.6333365,30.986176,54.0097
2020-02-06 07:00:00,16.158752,6.706726,901.0535,3.231574,13.313873,53.501556
2020-02-06 08:00:00,17.299377,6.5368958,900.08954,3.336423,358.07065,49.18718
2020-02-06 09:00:00,17.40213,6.4736023,899.39307,3.7075596,353.66333,48.65662
2020-02-06 10:00:00,16.314362,7.0535583,898.97327,3.9859354,354.47546,54.248833
2020-02-06 11:00:00,16.156464,6.967987,899.0098,4.561462,6.5882874,54.4771
2020-02-06 12:00:00,15.928223,6.838806,899.2541,5.1757827,16.8555,54.78893
2020-02-06 13:00:00,15.654724,6.7955017,899.72314,5.699242,24.144226,55.590057
2020-02-06 14:00:00,14.444672,6.9022217,900.4063,6.0218444,29.649506,60.530163
2020-02-06 15:00:00,13.204498,6.565857,901.0893,6.199348,34.08844,64.10758
2020-02-06 16:00:00,12.955566,6.4681396,901.5781,6.202712,37.450287,64.72174
2020-02-06 17:00:00,12.090881,6.4020996,901.6721,6.116351,39.67395,68.18763
2020-02-06 18:00:00,11.848328,6.314514,901.51117,5.9659815,41.023224,68.869156
2020-02-06 19:00:00,11.6666565,6.218445,901.176,5.8775744,41.4646,69.239685
2020-02-06 20:00:00,10.831421,5.942383,900.8211,5.8921304,41.20584,71.79752
2020-02-06 21:00:00,10.699341,5.8415527,900.5054,5.9353957,40.70688,71.9278
2020-02-06 22:00:00,10.055786,5.529907,900.42224,5.512485,41.228027,73.47977
2020-02-06 23:00:00,9.960266,5.4555054,900.49854,5.583054,42.17282,73.57021
2020-02-07 00:00:00,10.156128,5.571991,900.942,5.7298083,43.803375,73.20179
2020-02-07 01:00:00,10.090698,5.502075,901.6354,5.9138603,45.740295,73.167114
2020-02-07 02:00:00,10.809479,5.738098,902.4559,6.141523,48.48111,70.89366
2020-02-07 03:00:00,11.270477,5.8398743,903.2371,6.140099,51.37784,69.24378
2020-02-07 04:00:00,11.818237,6.068939,903.7659,5.9289174,53.589874,67.84718
2020-02-07 05:00:00,14.486664,6.7160034,903.7919,5.466587,52.206146,59.599716
2020-02-07 06:00:00,15.624542,6.5457764,903.2793,4.9692316,46.60309,54.75021
2020-02-07 07:00:00,15.89975,6.706299,902.4857,4.648623,37.39923,54.391705
2020-02-07 08:00:00,16.815918,6.431244,901.6763,4.5818267,28.398193,50.348885
2020-02-07 09:00:00,17.004608,6.477661,901.12537,4.871283,22.260773,49.909416
2020-02-07 10:00:00,15.950836,6.8021545,900.81146,5.197064,15.813324,54.572453
2020-02-07 11:00:00,15.834534,6.779999,900.80664,6.165181,19.227173,54.895927
2020-02-07 12:00:00,15.663788,6.698242,901.05585,6.8390102,23.266052,55.188084
2020-02-07 13:00:00,15.468262,6.651245,901.4852,7.314267,26.119629,55.703457
2020-02-07 14:00:00,14.340546,6.839752,902.13873,7.681619,29.112701,60.678394
2020-02-07 15:00:00,13.215668,6.5126953,902.78784,7.83275,31.412903,63.827126
2020-02-07 16:00:00,12.990936,6.410553,903.2734,7.803847,33.203674,64.31689
2020-02-07 17:00:00,12.012238,6.259369,903.38525,7.682203,34.853394,67.87097
2020-02-07 18:00:00,11.789734,6.237915,903.2196,7.504586,35.660248,68.77181
2020-02-07 19:00:00,11.578613,6.115631,902.8769,7.341717,36.372314,69.15138
2020-02-07 20:00:00,10.807129,5.7880554,902.5108,7.235994,36.131317,71.150276
2020-02-07 21:00:00,10.678589,5.7119446,902.1926,7.165252,35.917755,71.384155
2020-02-07 22:00:00,10.01413,5.363434,901.8818,6.8446546,36.637024,72.83868
2020-02-07 23:00:00,9.881683,5.2710876,901.997,6.8535724,37.070618,73.01743
2020-02-08 00:00:00,10.111786,5.422699,902.39545,6.8061724,38.48056,72.66286
2020-02-08 01:00:00,10.01355,5.2997437,903.0076,6.7844806,39.902283,72.52007
2020-02-08 02:00:00,10.720184,5.5205383,903.74884,6.804797,42.01416,70.24914
2020-02-08 03:00:00,11.354065,5.7634277,904.46313,6.849859,45.1369,68.49841
2020-02-08 04:00:00,11.9151,6.006531,904.9743,6.9101048,48.02655,67.12544
2020-02-08 05:00:00,14.587585,6.4596252,905.0161,6.765457,48.127747,58.178204
2020-02-08 06:00:00,15.462189,6.359131,904.5977,6.406964,45.07901,54.6166
2020-02-08 07:00:00,15.730225,6.443451,903.7657,6.035769,38.873077,53.99971
2020-02-08 08:00:00,16.811157,6.23114,902.97943,5.9168944,31.457184,49.67465
2020-02-08 09:00:00,16.914703,6.1256104,902.30396,6.1451015,25.962769,48.991673
2020-02-08 10:00:00,16.057709,6.476471,901.9888,6.1284895,21.485718,53.001915
2020-02-08 11:00:00,15.957642,6.3342896,902.0405,6.8403463,22.579224,52.821995
2020-02-08 12:00:00,15.7621155,6.1497803,902.3881,7.219625,25.031555,52.8102
2020-02-08 13:00:00,15.501465,6.0718384,902.895,7.5220375,26.280823,53.410767
2020-02-08 14:00:00,14.366699,6.388489,903.5123,7.905516,29.24112,58.72599
2020-02-08 15:00:00,13.050842,6.1531677,904.08093,8.1191225,32.14328,62.939365
2020-02-08 16:00:00,12.786804,5.956085,904.4442,8.222517,34.897675,63.17001
2020-02-08 17:00:00,11.99884,5.850891,904.4819,8.221113,37.502625,66.042
2020-02-08 18:00:00,11.76239,5.749359,904.2979,8.163853,39.576935,66.60989
2020-02-08 19:00:00,11.571991,5.640106,903.9322,8.112828,41.27289,66.944275
2020-02-08 20:00:00,10.828461,5.442566,903.5382,8.112616,42.576843,69.36903
2020-02-08 21:00:00,10.697784,5.360443,903.1596,8.095081,43.60608,69.5768
2020-02-08 22:00:00,9.970001,5.0141296,902.98224,7.5896306,43.87735,71.30142
2020-02-08 23:00:00,9.863342,4.934204,903.00616,7.7447534,44.520996,71.41376
2020-02-09 00:00:00,10.023682,5.0326843,903.30646,7.9336333,45.62961,71.137634
2020-02-09 01:00:00,9.944214,4.973755,903.8487,8.109191,46.96338,71.22407
2020-02-09 02:00:00,10.616394,5.0513306,904.4875,8.34343,48.690765,68.467674
2020-02-09 03:00:00,11.126068,5.2821045,905.06305,8.653546,51.058838,67.25854
2020-02-09 04:00:00,11.839569,5.774658,905.40656,8.760084,52.874847,66.387794
2020-02-09 05:00:00,14.461151,6.3132935,905.26764,8.366641,53.364502,58.06712
2020-02-09 06:00:00,15.647064,6.3327637,904.7082,7.650143,50.98999,53.875687
2020-02-09 07:00:00,15.931519,6.4157715,903.82104,6.954967,45.711945,53.207886
2020-02-09 08:00:00,17.165497,6.268158,902.9051,6.549514,39.268433,48.69606
2020-02-09 09:00:00,17.366241,6.2862854,902.16376,6.5356965,33.34738,48.142075
2020-02-09 10:00:00,16.465149,6.733124,901.8404,6.489879,28.036041,52.562927
2020-02-09 11:00:00,16.384644,6.59848,901.826,7.157312,29.889984,52.34642
2020-02-09 12:00:00,16.06009,6.181671,901.99854,7.5502844,32.202423,51.928562
2020-02-09 13:00:00,15.779236,6.0927124,902.3371,7.926722,32.81491,52.54509
2020-02-09 14:00:00,14.40979,6.261566,902.8067,8.265348,34.500977,58.052845
2020-02-09 15:00:00,13.264435,5.91391,903.2285,8.42286,36.723785,61.05116
2020-02-09 16:00:00,13.027832,5.801361,903.5067,8.449957,39.048645,61.52062
2020-02-09 17:00:00,12.039856,5.593872,903.47876,8.377294,41.28128,64.70245
2020-02-09 18:00:00,11.7838745,5.3539124,903.3143,8.26627,42.92746,64.717064
2020-02-09 19:00:00,11.543579,5.192688,902.9429,8.146047,44.227905,65.01974
2020-02-09 20:00:00,10.779724,4.9768066,902.47815,8.06755,45.18283,67.37721
2020-02-09 21:00:00,10.546783,4.7984314,901.9928,8.027712,45.74994,67.5845
2020-02-09 22:00:00,9.9086,4.6052246,901.7293,7.747738,43.773743,69.58245
2020-02-09 23:00:00,9.798309,4.5439453,901.72156,7.8752522,45.469177,69.7989
2020-02-10 00:00:00,10.064636,4.615967,901.9869,7.992309,46.92392,68.91147
2020-02-10 01:00:00,9.931519,4.4724426,902.5403,8.05789,48.69568,68.83406
2020-02-10 02:00:00,10.856628,4.7431946,903.28394,8.203658,50.208862,65.95096
2020-02-10 03:00:00,11.499176,5.1676636,903.93976,8.304933,53.151398,65.09751
2020-02-10 04:00:00,12.231354,5.6986084,904.36304,8.152414,55.411713,64.357635
2020-02-10 05:00:00,15.429962,6.3261414,904.28705,7.5906806,55.29474,54.605335
2020-02-10 06:00:00,16.406464,6.4193115,903.7974,6.832563,51.540466,51.633514
2020-02-10 07:00:00,16.706177,6.7102356,902.92474,6.1783004,44.897827,51.68265
2020-02-10 08:00:00,18.151855,6.5492554,902.0584,5.8655305,37.87433,46.655045
2020-02-10 09:00:00,18.293884,6.544983,901.37305,5.894544,32.500854,46.227463
2020-02-10 10:00:00,17.315369,7.091217,901.0223,5.916034,26.382751,51.042496
2020-02-10 11:00:00,17.19812,6.9338074,901.0144,6.5946183,31.464325,50.870712
2020-02-10 12:00:00,16.91919,6.6567383,901.1613,7.17634,34.876404,50.801926
2020-02-10 13:00:00,16.600067,6.521332,901.4562,7.6166177,36.566223,51.36101
2020-02-10 14:00:00,15.11557,6.8002625,901.9402,7.9823775,39.076782,57.564907
2020-02-10 15:00:00,13.749054,6.5732117,902.4383,8.198265,41.815247,61.906075
2020-02-10 16:00:00,13.4496765,6.3552856,902.81,8.307101,44.227936,62.183727
2020-02-10 17:00:00,12.472076,6.308502,902.91876,8.314116,46.55417,66.07356
2020-02-10 18:00:00,12.192047,6.171814,902.8089,8.31442,48.396576,66.66898
2020-02-10 19:00:00,12.064728,6.1296997,902.48773,8.304902,49.867065,67.03473
2020-02-10 20:00:00,11.268799,5.89624,902.11053,8.287716,50.783844,69.52189
2020-02-10 21:00:00,11.130157,5.7582703,901.74725,8.307672,51.397705,69.497246
2020-02-10 22:00:00,10.50946,5.4751587,901.5711,8.230991,49.700775,71.01777
2020-02-10 23:00:00,10.429199,5.4465637,901.6114,8.379173,51.075317,71.25723
2020-02-11 00:00:00,10.617554,5.5589905,901.9164,8.564554,52.539734,70.91936
2020-02-11 01:00:00,10.577301,5.5446777,902.45667,8.741809,54.23462,71.039185
2020-02-11 02:00:00,11.790283,6.0355835,903.2079,8.944319,55.985474,67.81604
2020-02-11 03:00:00,12.326294,6.346924,903.9366,9.175276,58.523468,66.88575
2020-02-11 04:00:00,13.147003,6.8300476,904.4822,9.100958,60.05774,65.52681
2020-02-11 05:00:00,16.32605,7.4299927,904.59814,8.595284,59.130524,55.621998
2020-02-11 06:00:00,17.331085,7.3413696,904.2582,7.8438125,55.49344,51.871796
2020-02-11 07:00:00,17.651215,7.5723267,903.5139,7.1606474,49.418945,51.642185
2020-02-11 08:00:00,18.880615,7.4165955,902.6682,6.8064494,41.828674,47.303497
2020-02-11 09:00:00,19.056305,7.44516,901.98987,6.8819337,35.867706,46.8791
2020-02-11 10:00:00,18.012756,8.271332,901.6948,7.0100594,31.602966,52.93811
2020-02-11 11:00:00,17.932465,8.246735,901.68256,7.6319523,35.445282,53.117348
2020-02-11 12:00:00,17.686768,7.9776,901.8282,8.032814,38.42627,52.96833
2020-02-11 13:00:00,17.438599,7.8324585,902.2146,8.390195,38.291077,53.275387
2020-02-11 14:00:00,16.036377,8.050476,902.8179,8.629746,39.598267,59.104496
2020-02-11 15:00:00,14.575989,7.6858215,903.4564,8.73564,40.786804,63.321453
2020-02-11 16:00:00,14.397217,7.6965637,903.8733,8.728284,41.88452,64.10376
2020-02-11 17:00:00,13.514374,7.5863953,904.05273,8.634077,42.365814,67.373505
2020-02-11 18:00:00,13.289001,7.5494385,903.899,8.535264,42.311188,68.19773
2020-02-11 19:00:00,13.113281,7.469208,903.6757,8.389246,41.92334,68.6074
2020-02-11 20:00:00,12.417633,7.226837,903.3187,8.25888,41.22815,70.62463
2020-02-11 21:00:00,12.251831,7.128479,903.0084,8.1913185,40.388092,70.9191
2020-02-11 22:00:00,11.594086,6.704895,902.8182,8.081442,38.32312,71.94058
2020-02-11 23:00:00,11.544647,6.714752,902.7672,8.1571455,38.59149,72.22485
2020-02-12 00:00:00,11.763397,6.7640686,903.04987,8.203406,39.305084,71.43052
2020-02-12 01:00:00,11.711578,6.759857,903.6289,8.221454,40.051697,71.65449
2020-02-12 02:00:00,12.845398,7.249695,904.34357,8.280856,41.28116,68.77982
2020-02-12 03:00:00,13.525238,7.584381,904.9812,8.282557,42.865784,67.31665
2020-02-12 04:00:00,14.230103,7.9454346,905.4409,7.955796,42.99716,65.90744
2020-02-12 05:00:00,17.264618,8.535461,905.4508,7.384276,39.460205,56.496555
2020-02-12 06:00:00,18.188995,8.337585,904.9659,6.7776723,32.09079,52.591038
2020-02-12 07:00:00,18.434082,8.544739,904.1191,6.38609,21.516754,52.520645
2020-02-12 08:00:00,19.701385,8.401337,903.218,6.4185824,11.098999,48.0613
2020-02-12 09:00:00,19.830017,8.518555,902.47833,6.7429194,5.56546,48.059387
2020-02-12 10:00:00,18.722626,9.17453,901.9518,6.9752264,5.641815,53.821
2020-02-12 11:00:00,18.63681,9.154785,901.7967,7.0011907,10.096344,54.038708
2020-02-12 12:00:00,18.383087,8.904602,901.9959,6.8707027,14.509216,53.98583
2020-02-12 13:00:00,18.124664,8.705444,902.4057,6.9255805,14.372437,54.13521
2020-02-12 14:00:00,16.8255,8.742523,902.95166,6.988264,15.090088,58.90874
2020-02-12 15:00:00,15.5251465,8.63205,903.4724,6.9689302,15.80545,63.52417
2020-02-12 16:00:00,15.319672,8.547058,903.8694,6.8455086,16.128693,63.997643
2020-02-12 17:00:00,14.423309,8.447693,904.0467,6.6959267,15.49176,67.34592
2020-02-12 18:00:00,14.151154,8.295288,903.94037,6.5756845,14.250641,67.83779
2020-02-12 19:00:00,13.851044,8.157043,903.60986,6.5578775,12.603943,68.524895
2020-02-12 20:00:00,13.180939,8.098114,903.1727,6.580163,10.912964,71.29353
2020-02-12 21:00:00,13.079285,8.106262,902.7559,6.695358,9.642334,71.8079
2020-02-12 22:00:00,12.366577,7.7862854,902.39624,6.976132,6.257202,73.61928
2020-02-12 23:00:00,12.291687,7.744446,902.2718,6.959356,7.289337,73.77182
2020-02-13 00:00:00,12.56308,7.8015747,902.4465,6.989833,8.642059,72.75184
2020-02-13 01:00:00,12.520935,7.737854,902.91595,7.0588,10.733276,72.6373
2020-02-13 02:00:00,13.528259,8.043518,903.51636,7.0949926,12.34494,69.440125
2020-02-13 03:00:00,14.130676,8.389862,904.15155,7.0266657,12.843109,68.364685
2020-02-13 04:00:00,14.820648,8.669037,904.50073,6.881162,9.195007,66.6319
2020-02-13 05:00:00,18.014282,9.1866455,904.4113,6.86077,2.336914,56.310577
2020-02-13 06:00:00,18.905884,8.875092,903.8507,7.1063,353.1488,52.144943
2020-02-13 07:00:00,19.193329,9.055542,902.9264,7.6028795,344.8446,51.845787
2020-02-13 08:00:00,20.449585,8.837524,901.92523,8.192408,339.5041,47.260956
2020-02-13 09:00:00,20.587341,8.825928,901.04865,8.512167,338.15613,46.82449
2020-02-13 10:00:00,19.450409,9.419464,900.40515,8.218152,342.3084,52.28813
2020-02-13 11:00:00,19.343964,9.39682,900.2249,7.5314693,349.0977,52.555393
2020-02-13 12:00:00,19.057281,9.15387,900.2952,6.7352,356.1732,52.63481
2020-02-13 13:00:00,18.720795,8.87796,900.6218,6.171754,359.41006,52.761616
2020-02-13 14:00:00,17.211182,8.735504,901.07904,5.7664366,1.9918213,57.459866
2020-02-13 15:00:00,16.119507,8.718018,901.55273,5.3877068,3.3226318,61.512352
2020-02-13 16:00:00,15.801941,8.523132,901.7829,4.985333,3.404663,61.950485
2020-02-13 17:00:00,14.773468,8.409607,901.76526,4.606561,1.5012817,65.671524
2020-02-13 18:00:00,14.534241,8.316162,901.48724,4.3458505,357.70642,66.27174
2020-02-13 19:00:00,14.306183,8.172699,901.0081,4.2203636,352.79755,66.60431
2020-02-13 20:00:00,13.497314,7.9186707,900.468,4.240861,347.9339,68.99208
2020-02-13 21:00:00,13.24939,7.710907,899.9372,4.3777437,345.4397,69.1309
2020-02-13 22:00:00,12.627655,7.526245,899.6347,4.443825,340.08148,71.097824
2020-02-13 23:00:00,12.489014,7.433502,899.4963,4.4825854,339.78452,71.29436
2020-02-14 00:00:00,12.681702,7.5484314,899.66046,4.4757195,340.7478,70.95383
2020-02-14 01:00:00,12.462616,7.386505,900.1241,4.4678926,342.44946,71.189095
2020-02-14 02:00:00,13.459625,7.6939087,900.7821,4.4884825,343.0992,68.1114
2020-02-14 03:00:00,13.927856,7.876251,901.32935,4.6279626,342.28055,66.89536
2020-02-14 04:00:00,14.543335,7.9593506,901.70526,5.0017285,336.42084,64.64755
2020-02-14 05:00:00,17.51001,8.00473,901.70447,5.761198,329.9749,53.660877
2020-02-14 06:00:00,18.532745,7.8388977,901.29663,6.6181016,324.4403,49.755634
2020-02-14 07:00:00,18.791931,7.971161,900.54126,7.3863964,319.41077,49.397995
2020-02-14 08:00:00,19.910004,7.6853027,899.7063,7.8904543,316.4509,45.190636
2020-02-14 09:00:00,20.072876,7.7716064,899.0062,8.156596,315.9567,45.00099
2020-02-14 10:00:00,18.912903,8.111542,898.4947,7.7375593,317.6084,49.496075
2020-02-14 11:00:00,18.81009,8.073059,898.4972,7.019738,324.4962,49.68486
2020-02-14 12:00:00,18.64215,7.8926086,898.7963,6.0961633,332.1789,49.597076
2020-02-14 13:00:00,18.275787,7.727112,899.40295,5.6489763,336.60132,50.17996
2020-02-14 14:00:00,16.91568,8.063782,900.08673,5.376362,340.28717,55.94027
2020-02-14 15:00:00,15.436066,7.886627,900.71924,5.191528,342.79614,60.737885
2020-02-14 16:00:00,15.078033,7.750122,901.1381,5.0331397,343.76898,61.575462
2020-02-14 17:00:00,14.002838,7.494751,901.23865,4.868218,342.94116,64.862595
2020-02-14 18:00:00,13.738739,7.419861,900.9861,4.7231803,341.7904,65.64744
2020-02-14 19:00:00,13.526855,7.30072,900.6097,4.6221337,340.20667,66.01855
2020-02-14 20:00:00,12.638153,7.085388,900.2054,4.604464,339.0886,68.94004
2020-02-14 21:00:00,12.497528,6.990631,899.90466,4.6391754,338.8617,69.12846
2020-02-14 22:00:00,11.75589,6.62677,899.76654,4.355298,333.1568,70.79516
2020-02-14 23:00:00,11.640686,6.558563,899.8191,4.340253,335.7235,71.00192
2020-02-15 00:00:00,11.740906,6.6812134,900.1588,4.261699,339.39636,71.13077
2020-02-15 01:00:00,11.603577,6.5646667,900.7952,4.116132,343.89664,71.20605
2020-02-15 02:00:00,12.483276,6.8406677,901.5154,3.9966567,347.62085,68.48535
2020-02-15 03:00:00,13.111267,7.1112976,902.18854,4.019002,348.92654,66.95806
2020-02-15 04:00:00,13.930664,7.305664,902.6021,4.099851,347.2174,64.33074
2020-02-15 05:00:00,17.08725,7.593445,902.5803,4.285445,340.39032,53.592197
2020-02-15 06:00:00,18.05246,7.2862854,902.104,4.7520976,330.032,49.380505
2020-02-15 07:00:00,18.380524,7.452179,901.2978,5.383479,322.4145,48.925545
2020-02-15 08:00:00,19.639465,7.2156067,900.4788,5.9244013,318.7147,44.505013
2020-02-15 09:00:00,19.830505,7.112213,899.84485,6.2335668,318.92468,43.670635
2020-02-15 10:00:00,18.88913,7.7946777,899.4578,5.4213705,320.13498,48.51302
2020-02-15 11:00:00,18.740173,7.5844727,899.445,4.7148957,331.92233,48.2702
2020-02-15 12:00:00,18.494873,7.3032837,899.7835,4.0718055,345.9983,48.084717
2020-02-15 13:00:00,18.064026,7.0184326,900.37897,3.9036474,356.0131,48.44839
2020-02-15 14:00:00,16.523163,7.3575745,901.03845,3.7620938,3.9059448,54.657738
2020-02-15 15:00:00,15.18219,7.2269897,901.6205,3.6340408,9.72821,59.019417
2020-02-15 16:00:00,14.946014,7.1784363,901.96265,3.526606,12.727509,59.72386
2020-02-15 17:00:00,13.954651,7.056183,902.06647,3.3618274,14.086456,63.1437
2020-02-15 18:00:00,13.728851,6.994873,901.92487,3.268571,13.839233,63.807518
2020-02-15 19:00:00,13.487183,6.8686523,901.6591,3.248678,12.845581,64.25981
2020-02-15 20:00:00,12.724121,6.7513123,901.3223,3.3416278,11.995544,67.000595
2020-02-15 21:00:00,12.482849,6.586731,901.04877,3.494225,12.316284,67.3033
2020-02-15 22:00:00,11.861572,6.353302,900.87134,3.360623,14.56015,68.99313
2020-02-15 23:00:00,11.69046,6.263214,900.9771,3.4863605,18.081543,69.34464
2020-02-16 00:00:00,11.843353,6.379181,901.33185,3.67083,22.910797,69.19928
2020-02-16 01:00:00,11.754395,6.302704,901.9467,3.8310974,28.20163,69.240814
2020-02-16 02:00:00,12.812714,6.6881714,902.63556,3.9634097,33.24945,66.32497
2020-02-16 03:00:00,13.444916,6.9111633,903.3237,3.9880538,37.686737,64.625015
2020-02-16 04:00:00,14.6345825,7.4343567,903.7852,3.6020508,38.319855,62.009705
2020-02-16 05:00:00,17.7258,7.595764,903.8209,3.123567,28.595459,51.482265
2020-02-16 06:00:00,18.666748,7.421295,903.4041,3.0248668,9.908905,47.95533
2020-02-16 07:00:00,18.9516,7.615692,902.6853,3.4189167,352.59464,47.73849
2020-02-16 08:00:00,20.324524,7.337311,901.928,3.9632301,342.99304,43.01307
2020-02-16 09:00:00,20.441467,7.311493,901.2968,4.4369984,341.20496,42.6284
2020-02-16 10:00:00,19.36499,7.96756,900.9192,4.4139996,341.22897,47.65258
2020-02-16 11:00:00,19.246796,7.9361877,900.92163,4.610585,354.4951,47.902126
2020-02-16 12:00:00,19.053558,7.6144104,901.2364,4.8364472,3.5515442,47.43168
2020-02-16 13:00:00,18.586792,7.477936,901.75867,5.2528734,8.9263,48.382534
2020-02-16 14:00:00,16.947388,7.8514404,902.36584,5.515267,13.829224,55.02771
2020-02-16 15:00:00,15.629639,7.6631775,902.8881,5.693514,17.401245,59.083427
2020-02-16 16:00:00,15.358765,7.5162964,903.2388,5.731462,20.353302,59.518887
2020-02-16 17:00:00,14.217346,7.3845825,903.3044,5.686486,22.162628,63.488174
2020-02-16 18:00:00,13.888031,7.2263184,903.1584,5.616197,22.945557,64.15993
2020-02-16 19:00:00,13.701996,7.162506,902.81323,5.585054,22.980103,64.65685
2020-02-16 20:00:00,12.850067,7.0162964,902.45917,5.615838,23.056091,67.66917
2020-02-16 21:00:00,12.66803,6.9113464,902.151,5.7163877,24.044983,67.98962
2020-02-16 22:00:00,11.878113,6.5937805,901.9015,5.4528193,28.404144,70.06776
2020-02-16 23:00:00,11.779541,6.570709,901.9765,5.4954505,28.738464,70.412926
2020-02-17 00:00:00,11.939392,6.7440796,902.36444,5.6263456,30.495148,70.509636
2020-02-17 01:00:00,11.824066,6.626892,903.0199,5.73514,33.1019,70.47809
2020-02-17 02:00:00,12.748871,6.929077,903.7402,5.7972755,35.720825,67.71287
2020-02-17 03:00:00,13.500916,7.103882,904.3951,5.7938643,37.5589,65.245636
2020-02-17 04:00:00,14.595337,7.411499,904.82874,5.4425635,37.142944,62.06998
2020-02-17 05:00:00,17.555237,7.6711426,904.8113,4.972917,31.57193,52.30686
2020-02-17 06:00:00,18.485077,7.483368,904.3173,4.7287087,18.919128,48.709686
2020-02-17 07:00:00,18.75531,7.5462036,903.50494,4.891584,5.1776123,48.098835
2020-02-17 08:00:00,20.032806,7.142456,902.6535,5.2922616,355.76138,43.21618
2020-02-17 09:00:00,20.236938,7.053772,901.93445,5.7823544,352.23096,42.415695
2020-02-17 10:00:00,19.239685,7.631897,901.44806,5.973918,349.91483,46.940655
2020-02-17 11:00:00,19.140472,7.521393,901.37396,6.290601,358.57635,46.87705
2020-02-17 12:00:00,18.89795,7.2521973,901.59564,6.1848826,7.4263306,46.72448
2020-02-17 13:00:00,18.46997,7.131592,901.96313,6.3101068,10.979828,47.597538
2020-02-17 14:00:00,16.863525,7.545532,902.508,6.3458576,15.170166,54.17992
2020-02-17 15:00:00,15.438721,7.296875,902.9656,6.233875,18.564392,58.333755
2020-02-17 16:00:00,15.093536,7.1718445,903.28705,5.9366665,21.414001,59.133137
2020-02-17 17:00:00,14.02655,7.0694885,903.33185,5.6720314,23.828125,62.907307
2020-02-17 18:00:00,13.705536,6.9713135,903.10266,5.392826,24.98758,63.801174
2020-02-17 19:00:00,13.521301,6.955963,902.69476,5.19502,25.843384,64.50226
2020-02-17 20:00:00,12.691376,6.656891,902.2054,5.042342,26.069183,66.710434
2020-02-17 21:00:00,12.504608,6.5746765,901.8113,4.94756,26.761292,67.151634
2020-02-17 22:00:00,11.799713,6.241455,901.5025,4.5842705,28.140045,68.74334
2020-02-17 23:00:00,11.733246,6.245178,901.36835,4.5221796,30.070312,69.06317
2020-02-18 00:00:00,11.883453,6.3223267,901.58124,4.445066,32.871582,68.74686
2020-02-18 01:00:00,11.80188,6.2127686,902.0528,4.3206906,36.816803,68.59771
2020-02-18 02:00:00,12.787537,6.4621887,902.74756,4.210319,39.389038,65.41019
2020-02-18 03:00:00,13.428253,6.52536,903.36334,4.054991,40.0636,63.0037
2020-02-18 04:00:00,14.404907,6.6405334,903.76263,3.7072256,37.89023,59.605553
2020-02-18 05:00:00,17.565247,6.6197815,903.72217,3.152102,29.533264,48.644806
2020-02-18 06:00:00,18.445007,6.3525085,903.30743,2.7079256,9.756134,45.18906
2020-02-18 07:00:00,18.73767,6.456482,902.5125,2.7939115,343.90198,44.6877
2020-02-18 08:00:00,20.071106,6.2954407,901.60724,3.3104997,326.48355,40.677704
2020-02-18 09:00:00,20.300598,6.1572266,900.81055,3.75985,318.4535,39.724327
2020-02-18 10:00:00,19.318115,6.8758545,900.2604,3.7834523,318.16306,44.358574
2020-02-18 11:00:00,19.209808,6.796753,900.1666,3.238614,328.14774,44.417015
2020-02-18 12:00:00,19.019043,6.5195312,900.3703,2.5280268,347.11163,44.100304
2020-02-18 13:00:00,18.58014,6.2904053,900.8083,2.2189791,0.57141113,44.61703
2020-02-18 14:00:00,17.054108,6.8452454,901.41077,2.1580021,18.958801,51.025642
2020-02-18 15:00:00,15.811188,6.7704163,901.9734,2.2192078,33.25708,54.94177
2020-02-18 16:00:00,15.511108,6.6291504,902.3228,2.2920947,45.006958,55.46644
2020-02-18 17:00:00,14.436523,6.6651,902.3777,2.3318572,52.315887,59.584385
2020-02-18 18:00:00,14.141602,6.6062927,902.0608,2.3667758,57.07834,60.48714
2020-02-18 19:00:00,13.772797,6.5169067,901.59326,2.3923275,59.944916,61.57182
2020-02-18 20:00:00,12.943848,6.4049377,901.0694,2.4636314,60.822662,64.4902
2020-02-18 21:00:00,12.804321,6.4030457,900.71185,2.5947454,59.854614,65.072945
2020-02-18 22:00:00,12.27771,6.3559265,900.3805,2.529933,58.198822,67.141205
2020-02-18 23:00:00,12.17926,6.3648987,900.29346,2.688614,59.062286,67.61891
2020-02-19 00:00:00,12.465912,6.580719,900.5199,2.9918113,60.17978,67.350296
2020-02-19 01:00:00,12.376282,6.5839233,901.06244,3.3469748,62.794495,67.76263
2020-02-19 02:00:00,13.452637,7.0549316,901.8046,3.577924,67.08777,65.23201
2020-02-19 03:00:00,14.048218,7.325714,902.51373,3.6253157,72.843445,63.929802
2020-02-19 04:00:00,15.08844,7.8287964,902.92017,3.0824068,76.83307,61.86477
2020-02-19 05:00:00,17.89685,8.065369,902.9256,2.083138,74.13818,52.585022
2020-02-19 06:00:00,18.720856,7.7660522,902.45703,1.2521495,51.58011,48.930267
2020-02-19 07:00:00,19.019989,7.833008,901.6238,1.2162417,3.0882263,48.244167
2020-02-19 08:00:00,20.044891,7.7920227,900.63446,1.776278,344.22476,45.141705
2020-02-19 09:00:00,20.159546,7.872467,899.8293,2.2601757,345.51526,45.068726
2020-02-19 10:00:00,19.154755,8.588013,899.3297,2.5135286,349.72177,50.355392
2020-02-19 11:00:00,19.029846,8.653931,899.3769,2.9992602,12.854553,50.97579
2020-02-19 12:00:00,18.773132,8.592194,899.7054,3.8786519,30.141052,51.583504
2020-02-19 13:00:00,18.480133,8.539917,900.21893,4.5429134,40.215973,52.352272
2020-02-19 14:00:00,17.17871,8.767395,900.9037,5.0057735,47.038025,57.702194
2020-02-19 15:00:00,15.923676,8.718658,901.4943,5.2630053,52.762817,62.288742
2020-02-19 16:00:00,15.682068,8.6935425,901.9512,5.3465214,57.838898,63.151085
2020-02-19 17:00:00,14.708069,8.691467,902.1152,5.328815,61.01007,67.21897
2020-02-19 18:00:00,14.435303,8.640564,901.94885,5.2770395,62.450317,68.17789
2020-02-19 19:00:00,14.205719,8.576874,901.59735,5.2727075,63.05551,68.90026
2020-02-19 20:00:00,13.444763,8.43689,901.1932,5.3145704,62.52411,71.70688
2020-02-19 21:00:00,13.28775,8.377747,900.8465,5.43002,61.395294,72.154526
2020-02-19 22:00:00,12.644531,8.177246,900.57056,5.141669,59.190765,74.23622
2020-02-19 23:00:00,12.497772,8.092194,900.55896,5.465148,60.59497,74.52235
2020-02-20 00:00:00,12.670471,8.196564,900.9084,5.7980213,61.615417,74.2074
2020-02-20 01:00:00,12.611969,8.165283,901.5442,6.1828594,63.228577,74.33441
2020-02-20 02:00:00,13.554932,8.618988,902.3615,6.5575423,65.71393,72.07748
2020-02-20 03:00:00,13.9999695,8.759613,903.0963,6.670954,67.829865,70.69282
2020-02-20 04:00:00,14.652069,8.955841,903.582,6.505502,68.77435,68.67735
2020-02-20 05:00:00,17.400604,9.178925,903.5804,5.9741893,68.642334,58.499996
2020-02-20 06:00:00,18.335724,9.052673,903.1138,5.34361,65.71115,54.689808
2020-02-20 07:00:00,18.636414,9.172424,902.2385,4.7679687,59.236603,54.104275
2020-02-20 08:00:00,19.800781,9.060608,901.35583,4.451318,50.50885,49.94203
2020-02-20 09:00:00,19.924774,9.02417,900.6203,4.5182605,43.25705,49.43816
2020-02-20 10:00:00,18.985413,9.273071,900.2968,4.4471965,41.952454,53.297256
2020-02-20 11:00:00,18.853638,9.258942,900.34766,5.2174687,42.976685,53.686394
2020-02-20 12:00:00,18.672241,9.076263,900.71265,6.169326,45.29712,53.63459
2020-02-20 13:00:00,18.448456,9.039825,901.24414,6.7051854,48.908234,54.257763
2020-02-20 14:00:00,17.183472,9.128815,901.93604,7.030333,52.166138,59.108543
2020-02-20 15:00:00,15.909943,8.829224,902.5935,7.1985445,55.000366,62.810795
2020-02-20 16:00:00,15.564331,8.660004,903.11896,7.254097,57.46405,63.4848
2020-02-20 17:00:00,14.640228,8.716797,903.28064,7.2656164,58.65912,67.62942
2020-02-20 18:00:00,14.363861,8.635529,903.1484,7.267718,59.008636,68.4701
2020-02-20 19:00:00,14.147034,8.557312,902.7976,7.2425256,58.37558,69.07107
2020-02-20 20:00:00,13.317474,8.39389,902.4118,7.2329984,57.212555,72.09367
2020-02-20 21:00:00,13.190796,8.341827,902.0782,7.2754097,55.92328,72.43567
2020-02-20 22:00:00,12.612762,8.2013855,901.8457,7.4078207,53.618286,74.5129
2020-02-20 23:00:00,12.501556,8.1658325,901.9162,7.681511,53.957672,74.87732
2020-02-21 00:00:00,12.622589,8.207397,902.3859,7.961808,54.946167,74.49533
2020-02-21 01:00:00,12.565369,8.17099,903.2326,8.314738,56.059845,74.59072
2020-02-21 02:00:00,13.645172,8.5668335,904.0912,8.700092,58.164062,71.40333
2020-02-21 03:00:00,14.152161,8.648529,904.85126,9.044312,60.90158,69.47551
2020-02-21 04:00:00,14.784912,8.920624,905.31146,9.236051,64.58679,67.93005
2020-02-21 05:00:00,17.40213,9.120605,905.356,9.106627,67.408844,58.26505
2020-02-21 06:00:00,18.392365,9.068298,904.9124,8.656008,68.15698,54.553394
2020-02-21 07:00:00,18.699738,9.1492,904.18695,8.054517,66.002594,53.806202
2020-02-21 08:00:00,19.86792,9.061676,903.35693,7.523341,61.94281,49.7382
2020-02-21 09:00:00,20.003815,9.117767,902.65546,7.2745094,56.80194,49.508076
2020-02-21 10:00:00,19.123108,9.681274,902.29944,6.9507613,51.209473,54.31066
2020-02-21 11:00:00,19.041473,9.655212,902.3706,7.6303186,48.37793,54.49245
2020-02-21 12:00:00,18.907532,9.565521,902.7311,8.347591,46.955933,54.62001
2020-02-21 13:00:00,18.632477,9.5842285,903.3044,8.613278,46.84482,55.63683
2020-02-21 14:00:00,17.530212,9.797791,904.06525,8.927036,47.937195,60.486244
2020-02-21 15:00:00,16.162628,9.493225,904.82544,9.145592,49.48178,64.63259
2020-02-21 16:00:00,15.872833,9.376801,905.4171,9.23717,50.84503,65.32614
2020-02-21 17:00:00,14.907166,9.418732,905.58307,9.156203,51.307526,69.69633
2020-02-21 18:00:00,14.712982,9.396149,905.3717,9.042033,51.09903,70.46673
2020-02-21 19:00:00,14.525696,9.310211,904.9409,8.947706,50.260437,70.91245
2020-02-21 20:00:00,13.743744,9.112488,904.4511,8.934986,49.014893,73.60994
2020-02-21 21:00:00,13.601685,9.032837,904.0712,9.028552,47.80304,73.89504
2020-02-21 22:00:00,12.948395,8.740662,903.7712,9.364059,47.336304,75.60496
2020-02-21 23:00:00,12.863831,8.718353,903.7643,9.5503645,47.083923,75.90965
2020-02-22 00:00:00,13.060455,8.86908,904.03375,9.706412,47.781464,75.70716
2020-02-22 01:00:00,12.951294,8.769226,904.61487,9.887852,48.816956,75.73664
2020-02-22 02:00:00,13.8732605,9.107605,905.3248,10.137719,50.906067,72.96948
2020-02-22 03:00:00,14.4453125,9.244354,905.9208,10.1898,54.058563,70.96643
2020-02-22 04:00:00,15.16983,9.409149,906.2765,10.0461,57.46521,68.484726
2020-02-22 05:00:00,17.600342,9.862152,906.2286,9.761313,59.539795,60.4795
2020-02-22 06:00:00,18.678436,9.903259,905.7312,9.406656,59.730682,56.676365
2020-02-22 07:00:00,18.943268,9.953857,904.88745,8.87545,57.441895,55.935497
2020-02-22 08:00:00,20.109528,9.9122925,903.95,8.340787,53.7948,51.88098
2020-02-22 09:00:00,20.280243,9.909912,903.14056,8.037418,49.625946,51.328163
2020-02-22 10:00:00,19.39801,10.249115,902.5846,7.6592636,44.258972,55.4568
2020-02-22 11:00:00,19.312378,10.27478,902.56165,7.980089,42.406494,55.84865
2020-02-22 12:00:00,19.125214,10.170776,902.7645,8.244307,43.034393,56.112373
2020-02-22 13:00:00,18.86673,10.065491,903.2235,8.276844,44.279297,56.624687
2020-02-22 14:00:00,17.699677,10.273621,903.75214,8.396415,46.07141,61.778538
2020-02-22 15:00:00,16.385468,10.029968,904.25854,8.396601,47.821045,66.05579
2020-02-22 16:00:00,16.113892,9.967285,904.57776,8.296327,49.43109,66.92745
2020-02-22 17:00:00,15.125183,9.738922,904.6658,8.128611,50.401367,70.2188
2020-02-22 18:00:00,14.789276,9.550873,904.51056,7.968055,50.673798,70.85371
2020-02-22 19:00:00,14.614868,9.544647,904.1471,7.8020616,50.197144,71.62508
2020-02-22 20:00:00,13.785095,9.239136,903.66583,7.6853027,49.281494,74.041245
2020-02-22 21:00:00,13.563812,9.144562,903.15985,7.637379,48.61667,74.6371
2020-02-22 22:00:00,12.987976,9.048981,902.85016,7.5814657,50.98398,76.99517
2020-02-22 23:00:00,12.895691,9.002899,902.68396,7.745915,51.30072,77.2208
2020-02-23 00:00:00,12.981506,9.033722,902.90314,7.9522047,52.063477,76.94854
2020-02-23 01:00:00,12.918488,8.95993,903.39343,8.215781,53.168976,76.88267
2020-02-23 02:00:00,13.885345,9.408997,904.0909,8.4752655,54.934814,74.40617
2020-02-23 03:00:00,14.562683,9.540131,904.7008,8.413315,58.129272,71.844925
2020-02-23 04:00:00,15.185669,9.698364,905.2001,8.131283,61.364685,69.75647
2020-02-23 05:00:00,17.917694,10.074097,905.1588,7.6708775,62.91739,60.129517
2020-02-23 06:00:00,18.781555,10.094818,904.65576,7.0319567,61.356873,57.03849
2020-02-23 07:00:00,19.094055,10.147125,903.7353,6.3133025,56.77939,56.132687
2020-02-23 08:00:00,20.220001,9.936401,902.7289,5.8274937,50.40143,51.611023
2020-02-23 09:00:00,20.383606,9.927063,901.85046,5.6683354,44.34265,51.06015
2020-02-23 10:00:00,19.470642,10.1388855,901.37994,5.495535,38.781372,54.80191
2020-02-23 11:00:00,19.374146,10.083282,901.3053,6.0277004,38.813385,54.92722
2020-02-23 12:00:00,19.194061,10.089508,901.4242,6.4662066,41.52661,55.569553
2020-02-23 13:00:00,18.89679,10.02243,901.678,6.5390563,43.44687,56.355976
2020-02-23 14:00:00,17.616028,10.219635,902.1312,6.698618,45.40396,61.88163
2020-02-23 15:00:00,16.347809,9.896576,902.58844,6.7336936,48.029175,65.625885
2020-02-23 16:00:00,16.048859,9.79306,902.8847,6.6752353,50.54599,66.426186
2020-02-23 17:00:00,14.984924,9.658295,902.8999,6.5784154,52.524597,70.47294
2020-02-23 18:00:00,14.701569,9.623566,902.636,6.4618316,53.341827,71.60393
2020-02-23 19:00:00,14.481689,9.573273,902.2312,6.3885517,53.161194,72.38252
2020-02-23 20:00:00,13.6510315,9.250519,901.7322,6.3619494,52.171753,74.746284
2020-02-23 21:00:00,13.449463,9.145142,901.1983,6.4414344,51.24707,75.19759
2020-02-23 22:00:00,12.7854,8.914917,900.80023,6.3400264,52.55188,77.31976
2020-02-23 23:00:00,12.661591,8.852966,900.51294,6.497628,53.483185,77.62393
2020-02-24 00:00:00,12.79483,8.919617,900.685,6.685048,54.856598,77.29657
2020-02-24 01:00:00,12.649445,8.812561,901.1881,6.878988,56.544373,77.47407
2020-02-24 02:00:00,13.788605,9.269775,901.90674,7.070106,58.526093,74.17716
2020-02-24 03:00:00,14.227203,9.258362,902.5165,7.1122446,61.864685,72.04233
2020-02-24 04:00:00,14.925354,9.580444,902.8959,6.843551,65.39929,70.37502
2020-02-24 05:00:00,17.631683,10.115997,902.78046,6.246389,67.11316,61.394005
2020-02-24 06:00:00,18.609192,10.156616,902.23834,5.405394,65.3793,57.89519
2020-02-24 07:00:00,18.924255,10.087524,901.4269,4.620211,58.517303,56.504845
2020-02-24 08:00:00,19.988403,9.806885,900.49445,4.1359477,48.86789,51.90362
2020-02-24 09:00:00,20.149078,9.74646,899.63654,4.0447497,38.8743,51.182453
2020-02-24 10:00:00,19.24002,9.813232,899.1163,4.039005,29.731934,54.39558
2020-02-24 11:00:00,19.193604,9.812408,898.9568,4.522776,30.147675,54.55004
2020-02-24 12:00:00,19.02948,9.728973,899.0787,5.027524,35.227295,54.803627
2020-02-24 13:00:00,18.786377,9.826141,899.4109,5.362399,40.082886,56.005215
2020-02-24 14:00:00,17.515656,10.022766,899.9057,5.6420918,44.007507,61.460583
2020-02-24 15:00:00,16.19278,9.666992,900.3945,5.788452,47.38315,65.2653
2020-02-24 16:00:00,15.895721,9.604889,900.7646,5.786667,50.082275,66.23776
2020-02-24 17:00:00,14.8324585,9.426727,900.89124,5.709681,52.40802,70.07009
2020-02-24 18:00:00,14.545227,9.290253,900.755,5.565795,54.00595,70.728065
2020-02-24 19:00:00,14.353516,9.262024,900.4447,5.441038,55.070984,71.47368
2020-02-24 20:00:00,13.573639,9.061371,899.95416,5.2852263,55.316467,74.1725
2020-02-24 21:00:00,13.414337,8.976471,899.5583,5.2005343,55.7724,74.51782
2020-02-24 22:00:00,12.74295,8.766449,899.2954,5.197461,56.837677,76.76159
2020-02-24 23:00:00,12.592651,8.644897,899.31,5.1604133,57.947296,76.88686
2020-02-25 00:00:00,12.724731,8.707703,899.60724,5.2071257,59.445984,76.54873
2020-02-25 01:00:00,12.6614685,8.640686,900.2101,5.308946,61.210236,76.5191
2020-02-25 02:00:00,13.6848755,8.966217,900.8769,5.409077,64.59027,73.16702
2020-02-25 03:00:00,14.151672,9.040009,901.49005,5.4257445,69.59094,71.338554
2020-02-25 04:00:00,14.778534,9.302856,901.8766,5.081785,74.11017,69.73078
2020-02-25 05:00:00,17.43341,9.789764,901.8105,4.400307,75.64639,60.824196
2020-02-25 06:00:00,18.37387,9.768433,901.28143,3.5456953,72.19589,57.248104
2020-02-25 07:00:00,18.690155,9.803253,900.4654,2.786343,61.17044,56.256763
2020-02-25 08:00:00,19.642456,9.510132,899.6304,2.4258828,45.07141,51.983673
2020-02-25 09:00:00,19.749329,9.468628,898.86584,2.5672133,29.26416,51.496307
2020-02-25 10:00:00,18.985992,9.576111,898.36273,3.0070693,15.465393,54.39187
2020-02-25 11:00:00,18.881195,9.555725,898.2861,3.8298712,18.631012,54.67394
2020-02-25 12:00:00,18.684937,9.621582,898.55646,4.5132265,26.838043,55.593754
2020-02-25 13:00:00,18.491577,9.705139,898.99524,5.0393286,32.899323,56.58682
2020-02-25 14:00:00,17.26709,9.908173,899.5896,5.4886813,37.16028,61.956112
2020-02-25 15:00:00,16.09491,9.565674,900.1596,5.752004,40.45752,65.228874
2020-02-25 16:00:00,15.73999,9.450836,900.65515,5.8698497,43.725403,66.21196
2020-02-25 17:00:00,14.861633,9.373169,900.8378,5.9248476,45.544067,69.68722
2020-02-25 18:00:00,14.634338,9.328186,900.808,5.93447,46.88089,70.50214
2020-02-25 19:00:00,14.415558,9.273804,900.5559,5.9295473,47.217377,71.244064
2020-02-25 20:00:00,13.778198,9.10025,900.193,5.9321604,47.691284,73.38484
2020-02-25 21:00:00,13.556732,8.999451,899.87054,6.014235,48.17331,73.9448
2020-02-25 22:00:00,12.877777,8.87207,899.71533,5.9885783,49.411194,76.63194
2020-02-25 23:00:00,12.759033,8.740631,899.6727,6.146302,51.387207,76.54716
2020-02-26 00:00:00,12.983978,8.833923,900.0253,6.2628446,53.669983,75.90598
2020-02-26 01:00:00,12.954895,8.81778,900.6057,6.4300776,56.374207,75.96754
2020-02-26 02:00:00,14.007141,9.260529,901.2996,6.5890613,59.44632,73.087265
2020-02-26 03:00:00,14.410034,9.355377,901.88354,6.6217074,61.8367,71.66161
2020-02-26 04:00:00,15.00473,9.515472,902.21545,6.4962087,62.228424,69.71172
2020-02-26 05:00:00,17.579803,9.82251,902.2025,6.0956774,61.25406,60.397293
2020-02-26 06:00:00,18.506409,9.788452,901.77435,5.4966125,57.728302,56.850918
2020-02-26 07:00:00,18.828949,9.906311,901.0832,4.9383006,49.80017,56.157166
2020-02-26 08:00:00,19.753113,9.644684,900.22906,4.5942454,40.303253,52.096348
2020-02-26 09:00:00,19.880646,9.59314,899.4721,4.576047,31.811981,51.507614
2020-02-26 10:00:00,19.081116,9.725037,899.0075,4.477059,23.152405,54.61304
2020-02-26 11:00:00,19.05249,9.711182,899.0262,5.020338,23.562103,54.6598
2020-02-26 12:00:00,18.871826,9.6467285,899.3441,5.289287,29.64206,55.04106
2020-02-26 13:00:00,18.53006,9.539795,899.8275,5.5660777,33.29547,55.8278
2020-02-26 14:00:00,17.443481,9.868774,900.4177,5.782258,36.272552,61.108124
2020-02-26 15:00:00,16.328705,9.543152,901.0135,5.822982,38.654175,64.16706
2020-02-26 16:00:00,16.077087,9.492859,901.49445,5.8132,40.458252,64.98456
2020-02-26 17:00:00,15.131531,9.403931,901.68695,5.687306,41.074707,68.6294
2020-02-26 18:00:00,14.830688,9.23764,901.5781,5.5589676,40.817688,69.19254
2020-02-26 19:00:00,14.585846,9.102997,901.24133,5.395773,39.67444,69.65909
2020-02-26 20:00:00,13.815063,8.883148,900.8544,5.3601336,37.81781,72.14534
2020-02-26 21:00:00,13.661346,8.776428,900.53784,5.4446144,35.68219,72.346214
2020-02-26 22:00:00,12.913147,8.558044,900.4585,5.123693,33.174835,74.84936
2020-02-26 23:00:00,12.77063,8.40448,900.467,5.3938417,32.690918,74.769005
2020-02-27 00:00:00,13.0373535,8.585724,900.7785,5.651651,33.22525,74.38339
2020-02-27 01:00:00,12.980194,8.529022,901.3425,5.963155,35.213593,74.37579
2020-02-27 02:00:00,13.952362,8.736511,902.0558,6.304685,37.220917,70.8008
2020-02-27 03:00:00,14.447235,8.810181,902.6946,6.578866,38.503143,68.91072
2020-02-27 04:00:00,15.199829,9.145721,903.07,6.6021433,39.124115,67.15204
2020-02-27 05:00:00,17.786957,9.448547,903.0078,6.423805,37.984467,58.136856
2020-02-27 06:00:00,18.756287,9.322113,902.46924,6.1489363,33.94577,54.243965
2020-02-27 07:00:00,19.10315,9.413483,901.6277,5.9537234,27.66925,53.409298
2020-02-27 08:00:00,20.207153,9.094055,900.7579,5.8953466,21.871307,48.811172
2020-02-27 09:00:00,20.35019,9.063446,900.04846,5.898737,18.298096,48.28206
2020-02-27 10:00:00,19.595032,9.64035,899.6525,5.9933085,20.381012,52.594704
2020-02-27 11:00:00,19.443604,9.490997,899.5821,6.042362,23.393768,52.562267
2020-02-27 12:00:00,19.236603,9.427887,899.7818,6.078663,29.264893,53.018368
2020-02-27 13:00:00,18.998047,9.283112,900.1149,6.2741647,33.80896,53.291237
2020-02-27 14:00:00,17.667786,9.354095,900.59344,6.3608327,37.849792,58.204227
2020-02-27 15:00:00,16.377808,9.175964,901.0488,6.34204,41.42621,62.406773
2020-02-27 16:00:00,16.042114,9.019989,901.3817,6.224263,44.549652,63.089817
2020-02-27 17:00:00,15.013489,8.804291,901.44476,6.0082026,46.63623,66.41407
2020-02-27 18:00:00,14.708435,8.674927,901.17596,5.743872,47.96399,67.142265
2020-02-27 19:00:00,14.473328,8.588165,900.75275,5.4941335,48.0455,67.76997
2020-02-27 20:00:00,13.743347,8.380707,900.23444,5.304141,47.265106,70.0606
2020-02-27 21:00:00,13.561554,8.279877,899.7883,5.2029047,46.422974,70.41058
2020-02-27 22:00:00,12.810242,8.023193,899.56494,4.930826,50.287384,72.67073
2020-02-27 23:00:00,12.739075,8.029327,899.5221,5.004197,49.941956,73.04048
2020-02-28 00:00:00,12.996887,8.153809,899.86096,5.1232185,50.295044,72.428894
2020-02-28 01:00:00,12.8966675,8.050659,900.4345,5.357478,51.023376,72.39601
2020-02-28 02:00:00,14.150909,8.467468,901.0692,5.6517396,53.332153,68.63504
2020-02-28 03:00:00,14.724701,8.824768,901.6236,5.7290187,56.164795,67.75439
2020-02-28 04:00:00,15.274109,9.018402,901.94025,5.4551864,59.224335,66.26151
2020-02-28 05:00:00,18.080627,9.470001,901.85046,4.942566,59.288513,57.155228
2020-02-28 06:00:00,19.021454,9.366974,901.3505,4.380436,53.969025,53.5145
2020-02-28 07:00:00,19.29364,9.452118,900.61084,3.9448986,43.637085,52.91652
2020-02-28 08:00:00,20.389984,9.333923,899.7612,3.8374152,32.5119,49.04868
2020-02-28 09:00:00,20.491241,9.308411,899.0103,4.016289,24.90857,48.659615
2020-02-28 10:00:00,19.572052,9.785461,898.51984,4.157999,21.03418,53.184807
2020-02-28 11:00:00,19.49234,9.790283,898.4524,4.7481904,23.523315,53.46614
2020-02-28 12:00:00,19.302277,9.677368,898.6118,5.311362,26.188171,53.69391
2020-02-28 13:00:00,19.013733,9.576599,898.9734,5.7298374,29.339752,54.2996
2020-02-28 14:00:00,17.828674,9.618683,899.4746,5.9343667,32.70526,58.650597
2020-02-28 15:00:00,16.488434,9.467468,899.9997,5.9487057,36.06653,63.19608
2020-02-28 16:00:00,16.2359,9.39801,900.38806,5.882064,39.035217,63.921154
2020-02-28 17:00:00,15.332275,9.242035,900.4894,5.71599,40.802948,67.01662
2020-02-28 18:00:00,15.006714,9.148804,900.26056,5.4847145,41.249084,68.00494
2020-02-28 19:00:00,14.809235,9.083252,899.848,5.2402177,41.53647,68.57155
2020-02-28 20:00:00,13.830933,8.833771,899.4062,5.063158,40.593994,71.83121
2020-02-28 21:00:00,13.650726,8.726501,899.0213,4.9428387,39.9859,72.15238
2020-02-28 22:00:00,13.040985,8.527008,898.6838,4.498547,39.674713,74.07087
2020-02-28 23:00:00,12.919647,8.464508,898.6696,4.436419,40.36267,74.34531
2020-02-29 00:00:00,13.109924,8.5763855,898.9269,4.418107,42.173126,73.98497
2020-02-29 01:00:00,13.070343,8.563263,899.48334,4.4582744,44.348145,74.1106
2020-02-29 02:00:00,14.396179,8.985046,900.19244,4.4491014,48.174316,69.9592
2020-02-29 03:00:00,14.845398,9.158936,900.8338,4.229152,51.59085,68.76168
2020-02-29 04:00:00,15.490967,9.494354,901.2229,3.7626057,54.54297,67.4731
2020-02-29 05:00:00,18.13028,9.716003,901.19,3.068437,54.44214,57.925808
2020-02-29 06:00:00,19.06189,9.647369,900.7771,2.391276,45.541473,54.39447
2020-02-29 07:00:00,19.340942,9.81897,900.06415,2.0327544,26.027832,54.075726
2020-02-29 08:00:00,20.348602,9.53656,899.24084,2.1721864,6.0899353,49.848354
2020-02-29 09:00:00,20.450653,9.491547,898.51,2.6086993,356.94278,49.385826
2020-02-29 10:00:00,19.63617,10.215363,898.14154,2.4861634,10.381409,54.519115
2020-02-29 11:00:00,19.547363,10.133789,898.1309,3.1307776,13.982391,54.522686
2020-02-29 12:00:00,19.329895,10.085846,898.4283,3.8189442,20.975128,55.08809
2020-02-29 13:00:00,19.119995,10.062805,898.86334,4.244954,28.008118,55.726997
2020-02-29 14:00:00,17.967346,10.24054,899.4635,4.5332055,33.213562,60.612385
2020-02-29 15:00:00,16.582123,10.042114,900.09076,4.632696,37.073853,65.287766
2020-02-29 16:00:00,16.3302,9.991333,900.546,4.6000185,39.70169,66.11749
2020-02-29 17:00:00,15.363129,9.871399,900.71075,4.5314536,41.5502,69.770676
2020-02-29 18:00:00,15.101898,9.754486,900.5895,4.412542,43.19046,70.39739
2020-02-29 19:00:00,14.931824,9.798676,900.31616,4.31576,43.883118,71.382835
2020-02-29 20:00:00,14.039215,9.488495,899.9486,4.258645,44.102844,74.06194
2020-02-29 21:00:00,13.80426,9.392334,899.61163,4.234001,44.043396,74.71511
2020-02-29 22:00:00,13.323059,9.240173,899.41833,4.119348,41.98285,76.306046
2020-02-29 23:00:00,13.243988,9.221436,899.3722,4.1870675,43.216187,76.60377
2020-03-01 00:00:00,13.354858,9.201721,899.65314,4.269941,45.245667,75.95123
2020-03-01 01:00:00,13.298584,9.15097,900.1907,4.379564,47.57794,75.97024
2020-03-01 02:00:00,14.501282,9.530884,900.8343,4.515095,50.463104,72.085556
2020-03-01 03:00:00,15.105316,9.787964,901.375,4.357398,52.75284,70.54003
2020-03-01 04:00:00,15.687256,9.977234,901.7081,4.0556154,54.14789,68.82252
2020-03-01 05:00:00,18.500763,10.261871,901.6396,3.4767992,53.732086,58.7007
2020-03-01 06:00:00,19.200836,10.173859,901.1958,2.8326476,46.89563,55.860115
2020-03-01 07:00:00,19.45578,10.233215,900.4261,2.3933735,31.66336,55.199326
2020-03-01 08:00:00,20.41394,10.077972,899.5547,2.3075686,13.122406,51.481766
2020-03-01 09:00:00,20.714478,9.970123,898.725,2.5638156,1.6536255,50.173515
2020-03-01 10:00:00,19.830902,10.5390625,898.23834,2.5628583,1.5672913,55.040127
2020-03-01 11:00:00,19.73236,10.569489,898.19244,3.1017127,8.148254,55.489838
2020-03-01 12:00:00,19.553467,10.641541,898.38086,3.5438333,18.331726,56.37934
2020-03-01 13:00:00,19.264832,10.568024,898.7968,3.791237,22.50238,57.120205
2020-03-01 14:00:00,17.997253,10.67038,899.36743,3.9203784,27.43509,62.25707
2020-03-01 15:00:00,16.805939,10.564178,899.9769,3.9603815,30.524048,66.648735
2020-03-01 16:00:00,16.514282,10.482056,900.41907,3.846089,32.331757,67.524376
2020-03-01 17:00:00,15.56842,10.408691,900.5323,3.6339962,31.938263,71.375854
2020-03-01 18:00:00,15.213959,10.231537,900.4468,3.3199387,30.772217,72.159035
2020-03-01 19:00:00,15.0607605,10.272583,900.1799,3.087074,27.183716,73.07295
2020-03-01 20:00:00,14.252319,9.966614,899.83655,2.9603286,23.05957,75.426315
2020-03-01 21:00:00,14.069275,9.900848,899.4746,2.9299734,19.138153,75.99039
2020-03-01 22:00:00,13.534088,9.660889,899.24005,2.7229397,24.614136,77.42254
2020-03-01 23:00:00,13.438385,9.604309,899.1449,2.7020264,20.615509,77.611176
2020-03-02 00:00:00,13.450592,9.533173,899.3917,2.7057164,19.583252,77.18008
2020-03-02 01:00:00,13.414581,9.507172,900.008,2.7027383,22.03476,77.22632
2020-03-02 02:00:00,14.597412,9.893311,900.71124,2.5826197,23.89392,73.40187
2020-03-02 03:00:00,14.916351,9.966858,901.3416,2.4597793,21.582489,72.26324
2020-03-02 04:00:00,15.503143,10.218536,901.67,2.1959207,14.914398,70.77118
2020-03-02 05:00:00,18.11853,10.443848,901.59717,2.0712204,357.15475,60.859203
2020-03-02 06:00:00,19.160492,10.449951,901.07935,2.3630545,335.55487,57.042076
2020-03-02 07:00:00,19.449982,10.511047,900.303,3.013935,320.85086,56.25211
2020-03-02 08:00:00,20.472198,10.199432,899.45514,3.7230291,314.23444,51.71511
2020-03-02 09:00:00,20.622437,10.1094055,898.71313,4.2358484,313.1191,50.930996
2020-03-02 10:00:00,19.790527,10.34256,898.2304,4.07538,322.63684,54.45993
2020-03-02 11:00:00,19.698029,10.277557,898.18146,3.9958885,331.67126,54.536217
2020-03-02 12:00:00,19.495361,10.208984,898.3965,3.5906992,344.52393,54.97464
2020-03-02 13:00:00,19.230927,10.080444,898.81714,3.4660592,354.47,55.40852
2020-03-02 14:00:00,17.980072,10.301758,899.399,3.3466685,3.3292542,60.811924
2020-03-02 15:00:00,16.664093,10.063965,899.93,3.1738856,9.150818,65.04363
2020-03-02 16:00:00,16.455994,10.0078125,900.3229,2.9528458,12.48349,65.66261
2020-03-02 17:00:00,15.462524,9.883087,900.4221,2.738122,12.533661,69.38166
2020-03-02 18:00:00,15.049805,9.600891,900.27014,2.5794206,10.3090515,69.90965
2020-03-02 19:00:00,14.826904,9.57431,899.9518,2.4815814,6.678009,70.793434
2020-03-02 20:00:00,14.031616,9.387329,899.577,2.5315795,2.7599792,73.5964
2020-03-02 21:00:00,13.695953,9.160614,899.2357,2.632483,0.61343384,74.07862
2020-03-02 22:00:00,13.200348,9.091217,898.9465,2.7128463,358.87796,76.151344
2020-03-02 23:00:00,13.066437,9.029114,898.91486,2.8769176,0.056152344,76.499016
2020-03-03 00:00:00,13.1770935,9.004303,899.2658,2.9889927,3.0059814,75.82146
2020-03-03 01:00:00,13.145691,8.976501,899.8658,3.0886781,7.329376,75.83469
2020-03-03 02:00:00,14.329254,9.237671,900.52905,3.0318334,11.144928,71.468666
2020-03-03 03:00:00,14.844849,9.413086,901.08203,2.7942886,12.119049,69.95003
2020-03-03 04:00:00,15.60672,9.790802,901.35815,2.4856052,4.292755,68.31999
2020-03-03 05:00:00,18.230316,10.056549,901.1907,2.3636758,346.06207,58.890873
2020-03-03 06:00:00,19.295471,9.975342,900.646,2.8002398,323.7568,54.799713
2020-03-03 07:00:00,19.596191,10.0781555,899.7478,3.6161013,310.1232,54.155815
2020-03-03 08:00:00,20.603455,9.7230835,898.8541,4.4064627,303.69342,49.68878
2020-03-03 09:00:00,20.69748,9.645355,898.04553,4.914954,301.79913,49.144943
2020-03-03 10:00:00,19.82779,9.801941,897.5407,4.9243655,305.25516,52.405323
2020-03-03 11:00:00,19.737427,9.749786,897.50867,4.5923104,311.08466,52.51591
2020-03-03 12:00:00,19.444122,9.638641,897.71173,3.79596,320.983,53.08412
2020-03-03 13:00:00,19.20639,9.608612,898.081,3.3178928,331.2432,53.766834
2020-03-03 14:00:00,17.856598,9.805908,898.6683,2.9197268,338.79828,59.287254
2020-03-03 15:00:00,16.680634,9.712158,899.2717,2.6069932,343.92825,63.46262
2020-03-03 16:00:00,16.343353,9.572937,899.6985,2.2932098,346.23734,64.23555
2020-03-03 17:00:00,15.376373,9.516663,899.76227,2.0067863,345.53534,68.07259
2020-03-03 18:00:00,15.082367,9.487274,899.59033,1.79053,340.88623,69.23328
2020-03-03 19:00:00,14.804413,9.364075,899.1983,1.7146938,335.73376,69.90181
2020-03-03 20:00:00,13.937378,9.056213,898.7943,1.8027289,330.9513,72.41532
2020-03-03 21:00:00,13.738403,8.997437,898.47406,1.8890656,331.25153,73.06665
2020-03-03 22:00:00,13.163361,8.8081665,898.1051,1.8190634,328.2086,74.8916
2020-03-03 23:00:00,13.062286,8.776306,898.2088,1.8244218,335.56186,75.225365
2020-03-04 00:00:00,13.191467,8.837128,898.594,1.7593979,343.2193,74.90071
2020-03-04 01:00:00,13.152466,8.8298645,899.28485,1.7191032,353.63312,75.054756
2020-03-04 02:00:00,14.44046,9.328217,900.04663,1.5940651,1.9935608,71.39035
2020-03-04 03:00:00,14.858429,9.49118,900.75586,1.3500644,357.5833,70.25656
2020-03-04 04:00:00,15.385376,9.64389,901.12384,1.2183425,333.92178,68.61678
2020-03-04 05:00:00,18.052307,9.850128,901.01373,1.4400835,305.4412,58.7358
2020-03-04 06:00:00,18.993927,9.781403,900.5087,2.0906644,288.7701,55.118675
2020-03-04 07:00:00,19.27237,9.887787,899.6485,2.8512785,282.7994,54.557903
2020-03-04 08:00:00,20.210632,9.625397,898.6842,3.5671885,281.65326,50.575726
2020-03-04 09:00:00,20.33023,9.635712,897.8591,4.012303,284.1175,50.238163
2020-03-04 10:00:00,19.419525,9.914459,897.20435,3.9260068,287.105,54.15727
2020-03-04 11:00:00,19.297363,9.878326,897.0965,3.697627,298.72717,54.43857
2020-03-04 12:00:00,19.081299,9.892883,897.20135,3.1863387,314.7927,55.230057
2020-03-04 13:00:00,18.835785,9.906982,897.5999,2.776767,334.00565,56.13572
2020-03-04 14:00:00,17.67749,9.99707,898.21857,2.5469127,349.19424,60.73208
2020-03-04 15:00:00,16.563232,9.78125,898.80505,2.3248513,0.39675903,64.23454
2020-03-04 16:00:00,16.29602,9.794708,899.2184,2.0572765,7.4527283,65.39493
2020-03-04 17:00:00,15.393829,9.780487,899.3141,1.7714915,11.456207,69.2106
2020-03-04 18:00:00,15.093506,9.690094,899.1068,1.5157148,10.527863,70.13194
2020-03-04 19:00:00,14.856598,9.611206,898.6993,1.3005083,5.539459,70.83336
2020-03-04 20:00:00,14.063721,9.412537,898.27344,1.1756971,359.2239,73.56798
2020-03-04 21:00:00,13.8974,9.3909,897.9143,1.1316038,357.26428,74.25761
2020-03-04 22:00:00,13.372742,9.375,897.5346,1.1492858,335.34235,76.752365
2020-03-04 23:00:00,13.153412,9.22757,897.5639,1.081501,353.441,77.0896
2020-03-05 00:00:00,13.337311,9.365265,897.9726,1.002613,17.006775,76.87943
2020-03-05 01:00:00,13.272797,9.308563,898.6401,1.0992516,44.913696,76.90959
2020-03-05 02:00:00,14.387909,9.644165,899.4434,1.3128533,70.38098,73.169754
2020-03-05 03:00:00,15.0112,9.809448,900.1333,1.3530614,93.65985,71.070465
2020-03-05 04:00:00,15.550171,10.005981,900.5508,1.3450375,122.64572,69.56288
2020-03-05 05:00:00,17.83023,10.128601,900.45044,1.5939854,153.71643,60.682034
2020-03-05 06:00:00,18.677704,9.970459,899.984,2.1443667,182.82367,56.934475
2020-03-05 07:00:00,18.960419,9.993439,899.16376,2.8768313,204.1121,56.02384
2020-03-05 08:00:00,19.782806,9.627899,898.24,3.5177917,216.65694,51.941986
2020-03-05 09:00:00,19.862549,9.612579,897.4024,3.870954,225.4872,51.632725
2020-03-05 10:00:00,19.054688,10.110016,896.8616,3.9494934,239.22089,56.131237
2020-03-05 11:00:00,18.881104,10.034424,896.7907,3.3269303,245.65404,56.45646
2020-03-05 12:00:00,18.732086,10.074341,896.9946,2.3613434,251.03052,57.136852
2020-03-05 13:00:00,18.521973,10.098389,897.4393,1.459697,257.12173,57.986015
2020-03-05 14:00:00,17.387848,10.185333,898.08264,0.9273169,247.97394,62.635433
2020-03-05 15:00:00,16.22586,9.973816,898.7594,0.75217474,222.06116,66.480446
2020-03-05 16:00:00,15.996216,9.996796,899.1878,0.9411087,203.65941,67.56517
2020-03-05 17:00:00,15.1658325,9.980164,899.27344,1.2271676,199.72556,71.176384
2020-03-05 18:00:00,14.909424,9.9328,899.09033,1.4536968,201.05559,72.13087
2020-03-05 19:00:00,14.723633,9.890625,898.77704,1.6064993,204.71184,72.793594
2020-03-05 20:00:00,14.096985,9.742615,898.3256,1.6454741,209.22919,75.05421
2020-03-05 21:00:00,13.995331,9.836731,897.9148,1.5876981,213.18092,76.02832
2020-03-05 22:00:00,13.577576,9.837311,897.6417,1.2805479,223.28067,78.12224
2020-03-05 23:00:00,13.436951,9.795502,897.62146,1.0021049,214.4649,78.61999
2020-03-06 00:00:00,13.651794,9.942841,897.98047,0.83798504,195.94934,78.29741
2020-03-06 01:00:00,13.585632,9.869568,898.6267,0.84593296,167.25098,78.25018
2020-03-06 02:00:00,14.731293,10.291351,899.38763,1.2058392,154.24805,74.733154
2020-03-06 03:00:00,15.117767,10.352051,900.10175,1.7567365,169.19379,73.19277
2020-03-06 04:00:00,15.605072,10.461212,900.5396,2.3827434,187.77342,71.458305
2020-03-06 05:00:00,17.441132,10.605896,900.60864,3.0460207,198.28598,64.200745
2020-03-06 06:00:00,18.316956,10.496338,900.2185,3.635419,205.74092,60.316704
2020-03-06 07:00:00,18.561615,10.54541,899.4811,3.9930005,212.73097,59.59373
2020-03-06 08:00:00,19.350037,10.314941,898.6225,4.148566,219.73438,55.86748
2020-03-06 09:00:00,19.408203,10.264954,897.82556,4.0983934,225.61694,55.48029
2020-03-06 10:00:00,18.803589,10.502441,897.3354,3.7939584,235.85966,58.530933
2020-03-06 11:00:00,18.701538,10.531586,897.39685,2.944262,237.21431,59.01996
2020-03-06 12:00:00,18.515442,10.597504,897.6713,1.7687627,235.06396,59.97394
2020-03-06 13:00:00,18.33731,10.549896,898.1504,0.78820616,202.99551,60.45511
2020-03-06 14:00:00,17.387268,10.694061,898.7977,0.9376776,153.81982,64.79859
2020-03-06 15:00:00,16.262665,10.357758,899.5231,1.3774861,138.73938,68.04812
2020-03-06 16:00:00,16.104706,10.345795,899.9666,1.7428824,136.48468,68.681946
2020-03-06 17:00:00,15.378662,10.371216,900.03314,1.938473,139.07861,72.06894
2020-03-06 18:00:00,15.030884,10.235535,899.8399,2.040898,141.89246,73.03261
2020-03-06 19:00:00,14.872437,10.163513,899.5597,2.0253282,145.24866,73.42705
2020-03-06 20:00:00,14.220764,9.954926,899.1729,1.9384223,147.48663,75.5214
2020-03-06 21:00:00,14.128357,9.962463,898.7963,1.8255395,148.79736,76.01294
2020-03-06 22:00:00,13.799988,9.937744,898.49146,1.4974074,159.11798,77.52068
2020-03-06 23:00:00,13.776611,9.936035,898.605,1.4780576,148.64865,77.62958
2020-03-07 00:00:00,13.920868,9.975861,899.03577,1.620439,138.56525,77.11132
2020-03-07 01:00:00,13.902863,9.945496,899.7486,1.8855566,129.48074,77.04473
2020-03-07 02:00:00,15.063202,10.345337,900.5364,2.3293023,129.69147,73.41708
2020-03-07 03:00:00,15.340393,10.341675,901.25085,2.8997545,143.68863,72.10386
2020-03-07 04:00:00,15.70343,10.392456,901.6418,3.2562075,159.85486,70.68504
2020-03-07 05:00:00,17.635986,10.48764,901.63165,3.4955068,176.9497,62.91878
2020-03-07 06:00:00,18.477356,10.436218,901.24274,3.8220358,192.97287,59.474586
2020-03-07 07:00:00,18.69513,10.510132,900.62646,4.0729985,206.094,58.959274
2020-03-07 08:00:00,19.439484,10.366241,899.8515,4.1673045,216.7972,55.74803
2020-03-07 09:00:00,19.502533,10.357147,899.07916,4.040649,226.14491,55.496304
2020-03-07 10:00:00,18.922974,10.557037,898.6108,3.7241905,234.56107,58.307884
2020-03-07 11:00:00,18.782745,10.529968,898.53534,2.8693676,242.20786,58.714813
2020-03-07 12:00:00,18.654755,10.512909,898.7607,1.7814564,251.39832,59.11929
2020-03-07 13:00:00,18.427032,10.433563,899.174,0.7713687,273.1057,59.65182
2020-03-07 14:00:00,17.530914,10.77182,899.8218,0.36929435,340.07434,64.54668
2020-03-07 15:00:00,16.378479,10.449829,900.45044,0.6106213,40.138336,67.96413
2020-03-07 16:00:00,16.198181,10.413055,900.7768,0.8883685,56.236694,68.58077
2020-03-07 17:00:00,15.444946,10.289795,900.83014,0.981443,62.138428,71.37443
2020-03-07 18:00:00,15.151886,10.175171,900.61224,0.9648645,58.819885,72.17512
2020-03-07 19:00:00,14.93692,10.120789,900.2413,0.9316437,52.30246,72.91438
2020-03-07 20:00:00,14.281189,9.937958,899.7395,0.91617024,40.83905,75.14132
2020-03-07 21:00:00,14.072479,9.860992,899.32874,1.0183074,29.317352,75.77212
2020-03-07 22:00:00,13.524414,9.630768,899.1179,1.340456,13.764587,77.314896
2020-03-07 23:00:00,13.427368,9.54303,899.1079,1.4562635,19.131165,77.348045
2020-03-08 00:00:00,13.621582,9.616852,899.4914,1.5826172,26.886292,76.75603
2020-03-08 01:00:00,13.555695,9.554291,900.1501,1.7461797,34.382416,76.76268
2020-03-08 02:00:00,14.725281,9.884796,900.9422,1.8893899,38.04608,72.75746
2020-03-08 03:00:00,15.038361,9.968658,901.6199,1.5831107,32.512207,71.70679
2020-03-08 04:00:00,15.605286,10.062714,902.0092,1.3264118,9.486816,69.5813
2020-03-08 05:00:00,17.926392,10.0217285,901.9908,1.3480537,342.04965,59.88652
2020-03-08 06:00:00,18.709473,9.81366,901.5918,1.8057753,317.27567,56.228035
2020-03-08 07:00:00,18.934479,9.846222,900.88116,2.6075525,307.44675,55.564316
2020-03-08 08:00:00,19.868835,9.537018,900.00024,3.386859,305.10696,51.351486
2020-03-08 09:00:00,19.96994,9.563263,899.2302,3.8962054,307.429,51.120876
2020-03-08 10:00:00,19.236298,9.724762,898.7048,3.8773093,314.54636,54.08653
2020-03-08 11:00:00,19.133575,9.651001,898.6566,3.8556874,325.7343,54.16515
2020-03-08 12:00:00,18.990143,9.558563,898.87555,3.5168872,344.61813,54.313774
2020-03-08 13:00:00,18.776367,9.462494,899.3127,3.590871,356.08066,54.689606
2020-03-08 14:00:00,17.58487,9.720215,899.9192,3.7463107,4.2939453,59.96547
2020-03-08 15:00:00,16.508026,9.506348,900.53394,3.8082697,10.257172,63.282448
2020-03-08 16:00:00,16.25058,9.480713,900.85095,3.7755005,13.756348,64.21729
2020-03-08 17:00:00,15.37793,9.373291,900.80493,3.6557357,13.597656,67.41321
2020-03-08 18:00:00,15.117249,9.299957,900.56616,3.5684636,11.762268,68.21383
2020-03-08 19:00:00,14.92984,9.227814,900.1385,3.5614202,8.4010315,68.706726
2020-03-08 20:00:00,14.109161,9.047485,899.6535,3.6760535,5.646057,71.57131
2020-03-08 21:00:00,13.898682,8.951508,899.16125,3.7887776,3.5447998,72.08659
2020-03-08 22:00:00,13.23349,8.763611,898.93787,4.074919,7.489502,74.325714
2020-03-08 23:00:00,13.145081,8.781433,898.85095,4.022494,7.988098,74.84573
2020-03-09 00:00:00,13.278778,8.762909,899.1217,4.033494,10.400696,74.10301
2020-03-09 01:00:00,13.216766,8.743408,899.59393,4.0568547,13.666412,74.30533
2020-03-09 02:00:00,14.503265,8.924744,900.3477,4.11969,16.373322,69.19482
2020-03-09 03:00:00,15.097076,9.172089,901.01166,4.0994544,14.553406,67.71703
2020-03-09 04:00:00,15.627899,9.287506,901.4179,4.118938,9.291016,65.96029
2020-03-09 05:00:00,18.00238,9.30719,901.40533,3.9368386,0.54141235,56.811745
2020-03-09 06:00:00,18.875366,9.104797,900.98,3.863733,349.3647,53.059994
2020-03-09 07:00:00,19.198822,9.344666,900.2301,4.0872726,336.939,52.84679
2020-03-09 08:00:00,20.1781,9.139954,899.29974,4.411041,329.00458,49.05035
2020-03-09 09:00:00,20.282593,9.01181,898.41516,4.6941676,325.92978,48.315563
2020-03-09 10:00:00,19.559906,9.194092,897.7587,4.075581,332.19995,51.15214
2020-03-09 11:00:00,19.47995,9.130798,897.6797,3.962846,341.88962,51.188255
2020-03-09 12:00:00,19.296448,9.197815,897.8501,3.790992,0.100250244,52.01004
2020-03-09 13:00:00,19.073212,9.080231,898.2992,4.0151906,8.157928,52.322342
2020-03-09 14:00:00,17.880096,9.394714,898.93054,4.0813594,15.226135,57.588303
2020-03-09 15:00:00,16.644836,9.28244,899.60724,4.0125136,20.830383,61.797417
2020-03-09 16:00:00,16.337982,9.205627,900.033,3.772229,24.465424,62.69029
2020-03-09 17:00:00,15.412018,9.220917,900.0832,3.434783,25.282349,66.57999
2020-03-09 18:00:00,15.059601,9.035156,899.87,3.077205,24.012756,67.256996
2020-03-09 19:00:00,14.8289795,8.905914,899.4972,2.7983563,18.713654,67.67026
2020-03-09 20:00:00,14.118622,8.778137,899.02374,2.6828065,10.893158,70.23917
2020-03-09 21:00:00,13.995483,8.743805,898.58374,2.6525733,2.8416138,70.637886
2020-03-09 22:00:00,13.32724,8.34787,898.23615,2.5101645,0.6799011,71.82345
2020-03-09 23:00:00,13.238464,8.296051,898.25854,2.5068874,357.9764,71.987
2020-03-10 00:00:00,13.459808,8.407379,898.6163,2.5055642,359.71423,71.49361
2020-03-10 01:00:00,13.432922,8.326904,899.2263,2.513437,4.0429688,71.22933
2020-03-10 02:00:00,14.811829,8.647614,899.9456,2.3997836,9.396027,66.573265
2020-03-10 03:00:00,15.405182,8.904755,900.5712,2.0661767,6.8812866,65.20483
2020-03-10 04:00:00,15.971008,9.157959,900.9247,1.6869615,349.0317,63.968796
2020-03-10 05:00:00,18.380798,9.081787,900.9012,1.7445722,317.36914,54.642593
2020-03-10 06:00:00,19.250275,9.006226,900.4634,2.5243046,295.3706,51.490765
2020-03-10 07:00:00,19.526855,9.145447,899.7049,3.4227798,287.79218,51.089634
2020-03-10 08:00:00,20.379852,9.038116,898.8195,4.2006845,286.1236,48.111504
2020-03-10 09:00:00,20.494507,9.058594,897.9339,4.5994854,288.25095,47.838303
2020-03-10 10:00:00,19.609741,9.431671,897.37897,4.536565,287.62866,51.81553
2020-03-10 11:00:00,19.480225,9.509674,897.25006,3.921362,298.34174,52.508568
2020-03-10 12:00:00,19.275238,9.407196,897.33154,3.3345654,315.45996,52.817493
2020-03-10 13:00:00,18.924988,9.250214,897.606,3.1707373,331.27985,53.41637
2020-03-10 14:00:00,17.805756,9.572327,898.0852,2.9550357,344.02783,58.55282
2020-03-10 15:00:00,16.707886,9.2673645,898.7434,2.7635796,354.57156,61.488068
2020-03-10 16:00:00,16.444,9.246613,899.1856,2.5119436,2.0297546,62.440735
2020-03-10 17:00:00,15.627045,9.373505,899.31384,2.2917018,6.664978,66.34652
2020-03-10 18:00:00,15.406982,9.402649,899.1294,2.0652807,8.563202,67.42065
2020-03-10 19:00:00,15.182739,9.33374,898.89264,1.8996099,6.243164,68.0819
2020-03-10 20:00:00,14.436127,9.197876,898.5361,1.8081828,2.6959229,70.78675
2020-03-10 21:00:00,14.337677,9.283325,898.2034,1.8085085,359.849,71.649536
2020-03-10 22:00:00,13.777771,9.13443,897.9908,1.7025403,3.4081116,73.55605
2020-03-10 23:00:00,13.702637,9.136902,897.95233,1.5836406,4.509491,73.92828
2020-03-11 00:00:00,13.910797,9.323334,898.247,1.4840674,10.580902,73.85679
2020-03-11 01:00:00,13.88266,9.280182,898.8215,1.432491,21.611237,73.77727
2020-03-11 02:00:00,15.236938,9.6284485,899.5275,1.1588224,32.165955,69.201836
2020-03-11 03:00:00,15.664856,9.766418,900.1417,0.5931993,2.4438171,67.955055
2020-03-11 04:00:00,16.085114,9.761505,900.49756,0.9324594,275.9466,66.132706
2020-03-11 05:00:00,18.240173,9.839508,900.51764,2.0459108,260.86783,58.005707
2020-03-11 06:00:00,19.02948,9.760712,900.1887,3.1900337,258.20435,54.920357
2020-03-11 07:00:00,19.304504,9.937439,899.55975,4.171138,257.58542,54.63016
2020-03-11 08:00:00,20.258362,9.875488,898.8082,4.878529,258.8699,51.27926
2020-03-11 09:00:00,20.317993,9.823547,898.052,5.2267675,261.88013,50.91327
2020-03-11 10:00:00,19.6156,10.0425415,897.57806,4.830481,267.5183,53.96192
2020-03-11 11:00:00,19.46521,9.996796,897.49365,4.2269936,272.37326,54.302048
2020-03-11 12:00:00,19.248352,10.050903,897.6623,3.2012029,282.46515,55.2392
2020-03-11 13:00:00,19.03418,10.018066,898.04236,2.3157244,296.45102,55.85858
2020-03-11 14:00:00,18.023865,10.133759,898.68195,1.717348,307.3301,59.968113
2020-03-11 15:00:00,16.934326,9.794678,899.4344,1.3548516,312.6475,62.795776
2020-03-11 16:00:00,16.75769,9.799622,899.93976,1.0895787,313.04395,63.524235
2020-03-11 17:00:00,15.894745,9.78302,900.0704,0.99687034,305.16983,67.03795
2020-03-11 18:00:00,15.6128845,9.7621765,899.9854,1.0169117,298.53906,68.16214
2020-03-11 19:00:00,15.436035,9.746185,899.794,1.1662915,296.31342,68.86503
2020-03-11 20:00:00,14.765411,9.594818,899.4835,1.3207265,301.3319,71.1724
2020-03-11 21:00:00,14.61972,9.5780945,899.16565,1.4573103,309.8958,71.763626
2020-03-11 22:00:00,13.952454,9.393524,898.95874,1.517581,322.7899,74.005936
2020-03-11 23:00:00,13.897156,9.356812,899.0697,1.4917798,328.55157,74.08879
2020-03-12 00:00:00,14.12323,9.487244,899.48474,1.4732592,341.56857,73.65367
2020-03-12 01:00:00,14.055054,9.444122,900.15405,1.5410967,356.97983,73.76572
2020-03-12 02:00:00,15.561005,9.801636,900.9539,1.4822054,3.9277344,68.570076
2020-03-12 03:00:00,16.048492,9.887695,901.7125,1.226156,348.50824,66.850174
2020-03-12 04:00:00,16.570404,10.030975,902.22455,1.3124135,313.8988,65.28776
2020-03-12 05:00:00,18.8526,9.821381,902.3077,1.8954343,290.17337,55.75622
2020-03-12 06:00:00,19.70755,9.5780945,901.9982,2.5933502,278.88824,52.010895
2020-03-12 07:00:00,19.939362,9.65036,901.39764,3.2196286,273.44287,51.518024
2020-03-12 08:00:00,20.838623,9.58548,900.6259,3.7233038,272.451,48.524483
2020-03-12 09:00:00,20.919922,9.580017,899.94507,3.9799154,273.937,48.264774
2020-03-12 10:00:00,20.118256,9.935211,899.65643,3.8924465,277.36942,51.93259
2020-03-12 11:00:00,20.014465,9.819489,899.67303,3.2782092,288.04004,51.863724
2020-03-12 12:00:00,19.883606,9.836609,899.8611,2.7452528,311.05942,52.34577
2020-03-12 13:00:00,19.6026,9.692169,900.2366,2.5019183,335.2692,52.753033
2020-03-12 14:00:00,18.497253,9.881287,900.8488,2.538928,351.77155,57.238358
2020-03-12 15:00:00,17.2836,9.6883545,901.54767,2.599233,4.197571,60.98655
2020-03-12 16:00:00,17.044128,9.645081,902.0454,2.6495707,12.731995,61.73809
2020-03-12 17:00:00,16.019043,9.593536,902.14264,2.7031493,17.499207,65.66811
2020-03-12 18:00:00,15.755524,9.517487,901.9518,2.7877054,19.48587,66.44303
2020-03-12 19:00:00,15.53717,9.456299,901.6623,2.928224,19.881927,67.101875
2020-03-12 20:00:00,14.707947,9.229614,901.2795,3.190022,19.851318,69.70439
2020-03-12 21:00:00,14.516815,9.144043,900.91455,3.4882195,20.87677,70.163956
2020-03-12 22:00:00,13.867584,8.911865,900.6206,3.2405121,22.646423,72.03929
2020-03-12 23:00:00,13.771057,8.921143,900.63055,3.5116045,26.30899,72.537575
2020-03-13 00:00:00,13.94165,8.968628,900.96204,3.8903406,30.206879,71.96899
2020-03-13 01:00:00,13.913422,8.991852,901.5951,4.230808,34.404297,72.21392
2020-03-13 02:00:00,15.433105,9.399353,902.3229,4.4606876,37.96054,67.29289
2020-03-13 03:00:00,15.868286,9.521759,902.948,4.4246607,42.09491,65.984695
2020-03-13 04:00:00,16.351349,9.529572,903.40063,4.1114726,42.7406,64.016205
2020-03-13 05:00:00,18.657959,9.540192,903.3613,3.6687164,40.69049,55.38423
2020-03-13 06:00:00,19.540192,9.419769,902.9451,3.1714168,35.490814,51.998253
2020-03-13 07:00:00,19.789124,9.506592,902.12756,2.7854166,26.486115,51.50053
2020-03-13 08:00:00,20.682281,9.48822,901.3164,2.6796396,15.219452,48.674797
2020-03-13 09:00:00,20.829346,9.461975,900.56335,2.819107,6.8078613,48.15117
2020-03-13 10:00:00,20.018646,9.920471,900.18054,2.7178729,5.756073,52.20215
2020-03-13 11:00:00,19.923828,9.88147,900.1208,3.430795,10.648041,52.372612
2020-03-13 12:00:00,19.810791,10.126831,900.27075,4.3327813,15.696533,53.613617
2020-03-13 13:00:00,19.524597,10.045166,900.68555,4.960057,20.198547,54.277332
2020-03-13 14:00:00,18.467041,10.283142,901.3078,5.2853723,23.852173,58.90839
2020-03-13 15:00:00,17.309906,10.130676,901.9289,5.4862027,26.904419,62.71517
2020-03-13 16:00:00,17.133148,10.169128,902.3143,5.560092,29.031006,63.5833
2020-03-13 17:00:00,16.230042,10.20874,902.3758,5.5785127,30.33435,67.514786
2020-03-13 18:00:00,15.881744,10.115784,902.1132,5.526381,30.520996,68.60467
2020-03-13 19:00:00,15.732819,10.093018,901.6704,5.485647,29.89386,69.155655
2020-03-13 20:00:00,15.055725,10.046082,901.1216,5.536144,28.849548,71.998695
2020-03-13 21:00:00,14.892548,9.992096,900.6764,5.636477,28.182434,72.4964
2020-03-13 22:00:00,14.34668,9.836029,900.38416,5.3290205,31.899994,74.314766
2020-03-13 23:00:00,14.240631,9.798218,900.3025,5.470441,32.57898,74.637
2020-03-14 00:00:00,14.408508,9.8637085,900.67017,5.6723404,34.098877,74.155685
2020-03-14 01:00:00,14.488312,9.910278,901.272,5.9265046,36.19055,74.00474
2020-03-14 02:00:00,15.813416,10.199005,901.91565,5.960436,39.374817,69.28913
2020-03-14 03:00:00,16.13916,10.174652,902.37427,5.4130354,43.072052,67.752594
2020-03-14 04:00:00,16.665405,10.250397,902.609,4.854327,43.571594,65.85344
2020-03-14 05:00:00,18.981537,10.216003,902.50085,4.2478113,41.150818,56.788677
2020-03-14 06:00:00,19.746887,10.013489,901.99725,3.6064835,35.60077,53.42013
2020-03-14 07:00:00,20.007538,10.05954,901.1529,3.1016505,25.47168,52.72637
2020-03-14 08:00:00,20.879578,10.203339,900.1893,2.9129457,11.791534,50.446777
2020-03-14 09:00:00,20.97992,10.181183,899.3043,3.1349409,1.4001465,50.062412
2020-03-14 10:00:00,20.178284,10.473663,898.82764,3.6169584,355.33102,53.634842
2020-03-14 11:00:00,20.09024,10.574341,898.7121,4.1941066,1.5539246,54.290634
2020-03-14 12:00:00,19.907806,10.629883,898.9666,4.811058,8.248322,55.110733
2020-03-14 13:00:00,19.671326,10.560516,899.44586,5.1791573,13.920258,55.667114
2020-03-14 14:00:00,18.585571,10.688232,900.0797,5.5087256,19.153076,60.07293
2020-03-14 15:00:00,17.52884,10.377228,900.71686,5.7126107,23.174744,62.88077
2020-03-14 16:00:00,17.323456,10.345337,901.0836,5.7869773,26.439087,63.566143
2020-03-14 17:00:00,16.422516,10.426239,901.1365,5.778996,27.790466,67.66742
2020-03-14 18:00:00,16.143646,10.389496,900.89526,5.687771,27.9982,68.71159
2020-03-14 19:00:00,15.933289,10.355133,900.55096,5.6885877,26.989624,69.4808
2020-03-14 20:00:00,15.109924,10.141022,900.1025,5.7725434,25.849854,72.20507
2020-03-14 21:00:00,14.951141,10.058136,899.74445,5.934128,25.630463,72.543205
2020-03-14 22:00:00,14.26767,9.855621,899.431,5.697862,25.776184,74.79361
2020-03-14 23:00:00,14.177399,9.751038,899.5538,5.967024,27.869171,74.70652
2020-03-15 00:00:00,14.452942,9.788757,899.9377,6.20813,30.788757,73.57273
2020-03-15 01:00:00,14.372772,9.70047,900.61554,6.4047875,34.27417,73.51852
2020-03-15 02:00:00,15.500336,9.904968,901.3339,6.376011,38.562195,69.3152
2020-03-15 03:00:00,15.882507,9.955963,902.029,6.0786757,42.11725,67.871925
2020-03-15 04:00:00,16.311676,10.045776,902.3523,5.8628063,44.197235,66.43704
2020-03-15 05:00:00,18.812836,10.315613,902.2436,5.557781,44.417297,57.772873
2020-03-15 06:00:00,19.608032,10.178131,901.7589,5.12642,41.478546,54.478806
2020-03-15 07:00:00,19.834473,10.18396,901.0171,4.7756605,34.87793,53.73972
2020-03-15 08:00:00,20.871887,9.985199,900.1579,4.7413635,27.180328,49.739986
2020-03-15 09:00:00,20.997192,10.008942,899.3113,4.9228845,21.50595,49.436783
2020-03-15 10:00:00,20.25827,10.569336,898.8019,5.2381806,21.31894,53.711628
2020-03-15 11:00:00,20.184753,10.523346,898.87335,5.766434,21.825317,53.791176
2020-03-15 12:00:00,19.99701,10.462036,899.1479,6.118063,25.652802,54.197735
2020-03-15 13:00:00,19.76712,10.333466,899.62476,6.1891913,26.761078,54.505962
2020-03-15 14:00:00,18.624847,10.61554,900.24054,6.237954,28.664093,59.636246
2020-03-15 15:00:00,17.415894,10.364197,900.8158,6.2282357,30.754364,63.275616
2020-03-15 16:00:00,17.17978,10.278442,901.15826,6.082102,32.590332,63.86049
2020-03-15 17:00:00,16.155304,10.294769,901.27014,5.869093,33.513855,68.22797
2020-03-15 18:00:00,15.898956,10.251831,901.1485,5.6540875,33.518494,69.154915
2020-03-15 19:00:00,15.643585,10.100128,900.91766,5.4602695,33.12097,69.58474
2020-03-15 20:00:00,14.861023,9.799652,900.5491,5.330012,32.41574,71.71368
2020-03-15 21:00:00,14.634003,9.755066,900.2353,5.2939267,31.938751,72.5537
2020-03-15 22:00:00,14.0659485,9.665863,900.0,5.1619024,28.8143,74.81923
2020-03-15 23:00:00,14.002563,9.65921,900.17883,5.2705626,30.581726,75.09373
2020-03-16 00:00:00,14.251587,9.671722,900.63055,5.321352,32.93643,73.95428
2020-03-16 01:00:00,14.185883,9.57666,901.3084,5.310815,35.804626,73.79722
2020-03-16 02:00:00,15.545624,9.888031,902.08655,5.316328,38.67505,69.036026
2020-03-16 03:00:00,15.986542,10.011993,902.78143,5.184585,41.309143,67.67569
2020-03-16 04:00:00,16.465698,10.180695,903.1633,4.9694023,41.5531,66.3849
2020-03-16 05:00:00,18.954498,10.425598,903.09326,4.4785266,38.27652,57.68577
2020-03-16 06:00:00,19.879883,10.238129,902.61084,4.0057063,29.535583,53.78291
2020-03-16 07:00:00,20.155762,10.305481,901.8921,3.8222113,17.664429,53.110493
2020-03-16 08:00:00,21.222992,9.964203,901.1431,3.9238567,7.7279053,48.610493
2020-03-16 09:00:00,21.36316,9.912598,900.4791,4.2359185,2.87323,48.028374
2020-03-16 10:00:00,20.688507,10.365753,899.9643,4.3335166,4.061676,51.599873
2020-03-16 11:00:00,20.622437,10.337738,899.97943,4.779237,10.028748,51.71358
2020-03-16 12:00:00,20.429504,10.301788,900.2006,5.1156135,20.715454,52.20708
2020-03-16 13:00:00,20.125763,10.267883,900.6877,5.335377,26.901306,53.07576
2020-03-16 14:00:00,18.92044,10.658752,901.31036,5.477013,32.662598,58.713375
2020-03-16 15:00:00,17.619385,10.367737,901.90643,5.5818143,37.65262,62.48314
2020-03-16 16:00:00,17.348602,10.299347,902.2419,5.5480447,42.124573,63.270752
2020-03-16 17:00:00,16.3844,10.216492,902.30835,5.4151764,45.315308,66.888954
2020-03-16 18:00:00,16.085297,10.06778,902.1139,5.245204,47.348145,67.501884
2020-03-16 19:00:00,15.910248,9.957611,901.7943,5.06841,47.94104,67.75923
2020-03-16 20:00:00,15.0069275,9.656891,901.39954,4.944004,47.4924,70.36662
2020-03-16 21:00:00,14.803741,9.506165,901.1021,4.913418,47.552032,70.57549
2020-03-16 22:00:00,14.093353,9.339691,900.8857,4.7920785,55.2547,73.06813
2020-03-16 23:00:00,14.019165,9.297913,901.0206,4.58529,56.256927,73.214226
2020-03-17 00:00:00,14.237946,9.374451,901.44995,4.4837694,57.861298,72.55661
2020-03-17 01:00:00,14.178314,9.26712,902.18445,4.497881,60.26758,72.313286
2020-03-17 02:00:00,15.835907,9.462921,902.9646,4.5271716,63.654724,65.86059
2020-03-17 03:00:00,16.351257,9.732025,903.54443,4.3200746,66.38159,64.8921
2020-03-17 04:00:00,16.893158,10.025879,903.7171,3.9202466,67.992004,63.941975
2020-03-17 05:00:00,19.658691,10.252747,903.50446,3.253317,67.33841,54.579033
2020-03-17 06:00:00,20.549011,10.0729065,902.99243,2.4092865,60.042053,51.03733
2020-03-17 07:00:00,20.841827,10.222046,902.3656,1.7616382,38.82309,50.627274
2020-03-17 08:00:00,21.907776,10.118164,901.7333,1.6964667,9.420715,47.09848
2020-03-17 09:00:00,22.133087,10.153015,901.0785,2.094748,353.25104,46.564236
2020-03-17 10:00:00,21.205078,10.486633,900.5921,1.7961578,347.5657,50.391716
2020-03-17 11:00:00,21.095276,10.527618,900.5203,2.1652257,353.92313,50.87118
2020-03-17 12:00:00,20.879486,10.430756,900.75104,2.4321024,10.049896,51.21851
2020-03-17 13:00:00,20.608093,10.313141,901.2393,2.8095086,13.985992,51.674416
2020-03-17 14:00:00,19.151642,10.60083,901.8438,3.033722,19.478516,57.650143
2020-03-17 15:00:00,17.9458,10.382233,902.4122,3.0957553,24.262482,61.27121
2020-03-17 16:00:00,17.695953,10.352966,902.7218,3.1262372,27.037231,62.121098
2020-03-17 17:00:00,16.62909,10.306488,902.74646,3.1073258,28.123291,66.253136
2020-03-17 18:00:00,16.293976,10.170563,902.4769,3.097267,25.659882,67.069084
2020-03-17 19:00:00,15.969391,10.023285,902.0318,3.1121588,21.619873,67.80103
2020-03-17 20:00:00,15.111206,9.853485,901.5172,3.27566,17.867767,70.82352
2020-03-17 21:00:00,14.938751,9.788849,901.134,3.501405,16.50418,71.30406
2020-03-17 22:00:00,14.253143,9.526794,900.9052,3.2490635,18.539154,73.23108
2020-03-17 23:00:00,14.140961,9.473877,900.93256,3.3744197,18.584412,73.50312
2020-03-18 00:00:00,14.367157,9.588013,901.3195,3.4869363,20.123505,72.99242
2020-03-18 01:00:00,14.324036,9.521393,901.9586,3.5962558,22.19635,72.86957
2020-03-18 02:00:00,15.955933,9.880676,902.741,3.6929305,23.697449,67.21472
2020-03-18 03:00:00,16.423126,10.122101,903.3077,3.6653187,23.9234,66.30485
2020-03-18 04:00:00,17.064331,10.3246155,903.5123,3.5032463,19.59494,64.527306
2020-03-18 05:00:00,19.788727,10.518158,903.25256,3.2798839,8.890686,55.107437
2020-03-18 06:00:00,20.700836,10.317932,902.6678,3.2616532,353.14514,51.396473
2020-03-18 07:00:00,21.016174,10.476227,901.80634,3.6998372,338.2959,50.944168
2020-03-18 08:00:00,22.171753,10.313507,900.8931,4.360558,330.66815,46.95523
2020-03-18 09:00:00,22.326447,10.25885,900.06586,4.9609375,328.6899,46.345818
2020-03-18 10:00:00,21.45691,10.653534,899.5009,4.866301,338.68552,50.174545
2020-03-18 11:00:00,21.382172,10.637024,899.32404,4.7511196,343.46863,50.349396
2020-03-18 12:00:00,21.152618,10.536835,899.4168,4.5096583,353.4784,50.72357
2020-03-18 13:00:00,20.823822,10.3697815,899.7646,4.463493,0.3215027,51.18562
2020-03-18 14:00:00,19.530426,10.824371,900.2642,4.321471,6.9565735,57.1509
2020-03-18 15:00:00,18.151794,10.673309,900.81506,4.082697,11.657349,61.667538
2020-03-18 16:00:00,17.91571,10.628326,901.136,3.7973719,14.118378,62.402218
2020-03-18 17:00:00,16.7583,10.620117,901.10266,3.4897842,15.013794,67.09997
2020-03-18 18:00:00,16.494446,10.534363,900.76276,3.2498543,13.634735,67.84565
2020-03-18 19:00:00,16.24768,10.496002,900.3752,3.128259,10.602051,68.743835
2020-03-18 20:00:00,15.446136,10.454834,899.9001,3.1445906,7.036957,72.15901
2020-03-18 21:00:00,15.141907,10.289795,899.5616,3.255556,5.029846,72.77633
2020-03-18 22:00:00,14.5849,10.082367,899.2849,3.1695626,6.1438904,74.396286
2020-03-18 23:00:00,14.496307,10.052307,899.3197,3.1285474,6.0604553,74.672806
2020-03-19 00:00:00,14.656311,10.079437,899.6092,3.0770435,7.411072,74.03978
2020-03-19 01:00:00,14.691986,10.065582,900.1507,3.0285463,10.849121,73.801216
2020-03-19 02:00:00,16.094086,10.529724,900.83344,2.842121,15.026642,69.57645
2020-03-19 03:00:00,16.806732,10.665436,901.4059,2.628056,16.573883,67.096176
2020-03-19 04:00:00,17.340332,10.717255,901.66705,2.2230093,9.107391,65.09136
2020-03-19 05:00:00,20.018677,11.087311,901.47485,1.919284,349.87234,56.42284
2020-03-19 06:00:00,20.973999,10.799591,900.9332,2.101843,324.51514,52.187664
2020-03-19 07:00:00,21.179443,10.891113,900.04834,2.7499492,308.72437,51.84781
2020-03-19 08:00:00,22.162567,10.572266,899.103,3.4050524,302.68738,47.799015
2020-03-19 09:00:00,22.278656,10.5668335,898.2117,3.84362,301.45847,47.44522
2020-03-19 10:00:00,21.363403,10.758545,897.6507,3.709222,304.76898,50.81653
2020-03-19 11:00:00,21.25882,10.740387,897.5768,3.50237,310.073,51.081627
2020-03-19 12:00:00,21.03955,10.7258,897.799,2.836092,319.821,51.723473
2020-03-19 13:00:00,20.76065,10.575745,898.296,2.3138855,330.96124,52.095245
2020-03-19 14:00:00,19.499634,10.971954,898.98834,1.8299683,339.41086,57.824482
2020-03-19 15:00:00,18.191498,10.864105,899.6579,1.417697,344.6519,62.299435
2020-03-19 16:00:00,17.940308,10.820221,900.10956,1.1418381,342.23856,63.106155
2020-03-19 17:00:00,16.9151,10.855713,900.2196,1.026524,330.00174,67.4852
2020-03-19 18:00:00,16.637848,10.765961,900.03296,1.1254114,314.9598,68.274445
2020-03-19 19:00:00,16.41687,10.731262,899.7264,1.4559021,307.21378,69.08081
2020-03-19 20:00:00,15.631592,10.579742,899.28906,1.818969,307.17105,71.90266
2020-03-19 21:00:00,15.440704,10.455017,898.9684,2.1636858,310.9153,72.18503
2020-03-19 22:00:00,14.999512,10.3793335,898.7643,2.4242315,317.15268,73.88582
2020-03-19 23:00:00,14.8472595,10.2543335,898.7722,2.4281445,323.937,73.9937
2020-03-20 00:00:00,15.056946,10.382446,899.04974,2.4356902,330.97882,73.628654
2020-03-20 01:00:00,15.009674,10.358765,899.74133,2.3502355,339.46436,73.73629
2020-03-20 02:00:00,16.275208,10.664276,900.5174,2.1961334,343.21414,69.39671
2020-03-20 03:00:00,16.832489,10.94989,901.1379,2.0749817,338.67838,68.26536
2020-03-20 04:00:00,17.271454,10.992401,901.4057,2.1153345,326.30713,66.581635
2020-03-20 05:00:00,19.691711,11.088287,901.28815,2.3322558,314.02625,57.581635
2020-03-20 06:00:00,20.697815,10.7873535,900.765,2.8504725,304.29678,53.03877
2020-03-20 07:00:00,20.972412,10.816864,899.97595,3.450188,298.6656,52.252724
2020-03-20 08:00:00,21.908508,10.432617,899.07446,4.066559,296.24973,48.095444
2020-03-20 09:00:00,22.027283,10.4635315,898.24146,4.51531,296.91144,47.846775
2020-03-20 10:00:00,21.198944,11.050018,897.7047,4.195888,302.76184,52.33505
2020-03-20 11:00:00,21.06842,10.979736,897.5603,3.989034,306.98315,52.510506
2020-03-20 12:00:00,20.821075,10.907593,897.63556,3.3240907,315.3883,53.06017
2020-03-20 13:00:00,20.522064,10.633789,898.03595,2.6588066,327.61285,53.07138
2020-03-20 14:00:00,19.308105,10.934296,898.6256,2.0727372,338.20584,58.371227
2020-03-20 15:00:00,18.135345,10.675842,899.29443,1.5619807,345.0953,61.741684
2020-03-20 16:00:00,17.773712,10.577759,899.8519,1.0955667,346.88702,62.750782
2020-03-20 17:00:00,16.839142,10.601959,900.10315,0.77625036,334.3802,66.67604
2020-03-20 18:00:00,16.590729,10.537567,900.03705,0.7117401,309.71878,67.44605
2020-03-20 19:00:00,16.220459,10.396515,899.69006,0.87829995,295.84784,68.40797
2020-03-20 20:00:00,15.421173,10.321747,899.25616,1.0866159,292.63818,71.63591
2020-03-20 21:00:00,15.222107,10.331055,898.8947,1.2431085,294.00803,72.601974
2020-03-20 22:00:00,14.408844,10.114044,898.7303,1.415474,302.89325,75.406555
2020-03-20 23:00:00,14.306519,10.124512,898.8033,1.333084,310.68832,75.9602
2020-03-21 00:00:00,14.500153,10.245544,899.11554,1.1853263,324.64157,75.62448
2020-03-21 01:00:00,14.480286,10.225952,899.8655,1.0651146,345.52155,75.622574
2020-03-21 02:00:00,16.098206,10.63974,900.7475,0.9140242,4.6504517,70.06963
2020-03-21 03:00:00,16.58368,10.696045,901.44556,0.741374,10.752533,68.191956
2020-03-21 04:00:00,17.264648,10.889038,901.75903,0.63934,344.78754,66.154625
2020-03-21 05:00:00,19.645325,10.772034,901.6926,0.8741364,308.8076,56.54744
2020-03-21 06:00:00,20.481659,10.636627,901.27563,1.4307926,294.16147,53.213852
2020-03-21 07:00:00,20.786621,10.714966,900.58057,2.0948772,290.2964,52.49625
2020-03-21 08:00:00,21.672272,10.677002,899.6925,2.7817657,292.0537,49.5952
2020-03-21 09:00:00,21.875,10.628693,898.88916,3.3069663,296.8598,48.827576
2020-03-21 10:00:00,21.032227,10.830322,898.3583,3.544095,308.15564,52.10763
2020-03-21 11:00:00,20.927826,10.818481,898.24585,3.3836327,317.16025,52.401756
2020-03-21 12:00:00,20.751953,10.683807,898.48987,2.9024646,330.2746,52.499443
2020-03-21 13:00:00,20.512024,10.594208,898.95416,2.4128554,347.56232,52.964485
2020-03-21 14:00:00,19.21054,10.848541,899.5926,2.0641966,1.7125244,58.393288
2020-03-21 15:00:00,17.949097,10.765289,900.36127,1.7951599,14.789764,62.84137
2020-03-21 16:00:00,17.719269,10.704773,900.8821,1.5236665,26.900543,63.50093
2020-03-21 17:00:00,16.752106,10.764587,901.02655,1.3102086,35.72415,67.77473
2020-03-21 18:00:00,16.518494,10.726929,900.9,1.1033366,39.21637,68.61594
2020-03-21 19:00:00,16.234192,10.606323,900.6166,1.0011243,36.78488,69.3104
2020-03-21 20:00:00,15.4088745,10.448273,900.20593,0.9738106,29.575104,72.29997
2020-03-21 21:00:00,15.2682495,10.426514,899.7997,1.0318847,23.20642,72.849556
2020-03-21 22:00:00,14.477295,10.141907,899.58716,1.284449,16.672363,75.213715
2020-03-21 23:00:00,14.389526,10.099701,899.62994,1.3192314,20.984955,75.428406
2020-03-22 00:00:00,14.709076,10.2378235,899.9611,1.4253911,26.44751,74.573296
2020-03-22 01:00:00,14.606659,10.126251,900.64435,1.6561584,32.148926,74.510155
2020-03-22 02:00:00,16.274475,10.705627,901.42633,1.8223696,38.964752,69.59117
2020-03-22 03:00:00,16.77594,10.774902,902.07495,1.7238208,43.13092,67.71871
2020-03-22 04:00:00,17.555817,11.205536,902.3862,1.5561041,42.186127,66.327736
2020-03-22 05:00:00,19.994415,11.055878,902.2361,1.2778713,31.658722,56.389954
2020-03-22 06:00:00,20.918243,11.00061,901.7922,1.1600714,4.342682,53.070786
2020-03-22 07:00:00,21.166595,11.046234,901.0271,1.506433,333.5573,52.425854
2020-03-22 08:00:00,22.062622,10.671326,900.19226,2.1947582,320.32846,48.409157
2020-03-22 09:00:00,22.19046,10.720276,899.391,2.8482888,318.34418,48.190304
2020-03-22 10:00:00,21.527405,11.098938,898.98663,3.0938358,324.85504,51.458984
2020-03-22 11:00:00,21.389282,11.090149,898.90344,3.3997562,333.9812,51.865788
2020-03-22 12:00:00,21.160645,11.059601,899.0722,3.4115553,346.4896,52.491524
2020-03-22 13:00:00,20.88272,10.978119,899.4913,3.5802608,357.27347,53.107483
2020-03-22 14:00:00,19.51352,11.238831,900.13055,3.7200294,4.030304,58.806263
2020-03-22 15:00:00,18.195587,11.095978,900.796,3.777876,8.673035,63.249588
2020-03-22 16:00:00,17.970856,11.0849,901.2061,3.737889,11.83139,64.10179
2020-03-22 17:00:00,17.019684,11.079346,901.28156,3.6354249,13.015015,68.04226
2020-03-22 18:00:00,16.77005,11.057312,901.06323,3.5358784,13.069702,69.02672
2020-03-22 19:00:00,16.506744,10.993164,900.72876,3.5204544,12.285797,69.89281
2020-03-22 20:00:00,15.691162,10.861694,900.2179,3.5914738,13.418823,72.98517
2020-03-22 21:00:00,15.517822,10.803436,899.7383,3.7130892,16.247925,73.514565
2020-03-22 22:00:00,15.039246,10.7517395,899.58295,3.7239003,21.63153,75.54799
2020-03-22 23:00:00,14.801605,10.578766,899.53485,3.7076368,26.184845,75.83458
2020-03-23 00:00:00,15.148865,10.687744,899.7888,3.7129703,31.554321,74.69879
2020-03-23 01:00:00,15.147583,10.63559,900.30865,3.7780137,38.187164,74.44611
2020-03-23 02:00:00,16.78949,11.1875305,900.95386,3.681251,45.259155,69.53949
2020-03-23 03:00:00,17.228058,11.4253845,901.5602,3.4449148,52.204834,68.70792
2020-03-23 04:00:00,17.88678,11.703583,901.8716,3.07316,56.0412,67.13449
2020-03-23 05:00:00,20.170746,11.61319,901.7494,2.4900305,54.932556,57.874413
2020-03-23 06:00:00,21.135498,11.483856,901.28577,1.7443532,38.787323,54.07083
2020-03-23 07:00:00,21.414185,11.586884,900.5529,1.5597441,1.9880676,53.517944
2020-03-23 08:00:00,22.281525,11.155121,899.7204,2.156642,335.23557,49.327988
2020-03-23 09:00:00,22.418213,11.099609,899.016,2.9483733,326.7849,48.73987
2020-03-23 10:00:00,21.454437,11.3932495,898.5192,3.7165735,330.86285,52.70704
2020-03-23 11:00:00,21.366669,11.4140625,898.37646,4.088659,333.66965,53.06418
2020-03-23 12:00:00,21.184967,11.316589,898.4827,3.9291782,340.82764,53.313618
2020-03-23 13:00:00,20.918823,11.307861,898.84235,3.774814,347.9944,54.160927
2020-03-23 14:00:00,19.836456,11.429321,899.4121,3.6607895,355.1825,58.370834
2020-03-23 15:00:00,18.745209,11.431122,900.05554,3.5636659,1.2543945,62.480915
2020-03-23 16:00:00,18.447296,11.319122,900.4601,3.4640121,5.0489807,63.18654
2020-03-23 17:00:00,17.499237,11.331177,900.5519,3.376204,5.55954,67.12116
2020-03-23 18:00:00,17.180603,11.213501,900.3391,3.305938,4.3617554,67.95442
2020-03-23 19:00:00,16.980469,11.14447,899.94,3.3295743,2.729187,68.50672
2020-03-23 20:00:00,16.220581,10.8585205,899.4631,3.4082053,1.7398987,70.54404
2020-03-23 21:00:00,16.081512,10.901245,899.02167,3.5193002,1.7653503,71.37468
2020-03-23 22:00:00,15.392303,10.622986,898.67303,3.550297,2.7810364,73.2242
2020-03-23 23:00:00,15.285431,10.635376,898.6255,3.541889,6.7663574,73.78887
2020-03-24 00:00:00,15.564087,10.7239685,898.9102,3.5136268,11.284332,72.9107
2020-03-24 01:00:00,15.674866,10.792206,899.4559,3.5324848,16.702332,72.724655
2020-03-24 02:00:00,17.210419,11.151642,900.1092,3.4941263,22.284698,67.54888
2020-03-24 03:00:00,17.934479,11.394318,900.6661,3.2014213,26.588959,65.579185
2020-03-24 04:00:00,18.385376,11.509613,900.85126,2.6885285,27.386993,64.236664
2020-03-24 05:00:00,20.747223,11.593994,900.6244,2.182782,19.923462,55.78146
2020-03-24 06:00:00,21.580994,11.471313,900.0478,1.9858712,2.7720642,52.57113
2020-03-24 07:00:00,21.805298,11.598328,899.2748,2.2086961,345.43216,52.29249
2020-03-24 08:00:00,22.792511,11.442169,898.4082,2.680012,333.84116,48.738327
2020-03-24 09:00:00,22.889557,11.470184,897.57733,3.1484673,329.13516,48.54243
2020-03-24 10:00:00,22.075256,11.824219,896.9235,2.9900343,334.82983,52.211
2020-03-24 11:00:00,21.914215,11.752197,896.7273,3.0804358,343.9735,52.476376
2020-03-24 12:00:00,21.702454,11.632385,896.8374,2.9921632,357.8689,52.740593
2020-03-24 13:00:00,21.364258,11.460876,897.1822,3.071587,9.303406,53.236603
2020-03-24 14:00:00,20.236206,11.650848,897.6834,3.1583018,18.805115,57.78423
2020-03-24 15:00:00,19.232239,11.557709,898.22284,3.204629,25.677704,61.12037
2020-03-24 16:00:00,19.002045,11.461945,898.56305,3.1293688,30.841492,61.61232
2020-03-24 17:00:00,18.114746,11.521637,898.6855,2.9223213,33.996826,65.38866
2020-03-24 18:00:00,17.83377,11.45639,898.52295,2.7388453,34.502106,66.2676
2020-03-24 19:00:00,17.650726,11.399658,898.2262,2.5926292,32.619568,66.78494
2020-03-24 20:00:00,16.873413,11.263031,897.7907,2.531094,29.807404,69.5172
2020-03-24 21:00:00,16.654785,11.249451,897.50146,2.4618313,27.954376,70.425064
2020-03-24 22:00:00,16.162292,11.264862,897.28235,2.389491,26.237122,72.74137
2020-03-24 23:00:00,15.981171,11.195465,897.29486,2.3154733,29.105896,73.2493
2020-03-25 00:00:00,16.22116,11.296661,897.6858,2.244699,29.991638,72.62173
2020-03-25 01:00:00,16.283966,11.368713,898.2416,2.2287595,33.134064,72.67754
2020-03-25 02:00:00,17.90155,11.779755,899.04333,2.0693784,37.287872,67.41012
2020-03-25 03:00:00,18.266144,11.872101,899.7272,1.4201261,34.4964,66.2861
2020-03-25 04:00:00,18.654388,11.947754,900.1498,0.9341119,8.03183,65.01681
2020-03-25 05:00:00,21.053833,12.137634,900.13556,1.0225089,326.49963,56.73706
2020-03-25 06:00:00,21.849121,12.040649,899.7628,1.5268849,305.6085,53.696476
2020-03-25 07:00:00,22.056213,12.0920105,899.18335,2.1571965,297.82285,53.201954
2020-03-25 08:00:00,22.838898,11.9313965,898.4567,2.793497,295.11603,50.19683
2020-03-25 09:00:00,22.976898,11.97171,897.7623,3.3243344,295.76068,49.91142
2020-03-25 10:00:00,21.832397,12.322113,897.1961,3.376059,304.01984,54.755505
2020-03-25 11:00:00,21.75882,12.37854,897.0906,3.2981114,311.4811,55.20633
2020-03-25 12:00:00,21.493774,12.305206,897.211,2.8032808,321.38736,55.8388
2020-03-25 13:00:00,21.209656,12.312256,897.6002,2.6827433,328.4293,56.84581
2020-03-25 14:00:00,20.123291,12.477509,898.17773,2.5554235,336.43088,61.44298
2020-03-25 15:00:00,19.04245,12.352478,898.83984,2.3511024,342.55023,65.17207
2020-03-25 16:00:00,18.794586,12.337799,899.37286,2.155301,345.9032,66.1245
2020-03-25 17:00:00,17.862457,12.260712,899.5488,2.0170145,347.0628,69.75043
2020-03-25 18:00:00,17.56543,12.271271,899.5133,1.9790314,344.01187,71.11727
2020-03-25 19:00:00,17.348358,12.255188,899.264,2.061042,341.44406,72.022316
2020-03-25 20:00:00,16.66986,12.086914,898.93463,2.200034,342.0029,74.35768
2020-03-25 21:00:00,16.468933,12.001526,898.5675,2.364772,344.762,74.891174
2020-03-25 22:00:00,15.824707,11.720123,898.2994,2.6929727,345.1954,76.59739
2020-03-25 23:00:00,15.741516,11.695374,898.3006,2.7582283,352.32004,76.88024
2020-03-26 00:00:00,16.006683,11.816345,898.67725,2.8565733,0.09866333,76.19432
2020-03-26 01:00:00,16.024536,11.817413,899.2983,2.9592476,8.688507,76.11291
2020-03-26 02:00:00,17.481445,12.107574,900.10736,3.0354137,13.99762,70.72964
2020-03-26 03:00:00,18.009308,12.231293,900.8168,2.898108,14.716522,68.97568
2020-03-26 04:00:00,18.445282,12.210602,901.18494,2.6692777,9.408173,67.022934
2020-03-26 05:00:00,20.614197,12.094055,901.1942,2.4442866,359.2325,58.12562
2020-03-26 06:00:00,21.498169,12.111847,900.84393,2.4395843,343.17914,55.11859
2020-03-26 07:00:00,21.742645,12.163818,900.3167,2.7878125,329.23413,54.48662
2020-03-26 08:00:00,22.590942,12.006683,899.6325,3.193907,322.50806,51.210777
2020-03-26 09:00:00,22.66269,12.013824,899.0165,3.4611495,322.0079,51.01225
2020-03-26 10:00:00,21.86438,12.2099,898.65625,3.4709034,330.32288,54.24718
2020-03-26 11:00:00,21.76947,12.203705,898.6365,3.3106606,339.9023,54.540264
2020-03-26 12:00:00,21.572876,12.221191,898.8172,3.0096447,355.76907,55.263184
2020-03-26 13:00:00,21.271454,12.117676,899.2696,2.9069629,5.020233,55.910946
2020-03-26 14:00:00,20.15564,12.219849,899.9309,2.8555944,12.838562,60.291256
2020-03-26 15:00:00,19.151337,12.270538,900.6866,2.824001,20.182068,64.383675
2020-03-26 16:00:00,18.88324,12.279877,901.19037,2.6958416,24.364746,65.50958
2020-03-26 17:00:00,18.062317,12.253815,901.38104,2.4890466,25.120575,68.84811
2020-03-26 18:00:00,17.789093,12.225769,901.2394,2.2580147,23.14148,69.91251
2020-03-26 19:00:00,17.610016,12.214905,900.9459,2.0798793,18.454895,70.65535
2020-03-26 20:00:00,16.868866,12.107056,900.5402,2.0321016,12.330475,73.521935
2020-03-26 21:00:00,16.728333,12.132843,900.2003,2.1285098,9.371307,74.30635
2020-03-26 22:00:00,16.129974,12.011536,899.8938,2.3294764,7.6906433,76.57599
2020-03-26 23:00:00,16.03003,12.014343,899.98193,2.3193195,10.427673,77.08006
2020-03-27 00:00:00,16.32785,12.101685,900.33844,2.3743346,15.258209,76.06652
2020-03-27 01:00:00,16.38321,12.045624,900.9314,2.5229433,19.450714,75.519745
2020-03-27 02:00:00,17.776093,12.465149,901.62714,2.492236,23.44989,71.07852
2020-03-27 03:00:00,18.394562,12.652679,902.1984,2.1799388,24.273926,69.215706
2020-03-27 04:00:00,18.816376,12.761505,902.5157,1.6643323,19.072113,67.89492
2020-03-27 05:00:00,20.743134,12.924713,902.4316,1.2300216,357.66635,60.894978
2020-03-27 06:00:00,21.504852,12.960358,902.0352,1.4405913,319.82114,58.24877
2020-03-27 07:00:00,21.744995,13.028809,901.3276,2.188662,303.36407,57.656925
2020-03-27 08:00:00,22.610779,13.021362,900.4963,2.9305668,299.9834,54.669147
2020-03-27 09:00:00,22.713867,13.009857,899.6726,3.4146051,301.267,54.287434
2020-03-27 10:00:00,21.953583,13.214569,899.198,3.2902865,313.07672,57.62191
2020-03-27 11:00:00,21.88266,13.341827,898.984,3.0039659,321.93176,58.353977
2020-03-27 12:00:00,21.72644,13.372528,898.985,2.6361637,335.70834,59.03132
2020-03-27 13:00:00,21.447296,13.387695,899.25214,2.4167628,347.48697,60.10732
2020-03-27 14:00:00,20.502533,13.556549,899.7572,2.2248235,355.24622,64.404526
2020-03-27 15:00:00,19.455017,13.484467,900.4268,2.0291948,357.8863,68.39883
2020-03-27 16:00:00,19.291534,13.463318,900.90173,1.8453838,355.38354,69.00292
2020-03-27 17:00:00,18.589355,13.390289,900.9875,1.6561159,346.28326,71.7521
2020-03-27 18:00:00,18.311432,13.338715,900.72577,1.6244092,332.95404,72.76738
2020-03-27 19:00:00,18.18341,13.311523,900.3489,1.8092852,322.80475,73.22435
2020-03-27 20:00:00,17.54065,13.285858,899.9012,2.1104035,318.12238,76.119415
2020-03-27 21:00:00,17.368866,13.22641,899.52966,2.4385557,317.70438,76.65162
2020-03-27 22:00:00,16.895752,13.086578,899.2726,2.9919183,315.3027,78.26378
2020-03-27 23:00:00,16.791626,13.017883,899.2738,3.1351528,320.04602,78.429665
2020-03-28 00:00:00,16.994415,12.984955,899.57776,3.1978009,325.61398,77.26137
2020-03-28 01:00:00,16.980774,12.903961,900.0748,3.2647812,329.28894,76.919815
2020-03-28 02:00:00,18.41159,13.1839905,900.6908,3.2332742,329.93225,71.586
2020-03-28 03:00:00,18.698517,13.152679,901.20013,3.4214072,320.51648,70.16825
2020-03-28 04:00:00,19.044556,13.015747,901.421,3.917467,313.28467,68.05703
2020-03-28 05:00:00,21.13144,12.677155,901.28326,4.428783,307.96945,58.503105
2020-03-28 06:00:00,21.899078,12.552643,900.78656,4.8136373,304.1221,55.364437
2020-03-28 07:00:00,22.081726,12.582489,900.0023,5.240903,301.38284,54.85841
2020-03-28 08:00:00,22.990936,12.140289,899.1238,5.620461,299.67075,50.42551
2020-03-28 09:00:00,23.070984,12.021576,898.26807,5.923643,300.10846,49.79131
2020-03-28 10:00:00,22.233154,12.078339,897.61896,5.85795,301.05637,52.58429
2020-03-28 11:00:00,22.14389,12.072418,897.36896,5.6374154,306.09326,52.850296
2020-03-28 12:00:00,21.967957,11.931641,897.4964,4.9663625,312.48163,52.927143
2020-03-28 13:00:00,21.726685,11.987244,897.86017,4.4870133,315.91272,53.909622
2020-03-28 14:00:00,20.602814,12.193695,898.4352,4.230694,318.92654,58.54892
2020-03-28 15:00:00,19.340942,11.943115,899.05365,3.9774013,321.17804,62.27185
2020-03-28 16:00:00,19.118988,11.882843,899.43823,3.7195418,322.08685,62.88827
2020-03-28 17:00:00,18.24057,11.952454,899.52856,3.5256128,320.5261,66.745056
2020-03-28 18:00:00,17.970825,11.901123,899.28424,3.4348493,317.9798,67.65634
2020-03-28 19:00:00,17.73169,11.814667,898.9174,3.469521,314.6609,68.29188
2020-03-28 20:00:00,16.878052,11.6474,898.4615,3.557184,312.44257,71.28609
2020-03-28 21:00:00,16.66217,11.533569,898.1023,3.6585956,312.49237,71.72794
2020-03-28 22:00:00,16.018219,11.274902,897.83954,3.8682475,310.24005,73.46185
2020-03-28 23:00:00,15.899292,11.232056,897.8954,3.709549,313.2678,73.812065
2020-03-29 00:00:00,16.163239,11.324951,898.2935,3.4975152,316.0568,73.02701
2020-03-29 01:00:00,16.212769,11.316223,898.9729,3.2811532,317.31854,72.75474
2020-03-29 02:00:00,17.813507,11.555054,899.7417,3.2506819,314.26053,66.7864
2020-03-29 03:00:00,18.276794,11.648071,900.279,3.5012918,304.3428,65.26989
2020-03-29 04:00:00,18.707245,11.553345,900.569,3.9408185,295.43292,63.13755
2020-03-29 05:00:00,21.032715,11.197784,900.5332,4.4698396,287.95743,53.39243
2020-03-29 06:00:00,21.94159,11.007477,900.14667,5.102958,283.18518,49.869488
2020-03-29 07:00:00,22.171509,11.056335,899.4109,5.745195,281.0971,49.33518
2020-03-29 08:00:00,23.225159,10.776672,898.53284,6.2586994,280.72717,45.428894
2020-03-29 09:00:00,23.332336,10.761566,897.7333,6.5192556,282.25806,45.09047
2020-03-29 10:00:00,22.40741,11.128601,897.18445,5.9586506,287.18582,48.865746
2020-03-29 11:00:00,22.281403,11.097351,896.9186,5.4304857,294.06854,49.13975
2020-03-29 12:00:00,22.1044,11.100708,897.0355,4.368585,303.22168,49.683292
2020-03-29 13:00:00,21.91983,11.096832,897.4464,3.7146993,309.3511,50.232674
2020-03-29 14:00:00,20.647003,11.47403,898.07446,3.3808155,312.9681,55.68351
2020-03-29 15:00:00,19.282959,11.381531,898.75,3.11667,314.54776,60.221935
2020-03-29 16:00:00,19.022156,11.421509,899.26776,2.9268868,314.12375,61.370705
2020-03-29 17:00:00,18.146454,11.479401,899.5019,2.825234,311.30978,65.076614
2020-03-29 18:00:00,17.866425,11.3905945,899.42694,2.8628614,308.50818,65.84434
2020-03-29 19:00:00,17.695068,11.345673,899.16266,3.0163486,306.83228,66.36106
2020-03-29 20:00:00,16.893433,11.198425,898.7618,3.1974835,307.64917,69.13246
2020-03-29 21:00:00,16.520752,11.076233,898.4269,3.38324,309.33685,70.21656
2020-03-29 22:00:00,15.910675,10.86911,898.3488,3.4385047,314.6808,72.00346
2020-03-29 23:00:00,15.814301,10.837219,898.4366,3.374954,316.71277,72.29493
2020-03-30 00:00:00,16.007507,10.931793,898.8655,3.2106845,318.59326,71.85819
2020-03-30 01:00:00,16.024078,10.937378,899.48376,3.0446079,320.22894,71.80887
2020-03-30 02:00:00,17.618744,11.116638,900.2534,3.0580275,319.00522,65.676865
2020-03-30 03:00:00,18.13739,11.165192,900.8984,3.2839618,314.26166,63.7731
2020-03-30 04:00:00,18.631256,11.1449585,901.2777,3.4535902,309.54083,61.746414
2020-03-30 05:00:00,21.01706,10.877197,901.2541,3.828544,301.94632,52.318924
2020-03-30 06:00:00,21.76529,10.676575,900.8654,4.512408,295.6335,49.31268
2020-03-30 07:00:00,22.01477,10.757355,900.17194,5.398554,293.51147,48.829224
2020-03-30 08:00:00,23.201172,10.494659,899.33014,6.229429,293.75537,44.64871
2020-03-30 09:00:00,23.338043,10.45047,898.5889,6.717346,295.9057,44.150906
2020-03-30 10:00:00,22.687347,10.836121,898.0377,6.179742,299.29517,47.118263
2020-03-30 11:00:00,22.607208,10.751129,897.9068,5.73702,303.3116,47.081173
2020-03-30 12:00:00,22.423096,10.562592,898.1623,4.504156,309.9775,47.016968
2020-03-30 13:00:00,22.132751,10.375488,898.62115,3.7093456,315.06616,47.261955
2020-03-30 14:00:00,20.746613,10.744476,899.2264,3.159472,321.14706,52.7291
2020-03-30 15:00:00,19.50299,10.806519,899.81384,2.719492,326.89435,57.18051
2020-03-30 16:00:00,19.208649,10.713928,900.18463,2.377253,331.32172,57.879807
2020-03-30 17:00:00,18.099304,10.790131,900.21466,2.1584651,331.7769,62.353794
2020-03-30 18:00:00,17.880493,10.813232,899.945,2.0429528,330.61432,63.31464
2020-03-30 19:00:00,17.647278,10.798462,899.5463,2.0194314,328.02203,64.188354
2020-03-30 20:00:00,16.860687,10.772705,899.1079,2.068594,326.1358,67.345795
2020-03-30 21:00:00,16.576874,10.6875,898.73834,2.144189,325.34436,68.18269
2020-03-30 22:00:00,16.088135,10.682617,898.5965,2.3288257,328.7957,70.31502
2020-03-30 23:00:00,15.973053,10.64502,898.7907,2.226163,330.2888,70.656364
2020-03-31 00:00:00,16.216034,10.781525,899.2391,2.1598134,333.6999,70.204285
2020-03-31 01:00:00,16.372131,10.853577,899.9572,2.0908554,338.2492,69.843445
2020-03-31 02:00:00,18.147614,11.26355,900.69446,2.1056376,335.44452,64.14892
2020-03-31 03:00:00,18.556671,11.340088,901.29205,2.35152,325.20874,62.842403
2020-03-31 04:00:00,19.198822,11.59906,901.5383,2.7182314,315.36832,61.41529
2020-03-31 05:00:00,21.525146,11.555603,901.4165,3.2113223,305.72083,53.045845
2020-03-31 06:00:00,22.284668,11.305115,901.01276,3.9477966,297.9027,49.811104
2020-03-31 07:00:00,22.60553,11.526459,900.28375,4.8964243,294.47562,49.569763
2020-03-31 08:00:00,23.555847,11.402649,899.42114,5.7740946,294.43726,46.419186
2020-03-31 09:00:00,23.69748,11.407043,898.58795,6.4201493,296.5888,46.03823
2020-03-31 10:00:00,22.758545,11.891205,898.0281,5.9496393,301.57495,50.30847
2020-03-31 11:00:00,22.664642,11.796326,897.8791,5.873848,306.60602,50.280304
2020-03-31 12:00:00,22.474152,11.698334,898.08405,5.0585876,315.03537,50.537388
2020-03-31 13:00:00,22.229095,11.5896,898.52454,4.503918,322.50287,50.929207
2020-03-31 14:00:00,21.012665,11.819397,899.07886,3.967515,327.95865,55.700855
2020-03-31 15:00:00,19.677582,11.816559,899.59125,3.6154585,331.2603,60.47607
2020-03-31 16:00:00,19.431488,11.734802,899.88336,3.31534,332.6983,61.077393
2020-03-31 17:00:00,18.381744,11.749939,899.87964,3.1011918,331.84955,65.279274
2020-03-31 18:00:00,18.124207,11.781036,899.6167,3.049342,329.12033,66.47888
2020-03-31 19:00:00,17.917847,11.803589,899.29065,3.124661,327.13855,67.447
2020-03-31 20:00:00,17.150482,11.680267,898.8882,3.2620752,326.9315,70.21878
2020-03-31 21:00:00,16.947815,11.58078,898.57196,3.3642344,328.4455,70.65992
2020-03-31 22:00:00,16.273834,11.559601,898.33905,3.310716,329.94125,73.64836
2020-03-31 23:00:00,16.17984,11.541718,898.50854,3.2903929,332.70547,74.00331
