timestamp,temperature_C,dewpoint_C,pressure_hPa,wind_speed_kmh,wind_direction_deg,relative_humidity_pct
2018-07-01 00:00:00,22.213562,19.42163,895.5211,9.606869,230.96803,84.21604
2018-07-01 01:00:00,22.256714,19.414032,895.9496,9.755669,230.26689,83.95542
2018-07-01 02:00:00,23.013458,19.525635,896.3745,10.285651,230.15935,80.74516
2018-07-01 03:00:00,23.268494,19.529816,896.7416,10.961595,231.48209,79.53035
2018-07-01 04:00:00,23.500916,19.546204,896.95294,11.442742,233.1257,78.502525
2018-07-01 05:00:00,24.742065,19.741089,896.87994,11.775508,234.07831,73.75443
2018-07-01 06:00:00,25.249634,19.611023,896.6174,12.048649,234.62396,70.98053
2018-07-01 07:00:00,25.403503,19.65271,896.14404,12.197564,235.00072,70.51616
2018-07-01 08:00:00,26.04834,19.557526,895.62964,12.297101,235.52795,67.4706
2018-07-01 09:00:00,26.07019,19.52835,895.14417,12.368077,235.8292,67.26142
2018-07-01 10:00:00,25.835876,19.423676,894.62103,11.259056,240.11542,67.758644
2018-07-01 11:00:00,25.783203,19.418915,894.5089,11.141438,238.87402,67.95036
2018-07-01 12:00:00,25.681183,19.468018,894.55743,10.759871,236.16238,68.571724
2018-07-01 13:00:00,25.489227,19.45752,894.79913,10.311423,232.27199,69.31233
2018-07-01 14:00:00,24.775635,19.51764,895.2372,10.225294,228.28659,72.592606
2018-07-01 15:00:00,24.101501,19.450653,895.68994,10.334902,225.67899,75.26849
2018-07-01 16:00:00,23.943268,19.436188,896.0451,10.54038,224.11699,75.91892
2018-07-01 17:00:00,23.302734,19.41983,896.10864,10.841347,223.61214,78.82531
2018-07-01 18:00:00,23.11789,19.393219,895.9034,11.133289,223.56837,79.5789
2018-07-01 19:00:00,22.98349,19.416138,895.51373,11.438999,223.99178,80.343025
2018-07-01 20:00:00,22.487,19.280426,895.07166,11.662986,224.58173,82.10261
2018-07-01 21:00:00,22.322937,19.236847,894.69586,11.808606,225.34895,82.700905
2018-07-01 22:00:00,21.98822,19.049164,894.4455,11.453669,231.25331,83.42281
2018-07-01 23:00:00,21.924194,19.046967,894.4572,11.602022,230.23015,83.73779
2018-07-02 00:00:00,22.177948,19.134735,894.67615,11.609434,228.9433,82.90491
2018-07-02 01:00:00,22.218872,19.122162,894.9701,11.705742,227.34592,82.6338
2018-07-02 02:00:00,23.039948,19.299438,895.279,12.316052,226.82518,79.489784
2018-07-02 03:00:00,23.257782,19.26007,895.52185,13.12308,227.99158,78.25781
2018-07-02 04:00:00,23.439636,19.242523,895.6426,13.6992655,228.92662,77.3189
2018-07-02 05:00:00,24.61261,19.38565,895.5524,14.080431,229.37927,72.70422
2018-07-02 06:00:00,25.175232,19.373138,895.28906,14.385049,229.71477,70.24927
2018-07-02 07:00:00,25.32788,19.433868,894.87054,14.618743,230.07655,69.87742
2018-07-02 08:00:00,25.7583,19.37616,894.4152,14.678984,230.13646,67.87004
2018-07-02 09:00:00,25.891632,19.31845,893.92554,14.649282,230.21756,67.09459
2018-07-02 10:00:00,25.527863,19.2453,893.38025,13.861833,235.85062,68.246376
2018-07-02 11:00:00,25.491333,19.267181,893.29175,13.478061,234.48439,68.48784
2018-07-02 12:00:00,25.329132,19.1828,893.3736,12.843194,232.4281,68.78891
2018-07-02 13:00:00,25.113739,19.170624,893.6399,12.149138,229.26129,69.62369
2018-07-02 14:00:00,24.463348,19.283783,894.05804,11.968327,226.16487,72.89288
2018-07-02 15:00:00,23.676819,19.147278,894.6132,12.133118,224.31863,75.77065
2018-07-02 16:00:00,23.523315,19.167267,895.07526,12.455428,223.42862,76.56996
2018-07-02 17:00:00,22.938293,19.174255,895.2692,12.803991,223.46341,79.359314
2018-07-02 18:00:00,22.73706,19.108734,895.1092,13.117216,224.27158,80.00558
2018-07-02 19:00:00,22.611053,19.0932,894.8409,13.359758,225.45958,80.54157
2018-07-02 20:00:00,22.118225,18.989319,894.50024,13.56121,226.88182,82.45599
2018-07-02 21:00:00,22.008392,18.967346,894.22076,13.691455,228.37297,82.89611
2018-07-02 22:00:00,21.688843,18.852936,894.12286,13.003372,231.49838,83.92756
2018-07-02 23:00:00,21.602448,18.796387,894.1682,13.104372,231.41618,84.074585
2018-07-03 00:00:00,21.88913,18.87024,894.382,13.143965,231.0345,82.996796
2018-07-03 01:00:00,21.92392,18.830902,894.75525,13.29162,231.0498,82.61755
2018-07-03 02:00:00,22.676788,19.05487,895.04614,13.923441,231.73001,80.02944
2018-07-03 03:00:00,22.874115,18.988739,895.2051,14.745698,233.80478,78.75224
2018-07-03 04:00:00,23.114105,19.053589,895.2246,15.155329,235.36885,77.93121
2018-07-03 05:00:00,23.968994,19.145721,895.1337,15.373158,236.43922,74.44344
2018-07-03 06:00:00,24.479065,19.250275,894.9344,15.571841,237.32132,72.67257
2018-07-03 07:00:00,24.623718,19.261871,894.6055,15.677328,238.16605,72.098434
2018-07-03 08:00:00,25.224243,19.273193,894.151,15.683378,239.0889,69.610306
2018-07-03 09:00:00,25.31488,19.264374,893.60315,15.506767,239.52408,69.19787
2018-07-03 10:00:00,25.02182,19.231873,892.99976,14.140573,242.22348,70.27371
2018-07-03 11:00:00,24.934235,19.214935,892.9255,13.675319,240.57198,70.56722
2018-07-03 12:00:00,24.736969,19.213043,893.05505,13.023474,237.40442,71.39471
2018-07-03 13:00:00,24.590088,19.232391,893.36664,12.498226,233.35483,72.111084
2018-07-03 14:00:00,23.939636,19.291382,893.8284,12.35072,229.7868,75.2545
2018-07-03 15:00:00,23.257446,19.1763,894.41235,12.455936,227.25484,77.85216
2018-07-03 16:00:00,23.156128,19.224365,894.8622,12.696922,225.81395,78.56513
2018-07-03 17:00:00,22.6362,19.21164,895.02344,13.066883,225.3704,81.01442
2018-07-03 18:00:00,22.493073,19.204681,894.8682,13.502018,225.86778,81.686165
2018-07-03 19:00:00,22.372345,19.187225,894.57916,13.928179,227.01794,82.19834
2018-07-03 20:00:00,21.931854,19.053436,894.2382,14.202723,228.17714,83.73245
2018-07-03 21:00:00,21.763367,19.073212,893.9849,14.344403,229.28192,84.702545
2018-07-03 22:00:00,21.529419,18.944977,893.8758,13.515755,232.02191,85.23828
2018-07-03 23:00:00,21.497223,19.003784,893.9829,13.797552,231.72858,85.7204
2018-07-04 00:00:00,21.70755,18.998627,894.2389,13.9161,231.35765,84.597496
2018-07-04 01:00:00,21.761444,18.967194,894.6347,14.127268,230.9447,84.15417
2018-07-04 02:00:00,22.539581,19.12378,894.97656,14.865406,231.22073,81.04617
2018-07-04 03:00:00,22.739044,19.144958,895.2056,15.76477,232.9224,80.176796
2018-07-04 04:00:00,22.904541,19.08496,895.39624,16.372108,234.35692,79.08038
2018-07-04 05:00:00,23.776703,19.195587,895.4205,16.777552,235.54099,75.54349
2018-07-04 06:00:00,24.316345,19.165497,895.2179,16.985285,236.42096,72.99777
2018-07-04 07:00:00,24.459625,19.16333,894.769,17.066586,237.20224,72.36425
2018-07-04 08:00:00,24.998657,19.17685,894.214,16.993141,237.8613,70.13004
2018-07-04 09:00:00,25.144257,19.155334,893.7017,16.859606,238.41022,69.43109
2018-07-04 10:00:00,24.991943,19.207214,893.0374,15.6205,241.05452,70.290955
2018-07-04 11:00:00,24.904694,19.173279,893.0131,15.170521,240.36154,70.50851
2018-07-04 12:00:00,24.763031,19.173431,893.28235,14.461926,238.96686,71.10796
2018-07-04 13:00:00,24.58841,19.25116,893.74194,13.662042,237.06818,72.20268
2018-07-04 14:00:00,23.946472,19.356049,894.3644,13.237469,235.20973,75.5269
2018-07-04 15:00:00,23.158386,19.20166,894.95953,13.113321,233.97934,78.443405
2018-07-04 16:00:00,23.031128,19.250763,895.3443,13.153461,233.21289,79.29155
2018-07-04 17:00:00,22.504364,19.23523,895.40393,13.3334875,233.0874,81.78562
2018-07-04 18:00:00,22.394653,19.263916,895.16974,13.552071,233.73865,82.47991
2018-07-04 19:00:00,22.265533,19.222595,894.86523,13.743059,234.55447,82.91666
2018-07-04 20:00:00,21.771637,19.033417,894.53284,13.90184,235.40659,84.44995
2018-07-04 21:00:00,21.66977,18.946838,894.3181,13.989757,236.55804,84.51954
2018-07-04 22:00:00,21.32434,18.850616,894.36365,13.480861,236.46027,85.80861
2018-07-04 23:00:00,21.320099,18.878662,894.4665,13.500943,237.29239,85.9814
2018-07-05 00:00:00,21.65683,18.941711,894.68677,13.550208,237.45503,84.55936
2018-07-05 01:00:00,21.731934,18.900055,895.04987,13.777386,237.39438,83.95348
2018-07-05 02:00:00,22.641388,19.125275,895.4249,14.488912,238.14938,80.554306
2018-07-05 03:00:00,22.925873,19.048035,895.6942,15.346264,240.27052,78.79667
2018-07-05 04:00:00,23.180115,19.036316,895.8744,15.885751,242.29391,77.537254
2018-07-05 05:00:00,24.361359,19.049194,895.84265,16.21004,243.92902,72.27532
2018-07-05 06:00:00,24.91391,19.004852,895.67474,16.336641,245.03783,69.73369
2018-07-05 07:00:00,25.05478,19.008667,895.3035,16.402243,245.88605,69.16685
2018-07-05 08:00:00,25.778625,19.058472,894.8738,16.346064,246.64117,66.460266
2018-07-05 09:00:00,25.900482,19.063263,894.4125,16.198355,247.20795,66.001854
2018-07-05 10:00:00,25.542816,19.147064,893.7999,15.043215,250.51355,67.76982
2018-07-05 11:00:00,25.462677,19.09842,893.7313,14.624769,249.15173,67.887054
2018-07-05 12:00:00,25.289185,19.037659,893.88983,13.772428,246.85901,68.331566
2018-07-05 13:00:00,25.068756,19.141815,894.2674,12.918297,244.20158,69.68534
2018-07-05 14:00:00,24.288269,19.267578,894.8283,12.465665,241.36365,73.587074
2018-07-05 15:00:00,23.530823,19.159882,895.3998,12.43725,239.23123,76.50011
2018-07-05 16:00:00,23.355225,19.150146,895.83795,12.582622,237.95288,77.26785
2018-07-05 17:00:00,22.71347,19.152832,895.9729,12.836448,237.93521,80.340645
2018-07-05 18:00:00,22.507324,19.119446,895.8466,13.103643,238.87427,81.18317
2018-07-05 19:00:00,22.370544,19.136719,895.47565,13.376671,240.2237,81.94904
2018-07-05 20:00:00,21.872864,19.010315,895.1449,13.584823,241.7677,83.80872
2018-07-05 21:00:00,21.730896,18.952393,894.8053,13.652868,243.27872,84.23354
2018-07-05 22:00:00,21.540161,18.934814,894.664,12.675616,245.01343,85.12827
2018-07-05 23:00:00,21.478577,18.911407,894.73486,12.844038,245.89151,85.32498
2018-07-06 00:00:00,21.733704,18.894989,894.9406,12.823988,246.21469,83.917854
2018-07-06 01:00:00,21.958374,18.998047,895.2605,12.875473,246.06604,83.30879
2018-07-06 02:00:00,22.966248,19.204163,895.5363,13.227476,246.0759,79.37284
2018-07-06 03:00:00,23.508545,19.231812,895.7117,13.774905,247.2804,76.94693
2018-07-06 04:00:00,23.840942,19.281403,895.7751,14.068372,248.02219,75.65532
2018-07-06 05:00:00,25.232788,19.436035,895.6852,14.29073,248.35477,70.28336
2018-07-06 06:00:00,25.793213,19.403381,895.4271,14.511496,248.50372,67.844505
2018-07-06 07:00:00,25.995026,19.47644,895.0343,14.700134,248.75108,67.34364
2018-07-06 08:00:00,26.647888,19.438599,894.52014,14.753588,248.94827,64.64504
2018-07-06 09:00:00,26.69635,19.402283,894.0209,14.763422,249.32579,64.31543
2018-07-06 10:00:00,26.194,19.304932,893.49243,13.554141,252.17833,65.84963
2018-07-06 11:00:00,26.11789,19.263916,893.3378,13.54989,251.13423,65.9779
2018-07-06 12:00:00,25.92453,19.227509,893.4316,13.292694,249.47406,66.58596
2018-07-06 13:00:00,25.785858,19.361603,893.775,12.858142,246.88916,67.69794
2018-07-06 14:00:00,24.987976,19.489319,894.3744,12.611712,244.20361,71.552505
2018-07-06 15:00:00,24.04953,19.430328,894.9844,12.601345,242.18372,75.40839
2018-07-06 16:00:00,23.87027,19.4422,895.462,12.7491455,240.98093,76.28132
2018-07-06 17:00:00,23.220337,19.441559,895.6158,12.965596,240.62718,79.32571
2018-07-06 18:00:00,23.05127,19.40747,895.4213,13.264777,240.97232,79.97105
2018-07-06 19:00:00,22.875519,19.360626,895.0764,13.530049,241.81726,80.591286
2018-07-06 20:00:00,22.35019,19.195587,894.70386,13.694368,242.96576,82.35205
2018-07-06 21:00:00,22.229279,19.161743,894.3974,13.770052,244.1443,82.78542
2018-07-06 22:00:00,21.968353,19.161255,894.13654,13.052008,244.27045,84.109604
2018-07-06 23:00:00,21.921722,19.147522,894.2128,13.134986,244.7631,84.27708
2018-07-07 00:00:00,22.204437,19.228394,894.4402,13.039039,244.73175,83.25567
2018-07-07 01:00:00,22.27893,19.198242,894.8734,12.988985,244.27167,82.72351
2018-07-07 02:00:00,23.323456,19.459167,895.16693,13.211061,243.9663,78.91956
2018-07-07 03:00:00,23.739777,19.508453,895.40015,13.561439,244.36185,77.199745
2018-07-07 04:00:00,24.071747,19.582275,895.4532,13.860086,244.98903,76.02233
2018-07-07 05:00:00,25.351257,19.701233,895.3303,14.066229,245.65454,70.948875
2018-07-07 06:00:00,25.916626,19.618927,894.99786,14.231289,246.4631,68.25844
2018-07-07 07:00:00,26.09903,19.688995,894.5517,14.332062,247.19328,67.81998
2018-07-07 08:00:00,26.822083,19.628204,894.05194,14.352159,248.02782,64.74387
2018-07-07 09:00:00,26.950378,19.521942,893.5427,14.264815,248.92274,63.834644
2018-07-07 10:00:00,26.583466,19.578278,892.87885,13.796331,251.14783,65.45656
2018-07-07 11:00:00,26.527588,19.52481,892.7986,13.524418,251.0527,65.4547
2018-07-07 12:00:00,26.310028,19.441528,892.9609,13.173878,249.66068,65.95795
2018-07-07 13:00:00,26.148468,19.537598,893.4196,12.779581,247.32327,66.98931
2018-07-07 14:00:00,25.328918,19.670654,893.9739,12.496305,244.72351,70.90851
2018-07-07 15:00:00,24.283997,19.566528,894.50275,12.430977,242.65009,74.9871
2018-07-07 16:00:00,24.161163,19.59903,894.8591,12.490048,241.12346,75.694145
2018-07-07 17:00:00,23.520508,19.550873,894.9324,12.719989,240.55765,78.43259
2018-07-07 18:00:00,23.331635,19.502594,894.6931,13.023239,240.7684,79.09378
2018-07-07 19:00:00,23.17038,19.482117,894.3365,13.351892,241.33585,79.766464
2018-07-07 20:00:00,22.61795,19.33075,894.0031,13.5474415,242.00435,81.707855
2018-07-07 21:00:00,22.47882,19.288025,893.7299,13.625506,243.15959,82.1823
2018-07-07 22:00:00,22.23462,19.30191,893.65234,13.195785,243.50323,83.48403
2018-07-07 23:00:00,22.196533,19.305115,893.71234,13.17666,244.46164,83.694534
2018-07-08 00:00:00,22.483368,19.402771,893.9557,13.062461,244.39548,82.74829
2018-07-08 01:00:00,22.62622,19.428802,894.4132,13.008809,243.95737,82.16644
2018-07-08 02:00:00,23.556213,19.68161,894.81024,13.187255,243.60727,78.90186
2018-07-08 03:00:00,23.941345,19.662476,895.081,13.527005,244.22876,77.0026
2018-07-08 04:00:00,24.216919,19.70874,895.1834,13.763899,244.98428,75.95694
2018-07-08 05:00:00,25.482574,19.795715,895.0625,13.965774,245.69753,70.811066
2018-07-08 06:00:00,26.14743,19.771637,894.74255,14.167283,246.34714,67.97377
2018-07-08 07:00:00,26.296692,19.795502,894.27655,14.280592,247.11743,67.47674
2018-07-08 08:00:00,26.974976,19.638123,893.73615,14.291954,247.92581,64.204094
2018-07-08 09:00:00,27.068695,19.606995,893.18744,14.131424,248.58151,63.72838
2018-07-08 10:00:00,26.609863,19.554413,892.5731,12.845368,249.14789,65.25801
2018-07-08 11:00:00,26.497894,19.477997,892.3984,12.6530905,247.96793,65.378914
2018-07-08 12:00:00,26.334442,19.460419,892.53174,12.409305,245.18503,65.94033
2018-07-08 13:00:00,26.17517,19.486786,892.901,12.272735,241.3435,66.672775
2018-07-08 14:00:00,25.352722,19.684662,893.405,12.198049,237.61679,70.869774
2018-07-08 15:00:00,24.426117,19.571228,893.9411,12.331262,234.95511,74.37306
2018-07-08 16:00:00,24.284912,19.602234,894.2771,12.588467,233.52692,75.149445
2018-07-08 17:00:00,23.67389,19.596008,894.37665,12.95691,233.05862,77.92928
2018-07-08 18:00:00,23.498413,19.580597,894.1937,13.322666,233.65015,78.682274
2018-07-08 19:00:00,23.327759,19.603546,893.89453,13.672078,234.58401,79.60999
2018-07-08 20:00:00,22.806396,19.487122,893.5402,13.875638,235.6399,81.568634
2018-07-08 21:00:00,22.63144,19.450592,893.26447,13.958292,236.73705,82.251785
2018-07-08 22:00:00,22.420868,19.446655,893.17865,12.697127,238.88704,83.29017
2018-07-08 23:00:00,22.363068,19.438599,893.24304,12.883572,239.37387,83.541504
2018-07-09 00:00:00,22.626251,19.542114,893.41846,12.904877,238.85812,82.747025
2018-07-09 01:00:00,22.62677,19.461273,893.8912,12.891702,237.89871,82.32975
2018-07-09 02:00:00,23.46991,19.715027,894.32336,13.150798,237.0864,79.47813
2018-07-09 03:00:00,23.895203,19.542969,894.68384,13.537212,237.45026,76.645546
2018-07-09 04:00:00,24.17691,19.594818,894.8839,13.852068,238.16226,75.6029
2018-07-09 05:00:00,25.309418,19.812683,894.92834,14.132598,238.83627,71.61903
2018-07-09 06:00:00,25.87909,19.76413,894.76154,14.325092,239.54987,69.02956
2018-07-09 07:00:00,26.073608,19.815674,894.41077,14.455457,240.17358,68.457794
2018-07-09 08:00:00,26.713745,19.697113,893.89685,14.497216,240.81297,65.4372
2018-07-09 09:00:00,26.75711,19.660248,893.336,14.44143,241.38574,65.121254
2018-07-09 10:00:00,26.256714,19.55722,892.8395,13.44476,243.07735,66.643364
2018-07-09 11:00:00,26.184906,19.525635,892.77783,13.281102,242.39273,66.795525
2018-07-09 12:00:00,26.029755,19.453705,892.9093,13.090571,240.5317,67.11046
2018-07-09 13:00:00,25.864258,19.475159,893.25494,12.978021,237.41188,67.861664
2018-07-09 14:00:00,24.990753,19.579926,893.8839,13.019766,234.05629,71.944534
2018-07-09 15:00:00,24.199005,19.536774,894.5511,13.175154,231.44595,75.231026
2018-07-09 16:00:00,24.044037,19.542755,895.08026,13.542185,230.1262,75.962204
2018-07-09 17:00:00,23.37732,19.482483,895.28046,13.907894,229.7861,78.77745
2018-07-09 18:00:00,23.153687,19.391205,895.15265,14.291875,230.34792,79.39688
2018-07-09 19:00:00,23.009155,19.360626,894.80963,14.69424,231.47963,79.9418
2018-07-09 20:00:00,22.442932,19.238739,894.4632,14.994459,232.78159,82.10938
2018-07-09 21:00:00,22.316376,19.171478,894.1687,15.165082,234.33601,82.397766
2018-07-09 22:00:00,22.068695,19.18988,894.01697,14.593198,236.87933,83.74582
2018-07-09 23:00:00,22.01233,19.18097,894.0701,14.717446,237.241,83.98743
2018-07-10 00:00:00,22.264648,19.248047,894.3693,14.652203,237.47769,83.05263
2018-07-10 01:00:00,22.344696,19.239075,894.8289,14.472612,237.7276,82.60301
2018-07-10 02:00:00,23.293427,19.469147,895.1848,14.553817,237.46188,79.11184
2018-07-10 03:00:00,23.496399,19.40207,895.4525,14.835309,237.99762,77.82353
2018-07-10 04:00:00,23.727264,19.369629,895.62555,15.049459,239.0161,76.59394
2018-07-10 05:00:00,24.80304,19.487549,895.56274,15.199955,240.3911,72.3385
2018-07-10 06:00:00,25.443146,19.48761,895.31244,15.360673,241.58353,69.63247
2018-07-10 07:00:00,25.63089,19.537292,894.9012,15.469412,242.6642,69.07337
2018-07-10 08:00:00,26.086792,19.292847,894.3982,15.462611,243.63486,66.21847
2018-07-10 09:00:00,26.154358,19.297302,893.8705,15.317619,244.40538,65.97275
2018-07-10 10:00:00,25.74533,19.227325,893.31244,14.571455,248.3093,67.29596
2018-07-10 11:00:00,25.64508,19.173157,893.19916,14.34333,247.25595,67.469284
2018-07-10 12:00:00,25.529663,19.144653,893.31714,14.012775,245.0715,67.81258
2018-07-10 13:00:00,25.341675,19.142944,893.77454,13.840912,242.23108,68.56712
2018-07-10 14:00:00,24.603912,19.363892,894.3457,13.736587,238.9848,72.64367
2018-07-10 15:00:00,23.883667,19.327942,894.9229,13.764239,236.3839,75.68009
2018-07-10 16:00:00,23.698425,19.300232,895.3618,13.958397,234.70721,76.3964
2018-07-10 17:00:00,23.162964,19.33725,895.5544,14.257897,233.93924,79.08646
2018-07-10 18:00:00,22.985626,19.331238,895.3881,14.597741,234.18373,79.90949
2018-07-10 19:00:00,22.807007,19.29184,895.0876,14.965459,234.96303,80.58087
2018-07-10 20:00:00,22.312164,19.143738,894.66656,15.278904,236.13704,82.27655
2018-07-10 21:00:00,22.190186,19.09732,894.33813,15.485928,237.67548,82.65017
2018-07-10 22:00:00,21.942749,19.111816,894.141,14.578972,239.83344,83.981926
2018-07-10 23:00:00,21.863922,19.083374,894.1969,14.766303,239.97865,84.23742
2018-07-11 00:00:00,22.086578,19.126984,894.42377,14.8250885,239.86911,83.32739
2018-07-11 01:00:00,22.227448,19.147705,894.8191,14.781704,239.40872,82.72227
2018-07-11 02:00:00,23.031403,19.230286,895.2058,14.925479,238.64906,79.18922
2018-07-11 03:00:00,23.316193,19.191467,895.51245,15.236868,238.64987,77.64979
2018-07-11 04:00:00,23.585876,19.224152,895.7031,15.567988,239.60397,76.55257
2018-07-11 05:00:00,24.73767,19.32721,895.59344,15.758919,240.85071,71.900925
2018-07-11 06:00:00,25.234772,19.39325,895.2732,15.974296,242.24536,70.08835
2018-07-11 07:00:00,25.370941,19.450592,894.74927,16.085142,243.49335,69.771225
2018-07-11 08:00:00,25.730408,19.328308,894.14124,16.132685,244.64386,67.78029
2018-07-11 09:00:00,25.768677,19.353088,893.4829,16.074774,245.20682,67.731026
2018-07-11 10:00:00,25.451202,19.198181,892.9568,14.21489,245.62303,68.356995
2018-07-11 11:00:00,25.375397,19.157684,892.7542,14.375472,244.40457,68.49265
2018-07-11 12:00:00,25.263428,19.15982,892.785,14.359552,242.47241,68.9595
2018-07-11 13:00:00,25.0708,19.21051,893.1587,14.455527,239.92319,69.97568
2018-07-11 14:00:00,24.372742,19.44049,893.72266,14.532304,237.56703,74.00744
2018-07-11 15:00:00,23.617523,19.311462,894.35266,14.638791,235.73773,76.82323
2018-07-11 16:00:00,23.466064,19.332886,894.76337,14.846287,234.85605,77.6312
2018-07-11 17:00:00,22.899994,19.204407,894.8287,15.109197,234.81699,79.693146
2018-07-11 18:00:00,22.670837,19.122406,894.6065,15.411871,235.486,80.396095
2018-07-11 19:00:00,22.58786,19.137543,894.2434,15.700249,236.43039,80.87826
2018-07-11 20:00:00,22.089874,18.99347,893.7874,15.935221,237.6325,82.61995
2018-07-11 21:00:00,21.967957,18.956696,893.4321,16.012976,238.89043,83.04555
2018-07-11 22:00:00,21.809418,18.986206,893.2372,15.06843,239.11928,84.00756
2018-07-11 23:00:00,21.768036,18.996613,893.2132,15.170081,239.31677,84.27484
2018-07-12 00:00:00,21.97116,19.052124,893.3864,15.113315,239.2175,83.52511
2018-07-12 01:00:00,22.125916,19.094513,893.8522,14.982116,238.46893,82.959816
2018-07-12 02:00:00,23.001007,19.292267,894.2303,15.109425,237.38608,79.64175
2018-07-12 03:00:00,23.22409,19.228424,894.538,15.373481,237.17769,78.262886
2018-07-12 04:00:00,23.488708,19.30661,894.6853,15.609753,237.67145,77.39858
2018-07-12 05:00:00,24.588837,19.395447,894.6509,15.901099,238.55829,72.85206
2018-07-12 06:00:00,25.040161,19.479004,894.36804,16.120762,239.78555,71.28455
2018-07-12 07:00:00,25.185425,19.538727,893.866,16.174059,240.76262,70.93308
2018-07-12 08:00:00,25.774109,19.442688,893.2608,16.09135,241.55798,68.087585
2018-07-12 09:00:00,25.886993,19.413849,892.649,15.908815,242.03073,67.51251
2018-07-12 10:00:00,25.505157,19.547241,892.02435,15.34676,243.49103,69.63396
2018-07-12 11:00:00,25.378143,19.466675,891.8977,14.905169,242.3551,69.81115
2018-07-12 12:00:00,25.249939,19.466553,892.0477,14.513643,240.53009,70.345
2018-07-12 13:00:00,25.059296,19.564667,892.4299,14.162223,238.21707,71.583305
2018-07-12 14:00:00,24.301392,19.716797,892.96405,13.936509,235.61902,75.61102
2018-07-12 15:00:00,23.727783,19.616821,893.6182,13.90475,233.54301,77.777275
2018-07-12 16:00:00,23.570953,19.613312,894.07806,13.992563,232.1222,78.49831
2018-07-12 17:00:00,23.064514,19.560822,894.2246,14.201365,231.55008,80.67225
2018-07-12 18:00:00,22.896729,19.58197,893.9982,14.478805,231.85835,81.602875
2018-07-12 19:00:00,22.781158,19.593262,893.6406,14.750381,232.77365,82.23402
2018-07-12 20:00:00,22.3255,19.473877,893.2107,14.926667,233.96085,83.916435
2018-07-12 21:00:00,22.211365,19.438782,892.8797,15.007894,235.37558,84.31717
2018-07-12 22:00:00,21.898346,19.374786,892.5199,14.537528,238.95366,85.60004
2018-07-12 23:00:00,21.862793,19.351898,892.63727,14.494635,239.31104,85.6639
2018-07-13 00:00:00,22.081848,19.395782,892.9104,14.357654,239.16971,84.75806
2018-07-13 01:00:00,22.157104,19.397583,893.3658,14.227734,238.51959,84.37978
2018-07-13 02:00:00,23.04712,19.583008,893.8045,14.310758,237.31519,80.86856
2018-07-13 03:00:00,23.327637,19.627716,894.14685,14.567215,236.69455,79.73013
2018-07-13 04:00:00,23.554596,19.666443,894.33374,14.824795,236.89487,78.83534
2018-07-13 05:00:00,24.65387,19.828796,894.30225,14.965897,237.28455,74.54854
2018-07-13 06:00:00,25.049042,19.919128,894.0679,15.053705,237.98822,73.21946
2018-07-13 07:00:00,25.184875,19.994324,893.65564,15.07715,238.57349,72.96838
2018-07-13 08:00:00,25.660126,20.05774,893.1496,15.084405,238.95024,71.21513
2018-07-13 09:00:00,25.69754,20.002686,892.61084,15.068561,239.23557,70.81552
2018-07-13 10:00:00,25.32248,19.92044,892.08234,13.965767,242.40082,72.042915
2018-07-13 11:00:00,25.222748,19.855377,891.8934,13.833683,241.74448,72.1801
2018-07-13 12:00:00,25.065796,19.829895,891.9864,13.545122,240.94812,72.743
2018-07-13 13:00:00,24.90567,19.856445,892.3677,13.385711,238.93864,73.56186
2018-07-13 14:00:00,24.223145,19.845093,892.9161,13.363074,237.05154,76.57336
2018-07-13 15:00:00,23.491821,19.758118,893.5715,13.414961,235.55975,79.58563
2018-07-13 16:00:00,23.348602,19.77948,894.02423,13.615327,234.68092,80.38272
2018-07-13 17:00:00,22.830902,19.71756,894.20087,13.926545,234.55157,82.62145
2018-07-13 18:00:00,22.674377,19.665436,894.0971,14.273974,235.04547,83.13995
2018-07-13 19:00:00,22.549957,19.691772,893.8278,14.543907,235.90659,83.907295
2018-07-13 20:00:00,22.109222,19.539612,893.4587,14.743638,237.3255,85.376724
2018-07-13 21:00:00,21.98996,19.493378,893.0767,14.859857,238.85605,85.752945
2018-07-13 22:00:00,21.785858,19.441711,892.8804,14.0886965,241.53683,86.549416
2018-07-13 23:00:00,21.717896,19.379303,892.84937,14.0623865,241.84174,86.572845
2018-07-14 00:00:00,21.957428,19.439667,892.9322,13.9724,242.0133,85.63686
2018-07-14 01:00:00,21.995178,19.43155,893.24,13.821141,241.94969,85.396805
2018-07-14 02:00:00,22.92926,19.636658,893.5263,13.813514,241.98123,81.7193
2018-07-14 03:00:00,23.145844,19.602142,893.7517,13.991946,242.59048,80.48274
2018-07-14 04:00:00,23.40512,19.66098,893.8451,14.1867075,243.41365,79.5222
2018-07-14 05:00:00,24.612396,19.762756,893.8426,14.378914,244.25497,74.428215
2018-07-14 06:00:00,25.05832,19.8219,893.62695,14.481597,245.12616,72.73937
2018-07-14 07:00:00,25.25473,19.8721,893.28284,14.550193,245.84912,72.117546
2018-07-14 08:00:00,25.843292,19.916595,892.7946,14.510589,246.26196,69.83298
2018-07-14 09:00:00,25.867981,19.81186,892.20844,14.368252,246.54773,69.27974
2018-07-14 10:00:00,25.491089,19.790588,891.694,13.042765,246.27176,70.75275
2018-07-14 11:00:00,25.424927,19.739044,891.5225,12.959748,244.09161,70.80473
2018-07-14 12:00:00,25.263336,19.67694,891.64264,13.029747,241.05792,71.21349
2018-07-14 13:00:00,25.155762,19.74588,891.9953,13.243672,237.38864,71.9782
2018-07-14 14:00:00,24.370972,19.827332,892.54297,13.484054,234.24956,75.81438
2018-07-14 15:00:00,23.563873,19.607178,893.1964,13.667398,231.87898,78.50191
2018-07-14 16:00:00,23.42331,19.60495,893.7156,13.897716,230.25174,79.15913
2018-07-14 17:00:00,22.923828,19.580322,893.95166,14.148228,229.64915,81.46072
2018-07-14 18:00:00,22.714172,19.510986,893.81866,14.4626665,230.07025,82.14776
2018-07-14 19:00:00,22.553345,19.466095,893.4587,14.776509,231.07495,82.72236
2018-07-14 20:00:00,22.133942,19.321869,893.0362,15.017941,232.28346,84.10183
2018-07-14 21:00:00,21.918396,19.247284,892.67126,15.106079,233.72742,84.819595
2018-07-14 22:00:00,21.690887,19.190369,892.5996,14.131064,235.2038,85.70201
2018-07-14 23:00:00,21.648102,19.180847,892.527,14.17691,235.02228,85.87551
2018-07-15 00:00:00,21.87149,19.259949,892.6719,14.111032,234.84064,85.12989
2018-07-15 01:00:00,22.050049,19.312927,893.0488,13.95783,234.42975,84.485855
2018-07-15 02:00:00,23.028595,19.498077,893.46576,13.857726,233.54477,80.53319
2018-07-15 03:00:00,23.328186,19.444,893.80615,14.054144,233.03014,78.82264
2018-07-15 04:00:00,23.573212,19.457428,893.98706,14.283788,233.30966,77.73114
2018-07-15 05:00:00,24.761383,19.602325,893.94586,14.585632,234.34425,73.03763
2018-07-15 06:00:00,25.258575,19.640625,893.6872,14.785175,235.58914,71.07327
2018-07-15 07:00:00,25.451294,19.67926,893.3003,14.888335,236.62732,70.43213
2018-07-15 08:00:00,25.991486,19.71762,892.851,14.895814,237.66849,68.37418
2018-07-15 09:00:00,26.07901,19.520966,892.3658,14.751876,238.24673,67.19551
2018-07-15 10:00:00,25.794067,19.691315,891.8516,13.297581,238.78075,69.0655
2018-07-15 11:00:00,25.697388,19.628235,891.7255,13.174607,237.539,69.1911
2018-07-15 12:00:00,25.429504,19.65158,891.87213,13.124896,234.84633,70.40231
2018-07-15 13:00:00,25.143341,19.94513,892.24615,13.26261,231.97237,72.92659
2018-07-15 14:00:00,24.407349,19.911804,892.81085,13.492205,229.60835,76.04645
2018-07-15 15:00:00,23.65039,19.68991,893.46204,13.7198715,227.9093,78.49586
2018-07-15 16:00:00,23.554138,19.733337,893.9941,13.9513235,226.88774,79.165436
2018-07-15 17:00:00,23.024872,19.64682,894.2338,14.231789,226.8172,81.29899
2018-07-15 18:00:00,22.854675,19.607147,894.1437,14.482468,227.62108,81.939026
2018-07-15 19:00:00,22.748535,19.62497,893.82916,14.690882,228.66034,82.55919
2018-07-15 20:00:00,22.225739,19.421143,893.47284,14.815252,229.97162,84.1511
2018-07-15 21:00:00,22.14389,19.430786,893.1368,14.867008,231.32132,84.62227
2018-07-15 22:00:00,21.838837,19.30655,892.9818,14.169017,232.55663,85.54754
2018-07-15 23:00:00,21.788025,19.278107,892.93665,14.313066,232.94702,85.66159
2018-07-16 00:00:00,22.100739,19.420197,893.1172,14.289514,233.31894,84.78919
2018-07-16 01:00:00,22.242737,19.439148,893.497,14.150637,233.38443,84.15824
2018-07-16 02:00:00,23.423859,19.7659,893.80615,13.993653,232.5741,79.95111
2018-07-16 03:00:00,23.698273,19.756561,894.0743,14.045432,231.9093,78.5942
2018-07-16 04:00:00,23.871277,19.754822,894.2113,14.129729,231.6082,77.771965
2018-07-16 05:00:00,24.973907,19.80426,894.24835,14.343037,232.35376,73.02642
2018-07-16 06:00:00,25.36731,19.879059,894.0701,14.58554,233.64062,71.6671
2018-07-16 07:00:00,25.483978,19.920319,893.7629,14.700309,234.9849,71.354065
2018-07-16 08:00:00,25.857117,19.902252,893.2564,14.731282,236.24707,69.71381
2018-07-16 09:00:00,25.851776,19.905273,892.73364,14.613186,237.48175,69.748955
2018-07-16 10:00:00,25.51059,19.923279,892.1708,13.441092,237.93747,71.25444
2018-07-16 11:00:00,25.37384,19.86203,892.07623,13.419795,237.57147,71.56371
2018-07-16 12:00:00,25.21521,19.86258,892.31396,13.490466,236.78076,72.24473
2018-07-16 13:00:00,25.024353,19.949005,892.7991,13.588076,235.78647,73.46307
2018-07-16 14:00:00,24.352081,19.981873,893.3924,13.61401,234.47748,76.630455
2018-07-16 15:00:00,23.678925,19.976624,893.9757,13.660989,233.40176,79.7663
2018-07-16 16:00:00,23.542206,20.001404,894.4411,13.795918,232.74615,80.54951
2018-07-16 17:00:00,23.03012,19.887238,894.6289,13.94591,232.99216,82.49409
2018-07-16 18:00:00,22.90451,19.877777,894.52124,14.126591,233.83218,83.07505
2018-07-16 19:00:00,22.811401,19.848694,894.18823,14.283781,235.14078,83.394554
2018-07-16 20:00:00,22.40094,19.677368,893.8127,14.388917,236.49783,84.5948
2018-07-16 21:00:00,22.349121,19.667267,893.449,14.357962,238.1076,84.80859
2018-07-16 22:00:00,22.184692,19.66278,893.3402,13.173508,239.11774,85.637665
2018-07-16 23:00:00,22.152924,19.649841,893.36633,13.237335,239.27545,85.73463
2018-07-17 00:00:00,22.489258,19.777039,893.5547,13.258808,239.22653,84.66385
2018-07-17 01:00:00,22.552948,19.75592,893.87946,13.271775,238.57828,84.226585
2018-07-17 02:00:00,23.395782,19.95285,894.2095,13.369537,237.35995,81.01999
2018-07-17 03:00:00,23.613312,19.952972,894.4045,13.817957,236.70134,79.96492
2018-07-17 04:00:00,23.89737,20.050934,894.5084,14.299999,237.42484,79.08777
2018-07-17 05:00:00,24.92453,20.140686,894.44366,14.596159,238.49265,74.78363
2018-07-17 06:00:00,25.341187,20.230377,894.2252,14.762467,239.79303,73.356155
2018-07-17 07:00:00,25.45575,20.294556,893.85626,14.801715,241.18954,73.14778
2018-07-17 08:00:00,25.844055,20.309113,893.418,14.755504,242.14378,71.54602
2018-07-17 09:00:00,25.795807,20.286255,892.85065,14.640578,243.05153,71.64966
2018-07-17 10:00:00,25.349487,20.309296,892.3363,13.935635,242.50423,73.67832
2018-07-17 11:00:00,25.249115,20.214935,892.151,13.655278,242.99316,73.68871
2018-07-17 12:00:00,25.083374,20.204529,892.22455,13.2987175,242.22272,74.371735
2018-07-17 13:00:00,24.970001,20.222534,892.5675,13.092334,240.729,74.95944
2018-07-17 14:00:00,24.332397,20.250702,893.11774,13.096507,239.19626,78.00727
2018-07-17 15:00:00,23.604523,20.09665,893.7339,13.125282,238.38611,80.72197
2018-07-17 16:00:00,23.470825,20.082306,894.1959,13.193365,238.11725,81.302956
2018-07-17 17:00:00,23.018494,20.056915,894.4306,13.366466,238.3972,83.42409
2018-07-17 18:00:00,22.829895,19.976593,894.3425,13.583035,239.20349,83.9638
2018-07-17 19:00:00,22.751099,19.954773,894.1054,13.8011,240.36432,84.25191
2018-07-17 20:00:00,22.430573,19.858124,893.80835,13.968645,241.76697,85.394516
2018-07-17 21:00:00,22.307587,19.80487,893.4849,14.057995,243.4476,85.75204
2018-07-17 22:00:00,22.178558,19.846924,893.4153,13.264754,244.45343,86.65375
2018-07-17 23:00:00,22.135284,19.832489,893.3953,13.372358,245.10822,86.80473
2018-07-18 00:00:00,22.387451,19.86914,893.6768,13.369353,245.5765,85.67714
2018-07-18 01:00:00,22.448853,19.853577,894.067,13.310185,246.08113,85.275665
2018-07-18 02:00:00,23.233826,19.94629,894.473,13.394192,246.40393,81.78293
2018-07-18 03:00:00,23.480011,19.95346,894.7682,13.909841,247.69687,80.61243
2018-07-18 04:00:00,23.719788,19.98114,894.92206,14.115943,249.0724,79.592545
2018-07-18 05:00:00,24.848541,20.146973,894.8568,14.151567,250.09651,75.15273
2018-07-18 06:00:00,25.337433,20.194214,894.6194,14.15998,250.9117,73.208725
2018-07-18 07:00:00,25.533752,20.307068,894.23663,14.130644,251.48251,72.86592
2018-07-18 08:00:00,26.025604,20.2435,893.74774,14.079995,252.03503,70.49477
2018-07-18 09:00:00,26.005188,20.259338,893.2093,14.036064,252.60739,70.64908
2018-07-18 10:00:00,25.669037,20.244873,892.7085,13.165289,254.68542,72.00595
2018-07-18 11:00:00,25.597137,20.180267,892.58575,12.964626,254.04915,72.02564
2018-07-18 12:00:00,25.433746,20.12204,892.7252,12.714147,252.45609,72.46659
2018-07-18 13:00:00,25.241333,20.154724,893.0541,12.581782,250.38492,73.44893
2018-07-18 14:00:00,24.658752,20.274017,893.58344,12.546022,248.238,76.60875
2018-07-18 15:00:00,23.749908,20.138031,894.1144,12.56293,246.7724,80.22348
2018-07-18 16:00:00,23.624268,20.106506,894.5044,12.692405,245.81232,80.67519
2018-07-18 17:00:00,23.168945,20.08841,894.7137,12.940265,245.20126,82.82969
2018-07-18 18:00:00,22.975677,19.992035,894.59454,13.293055,245.35822,83.305336
2018-07-18 19:00:00,22.850922,19.941284,894.38306,13.588055,246.04237,83.673744
2018-07-18 20:00:00,22.473724,19.788055,894.0556,13.754944,247.13675,84.801704
2018-07-18 21:00:00,22.308594,19.671478,893.8131,13.815716,248.39282,85.04013
2018-07-18 22:00:00,22.163025,19.768158,893.67377,13.481651,249.34552,86.31319
2018-07-18 23:00:00,22.12259,19.733734,893.77185,13.34784,249.45197,86.341515
2018-07-19 00:00:00,22.397858,19.815826,893.9844,13.230912,249.2735,85.34046
2018-07-19 01:00:00,22.49176,19.836273,894.27985,13.176891,248.94278,84.96243
2018-07-19 02:00:00,23.272583,19.885284,894.58167,13.316469,248.51826,81.28389
2018-07-19 03:00:00,23.521332,19.84906,894.8232,13.834116,249.07718,79.8934
2018-07-19 04:00:00,23.776764,19.830322,894.92346,14.080756,249.54846,78.5824
2018-07-19 05:00:00,25.021515,20.01233,894.8494,14.221182,249.87251,73.76419
2018-07-19 06:00:00,25.562897,20.027496,894.5734,14.333122,249.92024,71.493324
2018-07-19 07:00:00,25.633728,20.081268,894.1307,14.431366,249.82477,71.43066
2018-07-19 08:00:00,26.1875,20.113739,893.6131,14.499767,249.60098,69.26516
2018-07-19 09:00:00,26.165497,20.077484,893.12805,14.51241,249.83446,69.19993
2018-07-19 10:00:00,25.531586,20.092194,892.70056,14.098272,251.05392,71.913704
2018-07-19 11:00:00,25.42923,20.020264,892.60175,13.958112,249.54352,72.031
2018-07-19 12:00:00,25.308228,19.985657,892.7123,13.752365,246.95575,72.39583
2018-07-19 13:00:00,25.120422,20.060455,893.0421,13.8096,243.63843,73.549446
2018-07-19 14:00:00,24.483704,20.13205,893.5865,14.003525,241.23111,76.73867
2018-07-19 15:00:00,23.554016,19.876923,894.15393,14.249526,239.90533,79.87393
2018-07-19 16:00:00,23.426971,19.87387,894.592,14.499321,239.13713,80.47297
2018-07-19 17:00:00,22.995789,19.908936,894.7427,14.765815,238.8489,82.77686
2018-07-19 18:00:00,22.880402,19.8667,894.5976,15.075041,239.28084,83.139366
2018-07-19 19:00:00,22.765076,19.830994,894.2468,15.380502,240.16666,83.53737
2018-07-19 20:00:00,22.31427,19.59906,893.8499,15.648465,241.0452,84.62945
2018-07-19 21:00:00,22.22519,19.597137,893.52,15.76257,241.99136,85.079315
2018-07-19 22:00:00,21.936737,19.48639,893.57007,14.982572,243.28555,85.99443
2018-07-19 23:00:00,21.895844,19.4682,893.5982,14.985497,243.4542,86.11188
2018-07-20 00:00:00,22.153992,19.522095,893.8204,14.865789,243.40971,85.05155
2018-07-20 01:00:00,22.252686,19.530273,894.18414,14.760145,243.43292,84.585
2018-07-20 02:00:00,23.22293,19.720032,894.53094,14.707207,242.9064,80.69698
2018-07-20 03:00:00,23.474426,19.650787,894.7679,14.99363,242.7528,79.14032
2018-07-20 04:00:00,23.733154,19.642761,894.9526,15.290699,243.32474,77.877464
2018-07-20 05:00:00,24.929718,19.803772,894.95435,15.411924,243.8002,73.21692
2018-07-20 06:00:00,25.454376,19.863892,894.73517,15.4341135,244.18239,71.2302
2018-07-20 07:00:00,25.590942,19.95401,894.3457,15.447632,244.48933,71.05037
2018-07-20 08:00:00,26.12555,19.996277,893.8363,15.39282,244.77673,69.015785
2018-07-20 09:00:00,26.077606,19.924591,893.3131,15.342736,245.05719,68.90515
2018-07-20 10:00:00,25.595093,19.916077,892.73846,13.595509,243.89706,70.866165
2018-07-20 11:00:00,25.5141,19.890167,892.65875,13.472047,242.36322,71.09357
2018-07-20 12:00:00,25.355774,19.858551,892.84784,13.483808,240.48863,71.62518
2018-07-20 13:00:00,25.133179,19.901764,893.28986,13.434632,237.96057,72.774956
2018-07-20 14:00:00,24.403137,19.932953,893.92505,13.561677,235.46275,76.16532
2018-07-20 15:00:00,23.715454,19.833221,894.5321,13.796654,233.52243,78.88703
2018-07-20 16:00:00,23.579376,19.871674,894.96313,14.115763,232.55962,79.726036
2018-07-20 17:00:00,23.084198,19.785004,895.13837,14.506189,232.50595,81.70523
2018-07-20 18:00:00,22.963531,19.765106,894.99927,14.888168,233.27954,82.20249
2018-07-20 19:00:00,22.861633,19.746277,894.6571,15.185297,234.32,82.61481
2018-07-20 20:00:00,22.378143,19.588318,894.26514,15.391735,235.25635,84.2451
2018-07-20 21:00:00,22.257355,19.5,893.93134,15.500716,236.27173,84.40205
2018-07-20 22:00:00,21.956665,19.354431,893.76013,14.90553,237.8954,85.18804
2018-07-20 23:00:00,21.920715,19.342682,893.7876,14.855499,237.80325,85.312675
2018-07-21 00:00:00,22.276886,19.563995,894.0692,14.755761,237.79413,84.637634
2018-07-21 01:00:00,22.357117,19.54242,894.58826,14.593407,237.59431,84.11273
2018-07-21 02:00:00,23.140808,19.709076,895.03827,14.53988,237.11366,81.04339
2018-07-21 03:00:00,23.328186,19.701263,895.4038,14.889504,237.58066,80.09228
2018-07-21 04:00:00,23.52594,19.743958,895.62524,15.089495,238.72739,79.35236
2018-07-21 05:00:00,24.55365,19.924133,895.73065,15.226663,239.92108,75.44101
2018-07-21 06:00:00,25.011078,20.056091,895.56,15.289978,241.49304,74.01031
2018-07-21 07:00:00,25.13089,20.108948,895.2491,15.247104,242.33624,73.72449
2018-07-21 08:00:00,25.413757,20.0979,894.7777,15.166902,242.96548,72.444466
2018-07-21 09:00:00,25.437103,20.043457,894.3161,15.011116,243.05743,72.10074
2018-07-21 10:00:00,25.225342,20.07605,893.8912,13.8629675,243.53235,73.16195
2018-07-21 11:00:00,25.150421,19.992035,893.7393,13.689979,242.4061,73.10788
2018-07-21 12:00:00,24.980957,19.930695,893.9034,13.427933,240.55038,73.56992
2018-07-21 13:00:00,24.84262,19.967072,894.28827,13.364294,238.07397,74.34695
2018-07-21 14:00:00,24.186829,19.996063,894.8214,13.397396,235.95888,77.46137
2018-07-21 15:00:00,23.457489,19.851196,895.37354,13.504291,234.26729,80.21217
2018-07-21 16:00:00,23.341827,19.867004,895.79016,13.742361,233.24756,80.85311
2018-07-21 17:00:00,22.858612,19.783539,895.95135,13.994606,233.07095,82.821106
2018-07-21 18:00:00,22.664703,19.769196,895.7347,14.318127,233.63458,83.72605
2018-07-21 19:00:00,22.545319,19.737793,895.35376,14.607476,234.57422,84.17093
2018-07-21 20:00:00,22.18634,19.577332,894.8909,14.815604,235.66014,85.175964
2018-07-21 21:00:00,22.105194,19.573242,894.4785,14.881752,237.04474,85.57629
2018-07-21 22:00:00,21.98413,19.489838,894.29047,13.366073,238.92932,85.76455
2018-07-21 23:00:00,21.928497,19.460205,894.2785,13.61876,238.61652,85.89776
2018-07-22 00:00:00,22.176697,19.577728,894.53577,13.735828,238.24316,85.22808
2018-07-22 01:00:00,22.252472,19.582428,894.95807,13.729418,237.83255,84.86058
2018-07-22 02:00:00,22.92569,19.686157,895.4143,13.801047,237.47952,81.988495
2018-07-22 03:00:00,23.187592,19.686401,895.8307,14.087852,238.24023,80.70093
2018-07-22 04:00:00,23.400696,19.648743,896.0543,14.308656,239.43526,79.483025
2018-07-22 05:00:00,24.321991,19.79538,896.00696,14.377599,240.77036,75.88671
2018-07-22 06:00:00,24.725525,19.831879,895.671,14.41976,242.04626,74.24415
2018-07-22 07:00:00,24.843445,19.856354,895.1743,14.48193,243.35107,73.83509
2018-07-22 08:00:00,25.251862,19.8349,894.6043,14.351678,244.13437,71.96377
2018-07-22 09:00:00,25.299591,19.825958,894.0359,14.154846,244.7597,71.71991
2018-07-22 10:00:00,25.037323,19.742798,893.5481,12.59031,245.81305,72.47407
2018-07-22 11:00:00,24.96051,19.699707,893.4757,12.23399,244.27881,72.61235
2018-07-22 12:00:00,24.809662,19.635986,893.6333,11.978669,241.75925,72.979744
2018-07-22 13:00:00,24.608429,19.648499,893.9688,11.858874,238.55942,73.91994
2018-07-22 14:00:00,23.866974,19.82251,894.53235,11.852331,236.19174,78.1193
2018-07-22 15:00:00,23.299683,19.683441,895.1867,11.877731,234.27968,80.14155
2018-07-22 16:00:00,23.15393,19.687408,895.7286,11.974419,232.91196,80.870316
2018-07-22 17:00:00,22.745209,19.669525,895.9266,12.127199,232.27206,82.804565
2018-07-22 18:00:00,22.514069,19.581146,895.701,12.38328,232.42331,83.51482
2018-07-22 19:00:00,22.411224,19.567749,895.26086,12.687423,233.22237,83.968506
2018-07-22 20:00:00,21.989563,19.433472,894.75806,12.907293,234.15851,85.436264
2018-07-22 21:00:00,21.892578,19.387299,894.4268,12.955067,235.30109,85.696815
2018-07-22 22:00:00,21.693848,19.375366,894.42944,12.078902,236.17325,86.678955
2018-07-22 23:00:00,21.635162,19.28897,894.3872,12.259185,235.83919,86.52408
2018-07-23 00:00:00,21.87967,19.372803,894.6107,12.349172,235.38904,85.68708
2018-07-23 01:00:00,22.123077,19.52658,895.02686,12.348625,234.93391,85.235634
2018-07-23 02:00:00,22.871277,19.613983,895.4494,12.393209,234.39899,81.89141
2018-07-23 03:00:00,23.113037,19.53656,895.7946,12.697556,234.7066,80.314705
2018-07-23 04:00:00,23.323914,19.54181,895.92334,12.964343,235.50847,79.323715
2018-07-23 05:00:00,24.405762,19.652618,895.83826,13.137622,236.577,74.84101
2018-07-23 06:00:00,24.800934,19.734528,895.532,13.274202,237.90417,73.46568
2018-07-23 07:00:00,24.918884,19.770355,895.1027,13.304643,239.09183,73.11258
2018-07-23 08:00:00,25.45044,19.812195,894.5598,13.334328,240.58316,71.01891
2018-07-23 09:00:00,25.443573,19.739166,893.9525,13.162657,241.72789,70.72685
2018-07-23 10:00:00,25.162964,19.734985,893.46606,11.881167,242.75397,71.89873
2018-07-23 11:00:00,25.072937,19.666656,893.33655,11.4376745,241.79437,71.97951
2018-07-23 12:00:00,24.934021,19.63507,893.5837,11.194082,239.5823,72.43598
2018-07-23 13:00:00,24.786499,19.735657,894.0955,11.060796,236.8006,73.534164
2018-07-23 14:00:00,24.100769,19.789062,894.7539,11.109867,234.09306,76.87015
2018-07-23 15:00:00,23.447845,19.697815,895.38245,11.170587,232.00201,79.49903
2018-07-23 16:00:00,23.29486,19.744019,895.9104,11.325333,230.49945,80.466774
2018-07-23 17:00:00,22.818207,19.65036,896.13586,11.52847,230.06915,82.340935
2018-07-23 18:00:00,22.644135,19.560516,896.08435,11.826601,230.45123,82.751816
2018-07-23 19:00:00,22.503662,19.52243,895.7628,12.122708,231.30469,83.26336
2018-07-23 20:00:00,22.097107,19.425873,895.37085,12.370886,232.3433,84.837875
2018-07-23 21:00:00,22.026978,19.440033,895.0227,12.500951,233.37894,85.276344
2018-07-23 22:00:00,21.852264,19.416199,895.0076,11.933513,234.73697,86.06253
2018-07-23 23:00:00,21.813995,19.408783,895.0885,12.075656,234.66745,86.22406
2018-07-24 00:00:00,22.103394,19.547913,895.4043,12.1990185,234.46313,85.45109
2018-07-24 01:00:00,22.257904,19.570892,895.88245,12.257784,233.8086,84.771774
2018-07-24 02:00:00,23.289337,19.78424,896.29016,12.470391,232.67474,80.69469
2018-07-24 03:00:00,23.519226,19.720642,896.6015,13.11825,232.7082,79.269745
2018-07-24 04:00:00,23.723907,19.725555,896.75476,13.660654,233.9566,78.32223
2018-07-24 05:00:00,24.76596,19.821411,896.7512,13.9962225,235.52881,74.017
2018-07-24 06:00:00,25.195862,19.890778,896.5051,14.168236,236.98494,72.45449
2018-07-24 07:00:00,25.325287,19.96994,896.085,14.235804,238.28246,72.25205
2018-07-24 08:00:00,25.837616,19.903442,895.5476,14.211589,239.60468,69.799576
2018-07-24 09:00:00,25.88913,19.954224,894.95526,14.064802,240.86241,69.80612
2018-07-24 10:00:00,25.506561,19.98468,894.48724,12.713829,242.73804,71.54303
2018-07-24 11:00:00,25.333466,19.879272,894.3702,12.270653,241.95227,71.812454
2018-07-24 12:00:00,25.198822,19.916687,894.5128,11.942582,240.12297,72.55812
2018-07-24 13:00:00,25.048096,20.003784,894.99097,11.6942,237.54013,73.60847
2018-07-24 14:00:00,24.349762,20.042053,895.63763,11.6181,234.76398,76.927155
2018-07-24 15:00:00,23.579285,19.864563,896.30365,11.6286335,232.31569,79.69134
2018-07-24 16:00:00,23.423157,19.851776,896.7427,11.835539,230.86235,80.38133
2018-07-24 17:00:00,22.966858,19.760834,896.8718,12.173787,230.54239,82.164154
2018-07-24 18:00:00,22.816559,19.713318,896.677,12.610896,231.25267,82.671555
2018-07-24 19:00:00,22.718079,19.727753,896.3035,13.001919,232.41495,83.24111
2018-07-24 20:00:00,22.25888,19.54477,895.8409,13.244422,233.7904,84.62929
2018-07-24 21:00:00,22.159546,19.506958,895.4101,13.354807,235.36841,84.942856
2018-07-24 22:00:00,21.974579,19.4628,895.2466,12.727963,238.60086,85.67044
2018-07-24 23:00:00,21.89978,19.414856,895.2449,12.840554,238.025,85.80611
2018-07-25 00:00:00,22.133972,19.502716,895.41187,12.838055,237.6536,85.05286
2018-07-25 01:00:00,22.2742,19.494385,895.84784,12.814262,237.10349,84.28615
2018-07-25 02:00:00,23.175232,19.67038,896.18616,13.062672,236.59564,80.68094
2018-07-25 03:00:00,23.382172,19.568878,896.4838,13.721726,237.46838,79.17829
2018-07-25 04:00:00,23.59906,19.600067,896.55695,14.116328,238.84146,78.30103
2018-07-25 05:00:00,24.646454,19.712372,896.52655,14.265542,239.59303,74.045006
2018-07-25 06:00:00,25.108337,19.775543,896.1863,14.359655,239.87207,72.31472
2018-07-25 07:00:00,25.23584,19.815002,895.7349,14.412673,240.37515,71.943596
2018-07-25 08:00:00,25.835114,19.892273,895.15295,14.390011,240.58492,69.761635
2018-07-25 09:00:00,25.895264,19.889679,894.64923,14.3269615,240.82635,69.5023
2018-07-25 10:00:00,25.324951,19.706848,894.2082,12.744278,240.84897,71.08472
2018-07-25 11:00:00,25.2388,19.68454,894.1044,12.648456,239.95299,71.35118
2018-07-25 12:00:00,25.079346,19.75647,894.2123,12.373748,238.36894,72.35411
2018-07-25 13:00:00,24.901978,19.782257,894.659,12.093977,235.69095,73.240425
2018-07-25 14:00:00,24.194489,19.8284,895.299,11.970377,232.99713,76.62575
2018-07-25 15:00:00,23.58899,19.662231,895.9088,12.060916,230.82777,78.651535
2018-07-25 16:00:00,23.469574,19.671173,896.28827,12.320905,229.48804,79.26373
2018-07-25 17:00:00,23.015686,19.658173,896.42163,12.704016,228.86432,81.40151
2018-07-25 18:00:00,22.860199,19.599182,896.2715,13.132993,229.11324,81.871124
2018-07-25 19:00:00,22.773285,19.609161,895.9652,13.502765,229.73137,82.35454
2018-07-25 20:00:00,22.241394,19.428528,895.58673,13.796969,230.89067,84.109535
2018-07-25 21:00:00,22.14273,19.378876,895.29297,13.959234,232.1673,84.35548
2018-07-25 22:00:00,21.93692,19.295532,895.0491,13.362863,235.19371,84.97869
2018-07-25 23:00:00,21.919678,19.280914,895.1626,13.429028,235.0836,84.99073
2018-07-26 00:00:00,22.092682,19.347443,895.3974,13.396517,234.72284,84.44781
2018-07-26 01:00:00,22.18628,19.364136,895.83276,13.436818,233.87846,84.05494
2018-07-26 02:00:00,23.019104,19.571838,896.19727,13.907805,233.54593,80.949585
2018-07-26 03:00:00,23.233337,19.575348,896.512,14.598384,234.31375,79.92517
2018-07-26 04:00:00,23.420288,19.5419,896.6893,15.003374,235.45686,78.8641
2018-07-26 05:00:00,24.420044,19.670532,896.731,15.307597,236.4183,74.86023
2018-07-26 06:00:00,24.800446,19.75763,896.45874,15.497012,237.43317,73.57317
2018-07-26 07:00:00,24.919556,19.821411,895.973,15.51694,238.35408,73.341484
2018-07-26 08:00:00,25.374176,19.835907,895.3703,15.50043,239.32378,71.44652
2018-07-26 09:00:00,25.404602,19.824219,894.7813,15.388649,239.88223,71.265755
2018-07-26 10:00:00,25.131012,19.787415,894.4313,14.175737,240.94589,72.270325
2018-07-26 11:00:00,25.043182,19.773712,894.2548,13.818758,240.44025,72.587814
2018-07-26 12:00:00,24.879944,19.78656,894.3088,13.419008,239.88837,73.35635
2018-07-26 13:00:00,24.63388,19.822876,894.62695,12.942097,238.29654,74.61028
2018-07-26 14:00:00,24.065918,19.92221,895.1499,12.600728,236.70088,77.66945
2018-07-26 15:00:00,23.360565,19.73883,895.7103,12.555473,235.13666,80.12244
2018-07-26 16:00:00,23.241455,19.748596,896.074,12.693719,234.06012,80.74968
2018-07-26 17:00:00,22.830353,19.715576,896.1922,12.971919,233.46954,82.614044
2018-07-26 18:00:00,22.687042,19.665405,895.9729,13.311378,233.41101,83.07598
2018-07-26 19:00:00,22.576447,19.639404,895.6078,13.700853,234.04858,83.50058
2018-07-26 20:00:00,22.149689,19.45404,895.16956,13.960208,235.02786,84.7148
2018-07-26 21:00:00,22.04123,19.394348,894.78357,14.084949,236.2853,84.960594
2018-07-26 22:00:00,21.916565,19.353424,894.5591,12.945245,238.81958,85.391335
2018-07-26 23:00:00,21.91153,19.40384,894.4225,13.103122,238.58441,85.68589
2018-07-27 00:00:00,22.10846,19.50589,894.55963,13.209569,238.26898,85.201965
2018-07-27 01:00:00,22.169128,19.46762,894.9621,13.401455,237.85341,84.68599
2018-07-27 02:00:00,22.885315,19.630676,895.37524,13.865636,237.11484,81.90666
2018-07-27 03:00:00,23.059998,19.604462,895.74585,14.664904,237.6597,80.913284
2018-07-27 04:00:00,23.251923,19.60495,896.0097,15.231564,238.57507,79.98239
2018-07-27 05:00:00,24.218689,19.772888,896.09717,15.508304,239.42276,76.25169
2018-07-27 06:00:00,24.65683,19.795135,895.8287,15.602163,239.88501,74.37995
2018-07-27 07:00:00,24.821808,19.868408,895.3756,15.677035,240.21324,73.985794
2018-07-27 08:00:00,25.245087,19.796967,894.7905,15.707292,240.38004,71.823654
2018-07-27 09:00:00,25.267181,19.792053,894.23047,15.678334,240.46698,71.70744
2018-07-27 10:00:00,24.953217,19.876709,893.76404,14.178679,243.88943,73.44569
2018-07-27 11:00:00,24.905945,19.835175,893.73517,13.754103,241.8895,73.46371
2018-07-27 12:00:00,24.731293,19.761383,893.891,13.172166,239.47314,73.894875
2018-07-27 13:00:00,24.481598,19.77774,894.3617,12.717577,235.84192,75.08262
2018-07-27 14:00:00,23.961884,19.870178,894.98706,12.582499,232.84921,77.904755
2018-07-27 15:00:00,23.292816,19.739746,895.6858,12.687223,230.54013,80.45539
2018-07-27 16:00:00,23.17273,19.75879,896.1822,12.932015,229.02562,81.13701
2018-07-27 17:00:00,22.722595,19.704285,896.3685,13.248214,228.56055,83.09725
2018-07-27 18:00:00,22.562347,19.667633,896.19604,13.61659,228.99104,83.71865
2018-07-27 19:00:00,22.483337,19.694214,895.7866,13.936026,230.02513,84.26026
2018-07-27 20:00:00,22.105164,19.531525,895.2637,14.199476,231.37369,85.35493
2018-07-27 21:00:00,21.969147,19.395844,894.80865,14.363014,232.81837,85.34277
2018-07-27 22:00:00,21.891998,19.452637,894.5316,13.488992,235.01904,86.04878
2018-07-27 23:00:00,21.83841,19.421692,894.5302,13.680374,235.58536,86.16477
2018-07-28 00:00:00,22.07306,19.527985,894.7225,13.722978,235.79736,85.503265
2018-07-28 01:00:00,22.16571,19.56604,895.10815,13.839054,235.73752,85.22323
2018-07-28 02:00:00,22.89206,19.674744,895.4776,14.252035,235.63129,82.09749
2018-07-28 03:00:00,23.096985,19.651031,895.75287,15.09925,237.29204,80.966255
2018-07-28 04:00:00,23.316803,19.624512,895.8897,15.5026,238.98642,79.766464
2018-07-28 05:00:00,24.287628,19.742157,895.8646,15.529107,239.73953,75.79257
2018-07-28 06:00:00,24.711395,19.690796,895.5813,15.448503,240.12643,73.65951
2018-07-28 07:00:00,24.885132,19.771729,895.1761,15.372449,240.4318,73.26623
2018-07-28 08:00:00,25.418427,19.840698,894.63794,15.211149,240.85551,71.28002
2018-07-28 09:00:00,25.457428,19.901855,894.11755,15.053012,241.08098,71.38502
2018-07-28 10:00:00,25.164398,19.899109,893.77026,13.480842,241.57674,72.62786
2018-07-28 11:00:00,25.042694,19.817139,893.7143,13.14585,240.43268,72.78566
2018-07-28 12:00:00,24.854187,19.724304,893.9038,12.63657,238.05804,73.18604
2018-07-28 13:00:00,24.701263,19.751099,894.34595,12.093177,234.9996,73.98037
2018-07-28 14:00:00,24.171173,19.906952,895.01196,11.829591,232.28989,77.107445
2018-07-28 15:00:00,23.431824,19.784546,895.66406,11.8135605,230.05908,80.00517
2018-07-28 16:00:00,23.328125,19.781738,896.08655,11.970221,228.47731,80.49341
2018-07-28 17:00:00,22.85144,19.736023,896.2003,12.254006,227.85461,82.61327
2018-07-28 18:00:00,22.671814,19.67743,896.0158,12.610942,228.05595,83.21483
2018-07-28 19:00:00,22.558472,19.651428,895.61224,13.042033,228.89638,83.654144
2018-07-28 20:00:00,22.153473,19.507263,895.1033,13.385948,230.22198,84.97592
2018-07-28 21:00:00,22.059723,19.468475,894.62805,13.564999,231.71053,85.25691
2018-07-28 22:00:00,21.801025,19.37436,894.3688,12.945536,235.59216,86.10781
2018-07-28 23:00:00,21.756683,19.357483,894.2807,13.1923485,235.65775,86.25076
2018-07-29 00:00:00,21.954132,19.439545,894.4554,13.332576,235.4426,85.65343
2018-07-29 01:00:00,22.029816,19.450714,894.85657,13.52796,235.11374,85.318245
2018-07-29 02:00:00,22.744873,19.520966,895.25867,14.089722,235.47696,82.04579
2018-07-29 03:00:00,23.066437,19.575989,895.5181,14.770912,237.07845,80.73891
2018-07-29 04:00:00,23.26477,19.541565,895.6138,15.078881,238.35149,79.60633
2018-07-29 05:00:00,24.168121,19.687195,895.5838,15.162724,239.15027,76.07783
2018-07-29 06:00:00,24.700043,19.698212,895.40936,15.1666565,239.71498,73.74341
2018-07-29 07:00:00,24.846802,19.769257,895.056,15.107983,240.27467,73.42276
2018-07-29 08:00:00,25.426086,19.762238,894.48413,15.03078,240.65077,70.90177
2018-07-29 09:00:00,25.484467,19.772644,893.9367,14.912548,241.02744,70.70189
2018-07-29 10:00:00,25.203522,19.717499,893.4872,13.840295,241.48334,71.64756
2018-07-29 11:00:00,25.082703,19.702362,893.4402,13.532977,240.19705,72.09721
2018-07-29 12:00:00,24.990173,19.707153,893.58453,13.00422,238.05551,72.51752
2018-07-29 13:00:00,24.736206,19.678589,893.9606,12.464979,235.10876,73.49469
2018-07-29 14:00:00,24.065735,19.803894,894.54315,12.2529125,232.71625,77.10287
2018-07-29 15:00:00,23.367615,19.678986,895.1763,12.2453,230.73534,79.79149
2018-07-29 16:00:00,23.229431,19.615662,895.66077,12.427609,229.26408,80.14444
2018-07-29 17:00:00,22.685516,19.563507,895.8507,12.740896,228.40965,82.55964
2018-07-29 18:00:00,22.55133,19.491302,895.7302,13.1697645,228.7059,82.862206
2018-07-29 19:00:00,22.440918,19.511353,895.35474,13.56821,229.59566,83.523895
2018-07-29 20:00:00,22.064972,19.389862,894.91846,13.9122095,230.95163,84.81403
2018-07-29 21:00:00,21.911652,19.331024,894.51337,14.119104,232.38754,85.29798
2018-07-29 22:00:00,21.699982,19.235474,894.27014,12.775337,233.72656,85.895325
2018-07-29 23:00:00,21.701569,19.286957,894.2407,13.248687,233.5998,86.16274
2018-07-30 00:00:00,21.93924,19.347656,894.46216,13.513157,233.58002,85.24272
2018-07-30 01:00:00,21.978363,19.373077,894.88916,13.76714,233.2673,85.174126
2018-07-30 02:00:00,22.669708,19.496643,895.2678,14.2404375,233.71555,82.29625
2018-07-30 03:00:00,22.949005,19.571075,895.55475,14.910909,235.45898,81.289925
2018-07-30 04:00:00,23.174408,19.541504,895.7184,15.210486,236.62024,80.04187
2018-07-30 05:00:00,24.292267,19.591125,895.6772,15.310672,237.13776,75.06453
2018-07-30 06:00:00,24.919098,19.648926,895.3856,15.359368,237.45209,72.56289
2018-07-30 07:00:00,25.055145,19.71051,894.91315,15.397371,237.82785,72.25226
2018-07-30 08:00:00,25.625214,19.64856,894.3055,15.444022,238.2135,69.57576
2018-07-30 09:00:00,25.653809,19.628296,893.6987,15.466845,238.68161,69.37047
2018-07-30 10:00:00,25.128906,19.567413,893.1117,14.620567,238.98103,71.29919
2018-07-30 11:00:00,25.061005,19.52884,893.1384,14.404703,238.156,71.416885
2018-07-30 12:00:00,24.869354,19.408386,893.26404,13.953991,236.3561,71.698975
2018-07-30 13:00:00,24.724426,19.486694,893.7087,13.472978,233.60576,72.6751
2018-07-30 14:00:00,24.072083,19.608093,894.2636,13.321227,230.99771,76.14277
2018-07-30 15:00:00,23.42978,19.46466,894.93677,13.356741,229.02733,78.44155
2018-07-30 16:00:00,23.316406,19.460114,895.41766,13.604636,227.9279,78.95777
2018-07-30 17:00:00,22.80133,19.427582,895.53455,13.893748,227.73402,81.292206
2018-07-30 18:00:00,22.6315,19.375885,895.34827,14.249661,228.2982,81.87025
2018-07-30 19:00:00,22.510864,19.346039,894.9627,14.641146,229.35065,82.31914
2018-07-30 20:00:00,22.052216,19.201813,894.485,14.962008,230.60922,83.89232
2018-07-30 21:00:00,21.936798,19.143616,894.12213,15.202324,231.84079,84.17911
2018-07-30 22:00:00,21.674652,19.0159,893.9952,14.164945,235.47372,84.85917
2018-07-30 23:00:00,21.634216,18.97055,894.0059,14.467336,235.13531,84.828865
2018-07-31 00:00:00,21.81668,19.074951,894.22437,14.584692,234.89804,84.43638
2018-07-31 01:00:00,21.869263,19.083923,894.62897,14.644787,234.46426,84.21283
2018-07-31 02:00:00,22.538269,19.176544,895.0687,15.02436,234.31586,81.31954
2018-07-31 03:00:00,22.826385,19.2435,895.3984,15.684881,235.70267,80.24445
2018-07-31 04:00:00,23.07605,19.331238,895.57556,15.997974,236.73639,79.47347
2018-07-31 05:00:00,24.202576,19.462463,895.5836,16.16072,237.40161,74.86836
2018-07-31 06:00:00,24.776794,19.491302,895.39923,16.212013,238.19,72.468864
2018-07-31 07:00:00,24.929657,19.550568,895.00665,16.25553,238.93369,72.075615
2018-07-31 08:00:00,25.514282,19.383636,894.4696,16.218706,239.5343,68.89199
2018-07-31 09:00:00,25.586151,19.396118,893.86597,16.057606,239.5498,68.65192
2018-07-31 10:00:00,25.122131,19.367096,893.3435,14.844594,240.34312,70.44529
2018-07-31 11:00:00,25.069763,19.333252,893.27844,14.491098,238.50894,70.5168
2018-07-31 12:00:00,24.933167,19.293762,893.55554,14.081476,236.38815,70.91893
2018-07-31 13:00:00,24.702179,19.31372,893.96216,13.713917,233.65388,71.99311
2018-07-31 14:00:00,24.068207,19.496307,894.55347,13.637512,231.25224,75.63342
2018-07-31 15:00:00,23.379639,19.343689,895.1094,13.798264,229.72052,78.08951
2018-07-31 16:00:00,23.20523,19.279053,895.59955,14.094991,228.92644,78.599525
2018-07-31 17:00:00,22.603516,19.219727,895.74756,14.445887,228.84824,81.21618
2018-07-31 18:00:00,22.445435,19.170074,895.60425,14.779596,229.38705,81.74652
2018-07-31 19:00:00,22.345245,19.174286,895.1665,15.088863,230.2882,82.26757
2018-07-31 20:00:00,21.851227,19.036774,894.74445,15.371354,231.50722,84.0581
2018-07-31 21:00:00,21.71231,18.982635,894.34064,15.574846,232.90283,84.488556
2018-07-31 22:00:00,21.572968,18.90268,894.11383,14.721075,235.59882,84.78733
2018-07-31 23:00:00,21.505463,18.906036,894.2272,14.822559,235.72055,85.15613
2018-08-01 00:00:00,21.71762,18.996887,894.43994,14.857541,235.85379,84.53629
2018-08-01 01:00:00,21.764343,18.992462,894.872,14.845842,235.76862,84.27202
2018-08-01 02:00:00,22.3992,19.069489,895.3021,15.191899,235.85156,81.46427
2018-08-01 03:00:00,22.676056,19.062866,895.6647,15.938647,237.3146,80.07291
2018-08-01 04:00:00,22.894318,19.098938,895.851,16.29861,238.5322,79.19834
2018-08-01 05:00:00,24.055511,19.192688,895.8298,16.462734,239.46127,74.27464
2018-08-01 06:00:00,24.698456,19.196503,895.62775,16.503065,240.06467,71.48549
2018-08-01 07:00:00,24.845947,19.256287,895.3432,16.516926,240.4246,71.12286
2018-08-01 08:00:00,25.536316,19.237396,894.9216,16.416128,240.68517,68.178535
2018-08-01 09:00:00,25.625916,19.28897,894.4194,16.179533,240.52216,68.03496
2018-08-01 10:00:00,25.247742,19.432922,894.01953,14.771552,241.4267,70.20725
2018-08-01 11:00:00,25.13144,19.43631,894.0483,14.393561,239.51123,70.70998
2018-08-01 12:00:00,24.948273,19.320068,894.1869,13.843796,237.00343,70.97116
2018-08-01 13:00:00,24.806458,19.28061,894.5492,13.306028,233.86671,71.39875
2018-08-01 14:00:00,24.166168,19.525787,895.0134,13.0153,231.0929,75.327934
2018-08-01 15:00:00,23.356873,19.273315,895.5934,13.075221,229.26605,77.85514
2018-08-01 16:00:00,23.1893,19.28006,896.0597,13.304931,228.14095,78.68014
2018-08-01 17:00:00,22.669403,19.259308,896.2932,13.597751,227.69002,81.09171
2018-08-01 18:00:00,22.533752,19.240234,896.228,13.856955,227.84476,81.66518
2018-08-01 19:00:00,22.443512,19.273895,895.9865,14.072079,228.4698,82.28641
2018-08-01 20:00:00,22.028137,19.228882,895.5566,14.172293,229.3221,84.15731
2018-08-01 21:00:00,21.911224,19.186615,895.156,14.252442,230.30519,84.53672
2018-08-01 22:00:00,21.695831,19.04541,895.03156,13.24206,233.10861,84.90552
2018-08-01 23:00:00,21.645905,19.00769,895.192,13.380035,232.37444,84.96493
2018-08-02 00:00:00,21.832214,19.129242,895.4916,13.430894,231.8587,84.64226
2018-08-02 01:00:00,21.838379,19.105103,895.96936,13.514804,231.3194,84.483215
2018-08-02 02:00:00,22.550323,19.141022,896.4514,13.920465,231.291,81.080376
2018-08-02 03:00:00,22.836151,19.250488,896.8725,14.622378,233.34476,80.231895
2018-08-02 04:00:00,23.031189,19.19873,897.0553,14.998504,235.04486,79.034744
2018-08-02 05:00:00,24.273499,19.359833,897.0401,15.179931,235.97977,74.07634
2018-08-02 06:00:00,24.774445,19.31427,896.8141,15.228654,236.66711,71.68543
2018-08-02 07:00:00,24.931519,19.385864,896.5067,15.224644,237.3134,71.33352
2018-08-02 08:00:00,25.573975,19.297241,896.08905,15.1073475,237.85117,68.28018
2018-08-02 09:00:00,25.634064,19.288574,895.65356,14.915205,238.29852,68.000404
2018-08-02 10:00:00,25.384705,19.344513,895.25916,13.798961,239.5846,69.255714
2018-08-02 11:00:00,25.272247,19.340271,895.24414,13.345665,238.17451,69.70212
2018-08-02 12:00:00,25.085419,19.321259,895.35516,12.87809,235.643,70.39848
2018-08-02 13:00:00,24.937653,19.382751,895.6431,12.450402,232.46042,71.29364
2018-08-02 14:00:00,24.185394,19.511475,896.21857,12.25228,229.94115,75.17424
2018-08-02 15:00:00,23.519684,19.419403,896.8046,12.313878,228.52745,77.79818
2018-08-02 16:00:00,23.410583,19.429504,897.25244,12.488283,227.95049,78.36097
2018-08-02 17:00:00,22.85315,19.360413,897.3938,12.756268,228.2467,80.6995
2018-08-02 18:00:00,22.669281,19.29712,897.2244,13.068973,229.23311,81.28342
2018-08-02 19:00:00,22.572296,19.29248,896.8479,13.339309,230.67369,81.7397
2018-08-02 20:00:00,22.062653,19.174713,896.45166,13.500415,231.99306,83.69754
2018-08-02 21:00:00,21.933197,19.15503,896.1531,13.570172,233.4001,84.2575
2018-08-02 22:00:00,21.735107,19.143341,896.0998,12.7474165,235.6565,85.22063
2018-08-02 23:00:00,21.69217,19.134521,896.0569,12.910555,235.58469,85.39763
2018-08-03 00:00:00,21.895142,19.221283,896.34076,13.036223,235.49896,84.802635
2018-08-03 01:00:00,21.912292,19.206238,896.8077,13.111032,235.56491,84.6346
2018-08-03 02:00:00,22.811432,19.35141,897.2111,13.484055,236.2139,80.85848
2018-08-03 03:00:00,23.105469,19.444,897.51514,14.1747675,238.95226,79.890564
2018-08-03 04:00:00,23.374512,19.42456,897.623,14.579811,241.509,78.5076
2018-08-03 05:00:00,24.546509,19.502808,897.5628,14.782525,243.62593,73.52586
2018-08-03 06:00:00,25.197083,19.509552,897.226,14.896908,245.45935,70.7555
2018-08-03 07:00:00,25.371643,19.562134,896.75165,14.930394,247.10596,70.2536
2018-08-03 08:00:00,26.063538,19.446869,896.15704,14.87251,248.6572,66.948
2018-08-03 09:00:00,26.063477,19.384857,895.5468,14.701926,249.59479,66.69057
2018-08-03 10:00:00,25.681213,19.448181,895.02325,13.634721,254.79707,68.48709
2018-08-03 11:00:00,25.58841,19.382812,894.91675,13.155937,253.28271,68.58593
2018-08-03 12:00:00,25.459656,19.373016,895.0768,12.586656,250.78038,69.07026
2018-08-03 13:00:00,25.308868,19.40625,895.5146,12.068717,247.8486,69.836464
2018-08-03 14:00:00,24.49295,19.599579,896.0868,11.773594,245.32527,74.20661
2018-08-03 15:00:00,23.610626,19.339813,896.6278,11.719782,243.25372,76.990845
2018-08-03 16:00:00,23.446198,19.328644,897.0092,11.838206,241.6903,77.70377
2018-08-03 17:00:00,22.925842,19.316101,897.16956,12.133068,240.77112,80.12375
2018-08-03 18:00:00,22.758667,19.27066,897.0422,12.479598,240.93723,80.71087
2018-08-03 19:00:00,22.64746,19.261414,896.6951,12.789158,241.4613,81.210396
2018-08-03 20:00:00,22.201752,19.172546,896.22345,13.0262,242.19412,82.980125
2018-08-03 21:00:00,22.123383,19.123993,895.8967,13.194339,242.97586,83.12524
2018-08-03 22:00:00,21.821869,19.029755,895.8095,12.724272,244.61487,84.17204
2018-08-03 23:00:00,21.770813,18.998505,895.9216,12.861961,245.02292,84.27048
2018-08-04 00:00:00,22.033722,19.108124,896.1103,12.921995,245.1827,83.49807
2018-08-04 01:00:00,22.075378,19.108124,896.5299,12.878882,245.14526,83.2863
2018-08-04 02:00:00,22.852875,19.212463,896.9263,13.120484,245.08257,79.96106
2018-08-04 03:00:00,23.204407,19.252106,897.2528,13.785499,246.95287,78.471634
2018-08-04 04:00:00,23.464233,19.24701,897.3402,14.067735,248.52866,77.22585
2018-08-04 05:00:00,24.710663,19.376984,897.2689,14.11225,249.67615,72.24041
2018-08-04 06:00:00,25.450226,19.498383,896.89935,14.086009,250.48691,69.649796
2018-08-04 07:00:00,25.625427,19.591553,896.38617,14.0735035,251.18204,69.32903
2018-08-04 08:00:00,26.285492,19.514252,895.776,14.043535,251.79901,66.35282
2018-08-04 09:00:00,26.375824,19.585022,895.2623,13.979465,251.99777,66.29073
2018-08-04 10:00:00,25.993591,19.693542,894.7671,12.397684,254.93686,68.26359
2018-08-04 11:00:00,25.924408,19.68518,894.8008,12.125017,252.34712,68.50817
2018-08-04 12:00:00,25.779419,19.66153,895.0054,11.819779,249.20828,68.99782
2018-08-04 13:00:00,25.532318,19.625122,895.415,11.65514,245.98312,69.85878
2018-08-04 14:00:00,24.798248,19.73404,896.0017,11.673276,243.7065,73.47523
2018-08-04 15:00:00,23.950745,19.592499,896.62665,11.792597,242.18112,76.62547
2018-08-04 16:00:00,23.832489,19.609314,897.0888,11.98696,241.32498,77.25282
2018-08-04 17:00:00,23.325104,19.610504,897.2001,12.265821,241.04178,79.65717
2018-08-04 18:00:00,23.095123,19.537384,897.0778,12.680223,241.39522,80.4059
2018-08-04 19:00:00,22.973145,19.513153,896.7109,13.11656,242.18279,80.87963
2018-08-04 20:00:00,22.472015,19.38321,896.3667,13.43996,243.31026,82.70467
2018-08-04 21:00:00,22.378387,19.366852,896.02905,13.646629,244.58942,83.09213
2018-08-04 22:00:00,22.098083,19.265808,895.72046,13.041087,245.89569,83.99218
2018-08-04 23:00:00,22.050964,19.241241,895.94775,13.171566,245.69566,84.10498
2018-08-05 00:00:00,22.249603,19.315094,896.1804,13.167722,245.54828,83.4764
2018-08-05 01:00:00,22.27649,19.264221,896.56976,13.039359,244.95763,83.07644
2018-08-05 02:00:00,23.110046,19.419678,896.9242,13.246959,244.58383,79.74776
2018-08-05 03:00:00,23.494385,19.289856,897.2131,14.016257,246.20877,77.291466
2018-08-05 04:00:00,23.75528,19.261536,897.33875,14.427193,247.6448,75.95224
2018-08-05 05:00:00,24.833405,19.488434,897.23804,14.596487,248.57399,72.211464
2018-08-05 06:00:00,25.422394,19.553192,896.89056,14.678769,249.38882,70.00307
2018-08-05 07:00:00,25.572693,19.624786,896.4084,14.705656,250.05698,69.69003
2018-08-05 08:00:00,26.228455,19.634338,895.8615,14.748605,250.96208,67.07518
2018-08-05 09:00:00,26.32132,19.667297,895.3402,14.591105,251.59561,66.84493
2018-08-05 10:00:00,25.77295,19.783752,894.7978,12.984023,250.20059,69.54968
2018-08-05 11:00:00,25.627228,19.69748,894.74927,12.806724,248.62766,69.77896
2018-08-05 12:00:00,25.511536,19.704498,894.9268,12.666081,246.299,70.2905
2018-08-05 13:00:00,25.392303,19.764801,895.2568,12.650739,244.06595,71.055595
2018-08-05 14:00:00,24.67694,19.77301,895.7762,12.66798,242.18927,74.18873
2018-08-05 15:00:00,23.813782,19.482697,896.2902,12.843148,240.332,76.7338
2018-08-05 16:00:00,23.673706,19.490356,896.64026,13.16608,239.10107,77.420296
2018-08-05 17:00:00,23.062561,19.488495,896.6914,13.535325,238.44818,80.32
2018-08-05 18:00:00,22.891174,19.424286,896.42834,13.920026,238.58817,80.83431
2018-08-05 19:00:00,22.784424,19.401794,896.01874,14.284522,239.12747,81.24519
2018-08-05 20:00:00,22.374817,19.247406,895.4972,14.584057,239.90538,82.49459
2018-08-05 21:00:00,22.166748,19.161804,895.084,14.781543,240.99326,83.101524
2018-08-05 22:00:00,21.958862,19.180756,894.77014,13.9875555,239.64752,84.2606
2018-08-05 23:00:00,21.924255,19.150085,894.81885,14.278265,240.29434,84.277504
2018-08-06 00:00:00,22.110168,19.198395,895.00037,14.384953,240.75667,83.57874
2018-08-06 01:00:00,22.131042,19.182648,895.3543,14.4476185,240.8099,83.390656
2018-08-06 02:00:00,22.832062,19.291656,895.71185,14.688798,240.80461,80.45772
2018-08-06 03:00:00,23.028046,19.258484,896.0239,15.282061,242.49344,79.34451
2018-08-06 04:00:00,23.243408,19.301086,896.1398,15.469107,244.36298,78.52602
2018-08-06 05:00:00,24.301575,19.399353,896.07666,15.418041,245.85886,74.13382
2018-08-06 06:00:00,24.809021,19.405823,895.7299,15.229716,246.75192,71.94618
2018-08-06 07:00:00,25.006561,19.500885,895.255,15.050641,247.30298,71.52467
2018-08-06 08:00:00,25.604065,19.451172,894.70685,14.8945,247.67258,68.81412
2018-08-06 09:00:00,25.640167,19.425598,894.1526,14.769595,247.76813,68.557755
2018-08-06 10:00:00,25.120056,19.426361,893.5566,13.157159,249.94017,70.71417
2018-08-06 11:00:00,24.981384,19.389221,893.61365,13.010483,248.08347,71.13654
2018-08-06 12:00:00,24.764954,19.278107,893.81305,12.837784,245.43784,71.5648
2018-08-06 13:00:00,24.628265,19.237488,894.27826,12.805399,242.3739,71.96951
2018-08-06 14:00:00,24.069244,19.345398,894.86194,12.828436,239.88947,74.922356
2018-08-06 15:00:00,23.308441,19.211182,895.4785,12.935453,237.82033,77.7816
2018-08-06 16:00:00,23.146423,19.229004,895.8851,13.159339,236.29118,78.63395
2018-08-06 17:00:00,22.63736,19.241455,896.02203,13.463306,235.53458,81.15928
2018-08-06 18:00:00,22.448425,19.197388,895.7327,13.831854,235.69205,81.87086
2018-08-06 19:00:00,22.323853,19.168762,895.2555,14.193711,236.63898,82.34636
2018-08-06 20:00:00,21.891846,18.977448,894.739,14.464766,237.61499,83.54019
2018-08-06 21:00:00,21.72284,18.884613,894.36664,14.641309,238.5929,83.9192
2018-08-06 22:00:00,21.49472,18.884125,894.07794,13.329406,238.715,85.09565
2018-08-06 23:00:00,21.427826,18.841125,894.2137,13.6349945,238.30673,85.215775
2018-08-07 00:00:00,21.630096,18.918976,894.45337,13.772187,237.91425,84.57758
2018-08-07 01:00:00,21.679382,18.909363,894.91156,13.810716,236.86581,84.272514
2018-08-07 02:00:00,22.414795,18.991547,895.28827,14.056121,235.9168,80.992386
2018-08-07 03:00:00,22.68924,18.975586,895.5876,14.612722,236.7037,79.5745
2018-08-07 04:00:00,22.954987,19.027649,895.6821,14.707291,237.6003,78.55794
2018-08-07 05:00:00,24.086456,19.238525,895.5832,14.657191,238.24449,74.348724
2018-08-07 06:00:00,24.67743,19.300995,895.18524,14.583282,238.75111,72.042564
2018-08-07 07:00:00,24.825653,19.354218,894.73193,14.598882,239.3031,71.644424
2018-08-07 08:00:00,25.308624,19.342102,894.1707,14.509971,239.97905,69.55936
2018-08-07 09:00:00,25.34018,19.33548,893.61224,14.391524,240.91568,69.40032
2018-08-07 10:00:00,24.828491,19.378265,893.1694,12.958092,241.18283,71.739525
2018-08-07 11:00:00,24.687164,19.274841,893.1687,12.820711,240.33377,71.88357
2018-08-07 12:00:00,24.579102,19.31195,893.3572,12.591276,238.8169,72.516785
2018-08-07 13:00:00,24.388672,19.346283,893.79346,12.578307,236.8235,73.50489
2018-08-07 14:00:00,24.04361,19.347443,894.42474,12.581321,235.24011,75.0473
2018-08-07 15:00:00,23.052673,19.336487,895.0397,12.555467,234.0115,79.61193
2018-08-07 16:00:00,22.864838,19.411926,895.4453,12.643597,233.00546,80.901215
2018-08-07 17:00:00,22.361053,19.292816,895.51807,12.776419,232.64767,82.79742
2018-08-07 18:00:00,22.187042,19.29367,895.2823,13.010734,233.14882,83.68328
2018-08-07 19:00:00,21.97815,19.234833,894.92456,13.221635,234.25363,84.44549
2018-08-07 20:00:00,21.689056,19.10608,894.5918,13.414089,235.57854,85.26259
2018-08-07 21:00:00,21.571991,19.083893,894.3021,13.4638605,236.90811,85.75645
2018-08-07 22:00:00,21.466614,19.09378,894.15936,12.671821,237.38766,86.36449
2018-08-07 23:00:00,21.411316,19.064423,894.13367,12.776196,237.38278,86.49897
2018-08-08 00:00:00,21.610413,19.10382,894.4288,12.756272,236.73566,85.66147
2018-08-08 01:00:00,21.749908,19.156433,894.9403,12.602552,235.45372,85.213104
2018-08-08 02:00:00,22.588196,19.430817,895.4345,12.615628,233.54922,82.36664
2018-08-08 03:00:00,22.828857,19.419434,895.822,12.871604,232.83371,81.1156
2018-08-08 04:00:00,23.024872,19.448975,895.94995,12.992026,232.72012,80.30588
2018-08-08 05:00:00,23.990112,19.605713,895.92664,13.11454,232.84247,76.50721
2018-08-08 06:00:00,24.47284,19.65326,895.6193,13.164486,233.69641,74.54403
2018-08-08 07:00:00,24.558014,19.685333,895.22125,13.127549,234.39667,74.31286
2018-08-08 08:00:00,25.171265,19.765625,894.7908,13.018994,235.63455,71.9999
2018-08-08 09:00:00,25.184875,19.78479,894.3511,12.822059,236.62979,72.02714
2018-08-08 10:00:00,24.720306,19.823486,894.03516,11.658761,238.56607,74.2287
2018-08-08 11:00:00,24.60556,19.8031,893.9893,11.470491,238.2485,74.645164
2018-08-08 12:00:00,24.47992,19.816193,894.258,11.234246,236.78171,75.2694
2018-08-08 13:00:00,24.312378,19.883545,894.8008,11.179819,234.54547,76.34654
2018-08-08 14:00:00,23.725739,19.928528,895.5504,11.070177,231.99724,79.305214
2018-08-08 15:00:00,23.137543,19.87085,896.2435,11.166368,230.16908,81.87665
2018-08-08 16:00:00,22.994812,19.833466,896.71326,11.3528,229.03429,82.395485
2018-08-08 17:00:00,22.539764,19.77237,896.8973,11.585603,229.22864,84.38008
2018-08-08 18:00:00,22.37555,19.712738,896.7824,11.876592,230.49039,84.91165
2018-08-08 19:00:00,22.266846,19.674133,896.5146,12.127233,232.20314,85.27049
2018-08-08 20:00:00,21.909576,19.535217,896.22675,12.315002,233.99655,86.39882
2018-08-08 21:00:00,21.850128,19.49936,895.9282,12.368255,235.85776,86.51988
2018-08-08 22:00:00,21.634552,19.4747,895.94116,11.442617,240.25702,87.53274
2018-08-08 23:00:00,21.604492,19.46054,896.07544,11.514726,239.96588,87.61664
2018-08-09 00:00:00,21.836395,19.508545,896.40656,11.499173,239.7553,86.64192
2018-08-09 01:00:00,21.88446,19.480713,896.9389,11.424143,238.82547,86.23875
2018-08-09 02:00:00,22.778961,19.685974,897.4705,11.478319,237.89357,82.7197
2018-08-09 03:00:00,22.958069,19.65091,897.90594,11.740853,238.28757,81.64908
2018-08-09 04:00:00,23.200195,19.734985,898.09644,11.923415,239.28972,80.88292
2018-08-09 05:00:00,24.410675,19.929047,898.0454,12.005591,240.28368,76.11253
2018-08-09 06:00:00,24.942352,19.982178,897.7371,12.120478,241.65709,73.975006
2018-08-09 07:00:00,25.111542,20.083313,897.3032,12.265027,243.2156,73.692535
2018-08-09 08:00:00,25.711487,20.080048,896.8071,12.311907,244.66028,71.096535
2018-08-09 09:00:00,25.725769,20.054352,896.30023,12.297546,245.88635,70.923485
2018-08-09 10:00:00,25.316528,20.142273,895.9766,11.39168,251.17538,73.06477
2018-08-09 11:00:00,25.236877,20.07721,895.8507,11.182293,249.47574,73.117
2018-08-09 12:00:00,25.079712,20.020782,896.0762,10.895949,247.21007,73.54724
2018-08-09 13:00:00,24.979156,20.055115,896.52185,10.747475,244.22147,74.14683
2018-08-09 14:00:00,24.274445,20.205994,897.0571,10.627913,241.59056,78.06272
2018-08-09 15:00:00,23.43039,20.022736,897.61346,10.628849,239.27824,81.20161
2018-08-09 16:00:00,23.337402,20.02182,898.01544,10.794129,237.50275,81.65392
2018-08-09 17:00:00,22.903809,19.969513,898.2237,11.129239,236.66193,83.55203
2018-08-09 18:00:00,22.74588,19.931976,898.10175,11.552641,237.11621,84.159645
2018-08-09 19:00:00,22.637115,19.910278,897.8173,12.0285845,238.28903,84.60298
2018-08-09 20:00:00,22.214722,19.73117,897.39526,12.333878,239.8233,85.844734
2018-08-09 21:00:00,22.092377,19.704773,897.0543,12.545026,241.68176,86.34534
2018-08-09 22:00:00,21.878448,19.549805,896.89813,12.028711,245.00793,86.641594
2018-08-09 23:00:00,21.808289,19.502533,896.88654,12.096799,245.7742,86.75827
2018-08-10 00:00:00,22.025757,19.528503,897.1372,12.164473,245.99583,85.75294
2018-08-10 01:00:00,22.06842,19.515564,897.52954,12.118161,246.0474,85.46149
2018-08-10 02:00:00,22.946747,19.70401,897.9596,12.245271,246.18655,81.974785
2018-08-10 03:00:00,23.233185,19.697723,898.2985,12.649502,247.81662,80.53544
2018-08-10 04:00:00,23.470367,19.776459,898.49554,12.82612,249.612,79.779366
2018-08-10 05:00:00,24.621155,19.892181,898.3669,12.888371,250.8432,74.988464
2018-08-10 06:00:00,25.130676,19.959442,898.00635,13.008103,252.06711,73.04632
2018-08-10 07:00:00,25.237549,20.034943,897.43414,13.11502,253.16592,72.92306
2018-08-10 08:00:00,25.794067,20.019196,896.8603,13.172701,254.02448,70.48337
2018-08-10 09:00:00,25.865662,19.98053,896.286,13.13479,254.44843,70.0172
2018-08-10 10:00:00,25.359467,19.980957,895.7201,12.860025,258.0811,72.15455
2018-08-10 11:00:00,25.28894,19.91452,895.5393,12.523582,256.8097,72.16029
2018-08-10 12:00:00,25.138031,19.844727,895.52234,12.174123,255.04684,72.49725
2018-08-10 13:00:00,24.973938,19.815216,895.724,11.84096,252.24466,73.07589
2018-08-10 14:00:00,24.209991,19.929718,896.183,11.66777,249.29364,77.03669
2018-08-10 15:00:00,23.592926,19.806458,896.74634,11.7251,246.62515,79.33959
2018-08-10 16:00:00,23.46814,19.805847,897.21405,11.953751,244.73798,79.93562
2018-08-10 17:00:00,22.954834,19.731506,897.4254,12.35294,243.58629,82.07455
2018-08-10 18:00:00,22.791687,19.67212,897.2517,12.82816,243.44366,82.584854
2018-08-10 19:00:00,22.659454,19.668,896.8437,13.271743,243.81848,83.22852
2018-08-10 20:00:00,22.128906,19.45752,896.37036,13.632704,244.63931,84.84045
2018-08-10 21:00:00,22.036743,19.415955,895.90234,13.884565,245.82837,85.09811
2018-08-10 22:00:00,21.729858,19.31012,895.617,13.679667,248.0354,86.138
2018-08-10 23:00:00,21.659515,19.249786,895.5071,13.78633,248.17975,86.184845
2018-08-11 00:00:00,21.828796,19.250458,895.5636,13.721984,247.84875,85.301605
2018-08-11 01:00:00,21.900513,19.275085,895.8287,13.558937,247.67397,85.05934
2018-08-11 02:00:00,22.492065,19.441467,896.1091,13.581642,247.27087,82.90381
2018-08-11 03:00:00,22.910034,19.382324,896.3819,14.020398,247.90189,80.5316
2018-08-11 04:00:00,23.172821,19.42688,896.474,14.286211,248.36423,79.48128
2018-08-11 05:00:00,24.108643,19.600647,896.3296,14.513164,248.55283,75.94072
2018-08-11 06:00:00,24.546814,19.6669,895.9363,14.744442,249.05435,74.277626
2018-08-11 07:00:00,24.71408,19.735107,895.3699,14.925642,249.50818,73.85045
2018-08-11 08:00:00,25.235077,19.711945,894.7413,15.072867,250.17712,71.48847
2018-08-11 09:00:00,25.28009,19.73822,894.0739,15.17589,250.50668,71.41354
2018-08-11 10:00:00,24.891296,19.70465,893.6439,13.77992,251.58481,72.93515
2018-08-11 11:00:00,24.811646,19.627655,893.5719,13.836007,250.7287,72.93335
2018-08-11 12:00:00,24.669312,19.568024,893.5679,13.719742,249.36508,73.284225
2018-08-11 13:00:00,24.478271,19.584625,893.83026,13.586041,247.08643,74.20288
2018-08-11 14:00:00,23.950287,19.74121,894.3119,13.512562,244.9235,77.338165
2018-08-11 15:00:00,23.209045,19.497925,894.89795,13.577038,243.41513,79.65849
2018-08-11 16:00:00,23.042267,19.51773,895.3257,13.819915,242.39436,80.56493
2018-08-11 17:00:00,22.585999,19.460052,895.4628,14.155933,241.87798,82.52749
2018-08-11 18:00:00,22.402496,19.381958,895.28235,14.544655,242.11295,83.048416
2018-08-11 19:00:00,22.284698,19.346283,894.8625,14.918494,242.78159,83.46011
2018-08-11 20:00:00,21.90741,19.205566,894.2965,15.197015,243.71365,84.656265
2018-08-11 21:00:00,21.8154,19.173828,893.7869,15.314719,244.57454,84.964966
2018-08-11 22:00:00,21.477905,19.063385,893.6178,14.681758,244.62283,86.141396
2018-08-11 23:00:00,21.450409,19.044128,893.5739,14.73876,244.25797,86.18304
2018-08-12 00:00:00,21.61966,19.07367,893.60565,14.720342,243.87363,85.452286
2018-08-12 01:00:00,21.651642,19.04367,893.8347,14.56143,243.27553,85.12592
2018-08-12 02:00:00,22.350525,19.194885,894.1481,14.595132,242.11183,82.346756
2018-08-12 03:00:00,22.58783,19.157837,894.4384,15.077792,241.56136,80.98075
2018-08-12 04:00:00,22.835815,19.178955,894.5583,15.434371,241.5596,79.87685
2018-08-12 05:00:00,23.923676,19.25177,894.4582,15.658782,241.78448,75.141205
2018-08-12 06:00:00,24.319397,19.335876,894.161,15.85044,241.77713,73.76283
2018-08-12 07:00:00,24.516418,19.42044,893.7043,16.062279,241.79941,73.28215
2018-08-12 08:00:00,25.049744,19.468536,893.15594,16.153395,241.83282,71.197495
2018-08-12 09:00:00,25.056976,19.433838,892.54474,15.995599,241.64168,71.01348
2018-08-12 10:00:00,24.715454,19.41336,892.01416,14.981518,241.53127,72.3833
2018-08-12 11:00:00,24.554962,19.39859,891.89087,14.90916,240.26894,73.01406
2018-08-12 12:00:00,24.41861,19.325958,892.0187,14.859063,238.22209,73.2805
2018-08-12 13:00:00,24.268341,19.479706,892.2782,14.748125,236.35664,74.65366
2018-08-12 14:00:00,23.727966,19.570099,892.8564,14.74846,234.78264,77.55107
2018-08-12 15:00:00,23.070831,19.45288,893.4536,14.805532,233.37204,80.10233
2018-08-12 16:00:00,22.961823,19.485718,893.8789,14.997141,232.37398,80.79725
2018-08-12 17:00:00,22.529144,19.411926,893.93976,15.268928,231.9406,82.5655
2018-08-12 18:00:00,22.355377,19.380188,893.7579,15.610648,232.22891,83.27754
2018-08-12 19:00:00,22.2471,19.35965,893.44415,15.887222,232.87503,83.720894
2018-08-12 20:00:00,21.82483,19.252808,893.0279,16.09592,233.74274,85.33477
2018-08-12 21:00:00,21.715515,19.200897,892.615,16.179947,234.63861,85.62922
2018-08-12 22:00:00,21.49295,19.11728,892.49005,14.976418,235.24626,86.35176
2018-08-12 23:00:00,21.44043,19.080902,892.47595,15.154242,235.13388,86.43364
2018-08-13 00:00:00,21.641602,19.155304,892.7109,15.175763,234.52771,85.77301
2018-08-13 01:00:00,21.7182,19.210419,893.1786,15.145944,233.38803,85.66595
2018-08-13 02:00:00,22.641327,19.48462,893.7343,15.329206,231.786,82.37652
2018-08-13 03:00:00,22.834839,19.393616,894.22034,15.980125,231.38356,80.956116
2018-08-13 04:00:00,23.070496,19.432495,894.4879,16.46765,232.06868,80.00249
2018-08-13 05:00:00,24.069153,19.507843,894.4749,16.734545,232.86594,75.683365
2018-08-13 06:00:00,24.554657,19.552795,894.24084,16.871283,233.44528,73.71864
2018-08-13 07:00:00,24.69226,19.614014,893.90594,16.93998,233.99246,73.39312
2018-08-13 08:00:00,25.280243,19.664215,893.52875,16.867834,234.46562,71.08571
2018-08-13 09:00:00,25.28543,19.672516,893.04846,16.7752,235.06538,71.10039
2018-08-13 10:00:00,24.99762,19.71051,892.56244,15.107354,235.99129,72.50043
2018-08-13 11:00:00,24.861786,19.674713,892.5086,14.873375,235.18204,72.928116
2018-08-13 12:00:00,24.727448,19.720093,892.71423,14.694032,234.21436,73.7228
2018-08-13 13:00:00,24.449585,19.583038,893.215,14.433583,233.02766,74.3231
2018-08-13 14:00:00,23.831696,19.64502,893.8289,14.344405,232.31006,77.42796
2018-08-13 15:00:00,23.175812,19.626007,894.4457,14.397803,231.83777,80.456215
2018-08-13 16:00:00,23.028412,19.620117,894.8272,14.547309,231.94138,81.14694
2018-08-13 17:00:00,22.613281,19.594818,894.9846,14.767343,232.53156,83.08371
2018-08-13 18:00:00,22.446991,19.540802,894.83594,15.108047,233.81757,83.646
2018-08-13 19:00:00,22.355743,19.529846,894.58655,15.324806,235.38672,84.054085
2018-08-13 20:00:00,21.991394,19.44693,894.14294,15.419045,236.99184,85.498215
2018-08-13 21:00:00,21.875946,19.404694,893.72986,15.438989,238.74225,85.876724
2018-08-13 22:00:00,21.58432,19.26944,893.43915,14.819899,241.41348,86.68808
2018-08-13 23:00:00,21.534729,19.23108,893.419,14.744239,241.70016,86.74406
2018-08-14 00:00:00,21.751007,19.317902,893.5793,14.574833,241.79921,86.06845
2018-08-14 01:00:00,21.7706,19.278107,894.033,14.30191,241.44485,85.75284
2018-08-14 02:00:00,22.615509,19.50241,894.45807,14.306294,240.37935,82.596954
2018-08-14 03:00:00,22.839142,19.496979,894.82416,14.6282625,240.49487,81.45681
2018-08-14 04:00:00,23.005096,19.508331,894.95557,14.891765,241.04755,80.69921
2018-08-14 05:00:00,24.19519,19.618286,894.9232,14.977915,241.46103,75.63016
2018-08-14 06:00:00,24.674133,19.63388,894.56555,15.037969,241.98788,73.56335
2018-08-14 07:00:00,24.795166,19.72351,894.0907,15.009514,242.12886,73.44077
2018-08-14 08:00:00,25.40384,19.79712,893.521,14.96344,242.39755,71.14935
2018-08-14 09:00:00,25.34964,19.757019,892.9573,14.977953,242.74951,71.201706
2018-08-14 10:00:00,24.897186,19.89862,892.4869,13.853987,243.14716,73.79171
2018-08-14 11:00:00,24.784912,19.853241,892.34985,14.012424,242.14108,74.07928
2018-08-14 12:00:00,24.647705,19.84726,892.4941,14.096164,240.99982,74.66139
2018-08-14 13:00:00,24.42279,19.731537,892.9079,14.072701,239.2634,75.13178
2018-08-14 14:00:00,23.837341,19.800842,893.5467,14.088113,237.83495,78.153564
2018-08-14 15:00:00,23.03183,19.611115,894.24115,14.128735,236.5812,81.084816
2018-08-14 16:00:00,22.938782,19.615143,894.79047,14.213395,235.73361,81.56316
2018-08-14 17:00:00,22.4682,19.53421,895.09326,14.341771,235.39508,83.504036
2018-08-14 18:00:00,22.260681,19.404877,895.0793,14.492907,235.5528,83.88739
2018-08-14 19:00:00,22.20456,19.440094,894.84717,14.625633,235.89124,84.359
2018-08-14 20:00:00,21.790375,19.280762,894.5305,14.675364,236.66788,85.663475
2018-08-14 21:00:00,21.713623,19.244995,894.2522,14.654055,237.37625,85.87466
2018-08-14 22:00:00,21.500671,19.191711,894.0976,13.6011505,239.86949,86.71218
2018-08-14 23:00:00,21.446106,19.134216,894.18976,13.575484,239.34213,86.69124
2018-08-15 00:00:00,21.67633,19.230255,894.4558,13.568872,238.46751,85.99164
2018-08-15 01:00:00,21.694458,19.193176,894.86835,13.388112,236.9534,85.69828
2018-08-15 02:00:00,22.441742,19.373962,895.3388,13.429333,235.21558,82.80936
2018-08-15 03:00:00,22.726807,19.312683,895.75055,13.640565,234.4336,81.07877
2018-08-15 04:00:00,22.944,19.336884,896.0145,13.777068,234.01328,80.13926
2018-08-15 05:00:00,23.941376,19.55597,896.03217,13.830905,233.76485,76.49491
2018-08-15 06:00:00,24.556702,19.727234,895.8226,13.847252,234.07742,74.51216
2018-08-15 07:00:00,24.693146,19.812775,895.41376,13.798245,234.89314,74.2999
2018-08-15 08:00:00,25.096405,19.759949,894.9143,13.666457,235.75357,72.29621
2018-08-15 09:00:00,25.101257,19.82077,894.407,13.444934,236.37816,72.5484
2018-08-15 10:00:00,24.825348,19.800812,893.9324,12.36073,237.76025,73.66085
2018-08-15 11:00:00,24.598053,19.661499,893.90283,12.233547,237.24295,74.02554
2018-08-15 12:00:00,24.487213,19.65036,894.07733,12.150898,235.43771,74.46652
2018-08-15 13:00:00,24.280914,19.6445,894.5027,12.243305,233.53738,75.36497
2018-08-15 14:00:00,23.733246,19.770416,895.1414,12.315396,231.82884,78.496346
2018-08-15 15:00:00,23.069702,19.5849,895.80835,12.41806,230.6974,80.76765
2018-08-15 16:00:00,22.953308,19.588287,896.3636,12.613957,230.0198,81.35565
2018-08-15 17:00:00,22.430328,19.480835,896.6121,12.860378,230.12677,83.419334
2018-08-15 18:00:00,22.279755,19.41034,896.53546,13.132067,231.15723,83.81857
2018-08-15 19:00:00,22.226837,19.41336,896.1994,13.302783,232.7109,84.104744
2018-08-15 20:00:00,21.812805,19.28122,895.805,13.392819,234.44855,85.548615
2018-08-15 21:00:00,21.690826,19.219055,895.43286,13.4154825,236.11972,85.85558
2018-08-15 22:00:00,21.5206,19.196411,895.3728,12.691751,237.69328,86.63186
2018-08-15 23:00:00,21.514557,19.187347,895.4635,12.642123,238.8607,86.61497
2018-08-16 00:00:00,21.728851,19.247131,895.65216,12.501034,239.66663,85.8062
2018-08-16 01:00:00,21.779633,19.260376,896.0017,12.234293,239.7851,85.61097
2018-08-16 02:00:00,22.51178,19.402191,896.3856,12.047573,238.4754,82.60257
2018-08-16 03:00:00,22.835785,19.478027,896.72095,12.184931,237.58798,81.37748
2018-08-16 04:00:00,23.073456,19.55072,896.83685,12.395521,237.53032,80.57808
2018-08-16 05:00:00,24.219727,19.752136,896.7614,12.591438,238.25327,76.14887
2018-08-16 06:00:00,24.724548,19.885223,896.4854,12.727384,239.13387,74.49436
2018-08-16 07:00:00,24.867432,19.965607,896.0745,12.795691,240.34412,74.23018
2018-08-16 08:00:00,25.49411,20.068909,895.62787,12.768445,241.92905,71.970215
2018-08-16 09:00:00,25.503265,20.094727,895.0357,12.643053,243.34505,72.04607
2018-08-16 10:00:00,25.098785,20.001282,894.48883,10.860225,244.64781,73.37509
2018-08-16 11:00:00,24.97696,19.923157,894.3039,10.681359,244.86871,73.55312
2018-08-16 12:00:00,24.778137,19.877075,894.37964,10.727945,244.23065,74.21881
2018-08-16 13:00:00,24.677094,19.923615,894.647,11.007539,242.5506,74.88383
2018-08-16 14:00:00,24.037872,19.98462,895.12946,11.236815,240.83746,78.101654
2018-08-16 15:00:00,23.281189,19.803864,895.6755,11.433607,239.82169,80.83267
2018-08-16 16:00:00,23.187714,19.831696,896.1028,11.711216,239.15741,81.430855
2018-08-16 17:00:00,22.706268,19.788544,896.1705,12.040211,239.44806,83.615456
2018-08-16 18:00:00,22.546356,19.735046,895.9085,12.4205475,240.29367,84.15128
2018-08-16 19:00:00,22.462036,19.736511,895.5057,12.781738,241.6122,84.59112
2018-08-16 20:00:00,22.087189,19.556396,895.10205,13.068921,243.23445,85.580635
2018-08-16 21:00:00,21.996124,19.526794,894.64557,13.198321,245.03897,85.898926
2018-08-16 22:00:00,21.801239,19.495636,894.3998,13.009477,247.7175,86.75847
2018-08-16 23:00:00,21.755676,19.479553,894.3488,12.9058485,248.50027,86.91334
2018-08-17 00:00:00,21.957153,19.515686,894.4698,12.746268,249.02863,86.0439
2018-08-17 01:00:00,22.034973,19.546265,894.78125,12.496655,249.28487,85.79941
2018-08-17 02:00:00,22.985138,19.7612,895.15283,12.291144,248.92737,82.07515
2018-08-17 03:00:00,23.199554,19.734283,895.4734,12.355022,248.3486,80.88254
2018-08-17 04:00:00,23.445892,19.775604,895.5781,12.640328,249.19443,79.89298
2018-08-17 05:00:00,24.562286,19.940338,895.4322,12.756919,250.38182,75.477776
2018-08-17 06:00:00,25.111694,20.054657,895.0597,12.806775,251.80522,73.5613
2018-08-17 07:00:00,25.290619,20.165619,894.5447,12.812801,252.95898,73.28318
2018-08-17 08:00:00,25.84549,20.246613,893.9631,12.778205,254.11288,71.26426
2018-08-17 09:00:00,25.798035,20.191193,893.29083,12.643009,254.94638,71.220566
2018-08-17 10:00:00,25.207611,20.173431,892.7584,11.490175,256.9974,73.68168
2018-08-17 11:00:00,25.092163,20.131134,892.5885,11.289223,255.37115,73.996216
2018-08-17 12:00:00,24.914001,20.088379,892.7262,11.321321,252.71257,74.58888
2018-08-17 13:00:00,24.785583,20.138977,892.99005,11.578338,250.04027,75.39843
2018-08-17 14:00:00,24.074768,20.175476,893.524,11.717992,247.55453,78.85453
2018-08-17 15:00:00,23.40863,20.085968,894.1502,11.896479,245.73311,81.62706
2018-08-17 16:00:00,23.276276,20.07602,894.5999,12.171941,244.3308,82.23123
2018-08-17 17:00:00,22.752716,19.98825,894.7346,12.529817,243.54184,84.41846
2018-08-17 18:00:00,22.59668,19.919952,894.5736,12.90287,243.48505,84.8617
2018-08-17 19:00:00,22.532959,19.931427,894.2226,13.244122,244.02426,85.25126
2018-08-17 20:00:00,22.08142,19.710632,893.8011,13.480829,244.99026,86.4344
2018-08-17 21:00:00,21.957703,19.643127,893.41656,13.6496525,245.93417,86.72476
2018-08-17 22:00:00,21.772003,19.617737,893.31323,12.801634,245.59103,87.57525
2018-08-17 23:00:00,21.728882,19.598816,893.38275,12.91111,245.51083,87.70317
2018-08-18 00:00:00,21.999146,19.670013,893.54156,12.99659,245.88939,86.65031
2018-08-18 01:00:00,22.025726,19.609222,894.0101,12.997186,245.84158,86.184135
2018-08-18 02:00:00,23.013641,19.805176,894.4688,13.162013,245.38982,82.15745
2018-08-18 03:00:00,23.233765,19.75528,894.8753,13.662152,245.82721,80.82068
2018-08-18 04:00:00,23.478516,19.783539,894.9471,14.013783,247.27469,79.77517
2018-08-18 05:00:00,24.665253,19.985474,894.8276,14.166289,248.65045,75.224495
2018-08-18 06:00:00,25.194733,20.034454,894.3985,14.219153,249.91437,73.10697
2018-08-18 07:00:00,25.307648,20.126984,893.8611,14.338025,251.16113,73.03428
2018-08-18 08:00:00,25.859375,20.16391,893.2919,14.348877,252.26666,70.84256
2018-08-18 09:00:00,25.81186,20.196716,892.68414,14.284785,253.2441,71.18655
2018-08-18 10:00:00,25.231812,20.208527,892.1501,12.956766,257.64023,73.7354
2018-08-18 11:00:00,25.11499,20.17096,892.0277,12.643848,255.50377,74.07787
2018-08-18 12:00:00,24.967224,20.14148,892.19366,12.51547,252.83972,74.5971
2018-08-18 13:00:00,24.774994,20.149353,892.66046,12.434488,250.11102,75.494576
2018-08-18 14:00:00,24.167908,20.137177,893.38525,12.414898,248.15268,78.22947
2018-08-18 15:00:00,23.265503,19.97754,894.12225,12.474744,246.57233,81.78469
2018-08-18 16:00:00,23.162567,19.983856,894.702,12.615486,245.64447,82.327156
2018-08-18 17:00:00,22.749847,19.920715,894.8968,12.862702,245.11972,84.08074
2018-08-18 18:00:00,22.62561,19.85733,894.70154,13.214607,245.40117,84.384735
2018-08-18 19:00:00,22.560333,19.86914,894.32117,13.539861,246.16087,84.78186
2018-08-18 20:00:00,22.188538,19.688232,893.9158,13.756189,247.25066,85.75295
2018-08-18 21:00:00,21.953918,19.617584,893.55945,13.875668,248.3407,86.60731
2018-08-18 22:00:00,21.777222,19.442017,893.415,13.476032,252.09732,86.5967
2018-08-18 23:00:00,21.751343,19.438232,893.4771,13.364934,251.98264,86.7133
2018-08-19 00:00:00,22.097992,19.506317,893.62775,13.215197,251.28499,85.258606
2018-08-19 01:00:00,22.135193,19.473907,894.0288,13.035709,250.37335,84.89439
2018-08-19 02:00:00,22.866608,19.655396,894.47626,13.027146,249.48764,82.12548
2018-08-19 03:00:00,23.128754,19.670929,894.90546,13.417691,249.4354,80.910736
2018-08-19 04:00:00,23.368164,19.661774,895.03094,13.644007,249.94434,79.70365
2018-08-19 05:00:00,24.650513,19.857758,894.98773,13.72397,249.9606,74.69745
2018-08-19 06:00:00,25.117004,19.850128,894.6529,13.787299,250.01772,72.612404
2018-08-19 07:00:00,25.254883,19.883575,894.2011,13.855199,249.73184,72.16819
2018-08-19 08:00:00,25.692474,19.858704,893.6107,13.845345,249.62198,70.207855
2018-08-19 09:00:00,25.672852,19.86142,893.048,13.803895,249.42819,70.30143
2018-08-19 10:00:00,25.147919,19.978241,892.656,12.536545,250.99829,73.05636
2018-08-19 11:00:00,25.041718,19.927612,892.5223,12.447958,249.10977,73.28994
2018-08-19 12:00:00,24.87201,19.922424,892.6516,12.26491,246.39209,74.011696
2018-08-19 13:00:00,24.661163,19.966034,893.101,12.067541,242.9347,75.15235
2018-08-19 14:00:00,24.041931,20.024353,893.81854,12.029186,239.9458,78.27492
2018-08-19 15:00:00,23.341095,19.737396,894.51,12.054776,238.00902,80.20951
2018-08-19 16:00:00,23.167358,19.703949,895.007,12.198011,236.7757,80.88768
2018-08-19 17:00:00,22.684753,19.618073,895.17505,12.438808,236.2999,82.8437
2018-08-19 18:00:00,22.542633,19.572693,894.9839,12.706865,236.61055,83.3263
2018-08-19 19:00:00,22.403381,19.521149,894.6588,13.011312,237.43402,83.76567
2018-08-19 20:00:00,22.045044,19.439209,894.3089,13.164806,238.45262,85.17812
2018-08-19 21:00:00,21.967743,19.436676,894.12646,13.209431,239.74094,85.567085
2018-08-19 22:00:00,21.721588,19.308899,894.0207,11.965332,244.83542,86.175
2018-08-19 23:00:00,21.760773,19.339844,894.2592,11.885623,243.27187,86.134636
2018-08-20 00:00:00,22.024994,19.416931,894.6511,11.753482,242.10855,85.16426
2018-08-20 01:00:00,22.062134,19.405548,895.21826,11.5167885,240.92796,84.911514
2018-08-20 02:00:00,22.631805,19.46875,895.8565,11.403893,239.38571,82.34289
2018-08-20 03:00:00,22.960846,19.45697,896.36096,11.574936,238.92474,80.65775
2018-08-20 04:00:00,23.210419,19.462769,896.6534,11.703963,238.57693,79.47802
2018-08-20 05:00:00,24.355713,19.63385,896.67523,11.91058,238.49771,74.97832
2018-08-20 06:00:00,24.84607,19.738342,896.4782,12.124096,239.24255,73.28531
2018-08-20 07:00:00,24.98056,19.824585,896.0413,12.303894,240.12146,73.0895
2018-08-20 08:00:00,25.559113,19.83368,895.55273,12.314556,241.4595,70.65602
2018-08-20 09:00:00,25.606049,19.831879,894.9835,12.222222,242.39117,70.45156
2018-08-20 10:00:00,24.999054,19.708405,894.54486,11.074716,244.97586,72.48476
2018-08-20 11:00:00,24.932037,19.702118,894.50397,10.743263,244.03712,72.74666
2018-08-20 12:00:00,24.772003,19.726166,894.6576,10.481542,241.62106,73.55454
2018-08-20 13:00:00,24.52008,19.658539,895.03735,10.4262495,238.89932,74.35793
2018-08-20 14:00:00,23.91153,19.802002,895.62,10.320559,236.16042,77.81134
2018-08-20 15:00:00,23.328491,19.670258,896.2277,10.385959,234.28555,79.93683
2018-08-20 16:00:00,23.152222,19.612091,896.6227,10.569215,233.0159,80.50142
2018-08-20 17:00:00,22.722076,19.563568,896.7034,10.896084,232.68222,82.37707
2018-08-20 18:00:00,22.572876,19.522339,896.46875,11.2577305,233.2664,82.913635
2018-08-20 19:00:00,22.457733,19.481262,896.0814,11.566041,234.54852,83.28272
2018-08-20 20:00:00,22.011505,19.334534,895.66815,11.761226,236.12006,84.79856
2018-08-20 21:00:00,21.940155,19.3266,895.3293,11.848201,237.70749,85.12635
2018-08-20 22:00:00,21.621124,19.103241,895.18585,11.093884,243.11389,85.60228
2018-08-20 23:00:00,21.586761,19.087341,895.258,11.142677,242.22379,85.69743
2018-08-21 00:00:00,21.749146,19.118683,895.4854,11.053238,241.36221,85.016815
2018-08-21 01:00:00,21.850586,19.135437,895.94666,10.763814,240.16101,84.58004
2018-08-21 02:00:00,22.49701,19.236542,896.4439,10.6119375,238.48952,81.82881
2018-08-21 03:00:00,22.88263,19.319336,896.89935,10.888216,237.95258,80.349884
2018-08-21 04:00:00,23.095062,19.258118,897.1049,11.222934,238.27618,79.021675
2018-08-21 05:00:00,24.277283,19.362,897.1157,11.50642,239.01123,74.06953
2018-08-21 06:00:00,24.770294,19.363068,896.8313,11.710891,239.8789,71.921234
2018-08-21 07:00:00,24.86676,19.381653,896.3324,11.835598,241.0665,71.59092
2018-08-21 08:00:00,25.454865,19.348694,895.7054,11.859342,242.0122,68.98548
2018-08-21 09:00:00,25.466217,19.344055,895.01416,11.784339,242.79147,68.91907
2018-08-21 10:00:00,25.055481,19.371094,894.4629,10.614785,247.34094,70.7432
2018-08-21 11:00:00,24.982208,19.30832,894.45294,10.309195,246.20612,70.77589
2018-08-21 12:00:00,24.823944,19.343536,894.6364,10.0745735,243.56757,71.60415
2018-08-21 13:00:00,24.58957,19.449677,895.00214,10.0721035,240.08989,73.094925
2018-08-21 14:00:00,23.949036,19.588867,895.60706,10.177344,237.01665,76.61607
2018-08-21 15:00:00,23.256287,19.428528,896.2943,10.384578,234.87222,79.089516
2018-08-21 16:00:00,23.143005,19.48935,896.8254,10.693111,233.79059,79.93445
2018-08-21 17:00:00,22.681854,19.404541,896.97205,10.975842,233.81854,81.76611
2018-08-21 18:00:00,22.518188,19.392944,896.7843,11.349053,234.90157,82.522964
2018-08-21 19:00:00,22.375336,19.367004,896.428,11.675455,236.50938,83.10832
2018-08-21 20:00:00,22.004883,19.252136,896.005,11.884516,238.82927,84.398834
2018-08-21 21:00:00,21.84967,19.179382,895.6422,11.961383,241.11812,84.81669
2018-08-21 22:00:00,21.62085,19.146881,895.4938,10.894841,246.62073,85.83685
2018-08-21 23:00:00,21.55661,19.101349,895.5324,10.914618,247.07547,85.93063
2018-08-22 00:00:00,21.758575,19.18039,895.7751,10.811023,247.25287,85.2952
2018-08-22 01:00:00,21.821564,19.213287,896.2056,10.627204,246.61578,85.14198
2018-08-22 02:00:00,22.750244,19.410278,896.6369,10.524681,245.01535,81.45669
2018-08-22 03:00:00,23.014984,19.396667,897.0043,11.01654,244.57526,80.09301
2018-08-22 04:00:00,23.28891,19.38327,897.1881,11.500923,245.30118,78.71199
2018-08-22 05:00:00,24.451782,19.475433,897.1205,11.691915,246.18756,73.818146
2018-08-22 06:00:00,24.893524,19.501556,896.767,11.907931,246.77461,72.01153
2018-08-22 07:00:00,25.042175,19.524841,896.1828,12.01682,247.25919,71.47932
2018-08-22 08:00:00,25.67038,19.6026,895.48016,12.150133,247.90976,69.19183
2018-08-22 09:00:00,25.729248,19.637024,894.7514,12.143267,248.24423,69.098175
2018-08-22 10:00:00,25.240936,19.576172,894.1995,11.288978,250.55486,70.86375
2018-08-22 11:00:00,25.133484,19.545746,894.0924,10.776207,248.62915,71.18387
2018-08-22 12:00:00,24.981232,19.586334,894.29913,10.405582,244.9043,72.014046
2018-08-22 13:00:00,24.767944,19.711548,894.757,10.224285,240.84348,73.50566
2018-08-22 14:00:00,23.950653,19.665833,895.4589,10.285727,237.32558,76.975586
2018-08-22 15:00:00,23.320099,19.615662,896.2262,10.454992,234.81046,79.70678
2018-08-22 16:00:00,23.167633,19.568542,896.7868,10.733493,233.1774,80.209274
2018-08-22 17:00:00,22.795258,19.567902,896.99304,11.134659,232.65259,82.03444
2018-08-22 18:00:00,22.624756,19.470032,896.86115,11.546796,233.3573,82.38466
2018-08-22 19:00:00,22.518646,19.449097,896.5137,11.952631,234.70766,82.80936
2018-08-22 20:00:00,22.076843,19.301605,896.07947,12.226464,236.14835,84.28856
2018-08-22 21:00:00,21.9729,19.280975,895.74603,12.346068,237.69685,84.71556
2018-08-22 22:00:00,21.714966,19.182037,895.5011,11.330853,242.03778,85.531555
2018-08-22 23:00:00,21.715912,19.184357,895.5602,11.525699,241.54901,85.53897
2018-08-23 00:00:00,21.889923,19.286285,895.8353,11.495816,241.05733,85.17368
2018-08-23 01:00:00,21.969025,19.297394,896.29584,11.396672,239.99185,84.82225
2018-08-23 02:00:00,22.774048,19.463165,896.79407,11.548911,238.435,81.607124
2018-08-23 03:00:00,23.026031,19.397247,897.1973,12.238044,238.87772,80.04235
2018-08-23 04:00:00,23.373505,19.453796,897.4464,12.6491165,240.12076,78.65523
2018-08-23 05:00:00,24.492676,19.559174,897.36615,12.856025,241.16254,74.021835
2018-08-23 06:00:00,24.972198,19.621765,897.03107,12.983644,242.39906,72.21156
2018-08-23 07:00:00,25.10382,19.646667,896.419,13.036098,243.3251,71.75811
2018-08-23 08:00:00,25.668121,19.637695,895.725,13.049644,244.40134,69.35205
2018-08-23 09:00:00,25.693207,19.66507,895.0329,12.912446,244.81093,69.3667
2018-08-23 10:00:00,25.115387,19.653564,894.63776,11.704435,248.01755,71.739395
2018-08-23 11:00:00,25.014465,19.650452,894.5383,11.359358,245.40712,72.158195
2018-08-23 12:00:00,24.822235,19.60672,894.7089,11.000987,242.96365,72.79258
2018-08-23 13:00:00,24.601501,19.678802,895.15985,10.583865,239.51553,74.08977
2018-08-23 14:00:00,24.020325,19.757233,895.78345,10.336183,236.71172,77.08999
2018-08-23 15:00:00,23.381287,19.57486,896.45337,10.274288,234.50024,79.21193
2018-08-23 16:00:00,23.2854,19.606293,896.9476,10.387906,232.99829,79.82747
2018-08-23 17:00:00,22.792511,19.574585,897.1039,10.682186,232.27109,82.08218
2018-08-23 18:00:00,22.618622,19.528625,896.88245,11.032656,232.63428,82.716
2018-08-23 19:00:00,22.52063,19.516022,896.47375,11.336037,233.56873,83.14447
2018-08-23 20:00:00,22.084808,19.368866,896.0225,11.604377,235.1156,84.601006
2018-08-23 21:00:00,21.936707,19.345917,895.60046,11.765124,236.71736,85.24663
2018-08-23 22:00:00,21.617096,19.16632,895.42554,11.361589,239.71188,85.96063
2018-08-23 23:00:00,21.549774,19.111877,895.43005,11.457563,239.5481,86.023026
2018-08-24 00:00:00,21.723145,19.222382,895.6886,11.532913,239.04736,85.70391
2018-08-24 01:00:00,21.758026,19.212463,896.1907,11.507695,238.338,85.46866
2018-08-24 02:00:00,22.403198,19.354553,896.6907,11.668938,237.84117,82.90339
2018-08-24 03:00:00,22.654175,19.337677,897.0478,12.297718,239.2634,81.563545
2018-08-24 04:00:00,22.924469,19.308258,897.1831,12.631921,240.10754,80.091286
2018-08-24 05:00:00,23.9422,19.441925,897.1113,12.860479,240.67496,75.95088
2018-08-24 06:00:00,24.424011,19.505554,896.7614,13.002477,241.05353,74.07955
2018-08-24 07:00:00,24.56601,19.544525,896.22406,13.11881,241.33147,73.63074
2018-08-24 08:00:00,25.069702,19.451935,895.5351,13.202532,241.84427,71.039505
2018-08-24 09:00:00,25.068146,19.417053,894.8792,13.151008,242.34021,70.89219
2018-08-24 10:00:00,24.592987,19.327454,894.3484,12.170333,245.83044,72.526535
2018-08-24 11:00:00,24.502655,19.228973,894.25287,11.849956,244.2406,72.47384
2018-08-24 12:00:00,24.35373,19.283936,894.46295,11.357207,241.5882,73.37367
2018-08-24 13:00:00,24.135132,19.322418,894.94727,10.897374,238.22232,74.51996
2018-08-24 14:00:00,23.561035,19.334045,895.56946,10.638381,235.45108,77.19354
2018-08-24 15:00:00,22.80658,19.199188,896.1562,10.5990305,233.19397,80.1194
2018-08-24 16:00:00,22.689514,19.236938,896.50073,10.764848,231.65247,80.88009
2018-08-24 17:00:00,22.253143,19.150452,896.54663,11.049491,230.90796,82.607124
2018-08-24 18:00:00,22.08078,19.075317,896.2271,11.378275,231.23619,83.08883
2018-08-24 19:00:00,21.97049,19.103516,895.81714,11.722001,232.24602,83.79658
2018-08-24 20:00:00,21.61972,18.999207,895.3347,11.965177,233.4795,85.056046
2018-08-24 21:00:00,21.46103,18.936432,894.9495,12.039173,234.79622,85.55024
2018-08-24 22:00:00,21.186676,18.864777,894.7651,11.680934,239.7645,86.61265
2018-08-24 23:00:00,21.144653,18.838257,894.74854,11.618807,239.3974,86.69259
2018-08-25 00:00:00,21.394287,18.89444,894.9462,11.4860735,238.68991,85.67575
2018-08-25 01:00:00,21.475586,18.92926,895.31696,11.34837,237.17603,85.435776
2018-08-25 02:00:00,22.222778,19.070862,895.83673,11.57898,235.66635,82.35039
2018-08-25 03:00:00,22.461609,19.087402,896.2301,12.292218,236.17381,81.24653
2018-08-25 04:00:00,22.705933,19.117401,896.4294,12.772815,236.65915,80.20008
2018-08-25 05:00:00,23.798737,19.1445,896.34735,13.120669,237.16379,75.20367
2018-08-25 06:00:00,24.390533,19.257416,896.06464,13.423434,237.7555,73.09132
2018-08-25 07:00:00,24.58014,19.347809,895.52045,13.650728,238.37361,72.67425
2018-08-25 08:00:00,25.118225,19.317078,894.9228,13.770416,238.91154,70.24275
2018-08-25 09:00:00,25.20398,19.322906,894.3807,13.862916,239.50781,69.91029
2018-08-25 10:00:00,24.604004,19.310669,893.85016,12.604715,238.75491,72.403076
2018-08-25 11:00:00,24.53247,19.266418,893.8225,12.482118,238.0797,72.51353
2018-08-25 12:00:00,24.368805,19.308777,893.9765,12.094834,236.58832,73.420876
2018-08-25 13:00:00,24.121582,19.283997,894.35834,11.679592,233.88803,74.40246
2018-08-25 14:00:00,23.57721,19.395874,894.8936,11.553188,231.58014,77.41556
2018-08-25 15:00:00,22.853912,19.178558,895.4471,11.632945,229.96642,79.787346
2018-08-25 16:00:00,22.768982,19.215576,895.7961,11.859291,229.2539,80.38424
2018-08-25 17:00:00,22.312988,19.178772,895.83307,12.165896,229.39174,82.4522
2018-08-25 18:00:00,22.161377,19.134308,895.5734,12.503469,230.47437,82.9864
2018-08-25 19:00:00,22.039215,19.120697,895.11884,12.774874,231.85966,83.53556
2018-08-25 20:00:00,21.581635,18.96756,894.61,12.9304285,233.23013,85.086235
2018-08-25 21:00:00,21.454803,18.875244,894.1828,13.020582,234.48401,85.25658
2018-08-25 22:00:00,21.29596,18.894867,893.87537,12.63838,239.79074,86.19587
2018-08-25 23:00:00,21.259857,18.884064,893.9526,12.549737,239.3322,86.32863
2018-08-26 00:00:00,21.471466,18.925873,894.1686,12.434864,238.5403,85.43926
2018-08-26 01:00:00,21.524933,18.973114,894.61694,12.446374,237.27484,85.41154
2018-08-26 02:00:00,22.145264,19.108307,895.0843,12.827413,236.25638,82.93337
2018-08-26 03:00:00,22.457947,19.133179,895.48267,13.552295,237.21204,81.496826
2018-08-26 04:00:00,22.680786,19.067505,895.589,13.985275,238.20569,80.073074
2018-08-26 05:00:00,23.875397,19.188477,895.48,14.242673,239.1879,75.063126
2018-08-26 06:00:00,24.42334,19.181976,895.1092,14.372691,239.98843,72.605896
2018-08-26 07:00:00,24.590271,19.282898,894.5454,14.408516,240.74628,72.337425
2018-08-26 08:00:00,24.99414,19.226562,893.88513,14.352819,241.3149,70.366486
2018-08-26 09:00:00,25.071106,19.238586,893.2269,14.17976,241.96588,70.09688
2018-08-26 10:00:00,24.626068,19.418762,892.68976,13.010649,242.80865,72.79551
2018-08-26 11:00:00,24.473083,19.32138,892.6461,12.666516,241.94342,73.021065
2018-08-26 12:00:00,24.324402,19.34436,892.89087,12.138905,239.78857,73.77963
2018-08-26 13:00:00,24.081604,19.414825,893.3497,11.672688,236.80124,75.19077
2018-08-26 14:00:00,23.549438,19.527863,893.98193,11.561343,234.44398,78.18409
2018-08-26 15:00:00,22.814178,19.364044,894.66595,11.608985,232.6116,80.9086
2018-08-26 16:00:00,22.691223,19.350983,895.23517,11.771446,231.49863,81.447815
2018-08-26 17:00:00,22.228882,19.248291,895.5006,12.03221,230.8098,83.23491
2018-08-26 18:00:00,22.099304,19.183075,895.43585,12.315647,231.08665,83.55429
2018-08-26 19:00:00,22.007599,19.227661,895.16815,12.591743,232.01924,84.256355
2018-08-26 20:00:00,21.642975,19.117096,894.77734,12.733844,233.34247,85.561844
2018-08-26 21:00:00,21.557617,19.06012,894.50604,12.760317,234.69362,85.70475
2018-08-26 22:00:00,21.31543,18.974182,894.42334,11.698092,238.63867,86.52032
2018-08-26 23:00:00,21.297394,18.985992,894.6244,11.554994,237.7504,86.67988
2018-08-27 00:00:00,21.496857,19.032501,895.0042,11.484658,236.70897,85.87599
2018-08-27 01:00:00,21.516235,19.015625,895.52094,11.5111685,235.59871,85.68396
2018-08-27 02:00:00,22.197052,19.175812,896.06464,11.818075,234.76227,83.020744
2018-08-27 03:00:00,22.506744,19.251984,896.4851,12.38456,235.61105,81.85913
2018-08-27 04:00:00,22.798859,19.255005,896.66486,12.717431,236.83482,80.436035
2018-08-27 05:00:00,24.067932,19.316528,896.59265,12.923034,237.9273,74.79375
2018-08-27 06:00:00,24.59787,19.321838,896.2799,13.087447,238.78429,72.48003
2018-08-27 07:00:00,24.718048,19.34784,895.7576,13.216688,239.77258,72.07775
2018-08-27 08:00:00,25.24823,19.281464,895.1877,13.178894,241.02783,69.546776
2018-08-27 09:00:00,25.320496,19.301361,894.63007,12.978725,242.22853,69.33423
2018-08-27 10:00:00,24.869263,19.303741,894.25006,12.215408,246.8939,71.23408
2018-08-27 11:00:00,24.745697,19.210754,894.21985,11.691682,246.08527,71.347336
2018-08-27 12:00:00,24.594208,19.241333,894.4558,11.088305,243.52509,72.1335
2018-08-27 13:00:00,24.322083,19.277039,894.83234,10.562265,239.6034,73.481384
2018-08-27 14:00:00,23.680054,19.446533,895.4119,10.341013,236.34787,77.18017
2018-08-27 15:00:00,22.935333,19.209106,896.0154,10.297338,233.64468,79.54604
2018-08-27 16:00:00,22.829895,19.198578,896.44885,10.381198,231.67456,80.003235
2018-08-27 17:00:00,22.350372,19.127258,896.6317,10.541018,230.88762,82.00129
2018-08-27 18:00:00,22.223053,19.097382,896.47455,10.68755,231.0609,82.48526
2018-08-27 19:00:00,22.104706,19.148743,896.1841,10.818198,231.72197,83.34835
2018-08-27 20:00:00,21.674683,19.01184,895.7649,10.895767,232.78156,84.83752
2018-08-27 21:00:00,21.553009,18.949097,895.4087,10.882946,234.07707,85.137245
2018-08-27 22:00:00,21.235443,18.91037,895.1878,10.459624,239.23961,86.6001
2018-08-27 23:00:00,21.175964,18.881378,895.34705,10.365235,237.74985,86.759476
2018-08-28 00:00:00,21.434326,18.95227,895.69556,10.224461,236.1622,85.77498
2018-08-28 01:00:00,21.459991,18.986237,896.21564,10.1173525,234.69821,85.82198
2018-08-28 02:00:00,22.249298,19.162445,896.75464,10.224775,232.74364,82.68821
2018-08-28 03:00:00,22.6362,19.295197,897.1994,10.663447,232.39952,81.437
2018-08-28 04:00:00,22.993042,19.330872,897.5502,10.98185,232.48517,79.87181
2018-08-28 05:00:00,24.292267,19.29718,897.6725,11.1851225,232.921,73.705154
2018-08-28 06:00:00,24.842987,19.301514,897.5301,11.332682,233.24277,71.336
2018-08-28 07:00:00,25.021606,19.337006,897.077,11.44754,233.9432,70.736
2018-08-28 08:00:00,25.615417,19.250763,896.48486,11.470494,234.4169,67.91563
2018-08-28 09:00:00,25.61618,19.219269,895.85596,11.373167,234.99225,67.77951
2018-08-28 10:00:00,25.088898,19.274078,895.39044,10.837101,238.74309,70.1775
2018-08-28 11:00:00,24.961487,19.187103,895.31024,10.586375,238.00067,70.33057
2018-08-28 12:00:00,24.757416,19.209229,895.46576,10.147069,235.40977,71.290634
2018-08-28 13:00:00,24.529633,19.339508,895.8619,9.81183,231.55746,72.85653
2018-08-28 14:00:00,23.867981,19.288696,896.48413,9.714491,228.20927,75.56672
2018-08-28 15:00:00,23.047852,19.288422,897.1951,9.717103,225.74243,79.39729
2018-08-28 16:00:00,22.920837,19.262756,897.7396,9.806523,224.16393,79.88232
2018-08-28 17:00:00,22.504456,19.163086,897.9967,9.975807,223.45348,81.418434
2018-08-28 18:00:00,22.34079,19.12741,897.9201,10.2129755,224.10864,82.04987
2018-08-28 19:00:00,22.227478,19.122498,897.68085,10.372681,225.4358,82.59225
2018-08-28 20:00:00,21.77713,18.975342,897.3748,10.466348,227.04956,84.11634
2018-08-28 21:00:00,21.659027,18.938202,897.06366,10.446617,228.88513,84.529465
2018-08-28 22:00:00,21.34018,18.875397,896.85156,9.646412,236.21152,85.85813
2018-08-28 23:00:00,21.283966,18.847809,896.84436,9.64247,234.9307,86.00617
2018-08-29 00:00:00,21.481873,18.901123,897.0491,9.66421,234.19815,85.25302
2018-08-29 01:00:00,21.526917,18.91278,897.4422,9.739161,233.4024,85.08021
2018-08-29 02:00:00,22.32611,19.102112,897.9052,10.114041,232.94843,81.99375
2018-08-29 03:00:00,22.693024,19.162292,898.2953,10.687495,233.69556,80.487785
2018-08-29 04:00:00,23.009827,19.213623,898.4747,11.094328,234.71686,79.210434
2018-08-29 05:00:00,24.371796,19.330078,898.4066,11.413418,236.10883,73.505104
2018-08-29 06:00:00,24.90802,19.374054,898.11237,11.693426,237.56488,71.38112
2018-08-29 07:00:00,25.061707,19.440582,897.60547,11.905278,239.29749,71.02321
2018-08-29 08:00:00,25.7052,19.453156,897.02295,12.008665,241.14883,68.410866
2018-08-29 09:00:00,25.656097,19.368103,896.3128,11.954482,242.83783,68.24849
2018-08-29 10:00:00,25.094788,19.36383,895.75195,11.401775,249.27716,70.545815
2018-08-29 11:00:00,24.996887,19.28186,895.65344,10.940895,248.87302,70.59761
2018-08-29 12:00:00,24.812561,19.305786,895.8244,10.390167,246.32596,71.48469
2018-08-29 13:00:00,24.612488,19.28186,896.2746,9.89316,242.66074,72.23671
2018-08-29 14:00:00,23.910156,19.397675,896.9046,9.623129,239.73946,75.88817
2018-08-29 15:00:00,23.183472,19.280182,897.4813,9.527249,237.59677,78.70844
2018-08-29 16:00:00,23.051788,19.304474,897.835,9.598467,235.78787,79.45774
2018-08-29 17:00:00,22.566254,19.289978,897.81146,9.806304,234.90204,81.75697
2018-08-29 18:00:00,22.374939,19.226898,897.5803,10.11827,235.10379,82.3887
2018-08-29 19:00:00,22.27121,19.212189,897.23706,10.427363,236.00177,82.83432
2018-08-29 20:00:00,21.907776,19.139435,896.84296,10.691315,237.54424,84.306305
2018-08-29 21:00:00,21.7594,19.081665,896.3989,10.832168,239.35461,84.76776
2018-08-29 22:00:00,21.494934,18.988342,896.2757,10.353457,243.1576,85.64983
2018-08-29 23:00:00,21.457214,18.97232,896.3214,10.382969,242.46533,85.76206
2018-08-30 00:00:00,21.616943,18.99118,896.49475,10.356734,241.84203,85.02789
2018-08-30 01:00:00,21.659515,19.018951,896.7742,10.367569,240.83493,84.95388
2018-08-30 02:00:00,22.302734,19.122833,897.09283,10.701784,240.50665,82.21655
2018-08-30 03:00:00,22.811035,19.114075,897.3638,11.277861,242.1229,79.674126
2018-08-30 04:00:00,23.111176,19.146423,897.4348,11.68116,243.22876,78.397385
2018-08-30 05:00:00,24.273468,19.240356,897.2997,12.047168,244.28386,73.52768
2018-08-30 06:00:00,24.863281,19.24295,896.97375,12.452941,245.12253,70.99033
2018-08-30 07:00:00,25.067688,19.285004,896.47,12.770795,245.63786,70.31405
2018-08-30 08:00:00,25.513336,19.070953,895.8057,12.923505,246.3117,67.56727
2018-08-30 09:00:00,25.545532,19.034485,895.13635,12.948134,246.68057,67.285
2018-08-30 10:00:00,25.19217,19.191742,894.63446,11.633563,251.0506,69.39049
2018-08-30 11:00:00,25.08377,19.119476,894.6749,11.349956,248.79669,69.52616
2018-08-30 12:00:00,24.907867,19.161804,894.7857,10.798895,244.9889,70.44478
2018-08-30 13:00:00,24.714294,19.235443,895.1166,10.368948,240.35559,71.59127
2018-08-30 14:00:00,23.893585,19.302734,895.613,10.25284,236.56693,75.51644
2018-08-30 15:00:00,23.218689,19.16446,896.2617,10.335336,234.23367,77.9771
2018-08-30 16:00:00,23.084717,19.156921,896.68005,10.524733,232.5881,78.57431
2018-08-30 17:00:00,22.602814,19.150055,896.89984,10.775277,231.91342,80.86789
2018-08-30 18:00:00,22.425323,19.100525,896.8098,11.060145,232.05144,81.492546
2018-08-30 19:00:00,22.321991,19.096436,896.58954,11.3418455,232.57463,81.98531
2018-08-30 20:00:00,21.844788,18.966522,896.2533,11.543365,233.44052,83.72341
2018-08-30 21:00:00,21.70465,18.918457,895.96234,11.657997,234.56339,84.19025
2018-08-30 22:00:00,21.480652,18.866943,895.86,10.970012,240.29129,85.07763
2018-08-30 23:00:00,21.418274,18.853973,895.90234,11.101626,239.2554,85.33405
2018-08-31 00:00:00,21.602386,18.885773,896.06036,11.241868,238.1544,84.545586
2018-08-31 01:00:00,21.625244,18.905792,896.4595,11.340916,236.91776,84.53306
2018-08-31 02:00:00,22.372253,19.03061,896.9196,11.806696,236.27881,81.40025
2018-08-31 03:00:00,22.714203,19.049347,897.3353,12.494167,237.3826,79.8205
2018-08-31 04:00:00,23.012543,19.081665,897.5252,12.94193,238.68091,78.54887
2018-08-31 05:00:00,24.296906,19.208801,897.44666,13.303152,239.80717,73.2803
2018-08-31 06:00:00,24.843414,19.229675,897.1369,13.636371,240.91174,71.01586
2018-08-31 07:00:00,24.99176,19.253326,896.6479,13.883025,242.12515,70.49385
2018-08-31 08:00:00,25.485535,19.213623,896.0952,13.94296,243.1615,68.28333
2018-08-31 09:00:00,25.479828,19.213196,895.5969,13.840571,244.12047,68.304665
2018-08-31 10:00:00,24.97052,19.232971,895.216,12.477993,247.94699,70.49379
2018-08-31 11:00:00,24.893463,19.157684,895.29663,12.10511,246.1206,70.48724
2018-08-31 12:00:00,24.648499,19.182587,895.5795,11.503127,243.0127,71.637115
2018-08-31 13:00:00,24.451935,19.231873,896.0603,10.955447,239.43553,72.70735
2018-08-31 14:00:00,23.732117,19.309113,896.7266,10.699635,236.69092,76.28376
2018-08-31 15:00:00,22.946014,19.077454,897.3555,10.642282,234.17569,78.84512
2018-08-31 16:00:00,22.808441,19.0643,897.8767,10.7895775,232.48932,79.43976
2018-08-31 17:00:00,22.350891,19.069092,898.06036,10.972158,231.47005,81.70192
2018-08-31 18:00:00,22.172943,19.058044,897.96326,11.235378,231.56567,82.53468
2018-08-31 19:00:00,22.045624,19.052795,897.6172,11.429745,232.02039,83.150215
2018-08-31 20:00:00,21.643066,18.940277,897.24927,11.594619,233.09982,84.62295
2018-08-31 21:00:00,21.549225,18.907715,896.90985,11.605162,234.29593,84.93728
2018-08-31 22:00:00,21.314972,18.811737,896.7617,11.171513,239.65845,85.64965
2018-08-31 23:00:00,21.2565,18.818054,896.8906,11.073932,238.50598,85.99119
2018-09-01 00:00:00,21.472961,18.868317,897.1769,11.025098,237.20883,85.124985
2018-09-01 01:00:00,21.495148,18.85022,897.6076,10.976517,235.81705,84.91345
2018-09-01 02:00:00,22.095856,18.934113,898.09814,11.251718,234.73407,82.28451
2018-09-01 03:00:00,22.364227,18.947998,898.493,11.771008,235.27861,81.02135
2018-09-01 04:00:00,22.664581,18.980804,898.70557,12.124089,235.92322,79.719574
2018-09-01 05:00:00,23.948608,19.074615,898.7301,12.355,236.83484,74.20506
2018-09-01 06:00:00,24.538696,19.06369,898.5105,12.546572,237.73105,71.57669
2018-09-01 07:00:00,24.696777,19.085632,897.97833,12.717625,238.51584,71.00041
2018-09-01 08:00:00,25.196228,19.0755,897.4249,12.694062,239.21957,68.87297
2018-09-01 09:00:00,25.28189,19.118256,896.85864,12.54687,239.78183,68.70561
2018-09-01 10:00:00,24.85965,19.203796,896.5071,11.155442,244.94131,70.83281
2018-09-01 11:00:00,24.739044,19.147797,896.5506,10.720431,243.23679,71.09627
2018-09-01 12:00:00,24.555115,19.123444,896.65063,10.2642565,240.2807,71.77328
2018-09-01 13:00:00,24.394867,19.144684,896.9743,9.826681,236.79517,72.561035
2018-09-01 14:00:00,23.717773,19.210144,897.52795,9.549572,234.44218,75.88066
2018-09-01 15:00:00,22.973297,19.020477,898.16583,9.436839,232.68391,78.43581
2018-09-01 16:00:00,22.869598,19.02417,898.5747,9.524614,231.40915,78.94811
2018-09-01 17:00:00,22.387299,19.013153,898.6541,9.677694,230.70709,81.23733
2018-09-01 18:00:00,22.212128,18.962494,898.39014,9.934436,230.54321,81.84868
2018-09-01 19:00:00,22.12555,18.976685,898.0296,10.174603,230.99707,82.35426
2018-09-01 20:00:00,21.678986,18.85318,897.637,10.355675,231.94916,83.97943
2018-09-01 21:00:00,21.557983,18.82492,897.296,10.379858,232.83113,84.45396
2018-09-01 22:00:00,21.15039,18.708374,897.1047,9.756479,235.38245,85.96151
2018-09-01 23:00:00,21.10498,18.697998,897.14343,9.86742,234.10062,86.145546
2018-09-02 00:00:00,21.305786,18.72287,897.3527,9.981713,233.0877,85.22326
2018-09-02 01:00:00,21.362976,18.737335,897.79944,10.0967655,231.93196,85.0019
2018-09-02 02:00:00,22.134796,18.972015,898.29065,10.493259,231.40659,82.28391
2018-09-02 03:00:00,22.422699,18.93451,898.76385,11.199352,233.26923,80.665886
2018-09-02 04:00:00,22.737183,18.96637,898.9531,11.6255,234.99802,79.297806
2018-09-02 05:00:00,23.86615,18.96222,898.8633,11.876278,236.68459,74.052826
2018-09-02 06:00:00,24.440094,19.081085,898.44867,12.109832,238.33258,72.0785
2018-09-02 07:00:00,24.604034,19.11728,897.8602,12.337863,239.86308,71.53612
2018-09-02 08:00:00,25.069366,19.14682,897.1726,12.460687,241.52945,69.704544
2018-09-02 09:00:00,25.145966,19.040009,896.50726,12.45994,242.86636,68.926704
2018-09-02 10:00:00,24.608093,19.080414,895.9907,11.514134,246.15155,71.35456
2018-09-02 11:00:00,24.518402,19.076385,896.02924,11.197967,246.4076,71.72041
2018-09-02 12:00:00,24.358551,19.101074,896.18,10.636817,245.64569,72.52168
2018-09-02 13:00:00,24.20639,19.122559,896.5885,10.067401,243.7394,73.28424
2018-09-02 14:00:00,23.522339,19.197632,897.2404,9.723504,241.5925,76.71948
2018-09-02 15:00:00,22.80896,19.023346,897.9347,9.571874,239.81732,79.234634
2018-09-02 16:00:00,22.668762,19.024902,898.37445,9.553736,238.07584,79.9189
2018-09-02 17:00:00,22.259705,18.96106,898.3911,9.65019,236.97441,81.60465
2018-09-02 18:00:00,22.027771,18.951843,898.17,9.841675,236.58984,82.71815
2018-09-02 19:00:00,21.935364,18.95108,897.84406,10.035845,237.18866,83.18168
2018-09-02 20:00:00,21.562134,18.861633,897.4397,10.16771,238.4678,84.62636
2018-09-02 21:00:00,21.37387,18.771362,897.04584,10.223395,239.53275,85.12606
2018-09-02 22:00:00,21.178406,18.737396,896.80994,9.801813,243.61221,85.969666
2018-09-02 23:00:00,21.116455,18.710938,896.86884,9.778863,242.39954,86.15456
2018-09-03 00:00:00,21.343079,18.777405,897.1446,9.754907,241.11496,85.319016
2018-09-03 01:00:00,21.424225,18.792664,897.61884,9.833929,239.46127,84.97692
2018-09-03 02:00:00,22.223145,18.93216,898.169,10.33149,238.31874,81.63908
2018-09-03 03:00:00,22.547363,18.983582,898.6474,11.164557,239.88734,80.30274
2018-09-03 04:00:00,22.857727,19.05246,898.8602,11.604078,240.97815,79.144394
2018-09-03 05:00:00,24.028748,19.132202,898.77423,11.837844,241.9837,74.114265
2018-09-03 06:00:00,24.534302,19.078247,898.34796,12.0350065,242.82455,71.660545
2018-09-03 07:00:00,24.692535,19.183899,897.7237,12.152093,243.59787,71.45467
2018-09-03 08:00:00,25.21225,19.197845,896.9543,12.233582,244.45581,69.33394
2018-09-03 09:00:00,25.204407,19.135345,896.241,12.211017,245.09636,69.09671
2018-09-03 10:00:00,24.727692,19.281097,895.8812,11.354349,248.36348,71.73763
2018-09-03 11:00:00,24.628235,19.180939,895.8274,11.0541115,247.33698,71.716576
2018-09-03 12:00:00,24.462341,19.212616,896.1248,10.45593,245.31445,72.57494
2018-09-03 13:00:00,24.246582,19.164001,896.57385,9.84547,241.93065,73.29686
2018-09-03 14:00:00,23.538483,19.14972,897.33905,9.523614,238.98315,76.41641
2018-09-03 15:00:00,22.872284,19.021362,898.069,9.430505,236.34485,78.92145
2018-09-03 16:00:00,22.718475,19.006836,898.53674,9.490197,234.27689,79.58853
2018-09-03 17:00:00,22.183472,18.917969,898.65796,9.69192,233.1148,81.76405
2018-09-03 18:00:00,22.069916,18.905396,898.4397,9.963193,233.16089,82.26708
2018-09-03 19:00:00,21.928131,18.87793,898.1096,10.227514,234.15393,82.83928
2018-09-03 20:00:00,21.50232,18.769867,897.74133,10.443992,235.3245,84.45114
2018-09-03 21:00:00,21.350525,18.692871,897.5188,10.570934,236.71002,84.830635
2018-09-03 22:00:00,21.144562,18.746033,897.3933,10.12712,239.96872,86.194954
2018-09-03 23:00:00,21.06607,18.709564,897.6022,10.145705,239.99806,86.41408
2018-09-04 00:00:00,21.382446,18.79004,897.89813,10.19482,239.9401,85.18069
2018-09-04 01:00:00,21.466553,18.8396,898.4113,10.328893,239.15991,85.005806
2018-09-04 02:00:00,22.218079,19.007812,898.93756,10.853415,239.35762,82.050674
2018-09-04 03:00:00,22.591675,19.056335,899.3228,11.592491,241.18948,80.45123
2018-09-04 04:00:00,22.894867,19.077362,899.45166,11.976108,242.36661,79.08924
2018-09-04 05:00:00,24.131958,19.110687,899.32025,12.2809725,243.03226,73.557755
2018-09-04 06:00:00,24.724823,19.119354,898.8968,12.592316,243.93613,71.03069
2018-09-04 07:00:00,24.875122,19.18097,898.2238,12.868137,244.91226,70.66687
2018-09-04 08:00:00,25.324524,19.067444,897.44275,12.982897,245.96088,68.31484
2018-09-04 09:00:00,25.315033,18.9888,896.7665,12.947449,246.86588,68.01897
2018-09-04 10:00:00,24.87503,19.113464,896.35046,11.726579,251.14505,70.370636
2018-09-04 11:00:00,24.795319,19.005127,896.2246,11.308486,249.6688,70.23025
2018-09-04 12:00:00,24.623138,19.000092,896.4403,10.836348,247.44301,70.93421
2018-09-04 13:00:00,24.386627,18.889526,896.95905,10.339397,244.14658,71.450584
2018-09-04 14:00:00,23.689636,18.949982,897.65594,10.05115,241.31708,74.78636
2018-09-04 15:00:00,22.831818,18.944702,898.2988,10.013757,238.8997,78.73768
2018-09-04 16:00:00,22.637756,18.919281,898.618,10.1078415,237.01474,79.54343
2018-09-04 17:00:00,22.224152,18.858612,898.60065,10.361096,236.02856,81.260086
2018-09-04 18:00:00,21.989624,18.744171,898.31775,10.665385,235.87631,81.84233
2018-09-04 19:00:00,21.850677,18.700958,897.8965,11.010321,236.64737,82.31649
2018-09-04 20:00:00,21.431274,18.576935,897.46436,11.294389,237.89899,83.80203
2018-09-04 21:00:00,21.274658,18.50232,897.1378,11.495043,239.25928,84.21587
2018-09-04 22:00:00,20.985077,18.41748,896.95416,10.996899,242.7835,85.27183
2018-09-04 23:00:00,20.918121,18.366821,897.08923,11.097246,242.0304,85.35204
2018-09-05 00:00:00,21.171722,18.463898,897.3585,11.166346,241.4643,84.54559
2018-09-05 01:00:00,21.26709,18.506134,897.80054,11.227228,240.69714,84.27508
2018-09-05 02:00:00,22.100128,18.62909,898.3017,11.576704,240.21257,80.709984
2018-09-05 03:00:00,22.502594,18.621704,898.7449,12.246747,241.69202,78.72128
2018-09-05 04:00:00,22.80008,18.655182,898.86914,12.571746,242.52841,77.47507
2018-09-05 05:00:00,24.02713,18.779785,898.70825,12.85387,243.57382,72.509155
2018-09-05 06:00:00,24.638245,18.722198,898.23706,13.026353,244.85905,69.65086
2018-09-05 07:00:00,24.779602,18.778564,897.5806,13.176615,246.31873,69.30881
2018-09-05 08:00:00,25.318756,18.77655,896.8455,13.156989,247.66605,67.10862
2018-09-05 09:00:00,25.390778,18.519196,896.2447,13.100049,248.83624,65.75473
2018-09-05 10:00:00,24.811981,18.753174,895.88654,12.112775,253.16397,69.06527
2018-09-05 11:00:00,24.707031,18.685486,895.8494,11.793177,252.76726,69.20606
2018-09-05 12:00:00,24.539978,18.729492,896.08575,11.202716,251.29153,70.09335
2018-09-05 13:00:00,24.435364,18.751892,896.5302,10.610644,248.83359,70.63243
2018-09-05 14:00:00,23.6409,18.839539,897.1075,10.338635,246.30267,74.49078
2018-09-05 15:00:00,22.919342,18.689148,897.70593,10.277353,243.65462,77.080864
2018-09-05 16:00:00,22.793732,18.68399,897.9493,10.375299,241.5086,77.644646
2018-09-05 17:00:00,22.223602,18.572968,897.849,10.63459,239.94656,79.82448
2018-09-05 18:00:00,21.912292,18.57492,897.43146,10.934856,239.54587,81.36343
2018-09-05 19:00:00,21.797485,18.57663,896.96954,11.1803255,239.6734,81.94446
2018-09-05 20:00:00,21.329224,18.390442,896.5253,11.310658,240.06662,83.3484
2018-09-05 21:00:00,21.178192,18.274841,896.2239,11.357229,240.74332,83.5164
2018-09-05 22:00:00,20.918854,18.163483,896.0864,10.68073,245.3552,84.266365
2018-09-05 23:00:00,20.851776,18.137115,896.1926,10.593294,244.15096,84.47471
2018-09-06 00:00:00,21.226074,18.339294,896.5174,10.534733,243.11118,83.608696
2018-09-06 01:00:00,21.277832,18.342651,897.06476,10.451344,242.02837,83.36128
2018-09-06 02:00:00,22.094574,18.562836,897.63,10.676621,240.60416,80.40326
2018-09-06 03:00:00,22.379852,18.568054,898.0875,11.292041,241.09724,79.04493
2018-09-06 04:00:00,22.69339,18.565826,898.26636,11.6058035,241.43321,77.54315
2018-09-06 05:00:00,24.035706,18.668,898.1534,11.87992,241.9428,71.9671
2018-09-06 06:00:00,24.598999,18.608307,897.7503,12.072166,242.62189,69.318954
2018-09-06 07:00:00,24.722198,18.647888,897.14984,12.200951,243.35388,68.98099
2018-09-06 08:00:00,25.313934,18.614685,896.50867,12.239965,244.53415,66.45187
2018-09-06 09:00:00,25.371002,18.624237,895.91986,12.194707,245.61282,66.266304
2018-09-06 10:00:00,24.689758,18.399536,895.5176,10.98902,249.04932,68.04842
2018-09-06 11:00:00,24.614868,18.354218,895.55396,10.731295,247.448,68.15984
2018-09-06 12:00:00,24.442474,18.435028,895.87836,10.310969,244.25937,69.2162
2018-09-06 13:00:00,24.308594,18.455261,896.4096,9.939838,240.56557,69.86202
2018-09-06 14:00:00,23.563293,18.54364,897.0773,9.84388,237.45227,73.46786
2018-09-06 15:00:00,22.795135,18.430115,897.7092,9.943141,235.11311,76.41404
2018-09-06 16:00:00,22.658508,18.435822,898.19354,10.143198,233.694,77.07736
2018-09-06 17:00:00,22.114594,18.436615,898.25977,10.421993,233.23097,79.67298
2018-09-06 18:00:00,21.91748,18.408722,898.045,10.717517,233.8736,80.49549
2018-09-06 19:00:00,21.823761,18.418549,897.70123,11.054565,234.67609,81.00716
2018-09-06 20:00:00,21.377197,18.24347,897.397,11.295933,235.87427,82.34132
2018-09-06 21:00:00,21.035461,18.146545,897.16284,11.415174,237.06714,83.57575
2018-09-06 22:00:00,20.981445,18.110168,897.11694,10.29306,241.24902,83.66223
2018-09-06 23:00:00,20.916626,18.074005,897.1844,10.155049,240.26636,83.80561
2018-09-07 00:00:00,21.122314,18.136047,897.4428,10.125156,239.21127,83.076416
2018-09-07 01:00:00,21.202698,18.182465,897.9398,10.050525,238.46677,82.90889
2018-09-07 02:00:00,22.156189,18.4487,898.52167,10.287292,237.25482,79.53153
2018-09-07 03:00:00,22.439575,18.433533,899.0087,10.7242365,237.46117,78.09777
2018-09-07 04:00:00,22.763428,18.503906,899.2593,11.024309,237.90822,76.91573
2018-09-07 05:00:00,23.987335,18.623352,899.12036,11.221668,238.9131,71.97522
2018-09-07 06:00:00,24.487823,18.634338,898.72766,11.428026,240.53577,69.89532
2018-09-07 07:00:00,24.644897,18.696136,898.0891,11.540469,242.60931,69.5098
2018-09-07 08:00:00,25.241974,18.684906,897.44885,11.621478,244.95181,67.03076
2018-09-07 09:00:00,25.295624,18.62555,896.8273,11.466313,246.97418,66.56953
2018-09-07 10:00:00,24.674011,18.599548,896.5227,10.605143,250.58856,68.97099
2018-09-07 11:00:00,24.558685,18.520477,896.52563,10.320023,251.22339,69.10537
2018-09-07 12:00:00,24.383179,18.585999,896.7271,9.671311,250.67273,70.122185
2018-09-07 13:00:00,24.212402,18.619781,897.10236,9.096743,248.71317,70.993515
2018-09-07 14:00:00,23.44986,18.711761,897.6916,8.660616,246.88641,74.75419
2018-09-07 15:00:00,22.80243,18.510773,898.28015,8.437157,244.89017,76.76709
2018-09-07 16:00:00,22.65738,18.589691,898.66187,8.357866,243.30719,77.82891
2018-09-07 17:00:00,22.03238,18.551178,898.7327,8.45429,242.59839,80.64974
2018-09-07 18:00:00,21.798645,18.407745,898.53595,8.631004,242.95056,81.07658
2018-09-07 19:00:00,21.673187,18.378418,898.2024,8.826454,243.76381,81.55046
2018-09-07 20:00:00,21.174896,18.166107,897.8493,8.936419,245.2532,82.96521
2018-09-07 21:00:00,21.020569,18.080658,897.5648,8.9294815,246.81102,83.30678
2018-09-07 22:00:00,20.783203,17.992065,897.3881,8.504935,252.01846,84.06225
2018-09-07 23:00:00,20.737885,17.984924,897.50287,8.318328,252.27988,84.25924
2018-09-08 00:00:00,20.996796,18.101288,897.7862,8.12769,251.90825,83.53674
2018-09-08 01:00:00,21.104645,18.158173,898.3562,7.943816,251.32623,83.28221
2018-09-08 02:00:00,22.031403,18.442352,898.9581,8.070697,250.552,80.10675
2018-09-08 03:00:00,22.390533,18.42743,899.46796,8.456889,250.56708,78.30101
2018-09-08 04:00:00,22.717163,18.501709,899.68726,8.713747,251.16777,77.12122
2018-09-08 05:00:00,24.151123,18.602417,899.56213,8.973392,252.19005,71.17762
2018-09-08 06:00:00,24.743408,18.536224,899.1196,9.155529,253.3654,68.41389
2018-09-08 07:00:00,24.91034,18.596924,898.40466,9.340278,254.60443,67.99332
2018-09-08 08:00:00,25.458618,18.493774,897.6856,9.386454,256.42468,65.385956
2018-09-08 09:00:00,25.434906,18.445343,896.9451,9.346408,258.61856,65.27984
2018-09-08 10:00:00,24.901367,18.601105,896.5028,9.019888,263.4676,68.04754
2018-09-08 11:00:00,24.791199,18.52716,896.43604,8.35068,265.46548,68.18019
2018-09-08 12:00:00,24.563385,18.54007,896.6579,7.305136,265.76996,69.170746
2018-09-08 13:00:00,24.34378,18.468811,897.0261,6.3595147,263.48895,69.77408
2018-09-08 14:00:00,23.603943,18.698212,897.6437,5.7023845,260.40143,74.0003
2018-09-08 15:00:00,22.752289,18.531097,898.26514,5.282608,255.8989,77.09886
2018-09-08 16:00:00,22.597504,18.51709,898.75165,5.0910473,251.09569,77.75809
2018-09-08 17:00:00,22.015533,18.48938,898.86475,5.0895076,246.7052,80.42086
2018-09-08 18:00:00,21.796906,18.410156,898.7396,5.2036576,244.07385,81.09747
2018-09-08 19:00:00,21.690002,18.425049,898.451,5.371324,242.49475,81.70509
2018-09-08 20:00:00,21.16513,18.23471,898.13556,5.511583,242.09793,83.37317
2018-09-08 21:00:00,21.047821,18.17749,897.88837,5.577547,242.3597,83.67475
2018-09-08 22:00:00,20.748535,18.073944,897.7714,5.104935,249.41785,84.6764
2018-09-08 23:00:00,20.69992,18.062042,897.8142,4.9561734,246.76999,84.86678
2018-09-09 00:00:00,20.986084,18.183044,898.20685,4.8453007,242.73921,84.021996
2018-09-09 01:00:00,21.049347,18.248047,898.7312,4.8554096,239.55872,84.03822
2018-09-09 02:00:00,21.959198,18.41986,899.31604,5.021849,235.97516,80.34696
2018-09-09 03:00:00,22.227661,18.415985,899.779,5.4718494,234.26553,79.02402
2018-09-09 04:00:00,22.520203,18.430908,900.1175,5.879197,232.66483,77.70334
2018-09-09 05:00:00,23.896637,18.492615,900.1477,6.4058967,232.82735,71.7788
2018-09-09 06:00:00,24.517395,18.36081,899.8485,6.9162345,233.35126,68.58675
2018-09-09 07:00:00,24.669617,18.429077,899.229,7.4372926,235.23514,68.25662
2018-09-09 08:00:00,25.35379,18.549774,898.56335,7.833746,237.66818,66.02577
2018-09-09 09:00:00,25.403503,18.500397,897.93695,8.002392,240.19531,65.62769
2018-09-09 10:00:00,24.808472,18.604004,897.5039,7.5075526,247.15167,68.438286
2018-09-09 11:00:00,24.673187,18.541718,897.5642,6.919288,247.09785,68.72519
2018-09-09 12:00:00,24.486206,18.54306,897.8387,6.057302,243.66154,69.50391
2018-09-09 13:00:00,24.29834,18.562958,898.4394,5.513083,237.7057,70.377975
2018-09-09 14:00:00,23.506866,18.608429,899.1842,5.2133904,231.0585,74.01771
2018-09-09 15:00:00,22.677155,18.422455,899.89417,5.15982,225.38148,76.92576
2018-09-09 16:00:00,22.5867,18.455383,900.3817,5.2279644,221.16304,77.508965
2018-09-09 17:00:00,22.00589,18.391846,900.5606,5.4713116,218.6689,79.97794
2018-09-09 18:00:00,21.870178,18.40924,900.51117,5.710874,218.15256,80.73083
2018-09-09 19:00:00,21.719452,18.394592,900.2525,5.9504724,219.12563,81.40266
2018-09-09 20:00:00,21.268066,18.292908,899.942,6.0651393,220.7193,83.15142
2018-09-09 21:00:00,21.1297,18.247406,899.661,6.1448827,222.45372,83.62123
2018-09-09 22:00:00,20.920898,18.148682,899.4832,5.2498493,239.27524,84.17751
2018-09-09 23:00:00,20.86847,18.149353,899.6252,5.072317,236.34438,84.452896
2018-09-10 00:00:00,21.113708,18.243103,900.05164,4.9113965,232.81491,83.68078
2018-09-10 01:00:00,21.127808,18.2323,900.614,4.8713923,228.88203,83.55172
2018-09-10 02:00:00,21.857697,18.340454,901.1499,4.972518,226.2687,80.444756
2018-09-10 03:00:00,22.175201,18.382782,901.6744,5.315365,226.40855,79.112045
2018-09-10 04:00:00,22.463898,18.39914,901.9322,5.5992856,226.86754,77.81452
2018-09-10 05:00:00,23.791962,18.493713,901.92334,5.961128,227.37703,72.23704
2018-09-10 06:00:00,24.412292,18.40384,901.5782,6.416409,228.36717,69.20602
2018-09-10 07:00:00,24.576721,18.4747,901.0582,6.925177,230.81131,68.833244
2018-09-10 08:00:00,25.099182,18.506653,900.37146,7.3144584,233.9733,66.85326
2018-09-10 09:00:00,25.25879,18.33014,899.7175,7.546779,237.49707,65.49251
2018-09-10 10:00:00,24.674286,18.408905,899.3575,7.231123,246.3198,68.15139
2018-09-10 11:00:00,24.557526,18.33194,899.2954,6.7094355,247.53223,68.29854
2018-09-10 12:00:00,24.38272,18.336975,899.49097,6.08315,245.0193,69.03874
2018-09-10 13:00:00,24.198578,18.402405,899.93896,5.592365,240.94635,70.09186
2018-09-10 14:00:00,23.455505,18.302368,900.6104,5.290136,237.30466,72.83734
2018-09-10 15:00:00,22.51764,18.275024,901.23126,5.1606874,234.67474,76.95965
2018-09-10 16:00:00,22.35019,18.219421,901.5879,5.183611,233.39767,77.476166
2018-09-10 17:00:00,21.93283,18.202423,901.7383,5.2883515,232.98305,79.38635
2018-09-10 18:00:00,21.745392,18.143799,901.6449,5.4854093,234.1036,80.00507
2018-09-10 19:00:00,21.613739,18.101318,901.3805,5.661769,235.8518,80.43663
2018-09-10 20:00:00,21.088257,17.908203,901.00696,5.815923,238.24205,82.06661
2018-09-10 21:00:00,20.957703,17.866974,900.6726,5.910117,240.58858,82.51314
2018-09-10 22:00:00,20.55777,17.704712,900.4485,5.6225023,253.25029,83.71002
2018-09-10 23:00:00,20.485413,17.681854,900.3675,5.3766675,253.37201,83.963326
2018-09-11 00:00:00,20.773254,17.746948,900.625,5.171531,252.88522,82.82631
2018-09-11 01:00:00,20.823029,17.736938,901.0351,5.055282,251.87524,82.520966
2018-09-11 02:00:00,21.644592,17.965057,901.48126,5.087632,251.50542,79.6004
2018-09-11 03:00:00,21.925537,17.968018,901.8141,5.5330114,253.14374,78.26071
2018-09-11 04:00:00,22.210785,17.968445,901.87305,5.9160304,254.82524,76.913956
2018-09-11 05:00:00,23.641174,18.0177,901.72534,6.312752,255.51668,70.75088
2018-09-11 06:00:00,24.301575,17.95871,901.2982,6.7827406,255.4714,67.746826
2018-09-11 07:00:00,24.438171,17.9776,900.6386,7.282734,256.03558,67.274605
2018-09-11 08:00:00,24.944733,18.02182,899.9345,7.697585,257.49805,65.45028
2018-09-11 09:00:00,25.077637,17.874908,899.1962,7.915112,259.68237,64.33657
2018-09-11 10:00:00,24.556335,17.977173,898.79486,7.03949,265.56766,66.798744
2018-09-11 11:00:00,24.418976,17.907959,898.6234,6.6749616,265.19174,67.05765
2018-09-11 12:00:00,24.181183,17.906006,898.67303,5.913074,261.9226,68.01184
2018-09-11 13:00:00,24.02121,18.028503,898.9998,5.3787603,257.08972,69.19902
2018-09-11 14:00:00,23.26236,18.179382,899.53925,5.096284,252.69673,73.124985
2018-09-11 15:00:00,22.417725,18.013641,900.05975,5.0155,248.89816,76.16782
2018-09-11 16:00:00,22.21576,17.938202,900.35455,5.102782,244.79822,76.74454
2018-09-11 17:00:00,21.751892,17.999756,900.4114,5.415053,241.85318,79.25279
2018-09-11 18:00:00,21.516663,17.901672,900.1783,5.7986236,240.42258,79.9066
2018-09-11 19:00:00,21.34668,17.85971,899.7645,6.178324,240.06364,80.52986
2018-09-11 20:00:00,20.825104,17.700806,899.27893,6.4915485,240.5693,82.32282
2018-09-11 21:00:00,20.660095,17.597778,898.84576,6.7854667,241.71501,82.62502
2018-09-11 22:00:00,20.368988,17.490417,898.64905,7.0196543,251.34352,83.55393
2018-09-11 23:00:00,20.264038,17.42456,898.5761,7.026341,250.08824,83.74838
2018-09-12 00:00:00,20.523438,17.449677,898.8488,7.021013,248.77596,82.5489
2018-09-12 01:00:00,20.575409,17.458649,899.30804,7.0866714,247.64642,82.33147
2018-09-12 02:00:00,21.370392,17.604767,899.81,7.3543167,247.31168,79.13189
2018-09-12 03:00:00,21.725983,17.617218,900.1774,8.179979,249.71048,77.48955
2018-09-12 04:00:00,22.02948,17.62732,900.2754,8.67909,252.20885,76.11579
2018-09-12 05:00:00,23.371063,17.661743,900.10986,9.093607,253.66782,70.319336
2018-09-12 06:00:00,23.960602,17.571503,899.6239,9.490488,254.5636,67.481606
2018-09-12 07:00:00,24.092804,17.578339,898.8974,9.866772,255.20816,66.97681
2018-09-12 08:00:00,24.683899,17.544922,898.0089,10.221479,256.1175,64.51095
2018-09-12 09:00:00,24.73468,17.52124,897.2017,10.400745,257.4241,64.21949
2018-09-12 10:00:00,24.309418,17.51828,896.68195,9.907436,261.73868,65.86226
2018-09-12 11:00:00,24.222534,17.498901,896.5279,9.399811,260.76215,66.12529
2018-09-12 12:00:00,24.033417,17.46518,896.6475,8.535609,257.94077,66.73787
2018-09-12 13:00:00,23.851898,17.542755,896.96075,7.7685833,254.24966,67.80094
2018-09-12 14:00:00,23.052124,17.687897,897.4849,7.4194164,250.91881,71.8059
2018-09-12 15:00:00,22.168427,17.456512,898.0122,7.33413,248.01886,74.66519
2018-09-12 16:00:00,22.027313,17.466217,898.3423,7.403778,245.64624,75.356125
2018-09-12 17:00:00,21.457611,17.441376,898.3627,7.592244,244.13669,77.90303
2018-09-12 18:00:00,21.211304,17.369812,898.1275,7.837708,243.18729,78.73133
2018-09-12 19:00:00,21.052551,17.355347,897.75867,8.086649,243.12936,79.42966
2018-09-12 20:00:00,20.549347,17.184753,897.3624,8.28788,243.56595,81.048874
2018-09-12 21:00:00,20.323608,17.045288,897.00494,8.373917,244.37112,81.46346
2018-09-12 22:00:00,19.906494,16.865967,896.8194,8.076599,250.34258,82.64815
2018-09-12 23:00:00,19.847534,16.839203,896.9509,8.0591,249.55403,82.80998
2018-09-13 00:00:00,20.143005,16.889801,897.31494,8.012485,248.69995,81.57018
2018-09-13 01:00:00,20.203247,16.92276,897.8287,7.9591627,247.8934,81.436905
2018-09-13 02:00:00,21.186493,17.17752,898.4361,8.090138,247.1743,77.89859
2018-09-13 03:00:00,21.514557,17.211914,898.8932,8.690762,248.04257,76.514465
2018-09-13 04:00:00,21.840637,17.304596,899.17224,9.073329,248.87778,75.44519
2018-09-13 05:00:00,23.25241,17.24289,899.0759,9.407347,248.68161,68.97677
2018-09-13 06:00:00,23.953674,17.17862,898.73364,9.850146,248.324,65.854965
2018-09-13 07:00:00,24.142242,17.232971,898.1353,10.279875,248.64316,65.337715
2018-09-13 08:00:00,24.827576,17.263855,897.4227,10.589618,249.64722,62.834435
2018-09-13 09:00:00,24.865112,17.249603,896.70294,10.6494465,250.79337,62.63734
2018-09-13 10:00:00,24.174377,17.344666,896.2813,10.062656,255.13739,65.67387
2018-09-13 11:00:00,24.090088,17.27948,896.18726,9.3931,254.45953,65.73556
2018-09-13 12:00:00,23.941986,17.294464,896.404,8.289826,252.68616,66.38575
2018-09-13 13:00:00,23.717865,17.319427,896.8906,7.3792853,250.22632,67.39293
2018-09-13 14:00:00,23.047668,17.404907,897.5432,6.8965106,246.71922,70.554474
2018-09-13 15:00:00,22.008575,17.542908,898.15564,6.7039785,243.42368,75.80825
2018-09-13 16:00:00,21.81015,17.524628,898.5034,6.6929803,240.34964,76.64328
2018-09-13 17:00:00,21.27359,17.490234,898.5231,6.790469,237.92465,79.02976
2018-09-13 18:00:00,21.050934,17.506409,898.27954,6.9985523,237.00415,80.19883
2018-09-13 19:00:00,20.898346,17.481628,897.95416,7.2717724,236.95198,80.82791
2018-09-13 20:00:00,20.406494,17.266449,897.59204,7.510251,237.57108,82.18973
2018-09-13 21:00:00,20.22107,17.223694,897.2517,7.6182604,238.46213,82.91197
2018-09-13 22:00:00,19.899994,17.131775,897.0617,7.944624,243.06815,84.08546
2018-09-13 23:00:00,19.832642,17.109344,897.14954,7.871995,242.56078,84.31736
2018-09-14 00:00:00,20.205383,17.212341,897.562,7.758604,241.84476,82.932846
2018-09-14 01:00:00,20.247894,17.229156,898.1771,7.6569633,241.04669,82.803246
2018-09-14 02:00:00,20.941772,17.309265,898.8084,7.706611,240.1157,79.73963
2018-09-14 03:00:00,21.322205,17.346771,899.37256,8.257312,241.281,78.08401
2018-09-14 04:00:00,21.556335,17.386292,899.68713,8.540975,242.57855,77.16483
2018-09-14 05:00:00,22.981293,17.443207,899.6477,8.874007,243.53717,71.00995
2018-09-14 06:00:00,23.733429,17.385803,899.3582,9.3431015,244.14601,67.61275
2018-09-14 07:00:00,23.903381,17.38617,898.835,9.836942,245.20294,66.92662
2018-09-14 08:00:00,24.55191,17.275055,898.21063,10.163308,247.08759,63.923393
2018-09-14 09:00:00,24.671753,17.292755,897.6259,10.257167,249.41374,63.537987
2018-09-14 10:00:00,23.891022,17.269775,897.14667,10.292698,252.60825,66.4856
2018-09-14 11:00:00,23.795227,17.352264,897.2592,9.519212,253.67072,67.21921
2018-09-14 12:00:00,23.600372,17.462524,897.5486,8.398962,252.66129,68.487656
2018-09-14 13:00:00,23.418152,17.492126,898.0454,7.583572,251.78642,69.37371
2018-09-14 14:00:00,22.64563,17.544403,898.76447,6.992456,250.6354,72.93362
2018-09-14 15:00:00,21.760437,17.526794,899.4076,6.715222,249.60526,76.88687
2018-09-14 16:00:00,21.598938,17.506287,899.7889,6.5876865,248.1175,77.54925
2018-09-14 17:00:00,20.998352,17.48822,899.8387,6.6250515,247.14072,80.366
2018-09-14 18:00:00,20.828278,17.481995,899.66455,6.7699037,247.32973,81.17888
2018-09-14 19:00:00,20.675842,17.441925,899.37274,6.9718704,248.14258,81.73719
2018-09-14 20:00:00,20.131042,17.268066,899.008,7.111745,249.64595,83.60899
2018-09-14 21:00:00,19.968842,17.167267,898.69507,7.131666,251.65808,83.91586
2018-09-14 22:00:00,19.596558,16.936676,898.5239,7.243698,255.84845,84.6309
2018-09-14 23:00:00,19.529663,16.924072,898.6692,7.07416,256.91647,84.91545
2018-09-15 00:00:00,19.904022,16.987396,899.1028,6.8333373,257.8938,83.29947
2018-09-15 01:00:00,20.00235,17.013947,899.5823,6.6408615,258.24536,82.93311
2018-09-15 02:00:00,20.969086,17.380371,900.1512,6.5951967,257.7431,79.964325
2018-09-15 03:00:00,21.304718,17.307037,900.6506,6.980393,256.94522,77.97174
2018-09-15 04:00:00,21.579376,17.302307,900.80133,7.3781466,257.37772,76.64836
2018-09-15 05:00:00,22.972565,17.407745,900.63727,7.8279243,257.67834,70.88858
2018-09-15 06:00:00,23.859497,17.305359,900.106,8.328117,258.04935,66.76172
2018-09-15 07:00:00,24.008331,17.312927,899.435,8.854872,258.98364,66.198875
2018-09-15 08:00:00,24.559113,17.208221,898.6677,9.277574,260.98276,63.626404
2018-09-15 09:00:00,24.641968,17.176392,898.05444,9.460724,263.15576,63.18458
2018-09-15 10:00:00,23.96817,17.320953,897.38385,9.25278,262.1901,66.39243
2018-09-15 11:00:00,23.87384,17.276184,897.2983,8.670769,263.2768,66.58126
2018-09-15 12:00:00,23.646454,17.342377,897.40936,7.7741685,261.87906,67.78155
2018-09-15 13:00:00,23.43988,17.327576,897.735,7.2040124,260.86752,68.56664
2018-09-15 14:00:00,22.670593,17.457977,898.3645,6.844034,260.32632,72.42715
2018-09-15 15:00:00,21.64325,17.371155,898.9724,6.6473794,259.4725,76.682365
2018-09-15 16:00:00,21.462067,17.339813,899.33093,6.631122,258.30756,77.38382
2018-09-15 17:00:00,20.872803,17.35205,899.2938,6.6983204,257.67078,80.29529
2018-09-15 18:00:00,20.612,17.247284,899.00464,6.8734055,258.4259,81.05637
2018-09-15 19:00:00,20.479736,17.217865,898.57153,7.050205,259.57764,81.568184
2018-09-15 20:00:00,19.999207,17.091888,898.096,7.214404,261.44092,83.359634
2018-09-15 21:00:00,19.851349,17.020874,897.705,7.3098397,263.44232,83.74924
2018-09-15 22:00:00,19.553986,16.877655,897.5348,7.1873074,268.62817,84.53809
2018-09-15 23:00:00,19.491516,16.833282,897.64154,7.0159726,268.39767,84.628395
2018-09-16 00:00:00,19.872772,16.900513,897.94635,6.7924776,268.2126,83.00263
2018-09-16 01:00:00,19.897766,16.910522,898.364,6.589645,266.6962,82.92679
2018-09-16 02:00:00,21.073456,17.217804,898.8996,6.609173,264.49933,78.64109
2018-09-16 03:00:00,21.618073,17.270233,899.2583,6.9534435,262.14185,76.312294
2018-09-16 04:00:00,21.919403,17.267853,899.3183,7.4502797,260.6239,74.90919
2018-09-16 05:00:00,23.41092,17.215485,899.06415,8.011363,258.8886,68.20157
2018-09-16 06:00:00,24.128906,17.118835,898.5299,8.726473,257.97067,64.91958
2018-09-16 07:00:00,24.29596,17.120422,897.7711,9.415438,257.7978,64.27886
2018-09-16 08:00:00,24.85904,16.929657,896.9847,9.993989,258.54895,61.40372
2018-09-16 09:00:00,24.908325,16.825562,896.26764,10.322198,259.69073,60.820644
2018-09-16 10:00:00,24.155823,17.160309,895.682,9.792755,263.23682,64.98512
2018-09-16 11:00:00,24.004059,17.069977,895.7368,9.277765,263.748,65.206055
2018-09-16 12:00:00,23.806702,17.093079,895.9879,8.509837,261.938,66.080795
2018-09-16 13:00:00,23.635315,17.089264,896.4147,8.125502,260.0718,66.74994
2018-09-16 14:00:00,22.70877,17.320648,896.98334,7.852739,258.40515,71.63558
2018-09-16 15:00:00,21.73462,17.263397,897.57275,7.6925797,256.8416,75.73779
2018-09-16 16:00:00,21.55484,17.275238,897.9486,7.693554,255.5461,76.632286
2018-09-16 17:00:00,20.815308,17.126099,897.9802,7.8323197,254.69135,79.43669
2018-09-16 18:00:00,20.553802,17.030304,897.664,8.081356,255.42879,80.23837
2018-09-16 19:00:00,20.405884,16.996948,897.1502,8.308334,256.72626,80.80295
2018-09-16 20:00:00,19.82779,16.767303,896.6636,8.471951,258.69348,82.534065
2018-09-16 21:00:00,19.712494,16.697144,896.327,8.565821,260.6034,82.75697
2018-09-16 22:00:00,19.31427,16.536133,896.16327,8.202002,264.1924,83.96702
2018-09-16 23:00:00,19.221619,16.47873,896.3063,8.109054,264.58398,84.14503
2018-09-17 00:00:00,19.636536,16.601257,896.6166,7.920612,265.0073,82.64314
2018-09-17 01:00:00,19.660645,16.620972,897.11523,7.7734475,264.96863,82.62298
2018-09-17 02:00:00,20.822998,16.923645,897.67755,7.803958,263.64478,78.38753
2018-09-17 03:00:00,21.255371,17.052368,898.09125,8.097059,262.09564,76.95815
2018-09-17 04:00:00,21.591644,17.069977,898.1546,8.576003,261.25055,75.47349
2018-09-17 05:00:00,23.1734,17.022064,897.95874,9.129513,260.4419,68.34508
2018-09-17 06:00:00,24.005371,16.942108,897.5061,9.67375,259.99396,64.67491
2018-09-17 07:00:00,24.186005,16.943817,896.89624,10.190807,259.58313,63.984394
2018-09-17 08:00:00,24.859894,16.729218,896.2272,10.636294,259.9776,60.624893
2018-09-17 09:00:00,24.94574,16.625458,895.67365,10.864913,260.79642,59.91903
2018-09-17 10:00:00,24.218384,16.823334,895.3027,10.124186,263.28867,63.374268
2018-09-17 11:00:00,24.140747,16.81186,895.4281,9.693054,262.85815,63.623787
2018-09-17 12:00:00,23.902496,16.909363,895.7659,8.935634,260.61215,64.94106
2018-09-17 13:00:00,23.714203,16.976227,896.2724,8.531383,258.37424,65.959724
2018-09-17 14:00:00,22.709778,17.047668,896.9144,8.290843,255.9191,70.40491
2018-09-17 15:00:00,21.713745,16.919342,897.53656,8.256378,254.14194,74.20068
2018-09-17 16:00:00,21.485077,16.869354,897.9299,8.369834,252.40668,75.0077
2018-09-17 17:00:00,20.74759,16.78775,897.9638,8.560388,251.61035,78.076385
2018-09-17 18:00:00,20.51175,16.705872,897.77875,8.762536,251.51251,78.8086
2018-09-17 19:00:00,20.323364,16.672424,897.44135,8.929981,252.23068,79.56102
2018-09-17 20:00:00,19.744232,16.47641,897.08453,9.002454,253.7286,81.44367
2018-09-17 21:00:00,19.55896,16.418152,896.7714,9.034718,255.5732,82.08096
2018-09-17 22:00:00,19.181702,16.235443,896.6858,8.508641,257.14105,83.05809
2018-09-17 23:00:00,19.031647,16.142212,896.7326,8.397328,257.2893,83.34186
2018-09-18 00:00:00,19.541626,16.30075,896.9288,8.189194,256.93842,81.55756
2018-09-18 01:00:00,19.610962,16.348328,897.4408,7.9657702,256.4452,81.4535
2018-09-18 02:00:00,20.890747,16.666168,897.9961,7.8976607,255.3339,76.796684
2018-09-18 03:00:00,21.23581,16.703217,898.543,8.172695,255.28076,75.363495
2018-09-18 04:00:00,21.628387,16.763794,898.7118,8.556388,255.89835,73.85667
2018-09-18 05:00:00,23.332336,16.79309,898.5723,8.901002,256.74908,66.71658
2018-09-18 06:00:00,24.240295,16.713196,898.05396,9.220068,256.90863,62.85023
2018-09-18 07:00:00,24.4458,16.771637,897.4141,9.560651,257.6506,62.31181
2018-09-18 08:00:00,25.02237,16.511475,896.68353,9.883477,258.64612,59.215336
2018-09-18 09:00:00,25.167542,16.433838,896.093,10.074693,259.596,58.416195
2018-09-18 10:00:00,24.392273,16.598602,895.7528,9.909236,258.1333,61.828743
2018-09-18 11:00:00,24.23349,16.507172,895.89343,9.471408,257.17426,62.058193
2018-09-18 12:00:00,24.006653,16.433014,896.1267,8.871915,253.9903,62.61276
2018-09-18 13:00:00,23.79004,16.53717,896.687,8.568357,251.6985,63.855026
2018-09-18 14:00:00,22.806396,16.774353,897.344,8.369218,250.16023,68.79142
2018-09-18 15:00:00,21.736816,16.743744,898.0426,8.283508,248.91428,73.275444
2018-09-18 16:00:00,21.521698,16.715302,898.452,8.339218,247.95541,74.11181
2018-09-18 17:00:00,20.70752,16.572327,898.5779,8.43754,247.47531,77.205795
2018-09-18 18:00:00,20.432037,16.482117,898.3671,8.637503,248.0666,78.07899
2018-09-18 19:00:00,20.271912,16.406555,898.0086,8.814674,249.29065,78.4766
2018-09-18 20:00:00,19.717163,16.193329,897.6371,8.924528,250.99706,80.12327
2018-09-18 21:00:00,19.498169,16.060425,897.3622,8.902901,252.763,80.53478
2018-09-18 22:00:00,19.087189,15.965515,897.1714,8.39406,254.25711,82.12254
2018-09-18 23:00:00,19.021484,15.95462,897.2647,8.214784,255.16568,82.402336
2018-09-19 00:00:00,19.354431,15.992493,897.54913,7.9215302,255.61142,80.90626
2018-09-19 01:00:00,19.41684,15.961945,898.1898,7.567427,255.55447,80.43577
2018-09-19 02:00:00,20.760712,16.380402,898.87115,7.2866364,255.44934,76.01972
2018-09-19 03:00:00,21.214355,16.475311,899.3278,7.211635,256.16592,74.37767
2018-09-19 04:00:00,21.679962,16.61142,899.3854,7.218018,257.09845,72.9152
2018-09-19 05:00:00,23.250763,16.680908,899.0637,7.361784,257.86578,66.570335
2018-09-19 06:00:00,24.080719,16.55304,898.4522,7.595583,258.68347,62.812553
2018-09-19 07:00:00,24.316254,16.62033,897.7327,7.8864737,259.93417,62.196796
2018-09-19 08:00:00,25.01001,16.388214,897.01196,8.080194,261.97107,58.796112
2018-09-19 09:00:00,25.086914,16.337189,896.3908,8.079853,263.74808,58.337444
2018-09-19 10:00:00,24.360016,16.616669,895.8158,7.4431944,262.51675,62.019493
2018-09-19 11:00:00,24.219574,16.530304,895.8947,6.938634,261.2193,62.201416
2018-09-19 12:00:00,23.951813,16.383484,896.1253,6.310841,255.89565,62.621735
2018-09-19 13:00:00,23.836884,16.644257,896.5496,5.9617786,251.47952,64.110146
2018-09-19 14:00:00,22.770447,16.869965,897.1054,5.8095484,246.91072,69.360886
2018-09-19 15:00:00,21.732727,16.733551,897.60406,5.8246646,242.63696,73.246346
2018-09-19 16:00:00,21.470337,16.659027,897.8639,5.9884605,239.26398,74.07996
2018-09-19 17:00:00,20.721313,16.622925,897.84875,6.246177,236.98352,77.38868
2018-09-19 18:00:00,20.493774,16.530273,897.5817,6.5507154,236.04109,78.02071
2018-09-19 19:00:00,20.357758,16.493011,897.1649,6.824347,235.91196,78.49215
2018-09-19 20:00:00,19.699677,16.229767,896.7512,6.97981,236.74368,80.39675
2018-09-19 21:00:00,19.54129,16.19986,896.44604,7.0446467,237.28003,81.03669
2018-09-19 22:00:00,19.144592,16.032532,896.5222,6.6416078,235.58344,82.180046
2018-09-19 23:00:00,19.053131,15.988739,896.60596,6.42034,233.84988,82.41922
2018-09-20 00:00:00,19.431824,16.123108,896.87006,6.2322097,232.53052,81.19162
2018-09-20 01:00:00,19.507874,16.160217,897.33093,5.9683495,230.07239,81.00016
2018-09-20 02:00:00,20.78653,16.498474,897.98883,5.885756,227.99632,76.47132
2018-09-20 03:00:00,21.155365,16.58316,898.59076,5.8873057,225.64064,75.16097
2018-09-20 04:00:00,21.645111,16.701569,898.8579,6.0349336,223.89119,73.4903
2018-09-20 05:00:00,23.162292,16.901093,898.7761,6.2959533,223.41638,67.86873
2018-09-20 06:00:00,23.996674,16.702515,898.3484,6.626156,224.59845,63.73271
2018-09-20 07:00:00,24.15976,16.678589,897.71606,6.8784413,227.3666,63.015957
2018-09-20 08:00:00,24.858337,16.438324,897.0373,6.968222,230.0301,59.519978
2018-09-20 09:00:00,24.945343,16.324524,896.495,6.9589567,232.96129,58.784466
2018-09-20 10:00:00,24.113586,16.58786,896.0293,6.0984697,230.67224,62.827618
2018-09-20 11:00:00,24.050018,16.53897,896.0704,6.094602,229.2455,62.872177
2018-09-20 12:00:00,23.89975,16.579224,896.31915,6.0083113,225.30336,63.604904
2018-09-20 13:00:00,23.710236,16.718018,896.83014,5.9721518,219.76427,64.90387
2018-09-20 14:00:00,22.728851,16.924683,897.47144,6.058432,215.35251,69.77772
2018-09-20 15:00:00,21.768524,16.865051,898.1757,6.187374,211.84618,73.69868
2018-09-20 16:00:00,21.597015,16.89743,898.6537,6.373882,209.8473,74.6284
2018-09-20 17:00:00,20.9935,16.861877,898.7568,6.583525,209.71692,77.2669
2018-09-20 18:00:00,20.73111,16.760437,898.452,6.760646,210.53868,78.0203
2018-09-20 19:00:00,20.569946,16.708069,898.0876,6.890982,212.1141,78.53728
2018-09-20 20:00:00,20.017487,16.552643,897.7048,6.8774314,213.88232,80.46531
2018-09-20 21:00:00,19.902527,16.525452,897.5371,6.7736125,215.35776,80.90026
2018-09-20 22:00:00,19.555115,16.394073,897.3869,5.9213653,218.24626,81.97486
2018-09-20 23:00:00,19.494171,16.389862,897.5041,5.799049,216.30606,82.26382
2018-09-21 00:00:00,19.729889,16.511505,897.82556,5.64021,214.35045,81.69831
2018-09-21 01:00:00,19.829346,16.529541,898.3942,5.476848,210.88441,81.28913
2018-09-21 02:00:00,20.985046,16.91687,899.0682,5.440011,207.13594,77.57705
2018-09-21 03:00:00,21.420288,17.033295,899.66327,5.6308694,204.16435,76.09227
2018-09-21 04:00:00,21.81897,17.19928,899.9439,5.858434,203.19598,75.04372
2018-09-21 05:00:00,23.380127,17.396881,899.89923,6.0856776,205.06726,69.11621
2018-09-21 06:00:00,24.031067,17.380615,899.5737,6.224079,208.62569,66.39184
2018-09-21 07:00:00,24.21521,17.345001,899.0546,6.2689238,213.3711,65.5146
2018-09-21 08:00:00,24.687073,17.256683,898.4766,6.228561,217.33824,63.33525
2018-09-21 09:00:00,24.754547,17.152832,897.94946,6.104914,220.99133,62.667484
2018-09-21 10:00:00,24.046875,17.299316,897.50775,5.597065,226.68408,65.989006
2018-09-21 11:00:00,23.92694,17.25531,897.5807,5.089688,224.64871,66.28155
2018-09-21 12:00:00,23.712158,17.325256,897.9464,4.6920896,218.69458,67.44091
2018-09-21 13:00:00,23.585815,17.38443,898.62054,4.5365,212.37367,68.21056
2018-09-21 14:00:00,22.740814,17.419098,899.3454,4.522626,206.81503,71.942505
2018-09-21 15:00:00,21.80014,17.394348,900.0652,4.5940022,202.63806,76.06207
2018-09-21 16:00:00,21.644806,17.417053,900.5115,4.747739,200.35706,76.89766
2018-09-21 17:00:00,21.039124,17.313385,900.6177,4.896776,199.91208,79.28469
2018-09-21 18:00:00,20.872498,17.300537,900.4179,5.0298915,201.27425,80.03583
2018-09-21 19:00:00,20.706757,17.27295,900.0873,5.0827403,203.15991,80.71551
2018-09-21 20:00:00,20.26297,17.183105,899.78375,5.054953,205.58675,82.485565
2018-09-21 21:00:00,20.109558,17.133057,899.544,4.9026365,208.02931,83.008316
2018-09-21 22:00:00,19.765533,16.90091,899.5349,3.8932545,218.1999,83.55841
2018-09-21 23:00:00,19.671967,16.863068,899.5817,3.5370052,216.08672,83.843475
2018-09-22 00:00:00,19.912292,16.97647,899.8282,3.2188346,212.42384,83.199165
2018-09-22 01:00:00,20.02237,17.026276,900.3233,2.9871335,207.28477,82.895096
2018-09-22 02:00:00,21.101288,17.385498,900.971,2.928236,202.1008,79.34328
2018-09-22 03:00:00,21.510223,17.490875,901.4925,3.0750003,197.78317,77.89553
2018-09-22 04:00:00,21.882141,17.611023,901.71936,3.2964115,197.70638,76.72412
2018-09-22 05:00:00,23.221436,17.725433,901.6649,3.4940288,201.11078,71.2429
2018-09-22 06:00:00,23.803375,17.731567,901.3157,3.6288009,206.35716,68.8133
2018-09-22 07:00:00,23.935028,17.782166,900.77344,3.6604495,211.96268,68.48863
2018-09-22 08:00:00,24.375671,17.863861,900.07623,3.648889,216.79092,67.045494
2018-09-22 09:00:00,24.368378,17.828766,899.39124,3.5094652,220.56726,66.926834
2018-09-22 10:00:00,23.84079,17.940613,898.8036,3.6191862,231.13795,69.56797
2018-09-22 11:00:00,23.698883,17.915833,898.8649,2.946365,229.78772,70.05527
2018-09-22 12:00:00,23.478119,17.955566,899.23096,2.3752167,224.13397,71.171036
2018-09-22 13:00:00,23.32669,18.056488,899.77734,2.231472,211.66212,72.28138
2018-09-22 14:00:00,22.5849,18.109894,900.49475,2.3860614,199.61784,75.855576
2018-09-22 15:00:00,21.82434,18.011627,901.19653,2.67136,191.85097,78.96178
2018-09-22 16:00:00,21.681213,17.996948,901.65546,3.0135808,188.31699,79.581795
2018-09-22 17:00:00,21.220886,17.95636,901.7431,3.3556008,188.55116,81.64826
2018-09-22 18:00:00,21.037964,17.948608,901.541,3.5687237,191.54929,82.52996
2018-09-22 19:00:00,20.881317,17.904022,901.2051,3.7072415,196.0767,83.09502
2018-09-22 20:00:00,20.422424,17.748322,900.88477,3.6576533,200.99896,84.64397
2018-09-22 21:00:00,20.299286,17.6846,900.6209,3.5599236,206.13927,84.94826
2018-09-22 22:00:00,20.077026,17.601562,900.5226,3.2080853,225.27449,85.67391
2018-09-22 23:00:00,20.04721,17.595917,900.6447,3.025764,230.86777,85.801575
2018-09-23 00:00:00,20.27066,17.666138,900.9803,2.809402,233.48026,84.99964
2018-09-23 01:00:00,20.353607,17.736938,901.48334,2.5672736,233.25316,84.94337
2018-09-23 02:00:00,21.287384,17.967468,902.05475,2.6553338,231.40799,81.37282
2018-09-23 03:00:00,21.645142,17.987854,902.4423,3.006067,229.37962,79.71192
2018-09-23 04:00:00,21.922882,17.985535,902.58545,3.5557513,229.12642,78.35966
2018-09-23 05:00:00,23.19104,18.018341,902.37354,3.9901552,231.49174,72.70158
2018-09-23 06:00:00,23.76242,17.894012,901.91187,4.243657,234.03165,69.69213
2018-09-23 07:00:00,23.927765,17.917572,901.2377,4.414893,236.69241,69.10492
2018-09-23 08:00:00,24.584503,17.873138,900.49634,4.543504,240.23969,66.25136
2018-09-23 09:00:00,24.646729,17.777344,899.79126,4.5822678,243.31345,65.6085
2018-09-23 10:00:00,23.936218,18.12088,899.16486,4.3258963,255.97635,69.95808
2018-09-23 11:00:00,23.866608,18.114288,899.182,3.57348,258.29623,70.22238
2018-09-23 12:00:00,23.715454,18.194824,899.4418,2.6927915,258.92062,71.22312
2018-09-23 13:00:00,23.503448,18.173828,899.94354,2.1518762,250.04182,72.04365
2018-09-23 14:00:00,22.8703,18.231598,900.6141,1.8463866,235.1691,75.12575
2018-09-23 15:00:00,22.112213,18.082336,901.3276,1.8020185,220.8315,77.93297
2018-09-23 16:00:00,21.910248,17.983307,901.7053,1.9971675,211.26944,78.409096
2018-09-23 17:00:00,21.347961,17.881378,901.73737,2.282913,206.62543,80.633415
2018-09-23 18:00:00,21.073761,17.85083,901.3964,2.608802,207.24167,81.84373
2018-09-23 19:00:00,20.926178,17.761383,900.9567,2.8511138,210.69525,82.12548
2018-09-23 20:00:00,20.486511,17.629639,900.4682,2.9822886,214.65567,83.68178
2018-09-23 21:00:00,20.389618,17.622986,900.07806,3.0510368,219.08858,84.14832
2018-09-23 22:00:00,20.053406,17.445831,899.76874,2.5552273,239.36523,84.96033
2018-09-23 23:00:00,20.006592,17.491089,899.8145,2.3908591,239.472,85.45062
2018-09-24 00:00:00,20.288513,17.550781,900.08813,2.2683926,237.65668,84.29061
2018-09-24 01:00:00,20.341095,17.57257,900.56177,2.2374501,233.48401,84.13289
2018-09-24 02:00:00,21.356567,17.97049,901.159,2.4769483,228.85712,81.043884
2018-09-24 03:00:00,21.58554,17.871552,901.6175,3.2126515,228.38861,79.41989
2018-09-24 04:00:00,21.830017,17.865753,901.7291,3.9643867,231.89326,78.21354
2018-09-24 05:00:00,23.161957,17.921844,901.5756,4.5310373,234.39545,72.38893
2018-09-24 06:00:00,23.919617,17.83435,901.14764,5.0087137,236.52698,68.77767
2018-09-24 07:00:00,24.088837,17.874115,900.55725,5.4775906,239.1837,68.25269
2018-09-24 08:00:00,24.728516,17.805084,899.8275,5.89705,242.44746,65.402725
2018-09-24 09:00:00,24.872162,17.78479,899.1842,6.13105,245.79028,64.76137
2018-09-24 10:00:00,24.000153,17.87613,898.72076,5.6273823,252.73792,68.62584
2018-09-24 11:00:00,23.89862,17.874756,898.65094,4.8949723,251.7687,69.039856
2018-09-24 12:00:00,23.703094,17.919464,898.76276,4.217041,246.13318,70.05351
2018-09-24 13:00:00,23.492462,17.956604,899.17596,3.8626826,238.50505,71.11413
2018-09-24 14:00:00,22.758759,17.948395,899.84375,3.7292078,230.58418,74.30164
2018-09-24 15:00:00,21.962341,17.770416,900.52325,3.8351212,224.74937,77.120255
2018-09-24 16:00:00,21.75824,17.71585,900.9634,4.0946126,221.80963,77.819214
2018-09-24 17:00:00,21.203156,17.68277,901.0413,4.4707966,221.17484,80.34147
2018-09-24 18:00:00,20.987366,17.597595,900.77026,4.849408,223.35664,80.97706
2018-09-24 19:00:00,20.80191,17.543274,900.3125,5.188026,226.43552,81.62568
2018-09-24 20:00:00,20.253326,17.32727,899.856,5.3953204,230.8194,83.29042
2018-09-24 21:00:00,20.08786,17.278961,899.49005,5.4928937,235.5243,83.8904
2018-09-24 22:00:00,19.763763,17.072906,899.1928,4.9900723,246.32542,84.483154
2018-09-24 23:00:00,19.703888,17.054749,899.24023,4.8957815,248.64801,84.70012
2018-09-25 00:00:00,19.985657,17.171906,899.4772,4.725913,249.6901,83.85313
2018-09-25 01:00:00,20.002014,17.138275,899.9448,4.592569,249.2343,83.590195
2018-09-25 02:00:00,20.990173,17.428864,900.53204,4.66219,249.5307,80.10567
2018-09-25 03:00:00,21.296295,17.457245,901.05444,5.180003,250.99292,78.75565
2018-09-25 04:00:00,21.651642,17.546112,901.2662,5.6819973,253.24918,77.49417
2018-09-25 05:00:00,23.207214,17.744446,901.2512,6.1654716,254.39767,71.389595
2018-09-25 06:00:00,24.07666,17.708649,900.8385,6.6428256,255.98007,67.594696
2018-09-25 07:00:00,24.25885,17.733429,900.1021,7.0432134,258.4639,66.96435
2018-09-25 08:00:00,24.813599,17.56195,899.2394,7.3487144,261.66074,64.08187
2018-09-25 09:00:00,24.84137,17.505157,898.48016,7.4257035,264.8492,63.746895
2018-09-25 10:00:00,24.009674,17.56195,897.90405,6.972887,274.7698,67.24244
2018-09-25 11:00:00,23.96878,17.58612,897.79016,5.997071,276.40286,67.51067
2018-09-25 12:00:00,23.724823,17.611755,897.8693,4.799061,274.717,68.61927
2018-09-25 13:00:00,23.514282,17.651978,898.3119,4.0426073,270.7326,69.67155
2018-09-25 14:00:00,22.685547,17.648926,898.8999,3.5451782,265.52448,73.23832
2018-09-25 15:00:00,21.924377,17.583588,899.5309,3.3017693,258.55,76.394325
2018-09-25 16:00:00,21.707642,17.5159,899.86224,3.2668207,251.97493,77.08229
2018-09-25 17:00:00,21.143188,17.494324,899.9076,3.40986,247.60211,79.68506
2018-09-25 18:00:00,20.869598,17.367035,899.6503,3.6419337,246.10359,80.38716
2018-09-25 19:00:00,20.72461,17.308594,899.2421,3.868992,246.7673,80.808655
2018-09-25 20:00:00,20.13559,17.11853,898.82635,4.0130706,248.09607,82.798645
2018-09-25 21:00:00,19.91571,16.947723,898.5354,4.056757,250.74191,83.03016
2018-09-25 22:00:00,19.562012,16.836609,898.4023,3.9454136,259.80762,84.276306
2018-09-25 23:00:00,19.506561,16.814453,898.40125,3.8007348,260.86063,84.448395
2018-09-26 00:00:00,19.765411,16.883179,898.6697,3.5850897,261.67026,83.46516
2018-09-26 01:00:00,19.809723,16.916718,899.16296,3.4090781,260.7523,83.413284
2018-09-26 02:00:00,20.704865,17.147522,899.8926,3.3602126,258.80133,80.08707
2018-09-26 03:00:00,21.179382,17.326233,900.454,3.563875,258.45242,78.66877
2018-09-26 04:00:00,21.651855,17.378784,900.656,3.8558607,258.739,76.67898
2018-09-26 05:00:00,23.272675,17.56781,900.4799,4.194632,258.64594,70.3206
2018-09-26 06:00:00,24.103088,17.38269,900.0734,4.6758456,258.10574,66.11404
2018-09-26 07:00:00,24.429504,17.479828,899.4109,5.1884847,259.31396,65.23169
2018-09-26 08:00:00,25.077026,17.190582,898.6834,5.52291,261.29047,61.62032
2018-09-26 09:00:00,25.135803,17.062836,898.0058,5.621108,263.42548,60.9105
2018-09-26 10:00:00,24.212524,17.084747,897.5405,5.7286425,276.37347,64.4555
2018-09-26 11:00:00,24.09851,17.0448,897.5521,4.880923,278.57254,64.734
2018-09-26 12:00:00,23.837982,17.088562,897.745,3.8475988,277.42395,65.93774
2018-09-26 13:00:00,23.555298,17.212738,898.2547,3.2588341,276.329,67.598595
2018-09-26 14:00:00,22.782318,17.293549,898.9274,2.6836853,272.69925,71.19478
2018-09-26 15:00:00,21.837097,17.15689,899.5538,2.2977374,265.35913,74.75993
2018-09-26 16:00:00,21.575378,17.082703,899.9252,2.156483,254.40108,75.609505
2018-09-26 17:00:00,20.868134,16.95401,899.97955,2.2534776,245.17166,78.320786
2018-09-26 18:00:00,20.568634,16.874268,899.8117,2.485506,241.48569,79.37627
2018-09-26 19:00:00,20.412292,16.830048,899.47986,2.7167282,242.07454,79.920944
2018-09-26 20:00:00,19.817535,16.565552,899.11664,2.8613865,244.93794,81.53511
2018-09-26 21:00:00,19.54483,16.43219,898.8157,2.9234772,248.66586,82.22647
2018-09-26 22:00:00,19.144165,16.32251,898.6315,2.900635,261.77075,83.7156
2018-09-26 23:00:00,19.00708,16.259003,898.71564,2.5888,261.61353,84.09331
2018-09-27 00:00:00,19.329193,16.302551,898.9925,2.2777584,258.49368,82.65145
2018-09-27 01:00:00,19.340057,16.25357,899.5499,1.9883219,254.70934,82.338295
2018-09-27 02:00:00,20.523315,16.637299,900.27563,1.8383808,248.24997,78.41017
2018-09-27 03:00:00,20.960236,16.829498,900.8039,1.9569695,241.04588,77.26617
2018-09-27 04:00:00,21.478302,17.03476,900.9547,2.2655551,237.17546,75.82948
2018-09-27 05:00:00,23.249847,17.186584,900.7757,2.7579942,237.9003,68.74223
2018-09-27 06:00:00,24.181274,16.965393,900.3169,3.3904047,242.40054,64.09012
2018-09-27 07:00:00,24.451569,17.090942,899.6588,3.913181,247.06616,63.563774
2018-09-27 08:00:00,25.043365,16.801514,898.9216,4.226692,252.6684,60.240864
2018-09-27 09:00:00,25.06836,16.716003,898.2578,4.291495,257.70316,59.825634
2018-09-27 10:00:00,24.22232,16.857422,897.9213,4.2646995,266.03766,63.49646
2018-09-27 11:00:00,24.111786,16.823212,897.9456,3.6329036,268.55957,63.78038
2018-09-27 12:00:00,23.928375,16.931946,898.2399,2.900117,267.47125,64.933
2018-09-27 13:00:00,23.696228,16.970825,898.76373,2.5607128,264.43182,66.00854
2018-09-27 14:00:00,22.72647,17.035797,899.4645,2.180564,258.23248,70.2808
2018-09-27 15:00:00,21.700653,16.7529,900.1609,2.0193434,250.70953,73.480255
2018-09-27 16:00:00,21.524261,16.812927,900.609,2.0308516,242.90085,74.5607
2018-09-27 17:00:00,20.839203,16.845154,900.74335,2.2237935,239.34784,77.9207
2018-09-27 18:00:00,20.482422,16.732391,900.462,2.4416127,239.77206,79.08429
2018-09-27 19:00:00,20.269897,16.680481,900.00745,2.6037755,244.1157,79.86506
2018-09-27 20:00:00,19.621918,16.424744,899.53357,2.6913397,250.35532,81.79498
2018-09-27 21:00:00,19.416077,16.329865,899.2539,2.7360446,257.23172,82.34904
2018-09-27 22:00:00,19.138763,16.25595,899.2377,3.0101123,272.45825,83.389496
2018-09-27 23:00:00,18.995087,16.160889,899.3155,2.9218383,275.28467,83.63168
2018-09-28 00:00:00,19.355042,16.271881,899.56274,2.7855475,279.7493,82.35756
2018-09-28 01:00:00,19.414917,16.275208,900.0404,2.5473387,283.63638,82.0688
2018-09-28 02:00:00,20.663788,16.520325,900.63,2.298946,285.58432,77.158554
2018-09-28 03:00:00,21.115509,16.748566,901.13446,2.1515834,280.30133,76.14073
2018-09-28 04:00:00,21.690216,16.98822,901.31244,2.1882997,274.89447,74.63253
2018-09-28 05:00:00,23.469788,17.013428,901.19586,2.4545496,269.34167,67.09624
2018-09-28 06:00:00,24.44925,16.85199,900.7277,2.9662163,267.37778,62.617344
2018-09-28 07:00:00,24.630798,16.880646,900.06476,3.501131,268.4948,62.053543
2018-09-28 08:00:00,25.253693,16.536255,899.29456,3.9335139,272.04688,58.49716
2018-09-28 09:00:00,25.216156,16.470367,898.62976,4.1977043,276.55356,58.38287
2018-09-28 10:00:00,24.385834,16.983002,898.1731,3.8428955,282.51892,63.37974
2018-09-28 11:00:00,24.219482,16.961243,898.1202,3.4579859,287.6211,63.926594
2018-09-28 12:00:00,23.862305,16.81131,898.42206,2.8860517,290.45917,64.69463
2018-09-28 13:00:00,23.669342,16.933228,898.9255,2.3906379,293.13895,65.95817
2018-09-28 14:00:00,22.780487,17.053253,899.61163,1.8262783,293.7099,70.12848
2018-09-28 15:00:00,21.790558,16.842987,900.2536,1.3807005,290.0766,73.49661
2018-09-28 16:00:00,21.567352,16.851624,900.6384,1.1078836,278.5398,74.54711
2018-09-28 17:00:00,20.85788,16.780243,900.6291,1.0757245,262.96896,77.511375
2018-09-28 18:00:00,20.533997,16.61145,900.34564,1.2659985,254.51031,78.22998
2018-09-28 19:00:00,20.322784,16.513672,899.93915,1.5217003,253.96289,78.76526
2018-09-28 20:00:00,19.718567,16.322906,899.5245,1.7769687,261.9898,80.780426
2018-09-28 21:00:00,19.504852,16.252136,899.22217,1.9552655,270.64655,81.49141
2018-09-28 22:00:00,19.159607,16.05185,899.2775,1.862662,291.98175,82.20447
2018-09-28 23:00:00,19.060852,15.977081,899.39197,1.8647362,295.97607,82.318245
2018-09-29 00:00:00,19.51059,16.123108,899.789,1.879803,301.56476,80.79508
2018-09-29 01:00:00,19.589905,16.133759,900.3768,1.8358613,308.58417,80.452576
2018-09-29 02:00:00,20.741486,16.42868,900.9732,1.8189484,313.81393,76.34393
2018-09-29 03:00:00,21.10962,16.538239,901.3945,1.8171575,313.91968,75.1574
2018-09-29 04:00:00,21.63321,16.696991,901.58057,1.9215261,311.40387,73.52242
2018-09-29 05:00:00,23.40686,16.775208,901.386,2.2360413,306.60187,66.34186
2018-09-29 06:00:00,24.38855,16.628204,900.8937,2.7613952,301.62024,61.958958
2018-09-29 07:00:00,24.61435,16.670593,900.1774,3.4200234,299.654,61.29217
2018-09-29 08:00:00,25.230225,16.393524,899.43524,4.0591145,300.335,58.04948
2018-09-29 09:00:00,25.320496,16.2742,898.7993,4.486827,303.5524,57.301514
2018-09-29 10:00:00,24.342285,16.599823,898.37036,4.238589,304.45612,62.01898
2018-09-29 11:00:00,24.209991,16.564362,898.4191,3.7976604,311.51715,62.372063
2018-09-29 12:00:00,24.00647,16.718567,898.7433,3.2817066,317.07996,63.760162
2018-09-29 13:00:00,23.779388,16.652802,899.286,2.9459157,322.16187,64.36719
2018-09-29 14:00:00,22.836395,16.873718,899.9213,2.5737946,329.30624,69.10066
2018-09-29 15:00:00,21.75885,16.614258,900.5491,2.270882,334.5808,72.57763
2018-09-29 16:00:00,21.555511,16.602478,900.87555,1.9288442,337.24942,73.43055
2018-09-29 17:00:00,20.784302,16.529144,900.85065,1.6694012,334.58514,76.63109
2018-09-29 18:00:00,20.540619,16.496094,900.5735,1.5272639,325.9464,77.62677
2018-09-29 19:00:00,20.318481,16.460052,900.23444,1.5589014,316.13074,78.517975
2018-09-29 20:00:00,19.61969,16.205078,899.88904,1.7060899,312.26746,80.669876
2018-09-29 21:00:00,19.407745,16.103333,899.5475,1.8697208,312.90787,81.21078
2018-09-29 22:00:00,18.998444,15.853973,899.42944,1.985869,314.38776,81.99196
2018-09-29 23:00:00,18.91214,15.828522,899.4858,2.1242776,316.84543,82.30075
2018-09-30 00:00:00,19.311615,15.969421,899.7685,2.190566,321.234,81.002716
2018-09-30 01:00:00,19.433105,16.018066,900.2966,2.1748264,327.0264,80.642876
2018-09-30 02:00:00,20.642456,16.339111,900.83307,2.1119003,332.89148,76.37432
2018-09-30 03:00:00,21.101929,16.45401,901.2584,2.0052838,335.01178,74.791214
2018-09-30 04:00:00,21.660522,16.557343,901.3388,1.9872541,332.42697,72.75143
2018-09-30 05:00:00,23.557007,16.624634,901.0301,2.1548493,324.12466,65.11834
2018-09-30 06:00:00,24.440979,16.366089,900.3741,2.5972116,314.29892,60.743755
2018-09-30 07:00:00,24.620056,16.388428,899.58307,3.1394293,309.2045,60.181892
2018-09-30 08:00:00,25.353973,16.01297,898.75006,3.609716,307.4265,56.24283
2018-09-30 09:00:00,25.457367,15.92865,898.0549,3.8508825,308.72803,55.598087
2018-09-30 10:00:00,24.524414,16.313416,897.51807,3.717559,316.16635,60.238804
2018-09-30 11:00:00,24.42456,16.25476,897.63226,3.0661287,325.1098,60.373924
2018-09-30 12:00:00,24.210815,16.397736,898.0058,2.3245378,333.24292,61.71151
2018-09-30 13:00:00,23.898773,16.398956,898.58344,1.7107779,341.36224,62.88356
2018-09-30 14:00:00,22.851715,16.549164,899.22046,1.2172124,354.57352,67.62857
2018-09-30 15:00:00,21.842102,16.45047,899.75,0.78820044,11.244476,71.46153
2018-09-30 16:00:00,21.598328,16.389435,900.0281,0.39089066,48.74051,72.252884
2018-09-30 17:00:00,20.754486,16.29309,900.03186,0.33073255,132.13086,75.62726
2018-09-30 18:00:00,20.532318,16.30362,899.77167,0.62813663,175.07458,76.720955
2018-09-30 19:00:00,20.282135,16.210815,899.47766,0.90590125,194.61974,77.45549
2018-09-30 20:00:00,19.503204,15.98053,899.17505,1.0837603,204.1661,80.100075
2018-09-30 21:00:00,19.355316,16.005249,898.9534,1.0694636,213.06316,80.96773
2018-09-30 22:00:00,18.885895,15.653992,898.8868,0.8951812,254.26852,81.52055
2018-09-30 23:00:00,18.795197,15.593903,898.96954,0.74573314,251.06749,81.66887
