timestamp,temperature_C,dewpoint_C,pressure_hPa,wind_speed_kmh,wind_direction_deg,relative_humidity_pct
2021-10-01 00:00:00,20.334991,17.373413,899.4431,0.82526314,193.09312,83.11326
2021-10-01 01:00:00,20.456085,17.422668,900.0145,0.8233872,161.37073,82.75135
2021-10-01 02:00:00,21.92218,17.766174,900.62244,1.1475539,146.10031,77.2888
2021-10-01 03:00:00,22.486847,17.753876,901.07007,1.5907793,151.34717,74.61895
2021-10-01 04:00:00,22.843536,17.854553,901.1674,1.968145,159.51154,73.48571
2021-10-01 05:00:00,24.473816,18.038055,900.9518,2.2517617,169.53577,67.38678
2021-10-01 06:00:00,25.135345,17.929688,900.3846,2.4237115,181.23196,64.33712
2021-10-01 07:00:00,25.270172,17.804321,899.60486,2.61743,192.03337,63.32128
2021-10-01 08:00:00,25.805573,17.755249,898.68976,2.7673995,200.31235,61.150463
2021-10-01 09:00:00,25.819122,17.737701,897.98315,2.9556873,204.63565,61.033863
2021-10-01 10:00:00,24.587006,17.820099,897.5386,3.3702345,226.61829,66.0207
2021-10-01 11:00:00,24.443024,17.945923,897.58325,3.0569997,218.81314,67.12125
2021-10-01 12:00:00,24.203796,18.112213,897.95734,3.1684384,206.73532,68.80573
2021-10-01 13:00:00,23.973145,18.214996,898.49927,3.321469,197.63055,70.2167
2021-10-01 14:00:00,23.154144,18.309387,899.2057,3.5503144,191.5811,74.20759
2021-10-01 15:00:00,22.354279,18.149841,899.8515,3.7829351,188.47766,77.119316
2021-10-01 16:00:00,22.161072,18.127045,900.2199,4.0429416,187.14764,77.91984
2021-10-01 17:00:00,21.615417,17.960632,900.23083,4.2812185,188.33302,79.72035
2021-10-01 18:00:00,21.425385,17.930328,899.9892,4.366424,191.29854,80.499374
2021-10-01 19:00:00,21.27884,17.918182,899.5927,4.313215,195.2939,81.16348
2021-10-01 20:00:00,20.83728,17.766998,899.09454,4.132161,198.9718,82.60486
2021-10-01 21:00:00,20.776123,17.761719,898.68756,3.883615,202.32352,82.888756
2021-10-01 22:00:00,20.344574,17.561676,898.30237,3.7976155,223.71864,84.05703
2021-10-01 23:00:00,20.292938,17.556,898.40717,3.4714246,222.24562,84.29533
2021-10-02 00:00:00,20.531738,17.6604,898.7128,3.1551723,219.85648,83.61068
2021-10-02 01:00:00,20.645844,17.740265,899.1936,2.9351492,215.75714,83.443565
2021-10-02 02:00:00,21.753662,17.92044,899.71063,3.0503256,213.19225,78.849976
2021-10-02 03:00:00,22.213776,17.980194,900.2213,3.5954607,216.09352,76.956764
2021-10-02 04:00:00,22.479614,17.919983,900.423,4.0878596,221.88426,75.43633
2021-10-02 05:00:00,23.981964,18.220154,900.322,4.366378,226.40688,70.20224
2021-10-02 06:00:00,24.56247,18.156616,899.79913,4.619147,230.48274,67.53138
2021-10-02 07:00:00,24.688171,18.11267,899.0153,4.8611007,234.04361,66.841
2021-10-02 08:00:00,25.065735,18.169617,898.1054,5.015215,238.16696,65.5859
2021-10-02 09:00:00,25.115112,18.141937,897.3643,4.9483404,240.76527,65.27966
2021-10-02 10:00:00,24.136627,17.821869,896.8851,5.615157,259.41592,67.83379
2021-10-02 11:00:00,23.971497,17.930511,896.9992,4.5203023,261.4786,68.97966
2021-10-02 12:00:00,23.742096,18.051819,897.32526,3.4293764,256.24652,70.47323
2021-10-02 13:00:00,23.575317,18.172913,897.8089,2.6585064,246.25562,71.728096
2021-10-02 14:00:00,22.85382,18.195343,898.421,2.245355,234.00522,75.029884
2021-10-02 15:00:00,22.142975,18.13623,898.9813,2.1075838,221.85095,78.05082
2021-10-02 16:00:00,22.021729,18.168304,899.2766,2.1938543,213.85486,78.788155
2021-10-02 17:00:00,21.442474,18.076233,899.2063,2.3875546,209.5006,81.15611
2021-10-02 18:00:00,21.291565,18.038666,899.0034,2.5880928,208.95972,81.71687
2021-10-02 19:00:00,21.139648,17.947845,898.64,2.7545483,210.18532,82.01235
2021-10-02 20:00:00,20.642303,17.731842,898.22766,2.8687043,213.252,83.417496
2021-10-02 21:00:00,20.535614,17.701141,897.87024,2.9554296,215.68741,83.80558
2021-10-02 22:00:00,20.213043,17.544708,897.5201,3.4002423,233.81181,84.65221
2021-10-02 23:00:00,20.16742,17.539825,897.55237,3.3671694,231.39793,84.86514
2021-10-03 00:00:00,20.429565,17.619843,897.9313,3.3594255,228.08093,83.92444
2021-10-03 01:00:00,20.530823,17.66919,898.4405,3.4468915,222.99373,83.66171
2021-10-03 02:00:00,21.492126,17.93396,899.03564,3.7531416,219.5076,80.1894
2021-10-03 03:00:00,22.043518,17.89795,899.5305,4.4231462,221.96716,77.35796
2021-10-03 04:00:00,22.339783,17.886505,899.69415,5.0527554,226.22754,75.920235
2021-10-03 05:00:00,23.718384,18.050415,899.5105,5.7124653,230.2233,70.56766
2021-10-03 06:00:00,24.334381,17.971222,898.8933,6.3737173,234.18784,67.667
2021-10-03 07:00:00,24.505768,17.884918,898.05743,6.905847,237.71503,66.61352
2021-10-03 08:00:00,25.052002,17.821838,897.15436,7.2920885,241.09991,64.220085
2021-10-03 09:00:00,25.069092,17.64389,896.51056,7.3751073,243.99396,63.4396
2021-10-03 10:00:00,24.038574,17.656372,896.17847,7.5570683,247.13916,67.52664
2021-10-03 11:00:00,23.880829,17.734375,896.1857,6.460466,247.73138,68.505615
2021-10-03 12:00:00,23.657104,17.885895,896.4034,5.4126825,244.27759,70.099556
2021-10-03 13:00:00,23.493225,18.00824,896.9232,4.7232256,240.47754,71.34209
2021-10-03 14:00:00,22.707092,17.970825,897.675,4.284717,236.85808,74.640015
2021-10-03 15:00:00,22.02655,17.93991,898.29944,3.9989586,233.14886,77.64267
2021-10-03 16:00:00,21.876556,17.940643,898.59845,3.9352825,228.86273,78.35998
2021-10-03 17:00:00,21.311584,17.832397,898.6018,3.993687,226.82489,80.56468
2021-10-03 18:00:00,21.089996,17.805908,898.35345,4.0785484,227.59746,81.5313
2021-10-03 19:00:00,20.885315,17.723145,898.0318,4.1131773,229.5058,82.13401
2021-10-03 20:00:00,20.396118,17.54068,897.61304,4.065384,232.59825,83.679054
2021-10-03 21:00:00,20.2034,17.451782,897.33014,3.9167135,234.8373,84.20741
2021-10-03 22:00:00,19.80664,17.290771,896.9928,4.262256,240.5081,85.42811
2021-10-03 23:00:00,19.759125,17.32254,897.07025,4.0393496,237.4722,85.852394
2021-10-04 00:00:00,20.03955,17.440979,897.44446,3.821886,234.81,85.00716
2021-10-04 01:00:00,20.13858,17.493317,897.95593,3.6354806,230.25822,84.76751
2021-10-04 02:00:00,21.147308,17.749939,898.5552,3.7104855,224.5325,80.95913
2021-10-04 03:00:00,21.557343,17.651947,899.0221,4.2839684,223.87216,78.46432
2021-10-04 04:00:00,21.851624,17.55191,899.19244,4.7049937,225.30219,76.58113
2021-10-04 05:00:00,23.346008,17.707123,898.9695,5.117313,227.50085,70.62742
2021-10-04 06:00:00,24.022095,17.636139,898.32587,5.5682225,230.12558,67.50734
2021-10-04 07:00:00,24.128693,17.56897,897.50275,6.00806,232.99284,66.79321
2021-10-04 08:00:00,24.731659,17.595795,896.7109,6.404343,235.34229,64.533844
2021-10-04 09:00:00,24.73581,17.477966,896.17633,6.57291,237.03499,64.040054
2021-10-04 10:00:00,23.85733,17.469574,895.7265,6.5125623,245.91771,67.46654
2021-10-04 11:00:00,23.715088,17.534943,895.8152,5.852447,246.1954,68.32766
2021-10-04 12:00:00,23.515839,17.629425,896.1682,5.1137424,241.59804,69.56605
2021-10-04 13:00:00,23.29425,17.749023,896.7805,4.707172,235.50082,71.03573
2021-10-04 14:00:00,22.46875,17.67215,897.6314,4.4045177,229.70154,74.3174
2021-10-04 15:00:00,21.884186,17.68097,898.35913,4.2843127,224.23933,77.05352
2021-10-04 16:00:00,21.722137,17.693634,898.7955,4.3171945,219.71935,77.88198
2021-10-04 17:00:00,21.054382,17.522095,898.84106,4.463048,217.37527,80.261215
2021-10-04 18:00:00,20.840424,17.470825,898.6612,4.572761,218.10909,81.061066
2021-10-04 19:00:00,20.709412,17.48471,898.3337,4.61873,220.16716,81.78896
2021-10-04 20:00:00,20.255737,17.395447,897.9327,4.5202065,222.82146,83.63744
2021-10-04 21:00:00,20.101685,17.359985,897.6411,4.286354,225.16064,84.24894
2021-10-04 22:00:00,19.700226,17.077576,897.35913,4.537159,232.83092,84.8419
2021-10-04 23:00:00,19.621094,17.051056,897.50256,4.0973077,234.43942,85.11659
2021-10-05 00:00:00,19.856812,17.136932,897.85736,3.6940215,234.6533,84.33826
2021-10-05 01:00:00,19.901276,17.147675,898.4779,3.3220062,232.23282,84.16341
2021-10-05 02:00:00,20.983002,17.459503,899.2188,3.1766293,229.89146,80.29617
2021-10-05 03:00:00,21.399689,17.326904,899.85846,3.3753734,229.66476,77.61668
2021-10-05 04:00:00,21.74524,17.257874,900.2338,3.5543005,231.74298,75.662254
2021-10-05 05:00:00,23.213196,17.438232,900.15735,3.8050644,233.56505,69.99901
2021-10-05 06:00:00,23.898956,17.427826,899.69867,4.1562033,237.16878,67.120766
2021-10-05 07:00:00,24.039886,17.379364,898.92615,4.5253077,241.83455,66.35143
2021-10-05 08:00:00,24.610352,17.292206,898.1523,4.8043866,245.9772,63.769424
2021-10-05 09:00:00,24.630249,17.242218,897.48083,4.848715,249.57178,63.49265
2021-10-05 10:00:00,23.629425,17.275726,897.21814,5.040389,256.43906,67.56591
2021-10-05 11:00:00,23.507965,17.334045,897.34625,4.302936,259.04922,68.313614
2021-10-05 12:00:00,23.270172,17.449951,897.7032,3.70529,256.95932,69.81012
2021-10-05 13:00:00,23.017273,17.578613,898.2436,3.217089,254.1095,71.46346
2021-10-05 14:00:00,22.333008,17.545105,899.0146,2.9499857,248.5458,74.33541
2021-10-05 15:00:00,21.635681,17.479584,899.70197,2.846305,243.26569,77.24488
2021-10-05 16:00:00,21.50772,17.523468,900.1268,2.9056625,237.48624,78.067856
2021-10-05 17:00:00,20.890472,17.459412,900.156,3.1025875,235.43066,80.75372
2021-10-05 18:00:00,20.675995,17.368439,899.8914,3.3822658,236.45358,81.358
2021-10-05 19:00:00,20.554718,17.373566,899.4214,3.5869443,239.73352,81.994835
2021-10-05 20:00:00,20.04712,17.161896,898.87506,3.7031093,244.79932,83.48182
2021-10-05 21:00:00,19.9534,17.177917,898.45667,3.712113,250.26895,84.05278
2021-10-05 22:00:00,19.576355,16.871948,898.2821,4.281327,258.17966,84.39018
2021-10-05 23:00:00,19.518555,16.89389,898.34796,4.1214476,261.99173,84.81165
2021-10-06 00:00:00,19.799194,16.969604,898.5875,3.9225655,264.95233,83.74799
2021-10-06 01:00:00,19.873627,17.021515,899.0704,3.6116402,265.7308,83.63706
2021-10-06 02:00:00,21.072632,17.359009,899.62494,3.3301451,265.2566,79.350105
2021-10-06 03:00:00,21.751343,17.382019,900.0835,3.3747985,261.49255,76.22973
2021-10-06 04:00:00,22.21756,17.324127,900.2484,3.6312504,259.60254,73.82231
2021-10-06 05:00:00,23.743683,17.476807,900.0186,4.095794,259.37256,67.960396
2021-10-06 06:00:00,24.419159,17.389069,899.3285,4.785538,261.15042,64.89916
2021-10-06 07:00:00,24.590027,17.323608,898.4075,5.459779,263.32117,63.973827
2021-10-06 08:00:00,25.279266,17.207092,897.5,5.9781666,265.52032,60.946377
2021-10-06 09:00:00,25.323029,17.06601,896.85345,6.2544527,267.40683,60.24762
2021-10-06 10:00:00,24.223206,16.975128,896.3499,6.7392073,267.589,63.96857
2021-10-06 11:00:00,24.118225,17.052063,896.3755,6.027615,268.58517,64.68719
2021-10-06 12:00:00,23.868683,17.245209,896.65717,5.450053,266.2254,66.47163
2021-10-06 13:00:00,23.63919,17.35965,897.15424,5.0665092,263.89178,67.88525
2021-10-06 14:00:00,22.807281,17.354736,897.8226,4.802422,261.18945,71.36253
2021-10-06 15:00:00,21.930481,17.165161,898.411,4.6957746,257.63037,74.37397
2021-10-06 16:00:00,21.763306,17.1557,898.6386,4.7946663,253.58878,75.09198
2021-10-06 17:00:00,21.035034,16.98941,898.6379,5.014454,250.49213,77.69547
2021-10-06 18:00:00,20.811432,16.938354,898.41016,5.268107,249.33035,78.51652
2021-10-06 19:00:00,20.691864,16.886658,898.104,5.444015,250.42377,78.83779
2021-10-06 20:00:00,20.152283,16.705872,897.6929,5.5444965,252.24432,80.5776
2021-10-06 21:00:00,20.025879,16.664215,897.37054,5.607758,253.81778,80.99568
2021-10-06 22:00:00,19.639008,16.482147,897.2857,5.8216143,257.28467,82.00715
2021-10-06 23:00:00,19.5495,16.46408,897.41565,5.614988,258.46808,82.36953
2021-10-07 00:00:00,19.80133,16.559723,897.7248,5.3873463,258.91705,81.586815
2021-10-07 01:00:00,19.863464,16.578705,898.22375,5.126073,257.93625,81.37129
2021-10-07 02:00:00,21.25296,16.924011,898.7816,4.8982244,255.53488,76.346176
2021-10-07 03:00:00,21.85907,16.963013,899.22626,5.088977,251.92418,73.74882
2021-10-07 04:00:00,22.258759,16.871216,899.35974,5.577506,250.09973,71.55628
2021-10-07 05:00:00,24.161896,17.095123,899.1039,6.1994886,249.92232,64.69402
2021-10-07 06:00:00,24.937317,16.985931,898.5057,6.9805517,251.08807,61.335938
2021-10-07 07:00:00,25.059174,16.792969,897.7193,7.7726245,252.79108,60.151512
2021-10-07 08:00:00,25.731995,16.457672,896.9043,8.470121,254.53973,56.575043
2021-10-07 09:00:00,25.830872,16.27066,896.2291,8.849749,256.21515,55.578815
2021-10-07 10:00:00,24.671295,16.61325,895.68945,8.837127,256.39905,60.861767
2021-10-07 11:00:00,24.53357,16.693848,895.6515,7.937039,255.11368,61.68004
2021-10-07 12:00:00,24.279419,16.859558,895.8959,7.187406,252.28981,63.28802
2021-10-07 13:00:00,24.0466,17.057953,896.33044,6.7062397,249.25983,64.990166
2021-10-07 14:00:00,23.110504,17.066345,896.8894,6.4825788,246.1893,68.798134
2021-10-07 15:00:00,22.074524,16.875519,897.39136,6.497515,242.84042,72.38343
2021-10-07 16:00:00,21.901642,16.891571,897.7128,6.665399,239.93973,73.22511
2021-10-07 17:00:00,21.248993,16.744446,897.78406,6.9549866,237.6102,75.49993
2021-10-07 18:00:00,20.967712,16.675446,897.606,7.238451,236.88283,76.47922
2021-10-07 19:00:00,20.845337,16.674591,897.2955,7.4804153,236.93823,77.05268
2021-10-07 20:00:00,20.206116,16.455963,896.90533,7.6434355,237.65662,79.04443
2021-10-07 21:00:00,20.013367,16.387726,896.6367,7.725632,238.73468,79.64597
2021-10-07 22:00:00,19.587097,16.154144,896.4257,8.267712,242.49625,80.57127
2021-10-07 23:00:00,19.50122,16.142395,896.53735,8.087695,242.72096,80.94161
2021-10-08 00:00:00,19.753723,16.251953,896.9045,7.9661984,242.36711,80.241
2021-10-08 01:00:00,19.804688,16.292511,897.438,7.8201942,241.28183,80.19471
2021-10-08 02:00:00,21.155792,16.614319,898.03467,7.7503633,239.91681,75.30797
2021-10-08 03:00:00,21.795471,16.63089,898.5418,7.9984803,239.87827,72.49201
2021-10-08 04:00:00,22.236755,16.60498,898.7447,8.556982,240.68793,70.451485
2021-10-08 05:00:00,24.120575,16.65384,898.64233,9.169767,241.88258,63.065086
2021-10-08 06:00:00,24.860138,16.556274,898.1665,9.845433,243.56229,59.96167
2021-10-08 07:00:00,25.065186,16.515076,897.4827,10.469951,245.74953,59.07793
2021-10-08 08:00:00,25.579712,16.40561,896.7672,10.946876,247.77979,56.89973
2021-10-08 09:00:00,25.578583,16.310944,896.21295,11.091449,249.61105,56.561653
2021-10-08 10:00:00,24.361603,16.467102,895.7374,11.170696,253.48062,61.426765
2021-10-08 11:00:00,24.252838,16.569641,895.7889,10.120513,252.37155,62.232918
2021-10-08 12:00:00,24.056763,16.805573,896.06177,9.154102,250.17308,63.91983
2021-10-08 13:00:00,23.75415,16.838745,896.55115,8.471365,248.10535,65.23033
2021-10-08 14:00:00,22.858887,16.949524,897.14197,8.068386,245.59427,69.338936
2021-10-08 15:00:00,21.774902,16.744385,897.65405,7.88119,242.98589,73.10813
2021-10-08 16:00:00,21.60379,16.771332,897.9524,7.8950343,240.80554,74.00322
2021-10-08 17:00:00,20.879944,16.619537,898.06024,8.031078,239.29642,76.62042
2021-10-08 18:00:00,20.690887,16.627228,897.9221,8.253982,238.88956,77.55501
2021-10-08 19:00:00,20.580261,16.648102,897.67096,8.45284,239.51154,78.18902
2021-10-08 20:00:00,19.935486,16.491577,897.3601,8.569618,240.76987,80.56152
2021-10-08 21:00:00,19.776093,16.474915,897.10876,8.562365,242.58435,81.27518
2021-10-08 22:00:00,19.383148,16.240845,896.9146,8.771484,246.72646,82.05129
2021-10-08 23:00:00,19.308289,16.247345,897.1038,8.535549,247.64642,82.4685
2021-10-09 00:00:00,19.540192,16.381104,897.4084,8.283861,247.93883,81.98322
2021-10-09 01:00:00,19.550354,16.396362,898.00055,8.01913,247.59602,82.01107
2021-10-09 02:00:00,20.80017,16.724823,898.58325,7.7747254,246.84041,77.51391
2021-10-09 03:00:00,21.330597,16.658936,899.1171,7.8032393,246.46548,74.71639
2021-10-09 04:00:00,21.732056,16.625702,899.32135,8.130977,247.08228,72.7494
2021-10-09 05:00:00,23.527008,16.853027,899.20294,8.646933,248.03116,66.18883
2021-10-09 06:00:00,24.304504,16.741241,898.75916,9.250267,249.4679,62.720345
2021-10-09 07:00:00,24.496582,16.62613,898.1186,9.886753,251.40634,61.551388
2021-10-09 08:00:00,25.148682,16.470825,897.4138,10.410927,253.77339,58.619595
2021-10-09 09:00:00,25.164734,16.367554,896.8462,10.591989,256.01843,58.180016
2021-10-09 10:00:00,24.036957,16.434662,896.399,10.057763,256.7034,62.505478
2021-10-09 11:00:00,23.933563,16.480927,896.53033,9.2669525,256.9578,63.080303
2021-10-09 12:00:00,23.69226,16.617859,896.83374,8.516451,255.0508,64.56216
2021-10-09 13:00:00,23.382965,16.740326,897.24915,7.9866285,253.14984,66.29068
2021-10-09 14:00:00,22.495636,16.742188,897.88495,7.696126,250.91344,69.958
2021-10-09 15:00:00,21.491364,16.646118,898.449,7.6598997,248.57709,73.92405
2021-10-09 16:00:00,21.285797,16.670685,898.8116,7.7791877,246.48935,74.97778
2021-10-09 17:00:00,20.625488,16.51947,898.7802,7.978861,245.30553,77.33662
2021-10-09 18:00:00,20.382935,16.493622,898.54095,8.232143,245.09337,78.37327
2021-10-09 19:00:00,20.267303,16.493927,898.22516,8.4286585,246.07518,78.9365
2021-10-09 20:00:00,19.739258,16.31897,897.9188,8.478446,248.03064,80.656586
2021-10-09 21:00:00,19.569489,16.271027,897.6504,8.372472,250.59859,81.26254
2021-10-09 22:00:00,19.238678,16.017242,897.4087,7.963479,251.70554,81.620125
2021-10-09 23:00:00,19.179504,16.044983,897.4665,7.813945,254.10321,82.06668
2021-10-10 00:00:00,19.425018,16.194,897.7243,7.5483074,256.19278,81.59396
2021-10-10 01:00:00,19.498749,16.220917,898.2131,7.249023,256.96613,81.3603
2021-10-10 02:00:00,20.793396,16.512482,898.7464,7.0799336,257.2126,76.50711
2021-10-10 03:00:00,21.234558,16.427216,899.15814,7.2539554,256.6835,74.05862
2021-10-10 04:00:00,21.670166,16.392303,899.2866,7.638528,256.00757,71.94932
2021-10-10 05:00:00,23.577637,16.607147,899.10016,8.155382,256.4546,64.9652
2021-10-10 06:00:00,24.398102,16.523499,898.57117,8.780378,257.34412,61.512844
2021-10-10 07:00:00,24.63742,16.423126,897.8233,9.384104,258.69928,60.252346
2021-10-10 08:00:00,25.40625,16.222687,897.0236,9.793742,260.14423,56.82326
2021-10-10 09:00:00,25.411102,16.035889,896.39056,9.877565,261.4156,56.134193
2021-10-10 10:00:00,24.13974,16.342957,895.85,8.870259,263.18137,61.759495
2021-10-10 11:00:00,23.939575,16.377808,895.87103,8.069134,261.9624,62.64516
2021-10-10 12:00:00,23.63733,16.536102,896.0831,7.3718734,259.50784,64.44037
2021-10-10 13:00:00,23.309143,16.58432,896.50195,6.828232,256.2426,65.93024
2021-10-10 14:00:00,22.4216,16.62796,897.1493,6.6145234,252.44844,69.765564
2021-10-10 15:00:00,21.473663,16.373901,897.70593,6.6124034,249.00119,72.73425
2021-10-10 16:00:00,21.32727,16.335327,898.00104,6.775927,246.21255,73.20943
2021-10-10 17:00:00,20.579163,16.091248,897.9468,7.0317144,244.56442,75.47114
2021-10-10 18:00:00,20.309814,16.011414,897.70917,7.3064537,243.86102,76.34597
2021-10-10 19:00:00,20.16278,15.997009,897.3897,7.5198383,244.51558,76.972046
2021-10-10 20:00:00,19.552948,15.771454,897.06494,7.6222086,245.61035,78.79318
2021-10-10 21:00:00,19.371033,15.711884,896.7377,7.6771626,247.4478,79.38619
2021-10-10 22:00:00,18.9404,15.379639,896.4263,7.903198,251.10881,79.827934
2021-10-10 23:00:00,18.852112,15.355591,896.46814,7.8239613,252.8575,80.14542
2021-10-11 00:00:00,19.138763,15.498199,896.76,7.6865077,254.15567,79.44809
2021-10-11 01:00:00,19.29773,15.614807,897.3605,7.4979644,254.43008,79.25517
2021-10-11 02:00:00,20.80243,16.046387,898.0134,7.3704715,254.09956,74.22774
2021-10-11 03:00:00,21.224731,15.654541,898.51117,7.86567,252.77362,70.5379
2021-10-11 04:00:00,21.615997,15.536163,898.61194,8.326667,253.08807,68.34754
2021-10-11 05:00:00,23.52475,15.766144,898.3186,8.65065,253.22464,61.770725
2021-10-11 06:00:00,24.289185,15.61438,897.6685,9.123159,253.20018,58.42633
2021-10-11 07:00:00,24.447784,15.53656,896.86804,9.651222,253.62357,57.58615
2021-10-11 08:00:00,25.095245,15.370453,896.0115,10.066638,254.76529,54.815025
2021-10-11 09:00:00,25.127075,15.26532,895.383,10.152833,256.1593,54.343296
2021-10-11 10:00:00,23.785858,15.591278,895.05334,10.045042,254.85938,60.130287
2021-10-11 11:00:00,23.60733,15.702667,895.21436,9.162998,255.95096,61.21501
2021-10-11 12:00:00,23.395111,15.723297,895.5505,8.520996,255.73473,62.085213
2021-10-11 13:00:00,23.161469,15.912262,896.048,8.064568,255.22166,63.73276
2021-10-11 14:00:00,22.190643,15.974884,896.72156,7.8649707,253.93646,67.87026
2021-10-11 15:00:00,21.328094,15.852661,897.30853,7.7849584,252.68039,70.98611
2021-10-11 16:00:00,21.110657,15.806885,897.5812,7.760936,251.31047,71.729034
2021-10-11 17:00:00,20.376831,15.718597,897.5453,7.8192005,250.6382,74.621216
2021-10-11 18:00:00,20.171112,15.680054,897.30005,7.920025,250.98082,75.38954
2021-10-11 19:00:00,20.054108,15.69873,896.97565,8.031598,252.5006,76.02796
2021-10-11 20:00:00,19.309357,15.404175,896.585,8.086811,254.4889,78.136086
2021-10-11 21:00:00,19.135284,15.3367,896.283,8.006875,256.80963,78.64659
2021-10-11 22:00:00,18.689972,15.062439,896.1535,8.036819,259.0843,79.45148
2021-10-11 23:00:00,18.631897,15.096283,896.3356,7.769968,261.05322,79.914276
2021-10-12 00:00:00,18.947296,15.253265,896.6819,7.448091,262.1412,79.14904
2021-10-12 01:00:00,19.059906,15.305542,897.20306,7.144557,262.25336,78.85919
2021-10-12 02:00:00,20.528168,15.591858,897.8614,6.924247,260.97308,73.33043
2021-10-12 03:00:00,20.922821,15.363403,898.4497,7.2694693,257.70123,70.5297
2021-10-12 04:00:00,21.411804,15.261017,898.7007,7.706061,257.20605,67.99652
2021-10-12 05:00:00,23.381897,15.246185,898.5853,8.022745,257.098,60.263466
2021-10-12 06:00:00,24.247437,15.233734,898.0396,8.406695,256.7709,57.16042
2021-10-12 07:00:00,24.419342,15.1297,897.2363,8.895224,256.87958,56.197823
2021-10-12 08:00:00,25.116913,14.973755,896.4233,9.321108,257.62234,53.36669
2021-10-12 09:00:00,25.17862,14.915894,895.90424,9.418605,258.53235,52.973293
2021-10-12 10:00:00,23.87378,15.356873,895.69507,9.309932,256.7457,58.92119
2021-10-12 11:00:00,23.711273,15.435364,895.851,8.6019125,257.39362,59.80038
2021-10-12 12:00:00,23.514801,15.397095,896.1726,8.082502,256.9586,60.364075
2021-10-12 13:00:00,23.317383,15.690521,896.6739,7.697966,256.2483,62.246506
2021-10-12 14:00:00,22.255005,15.796631,897.28784,7.492383,254.62589,66.83926
2021-10-12 15:00:00,21.282318,15.660614,897.73724,7.404253,253.27002,70.31656
2021-10-12 16:00:00,21.084686,15.675018,897.98346,7.3839755,252.14462,71.24007
2021-10-12 17:00:00,20.291382,15.476685,897.9712,7.513905,252.18611,73.862885
2021-10-12 18:00:00,20.092255,15.469025,897.7418,7.664684,253.55476,74.74107
2021-10-12 19:00:00,19.926819,15.484131,897.3744,7.827274,255.92877,75.583595
2021-10-12 20:00:00,19.299591,15.326324,896.93976,7.8835793,258.88284,77.79409
2021-10-12 21:00:00,19.043518,15.303406,896.6319,7.8681254,261.94995,78.928986
2021-10-12 22:00:00,18.57196,15.013916,896.50903,7.991303,266.663,79.79081
2021-10-12 23:00:00,18.51065,15.020599,896.6657,7.689706,269.411,80.132095
2021-10-13 00:00:00,18.899658,15.233948,897.0374,7.312844,271.2481,79.28633
2021-10-13 01:00:00,18.915283,15.241882,897.62036,6.9342146,273.12503,79.249405
2021-10-13 02:00:00,20.504578,15.649933,898.2251,6.6552877,274.32587,73.710724
2021-10-13 03:00:00,20.953094,15.479309,898.66156,6.5572753,272.60477,70.92373
2021-10-13 04:00:00,21.402283,15.253418,898.7739,6.718501,272.4143,68.003006
2021-10-13 05:00:00,23.524048,15.310577,898.5251,6.975824,272.58594,59.99648
2021-10-13 06:00:00,24.358032,15.214752,897.92224,7.3267436,272.45544,56.71361
2021-10-13 07:00:00,24.545197,15.085907,897.1002,7.5870423,272.57602,55.619286
2021-10-13 08:00:00,25.286987,14.919952,896.24786,7.726286,273.02704,52.646458
2021-10-13 09:00:00,25.33014,14.814209,895.62756,7.6027584,273.96063,52.155125
2021-10-13 10:00:00,24.046692,15.116943,895.2601,6.467841,276.3778,57.420643
2021-10-13 11:00:00,23.916443,15.1137085,895.4151,5.894921,275.71063,57.859695
2021-10-13 12:00:00,23.72583,15.069733,895.73865,5.4796977,273.23895,58.361668
2021-10-13 13:00:00,23.45996,15.448151,896.2356,5.183498,272.144,60.762608
2021-10-13 14:00:00,22.429016,15.550446,896.88367,4.9716706,268.65372,65.101746
2021-10-13 15:00:00,21.361603,15.361023,897.46436,4.9161744,264.43448,68.64516
2021-10-13 16:00:00,21.11673,15.388458,897.77423,5.0709753,259.75177,69.806595
2021-10-13 17:00:00,20.285095,15.256439,897.7793,5.3847265,256.70645,72.854904
2021-10-13 18:00:00,20.068268,15.222168,897.529,5.764281,255.57886,73.67588
2021-10-13 19:00:00,19.878937,15.1936035,897.1805,6.123117,256.50867,74.40808
2021-10-13 20:00:00,19.199097,15.0338745,896.8551,6.409937,257.91287,76.82537
2021-10-13 21:00:00,19.044159,15.013123,896.66797,6.562726,259.94495,77.467384
2021-10-13 22:00:00,18.540283,14.799988,896.54083,6.63479,261.66,78.85564
2021-10-13 23:00:00,18.47879,14.821686,896.7271,6.57875,262.79944,79.27059
2021-10-14 00:00:00,18.769806,14.984161,897.0543,6.382605,263.95197,78.658905
2021-10-14 01:00:00,18.788849,15.031525,897.59235,6.147356,265.14737,78.80509
2021-10-14 02:00:00,20.219543,15.268921,898.1097,5.9126315,265.33612,73.209274
2021-10-14 03:00:00,20.634491,15.041931,898.52167,6.08658,262.32684,70.32522
2021-10-14 04:00:00,21.267487,14.88562,898.6183,6.328474,261.71033,66.96463
2021-10-14 05:00:00,23.308197,14.910919,898.3516,6.678701,262.4881,59.24135
2021-10-14 06:00:00,24.217743,14.815155,897.7403,7.2042174,264.35706,55.741173
2021-10-14 07:00:00,24.398834,14.666748,896.9121,7.8259587,266.4359,54.614513
2021-10-14 08:00:00,25.223267,14.465454,896.1538,8.270976,268.52124,51.320084
2021-10-14 09:00:00,25.288788,14.329559,895.65283,8.403043,270.88358,50.673325
2021-10-14 10:00:00,24.02655,14.861542,895.2764,8.050668,278.55237,56.553165
2021-10-14 11:00:00,23.864563,14.865601,895.42487,7.384645,278.99274,57.12131
2021-10-14 12:00:00,23.665497,14.786743,895.72736,6.859823,278.38257,57.516754
2021-10-14 13:00:00,23.31607,15.245697,896.2084,6.3475957,279.41592,60.501522
2021-10-14 14:00:00,22.16687,15.25827,896.7434,5.8592415,278.71722,64.92046
2021-10-14 15:00:00,21.059143,15.029022,897.1983,5.485739,276.39188,68.45509
2021-10-14 16:00:00,20.913727,14.983551,897.3192,5.300887,272.7774,68.86779
2021-10-14 17:00:00,19.993835,14.822235,897.13586,5.263256,268.7295,72.13632
2021-10-14 18:00:00,19.75879,14.803223,896.7282,5.3383684,265.66156,73.10512
2021-10-14 19:00:00,19.589355,14.8046875,896.23334,5.446269,263.51987,73.88492
2021-10-14 20:00:00,18.962402,14.669617,895.7952,5.5522976,262.32352,76.159584
2021-10-14 21:00:00,18.801788,14.614349,895.49084,5.579532,261.89203,76.65341
2021-10-14 22:00:00,18.302887,14.34314,895.3074,5.871728,261.3493,77.711716
2021-10-14 23:00:00,18.208069,14.329315,895.39624,5.689272,261.4541,78.10552
2021-10-15 00:00:00,18.593964,14.527985,895.6399,5.464684,260.13254,77.224335
2021-10-15 01:00:00,18.629883,14.6197815,896.10974,5.2223964,258.64154,77.50884
2021-10-15 02:00:00,20.10672,14.896393,896.6739,4.995751,255.75668,71.97708
2021-10-15 03:00:00,20.531097,14.5824585,897.1303,5.0397,251.73285,68.71043
2021-10-15 04:00:00,21.208374,14.589844,897.2681,5.3247457,249.31065,65.93853
2021-10-15 05:00:00,23.453156,14.583557,896.9836,5.699899,248.42905,57.499153
2021-10-15 06:00:00,24.256317,14.454895,896.38513,6.2019677,249.65997,54.334747
2021-10-15 07:00:00,24.396637,14.328857,895.5767,6.6990185,251.9787,53.44264
2021-10-15 08:00:00,25.278076,14.247009,894.8018,7.0874877,254.22308,50.435574
2021-10-15 09:00:00,25.369537,14.188049,894.262,7.1544847,256.05817,49.970894
2021-10-15 10:00:00,24.042542,14.59903,894.07587,6.971153,260.23523,55.550766
2021-10-15 11:00:00,23.891907,14.641998,894.218,6.2034645,258.72076,56.21146
2021-10-15 12:00:00,23.677948,14.603485,894.60205,5.661741,255.15506,56.798447
2021-10-15 13:00:00,23.348785,14.761444,895.1342,5.1815305,252.28754,58.530087
2021-10-15 14:00:00,22.077728,14.808502,895.7527,4.831872,247.86722,63.412865
2021-10-15 15:00:00,20.930786,14.780884,896.2145,4.7247157,243.26863,67.90365
2021-10-15 16:00:00,20.709503,14.748871,896.4437,4.7913504,239.0748,68.69259
2021-10-15 17:00:00,19.920746,14.743134,896.4154,5.05361,236.3625,72.09516
2021-10-15 18:00:00,19.731445,14.709015,896.2788,5.284245,234.87964,72.78591
2021-10-15 19:00:00,19.557281,14.680023,895.99927,5.461623,234.68394,73.43971
2021-10-15 20:00:00,18.881958,14.571136,895.65967,5.5720944,235.6673,76.05814
2021-10-15 21:00:00,18.740051,14.526001,895.3896,5.611163,236.29115,76.51216
2021-10-15 22:00:00,18.186798,14.290527,895.22266,5.7079678,233.40811,78.01392
2021-10-15 23:00:00,18.131226,14.283569,895.43243,5.6646066,235.27248,78.25136
2021-10-16 00:00:00,18.473846,14.447845,895.7582,5.5113206,234.94913,77.40556
2021-10-16 01:00:00,18.511353,14.452606,896.36584,5.2908955,233.20923,77.24771
2021-10-16 02:00:00,20.147614,14.714813,897.0242,5.0977564,229.82242,70.96021
2021-10-16 03:00:00,20.66095,14.669189,897.54987,5.1830587,223.76193,68.545235
2021-10-16 04:00:00,21.350983,14.74173,897.75916,5.6067624,219.17972,66.008
2021-10-16 05:00:00,23.480377,14.840179,897.5849,6.144019,218.26103,58.362556
2021-10-16 06:00:00,24.28302,14.687805,897.0041,6.6884613,221.05833,55.069534
2021-10-16 07:00:00,24.467712,14.634949,896.2148,7.1011124,225.09872,54.27827
2021-10-16 08:00:00,25.21344,14.690765,895.51447,7.2798266,228.4291,52.10231
2021-10-16 09:00:00,25.241974,14.637787,895.0372,7.2873774,230.53308,51.83646
2021-10-16 10:00:00,23.960175,15.102661,894.7394,7.334357,235.4136,57.66688
2021-10-16 11:00:00,23.823547,15.253601,895.0123,6.725302,237.05414,58.709038
2021-10-16 12:00:00,23.502838,15.337189,895.4744,6.238832,235.84488,60.175926
2021-10-16 13:00:00,23.167145,15.507202,896.1605,5.863377,234.3808,62.08101
2021-10-16 14:00:00,22.175201,15.598511,896.9207,5.6208453,232.03717,66.31872
2021-10-16 15:00:00,21.200226,15.3550415,897.5426,5.514242,229.46371,69.30111
2021-10-16 16:00:00,21.029205,15.361359,897.8707,5.510417,227.14961,70.060905
2021-10-16 17:00:00,20.237457,15.290985,897.8554,5.597621,225.00804,73.23192
2021-10-16 18:00:00,20.058014,15.26767,897.71704,5.732766,224.22464,73.93834
2021-10-16 19:00:00,19.886322,15.238312,897.4618,5.8754387,224.91019,74.5879
2021-10-16 20:00:00,19.338531,15.13028,897.10455,5.892254,226.47614,76.63487
2021-10-16 21:00:00,19.123047,15.008972,896.7174,5.8092985,227.85313,77.06672
2021-10-16 22:00:00,18.80774,14.939331,896.44055,5.8673277,235.04025,78.246635
2021-10-16 23:00:00,18.731445,14.94986,896.579,5.6458335,233.97516,78.67387
2021-10-17 00:00:00,18.941193,15.0686035,896.9439,5.4100027,232.2529,78.24529
2021-10-17 01:00:00,19.039856,15.124603,897.6373,5.1375847,228.93544,78.04557
2021-10-17 02:00:00,20.533905,15.602997,898.4275,5.02546,224.5401,73.35678
2021-10-17 03:00:00,20.970764,15.498352,899.06274,5.4670787,220.61783,70.93325
2021-10-17 04:00:00,21.415558,15.372101,899.3215,6.0150075,220.02141,68.46725
2021-10-17 05:00:00,23.243439,15.661713,899.09875,6.3664346,221.79308,62.409943
2021-10-17 06:00:00,23.892365,15.661957,898.4867,6.6482673,224.36078,60.01732
2021-10-17 07:00:00,24.073547,15.655121,897.66046,6.8797293,227.83281,59.341587
2021-10-17 08:00:00,24.44635,15.578552,896.86365,7.006167,231.37447,57.7462
2021-10-17 09:00:00,24.486847,15.570953,896.28577,6.955631,234.31683,57.578354
2021-10-17 10:00:00,23.284119,15.874634,895.90015,6.9462557,236.53232,63.110306
2021-10-17 11:00:00,23.078583,16.082275,896.06464,6.092148,236.53267,64.75198
2021-10-17 12:00:00,22.858429,16.135162,896.42584,5.290142,233.49939,65.842445
2021-10-17 13:00:00,22.70636,16.256653,897.0168,4.7322474,227.31697,66.96883
2021-10-17 14:00:00,21.902252,16.443817,897.79297,4.4475822,220.10144,71.169525
2021-10-17 15:00:00,21.071075,16.295929,898.43787,4.40593,213.15239,74.18282
2021-10-17 16:00:00,20.929474,16.353607,898.781,4.560218,208.79753,75.10641
2021-10-17 17:00:00,20.442566,16.322449,898.7873,4.762133,206.9858,77.239426
2021-10-17 18:00:00,20.261108,16.244324,898.5603,4.9488153,207.60559,77.72195
2021-10-17 19:00:00,20.121826,16.236603,898.23517,5.0841565,209.77731,78.355484
2021-10-17 20:00:00,19.680786,16.168945,897.74335,5.088555,212.71115,80.17963
2021-10-17 21:00:00,19.546417,16.122406,897.32947,5.041292,215.53766,80.6118
2021-10-17 22:00:00,19.248077,15.9322815,897.04236,4.8846097,221.31607,81.13106
2021-10-17 23:00:00,19.213928,15.991821,897.06036,4.7798476,221.29773,81.61348
2021-10-18 00:00:00,19.403229,16.099915,897.35724,4.708988,220.56712,81.215904
2021-10-18 01:00:00,19.476013,16.148651,897.926,4.716936,219.01495,81.10086
2021-10-18 02:00:00,20.58429,16.38498,898.54236,4.9274836,216.99034,76.87268
2021-10-18 03:00:00,20.881592,16.389526,899.0162,5.556786,215.89758,75.500275
2021-10-18 04:00:00,21.244598,16.53479,899.18335,6.252911,217.93524,74.52118
2021-10-18 05:00:00,22.845428,16.909698,898.97485,6.858924,221.32962,69.22056
2021-10-18 06:00:00,23.437103,16.858551,898.42725,7.416819,224.99335,66.57196
2021-10-18 07:00:00,23.599243,16.755249,897.6665,7.7911954,228.27386,65.493774
2021-10-18 08:00:00,24.070374,16.717438,896.8982,7.929256,230.45169,63.511383
2021-10-18 09:00:00,24.05542,16.627808,896.37036,7.7795177,231.76176,63.207626
2021-10-18 10:00:00,23.047455,16.542603,896.192,7.268951,235.46893,66.80396
2021-10-18 11:00:00,22.925934,16.62381,896.47766,6.4025846,233.88115,67.64535
2021-10-18 12:00:00,22.753052,16.692596,896.9866,5.7701907,228.33958,68.657005
2021-10-18 13:00:00,22.559021,16.861847,897.66064,5.5284047,222.03827,70.22024
2021-10-18 14:00:00,21.83844,16.889038,898.3794,5.4564075,216.90443,73.49636
2021-10-18 15:00:00,21.168304,16.73944,899.00885,5.5336432,212.67613,75.85047
2021-10-18 16:00:00,21.058014,16.761444,899.4091,5.720229,209.5276,76.47249
2021-10-18 17:00:00,20.494934,16.667633,899.5371,6.02532,207.9656,78.69902
2021-10-18 18:00:00,20.310303,16.62622,899.43945,6.288321,207.6881,79.391884
2021-10-18 19:00:00,20.181763,16.62741,899.1571,6.481018,208.59218,80.03105
2021-10-18 20:00:00,19.671448,16.417725,898.7827,6.5523043,210.7058,81.50745
2021-10-18 21:00:00,19.542053,16.38144,898.48553,6.5645013,213.27472,81.975464
2021-10-18 22:00:00,19.184326,16.154816,898.41907,6.6241493,217.50575,82.61882
2021-10-18 23:00:00,19.102234,16.121704,898.5709,6.3790817,218.57077,82.86739
2021-10-19 00:00:00,19.215637,16.168762,898.9507,6.139125,219.00604,82.531204
2021-10-19 01:00:00,19.225037,16.177551,899.56116,5.960353,218.16452,82.52913
2021-10-19 02:00:00,20.020203,16.425812,900.24634,5.9660773,217.51645,79.805466
2021-10-19 03:00:00,20.271729,16.403778,900.8398,6.3775253,218.9481,78.46362
2021-10-19 04:00:00,20.618225,16.335754,901.1406,6.890833,223.57755,76.472084
2021-10-19 05:00:00,22.271362,16.54953,901.05255,7.148033,227.85371,70.05592
2021-10-19 06:00:00,22.882202,16.395569,900.6027,7.307921,231.82054,66.84751
2021-10-19 07:00:00,23.037262,16.33374,899.8872,7.374326,235.94336,65.96281
2021-10-19 08:00:00,23.51352,16.264832,899.1753,7.3367057,239.63174,63.811787
2021-10-19 09:00:00,23.584106,16.254456,898.6307,7.078895,242.00299,63.498867
2021-10-19 10:00:00,22.743195,16.30017,898.402,7.0541687,246.53679,67.00489
2021-10-19 11:00:00,22.613617,16.309387,898.63086,6.216097,245.06248,67.57335
2021-10-19 12:00:00,22.45877,16.15741,899.07733,5.405287,238.97809,67.554436
2021-10-19 13:00:00,22.210358,16.44336,899.62213,5.0103145,235.05615,69.843414
2021-10-19 14:00:00,21.20935,16.332825,900.4059,4.724193,231.17918,73.728935
2021-10-19 15:00:00,20.47287,16.047333,901.02954,4.523914,227.44551,75.75488
2021-10-19 16:00:00,20.2146,16.009735,901.4189,4.395029,224.05995,76.78819
2021-10-19 17:00:00,19.585632,15.861908,901.5227,4.286537,221.49445,79.08937
2021-10-19 18:00:00,19.355438,15.706146,901.4517,4.2158294,220.14175,79.43411
2021-10-19 19:00:00,19.205017,15.671051,901.1767,4.1787086,220.14854,80.00152
2021-10-19 20:00:00,18.723145,15.474426,900.8674,4.110977,220.764,81.41191
2021-10-19 21:00:00,18.62378,15.402771,900.56665,4.021156,221.53761,81.543915
2021-10-19 22:00:00,18.220764,15.160675,900.5656,3.8301132,230.29065,82.33974
2021-10-19 23:00:00,18.137634,15.136139,900.7516,3.6316226,228.92043,82.640144
2021-10-20 00:00:00,18.394226,15.211395,901.1625,3.3820014,226.20512,81.714645
2021-10-20 01:00:00,18.3721,15.166138,901.8632,3.2089355,221.13994,81.590515
2021-10-20 02:00:00,19.30478,15.541351,902.56244,3.1648514,218.60292,78.8486
2021-10-20 03:00:00,19.625458,15.555725,903.16016,3.1972117,219.28842,77.36357
2021-10-20 04:00:00,20.151611,15.607269,903.3376,3.3863235,224.93573,75.12962
2021-10-20 05:00:00,21.917297,15.7453,903.11633,3.685286,230.09116,68.005455
2021-10-20 06:00:00,22.697327,15.624298,902.5263,4.1919875,235.85828,64.35333
2021-10-20 07:00:00,22.925507,15.60672,901.733,4.680887,240.97299,63.39811
2021-10-20 08:00:00,23.567963,15.327881,900.8816,5.030797,244.80118,59.904373
2021-10-20 09:00:00,23.571106,15.197662,900.15283,5.0615745,248.44296,59.39437
2021-10-20 10:00:00,22.410583,15.225189,899.9411,5.1043916,256.27515,63.829124
2021-10-20 11:00:00,22.248505,15.168457,899.9551,4.2506433,255.05862,64.22707
2021-10-20 12:00:00,22.041351,15.142761,900.3047,3.6562722,251.16138,64.93534
2021-10-20 13:00:00,21.730011,15.281952,900.8615,3.314339,249.4987,66.77531
2021-10-20 14:00:00,20.73114,15.387085,901.5121,3.0439281,246.65318,71.47484
2021-10-20 15:00:00,19.866486,15.108612,901.9607,2.8649192,244.08563,74.05994
2021-10-20 16:00:00,19.6521,15.07666,902.1766,2.816194,240.49445,74.89729
2021-10-20 17:00:00,18.864105,14.840607,902.1717,2.910932,238.41417,77.47756
2021-10-20 18:00:00,18.626526,14.7482605,901.99115,3.03996,237.97464,78.17014
2021-10-20 19:00:00,18.443207,14.653473,901.7124,3.130168,239.33238,78.590645
2021-10-20 20:00:00,17.894989,14.412933,901.2919,3.174831,241.96747,80.08911
2021-10-20 21:00:00,17.715088,14.331299,900.9518,3.1734033,245.04364,80.575
2021-10-20 22:00:00,17.279388,13.9808655,900.8412,3.9248781,255.5585,80.962875
2021-10-20 23:00:00,17.205078,13.938141,900.9219,3.7847903,258.40405,81.11909
2021-10-21 00:00:00,17.541626,14.121704,901.2063,3.6270225,259.55566,80.36338
2021-10-21 01:00:00,17.442596,14.003906,901.7562,3.482139,259.0876,80.25225
2021-10-21 02:00:00,18.30304,14.243042,902.4085,3.4290287,258.98093,77.20941
2021-10-21 03:00:00,18.704346,14.304413,902.9357,3.457513,259.2916,75.59284
2021-10-21 04:00:00,19.29309,14.3941345,903.12115,3.7429278,260.83527,73.29075
2021-10-21 05:00:00,21.348022,14.548065,902.94165,4.211224,261.53973,65.20028
2021-10-21 06:00:00,22.242096,14.386169,902.3309,4.8752065,261.6424,61.093227
2021-10-21 07:00:00,22.461975,14.352539,901.48,5.53809,261.94586,60.150764
2021-10-21 08:00:00,23.257874,14.256165,900.54614,5.9988847,262.32782,56.962906
2021-10-21 09:00:00,23.32074,14.182465,899.85846,6.1502113,263.133,56.476997
2021-10-21 10:00:00,21.995789,14.290192,899.6218,6.249399,262.6215,61.633194
2021-10-21 11:00:00,21.84555,14.2656555,899.6753,5.2236876,262.2422,62.102135
2021-10-21 12:00:00,21.61853,14.40802,899.96686,4.5269547,261.09402,63.551964
2021-10-21 13:00:00,21.331238,14.391541,900.4153,4.062934,260.76666,64.61079
2021-10-21 14:00:00,20.299713,14.358246,900.97833,3.7061436,260.17978,68.696434
2021-10-21 15:00:00,19.285553,14.126984,901.4124,3.4614675,259.1603,72.068565
2021-10-21 16:00:00,19.023071,14.0512085,901.6256,3.2862127,257.2325,72.8982
2021-10-21 17:00:00,18.20111,13.765747,901.5712,3.2141924,255.37132,75.33707
2021-10-21 18:00:00,18.007538,13.727814,901.356,3.2072513,254.95444,76.07099
2021-10-21 19:00:00,17.73468,13.627319,900.99274,3.1972487,255.46277,76.88453
2021-10-21 20:00:00,17.153595,13.396942,900.63403,3.1780066,256.77283,78.57048
2021-10-21 21:00:00,16.945496,13.310242,900.2965,3.099235,258.56525,79.16418
2021-10-21 22:00:00,16.416992,12.949921,900.3031,3.5984626,260.5251,79.96309
2021-10-21 23:00:00,16.311676,12.924469,900.3907,3.322522,263.22733,80.36716
2021-10-22 00:00:00,16.67157,13.079376,900.67804,2.9656065,263.36053,79.3477
2021-10-22 01:00:00,16.693481,13.0903015,901.16956,2.585251,259.13885,79.29393
2021-10-22 02:00:00,17.873993,13.499237,901.7659,2.396826,255.05269,75.58074
2021-10-22 03:00:00,18.337128,13.549377,902.3144,2.430431,250.58026,73.65367
2021-10-22 04:00:00,18.961761,13.796265,902.55634,2.951827,248.81195,71.97725
2021-10-22 05:00:00,21.10559,13.942108,902.44226,3.6447198,248.36353,63.63234
2021-10-22 06:00:00,22.077606,13.887482,901.9486,4.4297943,249.23875,59.747154
2021-10-22 07:00:00,22.276154,13.860748,901.17896,5.126395,252.28625,58.92676
2021-10-22 08:00:00,23.001678,13.751343,900.3943,5.5252023,255.68047,55.989372
2021-10-22 09:00:00,23.113525,13.663208,899.7863,5.4878726,259.2451,55.294216
2021-10-22 10:00:00,21.781128,13.9313965,899.5377,5.4349713,259.89462,61.011314
2021-10-22 11:00:00,21.610748,14.037109,899.61884,4.3463726,259.73926,62.074043
2021-10-22 12:00:00,21.331879,14.042969,899.91974,3.6085992,259.62473,63.16694
2021-10-22 13:00:00,21.101013,14.106415,900.47217,2.877449,256.60458,64.331764
2021-10-22 14:00:00,20.217072,14.011719,901.15564,2.422948,251.26593,67.516304
2021-10-22 15:00:00,19.195251,13.745575,901.6795,2.204401,243.6219,70.70387
2021-10-22 16:00:00,18.894714,13.695435,901.9593,2.1341133,235.97655,71.80719
2021-10-22 17:00:00,18.180573,13.555328,902.0343,2.14672,232.20212,74.40946
2021-10-22 18:00:00,17.943756,13.4374695,901.8996,2.207008,232.2781,74.947784
2021-10-22 19:00:00,17.737213,13.389801,901.6007,2.2692366,235.51917,75.69307
2021-10-22 20:00:00,17.114868,13.114441,901.23456,2.2792788,240.36728,77.32555
2021-10-22 21:00:00,16.930054,13.012787,900.92523,2.1971138,244.56003,77.7183
2021-10-22 22:00:00,16.416351,12.711517,900.78064,2.482917,247.27872,78.72869
2021-10-22 23:00:00,16.27945,12.657745,900.8097,2.192016,252.01007,79.13866
2021-10-23 00:00:00,16.602814,12.774689,901.09314,1.8372239,253.03543,78.1232
2021-10-23 01:00:00,16.654602,12.845673,901.6738,1.3972608,248.05957,78.22915
2021-10-23 02:00:00,17.73117,13.250153,902.3402,1.1230954,232.20486,75.03578
2021-10-23 03:00:00,18.237,13.372467,902.9332,1.3981609,218.4693,73.26888
2021-10-23 04:00:00,18.821808,13.431213,903.1585,1.8872986,219.7807,70.90556
2021-10-23 05:00:00,20.8396,13.7517395,903.0479,2.403025,225.09837,63.88669
2021-10-23 06:00:00,21.797363,13.6163025,902.5207,2.996126,230.66031,59.71617
2021-10-23 07:00:00,21.973389,13.58728,901.83905,3.5219145,236.27045,58.96666
2021-10-23 08:00:00,22.615143,13.575897,901.1193,3.8707962,241.58084,56.666584
2021-10-23 09:00:00,22.631317,13.544189,900.58453,3.8203175,245.24026,56.49433
2021-10-23 10:00:00,21.433075,13.84906,900.26685,3.4788067,249.01498,61.991917
2021-10-23 11:00:00,21.182861,13.866394,900.2834,2.8369308,250.94632,63.020927
2021-10-23 12:00:00,20.906555,13.845825,900.65405,2.2357054,254.17776,64.01407
2021-10-23 13:00:00,20.704712,13.907196,901.2804,1.7148399,252.52957,65.07272
2021-10-23 14:00:00,19.802612,13.936768,901.95514,1.3701277,244.25906,68.935135
2021-10-23 15:00:00,18.74237,13.644501,902.4521,1.2054509,235.0654,72.25422
2021-10-23 16:00:00,18.529358,13.635376,902.7128,1.1924535,224.00742,73.18008
2021-10-23 17:00:00,17.85608,13.526337,902.6726,1.3008031,219.75589,75.799545
2021-10-23 18:00:00,17.5849,13.4552,902.4816,1.4087888,222.0975,76.7494
2021-10-23 19:00:00,17.391754,13.427887,902.1525,1.4791292,229.32968,77.552605
2021-10-23 20:00:00,16.69397,13.193939,901.82416,1.4959508,240.88339,79.82965
2021-10-23 21:00:00,16.49643,13.082245,901.5143,1.3943084,254.01392,80.25084
2021-10-23 22:00:00,16.131622,12.931091,901.28156,2.1009004,256.55164,81.329834
2021-10-23 23:00:00,15.981964,12.801392,901.3535,1.9010823,265.003,81.41657
2021-10-24 00:00:00,16.290833,12.917633,901.674,1.6892661,274.612,80.43794
2021-10-24 01:00:00,16.302856,12.921692,902.23486,1.415682,284.3089,80.397705
2021-10-24 02:00:00,17.518188,13.342834,902.83435,1.1197928,291.33905,76.51099
2021-10-24 03:00:00,17.880157,13.377197,903.3504,1.0880586,290.39078,74.95339
2021-10-24 04:00:00,18.460815,13.525879,903.5279,1.2082655,278.90027,72.973274
2021-10-24 05:00:00,20.253723,13.800995,903.3783,1.5265896,270.28638,66.4488
2021-10-24 06:00:00,21.137878,13.768036,902.8158,1.9465746,266.48795,62.79285
2021-10-24 07:00:00,21.295898,13.742462,902.0776,2.4638526,267.8222,62.083904
2021-10-24 08:00:00,21.928741,13.694611,901.389,2.9169216,272.8578,59.541523
2021-10-24 09:00:00,22.005371,13.705109,900.8985,3.082511,280.87897,59.30431
2021-10-24 10:00:00,20.739624,13.839508,900.4819,3.407562,287.5978,64.64838
2021-10-24 11:00:00,20.612183,13.894531,900.6789,3.1270015,305.08545,65.390945
2021-10-24 12:00:00,20.459564,14.029419,900.9861,2.958249,320.98877,66.58919
2021-10-24 13:00:00,20.286713,14.111328,901.4824,2.830598,334.1312,67.661736
2021-10-24 14:00:00,19.3815,14.087982,902.0449,2.6843135,345.66043,71.45881
2021-10-24 15:00:00,18.406128,13.809448,902.58295,2.5808425,355.37274,74.58597
2021-10-24 16:00:00,18.203064,13.771484,902.82544,2.4955206,3.2887573,75.35591
2021-10-24 17:00:00,17.557404,13.628601,902.7274,2.446793,8.079224,77.75497
2021-10-24 18:00:00,17.323517,13.553467,902.42834,2.4176412,9.824127,78.526924
2021-10-24 19:00:00,17.16684,13.536896,902.06555,2.4195604,9.277283,79.22322
2021-10-24 20:00:00,16.639923,13.331085,901.64966,2.5820723,8.118988,80.82372
2021-10-24 21:00:00,16.469482,13.249634,901.2681,2.839456,7.682373,81.271416
2021-10-24 22:00:00,16.101776,12.872772,900.98364,2.6583748,13.36264,81.17465
2021-10-24 23:00:00,15.992615,12.83374,900.9125,2.898186,10.974335,81.53363
2021-10-25 00:00:00,16.283295,12.979889,901.0452,3.1520503,10.777557,80.80474
2021-10-25 01:00:00,16.26593,12.95639,901.53375,3.2884336,13.525482,80.77004
2021-10-25 02:00:00,17.347992,13.285004,902.0999,3.3595915,14.474884,77.0466
2021-10-25 03:00:00,17.685303,13.241821,902.5739,3.3626127,14.6311035,75.21206
2021-10-25 04:00:00,18.197693,13.395386,902.723,3.3710918,13.328888,73.55961
2021-10-25 05:00:00,20.095215,13.600525,902.46185,3.2853458,8.257599,66.234695
2021-10-25 06:00:00,20.992676,13.543274,901.8499,3.2478921,359.4999,62.436306
2021-10-25 07:00:00,21.157837,13.507935,900.9882,3.382719,350.6074,61.664303
2021-10-25 08:00:00,21.804565,13.444702,900.192,3.622832,344.71072,59.0271
2021-10-25 09:00:00,21.814941,13.4045105,899.60986,3.9002626,344.67465,58.835506
2021-10-25 10:00:00,20.597473,13.512634,899.27484,3.7435925,346.3185,63.84595
2021-10-25 11:00:00,20.408478,13.478943,899.31177,3.9187558,357.31445,64.45302
2021-10-25 12:00:00,20.212738,13.575195,899.56525,3.7632456,2.473236,65.64685
2021-10-25 13:00:00,19.97931,13.625397,900.0213,3.6969955,7.855896,66.819534
2021-10-25 14:00:00,19.158356,13.688843,900.6337,3.5116086,14.233124,70.60585
2021-10-25 15:00:00,18.102783,13.368286,901.1317,3.3070896,20.7182,73.86877
2021-10-25 16:00:00,17.82901,13.339691,901.2636,3.0812185,26.420746,75.011505
2021-10-25 17:00:00,17.021423,13.060028,901.1396,2.8107953,30.343506,77.5085
2021-10-25 18:00:00,16.81659,13.004578,900.8619,2.556313,32.787323,78.2375
2021-10-25 19:00:00,16.495148,12.788849,900.5801,2.363151,33.37912,78.73266
2021-10-25 20:00:00,15.861908,12.474243,900.14514,2.285607,31.33664,80.30328
2021-10-25 21:00:00,15.685883,12.335632,899.7358,2.2684171,28.898346,80.47671
2021-10-25 22:00:00,15.164764,12.073914,899.4177,1.8146416,10.818665,81.79162
2021-10-25 23:00:00,15.087952,12.030182,899.48596,1.9715202,13.612549,81.96009
2021-10-26 00:00:00,15.402618,12.126617,899.8196,2.154199,17.655457,80.83212
2021-10-26 01:00:00,15.425842,12.109192,900.47015,2.243031,24.766388,80.619354
2021-10-26 02:00:00,16.761993,12.67337,901.1637,2.2787375,30.874115,76.82609
2021-10-26 03:00:00,17.144226,12.652252,901.68854,2.1933382,37.94928,74.883865
2021-10-26 04:00:00,17.59134,12.599335,901.8536,2.007949,42.278717,72.54648
2021-10-26 05:00:00,19.73996,13.042664,901.58545,1.5375397,34.949646,65.290855
2021-10-26 06:00:00,20.623932,12.899719,900.96704,1.2085073,1.804596,61.243523
2021-10-26 07:00:00,20.894958,12.922668,900.1185,1.5729916,330.56174,60.320717
2021-10-26 08:00:00,21.482422,12.722778,899.3615,2.0635185,323.91107,57.429184
2021-10-26 09:00:00,21.552307,12.583405,898.84265,2.4429874,327.221,56.664276
2021-10-26 10:00:00,20.317902,12.85495,898.5613,2.6108263,329.3615,62.228226
2021-10-26 11:00:00,20.150116,12.819183,898.798,2.5883179,348.06302,62.72989
2021-10-26 12:00:00,19.969727,12.908752,899.22656,2.5986135,359.2195,63.806778
2021-10-26 13:00:00,19.742188,13.06781,899.8095,2.6841667,11.415649,65.38914
2021-10-26 14:00:00,18.763031,13.099304,900.5034,2.7455654,21.770325,69.64276
2021-10-26 15:00:00,17.779999,12.826843,901.1122,2.7562945,31.548767,72.76525
2021-10-26 16:00:00,17.549957,12.818695,901.40265,2.7479858,38.385986,73.78854
2021-10-26 17:00:00,16.742767,12.614716,901.405,2.633059,43.23059,76.62483
2021-10-26 18:00:00,16.491302,12.492859,901.2907,2.5291438,44.923706,77.23926
2021-10-26 19:00:00,16.29071,12.404602,901.07776,2.5270946,44.31305,77.77985
2021-10-26 20:00:00,15.688263,12.183716,900.7113,2.62671,42.47867,79.66507
2021-10-26 21:00:00,15.569092,12.080627,900.42224,2.8042104,40.97943,79.732605
2021-10-26 22:00:00,15.063416,11.760773,900.319,2.8820887,32.27948,80.64472
2021-10-26 23:00:00,14.982666,11.728729,900.53046,3.1714773,34.504486,80.893456
2021-10-27 00:00:00,15.282288,11.83551,900.98346,3.3918939,38.03299,79.91163
2021-10-27 01:00:00,15.200562,11.698334,901.5707,3.6724496,42.959595,79.60834
2021-10-27 02:00:00,16.523163,12.216461,902.2276,3.8919368,47.492157,75.69636
2021-10-27 03:00:00,16.966248,12.277557,902.74927,3.9475186,53.2453,73.89332
2021-10-27 04:00:00,17.52295,12.312775,902.90924,3.8946395,58.33008,71.50282
2021-10-27 05:00:00,19.758148,12.596802,902.6113,3.5436623,59.78589,63.34204
2021-10-27 06:00:00,20.776123,12.592285,901.9308,2.9994247,53.986237,59.463184
2021-10-27 07:00:00,21.00653,12.582703,901.0937,2.5567496,42.794647,58.58981
2021-10-27 08:00:00,21.673462,12.409973,900.2728,2.4025102,30.660889,55.609684
2021-10-27 09:00:00,21.7471,12.349884,899.6953,2.5995414,24.75644,55.142002
2021-10-27 10:00:00,20.309357,12.590942,899.36584,2.894808,19.331573,61.19395
2021-10-27 11:00:00,20.215393,12.550934,899.5008,3.2239313,28.036743,61.389023
2021-10-27 12:00:00,20.05664,12.657013,899.8377,3.3025708,31.101685,62.427265
2021-10-27 13:00:00,19.811737,12.784607,900.29706,3.5364993,35.352783,63.9133
2021-10-27 14:00:00,18.829437,12.91684,900.93,3.6893938,39.558533,68.532486
2021-10-27 15:00:00,17.78012,12.577057,901.4176,3.7163916,43.973022,71.58397
2021-10-27 16:00:00,17.486908,12.531189,901.6619,3.6950884,47.922424,72.70046
2021-10-27 17:00:00,16.607758,12.343536,901.5457,3.5670314,50.285522,75.921776
2021-10-27 18:00:00,16.322418,12.215332,901.3071,3.4332557,51.065247,76.663765
2021-10-27 19:00:00,16.124878,12.108063,900.9641,3.328209,50.268097,77.08912
2021-10-27 20:00:00,15.486938,11.724457,900.61383,3.3433888,48.994812,78.293816
2021-10-27 21:00:00,15.335968,11.599426,900.36273,3.3886669,47.699738,78.40552
2021-10-27 22:00:00,14.870178,11.256805,900.4151,2.8996377,42.567627,78.97814
2021-10-27 23:00:00,14.705505,11.105011,900.61865,3.2621565,43.758423,79.02161
2021-10-28 00:00:00,15.074921,11.242798,901.00146,3.5324006,46.9227,77.87218
2021-10-28 01:00:00,15.063934,11.21991,901.6012,3.7384417,50.689575,77.80913
2021-10-28 02:00:00,16.23059,11.65683,902.2506,3.9444609,52.692505,74.3274
2021-10-28 03:00:00,16.641357,11.699585,902.7888,4.147494,55.30945,72.61476
2021-10-28 04:00:00,17.30423,11.789825,903.00836,4.2626786,57.149933,70.04397
2021-10-28 05:00:00,19.599518,12.052155,902.7316,4.0131063,57.48294,61.72057
2021-10-28 06:00:00,20.54831,12.069641,902.1454,3.5357268,53.56549,58.26847
2021-10-28 07:00:00,20.786255,12.062225,901.4125,3.1996632,44.29422,57.392647
2021-10-28 08:00:00,21.530762,11.915405,900.7882,3.2180636,35.604797,54.301773
2021-10-28 09:00:00,21.604889,11.820038,900.3886,3.4979758,31.43396,53.717304
2021-10-28 10:00:00,20.303741,12.020447,900.2329,3.1332006,20.768372,58.963287
2021-10-28 11:00:00,20.152893,11.98761,900.43304,3.521178,29.330872,59.386997
2021-10-28 12:00:00,20.002686,12.054718,900.81323,3.8986108,32.403748,60.206955
2021-10-28 13:00:00,19.694519,12.145599,901.401,4.4207764,36.858948,61.7361
2021-10-28 14:00:00,18.49582,12.129974,902.0031,4.761951,41.44699,66.45777
2021-10-28 15:00:00,17.42163,11.8072815,902.4772,4.9613614,45.902344,69.60652
2021-10-28 16:00:00,17.129944,11.688599,902.6755,5.023641,50.14688,70.34877
2021-10-28 17:00:00,16.259125,11.485352,902.60205,5.0505347,53.27002,73.356476
2021-10-28 18:00:00,15.995056,11.357452,902.3226,5.088838,55.03232,73.97376
2021-10-28 19:00:00,15.806854,11.264313,901.9854,5.1815953,55.791443,74.408264
2021-10-28 20:00:00,15.095886,10.9809265,901.7132,5.3231072,56.370758,76.428406
2021-10-28 21:00:00,14.97287,10.869965,901.48883,5.518064,56.576233,76.469894
2021-10-28 22:00:00,14.433533,10.543793,901.4152,5.08264,54.14511,77.47647
2021-10-28 23:00:00,14.382446,10.516571,901.62024,5.391723,54.786987,77.59186
2021-10-29 00:00:00,14.679138,10.6128235,901.99133,5.756148,57.032776,76.60916
2021-10-29 01:00:00,14.739105,10.649414,902.5814,6.129345,60.0618,76.49963
2021-10-29 02:00:00,16.248932,11.177948,903.2028,6.497125,64.11273,71.925415
2021-10-29 03:00:00,16.658417,11.264435,903.7086,6.737822,68.62802,70.47875
2021-10-29 04:00:00,17.404663,11.558563,903.8733,6.6999884,72.656006,68.5463
2021-10-29 05:00:00,19.956604,12.0271,903.6351,6.278662,75.12286,60.26931
2021-10-29 06:00:00,20.910614,11.920044,903.0114,5.4815426,75.211395,56.42445
2021-10-29 07:00:00,21.168304,11.945068,902.20154,4.662122,71.56229,55.63001
2021-10-29 08:00:00,21.987701,11.915314,901.44904,4.055848,65.75812,52.80661
2021-10-29 09:00:00,22.028198,11.939484,900.9537,3.8467138,60.39975,52.760326
2021-10-29 10:00:00,20.513855,12.255524,900.69116,2.54107,53.62039,59.110653
2021-10-29 11:00:00,20.345856,12.171692,900.91693,3.065439,57.58844,59.398373
2021-10-29 12:00:00,20.110657,12.232452,901.32166,3.1595807,56.20874,60.509335
2021-10-29 13:00:00,19.848175,12.423828,901.92303,3.3638878,57.31717,62.278824
2021-10-29 14:00:00,18.747192,12.344116,902.56274,3.4577518,58.949493,66.348145
2021-10-29 15:00:00,17.624634,12.01239,903.1038,3.4496152,60.703613,69.65589
2021-10-29 16:00:00,17.390747,12.003326,903.38116,3.3732486,62.030914,70.649345
2021-10-29 17:00:00,16.570679,11.794495,903.36127,3.2671437,61.491974,73.39984
2021-10-29 18:00:00,16.226898,11.630524,903.1035,3.1766813,60.225006,74.21585
2021-10-29 19:00:00,16.021301,11.556824,902.77795,3.1326983,57.004333,74.830154
2021-10-29 20:00:00,15.42923,11.379089,902.4514,3.1836333,53.040558,76.810684
2021-10-29 21:00:00,15.268127,11.296051,902.1953,3.36889,49.26767,77.18327
2021-10-29 22:00:00,14.834534,11.015198,902.0559,2.7515807,35.56122,77.901665
2021-10-29 23:00:00,14.786591,10.99942,902.22577,3.146271,35.153778,78.06088
2021-10-30 00:00:00,15.054291,11.067627,902.58295,3.5774293,37.490143,77.07527
2021-10-30 01:00:00,15.076569,11.075195,903.1133,3.9365394,42.35785,77.0036
2021-10-30 02:00:00,16.36853,11.406738,903.7276,4.271113,46.432007,72.46935
2021-10-30 03:00:00,16.784637,11.316132,904.2539,4.5132856,48.746704,70.156044
2021-10-30 04:00:00,17.458893,11.456207,904.4217,4.505713,49.499146,67.851326
2021-10-30 05:00:00,19.863007,11.723297,904.1293,4.2391634,48.332703,59.417885
2021-10-30 06:00:00,20.756195,11.698547,903.4087,3.8105693,42.685425,56.136925
2021-10-30 07:00:00,20.981598,11.688385,902.49506,3.4819617,33.063324,55.32693
2021-10-30 08:00:00,21.75998,11.743378,901.6516,3.3961146,23.312012,52.942055
2021-10-30 09:00:00,21.851837,11.735535,901.1128,3.499057,20.070526,52.61866
2021-10-30 10:00:00,20.370972,12.009216,900.8367,2.7844038,5.8581543,58.675583
2021-10-30 11:00:00,20.240906,11.941559,900.95703,3.009892,21.27002,58.885853
2021-10-30 12:00:00,20.03592,12.011169,901.22943,3.062028,26.960205,59.911217
2021-10-30 13:00:00,19.720764,12.23053,901.7307,3.228349,33.310577,61.98084
2021-10-30 14:00:00,18.531708,12.13092,902.2979,3.284061,39.52997,66.31272
2021-10-30 15:00:00,17.44336,11.8932495,902.7236,3.3133054,45.204803,69.90622
2021-10-30 16:00:00,17.203918,11.8576355,902.8552,3.2768064,50.315308,70.80552
2021-10-30 17:00:00,16.343567,11.610046,902.7039,3.2212849,54.04724,73.5668
2021-10-30 18:00:00,16.077087,11.500519,902.3597,3.1317086,55.935883,74.28725
2021-10-30 19:00:00,15.87085,11.419983,901.9723,3.1025026,55.304077,74.87209
2021-10-30 20:00:00,15.2100525,11.182983,901.5291,3.1690707,53.005096,76.89351
2021-10-30 21:00:00,15.0034485,11.026764,901.1897,3.317887,50.939087,77.118355
2021-10-30 22:00:00,14.55722,10.723877,901.10767,2.6869977,56.237152,77.78695
2021-10-30 23:00:00,14.461761,10.652252,901.2511,2.9484303,54.024628,77.89583
2021-10-31 00:00:00,14.756744,10.790222,901.60236,3.2389286,55.451782,77.131805
2021-10-31 01:00:00,14.785004,10.798431,902.1451,3.5193882,58.871246,77.03348
2021-10-31 02:00:00,16.1745,11.249786,902.7512,3.805273,62.82657,72.612236
2021-10-31 03:00:00,16.522278,11.285278,903.2265,4.0085483,66.04837,71.189316
2021-10-31 04:00:00,17.123962,11.293884,903.3962,3.8131003,68.181305,68.56249
2021-10-31 05:00:00,19.753174,11.786804,903.115,3.2372365,67.72937,60.07508
2021-10-31 06:00:00,20.603577,11.682648,902.46533,2.402655,61.414337,56.607647
2021-10-31 07:00:00,20.807587,11.707855,901.5697,1.7246472,44.691315,55.99404
2021-10-31 08:00:00,21.573486,11.571411,900.76636,1.5129561,25.424103,52.94445
2021-10-31 09:00:00,21.644806,11.542419,900.21063,1.5686343,18.560486,52.61312
2021-10-31 10:00:00,20.21753,11.789703,899.9356,1.2141249,353.24905,58.38358
2021-10-31 11:00:00,20.0094,11.672668,900.0414,1.5257113,31.505768,58.68507
2021-10-31 12:00:00,19.814545,11.747711,900.38,1.745819,43.37555,59.69273
2021-10-31 13:00:00,19.493347,11.779907,900.8896,2.070805,55.296173,61.024303
2021-10-31 14:00:00,18.381958,11.790283,901.48724,2.2691984,62.63495,65.45237
2021-10-31 15:00:00,17.295197,11.493103,901.9844,2.3343172,69.967804,68.72399
2021-10-31 16:00:00,16.95285,11.466858,902.23236,2.2890513,77.965,70.10744
2021-10-31 17:00:00,16.067566,11.26413,902.1796,2.1928227,83.707886,73.17864
2021-10-31 18:00:00,15.85379,11.19162,901.914,2.0940523,86.71405,73.82891
2021-10-31 19:00:00,15.701141,11.179565,901.4804,2.015553,85.33661,74.49358
2021-10-31 20:00:00,15.084747,10.942566,900.95624,2.0218608,79.99072,76.28862
2021-10-31 21:00:00,14.920197,10.917053,900.558,2.1176388,74.142334,76.96995
2021-10-31 22:00:00,14.269897,10.513458,900.44116,1.598166,73.97702,78.14247
2021-10-31 23:00:00,14.211487,10.546417,900.4913,1.8751692,66.70776,78.610825
2021-11-01 00:00:00,14.529266,10.707275,900.76636,2.2320194,66.08911,77.841446
2021-11-01 01:00:00,14.553131,10.740601,901.35474,2.694839,69.58206,77.89409
2021-11-01 02:00:00,15.880951,11.218201,902.0121,3.173021,73.300995,73.83083
2021-11-01 03:00:00,16.361725,11.336487,902.56024,3.4499536,76.52533,72.16447
2021-11-01 04:00:00,17.060059,11.44751,902.6968,3.3666062,81.7189,69.54391
2021-11-01 05:00:00,19.539337,11.769867,902.46155,2.9697049,86.76297,60.809875
2021-11-01 06:00:00,20.319092,11.541168,901.7919,2.2621446,89.76495,57.07404
2021-11-01 07:00:00,20.543213,11.518646,900.9924,1.5558026,89.08612,56.206398
2021-11-01 08:00:00,21.368256,11.464996,900.14685,1.0778599,78.69293,53.238075
2021-11-01 09:00:00,21.433105,11.466644,899.5916,1.094086,64.16138,53.03278
2021-11-01 10:00:00,19.842926,11.91629,899.188,0.2344083,37.971863,60.253906
2021-11-01 11:00:00,19.670319,11.839783,899.3664,1.3152156,45.845764,60.596077
2021-11-01 12:00:00,19.498566,11.975311,899.7568,2.2115986,51.570984,61.79539
2021-11-01 13:00:00,19.204071,12.166718,900.3256,2.7570682,59.469086,63.735996
2021-11-01 14:00:00,18.146423,12.12912,900.9705,3.1484714,65.72452,67.9261
2021-11-01 15:00:00,17.154205,11.839111,901.46875,3.4242213,72.03412,70.94186
2021-11-01 16:00:00,16.884705,11.78952,901.7727,3.640275,77.25839,71.92755
2021-11-01 17:00:00,16.110443,11.594421,901.7444,3.7472887,81.1868,74.590836
2021-11-01 18:00:00,15.836243,11.530273,901.4295,3.8012385,82.89465,75.58715
2021-11-01 19:00:00,15.63208,11.512299,901.01843,3.8206367,83.601074,76.48984
2021-11-01 20:00:00,15.037445,11.253387,900.5525,3.8371575,82.526825,78.11485
2021-11-01 21:00:00,14.885773,11.172699,900.2114,3.9398627,80.59839,78.46039
2021-11-01 22:00:00,14.377869,10.792633,900.0505,3.0442474,81.27423,79.054054
2021-11-01 23:00:00,14.292633,10.74057,900.1203,3.3674812,77.703064,79.216286
2021-11-02 00:00:00,14.55896,10.804321,900.55756,3.72941,75.96771,78.19538
2021-11-02 01:00:00,14.573151,10.766693,901.2728,4.096735,76.76453,77.928604
2021-11-02 02:00:00,15.92511,11.205048,902.09283,4.469775,79.74576,73.558685
2021-11-02 03:00:00,16.282349,11.181488,902.70764,4.573217,83.45166,71.78929
2021-11-02 04:00:00,16.874329,11.362976,902.92487,4.521716,89.12549,69.97469
2021-11-02 05:00:00,19.309387,11.8497925,902.6877,4.128207,93.80371,62.011658
2021-11-02 06:00:00,20.097504,11.709961,902.0633,3.4928932,97.19595,58.509846
2021-11-02 07:00:00,20.351135,11.7005005,901.17523,2.7172132,96.52286,57.563843
2021-11-02 08:00:00,21.144745,11.756683,900.3462,2.1716478,89.49759,55.022823
2021-11-02 09:00:00,21.207672,11.713196,899.7081,2.0520082,75.283844,54.65371
2021-11-02 10:00:00,19.808563,12.0182495,899.435,0.9111026,57.058136,60.78931
2021-11-02 11:00:00,19.63559,11.959991,899.5692,1.977806,48.043457,61.209877
2021-11-02 12:00:00,19.45639,12.154236,899.9903,2.8490856,46.143707,62.691593
2021-11-02 13:00:00,19.14853,12.235138,900.5949,3.4992886,50.64377,64.24529
2021-11-02 14:00:00,18.161102,12.260071,901.2735,4.02793,55.561493,68.45041
2021-11-02 15:00:00,17.02771,11.989075,901.8147,4.3945208,60.73047,72.222404
2021-11-02 16:00:00,16.72998,11.921234,902.09033,4.610502,65.121704,73.270584
2021-11-02 17:00:00,15.893036,11.634705,902.07733,4.7021503,68.52948,75.83478
2021-11-02 18:00:00,15.662506,11.53894,901.80164,4.659008,70.584564,76.475586
2021-11-02 19:00:00,15.434082,11.477081,901.34424,4.6014185,71.752625,77.28615
2021-11-02 20:00:00,14.753174,11.124603,900.82404,4.5476923,71.77515,78.88158
2021-11-02 21:00:00,14.583466,10.986084,900.38116,4.571113,71.73193,79.0202
2021-11-02 22:00:00,14.196228,10.724823,900.24536,4.128384,66.7717,79.628555
2021-11-02 23:00:00,14.104858,10.687805,900.2358,4.3314342,66.04077,79.90408
2021-11-03 00:00:00,14.405762,10.792328,900.5772,4.5607877,67.08859,78.910065
2021-11-03 01:00:00,14.431122,10.793976,901.1372,4.728297,69.940765,78.78948
2021-11-03 02:00:00,15.720001,11.280518,901.82367,4.902288,74.85077,74.90307
2021-11-03 03:00:00,16.097107,11.253082,902.37946,4.834626,81.79999,72.98743
2021-11-03 04:00:00,16.703125,11.419617,902.569,4.5528483,90.41977,71.00458
2021-11-03 05:00:00,19.13034,11.870819,902.3324,3.9175353,98.75629,62.794006
2021-11-03 06:00:00,19.942657,11.716492,901.65936,3.0096157,106.534515,59.098827
2021-11-03 07:00:00,20.165192,11.731384,900.742,2.0509217,116.05432,58.34786
2021-11-03 08:00:00,20.896515,11.691345,899.7761,1.296996,127.510864,55.62793
2021-11-03 09:00:00,21.013214,11.600891,899.1292,0.8446251,128.92383,54.901417
2021-11-03 10:00:00,19.585938,11.948273,898.7205,0.87449867,248.62315,61.35148
2021-11-03 11:00:00,19.404663,11.900665,898.76764,0.10314242,196.00066,61.85224
2021-11-03 12:00:00,19.193695,11.995026,899.0634,0.29817173,100.07526,63.060593
2021-11-03 13:00:00,18.940063,12.072693,899.59,0.71621716,97.575165,64.39422
2021-11-03 14:00:00,17.96518,11.970917,900.2441,1.0509514,103.305725,67.99231
2021-11-03 15:00:00,16.963318,11.753998,900.78516,1.327616,109.233246,71.40251
2021-11-03 16:00:00,16.621979,11.785431,901.09064,1.4762645,115.994354,73.11725
2021-11-03 17:00:00,15.8967285,11.535431,901.04346,1.5148966,122.05487,75.32122
2021-11-03 18:00:00,15.654114,11.456818,900.7908,1.4104927,126.476746,76.10234
2021-11-03 19:00:00,15.478729,11.365051,900.3976,1.2691336,129.52533,76.49622
2021-11-03 20:00:00,14.9157715,11.09137,899.9782,1.1051832,129.62897,77.88782
2021-11-03 21:00:00,14.687408,10.886597,899.6507,1.0132004,123.705475,77.975204
2021-11-03 22:00:00,14.287964,10.7221985,899.5251,0.48915985,44.0206,79.14343
2021-11-03 23:00:00,14.217041,10.69812,899.67865,0.83631164,53.48047,79.38021
2021-11-04 00:00:00,14.509918,10.8280945,899.94476,1.1970512,62.661682,78.567444
2021-11-04 01:00:00,14.517822,10.800201,900.5625,1.5480973,71.969635,78.38188
2021-11-04 02:00:00,15.667053,11.095398,901.26263,1.751319,81.41177,74.24079
2021-11-04 03:00:00,16.094055,11.162109,901.8424,1.669663,94.84369,72.56288
2021-11-04 04:00:00,16.690796,11.210968,902.0377,1.5153999,114.5683,70.08526
2021-11-04 05:00:00,19.032166,11.551239,901.7372,1.2297797,141.51776,61.860775
2021-11-04 06:00:00,19.921875,11.509857,901.05505,1.0571375,180.85583,58.37274
2021-11-04 07:00:00,20.164337,11.486298,900.15045,1.2473904,219.9539,57.413853
2021-11-04 08:00:00,20.957153,11.401184,899.3141,1.5379561,242.26907,54.368256
2021-11-04 09:00:00,21.05951,11.364777,898.73914,1.5913478,254.54419,53.897423
2021-11-04 10:00:00,19.610596,11.6935425,898.33295,1.9262663,281.18665,60.237144
2021-11-04 11:00:00,19.476166,11.6839905,898.42804,1.0368093,300.5892,60.70404
2021-11-04 12:00:00,19.277008,11.749603,898.7407,0.7602792,332.43387,61.727505
2021-11-04 13:00:00,19.056885,11.933624,899.2489,0.73060113,23.721527,63.343845
2021-11-04 14:00:00,18.010498,11.851257,899.8496,0.97318125,58.541748,67.26632
2021-11-04 15:00:00,16.91748,11.427673,900.3789,1.2271391,82.27835,70.08289
2021-11-04 16:00:00,16.687439,11.336945,900.68054,1.4835167,98.89346,70.687546
2021-11-04 17:00:00,15.923309,11.136841,900.69867,1.628866,110.219666,73.235306
2021-11-04 18:00:00,15.729797,11.053345,900.5073,1.6596473,116.77011,73.737335
2021-11-04 19:00:00,15.552155,11.018524,900.1713,1.5794536,120.11368,74.40854
2021-11-04 20:00:00,14.976624,10.874176,899.7335,1.4779384,119.4946,76.47281
2021-11-04 21:00:00,14.757538,10.704193,899.37585,1.4285842,114.77194,76.68783
2021-11-04 22:00:00,14.35376,10.349396,899.0848,0.93097466,114.12567,76.87426
2021-11-04 23:00:00,14.296295,10.353119,899.17847,1.1956389,108.918945,77.179665
2021-11-05 00:00:00,14.627167,10.576813,899.4721,1.4245166,105.39896,76.682335
2021-11-05 01:00:00,14.60965,10.506714,900.08026,1.678646,103.78952,76.4114
2021-11-05 02:00:00,15.9331665,10.957245,900.7728,1.9370531,109.60559,72.322235
2021-11-05 03:00:00,16.353241,10.952972,901.3683,2.007256,124.91022,70.39072
2021-11-05 04:00:00,17.061798,11.187225,901.55743,1.9969044,143.20886,68.34818
2021-11-05 05:00:00,19.456238,11.547211,901.28577,1.9224412,165.05725,60.232628
2021-11-05 06:00:00,20.299805,11.527405,900.6286,1.9021305,197.54846,57.090103
2021-11-05 07:00:00,20.541565,11.537384,899.7073,2.2021477,230.58229,56.281776
2021-11-05 08:00:00,21.226868,11.408447,898.80237,2.6182516,252.0802,53.501022
2021-11-05 09:00:00,21.269043,11.365997,898.2441,2.7008598,266.65247,53.21314
2021-11-05 10:00:00,19.748047,11.770874,897.9104,2.480391,273.57477,60.031067
2021-11-05 11:00:00,19.564362,11.808075,898.06757,1.9348803,282.565,60.868633
2021-11-05 12:00:00,19.36615,11.879944,898.39685,1.8536128,290.63843,61.91596
2021-11-05 13:00:00,19.03897,11.988129,898.9412,1.564299,299.4841,63.642757
2021-11-05 14:00:00,17.927795,11.870758,899.57025,1.2561082,308.39984,67.70401
2021-11-05 15:00:00,16.876495,11.551025,900.07623,0.97639334,311.02298,70.84066
2021-11-05 16:00:00,16.663483,11.520233,900.2932,0.7623504,310.66907,71.658775
2021-11-05 17:00:00,15.838226,11.164612,900.26306,0.69938546,302.93854,73.77021
2021-11-05 18:00:00,15.515564,10.993652,900.0154,0.73139596,301.10028,74.460144
2021-11-05 19:00:00,15.295898,10.978516,899.5979,0.875744,300.03406,75.44067
2021-11-05 20:00:00,14.680969,10.772186,899.10345,1.0709527,307.6099,77.41665
2021-11-05 21:00:00,14.428192,10.62912,898.71857,1.3136349,318.96283,77.944855
2021-11-05 22:00:00,13.877136,10.113129,898.6097,2.0271144,331.67203,78.043594
2021-11-05 23:00:00,13.821564,10.155884,898.7204,2.2855275,340.48697,78.54975
2021-11-06 00:00:00,14.121582,10.309021,899.0372,2.4240906,348.82574,77.828094
2021-11-06 01:00:00,14.12265,10.301086,899.59796,2.519792,356.68756,77.78151
2021-11-06 02:00:00,15.279602,10.611755,900.2841,2.5707006,1.4449463,73.70051
2021-11-06 03:00:00,15.874695,10.662842,900.9014,2.5749578,1.6553345,71.18604
2021-11-06 04:00:00,16.44049,10.65448,901.1521,2.5462554,357.23825,68.62559
2021-11-06 05:00:00,18.767944,11.007599,900.94025,2.6483114,348.34753,60.66562
2021-11-06 06:00:00,19.555542,10.841888,900.26086,2.9006922,336.67154,57.128258
2021-11-06 07:00:00,19.787445,10.861267,899.32416,3.3193133,327.74973,56.384476
2021-11-06 08:00:00,20.53061,10.792267,898.41437,3.6813214,324.53247,53.6056
2021-11-06 09:00:00,20.61789,10.751617,897.83844,3.8935907,326.87915,53.17405
2021-11-06 10:00:00,19.102997,10.982422,897.51276,4.088591,334.67734,59.31096
2021-11-06 11:00:00,18.9057,10.974884,897.6269,3.5288885,348.4248,60.015404
2021-11-06 12:00:00,18.725403,11.03479,897.89056,3.1758387,357.18124,60.93701
2021-11-06 13:00:00,18.401917,11.082703,898.3265,2.9261081,6.1714478,62.381405
2021-11-06 14:00:00,17.201172,11.004547,898.8315,2.6756752,14.154083,66.9321
2021-11-06 15:00:00,16.00174,10.651215,899.26776,2.372482,21.035187,70.55616
2021-11-06 16:00:00,15.693939,10.539337,899.4772,2.0581253,27.070526,71.423836
2021-11-06 17:00:00,14.849945,10.232849,899.5036,1.7266674,31.792358,73.87484
2021-11-06 18:00:00,14.539337,10.107574,899.2275,1.5017068,32.766296,74.74127
2021-11-06 19:00:00,14.308777,10.003998,898.87054,1.3785065,32.10858,75.33954
2021-11-06 20:00:00,13.63858,9.758972,898.4464,1.4341791,30.509949,77.40553
2021-11-06 21:00:00,13.483795,9.59491,898.1306,1.5667859,28.749695,77.33326
2021-11-06 22:00:00,13.05188,9.24942,897.8918,1.5070243,18.56015,77.71652
2021-11-06 23:00:00,13.019501,9.206299,898.0009,1.8268633,22.529633,77.655365
2021-11-07 00:00:00,13.309021,9.321869,898.3276,2.0708504,27.409515,76.79687
2021-11-07 01:00:00,13.370087,9.34198,898.9169,2.2788086,34.694733,76.5954
2021-11-07 02:00:00,14.78595,9.836456,899.58325,2.4368818,42.40103,72.23925
2021-11-07 03:00:00,15.541107,10.051636,900.16815,2.496324,50.401337,69.81617
2021-11-07 04:00:00,16.273071,10.220581,900.4508,2.3053286,55.931488,67.38321
2021-11-07 05:00:00,18.859497,10.695618,900.2994,1.8429029,54.90515,59.081978
2021-11-07 06:00:00,19.707642,10.599915,899.6983,1.2253171,38.050323,55.687725
2021-11-07 07:00:00,19.954712,10.606018,898.8602,1.0486817,356.34518,54.8636
2021-11-07 08:00:00,20.887268,10.549866,898.0891,1.4272125,332.29477,51.60197
2021-11-07 09:00:00,20.960266,10.592316,897.605,1.8554163,331.84158,51.516354
2021-11-07 10:00:00,19.416779,11.184448,897.4321,2.0228937,317.03552,58.94817
2021-11-07 11:00:00,19.282318,11.184845,897.6736,1.8821507,339.05896,59.444954
2021-11-07 12:00:00,19.04712,11.25415,898.1585,2.0438516,348.2801,60.60012
2021-11-07 13:00:00,18.66919,11.299408,898.85077,2.0752695,359.97253,62.2337
2021-11-07 14:00:00,17.5112,11.137878,899.5744,2.074246,9.873779,66.21706
2021-11-07 15:00:00,16.351746,10.740448,900.08984,2.03082,18.472473,69.41015
2021-11-07 16:00:00,16.101685,10.71994,900.3134,1.9639709,24.467224,70.42895
2021-11-07 17:00:00,15.295471,10.444885,900.3809,1.8741869,29.382904,72.81149
2021-11-07 18:00:00,15.0208435,10.330322,900.25635,1.9095798,31.0354,73.54364
2021-11-07 19:00:00,14.833923,10.282288,900.04913,2.0333,32.036194,74.1956
2021-11-07 20:00:00,14.100739,9.985138,899.68774,2.2928097,31.902466,76.26469
2021-11-07 21:00:00,13.945892,9.852875,899.3613,2.5848584,32.485077,76.354996
2021-11-07 22:00:00,13.427765,9.436768,899.277,2.313696,21.24414,76.795944
2021-11-07 23:00:00,13.336304,9.408386,899.32025,2.8265576,27.148773,77.10768
2021-11-08 00:00:00,13.690002,9.673553,899.62146,3.2656052,33.069763,76.70663
2021-11-08 01:00:00,13.725555,9.701233,900.15924,3.6383846,39.186584,76.67183
2021-11-08 02:00:00,15.190247,10.219727,900.84424,3.9302957,44.844116,72.212036
2021-11-08 03:00:00,15.692474,10.346008,901.386,3.9064057,49.60266,70.51579
2021-11-08 04:00:00,16.397919,10.520203,901.6024,3.8898437,51.643616,68.199196
2021-11-08 05:00:00,19.130219,10.886414,901.38666,3.7013278,50.484406,58.8341
2021-11-08 06:00:00,20.01413,10.673462,900.79443,3.3491287,44.082886,54.908085
2021-11-08 07:00:00,20.276093,10.646301,900.0277,3.0410886,33.854004,53.92815
2021-11-08 08:00:00,21.167267,10.606323,899.27875,2.9584668,24.028381,50.913067
2021-11-08 09:00:00,21.25998,10.521027,898.7979,3.0638838,20.142517,50.337555
2021-11-08 10:00:00,19.642517,11.001099,898.59656,2.7847693,2.874054,57.424545
2021-11-08 11:00:00,19.48883,11.01886,898.81177,2.8402107,15.747986,58.043747
2021-11-08 12:00:00,19.299438,11.080353,899.25055,2.9402485,20.19635,58.971638
2021-11-08 13:00:00,18.914154,11.185486,899.83813,3.1408231,26.511993,60.82759
2021-11-08 14:00:00,17.712677,11.075226,900.4649,3.273383,31.656097,65.11011
2021-11-08 15:00:00,16.456604,10.614532,900.9255,3.3089085,35.834747,68.373215
2021-11-08 16:00:00,16.17807,10.551727,901.18274,3.3339798,39.755493,69.306335
2021-11-08 17:00:00,15.279755,10.287781,901.21466,3.3899422,43.144836,72.12515
2021-11-08 18:00:00,15.010437,10.193207,901.0366,3.4917965,45.577057,72.92227
2021-11-08 19:00:00,14.801514,10.0971985,900.7802,3.6434822,46.360474,73.43707
2021-11-08 20:00:00,14.064056,9.778839,900.49194,3.8469996,45.916443,75.39737
2021-11-08 21:00:00,13.91275,9.699402,900.2324,4.117352,45.25891,75.73632
2021-11-08 22:00:00,13.356995,9.37558,900.2414,3.1832764,35.77298,76.834145
2021-11-08 23:00:00,13.266907,9.350769,900.30634,3.8088655,36.125458,77.15784
2021-11-09 00:00:00,13.567291,9.49646,900.674,4.3062677,39.179657,76.40748
2021-11-09 01:00:00,13.582947,9.446991,901.1499,4.730166,43.344604,76.07644
2021-11-09 02:00:00,15.038116,9.981873,901.78375,5.0924306,46.695374,71.77135
2021-11-09 03:00:00,15.596527,10.121582,902.3108,5.2805133,49.966125,69.89487
2021-11-09 04:00:00,16.42978,10.353088,902.5365,5.458141,51.983643,67.30698
2021-11-09 05:00:00,19.186157,10.7127075,902.269,5.434201,52.724304,57.956238
2021-11-09 06:00:00,20.047913,10.600555,901.58594,5.0790677,50.847046,54.52812
2021-11-09 07:00:00,20.346619,10.617889,900.74915,4.6347623,46.762695,53.592293
2021-11-09 08:00:00,21.312103,10.528442,899.9882,4.3416524,42.51349,50.20175
2021-11-09 09:00:00,21.41397,10.463623,899.55756,4.2938223,40.782257,49.67434
2021-11-09 10:00:00,19.749786,10.916748,899.27374,3.1426432,35.8826,56.724995
2021-11-09 11:00:00,19.633514,10.899292,899.46405,3.597062,41.772156,57.069565
2021-11-09 12:00:00,19.317383,10.9696045,899.9002,3.6168554,42.53537,58.47447
2021-11-09 13:00:00,18.935455,11.039001,900.40466,3.7549548,45.878723,60.159523
2021-11-09 14:00:00,17.669159,10.932129,900.97577,3.7580984,49.939117,64.67174
2021-11-09 15:00:00,16.419922,10.610016,901.38837,3.6437736,53.49402,68.51237
2021-11-09 16:00:00,16.1557,10.598755,901.62585,3.507473,56.50699,69.622955
2021-11-09 17:00:00,15.31955,10.374268,901.5511,3.343338,59.09961,72.35753
2021-11-09 18:00:00,15.013916,10.221039,901.2715,3.225157,60.37381,73.04162
2021-11-09 19:00:00,14.82666,10.120514,900.94727,3.07943,61.187378,73.432556
2021-11-09 20:00:00,14.13266,9.871948,900.53076,3.010083,60.65576,75.532684
2021-11-09 21:00:00,13.977234,9.753845,900.1454,3.0393496,59.50937,75.696
2021-11-09 22:00:00,13.499878,9.4861145,900.0705,2.384638,56.30005,76.69006
2021-11-09 23:00:00,13.377777,9.408722,900.1312,2.7458062,54.229797,76.90131
2021-11-10 00:00:00,13.65152,9.556732,900.389,3.0964935,54.945618,76.29828
2021-11-10 01:00:00,13.697601,9.573242,900.8555,3.4325833,58.736084,76.15445
2021-11-10 02:00:00,15.0850525,10.012817,901.40454,3.749274,62.63269,71.703354
2021-11-10 03:00:00,15.554352,10.132568,901.80884,3.8548625,67.14249,70.1354
2021-11-10 04:00:00,16.446716,10.44223,901.9296,3.802672,70.41571,67.63537
2021-11-10 05:00:00,19.365143,10.906586,901.591,3.486989,71.47766,58.05749
2021-11-10 06:00:00,20.184082,10.794373,900.84326,2.9043727,68.855286,54.772533
2021-11-10 07:00:00,20.446136,10.806854,899.92664,2.345045,62.292114,53.93792
2021-11-10 08:00:00,21.471954,10.737946,899.0797,1.9574918,54.224335,50.410686
2021-11-10 09:00:00,21.544434,10.679626,898.57086,1.8282294,48.611694,49.99321
2021-11-10 10:00:00,19.888184,11.134033,898.17084,0.8461995,50.760986,57.057198
2021-11-10 11:00:00,19.748077,11.1354065,898.3401,1.17747,65.62622,57.560204
2021-11-10 12:00:00,19.560425,11.209076,898.7837,1.263744,68.16089,58.519657
2021-11-10 13:00:00,19.171906,11.308746,899.34595,1.4373415,76.20831,60.348423
2021-11-10 14:00:00,17.886719,11.100464,899.96265,1.5996416,86.63745,64.50845
2021-11-10 15:00:00,16.621124,10.841553,900.4015,1.654025,97.256775,68.69134
2021-11-10 16:00:00,16.330353,10.695435,900.6278,1.7110682,107.78552,69.29695
2021-11-10 17:00:00,15.459625,10.473785,900.53107,1.6954346,116.63623,72.18777
2021-11-10 18:00:00,15.136047,10.340088,900.2212,1.6495675,120.75949,73.04849
2021-11-10 19:00:00,14.964233,10.25,899.79663,1.5662614,120.79965,73.417305
2021-11-10 20:00:00,14.30426,9.970032,899.3568,1.5395302,116.36154,75.190475
2021-11-10 21:00:00,14.141174,9.905243,899.0743,1.5230663,109.86499,75.65954
2021-11-10 22:00:00,13.654236,9.65625,899.13654,1.7249594,113.10596,76.795975
2021-11-10 23:00:00,13.516785,9.5668335,899.14044,1.8357922,107.134796,77.022095
2021-11-11 00:00:00,13.784027,9.68988,899.48267,2.0327332,103.1673,76.32303
2021-11-11 01:00:00,13.805206,9.7005005,899.94946,2.2711902,102.46631,76.27243
2021-11-11 02:00:00,15.197388,10.162933,900.54956,2.4894552,102.89868,71.90561
2021-11-11 03:00:00,15.662506,10.289215,900.9557,2.527882,106.06067,70.38392
2021-11-11 04:00:00,16.508606,10.474304,901.09143,2.4355621,111.35605,67.513855
2021-11-11 05:00:00,19.32306,10.951172,900.8005,2.097376,118.484924,58.38232
2021-11-11 06:00:00,20.166199,10.750458,900.07837,1.5094551,130.70209,54.67324
2021-11-11 07:00:00,20.422028,10.767792,899.09985,0.9286346,154.5072,53.878105
2021-11-11 08:00:00,21.323792,10.769318,898.1881,0.7063733,193.81067,50.97654
2021-11-11 09:00:00,21.405273,10.8029175,897.6925,0.6048672,218.18236,50.83611
2021-11-11 10:00:00,19.688019,11.278534,897.3429,1.284806,235.2779,58.325672
2021-11-11 11:00:00,19.583344,11.224091,897.6401,0.8297719,219.83752,58.494587
2021-11-11 12:00:00,19.276184,11.286499,898.15857,0.5774596,205.4272,59.869503
2021-11-11 13:00:00,18.956543,11.302277,898.7618,0.5360393,162.28528,61.138065
2021-11-11 14:00:00,17.765656,11.125092,899.4136,0.84167993,141.67538,65.10817
2021-11-11 15:00:00,16.445618,10.655945,899.92096,1.1661261,138.58463,68.60989
2021-11-11 16:00:00,16.206848,10.605377,900.1616,1.4359345,139.51837,69.42692
2021-11-11 17:00:00,15.3446045,10.370209,900.1277,1.5490799,141.06146,72.22172
2021-11-11 18:00:00,15.103149,10.249786,899.9218,1.6279737,142.54352,72.763245
2021-11-11 19:00:00,14.884491,10.133728,899.6498,1.6128778,142.6264,73.224205
2021-11-11 20:00:00,14.22818,9.887756,899.33435,1.5518657,139.18195,75.146515
2021-11-11 21:00:00,14.112854,9.811188,899.1397,1.5470109,132.13904,75.32246
2021-11-11 22:00:00,13.685425,9.62735,899.02563,1.5264868,125.87903,76.492
2021-11-11 23:00:00,13.581787,9.570282,899.16315,1.6954002,120.83597,76.71479
2021-11-12 00:00:00,13.8619995,9.70108,899.44904,1.9552156,119.754944,75.99469
2021-11-12 01:00:00,13.83313,9.703339,900.01514,2.2286525,119.623535,76.148766
2021-11-12 02:00:00,15.170349,10.093872,900.7018,2.4732754,119.59033,71.69891
2021-11-12 03:00:00,15.885773,10.3559265,901.2438,2.7281504,122.85602,69.69571
2021-11-12 04:00:00,16.687073,10.592041,901.45404,2.7987945,128.55328,67.278175
2021-11-12 05:00:00,19.37024,10.994446,901.21954,2.575418,138.01526,58.378674
2021-11-12 06:00:00,20.083649,10.955292,900.5701,2.0903697,152.4577,55.706234
2021-11-12 07:00:00,20.326447,11.004211,899.74835,1.6152154,176.39294,55.054916
2021-11-12 08:00:00,21.21347,11.150543,898.96454,1.3674242,203.5811,52.6382
2021-11-12 09:00:00,21.277283,11.127747,898.4933,1.1754967,220.92165,52.3534
2021-11-12 10:00:00,19.709412,11.211212,898.2894,1.7539854,248.5382,57.989086
2021-11-12 11:00:00,19.555573,11.197845,898.5472,1.1902823,241.76944,58.49376
2021-11-12 12:00:00,19.282288,11.312103,899.01685,0.9915805,235.57123,59.948307
2021-11-12 13:00:00,19.007019,11.357208,899.60236,0.7030546,220.84747,61.167873
2021-11-12 14:00:00,17.854614,11.327118,900.2986,0.53878623,194.61186,65.61703
2021-11-12 15:00:00,16.60788,10.829803,900.7727,0.5851295,167.98505,68.69551
2021-11-12 16:00:00,16.324982,10.730835,900.99585,0.7084343,159.87201,69.48409
2021-11-12 17:00:00,15.493011,10.472351,900.8862,0.767781,160.72925,72.02657
2021-11-12 18:00:00,15.267975,10.388611,900.6384,0.6960864,166.94122,72.66695
2021-11-12 19:00:00,15.081665,10.285522,900.34985,0.5715011,176.58643,73.03785
2021-11-12 20:00:00,14.451721,10.072296,899.95087,0.32161692,188.9361,74.988335
2021-11-12 21:00:00,14.320496,9.990448,899.6129,0.09746002,218.68391,75.21424
2021-11-12 22:00:00,13.838928,9.6779175,899.4476,0.27803472,287.5135,75.99045
2021-11-12 23:00:00,13.745117,9.686249,899.4718,0.28792417,340.87906,76.49753
2021-11-13 00:00:00,13.990936,9.820648,899.8324,0.37394884,19.55777,75.9681
2021-11-13 01:00:00,14.0668335,9.866943,900.4224,0.53191173,51.869934,75.830055
2021-11-13 02:00:00,15.352173,10.306061,901.1002,0.8552402,72.12207,71.878365
2021-11-13 03:00:00,15.836029,10.406952,901.6129,0.9247203,88.89392,70.155975
2021-11-13 04:00:00,16.598633,10.665039,901.7576,0.6276681,107.18573,67.98677
2021-11-13 05:00:00,19.096558,11.081085,901.5185,0.31802717,186.22507,59.724503
2021-11-13 06:00:00,19.803284,11.052185,900.8578,0.9691555,253.11569,57.047714
2021-11-13 07:00:00,20.04535,11.071075,900.04016,1.8172096,268.1238,56.269135
2021-11-13 08:00:00,20.859497,10.981537,899.1716,2.495194,275.8105,53.195454
2021-11-13 09:00:00,20.909973,10.922455,898.6074,2.7532973,282.09756,52.82296
2021-11-13 10:00:00,19.379028,11.1762085,898.3475,2.5510366,291.78702,59.054478
2021-11-13 11:00:00,19.196045,11.062561,898.55554,1.9269197,298.585,59.2825
2021-11-13 12:00:00,18.935822,11.275665,898.9554,1.768299,301.18668,61.109406
2021-11-13 13:00:00,18.656097,11.262817,899.47687,1.4139483,308.6809,62.133926
2021-11-13 14:00:00,17.506683,11.098389,900.04596,1.1090778,315.37686,66.0627
2021-11-13 15:00:00,16.308838,10.658386,900.4918,0.7923102,316.69717,69.221085
2021-11-13 16:00:00,16.090393,10.679138,900.72986,0.54080623,307.3294,70.28863
2021-11-13 17:00:00,15.335327,10.381561,900.69696,0.4198627,286.56622,72.31947
2021-11-13 18:00:00,15.135651,10.348511,900.40845,0.46504584,271.6498,73.09144
2021-11-13 19:00:00,15.028534,10.319305,900.02325,0.5359914,267.2894,73.453255
2021-11-13 20:00:00,14.28244,10.005371,899.5801,0.61761016,280.72803,75.47494
2021-11-13 21:00:00,14.159149,9.895447,899.2411,0.6991711,295.32922,75.52197
2021-11-13 22:00:00,13.781189,9.62796,899.01245,0.81255686,255.14185,76.02066
2021-11-13 23:00:00,13.659576,9.561981,899.1075,0.82298493,261.37964,76.28521
2021-11-14 00:00:00,13.895691,9.650787,899.433,0.70777106,266.6994,75.57336
2021-11-14 01:00:00,13.909882,9.63504,899.91125,0.46901867,271.7947,75.42409
2021-11-14 02:00:00,15.03949,10.027649,900.47064,0.1263237,276.81705,71.9851
2021-11-14 03:00:00,15.560699,10.154266,900.9098,0.26974994,192.64645,70.20862
2021-11-14 04:00:00,16.45343,10.477509,901.0703,0.63535315,208.80766,67.765656
2021-11-14 05:00:00,18.9953,10.91626,900.85175,1.1942006,229.87589,59.448875
2021-11-14 06:00:00,19.708496,11.004852,900.2198,2.0222816,248.31085,57.20414
2021-11-14 07:00:00,19.947113,11.099396,899.38446,2.9521275,260.19846,56.71886
2021-11-14 08:00:00,20.840027,11.115082,898.58923,3.6496396,268.5055,53.733208
2021-11-14 09:00:00,20.936768,11.097137,898.0609,3.9294877,274.8183,53.350967
2021-11-14 10:00:00,19.390106,11.423035,897.7428,3.444372,279.47226,59.98627
2021-11-14 11:00:00,19.184631,11.321014,897.85187,2.9834921,288.22388,60.34958
2021-11-14 12:00:00,18.914185,11.304077,898.199,2.6205945,293.36697,61.30723
2021-11-14 13:00:00,18.62793,11.406982,898.70026,2.1728685,299.98773,62.840378
2021-11-14 14:00:00,17.574188,11.328033,899.2661,1.7768296,306.31052,66.79065
2021-11-14 15:00:00,16.628876,11.090973,899.6902,1.4604334,308.52664,69.80393
2021-11-14 16:00:00,16.412872,11.0469055,899.9211,1.2206603,306.46262,70.56262
2021-11-14 17:00:00,15.684601,10.804443,899.8589,1.1409527,298.08148,72.738525
2021-11-14 18:00:00,15.502258,10.800751,899.59406,1.1350899,293.16443,73.57479
2021-11-14 19:00:00,15.329132,10.765289,899.1571,1.2257748,292.5102,74.22097
2021-11-14 20:00:00,14.800262,10.58667,898.6332,1.3416747,297.94135,75.88107
2021-11-14 21:00:00,14.585846,10.508881,898.1623,1.4851393,304.86356,76.53992
2021-11-14 22:00:00,14.272369,10.226532,897.8148,1.1096528,310.13312,76.648834
2021-11-14 23:00:00,14.167694,10.211243,897.8731,1.20088,313.70786,77.091125
2021-11-15 00:00:00,14.386353,10.293457,898.1422,1.1711687,319.13907,76.42663
2021-11-15 01:00:00,14.338226,10.258118,898.6248,1.0395354,328.7186,76.48416
2021-11-15 02:00:00,15.396088,10.7013855,899.18787,0.82566917,341.85947,73.58939
2021-11-15 03:00:00,15.787079,10.71521,899.6675,0.49575484,325.252,71.835724
2021-11-15 04:00:00,16.441742,10.9687195,899.75995,0.82689565,280.62277,70.06858
2021-11-15 05:00:00,18.904572,11.374756,899.4347,1.5060953,275.9916,61.63172
2021-11-15 06:00:00,19.561401,11.229034,898.71204,2.2682185,277.1833,58.593536
2021-11-15 07:00:00,19.791992,11.175476,897.8105,2.9908698,280.68503,57.55633
2021-11-15 08:00:00,20.619812,11.078461,896.9685,3.4936876,284.5188,54.334564
2021-11-15 09:00:00,20.667908,11.064941,896.39575,3.6429315,290.88315,54.125237
2021-11-15 10:00:00,19.16037,11.385773,895.9721,3.9072707,295.81995,60.700512
2021-11-15 11:00:00,18.991821,11.36496,896.1451,3.2505708,308.35684,61.257317
2021-11-15 12:00:00,18.745178,11.50412,896.56885,3.0990238,315.4634,62.78338
2021-11-15 13:00:00,18.475525,11.586792,897.1476,2.8191276,326.635,64.20148
2021-11-15 14:00:00,17.330353,11.493744,897.81836,2.5437326,337.97687,68.57438
2021-11-15 15:00:00,16.11789,11.123657,898.3599,2.2418156,348.559,72.26817
2021-11-15 16:00:00,15.883636,11.077301,898.67413,1.9689027,356.89856,73.13179
2021-11-15 17:00:00,15.142334,10.785889,898.7266,1.7367338,2.7270203,75.219574
2021-11-15 18:00:00,14.907318,10.684967,898.582,1.6351668,7.1162415,75.85437
2021-11-15 19:00:00,14.730499,10.603149,898.24475,1.5546207,9.110535,76.3067
2021-11-15 20:00:00,14.057678,10.254395,897.8533,1.5761278,12.005371,77.86654
2021-11-15 21:00:00,13.913055,10.133606,897.5725,1.6743305,14.127777,77.96855
2021-11-15 22:00:00,13.518829,9.81015,897.4963,1.4762622,3.6448364,78.278854
2021-11-15 23:00:00,13.429474,9.752533,897.61975,1.6466073,15.845825,78.432106
2021-11-16 00:00:00,13.661743,9.904266,897.96924,1.7604166,27.437256,78.045
2021-11-16 01:00:00,13.612427,9.792816,898.6258,1.8325218,39.727356,77.71334
2021-11-16 02:00:00,14.74942,10.322266,899.42694,1.9724915,54.364685,74.80003
2021-11-16 03:00:00,15.21048,10.353302,900.08014,2.0104318,66.18735,72.76414
2021-11-16 04:00:00,15.93042,10.462524,900.3696,1.8677474,76.1702,69.99298
2021-11-16 05:00:00,18.463776,11.036255,900.2068,1.3959955,84.862946,61.94892
2021-11-16 06:00:00,19.174133,10.912628,899.6504,0.5966691,100.520905,58.77558
2021-11-16 07:00:00,19.411163,10.85553,898.84827,0.34303027,262.26324,57.695507
2021-11-16 08:00:00,20.381897,10.790802,898.0829,0.99350446,284.4251,54.094418
2021-11-16 09:00:00,20.48703,10.730133,897.569,1.3388033,302.85074,53.528236
2021-11-16 10:00:00,18.905731,11.048248,897.35986,1.9657787,305.07135,60.30823
2021-11-16 11:00:00,18.752502,11.009491,897.6535,1.613612,338.71234,60.731827
2021-11-16 12:00:00,18.574036,11.0563965,898.1329,1.944653,355.61224,61.604977
2021-11-16 13:00:00,18.273987,11.097778,898.82587,2.2074277,12.073517,62.9467
2021-11-16 14:00:00,17.11728,10.959564,899.52484,2.4224117,25.384338,67.08769
2021-11-16 15:00:00,16.00058,10.54245,900.0835,2.5451276,35.963013,70.052216
2021-11-16 16:00:00,15.740051,10.470001,900.37836,2.6136954,45.19879,70.88518
2021-11-16 17:00:00,14.881744,10.137939,900.43945,2.5542274,51.823883,73.257774
2021-11-16 18:00:00,14.579498,10.028442,900.2257,2.5009096,56.798676,74.15435
2021-11-16 19:00:00,14.41272,9.891815,899.9472,2.502478,60.306183,74.27517
2021-11-16 20:00:00,13.868103,9.6970825,899.59485,2.589669,61.277863,75.94423
2021-11-16 21:00:00,13.725494,9.571991,899.30444,2.7218597,60.742065,76.01017
2021-11-16 22:00:00,13.329468,9.298492,899.3329,2.3572056,60.70822,76.57407
2021-11-16 23:00:00,13.246155,9.252533,899.4158,2.8189046,58.931488,76.753426
2021-11-17 00:00:00,13.452393,9.371002,899.7751,3.175247,60.752228,76.33469
2021-11-17 01:00:00,13.462036,9.376923,900.37274,3.533152,64.44208,76.31715
2021-11-17 02:00:00,14.769287,9.778656,901.1399,3.9287546,69.38428,72.03734
2021-11-17 03:00:00,15.29364,10.007355,901.8317,4.0394616,77.17389,70.723114
2021-11-17 04:00:00,16.18155,10.391693,902.1716,3.9760358,86.103455,68.5558
2021-11-17 05:00:00,18.88211,10.9028015,902.0379,3.6842203,94.90857,59.816856
2021-11-17 06:00:00,19.661621,10.923248,901.45264,3.122769,102.7511,57.06079
2021-11-17 07:00:00,19.914795,10.959534,900.641,2.4358428,108.72925,56.307472
2021-11-17 08:00:00,20.924194,10.983246,899.7834,1.8687098,110.8757,52.990246
2021-11-17 09:00:00,21.030304,10.9505005,899.08545,1.5668378,104.25235,52.531517
2021-11-17 10:00:00,19.378998,11.297974,898.71967,0.6600159,95.609436,59.532906
2021-11-17 11:00:00,19.21994,11.228027,898.7886,1.0864301,78.23508,59.847294
2021-11-17 12:00:00,18.847198,11.202209,899.08685,1.2582314,68.34552,61.150158
2021-11-17 13:00:00,18.551758,11.2187195,899.62537,1.5409864,71.05661,62.358475
2021-11-17 14:00:00,17.485046,11.071899,900.2106,1.7756622,74.72974,66.036835
2021-11-17 15:00:00,16.500275,10.732605,900.7008,1.9045144,78.727264,68.72143
2021-11-17 16:00:00,16.329132,10.672455,900.9455,1.8934127,83.89279,69.19644
2021-11-17 17:00:00,15.637299,10.48288,900.9394,1.8652484,88.11209,71.41408
2021-11-17 18:00:00,15.394592,10.399628,900.6725,1.8183604,92.352356,72.13191
2021-11-17 19:00:00,15.2561035,10.340729,900.2592,1.7343625,95.1286,72.49043
2021-11-17 20:00:00,14.696869,10.162109,899.79175,1.6327142,96.28104,74.25555
2021-11-17 21:00:00,14.5555725,10.100555,899.3463,1.5116969,93.85864,74.627945
2021-11-17 22:00:00,14.208099,9.82901,899.1902,1.176126,83.07971,74.94878
2021-11-17 23:00:00,14.124298,9.786926,899.1065,1.1824527,74.641205,75.14439
2021-11-18 00:00:00,14.329437,9.870392,899.33875,1.2535393,74.738556,74.569115
2021-11-18 01:00:00,14.31311,9.86853,899.76697,1.4554772,76.66736,74.638565
2021-11-18 02:00:00,15.800262,10.4999695,900.3613,1.6636871,82.45398,70.75394
2021-11-18 03:00:00,16.208557,10.583191,900.9112,1.8017668,95.62967,69.31688
2021-11-18 04:00:00,16.786224,10.824036,901.18964,1.5904099,116.150116,67.89595
2021-11-18 05:00:00,19.13034,11.403748,901.015,0.9914416,146.40198,60.88658
2021-11-18 06:00:00,20.031555,11.4861145,900.2823,0.82007575,201.32906,57.886707
2021-11-18 07:00:00,20.233337,11.494202,899.28265,1.2671208,237.37726,57.19935
2021-11-18 08:00:00,20.906342,11.587921,898.24536,1.5945588,249.98477,55.215897
2021-11-18 09:00:00,20.94342,11.57666,897.5305,1.5197054,256.48734,55.049194
2021-11-18 10:00:00,19.346893,11.738922,897.2132,1.8241876,262.4746,61.41631
2021-11-18 11:00:00,19.144989,11.799744,897.2488,1.0840272,270.13123,62.443363
2021-11-18 12:00:00,18.863861,11.8685,897.58325,0.7454371,275.3414,63.83688
2021-11-18 13:00:00,18.618591,11.840027,898.0718,0.20487243,265.54944,64.70153
2021-11-18 14:00:00,17.736877,11.777863,898.63806,0.3080035,124.94287,68.10404
2021-11-18 15:00:00,16.855804,11.461395,899.0886,0.7081159,131.5213,70.514595
2021-11-18 16:00:00,16.648071,11.458649,899.3329,1.0354927,139.88239,71.43746
2021-11-18 17:00:00,15.973663,11.308563,899.24396,1.2580348,146.2132,73.835526
2021-11-18 18:00:00,15.731476,11.187775,898.9353,1.3973202,151.7526,74.38961
2021-11-18 19:00:00,15.543671,11.120087,898.54193,1.4561089,159.38013,74.95228
2021-11-18 20:00:00,15.083466,10.903809,898.1062,1.3542031,165.14612,76.09877
2021-11-18 21:00:00,14.885834,10.8046875,897.74115,1.2027247,169.12952,76.566605
2021-11-18 22:00:00,14.452576,10.456238,897.5139,1.147983,166.10022,76.93105
2021-11-18 23:00:00,14.384216,10.44223,897.4412,0.95888275,163.60785,77.19953
2021-11-19 00:00:00,14.565491,10.543823,897.6568,0.95011574,158.63574,76.81916
2021-11-19 01:00:00,14.564423,10.565369,898.1574,1.0551642,148.09491,76.93481
2021-11-19 02:00:00,15.642273,10.992706,898.7746,1.1923887,142.5943,73.85369
2021-11-19 03:00:00,16.118164,11.135132,899.28595,1.4502114,150.62335,72.32191
2021-11-19 04:00:00,16.7836,11.405243,899.4634,1.6433127,172.98145,70.57569
2021-11-19 05:00:00,18.90976,11.795227,899.14966,1.8343964,205.0596,63.34737
2021-11-19 06:00:00,19.62738,11.807526,898.3967,2.2865698,227.4521,60.62869
2021-11-19 07:00:00,19.8172,11.801788,897.449,2.828437,237.953,59.896206
2021-11-19 08:00:00,20.569183,11.96582,896.5104,3.1196978,243.5444,57.797073
2021-11-19 09:00:00,20.588165,11.987915,895.8798,2.9751995,247.61035,57.81356
2021-11-19 10:00:00,19.20987,12.026337,895.5375,3.1520443,247.2381,63.127117
2021-11-19 11:00:00,18.97876,12.060028,895.63477,2.5012603,247.87996,64.18537
2021-11-19 12:00:00,18.773376,12.143097,895.9832,2.2469406,250.83978,65.370186
2021-11-19 13:00:00,18.424713,12.044403,896.5097,1.8191569,250.22333,66.37958
2021-11-19 14:00:00,17.431885,11.897949,897.11304,1.4464653,244.6872,69.97855
2021-11-19 15:00:00,16.653076,11.670868,897.5901,1.229635,234.57422,72.423294
2021-11-19 16:00:00,16.457733,11.627045,897.86334,1.1755191,223.8421,73.11629
2021-11-19 17:00:00,15.629059,11.358307,897.93,1.2420796,216.25287,75.7293
2021-11-19 18:00:00,15.396545,11.220673,897.8345,1.3038809,213.99213,76.16862
2021-11-19 19:00:00,15.214111,11.150848,897.6382,1.3398421,215.90274,76.70988
2021-11-19 20:00:00,14.632904,10.918182,897.2671,1.3221291,219.1496,78.41416
2021-11-19 21:00:00,14.463684,10.8785095,896.87524,1.1900462,223.24803,79.06686
2021-11-19 22:00:00,14.172272,10.577759,896.62665,1.3102633,236.16153,78.975334
2021-11-19 23:00:00,14.064056,10.555298,896.7333,0.9594886,235.88864,79.41199
2021-11-20 00:00:00,14.259705,10.65155,897.11554,0.6142684,229.35983,78.91641
2021-11-20 01:00:00,14.276093,10.729797,897.71295,0.36332777,190.1309,79.24428
2021-11-20 02:00:00,15.352112,11.102875,898.4556,0.5108395,138.97546,75.79187
2021-11-20 03:00:00,15.879639,11.245453,899.10266,0.8301177,147.2136,73.97044
2021-11-20 04:00:00,16.5643,11.494019,899.5032,1.0811187,166.10913,71.98691
2021-11-20 05:00:00,18.646698,11.95813,899.3585,1.3801137,193.04733,65.092575
2021-11-20 06:00:00,19.471558,12.167358,898.81805,1.7451034,218.8986,62.686592
2021-11-20 07:00:00,19.769806,12.252808,898.0135,2.1948133,239.35004,61.88313
2021-11-20 08:00:00,20.606628,12.374695,897.28784,2.4571502,252.99031,59.235485
2021-11-20 09:00:00,20.634857,12.360718,896.8803,2.3736217,263.29755,59.0783
2021-11-20 10:00:00,19.28595,12.462219,896.75165,2.303503,272.69412,64.65486
2021-11-20 11:00:00,19.081268,12.426178,896.9489,1.4543885,287.09473,65.329865
2021-11-20 12:00:00,18.851929,12.472412,897.3455,1.2057017,299.75424,66.47286
2021-11-20 13:00:00,18.605621,12.4852295,897.8638,0.8737091,316.67505,67.5611
2021-11-20 14:00:00,17.648285,12.335022,898.49646,0.64559996,339.42188,71.04365
2021-11-20 15:00:00,16.740936,12.06723,898.9905,0.4725886,8.399689,73.927055
2021-11-20 16:00:00,16.525787,11.976624,899.28534,0.42845783,43.622833,74.49861
2021-11-20 17:00:00,15.749786,11.664429,899.35046,0.4400989,69.2092,76.68277
2021-11-20 18:00:00,15.526184,11.549957,899.19946,0.45884806,77.34042,77.20229
2021-11-20 19:00:00,15.3246765,11.469086,898.94086,0.5003684,72.40195,77.789314
2021-11-20 20:00:00,14.671539,11.120117,898.51196,0.6196344,60.14743,79.27428
2021-11-20 21:00:00,14.519531,11.032257,898.2432,0.8090413,52.84903,79.59054
2021-11-20 22:00:00,14.114349,10.730621,898.0368,0.4388257,329.27283,80.08276
2021-11-20 23:00:00,14.028259,10.691467,898.21405,0.6847302,9.509705,80.321266
2021-11-21 00:00:00,14.291565,10.805481,898.594,1.018682,32.516083,79.564415
2021-11-21 01:00:00,14.283813,10.802887,899.1947,1.3747143,46.34256,79.5906
2021-11-21 02:00:00,15.356781,11.174561,899.95056,1.6749007,57.94998,76.13014
2021-11-21 03:00:00,15.7109375,11.094116,900.615,1.6601477,68.68701,74.026306
2021-11-21 04:00:00,16.434692,11.425659,900.98444,1.3456638,76.02319,72.25526
2021-11-21 05:00:00,18.728577,11.7352295,900.85974,0.7396225,74.94354,63.81533
2021-11-21 06:00:00,19.559906,11.788727,900.3145,0.21776076,336.42184,60.807835
2021-11-21 07:00:00,19.856995,11.766602,899.54834,0.8737736,289.40945,59.61011
2021-11-21 08:00:00,20.755707,11.707916,898.83044,1.3732445,291.3466,56.173336
2021-11-21 09:00:00,20.852478,11.726868,898.3632,1.5520022,300.0156,55.909718
2021-11-21 10:00:00,19.358154,11.925079,898.2018,1.5502821,286.99902,62.131317
2021-11-21 11:00:00,19.187988,11.87323,898.35376,0.809268,328.57782,62.578793
2021-11-21 12:00:00,18.98059,11.967316,898.7195,0.9213168,355.99152,63.787437
2021-11-21 13:00:00,18.710968,12.037842,899.2864,1.0747198,20.617096,65.1727
2021-11-21 14:00:00,17.590454,11.91394,899.9596,1.2161951,34.036133,69.35493
2021-11-21 15:00:00,16.548431,11.568207,900.4547,1.2847682,43.554382,72.41377
2021-11-21 16:00:00,16.269775,11.454773,900.67,1.285728,49.937042,73.15863
2021-11-21 17:00:00,15.489166,11.068481,900.6763,1.1839879,54.458557,74.957504
2021-11-21 18:00:00,15.256165,11.00766,900.55896,1.1138294,53.92386,75.779816
2021-11-21 19:00:00,15.067383,10.909363,900.33673,1.08541,49.9852,76.205605
2021-11-21 20:00:00,14.471039,10.660339,899.97955,1.2229548,42.15341,77.89107
2021-11-21 21:00:00,14.311798,10.550507,899.5666,1.4637576,36.000122,78.12354
2021-11-21 22:00:00,13.923523,10.267059,899.5089,1.2073237,26.747131,78.61326
2021-11-21 23:00:00,13.864105,10.242065,899.5114,1.64807,27.46399,78.78536
2021-11-22 00:00:00,14.057159,10.311005,899.771,2.036883,29.49408,78.16397
2021-11-22 01:00:00,14.050507,10.29129,900.3295,2.4121158,34.819458,78.09485
2021-11-22 02:00:00,15.161804,10.689667,901.00275,2.668659,37.84836,74.64627
2021-11-22 03:00:00,15.659485,10.778687,901.58704,2.764411,36.54901,72.73089
2021-11-22 04:00:00,16.357178,10.889679,901.8282,2.7698944,29.51593,70.07786
2021-11-22 05:00:00,18.73169,11.229126,901.62146,2.717035,16.060333,61.70305
2021-11-22 06:00:00,19.519775,11.117859,900.96875,2.9073308,359.1431,58.31396
2021-11-22 07:00:00,19.7789,11.108795,900.1012,3.3586898,346.64236,57.34899
2021-11-22 08:00:00,20.676056,10.945282,899.1844,3.88914,340.90308,53.67014
2021-11-22 09:00:00,20.733917,10.835266,898.5514,4.247332,341.69,53.08981
2021-11-22 10:00:00,19.172516,11.076782,898.2443,3.758991,339.816,59.4255
2021-11-22 11:00:00,18.978851,11.068939,898.3289,3.812743,356.36594,60.116108
2021-11-22 12:00:00,18.76236,11.10083,898.6607,3.7475922,3.6721191,61.063366
2021-11-22 13:00:00,18.453918,11.202087,899.22034,3.8743093,9.691956,62.672596
2021-11-22 14:00:00,17.332458,11.1015625,899.7551,3.9348426,13.648773,66.80753
2021-11-22 15:00:00,16.17981,10.704498,900.173,3.8457165,17.622467,70.00699
2021-11-22 16:00:00,15.905945,10.600922,900.40454,3.6813679,20.84433,70.751816
2021-11-22 17:00:00,15.166565,10.341858,900.433,3.538177,22.14441,72.914
2021-11-22 18:00:00,14.883636,10.263611,900.2905,3.4628944,22.88208,73.86629
2021-11-22 19:00:00,14.650543,10.198151,899.9761,3.442197,22.951569,74.657265
2021-11-22 20:00:00,14.000305,9.951233,899.58514,3.4961843,23.179016,76.58873
2021-11-22 21:00:00,13.856293,9.847504,899.2109,3.576696,23.423553,76.77256
2021-11-22 22:00:00,13.429138,9.582397,899.1984,3.2531552,18.212646,77.5438
2021-11-22 23:00:00,13.354858,9.517456,899.16907,3.6414008,19.578064,77.580925
2021-11-23 00:00:00,13.571411,9.600494,899.3631,3.9285517,23.064423,76.92242
2021-11-23 01:00:00,13.526184,9.567352,899.91724,4.1684337,28.73761,76.97768
2021-11-23 02:00:00,14.603943,9.948669,900.6101,4.426474,32.94995,73.64334
2021-11-23 03:00:00,15.182678,9.996338,901.21185,4.709883,35.669342,71.17637
2021-11-23 04:00:00,15.955841,10.159454,901.4465,4.8220816,36.35544,68.48027
2021-11-23 05:00:00,18.452545,10.444153,901.25006,4.6634183,34.864624,59.598618
2021-11-23 06:00:00,19.326172,10.368835,900.5882,4.34272,29.270325,56.152058
2021-11-23 07:00:00,19.597229,10.445129,899.7332,4.097148,21.158112,55.49544
2021-11-23 08:00:00,20.535034,10.329498,898.8699,4.081324,13.571838,51.964344
2021-11-23 09:00:00,20.606628,10.243439,898.2869,4.2293386,11.0798645,51.439182
2021-11-23 10:00:00,19.02655,10.700806,898.04626,3.7967126,7.9943542,58.489372
2021-11-23 11:00:00,18.879333,10.699524,898.1406,4.356651,20.327972,59.024162
2021-11-23 12:00:00,18.679749,10.759033,898.50494,4.7282934,28.509766,60.001957
2021-11-23 13:00:00,18.266144,10.764435,899.108,5.094946,36.029633,61.59883
2021-11-23 14:00:00,17.191742,10.614227,899.7282,5.2960873,42.419006,65.25673
2021-11-23 15:00:00,16.011108,10.297485,900.2392,5.343648,48.035492,68.870964
2021-11-23 16:00:00,15.7100525,10.239075,900.5022,5.324764,52.636993,69.935585
2021-11-23 17:00:00,15.314026,10.126556,900.5481,5.240052,55.56082,71.19586
2021-11-23 18:00:00,14.621277,9.788208,900.3708,5.1672535,57.50888,72.77475
2021-11-23 19:00:00,14.369324,9.748474,900.0559,5.062217,58.601837,73.77194
2021-11-23 20:00:00,13.734924,9.470154,899.6144,4.97398,58.505188,75.44587
2021-11-23 21:00:00,13.395386,9.274017,899.19366,4.975936,57.299072,76.12045
2021-11-23 22:00:00,13.143829,9.286499,899.1981,4.3874927,53.505646,77.444336
2021-11-23 23:00:00,13.036804,9.233093,899.1973,4.648144,54.47296,77.70766
2021-11-24 00:00:00,13.287842,9.327789,899.47406,4.867471,56.379456,76.933586
2021-11-24 01:00:00,13.27356,9.337799,900.10547,5.0934806,59.39859,77.05713
2021-11-24 02:00:00,14.497253,9.815979,900.8311,5.4015837,62.57608,73.49637
2021-11-24 03:00:00,15.01767,9.935455,901.41626,5.4677405,65.48303,71.64291
2021-11-24 04:00:00,15.796204,10.181885,901.6459,5.3401637,67.90448,69.28613
2021-11-24 05:00:00,18.528442,10.780212,901.40234,4.8564186,68.51929,60.658104
2021-11-24 06:00:00,19.377472,10.657776,900.8137,4.1229806,64.63443,57.06116
2021-11-24 07:00:00,19.651947,10.701019,900.00854,3.4028213,56.67639,56.257854
2021-11-24 08:00:00,20.568695,10.758667,899.2024,3.0459728,47.203796,53.360527
2021-11-24 09:00:00,20.632843,10.662659,898.66315,3.0969307,42.00476,52.811592
2021-11-24 10:00:00,18.97406,11.075012,898.40155,2.1989615,33.673523,60.158302
2021-11-24 11:00:00,18.781342,11.118378,898.54333,3.116291,43.16986,61.06199
2021-11-24 12:00:00,18.510712,11.257294,898.9556,3.8704271,49.97159,62.678917
2021-11-24 13:00:00,18.189209,11.288361,899.59204,4.3868027,55.752136,64.08684
2021-11-24 14:00:00,17.061005,11.099457,900.2124,4.7774835,59.703186,67.95503
2021-11-24 15:00:00,15.947662,10.798523,900.7148,4.937235,64.02185,71.49737
2021-11-24 16:00:00,15.711334,10.821472,900.9766,5.002369,67.645874,72.69646
2021-11-24 17:00:00,14.934998,10.577515,900.98413,4.936819,70.48926,75.17965
2021-11-24 18:00:00,14.610565,10.475037,900.7568,4.8598332,71.570404,76.245766
2021-11-24 19:00:00,14.462799,10.424011,900.39233,4.7948656,71.72275,76.71527
2021-11-24 20:00:00,13.793793,10.149811,899.9571,4.7827983,70.63129,78.6596
2021-11-24 21:00:00,13.622986,10.054047,899.61743,4.81154,69.25375,79.02998
2021-11-24 22:00:00,13.2126465,9.862122,899.5868,3.7231836,70.66516,80.13464
2021-11-24 23:00:00,13.149506,9.840851,899.6725,3.8762507,66.53348,80.35092
2021-11-25 00:00:00,13.378662,9.944061,900.0186,4.098223,64.414,79.70813
2021-11-25 01:00:00,13.348175,9.935272,900.59985,4.4049497,63.878937,79.819664
2021-11-25 02:00:00,14.618652,10.477966,901.30396,4.759383,64.483795,76.22086
2021-11-25 03:00:00,15.014465,10.535492,901.92865,4.8552313,65.36786,74.58715
2021-11-25 04:00:00,15.717102,10.782715,902.2215,4.6895967,63.87564,72.48261
2021-11-25 05:00:00,18.365875,11.359955,902.0101,4.3879576,58.387665,63.68168
2021-11-25 06:00:00,19.11435,11.249756,901.392,4.03948,48.162292,60.32909
2021-11-25 07:00:00,19.349915,11.126953,900.5139,3.8431406,36.87314,58.96866
2021-11-25 08:00:00,20.241333,10.915039,899.6789,3.9596236,28.871521,55.018448
2021-11-25 09:00:00,20.271393,10.847504,899.12103,4.2604814,26.78769,54.670517
2021-11-25 10:00:00,18.69342,11.23764,898.8642,4.099997,28.502777,61.88576
2021-11-25 11:00:00,18.558899,11.336945,899.00494,4.3715806,37.09561,62.82057
2021-11-25 12:00:00,18.345734,11.416321,899.4309,4.5784144,43.275726,64.000404
2021-11-25 13:00:00,18.081848,11.500732,900.0159,4.740752,48.70999,65.43343
2021-11-25 14:00:00,16.91153,11.343658,900.60065,4.7987604,53.873962,69.72065
2021-11-25 15:00:00,15.658417,10.778168,901.04156,4.6724477,58.629333,72.73336
2021-11-25 16:00:00,15.3958435,10.713959,901.29315,4.531225,62.592957,73.652115
2021-11-25 17:00:00,14.519012,10.39502,901.25903,4.3062387,65.56552,76.28962
2021-11-25 18:00:00,14.192078,10.2604065,900.98364,4.155753,67.24408,77.22262
2021-11-25 19:00:00,13.998413,10.170044,900.608,4.0046377,67.11972,77.72712
2021-11-25 20:00:00,13.364044,9.883057,900.2517,3.9374466,65.8927,79.45891
2021-11-25 21:00:00,13.160278,9.741119,900.01025,3.913643,63.140564,79.75961
2021-11-25 22:00:00,12.772919,9.482422,899.88336,3.6775253,64.97638,80.39681
2021-11-25 23:00:00,12.716064,9.439636,899.94336,3.8441398,60.851654,80.465004
2021-11-26 00:00:00,12.888489,9.520538,900.3167,4.0862646,58.814575,79.99573
2021-11-26 01:00:00,12.892853,9.512054,900.9168,4.3913364,58.664856,79.92734
2021-11-26 02:00:00,13.998138,9.976654,901.6635,4.765762,59.340515,76.72993
2021-11-26 03:00:00,14.521332,10.111481,902.21075,5.0161614,60.523315,74.847755
2021-11-26 04:00:00,15.229401,10.313599,902.4166,5.1045074,60.105103,72.4835
2021-11-26 05:00:00,18.03424,10.859985,902.1658,4.8770766,56.275085,62.900597
2021-11-26 06:00:00,18.905487,10.656555,901.4816,4.459081,48.578857,58.75963
2021-11-26 07:00:00,19.19925,10.612335,900.5999,4.0988584,39.032104,57.523453
2021-11-26 08:00:00,20.180054,10.360596,899.7379,4.0752497,31.417725,53.226154
2021-11-26 09:00:00,20.260193,10.306702,899.2428,4.308262,28.496124,52.77306
2021-11-26 10:00:00,18.608215,10.628265,898.97565,3.6597476,20.00238,59.748928
2021-11-26 11:00:00,18.456146,10.6492,899.2333,4.0935173,31.31018,60.404617
2021-11-26 12:00:00,18.214203,10.759735,899.7125,4.4640617,38.73407,61.780613
2021-11-26 13:00:00,17.866241,10.807617,900.3098,4.816976,44.66989,63.347797
2021-11-26 14:00:00,16.621826,10.579315,900.91064,5.01531,49.336853,67.50034
2021-11-26 15:00:00,15.349365,10.222168,901.34106,5.0614243,54.03479,71.489784
2021-11-26 16:00:00,15.106903,10.151123,901.5327,5.009003,57.87384,72.26787
2021-11-26 17:00:00,14.281311,9.833008,901.49304,4.884697,60.59793,74.61452
2021-11-26 18:00:00,14.000641,9.734314,901.2319,4.7695727,62.217255,75.482315
2021-11-26 19:00:00,13.822449,9.646301,900.84906,4.702961,63.081177,75.910614
2021-11-26 20:00:00,13.21051,9.403961,900.3848,4.6940436,62.852753,77.7196
2021-11-26 21:00:00,13.046936,9.367157,900.01544,4.7773685,61.962463,78.35978
2021-11-26 22:00:00,12.635071,9.098297,899.9493,4.3339624,66.76276,79.05626
2021-11-26 23:00:00,12.580231,9.0755005,899.99304,4.52881,66.216675,79.21915
2021-11-27 00:00:00,12.85022,9.179626,900.33325,4.720646,66.84192,78.37864
2021-11-27 01:00:00,12.769501,9.093689,900.9483,4.996572,68.06763,78.33896
2021-11-27 02:00:00,13.953644,9.58197,901.6793,5.2931204,69.02286,74.9429
2021-11-27 03:00:00,14.519989,9.713348,902.2082,5.3904586,71.083374,72.88546
2021-11-27 04:00:00,15.228394,9.792419,902.4414,5.211632,73.35361,70.0053
2021-11-27 05:00:00,18.087067,10.401794,902.2063,4.778737,74.19418,60.80887
2021-11-27 06:00:00,18.887024,10.2378235,901.60046,4.1356673,70.60608,57.207954
2021-11-27 07:00:00,19.138428,10.135864,900.742,3.5392382,62.905334,55.93554
2021-11-27 08:00:00,20.08136,9.921722,899.9304,3.2420754,53.621246,52.004284
2021-11-27 09:00:00,20.19574,9.875275,899.4634,3.3373592,46.860107,51.477367
2021-11-27 10:00:00,18.503601,10.243317,899.13556,2.6415086,40.93808,58.61759
2021-11-27 11:00:00,18.309357,10.300751,899.437,3.5403237,44.562805,59.56344
2021-11-27 12:00:00,18.019867,10.4888,899.915,4.289009,46.964935,61.421406
2021-11-27 13:00:00,17.764618,10.525604,900.5064,4.877285,49.92334,62.569
2021-11-27 14:00:00,16.63858,10.361877,901.13837,5.2408595,52.94037,66.45837
2021-11-27 15:00:00,15.563019,9.965637,901.62463,5.5013957,55.302612,69.318306
2021-11-27 16:00:00,15.371429,9.959991,901.8938,5.661616,57.35446,70.148346
2021-11-27 17:00:00,14.617249,9.734863,901.88196,5.757255,58.45926,72.53387
2021-11-27 18:00:00,14.356384,9.606018,901.635,5.8314004,58.552917,73.13158
2021-11-27 19:00:00,14.178619,9.562256,901.34143,5.8786607,57.825256,73.760574
2021-11-27 20:00:00,13.462494,9.251648,900.98474,6.0058956,56.261505,75.674515
2021-11-27 21:00:00,13.292267,9.183594,900.73096,6.223871,54.722595,76.1687
2021-11-27 22:00:00,12.882355,8.976135,900.7756,5.929909,53.279755,77.1488
2021-11-27 23:00:00,12.792267,8.927307,900.8842,6.2807317,53.038788,77.34966
2021-11-28 00:00:00,13.031555,9.0425415,901.2752,6.5058746,54.609802,76.74293
2021-11-28 01:00:00,12.980957,8.99704,901.9226,6.727225,56.572083,76.76122
2021-11-28 02:00:00,14.058929,9.480072,902.6676,7.036846,58.45627,73.92553
2021-11-28 03:00:00,14.586121,9.482849,903.2061,7.0320754,60.57245,71.46088
2021-11-28 04:00:00,15.276855,9.737793,903.4252,6.7191615,61.72589,69.53277
2021-11-28 05:00:00,17.835724,10.19342,903.1802,6.25191,61.503662,60.92434
2021-11-28 06:00:00,18.613434,10.059509,902.5293,5.6495075,58.336334,57.505352
2021-11-28 07:00:00,18.876373,10.026154,901.702,5.131968,52.62451,56.441914
2021-11-28 08:00:00,19.764679,10.009827,900.90607,4.8807573,46.8443,53.34815
2021-11-28 09:00:00,19.848389,9.921722,900.4514,4.9388103,43.40442,52.759995
2021-11-28 10:00:00,18.217194,10.148804,900.40265,4.49434,42.431915,59.303993
2021-11-28 11:00:00,18.037262,10.171478,900.6509,5.131403,48.25055,60.06887
2021-11-28 12:00:00,17.886932,10.360321,901.0334,5.5727215,48.46176,61.40871
2021-11-28 13:00:00,17.594177,10.344208,901.6244,5.944516,51.050354,62.48438
2021-11-28 14:00:00,16.369537,10.170929,902.2851,6.1980715,53.579407,66.748795
2021-11-28 15:00:00,15.066284,9.541412,902.7976,6.279024,55.65509,69.55733
2021-11-28 16:00:00,14.877411,9.479706,903.09827,6.2975225,57.008545,70.116684
2021-11-28 17:00:00,14.055298,9.214172,903.0344,6.3194585,57.272003,72.63251
2021-11-28 18:00:00,13.785156,9.117157,902.73883,6.397011,56.67148,73.435295
2021-11-28 19:00:00,13.614838,9.030121,902.34326,6.4887304,55.53015,73.81835
2021-11-28 20:00:00,12.97229,8.77948,901.96985,6.603485,54.05722,75.68519
2021-11-28 21:00:00,12.84848,8.741425,901.69556,6.7779393,52.547455,76.10448
2021-11-28 22:00:00,12.204681,8.378754,901.4861,6.4098563,48.710052,77.4621
2021-11-28 23:00:00,12.144989,8.336334,901.5906,6.887928,49.102753,77.54352
2021-11-29 00:00:00,12.400696,8.477966,901.95416,7.1997533,50.470886,76.9866
2021-11-29 01:00:00,12.394867,8.448975,902.5598,7.482472,52.384857,76.865
2021-11-29 02:00:00,13.636841,8.924011,903.19055,7.766472,54.214783,73.187164
2021-11-29 03:00:00,14.054871,9.001984,903.693,7.862692,57.281525,71.603516
2021-11-29 04:00:00,14.850128,9.315033,903.9004,7.584446,59.474,69.46676
2021-11-29 05:00:00,17.779999,9.933716,903.72626,6.9743104,59.628693,60.085915
2021-11-29 06:00:00,18.59259,9.760712,903.1153,6.1385293,56.35315,56.440006
2021-11-29 07:00:00,18.817719,9.719086,902.2316,5.3587747,49.3515,55.496056
2021-11-29 08:00:00,19.898773,9.63385,901.32404,4.9699783,40.797607,51.590538
2021-11-29 09:00:00,19.964874,9.6145935,900.7802,4.962927,35.861755,51.313393
2021-11-29 10:00:00,18.273193,9.816071,900.5803,4.690723,34.828186,57.79485
2021-11-29 11:00:00,18.112366,9.848846,900.7825,4.9661193,40.654877,58.509583
2021-11-29 12:00:00,17.790833,9.929932,901.1783,4.9904313,41.37097,60.02972
2021-11-29 13:00:00,17.480225,10.000916,901.7085,5.1059155,43.83548,61.508186
2021-11-29 14:00:00,16.370209,9.792297,902.2922,5.206908,45.52893,65.07623
2021-11-29 15:00:00,15.175842,9.41217,902.7174,5.240726,46.932373,68.472176
2021-11-29 16:00:00,14.9888,9.403046,902.9196,5.219278,47.759705,69.25806
2021-11-29 17:00:00,14.186005,9.100922,902.86914,5.1747932,47.643982,71.47295
2021-11-29 18:00:00,13.836914,8.862549,902.60034,5.1836915,46.935425,71.94297
2021-11-29 19:00:00,13.7126465,8.806732,902.2735,5.226461,45.949707,72.25314
2021-11-29 20:00:00,13.132874,8.502472,901.94446,5.3407927,44.825226,73.50557
2021-11-29 21:00:00,12.986908,8.4175415,901.6111,5.567125,43.956116,73.78407
2021-11-29 22:00:00,12.438477,8.121216,901.3898,5.2150598,45.389404,74.96046
2021-11-29 23:00:00,12.333893,7.994751,901.3861,5.571995,45.823853,74.83123
2021-11-30 00:00:00,12.444305,8.0017395,901.695,5.819583,47.59149,74.32603
2021-11-30 01:00:00,12.420258,7.9797363,902.24835,6.0379305,49.94989,74.33217
2021-11-30 02:00:00,13.73111,8.502289,902.9762,6.318465,52.161987,70.69612
2021-11-30 03:00:00,14.287445,8.510834,903.615,6.5006156,55.34735,68.23122
2021-11-30 04:00:00,15.183899,8.921112,903.834,6.4353666,57.611786,66.2106
2021-11-30 05:00:00,18.05127,9.320038,903.59515,6.0328608,57.597473,56.68642
2021-11-30 06:00:00,18.904053,9.200653,902.87036,5.4033628,54.376373,53.308094
2021-11-30 07:00:00,19.206696,9.255188,901.9459,4.809276,48.07672,52.50388
2021-11-30 08:00:00,20.21524,9.164368,901.0157,4.5497785,40.628937,49.018414
2021-11-30 09:00:00,20.296295,9.142303,900.4242,4.670724,37.703644,48.701103
2021-11-30 10:00:00,18.435913,9.634399,900.1019,4.412974,42.826538,56.515675
2021-11-30 11:00:00,18.265076,9.711365,900.27075,5.011999,46.87961,57.419903
2021-11-30 12:00:00,17.902985,9.851318,900.69165,5.252059,46.00876,59.294563
2021-11-30 13:00:00,17.666351,9.880463,901.2986,5.571498,49.268616,60.30225
2021-11-30 14:00:00,16.479126,9.695953,902.0334,5.7690725,52.863617,64.21074
2021-11-30 15:00:00,15.315308,9.3385315,902.57983,5.919246,56.18039,67.52659
2021-11-30 16:00:00,15.079681,9.17099,902.87585,5.9694376,58.410614,67.78779
2021-11-30 17:00:00,14.331726,8.904114,902.8395,6.030527,59.39618,69.868805
2021-11-30 18:00:00,14.106781,8.794525,902.5963,6.0708485,59.34665,70.37092
2021-11-30 19:00:00,13.910797,8.711212,902.2495,6.0859885,58.908722,70.87067
2021-11-30 20:00:00,13.304504,8.449585,901.8354,6.133634,57.72284,72.42739
2021-11-30 21:00:00,13.019623,8.232849,901.51385,6.2268934,56.53656,72.71038
2021-11-30 22:00:00,12.665436,8.084412,901.39374,5.962901,60.749207,73.668785
2021-11-30 23:00:00,12.569946,7.960144,901.37274,6.2853255,60.46945,73.50786
2021-12-01 00:00:00,12.895508,8.172943,901.5704,6.538311,61.196808,73.00525
2021-12-01 01:00:00,12.877472,8.147034,902.1481,6.8073945,62.160583,72.96297
2021-12-01 02:00:00,14.113495,8.594513,902.82385,7.134432,63.770325,69.39572
2021-12-01 03:00:00,14.541016,8.6736145,903.37225,7.347298,66.56067,67.86545
2021-12-01 04:00:00,15.307648,9.126099,903.60706,7.249659,69.20358,66.60068
2021-12-01 05:00:00,17.881317,9.484863,903.35547,6.897911,71.47806,57.933773
2021-12-01 06:00:00,18.764069,9.641174,902.6875,6.2784553,72.67572,55.392193
2021-12-01 07:00:00,19.038116,9.704681,901.71515,5.665854,72.7168,54.684986
2021-12-01 08:00:00,19.970337,9.878906,900.8008,5.23142,71.62323,52.21301
2021-12-01 09:00:00,20.055817,9.933411,900.21204,5.118719,70.86273,52.12732
2021-12-01 10:00:00,18.40625,10.217102,900.01154,4.429323,64.50366,58.87301
2021-12-01 11:00:00,18.265533,10.347839,900.164,4.812904,65.11664,59.91537
2021-12-01 12:00:00,17.905548,10.385559,900.4824,5.029982,66.13745,61.440163
2021-12-01 13:00:00,17.686737,10.383057,901.1241,5.218318,69.24518,62.282066
2021-12-01 14:00:00,16.69519,10.243713,901.7903,5.3873878,72.09729,65.69968
2021-12-01 15:00:00,15.805267,9.960297,902.31555,5.4512897,74.66443,68.227615
2021-12-01 16:00:00,15.622833,9.928284,902.5422,5.3910995,77.109924,68.880875
2021-12-01 17:00:00,14.88266,9.673523,902.50287,5.1891155,79.06784,71.01083
2021-12-01 18:00:00,14.712097,9.66922,902.259,4.9612083,80.24866,71.774826
2021-12-01 19:00:00,14.599609,9.644745,901.88525,4.683662,79.843475,72.17892
2021-12-01 20:00:00,14.05307,9.546509,901.4115,4.4226084,77.61713,74.284325
2021-12-01 21:00:00,13.943054,9.499756,900.97546,4.2660823,74.12103,74.58154
2021-12-01 22:00:00,13.639587,9.308502,900.8814,3.23768,77.509155,75.09429
2021-12-01 23:00:00,13.585419,9.328369,900.95,3.3309815,70.35202,75.460075
2021-12-02 00:00:00,13.790314,9.475769,901.28,3.4667397,67.55121,75.20329
2021-12-02 01:00:00,13.792023,9.504761,901.8671,3.591893,66.96121,75.34152
2021-12-02 02:00:00,14.906342,10.00885,902.59064,3.763724,68.27411,72.51326
2021-12-02 03:00:00,15.256287,10.154999,903.25854,3.8838494,72.10809,71.596176
2021-12-02 04:00:00,15.83374,10.440033,903.55786,3.6941643,75.53174,70.32118
2021-12-02 05:00:00,18.07605,11.178741,903.3516,3.2198677,76.73337,64.07682
2021-12-02 06:00:00,18.776764,11.2308655,902.65216,2.5909922,72.34515,61.536568
2021-12-02 07:00:00,19.041351,11.303192,901.729,2.0897431,59.474182,60.819157
2021-12-02 08:00:00,19.846191,11.545685,900.8454,2.0706944,44.401917,58.786182
2021-12-02 09:00:00,19.871552,11.559967,900.2927,2.5393465,39.627747,58.749294
2021-12-02 10:00:00,18.494812,11.739471,900.1692,2.1368413,28.014954,64.77371
2021-12-02 11:00:00,18.45868,11.804321,900.3013,2.9489632,40.22101,65.198814
2021-12-02 12:00:00,18.205627,11.992432,900.70654,3.5135877,46.57306,67.06795
2021-12-02 13:00:00,18.005005,12.011169,901.3237,3.9054897,52.6203,68.00231
2021-12-02 14:00:00,17.146545,11.9366455,901.9729,4.2004123,58.48938,71.434006
2021-12-02 15:00:00,16.251495,11.567932,902.47815,4.37172,63.775177,73.79386
2021-12-02 16:00:00,16.05008,11.587585,902.7439,4.4063344,68.24011,74.844826
2021-12-02 17:00:00,15.378052,11.431793,902.7201,4.347503,72.1608,77.332375
2021-12-02 18:00:00,15.14798,11.3349,902.467,4.1924753,75.667175,77.98154
2021-12-02 19:00:00,14.909363,11.205078,902.0975,4.1029015,77.986176,78.5096
2021-12-02 20:00:00,14.377777,10.941772,901.6961,3.9935782,78.99628,79.84182
2021-12-02 21:00:00,14.260345,10.89624,901.3781,3.9957192,79.46091,80.20757
2021-12-02 22:00:00,13.867126,10.648468,901.18744,3.5544229,90.79123,80.93319
2021-12-02 23:00:00,13.789093,10.591736,901.22217,3.6009462,89.96396,81.03761
2021-12-03 00:00:00,13.984711,10.70224,901.5173,3.6723444,90.25531,80.60612
2021-12-03 01:00:00,13.965088,10.705109,902.08795,3.817688,91.76883,80.72414
2021-12-03 02:00:00,14.920898,11.098816,902.8337,4.0272417,93.76959,77.9006
2021-12-03 03:00:00,15.198395,11.094635,903.5592,4.171921,98.786804,76.50167
2021-12-03 04:00:00,15.782135,11.307159,903.9495,4.240493,104.89557,74.737724
2021-12-03 05:00:00,18.009949,11.759216,903.86237,3.9804268,111.37253,66.86152
2021-12-03 06:00:00,18.86325,11.8324585,903.2107,3.419074,118.307434,63.6878
2021-12-03 07:00:00,19.157898,11.892578,902.39935,2.7632272,123.01953,62.77623
2021-12-03 08:00:00,20.045929,12.002319,901.56604,2.1927004,124.801025,59.83922
2021-12-03 09:00:00,20.148376,12.039917,901.10077,1.8145568,117.232025,59.608543
2021-12-03 10:00:00,18.761566,12.171051,900.86835,1.2106885,109.25549,65.53886
2021-12-03 11:00:00,18.653564,12.316589,901.07983,1.6084865,81.87329,66.617134
2021-12-03 12:00:00,18.50064,12.432739,901.55365,1.9258565,72.42499,67.772705
2021-12-03 13:00:00,18.263306,12.481873,902.17834,2.386375,70.1582,69.01055
2021-12-03 14:00:00,17.317413,12.314758,902.8189,2.729399,73.16113,72.44629
2021-12-03 15:00:00,16.34552,11.903564,903.2675,2.9424157,77.93576,74.99609
2021-12-03 16:00:00,16.157013,11.839752,903.467,3.05968,83.28909,75.58365
2021-12-03 17:00:00,15.383636,11.492096,903.3756,3.098127,87.74432,77.6136
2021-12-03 18:00:00,15.084808,11.303497,903.08325,3.0616615,90.681366,78.13618
2021-12-03 19:00:00,14.910431,11.217072,902.7058,2.9959354,92.86243,78.56662
2021-12-03 20:00:00,14.250153,10.823822,902.31104,2.8530354,93.87427,79.875206
2021-12-03 21:00:00,14.050446,10.685242,901.9324,2.6947737,93.95392,80.17264
2021-12-03 22:00:00,13.543518,10.340637,901.5969,2.2350993,87.91327,80.97492
2021-12-03 23:00:00,13.446716,10.2864685,901.6194,2.2026587,88.580444,81.192696
2021-12-04 00:00:00,13.597107,10.308685,901.94055,2.2156496,90.23892,80.52127
2021-12-04 01:00:00,13.5677185,10.290314,902.464,2.302837,95.478485,80.576485
2021-12-04 02:00:00,14.476715,10.670807,903.09076,2.4016707,99.34723,77.91678
2021-12-04 03:00:00,14.803497,10.773376,903.68506,2.5196836,107.18735,76.813675
2021-12-04 04:00:00,15.307648,10.98822,903.8909,2.536273,116.77591,75.43239
2021-12-04 05:00:00,17.80365,11.6073,903.68335,2.2512152,129.48224,67.05894
2021-12-04 06:00:00,18.701385,11.647614,903.03265,1.8244716,148.48071,63.55525
2021-12-04 07:00:00,18.960175,11.686371,902.218,1.5622205,173.14795,62.69637
2021-12-04 08:00:00,19.876404,11.798309,901.33453,1.4167705,197.27032,59.663116
2021-12-04 09:00:00,19.950317,11.819733,900.7742,1.2589456,212.0353,59.474518
2021-12-04 10:00:00,18.548798,11.757263,900.5583,1.3100287,225.82207,64.63098
2021-12-04 11:00:00,18.418427,11.758362,900.76556,0.64775604,230.14122,65.16558
2021-12-04 12:00:00,18.13446,11.875336,901.2551,0.2450056,244.16872,66.8505
2021-12-04 13:00:00,17.869263,11.864807,901.91156,0.21957181,52.261078,67.92714
2021-12-04 14:00:00,16.760162,11.582733,902.51263,0.57677007,68.646515,71.51507
2021-12-04 15:00:00,15.739624,11.214386,903.01276,0.8723427,77.757904,74.48208
2021-12-04 16:00:00,15.396606,11.007355,903.286,1.1070465,86.25409,75.098404
2021-12-04 17:00:00,14.711395,10.644897,903.3113,1.2928486,89.596375,76.61338
2021-12-04 18:00:00,14.516785,10.538635,903.12244,1.4204371,88.739655,77.03447
2021-12-04 19:00:00,14.309235,10.437012,902.87756,1.5819728,86.0831,77.54777
2021-12-04 20:00:00,13.624847,10.104065,902.4914,1.7340845,81.90082,79.285126
2021-12-04 21:00:00,13.448761,9.937256,902.1454,1.9002936,77.389984,79.30891
2021-12-04 22:00:00,13.064697,9.725006,901.9175,1.550656,82.598175,80.17222
2021-12-04 23:00:00,13.020355,9.719482,901.8702,1.8573402,79.765625,80.375
2021-12-05 00:00:00,13.205841,9.7829895,902.1158,2.1740346,78.183716,79.746346
2021-12-05 01:00:00,13.21759,9.763367,902.5737,2.4905236,78.85712,79.58051
2021-12-05 02:00:00,14.123383,10.243195,903.13,2.8300958,80.10504,77.47782
2021-12-05 03:00:00,14.711884,10.393799,903.61084,3.0370934,84.592316,75.33994
2021-12-05 04:00:00,15.327789,10.693726,903.74304,3.1389143,89.89621,73.87487
2021-12-05 05:00:00,17.675537,11.237305,903.47345,2.975651,96.111206,65.96766
2021-12-05 06:00:00,18.607147,11.319153,902.692,2.5311828,104.16641,62.55744
2021-12-05 07:00:00,18.915222,11.376526,901.8055,1.9316344,113.16083,61.59797
2021-12-05 08:00:00,19.82663,11.475128,900.8572,1.4320439,121.18631,58.583622
2021-12-05 09:00:00,19.909088,11.3046875,900.2648,1.1065488,118.0181,57.631348
2021-12-05 10:00:00,18.496643,11.535461,899.9325,0.66038626,89.41995,63.89951
2021-12-05 11:00:00,18.175537,11.42511,899.9857,1.0930154,64.894196,64.72505
2021-12-05 12:00:00,17.955841,11.564087,900.3654,1.5123068,64.305664,66.23049
2021-12-05 13:00:00,17.704102,11.6033325,900.8485,1.8946536,65.1691,67.46301
2021-12-05 14:00:00,16.765076,11.444916,901.4256,2.101101,68.60123,70.84436
2021-12-05 15:00:00,15.829773,11.060516,901.89734,2.2341378,71.83777,73.30231
2021-12-05 16:00:00,15.645416,10.964447,902.1903,2.3562267,74.4039,73.700455
2021-12-05 17:00:00,14.94397,10.672455,902.133,2.4049006,75.790955,75.61265
2021-12-05 18:00:00,14.743317,10.608368,901.82153,2.4417398,75.661194,76.27019
2021-12-05 19:00:00,14.62439,10.596466,901.4542,2.4647608,74.539185,76.79649
2021-12-05 20:00:00,14.0407715,10.290802,901.07904,2.50828,71.90643,78.141594
2021-12-05 21:00:00,13.913757,10.230408,900.68835,2.6055954,67.60297,78.47081
2021-12-05 22:00:00,13.610565,10.112427,900.4093,2.4083776,60.008667,79.40317
2021-12-05 23:00:00,13.471619,10.004089,900.3775,2.586226,60.458557,79.54591
2021-12-06 00:00:00,13.6163025,9.973145,900.71075,2.8113737,62.535614,78.63763
2021-12-06 01:00:00,13.570892,9.937347,901.2598,3.051869,64.864746,78.681496
2021-12-06 02:00:00,14.56366,10.439362,901.9292,3.290295,65.70529,76.295265
2021-12-06 03:00:00,14.862274,10.392609,902.44995,3.4013095,70.12161,74.60743
2021-12-06 04:00:00,15.309967,10.472168,902.7291,3.2782884,76.64453,72.876205
2021-12-06 05:00:00,17.518097,11.095337,902.52704,2.7729602,79.03735,66.001785
2021-12-06 06:00:00,18.493591,11.186371,901.93695,1.9074488,73.861694,62.451958
2021-12-06 07:00:00,18.745758,11.111847,901.12213,1.1581043,52.45111,61.17143
2021-12-06 08:00:00,19.565094,11.047302,900.30994,1.1190302,15.56311,57.878506
2021-12-06 09:00:00,19.592224,10.907776,899.7933,1.6533085,4.892975,57.248306
2021-12-06 10:00:00,18.336548,10.988037,899.5385,1.8460299,1.7739868,62.245316
2021-12-06 11:00:00,18.149628,10.967224,899.72156,2.3706083,15.660156,62.892704
2021-12-06 12:00:00,17.881927,11.021881,900.2469,2.6040554,23.205383,64.192375
2021-12-06 13:00:00,17.67044,11.096008,900.8338,3.0644646,28.48758,65.37368
2021-12-06 14:00:00,16.711548,10.927368,901.43945,3.502961,31.85376,68.68847
2021-12-06 15:00:00,15.747131,10.55777,901.8718,3.8065975,34.105988,71.26864
2021-12-06 16:00:00,15.535004,10.47998,902.1447,4.0674744,36.418976,71.86957
2021-12-06 17:00:00,14.7274475,10.231201,902.1016,4.286216,37.6521,74.4521
2021-12-06 18:00:00,14.475464,10.088196,901.9263,4.4925337,39.075256,74.95304
2021-12-06 19:00:00,14.325165,9.999359,901.706,4.6512356,40.687958,75.23639
2021-12-06 20:00:00,13.79483,9.7222595,901.4624,4.8172016,42.134003,76.43528
2021-12-06 21:00:00,13.634857,9.65036,901.1767,4.996112,42.995605,76.86243
2021-12-06 22:00:00,13.116638,9.332672,901.03064,4.98412,43.192627,77.82324
2021-12-06 23:00:00,13.044495,9.257782,901.1089,5.118926,44.520325,77.79779
2021-12-07 00:00:00,13.199036,9.374298,901.4828,5.219273,46.683624,77.62285
2021-12-07 01:00:00,13.182404,9.3550415,902.033,5.372135,49.060516,77.60659
2021-12-07 02:00:00,13.966522,9.674011,902.6816,5.519754,50.74521,75.34421
2021-12-07 03:00:00,14.2647705,9.698425,903.2086,5.519038,53.105408,74.02367
2021-12-07 04:00:00,14.614899,9.77002,903.5295,5.3982577,54.117798,72.71602
2021-12-07 05:00:00,16.869354,10.342804,903.3848,5.10848,53.459045,65.4088
2021-12-07 06:00:00,17.775879,10.370697,902.8427,4.6517024,50.466858,61.88227
2021-12-07 07:00:00,18.08371,10.302246,902.0402,4.1422486,45.027466,60.419094
2021-12-07 08:00:00,18.982483,10.20166,901.2597,3.8958228,38.7854,56.730946
2021-12-07 09:00:00,19.038513,10.089661,900.75525,3.9464092,34.405457,56.11148
2021-12-07 10:00:00,17.682343,10.113892,900.56024,4.0403647,30.069427,61.189674
2021-12-07 11:00:00,17.563843,10.057739,900.7064,4.6253905,36.361572,61.417515
2021-12-07 12:00:00,17.326782,10.294891,901.10565,4.9594293,37.49109,63.3392
2021-12-07 13:00:00,17.032288,10.276764,901.63916,5.4239163,39.85846,64.45221
2021-12-07 14:00:00,15.968536,10.075012,902.21716,5.7646775,42.268127,68.03968
2021-12-07 15:00:00,14.856598,9.600128,902.6368,6.0298467,44.799835,70.780716
2021-12-07 16:00:00,14.670624,9.567932,902.8822,6.1469254,47.16815,71.479576
2021-12-07 17:00:00,13.867737,9.228668,902.84546,6.243033,48.87567,73.59318
2021-12-07 18:00:00,13.633942,9.138031,902.6503,6.297146,50.693115,74.26479
2021-12-07 19:00:00,13.464355,9.03894,902.413,6.397225,52.678955,74.58902
2021-12-07 20:00:00,12.840942,8.732361,902.16077,6.5370197,54.213745,76.0954
2021-12-07 21:00:00,12.734436,8.673004,901.8636,6.6688557,55.471405,76.320885
2021-12-07 22:00:00,12.199127,8.335815,901.6664,6.3173985,60.715088,77.265205
2021-12-07 23:00:00,12.12384,8.322052,901.7232,6.439997,61.950592,77.57633
2021-12-08 00:00:00,12.297638,8.376434,902.05347,6.5914288,63.87671,76.97818
2021-12-08 01:00:00,12.249786,8.324768,902.57446,6.7903895,65.59427,76.95066
2021-12-08 02:00:00,13.130524,8.666443,903.21796,7.030772,67.22656,74.33697
2021-12-08 03:00:00,13.516937,8.692993,903.72656,7.244975,70.11014,72.61836
2021-12-08 04:00:00,14.078522,8.833496,903.98987,7.384607,73.865234,70.68567
2021-12-08 05:00:00,16.886322,9.684784,903.8098,7.124789,76.9776,62.524837
2021-12-08 06:00:00,17.848969,9.659943,903.2312,6.4752865,78.50586,58.738106
2021-12-08 07:00:00,18.131866,9.677582,902.4701,5.6669803,78.39758,57.770996
2021-12-08 08:00:00,19.180908,9.525879,901.71844,4.9935083,75.87396,53.553986
2021-12-08 09:00:00,19.303497,9.4592285,901.25867,4.714597,71.61859,52.909344
2021-12-08 10:00:00,17.741364,9.690796,901.072,4.1458335,64.81766,59.25991
2021-12-08 11:00:00,17.513794,9.50882,901.2491,4.9362836,61.488464,59.38648
2021-12-08 12:00:00,17.20398,9.744019,901.7061,5.4386196,58.27191,61.523525
2021-12-08 13:00:00,16.940216,9.766602,902.23553,6.0028863,58.240814,62.65434
2021-12-08 14:00:00,15.841217,9.647949,902.76,6.4333296,58.953094,66.661194
2021-12-08 15:00:00,14.723846,9.257843,903.1414,6.76543,60.216858,69.765396
2021-12-08 16:00:00,14.579651,9.250061,903.34186,6.976559,61.536865,70.38048
2021-12-08 17:00:00,13.786133,8.93988,903.29,7.149298,62.80307,72.55825
2021-12-08 18:00:00,13.604462,8.863617,903.1223,7.2651978,63.577393,73.0431
2021-12-08 19:00:00,13.46106,8.805054,902.87585,7.3393135,64.16135,73.43691
2021-12-08 20:00:00,12.867126,8.489197,902.60156,7.39723,64.378174,74.72592
2021-12-08 21:00:00,12.685211,8.325439,902.3078,7.4732513,64.58099,74.78668
2021-12-08 22:00:00,12.302643,8.051025,902.1979,6.8595676,65.52219,75.272316
2021-12-08 23:00:00,12.202698,8.106079,902.29944,7.0210905,64.71854,76.05229
2021-12-09 00:00:00,12.348816,8.214783,902.61017,7.1746516,64.68762,75.88343
2021-12-09 01:00:00,12.319641,8.221924,903.10486,7.3364363,65.39285,76.065834
2021-12-09 02:00:00,13.390869,8.6744995,903.7821,7.5488863,66.622955,73.12542
2021-12-09 03:00:00,13.728699,8.723022,904.4832,7.615474,69.189606,71.77079
2021-12-09 04:00:00,14.339142,8.946289,904.8752,7.3274446,72.28656,70.03433
2021-12-09 05:00:00,17.04541,9.60965,904.7763,6.639786,73.33737,61.5865
2021-12-09 06:00:00,17.89383,9.628693,904.2329,5.6499834,71.07004,58.44986
2021-12-09 07:00:00,18.160004,9.564728,903.47217,4.8188047,65.826355,57.233955
2021-12-09 08:00:00,19.04425,9.498199,902.7785,4.3674603,57.819702,53.91178
2021-12-09 09:00:00,19.112335,9.466766,902.28284,4.5287647,51.056793,53.570206
2021-12-09 10:00:00,17.580505,9.600189,902.1094,4.700532,39.720886,59.50096
2021-12-09 11:00:00,17.340363,9.592377,902.29596,5.83266,40.97235,60.37812
2021-12-09 12:00:00,17.09732,9.729431,902.681,6.5014334,40.07831,61.879612
2021-12-09 13:00:00,16.839844,9.785156,903.2065,7.129388,41.697845,63.132782
2021-12-09 14:00:00,15.85733,9.706055,903.7589,7.559343,43.194122,66.8526
2021-12-09 15:00:00,14.75119,9.268311,904.19135,7.876488,44.748535,69.69161
2021-12-09 16:00:00,14.562927,9.2543335,904.3954,8.093898,46.21811,70.476746
2021-12-09 17:00:00,13.731689,8.98587,904.36615,8.2187195,47.054443,73.041534
2021-12-09 18:00:00,13.514618,8.916199,904.1339,8.30455,47.41336,73.73249
2021-12-09 19:00:00,13.364075,8.891754,903.80023,8.345284,47.435974,74.336105
2021-12-09 20:00:00,12.752899,8.602814,903.42194,8.406576,47.123505,75.8677
2021-12-09 21:00:00,12.5937195,8.472595,903.0882,8.498897,46.608215,75.99028
2021-12-09 22:00:00,12.059967,8.1315,902.85815,8.400037,45.549286,76.902405
2021-12-09 23:00:00,11.977814,8.088715,902.87476,8.578353,45.935852,77.09521
2021-12-10 00:00:00,12.111572,8.14798,903.1568,8.711921,47.131714,76.72748
2021-12-10 01:00:00,12.071136,8.114105,903.60175,8.844365,48.71692,76.75518
2021-12-10 02:00:00,12.776001,8.278137,904.1707,8.963603,50.288727,74.10532
2021-12-10 03:00:00,13.101288,8.209198,904.69885,8.875917,52.34256,72.20763
2021-12-10 04:00:00,13.711334,8.299103,904.944,8.516715,52.814148,69.81919
2021-12-10 05:00:00,16.13504,8.800903,904.77454,7.883194,51.08029,61.79654
2021-12-10 06:00:00,17.269806,8.919434,904.2085,7.104693,46.523956,57.962704
2021-12-10 07:00:00,17.537994,8.908661,903.4202,6.512799,40.200073,56.94789
2021-12-10 08:00:00,18.430939,8.826172,902.5938,6.284569,33.81241,53.539974
2021-12-10 09:00:00,18.510895,8.78125,901.9973,6.4340262,29.806274,53.11113
2021-12-10 10:00:00,16.99826,8.864838,901.7545,6.065238,28.15448,58.75047
2021-12-10 11:00:00,16.869568,8.813751,901.9218,6.7718167,33.343628,59.027653
2021-12-10 12:00:00,16.632294,8.910034,902.39935,7.036012,34.44693,60.31407
2021-12-10 13:00:00,16.427246,8.928192,902.9778,7.367054,35.69815,61.180393
2021-12-10 14:00:00,15.350769,8.914612,903.55,7.6175747,36.939056,65.47633
2021-12-10 15:00:00,14.152832,8.444946,903.96954,7.698436,38.605255,68.52188
2021-12-10 16:00:00,13.984375,8.4175415,904.18646,7.699088,40.213318,69.14549
2021-12-10 17:00:00,13.17688,8.174255,904.1496,7.680997,41.304016,71.682045
2021-12-10 18:00:00,12.936523,8.028839,903.8321,7.6987042,41.847168,72.10062
2021-12-10 19:00:00,12.748993,7.930725,903.4325,7.7251444,42.42975,72.50541
2021-12-10 20:00:00,12.039551,7.6062927,903.00336,7.788796,42.89392,74.30255
2021-12-10 21:00:00,11.893555,7.494293,902.65546,7.8950644,43.46286,74.44959
2021-12-10 22:00:00,11.382172,7.0581055,902.46765,7.450168,45.051697,74.74451
2021-12-10 23:00:00,11.292114,6.99527,902.4487,7.7563577,45.945038,74.868484
2021-12-11 00:00:00,11.428528,6.9969177,902.7316,7.9903493,47.05597,74.20395
2021-12-11 01:00:00,11.398926,6.95047,903.23346,8.18436,49.103424,74.11313
2021-12-11 02:00:00,12.172089,7.1581726,903.90283,8.412669,50.895447,71.436905
2021-12-11 03:00:00,12.495239,7.165558,904.5022,8.520226,52.482544,69.97194
2021-12-11 04:00:00,13.164215,7.3685303,904.78876,8.427195,52.726715,67.91122
2021-12-11 05:00:00,15.979645,7.923401,904.6422,8.069013,51.227417,58.808727
2021-12-11 06:00:00,16.807098,7.924011,904.1055,7.5788283,47.937378,55.794174
2021-12-11 07:00:00,17.092468,7.959198,903.3162,7.102693,43.967926,54.925503
2021-12-11 08:00:00,18.156067,7.7579346,902.50696,6.8726206,39.86252,50.66465
2021-12-11 09:00:00,18.272034,7.747345,901.9105,6.9062724,37.4664,50.26099
2021-12-11 10:00:00,16.672089,8.243774,901.6256,6.5210342,39.10434,57.510017
2021-12-11 11:00:00,16.528168,7.9904785,901.80786,7.363642,42.64389,57.048595
2021-12-11 12:00:00,16.236938,8.175751,902.27234,7.718105,42.910553,58.85192
2021-12-11 13:00:00,15.936707,8.135071,902.8862,8.067567,44.169647,59.82454
2021-12-11 14:00:00,14.682587,7.9575195,903.5228,8.291729,45.692566,64.06132
2021-12-11 15:00:00,13.489746,7.5046997,904.02576,8.405762,47.336,67.106544
2021-12-11 16:00:00,13.28894,7.3968506,904.30334,8.435522,48.836884,67.4914
2021-12-11 17:00:00,12.53537,7.191925,904.29694,8.407913,49.745117,69.914024
2021-12-11 18:00:00,12.276733,7.1033325,904.02814,8.444549,50.105713,70.68136
2021-12-11 19:00:00,12.029816,6.9812317,903.6489,8.514901,50.357178,71.24041
2021-12-11 20:00:00,11.374115,6.726837,903.2938,8.629653,50.163635,73.10468
2021-12-11 21:00:00,11.24115,6.5834045,902.9546,8.807839,50.10736,73.02792
2021-12-11 22:00:00,10.752777,6.259552,902.8279,8.367782,51.516235,73.771065
2021-12-11 23:00:00,10.69635,6.225281,902.82477,8.758603,51.658447,73.87376
2021-12-12 00:00:00,10.864746,6.3282166,903.08844,9.066301,52.794586,73.57127
2021-12-12 01:00:00,10.844635,6.2332764,903.56506,9.350393,54.367126,73.189255
2021-12-12 02:00:00,11.936432,6.598572,904.1842,9.674736,56.24829,69.82197
2021-12-12 03:00:00,12.24942,6.7018433,904.7567,9.812223,58.67682,68.88561
2021-12-12 04:00:00,12.996338,7.008087,904.99396,9.668208,60.692017,66.98743
2021-12-12 05:00:00,16.040802,7.853821,904.76807,9.232762,61.705627,58.302956
2021-12-12 06:00:00,16.944702,7.9124146,904.057,8.53646,60.762604,55.265854
2021-12-12 07:00:00,17.219025,7.913086,903.1376,7.776471,57.82199,54.316856
2021-12-12 08:00:00,18.347687,7.945343,902.1884,7.2843738,53.78961,50.701694
2021-12-12 09:00:00,18.441986,8.020966,901.60016,7.135055,50.248077,50.662716
2021-12-12 10:00:00,16.792236,8.418793,901.3257,6.9393597,51.388947,57.754253
2021-12-12 11:00:00,16.611969,8.275818,901.5016,7.508042,50.93103,57.85568
2021-12-12 12:00:00,16.347778,8.444122,901.85516,8.04174,50.18515,59.511005
2021-12-12 13:00:00,16.029419,8.359985,902.3476,8.467375,50.931793,60.385822
2021-12-12 14:00:00,14.895966,8.336731,902.88794,8.741343,52.144318,64.83437
2021-12-12 15:00:00,13.760376,7.7868958,903.3553,8.895435,53.789246,67.21656
2021-12-12 16:00:00,13.588898,7.8482666,903.6163,8.89702,55.2623,68.25448
2021-12-12 17:00:00,12.786743,7.5594482,903.52295,8.882361,56.282043,70.52047
2021-12-12 18:00:00,12.567535,7.4401245,903.1468,8.872238,56.602905,70.960236
2021-12-12 19:00:00,12.452698,7.3747864,902.7226,8.846863,56.337036,71.178444
2021-12-12 20:00:00,11.772369,7.111206,902.2946,8.824268,55.42572,73.10739
2021-12-12 21:00:00,11.656128,7.0699463,901.91156,8.8845825,54.25821,73.46264
2021-12-12 22:00:00,11.213684,6.7696533,901.68115,8.463487,55.189697,74.10299
2021-12-12 23:00:00,11.124512,6.780609,901.7997,8.691338,53.822968,74.59837
2021-12-13 00:00:00,11.276703,6.8441772,902.06976,8.916255,53.48825,74.17261
2021-12-13 01:00:00,11.277985,6.8457947,902.5228,9.14918,54.186096,74.174545
2021-12-13 02:00:00,12.205994,7.223358,903.1526,9.421034,55.378845,71.596375
2021-12-13 03:00:00,12.50882,7.256317,903.69415,9.526127,57.405426,70.34499
2021-12-13 04:00:00,13.224701,7.549713,903.9348,9.171085,59.334106,68.48558
2021-12-13 05:00:00,16.165405,8.464935,903.67596,8.508427,59.51599,60.29142
2021-12-13 06:00:00,17.007568,8.386261,902.9882,7.6606874,57.10034,56.845753
2021-12-13 07:00:00,17.288696,8.43338,902.0332,6.9216723,51.516907,56.022064
2021-12-13 08:00:00,18.353119,8.456726,901.1032,6.4637647,44.587036,52.47423
2021-12-13 09:00:00,18.42978,8.325317,900.48706,6.515973,40.37964,51.759785
2021-12-13 10:00:00,16.871887,8.775452,900.12524,6.756163,38.312744,58.8665
2021-12-13 11:00:00,16.69635,8.78244,900.21405,7.342309,40.943085,59.553944
2021-12-13 12:00:00,16.393585,8.895782,900.62384,7.790013,43.49771,61.177643
2021-12-13 13:00:00,16.132355,8.93808,901.1238,8.073701,46.212463,62.382103
2021-12-13 14:00:00,15.062653,8.750885,901.66174,8.201682,48.837616,65.966
2021-12-13 15:00:00,13.93335,8.284882,902.0425,8.224692,51.049225,68.753685
2021-12-13 16:00:00,13.754395,8.3437195,902.2023,8.156115,52.98352,69.83505
2021-12-13 17:00:00,12.978394,8.010254,902.0676,8.056732,54.4433,71.8128
2021-12-13 18:00:00,12.732422,7.9394836,901.7582,7.9575047,55.12802,72.62738
2021-12-13 19:00:00,12.654175,7.9181824,901.4098,7.889895,55.2984,72.894875
2021-12-13 20:00:00,12.130585,7.729187,901.01544,7.869887,55.084442,74.47991
2021-12-13 21:00:00,11.997986,7.66687,900.6404,7.9410815,54.719727,74.814476
2021-12-13 22:00:00,11.348907,7.314728,900.4342,7.6628666,54.101624,76.235985
2021-12-13 23:00:00,11.210388,7.228821,900.38477,7.887993,54.092255,76.488045
2021-12-14 00:00:00,11.44577,7.3592834,900.6369,8.134731,54.625732,75.97991
2021-12-14 01:00:00,11.46402,7.375763,901.133,8.371192,55.52475,75.97374
2021-12-14 02:00:00,12.432648,7.8296204,901.78424,8.564882,56.97397,73.517204
2021-12-14 03:00:00,12.835175,7.854889,902.4016,8.581651,59.03882,71.72661
2021-12-14 04:00:00,13.551758,8.05777,902.70026,7.968045,60.496704,69.40121
2021-12-14 05:00:00,16.220184,8.613678,902.51117,7.1419406,58.873352,60.689163
2021-12-14 06:00:00,17.06549,8.584747,901.87054,6.206924,52.59735,57.403927
2021-12-14 07:00:00,17.297333,8.493286,901.0251,5.6123085,43.934082,56.21911
2021-12-14 08:00:00,18.173431,8.275055,900.18915,5.420047,37.265686,52.41971
2021-12-14 09:00:00,18.235718,8.19754,899.6259,5.686859,34.247925,51.941307
2021-12-14 10:00:00,16.67517,8.525482,899.20276,5.7611923,31.504883,58.6069
2021-12-14 11:00:00,16.485016,8.613037,899.32697,6.446254,33.92639,59.67193
2021-12-14 12:00:00,16.261017,8.684967,899.7731,6.827467,35.450806,60.823967
2021-12-14 13:00:00,16.003906,8.759277,900.41705,7.23332,37.95099,62.140762
2021-12-14 14:00:00,14.97348,8.564667,901.03394,7.477923,40.447723,65.51533
2021-12-14 15:00:00,13.913361,8.046326,901.48883,7.5752196,42.5343,67.737076
2021-12-14 16:00:00,13.711029,7.9923096,901.7597,7.568632,44.240967,68.38134
2021-12-14 17:00:00,12.862579,7.6363525,901.7773,7.552678,45.06598,70.54036
2021-12-14 18:00:00,12.606812,7.54541,901.5965,7.523412,45.42755,71.28817
2021-12-14 19:00:00,12.424103,7.468445,901.3236,7.4804454,45.25421,71.769684
2021-12-14 20:00:00,11.677002,7.1368103,901.03986,7.511018,44.815247,73.69803
2021-12-14 21:00:00,11.516876,7.010681,900.7622,7.6112704,44.178314,73.84128
2021-12-14 22:00:00,11.007141,6.772003,900.49927,7.0949907,44.452484,75.1371
2021-12-14 23:00:00,10.908386,6.669037,900.5351,7.307773,43.186005,75.09851
2021-12-15 00:00:00,11.038147,6.718445,900.7715,7.5185313,43.46393,74.70745
2021-12-15 01:00:00,10.991364,6.698517,901.31274,7.7216563,44.290955,74.83727
2021-12-15 02:00:00,11.931061,7.068939,901.95764,7.948878,45.495758,72.13741
2021-12-15 03:00:00,12.255615,7.0231934,902.55835,8.050024,47.190613,70.39216
2021-12-15 04:00:00,12.979858,7.2554016,902.86237,7.6235976,47.746887,68.20438
2021-12-15 05:00:00,15.666962,7.7645874,902.75226,7.0163727,44.65454,59.351074
2021-12-15 06:00:00,16.573425,7.666504,902.16797,6.3843884,37.61377,55.64407
2021-12-15 07:00:00,16.832458,7.6345215,901.3119,5.9199123,29.933014,54.617214
2021-12-15 08:00:00,17.78299,7.5716248,900.47675,5.675072,22.830597,51.21278
2021-12-15 09:00:00,17.841736,7.62146,899.87225,5.811764,18.977264,51.197414
2021-12-15 10:00:00,16.214355,7.9400635,899.56177,5.6687827,18.19168,58.00048
2021-12-15 11:00:00,15.991547,7.8794556,899.6889,6.2038126,22.601196,58.588642
2021-12-15 12:00:00,15.722992,8.009247,900.0622,6.4769344,23.492462,60.131245
2021-12-15 13:00:00,15.445892,8.004089,900.61194,6.737667,26.273743,61.186417
2021-12-15 14:00:00,14.302185,7.7632446,901.2271,6.849824,28.844269,64.79249
2021-12-15 15:00:00,13.195251,7.27536,901.7225,6.881566,30.958008,67.34365
2021-12-15 16:00:00,12.982697,7.167755,902.0159,6.804526,32.427002,67.78416
2021-12-15 17:00:00,12.137085,6.842926,902.0985,6.730249,33.06909,70.07162
2021-12-15 18:00:00,11.877655,6.7149353,901.9546,6.7533917,33.224915,70.65556
2021-12-15 19:00:00,11.665131,6.6069946,901.719,6.820374,33.04944,71.12381
2021-12-15 20:00:00,10.976471,6.304901,901.4186,6.9696803,32.848328,72.91018
2021-12-15 21:00:00,10.687866,6.090576,901.1683,7.1663475,32.703064,73.23185
2021-12-15 22:00:00,10.371796,5.934143,901.06177,6.878984,35.51294,73.9866
2021-12-15 23:00:00,10.275757,5.8748474,901.10376,7.350768,34.820496,74.15772
2021-12-16 00:00:00,10.412567,5.912445,901.34143,7.740977,34.966736,73.67514
2021-12-16 01:00:00,10.344513,5.8303833,901.8543,8.048537,36.078278,73.591606
2021-12-16 02:00:00,11.32312,6.219269,902.55884,8.294851,37.361816,70.83438
2021-12-16 03:00:00,11.796387,6.2717896,903.29407,8.359657,39.10196,68.90233
2021-12-16 04:00:00,12.613403,6.519104,903.71735,8.164563,40.332703,66.42001
2021-12-16 05:00:00,15.438995,7.0069885,903.6625,7.761136,39.13852,57.18695
2021-12-16 06:00:00,16.377106,6.9901733,903.1599,7.221963,35.09558,53.79845
2021-12-16 07:00:00,16.658356,6.992218,902.3679,6.6785374,28.496246,52.852352
2021-12-16 08:00:00,17.823456,7.0393677,901.49634,6.440917,21.608154,49.25756
2021-12-16 09:00:00,17.90271,7.0015564,900.85815,6.5109196,17.052887,48.885708
2021-12-16 10:00:00,16.147156,7.217865,900.4612,6.5169787,21.207245,55.449993
2021-12-16 11:00:00,15.936798,7.2349854,900.6105,6.9873204,23.41446,56.265236
2021-12-16 12:00:00,15.682068,7.447693,901.0118,7.25509,25.872345,58.02628
2021-12-16 13:00:00,15.50531,7.444153,901.55414,7.5162106,28.083008,58.67264
2021-12-16 14:00:00,14.404327,7.4139404,902.12335,7.723415,29.267303,62.850906
2021-12-16 15:00:00,13.265808,6.8292236,902.5975,7.838544,30.22583,65.01723
2021-12-16 16:00:00,13.0896,6.8307495,902.8898,7.8245406,30.91687,65.775986
2021-12-16 17:00:00,12.2951355,6.64209,902.89343,7.748812,31.286499,68.39764
2021-12-16 18:00:00,12.037598,6.5450745,902.6911,7.729249,30.859558,69.10366
2021-12-16 19:00:00,11.855957,6.444977,902.37646,7.7043324,29.960663,69.455666
2021-12-16 20:00:00,11.202881,6.2096863,902.0062,7.7645288,28.797272,71.35364
2021-12-16 21:00:00,10.97113,6.0755005,901.6668,7.8841143,27.388153,71.79127
2021-12-16 22:00:00,10.550934,5.852417,901.47955,7.5003695,31.500824,72.69654
2021-12-16 23:00:00,10.429993,5.782013,901.50037,7.794638,30.14563,72.92882
2021-12-17 00:00:00,10.618286,5.914215,901.77905,8.03108,29.909485,72.68106
2021-12-17 01:00:00,10.496613,5.791931,902.3191,8.237319,30.06137,72.65552
2021-12-17 02:00:00,11.522369,6.208191,903.00116,8.305946,30.830963,69.85346
2021-12-17 03:00:00,11.855469,6.1046753,903.69507,8.287375,32.264587,67.84795
2021-12-17 04:00:00,12.58902,6.1933594,904.0558,7.971936,33.480225,65.05043
2021-12-17 05:00:00,15.278107,6.8034363,903.9601,7.5880585,31.817352,56.97943
2021-12-17 06:00:00,16.23285,6.79126,903.3389,7.1491475,26.686737,53.55939
2021-12-17 07:00:00,16.51712,6.7893677,902.50494,6.855534,19.318756,52.592148
2021-12-17 08:00:00,17.571838,6.8328857,901.5709,6.8444896,12.901703,49.341347
2021-12-17 09:00:00,17.668701,6.7033997,900.91943,7.17634,10.03833,48.606987
2021-12-17 10:00:00,16.051147,7.1030273,900.6181,6.782098,9.517853,55.35394
2021-12-17 11:00:00,15.84314,7.1096497,900.7993,7.363253,14.062744,56.1196
2021-12-17 12:00:00,15.570892,7.30838,901.2332,7.4856744,16.1875,57.887276
2021-12-17 13:00:00,15.285431,7.360962,901.7835,7.7452326,18.25821,59.168793
2021-12-17 14:00:00,14.115692,7.228363,902.3565,7.890778,19.880493,63.22872
2021-12-17 15:00:00,13.08844,6.79718,902.82385,7.980516,21.254944,65.629616
2021-12-17 16:00:00,12.799957,6.710846,903.09955,8.017589,22.508667,66.48381
2021-12-17 17:00:00,11.9470825,6.376892,903.0812,8.05866,23.495117,68.716965
2021-12-17 18:00:00,11.706451,6.233429,902.78955,8.1350765,24.043304,69.1294
2021-12-17 19:00:00,11.580444,6.1395264,902.3864,8.239291,24.44516,69.25711
2021-12-17 20:00:00,10.9539795,5.9136353,901.94885,8.396666,24.453003,71.074005
2021-12-17 21:00:00,10.740387,5.6988525,901.5707,8.579656,24.228424,71.02688
2021-12-17 22:00:00,10.070557,5.3399963,901.3127,8.419907,28.075623,72.44634
2021-12-17 23:00:00,9.96933,5.2859497,901.3053,8.615763,27.623444,72.66528
2021-12-18 00:00:00,10.09613,5.3108826,901.53815,8.793768,27.929993,72.17651
2021-12-18 01:00:00,10.049591,5.2538757,902.0706,8.959644,29.22342,72.1153
2021-12-18 02:00:00,11.011261,5.583252,902.7411,9.095783,30.423523,69.20371
2021-12-18 03:00:00,11.398102,5.480957,903.4439,9.083036,32.891724,66.97555
2021-12-18 04:00:00,12.074982,5.6422424,903.8606,8.8748455,35.03247,64.7697
2021-12-18 05:00:00,14.733795,6.1855164,903.71466,8.503533,34.85318,56.554077
2021-12-18 06:00:00,15.7743225,6.106781,903.1708,7.98141,32.142212,52.612663
2021-12-18 07:00:00,16.08139,6.173401,902.3168,7.6114593,27.47467,51.82847
2021-12-18 08:00:00,17.175262,6.140625,901.43774,7.5005813,22.882446,48.2399
2021-12-18 09:00:00,17.30075,5.981781,900.716,7.7094455,19.742249,47.336716
2021-12-18 10:00:00,15.846985,6.3371277,900.33093,7.4401736,15.996033,53.20713
2021-12-18 11:00:00,15.639465,6.266388,900.40216,8.118326,18.99231,53.655945
2021-12-18 12:00:00,15.424561,6.4900208,900.78406,8.173718,20.961731,55.24399
2021-12-18 13:00:00,15.102417,6.493866,901.3647,8.496762,22.635712,56.413376
2021-12-18 14:00:00,13.8654175,6.461029,902.03534,8.658499,24.529663,60.96784
2021-12-18 15:00:00,12.6474,5.894104,902.60565,8.693457,26.708313,63.476856
2021-12-18 16:00:00,12.347565,5.8036194,902.956,8.615764,28.484314,64.33393
2021-12-18 17:00:00,11.537811,5.586212,902.9963,8.499069,29.698395,66.8456
2021-12-18 18:00:00,11.158539,5.402008,902.8538,8.36506,30.270264,67.674965
2021-12-18 19:00:00,10.939331,5.3255615,902.6086,8.283311,30.527893,68.30299
2021-12-18 20:00:00,10.266388,5.122864,902.258,8.238017,30.30545,70.43377
2021-12-18 21:00:00,10.0442505,4.938843,901.8937,8.275265,29.943176,70.57716
2021-12-18 22:00:00,9.4114685,4.4338684,901.78534,7.940105,31.994232,71.08549
2021-12-18 23:00:00,9.349365,4.3593445,901.8688,8.136186,32.217743,71.01167
2021-12-19 00:00:00,9.521179,4.466034,902.2048,8.17241,33.146942,70.72237
2021-12-19 01:00:00,9.48111,4.3999634,902.8,8.217379,34.83783,70.58602
2021-12-19 02:00:00,10.275177,4.576721,903.5093,8.242559,36.65738,67.76291
2021-12-19 03:00:00,10.73465,4.5029907,904.2098,8.207924,38.254883,65.38192
2021-12-19 04:00:00,11.636993,4.761139,904.6387,8.05044,39.203156,62.70663
2021-12-19 05:00:00,14.244476,5.126648,904.5701,7.6199822,38.630432,54.24258
2021-12-19 06:00:00,15.337311,5.091736,904.0048,7.0053887,35.55667,50.43161
2021-12-19 07:00:00,15.698273,5.173706,903.1475,6.5385976,30.986877,49.56031
2021-12-19 08:00:00,16.789154,5.21402,902.313,6.3395157,26.31311,46.362206
2021-12-19 09:00:00,16.915375,5.157074,901.7358,6.449468,23.30716,45.810844
2021-12-19 10:00:00,15.46347,5.491913,901.4186,5.9758034,18.981476,51.435257
2021-12-19 11:00:00,15.272217,5.3892517,901.5428,6.38867,25.422943,51.700645
2021-12-19 12:00:00,15.011017,5.619873,901.9006,6.48315,27.120758,53.42332
2021-12-19 13:00:00,14.683136,5.641632,902.4587,6.801836,28.638794,54.645847
2021-12-19 14:00:00,13.444672,5.7003784,903.0617,6.9321713,30.605377,59.453655
2021-12-19 15:00:00,12.083618,5.097046,903.579,6.9239316,32.35373,62.328773
2021-12-19 16:00:00,11.839813,5.013672,903.9107,6.8067374,34.26349,62.971455
2021-12-19 17:00:00,10.891602,4.647156,903.967,6.723063,35.271057,65.35832
2021-12-19 18:00:00,10.638794,4.474457,903.7675,6.6710453,35.531677,65.669136
2021-12-19 19:00:00,10.485992,4.4134827,903.42236,6.6219063,34.847137,66.05857
2021-12-19 20:00:00,9.7847595,4.210266,903.0368,6.6903276,33.501343,68.249954
2021-12-19 21:00:00,9.591003,4.060272,902.6633,6.796423,32.027924,68.41928
2021-12-19 22:00:00,8.94928,3.773285,902.5717,6.0057573,34.162384,70.01279
2021-12-19 23:00:00,8.867126,3.7192078,902.5304,6.3509464,33.014282,70.13474
2021-12-20 00:00:00,9.098541,3.830658,902.77026,6.606942,33.27954,69.59191
2021-12-20 01:00:00,9.00354,3.774231,903.2051,6.8342667,34.190308,69.76168
2021-12-20 02:00:00,10.081482,4.1858215,903.82526,7.013244,35.12616,66.79327
2021-12-20 03:00:00,10.451935,4.180023,904.37476,7.1450343,36.71698,65.13518
2021-12-20 04:00:00,11.227051,4.410095,904.7216,7.104787,37.24768,62.869526
2021-12-20 05:00:00,14.310333,4.98053,904.57623,6.795061,36.154846,53.465496
2021-12-20 06:00:00,15.341217,4.939575,903.956,6.376521,32.118713,49.887707
2021-12-20 07:00:00,15.740692,5.0289,903.00836,6.0711555,26.367828,48.930584
2021-12-20 08:00:00,17.056824,5.0601807,902.0386,5.9922185,20.931335,45.097157
2021-12-20 09:00:00,17.211273,4.972748,901.39185,6.094615,17.880981,44.38754
2021-12-20 10:00:00,15.600922,5.708496,901.0368,5.549906,21.33554,51.755173
2021-12-20 11:00:00,15.413879,5.617584,901.1102,5.84486,25.900421,52.050484
2021-12-20 12:00:00,15.105347,5.7667236,901.3733,5.976674,27.224335,53.64289
2021-12-20 13:00:00,14.699799,5.7117615,901.8846,6.1325536,30.048218,54.85289
2021-12-20 14:00:00,13.263062,5.5586853,902.50055,6.1450224,32.134247,59.573776
2021-12-20 15:00:00,11.967346,5.1907654,903.04333,6.042226,33.58368,63.218468
2021-12-20 16:00:00,11.731201,5.1427,903.3376,5.8318214,34.35617,63.996227
2021-12-20 17:00:00,10.848114,4.876709,903.34467,5.5883036,34.53543,66.605515
2021-12-20 18:00:00,10.566315,4.7339783,903.1001,5.3913913,33.77832,67.193855
2021-12-20 19:00:00,10.399689,4.6866455,902.77783,5.281969,32.821564,67.72013
2021-12-20 20:00:00,9.677673,4.4298706,902.38513,5.274591,31.04306,69.80671
2021-12-20 21:00:00,9.491791,4.3438416,901.9836,5.3541317,29.59433,70.25892
2021-12-20 22:00:00,8.858917,4.0549316,901.8083,4.8484187,29.238892,71.84839
2021-12-20 23:00:00,8.823639,4.025482,901.7459,5.0944324,27.965027,71.87106
2021-12-21 00:00:00,9.053284,4.1627197,901.97815,5.265225,27.519165,71.45058
2021-12-21 01:00:00,9.028687,4.1427,902.49097,5.3421445,28.570068,71.46877
2021-12-21 02:00:00,10.05719,4.585724,903.09393,5.370207,29.303925,68.80031
2021-12-21 03:00:00,10.523285,4.631073,903.67975,5.30454,31.5531,66.90442
2021-12-21 04:00:00,11.384857,4.996277,903.9879,4.997407,31.853119,64.81409
2021-12-21 05:00:00,14.870544,5.7925415,903.82904,4.489804,29.047852,54.556786
2021-12-21 06:00:00,15.769592,5.6520996,903.18463,4.0378056,20.305023,50.999992
2021-12-21 07:00:00,16.110565,5.6716003,902.30096,3.8797467,7.6844177,49.968826
2021-12-21 08:00:00,17.397491,5.5881653,901.4001,4.0668836,357.6516,45.784317
2021-12-21 09:00:00,17.511963,5.592926,900.87634,4.4365506,352.7682,45.469658
2021-12-21 10:00:00,15.84906,6.3550415,900.6287,3.8839011,353.82562,53.265743
2021-12-21 11:00:00,15.698212,6.4309387,900.7946,4.3274255,2.3105164,54.06385
2021-12-21 12:00:00,15.448608,6.563507,901.1179,4.707158,5.39032,55.43835
2021-12-21 13:00:00,15.077179,6.571747,901.6671,4.98191,9.479889,56.80844
2021-12-21 14:00:00,13.6362915,6.417816,902.22626,5.0975204,11.852356,61.698307
2021-12-21 15:00:00,12.436035,6.109558,902.6315,5.0961704,12.643982,65.32771
2021-12-21 16:00:00,12.177216,6.0460815,902.7964,5.019511,12.626801,66.15753
2021-12-21 17:00:00,11.358826,5.797638,902.7087,4.9165263,11.947388,68.63909
2021-12-21 18:00:00,11.049805,5.724579,902.3972,4.875874,10.928345,69.705894
2021-12-21 19:00:00,10.849121,5.6242065,902.0129,4.899972,9.893585,70.151695
2021-12-21 20:00:00,10.1362915,5.2689514,901.54584,5.006833,9.459564,71.773674
2021-12-21 21:00:00,9.952393,5.1626587,901.07263,5.224653,9.884094,72.127
2021-12-21 22:00:00,9.409027,4.9227295,900.83673,4.655256,11.865601,73.56524
2021-12-21 23:00:00,9.260956,4.8582764,900.6843,4.8735805,12.102844,73.968506
2021-12-22 00:00:00,9.519531,4.9933777,900.8767,4.906393,13.954193,73.38129
2021-12-22 01:00:00,9.485199,4.9476624,901.29565,4.93038,16.701782,73.3169
2021-12-22 02:00:00,10.458923,5.488434,901.86206,4.8995404,19.51419,71.32301
2021-12-22 03:00:00,10.889923,5.501526,902.37305,4.816675,21.58133,69.369415
2021-12-22 04:00:00,11.7387085,5.679291,902.5862,4.6594644,20.27002,66.39125
2021-12-22 05:00:00,14.94342,6.3966064,902.3845,4.3777804,15.536224,56.613064
2021-12-22 06:00:00,15.874817,6.066284,901.6732,4.1567707,5.696808,52.129852
2021-12-22 07:00:00,16.17633,5.9873962,900.7307,4.14148,355.008,50.858456
2021-12-22 08:00:00,17.255707,6.021942,899.78516,4.241738,347.71942,47.603546
2021-12-22 09:00:00,17.354584,5.905426,899.15936,4.366318,345.28912,46.927723
2021-12-22 10:00:00,15.83432,6.4458313,898.8697,4.015893,339.44788,53.650253
2021-12-22 11:00:00,15.654694,6.3812256,898.98334,3.6607814,349.75296,54.0294
2021-12-22 12:00:00,15.399139,6.6164246,899.319,3.4813435,356.9508,55.81717
2021-12-22 13:00:00,15.103363,6.720703,899.85406,3.3988135,3.657318,57.296318
2021-12-22 14:00:00,13.852203,6.535248,900.44006,3.3280387,8.119568,61.332493
2021-12-22 15:00:00,12.52536,5.947998,900.89197,3.1948094,10.032166,64.22549
2021-12-22 16:00:00,12.2682495,5.8887634,901.07697,3.0431337,11.233887,65.051926
2021-12-22 17:00:00,11.376617,5.6809998,901.0279,2.8791454,10.972595,68.0071
2021-12-22 18:00:00,11.105347,5.589447,900.87054,2.79728,9.995331,68.80262
2021-12-22 19:00:00,10.895264,5.5519104,900.62427,2.8642802,9.131348,69.58746
2021-12-22 20:00:00,10.149597,5.25,900.27325,3.0235553,8.924927,71.615524
2021-12-22 21:00:00,9.970123,5.161957,899.9455,3.2646294,9.383667,72.03796
2021-12-22 22:00:00,9.496124,4.906555,899.7527,2.6920707,9.123962,73.05361
2021-12-22 23:00:00,9.415497,4.889923,899.8028,2.9543855,10.600891,73.365364
2021-12-23 00:00:00,9.679901,5.0021973,900.1359,3.1225388,13.240051,72.64033
2021-12-23 01:00:00,9.66391,4.9881897,900.69916,3.194523,17.647278,72.64739
2021-12-23 02:00:00,10.663727,5.447052,901.3792,3.2982183,21.091583,70.15505
2021-12-23 03:00:00,11.1058655,5.53006,902.009,3.3028607,24.209808,68.51764
2021-12-23 04:00:00,11.927063,5.758789,902.3732,3.1460931,21.811737,65.93359
2021-12-23 05:00:00,15.122223,6.549347,902.1965,2.939784,15.678253,56.55701
2021-12-23 06:00:00,16.024261,6.583557,901.556,2.963378,3.520752,53.507793
2021-12-23 07:00:00,16.359375,6.518158,900.6049,3.2933972,351.70618,52.14192
2021-12-23 08:00:00,17.568573,6.4933777,899.693,3.7809443,345.389,48.213745
2021-12-23 09:00:00,17.65149,6.497925,899.1618,4.1978045,344.18494,47.977333
2021-12-23 10:00:00,16.064087,6.9469604,898.9414,3.7261226,348.6448,54.720116
2021-12-23 11:00:00,15.894226,7.0893555,899.0453,3.8255146,0.5947876,55.859035
2021-12-23 12:00:00,15.576233,7.2356873,899.40643,3.9931376,9.987152,57.5806
2021-12-23 13:00:00,15.304901,7.23349,899.88025,4.2044296,17.420166,58.58224
2021-12-23 14:00:00,14.142151,7.048584,900.4612,4.3236904,22.120148,62.348576
2021-12-23 15:00:00,12.932709,6.674713,900.91156,4.31376,24.614899,65.745636
2021-12-23 16:00:00,12.613495,6.5671997,901.1398,4.3038177,26.069092,66.63965
2021-12-23 17:00:00,11.685089,6.2724,901.074,4.270382,26.672668,69.41316
2021-12-23 18:00:00,11.389374,6.1477966,900.8323,4.3297744,26.645508,70.17768
2021-12-23 19:00:00,11.19162,6.0834045,900.4308,4.392012,26.569641,70.78752
2021-12-23 20:00:00,10.458679,5.726837,900.0207,4.5498304,26.15561,72.51207
2021-12-23 21:00:00,10.273926,5.678711,899.70306,4.7339053,25.946503,73.16708
2021-12-23 22:00:00,9.768372,5.3781433,899.50903,4.455622,26.126007,74.12283
2021-12-23 23:00:00,9.648987,5.2792664,899.48914,4.739176,26.62622,74.20734
2021-12-24 00:00:00,9.861877,5.368561,899.75446,4.8955746,28.653748,73.61095
2021-12-24 01:00:00,9.840698,5.334656,900.3008,4.9608574,32.04471,73.54212
2021-12-24 02:00:00,10.817841,5.8103027,901.02466,4.979927,35.54663,71.20914
2021-12-24 03:00:00,11.218811,5.944214,901.7276,4.9891286,38.99356,69.984146
2021-12-24 04:00:00,11.9435425,6.0850525,902.01636,4.8053656,40.85605,67.36397
2021-12-24 05:00:00,15.207214,7.106537,901.82874,4.437491,40.293762,58.440964
2021-12-24 06:00:00,16.106018,7.021759,901.1701,4.001026,35.451233,54.85437
2021-12-24 07:00:00,16.412537,7.0025635,900.3378,3.6410506,25.989624,53.72285
2021-12-24 08:00:00,17.502472,7.0123596,899.56036,3.5656233,15.859985,50.171272
2021-12-24 09:00:00,17.587524,6.936676,899.1753,3.762507,9.68222,49.64466
2021-12-24 10:00:00,16.139648,7.4008484,899.00446,3.514679,6.1694336,56.174706
2021-12-24 11:00:00,15.983307,7.484436,899.1611,4.060251,12.761444,57.062607
2021-12-24 12:00:00,15.711456,7.677887,899.54846,4.5148773,20.288513,58.833813
2021-12-24 13:00:00,15.386658,7.7048645,900.08936,4.7683935,25.39447,60.18128
2021-12-24 14:00:00,14.209015,7.5217285,900.6889,4.921323,28.149689,64.11996
2021-12-24 15:00:00,12.9410095,7.121704,901.0575,5.0013433,29.509155,67.75522
2021-12-24 16:00:00,12.691986,7.0557556,901.2505,5.039921,29.996277,68.558075
2021-12-24 17:00:00,11.858856,6.808716,901.18445,5.0778494,29.485565,71.20006
2021-12-24 18:00:00,11.593872,6.6658325,901.02167,5.1950107,28.431091,71.74883
2021-12-24 19:00:00,11.401825,6.594452,900.7025,5.3460655,27.617615,72.31008
2021-12-24 20:00:00,10.662689,6.1712646,900.3792,5.6090035,26.950348,73.76413
2021-12-24 21:00:00,10.502716,6.102844,900.08984,5.8828025,26.662872,74.20307
2021-12-24 22:00:00,9.921722,5.752136,899.99994,5.380586,29.07251,75.29191
2021-12-24 23:00:00,9.784241,5.6583557,900.0874,5.685011,28.760193,75.49667
2021-12-25 00:00:00,9.917328,5.7197876,900.3808,5.8923035,30.433167,75.14563
2021-12-25 01:00:00,9.882782,5.6566467,900.9205,6.0376215,33.132996,74.99107
2021-12-25 02:00:00,10.741241,6.0914,901.6008,6.0230064,36.564423,72.976425
2021-12-25 03:00:00,11.226013,6.2239075,902.1998,5.9914513,39.71353,71.31423
2021-12-25 04:00:00,11.918152,6.4921875,902.48865,5.777157,41.295288,69.39658
2021-12-25 05:00:00,15.02066,7.37381,902.3528,5.5017023,40.967957,60.236908
2021-12-25 06:00:00,15.906067,7.3502502,901.82135,5.0943074,37.49283,56.82172
2021-12-25 07:00:00,16.209686,7.3473816,901.0452,4.720323,30.73114,55.720573
2021-12-25 08:00:00,17.217194,7.291107,900.31036,4.5807853,24.221252,52.06744
2021-12-25 09:00:00,17.344147,7.2463684,899.8364,4.6895323,20.287537,51.493538
2021-12-25 10:00:00,15.98349,7.5515747,899.6403,4.691228,20.776733,57.323944
2021-12-25 11:00:00,15.847412,7.574341,899.80646,5.0877833,25.547058,57.914265
2021-12-25 12:00:00,15.656555,7.8120117,900.1546,5.4551644,30.005524,59.582687
2021-12-25 13:00:00,15.397247,7.9024963,900.6065,5.718337,33.414154,60.955036
2021-12-25 14:00:00,14.254883,7.74292,901.14905,5.8393693,36.529053,64.90118
2021-12-25 15:00:00,12.989258,7.2405396,901.54956,5.846068,39.106018,68.09326
2021-12-25 16:00:00,12.705017,7.173126,901.7314,5.7616735,41.48947,69.052155
2021-12-25 17:00:00,11.941711,6.929657,901.7238,5.6429067,42.705383,71.40215
2021-12-25 18:00:00,11.64389,6.824402,901.5945,5.523111,43.221832,72.29496
2021-12-25 19:00:00,11.457825,6.792816,901.3844,5.490798,43.62921,73.030975
2021-12-25 20:00:00,10.85498,6.548889,901.12524,5.5051174,43.77475,74.745674
2021-12-25 21:00:00,10.722992,6.5091553,900.93524,5.605374,43.69995,75.19869
2021-12-25 22:00:00,10.292633,6.3471375,900.91064,5.115571,46.72827,76.52812
2021-12-25 23:00:00,10.241882,6.353058,900.9638,5.287459,45.628937,76.81915
2021-12-26 00:00:00,10.443909,6.4406433,901.27563,5.440179,45.650696,76.249054
2021-12-26 01:00:00,10.440033,6.47464,901.81714,5.54107,47.091644,76.44738
2021-12-26 02:00:00,11.339081,6.9420776,902.5457,5.607268,49.095734,74.364456
2021-12-26 03:00:00,11.696564,7.010803,903.242,5.5335317,51.287872,72.97057
2021-12-26 04:00:00,12.268066,7.091278,903.60767,5.284751,51.70169,70.66329
2021-12-26 05:00:00,14.947052,7.9847717,903.492,4.825472,49.73526,63.095856
2021-12-26 06:00:00,15.816254,8.043549,902.9194,4.277616,42.11081,59.913177
2021-12-26 07:00:00,16.104767,7.9544067,902.1774,3.9419227,30.414642,58.464157
2021-12-26 08:00:00,17.025116,8.004669,901.42194,4.0320215,20.08136,55.331017
2021-12-26 09:00:00,17.112091,7.940796,900.998,4.4005957,15.388428,54.788727
2021-12-26 10:00:00,15.901489,8.339569,900.82794,4.318971,16.29303,60.79693
2021-12-26 11:00:00,15.786255,8.491516,901.0684,5.1322904,23.316528,61.88007
2021-12-26 12:00:00,15.557159,8.5685425,901.4504,5.864241,29.27246,63.122265
2021-12-26 13:00:00,15.356781,8.7846985,902.0054,6.3317,34.076385,64.87954
2021-12-26 14:00:00,14.41748,8.657257,902.6306,6.59646,37.823517,68.33353
2021-12-26 15:00:00,13.344574,8.209351,903.1141,6.7063694,40.76715,71.07153
2021-12-26 16:00:00,13.145905,8.171173,903.37195,6.762877,42.63199,71.812065
2021-12-26 17:00:00,12.371277,7.91803,903.34985,6.705308,43.81848,74.25934
2021-12-26 18:00:00,12.134918,7.903778,903.1389,6.6741853,44.204895,75.34887
2021-12-26 19:00:00,11.96936,7.8950195,902.815,6.703687,44.843506,76.129166
2021-12-26 20:00:00,11.370026,7.52652,902.4524,6.8014436,45.084503,77.23852
2021-12-26 21:00:00,11.170868,7.4311523,902.13635,6.9339623,45.423035,77.756325
2021-12-26 22:00:00,10.743439,7.206482,902.0875,6.6573257,46.239655,78.7758
2021-12-26 23:00:00,10.606323,7.118347,902.09784,6.8557696,46.533386,79.01988
2021-12-27 00:00:00,10.721069,7.1393433,902.3986,7.036693,48.326935,78.531525
2021-12-27 01:00:00,10.696716,7.130768,902.8322,7.1966367,51.005554,78.61269
2021-12-27 02:00:00,11.589844,7.6252747,903.4572,7.351363,54.136658,76.63838
2021-12-27 03:00:00,11.930542,7.64328,903.9807,7.29767,58.050568,75.02688
2021-12-27 04:00:00,12.468933,7.7710876,904.2463,6.9382715,62.34015,73.050674
2021-12-27 05:00:00,15.093201,8.475647,904.0184,6.283098,64.84836,64.62221
2021-12-27 06:00:00,15.950256,8.503723,903.3705,5.392759,63.634857,61.28558
2021-12-27 07:00:00,16.20874,8.447479,902.51447,4.567924,59.00815,60.05406
2021-12-27 08:00:00,17.208801,8.3489685,901.6957,4.0685716,52.59189,55.984642
2021-12-27 09:00:00,17.30185,8.24353,901.1345,4.0321774,46.159485,55.25975
2021-12-27 10:00:00,15.9782715,8.54834,900.9048,4.109192,48.877197,61.36107
2021-12-27 11:00:00,15.815979,8.609741,901.0815,4.978653,47.473816,62.258713
2021-12-27 12:00:00,15.599976,8.712463,901.4496,5.5753,44.398376,63.565063
2021-12-27 13:00:00,15.385345,8.799042,901.89874,6.173518,44.226837,64.82355
2021-12-27 14:00:00,14.436737,8.698273,902.48755,6.675661,44.63922,68.43806
2021-12-27 15:00:00,13.317291,8.223358,902.9966,7.0349174,45.089813,71.265724
2021-12-27 16:00:00,13.098816,8.24173,903.22284,7.277005,45.022827,72.37885
2021-12-27 17:00:00,12.369263,7.9627686,903.1181,7.442245,44.61136,74.49546
2021-12-27 18:00:00,12.116699,7.9301147,902.7939,7.624571,44.096222,75.57449
2021-12-27 19:00:00,11.927277,7.8796387,902.41174,7.76698,43.86609,76.26069
2021-12-27 20:00:00,11.251007,7.452301,902.02966,7.9035563,43.40497,77.45627
2021-12-27 21:00:00,11.125183,7.431671,901.8002,8.08979,43.120728,77.994965
2021-12-27 22:00:00,10.642609,7.03479,901.7377,7.936307,44.57184,78.37951
2021-12-27 23:00:00,10.546112,6.9796753,901.82007,8.158322,44.71295,78.58745
2021-12-28 00:00:00,10.671234,7.0336304,902.0759,8.318607,45.45999,78.22411
2021-12-28 01:00:00,10.636047,6.9919434,902.5681,8.491425,47.133636,78.18392
2021-12-28 02:00:00,11.396088,7.383087,903.19476,8.740479,49.654816,76.3541
2021-12-28 03:00:00,11.652557,7.253418,903.7581,8.713763,51.926422,74.408264
2021-12-28 04:00:00,12.121765,7.2874146,904.0376,8.494726,54.801636,72.31012
2021-12-28 05:00:00,14.523407,8.071106,903.84436,7.9433117,56.36731,65.22431
2021-12-28 06:00:00,15.353058,8.147827,903.21423,7.1335673,54.807007,62.15573
2021-12-28 07:00:00,15.612762,8.156494,902.3308,6.3874545,50.363037,61.165684
2021-12-28 08:00:00,16.556427,8.077881,901.45935,5.9108634,45.162415,57.285423
2021-12-28 09:00:00,16.68106,7.991272,900.9096,5.8634744,41.61142,56.500107
2021-12-28 10:00:00,15.466797,8.087891,900.59106,5.8972874,39.40866,61.453384
2021-12-28 11:00:00,15.29834,8.188385,900.69006,6.948302,40.97528,62.546314
2021-12-28 12:00:00,15.141174,8.280853,900.9861,7.4834256,42.854736,63.578438
2021-12-28 13:00:00,14.837341,8.295044,901.4176,7.8901215,45.29431,64.89592
2021-12-28 14:00:00,13.910919,8.210846,901.96436,8.168433,47.08264,68.508865
2021-12-28 15:00:00,12.94342,7.8354187,902.4151,8.305504,48.69629,71.126335
2021-12-28 16:00:00,12.724762,7.8215637,902.5502,8.323196,49.749176,72.08318
2021-12-28 17:00:00,11.989349,7.5760193,902.4369,8.327431,50.646057,74.39483
2021-12-28 18:00:00,11.756866,7.4924927,902.0847,8.361357,51.117035,75.11448
2021-12-28 19:00:00,11.598358,7.467804,901.72314,8.449069,51.539337,75.77688
2021-12-28 20:00:00,11.028351,7.216797,901.30994,8.546056,51.40329,77.35332
2021-12-28 21:00:00,10.951813,7.2044067,901.01056,8.695234,51.16571,77.681465
2021-12-28 22:00:00,10.591431,7.0240173,900.92596,8.605537,51.32434,78.589
2021-12-28 23:00:00,10.518768,6.9991455,900.8951,8.831177,51.95291,78.83584
2021-12-29 00:00:00,10.622406,6.9868164,901.2087,9.051919,52.76068,78.22745
2021-12-29 01:00:00,10.562286,6.9584045,901.81415,9.278328,54.096832,78.388466
2021-12-29 02:00:00,11.23938,7.3049316,902.5547,9.505906,55.805542,76.739555
2021-12-29 03:00:00,11.612762,7.3342896,903.2269,9.66629,58.27353,75.01764
2021-12-29 04:00:00,12.156525,7.6493225,903.6072,9.70814,61.317444,73.9494
2021-12-29 05:00:00,14.376984,8.399872,903.5589,9.325292,62.843628,67.32941
2021-12-29 06:00:00,15.181793,8.459106,903.02594,8.666799,62.109894,64.18342
2021-12-29 07:00:00,15.453705,8.410675,902.2371,7.9372277,59.23651,62.86657
2021-12-29 08:00:00,16.357239,8.247986,901.4358,7.4362764,55.364777,58.68969
2021-12-29 09:00:00,16.43808,8.156555,900.91815,7.2790823,52.180603,58.02737
2021-12-29 10:00:00,15.3394165,8.40564,900.7488,6.4305725,47.743713,63.307465
2021-12-29 11:00:00,15.220184,8.383301,900.9338,7.4813623,46.190613,63.6974
2021-12-29 12:00:00,15.005096,8.431519,901.3325,8.013382,46.35974,64.79547
2021-12-29 13:00:00,14.793243,8.546173,901.8814,8.4556875,47.259857,66.197205
2021-12-29 14:00:00,13.870392,8.440399,902.5053,8.889087,48.13507,69.76661
2021-12-29 15:00:00,13.029327,8.157166,903.0747,9.116021,48.913483,72.29202
2021-12-29 16:00:00,12.7323,8.023407,903.45935,9.327221,49.419373,73.043495
2021-12-29 17:00:00,12.056274,7.7781067,903.5818,9.470864,49.3761,75.094795
2021-12-29 18:00:00,11.8368225,7.6046753,903.4441,9.576469,49.089355,75.29337
2021-12-29 19:00:00,11.625183,7.5183716,903.2286,9.675516,48.811768,75.90423
2021-12-29 20:00:00,11.077728,7.284149,902.97327,9.782931,48.616028,77.45622
2021-12-29 21:00:00,10.927124,7.196747,902.753,9.946939,48.513397,77.768166
2021-12-29 22:00:00,10.466339,6.997223,902.7528,9.656306,49.907257,79.10134
2021-12-29 23:00:00,10.29248,6.8821106,902.7994,9.908198,49.881683,79.395004
2021-12-30 00:00:00,10.390533,6.8790894,903.1085,10.1757345,50.47827,78.86095
2021-12-30 01:00:00,10.302185,6.7908325,903.59845,10.464128,52.01236,78.84829
2021-12-30 02:00:00,10.929779,7.0339355,904.34204,10.815227,53.76883,76.8927
2021-12-30 03:00:00,11.276337,7.0711975,905.02014,11.010842,56.390167,75.33756
2021-12-30 04:00:00,11.815247,7.262268,905.45044,10.842042,58.53363,73.65822
2021-12-30 05:00:00,14.127197,7.9592285,905.3833,10.390887,59.252014,66.41028
2021-12-30 06:00:00,14.979095,7.9653625,904.84717,9.777413,58.834747,62.88285
2021-12-30 07:00:00,15.265106,7.9498596,904.04224,9.085596,56.82025,61.672424
2021-12-30 08:00:00,16.131592,7.847351,903.1747,8.636267,53.903503,57.940727
2021-12-30 09:00:00,16.299927,7.7373962,902.608,8.634777,50.569153,56.894936
2021-12-30 10:00:00,15.126923,7.910034,902.32513,8.267145,47.44632,62.053997
2021-12-30 11:00:00,14.960785,7.816345,902.4874,8.941073,47.065063,62.321983
2021-12-30 12:00:00,14.721527,7.954956,902.91565,9.15733,44.908264,63.889515
2021-12-30 13:00:00,14.462738,7.9578247,903.4918,9.559164,44.028625,64.978195
2021-12-30 14:00:00,13.489258,7.856598,904.1495,9.900475,44.592316,68.73737
2021-12-30 15:00:00,12.4366455,7.3995667,904.7149,10.113964,45.806335,71.37417
2021-12-30 16:00:00,12.159576,7.3349304,905.0824,10.193007,46.709076,72.36511
2021-12-30 17:00:00,11.440369,7.040222,905.1267,10.214333,47.356445,74.36613
2021-12-30 18:00:00,11.325806,7.0480957,904.9475,10.213375,47.573364,74.97247
2021-12-30 19:00:00,11.099823,6.9241333,904.67755,10.1658,47.552948,75.459885
2021-12-30 20:00:00,10.509277,6.5259094,904.3359,10.157384,47.28366,76.36423
2021-12-30 21:00:00,10.399872,6.4400635,903.9869,10.246414,47.00238,76.470215
2021-12-30 22:00:00,9.788818,6.1227417,903.76526,9.892408,50.447113,77.93566
2021-12-30 23:00:00,9.676575,6.035309,903.77484,10.139528,50.283844,78.051895
2021-12-31 00:00:00,9.803619,6.077484,904.0329,10.30613,50.84149,77.615616
2021-12-31 01:00:00,9.823883,6.102783,904.48615,10.45418,52.22168,77.64576
2021-12-31 02:00:00,10.509949,6.476471,905.08765,10.588971,53.621582,76.10156
2021-12-31 03:00:00,10.842987,6.4845276,905.69696,10.708042,55.592163,74.47484
2021-12-31 04:00:00,11.47818,6.671692,906.1353,10.604302,56.989258,72.32869
2021-12-31 05:00:00,13.974182,7.441284,906.1223,10.199894,57.35559,64.74649
2021-12-31 06:00:00,14.824829,7.6582947,905.58276,9.49805,56.17801,62.19674
2021-12-31 07:00:00,15.132935,7.7224426,904.7007,8.792682,53.651215,61.24296
2021-12-31 08:00:00,16.2724,7.8031616,903.81635,8.280045,50.729645,57.250587
2021-12-31 09:00:00,16.428802,7.765686,903.2861,8.129099,48.339844,56.538918
2021-12-31 10:00:00,15.178955,7.9487305,902.952,8.039631,47.02185,62.009823
2021-12-31 11:00:00,15.004547,7.848816,903.02783,8.692852,47.769836,62.28425
2021-12-31 12:00:00,14.834717,8.009308,903.3727,8.872512,46.70282,63.65996
2021-12-31 13:00:00,14.591217,8.0737,903.89685,9.166005,46.473846,64.950874
2021-12-31 14:00:00,13.525116,7.913971,904.55133,9.434393,46.69168,68.84535
2021-12-31 15:00:00,12.413666,7.40979,905.10175,9.551558,47.449615,71.53183
2021-12-31 16:00:00,12.164703,7.359558,905.42737,9.604913,48.083588,72.46255
2021-12-31 17:00:00,11.412323,7.181732,905.3972,9.568213,48.560913,75.22946
2021-12-31 18:00:00,11.149536,7.100342,905.12616,9.539794,48.339783,76.12499
2021-12-31 19:00:00,10.999847,7.0248413,904.71906,9.523037,47.889465,76.48815
2021-12-31 20:00:00,10.411743,6.697937,904.33044,9.494119,47.1922,77.776474
2021-12-31 21:00:00,10.250183,6.574646,904.05225,9.5571375,46.62686,77.956215
2021-12-31 22:00:00,9.743591,6.262146,903.9172,9.353787,50.599,78.92738
2021-12-31 23:00:00,9.642242,6.2061462,903.8338,9.5584955,49.158447,79.15949
