timestamp,temperature_C,dewpoint_C,pressure_hPa,wind_speed_kmh,wind_direction_deg,relative_humidity_pct
2022-01-01 00:00:00,9.735168,6.213806,904.00806,9.734409,48.901978,78.70925
2022-01-01 01:00:00,9.719452,6.222748,904.4155,9.835841,49.265656,78.84082
2022-01-01 02:00:00,10.679138,6.786133,905.0483,10.040199,50.15747,76.86743
2022-01-01 03:00:00,11.038544,6.863312,905.59875,10.122857,51.79413,75.45193
2022-01-01 04:00:00,11.689087,7.0900574,905.93243,9.91402,53.060333,73.40395
2022-01-01 05:00:00,14.3619995,8.005463,905.7911,9.424968,53.029236,65.61475
2022-01-01 06:00:00,15.233002,8.151154,905.1348,8.729425,51.241333,62.6507
2022-01-01 07:00:00,15.58313,8.193726,904.1593,8.045204,47.406097,61.43691
2022-01-01 08:00:00,16.770721,8.31778,903.20386,7.6233563,42.636444,57.438595
2022-01-01 09:00:00,16.884064,8.298065,902.62866,7.567363,38.658844,56.950943
2022-01-01 10:00:00,15.62262,8.446991,902.3415,6.8259287,40.04489,62.34309
2022-01-01 11:00:00,15.423645,8.437317,902.3592,7.4491224,40.73242,63.101624
2022-01-01 12:00:00,15.243988,8.472443,902.68335,7.848358,40.09787,63.985306
2022-01-01 13:00:00,14.986725,8.53656,903.21344,8.231996,40.613342,65.33513
2022-01-01 14:00:00,13.941437,8.447693,903.90326,8.536028,41.479706,69.48007
2022-01-01 15:00:00,12.986633,8.108337,904.3831,8.713042,42.12802,72.25401
2022-01-01 16:00:00,12.741211,8.061371,904.5709,8.837052,42.5112,73.189445
2022-01-01 17:00:00,12.036438,7.823059,904.4588,8.930374,42.86563,75.42339
2022-01-01 18:00:00,11.778931,7.704071,904.1808,9.017081,43.004913,76.095184
2022-01-01 19:00:00,11.578491,7.6299744,903.8053,9.103604,42.86142,76.72047
2022-01-01 20:00:00,10.979858,7.3244324,903.3448,9.2094145,42.432983,78.17586
2022-01-01 21:00:00,10.836945,7.2184753,902.9154,9.400569,41.93518,78.35185
2022-01-01 22:00:00,10.257507,6.845276,902.7418,8.579842,46.2312,79.379776
2022-01-01 23:00:00,10.205658,6.824585,902.7932,8.873899,45.27942,79.5421
2022-01-02 00:00:00,10.277863,6.8050537,902.97565,9.109498,45.494263,79.05351
2022-01-02 01:00:00,10.255981,6.804718,903.4011,9.333111,46.542755,79.16726
2022-01-02 02:00:00,11.039001,7.197815,903.94977,9.593754,48.17798,77.19837
2022-01-02 03:00:00,11.456116,7.249481,904.49615,9.791172,50.656586,75.36026
2022-01-02 04:00:00,12.103241,7.47406,904.7512,9.644364,53.47162,73.327255
2022-01-02 05:00:00,14.766235,8.292511,904.53156,9.081107,54.28604,65.182724
2022-01-02 06:00:00,15.658752,8.350952,903.8223,8.362259,52.765503,61.795635
2022-01-02 07:00:00,15.960297,8.333008,902.86804,7.6518984,49.101685,60.542072
2022-01-02 08:00:00,17.286377,8.375977,901.9204,7.231794,43.876617,55.81279
2022-01-02 09:00:00,17.38272,8.303253,901.266,7.2055264,39.83716,55.201275
2022-01-02 10:00:00,16.006866,8.463226,901.0769,6.870293,42.087006,60.897263
2022-01-02 11:00:00,15.867065,8.434662,901.18634,7.494397,43.49713,61.324673
2022-01-02 12:00:00,15.641327,8.576813,901.49756,7.8029184,42.47702,62.818123
2022-01-02 13:00:00,15.372131,8.645386,901.96857,8.180997,42.845367,64.208275
2022-01-02 14:00:00,14.403778,8.545563,902.5309,8.447741,43.78357,67.87926
2022-01-02 15:00:00,13.37085,8.099701,902.9266,8.62511,44.625916,70.42378
2022-01-02 16:00:00,13.174866,8.091248,903.0754,8.676592,45.51364,71.288536
2022-01-02 17:00:00,12.496643,7.8414307,902.99976,8.64497,46.108795,73.26801
2022-01-02 18:00:00,12.29483,7.8387146,902.81134,8.631534,46.057526,74.23151
2022-01-02 19:00:00,12.127411,7.812256,902.47345,8.622149,45.70392,74.91805
2022-01-02 20:00:00,11.390961,7.454834,902.0531,8.628408,45.09967,76.75516
2022-01-02 21:00:00,11.126404,7.3171387,901.6385,8.620292,44.255066,77.38086
2022-01-02 22:00:00,10.650574,7.064514,901.4874,7.9416947,46.369934,78.497604
2022-01-02 23:00:00,10.519531,7.021942,901.40656,8.106588,45.565857,78.955055
2022-01-03 00:00:00,10.642517,7.0112305,901.6306,8.295829,45.320312,78.253586
2022-01-03 01:00:00,10.605621,6.989929,902.0689,8.420576,45.97003,78.331635
2022-01-03 02:00:00,11.256653,7.330414,902.7433,8.479464,47.157166,76.7854
2022-01-03 03:00:00,11.748199,7.520935,903.37537,8.421869,48.919006,75.30347
2022-01-03 04:00:00,12.413849,7.813019,903.6916,8.157361,49.0213,73.52483
2022-01-03 05:00:00,14.739746,8.478699,903.50854,7.621741,46.392548,66.123116
2022-01-03 06:00:00,15.821808,8.438782,902.86414,7.024401,41.182587,61.519485
2022-01-03 07:00:00,16.096863,8.37088,901.9949,6.4327097,34.479492,60.170918
2022-01-03 08:00:00,17.152893,8.42865,901.1461,6.108884,27.681366,56.487167
2022-01-03 09:00:00,17.272919,8.4001465,900.5658,6.119286,23.392395,55.95186
2022-01-03 10:00:00,15.958466,8.458954,900.47186,5.476084,24.895752,61.06807
2022-01-03 11:00:00,15.838104,8.545837,900.6421,5.8860903,31.00705,61.902504
2022-01-03 12:00:00,15.558441,8.633759,901.09357,6.126784,32.185547,63.396156
2022-01-03 13:00:00,15.332947,8.721466,901.6234,6.368588,35.16687,64.701805
2022-01-03 14:00:00,14.363983,8.555115,902.2477,6.4722385,37.40741,68.09811
2022-01-03 15:00:00,13.2595215,8.088654,902.69666,6.440743,39.249084,70.88346
2022-01-03 16:00:00,13.011475,8.086182,902.8722,6.342078,40.46646,72.028366
2022-01-03 17:00:00,12.248413,7.8031616,902.8842,6.269875,40.910645,74.2783
2022-01-03 18:00:00,11.996521,7.722473,902.7288,6.2581825,40.381775,75.1057
2022-01-03 19:00:00,11.828949,7.653473,902.5209,6.371023,39.921967,75.583496
2022-01-03 20:00:00,11.209259,7.3889465,902.14404,6.4720116,39.142212,77.33551
2022-01-03 21:00:00,11.118286,7.354187,901.7963,6.666871,38.348633,77.618774
2022-01-03 22:00:00,10.619354,7.0414124,901.5491,6.2440014,38.484406,78.536545
2022-01-03 23:00:00,10.543213,7.0260315,901.48846,6.7058706,37.752655,78.85266
2022-01-04 00:00:00,10.711243,7.1046143,901.71515,7.039046,38.09015,78.39629
2022-01-04 01:00:00,10.69809,7.104431,902.2821,7.306843,39.748505,78.46394
2022-01-04 02:00:00,11.624329,7.618744,902.9532,7.5670857,41.631805,76.42997
2022-01-04 03:00:00,12.04892,7.7305603,903.52844,7.7433157,44.43515,74.88827
2022-01-04 04:00:00,12.759491,8.017242,903.7503,7.6472626,46.92273,72.883026
2022-01-04 05:00:00,15.216644,8.773773,903.53394,7.2285094,47.715363,65.4175
2022-01-04 06:00:00,16.214783,8.898285,902.9363,6.677704,46.156372,61.888725
2022-01-04 07:00:00,16.509216,8.916901,902.0739,6.1279955,43.27661,60.815876
2022-01-04 08:00:00,17.624512,8.980682,901.19226,5.726578,39.928864,56.91386
2022-01-04 09:00:00,17.730347,8.926819,900.60974,5.6230764,38.365387,56.330482
2022-01-04 10:00:00,16.419586,9.228668,900.37585,5.4048767,39.57675,62.46232
2022-01-04 11:00:00,16.263824,9.28067,900.5399,5.752468,44.648254,63.306004
2022-01-04 12:00:00,16.028687,9.422546,900.9285,5.853969,46.006104,64.87836
2022-01-04 13:00:00,15.812653,9.4722595,901.4288,5.9488325,48.38336,65.99995
2022-01-04 14:00:00,14.806122,9.29422,902.00104,5.9748282,51.249664,69.5665
2022-01-04 15:00:00,13.777405,8.950745,902.43396,5.8420563,54.228333,72.65262
2022-01-04 16:00:00,13.641937,8.964539,902.6418,5.613987,57.083893,73.36323
2022-01-04 17:00:00,13.065765,8.783447,902.55695,5.289201,59.108856,75.24456
2022-01-04 18:00:00,12.859741,8.694153,902.2875,5.00702,60.13507,75.805855
2022-01-04 19:00:00,12.710388,8.654083,901.9297,4.765125,60.27765,76.34343
2022-01-04 20:00:00,12.172089,8.41922,901.5549,4.590654,58.80185,77.84143
2022-01-04 21:00:00,12.014618,8.332977,901.19336,4.4660587,56.051025,78.19393
2022-01-04 22:00:00,11.6406555,8.22641,901.1398,3.8427157,55.172363,79.56907
2022-01-04 23:00:00,11.56369,8.250946,901.1023,4.0666976,50.979492,80.107895
2022-01-05 00:00:00,11.757782,8.326691,901.28564,4.3042736,48.62204,79.49506
2022-01-05 01:00:00,11.718597,8.286835,901.6831,4.4878645,47.859436,79.485794
2022-01-05 02:00:00,12.386627,8.672882,902.24146,4.617513,48.034912,78.08071
2022-01-05 03:00:00,12.803314,8.82016,902.799,4.65134,49.713806,76.73676
2022-01-05 04:00:00,13.333374,8.933502,903.1449,4.3470526,48.48352,74.69511
2022-01-05 05:00:00,15.406982,9.616486,903.04175,3.859933,42.570435,68.39588
2022-01-05 06:00:00,16.281616,9.6284485,902.42847,3.4162083,31.683441,64.72929
2022-01-05 07:00:00,16.51715,9.620514,901.57495,3.1322606,19.242004,63.732327
2022-01-05 08:00:00,17.365814,9.753021,900.72687,3.0642557,8.814514,60.93417
2022-01-05 09:00:00,17.453278,9.747284,900.245,3.252193,6.1002197,60.57525
2022-01-05 10:00:00,16.223633,9.944397,900.04596,3.4342902,10.559845,66.3591
2022-01-05 11:00:00,16.066101,10.046265,900.2571,4.075782,21.851013,67.48743
2022-01-05 12:00:00,15.790344,10.069672,900.58813,4.735289,27.573608,68.79423
2022-01-05 13:00:00,15.573669,10.098999,901.0201,5.12499,33.227722,69.89166
2022-01-05 14:00:00,14.763336,9.935577,901.5539,5.378153,36.93451,72.82637
2022-01-05 15:00:00,13.75,9.501892,901.9177,5.523103,40.019226,75.532875
2022-01-05 16:00:00,13.52829,9.397095,902.1611,5.5824776,42.078735,76.09187
2022-01-05 17:00:00,12.940735,9.137817,902.14734,5.6052904,43.270782,77.69699
2022-01-05 18:00:00,12.734161,9.030945,901.9455,5.7043667,43.57025,78.18906
2022-01-05 19:00:00,12.531891,8.94751,901.6166,5.795122,43.20111,78.787766
2022-01-05 20:00:00,12.010773,8.6848755,901.24725,5.903313,42.103638,80.09931
2022-01-05 21:00:00,11.88205,8.624329,900.94586,6.0976133,40.685913,80.45144
2022-01-05 22:00:00,11.639862,8.507721,900.8346,5.6176543,40.802216,81.10486
2022-01-05 23:00:00,11.535004,8.469757,900.8641,6.026591,39.89322,81.45903
2022-01-06 00:00:00,11.72641,8.560608,901.1382,6.3046427,40.687622,80.931946
2022-01-06 01:00:00,11.738983,8.583466,901.6346,6.546969,41.437073,80.98998
2022-01-06 02:00:00,12.51004,9.011353,902.2537,6.7554693,42.96826,79.24122
2022-01-06 03:00:00,12.9002075,9.098053,902.7703,6.8802915,45.25946,77.69472
2022-01-06 04:00:00,13.398956,9.212952,903.06305,6.7104154,48.9021,75.790634
2022-01-06 05:00:00,15.556915,9.990723,902.8384,6.0354114,50.639435,69.46191
2022-01-06 06:00:00,16.315125,9.997589,902.17206,5.186176,47.54904,66.20869
2022-01-06 07:00:00,16.538635,9.934082,901.21295,4.5674443,40.012756,64.99697
2022-01-06 08:00:00,17.380188,9.9808655,900.3081,4.387427,32.670746,61.814926
2022-01-06 09:00:00,17.482758,9.907471,899.72577,4.5640163,28.269379,61.114967
2022-01-06 10:00:00,16.274475,9.900421,899.5591,4.5713806,26.751526,65.95005
2022-01-06 11:00:00,16.03955,9.936768,899.7089,5.47656,31.366241,67.10842
2022-01-06 12:00:00,15.716095,9.888031,900.12244,6.0972366,33.756348,68.28669
2022-01-06 13:00:00,15.480988,9.932037,900.5996,6.51477,37.67032,69.52708
2022-01-06 14:00:00,14.7413025,9.815369,901.23157,6.7899575,40.99829,72.345146
2022-01-06 15:00:00,13.878998,9.438538,901.72314,6.909735,44.209473,74.58476
2022-01-06 16:00:00,13.602905,9.313019,901.9698,6.8945427,47.095367,75.29651
2022-01-06 17:00:00,12.875977,8.993927,901.9291,6.8018537,49.220245,77.27366
2022-01-06 18:00:00,12.604584,8.895813,901.7441,6.6924925,51.028473,78.140114
2022-01-06 19:00:00,12.368683,8.759918,901.4659,6.5070353,52.393097,78.63395
2022-01-06 20:00:00,11.789032,8.456207,901.1955,6.3483944,53.21115,80.03062
2022-01-06 21:00:00,11.646423,8.433289,900.91766,6.244696,53.248016,80.66214
2022-01-06 22:00:00,11.259155,8.173309,900.8571,5.706248,56.239655,81.308815
2022-01-06 23:00:00,11.08844,8.064392,900.9215,5.931219,56.33496,81.62813
2022-01-07 00:00:00,11.255188,8.12323,901.25494,6.0751705,57.420685,81.054146
2022-01-07 01:00:00,11.23111,8.096802,901.75226,6.193178,59.203186,81.037964
2022-01-07 02:00:00,12.076111,8.679352,902.3935,6.345974,61.743073,79.72573
2022-01-07 03:00:00,12.448975,8.755676,902.9991,6.4047594,66.21979,78.198166
2022-01-07 04:00:00,13.032593,8.862671,903.3789,6.252447,70.743774,75.812256
2022-01-07 05:00:00,15.282898,9.676392,903.2452,5.756564,74.0134,69.22021
2022-01-07 06:00:00,16.0961,9.8098755,902.6611,4.904891,76.30887,66.30094
2022-01-07 07:00:00,16.35318,9.76886,901.85016,3.9708238,77.31583,65.04457
2022-01-07 08:00:00,17.293732,9.804352,901.0326,3.2369668,74.888306,61.42327
2022-01-07 09:00:00,17.439728,9.713409,900.5158,2.9520242,68.40881,60.489548
2022-01-07 10:00:00,16.204254,9.710266,900.25073,2.7774513,55.871185,65.40713
2022-01-07 11:00:00,15.898315,9.694489,900.3708,3.7934203,52.616394,66.626045
2022-01-07 12:00:00,15.716003,9.767609,900.7671,4.613221,49.28485,67.73841
2022-01-07 13:00:00,15.505493,9.812286,901.3097,5.124108,51.059174,68.8635
2022-01-07 14:00:00,14.705841,9.712982,901.92584,5.4281,52.57367,72.01485
2022-01-07 15:00:00,13.652954,9.214325,902.3995,5.5814805,53.97162,74.555084
2022-01-07 16:00:00,13.361389,9.073914,902.61127,5.598445,54.884705,75.26815
2022-01-07 17:00:00,12.671509,8.738129,902.562,5.5196886,55.90683,76.97415
2022-01-07 18:00:00,12.457703,8.679199,902.3622,5.405042,56.221497,77.75049
2022-01-07 19:00:00,12.316162,8.641388,902.05804,5.295993,56.538055,78.27602
2022-01-07 20:00:00,11.654877,8.267639,901.6696,5.178342,55.751038,79.717026
2022-01-07 21:00:00,11.532898,8.2052,901.3498,5.108896,54.547363,80.02232
2022-01-07 22:00:00,11.111908,7.8917847,901.21124,4.436446,57.63849,80.55041
2022-01-07 23:00:00,11.041077,7.8609314,901.24023,4.6247296,54.60501,80.76006
2022-01-08 00:00:00,11.174988,7.9326477,901.55225,4.878947,53.874695,80.43749
2022-01-08 01:00:00,11.156036,7.919098,902.08954,5.059972,54.539062,80.464424
2022-01-08 02:00:00,11.953796,8.37384,902.795,5.2438664,56.246124,78.72553
2022-01-08 03:00:00,12.47995,8.519867,903.46216,5.2379003,59.18393,76.80476
2022-01-08 04:00:00,13.103149,8.700958,903.88586,4.9262633,61.511597,74.64388
2022-01-08 05:00:00,15.307709,9.372864,903.80304,4.2691555,61.1232,67.71568
2022-01-08 06:00:00,16.125824,9.424469,903.20197,3.5251,55.904938,64.48587
2022-01-08 07:00:00,16.411102,9.448761,902.3398,2.8840928,45.8407,63.427967
2022-01-08 08:00:00,17.26709,9.512787,901.48865,2.6423213,32.93161,60.335106
2022-01-08 09:00:00,17.40564,9.546814,900.9546,2.8621514,23.964417,59.94605
2022-01-08 10:00:00,16.235992,9.412903,900.69727,3.539457,17.752808,63.98481
2022-01-08 11:00:00,16.016022,9.447174,900.7935,4.454079,23.794952,65.03837
2022-01-08 12:00:00,15.709503,9.355469,901.1064,5.287094,28.766998,65.91732
2022-01-08 13:00:00,15.510773,9.431641,901.5162,5.7935843,33.38388,67.10418
2022-01-08 14:00:00,14.581451,9.319916,902.0183,6.0671115,36.46335,70.70383
2022-01-08 15:00:00,13.655334,9.070282,902.3707,6.137884,38.885773,73.823814
2022-01-08 16:00:00,13.417603,9.008453,902.5309,6.0925064,40.332245,74.66282
2022-01-08 17:00:00,12.743469,8.727173,902.3719,5.988605,41.067566,76.55555
2022-01-08 18:00:00,12.460968,8.582764,902.0083,5.8838463,41.045288,77.2285
2022-01-08 19:00:00,12.351318,8.576233,901.59827,5.820038,40.80652,77.752045
2022-01-08 20:00:00,11.663391,8.217346,901.1998,5.817,39.771606,79.40085
2022-01-08 21:00:00,11.51123,8.144379,900.7665,5.8880205,38.332275,79.806885
2022-01-08 22:00:00,11.196716,7.958191,900.5664,5.322568,37.199524,80.46137
2022-01-08 23:00:00,11.114105,7.9247437,900.4316,5.675791,35.90042,80.719444
2022-01-09 00:00:00,11.245056,7.967926,900.67993,5.9066825,36.707703,80.25717
2022-01-09 01:00:00,11.189575,7.921814,901.1278,6.0384855,38.56726,80.30058
2022-01-09 02:00:00,11.876526,8.321472,901.6426,6.1503997,40.972717,78.84707
2022-01-09 03:00:00,12.271637,8.332123,902.05444,6.1159673,43.263824,76.87856
2022-01-09 04:00:00,12.813446,8.533539,902.25525,5.7976494,44.494415,75.21425
2022-01-09 05:00:00,15.013397,9.21225,902.1057,5.1922274,42.27185,68.26675
2022-01-09 06:00:00,15.8172,9.265991,901.6381,4.458465,35.45401,65.07202
2022-01-09 07:00:00,16.02774,9.195648,900.87976,3.9232817,24.216278,63.899517
2022-01-09 08:00:00,16.96817,9.397308,900.1099,3.8261745,14.245514,61.012207
2022-01-09 09:00:00,17.076355,9.292419,899.5625,4.024818,9.965912,60.169647
2022-01-09 10:00:00,15.841309,9.121399,899.33295,4.443478,13.307007,64.34237
2022-01-09 11:00:00,15.692932,9.162598,899.3976,4.8477974,20.062958,65.13633
2022-01-09 12:00:00,15.513458,9.208618,899.8186,5.0800486,25.593597,66.093704
2022-01-09 13:00:00,15.342957,9.264374,900.2937,5.1674194,30.131287,67.071465
2022-01-09 14:00:00,14.451324,9.123199,900.87787,5.2362733,33.024536,70.362526
2022-01-09 15:00:00,13.425812,8.688904,901.29565,5.184478,35.874084,73.030266
2022-01-09 16:00:00,13.1996155,8.652252,901.53845,5.1070347,37.662598,73.93157
2022-01-09 17:00:00,12.487762,8.370697,901.52435,4.9778914,38.90576,75.99374
2022-01-09 18:00:00,12.231598,8.259827,901.39923,4.896555,39.46747,76.70418
2022-01-09 19:00:00,12.047394,8.187256,901.1362,4.857513,39.354492,77.25795
2022-01-09 20:00:00,11.463013,7.8685913,900.8544,4.895389,38.363983,78.57498
2022-01-09 21:00:00,11.301605,7.802765,900.5681,5.0240307,37.147064,79.06375
2022-01-09 22:00:00,10.787018,7.537842,900.4377,4.2291093,37.58667,80.34612
2022-01-09 23:00:00,10.684448,7.4805603,900.35736,4.561492,37.63275,80.58055
2022-01-10 00:00:00,10.782837,7.5415344,900.61743,4.8281746,39.168396,80.3887
2022-01-10 01:00:00,10.726746,7.507019,901.17444,5.0120416,42.0636,80.49934
2022-01-10 02:00:00,11.445587,7.872589,901.8622,5.1990123,45.54477,78.687
2022-01-10 03:00:00,11.799683,7.898407,902.4832,5.33001,49.468506,77.003136
2022-01-10 04:00:00,12.3160095,8.085571,902.8466,5.1172166,53.390594,75.38295
2022-01-10 05:00:00,14.645111,8.846771,902.7371,4.5043874,55.644043,68.20431
2022-01-10 06:00:00,15.502655,8.893341,902.23236,3.6432402,53.72464,64.74876
2022-01-10 07:00:00,15.822174,8.887421,901.4656,2.886527,46.063843,63.41272
2022-01-10 08:00:00,16.843811,8.852509,900.71564,2.572183,34.11035,59.279083
2022-01-10 09:00:00,16.957642,8.741455,900.192,2.8332343,26.991241,58.41306
2022-01-10 10:00:00,15.801941,8.810394,899.9297,3.1692064,22.302338,63.165455
2022-01-10 11:00:00,15.619934,8.861633,900.0852,4.1392674,30.543427,64.126785
2022-01-10 12:00:00,15.422211,8.948639,900.4253,4.783729,36.30435,65.326805
2022-01-10 13:00:00,15.253174,8.963196,900.9963,5.3479056,39.793243,66.10407
2022-01-10 14:00:00,14.307343,8.867523,901.62305,5.7449737,42.76709,69.80648
2022-01-10 15:00:00,13.306213,8.52243,902.1232,5.981703,45.05838,72.7774
2022-01-10 16:00:00,13.071564,8.454681,902.37506,6.081318,46.403137,73.56198
2022-01-10 17:00:00,12.379608,8.235138,902.3777,6.124117,46.973877,75.83481
2022-01-10 18:00:00,12.101746,8.1197815,902.1693,6.140816,46.940796,76.63025
2022-01-10 19:00:00,11.958405,8.081757,901.851,6.199428,46.862213,77.157364
2022-01-10 20:00:00,11.295685,7.664337,901.48615,6.2705765,46.06732,78.35247
2022-01-10 21:00:00,11.189209,7.5953674,901.1076,6.4239426,44.65448,78.53697
2022-01-10 22:00:00,10.688232,7.252472,900.7777,6.059022,44.8974,79.314705
2022-01-10 23:00:00,10.570953,7.2232666,900.68866,6.3835354,44.774506,79.77687
2022-01-11 00:00:00,10.639557,7.246887,900.9518,6.6292257,45.642822,79.54168
2022-01-11 01:00:00,10.660522,7.2826843,901.42737,6.8740377,46.787903,79.62541
2022-01-11 02:00:00,11.36731,7.626068,902.087,7.0376234,48.41385,77.77867
2022-01-11 03:00:00,11.698181,7.590851,902.6219,6.9677014,51.043976,75.913635
2022-01-11 04:00:00,12.192993,7.709961,902.9824,6.353395,54.14035,74.07773
2022-01-11 05:00:00,14.416718,8.335693,902.87054,5.3756475,52.44049,66.86524
2022-01-11 06:00:00,15.188477,8.314209,902.34235,4.544412,45.441925,63.529026
2022-01-11 07:00:00,15.416229,8.242371,901.5408,3.9399264,36.71643,62.302868
2022-01-11 08:00:00,16.40332,8.228821,900.682,3.6367157,27.76593,58.441757
2022-01-11 09:00:00,16.504913,8.095337,900.0057,3.7191732,21.14331,57.54153
2022-01-11 10:00:00,15.348755,8.1427,899.7148,3.867405,15.975708,62.151253
2022-01-11 11:00:00,15.225403,8.16153,899.82275,4.6375403,22.974548,62.72545
2022-01-11 12:00:00,15.035278,8.227722,900.1841,4.9524574,27.862762,63.78247
2022-01-11 13:00:00,14.812408,8.216858,900.61584,5.196444,31.204437,64.65643
2022-01-11 14:00:00,13.909485,8.085724,901.22095,5.402071,33.996124,67.93569
2022-01-11 15:00:00,12.86795,7.7624817,901.6738,5.462536,36.171234,71.12416
2022-01-11 16:00:00,12.604004,7.649658,901.8572,5.496568,37.19629,71.80994
2022-01-11 17:00:00,11.941071,7.4576416,901.73444,5.4688144,37.31717,74.03141
2022-01-11 18:00:00,11.776154,7.3907166,901.4194,5.511231,37.036194,74.4995
2022-01-11 19:00:00,11.516602,7.245453,901.06335,5.6011114,36.544037,75.03879
2022-01-11 20:00:00,10.965393,6.9826355,900.644,5.716089,36.702484,76.44194
2022-01-11 21:00:00,10.848907,6.929962,900.3348,5.9163938,36.99893,76.75807
2022-01-11 22:00:00,10.367828,6.69339,900.1217,5.721743,40.034393,77.98025
2022-01-11 23:00:00,10.306305,6.6719666,900.1272,5.843245,41.41455,78.18588
2022-01-12 00:00:00,10.367279,6.6712036,900.44415,5.9106617,44.113922,77.86436
2022-01-12 01:00:00,10.311249,6.64624,900.96423,5.932921,47.402008,78.022064
2022-01-12 02:00:00,10.898926,6.9151,901.6485,5.9785757,51.066254,76.425514
2022-01-12 03:00:00,11.179993,6.8471375,902.31244,5.9375424,55.981445,74.66457
2022-01-12 04:00:00,11.678528,6.997345,902.6535,5.5837703,60.55774,72.99019
2022-01-12 05:00:00,13.855652,7.6495667,902.5533,4.8567,62.27173,66.17997
2022-01-12 06:00:00,14.620911,7.693939,901.9978,3.795504,60.81772,63.17309
2022-01-12 07:00:00,14.853241,7.6817627,901.1804,2.7191188,55.56897,62.182392
2022-01-12 08:00:00,15.775574,7.6572876,900.3053,2.074415,45.98941,58.51081
2022-01-12 09:00:00,15.879089,7.598053,899.6576,1.9896102,35.709534,57.89068
2022-01-12 10:00:00,14.920288,7.5680237,899.34155,2.4086199,29.43454,61.436264
2022-01-12 11:00:00,14.800568,7.6147156,899.43256,3.272344,33.807312,62.10925
2022-01-12 12:00:00,14.659912,7.7486267,899.8137,3.8650665,38.84247,63.249535
2022-01-12 13:00:00,14.429871,7.7993774,900.3429,4.291111,42.226227,64.41812
2022-01-12 14:00:00,13.44873,7.6921997,901.0493,4.590361,45.905273,68.15178
2022-01-12 15:00:00,12.493164,7.388611,901.56915,4.7520127,49.80304,71.05678
2022-01-12 16:00:00,12.261047,7.2880554,901.8236,4.822906,53.34494,71.65403
2022-01-12 17:00:00,11.53186,7.013977,901.755,4.756709,55.79129,73.784836
2022-01-12 18:00:00,11.360626,7.00235,901.47034,4.7004604,57.259674,74.565834
2022-01-12 19:00:00,11.19812,6.923889,901.114,4.5842657,58.24353,74.968475
2022-01-12 20:00:00,10.672546,6.6777954,900.7018,4.487401,58.13849,76.33124
2022-01-12 21:00:00,10.51239,6.546753,900.34186,4.415485,56.79837,76.45791
2022-01-12 22:00:00,10.013184,6.3440857,900.1093,4.2165284,53.0531,77.95414
2022-01-12 23:00:00,9.9010315,6.2642517,900.02405,4.270422,53.143494,78.110596
2022-01-13 00:00:00,9.935394,6.2938843,900.2079,4.3723173,54.50891,78.09044
2022-01-13 01:00:00,9.85672,6.2372437,900.65454,4.448475,57.042786,78.197014
2022-01-13 02:00:00,10.505371,6.5462646,901.32007,4.5495667,59.991425,76.491104
2022-01-13 03:00:00,10.8029175,6.492401,901.9641,4.461768,64.045135,74.71391
2022-01-13 04:00:00,11.376312,6.726593,902.3725,3.929194,67.93939,73.09283
2022-01-13 05:00:00,13.593506,7.2703857,902.30383,3.1505945,70.35574,65.59673
2022-01-13 06:00:00,14.4956665,7.4137573,901.7286,2.288163,70.83374,62.48031
2022-01-13 07:00:00,14.768677,7.4160767,900.82,1.4137725,64.15869,61.39915
2022-01-13 08:00:00,15.830048,7.3407288,899.9003,0.89718294,41.385162,57.061302
2022-01-13 09:00:00,15.938599,7.323181,899.2882,0.9577225,14.720886,56.59899
2022-01-13 10:00:00,14.945007,7.4637146,898.8511,1.3548061,22.681335,60.903584
2022-01-13 11:00:00,14.818573,7.509094,898.904,2.3513796,37.826965,61.59192
2022-01-13 12:00:00,14.603577,7.5365906,899.2573,3.1290355,43.73236,62.56894
2022-01-13 13:00:00,14.398773,7.6056824,899.70844,3.7350407,49.37039,63.7015
2022-01-13 14:00:00,13.46936,7.533905,900.343,4.15065,53.810455,67.329704
2022-01-13 15:00:00,12.404663,7.195282,900.8777,4.368926,57.989075,70.53239
2022-01-13 16:00:00,12.201294,7.2027283,901.2087,4.4537015,61.598785,71.517525
2022-01-13 17:00:00,11.50589,6.9335938,901.2015,4.4498987,63.590485,73.50558
2022-01-13 18:00:00,11.258728,6.8623962,900.9945,4.4089036,64.97125,74.35383
2022-01-13 19:00:00,11.117554,6.8109436,900.6843,4.3353863,65.93121,74.78832
2022-01-13 20:00:00,10.539551,6.50943,900.3887,4.2502666,65.6875,76.12403
2022-01-13 21:00:00,10.3515625,6.408783,900.1171,4.1884174,64.95502,76.552025
2022-01-13 22:00:00,9.942047,6.2417603,899.9576,4.2565355,66.84357,77.77577
2022-01-13 23:00:00,9.856995,6.1917114,899.96423,4.429753,66.50836,77.950485
2022-01-14 00:00:00,9.931061,6.217041,900.2434,4.655327,67.15097,77.70046
2022-01-14 01:00:00,9.922852,6.2189026,900.8368,4.8106833,69.010925,77.75314
2022-01-14 02:00:00,10.546051,6.519867,901.55096,5.0363755,70.483734,76.14572
2022-01-14 03:00:00,11.046173,6.571686,902.2534,5.0819182,73.77246,73.91852
2022-01-14 04:00:00,11.693695,6.891388,902.67267,4.635492,77.60895,72.389465
2022-01-14 05:00:00,13.796387,7.4888,902.6682,3.724009,78.523315,65.71061
2022-01-14 06:00:00,14.6032715,7.6005554,902.1475,2.747457,74.479065,62.843746
2022-01-14 07:00:00,14.877502,7.6172485,901.3317,2.0053566,64.20969,61.81289
2022-01-14 08:00:00,15.751556,7.6582336,900.3862,1.6386079,45.405823,58.604538
2022-01-14 09:00:00,15.854431,7.6150208,899.66,1.8289208,29.230316,58.049095
2022-01-14 10:00:00,14.913727,7.6550293,899.171,2.476645,29.021332,61.827927
2022-01-14 11:00:00,14.801056,7.6663513,899.1951,3.50856,35.07895,62.326283
2022-01-14 12:00:00,14.613464,7.7118835,899.4978,4.1374574,39.55072,63.280773
2022-01-14 13:00:00,14.376343,7.750305,900.024,4.6803503,42.7558,64.425735
2022-01-14 14:00:00,13.508881,7.6951294,900.6085,5.122907,45.1662,67.898994
2022-01-14 15:00:00,12.4496765,7.4090576,901.16956,5.430426,47.60028,71.35939
2022-01-14 16:00:00,12.282166,7.39093,901.5171,5.603635,49.802734,72.0594
2022-01-14 17:00:00,11.488251,7.105011,901.6367,5.653303,51.460907,74.46062
2022-01-14 18:00:00,11.318481,7.0701904,901.4818,5.6676035,52.433502,75.12243
2022-01-14 19:00:00,11.143982,7.0203857,901.25226,5.667845,53.038605,75.73718
2022-01-14 20:00:00,10.511932,6.6947937,900.9518,5.6718616,52.634277,77.24211
2022-01-14 21:00:00,10.39389,6.625824,900.7127,5.681365,51.70169,77.48431
2022-01-14 22:00:00,9.873474,6.3208313,900.4336,5.774363,51.695374,78.56055
2022-01-14 23:00:00,9.823181,6.3002625,900.5136,5.8256536,53.199738,78.71401
2022-01-15 00:00:00,9.944,6.332611,900.8413,5.9852433,54.765533,78.25397
2022-01-15 01:00:00,9.921814,6.318695,901.40265,6.129088,56.48404,78.295166
2022-01-15 02:00:00,10.514282,6.5710754,902.0376,6.3727546,58.36212,76.57623
2022-01-15 03:00:00,10.75589,6.579895,902.6799,6.591892,60.46112,75.40023
2022-01-15 04:00:00,11.267761,6.7395325,903.09076,6.402299,61.35724,73.68545
2022-01-15 05:00:00,13.4953,7.3678894,903.17114,5.813914,59.014618,66.4586
2022-01-15 06:00:00,14.286682,7.3641663,902.75214,5.1263976,53.052124,63.115883
2022-01-15 07:00:00,14.589844,7.349121,902.08344,4.575146,44.736237,61.82798
2022-01-15 08:00:00,15.613098,7.3503723,901.30347,4.3574677,35.8873,57.89692
2022-01-15 09:00:00,15.743134,7.3630066,900.7399,4.6214437,29.877167,57.466705
2022-01-15 10:00:00,14.853119,7.436035,900.3995,4.898524,27.091278,61.149303
2022-01-15 11:00:00,14.743713,7.444336,900.57916,5.571438,30.905396,61.616802
2022-01-15 12:00:00,14.572266,7.4165344,900.9966,5.908865,33.988434,62.18385
2022-01-15 13:00:00,14.343079,7.549652,901.5234,6.286234,35.761963,63.68744
2022-01-15 14:00:00,13.338745,7.458679,902.12537,6.6250763,37.18573,67.55726
2022-01-15 15:00:00,12.278839,6.962311,902.6525,6.830343,38.00522,69.9922
2022-01-15 16:00:00,12.011505,6.861206,902.918,6.896451,39.01819,70.74183
2022-01-15 17:00:00,11.311584,6.6667786,902.98315,6.898914,40.091797,73.10573
2022-01-15 18:00:00,11.1649475,6.6130066,902.8109,6.9227934,40.984863,73.54715
2022-01-15 19:00:00,11.000336,6.5453186,902.55084,7.008291,41.352448,74.009415
2022-01-15 20:00:00,10.446472,6.241394,902.21906,7.081734,40.952637,75.19691
2022-01-15 21:00:00,10.274353,6.1483765,901.8731,7.25657,40.63495,75.57895
2022-01-15 22:00:00,9.702179,5.788971,901.79553,7.189696,44.17157,76.60259
2022-01-15 23:00:00,9.692322,5.805176,901.72076,7.4352384,44.039337,76.73922
2022-01-16 00:00:00,9.809479,5.847595,902.01624,7.726822,45.071533,76.36264
2022-01-16 01:00:00,9.759705,5.8150635,902.6236,8.039587,46.788116,76.445595
2022-01-16 02:00:00,10.384888,6.010132,903.39557,8.429689,48.649017,74.311104
2022-01-16 03:00:00,10.73703,6.092224,904.2042,8.763092,50.690155,73.001015
2022-01-16 04:00:00,11.273468,6.3523865,904.6983,8.720981,52.08841,71.722565
2022-01-16 05:00:00,13.64978,7.1439514,904.6587,8.368875,51.965485,64.79434
2022-01-16 06:00:00,14.482758,7.2723694,904.16486,7.835399,49.461456,61.93123
2022-01-16 07:00:00,14.836426,7.347046,903.4734,7.3299885,44.64801,60.844147
2022-01-16 08:00:00,16.036713,7.37796,902.7288,7.052124,39.542175,56.45648
2022-01-16 09:00:00,16.19107,7.308838,902.1058,7.1019783,36.32248,55.639977
2022-01-16 10:00:00,15.062164,7.455719,901.6721,7.074269,34.3743,60.41332
2022-01-16 11:00:00,14.947052,7.3470154,901.7793,7.6379104,37.734985,60.41218
2022-01-16 12:00:00,14.708221,7.4111023,902.13,8.055904,39.359283,61.61798
2022-01-16 13:00:00,14.463135,7.4248657,902.6141,8.430764,41.08484,62.65924
2022-01-16 14:00:00,13.43045,7.2497253,903.23914,8.65254,42.97223,66.20297
2022-01-16 15:00:00,12.333984,6.8051147,903.7661,8.722418,44.21643,68.99132
2022-01-16 16:00:00,12.105682,6.776306,904.0616,8.680364,45.119843,69.896286
2022-01-16 17:00:00,11.3368225,6.4603577,904.13257,8.575303,45.367188,71.95517
2022-01-16 18:00:00,11.075317,6.3770447,903.96954,8.525695,45.06491,72.794304
2022-01-16 19:00:00,10.850433,6.2969055,903.67896,8.480815,44.886078,73.4826
2022-01-16 20:00:00,10.278015,6.0949707,903.3306,8.487077,44.140778,75.282555
2022-01-16 21:00:00,10.127655,6.0195923,903.0193,8.516591,43.159607,75.64775
2022-01-16 22:00:00,9.755554,5.786072,903.04846,8.175724,43.218018,76.313644
2022-01-16 23:00:00,9.635712,5.806427,903.00006,8.320904,42.78369,77.03785
2022-01-17 00:00:00,9.79248,5.848053,903.2333,8.499677,42.99353,76.45208
2022-01-17 01:00:00,9.777435,5.84848,903.7201,8.638912,43.611816,76.53147
2022-01-17 02:00:00,10.614319,6.2358704,904.41724,8.801938,44.417725,74.33243
2022-01-17 03:00:00,11.019226,6.3372803,905.0639,8.94253,45.99579,72.865906
2022-01-17 04:00:00,11.6814575,6.737274,905.47314,8.814337,46.53012,71.68588
2022-01-17 05:00:00,14.137756,7.5520935,905.3755,8.380529,44.6304,64.55005
2022-01-17 06:00:00,15.006531,7.6762695,904.79974,7.915609,39.9534,61.548805
2022-01-17 07:00:00,15.404663,7.781952,904.00256,7.577346,33.221893,60.428272
2022-01-17 08:00:00,16.692932,8.036499,903.14294,7.479824,26.78897,56.631332
2022-01-17 09:00:00,16.80774,7.986786,902.514,7.6566157,22.32367,56.03055
2022-01-17 10:00:00,15.676605,8.10556,902.08685,7.6638093,20.641357,60.705914
2022-01-17 11:00:00,15.561188,8.084869,902.1145,8.096477,24.098083,61.070286
2022-01-17 12:00:00,15.396057,8.157013,902.4475,8.390834,26.499634,62.023182
2022-01-17 13:00:00,15.095764,8.163452,902.9685,8.676068,28.07962,63.25837
2022-01-17 14:00:00,14.026245,7.998871,903.6467,8.818331,29.787933,67.026505
2022-01-17 15:00:00,12.771606,7.6195374,904.26135,8.815109,31.00885,70.88021
2022-01-17 16:00:00,12.547607,7.566101,904.62573,8.734479,31.834167,71.666466
2022-01-17 17:00:00,11.816132,7.302643,904.6439,8.642448,32.32422,73.8575
2022-01-17 18:00:00,11.506439,7.166565,904.3725,8.601242,32.751556,74.685104
2022-01-17 19:00:00,11.303101,7.074341,903.93835,8.608031,32.679443,75.220345
2022-01-17 20:00:00,10.637329,6.7147827,903.4268,8.689562,32.05081,76.70496
2022-01-17 21:00:00,10.511353,6.6221313,902.9501,8.766095,31.191498,76.86044
2022-01-17 22:00:00,10.072662,6.4904785,902.67267,8.5526495,34.605347,78.43106
2022-01-17 23:00:00,9.930145,6.4097595,902.5243,8.644508,34.42444,78.74379
2022-01-18 00:00:00,10.056274,6.428833,902.58026,8.713234,35.5838,78.184685
2022-01-18 01:00:00,10.027863,6.458191,902.89575,8.750449,37.17978,78.49182
2022-01-18 02:00:00,10.780548,6.763977,903.3567,8.731868,38.92337,76.23466
2022-01-18 03:00:00,11.164032,6.7603455,903.8022,8.70217,41.516235,74.29975
2022-01-18 04:00:00,11.746094,6.946991,903.9828,8.413171,44.209747,72.415085
2022-01-18 05:00:00,14.276215,7.777405,903.81104,7.812624,44.131866,64.96405
2022-01-18 06:00:00,15.363831,7.9830017,903.27405,7.1133924,40.074554,61.42116
2022-01-18 07:00:00,15.674835,7.8996887,902.37384,6.524624,33.191345,59.86916
2022-01-18 08:00:00,16.963806,7.8842773,901.3195,6.217027,26.516144,55.093445
2022-01-18 09:00:00,17.090118,7.81131,900.4928,6.1626353,21.763336,54.383743
2022-01-18 10:00:00,15.781006,7.8645935,899.9761,6.0426173,23.10913,59.322094
2022-01-18 11:00:00,15.676727,7.9448547,899.9155,6.366595,24.713318,60.04608
2022-01-18 12:00:00,15.489349,8.002716,900.1646,6.300063,28.109222,61.010517
2022-01-18 13:00:00,15.236237,8.04068,900.604,6.3060985,29.26358,62.169468
2022-01-18 14:00:00,14.171204,7.954315,901.2252,6.2584367,29.972717,66.19918
2022-01-18 15:00:00,12.920776,7.457428,901.7473,6.0781336,30.85556,69.41988
2022-01-18 16:00:00,12.640991,7.4694824,902.05493,5.8392715,31.21222,70.761086
2022-01-18 17:00:00,11.850555,7.190735,902.09344,5.57668,31.110138,73.128296
2022-01-18 18:00:00,11.555511,7.0785217,901.9395,5.416864,29.944305,73.99599
2022-01-18 19:00:00,11.406067,7.0549927,901.59454,5.3509502,28.470886,74.61052
2022-01-18 20:00:00,10.782227,6.809021,901.1372,5.347823,26.42514,76.462166
2022-01-18 21:00:00,10.68103,6.777832,900.6792,5.4115906,24.945953,76.81399
2022-01-18 22:00:00,10.209045,6.4849854,900.3864,5.1106334,25.929626,77.69011
2022-01-18 23:00:00,10.116638,6.4296265,900.2824,5.3414254,23.891815,77.87404
2022-01-19 00:00:00,10.277405,6.488739,900.46454,5.5820208,23.129272,77.35629
2022-01-19 01:00:00,10.248932,6.4503784,900.8986,5.7098417,23.74121,77.29917
2022-01-19 02:00:00,11.038483,6.831726,901.4844,5.7671394,24.33374,75.288925
2022-01-19 03:00:00,11.497681,6.9429016,901.9968,5.7469873,25.358002,73.59242
2022-01-19 04:00:00,12.063293,6.975281,902.2534,5.5433283,23.898376,71.054596
2022-01-19 05:00:00,14.536713,7.635895,902.10815,5.223847,18.340942,63.266563
2022-01-19 06:00:00,15.567657,7.6068115,901.53424,5.0741014,8.399353,59.090908
2022-01-19 07:00:00,15.853455,7.541687,900.6172,5.2133613,356.7311,57.763092
2022-01-19 08:00:00,16.923553,7.4852905,899.5881,5.5745387,347.69113,53.752728
2022-01-19 09:00:00,17.058624,7.4336243,898.7556,5.9648128,343.5349,53.10708
2022-01-19 10:00:00,15.929932,7.7238464,898.1653,6.200855,345.64896,58.199795
2022-01-19 11:00:00,15.782562,7.7981567,898.1487,5.9612193,351.7907,59.048588
2022-01-19 12:00:00,15.505463,7.835449,898.2902,5.554634,357.53363,60.258102
2022-01-19 13:00:00,15.345123,7.941803,898.65265,5.4003253,2.7328491,61.322914
2022-01-19 14:00:00,14.210999,7.8464966,899.07477,5.1632977,6.545532,65.54635
2022-01-19 15:00:00,12.944305,7.303772,899.5299,4.8671403,8.975891,68.58949
2022-01-19 16:00:00,12.720428,7.3011475,899.73975,4.502256,10.629639,69.58907
2022-01-19 17:00:00,11.913971,7.040619,899.7804,4.10233,11.094482,72.078766
2022-01-19 18:00:00,11.608063,6.9101562,899.5941,3.7806044,10.995117,72.89372
2022-01-19 19:00:00,11.410797,6.88916,899.28784,3.6115415,9.013916,73.744316
2022-01-19 20:00:00,10.711731,6.586273,898.8057,3.602783,6.1325073,75.65519
2022-01-19 21:00:00,10.484192,6.4562683,898.28784,3.699578,3.630371,76.1264
2022-01-19 22:00:00,9.980713,6.269623,897.8424,3.2793612,5.599121,77.7239
2022-01-19 23:00:00,9.871094,6.2208557,897.71985,3.3586621,3.558075,78.03357
2022-01-20 00:00:00,10.036255,6.315399,897.9015,3.3869133,4.1034546,77.680275
2022-01-20 01:00:00,9.972473,6.2688904,898.3284,3.4209054,6.240631,77.76284
2022-01-20 02:00:00,10.770447,6.693573,898.93884,3.373138,8.474243,75.917984
2022-01-20 03:00:00,11.13501,6.7359924,899.51697,3.1712227,11.072662,74.31849
2022-01-20 04:00:00,11.804352,6.9703674,899.8772,2.8269372,8.8211975,72.25296
2022-01-20 05:00:00,14.3133545,7.6332397,899.8246,2.4861665,353.33768,64.17473
2022-01-20 06:00:00,15.192993,7.6510925,899.3337,2.7632046,330.93008,60.7112
2022-01-20 07:00:00,15.469513,7.625702,898.52875,3.5184057,317.59085,59.540314
2022-01-20 08:00:00,16.608093,7.632904,897.5659,4.2894077,313.3867,55.394615
2022-01-20 09:00:00,16.782104,7.549591,896.79944,4.793879,313.94202,54.475548
2022-01-20 10:00:00,15.742584,7.608917,896.1663,4.795994,321.82895,58.441383
2022-01-20 11:00:00,15.656921,7.76178,896.1666,4.471023,330.42145,59.377853
2022-01-20 12:00:00,15.435364,7.8608704,896.4003,3.9280844,340.41156,60.634262
2022-01-20 13:00:00,15.126312,7.887909,896.782,3.443382,350.39075,61.963093
2022-01-20 14:00:00,14.008087,7.784027,897.293,3.0102432,358.22137,66.1318
2022-01-20 15:00:00,12.744202,7.2720337,897.76013,2.6136315,4.4294434,69.34269
2022-01-20 16:00:00,12.487457,7.21344,898.0804,2.2332206,7.8349304,70.23738
2022-01-20 17:00:00,11.636566,6.9709167,898.1973,1.8616337,8.728119,73.06027
2022-01-20 18:00:00,11.428833,6.8923645,898.0508,1.5588565,7.716461,73.672554
2022-01-20 19:00:00,11.257935,6.848633,897.81415,1.3576292,5.4977417,74.287575
2022-01-20 20:00:00,10.584137,6.5469055,897.4978,1.2885652,357.82532,76.09418
2022-01-20 21:00:00,10.407593,6.5025635,897.1934,1.3130679,351.31543,76.76023
2022-01-20 22:00:00,9.984283,6.2958374,896.87854,1.6601228,333.3376,77.84583
2022-01-20 23:00:00,9.909515,6.282196,896.86017,1.6100898,334.7273,78.16285
2022-01-21 00:00:00,10.062592,6.4374084,897.135,1.5629019,335.83505,78.1978
2022-01-21 01:00:00,10.009003,6.3914795,897.678,1.4368052,335.9605,78.23085
2022-01-21 02:00:00,10.809357,6.864197,898.37756,1.2099108,332.74066,76.61384
2022-01-21 03:00:00,11.200745,6.8888855,899.082,0.96320903,317.9323,74.775764
2022-01-21 04:00:00,11.746033,6.957855,899.531,1.1962621,278.79236,72.469315
2022-01-21 05:00:00,14.312225,7.918152,899.5655,2.1361864,263.94318,65.436676
2022-01-21 06:00:00,15.278534,7.9638367,899.1062,3.197729,261.5926,61.67788
2022-01-21 07:00:00,15.63324,7.9792175,898.32495,4.2047367,262.114,60.354294
2022-01-21 08:00:00,16.684631,7.941437,897.3499,4.97741,264.8285,56.29623
2022-01-21 09:00:00,16.864685,7.85376,896.5711,5.333447,268.11792,55.32569
2022-01-21 10:00:00,15.782959,8.069031,896.1115,5.2836056,275.51166,60.14488
2022-01-21 11:00:00,15.656555,8.093536,896.04865,4.4758844,282.63898,60.73424
2022-01-21 12:00:00,15.447754,8.166931,896.2506,3.525763,290.027,61.85956
2022-01-21 13:00:00,15.115601,8.178253,896.6488,2.9350002,297.97177,63.241257
2022-01-21 14:00:00,14.14032,8.189056,897.1576,2.4774053,301.76965,67.39793
2022-01-21 15:00:00,13.000153,7.705902,897.6283,2.1731095,304.01923,70.24088
2022-01-21 16:00:00,12.751862,7.763794,897.89795,1.9920253,302.29062,71.67294
2022-01-21 17:00:00,11.976959,7.5313416,897.8784,1.9642172,297.01456,74.229004
2022-01-21 18:00:00,11.748077,7.536072,897.61884,2.0385919,290.7995,75.38188
2022-01-21 19:00:00,11.560211,7.507202,897.27325,2.2024713,287.83362,76.172676
2022-01-21 20:00:00,10.91568,7.241394,896.8831,2.4583316,287.79962,78.065315
2022-01-21 21:00:00,10.791351,7.187805,896.45337,2.7410066,290.35428,78.42496
2022-01-21 22:00:00,10.49823,7.0112915,896.03217,3.0117218,280.91815,79.009514
2022-01-21 23:00:00,10.434143,7.017334,895.8731,3.066044,284.56757,79.38059
2022-01-22 00:00:00,10.556122,7.109314,896.05585,3.008627,288.47766,79.23548
2022-01-22 01:00:00,10.495911,7.0429993,896.47974,2.9082377,292.31873,79.19356
2022-01-22 02:00:00,11.238647,7.4174805,897.035,2.7112906,296.81543,77.33563
2022-01-22 03:00:00,11.631073,7.405548,897.5682,2.6717992,295.45654,75.29259
2022-01-22 04:00:00,12.133453,7.5252686,897.9205,3.1499815,290.44702,73.43782
2022-01-22 05:00:00,14.285095,8.071259,897.86505,4.108802,285.1972,66.23738
2022-01-22 06:00:00,15.150513,8.01767,897.4118,4.9928017,283.6937,62.415077
2022-01-22 07:00:00,15.378204,7.9625854,896.67194,5.7586045,283.51212,61.279453
2022-01-22 08:00:00,16.178131,7.869293,895.80634,6.268464,284.6988,57.855373
2022-01-22 09:00:00,16.312439,7.725067,895.1041,6.426277,287.3605,56.80189
2022-01-22 10:00:00,15.341949,7.851349,894.6872,5.703213,290.32022,60.95915
2022-01-22 11:00:00,15.257629,7.87265,894.8242,5.0553045,298.3257,61.37885
2022-01-22 12:00:00,15.106934,7.9731445,895.12,4.1901617,310.90546,62.400986
2022-01-22 13:00:00,14.882751,8.0763855,895.61523,3.5201423,319.9694,63.75323
2022-01-22 14:00:00,14.11618,8.062103,896.21954,3.1074684,324.93268,66.92398
2022-01-22 15:00:00,13.143738,7.736328,896.78143,2.789296,325.92175,69.72969
2022-01-22 16:00:00,12.928467,7.7338257,897.10175,2.5473068,324.535,70.705124
2022-01-22 17:00:00,12.258942,7.548004,897.1207,2.4530473,320.86365,72.9474
2022-01-22 18:00:00,11.949402,7.4640503,896.9342,2.4202332,317.55807,74.02316
2022-01-22 19:00:00,11.753418,7.4165955,896.6831,2.4498403,315.3549,74.74331
2022-01-22 20:00:00,11.118286,7.164276,896.38904,2.5379665,313.57855,76.61742
2022-01-22 21:00:00,10.979401,7.0823975,896.1451,2.698286,313.69858,76.894554
2022-01-22 22:00:00,10.514923,6.842865,895.9423,2.434514,306.77106,78.01566
2022-01-22 23:00:00,10.3767395,6.7385254,895.9983,2.4747028,307.8647,78.17585
2022-01-23 00:00:00,10.465454,6.7608643,896.3021,2.3306534,310.96365,77.83405
2022-01-23 01:00:00,10.416748,6.7153625,896.83264,2.184278,313.91602,77.84363
2022-01-23 02:00:00,11.105835,7.057617,897.5006,1.9555769,313.9417,76.12288
2022-01-23 03:00:00,11.447449,7.0319214,898.1873,1.8170652,308.05832,74.28906
2022-01-23 04:00:00,12.004425,7.0522156,898.66376,1.8821126,293.52002,71.707466
2022-01-23 05:00:00,14.013214,7.4371033,898.78284,2.4312487,278.32996,64.564415
2022-01-23 06:00:00,14.8098755,7.4113464,898.475,3.3367555,271.2852,61.21659
2022-01-23 07:00:00,15.069092,7.326477,897.8287,4.171191,269.27203,59.855694
2022-01-23 08:00:00,15.92276,7.175537,897.03375,4.7951603,269.95404,56.087177
2022-01-23 09:00:00,16.049805,7.089569,896.39197,5.0661,272.76614,55.307693
2022-01-23 10:00:00,15.108765,7.067932,895.96454,4.74998,277.27075,58.656567
2022-01-23 11:00:00,15.014526,7.165985,896.1256,4.1459885,287.90897,59.41051
2022-01-23 12:00:00,14.805695,7.2599792,896.5785,3.2441046,303.44226,60.602997
2022-01-23 13:00:00,14.639069,7.379364,897.1839,2.674866,317.1856,61.759384
2022-01-23 14:00:00,13.843567,7.4095764,897.8621,2.4319217,326.7154,65.15627
2022-01-23 15:00:00,12.881805,7.0889587,898.3529,2.2571163,332.5657,67.865715
2022-01-23 16:00:00,12.635071,7.079193,898.5296,2.09819,335.26523,68.92473
2022-01-23 17:00:00,11.9086,6.8821106,898.42596,1.974891,334.30508,71.3252
2022-01-23 18:00:00,11.686005,6.79068,898.146,1.8695773,332.839,71.92756
2022-01-23 19:00:00,11.488892,6.745392,897.84326,1.8645045,330.84088,72.64423
2022-01-23 20:00:00,10.948364,6.5169067,897.49664,1.9105097,330.4403,74.12024
2022-01-23 21:00:00,10.74469,6.3905334,897.15393,2.0526237,332.0451,74.47976
2022-01-23 22:00:00,10.332733,6.2123413,896.91284,1.6951251,316.3377,75.6179
2022-01-23 23:00:00,10.223206,6.1728516,896.8679,1.7226337,322.68195,75.965645
2022-01-24 00:00:00,10.273285,6.230896,897.1189,1.6903464,332.057,76.01569
2022-01-24 01:00:00,10.237335,6.211975,897.6293,1.5811378,343.9534,76.09904
2022-01-24 02:00:00,10.8263855,6.4613953,898.3006,1.5149007,357.2578,74.43849
2022-01-24 03:00:00,11.136322,6.440918,898.9796,1.3831899,6.8601685,72.81988
2022-01-24 04:00:00,11.675415,6.559387,899.47705,0.9933736,3.2008972,70.84329
2022-01-24 05:00:00,13.748566,6.819641,899.5701,0.8752672,314.7847,62.96476
2022-01-24 06:00:00,14.58847,6.795166,899.1317,1.6145644,289.36804,59.53189
2022-01-24 07:00:00,14.814575,6.7194214,898.37146,2.4106393,283.82968,58.365948
2022-01-24 08:00:00,15.699921,6.538208,897.49554,2.9536946,284.13016,54.458363
2022-01-24 09:00:00,15.852112,6.438202,896.85944,3.1676886,287.78036,53.561146
2022-01-24 10:00:00,15.104492,6.5281677,896.4353,2.9721227,289.61523,56.539093
2022-01-24 11:00:00,14.982574,6.6723022,896.4824,2.5692775,308.03928,57.5515
2022-01-24 12:00:00,14.763245,6.769745,896.82886,2.1567135,330.70566,58.761997
2022-01-24 13:00:00,14.517487,6.8855896,897.38104,2.3567894,347.49393,60.177475
2022-01-24 14:00:00,13.593262,6.92453,898.0041,2.5554276,357.63474,64.062805
2022-01-24 15:00:00,12.494965,6.42511,898.5313,2.7254136,3.5507507,66.506325
2022-01-24 16:00:00,12.257965,6.400299,898.8446,2.8398297,5.735016,67.434105
2022-01-24 17:00:00,11.494507,6.248169,898.88837,2.873601,7.7091675,70.17539
2022-01-24 18:00:00,11.256561,6.2415466,898.6763,2.9657183,9.189636,71.25665
2022-01-24 19:00:00,11.105835,6.1752014,898.38055,3.015037,10.713684,71.64359
2022-01-24 20:00:00,10.507263,5.8964844,898.02313,3.0996914,11.245239,73.13082
2022-01-24 21:00:00,10.377197,5.8381653,897.74445,3.206639,12.095734,73.470856
2022-01-24 22:00:00,9.7899475,5.5774536,897.65796,2.6193967,18.040527,75.04601
2022-01-24 23:00:00,9.697388,5.54245,897.6074,2.8172457,20.748169,75.330124
2022-01-25 00:00:00,9.778839,5.5793457,897.8158,2.9978564,25.380249,75.11175
2022-01-25 01:00:00,9.735046,5.5549316,898.31915,3.1178966,30.470978,75.205185
2022-01-25 02:00:00,10.226196,5.7468567,898.9243,3.2288027,35.022034,73.7477
2022-01-25 03:00:00,10.574066,5.7778625,899.54,3.1056213,39.891296,72.21127
2022-01-25 04:00:00,11.182098,5.845703,899.9171,2.6319077,40.570038,69.67852
2022-01-25 05:00:00,13.483368,6.3047485,899.92,1.8909702,34.24936,61.831863
2022-01-25 06:00:00,14.329559,6.2560425,899.39026,1.2058343,3.8294067,58.33253
2022-01-25 07:00:00,14.617676,6.2595825,898.56213,1.3699559,318.82095,57.270897
2022-01-25 08:00:00,15.617889,6.176819,897.62506,1.8595617,301.33865,53.399338
2022-01-25 09:00:00,15.785278,6.0746155,896.9458,2.2073457,300.73633,52.459232
2022-01-25 10:00:00,14.8689575,6.0111084,896.5246,2.208365,309.21497,55.392933
2022-01-25 11:00:00,14.767761,6.056793,896.5734,2.1029105,332.51526,55.93139
2022-01-25 12:00:00,14.600708,6.0997314,896.9002,2.2156599,1.6547852,56.70504
2022-01-25 13:00:00,14.314423,6.2423096,897.40424,2.6977627,14.434906,58.33441
2022-01-25 14:00:00,13.234009,6.317108,898.0547,3.002944,22.478577,62.898243
2022-01-25 15:00:00,12.139984,5.8960876,898.6727,3.1447496,27.415741,65.63608
2022-01-25 16:00:00,11.945618,5.924408,899.0149,3.2122195,31.009094,66.6116
2022-01-25 17:00:00,11.231659,5.7521973,899.02423,3.2498813,33.058807,69.002266
2022-01-25 18:00:00,11.015167,5.714508,898.81116,3.280328,34.965057,69.81761
2022-01-25 19:00:00,10.85553,5.704193,898.5656,3.3264902,35.60135,70.51134
2022-01-25 20:00:00,10.254425,5.4773254,898.2483,3.4185798,35.6669,72.247025
2022-01-25 21:00:00,10.083771,5.4611206,897.99243,3.5521164,34.748657,72.993385
2022-01-25 22:00:00,9.572479,5.167572,897.7399,3.3387542,37.169983,74.01253
2022-01-25 23:00:00,9.436829,5.1384583,897.7571,3.483914,37.95352,74.53885
2022-01-26 00:00:00,9.497345,5.1773376,897.9623,3.6375332,39.930023,74.437386
2022-01-26 01:00:00,9.413483,5.173462,898.42896,3.7888951,42.767822,74.83784
2022-01-26 02:00:00,10.038727,5.440979,899.1002,3.9242725,44.753906,73.11134
2022-01-26 03:00:00,10.383514,5.4219055,899.73975,3.8793461,48.668335,71.35248
2022-01-26 04:00:00,10.921539,5.583252,900.2239,3.4368968,51.079163,69.61717
2022-01-26 05:00:00,13.417816,6.0313416,900.21063,2.5821033,45.568665,60.936302
2022-01-26 06:00:00,14.24295,5.9587708,899.78394,1.9241579,23.15509,57.46917
2022-01-26 07:00:00,14.522369,5.9648438,899.0067,1.8954158,353.64236,56.464165
2022-01-26 08:00:00,15.491821,5.8702087,898.2099,2.2949908,337.11923,52.704525
2022-01-26 09:00:00,15.643433,5.837982,897.5514,2.7634938,334.36768,52.07901
2022-01-26 10:00:00,14.750916,6.0097046,897.18225,2.9416015,343.77032,55.8104
2022-01-26 11:00:00,14.654968,6.088684,897.2028,3.4020798,358.50253,56.463802
2022-01-26 12:00:00,14.489471,6.1322937,897.5109,3.7808533,13.368347,57.242203
2022-01-26 13:00:00,14.21698,6.341675,898.03625,4.301534,19.159363,59.106655
2022-01-26 14:00:00,13.154175,6.3818054,898.69666,4.604139,23.912445,63.509064
2022-01-26 15:00:00,12.080994,6.004608,899.25916,4.6988688,26.81195,66.38725
2022-01-26 16:00:00,11.860596,5.967163,899.59033,4.720124,28.286194,67.18408
2022-01-26 17:00:00,10.941315,5.690094,899.66296,4.643624,28.469269,70.04227
2022-01-26 18:00:00,10.709198,5.6436768,899.49774,4.6144905,28.143951,70.902954
2022-01-26 19:00:00,10.540527,5.573822,899.1845,4.6111436,27.45108,71.35738
2022-01-26 20:00:00,9.851959,5.3063965,898.78687,4.7004585,26.224304,73.342606
2022-01-26 21:00:00,9.698456,5.275421,898.4557,4.850941,24.823486,73.941765
2022-01-26 22:00:00,9.307251,5.0362854,898.18896,5.004387,23.07135,74.65846
2022-01-26 23:00:00,9.154755,4.963745,898.21313,5.2561564,24.055481,75.04873
2022-01-27 00:00:00,9.317444,5.0458984,898.51276,5.55142,25.777924,74.65722
2022-01-27 01:00:00,9.231232,4.990204,899.04205,5.833762,27.762451,74.80097
2022-01-27 02:00:00,9.807312,5.1980896,899.69305,6.141183,29.36789,73.01078
2022-01-27 03:00:00,10.093689,5.1941833,900.3795,6.385667,31.00235,71.605316
2022-01-27 04:00:00,10.594818,5.2913513,900.8385,6.458511,30.788788,69.71996
2022-01-27 05:00:00,12.928955,5.572174,900.87354,6.2988744,27.35138,60.9446
2022-01-27 06:00:00,14.0069275,5.5550537,900.3733,6.049776,21.213531,56.74675
2022-01-27 07:00:00,14.289856,5.6022034,899.63477,6.0710025,13.906067,55.898834
2022-01-27 08:00:00,15.286316,5.556366,898.79877,6.289816,8.669861,52.256073
2022-01-27 09:00:00,15.383545,5.488556,898.1919,6.6917,7.0861816,51.687492
2022-01-27 10:00:00,14.549835,5.4594116,897.7759,6.542225,5.0463257,54.426075
2022-01-27 11:00:00,14.484222,5.526001,897.7972,7.231236,12.695007,54.910152
2022-01-27 12:00:00,14.34848,5.626953,898.12036,7.597119,21.655884,55.78287
2022-01-27 13:00:00,14.040741,5.7315063,898.5899,7.959024,25.559265,57.31879
2022-01-27 14:00:00,12.888306,5.8683167,899.23096,8.125326,29.409729,62.3724
2022-01-27 15:00:00,11.83371,5.4714966,899.7636,8.120899,33.105774,65.03319
2022-01-27 16:00:00,11.560516,5.522949,900.11346,7.986813,35.992554,66.45332
2022-01-27 17:00:00,10.72464,5.2956543,900.1956,7.8066444,38.320435,69.14083
2022-01-27 18:00:00,10.433807,5.1730347,900.0251,7.615006,39.725586,69.894875
2022-01-27 19:00:00,10.206268,5.093994,899.7408,7.452016,40.735535,70.57522
2022-01-27 20:00:00,9.4201355,4.7114563,899.3633,7.3250895,41.14569,72.435356
2022-01-27 21:00:00,9.267609,4.6194153,899.0769,7.236493,41.395752,72.713425
2022-01-27 22:00:00,8.690857,4.2814636,898.74146,6.478571,37.12921,73.83182
2022-01-27 23:00:00,8.621643,4.2670593,898.73834,6.70582,38.341553,74.10338
2022-01-28 00:00:00,8.713501,4.342041,899.05963,6.8336816,40.180847,74.03222
2022-01-28 01:00:00,8.674408,4.292511,899.7076,6.9159927,42.091034,73.97116
2022-01-28 02:00:00,9.401154,4.5760803,900.484,6.9588275,44.329773,71.845474
2022-01-28 03:00:00,9.941284,4.561157,901.30585,6.89366,45.58075,69.216965
2022-01-28 04:00:00,10.682251,4.703491,901.8636,6.587984,43.822876,66.53554
2022-01-28 05:00:00,13.220917,5.1271973,901.9257,5.9673405,39.03473,57.97459
2022-01-28 06:00:00,14.22464,5.1213074,901.4927,5.2657304,30.79599,54.292095
2022-01-28 07:00:00,14.590393,5.0740967,900.72125,4.8414464,20.383545,52.849888
2022-01-28 08:00:00,15.794617,5.0427856,899.86774,4.797089,10.930389,48.809277
2022-01-28 09:00:00,15.991394,4.9819946,899.2011,4.955478,6.664337,47.99593
2022-01-28 10:00:00,15.116516,5.3908997,898.78516,4.681603,2.2717285,52.22629
2022-01-28 11:00:00,15.017944,5.379242,898.8552,5.0127063,12.770264,52.515846
2022-01-28 12:00:00,14.765015,5.282776,899.1621,5.2838783,21.59793,53.021736
2022-01-28 13:00:00,14.4131775,5.3086853,899.7176,5.600556,24.684753,54.33718
2022-01-28 14:00:00,13.117432,5.4216614,900.3732,5.785914,28.756866,59.573715
2022-01-28 15:00:00,11.962799,5.1473083,900.9903,5.856853,31.948639,63.046623
2022-01-28 16:00:00,11.736481,5.1062317,901.3885,5.8091154,34.275696,63.811867
2022-01-28 17:00:00,10.8506775,4.8503113,901.49756,5.708226,34.985962,66.471756
2022-01-28 18:00:00,10.551697,4.7373657,901.322,5.6337085,34.72632,67.2752
2022-01-28 19:00:00,10.353912,4.6667175,901.0053,5.66743,33.972687,67.832794
2022-01-28 20:00:00,9.711975,4.508789,900.61206,5.7992597,33.10193,70.03171
2022-01-28 21:00:00,9.544098,4.407837,900.26984,5.9480715,32.642487,70.32678
2022-01-28 22:00:00,8.963257,4.079895,900.09717,5.6946464,35.346375,71.469345
2022-01-28 23:00:00,8.851776,4.034973,899.9866,5.899821,35.34488,71.782455
2022-01-29 00:00:00,9.031555,4.134735,900.26385,6.0581837,36.254974,71.41507
2022-01-29 01:00:00,8.955109,4.1209717,900.76904,6.217914,38.24588,71.714935
2022-01-29 02:00:00,9.86911,4.46817,901.4787,6.3025384,39.63861,69.10164
2022-01-29 03:00:00,10.274719,4.520233,902.1895,6.309464,40.98993,67.49802
2022-01-29 04:00:00,11.271545,4.852173,902.65857,6.107972,39.1532,64.649826
2022-01-29 05:00:00,14.464539,5.5701294,902.61554,5.6324635,32.6221,55.14844
2022-01-29 06:00:00,15.424225,5.4729004,902.05383,5.210957,19.374207,51.496887
2022-01-29 07:00:00,15.77771,5.5557556,901.1069,5.133328,5.44339,50.634377
2022-01-29 08:00:00,17.032043,5.5230713,900.11206,5.341937,355.0086,46.643864
2022-01-29 09:00:00,17.170135,5.591797,899.43555,5.6917543,350.6497,46.45872
2022-01-29 10:00:00,16.149445,6.1795654,898.93353,5.1565776,349.38797,51.62594
2022-01-29 11:00:00,16.01764,6.2691345,898.983,5.3489566,358.47186,52.384354
2022-01-29 12:00:00,15.688263,6.228241,899.21643,5.484939,4.4132385,53.348167
2022-01-29 13:00:00,15.28833,6.2564697,899.6675,5.789109,7.1289673,54.839855
2022-01-29 14:00:00,13.84906,6.307556,900.30444,5.795503,10.05426,60.391052
2022-01-29 15:00:00,12.642273,6.0162354,900.8549,5.7437844,11.921112,64.036255
2022-01-29 16:00:00,12.365997,5.961609,901.1818,5.606341,12.714111,64.96176
2022-01-29 17:00:00,11.378143,5.7401733,901.1792,5.481178,11.823151,68.27936
2022-01-29 18:00:00,11.082062,5.589508,900.93805,5.3515105,9.985504,68.90925
2022-01-29 19:00:00,10.892273,5.561859,900.5735,5.346089,7.568329,69.6493
2022-01-29 20:00:00,10.084686,5.2373962,900.10333,5.442836,5.448761,71.86394
2022-01-29 21:00:00,9.920593,5.191559,899.6283,5.6143246,3.7120361,72.42607
2022-01-29 22:00:00,9.209381,4.781952,899.1887,5.0859756,3.7199707,73.831764
2022-01-29 23:00:00,9.079102,4.74704,899.0242,5.25839,2.9736328,74.301315
2022-01-30 00:00:00,9.276855,4.8679504,899.18024,5.309805,3.9963074,73.939255
2022-01-30 01:00:00,9.218933,4.816681,899.6092,5.280578,5.8876343,73.96321
2022-01-30 02:00:00,10.089264,5.2243347,900.2383,5.144296,8.67511,71.776764
2022-01-30 03:00:00,10.5885315,5.244507,900.83734,5.044977,8.272766,69.52252
2022-01-30 04:00:00,11.406067,5.374176,901.22217,4.9180093,2.8772278,66.44613
2022-01-30 05:00:00,14.601257,6.213806,901.1707,4.9429293,352.7658,57.15097
2022-01-30 06:00:00,15.648804,6.0606384,900.60175,5.248274,341.8476,52.868225
2022-01-30 07:00:00,15.99588,6.1001587,899.6471,5.823129,332.62704,51.84941
2022-01-30 08:00:00,17.177856,6.0135193,898.573,6.33586,327.22223,47.81067
2022-01-30 09:00:00,17.366241,5.8640137,897.7646,6.615639,325.60574,46.75912
2022-01-30 10:00:00,16.307861,6.2772827,897.29834,5.7885785,325.15625,51.45285
2022-01-30 11:00:00,16.236542,6.266968,897.216,5.3053403,336.21368,51.65042
2022-01-30 12:00:00,15.981506,6.2881165,897.4614,4.9221764,347.34006,52.57405
2022-01-30 13:00:00,15.507843,6.304779,897.9328,4.7705812,354.395,54.253525
2022-01-30 14:00:00,14.162628,6.388733,898.464,4.584313,1.430481,59.50753
2022-01-30 15:00:00,12.923828,6.1003723,898.9641,4.4250364,6.2952576,63.233185
2022-01-30 16:00:00,12.644684,6.052368,899.28766,4.241902,9.267517,64.18609
2022-01-30 17:00:00,11.737518,5.9698486,899.3948,4.060991,11.266876,67.74427
2022-01-30 18:00:00,11.458771,5.9926453,899.2264,3.924567,11.931244,69.11209
2022-01-30 19:00:00,11.297211,5.999054,898.8717,3.9172168,11.9496155,69.8859
2022-01-30 20:00:00,10.536926,5.79068,898.3622,4.0302796,11.67926,72.45436
2022-01-30 21:00:00,10.4133,5.780243,897.8593,4.1798854,11.668884,73.00109
2022-01-30 22:00:00,9.693756,5.3288574,897.5264,3.5991933,19.638184,74.2401
2022-01-30 23:00:00,9.590118,5.3331604,897.4604,3.8339078,21.0047,74.780426
2022-01-31 00:00:00,9.837463,5.479889,897.6029,4.023173,23.456177,74.30318
2022-01-31 01:00:00,9.805939,5.5130615,898.094,4.137369,26.664215,74.63176
2022-01-31 02:00:00,10.723602,5.9489136,898.8109,4.246187,30.375732,72.346725
2022-01-31 03:00:00,11.180237,6.0567627,899.593,4.120601,31.911957,70.71081
2022-01-31 04:00:00,12.003784,6.2842407,900.0934,3.7112575,27.676788,68.02526
2022-01-31 05:00:00,15.084686,7.20697,900.06866,3.3643763,12.453552,59.309143
2022-01-31 06:00:00,16.041382,7.0191345,899.55743,3.5394306,353.76947,55.07114
2022-01-31 07:00:00,16.346344,7.0466614,898.6424,4.041146,340.1628,54.1129
2022-01-31 08:00:00,17.590515,7.114624,897.68646,4.5165496,333.20526,50.244034
2022-01-31 09:00:00,17.775818,7.043213,896.9317,4.9231553,331.88416,49.41851
2022-01-31 10:00:00,16.693634,7.4393616,896.5033,4.4344144,334.77393,54.371773
2022-01-31 11:00:00,16.568329,7.491516,896.50165,4.451802,349.5661,55.001785
2022-01-31 12:00:00,16.342255,7.549286,896.7639,4.4982624,4.375183,56.018875
2022-01-31 13:00:00,15.962341,7.5538025,897.21674,4.6514163,14.161163,57.410122
2022-01-31 14:00:00,14.703247,7.5566406,897.8082,4.690647,22.31363,62.25305
2022-01-31 15:00:00,13.480072,7.2180786,898.3552,4.6461873,27.427063,65.846756
2022-01-31 16:00:00,13.170837,7.1633606,898.62946,4.511987,30.33496,66.936295
2022-01-31 17:00:00,12.283813,6.962219,898.6942,4.3565645,31.18634,69.96889
2022-01-31 18:00:00,12.02652,6.9082947,898.505,4.2054935,30.237152,70.90051
2022-01-31 19:00:00,11.797241,6.901642,898.2477,4.147817,27.701172,71.94711
2022-01-31 20:00:00,11.063385,6.5625916,897.8003,4.1707244,24.50409,73.788
2022-01-31 21:00:00,10.86377,6.4966125,897.3579,4.298553,21.349792,74.43392
2022-01-31 22:00:00,10.193726,6.137146,897.1791,4.024907,23.757568,75.92813
2022-01-31 23:00:00,10.06604,6.0841675,897.05133,4.2242913,21.694092,76.29938
2022-02-01 00:00:00,10.220734,6.1641846,897.2773,4.34706,22.577515,75.93278
2022-02-01 01:00:00,10.185059,6.137451,897.76685,4.389503,24.94632,75.973694
2022-02-01 02:00:00,10.914429,6.5076294,898.45404,4.4056125,28.44574,74.240074
2022-02-01 03:00:00,11.304779,6.5181885,899.11884,4.4405413,29.799286,72.39545
2022-02-01 04:00:00,11.966156,6.6078796,899.535,4.4063296,27.293488,69.729965
2022-02-01 05:00:00,14.859222,7.4141235,899.5199,4.4522195,20.100769,61.033894
2022-02-01 06:00:00,15.710724,7.2220764,898.9905,4.518098,9.185181,57.033886
2022-02-01 07:00:00,16.04248,7.1492615,898.1611,4.75277,357.83054,55.560104
2022-02-01 08:00:00,17.120056,6.7921753,897.15454,5.0023065,348.93658,50.628353
2022-02-01 09:00:00,17.316803,6.6433716,896.4139,5.190142,344.59686,49.493988
2022-02-01 10:00:00,16.358337,6.7450867,896.07135,5.0364914,340.91037,52.96489
2022-02-01 11:00:00,16.315857,6.802826,896.1311,4.7219367,348.0904,53.319233
2022-02-01 12:00:00,16.130493,6.739624,896.5012,4.093129,359.85547,53.719265
2022-02-01 13:00:00,15.755646,6.6705933,897.01636,3.8830812,4.5063477,54.760582
2022-02-01 14:00:00,14.5442505,6.8717346,897.59827,3.655513,9.7916565,60.016502
2022-02-01 15:00:00,13.359924,6.6101685,898.1278,3.356296,13.26532,63.654835
2022-02-01 16:00:00,13.030273,6.56369,898.4546,3.045755,15.6901245,64.83123
2022-02-01 17:00:00,12.07309,6.3117676,898.5616,2.7467732,16.083557,67.84413
2022-02-01 18:00:00,11.804626,6.252594,898.47284,2.4551666,14.805481,68.77384
2022-02-01 19:00:00,11.609039,6.210907,898.3212,2.3045108,11.845856,69.46756
2022-02-01 20:00:00,10.843689,5.9289246,898.05304,2.2542918,9.182587,71.67232
2022-02-01 21:00:00,10.686066,5.9039307,897.79156,2.301776,7.427582,72.302505
2022-02-01 22:00:00,9.9453125,5.493866,897.7254,2.174227,9.768402,73.84009
2022-02-01 23:00:00,9.88446,5.5008545,897.7557,2.2264464,11.359222,74.177444
2022-02-02 00:00:00,10.033722,5.582367,898.0499,2.2544522,17.095612,73.85634
2022-02-02 01:00:00,10.007843,5.581085,898.5613,2.286539,24.37259,73.97773
2022-02-02 02:00:00,10.960175,5.9866943,899.25085,2.342774,34.268066,71.40431
2022-02-02 03:00:00,11.457977,6.0740967,899.92017,2.2089086,41.13919,69.505516
2022-02-02 04:00:00,12.170197,6.2312927,900.34015,1.745597,40.416718,67.03923
2022-02-02 05:00:00,15.2146,7.002014,900.28174,1.1208504,17.696075,57.996605
2022-02-02 06:00:00,16.11142,6.9480896,899.7771,1.3511947,320.28574,54.559357
2022-02-02 07:00:00,16.474396,6.990967,898.94336,2.408045,301.3096,53.469353
2022-02-02 08:00:00,17.658783,6.9729004,898.0771,3.3150625,297.69452,49.545
2022-02-02 09:00:00,17.862,6.890045,897.4303,3.7240493,300.04938,48.637886
2022-02-02 10:00:00,16.836243,7.442169,897.15466,3.4813256,302.42783,53.892242
2022-02-02 11:00:00,16.711548,7.55484,897.1155,2.847621,321.2402,54.739647
2022-02-02 12:00:00,16.46991,7.6290283,897.4261,2.758163,352.35788,55.868618
2022-02-02 13:00:00,16.189209,7.6901855,897.9316,2.9252863,12.748291,57.113735
2022-02-02 14:00:00,15.088776,7.8565063,898.5467,3.108787,23.302673,61.980213
2022-02-02 15:00:00,13.986084,7.512848,899.0787,3.2282584,28.684753,65.01332
2022-02-02 16:00:00,13.766388,7.624695,899.3663,3.2547536,30.993042,66.451904
2022-02-02 17:00:00,12.969879,7.52713,899.45026,3.1761665,30.998535,69.52737
2022-02-02 18:00:00,12.735657,7.5395203,899.2929,3.0910058,30.287628,70.66059
2022-02-02 19:00:00,12.557312,7.543091,898.9726,3.0985408,29.064453,71.508545
2022-02-02 20:00:00,11.884186,7.303711,898.5195,3.2051024,27.120941,73.5322
2022-02-02 21:00:00,11.731781,7.243744,898.0653,3.3375695,25.957092,73.97119
2022-02-02 22:00:00,11.1622925,7.0453796,897.79517,2.799623,27.534119,75.77492
2022-02-02 23:00:00,11.034241,7.01178,897.651,2.9816198,28.262024,76.245514
2022-02-03 00:00:00,11.161102,7.0848694,897.867,3.067883,31.66504,75.986115
2022-02-03 01:00:00,11.107361,7.052887,898.2442,3.1907427,36.154114,76.09052
2022-02-03 02:00:00,11.811218,7.3544617,898.78143,3.2791405,43.081116,74.143524
2022-02-03 03:00:00,12.1493225,7.3272095,899.29767,2.9997938,48.899414,72.37574
2022-02-03 04:00:00,12.72345,7.4719543,899.64014,2.38844,52.724,70.391785
2022-02-03 05:00:00,15.0746765,7.8275146,899.5416,1.5313646,46.345123,61.914135
2022-02-03 06:00:00,15.938477,7.6602173,899.0634,0.96377796,16.616058,57.91639
2022-02-03 07:00:00,16.20459,7.64386,898.2339,1.071029,328.1992,56.87791
2022-02-03 08:00:00,17.208252,7.5760803,897.4021,1.5997657,307.7699,53.120483
2022-02-03 09:00:00,17.338562,7.3190613,896.64185,2.0585737,304.1299,51.768314
2022-02-03 10:00:00,16.363129,7.4627075,896.262,2.3514845,293.53387,55.614925
2022-02-03 11:00:00,16.268127,7.5285034,896.1845,2.2548892,313.04532,56.204216
2022-02-03 12:00:00,16.042145,7.541504,896.3783,2.0583477,345.1005,57.070507
2022-02-03 13:00:00,15.758575,7.6434937,896.7424,1.9852593,9.862518,58.519417
2022-02-03 14:00:00,14.774109,7.6164246,897.25226,1.9324372,20.639526,62.22248
2022-02-03 15:00:00,13.783752,7.372223,897.69696,1.7891972,25.769775,65.24315
2022-02-03 16:00:00,13.521362,7.3341064,897.9856,1.6089033,30.54892,66.193016
2022-02-03 17:00:00,12.697754,7.223419,898.05133,1.4439274,30.920502,69.323105
2022-02-03 18:00:00,12.476898,7.179718,897.88416,1.3589875,30.253113,70.12409
2022-02-03 19:00:00,12.333588,7.158966,897.5028,1.2972993,27.690247,70.68649
2022-02-03 20:00:00,11.692139,6.897827,897.063,1.2764161,27.390198,72.42887
2022-02-03 21:00:00,11.534546,6.8668213,896.6671,1.290667,27.50586,73.03133
2022-02-03 22:00:00,10.997223,6.585083,896.33673,0.7562834,11.32251,74.22737
2022-02-03 23:00:00,10.905792,6.6040344,896.3069,0.89113265,15.071411,74.77672
2022-02-04 00:00:00,10.961456,6.63443,896.52484,0.92558813,27.079376,74.6566
2022-02-04 01:00:00,10.880646,6.562622,896.9998,0.96185803,40.976074,74.6888
2022-02-04 02:00:00,11.395325,6.6755066,897.65924,0.9867513,61.557526,72.74525
2022-02-04 03:00:00,11.764648,6.7352295,898.2771,1.067956,84.99585,71.283356
2022-02-04 04:00:00,12.31308,6.736847,898.7353,0.9900814,118.055084,68.76314
2022-02-04 05:00:00,14.296173,6.9714355,898.7489,0.8755386,161.05634,61.404713
2022-02-04 06:00:00,15.154388,6.907379,898.36096,1.1707541,205.02885,57.844948
2022-02-04 07:00:00,15.42688,6.879242,897.61127,1.6927161,230.48305,56.73243
2022-02-04 08:00:00,16.308563,6.6806335,896.7606,2.0687013,241.98364,52.898373
2022-02-04 09:00:00,16.466278,6.59729,896.02765,2.2304697,251.31364,52.070976
2022-02-04 10:00:00,15.755371,6.757416,895.7113,2.2271998,261.31454,55.089027
2022-02-04 11:00:00,15.662109,6.7625732,895.67664,1.6511565,282.613,55.438347
2022-02-04 12:00:00,15.496643,6.665497,895.9231,0.824305,321.87155,55.65669
2022-02-04 13:00:00,15.220642,6.771576,896.34436,0.906916,19.217651,57.065136
2022-02-04 14:00:00,14.200684,6.9920654,896.8924,1.2028184,45.39438,61.872707
2022-02-04 15:00:00,13.139587,6.7113037,897.41974,1.3823026,60.19519,65.026344
2022-02-04 16:00:00,12.938477,6.6999817,897.76794,1.4510591,72.1131,65.83502
2022-02-04 17:00:00,12.146027,6.5923157,897.84454,1.468755,82.32324,68.83554
2022-02-04 18:00:00,11.872162,6.504944,897.7025,1.4416347,89.54648,69.66837
2022-02-04 19:00:00,11.687286,6.456909,897.4243,1.3679054,93.263885,70.290565
2022-02-04 20:00:00,10.996033,6.241089,897.0341,1.3233062,92.200195,72.49604
2022-02-04 21:00:00,10.755981,6.1306763,896.6813,1.3083024,88.40277,73.102776
2022-02-04 22:00:00,10.137329,5.7378845,896.56055,0.99772614,94.90268,74.14077
2022-02-04 23:00:00,10.011108,5.6786194,896.53674,1.1094798,86.03342,74.46298
2022-02-05 00:00:00,10.116913,5.8012085,896.7961,1.2849264,83.5878,74.56802
2022-02-05 01:00:00,10.046722,5.7705994,897.2746,1.497137,85.02118,74.760284
2022-02-05 02:00:00,10.581757,5.8980103,897.93896,1.6183456,86.08853,72.77649
2022-02-05 03:00:00,10.95813,6.044281,898.6311,1.6123673,90.48779,71.69857
2022-02-05 04:00:00,11.563141,6.008423,899.1443,1.2407346,94.80011,68.71171
2022-02-05 05:00:00,14.007721,6.621277,899.269,0.47601125,92.54346,61.077023
2022-02-05 06:00:00,14.803131,6.475952,898.94086,0.44309554,284.3793,57.439648
2022-02-05 07:00:00,15.090424,6.4490967,898.32227,1.4529314,288.24765,56.283253
2022-02-05 08:00:00,16.219513,6.35495,897.5668,2.2699463,295.0815,52.020866
2022-02-05 09:00:00,16.37735,6.2608337,896.9763,2.8463736,303.21814,51.16768
2022-02-05 10:00:00,15.561279,6.4003906,896.67267,3.0637157,311.52286,54.425304
2022-02-05 11:00:00,15.45639,6.3354187,896.79486,3.0799878,331.58585,54.547745
2022-02-05 12:00:00,15.236786,6.278595,897.1041,3.056555,355.73413,55.105602
2022-02-05 13:00:00,14.899261,6.1936646,897.6046,3.5227358,11.767303,55.98585
2022-02-05 14:00:00,13.677948,6.2512207,898.2999,3.95649,22.986786,60.8294
2022-02-05 15:00:00,12.47406,5.912384,898.99146,4.2962985,30.659668,64.28358
2022-02-05 16:00:00,12.199493,5.8008423,899.5429,4.4926953,36.124756,64.9505
2022-02-05 17:00:00,11.363159,5.623932,899.80133,4.545627,39.421234,67.799194
2022-02-05 18:00:00,11.154022,5.6237793,899.8109,4.5540447,42.036194,68.74424
2022-02-05 19:00:00,10.90802,5.5605164,899.6239,4.4927926,43.628967,69.57001
2022-02-05 20:00:00,10.271088,5.330017,899.3683,4.4163194,43.981476,71.4327
2022-02-05 21:00:00,10.207733,5.3747253,899.06494,4.3859234,43.609924,71.95854
2022-02-05 22:00:00,9.643341,5.0118713,898.979,3.9756577,45.938324,72.86775
2022-02-05 23:00:00,9.628845,5.029419,899.07135,4.0792933,45.358612,73.0278
2022-02-06 00:00:00,9.782928,5.121643,899.4014,4.2434907,45.85086,72.742455
2022-02-06 01:00:00,9.716003,5.090515,899.9178,4.383795,47.98123,72.911476
2022-02-06 02:00:00,10.606476,5.5311584,900.6252,4.400651,49.97345,70.834885
2022-02-06 03:00:00,11.072052,5.728546,901.3239,4.296626,52.673004,69.622215
2022-02-06 04:00:00,11.72345,5.861725,901.8089,3.7600322,52.31308,67.302376
2022-02-06 05:00:00,14.532898,6.756653,901.85065,2.9596634,46.253235,59.588104
2022-02-06 06:00:00,15.402008,6.86084,901.4506,2.277042,25.714813,56.751312
2022-02-06 07:00:00,15.7395935,6.9184265,900.7442,2.2811732,357.45264,55.757153
2022-02-06 08:00:00,16.991943,7.010437,899.9319,2.7418203,339.67163,51.810352
2022-02-06 09:00:00,17.282715,6.949463,899.29834,3.2822564,335.15924,50.653667
2022-02-06 10:00:00,16.483307,7.1767273,898.984,3.5189598,329.36542,54.123085
2022-02-06 11:00:00,16.35849,7.206787,899.03516,3.4711616,345.47604,54.66696
2022-02-06 12:00:00,16.103363,7.188385,899.3045,3.7876494,0.32388306,55.49307
2022-02-06 13:00:00,15.806976,7.208557,899.79047,4.1936812,11.574646,56.631477
2022-02-06 14:00:00,14.640625,7.2154846,900.4523,4.4321895,19.111633,61.0653
2022-02-06 15:00:00,13.508118,7.0861206,901.02856,4.5730505,24.587677,65.13581
2022-02-06 16:00:00,13.216858,6.985718,901.4316,4.5560155,27.473053,65.92877
2022-02-06 17:00:00,12.352112,6.7987366,901.5407,4.5122614,29.019745,68.879074
2022-02-06 18:00:00,12.118317,6.7820435,901.3843,4.4247704,29.306458,69.86571
2022-02-06 19:00:00,11.940521,6.761017,901.01953,4.3390226,28.737823,70.586426
2022-02-06 20:00:00,11.303833,6.523926,900.56256,4.3251615,26.716522,72.42855
2022-02-06 21:00:00,11.159729,6.4537964,900.1362,4.397874,24.450897,72.77143
2022-02-06 22:00:00,10.604858,6.2337646,899.8854,3.5521855,10.063019,74.36846
2022-02-06 23:00:00,10.519012,6.2035217,899.8839,3.9544275,10.355682,74.63911
2022-02-07 00:00:00,10.570496,6.2661743,900.1367,4.209375,12.397705,74.705536
2022-02-07 01:00:00,10.517212,6.263397,900.625,4.443057,14.949127,74.956825
2022-02-07 02:00:00,11.363464,6.757477,901.2068,4.59753,17.40033,73.31028
2022-02-07 03:00:00,11.8461,6.878784,901.8083,4.668166,19.397491,71.60333
2022-02-07 04:00:00,12.543121,7.111969,902.2433,4.5198836,12.21759,69.497185
2022-02-07 05:00:00,15.252747,7.715088,902.2449,4.714359,359.2805,60.74298
2022-02-07 06:00:00,16.152222,7.6196594,901.73846,5.1443706,350.30197,56.974037
2022-02-07 07:00:00,16.49054,7.588806,900.8947,5.5865893,343.95407,55.642555
2022-02-07 08:00:00,17.56372,7.475403,899.9558,5.948297,339.7768,51.585587
2022-02-07 09:00:00,17.723907,7.4879456,899.2357,6.2721124,338.6922,51.111076
2022-02-07 10:00:00,16.700409,7.8080444,898.94653,5.4600353,334.37317,55.73175
2022-02-07 11:00:00,16.568848,7.894806,898.9867,5.473875,344.95685,56.532257
2022-02-07 12:00:00,16.31668,7.857361,899.1875,5.381336,355.97598,57.300346
2022-02-07 13:00:00,16.008942,7.9154663,899.63947,5.510267,4.3339233,58.66717
2022-02-07 14:00:00,14.782593,7.8453674,900.17126,5.5888305,11.208405,63.165886
2022-02-07 15:00:00,13.614441,7.5834656,900.6869,5.5551543,16.264404,66.922966
2022-02-07 16:00:00,13.363281,7.57016,900.9705,5.4528956,20.006958,67.96436
2022-02-07 17:00:00,12.379486,7.2836914,901.04956,5.3324704,22.082275,71.0775
2022-02-07 18:00:00,12.03949,7.1262207,900.80774,5.2171836,22.871063,71.90551
2022-02-07 19:00:00,11.753418,7.002228,900.39954,5.1200275,23.094055,72.65459
2022-02-07 20:00:00,11.001678,6.6852417,899.88635,5.1110077,22.7128,74.71789
2022-02-07 21:00:00,10.816132,6.5820923,899.5061,5.1751847,22.302979,75.110176
2022-02-07 22:00:00,10.111816,6.24292,899.2308,4.722314,18.637451,76.903755
2022-02-07 23:00:00,10.001984,6.1731873,899.20386,5.070829,18.959778,77.09905
2022-02-08 00:00:00,10.142212,6.2492676,899.36414,5.3976774,20.999695,76.78127
2022-02-08 01:00:00,10.123291,6.2857666,899.82904,5.654505,23.270844,77.07205
2022-02-08 02:00:00,10.95932,6.684326,900.4732,5.798605,25.560913,74.923584
2022-02-08 03:00:00,11.516571,6.8098755,901.11993,5.829259,25.238525,72.83306
2022-02-08 04:00:00,12.297913,6.900482,901.5014,5.6939826,22.833588,69.60889
2022-02-08 05:00:00,14.961182,7.415161,901.4405,5.456776,15.930481,60.638874
2022-02-08 06:00:00,16.17923,7.3427734,900.8616,5.2876563,5.8297424,55.811268
2022-02-08 07:00:00,16.52597,7.3015137,899.96423,5.405005,355.6063,54.439026
2022-02-08 08:00:00,17.629547,7.1950073,898.9769,5.6150155,348.083,50.396996
2022-02-08 09:00:00,17.782135,7.106415,898.2213,5.869852,345.1481,49.613117
2022-02-08 10:00:00,16.623627,7.3778687,897.78595,5.469892,345.20297,54.385204
2022-02-08 11:00:00,16.48352,7.4222717,897.6956,5.4769187,354.2785,55.03837
2022-02-08 12:00:00,16.159363,7.3306274,897.8862,5.6041303,6.607605,55.835636
2022-02-08 13:00:00,15.881531,7.36438,898.3578,5.7007008,15.65332,56.965836
2022-02-08 14:00:00,14.777924,7.4387207,898.99194,5.692492,23.098846,61.45753
2022-02-08 15:00:00,13.502899,7.067383,899.637,5.6199775,28.554108,65.074394
2022-02-08 16:00:00,13.251312,7.1294556,900.02,5.481766,32.350006,66.43152
2022-02-08 17:00:00,12.284149,6.847107,900.1473,5.3368134,34.045593,69.417274
2022-02-08 18:00:00,12.046631,6.801422,899.9274,5.1779494,34.324127,70.28952
2022-02-08 19:00:00,11.855682,6.806732,899.6105,5.091082,34.039124,71.205284
2022-02-08 20:00:00,11.06958,6.5003357,899.2201,5.0336905,33.031555,73.442566
2022-02-08 21:00:00,10.883057,6.470398,898.84674,5.1023273,31.71817,74.20464
2022-02-08 22:00:00,10.430664,6.0463867,898.5315,4.6919494,27.261566,74.27029
2022-02-08 23:00:00,10.36557,6.0113525,898.5543,5.0748534,26.93814,74.41318
2022-02-09 00:00:00,10.514618,6.101837,898.7979,5.447314,28.879517,74.13909
2022-02-09 01:00:00,10.469788,6.1013794,899.3713,5.7296395,31.88675,74.358574
2022-02-09 02:00:00,11.426758,6.626953,900.09436,5.932587,35.994446,72.35235
2022-02-09 03:00:00,11.864166,6.701935,900.8055,5.8562675,38.628906,70.65532
2022-02-09 04:00:00,12.594299,6.984558,901.2329,5.3932147,40.872314,68.66261
2022-02-09 05:00:00,15.21637,7.517761,901.2628,4.655285,33.596893,60.071404
2022-02-09 06:00:00,16.205109,7.444458,900.81244,4.2842484,19.693146,56.107594
2022-02-09 07:00:00,16.491455,7.4571533,900.0279,4.2791605,7.1220093,55.141766
2022-02-09 08:00:00,17.453796,7.474243,899.15405,4.4142766,359.7984,51.940525
2022-02-09 09:00:00,17.628296,7.3955383,898.457,4.689736,357.97287,51.09657
2022-02-09 10:00:00,16.605713,7.5393066,898.05853,4.629356,351.69464,55.050488
2022-02-09 11:00:00,16.50122,7.617859,898.10315,5.3217473,2.6636353,55.715042
2022-02-09 12:00:00,16.342712,7.65683,898.3829,5.9169383,13.123993,56.429512
2022-02-09 13:00:00,16.095215,7.7471313,898.8553,6.280516,20.508759,57.68041
2022-02-09 14:00:00,14.98587,7.7437134,899.49744,6.5796094,26.144867,61.914505
2022-02-09 15:00:00,13.926666,7.4703064,900.08234,6.751537,29.910004,65.07514
2022-02-09 16:00:00,13.661743,7.4744263,900.4405,6.8084474,32.93991,66.22297
2022-02-09 17:00:00,12.814117,7.2250977,900.5199,6.7167063,34.925232,68.80491
2022-02-09 18:00:00,12.653442,7.2484436,900.31506,6.6145983,36.08206,69.64369
2022-02-09 19:00:00,12.426147,7.253357,899.9574,6.596434,36.60077,70.71329
2022-02-09 20:00:00,11.7282715,6.9990234,899.53064,6.6396093,36.504974,72.75928
2022-02-09 21:00:00,11.4826355,6.8359985,899.2109,6.6755095,36.188812,73.1276
2022-02-09 22:00:00,10.924377,6.60791,898.98083,6.4504204,34.101135,74.70437
2022-02-09 23:00:00,10.761627,6.4866333,898.94763,6.7073817,34.70218,74.889595
2022-02-10 00:00:00,10.8385315,6.5648193,899.1755,6.872864,36.266693,74.90943
2022-02-10 01:00:00,10.779724,6.4956665,899.7372,6.958078,38.436066,74.846016
2022-02-10 02:00:00,11.162628,6.685211,900.4221,6.9636927,40.415405,73.92429
2022-02-10 03:00:00,12.602142,6.9070435,901.0768,6.757068,41.0578,68.26365
2022-02-10 04:00:00,13.210541,7.029785,901.52875,6.3314767,40.66632,66.15539
2022-02-10 05:00:00,14.8081665,7.2469482,901.5714,5.7514157,36.251312,60.53939
2022-02-10 06:00:00,15.792236,7.2379456,901.0822,5.3163667,26.304718,56.798916
2022-02-10 07:00:00,16.117218,7.2084656,900.3078,5.236624,14.4331665,55.52026
2022-02-10 08:00:00,17.183807,7.018219,899.4629,5.422829,5.314148,51.21218
2022-02-10 09:00:00,17.36026,6.9055786,898.78925,5.7476997,0.76638794,50.25465
2022-02-10 10:00:00,16.447968,6.927948,898.367,6.3215213,358.27188,53.32849
2022-02-10 11:00:00,16.343262,6.932892,898.3946,6.621541,5.160553,53.70323
2022-02-10 12:00:00,16.174744,6.9024963,898.6336,6.7369537,15.064453,54.1699
2022-02-10 13:00:00,15.890198,7.154663,899.07587,6.7879486,19.684387,56.123745
2022-02-10 14:00:00,14.76532,7.300171,899.63745,6.961885,24.362518,60.92805
2022-02-10 15:00:00,13.537567,6.939087,900.1936,6.999373,27.61087,64.359535
2022-02-10 16:00:00,13.29422,6.9811707,900.54456,6.9890866,30.026062,65.576584
2022-02-10 17:00:00,12.400574,6.7844543,900.606,6.924046,31.11438,68.59297
2022-02-10 18:00:00,12.133087,6.720886,900.3133,6.919343,31.960724,69.50542
2022-02-10 19:00:00,11.937714,6.659729,899.87897,6.911673,32.358307,70.1101
2022-02-10 20:00:00,11.245483,6.3454895,899.4268,6.9693456,32.205597,71.82152
2022-02-10 21:00:00,11.0911255,6.2152405,899.08826,7.0447063,32.077393,71.911804
2022-02-10 22:00:00,10.426239,5.7853394,898.7408,6.9478307,30.87503,72.96386
2022-02-10 23:00:00,10.307587,5.7273865,898.7921,7.0209,32.35196,73.2493
2022-02-11 00:00:00,10.413025,5.8183594,899.09296,7.088015,33.66742,73.195175
2022-02-11 01:00:00,10.347473,5.782013,899.68146,7.1504245,35.308746,73.3313
2022-02-11 02:00:00,11.139893,6.0162354,900.37427,7.221145,36.735474,70.70205
2022-02-11 03:00:00,11.536987,6.1238403,901.00464,7.258103,36.562378,69.38116
2022-02-11 04:00:00,12.099762,6.0212097,901.3929,7.1377153,33.615143,66.38138
2022-02-11 05:00:00,14.535126,6.3236694,901.4102,6.8942184,27.523102,57.83169
2022-02-11 06:00:00,15.679535,6.270813,900.9037,6.6997986,19.553375,53.534836
2022-02-11 07:00:00,15.997833,6.256073,900.1182,6.6683183,10.898224,52.403427
2022-02-11 08:00:00,16.989319,6.1080933,899.2374,6.7565684,3.6134644,48.70166
2022-02-11 09:00:00,17.10614,5.9808655,898.58014,7.0612655,359.75827,47.919933
2022-02-11 10:00:00,16.233795,6.2463684,898.3018,6.891237,359.769,51.58617
2022-02-11 11:00:00,16.197266,6.2528076,898.3585,7.01935,5.3133545,51.72935
2022-02-11 12:00:00,16.037903,6.2062683,898.6386,6.8233633,12.792419,52.090412
2022-02-11 13:00:00,15.730743,6.2539673,899.12537,6.7473416,15.50296,53.2978
2022-02-11 14:00:00,14.382782,6.4100647,899.766,6.690813,19.455048,58.75218
2022-02-11 15:00:00,13.209473,6.0589905,900.3703,6.5623918,22.699951,61.88749
2022-02-11 16:00:00,12.931854,6.04895,900.7312,6.3154163,24.951263,62.976097
2022-02-11 17:00:00,11.942139,5.731476,900.80634,6.022366,25.916443,65.74373
2022-02-11 18:00:00,11.705658,5.618042,900.582,5.7798495,25.643707,66.254555
2022-02-11 19:00:00,11.455383,5.555603,900.2584,5.61098,24.211578,67.06845
2022-02-11 20:00:00,10.702637,5.2510376,899.7711,5.582656,22.133057,69.027824
2022-02-11 21:00:00,10.544739,5.1109924,899.3901,5.6507325,20.780273,69.08135
2022-02-11 22:00:00,9.76297,4.475281,899.1248,5.1034665,20.02591,69.6294
2022-02-11 23:00:00,9.6284485,4.382782,899.1021,5.417578,19.856537,69.80727
2022-02-12 00:00:00,9.961517,4.5294495,899.4104,5.725369,20.58722,68.970314
2022-02-12 01:00:00,9.950256,4.5033264,900.0112,6.036803,22.841492,68.89639
2022-02-12 02:00:00,10.869324,4.805969,900.74554,6.3061023,24.775665,66.18452
2022-02-12 03:00:00,11.328522,4.9344177,901.43243,6.494576,24.915192,64.77655
2022-02-12 04:00:00,12.00827,5.0128174,901.79443,6.637631,22.387726,62.27261
2022-02-12 05:00:00,15.050018,5.442505,901.6766,6.6471,16.760223,52.638226
2022-02-12 06:00:00,16.1521,5.426483,901.11475,6.726548,8.465851,48.99702
2022-02-12 07:00:00,16.44638,5.500244,900.2597,7.1150155,0.30828857,48.333908
2022-02-12 08:00:00,17.725525,5.3258667,899.3309,7.6490555,355.38608,44.038113
2022-02-12 09:00:00,17.903625,5.248352,898.5134,8.117911,354.09686,43.313282
2022-02-12 10:00:00,16.94278,5.9579163,897.9932,7.931127,354.2628,48.341618
2022-02-12 11:00:00,16.882324,5.818054,897.8934,7.9476786,1.96344,48.060295
2022-02-12 12:00:00,16.662384,5.595886,898.0123,8.001182,10.102875,47.991924
2022-02-12 13:00:00,16.225677,5.6869507,898.3825,8.225656,15.113159,49.6562
2022-02-12 14:00:00,14.688293,5.80954,898.9076,8.281768,19.20404,55.266277
2022-02-12 15:00:00,13.369141,5.513489,899.4676,8.200395,22.912476,58.9782
2022-02-12 16:00:00,13.025696,5.5256653,899.8059,8.026803,25.777893,60.36557
2022-02-12 17:00:00,12.029602,5.4038086,899.8131,7.7824016,27.400787,63.89839
2022-02-12 18:00:00,11.840149,5.3524475,899.53076,7.5954623,28.149017,64.470764
2022-02-12 19:00:00,11.686829,5.315735,899.1311,7.445759,28.261139,64.960434
2022-02-12 20:00:00,10.794128,4.864441,898.73083,7.4194164,28.23996,66.78782
2022-02-12 21:00:00,10.689178,4.83136,898.36346,7.452385,28.297394,67.10072
2022-02-12 22:00:00,9.915283,4.487915,898.03735,7.013119,28.47754,68.9835
2022-02-12 23:00:00,9.7925415,4.469696,897.9866,7.2434826,28.348663,69.46441
2022-02-13 00:00:00,9.962891,4.5723267,898.1649,7.4428515,29.375427,69.17091
2022-02-13 01:00:00,9.886749,4.5376587,898.70685,7.594922,30.99823,69.35615
2022-02-13 02:00:00,11.043701,4.932617,899.41547,7.779522,33.239807,66.00269
2022-02-13 03:00:00,11.5737,5.098053,900.0853,7.838243,35.39337,64.4648
2022-02-13 04:00:00,12.449249,5.296631,900.46344,7.676108,35.650482,61.699062
2022-02-13 05:00:00,15.739227,5.7948914,900.34796,7.1892347,32.521393,51.60671
2022-02-13 06:00:00,16.68515,5.8182373,899.73834,6.66102,23.559143,48.66598
2022-02-13 07:00:00,17.005127,5.8292236,898.8614,6.4891524,12.599823,47.724567
2022-02-13 08:00:00,18.173737,5.7240295,897.9275,6.569479,5.1084595,44.01252
2022-02-13 09:00:00,18.351807,5.7136536,897.1703,6.760671,1.180481,43.49231
2022-02-13 10:00:00,17.360992,6.2183228,896.72626,6.244522,358.29312,47.932976
2022-02-13 11:00:00,17.279541,6.1958313,896.71906,6.365408,4.3332214,48.105656
2022-02-13 12:00:00,17.04303,6.3449707,896.9699,6.6411166,10.832825,49.335392
2022-02-13 13:00:00,16.659546,6.3932495,897.3894,6.9470444,16.019775,50.7183
2022-02-13 14:00:00,15.129059,6.467743,898.0485,7.057817,20.140228,56.215733
2022-02-13 15:00:00,13.815216,6.2387695,898.71423,6.9963965,23.655823,60.23766
2022-02-13 16:00:00,13.511719,6.2381287,899.20135,6.8509645,25.77246,61.43515
2022-02-13 17:00:00,12.530731,6.058777,899.33264,6.6826177,26.973175,64.69596
2022-02-13 18:00:00,12.242737,6.005432,899.1793,6.565436,26.850708,65.68851
2022-02-13 19:00:00,12.060455,5.9631042,898.82446,6.5073695,26.216888,66.28676
2022-02-13 20:00:00,11.238373,5.677948,898.39575,6.56646,25.413055,68.61797
2022-02-13 21:00:00,11.073181,5.618744,898.0441,6.652274,24.795258,69.08966
2022-02-13 22:00:00,10.246368,5.2460327,897.7433,6.5929236,24.431335,71.13449
2022-02-13 23:00:00,10.155762,5.232849,897.75287,6.701266,25.266174,71.500755
2022-02-14 00:00:00,10.337585,5.3666687,898.1058,6.903664,27.051147,71.29758
2022-02-14 01:00:00,10.253998,5.3679504,898.7477,7.0782485,29.567657,71.702835
2022-02-14 02:00:00,11.451019,5.9283447,899.4851,7.296381,32.359985,68.84102
2022-02-14 03:00:00,11.989624,6.0212097,900.15955,7.312075,34.892548,66.86443
2022-02-14 04:00:00,12.8229065,6.198395,900.60016,7.0984817,35.467407,64.08385
2022-02-14 05:00:00,16.026123,6.806549,900.5824,6.575742,33.079865,54.32715
2022-02-14 06:00:00,17.027771,6.6397705,900.1277,6.0652676,25.589783,50.394833
2022-02-14 07:00:00,17.390594,6.607483,899.27484,5.8400593,15.313171,49.14244
2022-02-14 08:00:00,18.571777,6.531189,898.3526,5.8393,7.3630676,45.38647
2022-02-14 09:00:00,18.72583,6.4835205,897.5572,5.938879,2.7467346,44.804077
2022-02-14 10:00:00,17.684692,6.9483337,897.14404,5.4431596,358.963,49.380947
2022-02-14 11:00:00,17.574066,6.986328,897.18695,5.8491445,6.399475,49.856186
2022-02-14 12:00:00,17.319122,6.953644,897.39655,6.2113266,14.10083,50.551735
2022-02-14 13:00:00,17.004395,6.9217224,897.7364,6.5141597,20.662354,51.4557
2022-02-14 14:00:00,15.590363,7.027008,898.28784,6.5424232,25.950104,56.712692
2022-02-14 15:00:00,14.183472,6.6610107,898.90173,6.4603267,30.3143,60.550606
2022-02-14 16:00:00,13.8974,6.7704163,899.3256,6.2592106,33.740326,62.148952
2022-02-14 17:00:00,12.953552,6.6405334,899.43604,6.035951,35.608368,65.50213
2022-02-14 18:00:00,12.71106,6.547119,899.2586,5.8222957,35.932343,66.123695
2022-02-14 19:00:00,12.5243225,6.501007,898.9029,5.6581964,35.42505,66.72595
2022-02-14 20:00:00,11.638824,6.1827087,898.47943,5.5946593,33.556305,69.19635
2022-02-14 21:00:00,11.486694,6.1925354,898.0697,5.59043,31.404602,69.94286
2022-02-14 22:00:00,10.6883545,5.732544,897.76514,5.0490828,31.59909,71.43958
2022-02-14 23:00:00,10.541473,5.6831665,897.7399,5.32713,29.885864,71.895424
2022-02-15 00:00:00,10.801453,5.881317,898.0268,5.566235,29.863861,71.637695
2022-02-15 01:00:00,10.72644,5.862152,898.5733,5.7249503,31.279877,71.9006
2022-02-15 02:00:00,11.880066,6.37088,899.295,5.823226,33.05075,68.992546
2022-02-15 03:00:00,12.536987,6.427368,899.9338,5.627091,35.887817,66.33359
2022-02-15 04:00:00,13.376282,6.5575256,900.2982,4.949491,35.688538,63.357334
2022-02-15 05:00:00,16.324463,7.163269,900.2045,4.236514,27.90152,54.622643
2022-02-15 06:00:00,17.273865,7.054474,899.61346,3.942663,14.380798,51.04797
2022-02-15 07:00:00,17.540924,6.9949646,898.7063,4.085112,1.7727966,49.990093
2022-02-15 08:00:00,18.754578,6.9797974,897.7378,4.518759,352.66846,46.273888
2022-02-15 09:00:00,18.876495,6.937866,896.8768,5.017747,348.81415,45.791
2022-02-15 10:00:00,17.716034,7.325989,896.31335,5.0244803,349.93387,50.57395
2022-02-15 11:00:00,17.585815,7.36969,896.19415,5.3717504,359.11932,51.143234
2022-02-15 12:00:00,17.317993,7.4218445,896.40466,5.5623145,8.480377,52.200882
2022-02-15 13:00:00,17.026733,7.511688,896.8176,5.671424,15.12561,53.498737
2022-02-15 14:00:00,15.668732,7.6566772,897.4115,5.671061,20.292053,58.90967
2022-02-15 15:00:00,14.378204,7.3662415,897.92096,5.5160384,24.278107,62.752335
2022-02-15 16:00:00,14.127808,7.3396606,898.27924,5.296059,27.111786,63.66163
2022-02-15 17:00:00,13.132629,7.083893,898.331,5.008696,28.58133,66.73942
2022-02-15 18:00:00,12.849518,7.057312,898.1035,4.7615604,28.395752,67.86198
2022-02-15 19:00:00,12.585144,6.9923096,897.7452,4.571343,26.43814,68.74033
2022-02-15 20:00:00,11.820709,6.6793823,897.33014,4.5394135,23.573883,70.748375
2022-02-15 21:00:00,11.588989,6.508301,896.9077,4.61677,20.899017,70.99895
2022-02-15 22:00:00,10.845886,6.157501,896.5807,4.2608075,7.334137,72.801765
2022-02-15 23:00:00,10.734253,6.1097717,896.4109,4.5828433,8.331421,73.10298
2022-02-16 00:00:00,10.954712,6.247162,896.5529,4.841292,10.740326,72.72562
2022-02-16 01:00:00,10.854553,6.226898,897.00775,4.9907637,14.101532,73.10889
2022-02-16 02:00:00,11.929382,6.6440735,897.6356,5.112236,17.752197,70.07318
2022-02-16 03:00:00,12.400299,6.6967773,898.2312,4.975583,19.388794,68.18253
2022-02-16 04:00:00,13.17041,6.876404,898.5613,4.747847,17.573853,65.63516
2022-02-16 05:00:00,16.235046,7.2918396,898.53656,4.373374,10.8750305,55.41982
2022-02-16 06:00:00,17.165283,7.229767,897.9799,4.147352,359.70724,52.02004
2022-02-16 07:00:00,17.455841,7.13678,896.9969,4.3414063,347.41956,50.74969
2022-02-16 08:00:00,18.50647,7.0071106,895.86597,4.7490673,340.253,47.08578
2022-02-16 09:00:00,18.647095,6.861725,894.91846,5.136168,338.17365,46.210335
2022-02-16 10:00:00,17.53717,7.2184143,894.2683,5.180296,332.45673,50.772675
2022-02-16 11:00:00,17.439575,7.3077393,894.14014,5.1312537,343.68002,51.399307
2022-02-16 12:00:00,17.23944,7.260315,894.26697,4.8671064,356.61063,51.884884
2022-02-16 13:00:00,16.959747,7.3283997,894.69336,4.8674574,6.491791,53.05801
2022-02-16 14:00:00,15.6414795,7.487854,895.27795,4.8051434,15.306091,58.336918
2022-02-16 15:00:00,14.277893,7.1410217,895.83264,4.6127095,22.330627,62.195522
2022-02-16 16:00:00,14.006348,7.1310425,896.1474,4.345189,28.217743,63.255756
2022-02-16 17:00:00,13.067413,7.0179443,896.2728,4.082899,31.732727,66.72217
2022-02-16 18:00:00,12.817841,6.961548,896.1012,3.8665333,33.04425,67.558075
2022-02-16 19:00:00,12.652283,6.9040527,895.77686,3.67342,32.23874,68.025764
2022-02-16 20:00:00,11.945892,6.6798096,895.3646,3.5613518,30.006989,70.16905
2022-02-16 21:00:00,11.831024,6.589966,895.01984,3.5494776,27.386993,70.2672
2022-02-16 22:00:00,11.141693,6.252472,894.81995,3.303039,22.672668,71.85525
2022-02-16 23:00:00,11.053345,6.2147217,894.7773,3.5046697,23.71286,72.089676
2022-02-17 00:00:00,11.201996,6.365967,895.09094,3.7969847,25.268066,72.13042
2022-02-17 01:00:00,11.147034,6.3575134,895.6732,4.060379,28.1734,72.35154
2022-02-17 02:00:00,12.049683,6.71167,896.43945,4.253673,31.152771,69.84374
2022-02-17 03:00:00,12.565491,6.764374,897.1691,4.196993,32.767822,67.76136
2022-02-17 04:00:00,13.231781,6.881836,897.6568,3.84595,27.903809,65.39726
2022-02-17 05:00:00,16.193054,7.149719,897.76764,3.5344586,17.374603,55.03081
2022-02-17 06:00:00,17.13675,7.1047363,897.40173,3.4725502,4.59198,51.67011
2022-02-17 07:00:00,17.402191,7.063446,896.66656,3.6177716,353.3585,50.666874
2022-02-17 08:00:00,18.459564,6.845459,895.7785,3.8294694,344.5478,46.703854
2022-02-17 09:00:00,18.561127,6.768036,895.04156,4.0281925,341.48975,46.161873
2022-02-17 10:00:00,17.552216,7.1604614,894.5204,4.719938,344.18344,50.5238
2022-02-17 11:00:00,17.43869,7.0937805,894.5017,4.8558936,357.60907,50.655346
2022-02-17 12:00:00,17.269531,7.1003723,894.73193,5.140547,10.853394,51.222683
2022-02-17 13:00:00,16.919739,7.126404,895.22455,5.489671,17.8992,52.462925
2022-02-17 14:00:00,15.573975,7.379181,895.91296,5.739806,25.161957,58.1565
2022-02-17 15:00:00,14.445557,7.1883545,896.6035,5.7481728,31.325043,61.72456
2022-02-17 16:00:00,14.098358,7.116089,897.11993,5.613017,36.46048,62.815357
2022-02-17 17:00:00,13.043457,6.935547,897.36084,5.3638043,40.076294,66.45036
2022-02-17 18:00:00,12.782135,6.86557,897.2785,5.1442685,42.246857,67.27198
2022-02-17 19:00:00,12.596252,6.836609,897.0455,4.9203057,42.827698,67.960915
2022-02-17 20:00:00,11.777069,6.5359497,896.69507,4.7591105,42.390076,70.25629
2022-02-17 21:00:00,11.586182,6.401581,896.39197,4.682739,41.576294,70.49253
2022-02-17 22:00:00,10.860748,5.9967957,896.3161,4.5228505,36.705353,71.927605
2022-02-17 23:00:00,10.733795,5.9035034,896.35657,4.6921787,37.49185,72.07117
2022-02-18 00:00:00,10.92627,6.116028,896.69006,4.9041305,38.457367,72.207115
2022-02-18 01:00:00,10.822968,6.0621033,897.30304,5.098573,40.193054,72.43433
2022-02-18 02:00:00,12.054932,6.5418396,898.06006,5.2890887,42.74774,69.00951
2022-02-18 03:00:00,12.631195,6.555237,898.7837,5.2801676,44.660248,66.50767
2022-02-18 04:00:00,13.389709,6.7237244,899.3526,4.953891,45.68283,64.028984
2022-02-18 05:00:00,16.407135,7.2317505,899.5446,4.2645965,40.99539,54.59109
2022-02-18 06:00:00,17.375946,7.25058,899.19116,3.51387,29.295258,51.405
2022-02-18 07:00:00,17.68988,7.2664185,898.5357,3.1062245,11.415192,50.451504
2022-02-18 08:00:00,18.900482,7.1801453,897.7001,3.0890663,354.45224,46.487434
2022-02-18 09:00:00,19.009705,7.1808167,897.0117,3.321396,345.78735,46.17376
2022-02-18 10:00:00,17.919403,7.5111694,896.4621,3.1650538,336.6378,50.56603
2022-02-18 11:00:00,17.812866,7.5484314,896.42053,3.4009914,353.73358,51.035732
2022-02-18 12:00:00,17.589874,7.565857,896.6649,3.8005853,10.59552,51.819412
2022-02-18 13:00:00,17.279144,7.577057,897.1474,4.232279,19.599548,52.886433
2022-02-18 14:00:00,15.8437805,7.6085815,897.89343,4.5061297,27.706116,58.063133
2022-02-18 15:00:00,14.533051,7.534027,898.5849,4.64171,33.59961,62.843437
2022-02-18 16:00:00,14.281586,7.4926147,899.1066,4.664684,38.70175,63.69288
2022-02-18 17:00:00,13.334259,7.2257385,899.2752,4.506699,41.840088,66.50995
2022-02-18 18:00:00,13.0798645,7.203369,899.1566,4.3563724,43.198853,67.519554
2022-02-18 19:00:00,12.879395,7.1681824,898.8315,4.261442,43.31656,68.245476
2022-02-18 20:00:00,12.154083,6.982025,898.437,4.2182918,42.27185,70.66404
2022-02-18 21:00:00,11.990387,6.9428406,898.1707,4.216673,41.39325,71.23793
2022-02-18 22:00:00,11.288971,6.674011,897.9104,4.5393796,44.237305,73.25166
2022-02-18 23:00:00,11.222778,6.679077,898.0081,4.65405,44.557343,73.59917
2022-02-19 00:00:00,11.496429,6.8931274,898.2885,4.7380986,45.379852,73.347786
2022-02-19 01:00:00,11.423553,6.8435364,898.8418,4.770658,47.498383,73.45189
2022-02-19 02:00:00,12.397034,7.19223,899.52814,4.749856,50.032684,70.552986
2022-02-19 03:00:00,12.847626,7.156769,900.19196,4.539425,51.607452,68.334045
2022-02-19 04:00:00,13.50235,7.177948,900.658,3.9637058,50.94464,65.57109
2022-02-19 05:00:00,16.424652,7.533386,900.71844,3.1617286,41.71454,55.66544
2022-02-19 06:00:00,17.37967,7.47464,900.3064,2.604394,20.089447,52.18564
2022-02-19 07:00:00,17.649261,7.3737793,899.5355,2.7389393,352.23907,50.953312
2022-02-19 08:00:00,18.749634,7.2394714,898.69147,3.3697083,334.24377,47.11837
2022-02-19 09:00:00,18.877014,7.1707153,897.92096,4.1014566,327.41266,46.52557
2022-02-19 10:00:00,17.935059,7.504486,897.36444,4.8476834,325.73816,50.49322
2022-02-19 11:00:00,17.85254,7.5464783,897.206,4.810047,335.4632,50.901665
2022-02-19 12:00:00,17.598053,7.5697327,897.2936,4.4669814,350.28006,51.80639
2022-02-19 13:00:00,17.30243,7.634033,897.53705,4.334156,357.80588,53.014206
2022-02-19 14:00:00,16.038574,7.8901978,898.08575,4.3120084,3.6700745,58.455746
2022-02-19 15:00:00,14.840881,7.654114,898.57916,4.2638435,6.5052795,62.11475
2022-02-19 16:00:00,14.595428,7.687195,898.93604,4.1029606,7.362274,63.24799
2022-02-19 17:00:00,13.698151,7.5352783,898.9727,3.916907,5.3938904,66.34137
2022-02-19 18:00:00,13.426727,7.5679016,898.7397,3.7721694,2.7236938,67.67363
2022-02-19 19:00:00,13.167206,7.530548,898.28815,3.7424033,359.6263,68.653145
2022-02-19 20:00:00,12.39502,7.3522034,897.7196,3.7566142,356.51385,71.33827
2022-02-19 21:00:00,12.207397,7.2903748,897.2081,3.8384547,354.4022,71.918564
2022-02-19 22:00:00,11.400787,6.789398,896.7964,3.5079145,352.31186,73.289856
2022-02-19 23:00:00,11.316772,6.776062,896.64905,3.4965515,353.38925,73.631096
2022-02-20 00:00:00,11.514679,6.8938904,896.79803,3.3922462,356.23724,73.26318
2022-02-20 01:00:00,11.426178,6.834381,897.18414,3.2422044,0.11254883,73.39303
2022-02-20 02:00:00,12.38974,7.112488,897.80695,2.9771912,2.1219788,70.202644
2022-02-20 03:00:00,12.823456,7.028473,898.3832,2.8438854,1.9701233,67.84365
2022-02-20 04:00:00,13.438232,7.0054626,898.7374,2.7988555,354.07095,65.07235
2022-02-20 05:00:00,16.246918,7.2793884,898.65125,3.1895273,338.33127,55.330814
2022-02-20 06:00:00,17.241516,7.154846,898.1693,4.076799,324.34613,51.505173
2022-02-20 07:00:00,17.481049,7.037689,897.3314,5.0396147,316.26865,50.32641
2022-02-20 08:00:00,18.222015,6.7452087,896.4338,5.7349806,311.93524,47.079643
2022-02-20 09:00:00,18.545471,6.4615784,895.6757,6.109805,310.13214,45.2441
2022-02-20 10:00:00,17.729279,6.683838,895.2086,5.818787,306.76987,48.3568
2022-02-20 11:00:00,17.645966,6.7079773,895.15326,5.098751,311.14133,48.691998
2022-02-20 12:00:00,17.515503,6.690216,895.35406,3.6718886,319.18457,49.034405
2022-02-20 13:00:00,17.121277,6.7535095,895.80414,2.7810287,323.7767,50.49026
2022-02-20 14:00:00,15.696869,7.006378,896.447,2.323359,325.54123,56.2478
2022-02-20 15:00:00,14.604797,6.9350586,897.05646,2.0084395,323.19556,60.04256
2022-02-20 16:00:00,14.31134,7.0019226,897.43384,1.7646824,317.94135,61.47278
2022-02-20 17:00:00,13.38327,7.0507507,897.5211,1.7140522,309.34198,65.50864
2022-02-20 18:00:00,13.084778,6.9750977,897.3183,1.8074709,301.47748,66.45117
2022-02-20 19:00:00,12.865784,6.892273,896.9265,1.9458632,296.4524,67.027435
2022-02-20 20:00:00,11.9964905,6.5404053,896.47437,2.0760953,295.52393,69.26872
2022-02-20 21:00:00,11.806915,6.40152,896.07104,2.1675394,296.67413,69.47253
2022-02-20 22:00:00,10.963806,6.119873,895.74695,2.6191971,287.46674,72.04648
2022-02-20 23:00:00,10.797302,6.061493,895.7141,2.5116627,290.8996,72.554955
2022-02-21 00:00:00,11.051361,6.244385,896.0144,2.2708879,295.03998,72.24675
2022-02-21 01:00:00,10.945709,6.1936035,896.57104,1.9580381,299.06705,72.5009
2022-02-21 02:00:00,11.711884,6.427002,897.3284,1.6501275,304.85388,70.03224
2022-02-21 03:00:00,12.381714,6.432831,898.0412,1.4349272,312.88266,67.0381
2022-02-21 04:00:00,13.16452,6.424469,898.53955,1.6227078,313.51517,63.65289
2022-02-21 05:00:00,15.978455,6.7569885,898.5809,2.1716201,307.0412,54.30767
2022-02-21 06:00:00,16.884583,6.574402,898.2127,2.9471996,301.128,50.626217
2022-02-21 07:00:00,17.168701,6.515625,897.4485,3.8623672,295.89328,49.5228
2022-02-21 08:00:00,18.397736,6.3909607,896.60876,4.5586014,293.5176,45.44329
2022-02-21 09:00:00,18.566803,6.303711,895.88275,4.9619555,293.59192,44.695236
2022-02-21 10:00:00,17.792084,6.7571716,895.5706,4.5791755,289.83545,48.409073
2022-02-21 11:00:00,17.749268,6.726013,895.5973,3.9956167,294.12598,48.436043
2022-02-21 12:00:00,17.602966,6.4875793,896.0147,2.8161538,302.32462,48.09008
2022-02-21 13:00:00,17.303955,6.7276,896.5845,2.0501783,315.799,49.821598
2022-02-21 14:00:00,15.881592,6.9122314,897.3046,1.573365,331.16345,55.229813
2022-02-21 15:00:00,14.650421,6.6393433,897.97296,1.3023376,346.8144,58.663303
2022-02-21 16:00:00,14.355164,6.615265,898.47943,1.1634766,359.94046,59.69378
2022-02-21 17:00:00,13.337189,6.5438538,898.7114,1.1261959,7.957855,63.45924
2022-02-21 18:00:00,13.036316,6.555359,898.6118,1.1708188,10.021454,64.76853
2022-02-21 19:00:00,12.822357,6.526062,898.37305,1.279946,13.214752,65.548706
2022-02-21 20:00:00,12.0242,6.387268,898.0644,1.4605271,16.130249,68.41768
2022-02-21 21:00:00,11.851654,6.398346,897.7656,1.6608778,21.294983,69.25273
2022-02-21 22:00:00,11.094025,6.042328,897.5682,1.4671897,18.114563,71.04532
2022-02-21 23:00:00,11.032745,6.0945435,897.6127,1.7492063,28.230896,71.59231
2022-02-22 00:00:00,11.3341675,6.3461304,897.9613,2.0496259,38.701843,71.404106
2022-02-22 01:00:00,11.292938,6.3846436,898.60516,2.4250848,48.33557,71.78943
2022-02-22 02:00:00,12.422699,6.8124695,899.38635,2.7735338,57.0997,68.62523
2022-02-22 03:00:00,12.995056,7.0310974,900.12537,2.7415462,64.872284,67.09872
2022-02-22 04:00:00,13.777679,7.1651917,900.6038,2.408766,70.81311,64.35156
2022-02-22 05:00:00,16.793549,7.6917725,900.6565,1.7925024,73.58569,54.966248
2022-02-22 06:00:00,17.718231,7.671936,900.2569,1.0655353,60.22574,51.77496
2022-02-22 07:00:00,18.072632,7.713318,899.54333,0.7902606,2.9079895,50.776302
2022-02-22 08:00:00,19.232208,7.883026,898.74854,1.3824381,328.92776,47.772602
2022-02-22 09:00:00,19.444183,7.795227,898.10455,1.9021106,327.10492,46.86575
2022-02-22 10:00:00,18.520813,8.355591,897.7249,1.8875118,337.9936,51.57122
2022-02-22 11:00:00,18.415192,8.315369,897.8147,2.0100243,2.9632263,51.77219
2022-02-22 12:00:00,18.191803,8.3680725,898.16327,2.7220414,26.10907,52.690536
2022-02-22 13:00:00,17.838593,8.37561,898.7408,3.3034382,40.99057,53.90094
2022-02-22 14:00:00,16.613617,8.424133,899.4643,3.7243445,50.11557,58.434105
2022-02-22 15:00:00,15.421478,8.230743,900.17847,4.0049057,56.04071,62.232788
2022-02-22 16:00:00,15.131165,8.257233,900.7262,4.173998,59.385376,63.517517
2022-02-22 17:00:00,14.220459,8.225708,900.96265,4.2551336,61.391113,67.21611
2022-02-22 18:00:00,13.960968,8.184021,900.87787,4.304538,62.5343,68.16261
2022-02-22 19:00:00,13.768219,8.186676,900.68726,4.3233504,62.707916,69.03312
2022-02-22 20:00:00,13.007965,8.059418,900.40393,4.3797417,62.052124,71.914024
2022-02-22 21:00:00,12.809906,7.989319,900.1141,4.5002284,61.362823,72.50519
2022-02-22 22:00:00,12.231384,7.8858643,899.8786,4.4838376,67.657196,74.78119
2022-02-22 23:00:00,12.134888,7.92749,899.99786,4.816505,67.87695,75.47063
2022-02-23 00:00:00,12.348206,8.083496,900.42224,5.1572723,68.588684,75.2131
2022-02-23 01:00:00,12.291565,8.101959,901.0533,5.516816,69.29788,75.588196
2022-02-23 02:00:00,13.372559,8.548645,901.7698,5.9059105,71.640625,72.592094
2022-02-23 03:00:00,13.925903,8.6302185,902.4444,5.8044963,73.57483,70.41461
2022-02-23 04:00:00,14.670074,8.886353,902.94336,5.337564,75.88843,68.276764
2022-02-23 05:00:00,17.423218,9.376526,903.0701,4.6764784,76.16104,59.198368
2022-02-23 06:00:00,18.30954,9.2404785,902.6993,3.9406018,73.71405,55.477013
2022-02-23 07:00:00,18.58612,9.154327,901.902,3.2714086,65.962585,54.20869
2022-02-23 08:00:00,19.671875,9.064087,901.02057,2.7619162,55.5083,50.354813
2022-02-23 09:00:00,19.847229,9.096649,900.3134,2.558108,45.371887,49.919544
2022-02-23 10:00:00,18.93982,9.20459,899.8842,2.1586955,33.720154,53.20331
2022-02-23 11:00:00,18.869568,9.201447,899.90576,2.791094,39.525726,53.425854
2022-02-23 12:00:00,18.614868,9.323181,900.2057,3.6704476,44.148743,54.72973
2022-02-23 13:00:00,18.317627,9.272705,900.705,4.1467147,47.195557,55.569256
2022-02-23 14:00:00,17.029175,9.34082,901.3624,4.517793,51.0007,60.546474
2022-02-23 15:00:00,15.924133,9.222961,901.97156,4.7010303,54.15042,64.44199
2022-02-23 16:00:00,15.662109,9.278778,902.38226,4.777793,56.381012,65.77735
2022-02-23 17:00:00,14.7395935,9.159485,902.5424,4.7538514,57.271667,69.23464
2022-02-23 18:00:00,14.4227295,9.114441,902.3984,4.712068,57.187134,70.451065
2022-02-23 19:00:00,14.193848,9.060059,902.1135,4.687142,55.32782,71.24021
2022-02-23 20:00:00,13.475616,8.813843,901.80914,4.755214,52.57727,73.41091
2022-02-23 21:00:00,13.24292,8.693787,901.5753,4.886666,49.501434,73.930336
2022-02-23 22:00:00,12.678772,8.561737,901.3332,4.894931,50.336487,76.025314
2022-02-23 23:00:00,12.550903,8.514221,901.346,5.2077775,48.879242,76.418945
2022-02-24 00:00:00,12.702515,8.596527,901.6777,5.4741664,49.14386,76.08605
2022-02-24 01:00:00,12.65152,8.557953,902.2598,5.7849145,50.48764,76.14166
2022-02-24 02:00:00,13.759857,8.958679,902.9475,6.008753,53.155273,72.77442
2022-02-24 03:00:00,14.196808,8.957001,903.5744,5.8846984,54.80487,70.733345
2022-02-24 04:00:00,14.729248,8.905487,903.924,5.4466333,55.23108,68.104614
2022-02-24 05:00:00,17.53534,9.39447,903.889,5.0111027,53.22458,58.85188
2022-02-24 06:00:00,18.43216,9.241211,903.3348,4.4829335,48.078125,55.05495
2022-02-24 07:00:00,18.705109,9.148285,902.4747,4.0823197,39.106354,53.784824
2022-02-24 08:00:00,19.743134,8.978699,901.46515,3.924234,28.714325,49.844894
2022-02-24 09:00:00,19.90802,8.83255,900.6448,3.9980032,22.368652,48.85377
2022-02-24 10:00:00,19.007172,8.83728,900.12354,3.6378288,24.69159,51.684284
2022-02-24 11:00:00,18.882751,8.808624,900.1168,4.17818,27.958344,51.986473
2022-02-24 12:00:00,18.629822,8.898804,900.3957,4.77531,36.453125,53.137337
2022-02-24 13:00:00,18.403137,8.914185,900.8825,5.10962,40.963867,53.952915
2022-02-24 14:00:00,17.155182,9.200195,901.51294,5.3130493,44.810944,59.499775
2022-02-24 15:00:00,16.046814,9.0466,902.10626,5.455386,48.0354,63.184143
2022-02-24 16:00:00,15.748535,9.036804,902.35876,5.4601755,50.987305,64.35725
2022-02-24 17:00:00,14.790497,8.91214,902.3373,5.4104533,52.42865,67.86676
2022-02-24 18:00:00,14.544708,8.912506,902.0909,5.318359,52.821014,68.95293
2022-02-24 19:00:00,14.31778,8.904144,901.826,5.3452005,51.6084,69.932014
2022-02-24 20:00:00,13.497192,8.685638,901.4902,5.4566007,49.946472,72.675606
2022-02-24 21:00:00,13.334564,8.677734,901.154,5.6289124,47.745575,73.41024
2022-02-24 22:00:00,12.6058655,8.376434,901.02844,5.468969,53.037903,75.4368
2022-02-24 23:00:00,12.481537,8.334351,901.0157,5.736895,51.909576,75.83772
2022-02-25 00:00:00,12.68631,8.472839,901.3875,6.036284,52.479004,75.53189
2022-02-25 01:00:00,12.664093,8.4652405,901.9779,6.3561172,53.642944,75.60298
2022-02-25 02:00:00,13.640625,8.822876,902.69775,6.6572304,55.379852,72.671364
2022-02-25 03:00:00,14.158173,8.777161,903.22833,6.6908855,57.690582,70.054855
2022-02-25 04:00:00,14.871948,8.825867,903.5237,6.4171963,60.29303,67.119576
2022-02-25 05:00:00,17.536224,9.249481,903.4196,5.9333286,61.81378,58.277504
2022-02-25 06:00:00,18.337982,9.157471,902.8995,5.2461195,59.61862,55.06953
2022-02-25 07:00:00,18.64032,9.036499,902.09656,4.581957,53.353638,53.59794
2022-02-25 08:00:00,19.510864,8.783081,901.14984,4.196103,44.73105,49.905598
2022-02-25 09:00:00,19.630737,8.640717,900.36,4.173466,37.325836,49.06105
2022-02-25 10:00:00,18.796387,8.746094,899.66174,4.000244,32.993713,52.047356
2022-02-25 11:00:00,18.701141,8.805542,899.54724,4.5842075,33.23642,52.56883
2022-02-25 12:00:00,18.515656,9.020813,899.67834,5.2990475,35.818817,53.960663
2022-02-25 13:00:00,18.194824,9.062408,899.99225,5.913914,40.97522,55.21158
2022-02-25 14:00:00,16.890686,9.159607,900.5968,6.269387,45.73462,60.33977
2022-02-25 15:00:00,15.699799,8.82605,901.16064,6.402689,50.356842,63.64673
2022-02-25 16:00:00,15.396057,8.794708,901.56104,6.391408,54.473877,64.760056
2022-02-25 17:00:00,14.483093,8.758209,901.63135,6.295462,56.770233,68.51034
2022-02-25 18:00:00,14.2146,8.695709,901.4215,6.1662188,57.76956,69.41629
2022-02-25 19:00:00,13.999023,8.703644,901.09314,6.0449347,57.29422,70.43026
2022-02-25 20:00:00,13.215485,8.344635,900.68756,5.99055,56.456757,72.33286
2022-02-25 21:00:00,13.02356,8.334717,900.41,5.9728637,54.71115,73.195595
2022-02-25 22:00:00,12.346527,8.140137,900.2752,5.728112,54.97757,75.511284
2022-02-25 23:00:00,12.272949,8.112061,900.2528,5.967218,54.33615,75.73265
2022-02-26 00:00:00,12.458679,8.30957,900.7045,6.2088046,55.361694,75.82404
2022-02-26 01:00:00,12.4105835,8.290497,901.4165,6.55659,56.433624,75.96546
2022-02-26 02:00:00,13.514252,8.775665,902.30255,6.848727,59.187164,73.03795
2022-02-26 03:00:00,14.021576,8.80954,903.0178,6.8071136,61.427063,70.83233
2022-02-26 04:00:00,14.66272,8.845764,903.5325,6.4903092,64.04172,68.12225
2022-02-26 05:00:00,17.162079,9.101471,903.5056,5.9071355,64.28076,59.079678
2022-02-26 06:00:00,18.142578,9.0660095,903.0598,5.158683,60.344543,55.406425
2022-02-26 07:00:00,18.43164,8.975098,902.24365,4.4710116,51.991028,54.078407
2022-02-26 08:00:00,19.517334,8.880859,901.3607,4.126182,39.354095,50.215984
2022-02-26 09:00:00,19.663605,8.812897,900.5628,4.2585335,28.536804,49.53408
2022-02-26 10:00:00,18.732086,8.998077,900.0137,4.4650893,22.024261,53.15339
2022-02-26 11:00:00,18.645721,8.992371,899.9141,5.284046,25.460724,53.42066
2022-02-26 12:00:00,18.471222,9.165405,900.1346,6.268396,30.114563,54.640816
2022-02-26 13:00:00,18.131378,9.179108,900.5744,6.7605915,33.67813,55.869465
2022-02-26 14:00:00,16.823822,9.127686,901.288,7.139763,37.52246,60.466022
2022-02-26 15:00:00,15.795105,8.99942,901.9392,7.373777,41.187927,64.00432
2022-02-26 16:00:00,15.5902405,9.014984,902.3922,7.4386916,44.049652,64.916985
2022-02-26 17:00:00,14.67395,8.890442,902.47186,7.330602,45.83203,68.27853
2022-02-26 18:00:00,14.430054,8.912079,902.30023,7.223938,46.643463,69.46345
2022-02-26 19:00:00,14.205505,8.842346,901.9436,7.147215,46.406647,70.148636
2022-02-26 20:00:00,13.454163,8.587555,901.49835,7.1466956,45.3768,72.39765
2022-02-26 21:00:00,13.248016,8.475128,901.07275,7.178107,43.665894,72.820496
2022-02-26 22:00:00,12.725311,8.3072815,900.77673,6.9418445,45.474854,74.49876
2022-02-26 23:00:00,12.622681,8.326141,900.6332,7.1909914,44.652832,75.09728
2022-02-27 00:00:00,12.799866,8.465637,900.93353,7.367372,45.032806,74.935844
2022-02-27 01:00:00,12.736206,8.42627,901.50055,7.5766077,45.61606,75.04839
2022-02-27 02:00:00,13.86792,8.883484,902.24866,7.673454,46.318115,71.899864
2022-02-27 03:00:00,14.181732,8.807404,902.91876,7.312453,46.862152,70.0911
2022-02-27 04:00:00,14.646118,8.604858,903.3593,6.61097,44.260773,67.093994
2022-02-27 05:00:00,17.309845,8.966766,903.35565,6.033319,38.634003,58.001118
2022-02-27 06:00:00,18.167511,8.878906,902.85406,5.6627326,30.914032,54.626038
2022-02-27 07:00:00,18.38382,8.819916,902.07104,5.5571737,22.455872,53.67562
2022-02-27 08:00:00,19.404816,8.649841,901.16656,5.6403165,14.939209,49.785362
2022-02-27 09:00:00,19.527649,8.524231,900.42114,5.877882,10.273529,48.988583
2022-02-27 10:00:00,18.694458,8.512848,899.8821,5.962757,5.8036804,51.560223
2022-02-27 11:00:00,18.608582,8.527679,899.7756,6.529236,11.843933,51.88999
2022-02-27 12:00:00,18.341766,8.620728,899.9773,6.8715653,20.376526,53.097694
2022-02-27 13:00:00,18.016785,8.690704,900.3699,6.7922378,24.425354,54.449093
2022-02-27 14:00:00,16.755981,8.713196,901.04956,6.8880525,28.098389,59.052
2022-02-27 15:00:00,15.552765,8.479523,901.7319,6.89858,31.60205,62.760735
2022-02-27 16:00:00,15.258392,8.489777,902.1729,6.752048,34.296143,64.001236
2022-02-27 17:00:00,14.297485,8.352417,902.27124,6.476097,35.70459,67.45912
2022-02-27 18:00:00,14.0780945,8.349274,902.0372,6.2748566,36.09384,68.40952
2022-02-27 19:00:00,13.874268,8.290649,901.6953,6.147882,35.672607,69.044754
2022-02-27 20:00:00,13.006317,7.970093,901.3166,6.057406,34.84601,71.48646
2022-02-27 21:00:00,12.857391,7.886139,900.98987,6.102005,34.129395,71.77489
2022-02-27 22:00:00,12.076843,7.4181213,900.7785,5.967268,37.71057,73.17474
2022-02-27 23:00:00,11.96344,7.359894,900.6329,6.0024905,37.077637,73.43058
2022-02-28 00:00:00,12.243469,7.5262756,900.92377,6.0741715,37.733276,72.91347
2022-02-28 01:00:00,12.183014,7.521698,901.50916,6.1425195,39.345642,73.180984
2022-02-28 02:00:00,13.344238,7.8506775,902.2698,6.142455,39.80658,69.36174
2022-02-28 03:00:00,13.859192,7.877228,902.9308,6.054158,38.908936,67.19854
2022-02-28 04:00:00,14.441376,7.894745,903.35516,5.674918,36.565735,64.7894
2022-02-28 05:00:00,17.158875,8.005493,903.3206,5.1516685,29.32904,54.867554
2022-02-28 06:00:00,18.143951,8.037872,902.7977,4.8517637,18.685333,51.67801
2022-02-28 07:00:00,18.394287,8.060272,901.9749,4.883158,8.126862,50.950253
2022-02-28 08:00:00,19.624878,7.878113,901.0867,5.149362,359.85684,46.60471
2022-02-28 09:00:00,19.826935,7.8327637,900.32336,5.522188,355.62372,45.88233
2022-02-28 10:00:00,18.904846,8.144806,899.92163,5.6963434,356.7364,49.63295
2022-02-28 11:00:00,18.857513,8.1163025,899.7565,5.744487,2.8678894,49.683617
2022-02-28 12:00:00,18.704102,7.9474487,899.87195,5.6482773,12.68222,49.58991
2022-02-28 13:00:00,18.312012,8.034973,900.2968,5.7150326,18.57544,51.125782
2022-02-28 14:00:00,16.89978,8.1197815,900.95197,5.761471,24.391876,56.21006
2022-02-28 15:00:00,15.602875,7.7041626,901.65393,5.757814,28.861511,59.35029
2022-02-28 16:00:00,15.250336,7.6980286,902.1102,5.682195,32.076935,60.68182
2022-02-28 17:00:00,14.304626,7.6145325,902.2268,5.553981,33.9346,64.12913
2022-02-28 18:00:00,14.052948,7.542572,902.10706,5.4474945,34.82611,64.86355
2022-02-28 19:00:00,13.840515,7.5307617,901.8601,5.4088635,34.346252,65.710495
2022-02-28 20:00:00,13.043915,7.410797,901.4786,5.4873443,33.659546,68.64459
2022-02-28 21:00:00,12.905487,7.338745,901.0594,5.7012253,33.041473,68.92833
2022-02-28 22:00:00,12.1874695,6.918396,900.79517,5.34188,33.571106,70.20222
2022-02-28 23:00:00,12.096619,6.8814697,900.67017,5.694516,33.464355,70.44442
2022-03-01 00:00:00,12.389008,7.064575,900.96295,6.0760665,34.322205,69.97608
2022-03-01 01:00:00,12.355103,7.0391846,901.56055,6.4656734,36.08246,70.01021
2022-03-01 02:00:00,13.796509,7.532074,902.2688,6.730495,38.64798,65.90441
2022-03-01 03:00:00,14.308716,7.587921,902.9648,6.8097043,41.069427,63.99594
2022-03-01 04:00:00,14.949097,7.605438,903.3539,6.5441785,42.5054,61.479126
2022-03-01 05:00:00,18.151611,8.27475,903.31396,5.9994307,40.52542,52.490486
2022-03-01 06:00:00,19.147064,8.282196,902.78284,5.520662,32.747864,49.346672
2022-03-01 07:00:00,19.387726,8.31958,901.935,5.3907576,21.90747,48.736214
2022-03-01 08:00:00,20.432098,8.345642,901.02844,5.544362,13.580872,45.763515
2022-03-01 09:00:00,20.601654,8.28714,900.31635,5.8483067,9.651215,45.10822
2022-03-01 10:00:00,19.635712,8.700043,899.863,5.415612,7.354767,49.24304
2022-03-01 11:00:00,19.55606,8.715912,899.7943,6.0699983,13.222046,49.540318
2022-03-01 12:00:00,19.383484,8.739014,899.9825,6.4891496,21.053802,50.15285
2022-03-01 13:00:00,19.041473,8.719208,900.30743,6.9112716,25.374756,51.16412
2022-03-01 14:00:00,17.62973,8.891357,900.90173,7.196661,29.946411,56.553303
2022-03-01 15:00:00,16.324615,8.630096,901.57404,7.289227,33.54138,60.353745
2022-03-01 16:00:00,15.942749,8.638275,902.0201,7.285953,36.363922,61.875732
2022-03-01 17:00:00,14.888824,8.441864,902.0988,7.1810412,38.124634,65.32793
2022-03-01 18:00:00,14.706757,8.492737,901.86865,7.0383716,38.712402,66.32693
2022-03-01 19:00:00,14.4270935,8.349091,901.5025,6.942458,38.485718,66.88114
2022-03-01 20:00:00,13.6658325,8.162842,901.0502,6.93304,37.978027,69.38158
2022-03-01 21:00:00,13.479706,8.095276,900.5937,7.013019,37.261017,69.90528
2022-03-01 22:00:00,12.784119,7.846588,900.4253,6.295012,37.923218,71.926
2022-03-01 23:00:00,12.669312,7.817932,900.3899,6.57694,37.05356,72.327576
2022-03-02 00:00:00,12.902069,8.00946,900.76135,6.898659,37.562256,72.16812
2022-03-02 01:00:00,12.812836,7.9437256,901.34436,7.225721,38.63452,72.26694
2022-03-02 02:00:00,14.241913,8.481934,902.11694,7.5093293,40.239075,68.298744
2022-03-02 03:00:00,14.799652,8.48761,902.81525,7.5126486,41.472137,65.90808
2022-03-02 04:00:00,15.411774,8.4079895,903.2137,7.1550326,41.87332,63.024353
2022-03-02 05:00:00,18.336761,8.846619,903.12915,6.632197,39.49948,53.931355
2022-03-02 06:00:00,19.232086,8.674957,902.55005,6.1566787,33.755615,50.408947
2022-03-02 07:00:00,19.49405,8.599884,901.70154,5.9636173,26.006378,49.342937
2022-03-02 08:00:00,20.58957,8.471832,900.74396,5.981353,19.118378,45.710365
2022-03-02 09:00:00,20.729523,8.398804,899.97485,6.0827765,14.418945,45.09436
2022-03-02 10:00:00,19.656982,8.707336,899.4526,6.018161,8.58493,49.202293
2022-03-02 11:00:00,19.53302,8.722046,899.2637,6.4587293,12.217804,49.631847
2022-03-02 12:00:00,19.357086,8.740082,899.3533,6.792319,18.342285,50.238914
2022-03-02 13:00:00,19.017761,8.777954,899.75415,7.055654,21.58606,51.443626
2022-03-02 14:00:00,17.585724,8.880829,900.4296,7.245033,26.203796,56.67016
2022-03-02 15:00:00,16.263641,8.752655,901.1057,7.3261237,30.286407,61.092632
2022-03-02 16:00:00,15.954498,8.700287,901.4945,7.2439013,34.105804,62.089104
2022-03-02 17:00:00,14.965912,8.490173,901.58936,7.060446,37.16632,65.21758
2022-03-02 18:00:00,14.670105,8.415466,901.3939,6.8399253,39.082947,66.13686
2022-03-02 19:00:00,14.449829,8.402252,901.0279,6.6939526,39.856995,67.02397
2022-03-02 20:00:00,13.504181,8.087616,900.5575,6.631057,40.007263,69.757706
2022-03-02 21:00:00,13.350403,7.9914246,900.1811,6.671095,40.289307,70.000786
2022-03-02 22:00:00,12.707703,7.8298645,899.9556,6.7058516,40.990295,72.20454
2022-03-02 23:00:00,12.640686,7.8328857,899.9347,7.017349,42.537323,72.53715
2022-03-03 00:00:00,12.913147,7.9893494,900.27014,7.2797856,44.6604,72.01736
2022-03-03 01:00:00,12.869812,7.9377747,900.9258,7.512523,47.254974,71.96892
2022-03-03 02:00:00,14.35437,8.407806,901.6719,7.585504,50.0094,67.46416
2022-03-03 03:00:00,14.903473,8.399536,902.322,7.472004,52.542694,65.07946
2022-03-03 04:00:00,15.562317,8.400726,902.67413,7.087918,55.774994,62.38848
2022-03-03 05:00:00,18.581665,9.07312,902.6353,6.370177,56.57492,53.927963
2022-03-03 06:00:00,19.473328,9.064575,902.16077,5.4969783,52.839966,50.981323
2022-03-03 07:00:00,19.740448,9.090851,901.32947,4.721211,44.317383,50.23154
2022-03-03 08:00:00,20.860992,8.972473,900.42664,4.2844043,32.790863,46.49977
2022-03-03 09:00:00,21.049103,8.854675,899.60876,4.2202954,23.851227,45.601322
2022-03-03 10:00:00,19.92685,9.150696,899.1749,4.066055,16.587555,49.855057
2022-03-03 11:00:00,19.823547,9.1371765,899.09125,4.702956,21.69159,50.129555
2022-03-03 12:00:00,19.610138,9.209381,899.239,5.3361464,27.658203,51.045322
2022-03-03 13:00:00,19.31189,9.110779,899.70807,5.527234,30.600464,51.656384
2022-03-03 14:00:00,18.05426,9.361176,900.42596,5.6790104,34.126038,56.832783
2022-03-03 15:00:00,16.707031,9.184967,901.16516,5.7293205,37.431152,61.151295
2022-03-03 16:00:00,16.359192,9.148682,901.7039,5.6838155,39.869873,62.366085
2022-03-03 17:00:00,15.302032,8.980072,901.8672,5.5439343,41.047302,65.97213
2022-03-03 18:00:00,15.028503,8.938721,901.7006,5.3758235,40.960327,66.954765
2022-03-03 19:00:00,14.777252,8.890625,901.31415,5.195678,40.061676,67.826164
2022-03-03 20:00:00,13.956696,8.627258,900.83795,5.1253643,38.37097,70.26005
2022-03-03 21:00:00,13.766083,8.506866,900.38586,5.1190805,37.459625,70.55755
2022-03-03 22:00:00,13.04126,8.285156,900.0887,5.186612,39.632202,72.865746
2022-03-03 23:00:00,12.979919,8.302032,899.9919,5.2063894,40.31421,73.24212
2022-03-04 00:00:00,13.287018,8.433258,900.26776,5.205766,40.70334,72.42987
2022-03-04 01:00:00,13.2630005,8.430969,900.81,5.2243505,42.0065,72.532135
2022-03-04 02:00:00,14.690552,8.936218,901.478,5.2044077,42.960052,68.41647
2022-03-04 03:00:00,15.308197,8.943085,902.11334,4.941177,44.16568,65.781715
2022-03-04 04:00:00,15.895386,8.823303,902.47266,4.401255,43.45279,62.844105
2022-03-04 05:00:00,18.811554,9.229126,902.4863,3.69867,36.05963,53.7198
2022-03-04 06:00:00,19.703949,9.047394,901.9793,3.2008433,21.040955,50.19818
2022-03-04 07:00:00,19.933167,8.97229,901.20685,3.2267308,2.1108398,49.23989
2022-03-04 08:00:00,21.026367,8.893311,900.2721,3.626793,347.65057,45.78429
2022-03-04 09:00:00,21.176239,8.809753,899.5103,4.178201,340.76584,45.109768
2022-03-04 10:00:00,20.137177,9.119507,899.0838,4.778909,332.9373,49.10697
2022-03-04 11:00:00,20.078247,9.066925,898.84235,4.9697666,342.68353,49.11198
2022-03-04 12:00:00,19.881226,9.148163,899.01917,4.827315,353.97702,49.987637
2022-03-04 13:00:00,19.586273,9.207428,899.42523,4.6038795,358.70035,51.114307
2022-03-04 14:00:00,18.241394,9.305695,900.0238,4.6244626,3.1637878,55.95969
2022-03-04 15:00:00,16.877686,9.049377,900.557,4.59966,6.8147583,59.94268
2022-03-04 16:00:00,16.441559,8.98642,900.9677,4.4829583,8.975006,61.365265
2022-03-04 17:00:00,15.404083,8.844208,901.10315,4.3456855,9.037476,64.94346
2022-03-04 18:00:00,15.152466,8.820251,900.97156,4.224756,8.150177,65.8943
2022-03-04 19:00:00,14.899109,8.837341,900.60016,4.1546335,6.71994,67.05422
2022-03-04 20:00:00,14.140289,8.550354,900.117,4.114715,5.0937805,69.06872
2022-03-04 21:00:00,14.034302,8.469696,899.67236,4.096807,4.431427,69.16594
2022-03-04 22:00:00,13.338165,8.1640625,899.4175,3.5435917,3.942505,70.883026
2022-03-04 23:00:00,13.301514,8.155457,899.3945,3.5956206,4.419647,71.01106
2022-03-05 00:00:00,13.735962,8.3949585,899.7732,3.616798,6.025482,70.16195
2022-03-05 01:00:00,13.669861,8.321167,900.3795,3.700742,8.664886,70.112434
2022-03-05 02:00:00,14.861206,8.7187195,901.1122,3.8251612,8.5242,66.68161
2022-03-05 03:00:00,15.373627,8.639435,901.7519,4.0456862,4.755768,64.17629
2022-03-05 04:00:00,15.883331,8.513123,902.1661,4.157671,0.07601929,61.587322
2022-03-05 05:00:00,18.718903,8.871979,902.1981,4.345257,350.78717,52.74655
2022-03-05 06:00:00,19.694183,8.67865,901.81555,4.7293215,341.66147,48.993736
2022-03-05 07:00:00,19.953583,8.6458435,901.0925,5.3765893,335.5272,48.10535
2022-03-05 08:00:00,21.14441,8.38208,900.24384,6.0240617,331.98273,43.909027
2022-03-05 09:00:00,21.320984,8.330231,899.442,6.5263257,331.3899,43.283684
2022-03-05 10:00:00,20.383759,8.817841,898.89624,6.5243254,335.47104,47.390327
2022-03-05 11:00:00,20.326385,8.764465,898.77954,6.2779937,340.29208,47.38735
2022-03-05 12:00:00,20.154816,8.5451355,898.90265,5.5872064,348.33936,47.18741
2022-03-05 13:00:00,19.875183,8.523468,899.28204,5.20143,352.76123,47.940983
2022-03-05 14:00:00,18.509094,8.637726,899.83765,4.990448,357.56802,52.60434
2022-03-05 15:00:00,17.173431,8.518799,900.3887,4.729428,1.082367,56.75924
2022-03-05 16:00:00,16.877136,8.484833,900.77075,4.429948,3.1121826,57.70158
2022-03-05 17:00:00,15.763184,8.269684,900.9127,4.203913,3.7848206,61.04682
2022-03-05 18:00:00,15.451324,8.187927,900.699,4.016495,3.963562,61.9336
2022-03-05 19:00:00,15.232056,8.076965,900.34375,3.9015586,3.1819458,62.339638
2022-03-05 20:00:00,14.387909,7.875305,899.87036,3.852032,2.8099365,64.92772
2022-03-05 21:00:00,14.202881,7.844116,899.4373,3.8752246,3.4588928,65.57017
2022-03-05 22:00:00,13.389893,7.5103455,899.1732,3.7165596,7.2907104,67.57034
2022-03-05 23:00:00,13.308807,7.4718323,899.25494,3.7997203,9.915009,67.750015
2022-03-06 00:00:00,13.63031,7.7625427,899.646,3.86868,15.357056,67.67481
2022-03-06 01:00:00,13.672882,7.832123,900.2528,3.9946656,21.393799,67.808235
2022-03-06 02:00:00,15.191895,8.195404,900.97,4.105425,27.108826,63.00529
2022-03-06 03:00:00,15.832306,8.356201,901.6486,4.211916,33.941833,61.13519
2022-03-06 04:00:00,16.48227,8.329071,902.03516,4.071224,42.60498,58.545673
2022-03-06 05:00:00,19.543365,8.848846,901.9646,3.5234118,47.62784,50.026615
2022-03-06 06:00:00,20.4346,8.757233,901.51154,2.7873316,43.825104,47.048836
2022-03-06 07:00:00,20.698334,8.770782,900.7894,2.2600334,28.587402,46.332508
2022-03-06 08:00:00,21.931305,8.799652,899.9698,2.0860014,8.6371765,43.043762
2022-03-06 09:00:00,22.0513,8.778015,899.23553,2.1827793,354.14282,42.66752
2022-03-06 10:00:00,21.012665,9.359314,898.7968,2.256463,354.304,47.284157
2022-03-06 11:00:00,20.919342,9.231384,898.70825,2.4911087,4.5410156,47.14859
2022-03-06 12:00:00,20.708832,9.218658,898.9677,2.8267949,15.579834,47.72236
2022-03-06 13:00:00,20.234344,9.190247,899.44696,3.2462204,23.278534,49.04597
2022-03-06 14:00:00,18.802826,9.28479,900.13495,3.4631748,29.000763,53.95083
2022-03-06 15:00:00,17.60138,9.159515,900.8145,3.5468955,33.426483,57.688038
2022-03-06 16:00:00,17.266205,9.113495,901.252,3.5334265,37.883606,58.739464
2022-03-06 17:00:00,16.49759,9.035553,901.3558,3.435992,40.62802,61.34987
2022-03-06 18:00:00,16.231262,8.991882,901.21606,3.3296764,41.69629,62.21538
2022-03-06 19:00:00,15.976105,8.882721,900.89923,3.2837205,40.10489,62.772255
2022-03-06 20:00:00,15.161072,8.639832,900.4526,3.338108,37.922333,65.059784
2022-03-06 21:00:00,15.039886,8.597107,900.03424,3.5131176,35.40744,65.379395
2022-03-06 22:00:00,14.294037,8.305664,899.901,3.7067926,35.421417,67.26065
2022-03-06 23:00:00,14.209045,8.316864,900.0129,3.9657984,37.23224,67.68295
2022-03-07 00:00:00,14.531525,8.543396,900.3809,4.2918563,39.881683,67.31153
2022-03-07 01:00:00,14.518341,8.569244,900.9858,4.679249,42.45038,67.4868
2022-03-07 02:00:00,15.937744,9.086395,901.68085,5.0032163,46.500336,63.79652
2022-03-07 03:00:00,16.614258,9.267883,902.1664,5.0260334,50.788086,61.856968
2022-03-07 04:00:00,17.249329,9.319244,902.4395,4.600303,57.014038,59.622257
2022-03-07 05:00:00,20.060059,9.697327,902.32556,3.9387012,58.858826,51.29582
2022-03-07 06:00:00,20.912567,9.480225,901.8725,3.3175569,55.332,47.96412
2022-03-07 07:00:00,21.150177,9.448669,901.0829,2.834167,45.60251,47.169025
2022-03-07 08:00:00,22.28125,9.437958,900.1931,2.5752382,32.61194,43.987118
2022-03-07 09:00:00,22.415466,9.370972,899.4021,2.6199079,22.261566,43.433502
2022-03-07 10:00:00,21.371979,9.842499,898.9339,2.7607853,11.982513,47.777634
2022-03-07 11:00:00,21.2724,9.721954,898.85077,3.2624266,16.782928,47.68336
2022-03-07 12:00:00,20.947296,9.7473755,899.0979,3.7488813,18.892303,48.72759
2022-03-07 13:00:00,20.681946,9.702301,899.61896,4.126763,19.018341,49.380222
2022-03-07 14:00:00,19.349915,9.860443,900.28235,4.382244,21.511658,54.1959
2022-03-07 15:00:00,18.101074,9.77829,900.91187,4.502812,24.039154,58.27496
2022-03-07 16:00:00,17.81894,9.879822,901.3377,4.5012627,26.217438,59.722908
2022-03-07 17:00:00,16.896301,9.766052,901.51135,4.4105773,27.675964,62.826675
2022-03-07 18:00:00,16.5307,9.714935,901.337,4.3423963,28.046265,64.082016
2022-03-07 19:00:00,16.282196,9.69577,900.9663,4.3123155,27.302673,65.01987
2022-03-07 20:00:00,15.371307,9.534119,900.4916,4.366964,26.234528,68.1746
2022-03-07 21:00:00,15.173218,9.511658,900.0843,4.443525,25.389893,68.94301
2022-03-07 22:00:00,14.467438,9.1214905,899.7724,4.0405087,26.678253,70.28123
2022-03-07 23:00:00,14.389496,9.148773,899.88806,4.1154494,29.091095,70.766014
2022-03-08 00:00:00,14.646301,9.312958,900.3123,4.1924205,30.683655,70.37563
2022-03-08 01:00:00,14.572418,9.274689,900.911,4.3242207,32.95514,70.53014
2022-03-08 02:00:00,16.067657,9.839661,901.5452,4.442824,35.354187,66.55402
2022-03-08 03:00:00,16.483032,9.836853,902.02545,4.195578,37.705048,64.8039
2022-03-08 04:00:00,16.972351,9.617828,902.25085,3.6673431,34.299347,61.906136
2022-03-08 05:00:00,19.80188,10.0047,902.0789,3.1366565,27.292023,53.206963
2022-03-08 06:00:00,20.678223,9.871094,901.5611,2.7769427,16.756958,49.9534
2022-03-08 07:00:00,20.944275,9.883209,900.69495,2.6898959,4.023712,49.18219
2022-03-08 08:00:00,22.0336,9.673798,899.7932,2.9196362,352.1628,45.36831
2022-03-08 09:00:00,22.156952,9.69812,899.0209,3.231438,345.8109,45.102085
2022-03-08 10:00:00,21.192566,10.00296,898.5016,3.1215646,341.75458,48.827755
2022-03-08 11:00:00,21.124268,9.928375,898.4433,3.301809,349.5225,48.788727
2022-03-08 12:00:00,20.952515,9.934448,898.7065,3.2713883,3.6743774,49.326202
2022-03-08 13:00:00,20.681763,10.034729,899.1917,3.4004304,9.71637,50.492455
2022-03-08 14:00:00,19.209076,10.176422,899.76794,3.4709718,16.831665,55.84101
2022-03-08 15:00:00,17.80304,9.918121,900.32544,3.4654012,22.251831,59.936203
2022-03-08 16:00:00,17.472687,9.895416,900.66766,3.3821802,27.120361,61.10449
2022-03-08 17:00:00,16.405975,9.769684,900.7547,3.2334473,30.271362,64.82993
2022-03-08 18:00:00,16.019043,9.66745,900.5519,3.1101716,31.693848,65.99458
2022-03-08 19:00:00,15.745453,9.6276245,900.2029,3.048229,32.258972,66.9792
2022-03-08 20:00:00,14.896881,9.391144,899.7134,3.121043,32.04773,69.6133
2022-03-08 21:00:00,14.691223,9.417725,899.2954,3.2628808,31.52536,70.66807
2022-03-08 22:00:00,14.034149,9.086121,899.15643,2.6756582,36.117645,72.10755
2022-03-08 23:00:00,13.931366,9.103851,899.2545,2.8702252,35.34964,72.67651
2022-03-09 00:00:00,14.20401,9.314362,899.7263,3.0707781,35.80017,72.422905
2022-03-09 01:00:00,14.130035,9.243927,900.4637,3.3260381,38.12387,72.42658
2022-03-09 02:00:00,15.831543,9.721069,901.1998,3.5464756,39.612732,67.03031
2022-03-09 03:00:00,16.443024,9.788147,901.74384,3.618976,40.7713,64.75736
2022-03-09 04:00:00,17.091919,9.584564,901.92346,3.404086,39.99185,61.30213
2022-03-09 05:00:00,20.150665,9.8489685,901.8183,3.0418591,35.509888,51.53017
2022-03-09 06:00:00,21.015533,9.707367,901.3222,2.7243657,21.962646,48.39371
2022-03-09 07:00:00,21.254272,9.624512,900.6104,2.7896905,3.0528564,47.425415
2022-03-09 08:00:00,22.416595,9.441498,899.69836,3.2547483,348.61392,43.6369
2022-03-09 09:00:00,22.557465,9.432861,898.956,3.740618,342.95737,43.239918
2022-03-09 10:00:00,21.573975,9.788849,898.3201,4.1976867,342.78143,47.02109
2022-03-09 11:00:00,21.506287,9.817352,898.21576,4.3639293,351.49774,47.30652
2022-03-09 12:00:00,21.30832,9.698883,898.37744,4.3538766,3.4808655,47.504936
2022-03-09 13:00:00,20.96341,9.865845,898.7989,4.4328556,10.062439,49.067303
2022-03-09 14:00:00,19.482971,10.051483,899.4564,4.4370484,16.426086,54.440914
2022-03-09 15:00:00,17.998505,9.8177185,900.1019,4.3549266,21.366943,58.80695
2022-03-09 16:00:00,17.64746,9.725098,900.51373,4.1714106,25.249939,59.748833
2022-03-09 17:00:00,16.509125,9.557739,900.5708,3.9670188,27.087128,63.49676
2022-03-09 18:00:00,16.230743,9.574066,900.2774,3.791616,27.216858,64.70286
2022-03-09 19:00:00,16.043976,9.528442,899.87054,3.6672938,26.505646,65.277824
2022-03-09 20:00:00,15.220032,9.275604,899.40625,3.6483977,25.949127,67.653915
2022-03-09 21:00:00,15.024445,9.197144,899.03296,3.678961,26.063812,68.14891
2022-03-09 22:00:00,14.347992,8.835602,898.7645,2.9222229,27.08664,69.473335
2022-03-09 23:00:00,14.240204,8.830933,898.86505,2.9774406,28.434418,69.93737
2022-03-10 00:00:00,14.494995,9.054565,899.2775,3.1229887,30.446411,69.84055
2022-03-10 01:00:00,14.511536,9.028595,899.9278,3.2412922,32.599182,69.64396
2022-03-10 02:00:00,16.15155,9.458649,900.68054,3.3240128,33.410645,64.52819
2022-03-10 03:00:00,16.73944,9.491394,901.2495,3.0996237,35.001648,62.296265
2022-03-10 04:00:00,17.360474,9.459595,901.51636,2.6586468,32.118744,59.766163
2022-03-10 05:00:00,20.453552,9.782745,901.4141,2.2037997,19.371094,50.351162
2022-03-10 06:00:00,21.357178,9.693146,900.9293,2.1528955,354.8031,47.34467
2022-03-10 07:00:00,21.62738,9.770874,900.21265,2.7563472,333.66165,46.81132
2022-03-10 08:00:00,22.707489,9.697998,899.4247,3.5695074,324.6942,43.617485
2022-03-10 09:00:00,22.865723,9.5937195,898.8067,4.1911645,324.14175,42.899925
2022-03-10 10:00:00,21.873413,10.047974,898.2571,4.17693,328.78033,46.976395
2022-03-10 11:00:00,21.780365,10.052765,898.1421,4.3349185,339.11957,47.2592
2022-03-10 12:00:00,21.49942,10.173706,898.33154,4.1748414,352.14102,48.46828
2022-03-10 13:00:00,21.208405,10.259979,898.747,4.152495,358.9237,49.62548
2022-03-10 14:00:00,19.719696,10.452393,899.3878,4.1477494,5.5854797,55.101864
2022-03-10 15:00:00,18.43805,10.240967,899.9857,4.0717864,10.605591,58.849537
2022-03-10 16:00:00,18.091461,10.308685,900.3745,3.9403567,14.371429,60.415638
2022-03-10 17:00:00,17.072021,10.226013,900.37854,3.8244326,16.241516,64.07278
2022-03-10 18:00:00,16.743805,10.224976,900.07794,3.7408862,16.861633,65.41534
2022-03-10 19:00:00,16.448914,10.123352,899.7177,3.6959767,16.368073,66.201675
2022-03-10 20:00:00,15.651978,9.913544,899.31195,3.7331073,15.516571,68.68468
2022-03-10 21:00:00,15.428192,9.818207,899.0309,3.8788261,15.584137,69.23303
2022-03-10 22:00:00,14.839874,9.860168,898.87225,3.3760042,17.272614,72.10314
2022-03-10 23:00:00,14.749481,9.799438,899.0213,3.5847747,16.462341,72.2299
2022-03-11 00:00:00,15.02594,9.959534,899.4266,3.8003514,17.24939,71.720276
2022-03-11 01:00:00,15.007141,9.957062,900.00867,3.9837198,19.505585,71.79518
2022-03-11 02:00:00,16.434021,10.298828,900.6425,4.138548,20.67685,67.045616
2022-03-11 03:00:00,16.995728,10.151123,901.2294,4.176149,20.714203,64.06182
2022-03-11 04:00:00,17.571564,9.927368,901.5467,4.1116257,18.756683,60.854507
2022-03-11 05:00:00,20.362396,10.163361,901.4255,3.9843986,13.633636,51.94143
2022-03-11 06:00:00,21.667633,10.172394,900.88086,4.0878844,3.779419,47.967907
2022-03-11 07:00:00,21.939575,10.184479,900.03595,4.5145493,353.13443,47.215958
2022-03-11 08:00:00,22.91037,9.9216,899.1175,5.129201,346.02127,43.73476
2022-03-11 09:00:00,23.093567,9.789642,898.34595,5.664806,343.06232,42.87195
2022-03-11 10:00:00,22.109161,10.076965,897.80853,5.8201637,342.64648,46.395718
2022-03-11 11:00:00,21.985107,9.98526,897.7139,5.841502,347.47403,46.462036
2022-03-11 12:00:00,21.78836,10.029785,897.8873,5.410677,355.65137,47.16358
2022-03-11 13:00:00,21.514282,10.171661,898.28815,5.0119567,358.598,48.41759
2022-03-11 14:00:00,19.94049,10.243286,898.8975,4.7760916,2.4155884,53.599792
2022-03-11 15:00:00,18.644318,10.12381,899.51587,4.545696,5.944336,57.641594
2022-03-11 16:00:00,18.302612,10.178528,899.88513,4.3613772,8.423706,59.104286
2022-03-11 17:00:00,17.167358,9.982117,899.901,4.1273265,9.031952,62.65744
2022-03-11 18:00:00,16.815674,9.955933,899.68744,3.918884,8.397858,63.95693
2022-03-11 19:00:00,16.573242,9.914886,899.34204,3.8396165,7.0928955,64.770874
2022-03-11 20:00:00,15.6970215,9.676697,898.90216,3.8477964,5.9945984,67.4086
2022-03-11 21:00:00,15.543091,9.624481,898.5139,3.9126313,5.647522,67.83817
2022-03-11 22:00:00,14.955383,9.369598,898.3643,3.9194863,10.282532,69.25127
2022-03-11 23:00:00,14.851135,9.424316,898.45953,3.950096,11.909149,69.97451
2022-03-12 00:00:00,15.173004,9.651093,898.80945,4.039249,13.812744,69.59226
2022-03-12 01:00:00,15.194031,9.601501,899.397,4.059908,16.34497,69.26744
2022-03-12 02:00:00,16.813782,9.851898,900.0259,4.1382623,18.056824,63.52063
2022-03-12 03:00:00,17.40335,9.8654175,900.59924,4.072438,18.51236,61.249393
2022-03-12 04:00:00,18.068665,9.782562,900.8343,3.9441478,13.742432,58.410454
2022-03-12 05:00:00,21.12082,9.975464,900.7111,3.8188114,4.3773193,48.9531
2022-03-12 06:00:00,22.078308,9.8220825,900.18726,4.008421,351.45007,45.69681
2022-03-12 07:00:00,22.33908,9.809998,899.4277,4.60162,341.37604,44.94063
2022-03-12 08:00:00,23.565857,9.554443,898.593,5.3139496,337.21954,41.014626
2022-03-12 09:00:00,23.694061,9.454498,897.92334,5.866328,337.021,40.426834
2022-03-12 10:00:00,22.772339,10.030121,897.5346,5.5087857,340.42184,44.42349
2022-03-12 11:00:00,22.740051,10.023071,897.5017,5.5829678,346.5961,44.489567
2022-03-12 12:00:00,22.544678,9.901642,897.75037,5.093883,355.2979,44.65582
2022-03-12 13:00:00,22.24414,10.024628,898.2488,4.870037,358.4024,45.855133
2022-03-12 14:00:00,20.597076,10.31308,898.9355,4.680329,3.406128,51.709312
2022-03-12 15:00:00,19.178802,10.132629,899.57007,4.511849,7.674469,55.78295
2022-03-12 16:00:00,18.856812,10.128021,899.9465,4.333245,11.019806,56.897102
2022-03-12 17:00:00,17.698944,9.99353,899.96564,4.1544275,12.397247,60.635693
2022-03-12 18:00:00,17.332886,9.885559,899.7351,4.027226,12.531036,61.60565
2022-03-12 19:00:00,17.1185,9.7994995,899.4011,4.039581,11.619812,62.087612
2022-03-12 20:00:00,16.170563,9.564575,898.93787,4.1612854,10.386597,64.91016
2022-03-12 21:00:00,15.943481,9.434967,898.598,4.367369,10.10849,65.28672
2022-03-12 22:00:00,15.122803,9.249847,898.4961,4.218033,12.678406,67.95996
2022-03-12 23:00:00,15.049866,9.244812,898.5221,4.370091,14.464844,68.256256
2022-03-13 00:00:00,15.335754,9.427948,898.91046,4.5147724,16.30783,67.84467
2022-03-13 01:00:00,15.393585,9.476593,899.6503,4.632189,19.13388,67.81473
2022-03-13 02:00:00,17.03769,9.824768,900.44995,4.743229,21.033997,62.511806
2022-03-13 03:00:00,17.915314,9.891449,901.1489,4.868185,22.828217,59.40804
2022-03-13 04:00:00,18.610931,9.90921,901.50507,4.9672875,21.6109,56.938873
2022-03-13 05:00:00,21.972046,10.334259,901.47797,5.141629,18.134369,47.5961
2022-03-13 06:00:00,22.739746,10.212433,901.05334,5.310489,10.598206,45.05706
2022-03-13 07:00:00,22.974243,10.1701355,900.34875,5.62747,2.782318,44.29611
2022-03-13 08:00:00,24.188599,10.082855,899.50696,5.95668,357.48193,40.931015
2022-03-13 09:00:00,24.381348,10.054169,898.82654,6.2469225,355.17917,40.383293
2022-03-13 10:00:00,23.439606,10.608826,898.32623,5.8461194,357.19443,44.34653
2022-03-13 11:00:00,23.38916,10.455231,898.34344,5.8375716,359.3278,44.028862
2022-03-13 12:00:00,23.106201,10.545929,898.5999,5.410395,4.478058,45.059437
2022-03-13 13:00:00,22.664856,10.474487,899.18335,5.1114354,5.6305237,46.060528
2022-03-13 14:00:00,21.060303,10.732941,899.8787,4.8689365,9.09494,51.682133
2022-03-13 15:00:00,19.792633,10.6698,900.5364,4.672886,12.357391,55.65322
2022-03-13 16:00:00,19.340546,10.560333,900.9338,4.3974676,14.294556,56.822556
2022-03-13 17:00:00,18.099762,10.343994,900.9724,4.180035,14.451233,60.526585
2022-03-13 18:00:00,17.792755,10.350555,900.6822,3.9754405,13.200134,61.73355
2022-03-13 19:00:00,17.554962,10.260651,900.2672,3.868114,11.048828,62.290756
2022-03-13 20:00:00,16.529938,10.001587,899.825,3.8770528,8.430023,65.32737
2022-03-13 21:00:00,16.289337,9.84671,899.4941,3.97076,6.164551,65.65109
2022-03-13 22:00:00,15.585907,9.553558,899.3169,3.433891,10.639557,67.33111
2022-03-13 23:00:00,15.409332,9.421753,899.3688,3.6249864,10.137238,67.4971
2022-03-14 00:00:00,15.820526,9.736877,899.77966,3.826838,11.808472,67.148674
2022-03-14 01:00:00,15.818756,9.743042,900.4185,3.9105911,14.584412,67.18403
2022-03-14 02:00:00,17.747437,10.332428,901.11273,3.9146307,16.942566,61.83514
2022-03-14 03:00:00,18.46991,10.347931,901.7115,3.8118675,18.521515,59.153004
2022-03-14 04:00:00,19.346313,10.409393,902.02075,3.5098534,17.407288,56.23364
2022-03-14 05:00:00,22.736603,10.718018,901.9525,3.2792077,10.111786,46.610237
2022-03-14 06:00:00,23.51593,10.444305,901.41547,3.48557,356.29495,43.661674
2022-03-14 07:00:00,23.766815,10.355591,900.57104,4.0642076,343.41864,42.753174
2022-03-14 08:00:00,25.060638,10.1762085,899.5731,4.614134,335.98685,39.094757
2022-03-14 09:00:00,25.197021,10.002045,898.71686,5.049157,332.91043,38.329544
2022-03-14 10:00:00,24.14978,10.600372,898.15045,5.150311,330.07196,42.46778
2022-03-14 11:00:00,24.072754,10.525482,897.997,5.006947,335.36478,42.452293
2022-03-14 12:00:00,23.752136,10.429993,898.15704,4.4850597,341.08237,43.003803
2022-03-14 13:00:00,23.28482,10.443878,898.6523,4.1320267,345.01266,44.27356
2022-03-14 14:00:00,21.676727,10.810242,899.2645,3.7920632,350.0904,50.023018
2022-03-14 15:00:00,20.308197,10.797943,899.8951,3.496344,353.54996,54.366962
2022-03-14 16:00:00,19.96051,10.785797,900.2618,3.200854,354.9615,55.503857
2022-03-14 17:00:00,18.673157,10.58017,900.27966,2.9554796,354.3475,59.316437
2022-03-14 18:00:00,18.391266,10.4461975,899.9843,2.8143857,351.73383,59.83606
2022-03-14 19:00:00,18.141632,10.457825,899.52026,2.85918,347.92227,60.827637
2022-03-14 20:00:00,17.128479,10.193329,898.9934,3.0202491,344.4919,63.70499
2022-03-14 21:00:00,16.949677,10.117645,898.5475,3.2304423,343.52322,64.10544
2022-03-14 22:00:00,16.218597,9.827515,898.12396,2.765115,337.12906,65.86291
2022-03-14 23:00:00,16.09848,9.788544,898.11523,3.0194702,338.47433,66.19619
2022-03-15 00:00:00,16.38858,10.08252,898.4006,3.1173127,340.94424,66.27519
2022-03-15 01:00:00,16.347748,9.987244,898.9547,3.0619478,344.5293,66.0256
2022-03-15 02:00:00,18.223022,10.501282,899.577,2.9031253,347.08276,60.69316
2022-03-15 03:00:00,18.848236,10.548737,900.0453,2.5957751,342.0018,58.548237
2022-03-15 04:00:00,19.609985,10.564148,900.2637,2.6880755,325.32028,55.89303
2022-03-15 05:00:00,22.92221,10.917755,900.0382,3.224655,316.02744,46.704895
2022-03-15 06:00:00,23.827087,10.725098,899.39685,3.984775,312.1419,43.659985
2022-03-15 07:00:00,24.047821,10.670898,898.5039,4.738899,308.7661,42.92956
2022-03-15 08:00:00,25.166748,10.4739685,897.55347,5.3860927,305.49652,39.62801
2022-03-15 09:00:00,25.271576,10.437805,896.7525,5.841769,303.84268,39.28669
2022-03-15 10:00:00,24.288025,11.036102,896.17456,5.984577,305.4027,43.354824
2022-03-15 11:00:00,24.181824,10.979248,895.98126,5.6139174,307.49414,43.46747
2022-03-15 12:00:00,23.907227,11.061829,896.22095,4.6453505,308.26828,44.433006
2022-03-15 13:00:00,23.447388,10.992126,896.7301,4.0789104,305.6779,45.46971
2022-03-15 14:00:00,21.773499,11.40625,897.3585,3.7154748,303.14557,51.733006
2022-03-15 15:00:00,20.404053,11.250244,897.9955,3.5251563,298.66483,55.692966
2022-03-15 16:00:00,20.022522,11.220581,898.416,3.4372795,293.81088,56.909996
2022-03-15 17:00:00,18.904419,11.224762,898.47656,3.5049636,289.133,61.023182
2022-03-15 18:00:00,18.570557,11.210663,898.2441,3.699627,286.71567,62.25189
2022-03-15 19:00:00,18.284393,11.142548,897.8528,3.9310725,286.30392,63.092667
2022-03-15 20:00:00,17.27649,11.015778,897.38165,4.1478767,288.15448,66.66378
2022-03-15 21:00:00,17.123688,11.003815,896.94086,4.2479367,291.1067,67.25777
2022-03-15 22:00:00,16.327454,10.679138,896.5768,4.293073,292.16605,69.23462
2022-03-15 23:00:00,16.216461,10.705109,896.59216,4.169725,295.5701,69.84648
2022-03-16 00:00:00,16.457275,10.963593,897.01636,3.9485679,297.9709,69.97555
2022-03-16 01:00:00,16.403076,10.993439,897.6577,3.670161,301.10254,70.35654
2022-03-16 02:00:00,18.171295,11.444061,898.4429,3.46588,302.62555,64.82352
2022-03-16 03:00:00,18.814575,11.457947,899.1044,3.3861146,302.7173,62.32115
2022-03-16 04:00:00,19.565002,11.218872,899.4748,3.7358184,301.13458,58.541004
2022-03-16 05:00:00,22.8732,11.441223,899.416,4.299541,302.45264,48.49757
2022-03-16 06:00:00,23.720062,11.089539,898.8947,4.9277096,302.6971,45.01877
2022-03-16 07:00:00,23.999573,11.030548,898.1002,5.5732164,302.80878,44.09551
2022-03-16 08:00:00,25.260193,10.652191,897.18146,6.0558686,302.9867,39.87876
2022-03-16 09:00:00,25.42157,10.54541,896.40985,6.3737736,303.32767,39.218037
2022-03-16 10:00:00,24.507507,11.118866,895.9804,6.0505385,300.1645,43.024208
2022-03-16 11:00:00,24.416473,11.160217,895.7841,5.5953956,302.55597,43.378086
2022-03-16 12:00:00,24.215149,11.102417,896.062,4.501991,301.5137,43.736656
2022-03-16 13:00:00,23.651154,10.950684,896.60236,3.724844,298.59396,44.791283
2022-03-16 14:00:00,21.863464,11.132324,897.3594,3.1964047,294.93884,50.52454
2022-03-16 15:00:00,20.612427,11.178436,898.02264,2.7808855,289.21368,54.720856
2022-03-16 16:00:00,20.243286,11.20578,898.4635,2.538695,281.83786,56.083214
2022-03-16 17:00:00,18.986755,11.030304,898.4857,2.4609601,274.36847,59.932625
2022-03-16 18:00:00,18.716888,11.024872,898.22876,2.5558324,269.786,60.92936
2022-03-16 19:00:00,18.479279,10.9808655,897.7751,2.648757,266.65228,61.66169
2022-03-16 20:00:00,17.5513,10.705231,897.3013,2.7021112,267.36765,64.17883
2022-03-16 21:00:00,17.39441,10.674561,896.88245,2.6488247,269.77914,64.68537
2022-03-16 22:00:00,16.682983,10.560669,896.6272,2.4865959,271.92093,67.1552
2022-03-16 23:00:00,16.560516,10.523193,896.7483,2.2915888,276.8192,67.511
2022-03-17 00:00:00,16.839966,10.800781,897.23517,2.0267909,281.75732,67.56035
2022-03-17 01:00:00,16.840302,10.774231,897.9675,1.668571,286.78738,67.43977
2022-03-17 02:00:00,18.653412,11.208557,898.80444,1.3829192,289.67474,61.92137
2022-03-17 03:00:00,19.29242,11.320709,899.5453,1.3368201,287.2471,59.944653
2022-03-17 04:00:00,20.053345,11.252258,899.9229,1.6832168,289.22278,56.92086
2022-03-17 05:00:00,23.351898,11.358093,899.86053,2.1491086,296.0526,46.855385
2022-03-17 06:00:00,24.225525,11.196228,899.3423,2.5464902,298.77734,43.982143
2022-03-17 07:00:00,24.463135,11.137726,898.50745,2.9866095,299.35455,43.192608
2022-03-17 08:00:00,25.771027,10.9748535,897.6417,3.314234,298.86194,39.52573
2022-03-17 09:00:00,25.891235,10.729645,896.9559,3.599771,297.6048,38.610893
2022-03-17 10:00:00,24.9711,11.388824,896.5968,3.4195743,296.21176,42.604145
2022-03-17 11:00:00,24.899292,11.368011,896.5661,3.2099862,294.25772,42.72813
2022-03-17 12:00:00,24.645386,11.372772,896.8388,2.6145673,287.91486,43.394676
2022-03-17 13:00:00,24.017883,11.013519,897.3572,1.9849973,277.5028,43.997295
2022-03-17 14:00:00,22.266083,11.302612,898.0746,1.7459401,262.83557,49.85922
2022-03-17 15:00:00,20.81726,11.117554,898.7566,1.6898495,249.64098,53.817345
2022-03-17 16:00:00,20.496368,11.079926,899.1905,1.8093325,239.1909,54.75496
2022-03-17 17:00:00,19.356201,10.998413,899.24274,1.9969164,233.68858,58.445053
2022-03-17 18:00:00,19.000946,10.918701,898.94037,2.2079222,233.87927,59.437595
2022-03-17 19:00:00,18.681702,10.761139,898.4654,2.357099,238.6452,60.003036
2022-03-17 20:00:00,17.817535,10.532898,897.94806,2.426331,244.93497,62.39118
2022-03-17 21:00:00,17.666016,10.548187,897.6036,2.4120972,251.58875,63.05366
2022-03-17 22:00:00,17.017181,10.584381,897.3669,2.6089125,256.79025,65.85075
2022-03-17 23:00:00,16.901154,10.573395,897.5164,2.3574789,262.31958,66.28817
2022-03-18 00:00:00,17.16269,10.797302,897.9475,2.013821,267.22397,66.17791
2022-03-18 01:00:00,17.22461,10.821747,898.55756,1.6382805,272.9302,66.02641
2022-03-18 02:00:00,18.985321,11.239532,899.28217,1.2279181,274.2705,60.775303
2022-03-18 03:00:00,19.632904,11.282623,899.88245,1.2145636,264.74725,58.541393
2022-03-18 04:00:00,20.331512,11.23468,900.2054,1.5166577,257.89273,55.885303
2022-03-18 05:00:00,23.632507,11.456848,900.03986,1.9748604,257.26392,46.371227
2022-03-18 06:00:00,24.506683,11.379242,899.44366,2.5052996,260.11505,43.774925
2022-03-18 07:00:00,24.777802,11.361633,898.5188,3.0773447,265.8552,43.020977
2022-03-18 08:00:00,26.066315,11.093262,897.5232,3.6297467,271.7751,39.14699
2022-03-18 09:00:00,26.236603,11.055847,896.721,4.014654,277.1408,38.658836
2022-03-18 10:00:00,25.198425,11.680786,895.8067,4.2918887,277.39725,42.849922
2022-03-18 11:00:00,25.09793,11.597809,895.6461,3.7731757,281.6325,42.871582
2022-03-18 12:00:00,24.769562,11.439941,895.7404,3.157668,282.8114,43.265747
2022-03-18 13:00:00,24.018951,11.218048,896.14844,2.3954177,279.09875,44.595245
2022-03-18 14:00:00,22.482086,11.720123,896.74927,1.9381622,270.85654,50.58574
2022-03-18 15:00:00,21.201721,11.635864,897.3801,1.7454696,260.901,54.395218
2022-03-18 16:00:00,20.802063,11.45401,897.7916,1.8006431,250.121,55.081444
2022-03-18 17:00:00,19.672302,11.443268,897.91,2.0449522,243.71912,59.02261
2022-03-18 18:00:00,19.360321,11.41571,897.76056,2.341024,242.27591,60.06841
2022-03-18 19:00:00,19.167969,11.363495,897.4127,2.5941744,244.20192,60.582382
2022-03-18 20:00:00,18.279266,11.156494,896.94556,2.802198,247.28665,63.17134
2022-03-18 21:00:00,18.008514,11.106567,896.526,2.9537861,249.78015,64.04217
2022-03-18 22:00:00,17.28891,10.983582,896.0932,3.162244,245.02026,66.46928
2022-03-18 23:00:00,17.16394,11.020355,896.204,3.2023513,245.14806,67.160355
2022-03-19 00:00:00,17.40268,11.259125,896.6153,3.1966074,245.8059,67.210106
2022-03-19 01:00:00,17.532257,11.375885,897.32526,3.1892927,246.63123,67.17997
2022-03-19 02:00:00,19.243652,11.814026,897.98517,3.3146842,246.22273,62.119247
2022-03-19 03:00:00,19.853638,11.765228,898.53015,4.167071,245.99765,59.617115
2022-03-19 04:00:00,20.445587,11.718231,898.7553,5.291623,248.7998,57.296257
2022-03-19 05:00:00,23.423553,11.983307,898.62646,6.3002324,252.6847,48.619366
2022-03-19 06:00:00,24.279541,11.894562,898.1144,7.135824,256.39233,45.91072
2022-03-19 07:00:00,24.533081,12.00412,897.2764,7.8949957,260.0747,45.546448
2022-03-19 08:00:00,25.702026,11.862335,896.3233,8.53074,262.90308,42.087723
2022-03-19 09:00:00,25.814697,11.807098,895.5109,8.886555,265.32413,41.65552
2022-03-19 10:00:00,24.703156,12.106476,894.87115,8.458492,267.86697,45.39043
2022-03-19 11:00:00,24.561676,12.134216,894.6618,7.716263,269.30435,45.85962
2022-03-19 12:00:00,24.262573,12.089294,894.8091,6.6589627,268.92844,46.550636
2022-03-19 13:00:00,23.788666,12.03067,895.18134,5.866368,267.60925,47.710133
2022-03-19 14:00:00,22.38858,12.463013,895.7445,5.399326,265.65598,53.42298
2022-03-19 15:00:00,20.961212,12.0997925,896.3053,5.104603,262.95557,56.91896
2022-03-19 16:00:00,20.705078,12.091095,896.67737,4.988922,259.89026,57.789864
2022-03-19 17:00:00,19.68988,12.051086,896.77124,5.0643935,256.69263,61.370987
2022-03-19 18:00:00,19.374237,12.030853,896.6306,5.2869906,255.16019,62.50314
2022-03-19 19:00:00,19.176575,11.959503,896.2986,5.558956,255.30469,62.980347
2022-03-19 20:00:00,18.316986,11.7655945,895.8021,5.8178687,256.79788,65.61258
2022-03-19 21:00:00,18.126373,11.747131,895.3707,6.0431848,258.40674,66.32131
2022-03-19 22:00:00,17.454376,11.5668335,895.1396,6.0250416,258.7233,68.36885
2022-03-19 23:00:00,17.305878,11.545776,895.2236,6.017071,259.80002,68.91717
2022-03-20 00:00:00,17.482086,11.768524,895.6275,5.9877753,260.14267,69.164345
2022-03-20 01:00:00,17.513672,11.801453,896.3042,5.8941298,259.70102,69.176704
2022-03-20 02:00:00,18.927094,12.115662,897.00336,6.0413365,258.7984,64.62887
2022-03-20 03:00:00,19.84665,12.186218,897.56177,6.886372,258.08463,61.319977
2022-03-20 04:00:00,20.462952,12.121094,897.8297,7.93092,259.35217,58.77468
2022-03-20 05:00:00,22.936707,12.261627,897.79016,8.770533,261.62955,50.996555
2022-03-20 06:00:00,23.75119,12.219818,897.33417,9.452986,263.5349,48.416622
2022-03-20 07:00:00,23.99762,12.17688,896.6342,10.017794,265.25278,47.570026
2022-03-20 08:00:00,25.08847,11.900482,895.7818,10.442682,266.4867,43.761078
2022-03-20 09:00:00,25.205688,11.813049,895.0784,10.6372385,268.11786,43.20685
2022-03-20 10:00:00,24.193542,12.308594,894.48773,10.114985,269.1408,47.42264
2022-03-20 11:00:00,24.084839,12.348633,894.34845,9.254747,270.9953,47.858685
2022-03-20 12:00:00,23.828705,12.347137,894.6019,7.7673597,271.13223,48.596214
2022-03-20 13:00:00,23.435242,12.363403,895.0415,6.713983,268.96252,49.81489
2022-03-20 14:00:00,22.025665,12.610779,895.6205,6.0049615,266.09482,55.148376
2022-03-20 15:00:00,20.83664,12.382111,896.2815,5.5977736,263.7473,58.43094
2022-03-20 16:00:00,20.583069,12.458679,896.72705,5.310451,261.5438,59.649487
2022-03-20 17:00:00,19.57013,12.401184,896.954,5.256494,259.5913,63.268463
2022-03-20 18:00:00,19.325012,12.402008,896.85944,5.2609406,258.52777,64.24349
2022-03-20 19:00:00,19.057953,12.353485,896.66943,5.3453755,258.67206,65.113396
2022-03-20 20:00:00,18.271729,12.124695,896.31366,5.3879504,260.07074,67.37438
2022-03-20 21:00:00,18.065247,12.101685,896.0014,5.40043,262.04053,68.1502
2022-03-20 22:00:00,17.471558,11.94989,895.7911,5.6691747,265.6608,70.042816
2022-03-20 23:00:00,17.302032,11.974274,895.84406,5.4602885,266.5285,70.91062
2022-03-21 00:00:00,17.546753,12.262421,896.2503,5.1797667,266.90344,71.1597
2022-03-21 01:00:00,17.575043,12.194122,896.8911,4.8876934,266.59912,70.71464
2022-03-21 02:00:00,19.00418,12.65686,897.61646,5.0321074,265.25113,66.645256
2022-03-21 03:00:00,19.436157,12.47229,898.2632,5.7123437,266.15118,64.09584
2022-03-21 04:00:00,19.956604,12.062683,898.6194,6.355548,269.2465,60.41066
2022-03-21 05:00:00,22.705688,12.157013,898.671,6.898453,271.6189,51.361076
2022-03-21 06:00:00,23.588135,12.019714,898.3032,7.398279,273.2952,48.254856
2022-03-21 07:00:00,23.820831,11.943787,897.69635,7.892208,275.12888,47.346203
2022-03-21 08:00:00,24.969574,11.6073,896.90936,8.286008,276.72693,43.227943
2022-03-21 09:00:00,25.093231,11.555328,896.2395,8.5056305,278.62662,42.76339
2022-03-21 10:00:00,24.15149,11.836487,895.66235,7.5485487,277.82755,46.087856
2022-03-21 11:00:00,24.017365,11.723389,895.5718,7.109322,279.95282,46.115105
2022-03-21 12:00:00,23.853577,11.745056,895.7396,6.0109725,279.08032,46.63791
2022-03-21 13:00:00,23.485077,11.568573,896.1994,5.3694906,277.05405,47.131927
2022-03-21 14:00:00,21.871826,11.819336,896.8379,4.962032,275.27124,52.84583
2022-03-21 15:00:00,20.707794,11.789001,897.57007,4.669476,273.06488,56.641537
2022-03-21 16:00:00,20.384888,11.789429,898.03046,4.5279775,270.04205,57.78211
2022-03-21 17:00:00,19.346771,11.820282,898.15894,4.5336456,266.92172,61.747295
2022-03-21 18:00:00,19.136505,11.856354,898.0468,4.656996,264.4865,62.71004
2022-03-21 19:00:00,18.902802,11.891266,897.75616,4.8114676,263.92175,63.777496
2022-03-21 20:00:00,18.030914,11.676178,897.4112,4.969063,264.38437,66.40852
2022-03-21 21:00:00,17.779022,11.6206665,897.1047,5.0754824,264.952,67.222336
2022-03-21 22:00:00,17.128082,11.505432,896.92,5.2988515,265.85107,69.510826
2022-03-21 23:00:00,17.029816,11.433075,897.0862,5.1789618,266.35107,69.610725
2022-03-22 00:00:00,17.278534,11.711334,897.4576,5.015759,266.8544,69.79541
2022-03-22 01:00:00,17.27182,11.617218,898.0715,4.8543673,267.0713,69.39246
2022-03-22 02:00:00,18.760925,11.818726,898.7557,4.8808584,266.9192,64.0382
2022-03-22 03:00:00,19.218292,11.691162,899.4065,5.046199,265.73074,61.715084
2022-03-22 04:00:00,19.748169,11.401794,899.789,5.412144,267.17566,58.584476
2022-03-22 05:00:00,22.509918,11.313904,899.7639,5.880904,270.0919,49.162224
2022-03-22 06:00:00,23.38272,11.264282,899.33435,6.4857855,272.33368,46.478695
2022-03-22 07:00:00,23.602264,11.225586,898.5868,7.2058654,274.4654,45.750027
2022-03-22 08:00:00,24.71991,10.822418,897.79083,7.7379,276.37396,41.653328
2022-03-22 09:00:00,24.811096,10.751434,897.0223,8.029111,278.65228,41.23204
2022-03-22 10:00:00,23.971863,11.1788025,896.3627,7.5179725,279.4641,44.605396
2022-03-22 11:00:00,23.904633,11.215668,896.2609,7.0818954,281.29767,44.895546
2022-03-22 12:00:00,23.749756,11.22406,896.3975,5.774224,280.87335,45.340923
2022-03-22 13:00:00,23.351532,11.244293,896.7929,4.855126,279.60684,46.50466
2022-03-22 14:00:00,21.818817,11.431183,897.37054,4.143369,277.90936,51.675194
2022-03-22 15:00:00,20.664612,11.133881,898.045,3.6182978,274.63895,54.38432
2022-03-22 16:00:00,20.36612,11.162384,898.48883,3.252412,269.41888,55.499466
2022-03-22 17:00:00,19.375763,11.078033,898.65576,3.084974,263.61087,58.683212
2022-03-22 18:00:00,19.105377,11.012695,898.50555,3.090822,259.11646,59.421436
2022-03-22 19:00:00,18.890717,11.005127,898.12976,3.1026144,256.41125,60.1923
2022-03-22 20:00:00,17.98059,10.92218,897.68243,3.1375787,255.2009,63.374382
2022-03-22 21:00:00,17.779541,10.877716,897.2981,3.1057065,254.12308,63.991882
2022-03-22 22:00:00,17.181915,10.710785,897.04333,3.1134388,260.4143,65.718254
2022-03-22 23:00:00,17.121796,10.779694,897.0842,2.9184601,256.21524,66.27174
2022-03-23 00:00:00,17.410614,11.024841,897.4291,2.650749,251.2897,66.14104
2022-03-23 01:00:00,17.49411,10.993774,897.9863,2.3758163,243.89824,65.65782
2022-03-23 02:00:00,19.034943,11.293457,898.6184,2.3605983,232.78351,60.80425
2022-03-23 03:00:00,19.463318,11.239014,899.15576,2.9392154,222.77872,58.99074
2022-03-23 04:00:00,20.119476,11.227264,899.39545,3.685564,223.41635,56.59467
2022-03-23 05:00:00,22.807587,11.23877,899.2457,4.287226,227.49431,48.042572
2022-03-23 06:00:00,23.685303,11.174713,898.67865,4.9004335,231.83118,45.36857
2022-03-23 07:00:00,23.902039,11.2317505,897.843,5.595541,236.6936,44.95041
2022-03-23 08:00:00,24.884003,10.792786,896.9186,6.205419,241.1953,41.16604
2022-03-23 09:00:00,24.969666,10.768402,896.0506,6.581788,244.37862,40.88986
2022-03-23 10:00:00,23.970062,11.254974,895.24,6.6186304,243.17795,44.83596
2022-03-23 11:00:00,23.847534,11.290161,895.0707,6.1089,242.94162,45.27278
2022-03-23 12:00:00,23.65335,11.172852,895.1972,5.2610407,239.03648,45.45034
2022-03-23 13:00:00,23.30606,11.207214,895.6472,4.7569094,236.56119,46.518074
2022-03-23 14:00:00,21.757782,11.645111,896.1953,4.35151,232.8406,52.606792
2022-03-23 15:00:00,20.60556,11.515747,896.7782,4.1443057,229.76558,55.980076
2022-03-23 16:00:00,20.388397,11.5885315,897.2254,4.06459,226.70714,57.008488
2022-03-23 17:00:00,19.457703,11.729218,897.40906,4.102104,225.3405,60.95545
2022-03-23 18:00:00,19.234406,11.706512,897.2897,4.1771164,225.31935,61.71569
2022-03-23 19:00:00,19.010132,11.759613,896.8819,4.2723455,227.10028,62.804096
2022-03-23 20:00:00,18.340942,11.769989,896.4533,4.365704,229.39616,65.5331
2022-03-23 21:00:00,18.200775,11.804871,896.0856,4.388002,231.24478,66.26417
2022-03-23 22:00:00,17.658417,11.683258,895.7033,4.033337,230.4574,68.015594
2022-03-23 23:00:00,17.543854,11.724548,895.8208,4.0587006,228.38794,68.69568
2022-03-24 00:00:00,17.738007,11.956604,896.2229,4.046243,225.42354,68.90639
2022-03-24 01:00:00,17.724823,11.985687,896.8434,4.1434426,221.8092,69.09588
2022-03-24 02:00:00,18.941772,12.342834,897.57587,4.589591,221.2769,65.54116
2022-03-24 03:00:00,19.332947,12.130188,898.2036,5.2696724,226.43654,63.074917
2022-03-24 04:00:00,19.793182,11.888214,898.5377,5.8835826,231.29675,60.32828
2022-03-24 05:00:00,22.167755,11.768341,898.4634,6.4959216,235.86368,51.726604
2022-03-24 06:00:00,23.037933,11.613586,897.9699,7.0733,239.61996,48.56647
2022-03-24 07:00:00,23.265991,11.527435,897.1844,7.4799986,243.22493,47.62957
2022-03-24 08:00:00,24.226318,11.492432,896.34045,7.731843,246.13292,44.850887
2022-03-24 09:00:00,24.354614,11.37265,895.60187,7.737772,248.8636,44.156055
2022-03-24 10:00:00,23.450012,11.592102,894.908,7.0956216,251.57462,47.30518
2022-03-24 11:00:00,23.379944,11.64917,894.84436,6.344378,250.43396,47.684998
2022-03-24 12:00:00,23.239655,11.839752,895.1346,5.1889844,245.66278,48.699257
2022-03-24 13:00:00,23.046997,11.981659,895.6587,4.4417586,242.34096,49.732723
2022-03-24 14:00:00,21.678864,12.261688,896.31537,3.9927166,238.7345,55.05252
2022-03-24 15:00:00,20.507812,11.96405,897.06244,3.7091675,235.0706,58.00941
2022-03-24 16:00:00,20.191956,12.038818,897.53656,3.5677824,231.1073,59.443848
2022-03-24 17:00:00,19.14325,12.227814,897.66516,3.5297365,228.2167,64.23548
2022-03-24 18:00:00,18.859985,12.258575,897.4789,3.5557983,227.2795,65.513
2022-03-24 19:00:00,18.70108,12.244812,897.041,3.5600936,228.31438,66.10696
2022-03-24 20:00:00,17.953857,12.153931,896.59186,3.5675292,229.61536,68.86535
2022-03-24 21:00:00,17.78366,12.130737,896.29614,3.555306,230.65063,69.500725
2022-03-24 22:00:00,17.054413,11.934418,896.06165,3.6536822,238.56401,71.84127
2022-03-24 23:00:00,16.922302,11.929779,896.2076,3.3687494,235.52509,72.42292
2022-03-25 00:00:00,17.158875,12.208984,896.5857,3.125994,232.0744,72.66926
2022-03-25 01:00:00,17.164307,12.182892,897.22174,3.0489976,225.52419,72.51977
2022-03-25 02:00:00,18.453644,12.62793,897.97906,3.393483,221.29527,68.8482
2022-03-25 03:00:00,18.933075,12.39502,898.6386,3.9777107,220.513,65.801865
2022-03-25 04:00:00,19.56131,12.239655,898.9418,4.5448627,226.13371,62.634987
2022-03-25 05:00:00,21.904968,12.265106,898.8576,5.1244698,232.74582,54.30969
2022-03-25 06:00:00,22.901093,12.003235,898.452,5.702793,238.60799,50.245266
2022-03-25 07:00:00,23.135315,11.852051,897.81244,6.260644,242.62936,49.047077
2022-03-25 08:00:00,24.220673,11.435608,897.1005,6.5791106,245.86615,44.697796
2022-03-25 09:00:00,24.352966,11.404755,896.48596,6.640905,248.1004,44.254322
2022-03-25 10:00:00,23.666016,11.704468,896.04443,6.272893,249.90344,47.04111
2022-03-25 11:00:00,23.579437,11.671814,896.0834,5.532468,248.20816,47.185276
2022-03-25 12:00:00,23.446075,11.746735,896.4493,4.3034487,240.46463,47.80199
2022-03-25 13:00:00,23.129242,11.8160095,897.00836,3.5528874,232.69952,48.948624
2022-03-25 14:00:00,21.720367,12.119659,897.6939,3.1440685,227.29192,54.402576
2022-03-25 15:00:00,20.56366,12.058136,898.42847,2.889211,222.11041,58.169277
2022-03-25 16:00:00,20.234009,12.045197,899.0139,2.8064656,218.29591,59.31443
2022-03-25 17:00:00,19.279327,12.102081,899.217,2.8288596,216.61186,63.168835
2022-03-25 18:00:00,19.009552,12.167206,899.06256,2.9803987,217.52425,64.51556
2022-03-25 19:00:00,18.742188,12.149628,898.73224,3.150347,221.32059,65.52589
2022-03-25 20:00:00,17.956207,11.96225,898.36475,3.2975767,225.32999,67.991844
2022-03-25 21:00:00,17.792084,11.882874,898.1357,3.339083,228.76091,68.33927
2022-03-25 22:00:00,17.088654,11.661194,898.09216,3.3937836,237.84659,70.40536
2022-03-25 23:00:00,17.01593,11.5877075,898.2915,3.3253837,237.44583,70.38785
2022-03-26 00:00:00,17.239624,11.789001,898.7742,3.205727,236.72272,70.32679
2022-03-26 01:00:00,17.280579,11.700226,899.48615,3.1080217,234.07169,69.73523
2022-03-26 02:00:00,18.50415,11.747192,900.3318,3.386397,236.63019,64.76883
2022-03-26 03:00:00,18.943024,11.537506,901.0667,3.6172287,241.26924,62.149345
2022-03-26 04:00:00,19.538055,11.310303,901.4673,3.8869073,249.2045,58.9953
2022-03-26 05:00:00,22.233673,10.944305,901.43854,4.2853637,256.7492,48.78469
2022-03-26 06:00:00,23.063965,10.754608,900.97095,4.95205,264.13895,45.80651
2022-03-26 07:00:00,23.312164,10.663696,900.1968,5.736853,269.7436,44.852448
2022-03-26 08:00:00,24.442627,10.163818,899.3416,6.383857,272.50287,40.531357
2022-03-26 09:00:00,24.593842,10.126526,898.62787,6.699661,274.0692,40.06631
2022-03-26 10:00:00,23.87149,10.385193,898.0737,6.3971767,270.05197,42.568806
2022-03-26 11:00:00,23.774384,10.301453,898.0636,5.783875,267.9865,42.579617
2022-03-26 12:00:00,23.636475,10.094513,898.4296,4.412784,261.47043,42.345196
2022-03-26 13:00:00,23.271881,9.908691,898.8903,3.4482923,252.65115,42.751945
2022-03-26 14:00:00,21.701904,10.404907,899.5279,3.0167878,242.08163,48.616203
2022-03-26 15:00:00,20.523987,10.34906,900.17444,2.9505908,232.21457,52.067673
2022-03-26 16:00:00,20.171661,10.331146,900.6267,3.0728824,224.8568,53.149258
2022-03-26 17:00:00,19.077515,10.295593,900.7823,3.2275698,221.33948,56.750507
2022-03-26 18:00:00,18.804413,10.278351,900.5567,3.3397882,221.29044,57.65971
2022-03-26 19:00:00,18.551361,10.260925,900.1399,3.3748877,223.03639,58.511333
2022-03-26 20:00:00,17.735626,10.131134,899.65314,3.3497477,225.64404,61.05492
2022-03-26 21:00:00,17.52008,10.098785,899.2844,3.2893636,227.38385,61.75655
2022-03-26 22:00:00,16.74997,9.970459,899.0734,3.3718753,228.12547,64.286606
2022-03-26 23:00:00,16.608307,9.918762,899.1548,3.227389,225.81906,64.643486
2022-03-27 00:00:00,16.963593,10.268616,899.51807,3.0328689,223.3314,64.698105
2022-03-27 01:00:00,17.057343,10.172485,900.17053,2.8771577,219.55667,63.903473
2022-03-27 02:00:00,18.883057,10.595642,900.9441,2.9190423,219.21758,58.603836
2022-03-27 03:00:00,19.460846,10.67157,901.57367,3.0501385,220.46529,56.81823
2022-03-27 04:00:00,20.310486,10.764435,901.8409,3.3510587,226.13718,54.23829
2022-03-27 05:00:00,23.31668,10.578735,901.7234,3.7654738,233.97672,44.587307
2022-03-27 06:00:00,24.189697,10.286163,901.1937,4.348125,243.62238,41.487984
2022-03-27 07:00:00,24.476135,10.278778,900.3328,5.0744443,252.99188,40.761887
2022-03-27 08:00:00,25.792084,10.045166,899.36993,5.7148113,260.09274,37.105198
2022-03-27 09:00:00,25.90738,10.084473,898.5425,6.120544,265.5524,36.949593
2022-03-27 10:00:00,25.063507,10.649384,897.85626,5.706019,262.83313,40.34106
2022-03-27 11:00:00,24.963013,10.649109,897.6769,5.145595,263.1284,40.582733
2022-03-27 12:00:00,24.736298,10.55188,897.921,3.8261368,258.1349,40.870205
2022-03-27 13:00:00,24.119202,10.2612,898.3585,3.1711168,251.79399,41.594467
2022-03-27 14:00:00,22.455688,10.776215,898.95233,2.717224,244.96977,47.595776
2022-03-27 15:00:00,21.32373,10.663696,899.5477,2.5569885,239.90352,50.619812
2022-03-27 16:00:00,20.985474,10.635559,899.96893,2.545138,236.5397,51.58492
2022-03-27 17:00:00,19.91861,10.689148,900.1436,2.6223042,235.51517,55.291523
2022-03-27 18:00:00,19.676117,10.736023,900.0259,2.7247124,238.63756,56.304466
2022-03-27 19:00:00,19.506348,10.745605,899.60126,2.8004813,242.6849,56.937504
2022-03-27 20:00:00,18.675598,10.735138,899.06055,2.8977957,247.67073,59.92223
2022-03-27 21:00:00,18.431213,10.718231,898.6169,2.9117646,251.95091,60.77756
2022-03-27 22:00:00,17.782043,10.65918,898.24536,3.2792957,255.996,63.05875
2022-03-27 23:00:00,17.691772,10.664337,898.258,3.1821039,255.25348,63.4401
2022-03-28 00:00:00,18.035095,11.075012,898.69916,3.0418167,253.95242,63.801567
2022-03-28 01:00:00,18.052887,11.095703,899.3589,2.8207424,251.96172,63.817818
2022-03-28 02:00:00,19.780396,11.414673,900.11993,2.83875,250.68192,58.51734
2022-03-28 03:00:00,20.373535,11.463715,900.67114,3.382849,253.47174,56.591957
2022-03-28 04:00:00,21.12857,11.4592285,900.9203,4.232262,258.17603,54.005806
2022-03-28 05:00:00,24.027496,11.414154,900.75525,5.074048,264.05038,45.154873
2022-03-28 06:00:00,24.819092,11.057251,900.2381,5.9950233,269.39923,42.0581
2022-03-28 07:00:00,25.064423,11.065613,899.3923,6.8267107,273.20218,41.470135
2022-03-28 08:00:00,26.148743,10.79953,898.4878,7.5351496,275.47513,38.20417
2022-03-28 09:00:00,26.264923,10.758911,897.69415,7.952087,277.1615,37.840466
2022-03-28 10:00:00,25.437347,11.4053955,897.07635,7.624449,272.64795,41.48333
2022-03-28 11:00:00,25.313538,11.509125,896.89154,7.00156,271.2378,42.07749
2022-03-28 12:00:00,25.02356,11.406891,897.12427,5.6794724,267.3818,42.521896
2022-03-28 13:00:00,24.379913,11.033997,897.5243,5.140591,264.5942,43.11075
2022-03-28 14:00:00,22.807587,11.520325,898.1981,4.6564565,261.49524,48.946106
2022-03-28 15:00:00,21.66806,11.388489,898.73596,4.3940897,258.13068,52.006256
2022-03-28 16:00:00,21.292938,11.336456,899.1513,4.2830563,254.96487,53.031452
2022-03-28 17:00:00,20.133331,11.265045,899.212,4.334071,252.02966,56.687893
2022-03-28 18:00:00,19.861908,11.359772,899.00305,4.473256,251.4237,58.01124
2022-03-28 19:00:00,19.60083,11.331726,898.61096,4.5673933,252.27751,58.849113
2022-03-28 20:00:00,18.74704,11.202423,898.1146,4.6371465,253.54282,61.534912
2022-03-28 21:00:00,18.545624,11.192108,897.7406,4.593372,254.93935,62.27252
2022-03-28 22:00:00,17.965057,11.2908325,897.3903,4.5297937,246.22472,65.00637
2022-03-28 23:00:00,17.851318,11.274902,897.4632,4.424455,246.21431,65.404106
2022-03-29 00:00:00,18.168182,11.637817,897.8649,4.258436,245.44586,65.67182
2022-03-29 01:00:00,18.231232,11.620758,898.4874,4.0119004,243.34619,65.338776
2022-03-29 02:00:00,19.94217,11.908813,899.18536,4.114488,242.33713,59.85502
2022-03-29 03:00:00,20.443573,11.899963,899.7117,4.7374687,244.74062,57.994347
2022-03-29 04:00:00,21.103882,11.826904,899.9406,5.442167,250.08543,55.417103
2022-03-29 05:00:00,23.972687,11.854523,899.805,6.0085087,254.60022,46.640743
2022-03-29 06:00:00,24.863342,11.352905,899.3262,6.701194,259.38824,42.777107
2022-03-29 07:00:00,25.131226,11.365723,898.5346,7.3612523,263.61862,42.135014
2022-03-29 08:00:00,26.233398,10.995636,897.68604,7.971796,267.40616,38.51196
2022-03-29 09:00:00,26.35086,10.990509,896.96173,8.384622,270.11188,38.232742
2022-03-29 10:00:00,25.473175,11.518982,896.3336,8.306864,269.0368,41.707237
2022-03-29 11:00:00,25.385925,11.522339,896.16016,7.530708,267.89456,41.93337
2022-03-29 12:00:00,24.95871,11.510132,896.4091,6.1012173,264.10614,42.9791
2022-03-29 13:00:00,24.386292,11.131409,896.90735,5.1886744,258.30194,43.373642
2022-03-29 14:00:00,22.870667,11.731232,897.5499,4.7076254,252.65466,49.443348
2022-03-29 15:00:00,21.870575,11.634644,898.10236,4.474797,248.66739,52.20959
2022-03-29 16:00:00,21.476715,11.531158,898.48413,4.347954,244.81104,53.117447
2022-03-29 17:00:00,20.34903,11.592285,898.5477,4.401038,242.24084,57.161377
2022-03-29 18:00:00,20.035614,11.604706,898.34937,4.5207067,241.70844,58.32755
2022-03-29 19:00:00,19.823181,11.679108,897.93494,4.5986385,242.6724,59.391224
2022-03-29 20:00:00,18.967072,11.543884,897.56555,4.5933256,245.00381,62.082314
2022-03-29 21:00:00,18.718506,11.4913025,897.2472,4.5001945,247.37035,62.834877
2022-03-29 22:00:00,18.232513,11.529358,896.997,4.4496636,244.21909,64.94014
2022-03-29 23:00:00,18.076721,11.5242,897.17725,4.175526,244.62894,65.556145
2022-03-30 00:00:00,18.326538,11.865845,897.66516,3.842699,244.49191,66.008255
2022-03-30 01:00:00,18.475922,11.97934,898.44116,3.4461303,242.68787,65.884094
2022-03-30 02:00:00,19.871979,12.209412,899.21375,3.331934,241.13002,61.317223
2022-03-30 03:00:00,20.37436,12.202362,899.82104,3.646297,245.0665,59.413643
2022-03-30 04:00:00,21.060883,12.097076,900.0976,4.1201916,250.45685,56.561375
2022-03-30 05:00:00,23.599945,12.001282,899.97736,4.6041923,254.3005,48.162037
2022-03-30 06:00:00,24.419891,11.699127,899.5221,5.132117,257.6897,44.94318
2022-03-30 07:00:00,24.656403,11.638519,898.785,5.6676493,260.44537,44.134747
2022-03-30 08:00:00,25.604187,11.245941,897.96924,6.104065,263.38345,40.642975
2022-03-30 09:00:00,25.744934,11.085602,897.2821,6.316494,266.30432,39.87892
2022-03-30 10:00:00,24.949554,11.821106,896.81616,6.0505896,262.96002,43.894676
2022-03-30 11:00:00,24.859863,11.780914,896.70953,5.4613814,264.45502,44.01336
2022-03-30 12:00:00,24.618103,11.53302,897.0172,4.342899,262.16144,43.92863
2022-03-30 13:00:00,24.149231,11.301849,897.50507,3.4487839,257.0238,44.49412
2022-03-30 14:00:00,22.583832,12.150269,898.1353,2.9275582,248.71921,51.719337
2022-03-30 15:00:00,21.383484,12.1026,898.72345,2.6864946,241.277,55.473286
2022-03-30 16:00:00,21.079071,12.193634,899.13586,2.6631606,234.09396,56.858234
2022-03-30 17:00:00,19.966888,12.248016,899.2452,2.8369536,229.80583,61.11266
2022-03-30 18:00:00,19.696167,12.383545,899.15216,3.0744767,229.29123,62.702675
2022-03-30 19:00:00,19.454987,12.497284,898.863,3.2706945,231.22467,64.125916
2022-03-30 20:00:00,18.600555,12.335876,898.50555,3.362007,234.84277,66.92317
2022-03-30 21:00:00,18.402008,12.291107,898.1716,3.3398805,238.23659,67.561455
2022-03-30 22:00:00,17.660614,12.080048,898.044,3.8894484,236.3266,69.808334
2022-03-30 23:00:00,17.561401,12.07135,898.22375,3.6882498,237.57233,70.20616
2022-03-31 00:00:00,17.910522,12.429779,898.6487,3.4195335,237.96268,70.31626
2022-03-31 01:00:00,17.918793,12.316437,899.2974,3.0385559,235.90897,69.75859
2022-03-31 02:00:00,19.333618,12.567352,900.0362,2.9451573,233.64767,64.9094
2022-03-31 03:00:00,19.844696,12.513062,900.70233,3.0768082,233.94078,62.65806
2022-03-31 04:00:00,20.51947,12.381744,901.0064,3.4941752,240.50002,59.582172
2022-03-31 05:00:00,23.166718,12.167358,900.8778,3.9717836,249.94278,49.98112
2022-03-31 06:00:00,23.99231,11.752106,900.37115,4.522708,258.9636,46.272152
2022-03-31 07:00:00,24.241669,11.566376,899.62494,5.059684,265.14133,45.029182
2022-03-31 08:00:00,25.38205,11.200012,898.7849,5.593373,270.72827,41.05772
2022-03-31 09:00:00,25.515839,11.108276,898.1292,5.890769,276.04626,40.48563
2022-03-31 10:00:00,24.79477,11.783966,897.53516,5.840745,275.58154,44.193634
2022-03-31 11:00:00,24.687622,11.823517,897.3851,5.398309,280.80576,44.593586
2022-03-31 12:00:00,24.48468,11.738525,897.61615,4.2035203,284.67987,44.885757
2022-03-31 13:00:00,24.109161,11.514404,898.11304,3.1472456,287.50555,45.232914
2022-03-31 14:00:00,22.593872,12.108398,898.78357,2.3912756,289.30817,51.54564
2022-03-31 15:00:00,21.312805,11.838898,899.40826,1.8515453,289.11887,54.754673
2022-03-31 16:00:00,21.012665,11.8246765,899.7946,1.4577333,285.1821,55.720253
2022-03-31 17:00:00,19.87973,11.773468,899.9507,1.2886311,274.96722,59.553158
2022-03-31 18:00:00,19.54129,11.765839,899.8402,1.3361018,265.97656,60.78635
2022-03-31 19:00:00,19.2789,11.757385,899.47327,1.4690119,262.0279,61.75192
2022-03-31 20:00:00,18.352112,11.645416,898.95264,1.6114278,263.46628,64.95094
2022-03-31 21:00:00,18.164337,11.558136,898.51025,1.7042801,265.23026,65.34279
2022-03-31 22:00:00,17.422882,11.482056,898.3925,1.5441839,256.06146,68.1221
2022-03-31 23:00:00,17.285736,11.481537,898.4864,1.4686202,252.91615,68.71253
