timestamp,temperature_C,dewpoint_C,pressure_hPa,wind_speed_kmh,wind_direction_deg,relative_humidity_pct
2024-07-01 00:00:00,22.45047,19.602112,894.7974,14.026083,225.11465,83.947395
2024-07-01 01:00:00,22.596466,19.601654,895.13086,14.052752,224.20013,83.203896
2024-07-01 02:00:00,23.594696,19.842804,895.4548,14.330793,223.5995,79.51008
2024-07-01 03:00:00,23.849823,19.803131,895.681,14.829103,224.524,78.106
2024-07-01 04:00:00,24.078522,19.752502,895.75476,15.160464,225.58028,76.79855
2024-07-01 05:00:00,25.258514,19.898773,895.6401,15.396211,226.9524,72.22058
2024-07-01 06:00:00,25.694641,19.916168,895.28265,15.546945,228.348,70.4492
2024-07-01 07:00:00,25.89267,19.939148,894.7339,15.638418,229.87233,69.72637
2024-07-01 08:00:00,26.478485,20.044159,894.1077,15.565587,231.14233,67.79303
2024-07-01 09:00:00,26.49356,20.01065,893.5556,15.3693905,232.07593,67.592445
2024-07-01 10:00:00,26.183075,19.959198,893.0405,14.308483,232.8631,68.62375
2024-07-01 11:00:00,26.070404,19.924805,892.8977,14.093833,232.80283,68.93543
2024-07-01 12:00:00,25.941772,19.942291,892.98975,13.624853,231.5299,69.53742
2024-07-01 13:00:00,25.752228,19.98764,893.40985,13.137122,229.45251,70.5205
2024-07-01 14:00:00,24.783234,20.006012,893.9217,13.003635,226.98573,74.79114
2024-07-01 15:00:00,24.222168,20.062164,894.48364,13.105132,225.357,77.61427
2024-07-01 16:00:00,24.105957,20.113861,894.8137,13.380106,224.44266,78.407684
2024-07-01 17:00:00,23.543488,19.9953,894.83057,13.723521,224.11256,80.51285
2024-07-01 18:00:00,23.357635,19.953705,894.5437,14.127897,224.54959,81.21104
2024-07-01 19:00:00,23.20108,19.946747,894.07916,14.496185,225.3722,81.94722
2024-07-01 20:00:00,22.635376,19.744019,893.5965,14.743286,226.2198,83.74432
2024-07-01 21:00:00,22.528107,19.70819,893.2096,14.899895,227.26624,84.10435
2024-07-01 22:00:00,22.302704,19.551453,892.93555,14.199293,228.51332,84.43899
2024-07-01 23:00:00,22.23413,19.543549,893.025,14.283164,228.5188,84.750435
2024-07-02 00:00:00,22.370636,19.644684,893.3122,14.231063,228.66614,84.579056
2024-07-02 01:00:00,22.516327,19.687408,893.661,14.327138,228.7367,84.05607
2024-07-02 02:00:00,23.379791,19.97644,894.06494,14.656005,228.9555,81.21681
2024-07-02 03:00:00,23.692322,19.95224,894.3652,15.334296,230.5471,79.58168
2024-07-02 04:00:00,23.9646,19.926514,894.52515,15.7859745,232.43674,78.16438
2024-07-02 05:00:00,25.145172,20.07019,894.42896,16.112352,234.20868,73.48539
2024-07-02 06:00:00,25.58377,20.040436,894.0926,16.30758,235.90907,71.46199
2024-07-02 07:00:00,25.820404,20.013336,893.6788,16.379587,237.56926,70.34794
2024-07-02 08:00:00,26.524658,20.085358,893.1841,16.247744,238.86317,67.78129
2024-07-02 09:00:00,26.58728,20.097046,892.7332,15.896679,239.68906,67.580444
2024-07-02 10:00:00,26.36966,19.940643,892.2268,14.036721,239.64526,67.79378
2024-07-02 11:00:00,26.243073,19.872437,892.0125,13.747336,237.95584,68.01437
2024-07-02 12:00:00,26.054749,19.921753,892.11127,13.216417,234.99414,68.98625
2024-07-02 13:00:00,25.861633,20.075775,892.5039,12.621234,231.29604,70.44799
2024-07-02 14:00:00,24.962189,20.093353,893.0824,12.361015,227.39279,74.39769
2024-07-02 15:00:00,24.360992,20.090271,893.72595,12.3843975,224.54985,77.105125
2024-07-02 16:00:00,24.230316,20.145111,894.2238,12.613638,222.90237,77.97546
2024-07-02 17:00:00,23.67331,20.142487,894.4098,12.906677,222.37038,80.61647
2024-07-02 18:00:00,23.466797,20.125916,894.27423,13.248715,222.74034,81.54242
2024-07-02 19:00:00,23.317688,20.129822,893.99384,13.561617,223.46971,82.2993
2024-07-02 20:00:00,22.805664,19.991333,893.6689,13.758913,224.2271,84.16398
2024-07-02 21:00:00,22.70813,19.951874,893.4744,13.82012,224.97694,84.456566
2024-07-02 22:00:00,22.512238,19.878387,893.4016,12.927526,225.49976,85.07859
2024-07-02 23:00:00,22.428192,19.84961,893.5394,13.165748,225.18004,85.36183
2024-07-03 00:00:00,22.632294,19.945526,893.86365,13.284617,224.76791,84.8127
2024-07-03 01:00:00,22.740387,19.935944,894.3978,13.390789,224.33,84.20838
2024-07-03 02:00:00,23.753662,20.19223,894.86115,13.819395,224.50423,80.474594
2024-07-03 03:00:00,24.043518,20.163208,895.26526,14.504846,226.2222,78.9427
2024-07-03 04:00:00,24.33191,20.155945,895.49054,14.938761,228.07826,77.55398
2024-07-03 05:00:00,25.604248,20.41446,895.5059,15.128732,229.74628,73.04429
2024-07-03 06:00:00,26.119812,20.460205,895.29944,15.157198,231.25052,71.047356
2024-07-03 07:00:00,26.299469,20.465942,894.88477,15.0283165,232.70029,70.322044
2024-07-03 08:00:00,26.824646,20.467438,894.4027,14.77508,233.84064,68.185135
2024-07-03 09:00:00,26.804535,20.376984,893.94867,14.336892,234.67848,67.88587
2024-07-03 10:00:00,26.36557,20.126526,893.4858,13.214256,237.22531,68.59481
2024-07-03 11:00:00,26.211609,20.120697,893.43976,12.672531,236.11926,69.196335
2024-07-03 12:00:00,26.069641,20.132385,893.69415,12.102696,233.43204,69.83001
2024-07-03 13:00:00,25.85373,20.179443,894.2592,11.631375,229.55545,70.93437
2024-07-03 14:00:00,24.957489,20.314575,894.9662,11.4597,225.71503,75.44321
2024-07-03 15:00:00,24.344849,20.313995,895.6718,11.474298,222.86867,78.25449
2024-07-03 16:00:00,24.15097,20.319275,896.21967,11.687422,221.11308,79.19532
2024-07-03 17:00:00,23.521515,20.213898,896.45764,11.93821,220.78712,81.71715
2024-07-03 18:00:00,23.388702,20.205963,896.3083,12.189854,221.18097,82.33399
2024-07-03 19:00:00,23.243439,20.200287,895.9224,12.39536,222.0088,83.03017
2024-07-03 20:00:00,22.716522,20.034424,895.522,12.507875,222.9158,84.846146
2024-07-03 21:00:00,22.605896,20.007965,895.2388,12.492892,223.82272,85.27776
2024-07-03 22:00:00,22.384766,19.833588,895.072,12.29857,228.15442,85.5025
2024-07-03 23:00:00,22.287476,19.789368,895.2205,12.207588,227.7644,85.774506
2024-07-04 00:00:00,22.476135,19.879211,895.5722,12.006304,227.041,85.26977
2024-07-04 01:00:00,22.602875,19.901367,896.15265,11.824949,226.15866,84.73221
2024-07-04 02:00:00,23.553162,20.164001,896.66486,11.974608,225.41547,81.31021
2024-07-04 03:00:00,23.848175,20.099915,897.08984,12.329845,225.60095,79.56282
2024-07-04 04:00:00,24.105103,19.993378,897.2985,12.718613,226.44432,77.82924
2024-07-04 05:00:00,25.324707,20.126678,897.27435,12.961479,227.55621,72.958824
2024-07-04 06:00:00,25.745728,20.084595,896.993,13.143117,228.97057,70.97232
2024-07-04 07:00:00,25.88623,20.000763,896.4919,13.181103,230.06035,70.01959
2024-07-04 08:00:00,26.583557,20.065918,895.89825,13.125511,230.80447,67.46522
2024-07-04 09:00:00,26.609161,20.010834,895.35706,13.025692,230.93112,67.134254
2024-07-04 10:00:00,26.20694,19.853882,894.7024,12.287047,235.85822,68.0814
2024-07-04 11:00:00,26.098694,19.803925,894.6028,11.939528,233.21964,68.30653
2024-07-04 12:00:00,25.939178,19.858002,894.753,11.4949665,229.5712,69.18587
2024-07-04 13:00:00,25.697113,19.903442,895.15326,11.125838,224.87494,70.383385
2024-07-04 14:00:00,24.831604,19.96405,895.63666,11.117746,220.57968,74.38195
2024-07-04 15:00:00,24.18695,20.043793,896.19415,11.345606,217.50768,77.69
2024-07-04 16:00:00,23.940125,20.056,896.5503,11.709186,215.88889,78.90951
2024-07-04 17:00:00,23.340424,19.965576,896.6142,12.107526,215.63127,81.35526
2024-07-04 18:00:00,23.157623,20.020294,896.31464,12.45646,216.45639,82.53776
2024-07-04 19:00:00,23.069,20.029205,895.8064,12.751684,217.92488,83.027054
2024-07-04 20:00:00,22.684235,19.909485,895.2788,12.976487,219.49976,84.3573
2024-07-04 21:00:00,22.570831,19.906677,894.8778,13.101864,221.17497,84.92512
2024-07-04 22:00:00,22.327515,19.723602,894.45306,11.859835,224.17818,85.21749
2024-07-04 23:00:00,22.292908,19.747192,894.5504,12.142594,224.38937,85.52217
2024-07-05 00:00:00,22.462769,19.81668,894.7542,12.236945,224.20964,85.00891
2024-07-05 01:00:00,22.582123,19.83722,895.1726,12.384955,223.86922,84.502426
2024-07-05 02:00:00,23.41513,20.042267,895.5006,12.950776,223.8901,81.3747
2024-07-05 03:00:00,23.735626,20.038574,895.73376,13.789742,225.10175,79.79993
2024-07-05 04:00:00,24.014313,20.017395,895.72107,14.383078,226.3283,78.37112
2024-07-05 05:00:00,25.001404,20.162506,895.49713,14.755941,227.36203,74.542046
2024-07-05 06:00:00,25.484772,20.232635,895.0494,15.021838,228.37032,72.74291
2024-07-05 07:00:00,25.645538,20.245117,894.48126,15.141682,229.16252,72.10751
2024-07-05 08:00:00,26.09082,20.232697,893.8083,15.152752,229.543,70.17645
2024-07-05 09:00:00,26.082764,20.263306,893.1705,14.9829235,230.00632,70.34282
2024-07-05 10:00:00,25.584198,20.060913,892.3808,14.088638,234.14584,71.550804
2024-07-05 11:00:00,25.502075,20.043915,892.178,13.6753645,232.98735,71.82496
2024-07-05 12:00:00,25.234009,19.965729,892.1955,13.013182,230.72522,72.62655
2024-07-05 13:00:00,25.013428,20.057465,892.5645,12.386282,227.32542,74.0062
2024-07-05 14:00:00,24.287872,20.032684,893.1108,12.144496,223.7425,77.16821
2024-07-05 15:00:00,23.69629,19.869934,893.6875,12.181838,221.3518,79.158035
2024-07-05 16:00:00,23.539795,19.893433,894.0243,12.398095,220.16998,80.02427
2024-07-05 17:00:00,23.136902,19.845367,894.0686,12.700397,220.20012,81.75058
2024-07-05 18:00:00,22.973877,19.810272,893.8538,13.096342,221.1354,82.38142
2024-07-05 19:00:00,22.8555,19.813995,893.4157,13.480017,222.78201,82.99331
2024-07-05 20:00:00,22.442932,19.678528,892.9436,13.823653,224.46535,84.38522
2024-07-05 21:00:00,22.329895,19.679138,892.6091,14.052349,225.99408,84.970406
2024-07-05 22:00:00,22.097046,19.503326,892.43524,13.069308,229.89478,85.24765
2024-07-05 23:00:00,22.048676,19.477356,892.64514,13.334363,230.30971,85.361465
2024-07-06 00:00:00,22.21521,19.529999,892.89484,13.420415,230.22533,84.7767
2024-07-06 01:00:00,22.308746,19.518738,893.40375,13.626835,229.82292,84.23655
2024-07-06 02:00:00,23.063843,19.753937,893.78046,14.213434,229.82224,81.6484
2024-07-06 03:00:00,23.309082,19.733185,894.13086,14.990029,230.9728,80.34369
2024-07-06 04:00:00,23.529663,19.724182,894.3016,15.55825,232.14857,79.237274
2024-07-06 05:00:00,24.606995,19.900604,894.2593,15.884091,233.21559,75.091156
2024-07-06 06:00:00,24.98114,19.942444,893.9893,16.042547,234.13614,73.62267
2024-07-06 07:00:00,25.121948,19.936401,893.6297,16.029057,234.89606,72.9801
2024-07-06 08:00:00,25.666595,20.130066,893.1633,15.827851,235.52017,71.50705
2024-07-06 09:00:00,25.585693,20.061096,892.7547,15.461126,235.91145,71.54526
2024-07-06 10:00:00,25.138031,19.96695,892.0856,13.935519,241.99194,73.048294
2024-07-06 11:00:00,25.061737,19.952637,892.08374,13.417873,240.57935,73.316086
2024-07-06 12:00:00,24.924835,19.94989,892.30396,12.48869,237.8455,73.904434
2024-07-06 13:00:00,24.749268,19.985992,892.7986,11.6568575,234.45172,74.850174
2024-07-06 14:00:00,24.070465,19.97403,893.3593,11.195402,230.60052,77.89786
2024-07-06 15:00:00,23.546509,19.973969,893.93976,11.053275,227.17523,80.39192
2024-07-06 16:00:00,23.435303,20.000366,894.3717,11.147553,224.35284,81.0652
2024-07-06 17:00:00,22.9281,19.846802,894.58124,11.390535,222.82053,82.79734
2024-07-06 18:00:00,22.78778,19.85376,894.50836,11.648953,222.52902,83.540276
2024-07-06 19:00:00,22.681458,19.847412,894.2371,11.851345,223.16777,84.04759
2024-07-06 20:00:00,22.223877,19.685425,893.87964,11.973211,224.3117,85.553734
2024-07-06 21:00:00,22.123474,19.654114,893.6545,12.032299,225.77928,85.91133
2024-07-06 22:00:00,21.901978,19.560913,893.4769,11.135197,230.45901,86.57699
2024-07-06 23:00:00,21.876678,19.58432,893.5949,11.137847,230.49335,86.83693
2024-07-07 00:00:00,22.049194,19.601074,893.919,11.169231,229.55763,86.01737
2024-07-07 01:00:00,22.120148,19.55429,894.4573,11.421055,228.36888,85.39774
2024-07-07 02:00:00,23.039673,19.79477,894.94867,11.990153,228.19926,81.975204
2024-07-07 03:00:00,23.244507,19.728577,895.3401,12.765873,229.69899,80.63458
2024-07-07 04:00:00,23.459564,19.63861,895.60767,13.151443,231.12233,79.15147
2024-07-07 05:00:00,24.547913,19.835297,895.6421,13.334351,231.85284,75.052605
2024-07-07 06:00:00,25.023926,19.896973,895.4445,13.383372,232.48077,73.228546
2024-07-07 07:00:00,25.169586,19.903046,895.10297,13.382847,232.97046,72.62312
2024-07-07 08:00:00,25.678497,20.028473,894.64343,13.256555,233.33539,71.008804
2024-07-07 09:00:00,25.702576,20.033875,894.2065,12.965581,233.93336,70.931175
2024-07-07 10:00:00,25.308685,19.967346,893.6623,11.434003,238.31818,72.31182
2024-07-07 11:00:00,25.256165,20.008728,893.5508,11.200809,236.76468,72.72423
2024-07-07 12:00:00,25.1167,20.037231,893.74915,10.716081,234.31906,73.460106
2024-07-07 13:00:00,24.95871,20.109894,894.1843,10.18367,231.3987,74.48932
2024-07-07 14:00:00,24.26538,20.124268,894.69977,10.0318365,228.36172,77.71144
2024-07-07 15:00:00,23.696808,20.114288,895.2216,10.109222,226.11383,80.36222
2024-07-07 16:00:00,23.577606,20.192047,895.6861,10.275238,224.82391,81.33143
2024-07-07 17:00:00,22.989532,20.064667,895.8697,10.475165,224.73788,83.61054
2024-07-07 18:00:00,22.835236,19.999603,895.7644,10.682279,225.44234,84.05631
2024-07-07 19:00:00,22.71762,20.009674,895.46893,10.831764,226.69055,84.710594
2024-07-07 20:00:00,22.324066,19.85608,895.15735,10.944969,228.00049,85.93847
2024-07-07 21:00:00,22.217896,19.824951,894.8348,10.9213705,229.8118,86.32877
2024-07-07 22:00:00,21.968628,19.671204,894.6144,9.748677,234.34769,86.81814
2024-07-07 23:00:00,21.929596,19.654175,894.6231,9.659454,233.98077,86.933205
2024-07-08 00:00:00,22.174255,19.716614,894.8561,9.438674,232.99396,85.97884
2024-07-08 01:00:00,22.280853,19.740479,895.2762,9.438744,231.47508,85.5493
2024-07-08 02:00:00,23.242859,19.949799,895.6354,9.876521,231.0426,81.75606
2024-07-08 03:00:00,23.499237,19.862244,895.89575,10.287116,232.39423,80.06531
2024-07-08 04:00:00,23.742249,19.799957,896.0418,10.4099655,233.29314,78.59766
2024-07-08 05:00:00,24.982727,19.983276,896.0697,10.386895,233.65022,73.80211
2024-07-08 06:00:00,25.444885,19.955841,895.9503,10.348998,233.8653,71.67753
2024-07-08 07:00:00,25.574371,19.950073,895.64185,10.316828,234.24889,71.10299
2024-07-08 08:00:00,26.21759,20.019379,895.15814,10.262093,234.778,68.73959
2024-07-08 09:00:00,26.299438,19.955719,894.64825,10.146936,235.19745,68.138954
2024-07-08 10:00:00,25.910858,19.955292,894.02203,9.466395,242.29684,69.72096
2024-07-08 11:00:00,25.867157,19.915497,893.9434,9.143193,240.1579,69.72957
2024-07-08 12:00:00,25.704224,19.944946,894.1894,8.706331,237.18681,70.534805
2024-07-08 13:00:00,25.52118,20.097534,894.6242,8.3836565,232.25043,71.98195
2024-07-08 14:00:00,24.68399,20.117157,895.11865,8.331054,227.30792,75.755135
2024-07-08 15:00:00,24.034851,20.1055,895.6992,8.429336,223.3892,78.70241
2024-07-08 16:00:00,23.838104,20.110596,896.1789,8.621179,220.7114,79.66365
2024-07-08 17:00:00,23.280579,19.990326,896.47125,8.896531,219.77798,81.77497
2024-07-08 18:00:00,23.149963,19.9888,896.3793,9.181645,220.07889,82.41513
2024-07-08 19:00:00,23.006012,20.000763,896.13446,9.408396,221.24269,83.19747
2024-07-08 20:00:00,22.51532,19.852875,895.8421,9.495228,222.63539,84.92827
2024-07-08 21:00:00,22.392914,19.822388,895.61334,9.492388,224.06935,85.400856
2024-07-08 22:00:00,22.073944,19.53186,895.5502,8.487492,229.3519,85.519264
2024-07-08 23:00:00,22.01715,19.52237,895.6378,8.395259,229.0471,85.76523
2024-07-09 00:00:00,22.309631,19.66043,895.9088,8.275514,227.9127,84.97649
2024-07-09 01:00:00,22.453003,19.693573,896.42413,8.231806,226.46422,84.412346
2024-07-09 02:00:00,23.577362,19.99234,896.88257,8.589537,225.14796,80.33392
2024-07-09 03:00:00,23.898407,19.977356,897.16437,9.059206,225.31319,78.72346
2024-07-09 04:00:00,24.174805,19.949615,897.31854,9.488144,226.2702,77.29463
2024-07-09 05:00:00,25.467987,20.114532,897.34357,9.69572,227.41426,72.28572
2024-07-09 06:00:00,26.02472,20.12384,897.2435,9.881136,228.89365,69.97884
2024-07-09 07:00:00,26.183197,20.081604,896.93585,10.0135,230.22002,69.14522
2024-07-09 08:00:00,26.746704,20.040009,896.50446,10.066105,231.82878,66.71308
2024-07-09 09:00:00,26.748535,20.01056,895.9811,9.9521055,233.46834,66.58443
2024-07-09 10:00:00,26.334015,19.873535,895.349,9.314761,240.7594,67.6547
2024-07-09 11:00:00,26.221344,19.794495,895.2352,8.928196,240.30841,67.773506
2024-07-09 12:00:00,26.078796,19.777527,895.39575,8.401919,237.58698,68.275116
2024-07-09 13:00:00,25.844269,19.865051,895.85596,7.9534945,232.84094,69.606285
2024-07-09 14:00:00,24.951324,19.929962,896.43243,7.809945,227.37218,73.69672
2024-07-09 15:00:00,24.279419,20.013916,897.0375,7.9285254,222.58199,77.11768
2024-07-09 16:00:00,24.124634,20.044891,897.4825,8.198227,219.40851,77.98633
2024-07-09 17:00:00,23.567749,19.979156,897.70264,8.568581,217.74283,80.31485
2024-07-09 18:00:00,23.38733,19.972595,897.6863,8.988559,217.56764,81.16053
2024-07-09 19:00:00,23.251617,19.969421,897.6116,9.404047,218.31439,81.8122
2024-07-09 20:00:00,22.783142,19.839539,897.4275,9.714667,219.28395,83.49015
2024-07-09 21:00:00,22.66745,19.82306,897.2742,9.891957,220.38011,83.99218
2024-07-09 22:00:00,22.288513,19.611786,897.18195,9.342011,223.16774,84.829155
2024-07-09 23:00:00,22.222748,19.600494,897.3732,9.483556,223.5806,85.109695
2024-07-10 00:00:00,22.449219,19.713806,897.65546,9.539034,223.42575,84.53786
2024-07-10 01:00:00,22.576782,19.740936,898.0893,9.755084,223.20476,84.02663
2024-07-10 02:00:00,23.645416,20.046875,898.47,10.306096,223.91417,80.275764
2024-07-10 03:00:00,23.970245,20.043915,898.7386,10.943985,226.12852,78.70795
2024-07-10 04:00:00,24.260406,20.026428,898.8552,11.39474,228.5408,77.265465
2024-07-10 05:00:00,25.513123,20.155853,898.774,11.615909,230.92491,72.27662
2024-07-10 06:00:00,26.060944,20.104523,898.4693,11.838839,232.85161,69.74564
2024-07-10 07:00:00,26.27121,20.077484,897.98865,11.971997,234.81363,68.769066
2024-07-10 08:00:00,26.767334,19.970703,897.4313,12.044058,236.16818,66.346886
2024-07-10 09:00:00,26.8367,19.893616,896.8551,11.9638,237.26195,65.76193
2024-07-10 10:00:00,26.448395,19.933594,896.19257,11.101874,243.70523,67.45012
2024-07-10 11:00:00,26.322327,19.92099,896.07526,10.821449,242.14105,67.90073
2024-07-10 12:00:00,26.191803,19.91745,896.2349,10.413474,238.39609,68.41124
2024-07-10 13:00:00,25.902802,19.98877,896.7411,9.930107,233.08789,69.899
2024-07-10 14:00:00,25.055603,20.122528,897.3063,9.798426,228.41414,74.118126
2024-07-10 15:00:00,24.32788,20.08374,897.8346,9.871518,225.0057,77.227036
2024-07-10 16:00:00,24.16278,20.128235,898.1721,10.17208,222.93921,78.21029
2024-07-10 17:00:00,23.592377,20.043518,898.2484,10.581833,222.45728,80.515945
2024-07-10 18:00:00,23.396667,20.03061,898.01685,10.997388,223.3483,81.40663
2024-07-10 19:00:00,23.219635,19.99762,897.5994,11.31661,225.11452,82.11367
2024-07-10 20:00:00,22.686768,19.849884,897.1633,11.515509,227.05635,84.03338
2024-07-10 21:00:00,22.581482,19.81781,896.81946,11.679139,229.04909,84.40406
2024-07-10 22:00:00,22.337982,19.598328,896.48804,10.930349,231.78537,84.50364
2024-07-10 23:00:00,22.263123,19.585358,896.5779,11.174049,233.67908,84.82101
2024-07-11 00:00:00,22.522034,19.697906,896.7464,11.174017,234.88809,84.08167
2024-07-11 01:00:00,22.671875,19.774109,897.0825,11.197354,235.62224,83.71513
2024-07-11 02:00:00,23.67807,20.11499,897.37665,11.726847,236.78447,80.456436
2024-07-11 03:00:00,24.006042,20.117554,897.46405,12.453699,239.32141,78.89751
2024-07-11 04:00:00,24.31668,20.0867,897.448,12.900625,241.07732,77.29303
2024-07-11 05:00:00,25.62622,20.223602,897.16046,13.222802,242.53485,72.09425
2024-07-11 06:00:00,26.197632,20.18988,896.71625,13.421674,243.44272,69.55042
2024-07-11 07:00:00,26.318512,20.173767,896.0776,13.472136,244.35599,68.98687
2024-07-11 08:00:00,26.775269,20.166687,895.40936,13.418497,244.54681,67.12503
2024-07-11 09:00:00,26.787994,20.134491,894.73944,13.314555,244.70853,66.941376
2024-07-11 10:00:00,26.352173,19.946838,893.8618,11.913689,248.30453,67.88982
2024-07-11 11:00:00,26.195587,19.889801,893.6164,11.76712,244.92572,68.27888
2024-07-11 12:00:00,26.012054,19.894592,893.742,11.32439,240.84425,69.04446
2024-07-11 13:00:00,25.727844,19.982666,894.0721,10.768719,235.45041,70.6008
2024-07-11 14:00:00,24.798645,19.911682,894.5025,10.659173,230.4825,74.2871
2024-07-11 15:00:00,24.317444,20.044067,894.851,10.924546,226.90524,77.08586
2024-07-11 16:00:00,24.100677,20.095367,895.1223,11.368466,224.61542,78.34286
2024-07-11 17:00:00,23.53897,20.039703,895.1895,11.893074,223.73502,80.756424
2024-07-11 18:00:00,23.35257,20.058197,895.03394,12.433058,224.0373,81.76307
2024-07-11 19:00:00,23.175873,20.047485,894.62787,12.885527,225.24112,82.58564
2024-07-11 20:00:00,22.6539,19.885223,894.1633,13.257817,226.4275,84.38575
2024-07-11 21:00:00,22.541016,19.876526,893.775,13.513607,227.60446,84.92021
2024-07-11 22:00:00,22.33023,19.716156,893.6282,12.511839,227.30833,85.164085
2024-07-11 23:00:00,22.231415,19.685638,893.72516,12.810347,227.6313,85.51563
2024-07-12 00:00:00,22.385132,19.74115,893.98773,12.9886465,227.44116,85.01191
2024-07-12 01:00:00,22.463348,19.719269,894.4625,13.280637,226.94447,84.49393
2024-07-12 02:00:00,23.26587,19.972778,894.83264,14.0339775,227.09492,81.75877
2024-07-12 03:00:00,23.53186,19.904572,895.05865,14.919288,228.83052,80.11782
2024-07-12 04:00:00,23.770294,19.864105,895.12866,15.554695,230.20694,78.77776
2024-07-12 05:00:00,24.880737,20.034943,894.96625,15.865074,231.32866,74.49034
2024-07-12 06:00:00,25.351105,20.026245,894.6108,16.001394,232.02533,72.39313
2024-07-12 07:00:00,25.531769,19.989563,894.144,16.090704,232.89984,71.4576
2024-07-12 08:00:00,26.023224,20.034454,893.6893,16.071257,233.67154,69.59904
2024-07-12 09:00:00,26.095886,20.009247,893.2085,15.883573,234.49184,69.19247
2024-07-12 10:00:00,25.545197,19.731567,892.51166,14.700668,238.05536,70.26804
2024-07-12 11:00:00,25.4404,19.712708,892.4543,14.357971,236.41238,70.62418
2024-07-12 12:00:00,25.323364,19.728302,892.66565,13.8048935,234.01517,71.18613
2024-07-12 13:00:00,25.12857,19.855194,893.0859,13.262388,231.35489,72.58519
2024-07-12 14:00:00,24.288269,19.83731,893.58624,13.066193,228.98355,76.23815
2024-07-12 15:00:00,23.655853,19.80539,894.1526,13.063638,227.6742,79.034164
2024-07-12 16:00:00,23.51175,19.847687,894.50745,13.207886,227.0752,79.93275
2024-07-12 17:00:00,23.046326,19.797974,894.5935,13.502665,227.67213,81.95851
2024-07-12 18:00:00,22.845001,19.767334,894.353,13.835969,229.1865,82.806175
2024-07-12 19:00:00,22.705719,19.788483,893.9587,14.164529,231.4429,83.617935
2024-07-12 20:00:00,22.302826,19.704498,893.55804,14.354915,233.52676,85.24449
2024-07-12 21:00:00,22.234772,19.682648,893.2539,14.490925,235.34903,85.482285
2024-07-12 22:00:00,21.989166,19.62793,893.1111,13.793387,238.96497,86.47687
2024-07-12 23:00:00,21.940063,19.640991,893.1926,13.933935,239.03018,86.806625
2024-07-13 00:00:00,22.15741,19.69165,893.48016,13.974395,239.26118,85.93389
2024-07-13 01:00:00,22.249725,19.691162,893.95825,14.061188,239.41502,85.44967
2024-07-13 02:00:00,23.173218,19.901764,894.3782,14.457225,240.00476,81.85689
2024-07-13 03:00:00,23.470795,19.846191,894.6217,15.077684,241.669,80.12298
2024-07-13 04:00:00,23.70102,19.804749,894.71906,15.573286,243.25851,78.81639
2024-07-13 05:00:00,24.916077,20.05603,894.5577,15.822259,244.55905,74.43053
2024-07-13 06:00:00,25.39209,20.056305,894.26984,15.97672,245.29312,72.35137
2024-07-13 07:00:00,25.522064,20.073517,893.87494,16.044098,245.96768,71.871284
2024-07-13 08:00:00,26.055511,20.159393,893.3717,16.031858,246.49768,70.005226
2024-07-13 09:00:00,26.086243,20.152924,892.8809,15.94093,247.04274,69.850136
2024-07-13 10:00:00,25.70691,20.057526,892.2759,14.881683,251.05814,71.01681
2024-07-13 11:00:00,25.660461,20.010864,892.2394,14.652265,249.1305,71.007385
2024-07-13 12:00:00,25.530762,20.003967,892.42194,14.110249,246.68423,71.52561
2024-07-13 13:00:00,25.326385,20.056946,892.73,13.550141,243.58804,72.63751
2024-07-13 14:00:00,24.53772,20.079681,893.1817,13.3078,240.34393,76.243645
2024-07-13 15:00:00,23.934814,20.106903,893.6602,13.257023,238.00226,79.18369
2024-07-13 16:00:00,23.73883,20.16159,894.01843,13.385792,236.55353,80.39401
2024-07-13 17:00:00,23.165619,20.070251,894.19696,13.593942,236.06424,82.75335
2024-07-13 18:00:00,23.004456,20.071259,894.00757,13.847231,236.702,83.56912
2024-07-13 19:00:00,22.874481,20.065918,893.59357,14.042252,238.05835,84.2016
2024-07-13 20:00:00,22.469849,19.877136,893.16907,14.206125,239.30043,85.291374
2024-07-13 21:00:00,22.317383,19.825317,892.9492,14.2985,240.21893,85.80963
2024-07-13 22:00:00,22.00644,19.690552,892.7989,13.53763,245.60011,86.72225
2024-07-13 23:00:00,21.981842,19.68393,892.97766,13.320299,244.7493,86.81674
2024-07-14 00:00:00,22.229034,19.780182,893.1448,13.066015,243.55878,86.03111
2024-07-14 01:00:00,22.36438,19.810272,893.5277,12.944149,241.75818,85.48491
2024-07-14 02:00:00,23.423737,20.101746,893.91425,13.181324,240.25912,81.63236
2024-07-14 03:00:00,23.771301,20.066895,894.1689,13.639144,240.02028,79.76846
2024-07-14 04:00:00,24.084564,20.040222,894.1908,13.838766,239.48782,78.15156
2024-07-14 05:00:00,25.430206,20.220093,894.02936,13.894722,239.02927,72.922615
2024-07-14 06:00:00,25.891113,20.227295,893.6487,13.904154,238.55038,70.987114
2024-07-14 07:00:00,25.990997,20.22293,893.2109,13.966127,238.27716,70.54953
2024-07-14 08:00:00,26.666748,20.264679,892.6796,13.970473,237.98595,67.96559
2024-07-14 09:00:00,26.67688,20.265259,892.20435,13.922479,237.92838,67.92749
2024-07-14 10:00:00,26.132843,20.15387,891.6094,12.7883215,240.4382,69.66201
2024-07-14 11:00:00,26.02301,20.118347,891.5627,12.876466,239.39395,69.96214
2024-07-14 12:00:00,25.873047,20.134247,891.88635,12.814009,237.81152,70.65547
2024-07-14 13:00:00,25.707916,20.22284,892.3386,12.623072,235.83649,71.74234
2024-07-14 14:00:00,24.82724,20.226624,892.95593,12.437336,233.46101,75.6198
2024-07-14 15:00:00,24.180756,20.278992,893.50104,12.440001,231.54596,78.85746
2024-07-14 16:00:00,24.025116,20.319397,893.9791,12.563312,230.55827,79.79651
2024-07-14 17:00:00,23.467041,20.234375,894.2257,12.738649,230.33731,82.08983
2024-07-14 18:00:00,23.312988,20.269836,894.1765,12.949634,231.0177,83.03827
2024-07-14 19:00:00,23.194305,20.265106,893.9782,13.057643,231.93358,83.61129
2024-07-14 20:00:00,22.713196,20.067383,893.6607,13.071769,232.65182,85.03652
2024-07-14 21:00:00,22.609924,20.065186,893.5402,13.014017,233.5234,85.55941
2024-07-14 22:00:00,22.364746,19.994232,893.45483,12.280847,236.15613,86.462875
2024-07-14 23:00:00,22.27536,19.988464,893.63116,12.32937,234.65295,86.90329
2024-07-15 00:00:00,22.51538,20.06665,894.0157,12.334112,233.53491,86.05981
2024-07-15 01:00:00,22.664032,20.114563,894.50604,12.328689,232.1904,85.539856
2024-07-15 02:00:00,23.684814,20.397278,894.9007,12.580775,230.77638,81.838844
2024-07-15 03:00:00,23.992981,20.31668,895.1216,13.003377,230.11165,79.93725
2024-07-15 04:00:00,24.319885,20.253357,895.192,13.336789,230.50905,78.07861
2024-07-15 05:00:00,25.584198,20.486084,895.0913,13.470455,231.23949,73.4552
2024-07-15 06:00:00,26.087524,20.508331,894.84705,13.540195,231.99171,71.394745
2024-07-15 07:00:00,26.23059,20.501526,894.44037,13.621023,233.16214,70.76385
2024-07-15 08:00:00,26.716614,20.459442,893.9458,13.609255,234.44522,68.58612
2024-07-15 09:00:00,26.721039,20.40509,893.4638,13.508779,235.81894,68.33869
2024-07-15 10:00:00,26.33841,20.375488,893.0078,11.802136,242.00594,69.76998
2024-07-15 11:00:00,26.162415,20.280975,892.91766,11.729719,241.49097,70.08878
2024-07-15 12:00:00,25.998718,20.234802,893.14154,11.460105,239.7395,70.56907
2024-07-15 13:00:00,25.826172,20.286255,893.60126,11.328502,236.58392,71.52083
2024-07-15 14:00:00,24.991974,20.356659,894.1376,11.3010235,233.41214,75.48411
2024-07-15 15:00:00,24.388336,20.389282,894.7402,11.375092,230.83542,78.41459
2024-07-15 16:00:00,24.251404,20.469147,895.22186,11.607856,229.17426,79.451256
2024-07-15 17:00:00,23.714355,20.391968,895.43146,11.925169,228.69563,81.66666
2024-07-15 18:00:00,23.53534,20.424255,895.2536,12.194403,229.35782,82.716774
2024-07-15 19:00:00,23.36438,20.405151,894.8398,12.417826,230.65831,83.47567
2024-07-15 20:00:00,22.90506,20.239624,894.4367,12.532881,232.10214,84.953445
2024-07-15 21:00:00,22.798615,20.260742,894.18964,12.547759,233.33743,85.61477
2024-07-15 22:00:00,22.534271,20.058289,894.18146,11.552622,235.42584,85.916664
2024-07-15 23:00:00,22.479523,20.064972,894.40735,11.561898,235.18903,86.238525
2024-07-16 00:00:00,22.664429,20.102112,894.7165,11.504116,234.89944,85.471924
2024-07-16 01:00:00,22.769318,20.120972,895.2111,11.41916,234.16498,85.02906
2024-07-16 02:00:00,23.746613,20.322968,895.6418,11.551013,232.9312,81.16174
2024-07-16 03:00:00,24.085754,20.317413,895.9285,11.819205,231.52124,79.496735
2024-07-16 04:00:00,24.398682,20.283783,896.05444,12.134726,231.18578,77.85711
2024-07-16 05:00:00,25.712952,20.412476,895.9852,12.340583,231.79968,72.56584
2024-07-16 06:00:00,26.233856,20.410553,895.71326,12.427485,232.331,70.35421
2024-07-16 07:00:00,26.368835,20.37378,895.1964,12.503108,233.45525,69.63745
2024-07-16 08:00:00,27.012268,20.515656,894.63513,12.449104,234.0527,67.63819
2024-07-16 09:00:00,26.994904,20.446716,894.0059,12.409496,235.33398,67.41993
2024-07-16 10:00:00,26.530243,20.342041,893.4311,11.697562,241.00732,68.84261
2024-07-16 11:00:00,26.460663,20.28241,893.291,11.459953,240.55887,68.87151
2024-07-16 12:00:00,26.336914,20.311401,893.4558,11.2418585,238.86218,69.50057
2024-07-16 13:00:00,26.139465,20.425812,893.81323,11.188986,235.87067,70.8144
2024-07-16 14:00:00,25.2995,20.391876,894.3208,11.287374,232.79681,74.275475
2024-07-16 15:00:00,24.726624,20.530243,894.8657,11.500192,230.57909,77.51488
2024-07-16 16:00:00,24.559113,20.571991,895.2692,11.721865,229.28297,78.49681
2024-07-16 17:00:00,23.947235,20.457825,895.42456,11.937988,228.86496,80.85873
2024-07-16 18:00:00,23.769257,20.473694,895.27844,12.264355,229.70212,81.8088
2024-07-16 19:00:00,23.62262,20.461975,894.9107,12.540143,231.03827,82.474594
2024-07-16 20:00:00,23.126587,20.290253,894.5263,12.698751,232.24057,84.08477
2024-07-16 21:00:00,22.994232,20.26654,894.1943,12.698411,233.53946,84.63667
2024-07-16 22:00:00,22.810425,20.169678,894.15906,11.190382,235.39894,85.073296
2024-07-16 23:00:00,22.723572,20.160583,894.22546,11.25876,234.14468,85.47437
2024-07-17 00:00:00,22.924103,20.246826,894.56915,11.272158,232.72473,84.8933
2024-07-17 01:00:00,23.046173,20.25055,895.115,11.330159,230.53299,84.28774
2024-07-17 02:00:00,24.17508,20.559875,895.64655,11.611844,228.04478,80.26364
2024-07-17 03:00:00,24.48648,20.530762,895.99146,12.188746,226.5231,78.63856
2024-07-17 04:00:00,24.78006,20.510986,896.0994,12.750285,226.78218,77.17619
2024-07-17 05:00:00,26.067017,20.698853,895.9877,13.061717,228.10866,72.32564
2024-07-17 06:00:00,26.544647,20.697998,895.6716,13.233147,229.67125,70.31074
2024-07-17 07:00:00,26.66394,20.645142,895.2082,13.307436,231.54993,69.59135
2024-07-17 08:00:00,27.194733,20.700775,894.63055,13.396105,233.13895,67.685425
2024-07-17 09:00:00,27.206116,20.69165,894.025,13.396523,234.65909,67.602234
2024-07-17 10:00:00,26.647034,20.54425,893.3272,12.241311,239.90714,69.22887
2024-07-17 11:00:00,26.540863,20.498077,893.1735,12.144068,238.53166,69.46522
2024-07-17 12:00:00,26.435242,20.492645,893.34296,12.02263,236.2399,69.87577
2024-07-17 13:00:00,26.212952,20.543274,893.8547,12.215214,233.67249,71.020226
2024-07-17 14:00:00,25.313019,20.511078,894.4428,12.403236,231.24431,74.76361
2024-07-17 15:00:00,24.683136,20.479218,895.045,12.647923,229.7739,77.4724
2024-07-17 16:00:00,24.527954,20.567749,895.46124,12.959971,228.95924,78.62272
2024-07-17 17:00:00,23.9953,20.522552,895.6406,13.293375,229.03929,80.94805
2024-07-17 18:00:00,23.786102,20.479614,895.3882,13.593961,229.88336,81.75577
2024-07-17 19:00:00,23.648376,20.483337,894.928,13.824518,231.31906,82.45533
2024-07-17 20:00:00,23.184204,20.347443,894.4295,13.980679,232.50485,84.088905
2024-07-17 21:00:00,23.08963,20.338074,894.08124,14.047202,233.7143,84.5222
2024-07-17 22:00:00,22.818756,20.238129,893.8377,12.785529,238.00224,85.3909
2024-07-17 23:00:00,22.774384,20.246826,893.9408,12.829685,237.02426,85.66693
2024-07-18 00:00:00,22.99887,20.338348,894.1481,12.70526,235.43832,84.98903
2024-07-18 01:00:00,23.117432,20.34909,894.5643,12.725936,233.30905,84.437614
2024-07-18 02:00:00,24.037018,20.615387,894.979,13.0870695,231.58995,81.20889
2024-07-18 03:00:00,24.332214,20.558899,895.2727,13.649676,231.20369,79.50621
2024-07-18 04:00:00,24.609406,20.557495,895.36237,14.1182,231.77135,78.19116
2024-07-18 05:00:00,25.786407,20.72995,895.2257,14.342661,232.46295,73.678345
2024-07-18 06:00:00,26.192902,20.728577,894.88007,14.489791,232.95099,71.92087
2024-07-18 07:00:00,26.370209,20.756592,894.40045,14.671499,233.81815,71.29456
2024-07-18 08:00:00,26.824585,20.760376,893.78174,14.754767,234.6101,69.42742
2024-07-18 09:00:00,26.791687,20.730652,893.1822,14.78747,235.5292,69.43475
2024-07-18 10:00:00,26.419678,20.478668,892.46924,13.62061,239.0925,69.879684
2024-07-18 11:00:00,26.314209,20.448395,892.3418,13.706737,237.84927,70.184814
2024-07-18 12:00:00,26.156738,20.387848,892.4797,13.619628,236.17236,70.57657
2024-07-18 13:00:00,25.970642,20.460205,893.00287,13.587232,233.7158,71.6771
2024-07-18 14:00:00,25.095856,20.519897,893.60657,13.551995,231.53238,75.77766
2024-07-18 15:00:00,24.395142,20.545807,894.14655,13.663608,230.08548,79.14314
2024-07-18 16:00:00,24.233948,20.604797,894.4808,13.825824,229.37895,80.2025
2024-07-18 17:00:00,23.68222,20.500671,894.5279,14.069454,229.41603,82.37548
2024-07-18 18:00:00,23.541534,20.523163,894.2942,14.348446,230.21004,83.19192
2024-07-18 19:00:00,23.399689,20.521729,893.78076,14.542788,231.4016,83.89924
2024-07-18 20:00:00,22.993652,20.416016,893.282,14.636081,232.69623,85.42448
2024-07-18 21:00:00,22.871735,20.378998,892.8768,14.603532,233.94676,85.86105
2024-07-18 22:00:00,22.63559,20.205383,892.6957,13.468371,237.38196,86.17018
2024-07-18 23:00:00,22.578888,20.211243,892.81,13.503941,236.01508,86.4986
2024-07-19 00:00:00,22.75653,20.303864,893.0847,13.486956,234.57837,86.0624
2024-07-19 01:00:00,22.873657,20.274567,893.5457,13.482275,233.27724,85.29913
2024-07-19 02:00:00,23.893982,20.598694,893.85834,13.728076,231.73346,81.82561
2024-07-19 03:00:00,24.21814,20.552979,894.0153,14.164486,231.40771,80.02255
2024-07-19 04:00:00,24.502441,20.473053,894.01056,14.472878,231.77519,78.28434
2024-07-19 05:00:00,25.682556,20.654938,893.88776,14.64608,232.17323,73.79176
2024-07-19 06:00:00,26.089722,20.61029,893.5862,14.683297,232.35004,71.83559
2024-07-19 07:00:00,26.245697,20.562836,893.1725,14.7201805,232.37582,70.9685
2024-07-19 08:00:00,26.835907,20.501282,892.63745,14.805144,232.4939,68.282425
2024-07-19 09:00:00,26.871826,20.507996,892.04205,14.818987,233.08383,68.16656
2024-07-19 10:00:00,26.42923,20.316223,891.4482,13.583036,237.13544,69.14357
2024-07-19 11:00:00,26.330292,20.267487,891.2327,13.625334,236.02002,69.339386
2024-07-19 12:00:00,26.170929,20.253418,891.5175,13.385266,234.44287,69.93437
2024-07-19 13:00:00,25.914032,20.326721,892.06537,13.279711,231.99731,71.32764
2024-07-19 14:00:00,25.110596,20.4404,892.7461,13.269244,229.78575,75.34073
2024-07-19 15:00:00,24.421051,20.43396,893.3516,13.366285,228.11667,78.47721
2024-07-19 16:00:00,24.255676,20.496277,893.7849,13.513904,227.10318,79.56397
2024-07-19 17:00:00,23.795502,20.435974,893.9274,13.712463,226.95465,81.48986
2024-07-19 18:00:00,23.648224,20.415771,893.7603,13.888668,227.54376,82.11306
2024-07-19 19:00:00,23.530304,20.39386,893.45416,14.045334,228.39886,82.5868
2024-07-19 20:00:00,23.091309,20.329376,893.1389,14.125374,229.20969,84.46823
2024-07-19 21:00:00,22.992767,20.322937,893.00977,14.107746,230.06932,84.93958
2024-07-19 22:00:00,22.797668,20.203674,892.8127,13.333481,232.46439,85.31822
2024-07-19 23:00:00,22.75827,20.214722,893.0304,13.259965,232.35873,85.5807
2024-07-20 00:00:00,22.970215,20.318542,893.4414,13.078381,231.5184,85.03251
2024-07-20 01:00:00,23.066559,20.30478,894.002,12.948811,229.69624,84.46637
2024-07-20 02:00:00,24.116821,20.584717,894.449,13.123436,227.50813,80.66814
2024-07-20 03:00:00,24.447266,20.582214,894.79065,13.478648,226.57463,79.07379
2024-07-20 04:00:00,24.759827,20.578552,894.96295,13.82139,226.75249,77.592064
2024-07-20 05:00:00,25.981934,20.710175,894.94257,13.990292,227.35553,72.74134
2024-07-20 06:00:00,26.394714,20.652618,894.75055,14.154365,228.1584,70.73716
2024-07-20 07:00:00,26.52597,20.63095,894.34204,14.179666,229.1165,70.09805
2024-07-20 08:00:00,27.09137,20.632538,893.8006,14.184462,230.40277,67.81156
2024-07-20 09:00:00,27.13507,20.576355,893.2651,13.983381,231.48921,67.40408
2024-07-20 10:00:00,26.606659,20.471954,892.8681,12.923253,235.59073,69.085
2024-07-20 11:00:00,26.505737,20.437073,892.8215,12.741938,234.5213,69.347725
2024-07-20 12:00:00,26.37323,20.437714,893.09094,12.557643,232.91168,69.89463
2024-07-20 13:00:00,26.13385,20.508331,893.6291,12.468454,230.62468,71.19945
2024-07-20 14:00:00,25.401215,20.540344,894.2392,12.352802,227.98839,74.5069
2024-07-20 15:00:00,24.787537,20.573212,894.7971,12.392243,226.40366,77.43824
2024-07-20 16:00:00,24.618683,20.701141,895.1772,12.461705,225.31224,78.84252
2024-07-20 17:00:00,24.0354,20.65097,895.22943,12.539396,224.93834,81.39503
2024-07-20 18:00:00,23.88498,20.603851,895.0061,12.7031555,225.38641,81.89594
2024-07-20 19:00:00,23.758942,20.612915,894.6023,12.874816,226.18805,82.56527
2024-07-20 20:00:00,23.308777,20.470795,894.2557,12.931803,226.93462,84.09627
2024-07-20 21:00:00,23.180054,20.463531,893.993,12.946041,227.5247,84.7148
2024-07-20 22:00:00,22.875824,20.296661,893.78925,12.110166,228.5878,85.40445
2024-07-20 23:00:00,22.855347,20.298615,893.85706,12.140592,227.96033,85.520775
2024-07-21 00:00:00,23.01706,20.33554,894.1268,12.133804,226.79529,84.88082
2024-07-21 01:00:00,23.100464,20.351746,894.61206,12.171608,225.00003,84.53816
2024-07-21 02:00:00,24.017487,20.592163,895.06335,12.380946,222.93225,81.18794
2024-07-21 03:00:00,24.36502,20.584442,895.3714,12.818376,222.22603,79.47514
2024-07-21 04:00:00,24.682465,20.553406,895.56604,13.316409,222.4689,77.830795
2024-07-21 05:00:00,25.923584,20.767303,895.52856,13.636618,223.34172,73.25024
2024-07-21 06:00:00,26.39093,20.724121,895.3142,13.904764,224.808,71.065216
2024-07-21 07:00:00,26.547516,20.729187,894.86523,14.046583,226.20995,70.43398
2024-07-21 08:00:00,27.07257,20.720795,894.33276,14.064851,227.55573,68.25648
2024-07-21 09:00:00,27.05008,20.690948,893.7928,13.9629,228.78117,68.22119
2024-07-21 10:00:00,26.61557,20.580536,893.3035,12.3826,231.4395,69.5126
2024-07-21 11:00:00,26.523956,20.548187,893.20593,12.387287,229.57544,69.74968
2024-07-21 12:00:00,26.399506,20.531006,893.4359,12.264936,227.25182,70.18912
2024-07-21 13:00:00,26.13266,20.581696,893.91016,12.201145,224.47469,71.52727
2024-07-21 14:00:00,25.295135,20.571228,894.5277,12.23997,221.61003,75.12129
2024-07-21 15:00:00,24.741364,20.65683,895.10205,12.375292,219.55734,78.05326
2024-07-21 16:00:00,24.583405,20.74472,895.5276,12.640744,218.5391,79.22133
2024-07-21 17:00:00,24.054718,20.658081,895.6804,12.943886,218.48808,81.3363
2024-07-21 18:00:00,23.834747,20.638824,895.53546,13.21918,219.19301,82.32091
2024-07-21 19:00:00,23.68988,20.632446,895.20544,13.452633,220.1859,83.00905
2024-07-21 20:00:00,23.266907,20.533539,894.8777,13.615415,221.42111,84.63607
2024-07-21 21:00:00,23.165833,20.486359,894.61804,13.727347,222.59538,84.90715
2024-07-21 22:00:00,22.816833,20.309723,894.4891,13.001777,224.1949,85.77942
2024-07-21 23:00:00,22.770752,20.308624,894.60455,13.287835,225.27217,86.01353
2024-07-22 00:00:00,22.915619,20.338837,894.93536,13.399575,225.5304,85.42104
2024-07-22 01:00:00,22.981873,20.298676,895.3965,13.406746,225.13058,84.8683
2024-07-22 02:00:00,23.729523,20.480316,895.7882,13.616219,224.7064,82.038155
2024-07-22 03:00:00,24.016083,20.479004,896.09467,13.97815,225.27133,80.63024
2024-07-22 04:00:00,24.280579,20.437195,896.2804,14.40799,226.79662,79.15625
2024-07-22 05:00:00,25.451447,20.738556,896.2402,14.704168,228.45312,75.19751
2024-07-22 06:00:00,25.886902,20.707153,896.0117,14.868774,229.72603,73.1382
2024-07-22 07:00:00,26.006042,20.638245,895.60913,14.911593,230.89502,72.316536
2024-07-22 08:00:00,26.6362,20.653961,895.10913,14.858986,231.61398,69.743034
2024-07-22 09:00:00,26.644196,20.599121,894.5935,14.715633,232.30835,69.47505
2024-07-22 10:00:00,26.110657,20.476593,894.0606,13.1015835,231.73448,71.15773
2024-07-22 11:00:00,25.99292,20.402924,893.9648,13.125573,230.88138,71.33007
2024-07-22 12:00:00,25.831696,20.407501,894.1771,13.1147995,229.30533,72.03472
2024-07-22 13:00:00,25.657532,20.47055,894.675,13.206874,227.49094,73.06614
2024-07-22 14:00:00,24.96399,20.50061,895.31116,13.274853,225.51999,76.28483
2024-07-22 15:00:00,24.43512,20.507233,895.9166,13.426662,224.4524,78.766335
2024-07-22 16:00:00,24.218903,20.560425,896.3404,13.696609,224.08186,80.05566
2024-07-22 17:00:00,23.718048,20.496948,896.54083,13.9523735,224.3209,82.17911
2024-07-22 18:00:00,23.570831,20.488953,896.4203,14.25656,225.56296,82.87015
2024-07-22 19:00:00,23.450134,20.515228,896.10974,14.472583,227.05043,83.61074
2024-07-22 20:00:00,23.033142,20.353973,895.70953,14.689697,228.6016,84.894806
2024-07-22 21:00:00,22.904938,20.3349,895.41907,14.836536,230.04237,85.455574
2024-07-22 22:00:00,22.623657,20.129486,895.3516,13.730182,230.90959,85.828865
2024-07-22 23:00:00,22.573761,20.131653,895.2665,13.93733,231.02458,86.10077
2024-07-23 00:00:00,22.721191,20.189667,895.3641,13.978638,230.92036,85.640564
2024-07-23 01:00:00,22.77887,20.150269,895.72296,13.997321,230.73708,85.13394
2024-07-23 02:00:00,23.575745,20.387787,896.0242,14.210445,230.62949,82.33005
2024-07-23 03:00:00,23.849884,20.337128,896.18823,14.607573,231.16512,80.72962
2024-07-23 04:00:00,24.144897,20.328613,896.3027,14.922395,232.17363,79.26987
2024-07-23 05:00:00,25.073792,20.464355,896.2346,15.233033,233.66847,75.61783
2024-07-23 06:00:00,25.554718,20.55429,895.9358,15.492809,235.17946,73.894
2024-07-23 07:00:00,25.767212,20.57779,895.42413,15.668393,236.73553,73.074036
2024-07-23 08:00:00,26.31955,20.592957,894.7978,15.735624,238.01688,70.79097
2024-07-23 09:00:00,26.29364,20.490204,894.18585,15.664026,239.12039,70.451584
2024-07-23 10:00:00,25.950531,20.186249,893.6,14.176556,239.46667,70.55855
2024-07-23 11:00:00,25.843292,20.162903,893.4012,14.240751,239.12494,70.9057
2024-07-23 12:00:00,25.759552,20.16092,893.48553,14.028613,237.49887,71.24973
2024-07-23 13:00:00,25.596558,20.3143,893.8307,13.931925,235.00012,72.62714
2024-07-23 14:00:00,24.861023,20.387909,894.2678,13.920274,232.36505,76.22299
2024-07-23 15:00:00,24.316772,20.379364,894.7113,14.019245,230.62534,78.70328
2024-07-23 16:00:00,24.110382,20.44458,895.0371,14.256818,229.86128,80.00491
2024-07-23 17:00:00,23.657318,20.358582,895.1587,14.626569,229.94145,81.7789
2024-07-23 18:00:00,23.479279,20.354828,894.9483,15.030969,230.77538,82.64189
2024-07-23 19:00:00,23.377686,20.368011,894.5295,15.38376,231.87012,83.21764
2024-07-23 20:00:00,22.96939,20.235413,894.0864,15.645305,233.17596,84.60116
2024-07-23 21:00:00,22.870789,20.24176,893.6895,15.859049,234.56528,85.1412
2024-07-23 22:00:00,22.58786,20.031677,893.20294,14.937203,235.6087,85.49662
2024-07-23 23:00:00,22.5513,20.052612,893.1026,15.207793,235.63293,85.79771
2024-07-24 00:00:00,22.667328,20.09436,893.1272,15.293121,235.37967,85.41593
2024-07-24 01:00:00,22.760742,20.072357,893.37085,15.340699,234.74483,84.81779
2024-07-24 02:00:00,23.651154,20.32605,893.5948,15.5859585,233.47218,81.64509
2024-07-24 03:00:00,23.954681,20.295044,893.7938,16.16516,233.26993,80.01441
2024-07-24 04:00:00,24.22342,20.249481,893.85187,16.633806,234.02881,78.51263
2024-07-24 05:00:00,25.288422,20.391693,893.7862,17.003878,235.38698,74.323616
2024-07-24 06:00:00,25.725555,20.421143,893.43915,17.240898,236.52188,72.55044
2024-07-24 07:00:00,25.863922,20.478577,892.9303,17.35308,237.44968,72.213326
2024-07-24 08:00:00,26.3862,20.506073,892.2658,17.30711,238.21011,70.13632
2024-07-24 09:00:00,26.382019,20.519135,891.63763,17.212688,238.8122,70.210144
2024-07-24 10:00:00,26.077087,20.402954,891.0653,15.679507,238.38611,70.97589
2024-07-24 11:00:00,25.921875,20.380127,890.95807,15.701349,236.927,71.52998
2024-07-24 12:00:00,25.747711,20.331848,891.076,15.790551,235.47997,72.05687
2024-07-24 13:00:00,25.563232,20.4245,891.38837,15.816959,234.22704,73.26775
2024-07-24 14:00:00,24.79538,20.416168,891.81665,15.766227,232.78015,76.65589
2024-07-24 15:00:00,24.22696,20.397003,892.3518,15.881544,231.82117,79.214386
2024-07-24 16:00:00,24.111633,20.473724,892.7135,16.091627,231.4568,80.14286
2024-07-24 17:00:00,23.615051,20.392426,892.8303,16.356918,231.58875,82.15881
2024-07-24 18:00:00,23.491028,20.412537,892.5959,16.60542,232.16211,82.878075
2024-07-24 19:00:00,23.380737,20.414337,892.1893,16.810373,233.19986,83.440575
2024-07-24 20:00:00,22.972229,20.31015,891.7428,16.923391,234.37363,84.97807
2024-07-24 21:00:00,22.904083,20.293701,891.3892,16.926306,235.4335,85.2428
2024-07-24 22:00:00,22.733093,20.157318,891.06854,15.947516,236.44504,85.40777
2024-07-24 23:00:00,22.682129,20.165985,891.1111,16.216974,236.41382,85.71812
2024-07-25 00:00:00,22.81543,20.23111,891.3521,16.261536,236.35875,85.371056
2024-07-25 01:00:00,22.90039,20.22232,891.7505,16.2009,235.52364,84.88662
2024-07-25 02:00:00,23.743805,20.49234,892.18353,16.435537,234.38824,82.02849
2024-07-25 03:00:00,23.992981,20.458313,892.44147,16.738552,234.41008,80.63919
2024-07-25 04:00:00,24.243378,20.471985,892.6129,17.066282,234.99933,79.503456
2024-07-25 05:00:00,25.424927,20.7099,892.53015,17.282673,235.85672,75.18334
2024-07-25 06:00:00,25.92337,20.714996,892.24603,17.459396,236.72992,73.01566
2024-07-25 07:00:00,26.03418,20.729248,891.7946,17.56456,237.62253,72.60203
2024-07-25 08:00:00,26.508331,20.738983,891.2782,17.56153,238.457,70.639435
2024-07-25 09:00:00,26.527283,20.633148,890.823,17.58829,239.42722,70.102104
2024-07-25 10:00:00,26.07019,20.575195,890.3635,16.35693,239.44046,71.76322
2024-07-25 11:00:00,25.942993,20.50064,890.3074,16.34039,239.37283,71.973816
2024-07-25 12:00:00,25.841583,20.55072,890.5697,16.19337,238.61691,72.63138
2024-07-25 13:00:00,25.679657,20.586456,891.0558,16.00932,237.58963,73.4937
2024-07-25 14:00:00,24.886444,20.569153,891.62134,15.796452,236.04807,76.96314
2024-07-25 15:00:00,24.472168,20.592468,892.2054,15.791006,235.22852,79.00593
2024-07-25 16:00:00,24.328613,20.616364,892.6582,15.92167,234.94513,79.80552
2024-07-25 17:00:00,23.857391,20.572113,892.79443,16.096153,235.32678,81.871605
2024-07-25 18:00:00,23.655365,20.513947,892.6105,16.297686,236.1847,82.576385
2024-07-25 19:00:00,23.526855,20.5307,892.2966,16.523664,237.37605,83.30428
2024-07-25 20:00:00,23.111328,20.360992,891.9882,16.702606,238.53014,84.53088
2024-07-25 21:00:00,22.986328,20.316956,891.7739,16.71596,239.84055,84.94128
2024-07-25 22:00:00,22.797821,20.180542,891.5082,15.515297,240.94211,85.19554
2024-07-25 23:00:00,22.735626,20.141052,891.6231,15.57799,240.85822,85.30883
2024-07-26 00:00:00,22.886383,20.19928,891.8387,15.568598,240.47372,84.83778
2024-07-26 01:00:00,22.969147,20.189178,892.3091,15.549182,240.07706,84.36096
2024-07-26 02:00:00,23.640717,20.31894,892.76935,15.654477,239.4127,81.66055
2024-07-26 03:00:00,23.985657,20.32724,893.0921,15.908927,239.21194,80.024605
2024-07-26 04:00:00,24.255402,20.348358,893.2664,16.1352,239.59431,78.842285
2024-07-26 05:00:00,25.457825,20.617249,893.1661,16.163908,239.94989,74.60947
2024-07-26 06:00:00,25.84439,20.600922,892.92334,16.242798,240.40623,72.844345
2024-07-26 07:00:00,25.978088,20.600922,892.5382,16.222765,240.66473,72.269875
2024-07-26 08:00:00,26.546478,20.605072,892.08826,16.21182,241.27588,69.90181
2024-07-26 09:00:00,26.594757,20.548859,891.62897,16.033293,241.64853,69.46213
2024-07-26 10:00:00,26.262268,20.392487,891.2782,14.427487,242.78714,70.157936
2024-07-26 11:00:00,26.163849,20.387451,891.27686,14.312548,241.97685,70.545204
2024-07-26 12:00:00,26.068207,20.400024,891.6085,14.236381,240.42447,71.00035
2024-07-26 13:00:00,25.915497,20.47116,892.1287,14.195876,238.3215,71.96014
2024-07-26 14:00:00,25.061737,20.534119,892.7826,14.243728,236.12509,75.99848
2024-07-26 15:00:00,24.575623,20.526123,893.41656,14.355283,234.77661,78.19788
2024-07-26 16:00:00,24.468048,20.6221,893.88385,14.536415,234.0474,79.16985
2024-07-26 17:00:00,23.946411,20.515106,894.08484,14.779118,234.14923,81.1489
2024-07-26 18:00:00,23.777405,20.49884,893.9914,15.049498,234.89807,81.89562
2024-07-26 19:00:00,23.657806,20.470459,893.79236,15.182446,235.9923,82.34307
2024-07-26 20:00:00,23.255676,20.381958,893.491,15.23033,237.15823,83.90517
2024-07-26 21:00:00,23.134918,20.326996,893.2751,15.191774,238.22507,84.23339
2024-07-26 22:00:00,22.974213,20.235474,893.1804,14.283841,241.65526,84.57677
2024-07-26 23:00:00,22.949097,20.192444,893.30975,14.191928,241.41083,84.48046
2024-07-27 00:00:00,23.069916,20.170563,893.5669,13.923187,240.55698,83.751656
2024-07-27 01:00:00,23.116394,20.126862,894.1202,13.572873,239.6485,83.29114
2024-07-27 02:00:00,23.844543,20.317596,894.6347,13.324649,238.15866,80.6582
2024-07-27 03:00:00,24.154968,20.28888,894.94995,13.321638,237.4987,79.027794
2024-07-27 04:00:00,24.413025,20.2753,895.0222,13.337172,237.3781,77.7495
2024-07-27 05:00:00,25.461761,20.477478,894.8251,13.351091,237.58618,73.95201
2024-07-27 06:00:00,25.914795,20.489227,894.49994,13.325782,237.9332,72.04335
2024-07-27 07:00:00,26.064972,20.508331,894.0554,13.334836,238.63052,71.49006
2024-07-27 08:00:00,26.615204,20.563538,893.63135,13.200282,239.27788,69.441315
2024-07-27 09:00:00,26.623383,20.526703,893.2312,13.010045,240.00006,69.25041
2024-07-27 10:00:00,26.245148,20.254547,892.82526,11.667473,243.35832,69.6332
2024-07-27 11:00:00,26.203583,20.256226,892.67,11.453651,241.4747,69.81167
2024-07-27 12:00:00,26.093414,20.279877,892.9443,11.356652,238.46182,70.37055
2024-07-27 13:00:00,25.861084,20.378021,893.44244,11.481886,234.55148,71.77866
2024-07-27 14:00:00,25.035126,20.47226,894.0689,11.575778,231.27374,75.829254
2024-07-27 15:00:00,24.542786,20.415833,894.6188,11.79066,228.77513,77.820366
2024-07-27 16:00:00,24.36267,20.506226,895.0472,12.11478,227.61998,79.103935
2024-07-27 17:00:00,23.874695,20.439056,895.2014,12.475277,227.89226,81.11804
2024-07-27 18:00:00,23.697083,20.427246,895.00366,12.876288,229.15417,81.92982
2024-07-27 19:00:00,23.509705,20.38443,894.6107,13.212238,230.87259,82.64128
2024-07-27 20:00:00,23.129242,20.258087,894.18225,13.3713,232.63452,83.904396
2024-07-27 21:00:00,23.021301,20.227844,893.84125,13.403936,234.33508,84.29632
2024-07-27 22:00:00,22.767883,20.012146,893.5835,12.949192,236.25908,84.46573
2024-07-27 23:00:00,22.645752,19.981812,893.63947,12.973736,236.22336,84.93411
2024-07-28 00:00:00,22.786102,20.004517,893.9895,12.827603,236.13568,84.33266
2024-07-28 01:00:00,22.918854,20.04477,894.4397,12.582944,235.77905,83.86575
2024-07-28 02:00:00,23.854736,20.23352,894.9004,12.438644,235.23093,80.19116
2024-07-28 03:00:00,24.220398,20.20044,895.1222,12.470945,235.32278,78.2892
2024-07-28 04:00:00,24.489899,20.1503,895.1778,12.462245,236.2398,76.79687
2024-07-28 05:00:00,25.520508,20.238373,894.97217,12.417946,236.95432,72.6144
2024-07-28 06:00:00,25.919373,20.266937,894.5502,12.331363,237.54356,71.04221
2024-07-28 07:00:00,26.084595,20.260742,894.01776,12.42429,238.40784,70.324066
2024-07-28 08:00:00,26.650269,20.211792,893.4476,12.384269,239.14615,67.80961
2024-07-28 09:00:00,26.729126,20.182007,892.9881,12.274297,239.69879,67.37134
2024-07-28 10:00:00,26.387238,19.972809,892.427,10.9052725,243.42984,67.85852
2024-07-28 11:00:00,26.31601,19.963165,892.33844,10.815789,240.99725,68.103745
2024-07-28 12:00:00,26.152191,19.911469,892.49835,10.795555,237.37578,68.546196
2024-07-28 13:00:00,25.891388,20.124298,892.87897,11.088577,233.026,70.53537
2024-07-28 14:00:00,25.034729,20.200012,893.30994,11.36567,229.76859,74.566826
2024-07-28 15:00:00,24.422272,20.173096,893.755,11.665379,227.3388,77.217186
2024-07-28 16:00:00,24.285095,20.246826,894.0672,12.024394,225.88324,78.21001
2024-07-28 17:00:00,23.781342,20.129883,894.16095,12.363356,225.36801,80.031555
2024-07-28 18:00:00,23.599884,20.089813,894.0312,12.722907,225.98195,80.710396
2024-07-28 19:00:00,23.450714,20.078522,893.70795,13.009896,227.11664,81.3826
2024-07-28 20:00:00,22.928284,19.896149,893.37787,13.192228,228.1325,83.05
2024-07-28 21:00:00,22.797455,19.844574,893.127,13.272625,228.99649,83.44377
2024-07-28 22:00:00,22.462463,19.665344,892.95447,12.662208,231.4301,84.21618
2024-07-28 23:00:00,22.391266,19.661285,893.0449,12.721879,231.30952,84.56013
2024-07-29 00:00:00,22.56955,19.753113,893.3287,12.641827,230.48148,84.12708
2024-07-29 01:00:00,22.767395,19.77951,893.8137,12.489596,229.4366,83.25942
2024-07-29 02:00:00,23.895966,19.961792,894.3208,12.357572,227.6245,78.65918
2024-07-29 03:00:00,24.228607,19.777832,894.65985,12.408916,226.401,76.22974
2024-07-29 04:00:00,24.492493,19.717712,894.7528,12.479096,226.42935,74.754814
2024-07-29 05:00:00,25.579681,19.762268,894.61664,12.472795,227.05183,70.25802
2024-07-29 06:00:00,26.046997,19.814667,894.3045,12.470083,228.00116,68.56136
2024-07-29 07:00:00,26.213837,19.767029,893.89764,12.479979,229.53754,67.68819
2024-07-29 08:00:00,26.724426,19.660004,893.4129,12.355588,230.61043,65.24565
2024-07-29 09:00:00,26.750854,19.609528,893.0065,12.145759,231.34108,64.940414
2024-07-29 10:00:00,26.460602,19.487976,892.6337,11.277512,234.53485,65.563515
2024-07-29 11:00:00,26.376709,19.431213,892.6294,11.090998,233.14789,65.6567
2024-07-29 12:00:00,26.174103,19.546265,892.9501,10.941468,230.41785,66.923904
2024-07-29 13:00:00,25.867035,19.857513,893.4813,10.837317,227.80835,69.47998
2024-07-29 14:00:00,24.958527,19.869843,894.1348,10.938286,225.13591,73.39117
2024-07-29 15:00:00,24.406464,19.83603,894.7693,11.115211,222.94557,75.69419
2024-07-29 16:00:00,24.252167,19.931793,895.2872,11.413576,221.6647,76.85197
2024-07-29 17:00:00,23.742188,19.93045,895.5465,11.722105,221.38098,79.23616
2024-07-29 18:00:00,23.560638,19.965027,895.5426,12.022104,222.19559,80.27904
2024-07-29 19:00:00,23.382233,19.87436,895.3103,12.286485,223.71588,80.69295
2024-07-29 20:00:00,22.923523,19.799286,895.0494,12.492205,225.0797,82.576675
2024-07-29 21:00:00,22.806702,19.784088,894.7957,12.563102,226.53957,83.08485
2024-07-29 22:00:00,22.475647,19.550781,894.7508,12.191074,230.76222,83.552246
2024-07-29 23:00:00,22.41925,19.535065,894.8421,12.307323,230.93083,83.75728
2024-07-30 00:00:00,22.590607,19.646362,895.13385,12.268562,231.08182,83.464874
2024-07-30 01:00:00,22.816162,19.691315,895.62354,12.148314,230.78868,82.560715
2024-07-30 02:00:00,23.957825,19.827637,896.1113,12.115164,230.45479,77.718544
2024-07-30 03:00:00,24.298828,19.707214,896.4817,12.271144,230.72896,75.57769
2024-07-30 04:00:00,24.556122,19.659454,896.6472,12.264677,232.02196,74.201996
2024-07-30 05:00:00,25.633331,19.737122,896.5839,12.174267,233.1997,69.92548
2024-07-30 06:00:00,26.104034,19.71222,896.3393,12.162441,234.25362,67.897675
2024-07-30 07:00:00,26.243164,19.697174,895.96716,12.066195,235.24466,67.278786
2024-07-30 08:00:00,26.826935,19.776062,895.5425,11.953186,236.34262,65.32198
2024-07-30 09:00:00,26.823303,19.829071,895.1808,11.760291,237.04858,65.55101
2024-07-30 10:00:00,26.51593,19.591736,894.70807,10.685862,242.26031,65.77258
2024-07-30 11:00:00,26.434814,19.602936,894.6679,10.35348,239.37138,66.13392
2024-07-30 12:00:00,26.261414,19.730225,894.89154,10.283464,235.01944,67.34426
2024-07-30 13:00:00,25.94574,20.045074,895.3261,10.277099,231.5789,69.96491
2024-07-30 14:00:00,25.18277,20.15567,895.8945,10.504558,228.83798,73.70974
2024-07-30 15:00:00,24.554016,20.116547,896.54047,10.754028,226.90326,76.34325
2024-07-30 16:00:00,24.38733,20.235443,896.9815,11.106541,225.63249,77.67771
2024-07-30 17:00:00,23.771393,20.142975,897.12885,11.540453,225.26343,80.14433
2024-07-30 18:00:00,23.56781,20.14914,896.9517,11.972502,225.82092,81.16382
2024-07-30 19:00:00,23.407654,20.17154,896.6268,12.349332,226.80524,82.06505
2024-07-30 20:00:00,22.950684,19.97998,896.2732,12.687193,228.12778,83.36923
2024-07-30 21:00:00,22.743988,19.894867,896.00635,12.867216,229.617,83.976036
2024-07-30 22:00:00,22.609924,19.74585,895.92413,11.948621,231.9252,83.88331
2024-07-30 23:00:00,22.554962,19.73526,895.9498,12.011207,231.54669,84.10839
2024-07-31 00:00:00,22.714142,19.840637,896.1565,12.057722,231.28682,83.845894
2024-07-31 01:00:00,22.974243,19.8815,896.5093,12.145368,231.18964,82.74412
2024-07-31 02:00:00,24.112762,20.044525,896.95447,12.366423,230.7368,78.04015
2024-07-31 03:00:00,24.421082,19.894714,897.28735,12.868296,231.29865,75.9035
2024-07-31 04:00:00,24.661499,19.821625,897.3964,13.181533,232.12753,74.4814
2024-07-31 05:00:00,25.769653,19.898132,897.25,13.352835,233.3259,70.05822
2024-07-31 06:00:00,26.273438,19.916412,896.91425,13.531613,234.49092,68.07772
2024-07-31 07:00:00,26.409973,19.902191,896.4507,13.595283,235.2511,67.47176
2024-07-31 08:00:00,26.972412,19.93692,895.9006,13.5495205,235.46567,65.414635
2024-07-31 09:00:00,27.027191,19.933899,895.3972,13.464365,235.41232,65.19229
2024-07-31 10:00:00,26.593964,19.76529,894.7941,12.398624,240.22427,66.17978
2024-07-31 11:00:00,26.47525,19.765411,894.5969,12.336652,237.70073,66.64501
2024-07-31 12:00:00,26.275452,19.98639,894.7486,12.106945,234.7753,68.36527
2024-07-31 13:00:00,25.984467,20.06073,895.03674,11.84998,231.08751,69.8724
2024-07-31 14:00:00,25.118378,20.118652,895.61523,11.809743,228.02997,73.82376
2024-07-31 15:00:00,24.323029,20.07483,896.2193,11.956066,225.69359,77.2069
2024-07-31 16:00:00,24.151855,20.12146,896.6783,12.257167,224.45018,78.22879
2024-07-31 17:00:00,23.555786,20.071716,896.7523,12.596882,223.85712,80.83461
2024-07-31 18:00:00,23.349792,20.029602,896.5227,12.981802,224.18259,81.63218
2024-07-31 19:00:00,23.18985,20.05896,896.0984,13.337676,224.84999,82.57454
2024-07-31 20:00:00,22.671753,19.906128,895.6261,13.613614,225.83029,84.40363
2024-07-31 21:00:00,22.58731,19.956207,895.2403,13.778735,227.14923,85.10089
2024-07-31 22:00:00,22.256836,19.575531,894.878,12.435972,231.49521,84.801704
2024-07-31 23:00:00,22.222382,19.572174,894.8993,12.660833,230.53891,84.96202
2024-08-01 00:00:00,22.330078,19.68277,895.16,12.842568,229.85548,84.988594
2024-08-01 01:00:00,22.459442,19.70691,895.57935,12.912636,229.10664,84.44921
2024-08-01 02:00:00,23.367462,19.938965,895.9507,13.216073,228.11536,81.08882
2024-08-01 03:00:00,23.632263,19.942352,896.2859,13.650205,227.77455,79.82114
2024-08-01 04:00:00,23.83368,19.84311,896.5118,14.083135,228.41322,78.37586
2024-08-01 05:00:00,24.725555,20.026367,896.5479,14.26237,229.22728,75.143906
2024-08-01 06:00:00,25.196411,20.07785,896.32245,14.365617,230.242,73.29622
2024-08-01 07:00:00,25.362488,20.13562,895.88306,14.289872,230.93214,72.83536
2024-08-01 08:00:00,25.675964,20.177094,895.3683,14.2077875,231.55565,71.67543
2024-08-01 09:00:00,25.735107,20.198425,894.9203,13.981154,231.97763,71.51872
2024-08-01 10:00:00,25.274628,20.149902,894.387,12.19963,235.785,73.28171
2024-08-01 11:00:00,25.143341,20.16858,894.41235,12.004246,233.47882,73.94202
2024-08-01 12:00:00,24.976807,20.26764,894.65173,11.685511,230.99089,75.13815
2024-08-01 13:00:00,24.746521,20.302704,895.169,11.5243435,228.06833,76.34318
2024-08-01 14:00:00,24.046112,20.32965,895.73773,11.492597,225.93285,79.74645
2024-08-01 15:00:00,23.491302,20.269104,896.32025,11.541004,224.28032,82.14592
2024-08-01 16:00:00,23.31723,20.29486,896.7238,11.695032,223.22974,83.14546
2024-08-01 17:00:00,22.847809,20.170868,896.8301,11.960682,223.00896,84.88703
2024-08-01 18:00:00,22.69223,20.151245,896.55383,12.252168,223.69814,85.5876
2024-08-01 19:00:00,22.555115,20.1232,896.05554,12.56553,224.96394,86.15323
2024-08-01 20:00:00,22.184235,19.967346,895.5073,12.811294,226.40797,87.2725
2024-08-01 21:00:00,22.085144,19.933594,895.0343,12.924689,227.63776,87.61753
2024-08-01 22:00:00,21.929932,19.830383,894.7307,12.324999,232.23996,87.88681
2024-08-01 23:00:00,21.889069,19.776031,894.8279,12.467261,232.08594,87.80982
2024-08-02 00:00:00,22.014648,19.826752,895.1055,12.506022,232.09372,87.414185
2024-08-02 01:00:00,22.084473,19.803955,895.5235,12.409612,231.86833,86.91999
2024-08-02 02:00:00,22.83667,19.935852,895.92365,12.398003,231.40321,83.71786
2024-08-02 03:00:00,23.049866,19.868683,896.2433,12.481311,231.29713,82.30091
2024-08-02 04:00:00,23.261993,19.83435,896.36475,12.595133,231.23602,81.079575
2024-08-02 05:00:00,24.185455,20.027466,896.25256,12.705483,231.42453,77.61852
2024-08-02 06:00:00,24.523743,20.069977,895.8988,12.821093,231.63344,76.26161
2024-08-02 07:00:00,24.678345,20.082611,895.44727,12.8231125,231.8745,75.618904
2024-08-02 08:00:00,25.225311,20.19934,894.9467,12.824961,232.32204,73.72209
2024-08-02 09:00:00,25.235565,20.181915,894.5388,12.65704,232.77881,73.597786
2024-08-02 10:00:00,24.879547,19.996521,894.00977,12.148427,236.4403,74.31868
2024-08-02 11:00:00,24.817047,19.988953,894.05334,11.667601,235.44926,74.561516
2024-08-02 12:00:00,24.701416,19.983337,894.34064,11.251907,232.95728,75.05215
2024-08-02 13:00:00,24.512085,20.131165,894.86,11.089377,230.30064,76.604256
2024-08-02 14:00:00,23.82132,20.115723,895.4826,11.116119,227.93234,79.76941
2024-08-02 15:00:00,23.273254,20.061005,896.1258,11.164071,226.17058,82.169846
2024-08-02 16:00:00,23.129517,20.081757,896.645,11.253373,225.02313,82.993195
2024-08-02 17:00:00,22.703003,19.987366,896.9386,11.419414,224.4509,84.66871
2024-08-02 18:00:00,22.590607,19.99347,896.81885,11.632842,225.09518,85.28041
2024-08-02 19:00:00,22.483704,19.96582,896.4459,11.860197,226.15575,85.689064
2024-08-02 20:00:00,22.13742,19.807037,895.9724,11.9695215,227.65857,86.65661
2024-08-02 21:00:00,22.018738,19.824219,895.5402,12.011424,228.88834,87.37868
2024-08-02 22:00:00,21.769836,19.568542,895.3452,11.057772,232.8869,87.31967
2024-08-02 23:00:00,21.714783,19.589417,895.44354,11.134358,231.78549,87.72753
2024-08-03 00:00:00,21.914886,19.716583,895.8057,11.093616,230.7262,87.3489
2024-08-03 01:00:00,22.068787,19.752441,896.2818,11.008693,229.90474,86.725624
2024-08-03 02:00:00,22.844055,19.794617,896.7659,10.933275,228.7088,82.95115
2024-08-03 03:00:00,23.257782,19.887695,897.1626,10.995157,228.20277,81.36877
2024-08-03 04:00:00,23.523438,19.824432,897.3853,11.171836,228.59883,79.76137
2024-08-03 05:00:00,24.45227,19.896423,897.3857,11.303829,229.31491,75.76993
2024-08-03 06:00:00,24.85257,19.958282,897.1266,11.405967,230.2244,74.26239
2024-08-03 07:00:00,24.977173,19.932404,896.7392,11.408506,231.13647,73.594315
2024-08-03 08:00:00,25.403076,20.038177,896.2898,11.245515,231.96626,72.223076
2024-08-03 09:00:00,25.450134,20.045502,895.8234,11.017719,232.6336,72.05402
2024-08-03 10:00:00,25.130493,19.935913,895.35876,10.566204,238.48007,72.940765
2024-08-03 11:00:00,25.043457,19.900055,895.3725,10.115067,237.27925,73.1573
2024-08-03 12:00:00,24.954407,19.92981,895.6912,9.80739,234.26791,73.68247
2024-08-03 13:00:00,24.768158,20.098145,896.2349,9.727362,230.73814,75.28656
2024-08-03 14:00:00,24.033844,20.112366,896.92896,9.735518,227.82272,78.74063
2024-08-03 15:00:00,23.438477,20.037903,897.5772,9.786388,225.25769,81.23822
2024-08-03 16:00:00,23.263855,20.085083,898.1115,9.93454,223.42209,82.339096
2024-08-03 17:00:00,22.834839,19.973633,898.3226,10.128658,223.02,83.92327
2024-08-03 18:00:00,22.717285,19.935822,898.12836,10.341304,224.3311,84.3258
2024-08-03 19:00:00,22.600555,19.921265,897.66583,10.482814,226.07489,84.84866
2024-08-03 20:00:00,22.238861,19.790314,897.13745,10.589776,228.09833,86.03372
2024-08-03 21:00:00,22.111145,19.743744,896.7735,10.604583,229.64034,86.45539
2024-08-03 22:00:00,21.978088,19.575806,896.4775,9.725894,233.3154,86.25566
2024-08-03 23:00:00,21.918243,19.55603,896.57916,9.7480955,233.12796,86.46487
2024-08-04 00:00:00,22.028198,19.637909,896.7981,9.737047,232.61407,86.32474
2024-08-04 01:00:00,22.210327,19.666412,897.21826,9.730821,231.70287,85.52334
2024-08-04 02:00:00,23.303345,20.001251,897.69745,9.755947,230.22028,81.71787
2024-08-04 03:00:00,23.606873,19.922272,898.1566,9.963697,228.92447,79.843956
2024-08-04 04:00:00,23.857605,19.891296,898.50336,10.179994,228.51732,78.49725
2024-08-04 05:00:00,24.935059,20.015198,898.4988,10.186465,228.66391,74.15863
2024-08-04 06:00:00,25.354584,20.024323,898.1781,10.236887,228.74509,72.36953
2024-08-04 07:00:00,25.496765,20.051514,897.6074,10.215209,228.8093,71.881424
2024-08-04 08:00:00,25.966187,20.061829,896.9381,10.165242,229.07002,69.95278
2024-08-04 09:00:00,26.000397,20.067719,896.3324,10.018186,229.57767,69.83673
2024-08-04 10:00:00,25.54663,20.07309,895.7177,9.172452,235.87814,71.764595
2024-08-04 11:00:00,25.453918,20.025574,895.6364,8.910748,233.83295,71.94904
2024-08-04 12:00:00,25.312103,20.119263,895.83234,8.707857,230.36066,72.98007
2024-08-04 13:00:00,24.947784,20.199158,896.27423,8.64778,226.67859,74.95045
2024-08-04 14:00:00,24.204193,20.248474,896.9088,8.7484255,223.73608,78.59834
2024-08-04 15:00:00,23.63504,20.259216,897.5556,8.922827,221.13005,81.38766
2024-08-04 16:00:00,23.48822,20.282867,898.1168,9.166176,219.29689,82.23105
2024-08-04 17:00:00,22.98764,20.165619,898.3254,9.461622,218.40543,84.14392
2024-08-04 18:00:00,22.846252,20.082336,898.17523,9.741012,218.52322,84.43144
2024-08-04 19:00:00,22.724182,20.101776,897.77966,10.020306,219.46425,85.16088
2024-08-04 20:00:00,22.354431,20.006744,897.355,10.238302,220.88243,86.58416
2024-08-04 21:00:00,22.22815,19.910034,897.0096,10.343327,222.47394,86.73103
2024-08-04 22:00:00,21.998291,19.702515,896.76306,10.250701,226.24414,86.829796
2024-08-04 23:00:00,21.85028,19.605927,896.921,10.247036,227.181,87.09372
2024-08-05 00:00:00,22.151337,19.776703,897.20526,10.256374,227.51039,86.42046
2024-08-05 01:00:00,22.326477,19.814453,897.6674,10.302456,227.70532,85.70443
2024-08-05 02:00:00,23.341888,20.0159,898.11383,10.472178,227.38177,81.6019
2024-08-05 03:00:00,23.647125,19.982971,898.45386,11.0118065,227.91362,79.95061
2024-08-05 04:00:00,23.920013,19.97647,898.64124,11.528376,229.22728,78.61696
2024-08-05 05:00:00,25.069794,20.128387,898.59265,11.743029,230.77228,74.08234
2024-08-05 06:00:00,25.621277,20.215515,898.32196,11.966343,232.0692,72.079384
2024-08-05 07:00:00,25.740662,20.23996,897.85864,12.10752,233.29898,71.678925
2024-08-05 08:00:00,26.25528,20.305481,897.2483,12.110796,234.72296,69.81088
2024-08-05 09:00:00,26.321869,20.368774,896.6205,12.000353,235.85971,69.80922
2024-08-05 10:00:00,25.756409,20.235199,896.00073,11.302274,244.27132,71.59097
2024-08-05 11:00:00,25.587067,20.19455,895.8176,10.985964,243.90955,72.13236
2024-08-05 12:00:00,25.425385,20.240295,895.91266,10.461152,242.39165,73.03464
2024-08-05 13:00:00,25.222778,20.358215,896.31244,9.973631,239.56334,74.46048
2024-08-05 14:00:00,24.492676,20.428131,896.86664,9.800052,236.59868,78.1133
2024-08-05 15:00:00,23.852936,20.455963,897.4734,9.7541275,234.15079,81.309044
2024-08-05 16:00:00,23.661774,20.49408,897.9027,9.845243,232.02867,82.44344
2024-08-05 17:00:00,23.055206,20.350342,898.01404,10.038889,231.0681,84.76257
2024-08-05 18:00:00,22.8833,20.335876,897.84283,10.34663,231.3561,85.57278
2024-08-05 19:00:00,22.75415,20.339722,897.41595,10.6088085,232.78894,86.26567
2024-08-05 20:00:00,22.309998,20.1445,896.9271,10.797897,234.45062,87.561676
2024-08-05 21:00:00,22.218018,20.106567,896.4747,10.857976,236.05063,87.846855
2024-08-05 22:00:00,22.026459,19.851837,896.0625,10.517333,242.98094,87.487206
2024-08-05 23:00:00,21.950958,19.86496,896.09436,10.548794,243.13647,87.96246
2024-08-06 00:00:00,22.0896,19.917847,896.26196,10.396072,242.99133,87.50835
2024-08-06 01:00:00,22.204803,19.925293,896.6184,10.27846,242.29428,86.93653
2024-08-06 02:00:00,23.01413,20.20816,897.0022,10.455432,241.66293,84.23037
2024-08-06 03:00:00,23.348541,20.145386,897.30334,10.928994,242.31702,82.22529
2024-08-06 04:00:00,23.614044,20.107025,897.36304,11.180824,242.89438,80.727486
2024-08-06 05:00:00,24.599335,20.315247,897.2124,11.217108,243.16946,77.07746
2024-08-06 06:00:00,25.032898,20.356049,896.85944,11.238655,243.14087,75.297325
2024-08-06 07:00:00,25.216644,20.417908,896.41064,11.276205,242.94965,74.76264
2024-08-06 08:00:00,25.555908,20.42572,895.8865,11.242721,242.53873,73.305145
2024-08-06 09:00:00,25.64508,20.441437,895.4328,11.143595,241.79578,72.98891
2024-08-06 10:00:00,25.333252,20.328033,894.8631,10.884725,251.6521,73.83489
2024-08-06 11:00:00,25.152496,20.271759,894.84,10.364037,249.15942,74.3745
2024-08-06 12:00:00,24.971497,20.260223,895.0,9.714496,245.2879,75.1275
2024-08-06 13:00:00,24.766937,20.308472,895.4643,9.297388,240.12483,76.27735
2024-08-06 14:00:00,24.085754,20.403503,896.06335,9.145278,235.24115,79.920425
2024-08-06 15:00:00,23.540466,20.319824,896.685,9.205575,231.51234,82.1598
2024-08-06 16:00:00,23.404877,20.32434,897.14044,9.379476,228.692,82.85749
2024-08-06 17:00:00,22.948303,20.197083,897.2939,9.637334,227.30853,84.508766
2024-08-06 18:00:00,22.774109,20.20694,897.0832,9.942545,227.15704,85.45739
2024-08-06 19:00:00,22.651001,20.173004,896.65955,10.262381,228.01794,85.91746
2024-08-06 20:00:00,22.28064,20.035706,896.18335,10.529185,229.0685,87.12978
2024-08-06 21:00:00,22.196869,20.012573,895.87415,10.680958,230.01917,87.449936
2024-08-06 22:00:00,21.950592,19.80191,895.7196,9.455541,235.45734,87.62131
2024-08-06 23:00:00,21.924438,19.805206,895.8082,9.574294,234.0364,87.77916
2024-08-07 00:00:00,22.031342,19.832642,895.99786,9.648504,232.40887,87.35718
2024-08-07 01:00:00,22.138916,19.823944,896.4208,9.755162,230.34462,86.739555
2024-08-07 02:00:00,22.904327,20.085632,896.8717,10.184706,228.33759,84.15209
2024-08-07 03:00:00,23.200317,20.027771,897.2136,10.845308,228.49323,82.36315
2024-08-07 04:00:00,23.445923,19.98581,897.34906,11.349412,229.85446,80.9403
2024-08-07 05:00:00,24.418213,20.19345,897.22656,11.583,231.26976,77.33319
2024-08-07 06:00:00,24.79477,20.221405,896.95905,11.757915,232.4278,75.742096
2024-08-07 07:00:00,24.885742,20.19107,896.5018,11.883881,233.61209,75.190765
2024-08-07 08:00:00,25.348663,20.245758,895.9461,11.882556,234.77188,73.39327
2024-08-07 09:00:00,25.389282,20.247223,895.4609,11.737581,235.88185,73.22286
2024-08-07 10:00:00,25.147919,20.020111,895.1127,10.237828,245.36832,73.24599
2024-08-07 11:00:00,25.025177,19.930481,895.0812,9.939961,243.68015,73.37527
2024-08-07 12:00:00,24.828064,19.89795,895.3885,9.466649,240.67264,74.093666
2024-08-07 13:00:00,24.633331,19.983276,895.8922,9.0490265,236.39868,75.35791
2024-08-07 14:00:00,23.979218,20.092163,896.5463,8.917616,232.70007,78.90075
2024-08-07 15:00:00,23.479828,20.029358,897.1307,8.922056,230.28079,80.99303
2024-08-07 16:00:00,23.340515,20.079742,897.575,9.075405,228.76537,81.93173
2024-08-07 17:00:00,22.848938,19.98648,897.74866,9.340186,228.51755,83.91834
2024-08-07 18:00:00,22.70224,19.960266,897.599,9.648159,229.18866,84.53068
2024-08-07 19:00:00,22.580658,19.969116,897.2511,9.880922,230.31989,85.20337
2024-08-07 20:00:00,22.228363,19.833618,896.82477,10.01947,231.63148,86.32015
2024-08-07 21:00:00,22.074524,19.731659,896.5407,10.060958,232.94598,86.5836
2024-08-07 22:00:00,21.703949,19.440948,896.3769,9.491932,239.65678,86.97949
2024-08-07 23:00:00,21.629059,19.391968,896.5327,9.468377,239.44232,87.112885
2024-08-08 00:00:00,21.770935,19.445831,896.96045,9.362927,238.59572,86.6505
2024-08-08 01:00:00,21.832642,19.402283,897.4955,9.273141,237.94197,86.09114
2024-08-08 02:00:00,22.642517,19.597137,898.0438,9.281115,237.6546,82.94837
2024-08-08 03:00:00,22.976562,19.58075,898.4247,9.570826,238.31165,81.20321
2024-08-08 04:00:00,23.278046,19.534515,898.62494,9.771351,239.73013,79.5077
2024-08-08 05:00:00,24.363922,19.71344,898.58325,9.860772,240.51358,75.31256
2024-08-08 06:00:00,24.865326,19.748322,898.30237,9.987614,241.12991,73.24646
2024-08-08 07:00:00,25.00293,19.755707,897.82245,10.0873,241.70978,72.68097
2024-08-08 08:00:00,25.514862,19.770538,897.274,10.128214,242.27078,70.56513
2024-08-08 09:00:00,25.566254,19.746552,896.84045,10.069419,242.39258,70.245514
2024-08-08 10:00:00,25.004242,19.545746,896.43756,9.122509,246.81857,71.73422
2024-08-08 11:00:00,24.933228,19.518158,896.5274,8.957336,244.53543,71.9153
2024-08-08 12:00:00,24.785461,19.560516,896.84296,8.454007,240.33754,72.74354
2024-08-08 13:00:00,24.591736,19.6781,897.34454,8.096333,234.41675,74.12984
2024-08-08 14:00:00,23.856995,19.82605,897.9526,8.023712,229.68834,78.18336
2024-08-08 15:00:00,23.24585,19.72113,898.58295,8.113754,226.31099,80.59081
2024-08-08 16:00:00,23.08603,19.768036,899.0032,8.316268,224.44214,81.61025
2024-08-08 17:00:00,22.567535,19.6474,899.1035,8.59873,224.27899,83.58725
2024-08-08 18:00:00,22.415558,19.651062,898.85126,8.919655,225.4808,84.38179
2024-08-08 19:00:00,22.253357,19.642487,898.4896,9.190206,227.28464,85.17304
2024-08-08 20:00:00,21.880096,19.4953,898.125,9.342766,229.8514,86.33999
2024-08-08 21:00:00,21.781097,19.471008,897.88556,9.394439,232.51877,86.7324
2024-08-08 22:00:00,21.505035,19.176086,897.81055,8.639477,243.0366,86.6047
2024-08-08 23:00:00,21.451935,19.170685,897.86896,8.563504,243.61234,86.85744
2024-08-09 00:00:00,21.611298,19.230865,898.1541,8.374127,243.52808,86.33754
2024-08-09 01:00:00,21.732422,19.189514,898.62195,8.214424,244.07706,85.48017
2024-08-09 02:00:00,22.682068,19.399963,899.15234,8.22097,245.24008,81.74175
2024-08-09 03:00:00,23.08023,19.33728,899.512,8.492422,248.16588,79.48328
2024-08-09 04:00:00,23.325012,19.282623,899.6514,8.578644,251.18355,78.050224
2024-08-09 05:00:00,24.532043,19.42868,899.5215,8.557562,253.74112,73.251175
2024-08-09 06:00:00,25.047058,19.46988,899.155,8.569864,255.39078,71.21483
2024-08-09 07:00:00,25.211761,19.401093,898.6247,8.601121,256.57483,70.21864
2024-08-09 08:00:00,25.858276,19.421997,898.0742,8.593846,257.29868,67.66172
2024-08-09 09:00:00,25.85022,19.32669,897.6256,8.446787,257.49286,67.29388
2024-08-09 10:00:00,25.510773,19.162994,897.1985,8.195659,263.1793,67.96634
2024-08-09 11:00:00,25.456055,19.131592,897.1061,7.8114758,261.53436,68.05434
2024-08-09 12:00:00,25.328217,19.131073,897.25586,7.2076836,256.6246,68.57128
2024-08-09 13:00:00,25.090729,19.322815,897.66797,6.6646333,248.72977,70.38304
2024-08-09 14:00:00,24.25943,19.486725,898.2381,6.5964017,241.35518,74.726166
2024-08-09 15:00:00,23.632385,19.474823,898.8752,6.7438126,235.81732,77.5383
2024-08-09 16:00:00,23.439484,19.529114,899.29065,7.0918455,232.20758,78.7103
2024-08-09 17:00:00,22.940674,19.461365,899.36725,7.489596,230.89787,80.77838
2024-08-09 18:00:00,22.712646,19.434357,899.1409,7.945364,230.88548,81.764946
2024-08-09 19:00:00,22.496887,19.447021,898.78,8.304293,232.09302,82.90815
2024-08-09 20:00:00,21.952728,19.28775,898.4107,8.624313,233.389,84.85566
2024-08-09 21:00:00,21.803558,19.284576,898.11975,8.828582,235.12988,85.614845
2024-08-09 22:00:00,21.578217,19.041962,897.9791,8.48657,244.89911,85.49993
2024-08-09 23:00:00,21.537048,19.011658,898.0058,8.37506,244.73227,85.55371
2024-08-10 00:00:00,21.714996,19.111847,898.3109,8.290307,243.44946,85.15812
2024-08-10 01:00:00,21.802155,19.046356,898.7288,8.275567,242.46184,84.36075
2024-08-10 02:00:00,22.999542,19.267914,899.07135,8.5044365,241.99835,79.528145
2024-08-10 03:00:00,23.35608,19.176788,899.3022,8.987756,243.2703,77.39223
2024-08-10 04:00:00,23.72055,19.11856,899.4063,9.2560215,245.58675,75.436295
2024-08-10 05:00:00,24.901733,19.21518,899.2957,9.448555,247.86621,70.70524
2024-08-10 06:00:00,25.397003,19.269348,898.8911,9.664708,249.40007,68.882126
2024-08-10 07:00:00,25.561676,19.296753,898.3482,9.87865,250.53821,68.327995
2024-08-10 08:00:00,26.073303,19.260681,897.6693,9.959929,251.518,66.13875
2024-08-10 09:00:00,26.11435,19.228119,897.0845,9.956264,252.34135,65.844765
2024-08-10 10:00:00,25.727478,18.990326,896.4243,9.587163,258.89447,66.37935
2024-08-10 11:00:00,25.618225,18.94342,896.2846,9.087984,257.5355,66.615715
2024-08-10 12:00:00,25.444397,18.940887,896.29913,8.421263,253.87457,67.29631
2024-08-10 13:00:00,25.211609,19.260376,896.62915,7.8735027,248.94826,69.607086
2024-08-10 14:00:00,24.322266,19.393463,897.1258,7.724203,244.10068,74.01482
2024-08-10 15:00:00,23.703552,19.436798,897.7447,7.7877564,240.94028,77.024414
2024-08-10 16:00:00,23.486664,19.480438,898.19006,8.000771,239.17355,78.24958
2024-08-10 17:00:00,22.902863,19.479645,898.25995,8.298588,238.77397,81.055595
2024-08-10 18:00:00,22.675385,19.44577,897.98584,8.579595,239.31766,82.00817
2024-08-10 19:00:00,22.532715,19.447327,897.5048,8.80134,240.34535,82.729485
2024-08-10 20:00:00,22.074371,19.298218,897.0474,8.973275,241.86264,84.283516
2024-08-10 21:00:00,21.924866,19.264496,896.7151,9.029081,243.10596,84.877045
2024-08-10 22:00:00,21.662048,19.030212,896.3984,8.617959,251.27473,85.00041
2024-08-10 23:00:00,21.604156,19.026459,896.4851,8.509663,250.62997,85.28189
2024-08-11 00:00:00,21.757996,19.099792,896.6153,8.407486,249.55322,84.87089
2024-08-11 01:00:00,21.968872,19.112488,896.95593,8.2548275,248.5298,83.851715
2024-08-11 02:00:00,23.072845,19.304169,897.31665,8.256117,246.76782,79.35508
2024-08-11 03:00:00,23.486786,19.283112,897.608,8.668762,245.73045,77.29445
2024-08-11 04:00:00,23.831818,19.181915,897.7447,8.998381,245.50499,75.22933
2024-08-11 05:00:00,24.968933,19.239746,897.5785,9.271836,245.69632,70.53022
2024-08-11 06:00:00,25.467743,19.298279,897.15936,9.538379,246.40576,68.716805
2024-08-11 07:00:00,25.582642,19.300842,896.625,9.711178,247.00858,68.26037
2024-08-11 08:00:00,26.09967,19.41513,896.02313,9.7192955,247.5477,66.67337
2024-08-11 09:00:00,26.179901,19.41043,895.5167,9.5799465,247.79558,66.3385
2024-08-11 10:00:00,25.5737,19.222351,895.0028,8.663979,258.48785,67.96369
2024-08-11 11:00:00,25.476746,19.28778,894.8647,8.05675,256.17377,68.63517
2024-08-11 12:00:00,25.327484,19.427368,894.96204,7.1544375,251.38379,69.85085
2024-08-11 13:00:00,25.085968,19.486664,895.28076,6.3861337,244.80754,71.12406
2024-08-11 14:00:00,24.268158,19.697754,895.7717,6.139045,237.29625,75.67233
2024-08-11 15:00:00,23.639679,19.706818,896.3205,6.271552,230.89166,78.629
2024-08-11 16:00:00,23.475464,19.810516,896.75977,6.607413,227.5039,79.92344
2024-08-11 17:00:00,23.0018,19.74759,896.89014,6.9455876,226.34737,81.92325
2024-08-11 18:00:00,22.804688,19.737183,896.82654,7.261919,227.08304,82.85363
2024-08-11 19:00:00,22.677948,19.7482,896.59534,7.5123696,228.10548,83.54992
2024-08-11 20:00:00,22.209381,19.621765,896.30505,7.701646,229.94098,85.29159
2024-08-11 21:00:00,22.110596,19.613129,896.0023,7.807573,231.8556,85.76027
2024-08-11 22:00:00,21.911469,19.485962,895.88654,6.9302363,240.59052,86.124825
2024-08-11 23:00:00,21.843445,19.512238,896.01416,6.989876,241.3133,86.624466
2024-08-12 00:00:00,22.07663,19.641602,896.331,6.949323,241.08713,86.09003
2024-08-12 01:00:00,22.207825,19.634094,896.8206,6.951265,240.54907,85.36496
2024-08-12 02:00:00,23.236847,19.907684,897.2518,7.2287765,239.85745,81.572685
2024-08-12 03:00:00,23.503021,19.840698,897.58765,7.719919,240.21802,79.9402
2024-08-12 04:00:00,23.784027,19.848572,897.7553,7.9374294,241.22293,78.63697
2024-08-12 05:00:00,25.062042,20.021667,897.65643,8.028315,242.15051,73.628784
2024-08-12 06:00:00,25.531525,20.08435,897.28784,8.15129,243.63458,71.879105
2024-08-12 07:00:00,25.67633,20.12201,896.7963,8.274338,245.39182,71.43016
2024-08-12 08:00:00,26.238983,20.232544,896.22107,8.2767935,247.53369,69.56393
2024-08-12 09:00:00,26.267029,20.1875,895.6942,8.138455,249.53865,69.25568
2024-08-12 10:00:00,25.742096,20.126373,895.2182,7.8645997,260.85162,71.1713
2024-08-12 11:00:00,25.598541,20.016663,895.21826,7.3191156,260.38922,71.29439
2024-08-12 12:00:00,25.44522,20.019867,895.35724,6.5280495,257.50858,71.9608
2024-08-12 13:00:00,25.162628,19.993378,895.72986,5.917516,250.19287,73.06083
2024-08-12 14:00:00,24.371246,20.126068,896.307,5.75577,243.33537,77.228584
2024-08-12 15:00:00,23.862823,20.13971,896.9685,5.74502,238.24336,79.688675
2024-08-12 16:00:00,23.723389,20.177582,897.5043,5.917623,234.32553,80.54837
2024-08-12 17:00:00,23.178314,20.034271,897.7129,6.1555457,232.84523,82.50594
2024-08-12 18:00:00,22.978027,20.013428,897.5605,6.403239,233.07544,83.40387
2024-08-12 19:00:00,22.843811,20.044678,897.2431,6.612158,234.03725,84.24738
2024-08-12 20:00:00,22.420532,19.93341,896.99475,6.75123,235.52426,85.846176
2024-08-12 21:00:00,22.303009,19.919617,896.8173,6.806009,237.37547,86.388084
2024-08-12 22:00:00,21.984833,19.748474,896.76166,6.384098,245.05643,87.14925
2024-08-12 23:00:00,21.904938,19.75943,896.95294,6.334936,245.3407,87.63455
2024-08-13 00:00:00,22.10962,19.821411,897.31036,6.2714024,245.53339,86.88087
2024-08-13 01:00:00,22.190277,19.744781,897.7531,6.1770773,244.93127,86.045235
2024-08-13 02:00:00,23.08377,19.961334,898.25336,6.2576766,244.32565,82.60505
2024-08-13 03:00:00,23.44571,19.803986,898.6039,6.4892945,244.72906,80.0346
2024-08-13 04:00:00,23.782562,19.734589,898.856,6.5591025,245.9465,78.08998
2024-08-13 05:00:00,25.088287,19.947235,898.76306,6.596647,246.80551,73.17568
2024-08-13 06:00:00,25.611847,19.946014,898.4436,6.6839523,247.79012,70.92714
2024-08-13 07:00:00,25.822754,19.944366,897.8995,6.7884197,249.2564,70.038376
2024-08-13 08:00:00,26.332947,19.987305,897.2729,6.8358417,250.99146,68.137436
2024-08-13 09:00:00,26.295166,19.909058,896.69556,6.8690443,252.3111,67.959465
2024-08-13 10:00:00,25.939636,19.850922,896.158,6.0847816,256.8512,69.153625
2024-08-13 11:00:00,25.81009,19.800293,896.0902,6.25387,255.37527,69.46797
2024-08-13 12:00:00,25.634216,19.809723,896.3589,6.1410747,250.79083,70.23733
2024-08-13 13:00:00,25.370361,19.912476,896.90405,6.0002375,244.1341,71.80263
2024-08-13 14:00:00,24.604218,20.030731,897.52814,6.035224,238.67514,75.711296
2024-08-13 15:00:00,23.942871,20.035797,898.17267,6.1163197,235.02182,78.7979
2024-08-13 16:00:00,23.759949,20.11148,898.579,6.3036532,232.68909,80.04345
2024-08-13 17:00:00,23.230438,19.943848,898.77374,6.623898,232.4766,81.78731
2024-08-13 18:00:00,23.017029,19.944397,898.6465,6.927735,234.0051,82.85231
2024-08-13 19:00:00,22.837616,19.976501,898.3572,7.1752357,236.052,83.92409
2024-08-13 20:00:00,22.369263,19.811584,897.9295,7.29514,238.24103,85.46649
2024-08-13 21:00:00,22.207672,19.776642,897.55524,7.393627,240.1239,86.12417
2024-08-13 22:00:00,21.975372,19.621216,897.40894,7.378689,249.98943,86.51357
2024-08-13 23:00:00,21.918182,19.599274,897.50397,7.407875,249.04602,86.69773
2024-08-14 00:00:00,22.007019,19.544159,897.80615,7.3074727,248.69254,85.934494
2024-08-14 01:00:00,22.124329,19.582977,898.21185,7.1613045,248.60966,85.52825
2024-08-14 02:00:00,23.212769,19.847198,898.70264,7.1567817,249.70462,81.38582
2024-08-14 03:00:00,23.637756,19.76181,899.0578,7.1439815,251.14337,78.906815
2024-08-14 04:00:00,24.010956,19.547241,899.25055,6.934569,252.5118,76.1345
2024-08-14 05:00:00,25.262665,19.58905,899.10425,6.7427588,253.67126,70.828804
2024-08-14 06:00:00,25.755249,19.552307,898.6442,6.6971054,255.41397,68.629715
2024-08-14 07:00:00,25.965485,19.532745,898.02057,6.7837834,257.36496,67.69794
2024-08-14 08:00:00,26.512695,19.446259,897.3267,6.9658594,259.3712,65.19311
2024-08-14 09:00:00,26.509674,19.382599,896.7516,7.0872626,261.55588,64.94712
2024-08-14 10:00:00,26.03482,19.354645,896.16,7.3174996,266.88397,66.67828
2024-08-14 11:00:00,25.935791,19.315338,896.1346,7.1085978,266.617,66.906395
2024-08-14 12:00:00,25.830017,19.352173,896.39557,6.6301527,262.9367,67.481384
2024-08-14 13:00:00,25.572113,19.628754,896.8035,6.150109,255.9954,69.709625
2024-08-14 14:00:00,24.756653,19.685974,897.3693,5.87135,249.47104,73.43864
2024-08-14 15:00:00,23.998383,19.674225,897.9621,5.7387176,243.52158,76.79515
2024-08-14 16:00:00,23.818176,19.736237,898.4282,5.81509,238.91444,77.93082
2024-08-14 17:00:00,23.349426,19.656921,898.5465,6.0575657,236.50533,79.76984
2024-08-14 18:00:00,23.14212,19.654236,898.31,6.3919106,236.26376,80.76165
2024-08-14 19:00:00,22.984436,19.65921,897.9307,6.620824,237.36212,81.56088
2024-08-14 20:00:00,22.469604,19.495514,897.5136,6.805832,238.59189,83.29638
2024-08-14 21:00:00,22.3414,19.481445,897.21594,6.9346304,240.216,83.87479
2024-08-14 22:00:00,21.993073,19.284454,897.0173,6.990734,248.1792,84.629745
2024-08-14 23:00:00,21.920837,19.283386,897.08295,6.9818525,247.60092,84.99782
2024-08-15 00:00:00,22.016846,19.319794,897.323,6.8365297,246.49301,84.693214
2024-08-15 01:00:00,22.204071,19.388672,897.64734,6.6846437,244.3259,84.0922
2024-08-15 02:00:00,23.15564,19.508514,898.01086,6.633472,242.44934,79.968605
2024-08-15 03:00:00,23.782654,19.522339,898.2756,6.691807,240.39429,77.06727
2024-08-15 04:00:00,24.06662,19.409058,898.392,6.76683,239.32425,75.23148
2024-08-15 05:00:00,25.226532,19.452148,898.1953,6.9364767,240.10332,70.380035
2024-08-15 06:00:00,25.716919,19.446472,897.734,7.1817455,242.04587,68.334946
2024-08-15 07:00:00,25.858612,19.353607,897.1139,7.4705167,244.55557,67.373184
2024-08-15 08:00:00,26.351532,19.30075,896.43414,7.6914124,246.96376,65.22284
2024-08-15 09:00:00,26.339478,19.211456,895.8514,7.8475904,248.77213,64.907394
2024-08-15 10:00:00,25.844788,19.032532,895.3617,7.173971,251.01048,66.09318
2024-08-15 11:00:00,25.717987,18.998322,895.18005,7.0698547,251.26106,66.44988
2024-08-15 12:00:00,25.542236,19.143372,895.34515,6.8143616,248.21002,67.75656
2024-08-15 13:00:00,25.285278,19.47583,895.7235,6.5593195,243.35094,70.23774
2024-08-15 14:00:00,24.428802,19.479126,896.3072,6.4818287,238.2489,73.93676
2024-08-15 15:00:00,23.738739,19.521332,896.9027,6.5040402,233.99365,77.26638
2024-08-15 16:00:00,23.569244,19.575714,897.33044,6.6830587,230.7399,78.3233
2024-08-15 17:00:00,22.990112,19.496368,897.5005,6.955916,229.7978,80.71239
2024-08-15 18:00:00,22.760834,19.472076,897.32086,7.224374,229.8909,81.71778
2024-08-15 19:00:00,22.602905,19.50293,897.0042,7.384644,230.94165,82.66284
2024-08-15 20:00:00,22.052307,19.307556,896.5252,7.489244,232.39793,84.446014
2024-08-15 21:00:00,21.927551,19.30777,896.17804,7.5470667,233.68665,85.09204
2024-08-15 22:00:00,21.655212,19.12326,895.77893,7.4220705,240.1303,85.530685
2024-08-15 23:00:00,21.597626,19.144592,895.83307,7.5107455,239.82893,85.94662
2024-08-16 00:00:00,21.756378,19.249908,896.1016,7.4596934,238.8768,85.6768
2024-08-16 01:00:00,21.955841,19.290619,896.49945,7.4213896,237.73422,84.85468
2024-08-16 02:00:00,23.147705,19.535675,896.8937,7.472996,236.75278,80.14212
2024-08-16 03:00:00,23.503754,19.312195,897.2431,7.5624843,236.56128,77.355316
2024-08-16 04:00:00,23.74707,19.318085,897.42084,7.5394483,236.37341,76.25769
2024-08-16 05:00:00,25.018402,19.552917,897.3347,7.601624,236.96777,71.705666
2024-08-16 06:00:00,25.428467,19.50174,897.02075,7.7485514,238.68947,69.75445
2024-08-16 07:00:00,25.56488,19.47641,896.53784,7.8907933,240.85553,69.08266
2024-08-16 08:00:00,25.805939,19.42096,895.9363,7.937117,242.59616,67.86751
2024-08-16 09:00:00,25.84317,19.420319,895.34674,7.8828635,243.8399,67.71525
2024-08-16 10:00:00,25.333038,19.487213,894.7886,7.5612807,248.71725,70.08802
2024-08-16 11:00:00,25.263397,19.49469,894.67194,7.3451676,246.05777,70.41174
2024-08-16 12:00:00,25.131134,19.58429,894.8959,7.1264515,240.76456,71.36451
2024-08-16 13:00:00,24.847412,19.801483,895.42114,6.9613585,234.32445,73.56694
2024-08-16 14:00:00,24.126923,19.860199,896.1559,7.0219026,228.67508,77.08879
2024-08-16 15:00:00,23.458618,19.858887,896.90375,7.155845,224.79514,80.24494
2024-08-16 16:00:00,23.275757,19.883575,897.47876,7.4233046,222.59477,81.2597
2024-08-16 17:00:00,22.73993,19.765839,897.7084,7.742684,222.04022,83.327515
2024-08-16 18:00:00,22.554932,19.744934,897.5693,8.00976,223.32225,84.15904
2024-08-16 19:00:00,22.381622,19.759338,897.28076,8.292582,225.13405,85.126045
2024-08-16 20:00:00,21.905884,19.571564,896.95905,8.457971,227.23723,86.61362
2024-08-16 21:00:00,21.815002,19.552032,896.7406,8.48776,229.3306,86.98987
2024-08-16 22:00:00,21.54538,19.393005,896.5608,8.368793,233.39789,87.56559
2024-08-16 23:00:00,21.520233,19.413208,896.6594,8.403956,234.52306,87.810684
2024-08-17 00:00:00,21.72583,19.44928,896.99603,8.284355,234.93263,86.90825
2024-08-17 01:00:00,21.925446,19.50241,897.44586,8.123734,234.63284,86.13941
2024-08-17 02:00:00,23.119171,19.792786,897.916,8.045831,233.61827,81.571945
2024-08-17 03:00:00,23.406586,19.660675,898.27594,8.128565,233.86536,79.513664
2024-08-17 04:00:00,23.696259,19.625183,898.505,8.086305,234.52545,77.965515
2024-08-17 05:00:00,24.827332,19.739746,898.4973,8.0731325,235.26297,73.37372
2024-08-17 06:00:00,25.347443,19.746765,898.1869,8.108062,236.33636,71.165726
2024-08-17 07:00:00,25.469147,19.765137,897.6925,8.141108,237.82193,70.73332
2024-08-17 08:00:00,26.03543,19.826508,897.1189,8.151609,239.36017,68.658676
2024-08-17 09:00:00,26.045105,19.805634,896.61945,8.043541,240.64694,68.53064
2024-08-17 10:00:00,25.413177,19.787231,896.2396,8.392398,245.33783,71.066284
2024-08-17 11:00:00,25.264923,19.773163,896.19055,8.041713,245.3511,71.633095
2024-08-17 12:00:00,25.103912,19.803314,896.44275,7.7894506,242.81699,72.45847
2024-08-17 13:00:00,24.87149,19.95642,896.81085,7.4459133,239.22885,74.170044
2024-08-17 14:00:00,24.176025,19.988739,897.4563,7.3273253,235.83868,77.47644
2024-08-17 15:00:00,23.41507,19.950287,898.0962,7.325165,232.96524,80.91291
2024-08-17 16:00:00,23.258636,19.988068,898.61237,7.4220643,231.091,81.87198
2024-08-17 17:00:00,22.709808,19.868378,898.8161,7.601465,230.56198,84.01226
2024-08-17 18:00:00,22.461792,19.813782,898.76056,7.788328,231.46834,84.99869
2024-08-17 19:00:00,22.31009,19.79718,898.4791,7.933806,233.0722,85.69809
2024-08-17 20:00:00,21.871063,19.61911,898.03766,8.006915,234.8724,87.054535
2024-08-17 21:00:00,21.800049,19.589447,897.70844,7.9652224,236.43835,87.27191
2024-08-17 22:00:00,21.566925,19.388397,897.57385,8.103752,243.55078,87.42514
2024-08-17 23:00:00,21.527832,19.395782,897.6487,8.00899,243.04395,87.67478
2024-08-18 00:00:00,21.766754,19.524261,897.8449,7.7670307,242.67656,87.09619
2024-08-18 01:00:00,21.924408,19.514496,898.2098,7.4949117,241.66452,86.20959
2024-08-18 02:00:00,23.0831,19.740326,898.6629,7.3429484,240.29698,81.48455
2024-08-18 03:00:00,23.438446,19.636017,899.09576,7.4902363,238.99176,79.239586
2024-08-18 04:00:00,23.733215,19.556274,899.33014,7.5294223,238.66293,77.46003
2024-08-18 05:00:00,25.04419,19.709229,899.29956,7.465225,238.37433,72.29369
2024-08-18 06:00:00,25.591705,19.714996,898.9785,7.4730134,238.235,70.00229
2024-08-18 07:00:00,25.728912,19.757141,898.4639,7.5217986,238.4842,69.61654
2024-08-18 08:00:00,26.214813,19.732117,897.7746,7.602738,239.42035,67.537865
2024-08-18 09:00:00,26.24533,19.6846,897.2416,7.5803695,240.33978,67.21773
2024-08-18 10:00:00,25.704193,19.61731,896.8307,6.7386136,249.79602,69.11628
2024-08-18 11:00:00,25.55606,19.55243,896.6872,6.516042,246.63211,69.446144
2024-08-18 12:00:00,25.391174,19.667786,896.75995,6.4245515,241.12225,70.63392
2024-08-18 13:00:00,25.194336,19.812103,897.02,6.2374687,234.28787,72.10859
2024-08-18 14:00:00,24.383057,19.844727,897.5493,6.414339,229.24675,75.841255
2024-08-18 15:00:00,23.639954,19.791962,898.20483,6.6589127,225.46758,79.04403
2024-08-18 16:00:00,23.476807,19.836731,898.7128,7.023083,223.35635,80.04696
2024-08-18 17:00:00,22.95401,19.669495,898.9485,7.4092207,222.99736,81.76343
2024-08-18 18:00:00,22.777618,19.64386,898.7623,7.7225146,223.73904,82.51047
2024-08-18 19:00:00,22.630646,19.631195,898.3657,7.9951344,225.43564,83.1839
2024-08-18 20:00:00,22.153198,19.547577,897.8173,8.174896,227.1495,85.19043
2024-08-18 21:00:00,22.054169,19.53952,897.40576,8.305364,228.66956,85.663155
2024-08-18 22:00:00,21.737396,19.207397,897.20337,7.8605547,235.5896,85.54945
2024-08-18 23:00:00,21.651947,19.158295,897.2034,7.8517036,235.27353,85.73476
2024-08-19 00:00:00,21.886902,19.335754,897.3008,7.7980747,234.28061,85.45207
2024-08-19 01:00:00,22.12851,19.442047,897.6928,7.782247,233.8407,84.760925
2024-08-19 02:00:00,23.258728,19.582367,898.0515,7.851062,232.11014,79.83746
2024-08-19 03:00:00,23.570557,19.53238,898.41815,8.187061,230.94817,78.10655
2024-08-19 04:00:00,23.867096,19.478271,898.56055,8.3600445,230.52708,76.46715
2024-08-19 05:00:00,25.059174,19.547302,898.5126,8.399168,230.39977,71.50666
2024-08-19 06:00:00,25.61444,19.548767,898.125,8.46395,229.86206,69.19013
2024-08-19 07:00:00,25.646301,19.526917,897.5173,8.614172,229.83215,68.96576
2024-08-19 08:00:00,26.092834,19.475769,896.7224,8.737519,230.73138,66.95227
2024-08-19 09:00:00,26.074097,19.443848,896.08203,8.840279,231.76007,66.89363
2024-08-19 10:00:00,25.49643,19.34784,895.38495,8.360917,242.0162,68.81168
2024-08-19 11:00:00,25.37741,19.330017,895.37714,8.326214,240.49356,69.22332
2024-08-19 12:00:00,25.134796,19.387299,895.5831,8.105978,238.07736,70.4807
2024-08-19 13:00:00,24.865753,19.450958,896.0412,7.7359962,233.60547,71.904465
2024-08-19 14:00:00,24.068268,19.665527,896.61945,7.654941,229.08075,76.43227
2024-08-19 15:00:00,23.431396,19.588745,897.3114,7.7447996,225.84018,79.04095
2024-08-19 16:00:00,23.288788,19.626617,897.8166,7.9466,223.56308,79.91194
2024-08-19 17:00:00,22.758514,19.525269,898.01086,8.23212,223.0498,81.99992
2024-08-19 18:00:00,22.57312,19.477966,897.90424,8.491845,223.80537,82.684074
2024-08-19 19:00:00,22.442749,19.469086,897.58813,8.63218,225.27481,83.295494
2024-08-19 20:00:00,21.948578,19.30777,897.1343,8.67499,226.72034,84.98297
2024-08-19 21:00:00,21.832977,19.236908,896.65845,8.59923,227.9982,85.207924
2024-08-19 22:00:00,21.588531,19.09903,896.50903,8.019545,234.58194,85.75058
2024-08-19 23:00:00,21.499847,19.085907,896.50275,7.9003663,234.25334,86.146675
2024-08-20 00:00:00,21.659302,19.228668,896.6457,7.757501,233.0263,86.07269
2024-08-20 01:00:00,21.8591,19.27536,897.0079,7.615195,231.676,85.27607
2024-08-20 02:00:00,22.96576,19.52124,897.4414,7.6543994,228.98775,80.956474
2024-08-20 03:00:00,23.27182,19.464966,897.855,8.005315,226.42271,79.19456
2024-08-20 04:00:00,23.610199,19.385925,898.20795,8.313519,224.77739,77.214035
2024-08-20 05:00:00,24.808472,19.393585,898.3131,8.488009,223.5853,71.89379
2024-08-20 06:00:00,25.32901,19.424988,898.1346,8.648693,223.28476,69.83418
2024-08-20 07:00:00,25.514832,19.476532,897.6736,8.75146,223.32417,69.28881
2024-08-20 08:00:00,26.021942,19.55066,897.0989,8.795539,224.27147,67.54727
2024-08-20 09:00:00,26.036163,19.58142,896.52655,8.692321,225.0025,67.61954
2024-08-20 10:00:00,25.599762,19.594543,895.9671,8.223947,236.51271,69.44763
2024-08-20 11:00:00,25.432404,19.641205,895.9393,7.778091,234.36864,70.34489
2024-08-20 12:00:00,25.23462,19.752289,896.2258,7.381474,230.97458,71.66954
2024-08-20 13:00:00,24.953247,19.858429,896.75757,7.003107,225.39119,73.36237
2024-08-20 14:00:00,24.058289,19.882568,897.4676,6.8449225,219.55887,77.51442
2024-08-20 15:00:00,23.386292,19.859192,898.19244,6.8828535,215.23383,80.59738
2024-08-20 16:00:00,23.222443,19.8721,898.7327,7.0576954,212.74927,81.463905
2024-08-20 17:00:00,22.789001,19.835388,898.99585,7.3033304,212.43805,83.439026
2024-08-20 18:00:00,22.690521,19.849762,898.92163,7.525373,213.74504,84.013626
2024-08-20 19:00:00,22.542145,19.850403,898.70435,7.6698112,215.84683,84.77705
2024-08-20 20:00:00,22.06778,19.680817,898.24365,7.69856,217.85883,86.34639
2024-08-20 21:00:00,21.94757,19.649933,897.89154,7.6524143,219.7753,86.81504
2024-08-20 22:00:00,21.728912,19.45633,897.7179,7.925813,227.01271,86.929985
2024-08-20 23:00:00,21.700958,19.460754,897.75916,7.8701077,227.64969,87.10258
2024-08-21 00:00:00,21.92215,19.572937,897.9983,7.7478666,228.2224,86.5351
2024-08-21 01:00:00,22.069244,19.605164,898.40936,7.696279,228.34254,85.934166
2024-08-21 02:00:00,23.073914,19.937592,898.8745,7.9209113,227.75473,82.53285
2024-08-21 03:00:00,23.338287,19.89569,899.2216,8.338091,228.08287,81.01429
2024-08-21 04:00:00,23.616577,19.829498,899.4238,8.735626,229.03183,79.339836
2024-08-21 05:00:00,24.90979,19.964935,899.3975,8.938153,230.43385,74.03972
2024-08-21 06:00:00,25.440155,19.929932,899.1012,9.056384,231.9734,71.582726
2024-08-21 07:00:00,25.574371,19.93164,898.5568,9.136132,233.4774,71.02185
2024-08-21 08:00:00,26.07666,20.01767,897.85474,9.167557,235.34375,69.30731
2024-08-21 09:00:00,26.067749,19.993927,897.23694,9.1327305,236.61713,69.24201
2024-08-21 10:00:00,25.443146,19.978882,896.6106,8.959199,242.6321,71.787315
2024-08-21 11:00:00,25.327362,19.927124,896.5902,8.562257,241.42386,72.05183
2024-08-21 12:00:00,25.14392,19.93808,896.7914,8.136023,239.93045,72.89221
2024-08-21 13:00:00,24.936035,20.175812,897.24927,7.70128,236.66348,74.894806
2024-08-21 14:00:00,24.074585,20.027496,897.7943,7.5583096,233.59392,78.136795
2024-08-21 15:00:00,23.431183,19.92984,898.3778,7.5184727,231.32153,80.73198
2024-08-21 16:00:00,23.309418,20.016846,898.8322,7.6823606,229.64583,81.76683
2024-08-21 17:00:00,22.816956,19.888702,899.03546,7.9510226,228.96602,83.57344
2024-08-21 18:00:00,22.65976,19.854187,898.9426,8.236615,229.37326,84.193665
2024-08-21 19:00:00,22.539581,19.852936,898.6083,8.479147,230.55894,84.80354
2024-08-21 20:00:00,22.172852,19.770325,898.1619,8.617715,232.54726,86.273155
2024-08-21 21:00:00,22.04071,19.713257,897.75885,8.693273,234.44424,86.66325
2024-08-21 22:00:00,21.819794,19.47879,897.4766,8.269366,234.67778,86.569534
2024-08-21 23:00:00,21.765228,19.456146,897.5712,8.386905,235.5852,86.73633
2024-08-22 00:00:00,21.957947,19.555908,897.8345,8.362822,235.48094,86.25501
2024-08-22 01:00:00,22.047333,19.560425,898.3053,8.38232,235.39136,85.81026
2024-08-22 02:00:00,23.028687,19.890533,898.7667,8.6137295,234.75151,82.518074
2024-08-22 03:00:00,23.325623,19.842407,899.08594,9.118969,234.83836,80.80895
2024-08-22 04:00:00,23.634613,19.757019,899.22034,9.549981,235.31473,78.89833
2024-08-22 05:00:00,24.874268,19.960358,899.1385,9.864695,236.04794,74.1758
2024-08-22 06:00:00,25.414307,19.94928,898.7565,10.0945015,236.78317,71.778725
2024-08-22 07:00:00,25.553192,19.956482,898.1591,10.223775,237.33612,71.22071
2024-08-22 08:00:00,26.007263,19.998169,897.4588,10.26031,238.15678,69.50849
2024-08-22 09:00:00,26.029602,19.947845,896.8424,10.235155,238.84166,69.20069
2024-08-22 10:00:00,25.396393,19.749908,896.3683,9.765978,247.05486,70.97273
2024-08-22 11:00:00,25.279419,19.691376,896.42865,9.513304,245.46155,71.209114
2024-08-22 12:00:00,25.080414,19.771484,896.7609,8.985256,243.04077,72.41692
2024-08-22 13:00:00,24.797089,19.825653,897.25836,8.404388,238.54755,73.898964
2024-08-22 14:00:00,24.058136,19.926727,897.8614,8.193707,233.92102,77.72749
2024-08-22 15:00:00,23.473602,19.843842,898.5408,8.061095,230.05525,80.09774
2024-08-22 16:00:00,23.406952,19.922272,899.0438,8.104438,227.39687,80.81221
2024-08-22 17:00:00,23.048126,19.869904,899.22034,8.221363,225.90868,82.315796
2024-08-22 18:00:00,22.883636,19.822876,899.1019,8.40988,225.47382,82.89759
2024-08-22 19:00:00,22.768188,19.828918,898.7876,8.568397,225.64885,83.51088
2024-08-22 20:00:00,22.394135,19.752106,898.3677,8.706016,226.5754,85.023155
2024-08-22 21:00:00,22.315857,19.757599,897.95953,8.803336,227.40623,85.45799
2024-08-22 22:00:00,22.095398,19.549622,897.927,8.125029,236.33917,85.501816
2024-08-22 23:00:00,22.027771,19.532318,897.9546,8.10651,234.08557,85.76272
2024-08-23 00:00:00,22.1109,19.550873,898.2157,8.073081,232.39326,85.42771
2024-08-23 01:00:00,22.194489,19.582916,898.6218,8.099856,229.75616,85.16324
2024-08-23 02:00:00,23.100342,19.898895,899.0563,8.494377,227.26422,82.20374
2024-08-23 03:00:00,23.413757,19.881561,899.365,9.233668,226.24094,80.575516
2024-08-23 04:00:00,23.720062,19.868195,899.48157,9.85409,226.17627,79.03631
2024-08-23 05:00:00,24.976624,20.026978,899.39734,10.231763,226.48018,74.028984
2024-08-23 06:00:00,25.464935,20.008087,899.1329,10.517382,226.62602,71.82417
2024-08-23 07:00:00,25.642181,20.042084,898.61884,10.731437,227.09846,71.22195
2024-08-23 08:00:00,26.075226,20.13144,897.955,10.900516,227.94211,69.802864
2024-08-23 09:00:00,26.045197,20.074005,897.35693,11.022614,228.94331,69.67896
2024-08-23 10:00:00,25.468048,19.955627,896.8285,9.307894,232.79471,71.578
2024-08-23 11:00:00,25.332,19.906372,896.8176,9.220046,231.12863,71.93941
2024-08-23 12:00:00,25.203033,19.918793,897.1068,8.997601,228.14886,72.54939
2024-08-23 13:00:00,24.958069,19.930511,897.6431,8.913457,224.32071,73.66958
2024-08-23 14:00:00,24.145538,20.03067,898.26245,9.058171,220.86217,77.82005
2024-08-23 15:00:00,23.495758,19.944305,898.895,9.36862,218.47366,80.490265
2024-08-23 16:00:00,23.375671,19.973053,899.3254,9.687602,217.07317,81.21991
2024-08-23 17:00:00,22.911377,19.865051,899.5132,10.071073,216.68256,82.975044
2024-08-23 18:00:00,22.750275,19.824127,899.3338,10.460792,217.6508,83.57679
2024-08-23 19:00:00,22.634552,19.80426,899.00305,10.7836895,219.37303,84.06197
2024-08-23 20:00:00,22.193787,19.647278,898.58264,11.036346,221.73036,85.50791
2024-08-23 21:00:00,22.07611,19.640045,898.2512,11.1730795,224.05687,86.08441
2024-08-23 22:00:00,21.733093,19.363098,898.1033,10.1290865,229.40413,86.40534
2024-08-23 23:00:00,21.671387,19.316986,898.1919,10.255678,230.31064,86.48331
2024-08-24 00:00:00,21.875061,19.39862,898.5584,10.290429,231.0255,85.84895
2024-08-24 01:00:00,21.937378,19.371582,899.0237,10.32532,231.18243,85.37937
2024-08-24 02:00:00,22.952423,19.723114,899.4908,10.591948,230.91107,82.04379
2024-08-24 03:00:00,23.326996,19.676514,899.77765,10.9880295,231.18413,79.97513
2024-08-24 04:00:00,23.635101,19.675385,899.87897,11.298807,232.02289,78.497406
2024-08-24 05:00:00,24.865753,19.847076,899.72577,11.466255,233.03429,73.69446
2024-08-24 06:00:00,25.240692,19.826996,899.3538,11.564868,234.2023,71.97632
2024-08-24 07:00:00,25.407684,19.818817,898.7534,11.584066,235.62851,71.22883
2024-08-24 08:00:00,25.847412,19.85086,898.04065,11.539733,237.14996,69.53212
2024-08-24 09:00:00,25.839874,19.803589,897.3647,11.333181,238.73074,69.35964
2024-08-24 10:00:00,25.18164,19.728027,896.7971,10.654045,245.89166,71.78783
2024-08-24 11:00:00,25.023956,19.68518,896.64044,10.306795,245.42526,72.273
2024-08-24 12:00:00,24.894989,19.695892,896.84436,9.895221,244.4072,72.87948
2024-08-24 13:00:00,24.727173,19.745087,897.2955,9.579799,241.6482,73.83838
2024-08-24 14:00:00,23.923645,19.83319,897.9121,9.44021,238.9159,77.90518
2024-08-24 15:00:00,23.353607,19.78595,898.5212,9.518251,236.8916,80.39069
2024-08-24 16:00:00,23.194824,19.800537,898.93256,9.677831,235.64903,81.238785
2024-08-24 17:00:00,22.713593,19.745514,899.06006,9.915669,234.9802,83.35558
2024-08-24 18:00:00,22.604462,19.697113,898.9632,10.088229,235.3465,83.65778
2024-08-24 19:00:00,22.470184,19.663696,898.6369,10.264897,236.09048,84.16808
2024-08-24 20:00:00,22.069641,19.496857,898.2386,10.406883,237.38922,85.355835
2024-08-24 21:00:00,21.931305,19.501709,897.8519,10.481359,238.8281,86.10488
2024-08-24 22:00:00,21.66156,19.21463,897.675,9.826859,243.57214,85.985596
2024-08-24 23:00:00,21.60254,19.192413,897.70703,9.895958,243.11032,86.177155
2024-08-25 00:00:00,21.805634,19.29773,897.8768,9.930465,242.36563,85.67413
2024-08-25 01:00:00,21.920105,19.337982,898.25195,9.9902,240.77298,85.2909
2024-08-25 02:00:00,22.934998,19.65094,898.5768,10.210069,239.04948,81.763374
2024-08-25 03:00:00,23.262054,19.586212,898.7872,10.586019,237.62149,79.84051
2024-08-25 04:00:00,23.57608,19.59134,898.8059,10.9352455,237.28188,78.367065
2024-08-25 05:00:00,24.821991,19.800568,898.64734,11.131122,237.36783,73.67451
2024-08-25 06:00:00,25.24414,19.82608,898.3021,11.276802,237.7952,71.957466
2024-08-25 07:00:00,25.319946,19.839691,897.7852,11.406058,239.02542,71.694115
2024-08-25 08:00:00,25.91217,19.94873,897.1448,11.459599,240.41632,69.687225
2024-08-25 09:00:00,25.924988,19.905243,896.5719,11.429878,241.53464,69.44701
2024-08-25 10:00:00,25.473938,19.743347,895.92065,10.327952,247.6196,70.617676
2024-08-25 11:00:00,25.351532,19.683105,895.87714,10.142253,245.46667,70.86797
2024-08-25 12:00:00,25.099457,19.704437,895.96643,10.0416765,242.90561,72.03457
2024-08-25 13:00:00,24.875,19.756317,896.2879,10.094261,240.01974,73.240486
2024-08-25 14:00:00,24.089813,19.813812,896.7805,10.220941,236.82568,77.03886
2024-08-25 15:00:00,23.506927,19.758575,897.2988,10.414664,234.40004,79.51544
2024-08-25 16:00:00,23.351105,19.77179,897.5829,10.699455,232.734,80.332245
2024-08-25 17:00:00,22.853882,19.655945,897.5544,11.041375,232.20172,82.19161
2024-08-25 18:00:00,22.686035,19.642578,897.27155,11.402033,232.36932,82.96339
2024-08-25 19:00:00,22.556946,19.639496,896.88837,11.750407,232.9873,83.59997
2024-08-25 20:00:00,22.15982,19.482483,896.55914,12.031476,233.8765,84.812355
2024-08-25 21:00:00,22.042938,19.420624,896.30786,12.161713,235.08405,85.09067
2024-08-25 22:00:00,21.693756,19.245026,896.1618,11.792685,233.43576,85.97916
2024-08-25 23:00:00,21.639282,19.21344,896.2608,11.866021,234.82051,86.096436
2024-08-26 00:00:00,21.855377,19.321045,896.5218,11.788797,235.52884,85.53834
2024-08-26 01:00:00,21.95819,19.339783,896.9457,11.740229,235.27814,85.102516
2024-08-26 02:00:00,22.934235,19.663025,897.43726,11.796821,234.16202,81.82853
2024-08-26 03:00:00,23.370728,19.67981,897.7894,12.110878,232.86534,79.780594
2024-08-26 04:00:00,23.702545,19.590576,897.97906,12.467231,233.08064,77.768715
2024-08-26 05:00:00,24.934631,19.730835,897.8251,12.650746,234.33173,72.86512
2024-08-26 06:00:00,25.397766,19.720215,897.4847,12.617067,235.79886,70.836334
2024-08-26 07:00:00,25.558044,19.732666,896.9758,12.521488,237.17358,70.21925
2024-08-26 08:00:00,25.895874,19.790863,896.4443,12.351912,237.96913,69.075386
2024-08-26 09:00:00,25.861938,19.740265,895.94147,12.109401,238.55121,68.99752
2024-08-26 10:00:00,25.181976,19.639069,895.33716,10.9999695,239.64981,71.39117
2024-08-26 11:00:00,24.93512,19.577393,895.3027,10.757123,239.27216,72.17228
2024-08-26 12:00:00,24.7229,19.670654,895.54456,10.312808,238.13892,73.51692
2024-08-26 13:00:00,24.484161,19.787018,896.05835,10.0163965,235.62648,75.11429
2024-08-26 14:00:00,23.771149,19.73227,896.7835,9.876594,232.2045,78.1324
2024-08-26 15:00:00,23.16632,19.65866,897.5,9.924417,229.19357,80.66571
2024-08-26 16:00:00,22.98767,19.672882,897.95935,10.122639,226.93167,81.61413
2024-08-26 17:00:00,22.506897,19.574402,898.0634,10.459905,225.39703,83.51622
2024-08-26 18:00:00,22.335907,19.473389,897.8528,10.801756,224.93233,83.86082
2024-08-26 19:00:00,22.199463,19.455292,897.5357,11.146017,225.35045,84.46494
2024-08-26 20:00:00,21.756287,19.262848,897.1788,11.362196,226.51544,85.74632
2024-08-26 21:00:00,21.668945,19.228973,896.9599,11.477004,227.5628,86.02358
2024-08-26 22:00:00,21.476196,19.054993,896.78033,10.911306,230.61871,86.10536
2024-08-26 23:00:00,21.40744,19.037964,896.8964,10.937655,230.81833,86.376915
2024-08-27 00:00:00,21.64856,19.166992,897.2258,10.875839,230.44499,85.799
2024-08-27 01:00:00,21.744843,19.173492,897.74994,10.824701,229.4709,85.33012
2024-08-27 02:00:00,22.66101,19.418121,898.30524,11.028152,227.80539,81.93871
2024-08-27 03:00:00,23.119019,19.489227,898.7377,11.666278,227.00954,80.04985
2024-08-27 04:00:00,23.457336,19.440582,898.96716,12.146423,227.89088,78.19412
2024-08-27 05:00:00,24.569244,19.591736,898.88525,12.331737,228.94691,73.83271
2024-08-27 06:00:00,25.037231,19.66156,898.5412,12.450605,230.14243,72.11003
2024-08-27 07:00:00,25.189758,19.695862,898.0634,12.52684,231.08592,71.61008
2024-08-27 08:00:00,25.666748,19.87027,897.4395,12.495798,232.14717,70.36547
2024-08-27 09:00:00,25.634552,19.88684,896.9091,12.359362,232.74655,70.57248
2024-08-27 10:00:00,24.923035,19.772766,896.3764,11.57433,235.30151,73.105415
2024-08-27 11:00:00,24.779572,19.742645,896.40607,11.253972,235.47794,73.59649
2024-08-27 12:00:00,24.576447,19.815308,896.8106,10.592967,234.21991,74.831856
2024-08-27 13:00:00,24.352783,19.837982,897.425,10.198961,231.85162,75.94715
2024-08-27 14:00:00,23.672821,19.888428,898.2039,10.037384,229.37544,79.360886
2024-08-27 15:00:00,23.021973,19.79425,898.8282,9.984021,227.81776,82.06042
2024-08-27 16:00:00,22.891968,19.858765,899.19214,10.1167965,226.84506,83.04028
2024-08-27 17:00:00,22.40924,19.699188,899.2173,10.296155,226.7411,84.66669
2024-08-27 18:00:00,22.243042,19.612457,899.03326,10.553417,227.73402,85.06777
2024-08-27 19:00:00,22.13916,19.602142,898.6809,10.741626,229.53067,85.552765
2024-08-27 20:00:00,21.751465,19.46054,898.257,10.84193,231.2968,86.83299
2024-08-27 21:00:00,21.68393,19.434418,897.93805,10.865573,233.23929,87.05063
2024-08-27 22:00:00,21.363922,19.246307,897.6291,10.390131,238.35059,87.73924
2024-08-27 23:00:00,21.319672,19.23404,897.7366,10.33177,238.41954,87.91032
2024-08-28 00:00:00,21.540527,19.313324,897.99084,10.296067,237.8736,87.15841
2024-08-28 01:00:00,21.659729,19.3367,898.37244,10.322491,237.22267,86.65122
2024-08-28 02:00:00,22.724945,19.668732,898.75854,10.486014,236.22537,82.9023
2024-08-28 03:00:00,23.162872,19.685913,899.0056,11.016614,235.6589,80.81915
2024-08-28 04:00:00,23.409332,19.629211,899.1012,11.395613,236.11185,79.345375
2024-08-28 05:00:00,24.624939,19.8591,898.9136,11.46999,236.97003,74.81796
2024-08-28 06:00:00,25.091248,19.927399,898.4626,11.554475,237.793,73.07294
2024-08-28 07:00:00,25.18573,19.984161,897.78925,11.544898,239.05469,72.918755
2024-08-28 08:00:00,25.710175,20.066986,897.05414,11.461015,240.34824,71.04466
2024-08-28 09:00:00,25.707764,20.014252,896.4453,11.290584,241.01616,70.82327
2024-08-28 10:00:00,24.931793,19.948456,895.85803,10.158105,245.53275,73.86718
2024-08-28 11:00:00,24.783752,19.924957,895.77563,10.10015,244.28159,74.41436
2024-08-28 12:00:00,24.615692,19.931335,896.0104,9.775087,242.8766,75.19516
2024-08-28 13:00:00,24.452698,20.066101,896.5313,9.519484,240.4923,76.56822
2024-08-28 14:00:00,23.746368,20.072845,897.1623,9.526968,237.70662,79.91766
2024-08-28 15:00:00,23.143616,19.990356,897.8057,9.672149,235.68013,82.45472
2024-08-28 16:00:00,23.041534,20.010284,898.139,9.957013,234.62048,83.06779
2024-08-28 17:00:00,22.562866,19.86496,898.1478,10.316464,234.27469,84.746826
2024-08-28 18:00:00,22.406189,19.87436,897.8627,10.660598,234.39069,85.60726
2024-08-28 19:00:00,22.253906,19.814728,897.42584,10.91392,234.77295,86.08517
2024-08-28 20:00:00,21.759338,19.617249,896.9611,11.06926,235.46204,87.64037
2024-08-28 21:00:00,21.670685,19.557404,896.5661,11.087835,236.08289,87.78957
2024-08-28 22:00:00,21.441467,19.408905,896.401,10.746621,238.43425,88.211494
2024-08-28 23:00:00,21.398285,19.406067,896.41626,10.757998,238.06036,88.42952
2024-08-29 00:00:00,21.6221,19.52243,896.62476,10.621514,236.99709,87.859634
2024-08-29 01:00:00,21.743744,19.554413,897.0888,10.470733,235.50467,87.38224
2024-08-29 02:00:00,22.825317,19.905975,897.5541,10.530333,232.93854,83.62055
2024-08-29 03:00:00,23.13742,19.813507,897.97406,11.05968,230.8569,81.58675
2024-08-29 04:00:00,23.446045,19.764404,898.1961,11.580106,229.52832,79.83678
2024-08-29 05:00:00,24.71109,19.983429,898.09155,11.891583,229.13797,75.0092
2024-08-29 06:00:00,25.167969,19.970825,897.6918,12.038813,228.77226,72.93567
2024-08-29 07:00:00,25.266174,20.018219,896.99023,12.067744,228.98767,72.723625
2024-08-29 08:00:00,25.791626,20.040833,896.26294,11.99614,229.03873,70.58804
2024-08-29 09:00:00,25.771637,19.989777,895.64417,11.828771,229.17703,70.44874
2024-08-29 10:00:00,24.96466,19.956818,895.1266,10.771786,229.63916,73.7607
2024-08-29 11:00:00,24.783752,19.926392,895.0531,10.557253,228.19328,74.42097
2024-08-29 12:00:00,24.634033,19.991882,895.3761,10.225839,226.87302,75.394905
2024-08-29 13:00:00,24.43332,20.092438,895.8946,9.975427,224.92857,76.782135
2024-08-29 14:00:00,23.617798,20.066254,896.5945,9.902444,223.20157,80.505905
2024-08-29 15:00:00,22.996613,19.95404,897.2682,9.926843,222.09753,83.00433
2024-08-29 16:00:00,22.902435,19.936768,897.7004,10.004051,220.97841,83.3897
2024-08-29 17:00:00,22.409668,19.744751,897.84015,10.224007,220.45627,84.90415
2024-08-29 18:00:00,22.195862,19.680267,897.6499,10.401221,220.50526,85.67235
2024-08-29 19:00:00,22.106628,19.675934,897.3097,10.60654,221.55261,86.11609
2024-08-29 20:00:00,21.725708,19.569519,896.8833,10.670422,222.96176,87.56072
2024-08-29 21:00:00,21.63031,19.532959,896.65216,10.630488,224.26825,87.87301
2024-08-29 22:00:00,21.390259,19.311676,896.4749,10.457283,226.98549,87.95498
2024-08-29 23:00:00,21.334015,19.288025,896.6855,10.3594,226.6508,88.128815
2024-08-30 00:00:00,21.571655,19.364716,897.01416,10.1887865,226.06458,87.27117
2024-08-30 01:00:00,21.739716,19.403046,897.5969,10.098489,224.87262,86.58527
2024-08-30 02:00:00,22.899506,19.795166,898.135,10.238929,222.9966,82.6758
2024-08-30 03:00:00,23.212769,19.71054,898.616,10.822536,221.19478,80.699005
2024-08-30 04:00:00,23.514008,19.673126,898.86224,11.435887,220.31847,79.06123
2024-08-30 05:00:00,24.672699,19.8721,898.7725,11.861183,220.66031,74.66481
2024-08-30 06:00:00,25.305573,19.90268,898.4104,12.098029,221.52641,72.03609
2024-08-30 07:00:00,25.436249,19.94754,897.8364,12.226542,222.87338,71.67748
2024-08-30 08:00:00,25.995361,20.03949,897.243,12.22692,224.52585,69.73562
2024-08-30 09:00:00,26.02002,20.009827,896.70703,12.08517,226.25137,69.506195
2024-08-30 10:00:00,25.326874,19.96994,896.28796,10.963982,229.85269,72.24524
2024-08-30 11:00:00,25.169525,19.952515,896.2746,10.779229,230.12505,72.846275
2024-08-30 12:00:00,25.014832,20.041565,896.56976,10.599715,229.6006,73.92724
2024-08-30 13:00:00,24.785706,20.198578,897.1429,10.52306,228.36293,75.67624
2024-08-30 14:00:00,23.99112,20.206543,897.8388,10.43135,227.20035,79.404015
2024-08-30 15:00:00,23.318512,20.130188,898.49646,10.44349,226.13919,82.29709
2024-08-30 16:00:00,23.19336,20.14682,898.9494,10.506597,225.42824,83.00693
2024-08-30 17:00:00,22.596497,19.911987,899.0611,10.599253,225.27579,84.820786
2024-08-30 18:00:00,22.379791,19.85199,898.87463,10.746319,226.00757,85.62603
2024-08-30 19:00:00,22.268799,19.839417,898.4657,10.808033,227.30759,86.138916
2024-08-30 20:00:00,21.867096,19.657593,898.0366,10.788402,229.01395,87.28393
2024-08-30 21:00:00,21.753601,19.666962,897.67554,10.705647,230.28862,87.942055
2024-08-30 22:00:00,21.485626,19.40207,897.4917,10.542675,232.83923,87.93594
2024-08-30 23:00:00,21.451508,19.395142,897.5005,10.441925,234.12689,88.08186
2024-08-31 00:00:00,21.681183,19.501862,897.7637,10.179931,235.01758,87.43102
2024-08-31 01:00:00,21.806244,19.568542,898.1873,9.952012,235.09134,87.12573
2024-08-31 02:00:00,22.882416,19.898132,898.61804,9.863872,234.50085,83.291306
2024-08-31 03:00:00,23.17337,19.840271,898.95685,9.941556,233.59708,81.54482
2024-08-31 04:00:00,23.446106,19.795166,899.0895,10.0151005,232.74336,79.98893
2024-08-31 05:00:00,24.82431,20.031403,898.9777,10.184618,232.18593,74.72527
2024-08-31 06:00:00,25.311829,20.096771,898.59186,10.441426,232.5958,72.879776
2024-08-31 07:00:00,25.45102,20.12796,898.0598,10.620531,234.29968,72.41876
2024-08-31 08:00:00,26.012604,20.257843,897.4511,10.705343,236.28177,70.611565
2024-08-31 09:00:00,26.039001,20.214905,896.92664,10.676813,238.49947,70.31453
2024-08-31 10:00:00,25.401184,20.088531,896.46405,9.803536,246.1355,72.45662
2024-08-31 11:00:00,25.277191,20.07721,896.3485,9.655962,245.10782,72.941795
2024-08-31 12:00:00,25.096466,20.151978,896.64136,9.336549,242.54953,74.072685
2024-08-31 13:00:00,24.879486,20.228851,897.1177,9.076884,238.81744,75.39472
2024-08-31 14:00:00,24.148193,20.320892,897.7796,8.934231,235.97363,79.2164
2024-08-31 15:00:00,23.500122,20.25241,898.3685,8.850291,233.77486,82.017586
2024-08-31 16:00:00,23.378693,20.26419,898.7135,8.863578,231.96388,82.680725
2024-08-31 17:00:00,22.782043,20.122986,898.731,8.996177,230.84933,84.97407
2024-08-31 18:00:00,22.62613,20.107178,898.4805,9.202017,230.53018,85.69766
2024-08-31 19:00:00,22.525269,20.094757,898.1196,9.374385,231.1468,86.157814
2024-08-31 20:00:00,22.09793,19.940674,897.67883,9.46414,232.23584,87.5877
2024-08-31 21:00:00,22.040771,19.96283,897.3607,9.510154,233.19824,88.01405
2024-08-31 22:00:00,21.790924,19.70691,897.08514,8.57611,236.5329,87.959625
2024-08-31 23:00:00,21.751282,19.689667,897.2168,8.675185,236.91023,88.07856
2024-09-01 00:00:00,21.917084,19.73642,897.5442,8.633289,236.92804,87.444725
2024-09-01 01:00:00,22.049713,19.814941,898.03143,8.49581,235.95946,87.1637
2024-09-01 02:00:00,23.114899,20.123169,898.5812,8.459667,233.78062,83.279686
2024-09-01 03:00:00,23.542542,20.204834,899.0309,8.565013,232.03789,81.567924
2024-09-01 04:00:00,23.857727,20.168274,899.22485,8.739687,232.25284,79.85402
2024-09-01 05:00:00,25.104065,20.389801,899.1365,8.884172,232.83806,75.13507
2024-09-01 06:00:00,25.510101,20.425934,898.7834,9.021181,233.66687,73.5058
2024-09-01 07:00:00,25.637146,20.421082,898.15173,9.1682205,234.95392,72.93163
2024-09-01 08:00:00,26.13095,20.546082,897.358,9.316848,237.01256,71.377625
2024-09-01 09:00:00,26.062073,20.486237,896.6624,9.390713,239.59131,71.40493
2024-09-01 10:00:00,25.330353,20.213287,896.1044,8.713334,248.53407,73.32595
2024-09-01 11:00:00,25.221008,20.199677,896.07697,8.414448,249.20773,73.74249
2024-09-01 12:00:00,25.114075,20.278046,896.33984,8.123576,248.49368,74.57383
2024-09-01 13:00:00,24.891174,20.3685,896.87256,7.7278295,245.20488,75.99486
2024-09-01 14:00:00,24.120117,20.385376,897.4707,7.5357246,241.4866,79.66656
2024-09-01 15:00:00,23.563812,20.286163,898.1028,7.5092154,238.2911,81.87387
2024-09-01 16:00:00,23.407349,20.283386,898.4448,7.681835,236.14111,82.63583
2024-09-01 17:00:00,22.865326,20.1409,898.58594,7.990244,234.64479,84.64
2024-09-01 18:00:00,22.672638,20.090698,898.4137,8.308765,234.8234,85.36907
2024-09-01 19:00:00,22.561676,20.082611,898.0693,8.558347,235.74675,85.90297
2024-09-01 20:00:00,22.155579,19.986969,897.68634,8.70447,237.45694,87.531204
2024-09-01 21:00:00,22.08133,19.96344,897.39404,8.797543,239.03238,87.800064
2024-09-01 22:00:00,21.804749,19.835632,897.11127,7.864602,247.6806,88.589775
2024-09-01 23:00:00,21.76825,19.816437,897.1607,7.9339466,247.1749,88.68189
2024-09-02 00:00:00,21.92398,19.85904,897.3692,7.8883386,245.9812,88.075035
2024-09-02 01:00:00,22.007233,19.879395,897.84015,7.7487173,243.48978,87.739555
2024-09-02 02:00:00,22.885162,20.143463,898.39276,7.7390947,240.0065,84.55175
2024-09-02 03:00:00,23.273468,20.134583,898.845,8.044724,237.52002,82.543686
2024-09-02 04:00:00,23.576965,20.067932,899.04156,8.377604,236.45012,80.712585
2024-09-02 05:00:00,24.909332,20.271729,898.94055,8.677845,236.27744,75.46026
2024-09-02 06:00:00,25.359741,20.340668,898.53406,9.030295,236.44516,73.776215
2024-09-02 07:00:00,25.522705,20.386322,897.837,9.382318,236.59099,73.271416
2024-09-02 08:00:00,25.920227,20.40747,897.02985,9.710495,237.0824,71.657814
2024-09-02 09:00:00,25.92398,20.408386,896.32263,9.885474,237.56412,71.64595
2024-09-02 10:00:00,25.086914,20.220001,895.67755,9.516699,245.69635,74.427185
2024-09-02 11:00:00,24.911957,20.153595,895.6487,9.237585,244.36285,74.89951
2024-09-02 12:00:00,24.77945,20.201569,895.91907,8.955313,241.97284,75.71854
2024-09-02 13:00:00,24.602936,20.266815,896.42114,8.703615,238.11197,76.83064
2024-09-02 14:00:00,23.885895,20.262634,897.1424,8.614449,233.72595,80.18522
2024-09-02 15:00:00,23.24707,20.143951,897.8565,8.636652,230.43864,82.72328
2024-09-02 16:00:00,23.090729,20.155579,898.34735,8.781291,227.64062,83.56884
2024-09-02 17:00:00,22.703156,20.101288,898.5016,9.068969,226.26904,85.267
2024-09-02 18:00:00,22.519531,20.05362,898.36017,9.398627,226.53822,85.968735
2024-09-02 19:00:00,22.402802,20.04541,897.9852,9.639778,227.81712,86.53677
2024-09-02 20:00:00,22.043823,19.870544,897.53345,9.819591,229.19489,87.49601
2024-09-02 21:00:00,21.968445,19.839203,897.1906,9.97417,230.93413,87.728516
2024-09-02 22:00:00,21.616821,19.614655,897.02966,9.477722,238.77725,88.392914
2024-09-02 23:00:00,21.582245,19.612,897.1965,9.460192,238.25003,88.56547
2024-09-03 00:00:00,21.770813,19.67279,897.5054,9.417779,237.58627,87.881454
2024-09-03 01:00:00,21.846619,19.681458,898.02466,9.470511,236.50293,87.52262
2024-09-03 02:00:00,22.77069,19.933685,898.7151,9.773362,235.00095,84.04203
2024-09-03 03:00:00,23.038727,19.899628,899.3054,10.2477,234.06453,82.51445
2024-09-03 04:00:00,23.334381,19.861267,899.5648,10.655883,234.41122,80.86072
2024-09-03 05:00:00,24.56665,20.090088,899.49335,10.957399,235.05185,76.16083
2024-09-03 06:00:00,24.965637,20.085297,899.1153,11.2642565,236.17892,74.34531
2024-09-03 07:00:00,25.11142,20.108582,898.5134,11.470579,237.19577,73.808365
2024-09-03 08:00:00,25.490204,20.211945,897.7781,11.607189,238.47043,72.626526
2024-09-03 09:00:00,25.425629,20.164001,897.1498,11.622202,239.59877,72.68997
2024-09-03 10:00:00,24.73111,20.152435,896.7008,10.590424,247.31633,75.70715
2024-09-03 11:00:00,24.618378,20.118256,896.7458,10.170535,246.57301,76.05802
2024-09-03 12:00:00,24.37918,20.096985,897.02466,9.748609,244.5808,77.05314
2024-09-03 13:00:00,24.184631,20.180908,897.56165,9.432164,241.6322,78.36266
2024-09-03 14:00:00,23.5495,20.169525,898.30634,9.251821,239.05215,81.35593
2024-09-03 15:00:00,22.994446,20.018494,899.0199,9.245463,237.11151,83.34717
2024-09-03 16:00:00,22.805847,19.990051,899.42865,9.410161,235.87024,84.156364
2024-09-03 17:00:00,22.3703,19.901703,899.4233,9.748103,235.94843,85.93975
2024-09-03 18:00:00,22.25232,19.884003,899.08984,10.112654,236.96783,86.46391
2024-09-03 19:00:00,22.149048,19.850677,898.6828,10.438929,238.85901,86.82982
2024-09-03 20:00:00,21.76419,19.689514,898.23376,10.687073,240.9941,88.00832
2024-09-03 21:00:00,21.680908,19.638641,897.83594,10.891928,243.15375,88.178444
2024-09-03 22:00:00,21.490509,19.519531,897.5693,9.9314165,251.05505,88.55395
2024-09-03 23:00:00,21.465057,19.487213,897.6382,9.939202,250.8833,88.51407
2024-09-04 00:00:00,21.647217,19.513916,897.87115,9.899645,250.73674,87.67841
2024-09-04 01:00:00,21.714447,19.529175,898.23364,9.852642,250.33096,87.40167
2024-09-04 02:00:00,22.316559,19.676025,898.6182,9.993917,249.70682,85.022964
2024-09-04 03:00:00,22.622314,19.68509,898.82733,10.352876,249.41373,83.50483
2024-09-04 04:00:00,22.890594,19.608368,898.8459,10.722948,249.52992,81.76715
2024-09-04 05:00:00,24.076874,19.798157,898.55756,11.091898,250.10062,77.023926
2024-09-04 06:00:00,24.582062,19.835114,898.0337,11.501009,251.10161,74.89862
2024-09-04 07:00:00,24.738586,19.851929,897.2559,11.812071,252.5712,74.27852
2024-09-04 08:00:00,25.277924,19.998077,896.4484,11.956082,253.9653,72.58225
2024-09-04 09:00:00,25.296967,19.98935,895.72217,11.915077,255.21588,72.46091
2024-09-04 10:00:00,24.701355,19.903809,895.2464,11.233289,261.2448,74.68363
2024-09-04 11:00:00,24.606628,19.873322,895.1978,10.775754,261.1602,74.96597
2024-09-04 12:00:00,24.466553,19.863281,895.37085,10.261753,259.23053,75.54986
2024-09-04 13:00:00,24.24768,19.848785,895.757,9.849974,255.4604,76.478264
2024-09-04 14:00:00,23.537537,19.956116,896.3228,9.665462,252.04501,80.346535
2024-09-04 15:00:00,22.996063,19.852325,896.8353,9.653317,249.3222,82.48564
2024-09-04 16:00:00,22.858612,19.851227,897.19446,9.805367,247.10019,83.16939
2024-09-04 17:00:00,22.39386,19.717896,897.2198,10.052798,245.39566,84.84433
2024-09-04 18:00:00,22.224854,19.639008,896.9649,10.37826,244.83438,85.302505
2024-09-04 19:00:00,22.044037,19.55484,896.51013,10.676825,245.08331,85.7977
2024-09-04 20:00:00,21.648376,19.431,896.05585,10.854005,245.65976,87.22148
2024-09-04 21:00:00,21.583069,19.443298,895.669,11.009274,246.48154,87.637535
2024-09-04 22:00:00,21.248566,19.16153,895.5925,10.891533,251.41498,87.89652
2024-09-04 23:00:00,21.230042,19.15039,895.6141,10.75379,250.7962,87.93538
2024-09-05 00:00:00,21.436127,19.23169,895.8678,10.614156,249.85742,87.272575
2024-09-05 01:00:00,21.492249,19.239807,896.27856,10.570472,248.5558,87.017166
2024-09-05 02:00:00,22.31018,19.473541,896.75195,10.771768,247.6318,83.99292
2024-09-05 03:00:00,22.652954,19.525513,897.1936,11.18206,247.78891,82.52787
2024-09-05 04:00:00,22.992981,19.467377,897.45795,11.37607,248.05449,80.553085
2024-09-05 05:00:00,24.283844,19.646423,897.366,11.48764,248.51843,75.360756
2024-09-05 06:00:00,24.813293,19.736237,896.899,11.624473,249.24814,73.41925
2024-09-05 07:00:00,24.97467,19.753082,896.1875,11.767182,250.21353,72.791695
2024-09-05 08:00:00,25.446259,19.770813,895.395,11.832503,251.36658,70.85453
2024-09-05 09:00:00,25.426361,19.744568,894.6802,11.77144,252.73575,70.822975
2024-09-05 10:00:00,24.888031,19.590942,894.24786,10.735824,258.14594,72.436264
2024-09-05 11:00:00,24.73285,19.495758,894.17975,10.368843,256.51038,72.67945
2024-09-05 12:00:00,24.550934,19.501465,894.46936,9.933381,253.5906,73.50027
2024-09-05 13:00:00,24.34491,19.569855,894.9263,9.565964,249.20251,74.72928
2024-09-05 14:00:00,23.51532,19.644684,895.6259,9.482519,245.15112,78.91553
2024-09-05 15:00:00,22.88733,19.50827,896.2637,9.502964,241.97995,81.27635
2024-09-05 16:00:00,22.72284,19.544403,896.7533,9.651207,239.78802,82.27522
2024-09-05 17:00:00,22.20044,19.401978,896.8616,9.934817,238.6786,84.180405
2024-09-05 18:00:00,21.97873,19.351105,896.7319,10.200364,238.8674,85.05588
2024-09-05 19:00:00,21.866608,19.325623,896.40344,10.4068985,239.69351,85.50407
2024-09-05 20:00:00,21.450012,19.176788,896.0754,10.532441,240.8425,86.900696
2024-09-05 21:00:00,21.356049,19.120636,895.83307,10.629716,242.0319,87.097046
2024-09-05 22:00:00,21.153778,19.011932,895.6599,10.4041815,244.34155,87.58844
2024-09-05 23:00:00,21.12143,18.998322,895.7618,10.305407,244.46599,87.68805
2024-09-06 00:00:00,21.331299,19.053558,896.06775,10.152442,244.48056,86.86523
2024-09-06 01:00:00,21.386902,19.060394,896.64294,10.027103,243.6702,86.60668
2024-09-06 02:00:00,22.311066,19.322052,897.2893,10.057858,242.4042,83.2008
2024-09-06 03:00:00,22.751068,19.46289,897.8486,10.463766,242.27145,81.71952
2024-09-06 04:00:00,23.073181,19.441437,898.0988,10.761548,242.43156,80.033966
2024-09-06 05:00:00,24.471039,19.708954,898.05615,10.983543,243.08609,74.81018
2024-09-06 06:00:00,24.960846,19.783173,897.6822,11.154137,243.92792,72.98782
2024-09-06 07:00:00,25.12912,19.792267,897.08325,11.251303,245.01953,72.30022
2024-09-06 08:00:00,25.66037,19.860931,896.3498,11.310806,246.41585,70.351395
2024-09-06 09:00:00,25.679535,19.847778,895.6669,11.279905,247.87973,70.21418
2024-09-06 10:00:00,25.122284,19.738373,895.1145,10.832707,255.28122,72.088295
2024-09-06 11:00:00,24.992706,19.700195,895.0416,10.556162,253.54083,72.47528
2024-09-06 12:00:00,24.741547,19.726562,895.3359,10.1532,250.47406,73.690285
2024-09-06 13:00:00,24.552307,19.882965,895.9052,9.682289,246.7331,75.25488
2024-09-06 14:00:00,23.739136,19.942749,896.6236,9.460388,243.18741,79.31111
2024-09-06 15:00:00,23.08667,19.794495,897.30774,9.450091,240.67926,81.7411
2024-09-06 16:00:00,22.95401,19.824371,897.7773,9.501183,238.82234,82.552704
2024-09-06 17:00:00,22.43216,19.746277,897.8894,9.708187,238.07831,84.79621
2024-09-06 18:00:00,22.261505,19.701569,897.6945,9.942562,238.57745,85.44355
2024-09-06 19:00:00,22.130615,19.668945,897.31635,10.174495,239.61002,85.953064
2024-09-06 20:00:00,21.736816,19.523895,896.90826,10.329613,240.88356,87.25363
2024-09-06 21:00:00,21.638916,19.479614,896.5945,10.407584,241.93076,87.5361
2024-09-06 22:00:00,21.36731,19.311829,896.28845,10.282081,246.02829,88.079575
2024-09-06 23:00:00,21.382446,19.32132,896.3564,10.181975,245.70946,88.049904
2024-09-07 00:00:00,21.647858,19.393677,896.5734,10.040316,244.29315,87.02206
2024-09-07 01:00:00,21.722351,19.395386,896.9645,9.963726,241.96628,86.6359
2024-09-07 02:00:00,22.771729,19.746155,897.4447,10.259472,239.11069,83.065544
2024-09-07 03:00:00,23.106476,19.715454,897.8826,10.883574,238.53609,81.24398
2024-09-07 04:00:00,23.398163,19.581207,898.136,11.325241,238.2388,79.16252
2024-09-07 05:00:00,24.83371,19.783752,898.0692,11.697458,238.46005,73.54627
2024-09-07 06:00:00,25.404968,19.783539,897.70306,12.059167,238.85028,71.084656
2024-09-07 07:00:00,25.547455,19.794952,897.0811,12.367714,239.27246,70.53538
2024-09-07 08:00:00,26.098755,19.817444,896.36163,12.545959,239.90402,68.36356
2024-09-07 09:00:00,26.07428,19.78006,895.76843,12.638048,240.63153,68.30408
2024-09-07 10:00:00,25.402008,19.71762,895.4558,11.721035,243.40579,70.80709
2024-09-07 11:00:00,25.276093,19.693634,895.5408,11.603873,242.37753,71.23321
2024-09-07 12:00:00,25.098206,19.865448,895.87396,11.276729,239.5281,72.76282
2024-09-07 13:00:00,24.831879,19.999054,896.4515,11.084155,235.7085,74.542114
2024-09-07 14:00:00,23.95575,19.959747,897.18744,11.076433,233.01978,78.367096
2024-09-07 15:00:00,23.272919,19.877136,897.88525,11.124774,231.35133,81.24124
2024-09-07 16:00:00,23.153473,19.884949,898.3311,11.335671,230.53433,81.86934
2024-09-07 17:00:00,22.67627,19.786835,898.4409,11.534442,230.46048,83.75888
2024-09-07 18:00:00,22.443237,19.679962,898.28394,11.797715,230.9546,84.39114
2024-09-07 19:00:00,22.299377,19.657776,897.9467,12.037279,231.92076,85.0155
2024-09-07 20:00:00,21.844269,19.488708,897.5616,12.261586,233.4209,86.49357
2024-09-07 21:00:00,21.75357,19.449768,897.2445,12.38259,234.93416,86.76373
2024-09-07 22:00:00,21.534027,19.375336,897.0491,12.06235,241.1016,87.53017
2024-09-07 23:00:00,21.464172,19.31366,897.1052,12.082888,241.45648,87.56854
2024-09-08 00:00:00,21.694397,19.408081,897.3856,11.934041,241.39865,86.8526
2024-09-08 01:00:00,21.769104,19.427704,897.8553,11.828292,240.85732,86.56258
2024-09-08 02:00:00,22.77649,19.762512,898.4207,12.021924,240.06332,83.12587
2024-09-08 03:00:00,23.104431,19.706207,898.83344,12.51641,240.54593,81.2074
2024-09-08 04:00:00,23.45111,19.658203,898.9761,12.861944,240.97214,79.28819
2024-09-08 05:00:00,24.734528,19.780853,898.843,13.111187,241.74788,73.96986
2024-09-08 06:00:00,25.227173,19.756866,898.3953,13.3390045,242.81981,71.72167
2024-09-08 07:00:00,25.364868,19.763367,897.67224,13.471871,244.16742,71.16526
2024-09-08 08:00:00,25.917389,19.851837,896.8675,13.58857,245.3709,69.248726
2024-09-08 09:00:00,25.885437,19.844269,896.24023,13.529028,246.55661,69.347336
2024-09-08 10:00:00,25.256012,19.78424,895.88513,13.046624,251.00916,71.72037
2024-09-08 11:00:00,25.145538,19.70868,895.83826,12.415062,250.51736,71.856026
2024-09-08 12:00:00,24.92154,19.744476,895.9944,11.751608,247.76492,72.98377
2024-09-08 13:00:00,24.683746,19.813354,896.35016,11.269864,243.76764,74.34432
2024-09-08 14:00:00,23.885345,19.890045,896.9082,11.11642,240.3524,78.36036
2024-09-08 15:00:00,23.207,19.728546,897.45764,11.195714,237.99623,80.81738
2024-09-08 16:00:00,23.038849,19.718689,897.771,11.4101095,236.16003,81.59338
2024-09-08 17:00:00,22.552307,19.588593,897.7604,11.71195,235.31491,83.35961
2024-09-08 18:00:00,22.389221,19.570312,897.43726,12.070072,235.09421,84.09428
2024-09-08 19:00:00,22.242615,19.513672,896.98413,12.376338,235.6715,84.5496
2024-09-08 20:00:00,21.786835,19.383148,896.57227,12.529692,236.64383,86.22964
2024-09-08 21:00:00,21.66095,19.304016,896.2018,12.559026,237.64417,86.468704
2024-09-08 22:00:00,21.37738,19.150055,896.0086,12.308511,241.27258,87.142876
2024-09-08 23:00:00,21.34262,19.162994,895.9559,12.180295,240.74417,87.39914
2024-09-09 00:00:00,21.500305,19.213684,896.1459,12.142074,239.90617,86.832886
2024-09-09 01:00:00,21.562073,19.236267,896.5058,12.095054,238.73141,86.62704
2024-09-09 02:00:00,22.564331,19.549164,896.96,12.31225,237.06781,83.09502
2024-09-09 03:00:00,22.920135,19.544922,897.3095,12.814838,236.90039,81.29998
2024-09-09 04:00:00,23.26538,19.529205,897.42725,13.217494,236.79729,79.54227
2024-09-09 05:00:00,24.718872,19.768524,897.2684,13.614101,237.4516,73.982475
2024-09-09 06:00:00,25.235168,19.786316,896.8265,13.865834,238.48969,71.81863
2024-09-09 07:00:00,25.397003,19.79248,896.12787,14.025893,239.69266,71.1578
2024-09-09 08:00:00,25.882294,19.800995,895.36896,14.054757,240.81488,69.17443
2024-09-09 09:00:00,25.902863,19.741516,894.69525,13.986384,241.76663,68.83583
2024-09-09 10:00:00,25.204071,19.595001,894.31537,12.970196,246.97733,71.102516
2024-09-09 11:00:00,24.982239,19.472595,894.2249,12.611082,245.99863,71.50264
2024-09-09 12:00:00,24.803345,19.470032,894.4218,12.119234,243.38513,72.25848
2024-09-09 13:00:00,24.55072,19.55716,894.8335,11.655348,239.45999,73.75597
2024-09-09 14:00:00,23.707153,19.551544,895.4265,11.461813,236.1817,77.55886
2024-09-09 15:00:00,23.087952,19.493011,895.95483,11.453237,233.71826,80.21928
2024-09-09 16:00:00,22.953491,19.511353,896.2307,11.638617,232.22044,80.966866
2024-09-09 17:00:00,22.4935,19.438385,896.2439,11.880734,231.45866,82.8807
2024-09-09 18:00:00,22.346558,19.438446,896.0135,12.20475,231.50821,83.62461
2024-09-09 19:00:00,22.228271,19.45932,895.65186,12.477929,231.92952,84.33804
2024-09-09 20:00:00,21.795105,19.346619,895.257,12.676487,232.68256,85.99044
2024-09-09 21:00:00,21.697174,19.316498,894.9674,12.79301,233.42285,86.3445
2024-09-09 22:00:00,21.463257,19.215942,894.9214,12.674226,236.88809,87.0423
2024-09-09 23:00:00,21.424072,19.22107,895.0938,12.706575,236.42117,87.27928
2024-09-10 00:00:00,21.608734,19.26419,895.46094,12.778719,236.1638,86.53044
2024-09-10 01:00:00,21.676392,19.260742,896.00385,12.843045,235.51575,86.15472
2024-09-10 02:00:00,22.602875,19.512085,896.57477,13.10521,234.69475,82.710075
2024-09-10 03:00:00,22.970581,19.48761,896.9938,13.572442,234.9571,80.763885
2024-09-10 04:00:00,23.300934,19.467468,897.0603,13.898266,235.76524,79.06776
2024-09-10 05:00:00,24.656952,19.634888,896.8663,14.076786,236.60562,73.64356
2024-09-10 06:00:00,25.194244,19.632019,896.3975,14.212872,237.62108,71.30784
2024-09-10 07:00:00,25.334717,19.58844,895.7597,14.36052,238.64438,70.52316
2024-09-10 08:00:00,25.763306,19.533813,895.0284,14.374827,239.73993,68.51817
2024-09-10 09:00:00,25.770355,19.490204,894.38025,14.256109,240.57797,68.30419
2024-09-10 10:00:00,24.995453,19.49408,893.9903,13.465865,241.07349,71.5418
2024-09-10 11:00:00,24.84665,19.474426,894.05225,12.961293,240.164,72.091606
2024-09-10 12:00:00,24.683044,19.528778,894.3959,12.353,238.10774,73.0458
2024-09-10 13:00:00,24.415741,19.583496,894.9214,11.862087,235.27507,74.47601
2024-09-10 14:00:00,23.68753,19.676636,895.6459,11.589566,232.77829,78.256035
2024-09-10 15:00:00,23.023193,19.569061,896.32874,11.533125,230.75845,80.91557
2024-09-10 16:00:00,22.911346,19.59607,896.7548,11.644904,229.46849,81.602104
2024-09-10 17:00:00,22.417725,19.46759,896.80304,11.868334,229.06313,83.41455
2024-09-10 18:00:00,22.262573,19.469666,896.5938,12.115767,229.54803,84.21629
2024-09-10 19:00:00,22.110107,19.438385,896.2697,12.347764,230.62828,84.83667
2024-09-10 20:00:00,21.689392,19.293976,895.9645,12.437699,231.91655,86.26454
2024-09-10 21:00:00,21.583008,19.27298,895.7329,12.457656,233.17818,86.714134
2024-09-10 22:00:00,21.242493,19.062347,895.5372,12.345315,238.32724,87.387344
2024-09-10 23:00:00,21.188171,19.024658,895.65186,12.2881,238.4482,87.4732
2024-09-11 00:00:00,21.375397,19.061707,895.93774,12.246268,238.40033,86.674866
2024-09-11 01:00:00,21.465485,19.096832,896.5128,12.287989,237.61493,86.386894
2024-09-11 02:00:00,22.42511,19.363647,897.06775,12.712849,236.85495,82.83991
2024-09-11 03:00:00,22.840881,19.310669,897.5316,13.683748,237.63614,80.50993
2024-09-11 04:00:00,23.16278,19.213226,897.6678,14.328774,238.99039,78.47907
2024-09-11 05:00:00,24.485779,19.340393,897.5396,14.588288,240.06247,73.052
2024-09-11 06:00:00,24.9404,19.307861,897.05347,14.704568,240.99564,70.95058
2024-09-11 07:00:00,25.072174,19.288239,896.4222,14.767846,241.99695,70.309425
2024-09-11 08:00:00,25.679382,19.250824,895.76636,14.752811,242.69662,67.6586
2024-09-11 09:00:00,25.754883,19.228638,895.284,14.696313,243.58493,67.26336
2024-09-11 10:00:00,24.96762,19.282104,895.11993,14.04287,245.99983,70.72201
2024-09-11 11:00:00,24.808197,19.236877,895.19135,13.491186,245.61884,71.19724
2024-09-11 12:00:00,24.590271,19.24884,895.51843,12.564068,244.00478,72.184204
2024-09-11 13:00:00,24.370758,19.29425,896.0212,11.906603,241.33987,73.34594
2024-09-11 14:00:00,23.662476,19.43277,896.6843,11.565663,239.11514,77.195816
2024-09-11 15:00:00,22.979034,19.256775,897.3179,11.503625,237.62134,79.57173
2024-09-11 16:00:00,22.840637,19.248352,897.6778,11.66096,237.00546,80.19941
2024-09-11 17:00:00,22.300262,19.221558,897.67834,11.889485,236.95407,82.736275
2024-09-11 18:00:00,22.145325,19.189056,897.40015,12.186614,237.83173,83.35141
2024-09-11 19:00:00,21.995789,19.150269,897.02313,12.370135,239.04395,83.91153
2024-09-11 20:00:00,21.55194,19.007263,896.6337,12.462358,240.54082,85.452354
2024-09-11 21:00:00,21.460327,18.966583,896.36725,12.466686,241.66156,85.715034
2024-09-11 22:00:00,21.155579,18.75589,896.2177,12.3586035,243.65974,86.18976
2024-09-11 23:00:00,21.111694,18.716003,896.3368,12.366502,244.39989,86.20703
2024-09-12 00:00:00,21.263947,18.762238,896.6179,12.346015,244.86496,85.65267
2024-09-12 01:00:00,21.367615,18.767883,897.07306,12.377108,244.7606,85.140144
2024-09-12 02:00:00,22.292542,18.984467,897.68756,12.695192,244.65082,81.560776
2024-09-12 03:00:00,22.70929,18.962463,898.1329,13.478848,246.01634,79.412704
2024-09-12 04:00:00,23.019165,18.869598,898.2463,13.897793,247.22397,77.48527
2024-09-12 05:00:00,24.234558,18.959259,898.07117,14.140779,247.85938,72.419235
2024-09-12 06:00:00,24.795593,18.971497,897.61646,14.322899,248.49573,70.08189
2024-09-12 07:00:00,24.93814,18.954285,896.9972,14.353286,249.3559,69.41362
2024-09-12 08:00:00,25.525421,18.970581,896.2993,14.256937,250.67245,67.097404
2024-09-12 09:00:00,25.565735,18.938171,895.77936,13.948301,252.00858,66.80173
2024-09-12 10:00:00,24.98285,18.910065,895.5474,13.003766,254.51147,69.03794
2024-09-12 11:00:00,24.856232,18.871857,895.6182,12.060377,253.853,69.395676
2024-09-12 12:00:00,24.654236,18.869629,895.93085,10.956459,251.67038,70.228264
2024-09-12 13:00:00,24.345398,19.074158,896.4109,10.198607,248.75465,72.45715
2024-09-12 14:00:00,23.523651,19.295746,896.9869,9.834843,245.19586,77.1835
2024-09-12 15:00:00,22.925964,19.204529,897.50385,9.654079,241.95367,79.5685
2024-09-12 16:00:00,22.771729,19.240448,897.8265,9.766003,239.172,80.49542
2024-09-12 17:00:00,22.228851,19.100952,897.779,10.050485,237.57687,82.47453
2024-09-12 18:00:00,22.12323,19.07779,897.4306,10.473578,237.05208,82.88693
2024-09-12 19:00:00,21.977356,19.076965,896.92737,10.835944,237.21323,83.622955
2024-09-12 20:00:00,21.537354,18.916046,896.4344,11.180475,237.64166,85.0432
2024-09-12 21:00:00,21.42157,18.889313,896.114,11.459441,237.87236,85.50532
2024-09-12 22:00:00,21.008423,18.691742,895.9026,11.380999,240.55618,86.624016
2024-09-12 23:00:00,20.990326,18.695953,896.05237,11.464354,240.31754,86.74323
2024-09-13 00:00:00,21.21463,18.749023,896.34326,11.51002,240.07355,85.841225
2024-09-13 01:00:00,21.291473,18.76355,896.8275,11.639429,239.72621,85.51527
2024-09-13 02:00:00,22.233124,18.96466,897.34064,12.046038,239.27475,81.75519
2024-09-13 03:00:00,22.569946,18.934448,897.7268,12.937673,240.6427,79.9472
2024-09-13 04:00:00,22.889282,18.907776,897.84674,13.527644,241.85515,78.28338
2024-09-13 05:00:00,24.259308,19.084259,897.6986,13.922999,242.9776,72.87786
2024-09-13 06:00:00,24.761871,18.977325,897.2576,14.183893,244.0649,70.2487
2024-09-13 07:00:00,24.894287,18.95401,896.57556,14.350057,245.15042,69.59423
2024-09-13 08:00:00,25.394897,18.938782,895.8128,14.458531,246.35791,67.48573
2024-09-13 09:00:00,25.412933,18.920868,895.2047,14.3960905,247.19992,67.33808
2024-09-13 10:00:00,24.766174,18.869904,894.9074,13.246092,250.21289,69.76131
2024-09-13 11:00:00,24.662048,18.839691,894.85443,12.668568,248.92969,70.06435
2024-09-13 12:00:00,24.451965,18.904388,895.0369,11.839236,246.48401,71.237625
2024-09-13 13:00:00,24.18509,19.057251,895.3995,11.226583,244.23404,73.07979
2024-09-13 14:00:00,23.356567,19.095306,895.967,10.964447,242.29666,76.99797
2024-09-13 15:00:00,22.672424,18.968903,896.505,10.911407,240.83386,79.622475
2024-09-13 16:00:00,22.485138,19.019104,896.79175,11.034369,239.66638,80.78567
2024-09-13 17:00:00,21.908203,18.914978,896.6814,11.263527,239.0364,83.132126
2024-09-13 18:00:00,21.734406,18.822906,896.3119,11.541879,239.17024,83.53737
2024-09-13 19:00:00,21.606964,18.79889,895.80005,11.7502365,239.85635,84.0645
2024-09-13 20:00:00,21.139343,18.62262,895.38873,11.9093075,240.93553,85.55969
2024-09-13 21:00:00,21.028107,18.599762,895.152,12.001267,241.95029,86.022964
2024-09-13 22:00:00,20.815857,18.45523,895.12616,11.799672,245.26013,86.36773
2024-09-13 23:00:00,20.73291,18.439331,895.2262,11.845031,245.09738,86.723366
2024-09-14 00:00:00,20.98285,18.542206,895.52905,11.919394,244.45418,85.95229
2024-09-14 01:00:00,21.03067,18.530762,896.0864,12.043498,243.6813,85.638794
2024-09-14 02:00:00,21.927002,18.817627,896.7209,12.535637,243.37636,82.53354
2024-09-14 03:00:00,22.24704,18.748901,897.1449,13.351071,244.5054,80.59266
2024-09-14 04:00:00,22.51944,18.708557,897.27924,13.840162,245.76941,79.06912
2024-09-14 05:00:00,23.874207,18.825623,897.1011,14.13689,246.60548,73.3884
2024-09-14 06:00:00,24.39682,18.722961,896.68115,14.390237,247.25212,70.66774
2024-09-14 07:00:00,24.538147,18.668945,896.0436,14.586968,247.95866,69.83615
2024-09-14 08:00:00,25.187317,18.641144,895.2835,14.698145,249.13997,67.06539
2024-09-14 09:00:00,25.250153,18.56842,894.73334,14.651243,249.87814,66.51169
2024-09-14 10:00:00,24.61325,18.59311,894.3795,13.630952,252.45312,69.19409
2024-09-14 11:00:00,24.498474,18.576477,894.49023,12.972562,252.38907,69.59832
2024-09-14 12:00:00,24.304901,18.713379,894.80994,11.863049,250.67746,71.01543
2024-09-14 13:00:00,24.076904,18.819916,895.396,11.047054,248.1827,72.474236
2024-09-14 14:00:00,23.218903,18.893768,896.0471,10.698085,246.01715,76.670685
2024-09-14 15:00:00,22.537994,18.792633,896.6825,10.628247,244.10912,79.3962
2024-09-14 16:00:00,22.356873,18.881012,896.9645,10.719595,242.87515,80.71932
2024-09-14 17:00:00,21.849152,18.811615,897.0192,10.95283,242.29814,82.895485
2024-09-14 18:00:00,21.693573,18.79181,896.75104,11.219481,242.61714,83.58355
2024-09-14 19:00:00,21.546143,18.757385,896.3536,11.438891,243.43338,84.159294
2024-09-14 20:00:00,21.144867,18.60553,895.9345,11.621511,244.4896,85.43929
2024-09-14 21:00:00,20.98758,18.529205,895.6738,11.746846,245.45038,85.857414
2024-09-14 22:00:00,20.71109,18.374786,895.4472,11.829626,247.51878,86.48941
2024-09-14 23:00:00,20.61789,18.327332,895.5591,11.774167,247.7644,86.72897
2024-09-15 00:00:00,20.832336,18.449036,895.86273,11.681695,247.70544,86.24673
2024-09-15 01:00:00,20.888,18.465454,896.3772,11.624256,247.38019,86.040405
2024-09-15 02:00:00,21.900024,18.787079,896.9334,11.876291,247.04672,82.51188
2024-09-15 03:00:00,22.369965,18.84793,897.3245,12.442395,248.17899,80.488655
2024-09-15 04:00:00,22.669708,18.755981,897.44446,12.88656,249.18335,78.58373
2024-09-15 05:00:00,24.053009,18.862,897.3107,13.195149,249.76042,72.76934
2024-09-15 06:00:00,24.579987,18.80658,896.944,13.539889,250.29013,70.263504
2024-09-15 07:00:00,24.756592,18.782867,896.372,13.784065,251.22452,69.42276
2024-09-15 08:00:00,25.335236,18.71811,895.67377,13.875931,252.6261,66.798416
2024-09-15 09:00:00,25.41745,18.69867,895.13635,13.791159,253.85774,66.39196
2024-09-15 10:00:00,24.796356,18.72113,894.8605,12.646906,254.05133,68.9914
2024-09-15 11:00:00,24.684082,18.677765,894.93274,12.160197,254.27441,69.26758
2024-09-15 12:00:00,24.479889,18.738861,895.2692,11.207246,252.59457,70.38706
2024-09-15 13:00:00,24.238739,18.874817,895.7604,10.535528,250.1654,72.02048
2024-09-15 14:00:00,23.349487,18.890076,896.5022,10.2012415,248.46402,76.05088
2024-09-15 15:00:00,22.638458,18.803772,897.2007,10.073678,246.7941,78.96836
2024-09-15 16:00:00,22.507294,18.831757,897.6269,10.150799,245.4875,79.73905
2024-09-15 17:00:00,21.91507,18.742615,897.6421,10.3271265,244.94183,82.20742
2024-09-15 18:00:00,21.71106,18.72055,897.3783,10.533267,245.16711,83.123215
2024-09-15 19:00:00,21.527222,18.677979,896.9519,10.656391,246.10721,83.83954
2024-09-15 20:00:00,21.111359,18.549957,896.4882,10.742117,247.45941,85.31794
2024-09-15 21:00:00,21.034943,18.51764,896.1918,10.758651,248.7792,85.545975
2024-09-15 22:00:00,20.697052,18.31366,896.06995,10.320945,251.48567,86.2331
2024-09-15 23:00:00,20.62082,18.27237,896.3094,10.361778,251.47876,86.41491
2024-09-16 00:00:00,20.840729,18.383026,896.71594,10.276017,251.35748,85.8464
2024-09-16 01:00:00,20.911133,18.385864,897.275,10.185922,250.72908,85.4907
2024-09-16 02:00:00,21.875977,18.69992,897.8194,10.327687,250.73296,82.184105
2024-09-16 03:00:00,22.224976,18.641022,898.3183,10.724842,252.27061,80.15839
2024-09-16 04:00:00,22.706818,18.710846,898.519,11.041603,253.90366,78.186104
2024-09-16 05:00:00,24.294037,18.812012,898.4916,11.280042,254.32147,71.50109
2024-09-16 06:00:00,24.922943,18.695953,898.17773,11.545498,254.44882,68.364395
2024-09-16 07:00:00,25.095581,18.648804,897.64575,11.750299,255.23064,67.46514
2024-09-16 08:00:00,25.697968,18.642212,896.973,11.863197,256.39398,65.06517
2024-09-16 09:00:00,25.726532,18.553253,896.4903,11.893835,257.43442,64.59445
2024-09-16 10:00:00,25.027863,18.599548,896.1543,11.1363535,259.28046,67.52956
2024-09-16 11:00:00,24.944305,18.562347,896.21185,10.707642,260.13177,67.70902
2024-09-16 12:00:00,24.702667,18.62555,896.4395,9.907275,259.29828,68.965096
2024-09-16 13:00:00,24.394867,18.790894,896.9104,9.31694,257.18597,70.97672
2024-09-16 14:00:00,23.54013,18.903992,897.57935,8.998706,254.93059,75.2467
2024-09-16 15:00:00,22.810547,18.80481,898.2143,8.879434,252.6071,78.153534
2024-09-16 16:00:00,22.657745,18.857147,898.6255,8.920833,250.93716,79.1394
2024-09-16 17:00:00,22.037262,18.720581,898.65717,9.082502,250.30148,81.48473
2024-09-16 18:00:00,21.869232,18.692749,898.5005,9.315526,250.28593,82.18111
2024-09-16 19:00:00,21.707153,18.660614,898.1624,9.483378,251.26979,82.83202
2024-09-16 20:00:00,21.21048,18.459656,897.8134,9.609237,253.14314,84.322395
2024-09-16 21:00:00,21.08194,18.41861,897.5231,9.65719,254.97632,84.77196
2024-09-16 22:00:00,20.7182,18.193665,897.3949,8.875979,258.34448,85.47491
2024-09-16 23:00:00,20.678528,18.17633,897.5566,8.755867,259.15277,85.590836
2024-09-17 00:00:00,20.781342,18.148956,897.8775,8.604508,259.8605,84.90471
2024-09-17 01:00:00,20.938202,18.231262,898.39984,8.415654,259.75604,84.52504
2024-09-17 02:00:00,22.06015,18.612701,898.9238,8.421102,259.2044,80.82394
2024-09-17 03:00:00,22.553284,18.613403,899.34546,8.630719,259.33224,78.43855
2024-09-17 04:00:00,22.920288,18.577515,899.4671,8.806562,259.64984,76.54002
2024-09-17 05:00:00,24.418,18.757782,899.3006,8.971107,259.7906,70.73194
2024-09-17 06:00:00,25.05487,18.732117,898.87476,9.228939,259.7432,67.982254
2024-09-17 07:00:00,25.195374,18.681458,898.2071,9.569952,260.887,67.20247
2024-09-17 08:00:00,25.792969,18.612946,897.4548,9.878865,262.61267,64.58133
2024-09-17 09:00:00,25.821045,18.53424,896.81604,10.041271,264.60196,64.15716
2024-09-17 10:00:00,25.07666,18.57077,896.4149,9.135439,265.7828,67.21226
2024-09-17 11:00:00,24.94278,18.554749,896.2802,8.94561,266.13464,67.68299
2024-09-17 12:00:00,24.716614,18.650146,896.43414,8.381008,264.41187,69.013756
2024-09-17 13:00:00,24.393524,18.8031,896.8325,7.8721905,261.08264,71.0366
2024-09-17 14:00:00,23.521637,18.908539,897.3995,7.63577,257.7392,75.352005
2024-09-17 15:00:00,22.869019,18.8927,897.9777,7.566048,254.9521,78.30578
2024-09-17 16:00:00,22.728241,18.890625,898.3142,7.64542,253.24503,78.96661
2024-09-17 17:00:00,22.136505,18.700165,898.2864,7.870668,252.3882,80.890076
2024-09-17 18:00:00,21.950317,18.663727,898.0809,8.13418,252.3923,81.627174
2024-09-17 19:00:00,21.778564,18.623749,897.74695,8.3396,253.54376,82.28144
2024-09-17 20:00:00,21.276031,18.46988,897.3187,8.4558525,255.3015,84.037865
2024-09-17 21:00:00,21.140045,18.440704,896.9825,8.471509,257.30505,84.58711
2024-09-17 22:00:00,20.761108,18.210083,896.75146,7.9412904,259.5342,85.337326
2024-09-17 23:00:00,20.696014,18.192719,896.8705,7.9751763,260.77554,85.5867
2024-09-18 00:00:00,20.907776,18.255463,897.136,7.869729,261.37137,84.81196
2024-09-18 01:00:00,20.973999,18.271393,897.57666,7.7398124,260.6796,84.55187
2024-09-18 02:00:00,22.056488,18.561737,898.04456,7.739439,259.47635,80.58455
2024-09-18 03:00:00,22.53836,18.538269,898.42413,7.9651527,258.8631,78.141365
2024-09-18 04:00:00,22.948395,18.533844,898.55615,8.200366,259.1278,76.20129
2024-09-18 05:00:00,24.419434,18.710815,898.4297,8.384128,259.406,70.51853
2024-09-18 06:00:00,25.180328,18.71402,898.02313,8.644157,259.59583,67.39979
2024-09-18 07:00:00,25.33432,18.66867,897.37976,8.980194,259.93018,66.595856
2024-09-18 08:00:00,25.848206,18.602142,896.61804,9.338066,261.02322,64.32679
2024-09-18 09:00:00,25.880035,18.518188,896.0137,9.525502,262.34915,63.869114
2024-09-18 10:00:00,25.132233,18.528198,895.5708,8.9614935,263.16034,66.811844
2024-09-18 11:00:00,24.986542,18.513824,895.53564,8.750359,264.19223,67.33383
2024-09-18 12:00:00,24.803314,18.64383,895.7941,8.188042,263.76758,68.630165
2024-09-18 13:00:00,24.593414,18.768158,896.3145,7.6897163,262.28906,70.03874
2024-09-18 14:00:00,23.662872,18.850586,897.014,7.374705,260.5277,74.44362
2024-09-18 15:00:00,22.927826,18.828705,897.66907,7.200103,258.8272,77.716156
2024-09-18 16:00:00,22.73053,18.846619,898.065,7.2025166,257.00217,78.738976
2024-09-18 17:00:00,22.102478,18.776611,898.13367,7.3451405,255.89525,81.446205
2024-09-18 18:00:00,21.888336,18.718933,897.9925,7.5689154,255.70183,82.21983
2024-09-18 19:00:00,21.725433,18.705688,897.75165,7.7721024,256.797,82.973114
2024-09-18 20:00:00,21.238922,18.53476,897.4238,7.9898815,258.49725,84.57222
2024-09-18 21:00:00,21.118805,18.492859,897.1594,8.115948,260.30817,84.97464
2024-09-18 22:00:00,20.776764,18.25766,897.09125,7.774087,264.36057,85.51005
2024-09-18 23:00:00,20.72998,18.266907,897.3098,7.7204437,264.40845,85.80641
2024-09-19 00:00:00,21.020264,18.359955,897.66943,7.6318,264.42917,84.78142
2024-09-19 01:00:00,21.107605,18.404694,898.1836,7.559171,264.47552,84.56468
2024-09-19 02:00:00,22.161194,18.726105,898.6917,7.484774,264.14017,80.89961
2024-09-19 03:00:00,22.87677,18.881836,899.11554,7.684957,264.5221,78.21595
2024-09-19 04:00:00,23.203156,18.81366,899.2707,7.878425,265.04016,76.36069
2024-09-19 05:00:00,24.784424,18.949188,899.10834,8.187784,265.2171,70.03107
2024-09-19 06:00:00,25.437012,18.892822,898.6258,8.577398,265.39978,67.12415
2024-09-19 07:00:00,25.613403,18.832306,897.9468,8.973326,266.71768,66.17409
2024-09-19 08:00:00,26.343262,18.771637,897.19775,9.246077,268.74844,63.13647
2024-09-19 09:00:00,26.387543,18.688538,896.64343,9.41166,271.20563,62.645428
2024-09-19 10:00:00,25.51712,18.692535,896.21655,8.520783,274.1567,65.97463
2024-09-19 11:00:00,25.430542,18.683777,896.1742,8.300223,274.94067,66.27855
2024-09-19 12:00:00,25.254242,18.900146,896.4189,7.705726,273.21826,67.88876
2024-09-19 13:00:00,25.01825,19.01175,896.88007,7.352435,270.17596,69.33092
2024-09-19 14:00:00,24.105438,19.141968,897.521,7.1270666,266.67328,73.818726
2024-09-19 15:00:00,23.26831,19.047455,898.1124,7.024197,263.89984,77.17876
2024-09-19 16:00:00,23.014648,19.012665,898.4573,7.015516,261.2577,78.20162
2024-09-19 17:00:00,22.301025,18.909637,898.4736,7.1156964,259.43164,81.138885
2024-09-19 18:00:00,22.137634,18.955078,898.24274,7.30372,258.6226,82.182785
2024-09-19 19:00:00,21.970825,18.951172,897.9162,7.4911094,258.77744,83.002426
2024-09-19 20:00:00,21.463135,18.684906,897.5323,7.6621876,259.5627,84.20556
2024-09-19 21:00:00,21.32077,18.658417,897.2377,7.7622914,260.40167,84.80256
2024-09-19 22:00:00,20.920807,18.3497,897.01776,7.5297046,263.23462,85.24641
2024-09-19 23:00:00,20.889618,18.35141,897.1281,7.542561,263.68402,85.4192
2024-09-20 00:00:00,21.224426,18.46582,897.4189,7.423006,263.63257,84.28281
2024-09-20 01:00:00,21.29654,18.51004,897.9037,7.3274207,263.652,84.14364
2024-09-20 02:00:00,22.47107,18.891388,898.4532,7.2847166,263.38565,80.21286
2024-09-20 03:00:00,22.932526,18.824524,898.94763,7.441195,264.6092,77.67377
2024-09-20 04:00:00,23.40689,18.878754,899.177,7.5102005,265.40054,75.73432
2024-09-20 05:00:00,25.102112,19.064026,899.0925,7.727801,265.75784,69.210556
2024-09-20 06:00:00,25.765137,18.98642,898.6983,8.009002,265.79285,66.21517
2024-09-20 07:00:00,26.001923,18.95285,898.05743,8.2586565,266.77066,65.15636
2024-09-20 08:00:00,26.821564,18.860748,897.2736,8.435795,268.3553,61.724567
2024-09-20 09:00:00,26.814972,18.827179,896.70374,8.441065,270.03183,61.61918
2024-09-20 10:00:00,25.967804,18.872131,896.343,7.7386107,274.28354,64.95992
2024-09-20 11:00:00,25.851318,18.805359,896.37836,7.457673,272.23108,65.13733
2024-09-20 12:00:00,25.581085,19.010712,896.59436,6.963928,267.23993,67.04365
2024-09-20 13:00:00,25.34378,19.057983,897.0186,6.669221,262.32742,68.19642
2024-09-20 14:00:00,24.292877,19.164001,897.6281,6.6122394,257.51437,73.09374
2024-09-20 15:00:00,23.522736,19.095337,898.24146,6.666764,253.67877,76.23017
2024-09-20 16:00:00,23.339386,19.140778,898.66406,6.8920965,250.73813,77.296616
2024-09-20 17:00:00,22.587372,19.03897,898.72656,7.2106814,249.48038,80.38516
2024-09-20 18:00:00,22.354034,18.979462,898.5988,7.594149,250.1676,81.230896
2024-09-20 19:00:00,22.188385,19.009521,898.30585,7.906618,251.82614,82.20794
2024-09-20 20:00:00,21.644958,18.847656,897.9256,8.148879,254.39075,84.12528
2024-09-20 21:00:00,21.522491,18.812164,897.62335,8.271457,256.78275,84.57016
2024-09-20 22:00:00,21.108673,18.476196,897.4842,8.035577,259.3861,84.9388
2024-09-20 23:00:00,21.036133,18.469696,897.589,8.05785,261.20532,85.28327
2024-09-21 00:00:00,21.287964,18.56076,897.8843,7.923283,262.82947,84.45562
2024-09-21 01:00:00,21.307129,18.589966,898.41284,7.712425,264.15128,84.5108
2024-09-21 02:00:00,22.436523,18.945038,898.9902,7.534154,264.96487,80.651085
2024-09-21 03:00:00,22.99936,18.997711,899.54865,7.456503,266.2722,78.201035
2024-09-21 04:00:00,23.385834,18.960297,899.75836,7.3228407,267.26562,76.21756
2024-09-21 05:00:00,25.081207,19.123169,899.6436,7.280981,267.76648,69.552795
2024-09-21 06:00:00,25.751343,19.085083,899.14966,7.412274,268.65894,66.678375
2024-09-21 07:00:00,25.899689,19.065735,898.4348,7.636172,269.88275,66.01514
2024-09-21 08:00:00,26.618134,19.05072,897.65564,7.893709,271.16754,63.21314
2024-09-21 09:00:00,26.66684,18.996063,897.0613,8.064119,272.14172,62.81753
2024-09-21 10:00:00,25.732727,18.96167,896.6643,7.443186,276.11337,66.24016
2024-09-21 11:00:00,25.624634,18.913605,896.65955,7.3238645,274.14282,66.466576
2024-09-21 12:00:00,25.423676,18.979126,896.9152,6.981799,270.36676,67.54023
2024-09-21 13:00:00,25.18341,19.118378,897.41156,6.679259,266.9273,69.110016
2024-09-21 14:00:00,24.187439,19.172058,898.0809,6.634966,263.96463,73.59422
2024-09-21 15:00:00,23.422485,19.050812,898.7006,6.650694,261.1507,76.47981
2024-09-21 16:00:00,23.250214,19.126953,899.09534,6.896014,258.98767,77.64708
2024-09-21 17:00:00,22.595612,18.967468,899.142,7.2550054,257.75354,79.9874
2024-09-21 18:00:00,22.418304,18.92981,898.951,7.6596384,258.20453,80.66377
2024-09-21 19:00:00,22.250153,18.882294,898.5516,7.9929357,259.58057,81.251656
2024-09-21 20:00:00,21.698212,18.631714,898.1283,8.267355,261.54486,82.72764
2024-09-21 21:00:00,21.58252,18.603516,897.76556,8.408102,263.42538,83.16807
2024-09-21 22:00:00,21.129883,18.322632,897.60175,8.264504,267.73578,84.015816
2024-09-21 23:00:00,21.07431,18.32248,897.6658,8.121721,268.54776,84.30214
2024-09-22 00:00:00,21.303223,18.401917,897.9603,7.9339356,268.71594,83.5414
2024-09-22 01:00:00,21.390259,18.456787,898.43463,7.748559,269.14905,83.38319
2024-09-22 02:00:00,22.55722,18.800018,898.9531,7.569577,269.81985,79.34014
2024-09-22 03:00:00,23.102997,18.872559,899.27783,7.4658065,271.6303,77.10759
2024-09-22 04:00:00,23.474274,18.839752,899.3379,7.3054194,273.039,75.24361
2024-09-22 05:00:00,25.192017,18.996277,899.09644,7.1948395,273.92865,68.550705
2024-09-22 06:00:00,25.835297,19.014679,898.6209,7.2599974,273.92764,66.05676
2024-09-22 07:00:00,26.026764,18.990875,897.9183,7.415052,273.73035,65.2152
2024-09-22 08:00:00,26.825378,19.014648,897.08875,7.568605,274.08755,62.306328
2024-09-22 09:00:00,26.830933,18.971375,896.3555,7.641616,274.40036,62.118046
2024-09-22 10:00:00,25.910095,18.867981,895.9919,7.4914775,274.77393,65.16535
2024-09-22 11:00:00,25.775604,18.787018,896.0106,7.223318,271.47928,65.35533
2024-09-22 12:00:00,25.55832,18.906738,896.35,6.8305826,264.28546,66.70015
2024-09-22 13:00:00,25.316467,19.061432,896.7989,6.6347055,258.31104,68.32196
2024-09-22 14:00:00,24.276703,19.113464,897.4291,6.621999,253.22214,72.93458
2024-09-22 15:00:00,23.539368,19.071655,898.0075,6.7298956,249.22188,76.04143
2024-09-22 16:00:00,23.39618,19.089264,898.42725,6.952652,246.31786,76.78518
2024-09-22 17:00:00,22.68576,18.90628,898.5383,7.294321,244.50824,79.24777
2024-09-22 18:00:00,22.533905,18.904327,898.41327,7.6370068,244.28928,79.97187
2024-09-22 19:00:00,22.378021,18.861908,898.0935,7.895412,245.50455,80.51948
2024-09-22 20:00:00,21.899567,18.71756,897.6746,8.0621805,247.17566,82.15645
2024-09-22 21:00:00,21.776764,18.67694,897.3856,8.114319,248.2909,82.56477
2024-09-22 22:00:00,21.35025,18.425446,897.3694,7.9699473,252.79536,83.42387
2024-09-22 23:00:00,21.304688,18.427979,897.5969,7.9469447,253.19888,83.67044
2024-09-23 00:00:00,21.548615,18.520386,897.91974,7.8727303,253.34985,82.90826
2024-09-23 01:00:00,21.610565,18.515778,898.42346,7.758409,253.22769,82.570816
2024-09-23 02:00:00,22.81955,18.858124,898.9874,7.540017,252.92569,78.37147
2024-09-23 03:00:00,23.343811,18.882324,899.4341,7.4460635,253.41647,76.040146
2024-09-23 04:00:00,23.67389,18.804138,899.5891,7.3802238,253.73807,74.1787
2024-09-23 05:00:00,25.30716,18.901947,899.3591,7.470406,254.09956,67.68296
2024-09-23 06:00:00,25.942108,18.929382,898.85187,7.7281547,255.44525,65.29177
2024-09-23 07:00:00,26.0654,18.93692,898.1401,8.032998,257.66278,64.84762
2024-09-23 08:00:00,26.703949,18.818909,897.3978,8.220771,259.72507,61.991047
2024-09-23 09:00:00,26.714874,18.724762,896.72565,8.286438,261.57794,61.587757
2024-09-23 10:00:00,25.82135,18.6828,896.3867,7.9485936,265.87888,64.75513
2024-09-23 11:00:00,25.687012,18.665924,896.45435,7.6111255,263.90344,65.20408
2024-09-23 12:00:00,25.411652,18.8143,896.7511,7.1500487,256.49042,66.89655
2024-09-23 13:00:00,25.166443,18.953735,897.23987,6.9674945,250.4075,68.47316
2024-09-23 14:00:00,24.185333,18.989014,897.8336,6.9102507,245.84004,72.76835
2024-09-23 15:00:00,23.390778,18.941284,898.40076,6.9445143,242.4149,76.10451
2024-09-23 16:00:00,23.17749,18.92218,898.70435,7.171571,240.39026,76.99926
2024-09-23 17:00:00,22.420624,18.778473,898.6668,7.487051,238.88889,79.89371
2024-09-23 18:00:00,22.2193,18.711761,898.4179,7.8462234,238.77689,80.54163
2024-09-23 19:00:00,22.09076,18.674042,898.09424,8.153451,239.56854,80.98342
2024-09-23 20:00:00,21.537811,18.470764,897.7718,8.337698,240.93524,82.70567
2024-09-23 21:00:00,21.421814,18.412445,897.46704,8.429293,241.78015,82.99127
2024-09-23 22:00:00,21.040985,18.220856,897.23364,7.9800224,249.445,83.93804
2024-09-23 23:00:00,20.984009,18.204407,897.337,7.831526,248.07198,84.14546
2024-09-24 00:00:00,21.227783,18.312592,897.6386,7.6166778,246.55722,83.46006
2024-09-24 01:00:00,21.316223,18.33612,898.1395,7.312492,244.6822,83.13128
2024-09-24 02:00:00,22.328308,18.610077,898.6905,7.1330676,242.51273,79.50187
2024-09-24 03:00:00,22.816345,18.64215,899.15607,7.100121,241.28186,77.33565
2024-09-24 04:00:00,23.173767,18.597992,899.2725,7.0931153,239.31607,75.47183
2024-09-24 05:00:00,24.814117,18.641998,899.0746,7.187927,238.86389,68.57805
2024-09-24 06:00:00,25.40097,18.61145,898.5687,7.4286036,239.64569,66.09544
2024-09-24 07:00:00,25.540955,18.559265,897.8211,7.7156973,242.17264,65.334305
2024-09-24 08:00:00,26.072784,18.309235,896.9375,7.9479733,244.89523,62.323154
2024-09-24 09:00:00,26.126648,18.200836,896.22095,7.974242,247.16129,61.70386
2024-09-24 10:00:00,25.21222,18.116638,895.8477,7.6835165,253.92749,64.80025
2024-09-24 11:00:00,25.0672,18.097687,895.93005,7.296527,252.4646,65.28461
2024-09-24 12:00:00,24.816742,18.290344,896.19226,6.9384623,247.15353,67.07348
2024-09-24 13:00:00,24.622162,18.506927,896.68744,6.6629763,241.09314,68.78513
2024-09-24 14:00:00,23.72171,18.5242,897.2916,6.5276003,236.26474,72.681694
2024-09-24 15:00:00,23.077087,18.505005,897.8547,6.537798,231.95473,75.473724
2024-09-24 16:00:00,22.911896,18.513123,898.2026,6.7328005,228.59126,76.27088
2024-09-24 17:00:00,22.26709,18.422699,898.2449,7.0807304,226.83011,78.86778
2024-09-24 18:00:00,22.042908,18.39804,898.10095,7.384466,226.1819,79.828606
2024-09-24 19:00:00,21.92923,18.38031,897.77563,7.6228843,227.04132,80.294716
2024-09-24 20:00:00,21.446594,18.20221,897.37555,7.7068195,227.83649,81.78002
2024-09-24 21:00:00,21.353973,18.157959,897.05304,7.686308,228.48956,82.0172
2024-09-24 22:00:00,20.917908,17.90628,896.9676,7.270587,234.85757,82.92003
2024-09-24 23:00:00,20.833588,17.892395,897.0809,7.1831703,233.17815,83.27839
2024-09-25 00:00:00,20.975891,17.939789,897.43835,7.0505323,230.93498,82.79936
2024-09-25 01:00:00,21.077698,17.999268,898.0433,6.8877044,228.42693,82.59148
2024-09-25 02:00:00,22.208984,18.195679,898.6738,6.798638,226.34134,78.028366
2024-09-25 03:00:00,22.741455,18.18573,899.1859,6.886287,225.73727,75.4971
2024-09-25 04:00:00,23.126099,18.147552,899.3719,6.976843,225.35701,73.58242
2024-09-25 05:00:00,24.553864,18.262268,899.22314,7.1020555,226.46947,68.01565
2024-09-25 06:00:00,24.98996,18.299042,898.72284,7.198128,228.85408,66.42005
2024-09-25 07:00:00,25.127441,18.256226,897.9286,7.234259,231.84737,65.70138
2024-09-25 08:00:00,25.573975,18.103516,897.09576,7.220758,234.75848,63.369293
2024-09-25 09:00:00,25.616089,18.033966,896.4769,7.0545278,236.62216,62.935467
2024-09-25 10:00:00,24.997894,17.987427,896.15546,5.994317,237.24327,65.10222
2024-09-25 11:00:00,24.864227,17.944366,896.2592,5.88168,234.12918,65.44595
2024-09-25 12:00:00,24.592285,18.308716,896.5338,5.7704873,228.46854,68.0575
2024-09-25 13:00:00,24.39795,18.326385,897.01556,5.6662974,221.9572,68.929985
2024-09-25 14:00:00,23.50055,18.36496,897.60315,5.759644,215.66423,72.925385
2024-09-25 15:00:00,22.88742,18.251648,898.122,5.933203,210.7164,75.14238
2024-09-25 16:00:00,22.680084,18.246368,898.37366,6.2244473,207.42294,76.06757
2024-09-25 17:00:00,22.04721,18.160217,898.31775,6.4803514,206.26617,78.62594
2024-09-25 18:00:00,21.837952,18.155243,898.0923,6.6961045,206.43823,79.61122
2024-09-25 19:00:00,21.727753,18.174622,897.7492,6.7689457,207.16504,80.24649
2024-09-25 20:00:00,21.281006,18.030151,897.3409,6.795169,208.22354,81.72605
2024-09-25 21:00:00,21.175568,18.025055,896.9402,6.741414,208.95311,82.22996
2024-09-25 22:00:00,20.844482,17.797913,896.7619,5.8967676,209.93565,82.72917
2024-09-25 23:00:00,20.80783,17.778076,896.7569,5.885133,208.61165,82.81244
2024-09-26 00:00:00,20.909485,17.846893,897.0882,5.9662337,206.24173,82.65355
2024-09-26 01:00:00,21.036072,17.884735,897.56445,6.1179814,203.32918,82.20857
2024-09-26 02:00:00,22.186035,18.222443,898.2011,6.4948535,200.83241,78.26882
2024-09-26 03:00:00,22.631683,18.216095,898.68744,7.196406,201.33568,76.146515
2024-09-26 04:00:00,22.925446,18.25177,898.915,7.809826,204.00069,74.97009
2024-09-26 05:00:00,24.397552,18.37967,898.7904,8.195962,208.83797,69.1623
2024-09-26 06:00:00,24.809265,18.308258,898.3395,8.327331,213.65047,67.17885
2024-09-26 07:00:00,24.96402,18.301971,897.60583,8.367155,217.55966,66.5351
2024-09-26 08:00:00,25.441742,18.150787,896.7621,8.288725,221.12619,64.058876
2024-09-26 09:00:00,25.432709,18.168549,896.1049,8.115585,223.32063,64.16479
2024-09-26 10:00:00,24.643188,18.153534,895.72406,7.260491,227.5771,67.19315
2024-09-26 11:00:00,24.491882,18.26706,895.75946,6.6063967,225.14006,68.28886
2024-09-26 12:00:00,24.25467,18.472504,896.0464,6.0815725,218.97864,70.163956
2024-09-26 13:00:00,24.019867,18.573792,896.5582,5.8159137,212.03864,71.61229
2024-09-26 14:00:00,23.287292,18.638916,897.2861,5.7704735,205.7583,75.14813
2024-09-26 15:00:00,22.729523,18.569672,897.8801,5.903855,201.0866,77.39201
2024-09-26 16:00:00,22.608154,18.610107,898.2595,6.151513,198.36108,78.16155
2024-09-26 17:00:00,22.099335,18.557983,898.2916,6.3782277,197.78998,80.355545
2024-09-26 18:00:00,21.948914,18.539642,898.1525,6.4904885,198.4566,81.002785
2024-09-26 19:00:00,21.82663,18.535034,897.8462,6.4641504,200.20284,81.58606
2024-09-26 20:00:00,21.37976,18.437866,897.4476,6.3801746,202.26225,83.33798
2024-09-26 21:00:00,21.279144,18.493744,897.0938,6.2372055,203.81989,84.147514
2024-09-26 22:00:00,20.959412,18.33432,896.84827,5.6563044,206.92357,84.962364
2024-09-26 23:00:00,20.877594,18.312286,896.94977,5.636728,205.55449,85.272934
2024-09-27 00:00:00,21.012756,18.353119,897.2541,5.5707083,203.50688,84.784195
2024-09-27 01:00:00,21.090698,18.447113,897.80524,5.586206,200.7762,84.8778
2024-09-27 02:00:00,21.89151,18.658203,898.4207,5.932944,199.36108,81.89233
2024-09-27 03:00:00,22.29596,18.696045,898.98584,6.635326,202.25172,80.088005
2024-09-27 04:00:00,22.55954,18.602417,899.25366,7.181976,207.1824,78.3549
2024-09-27 05:00:00,23.824738,18.736786,899.2558,7.4802523,212.1386,73.19956
2024-09-27 06:00:00,24.244751,18.72702,898.8307,7.629905,217.33855,71.33274
2024-09-27 07:00:00,24.337402,18.685974,898.16766,7.6687264,222.0033,70.75589
2024-09-27 08:00:00,24.702087,18.628815,897.36273,7.5808444,226.25911,68.98155
2024-09-27 09:00:00,24.67331,18.59964,896.7646,7.297045,229.20097,68.97429
2024-09-27 10:00:00,23.963806,18.406921,896.3859,7.0955734,237.64017,71.10684
2024-09-27 11:00:00,23.754974,18.434387,896.4325,6.0569606,237.69061,72.12945
2024-09-27 12:00:00,23.529266,18.574585,896.69806,5.2710524,232.3802,73.76146
2024-09-27 13:00:00,23.354156,18.694122,897.24896,4.838635,225.60742,75.10423
2024-09-27 14:00:00,22.699951,18.769257,897.9111,4.6907535,218.77763,78.50477
2024-09-27 15:00:00,22.160187,18.669342,898.53143,4.723996,213.59865,80.617935
2024-09-27 16:00:00,22.060303,18.697052,898.8887,4.9087605,210.8443,81.25073
2024-09-27 17:00:00,21.58197,18.57248,898.9456,5.10047,210.5932,83.00947
2024-09-27 18:00:00,21.439606,18.560974,898.73047,5.230948,212.23877,83.67568
2024-09-27 19:00:00,21.310303,18.564331,898.3976,5.2164245,214.69934,84.35891
2024-09-27 20:00:00,20.921265,18.425598,897.9579,5.065849,217.43692,85.65046
2024-09-27 21:00:00,20.816406,18.398163,897.57556,4.89975,219.71854,86.05653
2024-09-27 22:00:00,20.51175,18.198273,897.3981,4.420766,237.24326,86.59432
2024-09-27 23:00:00,20.470856,18.214874,897.4709,4.087539,236.75854,86.90352
2024-09-28 00:00:00,20.692871,18.269867,897.77405,3.7558844,233.799,86.018684
2024-09-28 01:00:00,20.774017,18.291473,898.4144,3.612728,227.91264,85.706116
2024-09-28 02:00:00,21.694855,18.564545,899.2019,3.997508,223.36198,82.39755
2024-09-28 03:00:00,22.035522,18.545654,899.78656,4.8544064,226.70456,80.606415
2024-09-28 04:00:00,22.32837,18.348083,900.07056,5.25828,231.01103,78.20767
2024-09-28 05:00:00,23.728302,18.467682,899.9456,5.4356685,234.5988,72.39616
2024-09-28 06:00:00,24.265686,18.430115,899.5399,5.5390835,238.08395,69.93168
2024-09-28 07:00:00,24.428253,18.355774,898.8886,5.6196203,242.30463,68.93193
2024-09-28 08:00:00,24.925415,18.298584,898.1968,5.6424313,246.45401,66.674324
2024-09-28 09:00:00,24.941284,18.184692,897.6154,5.4065576,250.46823,66.1369
2024-09-28 10:00:00,24.111755,18.121094,897.3158,4.7733126,262.18442,69.22536
2024-09-28 11:00:00,23.994751,18.154083,897.4054,3.5059702,265.81927,69.857994
2024-09-28 12:00:00,23.769104,18.237732,897.743,2.263585,263.26727,71.18496
2024-09-28 13:00:00,23.582489,18.377563,898.3658,1.4893478,248.11801,72.623474
2024-09-28 14:00:00,22.8667,18.414642,899.18945,1.2306331,221.37772,76.00961
2024-09-28 15:00:00,22.207825,18.340973,899.95087,1.4386749,199.92287,78.74838
2024-09-28 16:00:00,22.089722,18.349396,900.4011,1.8195031,191.1113,79.35882
2024-09-28 17:00:00,21.546753,18.270447,900.46674,2.2215304,191.37746,81.62895
2024-09-28 18:00:00,21.365479,18.248413,900.3082,2.4763405,196.62624,82.426025
2024-09-28 19:00:00,21.210205,18.226349,899.97046,2.5847812,203.04027,83.09929
2024-09-28 20:00:00,20.791199,18.1073,899.5564,2.5548313,210.85693,84.631516
2024-09-28 21:00:00,20.679962,18.080353,899.2023,2.4888737,217.9043,85.06896
2024-09-28 22:00:00,20.352081,17.861572,899.1398,2.1817384,242.23352,85.6206
2024-09-28 23:00:00,20.286163,17.85965,899.319,2.065815,243.38794,85.95947
2024-09-29 00:00:00,20.476776,17.874237,899.7639,1.9058734,243.5086,85.03196
2024-09-29 01:00:00,20.508545,17.908936,900.37146,1.8847634,241.10425,85.05097
2024-09-29 02:00:00,21.638824,18.285645,901.0887,2.0870187,239.49167,81.24796
2024-09-29 03:00:00,22.00351,18.250214,901.68695,2.6155431,240.37846,79.282265
2024-09-29 04:00:00,22.37732,18.195465,901.91315,3.138072,243.94801,77.23219
2024-09-29 05:00:00,23.979126,18.33603,901.7531,3.6882377,249.23227,70.72641
2024-09-29 06:00:00,24.593872,18.263397,901.1987,4.2093697,254.51105,67.85787
2024-09-29 07:00:00,24.811646,18.17926,900.42126,4.715996,259.15787,66.62783
2024-09-29 08:00:00,25.51413,18.071075,899.6326,5.0697107,263.5456,63.465435
2024-09-29 09:00:00,25.550049,17.995514,899.022,5.2122183,267.58807,63.03016
2024-09-29 10:00:00,24.73581,17.88913,898.6339,5.119129,275.96823,65.72096
2024-09-29 11:00:00,24.620514,17.928741,898.7979,4.2190094,278.91312,66.34049
2024-09-29 12:00:00,24.350342,18.152283,899.0943,3.267079,278.9811,68.37579
2024-09-29 13:00:00,24.115112,18.293427,899.658,2.5605843,274.3602,69.96406
2024-09-29 14:00:00,23.254578,18.299774,900.35156,2.067406,266.7065,73.714096
2024-09-29 15:00:00,22.45288,18.171906,901.0694,1.8132259,256.07233,76.76465
2024-09-29 16:00:00,22.243927,18.171448,901.3833,1.8268602,246.96191,77.74422
2024-09-29 17:00:00,21.653961,18.096222,901.38385,2.0069592,242.80858,80.21334
2024-09-29 18:00:00,21.474976,18.071198,901.10156,2.2184188,243.3721,80.96913
2024-09-29 19:00:00,21.28357,18.029968,900.7088,2.4452353,247.32243,81.712265
2024-09-29 20:00:00,20.742584,17.83899,900.2283,2.620692,252.40894,83.465126
2024-09-29 21:00:00,20.586487,17.789673,899.89526,2.7442367,256.28094,84.0103
2024-09-29 22:00:00,20.268402,17.477386,899.79987,2.9851093,269.22574,84.00548
2024-09-29 23:00:00,20.19629,17.46222,899.9864,3.1259577,271.56274,84.29996
2024-09-30 00:00:00,20.404175,17.4982,900.3911,3.178674,272.05762,83.413574
2024-09-30 01:00:00,20.498352,17.547577,900.93646,3.2883554,270.06604,83.189064
2024-09-30 02:00:00,21.790771,17.964264,901.57166,3.4342184,268.50925,78.88855
2024-09-30 03:00:00,22.373138,18.039764,902.01794,3.806375,266.54886,76.500084
2024-09-30 04:00:00,22.859283,18.099579,902.08295,4.2687016,265.61426,74.5554
2024-09-30 05:00:00,24.537903,18.136993,901.8107,4.8978496,266.71252,67.54738
2024-09-30 06:00:00,25.164276,18.039001,901.2269,5.6675696,268.5973,64.6693
2024-09-30 07:00:00,25.339935,18.000824,900.4037,6.4821186,271.5326,63.843407
2024-09-30 08:00:00,25.998627,17.943268,899.48267,7.117566,274.65433,61.17491
2024-09-30 09:00:00,25.999878,17.876617,898.7453,7.4538293,277.96967,60.914433
2024-09-30 10:00:00,25.2005,17.790009,898.33044,7.288262,284.18884,63.5271
2024-09-30 11:00:00,25.025726,17.827576,898.3147,6.41578,285.91064,64.344
2024-09-30 12:00:00,24.725311,18.007812,898.46454,5.3680363,285.39005,66.254875
2024-09-30 13:00:00,24.512573,18.144836,898.8619,4.733718,283.2565,67.68315
2024-09-30 14:00:00,23.460876,18.069794,899.46533,4.3263054,279.881,71.758415
2024-09-30 15:00:00,22.690826,18.048492,899.9682,4.1036887,276.86862,75.079346
2024-09-30 16:00:00,22.483856,18.090546,900.1011,4.0697813,273.32922,76.22982
2024-09-30 17:00:00,21.802032,17.964111,899.95544,4.19327,270.4109,78.833595
2024-09-30 18:00:00,21.566528,17.926239,899.5731,4.411567,269.4285,79.78635
2024-09-30 19:00:00,21.400726,17.909637,899.0962,4.6515017,270.03485,80.51618
2024-09-30 20:00:00,20.889923,17.756287,898.6035,4.8634243,271.29706,82.28234
2024-09-30 21:00:00,20.763794,17.733185,898.29047,4.9425244,272.71472,82.80273
2024-09-30 22:00:00,20.322235,17.44577,897.97186,5.3174925,277.96808,83.55968
2024-09-30 23:00:00,20.289337,17.43866,898.0499,5.229277,277.4734,83.69208
