timestamp,temperature_C,dewpoint_C,pressure_hPa,wind_speed_kmh,wind_direction_deg,relative_humidity_pct
2022-04-01 00:00:00,17.562592,11.812378,898.89575,1.3672594,249.81831,69.01327
2022-04-01 01:00:00,17.582245,11.787781,899.53516,1.1858832,239.71199,68.81604
2022-04-01 02:00:00,19.334778,12.141174,900.2625,1.329063,233.0266,63.113327
2022-04-01 03:00:00,19.842834,12.122833,900.8297,1.6075242,233.8882,61.07928
2022-04-01 04:00:00,20.53061,12.017731,901.11346,2.0323265,242.82803,58.13309
2022-04-01 05:00:00,23.228424,11.830139,901.03265,2.6687396,252.91753,48.701435
2022-04-01 06:00:00,24.131226,11.466583,900.6028,3.460084,259.6814,45.030437
2022-04-01 07:00:00,24.368835,11.370056,899.8625,4.34498,263.3183,44.110878
2022-04-01 08:00:00,25.50409,11.092224,899.0437,5.0882773,265.6997,40.47078
2022-04-01 09:00:00,25.649933,10.875977,898.30347,5.5489473,268.43002,39.550053
2022-04-01 10:00:00,24.958801,11.299255,897.75275,5.182233,263.61676,42.383358
2022-04-01 11:00:00,24.849243,11.265869,897.5932,4.9294705,264.77655,42.567097
2022-04-01 12:00:00,24.680237,11.12204,897.7991,3.9365377,259.72284,42.591034
2022-04-01 13:00:00,24.268066,10.817841,898.2456,3.249101,252.37398,42.782063
2022-04-01 14:00:00,22.609192,11.482697,898.92584,2.9458327,242.49948,49.415577
2022-04-01 15:00:00,21.348053,11.354675,899.6713,2.8824954,233.62704,52.916378
2022-04-01 16:00:00,21.001526,11.341736,900.25946,3.047287,226.05676,54.007317
2022-04-01 17:00:00,19.869415,11.36795,900.5144,3.3084412,221.4196,58.015656
2022-04-01 18:00:00,19.573029,11.39151,900.4512,3.5859494,221.09111,59.18454
2022-04-01 19:00:00,19.324982,11.418793,900.1451,3.8044486,222.27531,60.212906
2022-04-01 20:00:00,18.40567,11.238922,899.70953,3.8883893,224.04765,63.01596
2022-04-01 21:00:00,18.178925,11.24353,899.3029,3.8550775,225.0746,63.938095
2022-04-01 22:00:00,17.493774,11.001587,899.1386,3.6432166,223.1326,65.69325
2022-04-01 23:00:00,17.406982,10.995178,899.2569,3.4493697,222.91014,66.026085
2022-04-02 00:00:00,17.66394,11.276001,899.6515,3.2240644,221.70389,66.18532
2022-04-02 01:00:00,17.692719,11.177551,900.2745,3.1108973,217.34233,65.63588
2022-04-02 02:00:00,19.582184,11.562714,901.02295,3.2810962,212.80682,59.82435
2022-04-02 03:00:00,20.152344,11.577698,901.67523,3.6635554,213.54094,57.804592
2022-04-02 04:00:00,20.927704,11.644501,901.991,4.127196,219.7945,55.349903
2022-04-02 05:00:00,23.737122,11.488464,901.9469,4.5548067,228.80934,46.176502
2022-04-02 06:00:00,24.540741,11.239197,901.50757,4.9228725,238.25911,43.28259
2022-04-02 07:00:00,24.776764,11.158234,900.79913,5.3354187,245.20026,42.447872
2022-04-02 08:00:00,25.952545,10.861053,899.91174,5.677249,250.55855,38.808544
2022-04-02 09:00:00,26.096985,10.727325,899.1161,5.841894,255.14594,38.137703
2022-04-02 10:00:00,25.219849,11.340729,898.3681,5.6522417,255.25623,41.843983
2022-04-02 11:00:00,25.104675,11.365631,898.1593,4.8832574,257.1704,42.201458
2022-04-02 12:00:00,24.90561,11.288666,898.3585,3.6087234,254.14484,42.48826
2022-04-02 13:00:00,24.39853,11.028229,898.7313,2.6061888,243.75592,43.046234
2022-04-02 14:00:00,22.81601,11.824341,899.2949,2.03328,229.54384,49.91302
2022-04-02 15:00:00,21.743195,11.647491,899.86334,1.8470435,215.71725,52.66197
2022-04-02 16:00:00,21.43753,11.689484,900.2662,1.836691,204.68774,53.80482
2022-04-02 17:00:00,20.359741,11.755096,900.3591,1.9517832,197.78435,57.74093
2022-04-02 18:00:00,20.085632,11.87735,900.1774,2.0151541,195.0937,59.202904
2022-04-02 19:00:00,19.842346,11.953583,899.803,2.04024,195.96802,60.4043
2022-04-02 20:00:00,19.071838,11.953369,899.3218,1.9553179,197.02339,63.3672
2022-04-02 21:00:00,18.863464,11.95047,898.9094,1.8389558,198.51155,64.18423
2022-04-02 22:00:00,18.19696,11.883514,898.71674,2.0139697,208.39685,66.62462
2022-04-02 23:00:00,18.057526,11.86145,898.8731,1.87524,203.85199,67.11291
2022-04-03 00:00:00,18.266632,12.179962,899.2283,1.7957402,196.62369,67.64138
2022-04-03 01:00:00,18.29538,12.118042,899.7394,1.8122233,185.89357,67.24507
2022-04-03 02:00:00,19.780304,12.390045,900.3937,2.1194718,182.02628,62.402893
2022-04-03 03:00:00,20.181213,12.024048,900.9586,2.2310781,193.53801,59.425514
2022-04-03 04:00:00,20.850647,11.954224,901.27875,2.243134,203.25081,56.760586
2022-04-03 05:00:00,23.381348,11.683228,901.194,2.27279,215.39476,47.788292
2022-04-03 06:00:00,24.134247,11.336975,900.74084,2.43764,228.35854,44.637844
2022-04-03 07:00:00,24.36789,11.233612,899.95264,2.7560606,239.3059,43.716614
2022-04-03 08:00:00,25.306335,11.029419,899.02515,3.0852358,246.62973,40.77905
2022-04-03 09:00:00,25.458496,10.8802185,898.192,3.285276,252.06314,40.013443
2022-04-03 10:00:00,24.720886,11.388947,897.56177,3.732855,258.8952,43.245575
2022-04-03 11:00:00,24.625854,11.4157715,897.4241,3.2141986,262.64124,43.56916
2022-04-03 12:00:00,24.4516,11.388123,897.6744,2.022376,258.6316,43.945293
2022-04-03 13:00:00,24.051025,11.110016,898.0588,1.1581109,245.1709,44.19182
2022-04-03 14:00:00,22.555847,11.86145,898.59656,0.68373746,203.9911,50.831253
2022-04-03 15:00:00,21.351685,11.81839,899.1177,0.8919112,161.32605,54.55054
2022-04-03 16:00:00,21.032104,11.922119,899.48157,1.3070115,149.05215,56.01238
2022-04-03 17:00:00,19.940674,11.950073,899.53796,1.647203,148.84836,60.02352
2022-04-03 18:00:00,19.700836,12.011108,899.3592,1.8673583,152.56598,61.16808
2022-04-03 19:00:00,19.471832,12.054199,899.0873,1.9465543,157.20374,62.22052
2022-04-03 20:00:00,18.59903,11.914307,898.7548,1.9223446,161.85461,65.09875
2022-04-03 21:00:00,18.374146,11.887482,898.54456,1.8765135,165.92542,65.90548
2022-04-03 22:00:00,17.727722,11.668488,898.4519,1.8808825,183.00192,67.6532
2022-04-03 23:00:00,17.60559,11.675934,898.6614,1.8804643,177.03296,68.20947
2022-04-04 00:00:00,17.825897,11.96167,899.10706,1.8995609,169.55688,68.54895
2022-04-04 01:00:00,17.848114,11.910797,899.7262,2.0711384,159.88013,68.224106
2022-04-04 02:00:00,19.451263,12.273163,900.39,2.2820635,160.99573,63.203835
2022-04-04 03:00:00,20.055481,12.066467,900.9478,2.3928678,166.4541,60.056953
2022-04-04 04:00:00,20.79071,12.05249,901.206,2.3549407,180.86076,57.340153
2022-04-04 05:00:00,23.393616,11.985901,901.1468,2.3309515,195.68861,48.715584
2022-04-04 06:00:00,24.184357,11.456146,900.78687,2.4107196,210.08133,44.856148
2022-04-04 07:00:00,24.437012,11.350647,900.2303,2.6998422,223.5637,43.874737
2022-04-04 08:00:00,25.575592,10.790192,899.584,3.003746,235.87018,39.499096
2022-04-04 09:00:00,25.712585,10.692688,899.00073,3.1933498,244.7271,38.926056
2022-04-04 10:00:00,25.035034,11.072693,898.6373,3.1220129,247.31802,41.56234
2022-04-04 11:00:00,24.93512,11.101196,898.661,2.6536634,245.75119,41.889824
2022-04-04 12:00:00,24.786652,11.084595,899.0372,1.697774,221.8472,42.21616
2022-04-04 13:00:00,24.273926,10.788025,899.57635,1.5117406,188.53624,42.682358
2022-04-04 14:00:00,22.467194,11.603912,900.22955,1.8882133,165.625,50.2445
2022-04-04 15:00:00,21.377502,11.583893,900.89526,2.357719,156.74805,53.627735
2022-04-04 16:00:00,21.040863,11.64566,901.3843,2.7258677,153.58624,54.970562
2022-04-04 17:00:00,19.891327,11.675476,901.60944,2.9643865,153.85406,59.126766
2022-04-04 18:00:00,19.642395,11.837128,901.55884,3.129047,157.3471,60.690563
2022-04-04 19:00:00,19.454712,11.898804,901.3593,3.0956535,161.81,61.652493
2022-04-04 20:00:00,18.50647,11.796204,900.9902,2.972371,166.34943,64.96916
2022-04-04 21:00:00,18.334473,11.825287,900.6833,2.799204,169.75555,65.79924
2022-04-04 22:00:00,17.63507,11.678436,900.57495,2.497119,168.68573,68.09406
2022-04-04 23:00:00,17.572296,11.724304,900.795,2.3893144,164.54321,68.571434
2022-04-05 00:00:00,17.764679,11.941742,901.2863,2.3298302,158.61664,68.7234
2022-04-05 01:00:00,17.758392,11.816956,901.9777,2.4952655,151.83765,68.187416
2022-04-05 02:00:00,19.728882,12.340271,902.65515,2.5772433,154.82428,62.39795
2022-04-05 03:00:00,20.268463,12.242584,903.1068,2.4171548,163.30988,59.961826
2022-04-05 04:00:00,20.957489,12.033081,903.3045,2.172029,179.28302,56.682552
2022-04-05 05:00:00,23.678223,11.800629,903.2043,2.050786,200.44736,47.305748
2022-04-05 06:00:00,24.440857,11.355682,902.8103,2.1527333,223.1965,43.879265
2022-04-05 07:00:00,24.661499,11.159241,902.1321,2.5379543,242.06345,42.74405
2022-04-05 08:00:00,25.725769,10.859161,901.37537,2.9994822,256.42334,39.328564
2022-04-05 09:00:00,25.854736,10.8098755,900.68134,3.3163373,266.6297,38.901443
2022-04-05 10:00:00,25.093903,11.463226,900.1406,3.7984953,274.52252,42.50211
2022-04-05 11:00:00,25.02649,11.38443,899.9727,3.1662943,279.21143,42.45133
2022-04-05 12:00:00,24.869232,11.220459,900.1926,1.8001105,279.39474,42.388638
2022-04-05 13:00:00,24.456085,10.994598,900.63513,0.81883454,268.2499,42.802498
2022-04-05 14:00:00,22.672699,11.642548,901.264,0.37087923,202.10117,49.748238
2022-04-05 15:00:00,21.339996,11.570984,901.8613,0.6620651,156.04211,53.70531
2022-04-05 16:00:00,21.043793,11.586456,902.34393,0.9780663,150.13458,54.74615
2022-04-05 17:00:00,19.83899,11.563812,902.51337,1.146388,158.22003,58.88294
2022-04-05 18:00:00,19.636597,11.657501,902.43616,1.2600677,168.49072,59.997047
2022-04-05 19:00:00,19.45642,11.630493,902.144,1.3399643,182.70209,60.564262
2022-04-05 20:00:00,18.541504,11.494934,901.7339,1.3364207,194.38965,63.549786
2022-04-05 21:00:00,18.265106,11.505707,901.39954,1.2983067,204.97337,64.706245
2022-04-05 22:00:00,17.604248,11.496887,901.242,1.6938287,207.78122,67.41304
2022-04-05 23:00:00,17.454163,11.486633,901.37573,1.485279,206.4529,68.00828
2022-04-06 00:00:00,17.702484,11.775482,901.7722,1.3023735,202.33812,68.24105
2022-04-06 01:00:00,17.805206,11.745605,902.4414,1.176931,191.39775,67.66746
2022-04-06 02:00:00,19.842407,11.91391,903.1153,1.2050267,188.68117,60.24638
2022-04-06 03:00:00,20.460022,11.901093,903.66486,1.1793289,193.08678,57.939823
2022-04-06 04:00:00,21.1828,11.66153,903.8953,1.2326708,209.91971,54.550774
2022-04-06 05:00:00,23.870575,11.717651,903.8038,1.4324821,232.09775,46.506084
2022-04-06 06:00:00,24.629639,11.338043,903.32733,1.9958307,253.65314,43.33582
2022-04-06 07:00:00,24.84665,11.179565,902.57166,2.7527647,267.83978,42.33094
2022-04-06 08:00:00,26.077637,10.939362,901.68744,3.488973,278.08334,38.72324
2022-04-06 09:00:00,26.153809,10.744202,900.8943,4.0459104,286.5926,38.052475
2022-04-06 10:00:00,25.392761,11.120697,900.1485,4.2752457,284.77734,40.816395
2022-04-06 11:00:00,25.28189,11.149933,899.83624,3.868774,292.52673,41.16615
2022-04-06 12:00:00,25.11029,11.039276,899.8616,2.7491596,303.64856,41.284744
2022-04-06 13:00:00,24.704712,10.719696,900.245,1.8290455,318.36136,41.407375
2022-04-06 14:00:00,23.049103,11.557434,900.8847,1.1450598,335.67215,48.35394
2022-04-06 15:00:00,21.709473,11.329468,901.55664,0.71598184,359.01498,51.672523
2022-04-06 16:00:00,21.431885,11.40918,902.0186,0.4688297,32.379272,52.83553
2022-04-06 17:00:00,20.212463,11.429016,902.1615,0.3270367,77.56448,57.02683
2022-04-06 18:00:00,19.92041,11.600189,901.9471,0.26392576,121.26703,58.727573
2022-04-06 19:00:00,19.648376,11.6163025,901.5285,0.23986125,166.25043,59.790276
2022-04-06 20:00:00,18.742188,11.566986,901.0483,0.22465543,214.35683,63.056587
2022-04-06 21:00:00,18.550385,11.660217,900.6754,0.28099197,256.67175,64.21191
2022-04-06 22:00:00,18.043854,11.557465,900.4715,0.66822493,233.2042,65.836266
2022-04-06 23:00:00,17.968506,11.622986,900.5246,0.6437003,251.07883,66.43578
2022-04-07 00:00:00,18.257172,11.960846,900.87195,0.57105356,277.87967,66.71244
2022-04-07 01:00:00,18.424072,11.957672,901.43805,0.41066635,311.73877,66.00416
2022-04-07 02:00:00,20.312378,12.298065,902.07227,0.4458193,336.4554,60.017788
2022-04-07 03:00:00,20.839966,12.220947,902.5774,0.6599194,327.53552,57.803673
2022-04-07 04:00:00,21.536499,12.092682,902.8094,1.1022853,317.0888,54.920124
2022-04-07 05:00:00,24.248749,12.180969,902.7039,1.7023616,312.92963,46.87107
2022-04-07 06:00:00,25.07434,11.719299,902.1538,2.5174959,309.05026,43.277676
2022-04-07 07:00:00,25.365845,11.519562,901.3695,3.364213,307.90903,41.975754
2022-04-07 08:00:00,26.394958,11.2309265,900.41486,4.0942025,308.74756,38.746227
2022-04-07 09:00:00,26.52533,11.054291,899.54956,4.5294924,311.92316,38.001793
2022-04-07 10:00:00,25.674103,11.652557,898.94354,4.4453077,308.16574,41.578007
2022-04-07 11:00:00,25.572754,11.653931,898.7403,4.1682763,315.8719,41.832623
2022-04-07 12:00:00,25.405396,11.579956,898.8861,3.1881948,328.14502,42.04466
2022-04-07 13:00:00,24.95169,11.361359,899.3718,2.4758189,339.7104,42.576035
2022-04-07 14:00:00,23.296783,11.934418,899.9503,1.9039351,355.07037,48.835278
2022-04-07 15:00:00,22.233124,12.062836,900.5119,1.5018913,10.606689,52.530773
2022-04-07 16:00:00,21.86026,12.097473,900.9113,1.1663775,28.238403,53.861053
2022-04-07 17:00:00,20.738892,12.110016,900.98206,0.8635402,47.22046,57.741528
2022-04-07 18:00:00,20.462921,12.144226,900.7118,0.6342696,72.36218,58.8643
2022-04-07 19:00:00,20.218018,12.15921,900.2254,0.4946843,104.70395,59.820198
2022-04-07 20:00:00,19.360321,12.068329,899.7317,0.4905796,136.45901,62.711792
2022-04-07 21:00:00,19.214294,11.968201,899.35455,0.5412863,161.19885,62.868546
2022-04-07 22:00:00,18.40744,11.763916,899.2784,0.8454169,202.84457,65.23436
2022-04-07 23:00:00,18.282898,11.751251,899.3985,1.0205832,196.786,65.6908
2022-04-08 00:00:00,18.470306,12.088013,899.783,1.1323868,191.64828,66.38051
2022-04-08 01:00:00,18.569092,11.998199,900.30096,1.2606438,180.16826,65.58227
2022-04-08 02:00:00,20.393524,12.323883,900.9,1.3804488,174.66132,59.81923
2022-04-08 03:00:00,21.001465,12.157227,901.3514,1.5530013,181.12599,56.993282
2022-04-08 04:00:00,21.72049,12.161407,901.5121,1.7650291,195.57147,54.55178
2022-04-08 05:00:00,24.182465,12.114563,901.3281,1.9858526,214.73045,46.852657
2022-04-08 06:00:00,25.058197,11.557251,900.7982,2.3325682,236.76898,42.858204
2022-04-08 07:00:00,25.313446,11.4765625,900.0199,2.913785,251.6214,41.98724
2022-04-08 08:00:00,26.28601,11.119141,899.10406,3.4736173,260.38596,38.70834
2022-04-08 09:00:00,26.37082,11.009705,898.2844,3.7836728,266.1339,38.23642
2022-04-08 10:00:00,25.542084,11.57608,897.7149,4.3311872,269.00385,41.69392
2022-04-08 11:00:00,25.443329,11.569763,897.5003,3.9167516,268.72586,41.921734
2022-04-08 12:00:00,25.265625,11.658691,897.68506,2.8882594,261.5166,42.61667
2022-04-08 13:00:00,24.728912,11.222809,898.1591,2.148907,246.77855,42.75195
2022-04-08 14:00:00,23.182922,11.950989,898.7595,1.825651,225.45908,49.226067
2022-04-08 15:00:00,21.983063,11.815521,899.3555,1.9422026,206.34102,52.47519
2022-04-08 16:00:00,21.640106,11.851135,899.7024,2.3316383,196.67874,53.71176
2022-04-08 17:00:00,20.437439,11.810333,899.76154,2.7940443,194.62796,57.67446
2022-04-08 18:00:00,20.256561,11.7942505,899.4627,3.1543176,197.04213,58.2604
2022-04-08 19:00:00,20.000092,11.828918,898.9943,3.3428254,200.94978,59.327423
2022-04-08 20:00:00,19.098907,11.695709,898.5172,3.4490755,205.21693,62.19453
2022-04-08 21:00:00,18.850616,11.662811,898.19385,3.50151,209.33247,63.028534
2022-04-08 22:00:00,18.259735,11.677307,898.0987,3.407978,215.33131,65.466034
2022-04-08 23:00:00,18.15561,11.657501,898.1788,3.262033,215.60088,65.80916
2022-04-09 00:00:00,18.420807,11.9557495,898.5899,3.0694704,213.58168,66.009315
2022-04-09 01:00:00,18.621216,11.980133,899.1806,2.9253953,208.97192,65.29098
2022-04-09 02:00:00,20.590363,12.366547,899.7844,3.1152039,205.83359,59.263176
2022-04-09 03:00:00,21.101929,12.209595,900.18585,3.3718972,210.43102,56.8381
2022-04-09 04:00:00,21.664093,12.204285,900.2941,3.536597,218.75125,54.894722
2022-04-09 05:00:00,24.33014,12.193573,900.10425,3.652391,229.55481,46.68163
2022-04-09 06:00:00,25.122253,11.936981,899.59186,3.9564457,240.38042,43.77825
2022-04-09 07:00:00,25.34784,11.79364,898.8614,4.350682,249.50922,42.788143
2022-04-09 08:00:00,26.452393,11.413696,898.03156,4.7004786,256.0805,39.085274
2022-04-09 09:00:00,26.55249,11.35965,897.2626,4.8172336,261.3977,38.716568
2022-04-09 10:00:00,25.650421,11.881683,896.6676,4.683236,259.87692,42.270653
2022-04-09 11:00:00,25.549042,11.903931,896.48804,4.2687783,258.9639,42.58819
2022-04-09 12:00:00,25.423279,11.979279,896.7143,3.4199176,253.34744,43.121094
2022-04-09 13:00:00,24.977997,11.814575,897.12946,2.7613018,243.1865,43.801414
2022-04-09 14:00:00,23.420563,12.560455,897.758,2.5592964,231.09814,50.507896
2022-04-09 15:00:00,22.211182,12.346222,898.37524,2.6083598,221.63698,53.590244
2022-04-09 16:00:00,21.90039,12.375671,898.83514,2.8033056,216.08315,54.720867
2022-04-09 17:00:00,20.868378,12.377808,898.9112,3.0360527,214.23694,58.300503
2022-04-09 18:00:00,20.538269,12.355774,898.6318,3.295785,215.56009,59.41174
2022-04-09 19:00:00,20.250305,12.335266,898.13916,3.4997582,218.5082,60.395805
2022-04-09 20:00:00,19.319,12.286102,897.68555,3.6892188,222.45137,63.78016
2022-04-09 21:00:00,19.059448,12.306274,897.3379,3.7412355,226.04947,64.90572
2022-04-09 22:00:00,18.54013,12.390045,897.2303,3.8963466,227.39906,67.41612
2022-04-09 23:00:00,18.398865,12.364136,897.40155,3.7737925,228.19171,67.89969
2022-04-10 00:00:00,18.676636,12.6614685,897.89954,3.5276413,227.95224,68.04329
2022-04-10 01:00:00,18.876404,12.72757,898.5625,3.3903956,224.3546,67.490715
2022-04-10 02:00:00,20.553741,13.195709,899.2869,3.4563825,224.04904,62.709778
2022-04-10 03:00:00,20.966888,13.176392,899.7912,3.67565,229.54991,61.05813
2022-04-10 04:00:00,21.545471,13.193115,900.0468,3.9376698,237.07758,58.99405
2022-04-10 05:00:00,24.003479,13.184509,899.93866,4.345154,244.60971,50.79795
2022-04-10 06:00:00,24.809143,12.828888,899.46405,4.738,251.29578,47.29342
2022-04-10 07:00:00,25.06195,12.696777,898.6626,5.1324816,257.463,46.184425
2022-04-10 08:00:00,26.098969,12.421173,897.78455,5.4511156,262.7392,42.649242
2022-04-10 09:00:00,26.18219,12.254547,897.0496,5.5822716,267.62747,41.977985
2022-04-10 10:00:00,25.491516,12.764801,896.4498,5.352609,271.02734,45.219933
2022-04-10 11:00:00,25.407806,12.701752,896.43854,5.0030155,272.63757,45.258205
2022-04-10 12:00:00,25.193176,12.592743,896.60443,4.123301,268.9135,45.513523
2022-04-10 13:00:00,24.845245,12.434723,896.99884,3.5508146,260.63058,45.98827
2022-04-10 14:00:00,23.28357,12.900787,897.5451,3.2871182,252.685,52.07493
2022-04-10 15:00:00,22.303741,12.883057,898.13513,3.271484,245.64928,55.197502
2022-04-10 16:00:00,21.997559,12.927826,898.55084,3.4512722,240.74724,56.401436
2022-04-10 17:00:00,20.967377,12.887268,898.61237,3.7239232,238.3801,59.91393
2022-04-10 18:00:00,20.620544,12.865875,898.33673,4.037545,238.25871,61.12085
2022-04-10 19:00:00,20.386292,12.859985,897.88275,4.2916827,239.93204,61.986416
2022-04-10 20:00:00,19.571442,12.753571,897.45734,4.456656,242.20975,64.74182
2022-04-10 21:00:00,19.437958,12.759094,897.174,4.522339,244.26721,65.30472
2022-04-10 22:00:00,18.734314,12.662079,897.21954,4.468924,240.12878,67.80106
2022-04-10 23:00:00,18.651886,12.616547,897.3441,4.3789754,241.64453,67.9484
2022-04-11 00:00:00,18.919586,12.9305725,897.76263,4.14739,242.3252,68.209
2022-04-11 01:00:00,19.038452,12.927887,898.3259,3.8441963,242.25311,67.6931
2022-04-11 02:00:00,20.678955,13.170715,898.9666,3.85588,244.00827,62.126385
2022-04-11 03:00:00,21.160645,12.993225,899.4191,4.0374575,248.32907,59.618534
2022-04-11 04:00:00,21.703888,12.905609,899.6252,4.2449718,252.29956,57.33838
2022-04-11 05:00:00,24.18219,12.835327,899.5261,4.494628,256.31573,49.12234
2022-04-11 06:00:00,25.068268,12.6315,899.0764,4.923936,260.06238,45.97004
2022-04-11 07:00:00,25.31137,12.439117,898.29065,5.4800997,262.76947,44.74142
2022-04-11 08:00:00,26.386902,12.031342,897.3629,5.942431,264.6855,40.869057
2022-04-11 09:00:00,26.529053,11.790863,896.5661,6.207087,265.7282,39.890633
2022-04-11 10:00:00,25.820465,12.25592,895.8709,5.9443393,262.78278,42.890152
2022-04-11 11:00:00,25.723999,12.119629,895.68396,5.5893903,260.5681,42.751247
2022-04-11 12:00:00,25.611115,11.9314575,895.9016,4.6251516,253.48615,42.50858
2022-04-11 13:00:00,25.313385,12.145935,896.4281,3.85605,243.84528,43.882534
2022-04-11 14:00:00,23.76239,12.377472,897.0422,3.475327,231.5194,48.88775
2022-04-11 15:00:00,22.570618,12.322052,897.64667,3.5565112,221.41774,52.348633
2022-04-11 16:00:00,22.225403,12.312714,898.10974,3.880346,214.79932,53.42616
2022-04-11 17:00:00,21.203247,12.456085,898.23065,4.244217,212.43463,57.40774
2022-04-11 18:00:00,20.91745,12.56131,898.0236,4.5462723,213.75467,58.828907
2022-04-11 19:00:00,20.67511,12.58493,897.58905,4.738283,216.39818,59.80533
2022-04-11 20:00:00,19.753113,12.512482,897.15875,4.8220253,219.99542,63.01246
2022-04-11 21:00:00,19.582703,12.613953,896.74615,4.7574735,223.67168,64.10756
2022-04-11 22:00:00,18.93814,12.411743,896.66125,4.2661405,224.04451,65.853325
2022-04-11 23:00:00,18.843567,12.440735,896.7405,4.1849127,224.86362,66.369484
2022-04-12 00:00:00,19.153992,12.820831,897.1147,3.950423,224.80759,66.73834
2022-04-12 01:00:00,19.243683,12.800629,897.7353,3.7164984,222.87903,66.27886
2022-04-12 02:00:00,21.16098,13.161774,898.3767,3.835139,223.50897,60.277115
2022-04-12 03:00:00,21.593323,13.033203,898.8686,4.176506,229.04416,58.210724
2022-04-12 04:00:00,22.09549,12.908325,899.02057,4.4889083,234.8208,55.9943
2022-04-12 05:00:00,24.415741,12.8845825,898.8741,4.7303286,239.6929,48.595844
2022-04-12 06:00:00,25.272003,12.689423,898.39526,5.0920095,244.17715,45.588383
2022-04-12 07:00:00,25.518372,12.550079,897.58875,5.4940186,248.53406,44.51717
2022-04-12 08:00:00,26.506287,12.338989,896.67584,5.8153048,251.91724,41.411655
2022-04-12 09:00:00,26.680695,12.237152,895.81836,5.9246435,254.21997,40.71494
2022-04-12 10:00:00,25.901642,12.754822,895.10583,6.0527987,250.46722,44.104366
2022-04-12 11:00:00,25.764893,12.865173,894.9235,5.679987,248.70482,44.785423
2022-04-12 12:00:00,25.599976,12.890778,895.16986,4.85994,243.92752,45.3015
2022-04-12 13:00:00,25.179749,12.806122,895.6611,4.0556703,236.63222,46.190964
2022-04-12 14:00:00,24.134521,13.251648,896.2571,3.740788,228.16154,50.621067
2022-04-12 15:00:00,22.659546,13.3498535,896.8402,3.8053837,221.07585,55.688465
2022-04-12 16:00:00,22.384186,13.435272,897.1749,4.1219606,217.26707,56.94369
2022-04-12 17:00:00,21.566528,13.484741,897.23694,4.4688187,216.32607,60.04855
2022-04-12 18:00:00,21.293427,13.558899,896.9494,4.785758,218.44481,61.356735
2022-04-12 19:00:00,21.125244,13.67923,896.6101,5.0048203,221.1493,62.479996
2022-04-12 20:00:00,20.346405,13.702515,896.1621,5.095971,224.39969,65.64818
2022-04-12 21:00:00,20.136719,13.756958,895.84735,5.093471,227.97113,66.74003
2022-04-12 22:00:00,19.489807,13.565704,895.62494,4.6829996,227.01349,68.61284
2022-04-12 23:00:00,19.425049,13.570374,895.7955,4.5647707,227.18777,68.910545
2022-04-13 00:00:00,19.697906,13.90683,896.2043,4.4344497,226.98143,69.24968
2022-04-13 01:00:00,19.784454,13.947327,896.82513,4.272759,224.97154,69.06008
2022-04-13 02:00:00,21.340332,14.256226,897.45825,4.5277004,225.87985,64.01216
2022-04-13 03:00:00,21.756134,14.145081,897.9482,5.0809984,230.62643,61.956726
2022-04-13 04:00:00,22.140625,14.035614,898.17053,5.6646605,234.9959,60.092716
2022-04-13 05:00:00,24.375763,13.976715,898.0593,6.3414454,239.26471,52.303078
2022-04-13 06:00:00,25.206238,13.620972,897.62006,6.8528247,242.60724,48.635918
2022-04-13 07:00:00,25.391998,13.441589,896.87244,7.261477,245.57242,47.54322
2022-04-13 08:00:00,26.326324,13.083191,896.0383,7.5474887,248.22299,43.94406
2022-04-13 09:00:00,26.40091,13.0416565,895.2514,7.7241926,250.8025,43.63251
2022-04-13 10:00:00,25.537537,13.352325,894.5676,7.5436797,251.6797,46.860584
2022-04-13 11:00:00,25.40918,13.318054,894.45935,7.2202277,252.16023,47.113976
2022-04-13 12:00:00,25.214966,13.536804,894.6439,6.2676234,249.34941,48.345257
2022-04-13 13:00:00,24.949158,13.630798,895.06726,5.4958715,244.34189,49.418274
2022-04-13 14:00:00,23.652466,13.989899,895.6072,5.206524,238.5119,54.672104
2022-04-13 15:00:00,22.468506,13.866791,896.18854,5.2358975,233.76486,58.26437
2022-04-13 16:00:00,22.19992,13.886902,896.53125,5.4594455,230.33624,59.301422
2022-04-13 17:00:00,21.25589,13.90097,896.5965,5.7806487,229.36661,62.88018
2022-04-13 18:00:00,21.084686,13.949768,896.3728,6.0888453,230.57144,63.745735
2022-04-13 19:00:00,20.840515,13.934265,895.97064,6.3958783,232.76764,64.644516
2022-04-13 20:00:00,20.074738,13.786377,895.5139,6.5899434,235.24498,67.12455
2022-04-13 21:00:00,19.905548,13.835968,895.18585,6.6988897,238.07578,68.050156
2022-04-13 22:00:00,19.342102,13.652496,895.1978,6.540362,237.83086,69.63791
2022-04-13 23:00:00,19.24228,13.636261,895.2506,6.4885645,240.10477,69.99804
2022-04-14 00:00:00,19.555603,14.01944,895.655,6.2548904,240.73984,70.376305
2022-04-14 01:00:00,19.619202,13.93219,896.2576,6.1413264,240.18466,69.7034
2022-04-14 02:00:00,21.168365,14.399628,896.9813,6.5046678,240.98764,65.293495
2022-04-14 03:00:00,21.540955,14.025665,897.53235,7.054768,243.9255,62.29339
2022-04-14 04:00:00,21.97931,13.834961,897.73846,7.559039,247.49298,59.901737
2022-04-14 05:00:00,24.242615,13.955505,897.5945,7.875477,249.63031,52.649635
2022-04-14 06:00:00,24.986755,13.521484,897.16,8.2942295,251.64383,48.958218
2022-04-14 07:00:00,25.216217,13.37558,896.46515,8.705445,253.35516,47.836857
2022-04-14 08:00:00,26.12735,13.072662,895.6488,9.107577,255.60553,44.433117
2022-04-14 09:00:00,26.203522,13.0401,894.92,9.348311,257.6492,44.139545
2022-04-14 10:00:00,25.32788,13.042969,894.29724,9.314102,257.43384,46.500088
2022-04-14 11:00:00,25.196411,13.004883,894.154,8.668137,257.9422,46.748833
2022-04-14 12:00:00,25.038147,13.213623,894.31134,7.483298,256.4994,47.839172
2022-04-14 13:00:00,24.768097,13.170807,894.70233,6.391563,252.6752,48.480614
2022-04-14 14:00:00,23.371246,13.523895,895.2286,5.820334,248.88382,53.94894
2022-04-14 15:00:00,22.379517,13.516022,895.7533,5.5622478,245.1734,57.26006
2022-04-14 16:00:00,22.131104,13.589722,896.08057,5.4055033,242.85464,58.41177
2022-04-14 17:00:00,21.187592,13.582062,896.2445,5.4380236,241.33221,61.84941
2022-04-14 18:00:00,20.908264,13.582001,896.15015,5.557632,240.90524,62.919407
2022-04-14 19:00:00,20.709473,13.613892,895.93524,5.7045736,241.1972,63.82601
2022-04-14 20:00:00,19.929077,13.522614,895.55524,5.8152013,241.97144,66.58107
2022-04-14 21:00:00,19.719635,13.607544,895.2872,5.9784184,242.88077,67.82492
2022-04-14 22:00:00,19.111908,13.547668,895.1113,5.5117826,239.08463,70.16342
2022-04-14 23:00:00,19.01178,13.530304,895.28766,5.534337,239.26585,70.523125
2022-04-15 00:00:00,19.281677,13.870392,895.6752,5.511458,239.64316,70.89664
2022-04-15 01:00:00,19.281036,13.774689,896.2684,5.558198,239.61969,70.46032
2022-04-15 02:00:00,20.688507,14.086121,896.9109,5.779129,241.01692,65.89776
2022-04-15 03:00:00,21.079163,13.905914,897.366,6.157633,242.94528,63.586193
2022-04-15 04:00:00,21.517426,13.634796,897.5988,6.4765677,244.76035,60.820084
2022-04-15 05:00:00,23.998718,13.675995,897.5231,6.8778315,247.30742,52.46513
2022-04-15 06:00:00,24.813568,13.268433,897.15485,7.3367476,250.36337,48.658035
2022-04-15 07:00:00,25.018768,13.069031,896.42694,7.7733936,253.3375,47.444603
2022-04-15 08:00:00,26.055206,12.771484,895.562,8.097939,256.00098,43.753
2022-04-15 09:00:00,26.18155,12.691132,894.74927,8.308739,258.35565,43.199482
2022-04-15 10:00:00,25.335907,13.022644,894.02,7.9101768,259.9948,46.416237
2022-04-15 11:00:00,25.25357,13.041046,893.9208,7.4501534,259.79913,46.700256
2022-04-15 12:00:00,25.072266,13.021912,894.11835,6.3396583,256.81284,47.14822
2022-04-15 13:00:00,24.786743,12.832916,894.5451,5.319624,249.14563,47.369205
2022-04-15 14:00:00,23.429688,13.394379,895.1481,4.81511,242.41434,53.3076
2022-04-15 15:00:00,22.18396,13.1085205,895.7385,4.6653614,236.34402,56.426613
2022-04-15 16:00:00,21.952332,13.160187,896.1661,4.7115726,231.9222,57.42218
2022-04-15 17:00:00,20.95755,13.21051,896.34174,4.9324374,229.3458,61.229317
2022-04-15 18:00:00,20.711945,13.260071,896.2176,5.208486,228.61397,62.362747
2022-04-15 19:00:00,20.44571,13.242493,895.8167,5.4331517,228.76451,63.32196
2022-04-15 20:00:00,19.573181,13.243286,895.36224,5.594846,229.65056,66.83979
2022-04-15 21:00:00,19.357758,13.233093,894.96375,5.674551,230.73842,67.69588
2022-04-15 22:00:00,18.71817,13.104889,894.7855,5.6357274,230.35524,69.863785
2022-04-15 23:00:00,18.620544,13.05954,894.8964,5.5321527,230.48053,70.08381
2022-04-16 00:00:00,18.892609,13.206421,895.2707,5.3560033,230.0603,69.56597
2022-04-16 01:00:00,18.94345,13.095367,895.80164,5.2930646,230.58505,68.84473
2022-04-16 02:00:00,20.541138,13.532532,896.4201,5.344604,232.73212,64.151054
2022-04-16 03:00:00,20.887543,13.39035,896.9441,5.549727,236.10565,62.218582
2022-04-16 04:00:00,21.344666,13.226532,897.15845,5.7169867,238.04745,59.854282
2022-04-16 05:00:00,23.828186,13.363007,897.06757,5.969529,240.12476,51.93696
2022-04-16 06:00:00,24.674622,12.828613,896.67847,6.340554,243.03903,47.67414
2022-04-16 07:00:00,24.91333,12.688507,895.99335,6.7808657,246.5237,46.570293
2022-04-16 08:00:00,25.963623,12.3559265,895.2391,7.176597,250.2016,42.80836
2022-04-16 09:00:00,26.109161,12.343628,894.476,7.3492002,253.86435,42.40708
2022-04-16 10:00:00,25.095306,12.635223,893.812,6.8068175,254.3364,45.907234
2022-04-16 11:00:00,24.950806,12.681702,893.6026,6.327713,255.18938,46.44559
2022-04-16 12:00:00,24.785583,12.670349,893.7304,5.3862295,251.1284,46.87097
2022-04-16 13:00:00,24.48993,12.488983,894.2204,4.609368,243.38016,47.14292
2022-04-16 14:00:00,22.961548,12.831268,894.88367,4.247772,236.29318,52.85794
2022-04-16 15:00:00,21.917694,12.598999,895.57886,4.1174107,229.11398,55.469906
2022-04-16 16:00:00,21.590515,12.669891,896.0884,4.1908793,222.80846,56.853294
2022-04-16 17:00:00,20.604218,12.678528,896.34906,4.456103,218.64534,60.436665
2022-04-16 18:00:00,20.293976,12.702881,896.29376,4.7641907,217.27803,61.703022
2022-04-16 19:00:00,20.05478,12.736847,896.04724,5.0494976,217.50745,62.761776
2022-04-16 20:00:00,19.180542,12.6466675,895.69366,5.2518296,218.97377,65.87254
2022-04-16 21:00:00,18.954773,12.593079,895.4432,5.3528686,221.09291,66.572174
2022-04-16 22:00:00,18.369324,12.532227,895.4417,4.9240317,221.48418,68.78005
2022-04-16 23:00:00,18.207153,12.509613,895.53796,4.805893,222.37091,69.38028
2022-04-17 00:00:00,18.512909,12.785767,895.945,4.6563964,222.04745,69.305855
2022-04-17 01:00:00,18.65622,12.807526,896.55804,4.5770087,222.55284,68.78493
2022-04-17 02:00:00,20.272308,13.146027,897.27264,4.576499,225.62422,63.60197
2022-04-17 03:00:00,20.776062,13.008484,897.84393,4.7929792,229.36702,61.105312
2022-04-17 04:00:00,21.27063,12.85318,898.18024,5.096719,232.41513,58.677925
2022-04-17 05:00:00,23.77887,12.963013,898.0863,5.4512897,235.90564,50.749134
2022-04-17 06:00:00,24.595856,12.596619,897.7734,5.888496,239.94437,47.17694
2022-04-17 07:00:00,24.841248,12.455383,897.1481,6.3482122,243.65588,46.061646
2022-04-17 08:00:00,25.884125,12.1701355,896.46545,6.778636,247.60954,42.48839
2022-04-17 09:00:00,26.00354,12.05127,895.7383,7.027945,251.31853,41.860374
2022-04-17 10:00:00,25.20105,12.429291,895.27826,6.8083177,254.6738,45.007065
2022-04-17 11:00:00,25.053314,12.358429,895.18976,6.501619,255.24612,45.194138
2022-04-17 12:00:00,24.890656,12.370361,895.4725,5.7086315,251.80118,45.67043
2022-04-17 13:00:00,24.627655,12.170868,895.95917,4.9970365,243.78745,45.789288
2022-04-17 14:00:00,23.126251,12.483398,896.61615,4.7587924,237.353,51.15456
2022-04-17 15:00:00,21.999878,12.384155,897.31885,4.783669,232.52025,54.42007
2022-04-17 16:00:00,21.66269,12.404083,897.93634,4.9132214,230.31407,55.624813
2022-04-17 17:00:00,20.568146,12.319122,898.21857,5.109332,229.31879,59.159832
2022-04-17 18:00:00,20.221008,12.32959,898.21796,5.3495307,229.81064,60.482704
2022-04-17 19:00:00,19.970184,12.331757,898.0148,5.583203,231.24,61.4373
2022-04-17 20:00:00,19.20044,12.228638,897.76196,5.733994,233.32544,64.01048
2022-04-17 21:00:00,18.967072,12.2152405,897.4992,5.7149,235.607,64.89142
2022-04-17 22:00:00,18.455994,12.246887,897.49,5.169957,245.87718,67.13792
2022-04-17 23:00:00,18.295532,12.223877,897.6811,4.9349723,246.80087,67.7141
2022-04-18 00:00:00,18.62027,12.509979,898.0557,4.6218967,246.8558,67.60889
2022-04-18 01:00:00,18.779022,12.494934,898.6839,4.454133,247.46695,66.87506
2022-04-18 02:00:00,20.536133,12.795929,899.29346,4.6513247,252.5748,61.159164
2022-04-18 03:00:00,21.016571,12.712097,899.80383,4.962963,259.0609,59.052242
2022-04-18 04:00:00,21.56131,12.645172,900.07886,5.115988,263.95242,56.86281
2022-04-18 05:00:00,23.994751,12.732574,900.08374,5.3852496,267.84644,49.3452
2022-04-18 06:00:00,24.860931,12.3974,899.7904,5.8091593,270.9906,45.832813
2022-04-18 07:00:00,25.108398,12.287201,899.18365,6.311071,272.89343,44.83576
2022-04-18 08:00:00,26.22287,12.033966,898.42804,6.7808566,274.2819,41.27396
2022-04-18 09:00:00,26.294586,11.958496,897.69946,7.0224094,275.54486,40.89572
2022-04-18 10:00:00,25.54773,12.316528,897.07556,7.081673,273.97644,43.763626
2022-04-18 11:00:00,25.424927,12.341278,897.00073,6.700167,274.06067,44.155792
2022-04-18 12:00:00,25.304443,12.187103,897.25806,5.623578,271.49887,44.024914
2022-04-18 13:00:00,24.9404,12.345123,897.7082,4.560462,265.3745,45.459682
2022-04-18 14:00:00,23.414215,12.712891,898.34033,3.973974,258.72482,51.03448
2022-04-18 15:00:00,22.266632,12.634094,899.0539,3.7707245,251.23169,54.42792
2022-04-18 16:00:00,21.912506,12.676361,899.67474,3.769706,245.35233,55.769463
2022-04-18 17:00:00,20.833069,12.676849,899.95593,3.8759215,241.93774,59.584457
2022-04-18 18:00:00,20.54477,12.7229,899.90356,4.0808196,240.48059,60.835083
2022-04-18 19:00:00,20.261047,12.698517,899.6514,4.240191,240.85304,61.810993
2022-04-18 20:00:00,19.505585,12.633911,899.31854,4.3124657,242.36377,64.49976
2022-04-18 21:00:00,19.26883,12.657196,899.0165,4.259064,245.00037,65.556564
2022-04-18 22:00:00,18.767029,12.580719,899.0616,4.281935,247.37225,67.30274
2022-04-18 23:00:00,18.67331,12.610352,899.1926,4.052024,250.39832,67.82988
2022-04-19 00:00:00,18.961243,13.026062,899.6079,3.792089,251.81964,68.45778
2022-04-19 01:00:00,19.15863,13.085419,900.26227,3.5501382,254.99371,67.882996
2022-04-19 02:00:00,20.929016,13.40094,901.0148,3.5207245,259.94788,62.102943
2022-04-19 03:00:00,21.382568,13.170746,901.5838,3.6475158,264.66608,59.498493
2022-04-19 04:00:00,21.785583,12.990326,901.79834,3.8259566,268.62305,57.369717
2022-04-19 05:00:00,24.164948,13.268188,901.69104,4.1113944,272.4806,50.583275
2022-04-19 06:00:00,24.975616,12.936005,901.3061,4.596917,275.2295,47.15516
2022-04-19 07:00:00,25.199188,12.801483,900.5849,5.134805,277.8838,46.123543
2022-04-19 08:00:00,26.194153,12.500397,899.74414,5.6405525,280.11356,42.630966
2022-04-19 09:00:00,26.276886,12.375488,898.9125,5.9676814,282.63184,42.07677
2022-04-19 10:00:00,25.627777,12.567993,898.15826,5.815383,282.3824,44.280945
2022-04-19 11:00:00,25.533356,12.507965,897.93744,5.5926585,282.31158,44.3549
2022-04-19 12:00:00,25.443237,12.563141,898.07404,4.798604,279.59283,44.754627
2022-04-19 13:00:00,25.059113,12.709137,898.55414,3.8694246,272.68228,46.22965
2022-04-19 14:00:00,23.58612,13.051361,899.1839,3.329087,265.13644,51.638775
2022-04-19 15:00:00,22.21759,12.854492,899.7687,3.1363158,258.95364,55.384087
2022-04-19 16:00:00,21.871979,12.732483,900.105,3.0385525,253.014,56.11344
2022-04-19 17:00:00,20.851593,12.7456665,900.1161,3.0227046,249.17914,59.785442
2022-04-19 18:00:00,20.676575,12.842438,899.8781,3.0793235,248.5102,60.816933
2022-04-19 19:00:00,20.450836,12.833557,899.44836,3.1777709,248.92506,61.633354
2022-04-19 20:00:00,19.556854,12.634888,898.9835,3.2559907,251.45314,64.298744
2022-04-19 21:00:00,19.355988,12.653412,898.51544,3.2178078,254.10194,65.18577
2022-04-19 22:00:00,18.85736,12.468262,898.2218,2.9382136,248.4801,66.43221
2022-04-19 23:00:00,18.706055,12.405426,898.2065,2.77867,250.25769,66.78731
2022-04-20 00:00:00,19.052673,12.826416,898.46075,2.5098069,251.56718,67.18572
2022-04-20 01:00:00,19.234894,12.748627,899.05835,2.2326107,250.79628,66.0898
2022-04-20 02:00:00,21.120972,13.076141,899.64264,2.3757255,250.28693,60.088463
2022-04-20 03:00:00,21.57193,12.991455,900.0357,2.685338,252.42607,58.12819
2022-04-20 04:00:00,22.066223,13.066925,900.1049,2.9259772,258.31894,56.678646
2022-04-20 05:00:00,24.38742,13.216522,899.9468,3.130637,264.43515,49.745262
2022-04-20 06:00:00,25.260132,12.783295,899.46826,3.367419,267.73862,45.901848
2022-04-20 07:00:00,25.52591,12.653076,898.6869,3.7530987,267.71786,44.79866
2022-04-20 08:00:00,26.448761,12.363647,897.7774,4.1856337,267.202,41.619724
2022-04-20 09:00:00,26.565308,12.321289,896.957,4.499782,267.80536,41.219883
2022-04-20 10:00:00,25.698608,12.73642,896.3274,4.7146297,269.19116,44.58454
2022-04-20 11:00:00,25.570679,12.783295,896.16376,4.425101,267.18707,45.062355
2022-04-20 12:00:00,25.38031,12.938965,896.2813,3.5595462,263.41043,46.041363
2022-04-20 13:00:00,24.98291,13.016388,896.6613,2.543371,253.33304,47.382915
2022-04-20 14:00:00,23.558075,13.0685425,897.22516,1.8832179,241.17935,51.784218
2022-04-20 15:00:00,22.695404,13.043243,897.8318,1.595714,225.94003,54.466938
2022-04-20 16:00:00,22.390747,13.060852,898.20483,1.5645726,212.33113,55.547913
2022-04-20 17:00:00,21.406525,13.079498,898.24695,1.6215326,203.0423,59.058426
2022-04-20 18:00:00,21.172333,13.172791,898.02466,1.7376765,202.15619,60.27847
2022-04-20 19:00:00,21.029083,13.230011,897.6718,1.8315537,204.03679,61.03837
2022-04-20 20:00:00,20.242157,13.214783,897.3243,1.8634881,207.29861,64.0071
2022-04-20 21:00:00,20.041992,13.223724,897.01294,1.8284726,209.96973,64.842155
2022-04-20 22:00:00,19.595032,13.187714,896.85077,1.6889371,232.20004,66.507614
2022-04-20 23:00:00,19.514923,13.251587,896.96954,1.6399527,227.82288,67.11848
2022-04-21 00:00:00,19.733337,13.439209,897.31976,1.5168318,221.01263,67.02898
2022-04-21 01:00:00,19.887543,13.471405,897.86597,1.5295596,210.50168,66.53051
2022-04-21 02:00:00,21.589417,13.814301,898.50806,1.9021382,213.39143,61.263138
2022-04-21 03:00:00,21.977722,13.720581,898.9313,2.2497926,226.24162,59.46415
2022-04-21 04:00:00,22.388489,13.664032,899.0722,2.4580214,237.71248,57.782425
2022-04-21 05:00:00,24.216156,13.628326,898.8889,2.77242,243.51114,51.624645
2022-04-21 06:00:00,25.024994,13.332581,898.4744,3.1678915,245.86139,48.249496
2022-04-21 07:00:00,25.196747,13.245056,897.783,3.576801,246.48126,47.4866
2022-04-21 08:00:00,26.03659,13.072327,896.9941,3.9507492,248.1854,44.671295
2022-04-21 09:00:00,26.097198,13.080444,896.2621,4.209662,250.96964,44.53504
2022-04-21 10:00:00,25.272095,13.512543,895.67413,4.1717777,254.39078,48.10515
2022-04-21 11:00:00,25.20401,13.520966,895.6282,3.7795522,255.18555,48.32696
2022-04-21 12:00:00,25.067993,13.538727,895.9275,3.004203,252.9802,48.7764
2022-04-21 13:00:00,24.744476,13.708618,896.4796,2.217928,243.74216,50.279438
2022-04-21 14:00:00,23.681519,14.156769,897.1624,1.8638419,227.14235,55.16985
2022-04-21 15:00:00,22.622253,14.059998,897.79877,1.9326934,212.52162,58.450718
2022-04-21 16:00:00,22.351349,14.0442505,898.25586,2.1733832,204.0468,59.360115
2022-04-21 17:00:00,21.43509,14.134094,898.44446,2.4318054,202.12602,63.140465
2022-04-21 18:00:00,21.156342,14.154816,898.37866,2.6452873,204.80952,64.314964
2022-04-21 19:00:00,20.984283,14.213501,898.146,2.794927,210.31955,65.245544
2022-04-21 20:00:00,20.176575,14.140442,897.89136,2.767347,214.84364,68.25244
2022-04-21 21:00:00,20.029633,14.138245,897.6103,2.5971284,219.70847,68.8659
2022-04-21 22:00:00,19.33255,13.902679,897.6365,2.4285126,221.673,70.82076
2022-04-21 23:00:00,19.206818,13.928772,897.8376,2.0748847,225.28532,71.49822
2022-04-22 00:00:00,19.405396,14.10321,898.23706,1.676017,226.07872,71.42311
2022-04-22 01:00:00,19.49353,14.119385,898.85455,1.3946103,224.93188,71.10729
2022-04-22 02:00:00,21.225311,14.58316,899.5119,1.4027495,220.06578,65.84166
2022-04-22 03:00:00,21.56311,14.538452,899.9309,1.5645179,222.7473,64.30731
2022-04-22 04:00:00,21.989746,14.40683,900.0222,1.7495714,232.16032,62.122665
2022-04-22 05:00:00,24.112762,14.349731,899.8589,2.040957,241.3609,54.433422
2022-04-22 06:00:00,24.842987,14.166046,899.5117,2.4984682,248.14551,51.489876
2022-04-22 07:00:00,25.021362,14.067017,898.9267,3.0023153,253.09843,50.61915
2022-04-22 08:00:00,25.834137,13.942413,898.1577,3.5151532,257.015,47.84404
2022-04-22 09:00:00,25.970062,13.760223,897.3858,3.8633842,260.9483,46.902493
2022-04-22 10:00:00,25.247192,13.705658,896.7107,3.796635,263.987,48.785328
2022-04-22 11:00:00,25.149231,13.772736,896.5146,3.626574,267.29718,49.284985
2022-04-22 12:00:00,24.945312,13.828461,896.6445,2.910873,269.69308,50.068485
2022-04-22 13:00:00,24.66513,13.884033,896.96545,2.0913901,266.89288,51.09713
2022-04-22 14:00:00,23.313812,14.147125,897.53534,1.5662514,260.2009,56.37149
2022-04-22 15:00:00,22.368011,14.211853,898.219,1.3083498,246.41562,59.94724
2022-04-22 16:00:00,22.121643,14.307587,898.6676,1.2665967,231.3686,61.231064
2022-04-22 17:00:00,21.169464,14.348816,898.81836,1.4374905,225.13092,65.075
2022-04-22 18:00:00,20.879486,14.3932495,898.5668,1.6548057,227.63525,66.43517
2022-04-22 19:00:00,20.682953,14.374054,898.1802,1.9079994,233.28574,67.16022
2022-04-22 20:00:00,19.938324,14.223877,897.77716,2.0545268,238.90231,69.64137
2022-04-22 21:00:00,19.832153,14.193024,897.464,2.097178,244.9636,69.96116
2022-04-22 22:00:00,19.184204,13.993347,897.3425,2.0938406,244.19864,71.89949
2022-04-22 23:00:00,19.082703,13.984741,897.4978,1.9214692,244.69957,72.31537
2022-04-23 00:00:00,19.413483,14.3055725,897.89905,1.6709802,244.36778,72.32847
2022-04-23 01:00:00,19.519958,14.2699585,898.53064,1.5227882,239.53784,71.68598
2022-04-23 02:00:00,21.25772,14.506836,899.156,1.8484533,237.76186,65.38793
2022-04-23 03:00:00,21.626892,14.31778,899.6563,2.3280592,242.19357,63.14996
2022-04-23 04:00:00,22.048065,14.102417,899.8525,2.6847875,246.86247,60.6948
2022-04-23 05:00:00,24.249329,13.912506,899.7335,3.0882127,252.07123,52.48185
2022-04-23 06:00:00,25.072845,13.509796,899.3389,3.6468945,257.67587,48.670586
2022-04-23 07:00:00,25.26358,13.363678,898.7261,4.2300835,261.93707,47.665226
2022-04-23 08:00:00,26.285828,13.009308,897.9966,4.7338934,265.01862,43.837177
2022-04-23 09:00:00,26.379303,12.971863,897.3269,5.024369,267.88318,43.489414
2022-04-23 10:00:00,25.5849,13.325562,896.74274,5.139237,269.0297,46.647564
2022-04-23 11:00:00,25.474457,13.361481,896.6467,4.8256593,269.82162,47.064564
2022-04-23 12:00:00,25.307434,13.490326,896.7932,3.9017935,266.95798,47.93475
2022-04-23 13:00:00,25.022797,13.333618,897.215,3.15714,260.64584,48.25908
2022-04-23 14:00:00,23.581146,13.674988,897.78955,2.7976072,256.40698,53.7964
2022-04-23 15:00:00,22.52835,13.687164,898.3309,2.58308,253.28983,57.379616
2022-04-23 16:00:00,22.262268,13.691406,898.65686,2.5189743,251.11285,58.33149
2022-04-23 17:00:00,21.280579,13.6432495,898.65924,2.6268926,251.8205,61.74286
2022-04-23 18:00:00,21.00943,13.69574,898.4038,2.8276954,254.07253,62.993538
2022-04-23 19:00:00,20.831146,13.705536,898.02734,3.0259092,257.01724,63.72834
2022-04-23 20:00:00,20.10962,13.657928,897.63403,3.141969,260.57492,66.42316
2022-04-23 21:00:00,19.939941,13.709564,897.24774,3.1893091,265.5678,67.35011
2022-04-23 22:00:00,19.214783,13.4635315,897.0774,2.9358046,269.89734,69.3344
2022-04-23 23:00:00,19.093292,13.47171,897.12305,2.8817067,268.8215,69.89848
2022-04-24 00:00:00,19.359863,13.775879,897.5215,2.743424,268.48077,70.12093
2022-04-24 01:00:00,19.450562,13.632446,898.06616,2.66689,268.82602,69.079636
2022-04-24 02:00:00,21.401337,14.093628,898.67993,2.8606555,269.70807,63.105495
2022-04-24 03:00:00,21.801666,13.934021,899.04553,3.29371,271.23526,60.945225
2022-04-24 04:00:00,22.285492,13.817566,899.1408,3.7927155,275.46185,58.728443
2022-04-24 05:00:00,24.619568,13.619232,898.9217,4.2712193,279.2628,50.36269
2022-04-24 06:00:00,25.383942,13.201416,898.41565,4.88153,282.87668,46.827194
2022-04-24 07:00:00,25.569519,13.017212,897.7087,5.387175,286.29202,45.760105
2022-04-24 08:00:00,26.470367,12.740387,896.86444,5.7746468,289.7422,42.60635
2022-04-24 09:00:00,26.651276,12.614044,896.1832,5.887438,292.90118,41.80706
2022-04-24 10:00:00,25.802338,12.940216,895.43024,5.5308633,294.22696,44.90596
2022-04-24 11:00:00,25.707,12.916595,895.18164,5.085375,298.68335,45.09082
2022-04-24 12:00:00,25.533081,12.973145,895.2695,3.9974716,302.71957,45.727352
2022-04-24 13:00:00,25.25116,12.990753,895.68146,2.7469728,303.09125,46.553726
2022-04-24 14:00:00,23.865723,13.523041,896.2344,2.0080678,300.73734,52.362686
2022-04-24 15:00:00,22.741302,13.205048,896.77954,1.5347666,291.70044,54.892265
2022-04-24 16:00:00,22.469025,13.27182,897.1222,1.3535994,273.11255,56.050617
2022-04-24 17:00:00,21.461487,13.274445,897.21765,1.5107399,256.02075,59.613472
2022-04-24 18:00:00,21.125763,13.363098,897.0506,1.7821214,246.49634,61.205803
2022-04-24 19:00:00,20.875916,13.317657,896.7199,2.0701723,243.07314,61.968838
2022-04-24 20:00:00,20.000702,13.228516,896.3007,2.3051465,241.37885,65.02843
2022-04-24 21:00:00,19.839508,13.201782,895.9803,2.5071545,241.46866,65.5666
2022-04-24 22:00:00,19.191986,13.123169,895.8641,2.3556893,233.60632,67.90926
2022-04-24 23:00:00,19.093536,13.129974,895.9752,2.3976045,231.43925,68.35751
2022-04-25 00:00:00,19.455414,13.471771,896.4129,2.394157,227.41394,68.340645
2022-04-25 01:00:00,19.641449,13.462921,897.0568,2.5273728,224.24144,67.51646
2022-04-25 02:00:00,21.665405,13.832764,897.7648,2.769115,224.24731,61.052258
2022-04-25 03:00:00,22.142517,13.709869,898.28876,3.2448916,229.256,58.828884
2022-04-25 04:00:00,22.676025,13.538818,898.4718,3.6953707,235.90521,56.32158
2022-04-25 05:00:00,25.083649,13.448517,898.2787,4.147194,241.94786,48.445625
2022-04-25 06:00:00,25.91861,12.934143,897.8335,4.6434555,247.11063,44.580006
2022-04-25 07:00:00,26.145874,12.810669,897.15045,5.2123976,251.20064,43.630783
2022-04-25 08:00:00,27.148468,12.470795,896.38495,5.6715894,254.66908,40.223186
2022-04-25 09:00:00,27.24533,12.506866,895.7141,5.896399,258.04037,40.090054
2022-04-25 10:00:00,26.382599,12.772736,895.14087,5.9759893,261.42767,42.918312
2022-04-25 11:00:00,26.271545,12.889313,894.87195,5.659981,261.9028,43.53138
2022-04-25 12:00:00,26.02182,12.83313,895.04016,4.774057,259.22314,44.016727
2022-04-25 13:00:00,25.672241,12.973053,895.5729,3.9322517,251.73904,45.350933
2022-04-25 14:00:00,24.221558,13.501312,896.3448,3.5470865,243.41241,51.183243
2022-04-25 15:00:00,23.054596,13.326843,897.12573,3.4084744,236.47253,54.289925
2022-04-25 16:00:00,22.685211,13.350952,897.7382,3.465837,232.62634,55.605812
2022-04-25 17:00:00,21.713104,13.327606,897.94366,3.5998902,230.95338,58.906765
2022-04-25 18:00:00,21.502472,13.372437,897.7478,3.786865,232.05602,59.845108
2022-04-25 19:00:00,21.211609,13.45517,897.32776,3.8854096,234.26163,61.250435
2022-04-25 20:00:00,20.25061,13.298126,896.846,3.9404335,237.84735,64.322296
2022-04-25 21:00:00,20.044891,13.266937,896.4931,3.9217157,241.35083,65.01349
2022-04-25 22:00:00,19.437622,13.268585,896.4556,4.113236,237.35672,67.51653
2022-04-25 23:00:00,19.401337,13.285248,896.59845,3.8462884,241.19249,67.742615
2022-04-26 00:00:00,19.707306,13.639008,897.0065,3.5813813,243.54315,68.01583
2022-04-26 01:00:00,19.859192,13.602692,897.6636,3.474504,243.7575,67.21928
2022-04-26 02:00:00,21.732666,14.021881,898.3441,3.6428714,244.24252,61.552315
2022-04-26 03:00:00,22.16034,13.981506,898.81134,3.985514,248.2034,59.810425
2022-04-26 04:00:00,22.679535,13.874084,898.96185,4.3204594,253.36374,57.549847
2022-04-26 05:00:00,25.027924,13.882629,898.81696,4.635761,257.55624,49.99795
2022-04-26 06:00:00,25.82901,13.434265,898.4567,4.9378834,261.1902,46.30384
2022-04-26 07:00:00,26.09494,13.349335,897.7971,5.3096423,264.39148,45.329144
2022-04-26 08:00:00,27.098145,13.071533,897.06323,5.7065988,268.03506,41.960163
2022-04-26 09:00:00,27.235657,12.979553,896.3894,5.996539,271.90756,41.373634
2022-04-26 10:00:00,26.382385,13.27356,895.6677,6.0595307,270.91367,44.346333
2022-04-26 11:00:00,26.308807,13.309387,895.5559,5.656128,274.7071,44.643513
2022-04-26 12:00:00,26.119263,13.230896,895.7894,4.7186937,276.35425,44.915833
2022-04-26 13:00:00,25.819794,13.11618,896.2928,3.6882548,273.96356,45.378174
2022-04-26 14:00:00,24.115295,13.757416,896.9249,3.0490203,270.81897,52.375538
2022-04-26 15:00:00,23.062408,13.72644,897.595,2.6353362,265.77322,55.693836
2022-04-26 16:00:00,22.698822,13.737122,898.0281,2.4582129,258.75836,56.973602
2022-04-26 17:00:00,21.745667,13.786682,898.15265,2.4819396,253.95663,60.57201
2022-04-26 18:00:00,21.349487,13.783386,897.8957,2.6427667,252.25533,62.045033
2022-04-26 19:00:00,21.16925,13.807007,897.4955,2.8616614,252.85657,62.830883
2022-04-26 20:00:00,20.282532,13.630035,897.0636,3.0082176,254.92264,65.59787
2022-04-26 21:00:00,20.022644,13.584625,896.74097,3.0838501,257.09482,66.46403
2022-04-26 22:00:00,19.484406,13.495575,896.6278,2.7716162,257.53723,68.32338
2022-04-26 23:00:00,19.373688,13.474182,896.84827,2.6440945,261.7224,68.699646
2022-04-27 00:00:00,19.724762,13.684357,897.25977,2.4627192,266.36066,68.14279
2022-04-27 01:00:00,19.936829,13.695679,897.81287,2.3826373,270.06686,67.30235
2022-04-27 02:00:00,21.854645,14.049042,898.4205,2.4007761,273.04492,61.203133
2022-04-27 03:00:00,22.328339,14.007172,898.8622,2.6084127,275.25397,59.300552
2022-04-27 04:00:00,22.859314,13.825378,899.0427,3.0125878,279.08026,56.746292
2022-04-27 05:00:00,25.31961,13.801666,898.8934,3.6509624,284.19,48.879482
2022-04-27 06:00:00,26.224731,13.266632,898.442,4.3835597,288.84357,44.740856
2022-04-27 07:00:00,26.488953,13.160492,897.6727,5.0461903,291.5035,43.744595
2022-04-27 08:00:00,27.524658,12.792267,896.82983,5.562697,293.31244,40.183895
2022-04-27 09:00:00,27.672668,12.68634,896.1203,5.837915,295.00018,39.562225
2022-04-27 10:00:00,26.927582,12.893372,895.438,5.001687,297.13257,41.892048
2022-04-27 11:00:00,26.847961,12.949554,895.30664,4.6515965,294.6905,42.243484
2022-04-27 12:00:00,26.704498,12.913361,895.47675,3.578725,291.24008,42.500908
2022-04-27 13:00:00,26.432373,12.8862,895.88916,2.5319045,281.17548,43.111324
2022-04-27 14:00:00,24.609528,13.308899,896.47,1.9291395,264.36154,49.385
2022-04-27 15:00:00,23.505981,13.00235,897.1425,1.8469338,242.75826,51.72294
2022-04-27 16:00:00,23.17508,13.002045,897.6239,2.1723506,227.53058,52.765484
2022-04-27 17:00:00,22.056274,13.000732,897.7751,2.6257641,221.23024,56.468346
2022-04-27 18:00:00,21.775421,13.053192,897.62024,3.138856,220.66698,57.641594
2022-04-27 19:00:00,21.584717,13.151855,897.32227,3.5754278,222.72737,58.694332
2022-04-27 20:00:00,20.69748,12.996185,896.9885,3.923587,225.54503,61.35234
2022-04-27 21:00:00,20.478851,12.952057,896.70087,4.1344285,227.64331,62.00558
2022-04-27 22:00:00,19.83957,13.156494,896.671,3.8952305,232.30728,65.37288
2022-04-27 23:00:00,19.702118,13.185303,896.861,3.8538222,231.85988,66.056595
2022-04-28 00:00:00,20.024414,13.401062,897.2458,3.8378658,231.40123,65.66745
2022-04-28 01:00:00,20.26654,13.384613,897.88416,3.9119399,228.69829,64.62221
2022-04-28 02:00:00,22.41217,14.020538,898.594,4.4819164,228.0164,59.05016
2022-04-28 03:00:00,22.873047,14.024292,899.173,5.3206873,232.45197,57.43549
2022-04-28 04:00:00,23.35254,14.052948,899.43396,6.092928,238.7875,55.897766
2022-04-28 05:00:00,25.76648,14.202545,899.32306,6.7930474,243.98505,48.85282
2022-04-28 06:00:00,26.759674,13.664795,898.8803,7.496152,248.32281,44.490135
2022-04-28 07:00:00,26.946686,13.519348,898.1675,8.036523,251.83026,43.589222
2022-04-28 08:00:00,27.783966,13.382874,897.3778,8.38481,255.23964,41.13555
2022-04-28 09:00:00,27.90039,13.397003,896.6758,8.525976,258.8942,40.894527
2022-04-28 10:00:00,26.943298,13.849213,896.0567,8.443571,256.95587,44.542686
2022-04-28 11:00:00,26.7836,13.910797,896.0296,7.7625127,259.47772,45.142998
2022-04-28 12:00:00,26.5849,13.925446,896.3055,6.707954,260.8056,45.71766
2022-04-28 13:00:00,26.215881,13.923279,896.8148,5.8253684,260.08932,46.71746
2022-04-28 14:00:00,24.734863,14.360291,897.54877,5.240152,259.015,52.478832
2022-04-28 15:00:00,23.446838,14.083466,898.26117,4.8282943,257.20596,55.69062
2022-04-28 16:00:00,23.14032,14.218689,898.82007,4.6102934,255.70456,57.23004
2022-04-28 17:00:00,22.220856,14.1910095,899.0554,4.4810677,254.97269,60.40483
2022-04-28 18:00:00,21.997345,14.265869,899.0176,4.537348,254.89722,61.530464
2022-04-28 19:00:00,21.793915,14.27301,898.7163,4.6691704,256.10342,62.32791
2022-04-28 20:00:00,20.948914,14.1050415,898.2983,4.791113,257.82782,64.92989
2022-04-28 21:00:00,20.730652,13.989838,897.9636,4.8667345,260.0012,65.318054
2022-04-28 22:00:00,20.132294,13.931244,897.90393,4.653005,257.60297,67.51785
2022-04-28 23:00:00,20.043121,13.907959,898.09735,4.540619,260.10648,67.7889
2022-04-29 00:00:00,20.373138,14.222107,898.5641,4.381324,262.2877,67.786064
2022-04-29 01:00:00,20.534454,14.2439575,899.1378,4.3974166,263.90994,67.20972
2022-04-29 02:00:00,22.08786,14.526611,899.6582,4.644509,266.68573,62.231903
2022-04-29 03:00:00,22.503479,14.401398,899.995,5.148605,269.4854,60.189064
2022-04-29 04:00:00,22.934387,14.283112,900.0845,5.7713046,273.2476,58.189648
2022-04-29 05:00:00,25.203094,14.409607,899.9283,6.4416094,276.0126,51.19667
2022-04-29 06:00:00,25.99582,13.952087,899.47705,7.109094,277.36823,47.417904
2022-04-29 07:00:00,26.155548,13.880798,898.6675,7.6858068,277.38876,46.75529
2022-04-29 08:00:00,27.142242,13.669525,897.76056,8.184147,277.26022,43.514477
2022-04-29 09:00:00,27.291931,13.55957,896.89166,8.538475,277.7412,42.82681
2022-04-29 10:00:00,26.46759,13.716309,896.0184,8.101571,277.03143,45.414074
2022-04-29 11:00:00,26.352081,13.688019,895.68787,7.7774367,279.45276,45.64064
2022-04-29 12:00:00,26.14267,13.748566,895.71893,6.6765466,278.68524,46.39088
2022-04-29 13:00:00,25.872742,13.609833,896.13025,5.4936223,273.07224,46.714703
2022-04-29 14:00:00,24.377258,13.916168,896.7257,4.9384027,265.39294,52.0934
2022-04-29 15:00:00,23.191559,13.671692,897.32733,4.7597685,257.08734,55.06435
2022-04-29 16:00:00,22.90091,13.707062,897.7662,4.9241986,249.88698,56.170166
2022-04-29 17:00:00,21.75769,13.630249,897.8914,5.2712455,245.81354,59.91537
2022-04-29 18:00:00,21.48352,13.662994,897.68195,5.6878567,244.16495,61.05827
2022-04-29 19:00:00,21.23169,13.626007,897.2278,6.1056933,244.31912,61.858845
2022-04-29 20:00:00,20.351501,13.428619,896.68787,6.411432,245.22702,64.468506
2022-04-29 21:00:00,20.143402,13.345245,896.2692,6.619276,246.9531,64.94916
2022-04-29 22:00:00,19.65915,13.384277,896.3275,6.743545,249.22903,67.097786
2022-04-29 23:00:00,19.539093,13.330017,896.5165,6.627054,250.2958,67.36131
2022-04-30 00:00:00,19.868256,13.584808,896.93286,6.4270864,251.21564,67.10345
2022-04-30 01:00:00,19.991333,13.545074,897.52686,6.342671,253.24442,66.421875
2022-04-30 02:00:00,21.662231,13.660889,898.18225,6.297166,255.89682,60.386105
2022-04-30 03:00:00,22.064972,13.599396,898.6847,6.4475307,258.6238,58.68454
2022-04-30 04:00:00,22.563507,13.555511,898.8742,6.664053,262.0411,56.76916
2022-04-30 05:00:00,24.643066,13.603638,898.7392,6.9647784,264.9319,50.241013
2022-04-30 06:00:00,25.440979,13.3367,898.3004,7.3644032,266.86276,47.082188
2022-04-30 07:00:00,25.680847,13.299042,897.59296,7.8424535,268.25183,46.302605
2022-04-30 08:00:00,26.63379,13.226471,896.676,8.304524,270.56616,43.559906
2022-04-30 09:00:00,26.733002,13.174164,895.76685,8.626836,273.7871,43.15866
2022-04-30 10:00:00,25.970337,13.261597,894.8723,7.5563927,274.28973,45.40413
2022-04-30 11:00:00,25.88211,13.263336,894.599,7.2994795,276.1615,45.647114
2022-04-30 12:00:00,25.702728,13.331482,894.7096,6.3935137,275.1137,46.340446
2022-04-30 13:00:00,25.381836,13.072174,895.0943,5.2190485,269.37262,46.439625
2022-04-30 14:00:00,24.10553,13.50235,895.67444,4.55483,261.1322,51.544266
2022-04-30 15:00:00,22.999207,13.392242,896.2764,4.311393,252.69989,54.704796
2022-04-30 16:00:00,22.669342,13.348663,896.6814,4.3785086,245.20706,55.651062
2022-04-30 17:00:00,21.64569,13.325867,896.78595,4.612818,240.63702,59.14329
2022-04-30 18:00:00,21.259094,13.399841,896.508,4.9277253,237.81946,60.852665
2022-04-30 19:00:00,21.014221,13.382477,896.026,5.223274,236.6092,61.704338
2022-04-30 20:00:00,20.094452,13.18277,895.5136,5.468126,236.2066,64.45957
2022-04-30 21:00:00,19.877686,13.188385,895.1557,5.5865555,237.08383,65.35447
2022-04-30 22:00:00,19.355286,13.182983,895.2455,4.678897,242.21735,67.485306
2022-04-30 23:00:00,19.273743,13.233978,895.31915,4.5857153,241.54971,68.05467
2022-05-01 00:00:00,19.630646,13.521759,895.7085,4.5084214,240.536,67.821
2022-05-01 01:00:00,19.805206,13.47757,896.28735,4.5070543,239.90355,66.89775
2022-05-01 02:00:00,21.573303,13.621643,896.9269,4.5643525,239.92384,60.56068
2022-05-01 03:00:00,22.044891,13.643402,897.34705,4.894076,241.08057,58.924793
2022-05-01 04:00:00,22.50531,13.608185,897.4553,5.16504,242.63994,57.165684
2022-05-01 05:00:00,24.762817,13.743195,897.3338,5.487293,245.03041,50.337326
2022-05-01 06:00:00,25.64856,13.687714,896.9489,5.893916,247.36221,47.580017
2022-05-01 07:00:00,25.86499,13.655762,896.2927,6.4126906,249.94406,46.87594
2022-05-01 08:00:00,26.801178,13.389252,895.4412,6.9602203,252.9395,43.592915
2022-05-01 09:00:00,26.943817,13.345978,894.62665,7.350726,255.93933,43.107124
2022-05-01 10:00:00,26.18866,13.627075,893.9239,7.164306,255.86908,45.90108
2022-05-01 11:00:00,26.062042,13.58902,893.77814,7.1683817,256.84995,46.131683
2022-05-01 12:00:00,25.858551,13.618378,894.0343,6.741649,254.46371,46.77999
2022-05-01 13:00:00,25.522491,13.467194,894.5485,6.1383104,248.47112,47.254707
2022-05-01 14:00:00,24.134033,14.006622,895.27655,5.8157916,241.85214,53.169613
2022-05-01 15:00:00,23.065796,13.791077,895.89954,5.788748,236.7103,55.916683
2022-05-01 16:00:00,22.77649,13.880096,896.35864,5.9451914,233.32178,57.234764
2022-05-01 17:00:00,21.88733,13.969055,896.4814,6.236659,231.71164,60.765232
2022-05-01 18:00:00,21.56311,13.961426,896.31384,6.5125365,232.03458,61.950447
2022-05-01 19:00:00,21.302307,13.954498,895.9224,6.7667627,233.50444,62.919575
2022-05-01 20:00:00,20.424011,13.907532,895.5544,6.9192076,235.81436,66.20999
2022-05-01 21:00:00,20.298187,13.922882,895.2722,6.967622,239.10071,66.79283
2022-05-01 22:00:00,19.797821,13.774353,895.2219,6.776623,248.99101,68.23252
2022-05-01 23:00:00,19.714355,13.842682,895.4261,6.495099,252.34177,68.89163
2022-05-02 00:00:00,19.96106,14.125092,895.75214,6.0976872,254.60172,69.09998
2022-05-02 01:00:00,20.078796,14.020477,896.3068,5.6496353,256.92633,68.13477
2022-05-02 02:00:00,21.737701,14.43869,896.89453,5.339812,257.97766,63.215862
2022-05-02 03:00:00,22.230103,14.323578,897.3049,5.3391676,258.98224,60.890907
2022-05-02 04:00:00,22.649658,14.294861,897.4009,5.3661056,260.49402,59.247704
2022-05-02 05:00:00,24.563995,14.318451,897.2107,5.4678636,263.60687,52.874363
2022-05-02 06:00:00,25.497162,14.116882,896.80347,5.6679387,266.67468,49.36528
2022-05-02 07:00:00,25.740662,14.0425415,896.1406,5.8280807,269.5909,48.423206
2022-05-02 08:00:00,26.762848,13.946564,895.3869,5.8124447,271.25732,45.303146
2022-05-02 09:00:00,26.81726,13.751282,894.7353,5.6970854,273.19992,44.58953
2022-05-02 10:00:00,26.044891,13.996399,894.20984,5.962302,272.86304,47.41647
2022-05-02 11:00:00,25.975372,14.010864,894.0631,5.5058894,276.603,47.656597
2022-05-02 12:00:00,25.79831,14.061127,894.25195,4.647011,276.76117,48.316174
2022-05-02 13:00:00,25.500977,14.191803,894.764,3.5043364,268.9217,49.59411
2022-05-02 14:00:00,24.360443,14.406769,895.42017,2.733472,255.46744,53.829063
2022-05-02 15:00:00,23.126099,14.2361145,896.0963,2.479988,238.14851,57.3439
2022-05-02 16:00:00,22.874908,14.428772,896.5733,2.649075,223.62874,58.952255
2022-05-02 17:00:00,21.864136,14.293732,896.7927,3.0096273,215.50572,62.144478
2022-05-02 18:00:00,21.649353,14.432098,896.6757,3.389143,213.77747,63.53107
2022-05-02 19:00:00,21.39801,14.362305,896.3964,3.6858404,213.89392,64.22549
2022-05-02 20:00:00,20.54364,14.165802,896.1118,3.8696826,215.5163,66.83268
2022-05-02 21:00:00,20.410858,14.191895,895.9372,3.956192,217.5089,67.49629
2022-05-02 22:00:00,19.892395,14.144287,895.9509,3.7079117,229.43,69.48086
2022-05-02 23:00:00,19.77884,14.108887,896.1774,3.5721545,228.64049,69.81141
2022-05-03 00:00:00,20.12091,14.376678,896.6169,3.3448126,225.68108,69.5427
2022-05-03 01:00:00,20.343872,14.285522,897.2136,3.1331863,220.6063,68.18789
2022-05-03 02:00:00,21.912292,14.599609,897.8301,3.0907204,214.4567,63.19883
2022-05-03 03:00:00,22.408966,14.5269165,898.2922,3.2463787,214.11478,61.02863
2022-05-03 04:00:00,22.772888,14.543091,898.47,3.267465,216.49207,59.757465
2022-05-03 05:00:00,24.448303,14.496338,898.3579,3.2655296,219.80627,53.857338
2022-05-03 06:00:00,25.280487,14.304779,897.97076,3.4072921,222.6386,50.617165
2022-05-03 07:00:00,25.480988,14.167328,897.4239,3.5505013,226.10635,49.57443
2022-05-03 08:00:00,26.51892,13.89743,896.77045,3.6608243,229.85252,45.812443
2022-05-03 09:00:00,26.565216,13.755524,896.1843,3.6857169,233.99075,45.26863
2022-05-03 10:00:00,25.903534,14.084259,895.54095,3.787785,243.85835,48.087925
2022-05-03 11:00:00,25.776764,14.0503845,895.45917,3.6298609,245.31535,48.34425
2022-05-03 12:00:00,25.641571,14.126312,895.692,3.2899368,239.90881,48.973763
2022-05-03 13:00:00,25.32898,14.284058,896.12714,2.8821182,227.7004,50.40375
2022-05-03 14:00:00,24.219604,14.510803,896.7039,2.7404459,214.63876,54.651474
2022-05-03 15:00:00,22.939941,14.208771,897.282,2.880092,205.03256,57.890915
2022-05-03 16:00:00,22.634613,14.289429,897.79346,3.1291308,199.33704,59.281
2022-05-03 17:00:00,21.698334,14.305603,898.01544,3.2717388,196.87534,62.825268
2022-05-03 18:00:00,21.453918,14.36145,897.9188,3.3051136,198.33711,64.00241
2022-05-03 19:00:00,21.213074,14.382629,897.6386,3.34658,201.32263,65.04314
2022-05-03 20:00:00,20.413147,14.240814,897.2989,3.4020057,205.34431,67.700775
2022-05-03 21:00:00,20.264069,14.251709,897.0784,3.3787658,208.52193,68.37509
2022-05-03 22:00:00,19.625854,13.951111,897.0695,2.7715015,215.49878,69.76017
2022-05-03 23:00:00,19.52829,14.03125,897.29443,2.6806338,216.37859,70.54984
2022-05-04 00:00:00,19.893616,14.332184,897.71155,2.4961944,216.14664,70.32555
2022-05-04 01:00:00,20.158997,14.339661,898.3421,2.330197,212.26079,69.21324
2022-05-04 02:00:00,21.887024,14.781433,898.9609,2.4865599,210.23851,64.04291
2022-05-04 03:00:00,22.230042,14.7560425,899.39264,2.6866028,215.71925,62.615257
2022-05-04 04:00:00,22.56897,14.792236,899.59454,2.6831656,223.0178,61.481483
2022-05-04 05:00:00,24.397491,14.643982,899.589,2.7112424,230.75076,54.53875
2022-05-04 06:00:00,25.179565,14.427002,899.3161,2.870029,237.05078,51.32609
2022-05-04 07:00:00,25.36139,14.275604,898.71906,3.1821501,243.52689,50.279194
2022-05-04 08:00:00,26.24234,13.950836,898.0563,3.5943592,249.85333,46.727943
2022-05-04 09:00:00,26.326447,13.737213,897.4191,3.9731922,255.77008,45.856113
2022-05-04 10:00:00,25.70285,13.762207,896.7007,3.63505,273.61548,47.657146
2022-05-04 11:00:00,25.610352,13.760864,896.4934,3.4588244,274.37714,47.915222
2022-05-04 12:00:00,25.43927,14.058899,896.5771,3.0366898,271.48102,49.349625
2022-05-04 13:00:00,25.03714,14.283783,897.0209,2.3535948,264.09143,51.286327
2022-05-04 14:00:00,23.91388,14.805176,897.5856,1.8957108,250.07649,56.73096
2022-05-04 15:00:00,22.693146,14.69162,898.1625,1.7639014,236.99104,60.625393
2022-05-04 16:00:00,22.34256,14.656036,898.50995,1.8929683,225.06163,61.788303
2022-05-04 17:00:00,21.467712,14.619232,898.6228,2.1005352,222.1539,65.02199
2022-05-04 18:00:00,21.282074,14.607758,898.4478,2.3559275,224.09914,65.7171
2022-05-04 19:00:00,21.03241,14.610962,898.11017,2.598164,229.70532,66.745544
2022-05-04 20:00:00,20.158783,14.46048,897.7571,2.7878563,235.78421,69.75676
2022-05-04 21:00:00,20.007141,14.467316,897.4573,2.8616865,243.25485,70.44541
2022-05-04 22:00:00,19.653656,14.4079895,897.1672,2.5288336,250.98444,71.730606
2022-05-04 23:00:00,19.483398,14.371338,897.26807,2.2772074,258.8389,72.32166
2022-05-05 00:00:00,19.967896,14.648499,897.553,2.078946,267.1869,71.44759
2022-05-05 01:00:00,20.20697,14.637329,898.1051,1.8726307,273.3142,70.34785
2022-05-05 02:00:00,22.135315,14.980591,898.6121,1.8696342,271.06732,63.89479
2022-05-05 03:00:00,22.508972,14.9422,898.92,2.0901423,269.00513,62.30471
2022-05-05 04:00:00,22.881256,14.939789,898.96484,2.354364,271.6601,60.904007
2022-05-05 05:00:00,24.967102,14.929779,898.7734,2.561687,275.0447,53.693165
2022-05-05 06:00:00,25.768982,14.599945,898.37665,2.8109312,276.6676,50.116432
2022-05-05 07:00:00,25.970062,14.557007,897.6918,3.1148753,277.92294,49.38597
2022-05-05 08:00:00,27.008972,14.340363,896.88104,3.516037,278.7303,45.805737
2022-05-05 09:00:00,27.082703,14.295685,896.11884,3.8322353,279.34662,45.47625
2022-05-05 10:00:00,26.454407,14.392639,895.3203,3.955987,286.35492,47.485786
2022-05-05 11:00:00,26.322144,14.364288,895.14984,3.9213552,287.6884,47.77022
2022-05-05 12:00:00,26.141998,14.630859,895.2963,3.524893,287.34735,49.119774
2022-05-05 13:00:00,25.682678,14.610626,895.7611,2.658111,281.35004,50.40831
2022-05-05 14:00:00,24.398712,14.952698,896.3312,2.1528935,271.5921,55.63041
2022-05-05 15:00:00,23.25058,14.871643,896.9213,2.0083418,258.85672,59.297718
2022-05-05 16:00:00,22.947296,14.921265,897.33936,2.1027465,248.0492,60.588634
2022-05-05 17:00:00,22.116058,14.870361,897.51624,2.320043,243.01567,63.517525
2022-05-05 18:00:00,21.792023,14.809631,897.46326,2.6105235,242.19965,64.53259
2022-05-05 19:00:00,21.572327,14.809448,897.20703,2.8910425,245.12439,65.40428
2022-05-05 20:00:00,20.729553,14.748627,896.90515,3.0587575,249.76373,68.60674
2022-05-05 21:00:00,20.573303,14.760193,896.5868,3.113176,255.39484,69.322
2022-05-05 22:00:00,20.066132,14.71637,896.44867,2.876591,264.34952,71.32596
2022-05-05 23:00:00,19.977997,14.78656,896.55383,2.7489092,268.4131,72.04134
2022-05-06 00:00:00,20.38977,15.053772,896.8675,2.583376,274.85675,71.44898
2022-05-06 01:00:00,20.613983,15.075714,897.3992,2.4158323,279.80142,70.567276
2022-05-06 02:00:00,22.480103,15.54541,897.86383,2.4059513,277.40018,64.87902
2022-05-06 03:00:00,22.816925,15.520782,898.23236,2.6267865,276.18176,63.466187
2022-05-06 04:00:00,23.232819,15.441193,898.33795,2.8139346,277.2176,61.574017
2022-05-06 05:00:00,25.207489,15.453644,898.25806,3.0287971,280.30554,54.741085
2022-05-06 06:00:00,26.01184,15.138214,897.8195,3.347342,284.84137,51.143147
2022-05-06 07:00:00,26.233093,15.014313,897.18695,3.7478952,288.78784,50.077927
2022-05-06 08:00:00,27.02362,14.78833,896.46,4.1619716,291.37433,47.10908
2022-05-06 09:00:00,27.127625,14.699127,895.7576,4.4709473,293.87662,46.55384
2022-05-06 10:00:00,26.455414,14.87561,895.0884,4.1024055,301.29883,48.985806
2022-05-06 11:00:00,26.29422,14.888153,894.8764,4.0451026,303.5533,49.493973
2022-05-06 12:00:00,26.13031,15.07486,895.048,3.634803,307.45187,50.579613
2022-05-06 13:00:00,25.758392,15.022186,895.4826,2.6497455,311.04126,51.53085
2022-05-06 14:00:00,24.578888,15.34906,896.09326,1.883333,315.49738,56.45342
2022-05-06 15:00:00,23.440704,15.244537,896.718,1.3714662,316.13962,60.043682
2022-05-06 16:00:00,23.152618,15.344849,897.1788,1.0496004,308.3955,61.49203
2022-05-06 17:00:00,22.315796,15.439606,897.39526,0.9084263,294.63028,65.0875
2022-05-06 18:00:00,22.029633,15.539764,897.34015,1.0387189,283.5412,66.65828
2022-05-06 19:00:00,21.794128,15.5303955,897.08575,1.2571166,281.95245,67.58252
2022-05-06 20:00:00,21.025452,15.52829,896.72925,1.5553651,284.41104,70.831055
2022-05-06 21:00:00,20.888947,15.562988,896.426,1.8535793,288.68903,71.58678
2022-05-06 22:00:00,20.44629,15.44165,896.34595,1.9948994,285.2469,72.99574
2022-05-06 23:00:00,20.409058,15.519226,896.5019,2.1799583,293.55084,73.528336
2022-05-07 00:00:00,20.783813,15.809326,896.85834,2.3174095,302.9937,73.19607
2022-05-07 01:00:00,20.914154,15.880096,897.43256,2.3426979,307.94696,72.94074
2022-05-07 02:00:00,22.596954,16.210968,897.93494,2.4065373,306.6965,67.218925
2022-05-07 03:00:00,22.912628,16.103607,898.3215,2.5777612,305.36087,65.49469
2022-05-07 04:00:00,23.392273,16.004608,898.4256,2.831819,305.11395,63.222225
2022-05-07 05:00:00,25.330292,15.940674,898.28577,3.1867163,306.27847,56.062717
2022-05-07 06:00:00,26.117096,15.582306,897.8206,3.6054437,308.8447,52.294582
2022-05-07 07:00:00,26.302307,15.516541,897.1418,4.0430384,310.52707,51.507942
2022-05-07 08:00:00,27.133972,15.168152,896.3644,4.4556212,312.83734,47.96283
2022-05-07 09:00:00,27.16809,14.980957,895.6018,4.7890215,315.48465,47.294243
2022-05-07 10:00:00,26.458221,15.2716675,894.7424,4.364942,318.99924,50.24093
2022-05-07 11:00:00,26.333069,15.245728,894.64514,4.4292717,322.11465,50.529076
2022-05-07 12:00:00,26.198029,15.386749,894.8894,3.9443831,325.4165,51.39676
2022-05-07 13:00:00,25.958374,15.317352,895.3497,2.9256468,329.44525,51.89886
2022-05-07 14:00:00,24.743286,15.910461,895.8924,2.249101,337.26242,57.947075
2022-05-07 15:00:00,23.517609,15.760803,896.3747,1.6991827,346.01382,61.776222
2022-05-07 16:00:00,23.201355,15.84433,896.67883,1.2087477,355.99292,63.303925
2022-05-07 17:00:00,22.314117,15.77124,896.7443,0.8006869,6.2516785,66.49125
2022-05-07 18:00:00,22.13794,15.858063,896.57654,0.47677562,6.2828674,67.58225
2022-05-07 19:00:00,22.047333,15.86557,896.2352,0.2742194,337.04623,67.98905
2022-05-07 20:00:00,21.319672,15.81192,895.8589,0.34819707,291.15546,70.83803
2022-05-07 21:00:00,21.13205,15.805908,895.52435,0.53679335,280.27054,71.63044
2022-05-07 22:00:00,20.705261,15.660034,895.3084,0.71200293,237.10088,72.85183
2022-05-07 23:00:00,20.642944,15.704559,895.37805,0.8546338,256.214,73.340645
2022-05-08 00:00:00,21.01294,15.9729,895.8205,0.90665036,266.19894,72.93027
2022-05-08 01:00:00,21.147125,16.00653,896.3629,0.78872705,268.50128,72.48729
2022-05-08 02:00:00,22.608948,16.222595,896.8901,0.81075174,255.71783,67.2198
2022-05-08 03:00:00,23.179382,16.266083,897.16986,1.04147,248.11163,65.1171
2022-05-08 04:00:00,23.568512,16.101227,897.2609,1.2597246,249.98703,62.940742
2022-05-08 05:00:00,25.446259,16.075806,897.05743,1.5073445,257.51855,56.159885
2022-05-08 06:00:00,26.322144,15.825958,896.6559,1.7431607,266.79236,52.47659
2022-05-08 07:00:00,26.477844,15.665588,896.05914,2.0351655,274.02087,51.466064
2022-05-08 08:00:00,27.276093,15.510956,895.3219,2.3724232,279.8022,48.622498
2022-05-08 09:00:00,27.321594,15.352753,894.59125,2.6219177,284.17245,48.00357
2022-05-08 10:00:00,26.657654,15.441376,893.76154,2.4986374,287.91037,50.197422
2022-05-08 11:00:00,26.569702,15.402374,893.62695,2.4497397,288.62973,50.332157
2022-05-08 12:00:00,26.385284,15.589966,893.78784,2.1239445,283.60138,51.497925
2022-05-08 13:00:00,26.151215,15.447174,894.2205,1.6286734,264.9724,51.739258
2022-05-08 14:00:00,24.849182,15.93335,894.83044,1.3340319,239.70561,57.66605
2022-05-08 15:00:00,23.761536,15.855133,895.4024,1.5229895,215.5694,61.243446
2022-05-08 16:00:00,23.470123,15.834564,895.7293,1.9551615,203.6874,62.246235
2022-05-08 17:00:00,22.55127,15.797119,895.8189,2.4011817,200.88008,65.648224
2022-05-08 18:00:00,22.384155,15.916779,895.6618,2.8032928,203.1057,66.82734
2022-05-08 19:00:00,22.16629,15.935272,895.3308,3.1377108,206.83463,67.79927
2022-05-08 20:00:00,21.415283,15.755249,894.9471,3.3848808,210.47629,70.16952
2022-05-08 21:00:00,21.273865,15.736084,894.7056,3.4836395,214.79185,70.69357
2022-05-08 22:00:00,20.852753,15.845642,894.5363,3.4090924,216.12921,73.055664
2022-05-08 23:00:00,20.80368,15.877136,894.7087,3.298351,219.78041,73.42419
2022-05-09 00:00:00,21.20868,16.167725,894.98737,3.179449,220.48798,72.960434
2022-05-09 01:00:00,21.329376,16.12378,895.5092,3.0720594,214.88527,72.21982
2022-05-09 02:00:00,22.829437,16.536835,896.04095,3.3923528,207.81435,67.66686
2022-05-09 03:00:00,23.189789,16.574799,896.4322,3.8513777,206.91096,66.36714
2022-05-09 04:00:00,23.490814,16.377502,896.5033,4.142209,209.16603,64.35931
2022-05-09 05:00:00,25.296661,16.40152,896.3374,4.30735,213.64758,57.849884
2022-05-09 06:00:00,26.16629,16.111206,895.9172,4.4123044,218.78458,53.935455
2022-05-09 07:00:00,26.3862,15.940063,895.3117,4.4791408,224.36641,52.661125
2022-05-09 08:00:00,27.225525,15.709595,894.6474,4.6044636,229.55167,49.39108
2022-05-09 09:00:00,27.312744,15.646851,894.0161,4.6856284,233.8291,48.94227
2022-05-09 10:00:00,26.609924,15.814453,893.3019,4.6397004,234.26749,51.555557
2022-05-09 11:00:00,26.504242,15.754486,893.2187,4.401093,234.27617,51.679127
2022-05-09 12:00:00,26.281982,15.897461,893.4883,4.2013993,229.32703,52.8421
2022-05-09 13:00:00,26.023468,15.822144,893.95233,4.273947,219.65985,53.39818
2022-05-09 14:00:00,24.886078,16.243225,894.6023,4.3813057,211.42682,58.687973
2022-05-09 15:00:00,23.802917,16.03836,895.22577,4.647858,206.44977,61.8102
2022-05-09 16:00:00,23.59018,16.099182,895.6644,4.97334,204.12206,62.85042
2022-05-09 17:00:00,22.659485,16.133057,895.76337,5.2557898,205.03696,66.63253
2022-05-09 18:00:00,22.44043,16.159271,895.5884,5.537655,207.3294,67.63779
2022-05-09 19:00:00,22.281952,16.171448,895.2151,5.7808795,210.55363,68.34587
2022-05-09 20:00:00,21.603851,16.089325,894.82404,5.935582,213.84637,70.860405
2022-05-09 21:00:00,21.411102,16.143036,894.56305,5.957312,216.8425,71.94738
2022-05-09 22:00:00,20.948395,16.245697,894.46594,5.650622,226.4077,74.50527
2022-05-09 23:00:00,20.898956,16.264923,894.63007,5.40288,226.93979,74.82368
2022-05-10 00:00:00,21.359558,16.545593,894.99,5.054326,228.44672,74.04868
2022-05-10 01:00:00,21.44751,16.531921,895.59375,4.6374893,227.82759,73.58683
2022-05-10 02:00:00,22.574524,16.815002,896.20514,4.481997,226.37027,69.94605
2022-05-10 03:00:00,22.884033,16.73294,896.73456,4.4513144,225.7799,68.28885
2022-05-10 04:00:00,23.17517,16.695038,896.94366,4.4937315,226.98045,66.93511
2022-05-10 05:00:00,24.79535,16.70523,896.8239,4.5977893,229.70235,60.766327
2022-05-10 06:00:00,25.604248,16.459229,896.3993,4.7661653,234.14287,57.011086
2022-05-10 07:00:00,25.826813,16.351807,895.7824,4.9996405,239.16664,55.880226
2022-05-10 08:00:00,26.619812,16.026001,895.07947,5.2448134,243.97461,52.226513
2022-05-10 09:00:00,26.69162,15.963104,894.442,5.403141,247.50719,51.79773
2022-05-10 10:00:00,26.159668,16.007965,893.74896,5.159078,250.988,53.60228
2022-05-10 11:00:00,26.100372,15.997009,893.73914,4.8932223,249.50748,53.75293
2022-05-10 12:00:00,25.946411,15.961548,894.01697,4.5355234,241.82729,54.12216
2022-05-10 13:00:00,25.709534,15.88092,894.51013,4.549823,228.45206,54.605247
2022-05-10 14:00:00,24.752838,16.292267,895.13617,4.6734138,217.81125,59.3418
2022-05-10 15:00:00,23.655975,16.266052,895.7555,4.9902973,211.45122,63.27129
2022-05-10 16:00:00,23.405518,16.402588,896.1565,5.441315,208.00739,64.79463
2022-05-10 17:00:00,22.602264,16.26184,896.25275,5.9288855,207.73775,67.41546
2022-05-10 18:00:00,22.461487,16.352173,895.9704,6.3832765,208.82101,68.38663
2022-05-10 19:00:00,22.228912,16.321533,895.527,6.7897124,210.79852,69.225685
2022-05-10 20:00:00,21.490906,16.205292,895.0756,7.137174,213.00066,71.88137
2022-05-10 21:00:00,21.42212,16.234283,894.817,7.3767233,215.22615,72.31825
2022-05-10 22:00:00,20.911407,16.230927,894.5488,6.801439,217.08781,74.60462
2022-05-10 23:00:00,20.848358,16.230316,894.72656,7.000651,217.74008,74.89156
2022-05-11 00:00:00,21.115723,16.424652,895.198,7.0591106,217.20741,74.588455
2022-05-11 01:00:00,21.23169,16.246765,895.757,7.002332,215.09004,73.225494
2022-05-11 02:00:00,22.69104,16.714905,896.36884,7.1592913,212.7244,69.0134
2022-05-11 03:00:00,23.086243,16.75653,896.7689,7.398394,212.73698,67.559204
2022-05-11 04:00:00,23.387634,16.571777,896.94995,7.5657673,214.85368,65.566315
2022-05-11 05:00:00,25.206726,16.605011,896.8287,7.7162027,218.19304,58.91781
2022-05-11 06:00:00,25.868256,16.461456,896.4568,7.911567,222.97421,56.133503
2022-05-11 07:00:00,26.055878,16.355286,895.901,8.105078,228.47125,55.139713
2022-05-11 08:00:00,26.891174,16.01712,895.25244,8.350923,232.89177,51.369987
2022-05-11 09:00:00,27.021912,15.995239,894.6168,8.54084,236.56999,50.905716
2022-05-11 10:00:00,26.314636,15.955475,893.8755,8.168486,239.82407,52.93609
2022-05-11 11:00:00,26.260132,15.904358,893.7587,8.051519,238.96753,52.93365
2022-05-11 12:00:00,26.131256,15.992706,893.928,7.8174314,235.28802,53.64012
2022-05-11 13:00:00,25.989014,16.070557,894.4076,7.795386,228.2185,54.362785
2022-05-11 14:00:00,24.86554,16.399261,895.0714,7.9082255,222.3099,59.346706
2022-05-11 15:00:00,23.800598,16.217072,895.76135,8.160125,218.94614,62.52742
2022-05-11 16:00:00,23.5484,16.32489,896.20984,8.567955,217.2026,63.921783
2022-05-11 17:00:00,22.723022,16.283173,896.33325,8.990923,217.07916,67.014275
2022-05-11 18:00:00,22.486328,16.319946,896.10175,9.406112,217.85951,68.1435
2022-05-11 19:00:00,22.29837,16.35559,895.6797,9.71197,219.33829,69.08331
2022-05-11 20:00:00,21.586609,16.222656,895.19507,9.960939,221.04597,71.54079
2022-05-11 21:00:00,21.376495,16.105743,894.9049,10.099283,223.1439,71.928795
2022-05-11 22:00:00,20.98059,16.099915,894.7312,9.532777,227.3132,73.67013
2022-05-11 23:00:00,20.937256,16.122406,894.9171,9.439506,227.841,73.97263
2022-05-12 00:00:00,21.329132,16.359406,895.3233,9.347818,227.71805,73.31337
2022-05-12 01:00:00,21.491852,16.257874,895.86224,9.300615,226.70604,72.11847
2022-05-12 02:00:00,22.971588,16.630096,896.3886,9.723487,226.27043,67.485565
2022-05-12 03:00:00,23.34784,16.799469,896.76306,10.254727,228.04504,66.68115
2022-05-12 04:00:00,23.6987,16.795227,896.9104,10.723753,230.75629,65.26801
2022-05-12 05:00:00,25.49408,16.735352,896.74713,11.096757,233.81564,58.401012
2022-05-12 06:00:00,26.219025,16.572937,896.3512,11.447428,237.19151,55.37175
2022-05-12 07:00:00,26.403717,16.4935,895.6858,11.677566,240.2438,54.495304
2022-05-12 08:00:00,27.299774,16.316406,894.9772,11.821051,242.82556,51.118702
2022-05-12 09:00:00,27.313995,16.226013,894.26056,11.894899,245.04404,50.782837
2022-05-12 10:00:00,26.629364,16.076538,893.4148,11.635738,247.91537,52.36576
2022-05-12 11:00:00,26.554596,16.110168,893.1778,11.165982,247.74924,52.709915
2022-05-12 12:00:00,26.401276,16.216858,893.3343,10.448615,245.40512,53.551666
2022-05-12 13:00:00,26.099335,15.945343,893.7586,9.862734,240.0783,53.579185
2022-05-12 14:00:00,24.93396,16.484528,894.3716,9.5896845,235.7724,59.426403
2022-05-12 15:00:00,24.005127,16.516388,894.98755,9.599696,232.9957,62.95145
2022-05-12 16:00:00,23.762909,16.494415,895.44745,9.7067795,231.51404,63.785725
2022-05-12 17:00:00,22.949554,16.574463,895.5237,9.877059,231.05293,67.33719
2022-05-12 18:00:00,22.70868,16.65747,895.2286,10.1070175,231.5811,68.68861
2022-05-12 19:00:00,22.524017,16.67804,894.82544,10.3160515,232.76662,69.55366
2022-05-12 20:00:00,21.867828,16.550507,894.4027,10.484619,234.05043,71.80473
2022-05-12 21:00:00,21.607513,16.444305,894.1509,10.555487,235.495,72.46488
2022-05-12 22:00:00,21.021118,16.468933,893.8273,9.955352,238.30505,75.23471
2022-05-12 23:00:00,21.000366,16.540558,894.0072,10.050469,238.86987,75.674545
2022-05-13 00:00:00,21.28302,16.688599,894.37634,9.973264,239.33801,75.0759
2022-05-13 01:00:00,21.385925,16.644684,894.86743,9.929155,239.09338,74.39612
2022-05-13 02:00:00,22.637695,16.961548,895.38654,10.366785,239.07538,70.32875
2022-05-13 03:00:00,23.069794,17.00998,895.7213,10.931983,241.1711,68.72197
2022-05-13 04:00:00,23.463074,16.856995,895.75494,11.370032,243.78757,66.4612
2022-05-13 05:00:00,25.25772,16.81958,895.60425,11.7029,246.44788,59.54492
2022-05-13 06:00:00,25.917725,16.60492,895.20776,11.970789,248.96672,56.482094
2022-05-13 07:00:00,26.146973,16.509094,894.56915,12.119691,251.35461,55.3828
2022-05-13 08:00:00,26.971191,16.298645,893.7843,12.161273,253.18022,52.055023
2022-05-13 09:00:00,27.223785,15.898346,893.1179,12.049369,254.27402,49.99583
2022-05-13 10:00:00,26.703064,16.100739,892.3924,11.034956,256.52838,52.21951
2022-05-13 11:00:00,26.701385,16.222351,892.2676,10.55571,254.39786,52.631207
2022-05-13 12:00:00,26.582031,16.149902,892.4942,9.835332,249.36438,52.758263
2022-05-13 13:00:00,26.331299,15.934174,892.9437,9.227673,240.79678,52.812153
2022-05-13 14:00:00,25.046722,16.533142,893.5391,9.152788,234.37701,59.210968
2022-05-13 15:00:00,24.088013,16.321198,894.1241,9.340072,230.50337,61.865734
2022-05-13 16:00:00,23.812195,16.403717,894.54095,9.650979,228.22556,63.23095
2022-05-13 17:00:00,22.89096,16.409943,894.7113,10.031002,227.60184,66.8732
2022-05-13 18:00:00,22.756042,16.510834,894.50995,10.456855,228.00574,67.85631
2022-05-13 19:00:00,22.582916,16.501495,894.1808,10.848333,229.2662,68.532135
2022-05-13 20:00:00,21.881622,16.375336,893.77374,11.125441,230.93555,70.949326
2022-05-13 21:00:00,21.55838,16.221527,893.5209,11.230801,232.97974,71.65927
2022-05-13 22:00:00,21.034698,16.249939,893.431,10.907018,237.07922,74.131256
2022-05-13 23:00:00,20.914642,16.21817,893.6954,10.79429,237.87857,74.52918
2022-05-14 00:00:00,21.243652,16.382324,894.1521,10.625574,238.21878,73.80618
2022-05-14 01:00:00,21.391327,16.385315,894.78467,10.468189,237.85902,73.15507
2022-05-14 02:00:00,22.814026,16.664978,895.39166,10.773835,238.17783,68.28384
2022-05-14 03:00:00,23.147827,16.648102,895.8562,11.156047,239.3551,66.84629
2022-05-14 04:00:00,23.65622,16.68753,896.06445,11.488581,240.38568,64.989395
2022-05-14 05:00:00,25.398132,16.59134,896.1027,11.863075,241.72742,58.20018
2022-05-14 06:00:00,26.26471,16.331055,895.82544,12.247981,243.4852,54.37929
2022-05-14 07:00:00,26.517273,16.159546,895.3491,12.595866,245.49217,52.992588
2022-05-14 08:00:00,27.538666,15.859955,894.80414,12.784665,247.24864,48.96187
2022-05-14 09:00:00,27.62918,15.628876,894.2676,12.738017,248.57034,47.98877
2022-05-14 10:00:00,27.057434,15.721741,893.7614,12.026702,250.0493,49.919453
2022-05-14 11:00:00,26.963043,15.6822815,893.7946,11.598564,249.31319,50.070415
2022-05-14 12:00:00,26.75174,15.733063,894.12897,10.739542,245.67322,50.86143
2022-05-14 13:00:00,26.501831,15.505707,894.6612,9.983038,239.74754,50.86978
2022-05-14 14:00:00,25.167267,16.202118,895.3488,9.683812,234.49394,57.561462
2022-05-14 15:00:00,24.207672,16.048157,895.9955,9.774195,230.74901,60.363304
2022-05-14 16:00:00,23.855469,16.053894,896.50867,10.086447,228.15665,61.67626
2022-05-14 17:00:00,22.842377,16.048187,896.67303,10.537278,227.05333,65.54186
2022-05-14 18:00:00,22.710327,16.181213,896.56836,10.958507,227.45071,66.63159
2022-05-14 19:00:00,22.49292,16.190369,896.181,11.284462,228.31355,67.5562
2022-05-14 20:00:00,21.796814,16.028412,895.795,11.477916,229.781,69.757965
2022-05-14 21:00:00,21.512054,15.874207,895.4595,11.500837,231.09323,70.2875
2022-05-14 22:00:00,21.022736,15.830292,895.407,11.160505,231.313,72.22535
2022-05-14 23:00:00,20.924744,15.833466,895.72327,11.053956,232.28833,72.67635
2022-05-15 00:00:00,21.283691,16.097595,896.2104,10.900433,232.90065,72.3015
2022-05-15 01:00:00,21.526978,16.109344,896.74304,10.804752,232.99814,71.285416
2022-05-15 02:00:00,23.052399,16.281616,897.2739,10.960586,232.96005,65.68403
2022-05-15 03:00:00,23.513733,16.288635,897.63513,11.168133,233.79655,63.90778
2022-05-15 04:00:00,23.886353,16.292358,897.7944,11.253779,234.58037,62.504887
2022-05-15 05:00:00,25.72351,16.291046,897.72034,11.357232,235.76361,56.00633
2022-05-15 06:00:00,26.454254,16.082642,897.4174,11.586163,237.18567,52.929646
2022-05-15 07:00:00,26.681366,16.021576,896.856,11.9668665,239.08572,52.022846
2022-05-15 08:00:00,27.742737,15.836548,896.18823,12.32095,240.63918,48.308857
2022-05-15 09:00:00,27.905731,15.627167,895.51654,12.548027,241.82758,47.214664
2022-05-15 10:00:00,27.185059,15.816956,894.99445,12.297294,242.7695,49.849552
2022-05-15 11:00:00,27.060516,15.738556,894.8691,11.943699,242.56049,49.964146
2022-05-15 12:00:00,26.954071,15.771027,895.0569,11.184381,240.56873,50.382042
2022-05-15 13:00:00,26.697205,15.76767,895.4726,10.282594,237.11966,51.13802
2022-05-15 14:00:00,25.522614,16.15982,896.0504,9.851136,233.2865,56.20607
2022-05-15 15:00:00,24.372406,16.15564,896.654,9.8,230.69232,60.181408
2022-05-15 16:00:00,24.117706,16.20694,897.10583,9.985294,228.97873,61.307686
2022-05-15 17:00:00,23.211517,16.238983,897.22284,10.268088,228.79814,64.87867
2022-05-15 18:00:00,23.0253,16.32608,897.0158,10.507772,229.73384,65.97836
2022-05-15 19:00:00,22.719788,16.219757,896.6062,10.746535,231.47737,66.757164
2022-05-15 20:00:00,22.005432,16.222168,896.1867,10.850441,233.52707,69.73188
2022-05-15 21:00:00,21.832153,16.143036,895.81464,10.800684,235.81097,70.118454
2022-05-15 22:00:00,21.375946,16.119476,895.68616,10.562296,237.90372,71.99424
2022-05-15 23:00:00,21.327515,16.136536,895.69507,10.273039,239.58434,72.28681
2022-05-16 00:00:00,21.6391,16.364716,895.9279,9.84845,240.31667,71.95963
2022-05-16 01:00:00,21.808624,16.38388,896.3667,9.479743,239.54205,71.30499
2022-05-16 02:00:00,23.119415,16.607239,896.815,9.618438,238.77979,66.78763
2022-05-16 03:00:00,23.670593,16.730682,897.09796,9.851991,239.30664,65.111275
2022-05-16 04:00:00,23.962494,16.62973,897.2458,9.941713,240.3525,63.569176
2022-05-16 05:00:00,25.529266,16.666046,897.1554,10.034378,240.9876,58.0232
2022-05-16 06:00:00,26.249786,16.389282,896.808,10.236068,241.49486,54.62937
2022-05-16 07:00:00,26.421906,16.335754,896.195,10.506708,242.11168,53.89316
2022-05-16 08:00:00,27.24588,16.251495,895.4012,10.746224,242.538,51.06886
2022-05-16 09:00:00,27.330078,16.220001,894.5976,10.861481,243.14862,50.715553
2022-05-16 10:00:00,26.548523,16.005096,893.9252,10.464537,244.23434,52.37642
2022-05-16 11:00:00,26.40503,16.022797,893.5405,10.344565,243.13539,52.881218
2022-05-16 12:00:00,26.19516,16.0018,893.5886,9.783517,240.75339,53.468925
2022-05-16 13:00:00,25.97638,15.982239,893.9822,9.067,235.52997,54.097652
2022-05-16 14:00:00,24.856781,16.266266,894.53595,8.797423,230.32353,58.877045
2022-05-16 15:00:00,23.975769,16.260986,895.14545,8.886347,226.90501,62.045757
2022-05-16 16:00:00,23.674072,16.350983,895.573,9.068046,224.44112,63.54512
2022-05-16 17:00:00,22.828949,16.338959,895.79913,9.337721,223.56943,66.8223
2022-05-16 18:00:00,22.616425,16.274292,895.67114,9.642841,223.88048,67.410995
2022-05-16 19:00:00,22.40857,16.281738,895.2877,9.953298,225.23515,68.29989
2022-05-16 20:00:00,21.855682,16.265747,894.8105,10.208396,226.95128,70.56758
2022-05-16 21:00:00,21.627838,16.272034,894.4216,10.3479,229.04755,71.58548
2022-05-16 22:00:00,21.036255,16.149628,894.1756,9.651807,228.91199,73.65173
2022-05-16 23:00:00,20.98349,16.216797,894.27026,9.717576,229.9076,74.20797
2022-05-17 00:00:00,21.36966,16.560974,894.627,9.626588,230.40561,74.075264
2022-05-17 01:00:00,21.424255,16.491638,895.23376,9.526176,230.18942,73.50318
2022-05-17 02:00:00,22.73999,16.793396,895.7432,9.866864,230.18575,69.152435
2022-05-17 03:00:00,22.94519,16.666077,896.12146,10.27508,231.74661,67.74815
2022-05-17 04:00:00,23.219818,16.601929,896.2407,10.492468,233.10321,66.361145
2022-05-17 05:00:00,25.013489,16.671661,896.23047,10.631831,234.23521,59.852856
2022-05-17 06:00:00,25.7966,16.44458,895.91,10.819217,235.26971,56.311863
2022-05-17 07:00:00,26.008698,16.381195,895.3455,10.970818,236.70059,55.385105
2022-05-17 08:00:00,26.843994,16.18512,894.6356,11.018489,238.35541,52.06769
2022-05-17 09:00:00,26.93512,16.118927,894.02026,11.002805,240.14133,51.57137
2022-05-17 10:00:00,26.192352,16.140045,893.3693,10.742288,242.29962,53.951572
2022-05-17 11:00:00,26.029175,16.102234,893.1898,10.38966,242.88612,54.34345
2022-05-17 12:00:00,25.835022,16.048645,893.3337,9.553179,241.35242,54.78414
2022-05-17 13:00:00,25.586151,15.934174,893.7799,8.7349615,236.90553,55.193924
2022-05-17 14:00:00,24.506561,16.31128,894.39667,8.3474655,231.8177,60.294987
2022-05-17 15:00:00,23.619934,16.165009,895.0164,8.326208,227.81114,63.00175
2022-05-17 16:00:00,23.371246,16.17398,895.5352,8.4605,225.06444,63.990192
2022-05-17 17:00:00,22.555908,16.247192,895.81445,8.6609,223.70021,67.54238
2022-05-17 18:00:00,22.415558,16.285675,895.77905,8.929185,223.78323,68.28801
2022-05-17 19:00:00,22.147888,16.253845,895.4919,9.197501,224.73915,69.26877
2022-05-17 20:00:00,21.408783,16.13855,895.16437,9.367943,226.10185,71.93704
2022-05-17 21:00:00,21.190277,16.010223,894.93713,9.41862,227.50325,72.31263
2022-05-17 22:00:00,20.732147,16.016052,894.9786,8.843339,228.97113,74.40536
2022-05-17 23:00:00,20.657318,16.04132,895.081,8.880359,229.32187,74.86967
2022-05-18 00:00:00,21.00653,16.329712,895.4674,8.734917,229.40335,74.63791
2022-05-18 01:00:00,21.05008,16.185516,896.025,8.59038,228.8001,73.7578
2022-05-18 02:00:00,22.437225,16.525574,896.66077,8.834561,228.58098,69.247284
2022-05-18 03:00:00,22.726654,16.518585,897.0918,9.113139,229.49467,68.010864
2022-05-18 04:00:00,23.092072,16.415222,897.2291,9.37079,230.66663,66.08633
2022-05-18 05:00:00,24.592987,16.408081,897.1731,9.591704,231.90746,60.354847
2022-05-18 06:00:00,25.583038,16.339996,896.83374,9.76358,233.59329,56.6514
2022-05-18 07:00:00,25.803833,16.266266,896.3396,9.87064,235.20349,55.652363
2022-05-18 08:00:00,26.766937,16.140259,895.73773,9.969116,236.99292,52.154877
2022-05-18 09:00:00,26.821838,16.043549,895.1152,10.017796,238.71777,51.66694
2022-05-18 10:00:00,26.204712,16.168488,894.5993,9.516862,241.4609,54.010033
2022-05-18 11:00:00,26.079132,16.206726,894.4757,9.269746,241.04445,54.545296
2022-05-18 12:00:00,25.93634,16.174316,894.7921,8.859049,239.19968,54.89462
2022-05-18 13:00:00,25.727875,16.071838,895.2855,8.519869,235.05331,55.21487
2022-05-18 14:00:00,24.636627,16.475006,895.91406,8.493129,231.6513,60.454403
2022-05-18 15:00:00,23.622986,16.323883,896.4531,8.638843,229.148,63.631058
2022-05-18 16:00:00,23.386078,16.383728,896.8656,8.880803,227.76752,64.79289
2022-05-18 17:00:00,22.623535,16.304565,897.04724,9.21224,227.12257,67.51194
2022-05-18 18:00:00,22.411041,16.375824,896.9631,9.52907,227.479,68.69999
2022-05-18 19:00:00,22.21875,16.346771,896.66583,9.83242,228.33498,69.3799
2022-05-18 20:00:00,21.489258,16.202148,896.2643,10.010761,229.76332,71.87423
2022-05-18 21:00:00,21.36029,16.235718,896.0324,10.116305,231.31,72.599335
2022-05-18 22:00:00,20.841522,16.266418,896.16907,9.654252,233.85376,75.0956
2022-05-18 23:00:00,20.789154,16.269897,896.3468,9.661327,234.29465,75.35466
2022-05-19 00:00:00,21.084045,16.473053,896.6754,9.579514,234.56673,74.964134
2022-05-19 01:00:00,21.232147,16.479828,897.1817,9.493564,234.35669,74.31792
2022-05-19 02:00:00,22.590393,16.722412,897.62787,9.624558,234.6232,69.46931
2022-05-19 03:00:00,22.871979,16.683167,898.008,9.86802,235.50012,68.12312
2022-05-19 04:00:00,23.190247,16.464844,898.18384,10.072347,236.7428,65.902954
2022-05-19 05:00:00,24.95346,16.491455,898.02075,10.222986,238.01942,59.383507
2022-05-19 06:00:00,25.74887,16.29535,897.633,10.395405,239.89069,55.937523
2022-05-19 07:00:00,25.935822,16.162415,897.0025,10.583377,241.7414,54.85468
2022-05-19 08:00:00,26.685425,16.019989,896.27484,10.740978,243.7896,52.00513
2022-05-19 09:00:00,26.777802,16.023712,895.576,10.842037,245.28807,51.735443
2022-05-19 10:00:00,26.165771,16.07019,894.8222,10.777117,248.77611,53.796154
2022-05-19 11:00:00,26.057861,16.046936,894.6861,10.529986,247.60655,54.060238
2022-05-19 12:00:00,25.928772,16.042816,894.8486,10.044019,244.83727,54.460506
2022-05-19 13:00:00,25.679413,16.026123,895.20197,9.655368,240.26624,55.212498
2022-05-19 14:00:00,24.59311,16.297455,895.66833,9.541548,235.87976,59.93082
2022-05-19 15:00:00,23.59674,16.175262,896.1771,9.691782,232.7551,63.131107
2022-05-19 16:00:00,23.377472,16.199554,896.5277,9.985827,230.63376,64.07052
2022-05-19 17:00:00,22.605957,16.190796,896.6069,10.3839855,229.77878,67.09588
2022-05-19 18:00:00,22.482635,16.295135,896.42236,10.804735,230.29048,68.051186
2022-05-19 19:00:00,22.315735,16.321655,896.09,11.184863,231.52399,68.86142
2022-05-19 20:00:00,21.566925,16.130493,895.7649,11.486884,232.95728,71.20738
2022-05-19 21:00:00,21.451569,16.210175,895.541,11.673803,234.2482,72.07713
2022-05-19 22:00:00,20.923676,16.14853,895.61804,11.555824,238.19672,74.15786
2022-05-19 23:00:00,20.857727,16.182922,895.79596,11.528011,239.12363,74.62265
2022-05-20 00:00:00,21.184448,16.406921,896.0592,11.452376,240.05109,74.19077
2022-05-20 01:00:00,21.343262,16.419983,896.5413,11.368571,240.48773,73.53287
2022-05-20 02:00:00,22.55957,16.738953,896.9116,11.58189,241.50748,69.67255
2022-05-20 03:00:00,22.823975,16.614899,897.16486,11.865972,242.75024,68.025925
2022-05-20 04:00:00,23.074554,16.524994,897.1411,12.135504,243.79205,66.61991
2022-05-20 05:00:00,24.627228,16.525269,896.92267,12.480339,245.00089,60.682034
2022-05-20 06:00:00,25.331299,16.29538,896.4572,12.799812,246.49936,57.34201
2022-05-20 07:00:00,25.52597,16.249023,895.8624,13.034808,247.64116,56.51528
2022-05-20 08:00:00,26.309143,16.156525,895.15424,13.15906,248.85294,53.636974
2022-05-20 09:00:00,26.391327,16.155518,894.4637,13.196291,249.98804,53.374004
2022-05-20 10:00:00,25.796112,16.107758,893.8608,12.0773945,249.61987,55.118095
2022-05-20 11:00:00,25.71408,16.087463,893.7692,11.998604,248.88367,55.315166
2022-05-20 12:00:00,25.585632,16.126892,893.9765,11.637608,246.90637,55.878704
2022-05-20 13:00:00,25.293274,16.007782,894.2937,11.233951,243.62709,56.427544
2022-05-20 14:00:00,24.349823,16.361664,894.6574,11.038876,240.55353,61.059082
2022-05-20 15:00:00,23.450745,16.263763,895.06476,11.145677,238.48997,64.04943
2022-05-20 16:00:00,23.24002,16.341553,895.3972,11.402044,237.18411,65.19156
2022-05-20 17:00:00,22.4375,16.273438,895.464,11.773779,236.78995,68.14385
2022-05-20 18:00:00,22.241455,16.292267,895.2774,12.196854,237.07611,69.04402
2022-05-20 19:00:00,22.020538,16.218964,894.8714,12.664224,237.9516,69.65344
2022-05-20 20:00:00,21.336243,16.139008,894.4458,13.052087,238.95557,72.25956
2022-05-20 21:00:00,21.172607,16.199463,894.0838,13.303623,240.03944,73.27019
2022-05-20 22:00:00,20.57428,16.036865,893.9557,12.650672,243.84825,75.23235
2022-05-20 23:00:00,20.5242,16.064728,894.06635,12.754448,243.36935,75.59929
2022-05-21 00:00:00,20.82196,16.271332,894.4023,12.780083,242.96126,75.20955
2022-05-21 01:00:00,20.948883,16.225586,894.867,12.753315,242.12076,74.407646
2022-05-21 02:00:00,22.224487,16.490692,895.22943,13.327273,241.84747,69.99374
2022-05-21 03:00:00,22.582733,16.480255,895.4313,13.855452,242.88403,68.44039
2022-05-21 04:00:00,22.857513,16.372131,895.44775,14.205469,243.938,66.847786
2022-05-21 05:00:00,24.537903,16.456085,895.25165,14.4984455,244.8996,60.739243
2022-05-21 06:00:00,25.152649,16.152435,894.8314,14.76197,245.91801,57.42941
2022-05-21 07:00:00,25.343994,16.055817,894.2368,15.000226,247.15579,56.43029
2022-05-21 08:00:00,26.26773,15.840576,893.50037,15.122106,248.27206,52.69471
2022-05-21 09:00:00,26.38565,15.735291,892.80884,15.169176,249.2331,51.978046
2022-05-21 10:00:00,25.857513,15.7699585,892.231,14.026766,251.69818,53.745796
2022-05-21 11:00:00,25.750916,15.773926,891.9874,13.978926,250.5625,54.100132
2022-05-21 12:00:00,25.585999,15.86734,892.0386,13.585743,248.9905,54.95925
2022-05-21 13:00:00,25.386414,15.815918,892.34265,13.026662,246.58374,55.432278
2022-05-21 14:00:00,24.29889,16.158722,892.80334,12.678992,243.7467,60.458958
2022-05-21 15:00:00,23.344543,16.05774,893.2897,12.686214,241.91069,63.619984
2022-05-21 16:00:00,23.123657,16.334106,893.55994,12.799751,240.71417,65.62052
2022-05-21 17:00:00,22.277222,16.216156,893.5876,13.029701,240.17352,68.560616
2022-05-21 18:00:00,22.064697,16.140167,893.342,13.323614,240.0824,69.11813
2022-05-21 19:00:00,21.855621,16.141113,892.93286,13.606632,240.42322,70.00949
2022-05-21 20:00:00,21.141357,16.11966,892.503,13.809216,241.11365,73.03825
2022-05-21 21:00:00,20.984772,16.110992,892.1568,13.934635,241.78984,73.70326
2022-05-21 22:00:00,20.499481,15.944702,892.14764,13.095162,243.69455,75.13674
2022-05-21 23:00:00,20.455536,15.95285,892.2556,13.168978,243.01758,75.379906
2022-05-22 00:00:00,20.770416,16.18039,892.5751,13.213307,242.40787,75.012505
2022-05-22 01:00:00,20.86438,16.092651,892.98083,13.172933,241.37274,74.16399
2022-05-22 02:00:00,22.130005,16.506378,893.3345,13.760589,240.82153,70.4679
2022-05-22 03:00:00,22.4794,16.45169,893.543,14.35293,241.17172,68.74625
2022-05-22 04:00:00,22.782745,16.399963,893.55475,14.702806,241.44275,67.27043
2022-05-22 05:00:00,24.473053,16.440216,893.3435,14.975984,241.76613,60.913902
2022-05-22 06:00:00,25.099854,16.23108,892.8846,15.22314,242.21912,57.899826
2022-05-22 07:00:00,25.323547,16.186798,892.33234,15.475994,242.97688,56.972916
2022-05-22 08:00:00,26.280762,16.108032,891.64655,15.576833,244.07376,53.561054
2022-05-22 09:00:00,26.428528,15.954407,890.979,15.5496435,244.92838,52.5779
2022-05-22 10:00:00,25.794006,16.186584,890.3351,13.871234,245.66396,55.40275
2022-05-22 11:00:00,25.659027,16.164886,890.2137,13.919234,244.97018,55.770798
2022-05-22 12:00:00,25.531769,16.278076,890.48615,13.465052,243.63628,56.600483
2022-05-22 13:00:00,25.288055,16.189758,890.905,12.795987,240.72472,57.104122
2022-05-22 14:00:00,24.297058,16.567657,891.4613,12.374818,237.04156,62.06031
2022-05-22 15:00:00,23.346222,16.34195,892.00995,12.45858,234.60449,64.77643
2022-05-22 16:00:00,23.128174,16.447845,892.4112,12.747564,233.46631,66.07921
2022-05-22 17:00:00,22.46225,16.482025,892.4787,13.025993,233.10898,68.95083
2022-05-22 18:00:00,22.301208,16.522644,892.25336,13.299183,233.4711,69.809395
2022-05-22 19:00:00,22.131989,16.516022,891.915,13.519171,234.366,70.502594
2022-05-22 20:00:00,21.481262,16.516174,891.5973,13.627877,235.74161,73.36143
2022-05-22 21:00:00,21.279266,16.450531,891.4193,13.543348,236.92133,73.96551
2022-05-22 22:00:00,20.725555,16.39569,891.21594,12.727235,238.00427,76.25861
2022-05-22 23:00:00,20.656403,16.430542,891.36127,12.72923,238.19304,76.754105
2022-05-23 00:00:00,20.94513,16.596375,891.7562,12.566893,238.2557,76.20175
2022-05-23 01:00:00,20.990936,16.54895,892.26984,12.569361,237.83997,75.75885
2022-05-23 02:00:00,22.314575,16.876343,892.76483,13.137017,238.1132,71.33685
2022-05-23 03:00:00,22.579437,16.839844,893.12225,13.426974,239.34366,70.03546
2022-05-23 04:00:00,22.869843,16.751953,893.2685,13.384414,239.84634,68.43012
2022-05-23 05:00:00,24.238983,16.857697,893.23047,13.2617235,240.1485,63.434147
2022-05-23 06:00:00,24.922882,16.73117,893.0149,13.204574,240.52463,60.40495
2022-05-23 07:00:00,25.124939,16.687439,892.609,13.141842,241.11346,59.516262
2022-05-23 08:00:00,25.930145,16.69101,892.1147,13.061059,241.94284,56.750053
2022-05-23 09:00:00,26.005737,16.640778,891.6196,12.892766,242.75261,56.316723
2022-05-23 10:00:00,25.37503,16.619965,891.2327,12.236324,244.37402,58.386272
2022-05-23 11:00:00,25.282898,16.61789,891.20764,11.756218,243.85973,58.69933
2022-05-23 12:00:00,24.999207,16.56128,891.5823,11.090953,242.01195,59.485203
2022-05-23 13:00:00,24.780884,16.5766,892.0878,10.328515,238.51831,60.323936
2022-05-23 14:00:00,23.84314,16.872772,892.7065,9.904552,234.41907,65.0222
2022-05-23 15:00:00,22.828064,16.709656,893.29877,9.904449,231.32594,68.41961
2022-05-23 16:00:00,22.548737,16.830719,893.7408,10.105231,229.33478,70.12554
2022-05-23 17:00:00,21.758942,16.901978,893.94727,10.3389845,228.52745,73.914665
2022-05-23 18:00:00,21.496948,16.920166,893.9065,10.55641,228.66438,75.19505
2022-05-23 19:00:00,21.338684,16.915375,893.6493,10.721714,229.23085,75.90442
2022-05-23 20:00:00,20.758759,16.802765,893.4115,10.786639,230.03925,78.0971
2022-05-23 21:00:00,20.673798,16.818787,893.386,10.786326,231.13399,78.58656
2022-05-23 22:00:00,20.164185,16.696503,893.7085,9.677279,230.4489,80.47042
2022-05-23 23:00:00,20.110962,16.731812,894.11163,9.836156,230.90773,80.91694
2022-05-24 00:00:00,20.45102,16.801178,894.6961,9.856464,231.1762,79.584305
2022-05-24 01:00:00,20.524994,16.828949,895.4576,9.9621315,230.69727,79.36169
2022-05-24 02:00:00,21.823212,17.161102,896.1096,10.585761,230.65425,74.84331
2022-05-24 03:00:00,22.15625,17.056152,896.53705,10.97851,231.14328,72.853004
2022-05-24 04:00:00,22.537415,16.94693,896.7859,11.296125,231.06345,70.69271
2022-05-24 05:00:00,24.151672,17.081055,896.8425,11.552239,231.50258,64.676094
2022-05-24 06:00:00,24.868958,16.93103,896.64276,11.689223,232.39197,61.372738
2022-05-24 07:00:00,25.106995,16.886414,896.2608,11.794341,233.67693,60.3369
2022-05-24 08:00:00,26.011292,16.827026,895.7553,11.827935,235.21909,56.96777
2022-05-24 09:00:00,26.0997,16.76471,895.3172,11.814815,236.73251,56.447
2022-05-24 10:00:00,25.681427,16.781006,894.94727,10.780596,238.2883,57.922714
2022-05-24 11:00:00,25.589691,16.752502,894.9853,10.590356,238.00795,58.133633
2022-05-24 12:00:00,25.438599,16.891266,895.26556,10.084208,236.42351,59.176266
2022-05-24 13:00:00,25.22528,17.007599,895.76154,9.63606,233.72476,60.375275
2022-05-24 14:00:00,24.15448,17.225128,896.4232,9.381074,231.5338,65.25736
2022-05-24 15:00:00,23.142944,17.062225,897.122,9.253354,229.96877,68.64538
2022-05-24 16:00:00,22.93811,17.118164,897.6072,9.25108,228.65874,69.74796
2022-05-24 17:00:00,22.157593,17.190613,897.819,9.337719,228.5452,73.46958
2022-05-24 18:00:00,21.896881,17.213501,897.7237,9.465561,229.37704,74.75487
2022-05-24 19:00:00,21.71167,17.16922,897.4397,9.536875,230.79085,75.393715
2022-05-24 20:00:00,20.995636,16.994385,897.1218,9.535428,232.1792,77.90834
2022-05-24 21:00:00,20.824768,16.908264,896.8999,9.404509,233.8906,78.30262
2022-05-24 22:00:00,20.308685,16.8526,896.8058,9.430328,236.86317,80.54898
2022-05-24 23:00:00,20.262787,16.888641,896.9448,9.31838,238.87628,80.9625
2022-05-25 00:00:00,20.807098,17.178009,897.28827,9.138152,240.42189,79.73831
2022-05-25 01:00:00,20.92038,17.178986,897.8878,8.984102,241.75128,79.18957
2022-05-25 02:00:00,22.394836,17.516388,898.4347,9.050888,242.889,73.922386
2022-05-25 03:00:00,22.678558,17.46164,898.7889,9.058152,243.85796,72.40888
2022-05-25 04:00:00,22.99942,17.383514,898.78033,9.041857,244.54276,70.665215
2022-05-25 05:00:00,24.674255,17.46103,898.5477,9.016332,245.42628,64.20732
2022-05-25 06:00:00,25.371979,17.319916,898.0959,9.031934,246.66977,61.045067
2022-05-25 07:00:00,25.532196,17.258453,897.5332,9.100542,248.04788,60.23221
2022-05-25 08:00:00,26.202423,17.122894,896.89795,9.1255865,249.54648,57.393394
2022-05-25 09:00:00,26.322418,17.021942,896.22943,9.117866,250.43622,56.624996
2022-05-25 10:00:00,25.914429,17.021515,895.6771,8.53374,252.82498,58.00602
2022-05-25 11:00:00,25.743958,16.954285,895.50085,8.390688,251.37152,58.3459
2022-05-25 12:00:00,25.626892,16.994904,895.6855,8.068014,248.18149,58.903854
2022-05-25 13:00:00,25.407135,16.97992,896.1418,7.7523355,242.36809,59.62111
2022-05-25 14:00:00,24.240448,17.147125,896.7449,7.666552,236.859,64.60221
2022-05-25 15:00:00,23.364746,16.906982,897.30005,7.741626,232.34729,67.068886
2022-05-25 16:00:00,23.179169,17.022583,897.7103,8.024108,229.26645,68.32351
2022-05-25 17:00:00,22.35196,17.07666,897.8164,8.420992,228.11967,72.08392
2022-05-25 18:00:00,22.129211,17.112183,897.6554,8.901333,228.97804,73.2324
2022-05-25 19:00:00,21.926971,17.10614,897.24927,9.343436,230.7603,74.11261
2022-05-25 20:00:00,21.325226,17.03424,896.82806,9.70341,232.5398,76.54137
2022-05-25 21:00:00,21.102966,16.968842,896.50305,9.900572,234.30618,77.271286
2022-05-25 22:00:00,20.634888,17.002716,896.3389,9.305923,239.36743,79.69899
2022-05-25 23:00:00,20.588776,16.990234,896.5229,9.472534,239.80392,79.862625
2022-05-26 00:00:00,21.00003,17.163788,896.9007,9.588055,240.4932,78.72711
2022-05-26 01:00:00,21.09439,17.130005,897.45044,9.754197,240.95291,78.10503
2022-05-26 02:00:00,22.520935,17.466766,897.85077,10.310964,241.79669,73.128716
2022-05-26 03:00:00,22.816101,17.432953,898.1611,10.775388,242.57849,71.67757
2022-05-26 04:00:00,23.085815,17.315582,898.1692,11.113019,243.31485,69.99575
2022-05-26 05:00:00,24.60254,17.326935,897.9394,11.38028,244.36916,63.93941
2022-05-26 06:00:00,25.524414,17.15805,897.5051,11.685799,245.60123,59.8786
2022-05-26 07:00:00,25.675507,17.100677,896.8748,11.984763,247.09302,59.128933
2022-05-26 08:00:00,26.345581,17.00418,896.23224,12.22787,248.74353,56.48403
2022-05-26 09:00:00,26.397827,16.909302,895.5335,12.334787,250.33002,55.9726
2022-05-26 10:00:00,25.787415,16.924164,894.89453,11.699222,251.59657,58.084774
2022-05-26 11:00:00,25.674133,16.974518,894.698,11.515606,251.81897,58.663166
2022-05-26 12:00:00,25.438568,16.988525,894.8053,11.077566,249.75784,59.542267
2022-05-26 13:00:00,25.216766,16.985992,895.2146,10.614752,246.11363,60.323273
2022-05-26 14:00:00,24.227936,17.138214,895.7283,10.318129,242.54745,64.61424
2022-05-26 15:00:00,23.248932,16.87149,896.30774,10.335828,239.8215,67.38776
2022-05-26 16:00:00,23.055328,16.891327,896.71313,10.600592,237.68472,68.26689
2022-05-26 17:00:00,22.374176,17.010406,896.8645,10.990938,236.86963,71.6852
2022-05-26 18:00:00,22.182312,17.048645,896.6403,11.4357815,237.08334,72.7029
2022-05-26 19:00:00,22.002838,17.058624,896.20233,11.898932,237.81665,73.54886
2022-05-26 20:00:00,21.353455,16.906921,895.71344,12.178396,239.12566,75.79513
2022-05-26 21:00:00,21.151123,16.925446,895.41187,12.351354,240.61755,76.83161
2022-05-26 22:00:00,20.747345,16.884277,895.2518,11.931287,242.3847,78.55705
2022-05-26 23:00:00,20.71756,16.875305,895.39935,12.117475,243.033,78.65648
2022-05-27 00:00:00,21.164276,17.006073,895.7062,12.15915,243.83208,77.16285
2022-05-27 01:00:00,21.18283,16.952576,896.19617,12.121787,244.80447,76.814255
2022-05-27 02:00:00,22.389557,17.206482,896.65784,12.5925665,246.05931,72.51255
2022-05-27 03:00:00,22.700226,17.142242,897.0312,13.022497,247.42416,70.8687
2022-05-27 04:00:00,23.007019,17.095825,897.1205,13.318623,248.64742,69.35949
2022-05-27 05:00:00,24.65863,17.243622,896.9673,13.518363,249.98831,63.390636
2022-05-27 06:00:00,25.407104,17.050446,896.58203,13.693362,251.51518,59.88811
2022-05-27 07:00:00,25.623627,16.994751,896.02325,13.879622,253.13322,58.91471
2022-05-27 08:00:00,26.484192,16.894287,895.3247,14.013119,254.78883,55.635216
2022-05-27 09:00:00,26.638824,16.83551,894.57135,14.050786,256.34946,54.92542
2022-05-27 10:00:00,25.982574,16.937042,893.81995,13.052073,256.25537,57.464115
2022-05-27 11:00:00,25.89795,16.918793,893.5875,12.73736,255.66388,57.68597
2022-05-27 12:00:00,25.767303,16.944855,893.6796,12.124223,253.49773,58.230392
2022-05-27 13:00:00,25.496796,16.947388,893.9602,11.384881,249.41156,59.182175
2022-05-27 14:00:00,24.490875,17.18274,894.4571,10.955554,245.24124,63.783844
2022-05-27 15:00:00,23.46402,16.98291,894.9687,10.93476,241.89362,66.98997
2022-05-27 16:00:00,23.222076,17.043304,895.3921,11.116069,239.64868,68.23607
2022-05-27 17:00:00,22.426361,17.086914,895.53107,11.389476,238.6134,71.805176
2022-05-27 18:00:00,22.183899,17.0867,895.3384,11.743572,238.43332,72.87125
2022-05-27 19:00:00,21.919891,17.025604,894.8873,12.0877075,238.51079,73.767494
2022-05-27 20:00:00,21.287415,17.003143,894.46735,12.3703575,238.99835,76.568
2022-05-27 21:00:00,21.148743,17.004059,894.199,12.568031,239.98926,77.22656
2022-05-27 22:00:00,20.888031,17.044098,894.1394,11.593523,241.8244,78.67269
2022-05-27 23:00:00,20.821777,17.026367,894.27405,11.902441,241.78448,78.905304
2022-05-28 00:00:00,21.257782,17.204468,894.64703,12.050259,242.17462,77.69102
2022-05-28 01:00:00,21.361176,17.201233,895.2036,12.298749,242.61224,77.18439
2022-05-28 02:00:00,22.623291,17.51825,895.77905,12.940644,244.12563,72.91217
2022-05-28 03:00:00,22.914276,17.476135,896.1329,13.365416,246.0646,71.44704
2022-05-28 04:00:00,23.235535,17.43045,896.19745,13.526513,247.4946,69.870255
2022-05-28 05:00:00,24.92453,17.428375,896.0884,13.634756,248.17482,63.124664
2022-05-28 06:00:00,25.632233,17.23175,895.7327,13.825701,248.7168,59.77458
2022-05-28 07:00:00,25.790802,17.194855,895.1802,14.062344,249.27011,59.077053
2022-05-28 08:00:00,26.7583,17.109314,894.5644,14.289828,250.13287,55.49486
2022-05-28 09:00:00,26.83377,17.015625,893.95166,14.3841305,251.05347,54.922234
2022-05-28 10:00:00,26.363861,16.919067,893.4055,13.1059475,253.21634,56.119644
2022-05-28 11:00:00,26.32666,16.927704,893.25635,12.827385,251.37437,56.2738
2022-05-28 12:00:00,26.191864,16.972229,893.425,12.266681,248.52493,56.88393
2022-05-28 13:00:00,25.977814,17.063171,893.7796,11.656649,243.7209,57.941414
2022-05-28 14:00:00,24.7995,17.326782,894.3549,11.398737,239.42587,63.190685
2022-05-28 15:00:00,23.772064,17.137787,894.9524,11.508351,236.64682,66.406296
2022-05-28 16:00:00,23.538849,17.197357,895.41266,11.745416,235.52643,67.59986
2022-05-28 17:00:00,22.656921,17.135132,895.6141,12.052577,235.41089,71.02316
2022-05-28 18:00:00,22.503113,17.168701,895.5101,12.341539,236.0125,71.841934
2022-05-28 19:00:00,22.349762,17.181244,895.1732,12.564146,236.93759,72.57229
2022-05-28 20:00:00,21.60904,17.033325,894.7855,12.67135,238.45575,75.21846
2022-05-28 21:00:00,21.469086,16.990326,894.476,12.709532,240.08191,75.65906
2022-05-28 22:00:00,21.12738,17.061798,894.20197,12.077389,244.45613,77.61117
2022-05-28 23:00:00,21.08496,17.023865,894.36127,11.985468,244.27982,77.62687
2022-05-29 00:00:00,21.38977,17.271057,894.7557,11.862053,244.31207,77.390205
2022-05-29 01:00:00,21.5307,17.29779,895.3162,11.838822,243.68983,76.855034
2022-05-29 02:00:00,22.916016,17.708374,895.8019,12.363067,243.13016,72.4934
2022-05-29 03:00:00,23.361053,17.6456,896.1259,12.963199,243.3699,70.290276
2022-05-29 04:00:00,23.67456,17.550201,896.21466,13.420571,244.0729,68.56054
2022-05-29 05:00:00,25.374664,17.612396,896.09143,13.676816,244.87592,62.172596
2022-05-29 06:00:00,26.026276,17.42688,895.7014,13.8413,245.7064,59.11952
2022-05-29 07:00:00,26.223877,17.347778,895.1532,14.007064,246.59232,58.141624
2022-05-29 08:00:00,27.027039,17.254517,894.5643,14.120881,247.58475,55.129044
2022-05-29 09:00:00,27.140594,17.206207,894.0577,14.105783,248.52287,54.595726
2022-05-29 10:00:00,26.573517,17.054626,893.3995,13.257067,250.55974,55.90813
2022-05-29 11:00:00,26.421814,17.01883,893.34155,12.794921,250.15833,56.2827
2022-05-29 12:00:00,26.209473,17.04303,893.56323,11.990157,248.65164,57.080173
2022-05-29 13:00:00,25.947662,17.099915,894.0005,11.074313,245.04059,58.1801
2022-05-29 14:00:00,24.79889,17.38498,894.5221,10.495547,241.06438,63.42574
2022-05-29 15:00:00,23.827026,17.22342,895.0553,10.360952,238.07826,66.546585
2022-05-29 16:00:00,23.62381,17.30954,895.4227,10.464091,236.0304,67.73337
2022-05-29 17:00:00,22.816345,17.262054,895.594,10.730477,235.24416,70.90678
2022-05-29 18:00:00,22.613678,17.258179,895.4162,11.041693,235.31958,71.76619
2022-05-29 19:00:00,22.443573,17.310852,895.1092,11.331407,236.08688,72.75332
2022-05-29 20:00:00,21.828278,17.284027,894.71655,11.501854,237.33542,75.40405
2022-05-29 21:00:00,21.696625,17.255157,894.4417,11.544397,238.8562,75.874344
2022-05-29 22:00:00,21.28836,17.180298,894.3488,10.683065,239.3576,77.42701
2022-05-29 23:00:00,21.229034,17.20636,894.4857,10.774707,240.09662,77.83742
2022-05-30 00:00:00,21.60907,17.488068,894.8269,10.713461,240.35892,77.41213
2022-05-30 01:00:00,21.68808,17.414825,895.37787,10.768438,239.90228,76.683716
2022-05-30 02:00:00,23.067749,17.715393,895.8513,11.366703,240.16455,71.86246
2022-05-30 03:00:00,23.361542,17.616058,896.1431,11.961452,241.2149,70.15742
2022-05-30 04:00:00,23.707367,17.53003,896.2314,12.350878,242.43668,68.33825
2022-05-30 05:00:00,25.355164,17.548248,896.094,12.668724,243.34273,61.9934
2022-05-30 06:00:00,26.050934,17.361359,895.7198,12.996755,244.41805,58.789547
2022-05-30 07:00:00,26.23639,17.289093,895.16,13.230193,245.74753,57.883602
2022-05-30 08:00:00,27.205994,17.141296,894.5393,13.421321,247.42969,54.163776
2022-05-30 09:00:00,27.31726,17.042358,893.91565,13.459594,249.32712,53.47563
2022-05-30 10:00:00,26.601044,16.82724,893.31476,12.205388,251.60002,55.018913
2022-05-30 11:00:00,26.487946,16.834991,893.17505,12.124004,251.0741,55.41414
2022-05-30 12:00:00,26.32373,16.914978,893.3476,11.659418,249.26096,56.238155
2022-05-30 13:00:00,25.942688,16.9516,893.7456,10.974559,245.73499,57.65311
2022-05-30 14:00:00,24.860413,17.204071,894.3766,10.521535,242.11128,62.474762
2022-05-30 15:00:00,23.993652,17.119751,894.93555,10.419903,239.46884,65.45272
2022-05-30 16:00:00,23.697266,17.215454,895.3839,10.545455,237.88321,67.034485
2022-05-30 17:00:00,22.907867,17.254211,895.5589,10.747649,237.68112,70.47976
2022-05-30 18:00:00,22.69339,17.273926,895.44495,11.002103,238.11847,71.49103
2022-05-30 19:00:00,22.489655,17.267517,895.1322,11.267588,239.11276,72.35145
2022-05-30 20:00:00,21.83014,17.201721,894.7101,11.456936,240.44435,75.00413
2022-05-30 21:00:00,21.732727,17.233765,894.3209,11.523377,242.40231,75.604805
2022-05-30 22:00:00,21.177551,17.047394,894.19116,10.865816,245.50204,77.30204
2022-05-30 23:00:00,21.115479,17.072693,894.286,10.97654,245.34698,77.7215
2022-05-31 00:00:00,21.468994,17.337006,894.6346,10.921985,245.29675,77.33728
2022-05-31 01:00:00,21.705872,17.416077,895.0881,10.935693,244.87546,76.606415
2022-05-31 02:00:00,23.120972,17.728088,895.525,11.475567,245.08768,71.68883
2022-05-31 03:00:00,23.464355,17.574036,895.8,11.940558,246.17969,69.53904
2022-05-31 04:00:00,23.856323,17.538788,895.923,12.231063,247.03293,67.76592
2022-05-31 05:00:00,25.614044,17.506073,895.8027,12.542295,247.60837,60.88506
2022-05-31 06:00:00,26.331177,17.155518,895.4943,12.876281,248.05283,57.076317
2022-05-31 07:00:00,26.564117,17.048798,894.92615,13.205537,248.53423,55.918457
2022-05-31 08:00:00,27.419464,16.908875,894.3042,13.462648,249.27118,52.70875
2022-05-31 09:00:00,27.483307,16.805359,893.6053,13.614293,250.4023,52.16851
2022-05-31 10:00:00,26.783691,16.759338,892.9363,12.670773,251.3699,54.19643
2022-05-31 11:00:00,26.565796,16.64746,892.75214,12.693155,251.3222,54.50772
2022-05-31 12:00:00,26.377045,16.643433,892.9983,12.081074,249.64828,55.10376
2022-05-31 13:00:00,26.145752,16.771881,893.50085,11.3169,245.97217,56.31911
2022-05-31 14:00:00,25.04361,17.05072,894.16455,10.836796,242.65869,61.199062
2022-05-31 15:00:00,24.085358,16.98825,894.7651,10.72126,240.19028,64.5535
2022-05-31 16:00:00,23.838837,17.061737,895.22156,10.755477,238.48541,65.82247
2022-05-31 17:00:00,23.010864,17.112854,895.407,10.882658,237.66171,69.41813
2022-05-31 18:00:00,22.771088,17.15506,895.3324,11.069136,237.7464,70.62207
2022-05-31 19:00:00,22.506561,17.096283,895.0465,11.278385,238.51846,71.498474
2022-05-31 20:00:00,21.830383,17.02826,894.67377,11.383015,239.90347,74.18409
2022-05-31 21:00:00,21.698517,17.012115,894.3597,11.352011,241.60367,74.70766
2022-05-31 22:00:00,21.194824,16.91568,894.1421,10.634875,244.54686,76.57843
2022-05-31 23:00:00,21.149506,16.953125,894.2239,10.481933,245.36244,76.97417
2022-06-01 00:00:00,21.559387,17.103088,894.5313,10.253559,245.41501,75.781265
2022-06-01 01:00:00,21.819427,17.158936,895.0614,10.113327,245.0799,74.850365
2022-06-01 02:00:00,23.201965,17.401337,895.5228,10.52475,244.92479,69.88352
2022-06-01 03:00:00,23.52658,17.275635,895.8872,10.92759,245.70169,67.98556
2022-06-01 04:00:00,23.901062,17.22583,896.06506,11.124769,246.24646,66.2611
2022-06-01 05:00:00,25.701324,17.239807,896.00745,11.310087,246.70673,59.560394
2022-06-01 06:00:00,26.464783,16.99588,895.6676,11.510288,247.46428,56.05868
2022-06-01 07:00:00,26.678192,16.90805,895.127,11.777839,248.38438,55.05085
2022-06-01 08:00:00,27.536865,16.573761,894.4793,12.002412,249.1575,51.246037
2022-06-01 09:00:00,27.665466,16.44516,893.84766,12.154467,249.85228,50.447853
2022-06-01 10:00:00,26.988739,16.368317,893.20825,11.134255,253.75531,52.232597
2022-06-01 11:00:00,26.896149,16.40332,893.16626,10.960942,252.74101,52.634716
2022-06-01 12:00:00,26.728577,16.420776,893.4265,10.361797,249.80069,53.215187
2022-06-01 13:00:00,26.451294,16.509949,893.93134,9.682213,244.93414,54.399437
2022-06-01 14:00:00,25.198456,16.772003,894.5916,9.358518,241.36345,59.575237
2022-06-01 15:00:00,24.18747,16.625977,895.15967,9.297442,238.51859,62.70141
2022-06-01 16:00:00,23.91803,16.778198,895.58374,9.412175,236.2086,64.34296
2022-06-01 17:00:00,23.091705,16.763763,895.73486,9.637742,234.81053,67.567894
2022-06-01 18:00:00,22.931488,16.831451,895.66583,9.933913,234.68051,68.519844
2022-06-01 19:00:00,22.709259,16.842346,895.3859,10.208814,235.51917,69.49692
2022-06-01 20:00:00,22.024994,16.758728,895.0477,10.34897,236.91354,72.066414
2022-06-01 21:00:00,21.84726,16.7966,894.80133,10.381102,238.47403,73.02738
2022-06-01 22:00:00,21.451569,16.7276,894.67896,9.699159,241.43213,74.48879
2022-06-01 23:00:00,21.277344,16.632874,894.7541,9.745043,242.08685,74.8367
2022-06-02 00:00:00,21.720062,16.954132,895.0117,9.639614,241.90266,74.33579
2022-06-02 01:00:00,21.922607,16.96875,895.45056,9.739474,241.24239,73.49011
2022-06-02 02:00:00,23.401062,17.235657,895.9016,10.310903,241.43863,68.32924
2022-06-02 03:00:00,23.704376,17.081055,896.1956,10.936437,243.31396,66.438385
2022-06-02 04:00:00,24.033112,16.968353,896.2361,11.311606,245.24454,64.67474
2022-06-02 05:00:00,25.897308,16.846802,896.07764,11.480598,246.78598,57.425457
2022-06-02 06:00:00,26.634705,16.546814,895.76416,11.639409,248.1101,53.940784
2022-06-02 07:00:00,26.845642,16.458893,895.2743,11.772271,249.30121,52.97823
2022-06-02 08:00:00,27.728577,16.188538,894.7054,11.882335,250.10397,49.447433
2022-06-02 09:00:00,27.83899,16.020233,894.0722,11.965527,250.97888,48.604984
2022-06-02 10:00:00,27.161957,16.119934,893.3806,11.703493,253.74667,50.89227
2022-06-02 11:00:00,27.067719,16.09964,893.34674,11.460017,253.69,51.108337
2022-06-02 12:00:00,26.918182,16.159271,893.4567,10.816825,251.79297,51.755722
2022-06-02 13:00:00,26.493164,16.020966,893.8753,10.01903,247.71925,52.600883
2022-06-02 14:00:00,25.344635,16.403992,894.41656,9.52688,244.27213,57.69413
2022-06-02 15:00:00,24.381897,16.270874,894.9363,9.344162,241.69638,60.59056
2022-06-02 16:00:00,24.145874,16.376953,895.2058,9.299023,239.61856,61.8705
2022-06-02 17:00:00,23.12796,16.40326,895.29736,9.369732,238.40671,65.89288
2022-06-02 18:00:00,22.914368,16.41455,895.1705,9.496096,237.80843,66.79805
2022-06-02 19:00:00,22.670197,16.474213,894.93195,9.67294,237.80585,68.05188
2022-06-02 20:00:00,21.95755,16.402771,894.58655,9.778231,238.36118,70.74482
2022-06-02 21:00:00,21.743347,16.35913,894.31085,9.777701,239.23972,71.47717
2022-06-02 22:00:00,21.160706,16.25763,894.2271,9.215569,240.22711,73.59599
2022-06-02 23:00:00,21.113861,16.270325,894.3261,9.269671,240.03403,73.867645
2022-06-03 00:00:00,21.544037,16.673035,894.6234,9.205789,239.64195,73.8122
2022-06-03 01:00:00,21.660034,16.631775,895.0705,9.20764,238.69373,73.09855
2022-06-03 02:00:00,23.155792,16.83731,895.4614,9.611558,239.32211,67.621376
2022-06-03 03:00:00,23.487213,16.73581,895.78186,10.058833,240.4667,65.85621
2022-06-03 04:00:00,23.861847,16.596375,895.9462,10.480872,241.55142,63.819546
2022-06-03 05:00:00,25.770355,16.575195,895.8579,10.862779,242.53824,56.869907
2022-06-03 06:00:00,26.520355,16.24112,895.5503,11.162808,243.80359,53.259163
2022-06-03 07:00:00,26.779236,16.10849,895.06464,11.392767,244.82133,52.01164
2022-06-03 08:00:00,27.803223,15.807648,894.52454,11.63836,245.85492,48.049633
2022-06-03 09:00:00,27.944946,15.649261,894.02826,11.7793865,246.91791,47.17343
2022-06-03 10:00:00,27.30484,15.807831,893.5137,10.790981,247.44849,49.471794
2022-06-03 11:00:00,27.250763,15.77533,893.46173,10.678981,246.32697,49.525856
2022-06-03 12:00:00,27.146454,15.789459,893.58417,10.143232,243.09026,49.87484
2022-06-03 13:00:00,26.85788,15.644012,893.9857,9.575999,238.19684,50.25764
2022-06-03 14:00:00,25.550049,16.234283,894.56714,9.26622,234.00414,56.381535
2022-06-03 15:00:00,24.464294,16.126862,895.1514,9.260681,231.47046,59.74142
2022-06-03 16:00:00,24.220947,16.240906,895.5189,9.354222,229.86633,61.06116
2022-06-03 17:00:00,23.207672,16.230896,895.58514,9.540271,229.41338,64.86032
2022-06-03 18:00:00,23.081268,16.336151,895.4387,9.708543,229.77544,65.797516
2022-06-03 19:00:00,22.853363,16.319305,895.1269,9.864674,230.87999,66.640076
2022-06-03 20:00:00,22.191772,16.362885,894.8565,9.986697,232.22006,69.56528
2022-06-03 21:00:00,22.074524,16.407257,894.67755,10.005028,233.60252,70.26209
2022-06-03 22:00:00,21.442291,16.404053,894.5904,9.201494,236.58835,73.0141
2022-06-03 23:00:00,21.340271,16.402985,894.6758,9.170096,235.16968,73.46683
2022-06-04 00:00:00,21.723846,16.69519,895.0143,9.028961,233.8323,73.10787
2022-06-04 01:00:00,21.8833,16.671844,895.4986,9.027989,231.89519,72.29213
2022-06-04 02:00:00,23.275635,16.91632,895.92664,9.494553,232.06114,67.47064
2022-06-04 03:00:00,23.680481,16.891327,896.2101,9.886707,233.63635,65.739075
2022-06-04 04:00:00,24.040771,16.803162,896.30225,10.152548,234.58539,63.97146
2022-06-04 05:00:00,25.957428,16.792572,896.1836,10.3520355,235.44252,57.02489
2022-06-04 06:00:00,26.708496,16.380768,895.83234,10.532157,236.37997,53.142635
2022-06-04 07:00:00,26.957611,16.263092,895.41187,10.680423,237.38124,51.978737
2022-06-04 08:00:00,27.999054,16.023193,894.82404,10.768303,238.4545,48.1623
2022-06-04 09:00:00,28.032227,15.866211,894.23346,10.742383,239.71526,47.589706
2022-06-04 10:00:00,27.482483,15.995636,893.74097,10.467919,241.6081,49.550674
2022-06-04 11:00:00,27.395203,15.993927,893.73126,10.045793,240.82706,49.79911
2022-06-04 12:00:00,27.261444,16.055908,893.9794,9.415843,237.4862,50.389946
2022-06-04 13:00:00,26.929382,15.979889,894.3583,8.799828,231.89243,51.133068
2022-06-04 14:00:00,25.699951,16.417603,894.86584,8.5173025,227.04944,56.538338
2022-06-04 15:00:00,24.550293,16.18283,895.40393,8.47535,223.72336,59.647243
2022-06-04 16:00:00,24.304749,16.249878,895.7913,8.6064625,221.5149,60.789906
2022-06-04 17:00:00,23.41986,16.430176,895.88257,8.815286,220.6694,64.85235
2022-06-04 18:00:00,23.232208,16.493256,895.7648,9.081387,220.93762,65.854965
2022-06-04 19:00:00,22.980316,16.514008,895.45917,9.313854,222.21388,66.9541
2022-06-04 20:00:00,22.23236,16.547852,895.14734,9.464889,223.86417,70.214935
2022-06-04 21:00:00,22.13855,16.61789,894.9291,9.489477,225.20207,70.93218
2022-06-04 22:00:00,21.607788,16.533142,894.7693,9.166072,226.82361,72.87423
2022-06-04 23:00:00,21.535461,16.57956,894.945,9.052749,226.7451,73.41366
2022-06-05 00:00:00,21.85794,16.920258,895.32263,8.942521,225.88649,73.55432
2022-06-05 01:00:00,22.042725,16.920166,895.76373,8.963069,224.07727,72.72944
2022-06-05 02:00:00,23.399109,17.232422,896.19476,9.480758,223.7395,68.32331
2022-06-05 03:00:00,23.788055,17.154968,896.51526,10.000599,225.08511,66.41461
2022-06-05 04:00:00,24.157654,17.052216,896.67194,10.493787,227.21307,64.53493
2022-06-05 05:00:00,26.063202,17.075378,896.5881,10.886101,229.40594,57.693977
2022-06-05 06:00:00,26.817322,16.732544,896.2622,11.201796,231.64034,53.99741
2022-06-05 07:00:00,27.045502,16.61319,895.7392,11.4871025,233.61713,52.875793
2022-06-05 08:00:00,28.054657,16.399261,895.13916,11.623241,235.29799,49.170944
2022-06-05 09:00:00,28.19046,16.25885,894.5608,11.618843,236.93756,48.349247
2022-06-05 10:00:00,27.576447,16.398926,894.0344,11.1843195,241.53876,50.562172
2022-06-05 11:00:00,27.46579,16.318573,893.96234,10.662673,241.06052,50.630974
2022-06-05 12:00:00,27.265594,16.264252,894.1926,9.909881,238.85947,51.05135
2022-06-05 13:00:00,26.986633,16.289856,894.58954,9.118306,234.55846,51.978714
2022-06-05 14:00:00,25.73294,16.61615,895.0799,8.683635,230.3254,57.14472
2022-06-05 15:00:00,24.531158,16.44284,895.56104,8.5439625,227.3229,60.712593
2022-06-05 16:00:00,24.260956,16.566284,895.9277,8.648817,224.82669,62.189358
2022-06-05 17:00:00,23.310608,16.597351,896.0591,8.8621855,223.7206,65.97902
2022-06-05 18:00:00,23.089264,16.6297,895.9189,9.099213,224.08142,67.00507
2022-06-05 19:00:00,22.882477,16.656769,895.6116,9.374663,225.53539,67.96577
2022-06-05 20:00:00,22.0997,16.609863,895.2852,9.557208,226.8558,71.06404
2022-06-05 21:00:00,21.935883,16.589905,895.03815,9.587344,227.86952,71.686424
2022-06-05 22:00:00,21.428192,16.413757,894.89966,9.188223,229.01073,73.122314
2022-06-05 23:00:00,21.35379,16.49411,894.9476,9.2308235,229.16441,73.83277
2022-06-06 00:00:00,21.591095,16.725494,895.2319,9.137817,228.68378,73.84556
2022-06-06 01:00:00,21.799011,16.757172,895.7579,9.124876,226.89801,73.059814
2022-06-06 02:00:00,23.32425,17.218506,896.25415,9.591232,226.61568,68.57236
2022-06-06 03:00:00,23.704498,17.14273,896.54193,10.08678,227.5047,66.697754
2022-06-06 04:00:00,24.09555,17.041962,896.6895,10.558894,228.65497,64.733864
2022-06-06 05:00:00,25.971832,17.131744,896.5795,11.015247,229.97,58.21406
2022-06-06 06:00:00,26.865326,16.814728,896.2411,11.497352,231.89978,54.12672
2022-06-06 07:00:00,27.144775,16.684204,895.70044,11.927849,234.08844,52.80621
2022-06-06 08:00:00,28.129639,16.460266,895.10376,12.229462,236.33725,49.146957
2022-06-06 09:00:00,28.24939,16.319672,894.52423,12.357474,238.55237,48.370674
2022-06-06 10:00:00,27.458008,16.371307,893.94415,11.862901,242.71292,50.82439
2022-06-06 11:00:00,27.417389,16.294647,893.7658,11.66113,243.91968,50.697357
2022-06-06 12:00:00,27.251099,16.264496,893.9705,11.064624,242.62369,51.09554
2022-06-06 13:00:00,27.033936,16.32077,894.3594,10.270267,238.59671,51.936638
2022-06-06 14:00:00,25.80658,16.812958,894.9295,9.826358,234.59656,57.611137
2022-06-06 15:00:00,24.784363,16.672638,895.4098,9.790043,231.58063,60.680496
2022-06-06 16:00:00,24.552917,16.796326,895.72186,9.9927225,229.50964,62.01072
2022-06-06 17:00:00,23.65451,16.879517,895.88446,10.279648,228.6418,65.79271
2022-06-06 18:00:00,23.444061,16.949371,895.77576,10.577097,228.62506,66.92826
2022-06-06 19:00:00,23.24466,17.088165,895.43774,10.843153,229.58832,68.33685
2022-06-06 20:00:00,22.439575,16.903473,895.0359,11.066343,230.62257,70.91856
2022-06-06 21:00:00,22.29654,16.9469,894.7784,11.178791,231.80746,71.7353
2022-06-06 22:00:00,21.62204,16.755249,894.5643,10.814717,234.2392,73.84528
2022-06-06 23:00:00,21.518188,16.752106,894.65936,10.89473,234.3461,74.30109
2022-06-07 00:00:00,21.964294,17.10019,894.9869,10.775243,233.9938,73.916176
2022-06-07 01:00:00,22.072815,17.029572,895.4803,10.773116,233.14688,73.10114
2022-06-07 02:00:00,23.381958,17.373413,895.96674,11.26077,233.79051,69.006226
2022-06-07 03:00:00,23.857391,17.228973,896.26483,11.774234,235.5546,66.44852
2022-06-07 04:00:00,24.285797,17.131989,896.34607,12.129657,237.21655,64.36512
2022-06-07 05:00:00,26.072754,17.163269,896.18286,12.455822,238.67255,57.983017
2022-06-07 06:00:00,26.833069,16.864899,895.8493,12.7829895,239.85785,54.40232
2022-06-07 07:00:00,27.075165,16.775208,895.34564,13.10961,240.94968,53.329605
2022-06-07 08:00:00,28.118378,16.581482,894.8487,13.372696,241.89993,49.55972
2022-06-07 09:00:00,28.22293,16.470123,894.39484,13.5304785,243.08948,48.911343
2022-06-07 10:00:00,27.563843,16.400208,893.99884,13.190832,245.09222,50.60358
2022-06-07 11:00:00,27.495575,16.32898,894.0375,13.028962,245.34184,50.576298
2022-06-07 12:00:00,27.329742,16.2695,894.2557,12.490364,244.24135,50.876762
2022-06-07 13:00:00,27.11499,16.156128,894.68646,11.670573,240.73312,51.150642
2022-06-07 14:00:00,25.85083,16.852814,895.1928,11.139275,237.61514,57.605724
2022-06-07 15:00:00,24.842773,16.816437,895.65607,11.048166,235.45856,61.02369
2022-06-07 16:00:00,24.618896,16.90393,895.97284,11.187247,233.95918,62.18946
2022-06-07 17:00:00,23.812592,16.860565,896.0529,11.408648,233.48822,65.091385
2022-06-07 18:00:00,23.560028,16.923584,895.82056,11.664942,233.8483,66.3534
2022-06-07 19:00:00,23.369873,16.98529,895.4481,11.836204,234.76028,67.3817
2022-06-07 20:00:00,22.64563,16.98349,895.06744,11.940163,235.99847,70.3927
2022-06-07 21:00:00,22.495148,17.044495,894.8136,11.962207,237.34769,71.31386
2022-06-07 22:00:00,22.065857,17.079773,894.84155,11.60918,236.5755,73.365
2022-06-07 23:00:00,22.021942,17.112152,894.915,11.681923,237.88507,73.712585
2022-06-08 00:00:00,22.32129,17.3461,895.262,11.567663,238.57034,73.459694
2022-06-08 01:00:00,22.434906,17.225555,895.72144,11.482531,238.87827,72.40019
2022-06-08 02:00:00,23.684052,17.655945,896.1178,11.871599,240.2987,68.9798
2022-06-08 03:00:00,24.060333,17.529633,896.33185,12.240315,242.67014,66.90164
2022-06-08 04:00:00,24.386078,17.45343,896.3515,12.408323,244.92416,65.29268
2022-06-08 05:00:00,26.000153,17.546692,896.16693,12.526318,246.55786,59.660385
2022-06-08 06:00:00,26.739258,17.296173,895.7484,12.631324,247.34894,56.217575
2022-06-08 07:00:00,26.958527,17.204468,895.16046,12.781676,247.75813,55.176483
2022-06-08 08:00:00,27.774506,16.978455,894.5228,12.911374,248.05331,51.853733
2022-06-08 09:00:00,27.882477,16.843994,893.90784,12.923373,248.54263,51.090557
2022-06-08 10:00:00,27.342377,16.789825,893.39484,12.383841,247.65897,52.549026
2022-06-08 11:00:00,27.282318,16.772614,893.3059,12.081051,247.26486,52.67675
2022-06-08 12:00:00,27.139435,16.779236,893.4378,11.472527,244.82297,53.142387
2022-06-08 13:00:00,26.866547,16.812408,893.8211,10.774657,239.99689,54.11488
2022-06-08 14:00:00,25.78717,17.028198,894.3515,10.408533,234.9188,58.469765
2022-06-08 15:00:00,24.845978,16.95935,894.90485,10.484097,231.4281,61.56738
2022-06-08 16:00:00,24.602356,17.095917,895.24084,10.733972,229.29678,63.012695
2022-06-08 17:00:00,23.734314,17.138458,895.32275,11.067528,228.39815,66.56016
2022-06-08 18:00:00,23.544098,17.124146,895.0857,11.422858,228.36118,67.26618
2022-06-08 19:00:00,23.326721,17.14328,894.73193,11.754459,228.81306,68.236626
2022-06-08 20:00:00,22.496399,17.071411,894.3741,11.91908,229.63329,71.43005
2022-06-08 21:00:00,22.35019,17.09607,894.1475,11.959731,230.49089,72.18032
2022-06-08 22:00:00,21.87085,17.106354,893.9567,11.131389,231.64153,74.36784
2022-06-08 23:00:00,21.81427,17.125183,894.0201,11.302117,231.02829,74.71419
2022-06-09 00:00:00,22.12207,17.334412,894.4049,11.306389,230.3269,74.30116
2022-06-09 01:00:00,22.319397,17.347076,894.95984,11.360004,229.28976,73.47269
2022-06-09 02:00:00,23.449707,17.537933,895.38947,11.909541,229.97362,69.442184
2022-06-09 03:00:00,23.817535,17.487885,895.6531,12.407363,231.77206,67.7064
2022-06-09 04:00:00,24.125702,17.41391,895.6979,12.671809,233.36172,66.15468
2022-06-09 05:00:00,25.81784,17.513184,895.5567,12.92697,234.62527,60.180634
2022-06-09 06:00:00,26.509583,17.234192,895.20514,13.200492,235.42157,56.76049
2022-06-09 07:00:00,26.769531,17.148743,894.73065,13.546111,236.12717,55.596733
2022-06-09 08:00:00,27.696503,17.067657,894.1713,13.796855,236.90268,52.385704
2022-06-09 09:00:00,27.798584,17.0112,893.6241,13.876111,237.66623,51.88838
2022-06-09 10:00:00,27.176727,16.946442,893.017,12.400794,236.16928,53.591465
2022-06-09 11:00:00,27.043701,16.927338,892.93005,12.225908,235.84479,53.946175
2022-06-09 12:00:00,26.84201,16.881561,893.21893,11.870754,233.86975,54.431213
2022-06-09 13:00:00,26.569061,16.976013,893.8004,11.301623,230.39655,55.64506
2022-06-09 14:00:00,25.478851,17.055206,894.4211,10.982352,226.70035,59.65131
2022-06-09 15:00:00,24.526642,17.063446,894.9975,11.072311,224.26328,63.168747
2022-06-09 16:00:00,24.244385,17.162384,895.25116,11.279151,222.76253,64.64934
2022-06-09 17:00:00,23.479675,17.20523,895.3114,11.583042,222.1717,67.87525
2022-06-09 18:00:00,23.320374,17.275726,895.0569,11.886688,222.41776,68.83699
2022-06-09 19:00:00,23.135101,17.363129,894.7486,12.187254,223.04443,69.99742
2022-06-09 20:00:00,22.445435,17.330963,894.41486,12.390496,223.93791,72.83758
2022-06-09 21:00:00,22.347168,17.41043,894.2378,12.517534,224.90213,73.64278
2022-06-09 22:00:00,21.869263,17.364594,894.0985,12.163897,226.09975,75.59951
2022-06-09 23:00:00,21.839752,17.406189,894.30493,12.245876,226.98814,75.935074
2022-06-10 00:00:00,22.085297,17.557465,894.7084,12.253328,227.29591,75.52385
2022-06-10 01:00:00,22.241333,17.528137,895.2835,12.355844,227.15451,74.67126
2022-06-10 02:00:00,23.361053,17.719452,895.802,13.050556,228.57906,70.61815
2022-06-10 03:00:00,23.78244,17.657593,896.14056,13.6168375,230.67363,68.579636
2022-06-10 04:00:00,24.122406,17.58313,896.25885,13.891013,232.2002,66.87813
2022-06-10 05:00:00,25.619232,17.654327,896.11725,14.143651,233.29416,61.438084
2022-06-10 06:00:00,26.29715,17.552185,895.7061,14.357302,234.1308,58.6424
2022-06-10 07:00:00,26.481232,17.473206,895.1852,14.573201,234.87259,57.72047
2022-06-10 08:00:00,27.376038,17.2836,894.5818,14.748479,235.71036,54.111397
2022-06-10 09:00:00,27.50644,17.176514,893.9707,14.782955,236.80246,53.337437
2022-06-10 10:00:00,26.820068,17.182617,893.32275,13.774123,237.45195,55.55061
2022-06-10 11:00:00,26.6987,17.133759,893.23834,13.605008,236.94629,55.7761
2022-06-10 12:00:00,26.531433,17.145721,893.4899,13.035721,235.68372,56.371063
2022-06-10 13:00:00,26.334442,17.169495,893.93134,12.250698,232.89264,57.11581
2022-06-10 14:00:00,25.227325,17.27121,894.594,11.691549,229.75705,61.383385
2022-06-10 15:00:00,24.255646,17.126251,895.21124,11.56471,227.44023,64.45817
2022-06-10 16:00:00,24.036865,17.315613,895.68494,11.705724,226.1057,66.096725
2022-06-10 17:00:00,23.25821,17.351807,895.82263,11.975616,225.36441,69.42892
2022-06-10 18:00:00,23.148468,17.474884,895.68665,12.315626,225.67178,70.43617
2022-06-10 19:00:00,22.987305,17.535065,895.3761,12.600273,226.7842,71.396805
2022-06-10 20:00:00,22.274658,17.402954,895.0054,12.781162,228.4039,73.933426
2022-06-10 21:00:00,22.133972,17.454285,894.7947,12.907016,229.9977,74.81152
2022-06-10 22:00:00,21.766693,17.318268,894.7289,12.056448,233.6286,75.85216
2022-06-10 23:00:00,21.660187,17.353058,894.8685,12.082924,233.52463,76.515495
2022-06-11 00:00:00,21.910889,17.491577,895.2078,12.022301,233.21455,76.01473
2022-06-11 01:00:00,22.079285,17.4151,895.76636,12.007621,233.08337,74.87576
2022-06-11 02:00:00,23.231842,17.72699,896.2983,12.560859,233.93346,71.205124
2022-06-11 03:00:00,23.599335,17.647034,896.7037,13.003578,235.28275,69.29374
2022-06-11 04:00:00,23.86621,17.532684,896.7919,13.195149,236.23656,67.69957
2022-06-11 05:00:00,25.426422,17.645844,896.6382,13.401598,236.9538,62.112427
2022-06-11 06:00:00,26.055054,17.503479,896.23364,13.530237,237.91873,59.30497
2022-06-11 07:00:00,26.230255,17.456024,895.7978,13.67519,238.7107,58.51838
2022-06-11 08:00:00,27.079498,17.387085,895.2097,13.748999,239.8844,55.42185
2022-06-11 09:00:00,27.24228,17.302277,894.68085,13.71687,241.09036,54.60169
2022-06-11 10:00:00,26.726288,17.251068,894.0439,12.517882,244.21326,56.100334
2022-06-11 11:00:00,26.614044,17.25241,894.0045,12.035883,244.22617,56.477154
2022-06-11 12:00:00,26.409882,17.313995,894.1671,11.3971405,242.28383,57.38399
2022-06-11 13:00:00,26.168854,17.346985,894.5084,10.664896,238.57373,58.328068
2022-06-11 14:00:00,25.15689,17.5242,895.03516,10.180155,234.11911,62.63412
2022-06-11 15:00:00,24.112091,17.514404,895.65405,10.083787,230.45802,66.63006
2022-06-11 16:00:00,23.891388,17.643433,896.11,10.1352825,227.7923,68.070946
2022-06-11 17:00:00,23.084686,17.559662,896.31506,10.372895,226.0222,71.08759
2022-06-11 18:00:00,22.953491,17.59018,896.17993,10.650541,225.30627,71.79222
2022-06-11 19:00:00,22.792786,17.65091,895.8794,10.958774,225.48727,72.77269
2022-06-11 20:00:00,22.118835,17.517975,895.4663,11.18339,226.17065,75.18213
2022-06-11 21:00:00,22.036316,17.545685,895.18854,11.30732,227.16818,75.69338
2022-06-11 22:00:00,21.504303,17.401215,895.1976,11.296641,231.52579,77.48393
2022-06-11 23:00:00,21.437775,17.42273,895.3401,11.13639,232.00433,77.90597
2022-06-12 00:00:00,21.741028,17.667267,895.7068,10.928628,231.86224,77.66298
2022-06-12 01:00:00,21.892334,17.648102,896.2518,10.8579445,230.75215,76.85583
2022-06-12 02:00:00,23.080444,17.868683,896.7494,11.225438,230.67215,72.5037
2022-06-12 03:00:00,23.31131,17.759918,897.091,11.61876,231.4743,71.01129
2022-06-12 04:00:00,23.650696,17.74826,897.20795,11.829942,232.4679,69.521675
2022-06-12 05:00:00,25.062378,17.882965,897.1058,11.981972,233.0199,64.42774
2022-06-12 06:00:00,25.69049,17.815308,896.80273,12.017545,233.4452,61.8024
2022-06-12 07:00:00,25.931976,17.687317,896.331,11.997326,234.04927,60.435093
2022-06-12 08:00:00,26.713043,17.653046,895.77795,11.861232,234.88864,57.58702
2022-06-12 09:00:00,26.809052,17.610687,895.2731,11.66022,235.57861,57.109886
2022-06-12 10:00:00,26.442017,17.674927,894.6471,10.936253,235.8985,58.59485
2022-06-12 11:00:00,26.333313,17.696167,894.6241,10.557546,234.02356,59.05091
2022-06-12 12:00:00,26.192596,17.698303,894.8086,9.986302,230.76537,59.551765
2022-06-12 13:00:00,26.002838,17.769379,895.2896,9.476953,226.8069,60.494022
2022-06-12 14:00:00,25.0029,17.89096,895.92596,9.180894,222.562,64.68913
2022-06-12 15:00:00,24.088104,17.7789,896.58954,9.167659,219.22961,67.84784
2022-06-12 16:00:00,23.843872,17.924835,897.09155,9.400839,217.58046,69.48608
2022-06-12 17:00:00,23.047607,17.884033,897.3196,9.671697,217.27002,72.71809
2022-06-12 18:00:00,22.877228,17.922333,897.2497,9.881618,218.37312,73.649254
2022-06-12 19:00:00,22.760284,17.969788,896.9801,10.036511,220.15988,74.39479
2022-06-12 20:00:00,22.166504,17.87082,896.7006,10.118519,222.3847,76.64947
2022-06-12 21:00:00,21.91446,17.784271,896.5782,10.130854,224.57678,77.41341
2022-06-12 22:00:00,21.606384,17.783966,896.63806,9.209456,231.01112,78.882614
2022-06-12 23:00:00,21.547668,17.77945,896.81995,9.154936,231.18106,79.143936
2022-06-13 00:00:00,21.880981,17.919098,897.1869,8.973041,230.91075,78.23272
2022-06-13 01:00:00,22.052338,17.924408,897.664,9.054043,231.00047,77.44517
2022-06-13 02:00:00,23.294983,18.125092,898.1166,9.440905,232.57275,72.732666
2022-06-13 03:00:00,23.791748,18.093842,898.3287,9.758357,235.1608,70.44872
2022-06-13 04:00:00,24.106567,17.990906,898.37054,9.953615,237.59457,68.682755
2022-06-13 05:00:00,25.714905,18.171906,898.2356,10.110396,239.25186,63.11207
2022-06-13 06:00:00,26.356934,17.97583,897.8454,10.202967,240.48123,60.01581
2022-06-13 07:00:00,26.575409,17.893524,897.3247,10.309839,241.66302,58.941586
2022-06-13 08:00:00,27.355774,17.824432,896.678,10.28681,242.95102,56.055737
2022-06-13 09:00:00,27.410492,17.718933,896.0824,10.163219,244.34894,55.506386
2022-06-13 10:00:00,26.71112,17.7789,895.44745,9.639832,251.09735,58.051987
2022-06-13 11:00:00,26.517822,17.785034,895.1847,9.222797,250.66791,58.739517
2022-06-13 12:00:00,26.356049,17.846344,895.19977,8.565761,247.89728,59.532063
2022-06-13 13:00:00,26.078644,17.865723,895.4852,7.7957172,241.57953,60.589695
2022-06-13 14:00:00,25.154083,18.158234,895.98474,7.3631725,234.328,65.19501
2022-06-13 15:00:00,24.092926,17.92334,896.48975,7.3492484,228.61308,68.4476
2022-06-13 16:00:00,23.885376,17.96701,896.8936,7.55159,224.426,69.496956
2022-06-13 17:00:00,23.11258,17.909485,897.0821,7.8518376,222.31181,72.54895
2022-06-13 18:00:00,22.912079,17.929565,896.9632,8.199152,221.77345,73.52742
2022-06-13 19:00:00,22.716522,17.955292,896.6347,8.515606,222.49895,74.52451
2022-06-13 20:00:00,22.061676,17.84018,896.27405,8.763906,223.74388,76.992
2022-06-13 21:00:00,21.949463,17.843994,895.98883,8.883689,225.05986,77.539215
2022-06-13 22:00:00,21.472717,17.72879,895.84015,8.629623,232.95486,79.25458
2022-06-13 23:00:00,21.405975,17.714172,896.0712,8.57534,233.01196,79.505936
2022-06-14 00:00:00,21.779236,17.905365,896.4294,8.483051,232.58386,78.65226
2022-06-14 01:00:00,21.940918,17.938904,896.9249,8.4780035,231.75726,78.04429
2022-06-14 02:00:00,23.286041,18.261383,897.37756,8.906584,233.13647,73.397194
2022-06-14 03:00:00,23.618652,18.201294,897.69196,9.245246,235.14197,71.66862
2022-06-14 04:00:00,23.947815,18.10913,897.8106,9.455375,236.86826,69.85779
2022-06-14 05:00:00,25.583557,18.291992,897.7195,9.6377325,237.89935,64.08696
2022-06-14 06:00:00,26.278046,18.127777,897.40393,9.779312,238.4915,60.874462
2022-06-14 07:00:00,26.46225,18.06665,896.9524,9.923203,238.84311,59.985497
2022-06-14 08:00:00,27.314789,17.988617,896.355,10.005565,239.59262,56.773903
2022-06-14 09:00:00,27.384277,17.882599,895.74744,10.028097,240.11285,56.167454
2022-06-14 10:00:00,26.757172,17.892975,895.15594,9.622433,242.88654,58.312046
2022-06-14 11:00:00,26.601501,17.819916,894.8782,9.391029,241.22372,58.579044
2022-06-14 12:00:00,26.439148,17.78601,894.9188,9.094694,238.05328,59.016293
2022-06-14 13:00:00,26.246002,17.799072,895.294,8.695066,232.06824,59.742123
2022-06-14 14:00:00,25.208923,17.94107,895.7559,8.52887,226.39244,64.10171
2022-06-14 15:00:00,24.382935,18.04422,896.26794,8.665732,223.0159,67.78076
2022-06-14 16:00:00,24.222565,18.101532,896.70013,8.885859,221.4736,68.68224
2022-06-14 17:00:00,23.389496,18.022064,896.81213,9.158335,221.36462,71.85228
2022-06-14 18:00:00,23.21048,18.076935,896.6359,9.435143,222.3005,72.88409
2022-06-14 19:00:00,23.028442,18.1362,896.2606,9.7075205,224.12938,73.9656
2022-06-14 20:00:00,22.303467,17.990143,895.86505,9.865621,226.305,76.58571
2022-06-14 21:00:00,22.205292,18.052734,895.5871,9.891865,228.59277,77.348404
2022-06-14 22:00:00,21.761627,17.893768,895.3708,9.091029,235.05225,78.679504
2022-06-14 23:00:00,21.652344,17.884125,895.4332,8.972731,235.01332,79.15869
2022-06-15 00:00:00,21.927948,18.043976,895.69214,8.7214985,234.828,78.623726
2022-06-15 01:00:00,22.049652,17.956207,896.15656,8.513383,234.7471,77.612915
2022-06-15 02:00:00,23.230438,18.251312,896.65485,8.758372,236.02585,73.59762
2022-06-15 03:00:00,23.459564,18.13919,897.08435,9.025477,237.71304,72.07763
2022-06-15 04:00:00,23.758453,18.057434,897.2864,9.169527,238.78896,70.428734
2022-06-15 05:00:00,25.07251,18.168274,897.25305,9.310727,238.87082,65.5539
2022-06-15 06:00:00,25.797974,17.996948,896.91656,9.41399,238.79752,62.115524
2022-06-15 07:00:00,26.004883,17.957977,896.4964,9.550984,238.4984,61.20884
2022-06-15 08:00:00,26.65207,17.927032,895.9052,9.670368,238.65576,58.79982
2022-06-15 09:00:00,26.709778,17.850555,895.3491,9.700487,238.85678,58.31905
2022-06-15 10:00:00,26.051788,17.868103,894.7271,9.002866,247.35023,60.69511
2022-06-15 11:00:00,25.935333,17.786621,894.4766,8.736763,244.61882,60.802223
2022-06-15 12:00:00,25.7901,17.769592,894.57916,8.331394,239.8002,61.261868
2022-06-15 13:00:00,25.59616,17.864288,894.9567,7.874234,232.40085,62.341183
2022-06-15 14:00:00,24.64795,17.881683,895.45905,7.656529,224.64598,66.03599
2022-06-15 15:00:00,23.796753,17.818909,896.05334,7.7854276,219.38354,69.22037
2022-06-15 16:00:00,23.59964,17.901154,896.5726,8.04723,216.02533,70.41021
2022-06-15 17:00:00,22.93869,17.923065,896.7824,8.300577,214.37262,73.379
2022-06-15 18:00:00,22.752594,18.001495,896.6412,8.554437,214.23262,74.57801
2022-06-15 19:00:00,22.56012,17.987183,896.31586,8.79182,215.01321,75.38624
2022-06-15 20:00:00,21.895844,17.867645,895.9454,8.916517,215.98914,77.90918
2022-06-15 21:00:00,21.762146,17.865814,895.68396,8.90907,217.44864,78.53873
2022-06-15 22:00:00,21.53247,17.81723,895.5221,7.9186025,219.27493,79.406235
2022-06-15 23:00:00,21.493835,17.858887,895.4457,7.92851,218.89932,79.80321
2022-06-16 00:00:00,21.735352,18.011108,895.75354,7.8603845,217.65523,79.38957
2022-06-16 01:00:00,21.783081,17.96524,896.1347,7.8492813,215.9314,78.93047
2022-06-16 02:00:00,22.829437,18.17749,896.6039,8.312648,216.24265,75.05667
2022-06-16 03:00:00,23.072174,18.098206,896.9384,8.711765,217.09834,73.59437
2022-06-16 04:00:00,23.411438,18.039124,897.04126,8.997165,218.1274,71.8342
2022-06-16 05:00:00,24.903198,18.192352,897.0018,9.229007,218.56189,66.319214
2022-06-16 06:00:00,25.464294,18.150055,896.73975,9.476597,219.13626,63.970123
2022-06-16 07:00:00,25.64563,18.155273,896.355,9.704012,220.20697,63.305813
2022-06-16 08:00:00,26.480438,18.256744,895.84314,9.861447,221.63461,60.64063
2022-06-16 09:00:00,26.5708,18.292847,895.2294,9.995379,222.89594,60.455227
2022-06-16 10:00:00,25.77185,18.14389,894.5891,9.154535,227.97858,62.788773
2022-06-16 11:00:00,25.702484,18.111176,894.3618,9.122759,226.63824,62.918175
2022-06-16 12:00:00,25.56723,18.20288,894.49866,9.013581,223.94618,63.791454
2022-06-16 13:00:00,25.354492,18.195892,894.9278,8.7196455,220.18571,64.57456
2022-06-16 14:00:00,24.495178,18.298462,895.49115,8.451557,215.85931,68.41002
2022-06-16 15:00:00,23.61029,18.218628,895.995,8.426821,212.79027,71.78278
2022-06-16 16:00:00,23.422577,18.286987,896.45435,8.516168,210.9865,72.91181
2022-06-16 17:00:00,22.7359,18.249329,896.6321,8.669439,209.9316,75.82456
2022-06-16 18:00:00,22.518646,18.296448,896.50226,8.897577,210.07607,77.058426
2022-06-16 19:00:00,22.354645,18.33548,896.1785,9.074434,211.18077,78.02111
2022-06-16 20:00:00,21.718445,18.195282,895.8133,9.154858,212.05984,80.39632
2022-06-16 21:00:00,21.538147,18.170837,895.5323,9.139109,213.3672,81.163
2022-06-16 22:00:00,21.182983,18.030212,895.3525,8.40907,214.43184,82.21919
2022-06-16 23:00:00,21.117432,18.03482,895.396,8.5984125,214.21068,82.574524
2022-06-17 00:00:00,21.354248,18.14267,895.6573,8.720679,213.20912,81.937096
2022-06-17 01:00:00,21.43689,18.078857,896.0605,8.950474,212.80994,81.19724
2022-06-17 02:00:00,22.506714,18.351715,896.4657,9.599987,214.10136,77.38198
2022-06-17 03:00:00,22.789368,18.31607,896.7446,10.07778,216.28886,75.896225
2022-06-17 04:00:00,23.025208,18.229218,896.93414,10.359965,217.88634,74.41333
2022-06-17 05:00:00,24.276459,18.33603,896.88385,10.66807,219.25957,69.47561
2022-06-17 06:00:00,24.861572,18.362701,896.6025,10.895288,220.37976,67.19841
2022-06-17 07:00:00,25.070038,18.388153,896.1053,11.079282,221.46417,66.47412
2022-06-17 08:00:00,25.69513,18.350647,895.56256,11.152197,222.43198,63.89867
2022-06-17 09:00:00,25.794312,18.30655,895.0276,11.066178,223.7418,63.34857
2022-06-17 10:00:00,25.343689,18.219055,894.3839,9.6587,228.76466,64.71007
2022-06-17 11:00:00,25.2117,18.206146,894.2263,9.422099,227.5196,65.16744
2022-06-17 12:00:00,25.10846,18.28357,894.401,8.991603,224.5625,65.88864
2022-06-17 13:00:00,24.838379,18.368103,894.7617,8.530781,220.04956,67.31431
2022-06-17 14:00:00,23.933685,18.347656,895.2385,8.241387,214.93385,70.971535
2022-06-17 15:00:00,23.129608,18.48764,895.7916,8.323247,210.89879,75.152626
2022-06-17 16:00:00,22.935211,18.578766,896.2221,8.574006,208.1174,76.476875
2022-06-17 17:00:00,22.436462,18.503693,896.43085,8.930094,207.13358,78.45658
2022-06-17 18:00:00,22.161469,18.477386,896.29266,9.2998905,207.44646,79.64898
2022-06-17 19:00:00,22.022827,18.497437,896.03656,9.6490555,208.2749,80.42567
2022-06-17 20:00:00,21.556,18.386719,895.69635,9.906254,209.58563,82.17976
2022-06-17 21:00:00,21.43451,18.396606,895.48987,10.046549,210.87851,82.844505
2022-06-17 22:00:00,21.174072,18.30655,895.3795,9.372473,214.36682,83.70379
2022-06-17 23:00:00,21.092072,18.2836,895.5518,9.579514,213.52838,84.00515
2022-06-18 00:00:00,21.319092,18.418243,895.8957,9.721628,212.91225,83.5456
2022-06-18 01:00:00,21.393951,18.378479,896.37787,10.0396,212.65498,82.95627
2022-06-18 02:00:00,22.39093,18.576172,896.81287,10.830677,214.19353,79.03184
2022-06-18 03:00:00,22.591522,18.4776,897.05237,11.491038,216.8684,77.59419
2022-06-18 04:00:00,22.832306,18.395844,897.1703,11.861356,219.26442,76.07851
2022-06-18 05:00:00,24.001984,18.51892,897.1133,12.08584,220.78621,71.44341
2022-06-18 06:00:00,24.529663,18.458405,896.8353,12.250786,221.79918,68.95685
2022-06-18 07:00:00,24.642273,18.408356,896.33374,12.364816,223.04596,68.27956
2022-06-18 08:00:00,25.132263,18.424164,895.7798,12.348543,224.20871,66.37776
2022-06-18 09:00:00,25.270325,18.458557,895.26306,12.211941,225.65271,65.976456
2022-06-18 10:00:00,24.738525,18.329712,894.6234,11.631492,230.27321,67.554085
2022-06-18 11:00:00,24.621277,18.325073,894.5433,11.109379,229.64566,68.009346
2022-06-18 12:00:00,24.419312,18.285492,894.6919,10.561389,227.85646,68.66554
2022-06-18 13:00:00,24.250885,18.434418,895.02313,9.8903265,225.04501,70.01264
2022-06-18 14:00:00,23.518616,18.392883,895.5603,9.4788475,221.87228,72.973625
2022-06-18 15:00:00,22.870544,18.436798,896.11206,9.280099,219.47836,76.09747
2022-06-18 16:00:00,22.716766,18.52475,896.51953,9.253512,217.84161,77.23443
2022-06-18 17:00:00,22.166077,18.529175,896.64764,9.343706,217.36412,79.885284
2022-06-18 18:00:00,21.999054,18.515442,896.5536,9.516439,218.04744,80.633194
2022-06-18 19:00:00,21.92398,18.584839,896.28394,9.685252,219.50499,81.35595
2022-06-18 20:00:00,21.430115,18.39682,895.92523,9.7405205,221.09193,82.867905
2022-06-18 21:00:00,21.301361,18.41391,895.6611,9.682045,222.5737,83.61376
2022-06-18 22:00:00,21.055634,18.263428,895.3989,9.146242,224.30223,84.08688
2022-06-18 23:00:00,21.004456,18.266235,895.4356,9.178435,223.68916,84.36648
2022-06-19 00:00:00,21.221497,18.369934,895.6866,9.196975,222.50928,83.79297
2022-06-19 01:00:00,21.267761,18.328857,896.1514,9.4742,221.69777,83.34066
2022-06-19 02:00:00,22.284454,18.592957,896.5605,10.378487,222.45668,79.62895
2022-06-19 03:00:00,22.501678,18.445862,896.824,11.183319,224.50996,77.86375
2022-06-19 04:00:00,22.676666,18.316986,896.95044,11.711411,226.5659,76.421135
2022-06-19 05:00:00,24.017609,18.49759,896.8593,12.059365,227.96371,71.28111
2022-06-19 06:00:00,24.535217,18.479553,896.6245,12.331933,229.15398,69.02533
2022-06-19 07:00:00,24.722961,18.436218,896.1832,12.4379225,230.23453,68.06984
2022-06-19 08:00:00,25.30777,18.347443,895.68335,12.474661,231.31538,65.37283
2022-06-19 09:00:00,25.421173,18.32248,895.0898,12.380718,232.17166,64.83194
2022-06-19 10:00:00,24.815063,18.187988,894.34515,11.64361,234.97266,66.65075
2022-06-19 11:00:00,24.725159,18.237,894.166,11.257608,233.85794,67.216034
2022-06-19 12:00:00,24.601074,18.171173,894.17346,10.58089,232.55806,67.4372
2022-06-19 13:00:00,24.349976,18.25299,894.42755,9.800464,229.85307,68.81086
2022-06-19 14:00:00,23.640717,18.450684,894.9065,9.418848,226.97658,72.70154
2022-06-19 15:00:00,22.880707,18.364868,895.43774,9.34323,225.03877,75.70861
2022-06-19 16:00:00,22.714722,18.450867,895.7837,9.445739,224.35643,76.88741
2022-06-19 17:00:00,22.093658,18.420593,895.8868,9.616135,225.02528,79.69466
2022-06-19 18:00:00,21.90506,18.44043,895.6623,9.844395,226.50989,80.71674
2022-06-19 19:00:00,21.793549,18.47113,895.2955,10.095058,228.25366,81.42455
2022-06-19 20:00:00,21.310852,18.299988,894.89014,10.318293,230.20651,82.97043
2022-06-19 21:00:00,21.1781,18.292206,894.65405,10.419301,232.2524,83.60785
2022-06-19 22:00:00,20.872498,18.18872,894.51636,10.374931,235.21898,84.6409
2022-06-19 23:00:00,20.834015,18.200104,894.56726,10.391819,235.58803,84.902145
2022-06-20 00:00:00,21.089233,18.285248,894.7756,10.376112,235.85443,84.02847
2022-06-20 01:00:00,21.150055,18.238129,895.10376,10.692475,235.89273,83.46823
2022-06-20 02:00:00,22.07901,18.442871,895.4199,11.570884,236.8118,79.87724
2022-06-20 03:00:00,22.289795,18.39209,895.6373,12.30902,238.20349,78.607956
2022-06-20 04:00:00,22.518463,18.351654,895.701,12.738496,238.94122,77.3265
2022-06-20 05:00:00,23.74121,18.518799,895.5159,13.028017,239.20135,72.571884
2022-06-20 06:00:00,24.254517,18.445618,895.14624,13.220028,239.23009,70.046524
2022-06-20 07:00:00,24.486786,18.403442,894.6161,13.40325,239.50995,68.89637
2022-06-20 08:00:00,25.165894,18.341461,894.02954,13.46208,239.55211,65.902435
2022-06-20 09:00:00,25.188812,18.259613,893.392,13.434308,239.71268,65.47562
2022-06-20 10:00:00,24.648987,18.211578,892.7444,13.175609,240.60262,67.41506
2022-06-20 11:00:00,24.584839,18.186676,892.572,12.791673,240.55798,67.568436
2022-06-20 12:00:00,24.379639,18.290833,892.69116,12.060535,239.643,68.85195
2022-06-20 13:00:00,24.055786,18.384521,893.06946,11.122857,237.51718,70.615875
2022-06-20 14:00:00,23.235107,18.284943,893.5323,10.587209,234.90483,73.73224
2022-06-20 15:00:00,22.536163,18.308594,894.08594,10.391257,232.99686,77.03515
2022-06-20 16:00:00,22.38034,18.348602,894.4291,10.47094,231.93106,77.96341
2022-06-20 17:00:00,21.80603,18.317291,894.565,10.644264,231.81102,80.58178
2022-06-20 18:00:00,21.632904,18.362152,894.3956,10.879873,232.32602,81.668236
2022-06-20 19:00:00,21.52652,18.344788,894.0885,11.054654,233.16084,82.11203
2022-06-20 20:00:00,20.999908,18.144318,893.6853,11.153676,234.16177,83.74677
2022-06-20 21:00:00,20.889679,18.099579,893.32135,11.209422,235.40228,84.07956
2022-06-20 22:00:00,20.476532,17.874573,893.1423,10.740734,235.6799,85.03504
2022-06-20 23:00:00,20.401245,17.88211,893.075,10.832653,235.58301,85.471504
2022-06-21 00:00:00,20.719482,18.003021,893.3207,10.903027,234.906,84.45075
2022-06-21 01:00:00,20.813568,17.961975,893.73755,11.258251,233.52002,83.746735
2022-06-21 02:00:00,21.950867,18.25589,894.21576,12.194968,233.33435,79.56555
2022-06-21 03:00:00,22.154968,18.158173,894.5139,12.876446,234.32138,78.10132
2022-06-21 04:00:00,22.396606,18.1138,894.6433,13.147537,234.57442,76.747154
2022-06-21 05:00:00,23.601807,18.280396,894.5681,13.303532,234.37021,72.09836
2022-06-21 06:00:00,24.123291,18.226074,894.31665,13.382371,234.39642,69.63488
2022-06-21 07:00:00,24.268951,18.247925,893.9254,13.391933,234.72252,69.12386
2022-06-21 08:00:00,24.759735,18.246643,893.4617,13.267299,235.01738,67.11795
2022-06-21 09:00:00,24.76474,18.20166,893.01843,13.026281,235.23593,66.90874
2022-06-21 10:00:00,24.462189,18.204254,892.3084,12.486011,240.34436,68.14128
2022-06-21 11:00:00,24.353485,18.185242,892.3664,11.881715,239.74881,68.50454
2022-06-21 12:00:00,24.231537,18.244324,892.64185,11.257413,237.8682,69.26344
2022-06-21 13:00:00,23.968018,18.429932,893.13336,10.516051,235.62753,71.19142
2022-06-21 14:00:00,23.26889,18.502716,893.7779,10.00522,232.46298,74.5931
2022-06-21 15:00:00,22.405457,18.392975,894.39343,9.818941,229.13252,78.06125
2022-06-21 16:00:00,22.184631,18.420532,894.84674,9.814336,226.67403,79.253914
2022-06-21 17:00:00,21.627106,18.291992,895.0298,9.88764,225.19133,81.338585
2022-06-21 18:00:00,21.501251,18.33316,894.9673,10.032807,224.65846,82.17917
2022-06-21 19:00:00,21.347382,18.340454,894.725,10.20784,224.84293,82.99523
2022-06-21 20:00:00,20.878662,18.170898,894.5069,10.308294,225.2836,84.51421
2022-06-21 21:00:00,20.743134,18.125366,894.41046,10.289304,225.75424,84.97865
2022-06-21 22:00:00,20.459137,17.953186,894.34906,9.448166,231.31122,85.548355
2022-06-21 23:00:00,20.374939,17.938324,894.70483,9.260619,231.12016,85.91367
2022-06-22 00:00:00,20.65747,18.008514,895.13025,9.041664,230.3884,84.80318
2022-06-22 01:00:00,20.849823,18.077332,895.70764,9.002534,228.64857,84.16823
2022-06-22 02:00:00,22.194458,18.436798,896.3446,9.397719,227.16986,79.28727
2022-06-22 03:00:00,22.510864,18.405548,896.89185,9.750517,227.58827,77.62397
2022-06-22 04:00:00,22.780548,18.363556,897.21936,9.862653,228.12633,76.16325
2022-06-22 05:00:00,24.21103,18.55783,897.2456,9.858097,228.40575,70.724655
2022-06-22 06:00:00,24.808105,18.509186,897.03937,9.796551,229.17963,68.03478
2022-06-22 07:00:00,24.982117,18.453918,896.6479,9.732176,230.39949,67.099365
2022-06-22 08:00:00,25.68628,18.488922,896.25275,9.646042,231.50772,64.488556
2022-06-22 09:00:00,25.7052,18.389282,895.9207,9.477481,232.60327,64.01536
2022-06-22 10:00:00,25.29184,18.46347,895.50415,9.000903,239.06586,65.91234
2022-06-22 11:00:00,25.104034,18.411377,895.57306,8.714085,238.42358,66.43624
2022-06-22 12:00:00,25.039307,18.474518,895.8752,8.392262,237.55457,66.95731
2022-06-22 13:00:00,24.897186,18.639618,896.36237,8.116141,234.93619,68.22872
2022-06-22 14:00:00,24.057526,18.787262,897.0137,7.906836,232.05685,72.410736
2022-06-22 15:00:00,23.203003,18.677002,897.6855,7.9462194,229.5129,75.71189
2022-06-22 16:00:00,23.023682,18.695953,898.1541,8.081687,227.91624,76.628105
2022-06-22 17:00:00,22.422607,18.64685,898.3335,8.275853,227.81253,79.22939
2022-06-22 18:00:00,22.173187,18.629395,898.1828,8.505295,229.2352,80.35312
2022-06-22 19:00:00,21.977112,18.625244,897.8108,8.712093,231.00229,81.29795
2022-06-22 20:00:00,21.39801,18.424438,897.47314,8.769847,232.49689,83.17486
2022-06-22 21:00:00,21.248749,18.40924,897.24524,8.741789,234.05132,83.85939
2022-06-22 22:00:00,20.916412,18.179535,897.282,8.338926,239.85641,84.364
2022-06-22 23:00:00,20.850342,18.16211,897.2938,8.359812,239.94173,84.614845
2022-06-23 00:00:00,21.225342,18.26593,897.53394,8.221143,239.51486,83.228615
2022-06-23 01:00:00,21.406372,18.310791,897.9381,8.156236,239.5051,82.54214
2022-06-23 02:00:00,22.688293,18.639648,898.3402,8.262969,238.9094,77.92627
2022-06-23 03:00:00,23.042542,18.570343,898.6344,8.4495945,239.29855,75.94162
2022-06-23 04:00:00,23.342377,18.527283,898.7338,8.62942,239.63992,74.37718
2022-06-23 05:00:00,24.874268,18.745392,898.5383,8.843482,240.06216,68.77547
2022-06-23 06:00:00,25.481415,18.69809,898.15076,9.078324,241.15903,66.13768
2022-06-23 07:00:00,25.673248,18.633575,897.6057,9.263565,242.87329,65.12544
2022-06-23 08:00:00,26.465576,18.467163,897.0765,9.351549,244.7201,61.49971
2022-06-23 09:00:00,26.482971,18.45279,896.5426,9.342221,246.87521,61.381348
2022-06-23 10:00:00,25.857971,18.358917,895.9685,8.092782,251.17676,63.31764
2022-06-23 11:00:00,25.77246,18.306763,895.80444,8.000995,249.88593,63.431538
2022-06-23 12:00:00,25.65738,18.361572,896.0002,7.834252,247.28613,64.08581
2022-06-23 13:00:00,25.457336,18.52539,896.447,7.5773296,242.95612,65.52053
2022-06-23 14:00:00,24.578735,18.597229,897.0179,7.571245,238.39804,69.35494
2022-06-23 15:00:00,23.75415,18.53836,897.53314,7.7091913,235.24614,72.60425
2022-06-23 16:00:00,23.516174,18.627838,897.88086,7.931228,232.87744,74.06606
2022-06-23 17:00:00,22.80484,18.57489,897.95,8.157563,231.8932,77.064606
2022-06-23 18:00:00,22.666779,18.61615,897.73413,8.430112,232.25426,77.91343
2022-06-23 19:00:00,22.491913,18.592926,897.3055,8.676837,233.42358,78.63068
2022-06-23 20:00:00,21.859863,18.413147,896.89514,8.843722,235.0109,80.80144
2022-06-23 21:00:00,21.743073,18.39566,896.5683,8.940342,236.70526,81.2907
2022-06-23 22:00:00,21.388184,18.333801,896.5114,8.570996,240.64511,82.75347
2022-06-23 23:00:00,21.315582,18.319824,896.4458,8.655113,240.14261,83.049644
2022-06-24 00:00:00,21.669739,18.48584,896.6559,8.649724,239.4365,82.11849
2022-06-24 01:00:00,21.824066,18.484253,897.115,8.737805,237.93625,81.33978
2022-06-24 02:00:00,23.174408,18.771515,897.53564,9.083781,236.48721,76.292305
2022-06-24 03:00:00,23.5047,18.725769,897.7968,9.686076,236.53781,74.57265
2022-06-24 04:00:00,23.839966,18.72705,897.79095,10.191649,237.40546,73.08806
2022-06-24 05:00:00,25.420258,18.773712,897.57117,10.590739,238.72086,66.69299
2022-06-24 06:00:00,25.998016,18.60379,897.10095,10.850992,240.05045,63.76526
2022-06-24 07:00:00,26.134369,18.479248,896.4104,10.95957,241.44968,62.761803
2022-06-24 08:00:00,26.818665,18.336365,895.6417,11.01749,242.65533,59.742218
2022-06-24 09:00:00,26.829712,18.187714,894.9191,11.0032835,243.81433,59.149204
2022-06-24 10:00:00,26.496368,18.177979,894.3074,10.551237,250.16974,60.284966
2022-06-24 11:00:00,26.427277,18.03476,894.03357,10.478668,250.33047,59.98902
2022-06-24 12:00:00,26.297607,18.111877,894.15906,10.073633,249.50542,60.74348
2022-06-24 13:00:00,26.073517,18.199554,894.471,9.455803,246.30243,61.893074
2022-06-24 14:00:00,25.00644,18.645874,895.0019,9.126169,242.55037,67.81212
2022-06-24 15:00:00,24.020813,18.440674,895.4721,9.100812,238.78554,71.01378
2022-06-24 16:00:00,23.798584,18.44159,895.8486,9.216172,236.23788,71.972885
2022-06-24 17:00:00,22.973053,18.368713,895.97656,9.409286,235.26073,75.30458
2022-06-24 18:00:00,22.79361,18.361359,895.7957,9.685265,235.69182,76.09249
2022-06-24 19:00:00,22.622437,18.277618,895.449,9.963365,236.96216,76.483925
2022-06-24 20:00:00,21.93863,18.19104,895.0016,10.111615,238.42477,79.3016
2022-06-24 21:00:00,21.796753,18.176056,894.63617,10.162978,240.00299,79.91612
2022-06-24 22:00:00,21.389313,18.103943,894.4592,9.503832,242.6911,81.56266
2022-06-24 23:00:00,21.324493,18.117004,894.44525,9.507294,242.36725,81.95446
2022-06-25 00:00:00,21.561127,18.215668,894.6107,9.433661,241.75258,81.27735
2022-06-25 01:00:00,21.659515,18.212494,895.08453,9.4064455,240.9043,80.77364
2022-06-25 02:00:00,22.935883,18.511963,895.5578,9.601999,240.93182,76.15464
2022-06-25 03:00:00,23.277008,18.50415,895.85736,9.876951,241.43793,74.563255
2022-06-25 04:00:00,23.603516,18.429504,895.8806,10.090008,241.78918,72.76798
2022-06-25 05:00:00,25.199554,18.542328,895.6775,10.176073,242.36298,66.603424
2022-06-25 06:00:00,25.7901,18.358124,895.3303,10.429161,243.39307,63.569633
2022-06-25 07:00:00,25.987244,18.29248,894.762,10.67627,244.90045,62.57358
2022-06-25 08:00:00,26.751343,18.084259,894.13367,10.777463,246.76001,59.037758
2022-06-25 09:00:00,26.795044,17.956726,893.5075,10.705999,248.18369,58.416027
2022-06-25 10:00:00,26.505157,18.050018,892.8193,10.211879,254.35825,59.771408
2022-06-25 11:00:00,26.44632,17.970978,892.6778,9.8832245,253.27924,59.681904
2022-06-25 12:00:00,26.34607,17.983887,892.98096,9.2827,250.78229,60.084743
2022-06-25 13:00:00,26.186188,18.064026,893.44226,8.735293,245.76736,60.961098
2022-06-25 14:00:00,25.070099,18.38861,894.01794,8.441208,239.5432,66.4758
2022-06-25 15:00:00,24.15683,18.392578,894.5815,8.430263,234.80786,70.224365
2022-06-25 16:00:00,23.957703,18.416748,895.0295,8.601594,231.33766,71.176735
2022-06-25 17:00:00,23.240356,18.38205,895.1859,8.847434,229.5729,74.15903
2022-06-25 18:00:00,23.017395,18.395477,895.0761,9.165417,229.31915,75.22882
2022-06-25 19:00:00,22.858063,18.453064,894.74023,9.442502,230.13908,76.23271
2022-06-25 20:00:00,22.3125,18.294312,894.3937,9.578727,231.35225,78.019684
2022-06-25 21:00:00,22.16922,18.277618,894.12494,9.574282,232.39462,78.620735
2022-06-25 22:00:00,21.818756,18.23581,894.0898,8.454674,238.82458,80.108696
2022-06-25 23:00:00,21.700317,18.205719,894.22766,8.34386,237.28152,80.538185
2022-06-26 00:00:00,21.90744,18.381195,894.59686,8.143434,235.7587,80.406006
2022-06-26 01:00:00,21.981293,18.316498,895.19745,7.931732,233.5172,79.72052
2022-06-26 02:00:00,23.260712,18.69049,895.7541,8.029617,230.66043,75.51208
2022-06-26 03:00:00,23.643585,18.608673,896.1555,8.367189,229.52597,73.41152
2022-06-26 04:00:00,23.9906,18.557129,896.39667,8.621074,229.142,71.663475
2022-06-26 05:00:00,25.549774,18.58496,896.44196,8.891274,229.76924,65.40522
2022-06-26 06:00:00,26.16092,18.489075,896.2168,9.162078,231.43752,62.701946
2022-06-26 07:00:00,26.339996,18.386963,895.77545,9.324547,233.46991,61.646534
2022-06-26 08:00:00,27.120544,18.310211,895.25336,9.352237,234.77673,58.59572
2022-06-26 09:00:00,27.22232,18.230011,894.8147,9.226559,235.41791,57.95459
2022-06-26 10:00:00,26.819763,18.239258,894.1691,8.789,243.83824,59.375603
2022-06-26 11:00:00,26.74228,18.224243,894.14874,8.200632,242.06604,59.590744
2022-06-26 12:00:00,26.565155,18.328766,894.3658,7.675844,237.41922,60.611732
2022-06-26 13:00:00,26.344513,18.286255,894.8271,7.546924,231.46066,61.242157
2022-06-26 14:00:00,25.391144,18.586426,895.4967,7.701337,225.15417,66.03061
2022-06-26 15:00:00,24.437714,18.644653,896.16296,7.9678345,220.60509,70.150536
2022-06-26 16:00:00,24.245667,18.696106,896.7381,8.260943,217.61555,71.1911
2022-06-26 17:00:00,23.599304,18.652466,896.9469,8.600184,216.69673,73.80954
2022-06-26 18:00:00,23.371704,18.734589,896.8614,8.957665,217.32687,75.214775
2022-06-26 19:00:00,23.22586,18.765533,896.5586,9.267946,218.86418,76.02702
2022-06-26 20:00:00,22.61258,18.644806,896.2604,9.424544,220.69756,78.31038
2022-06-26 21:00:00,22.474762,18.687012,895.9883,9.414521,222.51295,79.17729
2022-06-26 22:00:00,22.033386,18.509918,895.835,9.055386,227.14894,80.43674
2022-06-26 23:00:00,21.991943,18.532532,895.8892,9.003268,227.63919,80.75452
2022-06-27 00:00:00,22.274841,18.67273,896.2319,8.886377,227.76381,80.07414
2022-06-27 01:00:00,22.378082,18.65097,896.718,8.790036,227.08722,79.46462
2022-06-27 02:00:00,23.55133,18.96939,897.2053,9.04404,226.81367,75.50346
2022-06-27 03:00:00,23.822632,18.88562,897.5111,9.441859,227.77664,73.89273
2022-06-27 04:00:00,24.075989,18.791565,897.62665,9.639343,230.1652,72.34996
2022-06-27 05:00:00,25.613861,18.865936,897.50397,9.683347,232.8218,66.31143
2022-06-27 06:00:00,26.192596,18.746033,897.16675,9.639187,235.64957,63.59898
2022-06-27 07:00:00,26.395966,18.658386,896.6716,9.55198,238.17322,62.496353
2022-06-27 08:00:00,27.149078,18.586212,896.0486,9.4090605,239.81041,59.517967
2022-06-27 09:00:00,27.172821,18.572418,895.50464,9.200147,240.70508,59.38382
2022-06-27 10:00:00,26.669586,18.553802,894.93396,8.241164,244.28917,61.095314
2022-06-27 11:00:00,26.588379,18.584412,894.90094,8.176717,242.52937,61.505974
2022-06-27 12:00:00,26.441315,18.551147,895.1639,7.8885646,239.11035,61.912537
2022-06-27 13:00:00,26.229706,18.597107,895.60266,7.841359,233.26816,62.87137
2022-06-27 14:00:00,25.321533,18.801666,896.15204,8.02748,227.69469,67.20288
2022-06-27 15:00:00,24.479126,18.81424,896.7518,8.387039,223.95303,70.72262
2022-06-27 16:00:00,24.256195,18.887573,897.21954,8.806496,221.81622,72.002464
2022-06-27 17:00:00,23.552399,18.904053,897.3409,9.266773,221.75005,75.19135
2022-06-27 18:00:00,23.352448,18.962036,897.1653,9.675764,223.09644,76.37961
2022-06-27 19:00:00,23.205658,19.02475,896.84033,10.031695,225.41078,77.36183
2022-06-27 20:00:00,22.617706,18.891022,896.4525,10.202704,227.68355,79.499916
2022-06-27 21:00:00,22.52835,18.877777,896.11884,10.300783,229.82146,79.86634
2022-06-27 22:00:00,22.029907,18.650574,896.0364,9.842068,235.11227,81.16516
2022-06-27 23:00:00,21.981293,18.65213,896.0452,9.952902,235.5012,81.41404
2022-06-28 00:00:00,22.184296,18.737183,896.21655,9.8788,235.52979,80.84188
2022-06-28 01:00:00,22.27893,18.70169,896.50476,9.818509,235.63916,80.199326
2022-06-28 02:00:00,23.445282,18.973572,896.7969,10.154615,236.09842,76.007645
2022-06-28 03:00:00,23.738739,18.80133,897.01196,10.583508,237.53145,73.876724
2022-06-28 04:00:00,24.040619,18.740875,897.05505,10.783716,238.69998,72.27445
2022-06-28 05:00:00,25.424927,18.750183,896.9255,10.990698,240.29349,66.576515
2022-06-28 06:00:00,25.968933,18.620605,896.6244,11.12251,242.0069,63.94235
2022-06-28 07:00:00,26.128387,18.53003,896.1819,11.231487,243.82571,62.98397
2022-06-28 08:00:00,26.87085,18.497528,895.54236,11.208202,245.40579,60.16367
2022-06-28 09:00:00,26.90451,18.475922,894.9615,11.111428,246.80042,59.963547
2022-06-28 10:00:00,26.636932,18.456604,894.40216,10.068992,253.03027,60.841476
2022-06-28 11:00:00,26.53302,18.429626,894.15625,9.863172,252.97353,61.11176
2022-06-28 12:00:00,26.38971,18.47699,894.1941,9.337282,251.57245,61.813606
2022-06-28 13:00:00,26.181213,18.56128,894.44,8.753806,246.83105,62.910545
2022-06-28 14:00:00,25.29129,18.718628,894.9124,8.451906,241.50214,66.975426
2022-06-28 15:00:00,24.418976,18.702454,895.4267,8.41599,237.39755,70.483604
2022-06-28 16:00:00,24.236969,18.752502,895.8346,8.555934,234.15009,71.47983
2022-06-28 17:00:00,23.518524,18.705566,895.96643,8.855872,232.69165,74.41649
2022-06-28 18:00:00,23.311005,18.75586,895.75134,9.260284,232.51463,75.59135
2022-06-28 19:00:00,23.138062,18.82129,895.3748,9.717899,233.39276,76.698265
2022-06-28 20:00:00,22.476562,18.732422,894.8963,10.085269,234.40982,79.393715
2022-06-28 21:00:00,22.384521,18.731567,894.59576,10.340412,235.61496,79.83485
2022-06-28 22:00:00,22.032806,18.601501,894.3921,10.384622,240.97675,80.90207
2022-06-28 23:00:00,21.992645,18.605804,894.3818,10.439042,240.35156,81.12225
2022-06-29 00:00:00,22.324188,18.794342,894.6317,10.43982,239.94678,80.44331
2022-06-29 01:00:00,22.399567,18.732025,895.0112,10.363919,239.32402,79.76414
2022-06-29 02:00:00,23.491089,18.954071,895.358,10.599005,238.8359,75.705734
2022-06-29 03:00:00,23.81955,18.792053,895.51056,10.978804,240.01292,73.47577
2022-06-29 04:00:00,24.084442,18.742004,895.5546,11.063556,241.0834,72.08964
2022-06-29 05:00:00,25.230316,18.807892,895.44507,11.126314,241.82013,67.594925
2022-06-29 06:00:00,25.710175,18.739594,895.20544,11.257425,242.30113,65.41521
2022-06-29 07:00:00,25.907196,18.615326,894.71326,11.392883,242.85236,64.15532
2022-06-29 08:00:00,26.55304,18.711853,894.1463,11.464814,243.67215,62.127483
2022-06-29 09:00:00,26.590271,18.695007,893.57654,11.38466,244.21906,61.926067
2022-06-29 10:00:00,26.271484,18.678497,893.0568,10.232396,248.03273,63.036514
2022-06-29 11:00:00,26.182465,18.679413,892.9771,9.923439,246.72937,63.372547
2022-06-29 12:00:00,26.067444,18.635162,893.15466,9.49509,243.6905,63.628624
2022-06-29 13:00:00,25.844147,18.742584,893.4922,9.163346,238.63637,64.90988
2022-06-29 14:00:00,24.819794,18.914886,894.01776,9.147034,233.74014,69.73388
2022-06-29 15:00:00,24.037048,18.919525,894.5066,9.273197,230.1686,73.101166
2022-06-29 16:00:00,23.904785,18.967407,894.9327,9.551499,227.6367,73.90492
2022-06-29 17:00:00,23.239899,18.915771,895.15295,9.904726,226.79204,76.67877
2022-06-29 18:00:00,23.085846,18.944489,895.14154,10.308659,227.58748,77.53499
2022-06-29 19:00:00,22.905457,18.975555,894.8407,10.623318,228.96939,78.53823
2022-06-29 20:00:00,22.373688,18.880707,894.41376,10.87677,230.59207,80.635315
2022-06-29 21:00:00,22.241241,18.851654,894.0425,11.018357,231.9571,81.14032
2022-06-29 22:00:00,21.918457,18.803497,893.8485,10.279715,235.93167,82.503716
2022-06-29 23:00:00,21.837738,18.798798,893.801,10.465602,236.05988,82.88685
2022-06-30 00:00:00,21.94812,18.91568,893.99023,10.480971,236.17581,82.93353
2022-06-30 01:00:00,22.053345,18.897675,894.41815,10.336734,235.97043,82.3105
2022-06-30 02:00:00,23.227264,19.210632,894.846,10.676621,236.00812,78.16124
2022-06-30 03:00:00,23.568146,19.167694,895.1641,10.990615,237.16017,76.36537
2022-06-30 04:00:00,23.851074,19.101166,895.3424,11.072054,238.59927,74.76508
2022-06-30 05:00:00,25.117554,19.138794,895.3429,11.087259,239.8869,69.469955
2022-06-30 06:00:00,25.569061,19.091858,895.1662,11.076294,241.29904,67.43188
2022-06-30 07:00:00,25.750916,19.112732,894.7905,11.028908,242.56076,66.79509
2022-06-30 08:00:00,26.01892,19.10846,894.2635,10.908729,243.59976,65.72564
2022-06-30 09:00:00,26.120514,19.054382,893.7328,10.719328,244.48465,65.11201
2022-06-30 10:00:00,25.814789,19.120422,893.151,10.029374,248.13841,66.57459
2022-06-30 11:00:00,25.667023,19.05246,893.0156,9.700323,247.8558,66.876495
2022-06-30 12:00:00,25.566101,19.033508,893.15405,9.250988,245.27261,67.198784
2022-06-30 13:00:00,25.383606,19.121674,893.53925,8.976651,241.16805,68.30577
2022-06-30 14:00:00,24.54953,19.270905,894.0569,8.923458,237.29231,72.4598
2022-06-30 15:00:00,23.700165,19.121124,894.6499,8.947473,234.61487,75.54101
2022-06-30 16:00:00,23.538574,19.181,895.144,9.132802,233.21866,76.56505
2022-06-30 17:00:00,23.038208,19.158905,895.41064,9.400435,233.02618,78.80542
2022-06-30 18:00:00,22.873322,19.138336,895.36206,9.744069,234.03784,79.49409
2022-06-30 19:00:00,22.677216,19.197083,895.09717,10.09324,235.98788,80.739815
2022-06-30 20:00:00,22.162903,19.040375,894.7456,10.327583,238.29654,82.49418
2022-06-30 21:00:00,22.003113,19.01535,894.4157,10.448466,240.62924,83.17149
2022-06-30 22:00:00,21.743286,18.925537,894.2776,10.547403,245.35092,84.02883
2022-06-30 23:00:00,21.667297,18.908356,894.26874,10.561097,246.74673,84.32948
