timestamp,temperature_C,dewpoint_C,pressure_hPa,wind_speed_kmh,wind_direction_deg,relative_humidity_pct
2021-01-01 00:00:00,9.986267,4.686676,900.98346,7.261216,54.55664,69.61649
2021-01-01 01:00:00,10.030701,4.7181396,901.4963,7.484707,55.61316,69.562454
2021-01-01 02:00:00,11.031525,5.216461,902.23724,7.725112,57.15805,67.373665
2021-01-01 03:00:00,11.661102,5.523468,902.91296,7.888495,60.321716,66.015625
2021-01-01 04:00:00,12.713745,6.1636353,903.35583,7.609972,62.791016,64.38886
2021-01-01 05:00:00,15.351776,6.485962,903.2282,6.8915906,62.825348,55.487007
2021-01-01 06:00:00,16.254456,6.468445,902.6525,6.0415325,58.531464,52.312286
2021-01-01 07:00:00,16.606384,6.5964355,901.77325,5.3993926,51.8407,51.606197
2021-01-01 08:00:00,17.779633,6.491028,900.9291,5.098099,44.883667,47.569
2021-01-01 09:00:00,17.899475,6.4788513,900.40076,5.2947474,41.009705,47.172005
2021-01-01 10:00:00,16.461517,7.2519226,900.08154,4.9913836,38.36615,54.477615
2021-01-01 11:00:00,16.325836,7.204834,900.02905,5.824912,41.22534,54.773407
2021-01-01 12:00:00,16.045074,7.1779785,900.1873,6.3283443,41.05069,55.660183
2021-01-01 13:00:00,15.745972,7.0577393,900.6152,6.673123,43.543213,56.268997
2021-01-01 14:00:00,14.598053,7.029999,901.0839,6.9292073,46.30661,60.46077
2021-01-01 15:00:00,13.317505,6.5811768,901.5058,7.007973,48.56555,63.70397
2021-01-01 16:00:00,13.171692,6.5993958,901.71936,6.973432,50.66751,64.39325
2021-01-01 17:00:00,12.232849,6.3444824,901.7678,6.901285,52.243378,67.2864
2021-01-01 18:00:00,12.039856,6.2798767,901.6314,6.8651237,53.34729,67.843475
2021-01-01 19:00:00,11.903381,6.2415466,901.3486,6.841166,53.783997,68.275505
2021-01-01 20:00:00,11.206543,5.9938965,901.0316,6.8294024,53.216797,70.28187
2021-01-01 21:00:00,11.098938,5.9287415,900.7564,6.87851,52.101135,70.46712
2021-01-01 22:00:00,10.663086,5.7079163,900.65875,6.1975555,58.022644,71.43792
2021-01-01 23:00:00,10.537781,5.6376953,900.65686,6.527523,54.934753,71.687004
2021-01-02 00:00:00,10.695953,5.7080383,900.8968,6.7987103,53.834656,71.282455
2021-01-02 01:00:00,10.674072,5.724701,901.4232,7.0613914,54.088165,71.4687
2021-01-02 02:00:00,11.701569,6.1647644,902.1181,7.25035,54.85672,68.82503
2021-01-02 03:00:00,12.063171,6.170349,902.8251,7.3817644,56.941437,67.22986
2021-01-02 04:00:00,12.662567,6.3461914,903.22687,6.8810105,57.32904,65.42313
2021-01-02 05:00:00,15.268066,6.8267517,903.1777,6.148932,53.021454,57.10746
2021-01-02 06:00:00,16.474823,6.9293823,902.61597,5.5437016,44.401245,53.242702
2021-01-02 07:00:00,16.77475,7.0753174,901.72925,5.2711387,35.89731,52.76272
2021-01-02 08:00:00,17.889038,7.2194214,900.7874,5.3030877,29.847961,49.662945
2021-01-02 09:00:00,18.010895,7.2227173,900.1459,5.6323776,27.639404,49.29494
2021-01-02 10:00:00,16.57193,7.727173,899.783,5.5125055,27.459839,55.879887
2021-01-02 11:00:00,16.45691,7.7145996,899.90344,6.429302,31.030823,56.24186
2021-01-02 12:00:00,16.264984,7.7542725,900.1422,6.995767,32.47119,57.087296
2021-01-02 13:00:00,16.071777,7.6460876,900.50665,7.330705,34.677094,57.370384
2021-01-02 14:00:00,14.977386,7.702057,900.90436,7.5226727,36.80008,61.772774
2021-01-02 15:00:00,13.825531,7.287781,901.2882,7.565259,38.911438,64.692024
2021-01-02 16:00:00,13.633911,7.2687683,901.5364,7.53426,41.186554,65.41737
2021-01-02 17:00:00,12.760651,7.032654,901.5524,7.5152493,43.2735,68.14261
2021-01-02 18:00:00,12.549438,6.961029,901.39026,7.446126,44.636017,68.7539
2021-01-02 19:00:00,12.437805,6.9415283,901.00696,7.357261,45.4769,69.16673
2021-01-02 20:00:00,11.829926,6.707672,900.55334,7.3427663,46.02585,70.84291
2021-01-02 21:00:00,11.727753,6.6972046,900.1749,7.390932,46.18152,71.27077
2021-01-02 22:00:00,11.114136,6.3308716,899.91345,7.079961,49.918182,72.376595
2021-01-02 23:00:00,11.069519,6.2949524,899.8116,7.44431,49.727295,72.41169
2021-01-03 00:00:00,11.333649,6.5175476,900.00165,7.6576643,50.918213,72.25401
2021-01-03 01:00:00,11.23642,6.473053,900.5238,7.815756,52.7269,72.498505
2021-01-03 02:00:00,12.158051,7.024872,901.14484,7.861993,54.935364,70.853294
2021-01-03 03:00:00,12.582855,7.2019043,901.76135,7.744223,57.80374,69.744286
2021-01-03 04:00:00,13.247742,7.3179016,902.09534,7.148055,60.487885,67.30891
2021-01-03 05:00:00,15.839478,7.936798,901.9139,6.1119413,59.31137,59.391754
2021-01-03 06:00:00,16.70752,7.9198,901.32367,5.224125,54.299683,56.131805
2021-01-03 07:00:00,16.986847,7.996277,900.48303,4.5812035,47.319977,55.433678
2021-01-03 08:00:00,18.277618,8.2092285,899.65717,4.3626676,42.3349,51.84606
2021-01-03 09:00:00,18.431335,8.282257,899.07733,4.537004,41.78247,51.603844
2021-01-03 10:00:00,17.099762,8.830139,898.76935,4.314564,48.147156,58.237476
2021-01-03 11:00:00,16.998383,8.814941,898.9146,5.133625,49.190826,58.55242
2021-01-03 12:00:00,16.83316,8.91449,899.26227,5.717005,50.367645,59.567825
2021-01-03 13:00:00,16.61502,8.8359375,899.7564,6.0282707,52.38611,60.07905
2021-01-03 14:00:00,15.555634,8.813293,900.2469,6.2384043,54.74579,64.181564
2021-01-03 15:00:00,14.478424,8.462738,900.6744,6.3683825,57.10611,67.17495
2021-01-03 16:00:00,14.284821,8.421326,900.97125,6.4468746,59.425964,67.8304
2021-01-03 17:00:00,13.5312805,8.243378,900.9775,6.497916,60.695007,70.37497
2021-01-03 18:00:00,13.329803,8.216614,900.8544,6.486011,61.034424,71.17504
2021-01-03 19:00:00,13.181915,8.171204,900.57544,6.427219,61.268127,71.643654
2021-01-03 20:00:00,12.472992,7.8988647,900.36206,6.398597,60.642944,73.66912
2021-01-03 21:00:00,12.402161,7.93985,900.10425,6.452421,59.87018,74.21897
2021-01-03 22:00:00,12.014832,7.780884,900.0227,6.033659,62.25107,75.31421
2021-01-03 23:00:00,11.9887085,7.7658386,900.0971,6.4004083,60.753845,75.36663
2021-01-04 00:00:00,12.170258,7.897583,900.42267,6.6297927,60.83603,75.14225
2021-01-04 01:00:00,12.1657715,7.9193115,901.0164,6.8363504,61.972565,75.27558
2021-01-04 02:00:00,12.97345,8.320038,901.7162,7.027973,64.07077,73.36261
2021-01-04 03:00:00,13.352325,8.565704,902.4264,7.033755,67.40857,72.77182
2021-01-04 04:00:00,13.878174,8.830872,902.74475,6.498431,71.174774,71.597275
2021-01-04 05:00:00,15.996002,9.141693,902.57196,5.3544335,70.48529,63.79687
2021-01-04 06:00:00,17.145355,9.272308,901.8972,4.3570557,65.06839,59.82645
2021-01-04 07:00:00,17.425934,9.324188,901.0916,3.762128,57.855164,58.98028
2021-01-04 08:00:00,18.328888,9.462402,900.3514,3.601252,52.113037,56.24283
2021-01-04 09:00:00,18.470306,9.550476,899.9532,3.8820722,48.319458,56.0773
2021-01-04 10:00:00,17.08786,10.041718,899.66626,3.7218404,38.528534,63.225048
2021-01-04 11:00:00,16.979614,10.091339,899.95,4.764704,40.074707,63.87152
2021-01-04 12:00:00,16.810425,10.179779,900.2944,5.3807325,40.589417,64.943016
2021-01-04 13:00:00,16.587158,10.1579895,900.7731,5.817349,42.384247,65.77438
2021-01-04 14:00:00,15.783478,10.158936,901.2301,6.0988083,45.50583,69.236305
2021-01-04 15:00:00,14.80603,9.794434,901.63947,6.140646,48.52597,71.943
2021-01-04 16:00:00,14.602142,9.744324,901.8501,6.0921845,51.36606,72.65067
2021-01-04 17:00:00,13.899109,9.576813,901.78845,6.0553117,53.256775,75.182465
2021-01-04 18:00:00,13.693878,9.4930725,901.5499,6.02369,54.560608,75.76393
2021-01-04 19:00:00,13.540192,9.423889,901.2239,6.00587,55.335724,76.17001
2021-01-04 20:00:00,12.987518,9.178101,900.92206,6.00458,55.78943,77.670204
2021-01-04 21:00:00,12.885803,9.125092,900.6771,6.0930295,55.543365,77.909744
2021-01-04 22:00:00,12.438324,8.918243,900.44086,5.5207844,51.578888,79.11651
2021-01-04 23:00:00,12.385132,8.892273,900.54016,5.9882627,51.431427,79.25423
2021-01-05 00:00:00,12.535706,8.941315,900.8834,6.28624,53.71161,78.735146
2021-01-05 01:00:00,12.554749,8.985291,901.4656,6.5740376,56.47513,78.8705
2021-01-05 02:00:00,13.392334,9.342499,902.1354,6.7835674,59.35724,76.48712
2021-01-05 03:00:00,13.913971,9.5373535,902.67896,6.7453036,62.65616,74.91129
2021-01-05 04:00:00,14.404602,9.693115,902.9127,6.30148,64.719604,73.33122
2021-01-05 05:00:00,16.410461,10.059387,902.6808,5.459922,65.40796,66.080666
2021-01-05 06:00:00,17.261139,10.111786,902.0886,4.5216475,63.81784,62.82941
2021-01-05 07:00:00,17.58319,10.234528,901.2436,3.7656972,58.98645,62.071587
2021-01-05 08:00:00,18.536865,10.449982,900.44135,3.3419747,51.060394,59.307774
2021-01-05 09:00:00,18.647339,10.4262085,899.88104,3.37564,44.991333,58.80589
2021-01-05 10:00:00,17.37561,10.606628,899.5778,2.762714,40.575653,64.470055
2021-01-05 11:00:00,17.24762,10.633362,899.7488,3.8929138,42.256165,65.109406
2021-01-05 12:00:00,17.058075,10.737915,900.0044,4.5698423,44.54596,66.354996
2021-01-05 13:00:00,16.885284,10.770721,900.42194,4.897837,47.787994,67.23197
2021-01-05 14:00:00,16.00772,10.80838,900.8885,5.0708094,50.617645,71.27041
2021-01-05 15:00:00,15.013977,10.4687195,901.2912,5.093356,52.927734,74.258354
2021-01-05 16:00:00,14.786163,10.351379,901.4695,5.018953,54.66504,74.76821
2021-01-05 17:00:00,14.12912,10.169006,901.3391,4.910785,54.662598,77.0662
2021-01-05 18:00:00,13.96405,10.108917,901.0479,4.831234,53.657227,77.58293
2021-01-05 19:00:00,13.824158,10.079834,900.6661,4.777773,51.87979,78.13832
2021-01-05 20:00:00,13.326782,9.84613,900.32587,4.84179,50.333527,79.455345
2021-01-05 21:00:00,13.207642,9.778198,900.05493,4.958336,48.273132,79.71138
2021-01-05 22:00:00,12.659882,9.490662,899.69226,4.2871375,37.52591,81.039
2021-01-05 23:00:00,12.596344,9.414154,899.63135,4.685866,37.496643,80.95988
2021-01-06 00:00:00,12.821381,9.513794,899.87994,4.98609,40.32721,80.31129
2021-01-06 01:00:00,12.813232,9.508545,900.4215,5.2558208,43.63684,80.32579
2021-01-06 02:00:00,13.680603,9.943329,901.1203,5.3722997,47.476685,78.153465
2021-01-06 03:00:00,13.959625,9.933044,901.6607,5.3460455,50.951965,76.69762
2021-01-06 04:00:00,14.388702,10.072693,901.8058,4.7236457,53.73001,75.29636
2021-01-06 05:00:00,16.65924,10.463959,901.5086,3.7643871,51.60544,66.82455
2021-01-06 06:00:00,17.651337,10.421326,900.75214,2.9900486,41.766907,62.58069
2021-01-06 07:00:00,17.857056,10.390533,899.78546,2.6012154,26.930573,61.64837
2021-01-06 08:00:00,18.775787,10.326111,898.8739,2.491781,15.394714,57.94735
2021-01-06 09:00:00,18.850769,10.3437195,898.29376,2.6537647,10.952606,57.744335
2021-01-06 10:00:00,17.392914,10.473114,898.0436,2.3261442,11.699585,63.829403
2021-01-06 11:00:00,17.341858,10.584778,898.14307,3.0648983,23.784546,64.51374
2021-01-06 12:00:00,17.160645,10.581604,898.53186,3.292864,28.858704,65.24333
2021-01-06 13:00:00,16.892609,10.545197,899.11237,3.4480355,31.047394,66.199646
2021-01-06 14:00:00,15.987183,10.470825,899.73694,3.4598622,32.57779,69.77832
2021-01-06 15:00:00,14.979584,10.084808,900.21765,3.4238849,33.58539,72.53979
2021-01-06 16:00:00,14.768646,9.956696,900.41846,3.377743,33.03769,72.90442
2021-01-06 17:00:00,13.925354,9.643341,900.37555,3.346807,31.753876,75.39038
2021-01-06 18:00:00,13.765137,9.589142,900.10693,3.3839986,29.58432,75.901985
2021-01-06 19:00:00,13.595703,9.511688,899.80695,3.5299015,27.628113,76.344444
2021-01-06 20:00:00,12.954498,9.240601,899.3918,3.757594,25.746643,78.1662
2021-01-06 21:00:00,12.794006,9.158386,899.04596,4.068585,24.299744,78.55503
2021-01-06 22:00:00,12.390411,8.975708,898.6931,4.071957,29.905396,79.673996
2021-01-06 23:00:00,12.276123,8.955963,898.6158,4.3614473,30.78003,80.16751
2021-01-07 00:00:00,12.352234,8.98938,898.87897,4.5485907,32.95117,79.94767
2021-01-07 01:00:00,12.191071,8.884766,899.5408,4.748482,36.076385,80.23061
2021-01-07 02:00:00,13.033722,9.250458,900.294,4.8882103,38.40439,77.8142
2021-01-07 03:00:00,13.266266,9.220428,900.92096,4.9343038,39.85959,76.48737
2021-01-07 04:00:00,13.725983,9.212555,901.1969,4.5001426,36.322144,74.19324
2021-01-07 05:00:00,16.034546,9.445953,900.85516,4.1376457,29.765503,64.95619
2021-01-07 06:00:00,16.798187,9.354584,900.076,3.8517916,20.93451,61.496426
2021-01-07 07:00:00,17.201965,9.460236,899.1147,3.7178037,10.547577,60.370594
2021-01-07 08:00:00,18.208496,9.299103,898.3022,3.7476544,2.9876099,56.050472
2021-01-07 09:00:00,18.319397,9.228546,897.774,3.958058,1.0046997,55.39821
2021-01-07 10:00:00,17.064941,9.625916,897.4126,3.818869,6.968567,61.57756
2021-01-07 11:00:00,17.002289,9.658234,897.5108,4.54556,18.955933,61.956573
2021-01-07 12:00:00,16.805847,9.609528,897.8215,4.8384123,23.92389,62.52827
2021-01-07 13:00:00,16.53299,9.505676,898.2954,5.10513,29.247406,63.17923
2021-01-07 14:00:00,15.610046,9.477356,898.777,5.222763,34.8562,66.88394
2021-01-07 15:00:00,14.416473,9.004517,899.13837,5.1929536,39.59204,69.9593
2021-01-07 16:00:00,14.246216,8.930542,899.2647,5.0792723,43.32611,70.38177
2021-01-07 17:00:00,13.463257,8.68454,899.0932,4.9514427,45.58658,72.83092
2021-01-07 18:00:00,13.39035,8.734863,898.7553,4.8691316,46.890594,73.42686
2021-01-07 19:00:00,13.254181,8.686737,898.3974,4.830199,47.5195,73.840866
2021-01-07 20:00:00,12.707886,8.545807,898.0298,4.836888,47.37976,75.79871
2021-01-07 21:00:00,12.615967,8.495819,897.7299,4.8262305,47.215546,75.99897
2021-01-07 22:00:00,12.132996,8.213379,897.3727,4.6164727,47.556793,76.96026
2021-01-07 23:00:00,12.069275,8.182404,897.4264,4.64449,47.388702,77.121346
2021-01-08 00:00:00,12.1614685,8.193054,897.76544,4.636987,49.707764,76.71039
2021-01-08 01:00:00,12.196991,8.240143,898.46906,4.654277,52.2547,76.776306
2021-01-08 02:00:00,13.065643,8.484741,899.2427,4.7456093,55.15677,73.74037
2021-01-08 03:00:00,13.326721,8.520081,899.93823,4.7113314,59.35608,72.668625
2021-01-08 04:00:00,14.056915,8.897522,900.2953,4.2166696,63.853546,71.091286
2021-01-08 05:00:00,16.30661,9.103485,900.15533,3.2841222,63.64511,62.38502
2021-01-08 06:00:00,17.112885,9.1840515,899.54694,2.311016,51.09146,59.594433
2021-01-08 07:00:00,17.369263,9.263184,898.7039,1.8901112,30.692719,58.94931
2021-01-08 08:00:00,18.479828,9.315063,897.8801,1.9592315,16.907654,55.16423
2021-01-08 09:00:00,18.611786,9.204163,897.3727,2.3487434,15.716187,54.30364
2021-01-08 10:00:00,17.25119,9.589935,897.06116,2.4115503,25.960205,60.709435
2021-01-08 11:00:00,17.111542,9.588684,897.1692,3.5262156,35.16748,61.242973
2021-01-08 12:00:00,16.885345,9.565247,897.5464,4.0885234,36.634796,62.02918
2021-01-08 13:00:00,16.680603,9.600281,898.1711,4.5603943,40.374756,62.988228
2021-01-08 14:00:00,15.686584,9.463348,898.8361,4.935064,44.4205,66.49446
2021-01-08 15:00:00,14.671814,9.159454,899.3937,5.125649,47.9563,69.53774
2021-01-08 16:00:00,14.470642,9.098267,899.6382,5.1761866,50.472626,70.156815
2021-01-08 17:00:00,13.658966,8.8298645,899.6501,5.2173524,52.376892,72.619026
2021-01-08 18:00:00,13.511597,8.815063,899.44336,5.3166227,53.671173,73.24521
2021-01-08 19:00:00,13.323975,8.731384,899.142,5.4034953,54.01187,73.72778
2021-01-08 20:00:00,12.59552,8.355347,898.85626,5.4530773,53.92978,75.38017
2021-01-08 21:00:00,12.50882,8.323547,898.6129,5.534342,53.74414,75.64668
2021-01-08 22:00:00,12.207489,8.184937,898.36096,5.5490985,48.966248,76.436455
2021-01-08 23:00:00,12.167145,8.179962,898.3572,5.872326,49.04706,76.61364
2021-01-09 00:00:00,12.263733,8.192139,898.59735,6.1194506,50.863678,76.19163
2021-01-09 01:00:00,12.191223,8.131622,899.1907,6.3876133,53.123535,76.241806
2021-01-09 02:00:00,12.915344,8.4279785,899.8926,6.6269946,56.035614,74.182465
2021-01-09 03:00:00,13.234528,8.446045,900.5847,6.6775312,59.700745,72.74118
2021-01-09 04:00:00,13.886353,8.827484,900.9325,6.115012,63.51364,71.542915
2021-01-09 05:00:00,16.110962,9.197205,900.7824,5.154148,61.906494,63.56778
2021-01-09 06:00:00,16.873016,9.266602,900.147,4.2764935,55.422516,60.844093
2021-01-09 07:00:00,17.237366,9.352997,899.22076,3.6570125,48.08673,59.802975
2021-01-09 08:00:00,18.353882,9.424713,898.3878,3.3273482,41.497772,56.01272
2021-01-09 09:00:00,18.488617,9.403748,897.86255,3.3736935,39.082855,55.463623
2021-01-09 10:00:00,17.17862,9.580048,897.5305,3.1529005,33.20575,60.948235
2021-01-09 11:00:00,17.045624,9.56131,897.69775,3.9735153,41.230377,61.386185
2021-01-09 12:00:00,16.887054,9.578949,898.07513,4.2126517,45.19153,62.079533
2021-01-09 13:00:00,16.625153,9.529907,898.6661,4.392564,49.296783,62.91255
2021-01-09 14:00:00,15.655548,9.436584,899.2908,4.5765247,53.395325,66.50697
2021-01-09 15:00:00,14.438171,8.96347,899.842,4.6457243,56.96472,69.66816
2021-01-09 16:00:00,14.198242,8.848755,900.11115,4.597524,59.947296,70.212
2021-01-09 17:00:00,13.424988,8.681641,900.04974,4.4902506,62.14328,72.99832
2021-01-09 18:00:00,13.290649,8.624786,899.86334,4.4225984,63.50403,73.357544
2021-01-09 19:00:00,13.095825,8.492401,899.5881,4.408754,64.09253,73.633354
2021-01-09 20:00:00,12.33725,8.129456,899.3705,4.4379106,63.23047,75.50253
2021-01-09 21:00:00,12.150116,7.9842834,899.1203,4.492272,61.913208,75.686775
2021-01-09 22:00:00,11.875488,8.01178,898.92896,3.812266,67.03381,77.21211
2021-01-09 23:00:00,11.803833,7.974762,898.87555,4.026867,63.27301,77.38283
2021-01-10 00:00:00,11.876678,7.952362,899.1057,4.2583375,62.330444,76.89483
2021-01-10 01:00:00,11.813934,7.9412537,899.67456,4.508926,62.63394,77.155304
2021-01-10 02:00:00,12.52356,8.114868,900.37146,4.7788243,63.606964,74.511055
2021-01-10 03:00:00,12.8585205,8.117462,901.10913,4.85778,64.02533,72.90694
2021-01-10 04:00:00,13.435822,8.290894,901.49756,4.568565,62.634705,71.04221
2021-01-10 05:00:00,15.838867,8.408295,901.5101,4.048032,57.99176,61.325653
2021-01-10 06:00:00,16.705261,8.568695,900.92163,3.4507253,49.982117,58.666348
2021-01-10 07:00:00,17.026642,8.685883,900.08875,3.004042,38.86847,57.94026
2021-01-10 08:00:00,18.165497,8.763763,899.1615,2.8382006,28.231995,54.209797
2021-01-10 09:00:00,18.32843,8.614685,898.56525,3.001263,23.171265,53.120403
2021-01-10 10:00:00,17.106567,8.745911,898.15234,2.713908,17.190613,57.88215
2021-01-10 11:00:00,16.924225,8.695892,898.1454,3.4912102,32.8808,58.35694
2021-01-10 12:00:00,16.737,8.6857605,898.5017,3.9630306,41.049164,59.013645
2021-01-10 13:00:00,16.34491,8.6032715,899.0396,4.3530073,46.67926,60.16654
2021-01-10 14:00:00,15.235168,8.592773,899.7457,4.644721,50.468384,64.5451
2021-01-10 15:00:00,14.200867,8.264679,900.3692,4.8080482,53.940735,67.47956
2021-01-10 16:00:00,13.912598,8.108795,900.72736,4.8237543,57.529724,68.02849
2021-01-10 17:00:00,13.060974,7.868744,900.7483,4.7475758,60.61133,70.74235
2021-01-10 18:00:00,12.856293,7.7351685,900.5884,4.647485,63.053223,71.046135
2021-01-10 19:00:00,12.625549,7.654907,900.2947,4.5642886,64.74048,71.73427
2021-01-10 20:00:00,11.85434,7.3676147,900.0222,4.552186,65.096466,73.99946
2021-01-10 21:00:00,11.704498,7.1713257,899.78204,4.5756793,64.28821,73.738335
2021-01-10 22:00:00,11.188293,6.8694153,899.73364,4.2984824,64.512115,74.737625
2021-01-10 23:00:00,11.066772,6.798004,899.70404,4.4910746,61.886322,74.97405
2021-01-11 00:00:00,11.181549,6.845825,899.9341,4.7578406,60.000885,74.65015
2021-01-11 01:00:00,11.128143,6.826721,900.5089,5.110376,58.747833,74.81679
2021-01-11 02:00:00,11.787628,7.0083923,901.2328,5.5341706,58.41394,72.521416
2021-01-11 03:00:00,12.395325,7.139221,901.9679,5.838322,57.439636,70.305435
2021-01-11 04:00:00,13.098694,7.214508,902.4406,6.08168,56.77716,67.488
2021-01-11 05:00:00,15.577393,7.68454,902.4598,6.027796,55.765137,59.367783
2021-01-11 06:00:00,16.29831,7.772522,901.93274,5.685903,52.617554,57.037086
2021-01-11 07:00:00,16.609467,7.8707886,901.105,5.2553706,47.361603,56.29447
2021-01-11 08:00:00,17.952026,7.70459,900.25073,4.9947333,41.59491,51.132286
2021-01-11 09:00:00,18.068878,7.651428,899.71344,5.0508738,37.808167,50.57454
2021-01-11 10:00:00,16.816772,7.8226013,899.41736,4.461071,38.69565,55.37652
2021-01-11 11:00:00,16.781586,7.6783447,899.4319,5.254449,41.59494,54.957684
2021-01-11 12:00:00,16.523651,7.733856,899.71454,5.6665125,46.098633,56.077164
2021-01-11 13:00:00,16.16217,7.572357,900.2671,5.8982143,48.119507,56.754555
2021-01-11 14:00:00,15.040283,7.7513733,900.9221,6.0059643,49.78784,61.730362
2021-01-11 15:00:00,13.923218,7.540985,901.4778,6.004535,51.9787,65.40439
2021-01-11 16:00:00,13.565094,7.3302307,901.753,5.8345904,53.890137,65.98745
2021-01-11 17:00:00,12.662323,7.0763245,901.73474,5.6714087,55.0943,68.78824
2021-01-11 18:00:00,12.512146,7.041992,901.4788,5.541866,55.331635,69.30563
2021-01-11 19:00:00,12.2565,6.930084,901.118,5.4912395,54.351715,69.94036
2021-01-11 20:00:00,11.582703,6.667816,900.70233,5.4523926,52.125183,71.811584
2021-01-11 21:00:00,11.411072,6.5632935,900.3161,5.5423536,49.613373,72.11123
2021-01-11 22:00:00,10.969299,6.2676697,900.17847,5.796899,50.49646,72.75799
2021-01-11 23:00:00,10.880066,6.223633,900.13116,6.0813694,48.926117,72.96863
2021-01-12 00:00:00,10.882172,6.1651306,900.31726,6.3368263,48.541016,72.66468
2021-01-12 01:00:00,10.850983,6.148224,900.8261,6.6085258,49.49933,72.73055
2021-01-12 02:00:00,11.596191,6.444336,901.4649,6.9067745,51.206604,70.65355
2021-01-12 03:00:00,12.013855,6.518341,902.13385,7.1651607,53.48468,69.08464
2021-01-12 04:00:00,12.797211,6.749878,902.60834,7.0864573,53.58145,66.67422
2021-01-12 05:00:00,15.483551,6.9945984,902.63727,6.7108984,50.648895,56.97547
2021-01-12 06:00:00,16.354065,6.8406982,902.13806,6.2120647,45.112732,53.32808
2021-01-12 07:00:00,16.645325,6.9308167,901.2681,5.716519,38.39679,52.673977
2021-01-12 08:00:00,17.973206,6.768524,900.36694,5.4642844,31.87796,47.89784
2021-01-12 09:00:00,18.11026,6.854126,899.6727,5.509363,28.307648,47.76683
2021-01-12 10:00:00,16.872498,6.9091187,899.3237,5.1198463,28.52304,51.842815
2021-01-12 11:00:00,16.757904,6.846527,899.2273,5.724725,36.110596,51.997383
2021-01-12 12:00:00,16.528748,6.9238586,899.39056,5.84547,41.07303,53.040337
2021-01-12 13:00:00,16.19455,6.8078613,899.81726,5.952436,44.137238,53.751503
2021-01-12 14:00:00,14.968445,7.007416,900.419,5.999423,47.562744,58.94348
2021-01-12 15:00:00,13.726807,6.467621,901.02057,5.915742,50.539917,61.547
2021-01-12 16:00:00,13.360626,6.3829346,901.40967,5.7765765,53.43759,62.664665
2021-01-12 17:00:00,12.421539,6.213043,901.50635,5.5974703,55.500885,65.85834
2021-01-12 18:00:00,12.210083,5.969116,901.3491,5.4687085,56.761475,65.66474
2021-01-12 19:00:00,11.960754,5.922241,901.0616,5.3651257,56.918488,66.53525
2021-01-12 20:00:00,11.123291,5.650116,900.69727,5.3398075,56.514465,69.01023
2021-01-12 21:00:00,10.933502,5.533722,900.3225,5.393563,55.35733,69.32349
2021-01-12 22:00:00,10.452698,5.1783447,900.2239,4.709542,55.157898,69.83268
2021-01-12 23:00:00,10.364136,5.11261,900.0682,5.0530005,53.09433,69.92593
2021-01-13 00:00:00,10.4374695,5.0004272,900.3233,5.369944,52.798737,69.04364
2021-01-13 01:00:00,10.32196,4.9260864,900.8537,5.719605,53.719513,69.21834
2021-01-13 02:00:00,11.135498,5.1290894,901.59155,6.007857,54.823944,66.50537
2021-01-13 03:00:00,11.547363,5.214203,902.2296,6.289479,55.65869,65.10077
2021-01-13 04:00:00,12.416748,5.5349426,902.60297,6.3309007,54.888184,62.861805
2021-01-13 05:00:00,15.227173,5.8905945,902.5797,6.093155,52.883087,53.682594
2021-01-13 06:00:00,16.095825,5.8425903,902.0376,5.6793633,48.993896,50.611168
2021-01-13 07:00:00,16.429047,5.9359436,901.1623,5.2942376,43.21936,49.86886
2021-01-13 08:00:00,17.853333,5.7585754,900.24023,5.129701,37.500427,45.01538
2021-01-13 09:00:00,18.005737,5.6719666,899.5637,5.2195215,34.8945,44.319416
2021-01-13 10:00:00,16.810394,6.122925,899.24384,4.6389594,35.84616,49.307674
2021-01-13 11:00:00,16.781738,6.251404,899.27484,5.0914316,43.446228,49.837017
2021-01-13 12:00:00,16.420746,6.023102,899.5483,5.1901693,48.06778,50.19651
2021-01-13 13:00:00,16.025482,5.7382507,900.0054,5.2992506,51.41873,50.473183
2021-01-13 14:00:00,14.686401,5.807617,900.5712,5.3119245,54.863007,55.26567
2021-01-13 15:00:00,13.433899,5.583069,901.1287,5.205356,58.280426,59.013897
2021-01-13 16:00:00,13.143066,5.5615234,901.53284,5.0750365,61.027863,60.05378
2021-01-13 17:00:00,12.225159,5.3588867,901.6171,4.905066,63.305786,62.885178
2021-01-13 18:00:00,12.007477,5.3613586,901.45087,4.775645,64.12564,63.80327
2021-01-13 19:00:00,11.75531,5.198395,901.0904,4.6954994,63.970245,64.1424
2021-01-13 20:00:00,10.987854,4.9131165,900.75916,4.6808662,62.47644,66.15783
2021-01-13 21:00:00,10.8029785,4.754303,900.411,4.7517447,60.05838,66.23786
2021-01-13 22:00:00,10.4531555,4.5256042,900.223,4.7216363,58.072815,66.72438
2021-01-13 23:00:00,10.293091,4.469391,900.1471,5.055624,54.774353,67.1761
2021-01-14 00:00:00,10.36969,4.589752,900.37866,5.4051266,53.583252,67.39821
2021-01-14 01:00:00,10.316528,4.5290527,900.973,5.7919908,52.99814,67.351425
2021-01-14 02:00:00,11.157074,4.722351,901.67,6.149503,53.939972,64.55491
2021-01-14 03:00:00,11.630768,4.83136,902.33673,6.4756875,55.48633,63.040386
2021-01-14 04:00:00,12.711639,5.4473877,902.785,6.322398,54.89514,61.28483
2021-01-14 05:00:00,15.62088,5.860321,902.6931,6.029176,51.214203,52.234886
2021-01-14 06:00:00,16.65802,5.9308167,902.01587,5.7410336,42.197784,49.130817
2021-01-14 07:00:00,17.078094,6.1896667,900.9416,5.648077,32.5856,48.70192
2021-01-14 08:00:00,18.274109,6.1219482,900.0146,5.7125354,26.526703,44.95558
2021-01-14 09:00:00,18.43692,6.0986023,899.35693,5.9698668,25.379547,44.42744
2021-01-14 10:00:00,17.186157,6.753845,899.0419,5.9909625,30.31247,50.284588
2021-01-14 11:00:00,17.095612,6.6029053,899.0859,6.5941143,37.49298,50.05187
2021-01-14 12:00:00,16.794678,6.6664734,899.3702,6.9284296,40.434753,51.23891
2021-01-14 13:00:00,16.37738,6.3650513,899.7589,7.17869,43.8356,51.536274
2021-01-14 14:00:00,15.154083,6.3719482,900.24615,7.1931105,47.453735,55.756535
2021-01-14 15:00:00,14.083405,6.180725,900.7319,7.07984,51.00241,58.962452
2021-01-14 16:00:00,13.898254,6.1023865,901.0385,6.8936257,54.504974,59.352917
2021-01-14 17:00:00,13.011108,5.8509216,900.99384,6.6382275,57.632507,61.799335
2021-01-14 18:00:00,12.77121,5.7180786,900.6693,6.389129,60.13913,62.20221
2021-01-14 19:00:00,12.61142,5.6115723,900.2565,6.209804,62.10208,62.394733
2021-01-14 20:00:00,11.7655945,5.3759766,899.88336,6.093324,62.819763,64.894485
2021-01-14 21:00:00,11.60849,5.317169,899.5882,5.9737816,62.914673,65.303856
2021-01-14 22:00:00,10.955658,5.0210266,899.3391,5.6982913,65.95514,66.79952
2021-01-14 23:00:00,10.847107,4.9825745,899.3145,5.68299,66.04074,67.10304
2021-01-15 00:00:00,10.984528,5.05365,899.54474,5.6530166,66.216644,66.82318
2021-01-15 01:00:00,11.012878,5.0566406,900.0531,5.584557,66.74863,66.71143
2021-01-15 02:00:00,11.849731,5.2622375,900.74164,5.499484,67.81827,64.02763
2021-01-15 03:00:00,12.3063965,5.4388733,901.3929,5.3708916,69.20215,62.89853
2021-01-15 04:00:00,13.097992,5.724457,901.76117,4.778035,69.672485,60.914345
2021-01-15 05:00:00,15.849731,6.403076,901.64166,3.8705854,65.822266,53.439926
2021-01-15 06:00:00,16.863617,6.5629883,900.98627,2.9589617,52.43741,50.653797
2021-01-15 07:00:00,17.282593,6.8282166,900.0425,2.4740212,29.173553,50.23464
2021-01-15 08:00:00,18.654205,7.083313,899.1641,2.6503546,8.371918,46.89656
2021-01-15 09:00:00,18.749664,7.1501465,898.54846,3.1619046,1.2936096,46.83124
2021-01-15 10:00:00,17.478668,7.792206,898.27765,2.8908093,6.82251,52.995396
2021-01-15 11:00:00,17.342377,7.6673584,898.3976,3.672618,21.280396,53.0008
2021-01-15 12:00:00,17.02301,7.7622375,898.7021,4.312976,26.853333,54.433147
2021-01-15 13:00:00,16.710114,7.6026,899.1248,4.7197742,31.448517,54.92325
2021-01-15 14:00:00,15.523712,7.6744385,899.5616,4.9348636,35.43878,59.531296
2021-01-15 15:00:00,14.259216,7.1708374,899.9295,5.01844,39.01294,62.397903
2021-01-15 16:00:00,14.085297,7.082245,900.12463,4.9705763,41.83484,62.723034
2021-01-15 17:00:00,13.192169,7.0621033,900.05835,4.8394604,43.08615,66.38149
2021-01-15 18:00:00,12.879089,6.8500977,899.83966,4.7907147,43.464203,66.77568
2021-01-15 19:00:00,12.664917,6.776062,899.50555,4.756893,43.10849,67.37528
2021-01-15 20:00:00,11.911346,6.5906982,899.1791,4.784374,42.181366,69.89964
2021-01-15 21:00:00,11.656128,6.4208374,898.83295,4.8639345,40.999817,70.26067
2021-01-15 22:00:00,11.100372,6.1542053,898.6078,4.4720416,39.580048,71.565834
2021-01-15 23:00:00,10.997986,6.0942383,898.65875,4.8494873,37.912537,71.756134
2021-01-16 00:00:00,11.08963,6.172577,898.9408,5.119733,37.818512,71.70766
2021-01-16 01:00:00,11.053009,6.119385,899.53174,5.3326902,39.242737,71.618774
2021-01-16 02:00:00,11.579254,6.297882,900.1855,5.463323,40.98703,70.022896
2021-01-16 03:00:00,11.995514,6.4157104,900.7983,5.5242405,41.793365,68.681404
2021-01-16 04:00:00,12.613281,6.4901123,901.10474,5.34606,36.075165,66.28822
2021-01-16 05:00:00,15.238037,7.001709,900.9649,5.3236885,28.415436,57.90816
2021-01-16 06:00:00,16.013062,6.9490356,900.3574,5.208901,22.058044,54.90639
2021-01-16 07:00:00,16.389343,7.1723022,899.4835,5.098567,16.204865,54.43113
2021-01-16 08:00:00,17.556976,6.828003,898.66034,5.1200013,11.984741,49.37107
2021-01-16 09:00:00,17.732422,6.914337,898.1434,5.2705836,12.115784,49.11806
2021-01-16 10:00:00,16.56784,7.3091736,897.9758,4.44955,17.274994,54.32276
2021-01-16 11:00:00,16.474304,7.119232,898.18884,4.7955856,28.404846,53.94142
2021-01-16 12:00:00,16.274078,7.1114807,898.5009,5.0332527,36.160828,54.60432
2021-01-16 13:00:00,16.013641,7.0591736,898.92236,5.152361,41.80667,55.320244
2021-01-16 14:00:00,14.7659,6.97818,899.4157,5.1341615,47.0195,59.597862
2021-01-16 15:00:00,13.488342,6.5950317,899.86554,5.008444,51.917877,63.05905
2021-01-16 16:00:00,13.2092285,6.508606,900.14343,4.857899,55.751648,63.83598
2021-01-16 17:00:00,12.1996155,6.219879,900.15356,4.689131,58.53247,66.85704
2021-01-16 18:00:00,11.913635,6.0490417,900.0444,4.555361,60.68109,67.32927
2021-01-16 19:00:00,11.71991,5.9646606,899.8445,4.470851,61.79416,67.79874
2021-01-16 20:00:00,11.007507,5.764221,899.6372,4.5149174,61.7659,70.09387
2021-01-16 21:00:00,10.803131,5.634308,899.4451,4.7038493,60.607544,70.415726
2021-01-16 22:00:00,10.308014,5.223297,899.4907,4.2541003,60.819824,70.73052
2021-01-16 23:00:00,10.135193,5.1303406,899.618,4.9164968,58.114563,71.09066
2021-01-17 00:00:00,10.161499,5.1801453,899.9383,5.511845,58.422607,71.212
2021-01-17 01:00:00,10.17688,5.2190857,900.514,6.115563,59.852264,71.331696
2021-01-17 02:00:00,10.951324,5.608429,901.21295,6.6780863,62.477325,69.60092
2021-01-17 03:00:00,11.43573,5.711914,901.9049,7.1204634,64.44681,67.88679
2021-01-17 04:00:00,12.225159,5.9513245,902.3019,7.377991,67.52594,65.51911
2021-01-17 05:00:00,15.123047,6.5746765,902.2637,7.410051,70.39728,56.652588
2021-01-17 06:00:00,15.937103,6.6315002,901.74493,7.070153,71.40863,53.983974
2021-01-17 07:00:00,16.38089,6.799164,900.96686,6.5722327,70.870056,53.085594
2021-01-17 08:00:00,17.880707,6.99942,900.12366,6.144167,68.65167,48.94627
2021-01-17 09:00:00,18.113983,7.0490723,899.6055,5.9666057,65.90344,48.39806
2021-01-17 10:00:00,16.847198,7.5805664,899.29706,5.202033,65.61011,54.365807
2021-01-17 11:00:00,16.689789,7.4800415,899.4567,6.0364895,62.392212,54.53629
2021-01-17 12:00:00,16.457794,7.4496765,899.711,6.5149145,59.124207,55.231754
2021-01-17 13:00:00,16.092804,7.435272,900.20874,6.9986134,59.263977,56.475395
2021-01-17 14:00:00,14.993347,7.431122,900.7251,7.347645,60.900482,60.57948
2021-01-17 15:00:00,13.813416,6.9059143,901.2304,7.486932,62.425446,63.07225
2021-01-17 16:00:00,13.602173,6.838806,901.4969,7.503951,63.893585,63.650383
2021-01-17 17:00:00,12.644592,6.577881,901.5268,7.3948464,64.85718,66.55285
2021-01-17 18:00:00,12.482117,6.537781,901.3282,7.3571105,65.23535,67.08038
2021-01-17 19:00:00,12.259125,6.4784546,901.0463,7.2931013,65.0553,67.79264
2021-01-17 20:00:00,11.515106,6.189972,900.66693,7.339024,64.31647,69.799255
2021-01-17 21:00:00,11.37384,6.166687,900.33264,7.4201994,63.314728,70.34145
2021-01-17 22:00:00,10.853638,6.034027,900.07153,7.170028,62.12619,72.14686
2021-01-17 23:00:00,10.752533,6.0466003,900.0974,7.405913,61.563904,72.69648
2021-01-18 00:00:00,10.872925,6.118866,900.4255,7.655278,62.501373,72.47763
2021-01-18 01:00:00,10.862793,6.2033386,900.9571,7.9386997,63.981018,72.95027
2021-01-18 02:00:00,11.815521,6.689636,901.6033,8.259323,66.08258,70.82246
2021-01-18 03:00:00,12.106293,6.7460327,902.19214,8.461105,68.59332,69.748375
2021-01-18 04:00:00,12.964081,7.2488403,902.5442,8.158849,72.02185,68.24413
2021-01-18 05:00:00,15.663086,7.855438,902.39685,7.3622823,74.18451,59.734077
2021-01-18 06:00:00,16.565643,7.931671,901.77936,6.323034,72.60886,56.685745
2021-01-18 07:00:00,16.899078,8.045868,900.8484,5.4279814,68.38333,55.93106
2021-01-18 08:00:00,18.272247,8.026672,899.93335,4.7774315,61.548706,51.224552
2021-01-18 09:00:00,18.441162,7.9926453,899.3256,4.5971637,54.624756,50.56789
2021-01-18 10:00:00,17.2323,8.558868,898.8474,4.535865,48.564636,56.701843
2021-01-18 11:00:00,17.07602,8.4305725,898.8047,5.4072447,49.587463,56.77006
2021-01-18 12:00:00,16.898499,8.509796,898.94916,5.7002873,50.91391,57.72096
2021-01-18 13:00:00,16.630219,8.555176,899.3633,5.8198514,52.845978,58.892708
2021-01-18 14:00:00,15.43985,8.45401,899.82916,5.9529586,54.999268,63.107414
2021-01-18 15:00:00,14.235504,8.03183,900.2215,5.933218,57.16272,66.27249
2021-01-18 16:00:00,13.964508,8.028076,900.3526,5.864513,59.210663,67.42905
2021-01-18 17:00:00,13.072845,7.8172913,900.289,5.6840167,61.233948,70.440445
2021-01-18 18:00:00,12.857025,7.717102,899.9578,5.475513,62.50003,70.95535
2021-01-18 19:00:00,12.639038,7.5854187,899.5803,5.298146,62.942566,71.33215
2021-01-18 20:00:00,11.876984,7.310547,899.11597,5.144632,62.157043,73.60152
2021-01-18 21:00:00,11.724976,7.228882,898.7338,5.068179,60.424408,73.92924
2021-01-18 22:00:00,11.26358,7.1809387,898.41,4.2559156,60.833557,75.96974
2021-01-18 23:00:00,11.125977,7.0707703,898.42834,4.4738407,58.991028,76.08979
2021-01-19 00:00:00,11.273743,7.2254333,898.7564,4.592688,58.37079,76.15005
2021-01-19 01:00:00,11.256531,7.2469177,899.35126,4.7382593,58.779327,76.349
2021-01-19 02:00:00,11.935455,7.5533752,900.0708,4.858336,60.239838,74.54419
2021-01-19 03:00:00,12.259369,7.555298,900.76245,4.8394713,61.440857,72.98166
2021-01-19 04:00:00,12.809418,7.7832336,901.1832,4.4134903,60.758972,71.49801
2021-01-19 05:00:00,15.59671,8.466858,901.10736,3.8195343,55.000793,62.530678
2021-01-19 06:00:00,16.460968,8.363373,900.57983,3.2359588,43.230988,58.761513
2021-01-19 07:00:00,16.855988,8.503784,899.7475,2.91663,26.581207,57.853203
2021-01-19 08:00:00,18.102905,8.36853,898.88086,2.9979804,12.884033,52.98711
2021-01-19 09:00:00,18.244537,8.234711,898.284,3.3336396,6.8609314,52.04368
2021-01-19 10:00:00,17.257538,8.806885,897.8579,3.0863452,7.406952,57.568626
2021-01-19 11:00:00,17.156616,8.817566,897.906,3.6962671,22.290222,57.979057
2021-01-19 12:00:00,17.003784,8.838898,898.2459,3.9993083,34.27362,58.62714
2021-01-19 13:00:00,16.716034,8.938995,898.7056,4.152602,40.0502,60.11151
2021-01-19 14:00:00,15.537689,8.88623,899.2827,4.1552525,44.779785,64.57257
2021-01-19 15:00:00,14.381165,8.431885,899.7907,4.1004014,49.188507,67.457344
2021-01-19 16:00:00,14.117249,8.31897,900.12836,3.979968,52.30539,68.096176
2021-01-19 17:00:00,13.287201,8.176025,900.1171,3.829827,55.10388,71.17665
2021-01-19 18:00:00,13.042419,8.117767,899.89044,3.6606882,56.794098,72.03726
2021-01-19 19:00:00,12.740753,7.992218,899.5731,3.5141873,58.433228,72.848495
2021-01-19 20:00:00,11.955719,7.653656,899.2241,3.3939953,58.465576,74.95552
2021-01-19 21:00:00,11.774689,7.573822,898.9079,3.3059778,57.63199,75.443665
2021-01-19 22:00:00,11.110199,7.310608,898.6722,2.659612,64.52313,77.42949
2021-01-19 23:00:00,11.018799,7.251007,898.8321,2.6891723,59.998444,77.583664
2021-01-20 00:00:00,11.106964,7.2285156,899.2082,2.7791426,59.648926,77.01266
2021-01-20 01:00:00,11.118011,7.220764,899.8511,2.9020088,61.169647,76.915474
2021-01-20 02:00:00,11.768738,7.5400696,900.5363,2.9752665,64.14865,75.29972
2021-01-20 03:00:00,12.114319,7.6758423,901.1769,2.8951645,66.68695,74.28917
2021-01-20 04:00:00,12.611725,7.7514343,901.5759,2.4747117,62.756104,72.27304
2021-01-20 05:00:00,15.466675,8.327942,901.5114,1.9561142,47.16223,62.463104
2021-01-20 06:00:00,16.355286,8.174194,900.971,1.7184038,15.395386,58.403812
2021-01-20 07:00:00,16.713501,8.145905,900.09424,2.0737221,342.88687,56.979263
2021-01-20 08:00:00,17.877289,7.937958,899.2537,2.813435,330.04303,52.195812
2021-01-20 09:00:00,18.058746,7.772766,898.6481,3.4365032,330.0704,51.02682
2021-01-20 10:00:00,17.153107,7.845001,898.4275,3.2377384,329.16928,54.291744
2021-01-20 11:00:00,17.091095,7.791443,898.6358,3.2811055,349.79095,54.30688
2021-01-20 12:00:00,16.916931,7.861206,899.10443,3.3979878,9.322968,55.170685
2021-01-20 13:00:00,16.582855,8.11554,899.5754,3.6547375,16.189148,57.33574
2021-01-20 14:00:00,15.425537,8.277618,900.1193,3.7813828,20.682312,62.414722
2021-01-20 15:00:00,14.176636,7.9063416,900.532,3.7811873,23.21878,65.96034
2021-01-20 16:00:00,13.85672,7.786133,900.7759,3.6880803,24.16098,66.793915
2021-01-20 17:00:00,12.874634,7.4538574,900.8052,3.5379434,23.779358,69.61271
2021-01-20 18:00:00,12.594727,7.3415527,900.59686,3.448776,21.745514,70.35857
2021-01-20 19:00:00,12.344849,7.229004,900.2584,3.3907146,19.236755,70.973465
2021-01-20 20:00:00,11.582031,6.9477234,899.81085,3.4446394,16.453491,73.20749
2021-01-20 21:00:00,11.407654,6.8260193,899.4774,3.5327718,14.819733,73.44088
2021-01-20 22:00:00,10.765045,6.5167847,899.2798,3.0848622,14.435913,75.02802
2021-01-20 23:00:00,10.662903,6.4537354,899.303,3.2334452,12.613068,75.212616
2021-01-21 00:00:00,10.796478,6.4970093,899.67084,3.3013253,13.5807495,74.76961
2021-01-21 01:00:00,10.781067,6.475464,900.2852,3.3612745,16.221558,74.7354
2021-01-21 02:00:00,11.411926,6.7789917,900.8896,3.3725166,19.2836,73.18356
2021-01-21 03:00:00,11.72348,6.68042,901.427,3.457068,19.246918,71.208725
2021-01-21 04:00:00,12.592194,7.0029297,901.7464,3.5002897,13.946655,68.75858
2021-01-21 05:00:00,15.412567,7.0714417,901.6378,3.5171509,2.706604,57.5374
2021-01-21 06:00:00,16.187378,6.8462524,901.06146,3.8071887,346.88953,53.917904
2021-01-21 07:00:00,16.62915,6.940796,900.1563,4.3690886,335.06744,52.764202
2021-01-21 08:00:00,17.842346,6.537628,899.28424,4.97309,329.16434,47.53368
2021-01-21 09:00:00,18.185242,6.465454,898.72876,5.3580627,328.4808,46.28974
2021-01-21 10:00:00,17.27591,7.073822,898.53174,4.6723433,329.7184,51.109047
2021-01-21 11:00:00,17.228546,7.075409,898.6912,4.294626,341.1585,51.26789
2021-01-21 12:00:00,16.978668,7.0343323,899.0513,4.1587663,354.2224,51.938904
2021-01-21 13:00:00,16.597778,6.7152405,899.5068,4.077392,4.053711,52.057613
2021-01-21 14:00:00,15.252838,6.851074,899.9894,3.995805,11.521423,57.25879
2021-01-21 15:00:00,13.977753,6.37796,900.39166,3.904428,16.472565,60.18005
2021-01-21 16:00:00,13.751862,6.353882,900.63,3.8903887,19.70575,60.96767
2021-01-21 17:00:00,12.780945,6.1703796,900.64874,3.865697,21.285187,64.13603
2021-01-21 18:00:00,12.597321,5.975403,900.4716,3.9190357,22.669891,64.04431
2021-01-21 19:00:00,12.340271,5.6766663,900.1997,3.9780455,23.881409,63.801693
2021-01-21 20:00:00,11.576355,5.4924316,899.88495,4.112488,24.96637,66.243484
2021-01-21 21:00:00,11.446472,5.4309998,899.64343,4.225197,25.460724,66.5306
2021-01-21 22:00:00,10.786072,5.143402,899.71967,3.6999228,31.653595,68.13413
2021-01-21 23:00:00,10.702972,5.13855,899.67,3.9300742,32.08029,68.488625
2021-01-22 00:00:00,10.838409,5.325012,899.9559,4.1408486,35.092377,68.75986
2021-01-22 01:00:00,10.822479,5.345154,900.3613,4.286119,38.855316,68.92902
2021-01-22 02:00:00,11.700439,5.6000977,900.9425,4.376837,42.95627,66.195045
2021-01-22 03:00:00,12.339874,5.882477,901.473,4.1938953,47.144226,64.71841
2021-01-22 04:00:00,13.523773,6.6339417,901.83594,3.7028148,49.254913,63.08227
2021-01-22 05:00:00,16.433594,6.9067993,901.7261,2.7713394,45.773956,53.299927
2021-01-22 06:00:00,17.298645,6.916748,901.1068,1.94566,22.251495,50.48933
2021-01-22 07:00:00,17.674957,7.1083984,900.176,2.052163,343.85553,49.956
2021-01-22 08:00:00,18.931885,7.0462646,899.19666,2.7174127,327.1701,45.973125
2021-01-22 09:00:00,19.070648,6.839264,898.4955,3.2338815,325.72482,44.93475
2021-01-22 10:00:00,17.879822,7.660187,897.9805,2.7206683,329.62708,51.20986
2021-01-22 11:00:00,17.75879,7.8742676,897.8809,2.6900012,351.05905,52.359287
2021-01-22 12:00:00,17.355804,7.70343,898.0711,3.1457837,4.195526,53.086185
2021-01-22 13:00:00,17.127808,7.6546326,898.4373,3.368109,16.282501,53.678234
2021-01-22 14:00:00,15.885864,7.669739,898.8872,3.478894,22.108124,58.1491
2021-01-22 15:00:00,14.828888,7.3542175,899.2782,3.4755177,25.308289,60.903538
2021-01-22 16:00:00,14.565643,7.218231,899.4902,3.4210963,27.232819,61.37303
2021-01-22 17:00:00,13.711273,7.007538,899.54486,3.286977,28.035889,63.935894
2021-01-22 18:00:00,13.511383,6.9421997,899.37885,3.1886442,27.775208,64.48305
2021-01-22 19:00:00,13.321381,6.872162,899.04553,3.1154392,26.138916,64.973206
2021-01-22 20:00:00,12.76236,6.760193,898.64197,3.1317081,24.209534,66.873825
2021-01-22 21:00:00,12.538849,6.620392,898.28064,3.1817648,22.426514,67.21187
2021-01-22 22:00:00,12.089081,6.6157227,898.0438,2.5399754,5.120331,69.205185
2021-01-22 23:00:00,11.928619,6.546234,897.96924,2.9076598,11.046509,69.60701
2021-01-23 00:00:00,12.0529785,6.6808167,898.2243,3.1302907,17.013733,69.68077
2021-01-23 01:00:00,11.973724,6.6046143,898.7713,3.262197,22.737732,69.67957
2021-01-23 02:00:00,12.725525,6.8901978,899.4261,3.2928424,27.284485,67.6359
2021-01-23 03:00:00,13.180908,7.008026,900.06116,3.2577538,32.810883,66.18467
2021-01-23 04:00:00,13.741089,7.077881,900.4744,2.4251363,28.917175,64.12033
2021-01-23 05:00:00,16.489075,7.419739,900.5086,1.9695226,350.13004,55.009407
2021-01-23 06:00:00,17.241486,7.260254,900.0906,2.8759446,320.48184,51.877975
2021-01-23 07:00:00,17.539978,7.184784,899.30237,3.902654,311.41977,50.647026
2021-01-23 08:00:00,18.581787,6.818573,898.51483,4.4743342,308.94775,46.262386
2021-01-23 09:00:00,18.767548,6.8551636,897.9568,4.66819,311.05438,45.843
2021-01-23 10:00:00,17.566376,7.2914124,897.5253,4.104757,313.1976,50.93282
2021-01-23 11:00:00,17.47995,7.4028015,897.56256,3.6412146,331.05392,51.602543
2021-01-23 12:00:00,17.210266,7.275757,897.8434,3.3196416,346.10577,52.03561
2021-01-23 13:00:00,16.862854,7.2625732,898.3476,3.0698805,356.05368,53.145237
2021-01-23 14:00:00,15.711761,7.2962036,898.97797,2.933714,3.0768433,57.319885
2021-01-23 15:00:00,14.69516,7.003113,899.47516,2.7975526,7.96933,59.97265
2021-01-23 16:00:00,14.527954,6.9787292,899.78406,2.6996374,11.204132,60.522007
2021-01-23 17:00:00,13.730621,6.850525,899.853,2.6253319,12.948395,63.171917
2021-01-23 18:00:00,13.364044,6.734497,899.79944,2.6342394,13.658173,64.1836
2021-01-23 19:00:00,13.19278,6.709076,899.5989,2.6732428,12.441925,64.79112
2021-01-23 20:00:00,12.357574,6.3521423,899.3131,2.8506503,11.588806,66.77248
2021-01-23 21:00:00,12.167969,6.185364,899.0148,3.1354291,10.121887,66.83705
2021-01-23 22:00:00,11.617828,6.1013794,898.88416,3.037469,4.1889343,68.90467
2021-01-23 23:00:00,11.460236,6.014679,898.9185,3.5426095,8.743195,69.21063
2021-01-24 00:00:00,11.566956,6.0797424,899.209,3.8915582,13.204468,69.03348
2021-01-24 01:00:00,11.498047,6.0606995,899.8233,4.2322164,17.478882,69.25752
2021-01-24 02:00:00,12.02005,6.141754,900.5679,4.518543,21.027771,67.28812
2021-01-24 03:00:00,12.2099,6.0660706,901.264,4.623521,21.583832,66.10665
2021-01-24 04:00:00,12.838837,6.0730896,901.75586,4.3375936,13.770538,63.466038
2021-01-24 05:00:00,15.426788,6.2561035,901.8599,4.3699503,5.2943726,54.353504
2021-01-24 06:00:00,16.26178,6.0705566,901.44775,4.648695,357.72653,50.873554
2021-01-24 07:00:00,16.597687,6.1411743,900.7008,5.0057707,350.80597,50.04107
2021-01-24 08:00:00,17.743622,6.05896,899.937,5.405152,347.4415,46.278313
2021-01-24 09:00:00,17.936401,5.945465,899.40454,5.853733,348.41965,45.363197
2021-01-24 10:00:00,16.704102,6.272217,899.1689,5.6974616,350.48175,50.15511
2021-01-24 11:00:00,16.646362,6.3966064,899.2979,6.288947,0.79415894,50.77251
2021-01-24 12:00:00,16.498016,6.116394,899.5888,6.54281,10.536011,50.2731
2021-01-24 13:00:00,16.176422,6.2481384,900.0239,6.8561716,16.935211,51.781464
2021-01-24 14:00:00,14.813141,6.4400024,900.5836,6.995914,22.194977,57.2608
2021-01-24 15:00:00,13.55249,6.112671,901.13904,6.999284,26.426788,60.744484
2021-01-24 16:00:00,13.215912,6.0112,901.45135,6.8717246,29.547302,61.657722
2021-01-24 17:00:00,12.297699,5.9237976,901.5772,6.703337,31.556946,65.08357
2021-01-24 18:00:00,12.014374,5.7495728,901.49976,6.5638843,33.12491,65.51368
2021-01-24 19:00:00,11.838287,5.70578,901.2989,6.411495,33.484924,66.07765
2021-01-24 20:00:00,10.940308,5.359375,900.9309,6.329293,33.744934,68.45911
2021-01-24 21:00:00,10.781555,5.2388,900.5865,6.317879,33.13913,68.60809
2021-01-24 22:00:00,10.223602,4.909027,900.4485,6.0465417,34.606262,69.59156
2021-01-24 23:00:00,10.133606,4.8571167,900.3843,6.144433,33.95337,69.7584
2021-01-25 00:00:00,10.206085,4.997711,900.59906,6.228446,34.7464,70.10472
2021-01-25 01:00:00,10.125977,4.9704895,901.1344,6.2821474,35.805237,70.34747
2021-01-25 02:00:00,10.867981,5.238983,901.78796,6.3402276,37.244354,68.21598
2021-01-25 03:00:00,11.26767,5.249634,902.4194,6.2437778,39.280853,66.48017
2021-01-25 04:00:00,12.073364,5.4198914,902.8127,5.801138,40.025513,63.78572
2021-01-25 05:00:00,14.913452,5.6723633,902.8592,5.182757,35.463135,53.95559
2021-01-25 06:00:00,15.80719,5.7162476,902.3893,4.6691875,25.009155,51.10402
2021-01-25 07:00:00,16.224457,5.8912354,901.62506,4.4504833,11.212494,50.36691
2021-01-25 08:00:00,17.560852,5.468506,900.7846,4.661273,0.27615356,44.940308
2021-01-25 09:00:00,17.696808,5.390869,900.1372,5.121371,355.6979,44.317413
2021-01-25 10:00:00,16.674408,6.162079,899.7877,5.1972547,357.43588,49.86964
2021-01-25 11:00:00,16.511963,5.997528,899.6844,5.791658,7.168091,49.818047
2021-01-25 12:00:00,16.356476,5.990753,899.7972,6.2041845,14.237305,50.289787
2021-01-25 13:00:00,15.996307,6.092407,900.1622,6.536372,18.259888,51.82028
2021-01-25 14:00:00,14.624023,6.2184143,900.7131,6.7096987,21.711487,57.08521
2021-01-25 15:00:00,13.262726,5.871521,901.23755,6.7680025,24.1109,60.87932
2021-01-25 16:00:00,13.010803,5.870697,901.5364,6.7244973,25.824219,61.885136
2021-01-25 17:00:00,12.044708,5.5621033,901.591,6.65287,26.431274,64.53954
2021-01-25 18:00:00,11.862274,5.494385,901.42847,6.556535,27.079163,65.01394
2021-01-25 19:00:00,11.532837,5.305664,901.16064,6.4900985,27.017609,65.578705
2021-01-25 20:00:00,10.773041,5.0195312,900.7383,6.498991,26.605408,67.60798
2021-01-25 21:00:00,10.66684,4.9695435,900.2615,6.574783,25.599792,67.85072
2021-01-25 22:00:00,10.0850525,4.8651123,900.1415,6.346463,27.475586,70.024185
2021-01-25 23:00:00,9.972595,4.7716064,900.05695,6.5509233,26.584229,70.09437
2021-01-26 00:00:00,10.037384,4.7746887,900.2832,6.757034,26.599823,69.80624
2021-01-26 01:00:00,9.963715,4.6766663,900.7592,6.936377,27.455841,69.67293
2021-01-26 02:00:00,10.773499,4.911194,901.4265,7.13926,28.862396,67.097755
2021-01-26 03:00:00,11.155914,4.999634,901.9991,7.1212397,30.134094,65.81978
2021-01-26 04:00:00,11.985565,5.267517,902.39905,6.708858,27.862183,63.480347
2021-01-26 05:00:00,14.8420105,5.4046936,902.37103,6.2134786,21.398651,53.207863
2021-01-26 06:00:00,15.723236,5.262024,901.83,5.9196105,11.461243,49.78588
2021-01-26 07:00:00,16.1026,5.392395,900.91174,5.9637094,2.178711,49.0358
2021-01-26 08:00:00,17.44455,5.221985,899.95917,6.254137,356.02808,44.50307
2021-01-26 09:00:00,17.58963,5.0477295,899.25916,6.6380987,354.32483,43.566338
2021-01-26 10:00:00,16.502716,5.4176025,898.8978,7.142914,358.4144,47.885723
2021-01-26 11:00:00,16.393372,5.4143066,898.8019,7.6311636,6.1068726,48.208958
2021-01-26 12:00:00,16.237366,5.3134155,898.9938,7.8536186,12.333679,48.350452
2021-01-26 13:00:00,15.890045,5.532379,899.41296,8.113059,16.566284,50.190727
2021-01-26 14:00:00,14.422852,5.820282,900.0228,8.216426,20.48346,56.263256
2021-01-26 15:00:00,13.064972,5.456299,900.58954,8.203399,23.833374,59.921955
2021-01-26 16:00:00,12.664368,5.3656616,900.9786,8.063241,26.315094,61.127216
2021-01-26 17:00:00,11.775574,5.2254944,901.09546,7.8716187,27.843018,64.177475
2021-01-26 18:00:00,11.550964,5.031433,900.9572,7.6994967,28.890717,64.2631
2021-01-26 19:00:00,11.370789,5.022888,900.68835,7.514067,29.57135,64.99477
2021-01-26 20:00:00,10.664825,4.841034,900.36975,7.4067636,29.693176,67.2549
2021-01-26 21:00:00,10.503021,4.740387,900.10944,7.3709917,29.435608,67.50796
2021-01-26 22:00:00,9.907196,4.4744263,900.0057,7.0156465,30.3172,68.955795
2021-01-26 23:00:00,9.738464,4.354553,899.9693,7.049583,30.350372,69.15733
2021-01-27 00:00:00,9.7966,4.386566,900.2511,7.0960274,30.99646,69.042885
2021-01-27 01:00:00,9.692627,4.3157654,900.7968,7.107742,32.174194,69.18211
2021-01-27 02:00:00,10.5008545,4.588318,901.53815,7.1475544,33.776184,66.804695
2021-01-27 03:00:00,10.984436,4.6940002,902.20337,7.078666,35.47229,65.1694
2021-01-27 04:00:00,11.827087,4.913788,902.61414,6.643004,36.20346,62.587418
2021-01-27 05:00:00,14.850281,5.1915894,902.6446,5.9671464,34.042725,52.39817
2021-01-27 06:00:00,15.656769,5.079132,902.2266,5.32376,26.666199,49.366318
2021-01-27 07:00:00,16.104492,5.2662354,901.4739,4.941084,14.60257,48.602234
2021-01-27 08:00:00,17.44809,5.103302,900.6741,4.9611797,4.54776,44.127453
2021-01-27 09:00:00,17.60083,5.027954,900.0475,5.26813,0.2677002,43.47569
2021-01-27 10:00:00,16.545044,5.5860596,899.5644,5.0904503,355.8739,48.318172
2021-01-27 11:00:00,16.412231,5.630005,899.5301,5.787108,6.7722473,48.876644
2021-01-27 12:00:00,16.288086,5.580139,899.801,6.3350554,13.992371,49.094555
2021-01-27 13:00:00,15.8785095,5.651367,900.2397,6.861729,19.629364,50.643574
2021-01-27 14:00:00,14.4470215,5.6763306,900.861,7.148179,24.419037,55.61859
2021-01-27 15:00:00,13.127197,5.3586426,901.464,7.321875,28.086456,59.275906
2021-01-27 16:00:00,12.626709,5.169922,901.88947,7.3733273,30.958313,60.450554
2021-01-27 17:00:00,11.66391,5.0560913,901.9553,7.3685346,33.150696,63.89499
2021-01-27 18:00:00,11.507629,4.9978333,901.81805,7.368683,34.580994,64.296875
2021-01-27 19:00:00,11.212677,4.836426,901.5018,7.3339453,35.641907,64.83123
2021-01-27 20:00:00,10.5216675,4.6569214,901.15924,7.3520594,36.25113,67.03251
2021-01-27 21:00:00,10.323547,4.574402,900.7875,7.440487,36.533936,67.533554
2021-01-27 22:00:00,9.958923,4.5344543,900.55615,7.3312273,37.988495,69.00642
2021-01-27 23:00:00,9.805328,4.4938354,900.5037,7.461305,38.193085,69.522156
2021-01-28 00:00:00,9.783386,4.413269,900.7589,7.577803,39.313232,69.23328
2021-01-28 01:00:00,9.6441345,4.2966003,901.25275,7.712675,40.996216,69.314445
2021-01-28 02:00:00,10.636627,4.641815,901.938,7.897325,43.6503,66.45116
2021-01-28 03:00:00,11.129517,4.8327637,902.64966,7.8848205,47.079926,65.17294
2021-01-28 04:00:00,12.073669,5.294098,903.14954,7.3385615,50.740143,63.229816
2021-01-28 05:00:00,15.10498,5.7612305,903.0984,6.4765716,52.2872,53.62377
2021-01-28 06:00:00,16.055878,5.7891235,902.60974,5.555591,48.799103,50.553024
2021-01-28 07:00:00,16.38272,5.8005066,901.7339,4.8012953,40.309204,49.549927
2021-01-28 08:00:00,17.805481,5.5088196,900.8614,4.43423,30.238007,44.37674
2021-01-28 09:00:00,17.873108,5.394806,900.21265,4.5107317,22.69809,43.840137
2021-01-28 10:00:00,16.646973,5.9586487,899.83295,4.719217,13.65213,49.25995
2021-01-28 11:00:00,16.5112,6.102936,899.75854,5.6773047,20.065308,50.184345
2021-01-28 12:00:00,16.322205,6.004425,899.8982,6.2092113,23.623291,50.44725
2021-01-28 13:00:00,16.005188,5.982605,900.2915,6.6040473,27.012909,51.39974
2021-01-28 14:00:00,14.601532,6.0904236,900.8973,6.8922486,30.496368,56.66562
2021-01-28 15:00:00,13.342621,5.84079,901.4018,7.007243,33.48065,60.434513
2021-01-28 16:00:00,13.124237,5.8281555,901.7009,6.9166965,36.071808,61.24794
2021-01-28 17:00:00,12.192841,5.767639,901.66766,6.747467,38.033783,64.82983
2021-01-28 18:00:00,11.855377,5.6282654,901.4587,6.5538225,39.891083,65.64989
2021-01-28 19:00:00,11.629425,5.5878296,901.16595,6.4080915,41.221832,66.449646
2021-01-28 20:00:00,10.748169,5.279846,900.8338,6.2750735,42.09497,68.95695
2021-01-28 21:00:00,10.50412,5.2275085,900.5518,6.2522984,42.434204,69.832
2021-01-28 22:00:00,9.890015,4.9286804,900.4214,6.0747123,42.68756,71.258896
2021-01-28 23:00:00,9.768494,4.882782,900.31085,6.170949,41.929596,71.61197
2021-01-29 00:00:00,9.9904175,5.1510925,900.5079,6.1941924,42.63797,71.88589
2021-01-29 01:00:00,9.907318,5.1186523,900.9871,6.205842,43.89984,72.123886
2021-01-29 02:00:00,10.733795,5.36145,901.6577,6.218369,45.72461,69.41518
2021-01-29 03:00:00,11.030914,5.2710876,902.33093,6.0710006,48.28363,67.63263
2021-01-29 04:00:00,11.82605,5.5884705,902.74744,5.5490522,48.827606,65.595856
2021-01-29 05:00:00,14.572205,5.9886475,902.8054,4.9300933,46.13257,56.375416
2021-01-29 06:00:00,15.470245,5.839508,902.3736,4.278644,40.50412,52.66554
2021-01-29 07:00:00,15.906891,5.997864,901.6432,3.842727,29.617981,51.777943
2021-01-29 08:00:00,17.107178,5.77652,900.8292,3.7886858,18.418945,47.24461
2021-01-29 09:00:00,17.239746,5.7275696,900.14923,4.1478047,10.8064575,46.691605
2021-01-29 10:00:00,16.15976,5.986084,899.8042,4.320071,2.4053955,50.907604
2021-01-29 11:00:00,16.04422,6.030121,899.82623,5.10556,7.9136047,51.440384
2021-01-29 12:00:00,15.927673,6.0070496,900.00586,5.606682,15.446808,51.742065
2021-01-29 13:00:00,15.643982,6.092804,900.3962,6.1320195,18.890472,53.002094
2021-01-29 14:00:00,14.307556,6.4603577,900.95526,6.5047884,22.363922,59.24336
2021-01-29 15:00:00,13.079376,6.1743774,901.4776,6.7133765,25.764252,62.91417
2021-01-29 16:00:00,12.760651,6.0455627,901.79584,6.716339,28.66632,63.67051
2021-01-29 17:00:00,11.771362,5.7948,901.8047,6.6435637,30.93753,66.78011
2021-01-29 18:00:00,11.570953,5.765991,901.58374,6.5744753,32.577545,67.53488
2021-01-29 19:00:00,11.342102,5.6666565,901.25037,6.511609,33.360138,68.09498
2021-01-29 20:00:00,10.535309,5.445923,900.89667,6.4863806,33.48532,70.75195
2021-01-29 21:00:00,10.345093,5.3367004,900.55505,6.5502853,33.081696,71.11376
2021-01-29 22:00:00,9.821991,5.0289917,900.2431,6.187064,34.632538,72.086075
2021-01-29 23:00:00,9.70578,4.9415894,900.1203,6.303582,34.471466,72.20894
2021-01-30 00:00:00,9.77243,5.0195923,900.2912,6.3666334,35.483,72.278564
2021-01-30 01:00:00,9.729462,4.9716797,900.7557,6.427803,36.644775,72.245636
2021-01-30 02:00:00,10.439209,5.263275,901.3764,6.522593,38.084076,70.3093
2021-01-30 03:00:00,10.958282,5.276428,902.00287,6.5343895,38.421722,67.9847
2021-01-30 04:00:00,11.66861,5.2294006,902.4038,6.314906,37.48236,64.64969
2021-01-30 05:00:00,14.469086,5.593506,902.3964,5.9707117,34.417175,55.221634
2021-01-30 06:00:00,15.422455,5.374481,901.86096,5.5597568,27.758575,51.15221
2021-01-30 07:00:00,15.873291,5.5482483,901.0293,5.341468,18.509552,50.29978
2021-01-30 08:00:00,17.125153,5.2482605,900.14624,5.354504,10.309418,45.493645
2021-01-30 09:00:00,17.387299,5.2781982,899.5254,5.5760007,5.3916626,44.839035
2021-01-30 10:00:00,16.437378,5.761444,899.13727,5.1227813,2.6366577,49.244602
2021-01-30 11:00:00,16.279144,5.7535706,899.1718,5.5311666,9.225342,49.716072
2021-01-30 12:00:00,16.15738,5.467804,899.40955,5.668038,19.06665,49.12114
2021-01-30 13:00:00,15.657074,5.472351,899.86115,5.8880577,24.770538,50.732464
2021-01-30 14:00:00,14.310516,5.793915,900.4846,5.960481,29.85495,56.570076
2021-01-30 15:00:00,13.158966,5.4838257,901.0517,5.893709,33.81833,59.6692
2021-01-30 16:00:00,12.820679,5.428711,901.4279,5.7194943,37.539337,60.77015
2021-01-30 17:00:00,11.873718,5.2280884,901.50085,5.5199847,40.217896,63.774944
2021-01-30 18:00:00,11.619598,5.162567,901.35156,5.414415,42.363037,64.55865
2021-01-30 19:00:00,11.446655,5.168762,901.0795,5.343083,43.45462,65.328995
2021-01-30 20:00:00,10.432922,4.8749695,900.802,5.384293,43.6593,68.46364
2021-01-30 21:00:00,10.282013,4.8184814,900.51624,5.506404,42.90503,68.88457
2021-01-30 22:00:00,9.623718,4.410309,900.3469,5.265785,42.552856,69.96404
2021-01-30 23:00:00,9.441406,4.2809143,900.28174,5.522104,43.085144,70.18724
2021-01-31 00:00:00,9.560089,4.3907166,900.5359,5.814098,44.6669,70.16723
2021-01-31 01:00:00,9.479553,4.311554,901.095,6.1009464,46.221497,70.15794
2021-01-31 02:00:00,10.338928,4.563507,901.7812,6.481743,48.007446,67.41295
2021-01-31 03:00:00,10.894684,4.6535034,902.4179,6.677293,49.13333,65.37391
2021-01-31 04:00:00,11.894684,5.0563354,902.8832,6.50558,48.18329,62.930687
2021-01-31 05:00:00,15.267029,5.2234497,902.91315,6.0460653,45.41501,51.125725
2021-01-31 06:00:00,16.22461,5.171753,902.5081,5.5100703,38.5737,47.91576
2021-01-31 07:00:00,16.576965,5.2128906,901.7344,5.149712,28.541962,46.987446
2021-01-31 08:00:00,17.880432,4.8495483,900.91656,5.143596,19.619019,42.18914
2021-01-31 09:00:00,18.126556,4.965973,900.31006,5.389379,15.399017,41.87979
2021-01-31 10:00:00,17.05774,5.657654,900.03534,5.4415965,11.650696,47.004345
2021-01-31 11:00:00,16.962341,5.713318,900.0912,6.047405,20.7724,47.471855
2021-01-31 12:00:00,16.821136,5.6042175,900.40314,6.657564,28.876892,47.538197
2021-01-31 13:00:00,16.369293,5.5200195,900.9818,7.3172927,34.25049,48.638245
2021-01-31 14:00:00,14.933533,5.773987,901.687,7.7131996,38.638916,54.266285
2021-01-31 15:00:00,13.521637,5.5470886,902.319,7.883407,41.729187,58.531647
2021-01-31 16:00:00,13.177521,5.5123596,902.7273,7.9132795,44.219116,59.715034
2021-01-31 17:00:00,12.221588,5.413147,902.8597,7.85733,46.04785,63.137276
2021-01-31 18:00:00,11.995026,5.377411,902.76776,7.815278,47.204712,63.92681
2021-01-31 19:00:00,11.739227,5.344696,902.48413,7.759208,47.687836,64.86647
2021-01-31 20:00:00,10.904419,5.1579285,902.0902,7.747284,47.338593,67.66869
2021-01-31 21:00:00,10.640564,5.0585938,901.74786,7.7782516,46.147583,68.392166
2021-01-31 22:00:00,10.037018,4.760681,901.73,7.6371465,47.433167,69.73977
2021-01-31 23:00:00,9.913452,4.742035,901.7349,7.7415004,46.25284,70.22736
2021-02-01 00:00:00,10.078583,4.8576355,902.0761,7.847001,46.153015,70.01798
2021-02-01 01:00:00,10.014404,4.8181458,902.73193,7.992228,46.293365,70.12581
2021-02-01 02:00:00,10.988251,5.183655,903.4472,8.184554,46.71631,67.413536
2021-02-01 03:00:00,11.62439,5.2413635,904.1247,8.354244,47.788788,64.89267
2021-02-01 04:00:00,12.807159,5.802002,904.5486,7.967281,46.346313,62.417473
2021-02-01 05:00:00,15.9844055,6.2342834,904.57916,7.4324474,41.87195,52.369648
2021-02-01 06:00:00,16.789124,5.9500427,904.1438,7.0372977,34.137695,48.78839
2021-02-01 07:00:00,17.220062,6.1104126,903.36554,6.962842,25.185638,48.00322
2021-02-01 08:00:00,18.466736,5.5354004,902.48883,7.1686306,18.776825,42.65026
2021-02-01 09:00:00,18.64856,5.674011,901.7864,7.525456,15.841278,42.574528
2021-02-01 10:00:00,17.513214,6.418457,901.44977,7.35785,14.009613,48.133606
2021-02-01 11:00:00,17.391602,6.570923,901.39557,7.908631,20.356995,49.01597
2021-02-01 12:00:00,17.17514,6.4672546,901.652,8.184174,24.987793,49.338184
2021-02-01 13:00:00,16.783813,6.3705444,902.13336,8.443344,27.442749,50.241154
2021-02-01 14:00:00,15.298004,6.4594727,902.78796,8.529693,30.425537,55.577408
2021-02-01 15:00:00,13.900543,6.2800293,903.3703,8.470316,33.09671,60.07556
2021-02-01 16:00:00,13.462677,6.053009,903.7237,8.359607,35.249634,60.84951
2021-02-01 17:00:00,12.357727,5.8654175,903.7318,8.185163,36.480408,64.566376
2021-02-01 18:00:00,12.081696,5.735779,903.54803,8.034388,37.17456,65.161736
2021-02-01 19:00:00,11.852264,5.7104187,903.2357,7.883975,37.0643,66.03799
2021-02-01 20:00:00,10.990875,5.4192505,902.87695,7.875588,36.53116,68.513794
2021-02-01 21:00:00,10.838654,5.302368,902.5723,7.9792986,35.543457,68.65069
2021-02-01 22:00:00,10.220367,5.107727,902.3831,7.58241,34.295837,70.57619
2021-02-01 23:00:00,10.029724,4.9348755,902.40344,7.910671,34.411346,70.626236
2021-02-02 00:00:00,10.264954,5.0846252,902.6886,8.107781,35.39395,70.25338
2021-02-02 01:00:00,10.17218,4.964386,903.24396,8.22522,37.150635,70.100815
2021-02-02 02:00:00,11.249329,5.347992,903.89545,8.357417,38.86905,67.01728
2021-02-02 03:00:00,11.715454,5.399109,904.4981,8.39277,40.965485,65.21418
2021-02-02 04:00:00,13.012695,5.9434814,904.8404,8.051903,40.909546,62.189556
2021-02-02 05:00:00,16.371368,6.1035156,904.72327,7.5712614,38.838104,50.6348
2021-02-02 06:00:00,17.285889,5.864502,904.1496,7.0696383,34.188446,46.99871
2021-02-02 07:00:00,17.613434,6.0029907,903.26404,6.6596217,27.442871,46.479576
2021-02-02 08:00:00,18.963654,5.446167,902.33954,6.4541826,20.98172,41.090546
2021-02-02 09:00:00,19.132599,5.4324036,901.65704,6.4805055,16.803833,40.621098
2021-02-02 10:00:00,17.94342,6.2834473,901.2286,6.3231277,13.639801,46.413105
2021-02-02 11:00:00,17.817596,6.2365723,901.1753,6.7218204,19.733093,46.63112
2021-02-02 12:00:00,17.574585,6.1362305,901.3793,7.2178493,24.967804,47.024086
2021-02-02 13:00:00,17.140717,6.081787,901.8122,7.4925375,29.35373,48.149563
2021-02-02 14:00:00,15.686798,6.3294983,902.3645,7.661229,33.15561,53.726757
2021-02-02 15:00:00,14.221588,6.1190796,902.79803,7.6612563,35.595,58.18921
2021-02-02 16:00:00,13.810211,6.0296936,902.9959,7.591277,37.091675,59.394283
2021-02-02 17:00:00,12.738159,5.97818,902.93396,7.4697356,37.847412,63.4683
2021-02-02 18:00:00,12.468445,5.9000854,902.66296,7.3534737,37.7977,64.252625
2021-02-02 19:00:00,12.273163,5.8614807,902.29175,7.2518597,37.372925,64.90838
2021-02-02 20:00:00,11.446167,5.7414856,901.9213,7.2337418,36.480988,67.97894
2021-02-02 21:00:00,11.266174,5.6766663,901.60974,7.2846255,35.66568,68.48565
2021-02-02 22:00:00,10.620148,5.3443604,901.35315,7.0890603,36.863678,69.859184
2021-02-02 23:00:00,10.537262,5.3546143,901.303,7.336345,36.540375,70.29588
2021-02-03 00:00:00,10.764526,5.52594,901.5774,7.531459,36.87079,70.0685
2021-02-03 01:00:00,10.6604,5.418396,902.109,7.6465106,38.395386,70.03121
2021-02-03 02:00:00,11.655029,5.708557,902.7696,7.7560263,40.142914,66.89441
2021-02-03 03:00:00,12.115967,5.772217,903.33826,7.782651,43.234802,65.1791
2021-02-03 04:00:00,13.446045,6.464264,903.6783,7.2818727,44.059814,62.666798
2021-02-03 05:00:00,16.599762,6.6640625,903.5529,6.5812893,41.853363,51.86841
2021-02-03 06:00:00,17.470367,6.214691,903.00244,5.950506,36.08188,47.591156
2021-02-03 07:00:00,17.765198,6.316864,902.14703,5.5017943,27.353577,47.0448
2021-02-03 08:00:00,19.037231,5.779602,901.34424,5.3785105,18.8479,41.858257
2021-02-03 09:00:00,19.16986,5.597107,900.7319,5.6015534,14.265686,40.992355
2021-02-03 10:00:00,17.81253,6.390564,900.34534,5.613247,7.2821655,47.143486
2021-02-03 11:00:00,17.681396,6.402832,900.39,6.315384,14.559021,47.57464
2021-02-03 12:00:00,17.519958,6.4516296,900.6622,6.9530597,19.795227,48.223087
2021-02-03 13:00:00,17.137451,6.5256042,901.1024,7.337434,23.726746,49.65489
2021-02-03 14:00:00,15.714203,6.6677856,901.7358,7.502813,27.3909,54.89536
2021-02-03 15:00:00,14.4086,6.496399,902.30664,7.5320506,30.568146,59.003727
2021-02-03 16:00:00,14.086914,6.3886414,902.64166,7.458927,32.920654,59.7997
2021-02-03 17:00:00,13.047485,6.3891907,902.64374,7.3055477,34.711914,63.98552
2021-02-03 18:00:00,12.775665,6.2918396,902.45483,7.204066,35.423645,64.69767
2021-02-03 19:00:00,12.518951,6.2741394,902.1344,7.1391273,35.520203,65.71492
2021-02-03 20:00:00,11.814636,6.2046814,901.795,7.2187943,34.783936,68.501816
2021-02-03 21:00:00,11.516541,5.967621,901.53357,7.35478,34.368835,68.72969
2021-02-03 22:00:00,10.997192,5.732727,901.4283,6.979542,36.674866,69.98917
2021-02-03 23:00:00,10.882233,5.678955,901.5285,7.2406845,36.41736,70.26345
2021-02-04 00:00:00,11.0065,5.8089294,901.841,7.436448,37.62198,70.31572
2021-02-04 01:00:00,10.960999,5.732727,902.39185,7.6276503,39.815613,70.15754
2021-02-04 02:00:00,11.914307,6.064209,903.063,7.795052,42.127533,67.39683
2021-02-04 03:00:00,12.401093,6.219208,903.6735,7.746247,43.687286,65.97482
2021-02-04 04:00:00,13.236572,6.4466248,904.0288,7.4753857,44.825256,63.451065
2021-02-04 05:00:00,16.243744,6.665039,903.94275,6.9961867,44.543,53.060364
2021-02-04 06:00:00,17.166626,6.118805,903.4232,6.4683247,40.189484,48.19364
2021-02-04 07:00:00,17.439423,6.1651,902.53326,6.0176034,32.993134,47.52142
2021-02-04 08:00:00,18.634613,5.7908325,901.64825,5.781849,25.478241,42.957638
2021-02-04 09:00:00,18.866608,5.678955,900.959,5.7918797,20.543457,42.01265
2021-02-04 10:00:00,17.591003,6.5766296,900.4867,5.9602337,19.087921,48.422012
2021-02-04 11:00:00,17.511505,6.5148315,900.5054,6.44017,22.248047,48.45908
2021-02-04 12:00:00,17.42273,6.6128235,900.7046,7.0205083,26.705688,49.06081
2021-02-04 13:00:00,17.137848,6.7286377,901.11896,7.2656612,31.009155,50.351303
2021-02-04 14:00:00,15.8151245,6.873474,901.6933,7.3446116,34.417023,55.31771
2021-02-04 15:00:00,14.327484,6.4356384,902.2564,7.325376,37.143005,59.066498
2021-02-04 16:00:00,13.999756,6.33374,902.5974,7.192823,39.07376,59.911514
2021-02-04 17:00:00,12.995514,6.319763,902.5949,6.995562,40.706635,63.896908
2021-02-04 18:00:00,12.689728,6.2038574,902.2848,6.8277025,41.443054,64.66937
2021-02-04 19:00:00,12.484772,6.1700134,901.8777,6.7060447,41.336884,65.3913
2021-02-04 20:00:00,11.705841,6.002655,901.49774,6.669882,40.673523,68.04007
2021-02-04 21:00:00,11.534027,5.9628906,901.1816,6.7416105,39.958313,68.62786
2021-02-04 22:00:00,10.913086,5.7886353,901.14795,6.241491,38.846466,70.65393
2021-02-04 23:00:00,10.80368,5.7586975,901.04663,6.476703,39.720856,71.02216
2021-02-05 00:00:00,11.014221,5.8908997,901.2721,6.703207,41.099274,70.679184
2021-02-05 01:00:00,10.986084,5.9121094,901.7809,6.8894753,43.144104,70.91519
2021-02-05 02:00:00,12.121521,6.262329,902.47327,7.0275354,44.812256,67.39826
2021-02-05 03:00:00,12.5043335,6.265442,903.1234,7.0242314,47.110413,65.738525
2021-02-05 04:00:00,13.15921,6.4525757,903.51306,6.5675287,49.93524,63.798244
2021-02-05 05:00:00,16.243866,6.8020935,903.3525,5.910103,48.853638,53.561623
2021-02-05 06:00:00,17.175201,6.469116,902.7187,5.3787045,41.581696,49.34432
2021-02-05 07:00:00,17.469666,6.6766357,901.7743,5.2135243,31.134064,49.130596
2021-02-05 08:00:00,18.613861,6.3047485,900.83673,5.3498163,21.631195,44.566998
2021-02-05 09:00:00,18.72699,6.1920166,900.0426,5.814785,15.748505,43.91025
2021-02-05 10:00:00,17.663605,7.0166016,899.64545,5.8725467,11.388031,49.678467
2021-02-05 11:00:00,17.572113,7.0794067,899.5047,6.726708,15.538055,50.181244
2021-02-05 12:00:00,17.420044,7.140045,899.68964,7.242389,21.240906,50.875874
2021-02-05 13:00:00,17.128632,7.0796204,900.0574,7.544331,25.726868,51.607853
2021-02-05 14:00:00,15.830933,7.2232666,900.62665,7.7329183,29.406372,56.601727
2021-02-05 15:00:00,14.383575,6.79718,901.18024,7.744764,32.339172,60.333324
2021-02-05 16:00:00,14.129883,6.7832336,901.49786,7.6322327,34.684296,61.273193
2021-02-05 17:00:00,13.054932,6.57135,901.4793,7.4277377,36.138245,64.76099
2021-02-05 18:00:00,12.717499,6.396698,901.2248,7.2209744,36.597717,65.41526
2021-02-05 19:00:00,12.539917,6.35141,900.8984,7.0488944,36.2442,65.9749
2021-02-05 20:00:00,11.821259,6.2406006,900.54614,6.937216,35.664917,68.64168
2021-02-05 21:00:00,11.639252,6.1220703,900.2138,6.9025903,35.079376,68.90555
2021-02-05 22:00:00,11.0286255,5.929352,900.0493,6.4533153,33.584686,70.79957
2021-02-05 23:00:00,10.892426,5.87146,899.9514,6.6628137,33.423706,71.157394
2021-02-06 00:00:00,11.040253,5.9746704,900.2723,6.8856626,34.3331,70.96682
2021-02-06 01:00:00,11.023956,5.9371033,900.9024,7.0703244,35.856964,70.85946
2021-02-06 02:00:00,11.856995,6.2198486,901.72095,7.2056217,37.39618,68.382225
2021-02-06 03:00:00,12.430084,6.0806274,902.3493,7.2319202,39.14749,65.22288
2021-02-06 04:00:00,13.031677,6.2276917,902.6824,7.1777487,39.14319,63.342903
2021-02-06 05:00:00,15.950989,6.4884033,902.5669,7.080408,37.55658,53.40805
2021-02-06 06:00:00,17.005096,6.331665,902.0881,6.8782234,32.69867,49.40877
2021-02-06 07:00:00,17.315338,6.444916,901.2982,6.832679,25.57544,48.827652
2021-02-06 08:00:00,18.2164,6.1769714,900.3978,6.9860654,19.200287,45.29025
2021-02-06 09:00:00,18.487823,5.9069214,899.7667,7.3910956,15.33197,43.703587
2021-02-06 10:00:00,17.488983,6.421997,899.3396,7.3551955,15.490753,48.219017
2021-02-06 11:00:00,17.387817,6.3848877,899.40405,7.838799,17.384674,48.40415
2021-02-06 12:00:00,17.190002,6.373932,899.7805,7.766536,21.91272,48.976196
2021-02-06 13:00:00,16.96164,6.3679504,900.2852,7.7446704,23.814789,49.668964
2021-02-06 14:00:00,15.634155,6.784546,900.9336,7.8227487,25.984772,55.621452
2021-02-06 15:00:00,14.345123,6.3177185,901.45483,7.802486,28.162842,58.52204
2021-02-06 16:00:00,14.035156,6.2497864,901.8184,7.656045,29.92865,59.4294
2021-02-06 17:00:00,12.9687195,6.1894226,901.91833,7.4600134,31.127258,63.43642
2021-02-06 18:00:00,12.79129,6.139679,901.8272,7.3094006,31.231354,63.957024
2021-02-06 19:00:00,12.556366,6.0443726,901.5652,7.1478043,31.080414,64.5231
2021-02-06 20:00:00,11.715607,5.825592,901.2093,7.0852876,30.650208,67.16918
2021-02-06 21:00:00,11.560669,5.786865,900.95337,7.083739,30.297943,67.678474
2021-02-06 22:00:00,10.827759,5.4068604,900.83203,7.2710967,26.925995,69.200615
2021-02-06 23:00:00,10.671936,5.30011,900.8441,7.427543,28.28778,69.40519
2021-02-07 00:00:00,10.861328,5.3991394,901.28436,7.527656,29.808105,69.00942
2021-02-07 01:00:00,10.79895,5.3853455,901.9712,7.6300607,31.500519,69.22981
2021-02-07 02:00:00,11.747284,5.589142,902.79517,7.773394,32.78528,65.94063
2021-02-07 03:00:00,12.234283,5.6097717,903.45905,8.154441,33.677094,63.95056
2021-02-07 04:00:00,13.04007,5.684082,903.9133,8.58265,33.336884,60.974525
2021-02-07 05:00:00,16.104614,6.0526123,903.83704,8.82336,31.171082,51.322186
2021-02-07 06:00:00,17.2117,6.0856323,903.3257,8.879052,27.233124,47.94655
2021-02-07 07:00:00,17.532288,6.2061462,902.4687,8.883423,22.552948,47.377632
2021-02-07 08:00:00,18.838379,5.837738,901.6367,8.925108,18.55069,42.551773
2021-02-07 09:00:00,19.044312,5.8146667,901.03625,9.042566,16.32904,41.94139
2021-02-07 10:00:00,18.084259,6.476715,900.7495,8.432182,14.837311,46.620342
2021-02-07 11:00:00,18.047546,6.310547,900.8013,8.529183,18.68097,46.196457
2021-02-07 12:00:00,17.83908,6.213867,901.086,8.143812,23.375183,46.495255
2021-02-07 13:00:00,17.505188,6.2395325,901.5305,8.15052,25.515747,47.568073
2021-02-07 14:00:00,15.934174,6.296936,902.2198,8.215523,28.054138,52.765266
2021-02-07 15:00:00,14.325928,6.162506,902.84827,8.151282,30.343384,57.971138
2021-02-07 16:00:00,14.019897,5.927124,903.3105,8.037986,31.634155,58.178085
2021-02-07 17:00:00,13.059601,5.7772217,903.4646,7.850925,32.19226,61.290653
2021-02-07 18:00:00,12.788483,5.7158813,903.3041,7.7933173,31.722809,62.122475
2021-02-07 19:00:00,12.574005,5.633728,903.025,7.8278923,31.12024,62.644024
2021-02-07 20:00:00,11.618134,5.342285,902.58545,7.99912,30.389984,65.37619
2021-02-07 21:00:00,11.484131,5.2936707,902.2871,8.192348,29.837372,65.73543
2021-02-07 22:00:00,10.840729,5.10553,902.14703,7.6008387,30.226532,67.70845
2021-02-07 23:00:00,10.736816,5.034668,902.2264,7.9985394,30.253174,67.84249
2021-02-08 00:00:00,11.004456,5.094635,902.483,8.216316,31.310974,66.92544
2021-02-08 01:00:00,10.968597,5.0318604,903.0488,8.394161,32.642212,66.79251
2021-02-08 02:00:00,11.997589,5.261963,903.7137,8.516422,33.41931,63.40563
2021-02-08 03:00:00,12.390289,5.269928,904.3736,8.670106,34.9205,61.823517
2021-02-08 04:00:00,13.444702,5.7471313,904.7166,8.722081,35.210266,59.646244
2021-02-08 05:00:00,16.95108,6.3325195,904.6141,8.524577,33.75827,49.581078
2021-02-08 06:00:00,18.000488,6.0164795,903.9779,8.204986,28.938751,45.402946
2021-02-08 07:00:00,18.327728,6.1233826,903.106,8.0108185,22.371277,44.809097
2021-02-08 08:00:00,19.77716,5.8688354,902.1779,7.9999094,16.691223,40.22321
2021-02-08 09:00:00,19.977356,5.7276306,901.47876,8.090385,13.073822,39.34111
2021-02-08 10:00:00,18.946869,6.5598755,901.0125,7.5434556,9.756287,44.422417
2021-02-08 11:00:00,18.802979,6.2269897,900.99115,7.5215044,14.625793,43.80773
2021-02-08 12:00:00,18.629303,6.29541,901.2342,7.307488,18.986237,44.495327
2021-02-08 13:00:00,18.160858,6.1628723,901.64233,7.22927,21.374268,45.40425
2021-02-08 14:00:00,16.542664,6.490082,902.2014,7.149285,24.675354,51.438038
2021-02-08 15:00:00,14.999695,6.292755,902.6562,7.0105453,27.312744,56.00639
2021-02-08 16:00:00,14.684479,6.2652893,902.94763,6.8558526,29.546051,57.047073
2021-02-08 17:00:00,13.49408,6.0803833,902.9353,6.6620865,30.701447,60.8401
2021-02-08 18:00:00,13.2673645,5.9384766,902.7304,6.5356555,30.419006,61.14322
2021-02-08 19:00:00,13.093597,5.8719177,902.30835,6.5139494,29.206146,61.55658
2021-02-08 20:00:00,12.204712,5.594116,901.8033,6.604055,27.600647,64.00555
2021-02-08 21:00:00,11.869354,5.4799194,901.3748,6.7349668,26.223358,64.91845
2021-02-08 22:00:00,11.24173,5.2675476,901.14484,6.4520664,27.71585,66.677444
2021-02-08 23:00:00,11.129669,5.2444763,901.16974,6.704029,27.18283,67.06692
2021-02-09 00:00:00,11.363007,5.3420105,901.4016,6.8691463,27.439636,66.4871
2021-02-09 01:00:00,11.295654,5.285095,901.8563,7.0544043,28.3815,66.52076
2021-02-09 02:00:00,12.525269,5.67157,902.4115,7.197119,30.09436,63.009464
2021-02-09 03:00:00,12.919281,5.647461,902.96375,7.2888584,32.37854,61.302082
2021-02-09 04:00:00,14.222656,6.3300476,903.264,6.9992223,32.793182,59.037643
2021-02-09 05:00:00,17.413055,6.833618,903.14874,6.5771713,27.38498,49.84076
2021-02-09 06:00:00,18.498627,6.4462585,902.5389,6.3889594,17.22528,45.32918
2021-02-09 07:00:00,18.788422,6.37677,901.6082,6.4364896,6.9780273,44.30244
2021-02-09 08:00:00,20.233276,6.0033875,900.62506,6.6322603,359.91248,39.468575
2021-02-09 09:00:00,20.395111,5.9577637,899.9073,6.9214845,356.48746,38.95309
2021-02-09 10:00:00,19.307556,6.9978333,899.36115,6.613094,353.82913,44.760445
2021-02-09 11:00:00,19.164734,7.0375977,899.31006,6.8786016,0.93237305,45.2835
2021-02-09 12:00:00,18.989746,6.978943,899.51227,6.9627633,7.2709656,45.59665
2021-02-09 13:00:00,18.585114,6.927948,899.92456,7.003356,12.649872,46.601032
2021-02-09 14:00:00,16.84793,7.0664062,900.4197,7.022167,16.88324,52.4863
2021-02-09 15:00:00,15.5807495,7.0480347,900.9154,6.950574,20.540253,56.829407
2021-02-09 16:00:00,15.24295,6.951477,901.18604,6.7944417,22.924225,57.690968
2021-02-09 17:00:00,14.088287,6.90683,901.2092,6.5803347,24.656372,61.96167
2021-02-09 18:00:00,13.794189,6.806732,901.0018,6.4454618,25.170105,62.722866
2021-02-09 19:00:00,13.563202,6.726715,900.6418,6.373794,24.918365,63.322903
2021-02-09 20:00:00,12.835541,6.621826,900.23236,6.409579,23.88028,65.92479
2021-02-09 21:00:00,12.655792,6.5789185,899.885,6.5156555,23.025208,66.50877
2021-02-09 22:00:00,11.732056,6.1770935,899.74976,6.07971,26.248413,68.74512
2021-02-09 23:00:00,11.563293,6.0855713,899.7943,6.213566,26.11139,69.07798
2021-02-10 00:00:00,11.782318,6.19928,900.06647,6.316624,27.138336,68.62244
2021-02-10 01:00:00,11.708527,6.1550293,900.5836,6.404801,28.854065,68.74725
2021-02-10 02:00:00,12.7013855,6.41391,901.18677,6.4524136,31.066711,65.56197
2021-02-10 03:00:00,13.284271,6.5624695,901.76636,6.340519,33.300873,63.76008
2021-02-10 04:00:00,14.182343,6.9783325,902.0644,5.874724,31.743317,61.88795
2021-02-10 05:00:00,17.403564,7.4023743,901.9788,5.440169,25.746338,51.850475
2021-02-10 06:00:00,18.567627,7.024048,901.3959,5.367528,17.193085,46.9603
2021-02-10 07:00:00,18.890625,7.0875854,900.5073,5.4409614,10.185944,46.222298
2021-02-10 08:00:00,20.062256,6.7327576,899.6128,5.5429435,5.01886,41.942833
2021-02-10 09:00:00,20.255646,6.7244873,898.9098,5.7024956,3.2408752,41.42073
2021-02-10 10:00:00,19.202637,7.611267,898.54065,5.490422,3.386139,46.982964
2021-02-10 11:00:00,19.126343,7.5928345,898.59216,5.7101207,9.51001,47.14753
2021-02-10 12:00:00,18.922852,7.4664307,898.8425,5.739734,17.593292,47.33972
2021-02-10 13:00:00,18.515106,7.355896,899.28815,5.784597,22.450897,48.196808
2021-02-10 14:00:00,17.041656,7.7555847,899.823,5.776987,26.773834,54.34429
2021-02-10 15:00:00,15.69223,7.53302,900.3203,5.6903114,29.979523,58.327232
2021-02-10 16:00:00,15.207275,7.32135,900.7128,5.51082,32.538635,59.305733
2021-02-10 17:00:00,14.088867,7.322113,900.8684,5.2407804,34.382812,63.74594
2021-02-10 18:00:00,13.725433,7.1445007,900.7675,5.0813046,34.71747,64.47897
2021-02-10 19:00:00,13.449219,7.058319,900.4514,4.954692,33.705597,65.261665
2021-02-10 20:00:00,12.449188,6.725281,900.041,4.8890386,31.676697,68.09726
2021-02-10 21:00:00,12.216217,6.6135864,899.668,4.871907,29.785889,68.61879
2021-02-10 22:00:00,11.513306,6.3763733,899.5271,4.5261407,28.89151,70.71002
2021-02-10 23:00:00,11.340729,6.249054,899.5154,4.77035,29.224792,70.897285
2021-02-11 00:00:00,11.562073,6.416626,899.8669,4.969827,31.437195,70.67807
2021-02-11 01:00:00,11.403046,6.309967,900.4148,5.181551,34.081055,70.9025
2021-02-11 02:00:00,12.55542,6.651703,901.10266,5.369229,37.48242,67.28348
2021-02-11 03:00:00,13.054382,6.7333984,901.6504,5.409125,40.393463,65.488396
2021-02-11 04:00:00,14.207214,7.114197,901.9343,5.053503,41.760254,62.36603
2021-02-11 05:00:00,17.4281,7.1860046,901.84534,4.6243954,39.98224,51.010162
2021-02-11 06:00:00,18.513733,6.9673767,901.3457,4.252292,33.992462,46.936398
2021-02-11 07:00:00,18.943146,7.070526,900.5446,3.9142802,24.239258,46.01723
2021-02-11 08:00:00,20.247498,6.3744507,899.63495,3.6779418,14.346466,40.456017
2021-02-11 09:00:00,20.462402,6.4747925,898.8923,3.5664856,8.48999,40.199436
2021-02-11 10:00:00,19.35785,7.161072,898.50256,2.9174414,2.369049,45.122116
2021-02-11 11:00:00,19.260956,7.246643,898.4808,3.1181836,15.812073,45.66155
2021-02-11 12:00:00,19.048218,6.994385,898.8254,3.3373685,28.045685,45.478745
2021-02-11 13:00:00,18.586487,6.9688416,899.2781,3.5922177,34.841797,46.727818
2021-02-11 14:00:00,16.947784,7.279175,899.8565,3.8147237,40.90329,52.9199
2021-02-11 15:00:00,15.571838,7.0842896,900.37415,3.9685993,45.626587,57.003193
2021-02-11 16:00:00,15.262421,6.990265,900.7482,4.010074,48.843445,57.772263
2021-02-11 17:00:00,14.290558,6.9590454,900.913,4.004298,51.334595,61.374878
2021-02-11 18:00:00,13.952637,6.8236084,900.8326,3.9583163,52.252075,62.153126
2021-02-11 19:00:00,13.733765,6.778839,900.5522,3.9497583,51.58783,62.8491
2021-02-11 20:00:00,12.981445,6.6097717,900.1512,3.9794102,49.49588,65.24475
2021-02-11 21:00:00,12.724426,6.4647827,899.8206,4.095493,47.219086,65.692726
2021-02-11 22:00:00,12.047058,6.322876,899.72314,3.7801054,48.473938,68.01252
2021-02-11 23:00:00,11.8758545,6.194336,899.7517,4.047116,47.120148,68.17721
2021-02-12 00:00:00,12.029816,6.2842712,900.0824,4.232629,47.125793,67.9089
2021-02-12 01:00:00,11.905212,6.1980286,900.71674,4.4496746,48.35196,68.062744
2021-02-12 02:00:00,12.992249,6.7557373,901.459,4.53827,49.642334,65.8557
2021-02-12 03:00:00,13.391937,6.8611755,902.0957,4.519247,50.19165,64.626465
2021-02-12 04:00:00,14.43985,7.1673584,902.5261,4.1612477,48.192993,61.6587
2021-02-12 05:00:00,17.528503,7.466522,902.5475,3.7400692,43.608856,51.66899
2021-02-12 06:00:00,18.387756,7.263397,902.1599,3.3237207,32.43222,48.276688
2021-02-12 07:00:00,18.79071,7.503723,901.3432,3.2885253,16.78775,47.853645
2021-02-12 08:00:00,19.972504,7.1121826,900.4473,3.5634532,4.626526,43.28803
2021-02-12 09:00:00,20.192017,7.0217285,899.74585,3.9794493,359.32614,42.44038
2021-02-12 10:00:00,19.14859,7.5863037,899.43445,4.244936,355.62253,47.061253
2021-02-12 11:00:00,19.063263,7.6162415,899.4586,4.4574504,6.2187195,47.40891
2021-02-12 12:00:00,18.887695,7.443817,899.71893,4.518066,17.335327,47.370556
2021-02-12 13:00:00,18.516663,7.4848633,900.128,4.697722,24.628815,48.618393
2021-02-12 14:00:00,17.128296,7.6591187,900.77655,4.7456675,31.05655,53.69299
2021-02-12 15:00:00,15.4878845,7.5697937,901.32513,4.6375017,36.190613,59.243965
2021-02-12 16:00:00,15.136017,7.4491577,901.7721,4.4226947,40.6998,60.10025
2021-02-12 17:00:00,14.132599,7.326355,901.8798,4.0887556,43.376373,63.58405
2021-02-12 18:00:00,13.8385315,7.227417,901.766,3.8224378,45.55136,64.37122
2021-02-12 19:00:00,13.563629,7.0216064,901.4785,3.601952,45.36328,64.61484
2021-02-12 20:00:00,12.621979,6.690857,901.1675,3.4761822,44.258545,67.17099
2021-02-12 21:00:00,12.270935,6.455536,900.8996,3.4400198,42.700714,67.6333
2021-02-12 22:00:00,11.597992,6.2337646,900.8435,3.3609061,40.31305,69.62791
2021-02-12 23:00:00,11.476959,6.1969604,900.7969,3.5211468,39.835938,70.009254
2021-02-13 00:00:00,11.752686,6.4022827,901.03107,3.6489744,41.12207,69.72517
2021-02-13 01:00:00,11.825012,6.4032288,901.55853,3.764899,43.124847,69.39782
2021-02-13 02:00:00,12.825623,6.7703247,902.2734,3.7874272,45.42566,66.643845
2021-02-13 03:00:00,13.29361,6.849243,902.87134,3.6401653,48.23987,64.988686
2021-02-13 04:00:00,14.304352,7.1289062,903.25305,3.194945,50.77896,62.0377
2021-02-13 05:00:00,17.454163,7.5527344,903.2392,2.5162413,50.350952,52.218258
2021-02-13 06:00:00,18.644318,7.273346,902.7626,1.8005289,36.78412,47.539665
2021-02-13 07:00:00,19.065643,7.3835754,901.98315,1.6181186,2.5718994,46.655186
2021-02-13 08:00:00,20.464783,7.2290344,901.13196,2.054002,337.15555,42.327824
2021-02-13 09:00:00,20.716187,7.053467,900.4314,2.545869,327.4892,41.17924
2021-02-13 10:00:00,19.56137,7.7705383,900.02313,2.8172257,319.5075,46.447536
2021-02-13 11:00:00,19.47696,7.8072815,900.0199,2.5994918,336.97333,46.808758
2021-02-13 12:00:00,19.282257,7.5643005,900.2687,2.5210366,0.44482422,46.601112
2021-02-13 13:00:00,18.859589,7.6150513,900.68787,2.6535919,18.155304,48.01141
2021-02-13 14:00:00,17.413086,7.804016,901.29297,2.696092,28.93686,53.25806
2021-02-13 15:00:00,15.813232,7.7137756,901.841,2.6766477,35.130554,58.595203
2021-02-13 16:00:00,15.5512085,7.687561,902.14453,2.6130455,39.193146,59.47968
2021-02-13 17:00:00,14.524933,7.4390564,902.1193,2.528097,40.84851,62.470158
2021-02-13 18:00:00,14.180542,7.344208,901.9508,2.4567974,40.09558,63.46432
2021-02-13 19:00:00,13.987762,7.2645264,901.6117,2.4856994,37.660095,63.912975
2021-02-13 20:00:00,13.116821,7.099365,901.1856,2.623396,33.328705,66.87913
2021-02-13 21:00:00,12.943298,7.0351257,900.77484,2.8330007,30.22879,67.34466
2021-02-13 22:00:00,12.309296,6.854309,900.6516,2.8773344,28.642578,69.33693
2021-02-13 23:00:00,12.225159,6.859619,900.581,3.0768216,28.421753,69.74677
2021-02-14 00:00:00,12.327026,7.0144043,900.8374,3.2598338,30.437439,70.02047
2021-02-14 01:00:00,12.2901,7.040222,901.3134,3.3963828,34.036377,70.31478
2021-02-14 02:00:00,13.269531,7.422516,901.93396,3.4867578,37.99466,67.69541
2021-02-14 03:00:00,13.96106,7.624756,902.4816,3.40678,41.246155,65.61784
2021-02-14 04:00:00,14.77124,7.833069,902.80255,2.781278,36.968933,63.159233
2021-02-14 05:00:00,18.029724,8.397797,902.74445,2.2503662,23.880249,53.336983
2021-02-14 06:00:00,18.736633,8.066345,902.29016,1.9550887,1.7895813,49.8907
2021-02-14 07:00:00,19.090515,8.275421,901.4888,2.2332532,338.5383,49.49814
2021-02-14 08:00:00,20.357697,7.941925,900.57166,2.7858307,325.74173,44.73114
2021-02-14 09:00:00,20.514832,7.905884,899.74976,3.32989,322.5477,44.19106
2021-02-14 10:00:00,19.505524,8.622131,899.269,3.1955853,323.52588,49.382015
2021-02-14 11:00:00,19.373962,8.696655,899.1534,3.2628067,334.21515,50.03911
2021-02-14 12:00:00,19.19168,8.585266,899.38,3.1073008,347.85284,50.230335
2021-02-14 13:00:00,18.77533,8.508026,899.81036,3.1551945,356.7412,51.283485
2021-02-14 14:00:00,17.275635,8.746948,900.38306,3.164107,2.42453,57.27045
2021-02-14 15:00:00,15.975006,8.577942,900.9116,3.1162617,5.6305847,61.496937
2021-02-14 16:00:00,15.693573,8.488678,901.2347,2.9307764,7.4706116,62.236057
2021-02-14 17:00:00,14.551056,8.30661,901.30383,2.7371426,6.609375,66.15698
2021-02-14 18:00:00,14.255615,8.230011,901.1083,2.6310604,4.2510376,67.08294
2021-02-14 19:00:00,14.034454,8.232361,900.86334,2.6192365,0.8570862,68.06152
2021-02-14 20:00:00,13.278351,8.044159,900.5254,2.7385683,357.9935,70.582825
2021-02-14 21:00:00,12.906372,7.8279114,900.2301,2.9851077,356.11115,71.262405
2021-02-14 22:00:00,12.201569,7.5737305,900.0541,3.0809946,351.58743,73.35165
2021-02-14 23:00:00,12.027496,7.4951477,899.94635,3.3689148,352.57086,73.79988
2021-02-15 00:00:00,12.343475,7.7641907,900.12964,3.5525613,355.87775,73.6202
2021-02-15 01:00:00,12.265778,7.7359314,900.5751,3.653983,359.86874,73.85469
2021-02-15 02:00:00,13.0816345,8.0312805,901.11554,3.7421055,4.8903503,71.4321
2021-02-15 03:00:00,13.502136,8.036133,901.66205,3.8937511,6.5316772,69.52339
2021-02-15 04:00:00,14.551422,8.071045,901.9814,3.8921375,4.3674927,65.10617
2021-02-15 05:00:00,17.562897,8.322968,901.88477,3.8158603,356.32825,54.65007
2021-02-15 06:00:00,18.44397,8.326508,901.259,3.9406593,344.6064,51.717957
2021-02-15 07:00:00,18.786133,8.36908,900.378,4.4031634,334.10278,50.768818
2021-02-15 08:00:00,19.982452,7.759674,899.50385,4.9596667,329.17377,45.216812
2021-02-15 09:00:00,20.177246,7.5679016,898.78076,5.3488526,328.3406,44.095005
2021-02-15 10:00:00,19.25418,8.31311,898.3395,5.079345,330.26474,49.121376
2021-02-15 11:00:00,19.160248,8.360474,898.264,4.936808,340.0452,49.56851
2021-02-15 12:00:00,19.006683,8.318512,898.41974,4.727301,354.38358,49.903194
2021-02-15 13:00:00,18.63208,8.190765,898.7261,4.6998653,5.808777,50.64401
2021-02-15 14:00:00,17.200836,8.598572,899.2835,4.609139,15.000153,56.96762
2021-02-15 15:00:00,15.856873,8.277618,899.8328,4.3996506,20.920197,60.714924
2021-02-15 16:00:00,15.410217,8.167816,900.19507,4.1353726,25.074615,62.012352
2021-02-15 17:00:00,14.492523,8.125946,900.2418,3.8026943,28.020844,65.5984
2021-02-15 18:00:00,14.155975,8.105011,900.0274,3.515656,29.037292,66.946556
2021-02-15 19:00:00,13.8567505,7.988098,899.7124,3.2434146,27.5802,67.71786
2021-02-15 20:00:00,12.950958,7.7324524,899.3907,3.1274667,24.054962,70.59464
2021-02-15 21:00:00,12.771362,7.65094,899.1038,3.1631465,20.0943,71.03324
2021-02-15 22:00:00,11.996735,7.2749634,898.89154,2.8093884,18.240234,72.845665
2021-02-15 23:00:00,11.797485,7.148926,898.81604,2.9329038,15.841919,73.17504
2021-02-16 00:00:00,12.096985,7.3883057,899.15283,3.0061896,16.152313,72.92918
2021-02-16 01:00:00,12.032166,7.314209,899.6866,3.05565,18.586334,72.87113
2021-02-16 02:00:00,12.952423,7.72818,900.433,3.0918036,22.86737,70.56735
2021-02-16 03:00:00,13.505615,7.8583374,901.1092,3.086622,24.364563,68.67236
2021-02-16 04:00:00,14.196411,7.857544,901.5698,2.8977509,22.597992,65.65761
2021-02-16 05:00:00,17.175354,8.123474,901.55273,2.661094,14.8003235,55.25147
2021-02-16 06:00:00,18.192719,7.9156494,901.09796,2.634402,0.77279663,51.093727
2021-02-16 07:00:00,18.620789,8.1206665,900.2356,2.9211092,346.41376,50.43919
2021-02-16 08:00:00,19.703949,7.7541504,899.35205,3.398313,337.60297,45.986855
2021-02-16 09:00:00,19.845367,7.927704,898.6239,3.8657157,335.39423,46.12693
2021-02-16 10:00:00,18.894226,8.527588,898.1611,3.5376163,337.42975,50.971485
2021-02-16 11:00:00,18.728424,8.429779,898.113,3.8656068,348.6046,51.16225
2021-02-16 12:00:00,18.535461,8.186768,898.3616,4.0727196,2.4259949,50.937344
2021-02-16 13:00:00,18.236816,8.239075,898.8401,4.2401204,11.630768,52.08431
2021-02-16 14:00:00,16.877533,8.457001,899.5507,4.3401427,18.937622,57.5915
2021-02-16 15:00:00,15.619446,8.090118,900.1648,4.325567,24.226746,60.864567
2021-02-16 16:00:00,15.277863,8.096802,900.55756,4.249862,28.074768,62.240376
2021-02-16 17:00:00,14.273254,8.02478,900.6551,4.0822015,29.513641,66.07913
2021-02-16 18:00:00,13.999542,7.985077,900.56354,3.9849253,29.086731,67.07972
2021-02-16 19:00:00,13.720947,7.8862915,900.3312,3.9489467,27.8815,67.84637
2021-02-16 20:00:00,13.013947,7.768585,900.0008,4.1034117,26.739502,70.47788
2021-02-16 21:00:00,12.717621,7.5756836,899.70404,4.3101563,26.245148,70.9188
2021-02-16 22:00:00,11.8966675,7.338562,899.47675,4.0233994,23.787292,73.64694
2021-02-16 23:00:00,11.804565,7.292053,899.5014,4.361172,26.172699,73.860374
2021-02-17 00:00:00,11.977814,7.398987,899.8828,4.7074404,29.713379,73.55724
2021-02-17 01:00:00,11.936951,7.355774,900.50104,5.032411,33.617157,73.538124
2021-02-17 02:00:00,12.783539,7.525055,901.2277,5.36543,37.38983,70.36995
2021-02-17 03:00:00,13.254822,7.5153503,901.8652,5.701358,40.096313,68.19111
2021-02-17 04:00:00,14.017792,7.6048584,902.2241,5.742803,41.906097,65.288284
2021-02-17 05:00:00,16.895966,7.6210938,902.195,5.5550137,42.931335,54.34794
2021-02-17 06:00:00,17.811096,7.6002197,901.73865,5.2341223,41.3313,51.22202
2021-02-17 07:00:00,18.240082,7.799011,900.98615,4.894128,36.57083,50.539352
2021-02-17 08:00:00,19.496704,7.342163,900.1259,4.703471,30.812897,45.291584
2021-02-17 09:00:00,19.668884,7.2953796,899.45953,4.752958,26.520355,44.666786
2021-02-17 10:00:00,18.854156,7.7049255,899.0549,4.410647,23.760834,48.322792
2021-02-17 11:00:00,18.81018,7.772064,899.0547,5.0391927,27.153748,48.677807
2021-02-17 12:00:00,18.72113,7.6289673,899.2721,5.5938377,33.434387,48.47453
2021-02-17 13:00:00,18.370544,7.7397766,899.7082,6.064222,37.278503,49.925716
2021-02-17 14:00:00,17.013428,7.845459,900.3514,6.464713,41.854736,54.775642
2021-02-17 15:00:00,15.473541,7.6714783,900.96075,6.664741,45.914368,59.71097
2021-02-17 16:00:00,15.132538,7.572357,901.3975,6.7227283,49.797882,60.621178
2021-02-17 17:00:00,14.287079,7.6316833,901.507,6.627536,52.849274,64.27708
2021-02-17 18:00:00,13.982941,7.50943,901.37555,6.5025797,54.87726,65.01142
2021-02-17 19:00:00,13.76178,7.438568,901.0837,6.3440075,56.136047,65.63303
2021-02-17 20:00:00,12.970154,7.314453,900.7928,6.2564645,56.630554,68.523705
2021-02-17 21:00:00,12.785736,7.204956,900.5264,6.263612,56.92624,68.83791
2021-02-17 22:00:00,11.971405,6.77771,900.3909,5.9968743,57.911926,70.52371
2021-02-17 23:00:00,11.850616,6.686737,900.51807,6.17517,57.57605,70.64468
2021-02-18 00:00:00,12.128082,6.8111877,900.9451,6.417675,58.31436,69.960625
2021-02-18 01:00:00,12.027344,6.723358,901.6286,6.6621823,59.97592,70.00271
2021-02-18 02:00:00,12.983826,7.1316223,902.4534,6.9403267,62.247406,67.61175
2021-02-18 03:00:00,13.703491,7.2707214,903.2279,7.21965,66.40161,65.13087
2021-02-18 04:00:00,14.505676,7.5023804,903.7352,7.3782144,71.36133,62.818825
2021-02-18 05:00:00,17.471497,7.8451843,903.78455,7.2901564,75.14371,53.210926
2021-02-18 06:00:00,18.451508,7.9752197,903.3193,6.880666,76.444336,50.47531
2021-02-18 07:00:00,18.722717,8.118011,902.552,6.2642374,74.17853,50.109653
2021-02-18 08:00:00,19.81186,7.667877,901.72595,5.709259,69.47684,45.412395
2021-02-18 09:00:00,19.974976,7.765259,901.11835,5.485893,63.823486,45.254948
2021-02-18 10:00:00,19.075653,8.2048645,900.6926,5.006071,53.81894,49.307457
2021-02-18 11:00:00,18.970123,8.06308,900.7193,5.643004,51.25006,49.15756
2021-02-18 12:00:00,18.871307,8.107605,900.96265,6.1954646,51.64142,49.611523
2021-02-18 13:00:00,18.579163,7.8830566,901.4046,6.5619802,52.3808,49.760582
2021-02-18 14:00:00,17.147308,8.278595,902.0222,7.0051446,54.93753,55.93532
2021-02-18 15:00:00,15.83548,7.9880676,902.6168,7.2691474,57.92154,59.61438
2021-02-18 16:00:00,15.437897,7.8391113,903.02966,7.4649377,60.963623,60.53473
2021-02-18 17:00:00,14.42923,7.8560486,903.1552,7.5282636,63.59857,64.66978
2021-02-18 18:00:00,14.122833,7.836731,903.06,7.5598855,65.35437,65.877815
2021-02-18 19:00:00,13.852203,7.6947327,902.78656,7.493866,66.35785,66.39885
2021-02-18 20:00:00,13.08255,7.5190735,902.42975,7.4288363,66.486755,68.97955
2021-02-18 21:00:00,12.901764,7.434906,902.17065,7.4184303,66.07376,69.39945
2021-02-18 22:00:00,12.44162,7.23468,902.01764,6.9321427,65.4689,70.55136
2021-02-18 23:00:00,12.316925,7.2318115,902.06244,7.128939,65.116486,71.11742
2021-02-19 00:00:00,12.509735,7.289856,902.4204,7.246373,65.624054,70.50222
2021-02-19 01:00:00,12.319244,7.0769043,903.06866,7.3553896,66.67172,70.356804
2021-02-19 02:00:00,13.342133,7.3946533,903.8469,7.544555,67.39639,67.24771
2021-02-19 03:00:00,13.834351,7.5312195,904.5218,7.8014927,69.23175,65.73885
2021-02-19 04:00:00,14.595215,7.6511536,904.896,7.8038273,71.11713,63.093685
2021-02-19 05:00:00,17.519531,8.110443,904.88416,7.5400076,71.94049,54.015194
2021-02-19 06:00:00,18.47882,8.259827,904.41516,6.9652505,68.99475,51.372356
2021-02-19 07:00:00,18.794342,8.142487,903.62256,6.4518294,62.928772,49.96882
2021-02-19 08:00:00,19.831879,7.7159424,902.7547,6.123093,56.2742,45.504856
2021-02-19 09:00:00,20.000977,7.4789734,902.0653,6.1200657,50.56076,44.30886
2021-02-19 10:00:00,19.180817,8.115387,901.60266,5.9589677,49.346313,48.688705
2021-02-19 11:00:00,19.115448,8.035004,901.59216,6.4451003,48.91043,48.62122
2021-02-19 12:00:00,18.914276,8.025665,901.90326,6.6754484,50.953888,49.20395
2021-02-19 13:00:00,18.582,7.8482056,902.49335,6.742891,51.171326,49.63391
2021-02-19 14:00:00,17.118439,8.068207,903.1418,7.064965,52.381683,55.243057
2021-02-19 15:00:00,15.900482,7.8198547,903.6982,7.2802196,54.148743,58.69185
2021-02-19 16:00:00,15.566528,7.6418457,904.014,7.411401,56.10742,59.236496
2021-02-19 17:00:00,14.543457,7.582367,904.0518,7.4538965,57.901978,63.008644
2021-02-19 18:00:00,14.190857,7.3755493,903.85547,7.507324,59.10794,63.55789
2021-02-19 19:00:00,14.013977,7.330475,903.45276,7.466163,59.537476,64.0927
2021-02-19 20:00:00,13.292206,7.141266,902.9864,7.492383,59.701813,66.3082
2021-02-19 21:00:00,13.171326,7.1388245,902.63196,7.5543303,59.876465,66.82188
2021-02-19 22:00:00,12.590668,6.801697,902.40076,7.4247766,61.17868,67.82313
2021-02-19 23:00:00,12.474396,6.8229065,902.46674,7.6386743,61.5618,68.44181
2021-02-20 00:00:00,12.779175,7.048462,902.7754,7.8306546,62.704742,68.13376
2021-02-20 01:00:00,12.738068,6.9389343,903.32135,8.054527,64.07327,67.80659
2021-02-20 02:00:00,13.805359,7.274719,903.84424,8.3478775,65.00485,64.718994
2021-02-20 03:00:00,14.305603,7.3588867,904.34796,8.606361,66.72015,63.015945
2021-02-20 04:00:00,14.950073,7.4702454,904.60266,8.706081,68.61322,60.91087
2021-02-20 05:00:00,17.913727,7.6226807,904.5377,8.553844,70.16275,50.97028
2021-02-20 06:00:00,19.047638,7.6220093,904.00354,8.015195,69.43103,47.473785
2021-02-20 07:00:00,19.384735,7.778137,903.13617,7.345235,66.05646,46.984627
2021-02-20 08:00:00,20.631866,7.7438965,902.24115,6.7841268,60.846252,43.39233
2021-02-20 09:00:00,20.81726,7.820526,901.6054,6.5444593,55.30719,43.12424
2021-02-20 10:00:00,19.900696,8.468872,901.17804,6.2423887,53.329193,47.68866
2021-02-20 11:00:00,19.810333,8.442108,901.29694,6.6559944,52.391235,47.869648
2021-02-20 12:00:00,19.584167,8.442474,901.6292,6.7648354,52.66327,48.547398
2021-02-20 13:00:00,19.255829,8.274414,902.13947,6.895919,51.010315,48.987625
2021-02-20 14:00:00,17.789062,8.534302,902.7218,7.177996,51.051178,54.653496
2021-02-20 15:00:00,16.459045,8.334747,903.16016,7.402969,51.610687,58.654778
2021-02-20 16:00:00,16.163147,8.186798,903.4101,7.486123,52.45572,59.173733
2021-02-20 17:00:00,15.1883545,8.096283,903.38226,7.4729953,52.96109,62.596947
2021-02-20 18:00:00,14.947571,8.017609,903.20917,7.451342,53.298798,63.23472
2021-02-20 19:00:00,14.773346,7.939331,902.8557,7.3800015,53.531403,63.60886
2021-02-20 20:00:00,13.94458,7.6951294,902.4294,7.3414006,53.573273,66.00382
2021-02-20 21:00:00,13.785126,7.640869,902.1261,7.3628764,53.876617,66.444305
2021-02-20 22:00:00,13.060303,7.4521484,901.89954,7.2726617,56.178955,68.76503
2021-02-20 23:00:00,12.979095,7.422516,901.9648,7.367048,56.859528,68.991104
2021-02-21 00:00:00,13.136414,7.6431274,902.2967,7.4172835,58.202454,69.3214
2021-02-21 01:00:00,13.07843,7.555237,902.87036,7.5025797,59.85141,69.16854
2021-02-21 02:00:00,14.384277,7.9544983,903.55994,7.583148,61.460114,65.29371
2021-02-21 03:00:00,14.802734,8.041351,904.12616,7.662471,64.15625,63.93032
2021-02-21 04:00:00,15.862457,8.64624,904.3711,7.170777,65.5625,62.22745
2021-02-21 05:00:00,18.690704,8.7561035,904.16833,6.456979,63.462524,52.42776
2021-02-21 06:00:00,19.901276,8.648132,903.6203,5.6410656,57.777832,48.268936
2021-02-21 07:00:00,20.173584,8.72522,902.7936,4.9613576,49.09616,47.710197
2021-02-21 08:00:00,21.44043,8.58316,901.8938,4.5767074,39.59909,43.71045
2021-02-21 09:00:00,21.592804,8.66806,901.1172,4.5008574,31.383636,43.554092
2021-02-21 10:00:00,20.570343,9.452789,900.63916,3.9255342,27.868103,48.895157
2021-02-21 11:00:00,20.478271,9.427948,900.5974,4.30837,33.126373,49.09153
2021-02-21 12:00:00,20.25824,9.255371,900.9075,4.614831,39.554718,49.188747
2021-02-21 13:00:00,19.947174,9.109772,901.41315,4.7415023,38.545715,49.65526
2021-02-21 14:00:00,18.524261,9.546997,901.9906,5.0050545,39.542877,55.87508
2021-02-21 15:00:00,17.002594,9.367615,902.55414,5.124343,40.143097,60.75788
2021-02-21 16:00:00,16.773468,9.410309,902.9138,5.08554,40.667603,61.82413
2021-02-21 17:00:00,15.722565,9.265411,903.0479,4.993229,40.21234,65.46449
2021-02-21 18:00:00,15.376709,9.090149,902.9059,4.935779,38.85132,66.1458
2021-02-21 19:00:00,15.191437,8.999329,902.65686,4.93357,37.319183,66.528625
2021-02-21 20:00:00,14.269775,8.678497,902.26654,4.983169,35.301758,69.08844
2021-02-21 21:00:00,14.081207,8.661224,901.97375,5.1087084,34.5578,69.8555
2021-02-21 22:00:00,13.442627,8.247223,901.8519,4.7990575,41.308502,70.80071
2021-02-21 23:00:00,13.331085,8.195679,901.886,5.01141,41.73053,71.06808
2021-02-22 00:00:00,13.737122,8.385315,902.14294,5.235247,43.04413,70.11083
2021-02-22 01:00:00,13.643585,8.346222,902.64825,5.4296713,45.769226,70.3517
2021-02-22 02:00:00,14.685699,8.659302,903.2665,5.564718,47.60431,67.169785
2021-02-22 03:00:00,15.492676,8.99057,903.8619,5.593699,49.52658,65.21655
2021-02-22 04:00:00,16.402924,9.187012,904.1253,5.163648,49.141632,62.35348
2021-02-22 05:00:00,19.581268,9.342377,903.97284,4.427023,44.382263,51.59659
2021-02-22 06:00:00,20.550995,9.005585,903.3187,3.703045,30.535828,47.501915
2021-02-22 07:00:00,20.851654,9.038422,902.43646,3.440684,12.3532715,46.73385
2021-02-22 08:00:00,21.974854,8.459503,901.4534,3.4620798,358.78308,41.953255
2021-02-22 09:00:00,22.124207,8.598846,900.6953,3.5085835,351.92096,41.966995
2021-02-22 10:00:00,21.073883,9.383423,900.1387,3.2748141,358.4598,47.183105
2021-02-22 11:00:00,20.996002,9.39328,900.032,3.156165,7.900116,47.440796
2021-02-22 12:00:00,20.724731,9.238617,900.24915,3.1975324,23.831299,47.739746
2021-02-22 13:00:00,20.429901,9.046753,900.6489,3.215793,30.794922,47.99105
2021-02-22 14:00:00,18.786377,9.213745,901.1376,3.2157004,36.84204,53.748695
2021-02-22 15:00:00,17.435669,9.500916,901.6309,3.095512,41.110077,59.648365
2021-02-22 16:00:00,17.12619,9.439636,901.93805,2.849284,43.08191,60.576813
2021-02-22 17:00:00,16.092957,9.231995,901.9743,2.6526859,42.639313,63.790043
2021-02-22 18:00:00,15.720032,9.110168,901.6607,2.506797,39.74066,64.79425
2021-02-22 19:00:00,15.547394,9.07196,901.18634,2.4369175,34.502563,65.34588
2021-02-22 20:00:00,14.729401,8.866241,900.60455,2.454491,28.49527,67.9238
2021-02-22 21:00:00,14.510925,8.693787,900.17084,2.6032646,22.628052,68.09022
2021-02-22 22:00:00,13.768585,8.322205,899.8212,2.304159,18.201385,69.66904
2021-02-22 23:00:00,13.694275,8.32959,899.7517,2.7336075,19.748474,70.04126
2021-02-23 00:00:00,14.017761,8.579712,899.99304,3.0218694,22.923126,69.75767
2021-02-23 01:00:00,13.949219,8.629913,900.5737,3.2073703,26.85785,70.30674
2021-02-23 02:00:00,15.17807,9.052948,901.312,3.325362,30.979126,66.82692
2021-02-23 03:00:00,15.666046,9.034454,901.97284,3.1002026,32.339813,64.68755
2021-02-23 04:00:00,16.728638,9.28537,902.36487,2.5085323,19.507538,61.48156
2021-02-23 05:00:00,19.733856,9.052063,902.2635,2.5998104,357.23624,50.120895
2021-02-23 06:00:00,20.807526,8.900574,901.6716,2.9267468,340.3032,46.427223
2021-02-23 07:00:00,21.071167,8.956055,900.7244,3.4364636,326.51654,45.85218
2021-02-23 08:00:00,22.139252,8.54126,899.769,3.9483175,319.4416,41.765495
2021-02-23 09:00:00,22.334442,8.540649,898.9662,4.2773685,317.9757,41.270496
2021-02-23 10:00:00,21.26535,9.560455,898.37616,3.9143956,320.69125,47.189907
2021-02-23 11:00:00,21.19632,9.624847,898.19226,3.6249804,333.99744,47.595387
2021-02-23 12:00:00,21.013977,9.477753,898.341,3.211939,352.699,47.65819
2021-02-23 13:00:00,20.532532,9.315369,898.68384,3.1095593,3.2041016,48.558582
2021-02-23 14:00:00,18.991302,9.665558,899.1996,3.0502763,10.38446,54.701187
2021-02-23 15:00:00,17.625,9.518494,899.78033,2.9103022,14.95816,59.00973
2021-02-23 16:00:00,17.309448,9.378265,900.16376,2.6406255,16.773651,59.632313
2021-02-23 17:00:00,16.293152,9.387238,900.2971,2.3446205,17.507202,63.64233
2021-02-23 18:00:00,15.985565,9.317505,900.06104,2.062589,13.76651,64.59935
2021-02-23 19:00:00,15.77829,9.261078,899.693,1.8595538,7.8569946,65.212555
2021-02-23 20:00:00,14.911438,9.082886,899.18604,1.8039788,359.72546,68.119995
2021-02-23 21:00:00,14.691864,8.972473,898.75726,1.8623918,355.253,68.5782
2021-02-23 22:00:00,13.969482,8.70813,898.40686,1.8983402,353.51016,70.5867
2021-02-23 23:00:00,13.826996,8.658508,898.28815,1.8863177,355.69327,71.00374
2021-02-24 00:00:00,14.232452,8.885468,898.55786,1.8303881,359.5709,70.230545
2021-02-24 01:00:00,14.147308,8.860748,899.1394,1.7245973,7.8330994,70.501
2021-02-24 02:00:00,15.218292,9.164673,899.88794,1.5854914,15.611023,67.15811
2021-02-24 03:00:00,15.908112,9.226807,900.57886,1.2670859,1.7778625,64.5247
2021-02-24 04:00:00,16.71106,9.203217,900.9807,1.3247095,324.98715,61.210835
2021-02-24 05:00:00,19.698334,9.194031,900.9504,1.7114655,304.10474,50.714195
2021-02-24 06:00:00,20.469482,8.9392395,900.5043,2.3434336,288.60748,47.528133
2021-02-24 07:00:00,20.71402,8.994415,899.7568,3.2054255,280.60684,46.99175
2021-02-24 08:00:00,21.913269,8.645782,898.8597,3.94399,278.7366,42.64538
2021-02-24 09:00:00,22.082977,8.578461,898.06177,4.382053,280.30646,42.014576
2021-02-24 10:00:00,21.029144,9.452881,897.52716,4.138872,286.70795,47.534317
2021-02-24 11:00:00,20.943024,9.5312805,897.40234,3.498736,292.70322,48.03885
2021-02-24 12:00:00,20.779785,9.574341,897.57104,2.6944013,301.99594,48.664074
2021-02-24 13:00:00,20.389313,9.431793,897.9507,2.2674983,310.6009,49.374516
2021-02-24 14:00:00,18.858765,9.628326,898.5559,1.9425242,314.81503,55.018
2021-02-24 15:00:00,17.611572,9.427704,899.2017,1.6721439,313.65854,58.700592
2021-02-24 16:00:00,17.23648,9.302582,899.6867,1.4825066,306.9971,59.60388
2021-02-24 17:00:00,16.13388,9.226959,899.8885,1.5084622,296.04767,63.602203
2021-02-24 18:00:00,15.88089,9.162445,899.7289,1.7176638,288.22208,64.35752
2021-02-24 19:00:00,15.645233,9.076599,899.37164,2.0534787,285.19016,64.95806
2021-02-24 20:00:00,14.792511,8.893829,898.8787,2.3679712,285.9737,67.774155
2021-02-24 21:00:00,14.530212,8.7013855,898.48083,2.644731,287.79486,68.04042
2021-02-24 22:00:00,13.908539,8.517151,898.2274,2.466443,292.8079,69.95675
2021-02-24 23:00:00,13.809235,8.602051,898.21234,2.642266,295.25433,70.81476
2021-02-25 00:00:00,14.069153,8.799927,898.5453,2.7291822,297.89667,70.56843
2021-02-25 01:00:00,14.035645,8.697601,899.1464,2.648411,300.19006,70.234566
2021-02-25 02:00:00,15.218842,9.107941,899.907,2.6178973,301.35983,66.89959
2021-02-25 03:00:00,16.001465,9.234619,900.65594,3.032231,298.30194,64.174904
2021-02-25 04:00:00,16.846252,9.36673,901.1331,3.828692,292.28467,61.35929
2021-02-25 05:00:00,19.740326,9.41333,901.1471,4.8799505,289.9601,51.33397
2021-02-25 06:00:00,20.594482,9.30072,900.62714,6.034113,289.5014,48.325848
2021-02-25 07:00:00,20.88263,9.400787,899.78656,7.064311,289.70325,47.796673
2021-02-25 08:00:00,22.032532,9.10672,898.79315,7.8160386,290.05954,43.674202
2021-02-25 09:00:00,22.30661,9.018524,897.9462,8.300774,290.82193,42.6967
2021-02-25 10:00:00,21.367981,9.746674,897.1961,7.308036,294.042,47.48345
2021-02-25 11:00:00,21.267517,9.760956,897.07404,6.5521865,296.44684,47.82251
2021-02-25 12:00:00,21.096497,9.762085,897.1474,5.2502813,300.14767,48.33063
2021-02-25 13:00:00,20.704163,9.581879,897.4049,4.6623435,302.703,48.9159
2021-02-25 14:00:00,19.025635,9.6936035,897.8707,4.218264,303.27945,54.68692
2021-02-25 15:00:00,17.833313,9.773254,898.40155,3.8980672,301.1989,59.24441
2021-02-25 16:00:00,17.48523,9.651215,898.8014,3.6767364,296.85352,60.064983
2021-02-25 17:00:00,16.350677,9.604004,898.8766,3.6706626,291.70694,64.33962
2021-02-25 18:00:00,15.986267,9.470337,898.6482,3.821214,287.2089,65.263504
2021-02-25 19:00:00,15.769745,9.423553,898.16705,4.0889897,284.44745,65.96504
2021-02-25 20:00:00,14.981903,9.184296,897.6241,4.3788033,283.50003,68.27658
2021-02-25 21:00:00,14.775421,9.019989,897.18396,4.6224637,283.31696,68.4287
2021-02-25 22:00:00,14.139496,8.892181,896.82526,4.332634,280.64645,70.68649
2021-02-25 23:00:00,13.963196,8.812347,896.85016,4.4287367,281.15057,71.11444
2021-02-26 00:00:00,14.404633,9.104034,897.1724,4.420617,281.68753,70.48408
2021-02-26 01:00:00,14.389008,9.085297,897.7512,4.2869525,282.4084,70.46627
2021-02-26 02:00:00,15.647034,9.490936,898.452,4.2773952,281.6763,66.78666
2021-02-26 03:00:00,16.244873,9.6241455,899.1294,4.4570556,280.19693,64.86227
2021-02-26 04:00:00,17.039368,9.765564,899.5028,5.2525587,276.60693,62.25769
2021-02-26 05:00:00,19.89981,9.897034,899.41156,6.245947,275.32727,52.505283
2021-02-26 06:00:00,21.070465,9.550781,898.87085,7.298141,275.26392,47.726624
2021-02-26 07:00:00,21.373077,9.649994,897.9871,8.407174,276.10913,47.161873
2021-02-26 08:00:00,22.526459,9.246582,897.019,9.238257,277.0382,42.782097
2021-02-26 09:00:00,22.680908,9.309784,896.17194,9.6801195,278.3071,42.563473
2021-02-26 10:00:00,21.654114,9.900116,895.4871,8.563574,277.8893,47.14124
2021-02-26 11:00:00,21.547394,9.927429,895.3797,7.6301155,280.91196,47.5368
2021-02-26 12:00:00,21.2807,9.934082,895.5265,6.1611605,282.5625,48.341206
2021-02-26 13:00:00,20.731201,9.756439,895.8819,5.2424197,281.801,49.409687
2021-02-26 14:00:00,19.437073,10.019226,896.46716,4.67522,279.64868,54.478813
2021-02-26 15:00:00,18.265594,9.873199,897.05585,4.392193,277.03244,58.044106
2021-02-26 16:00:00,18.005127,9.810303,897.3923,4.2284665,273.7255,58.753258
2021-02-26 17:00:00,17.06485,9.838928,897.41174,4.220934,271.0334,62.46361
2021-02-26 18:00:00,16.771667,9.809204,897.17505,4.33081,269.76904,63.508682
2021-02-26 19:00:00,16.478668,9.720978,896.69836,4.545284,270.14392,64.32046
2021-02-26 20:00:00,15.75354,9.703644,896.15656,4.755353,271.8078,67.286804
2021-02-26 21:00:00,15.539215,9.604218,895.7182,4.944598,273.63156,67.762825
2021-02-26 22:00:00,14.874695,9.2499695,895.36993,5.001424,272.78806,69.05398
2021-02-26 23:00:00,14.806793,9.333618,895.3742,4.9565125,275.13684,69.748085
2021-02-27 00:00:00,15.067291,9.591583,895.74603,4.7722173,277.05078,69.78748
2021-02-27 01:00:00,15.057159,9.507294,896.3807,4.4471726,278.01477,69.43889
2021-02-27 02:00:00,16.038086,9.724335,897.14307,4.30066,276.78427,66.16636
2021-02-27 03:00:00,16.599945,9.8628845,897.8248,4.493889,272.34634,64.4363
2021-02-27 04:00:00,17.433746,9.900909,898.2335,5.492241,269.7641,61.277412
2021-02-27 05:00:00,20.05249,9.836121,898.27893,6.398395,270.83078,51.799488
2021-02-27 06:00:00,21.002106,9.584137,897.8728,7.2904034,272.91043,48.034893
2021-02-27 07:00:00,21.281006,9.682983,897.17377,8.026519,274.5587,47.533825
2021-02-27 08:00:00,22.351929,9.378967,896.3157,8.542431,276.4789,43.62507
2021-02-27 09:00:00,22.492096,9.341888,895.5574,8.723581,278.55652,43.14726
2021-02-27 10:00:00,21.575073,9.922119,894.97095,7.56298,278.45044,47.439495
2021-02-27 11:00:00,21.483368,9.938232,894.9123,6.4651837,283.35254,47.75797
2021-02-27 12:00:00,21.128235,9.9348755,895.2115,5.0808287,288.39786,48.798077
2021-02-27 13:00:00,20.812683,9.839447,895.68225,4.204514,292.34222,49.436726
2021-02-27 14:00:00,19.49173,10.187744,896.2894,3.597962,295.15997,54.909092
2021-02-27 15:00:00,18.387787,10.126221,896.8999,3.2013547,297.24948,58.584393
2021-02-27 16:00:00,18.091736,10.018494,897.35974,2.9366195,297.91528,59.2545
2021-02-27 17:00:00,17.102386,10.024231,897.5556,2.8398373,298.384,63.0931
2021-02-27 18:00:00,16.856323,10.021088,897.4338,2.8676946,299.09283,64.07094
2021-02-27 19:00:00,16.5495,9.88678,897.10297,2.9761848,299.9834,64.746735
2021-02-27 20:00:00,15.755341,9.594482,896.6892,3.0987182,301.9232,66.78816
2021-02-27 21:00:00,15.525635,9.467987,896.358,3.159043,305.0772,67.20423
2021-02-27 22:00:00,14.868683,9.190247,896.09,2.7905087,302.80588,68.803566
2021-02-27 23:00:00,14.700684,9.175812,896.149,2.6055136,308.6957,69.48489
2021-02-28 00:00:00,14.930664,9.578735,896.60333,2.3215902,316.51807,70.3429
2021-02-28 01:00:00,14.783691,9.397705,897.34454,1.9896075,325.4704,70.153625
2021-02-28 02:00:00,15.7491455,9.530273,898.19696,1.6343714,330.63574,66.527245
2021-02-28 03:00:00,16.182098,9.367798,898.9801,1.5634514,309.662,64.0106
2021-02-28 04:00:00,16.974548,9.207764,899.48096,1.9374683,292.16693,60.214836
2021-02-28 05:00:00,19.695831,8.956787,899.5415,2.2833016,284.15833,49.917557
2021-02-28 06:00:00,20.706116,8.842377,899.193,2.7409174,280.2455,46.53477
2021-02-28 07:00:00,20.9776,8.891296,898.4872,3.4302905,277.96426,45.915436
2021-02-28 08:00:00,21.97165,8.645233,897.7054,4.0668073,278.53775,42.492203
2021-02-28 09:00:00,22.157013,8.540161,897.02124,4.457154,280.2929,41.71723
2021-02-28 10:00:00,21.100983,8.758362,896.6783,3.6802413,288.2593,45.161564
2021-02-28 11:00:00,21.011719,8.728241,896.7264,3.1008985,297.8427,45.317497
2021-02-28 12:00:00,20.792969,8.747192,897.1049,2.1899457,311.72058,45.990005
2021-02-28 13:00:00,20.403717,8.576721,897.665,1.949289,329.5188,46.56679
2021-02-28 14:00:00,18.919342,9.154846,898.351,1.8402138,344.4983,53.09323
2021-02-28 15:00:00,17.60254,8.831024,899.09235,1.7556797,355.27814,56.420074
2021-02-28 16:00:00,17.345093,8.818237,899.6495,1.6241777,0.7043762,57.294846
2021-02-28 17:00:00,16.252441,8.881165,899.9012,1.4860158,1.0622864,61.669094
2021-02-28 18:00:00,15.958466,8.88858,899.79565,1.3821828,357.75775,62.867855
2021-02-28 19:00:00,15.71405,8.875183,899.53827,1.3174986,352.9349,63.799995
2021-02-28 20:00:00,14.875336,8.702789,899.17847,1.3491573,349.49728,66.54928
2021-02-28 21:00:00,14.617432,8.616943,898.928,1.3849491,348.53513,67.27324
2021-02-28 22:00:00,13.863892,8.436523,898.8299,1.2192172,9.083954,69.77772
2021-02-28 23:00:00,13.745941,8.356842,898.90405,1.2616054,15.4036255,69.93559
2021-03-01 00:00:00,13.876251,8.52417,899.3603,1.2951365,24.3526,70.13678
2021-03-01 01:00:00,13.810272,8.486969,900.05365,1.3732971,37.084564,70.26064
2021-03-01 02:00:00,15.083435,8.861359,900.85657,1.31405,49.670258,66.371254
2021-03-01 03:00:00,15.639069,8.7052,901.5969,1.129178,69.20361,63.375057
2021-03-01 04:00:00,16.539764,8.727966,902.08374,0.5304927,98.99631,59.928417
2021-03-01 05:00:00,19.612122,8.519714,902.2114,0.37656426,236.4578,48.717327
2021-03-01 06:00:00,20.51065,8.19635,901.9257,1.317752,265.57715,45.083473
2021-03-01 07:00:00,20.833038,8.307251,901.3047,2.3412728,273.75244,44.530796
2021-03-01 08:00:00,22.162903,7.917877,900.5337,3.1751788,279.8809,39.97825
2021-03-01 09:00:00,22.3497,7.7530823,899.81116,3.7344296,285.78897,39.08547
2021-03-01 10:00:00,21.4057,8.471405,899.3301,3.5486562,290.654,43.473434
2021-03-01 11:00:00,21.290375,8.347809,899.3649,3.0984445,308.99542,43.416687
2021-03-01 12:00:00,21.127258,8.41748,899.67865,2.4107575,334.38257,44.060837
2021-03-01 13:00:00,20.693878,8.232391,900.18024,2.3470292,351.5196,44.68641
2021-03-01 14:00:00,19.08667,8.671875,900.79846,2.5325186,2.7635803,50.857143
2021-03-01 15:00:00,17.857971,8.635864,901.3745,2.649596,9.76236,54.792137
2021-03-01 16:00:00,17.476562,8.495728,901.7692,2.605622,13.458069,55.595474
2021-03-01 17:00:00,16.247345,8.501556,901.8352,2.5216053,13.8594055,60.12628
2021-03-01 18:00:00,15.924225,8.413452,901.6473,2.4827042,12.892426,61.01342
2021-03-01 19:00:00,15.695648,8.40329,901.3105,2.4941916,10.39032,61.868954
2021-03-01 20:00:00,14.742157,8.298431,900.9402,2.6140356,7.5658875,65.310196
2021-03-01 21:00:00,14.511627,8.208221,900.59393,2.7573857,6.707855,65.88445
2021-03-01 22:00:00,13.799744,7.9234924,900.36523,2.5473788,13.388184,67.67103
2021-03-01 23:00:00,13.580139,7.821991,900.42505,2.6697702,15.46637,68.17135
2021-03-02 00:00:00,13.933228,8.053772,900.7628,2.857808,19.066986,67.68405
2021-03-02 01:00:00,13.85788,8.004883,901.35474,3.025162,23.308899,67.7902
2021-03-02 02:00:00,15.067383,8.207855,902.06116,3.0754101,24.245056,63.565178
2021-03-02 03:00:00,15.543091,8.221344,902.66876,3.1179502,22.79425,61.710228
2021-03-02 04:00:00,16.257172,8.085724,903.0229,3.0548131,17.177002,58.417923
2021-03-02 05:00:00,19.268463,7.955017,903.0017,2.9234028,5.3024597,47.898846
2021-03-02 06:00:00,20.251251,7.4729004,902.56836,3.0125782,344.0172,43.610176
2021-03-02 07:00:00,20.538269,7.487274,901.7972,3.626867,327.1735,42.886414
2021-03-02 08:00:00,21.79538,7.012024,900.89014,4.462868,318.71228,38.432972
2021-03-02 09:00:00,22.048187,6.9069824,900.11206,5.090789,315.34073,37.573204
2021-03-02 10:00:00,21.174011,7.6200256,899.575,5.179168,311.04474,41.616905
2021-03-02 11:00:00,21.10785,7.5242615,899.47546,5.0446897,316.679,41.514214
2021-03-02 12:00:00,20.88797,7.191498,899.636,4.21597,326.45963,41.133045
2021-03-02 13:00:00,20.489471,6.8048096,900.01056,3.885277,332.47656,41.052837
2021-03-02 14:00:00,18.946533,7.317322,900.5229,3.754935,337.64325,46.79084
2021-03-02 15:00:00,17.492645,7.3730774,901.05164,3.6136074,340.63394,51.45665
2021-03-02 16:00:00,17.201721,7.500122,901.32794,3.409494,341.91708,52.867764
2021-03-02 17:00:00,16.02362,7.5544434,901.3694,3.2662013,341.7258,57.18847
2021-03-02 18:00:00,15.766846,7.522217,901.1062,3.2485878,341.08188,58.006714
2021-03-02 19:00:00,15.555145,7.507782,900.7048,3.3323643,340.33496,58.740173
2021-03-02 20:00:00,14.625946,7.343994,900.2138,3.4940996,341.14563,61.662525
2021-03-02 21:00:00,14.480957,7.3466187,899.77374,3.666766,343.21652,62.25354
2021-03-02 22:00:00,13.63266,6.985443,899.49524,3.3505414,342.78006,64.16622
2021-03-02 23:00:00,13.524017,7.0665894,899.46826,3.4577274,348.2239,64.98148
2021-03-03 00:00:00,13.960968,7.384491,899.8131,3.5522447,355.84595,64.55116
2021-03-03 01:00:00,13.87207,7.298462,900.339,3.6096826,4.098419,64.54399
2021-03-03 02:00:00,15.28537,7.548462,900.9705,3.642669,10.398224,59.93126
2021-03-03 03:00:00,15.761078,7.4525146,901.51056,3.396752,15.626678,57.752728
2021-03-03 04:00:00,16.638733,7.4891663,901.79126,3.0032425,12.383575,54.747498
2021-03-03 05:00:00,20.015045,7.3263245,901.717,2.7771752,0.2130127,43.811165
2021-03-03 06:00:00,20.86731,7.116974,901.2129,2.7622273,345.49875,40.975838
2021-03-03 07:00:00,21.196411,7.269867,900.4522,2.9889836,330.53745,40.578
2021-03-03 08:00:00,22.48767,6.9642944,899.6139,3.290397,320.22498,36.72561
2021-03-03 09:00:00,22.694183,7.012329,898.9364,3.534339,316.3269,36.387627
2021-03-03 10:00:00,21.84961,8.039154,898.3557,3.0817065,316.11368,41.086666
2021-03-03 11:00:00,21.6669,8.004639,898.1981,2.7772348,330.3937,41.450504
2021-03-03 12:00:00,21.39856,7.7775574,898.4166,2.3523088,356.03625,41.49085
2021-03-03 13:00:00,21.0177,7.6766357,898.8617,2.3130665,9.935547,42.18068
2021-03-03 14:00:00,19.300995,8.262207,899.4494,2.3849652,24.809937,48.809654
2021-03-03 15:00:00,17.984985,8.166687,899.9621,2.4975693,35.51718,52.65541
2021-03-03 16:00:00,17.61148,8.227478,900.3161,2.497604,44.29486,54.131187
2021-03-03 17:00:00,16.51062,8.431793,900.3752,2.4840682,50.773254,58.848423
2021-03-03 18:00:00,16.135406,8.430237,900.2278,2.4196355,53.682434,60.265083
2021-03-03 19:00:00,15.868134,8.369843,899.84814,2.4428341,53.646973,61.051792
2021-03-03 20:00:00,14.899506,8.323334,899.4152,2.453495,53.50177,64.76075
2021-03-03 21:00:00,14.666473,8.236359,898.98663,2.5217361,54.10977,65.35396
2021-03-03 22:00:00,13.946075,8.06012,898.7559,2.135857,53.54883,67.65686
2021-03-03 23:00:00,13.80365,8.041992,898.74255,2.3580217,58.207367,68.20105
2021-03-04 00:00:00,14.203857,8.454529,899.0781,2.652887,62.339813,68.34023
2021-03-04 01:00:00,14.201416,8.431183,899.6367,3.021031,67.22894,68.243034
2021-03-04 02:00:00,15.647522,8.818207,900.3136,3.2891078,71.127014,63.826202
2021-03-04 03:00:00,16.215485,8.785889,900.9322,3.158843,74.15433,61.418118
2021-03-04 04:00:00,17.156097,8.855438,901.3137,2.5138326,78.55444,58.129425
2021-03-04 05:00:00,20.313599,8.475739,901.3119,1.6033176,75.70398,46.507626
2021-03-04 06:00:00,21.201935,8.03067,900.9199,0.7379882,42.41577,42.723278
2021-03-04 07:00:00,21.526978,8.106659,900.24475,0.9735979,333.21796,42.09756
2021-03-04 08:00:00,22.558258,7.6166077,899.4436,1.6603147,317.8592,38.235985
2021-03-04 09:00:00,22.799713,7.3842163,898.6733,2.1886113,315.22235,37.087112
2021-03-04 10:00:00,21.923859,8.346191,898.1185,2.6040778,314.65308,41.76212
2021-03-04 11:00:00,21.781555,8.394348,898.0564,2.4926794,332.4593,42.264206
2021-03-04 12:00:00,21.594421,8.125702,898.3039,2.3304253,2.3565369,41.97845
2021-03-04 13:00:00,21.081604,7.836853,898.7361,2.4274805,17.532074,42.4764
2021-03-04 14:00:00,19.333221,8.350952,899.3225,2.573098,30.383575,49.005863
2021-03-04 15:00:00,18.106812,8.3559265,899.88226,2.6028411,40.000427,52.928883
2021-03-04 16:00:00,17.79892,8.418488,900.2801,2.5979214,48.842865,54.192932
2021-03-04 17:00:00,16.546692,8.555054,900.44495,2.5022273,54.56494,59.20565
2021-03-04 18:00:00,16.32138,8.602478,900.3654,2.389647,56.427246,60.253517
2021-03-04 19:00:00,16.080078,8.610199,900.0793,2.2328324,55.51526,61.21934
2021-03-04 20:00:00,15.137695,8.508453,899.6845,2.229171,53.03058,64.580956
2021-03-04 21:00:00,14.919464,8.505737,899.3097,2.2418659,51.49774,65.4818
2021-03-04 22:00:00,14.054504,8.206207,899.13245,2.1316886,54.937653,67.85261
2021-03-04 23:00:00,13.844299,8.144531,899.169,2.265788,55.23816,68.49669
2021-03-05 00:00:00,14.12085,8.415985,899.57196,2.412845,57.491364,68.52939
2021-03-05 01:00:00,14.083069,8.397949,900.16516,2.6282048,60.901367,68.61344
2021-03-05 02:00:00,15.569794,8.810944,900.8551,2.685523,61.720245,64.113205
2021-03-05 03:00:00,16.143951,8.774506,901.4778,2.6921978,60.378998,61.651413
2021-03-05 04:00:00,16.97876,8.791107,901.8527,2.140821,54.795746,58.530956
2021-03-05 05:00:00,19.848114,8.362946,901.87274,1.5539855,30.24057,47.502205
2021-03-05 06:00:00,20.793335,8.18219,901.4609,1.6044484,346.38663,44.262585
2021-03-05 07:00:00,21.076477,8.268341,900.7365,2.2685509,321.34995,43.75385
2021-03-05 08:00:00,22.097137,7.8046875,899.90533,2.9738166,312.2901,39.830776
2021-03-05 09:00:00,22.268799,7.8594055,899.19214,3.4003468,309.42905,39.563644
2021-03-05 10:00:00,21.416077,8.279968,898.61194,3.4333444,316.62027,42.88582
2021-03-05 11:00:00,21.368774,8.347839,898.52454,2.9570885,326.5926,43.208656
2021-03-05 12:00:00,21.21991,8.224182,898.688,2.096487,350.70734,43.240646
2021-03-05 13:00:00,20.77826,8.034973,899.14087,1.820227,15.1388855,43.86294
2021-03-05 14:00:00,19.239777,8.696014,899.7319,1.7906661,32.354492,50.456577
2021-03-05 15:00:00,18.000214,8.576538,900.3568,1.7367477,46.481903,54.08664
2021-03-05 16:00:00,17.696564,8.5269165,900.7048,1.6312233,59.365692,54.945374
2021-03-05 17:00:00,16.528015,8.574158,900.7939,1.44025,72.02954,59.352665
2021-03-05 18:00:00,16.270935,8.565552,900.652,1.224227,84.54407,60.29659
2021-03-05 19:00:00,16.013672,8.501831,900.3591,0.98194,92.446075,61.030125
2021-03-05 20:00:00,15.077759,8.439453,899.9654,0.78318536,92.67743,64.528046
2021-03-05 21:00:00,14.912628,8.374603,899.59454,0.6243799,89.315094,64.93132
2021-03-05 22:00:00,14.1927185,8.114349,899.4334,0.48487905,92.481995,66.82986
2021-03-05 23:00:00,14.082703,8.104645,899.4906,0.47459784,78.969666,67.26337
2021-03-06 00:00:00,14.52359,8.592773,899.84204,0.5806335,71.84076,67.57141
2021-03-06 01:00:00,14.454529,8.533813,900.4713,0.8324024,77.900665,67.60323
2021-03-06 02:00:00,15.679474,8.835114,901.20154,0.9344382,91.38693,63.768578
2021-03-06 03:00:00,16.148682,8.76947,901.8385,0.7254396,100.015076,61.61185
2021-03-06 04:00:00,16.982727,8.786102,902.14905,0.19856529,178.20667,58.496468
2021-03-06 05:00:00,19.967865,8.789307,902.063,0.9496922,257.3379,48.53109
2021-03-06 06:00:00,20.781006,8.339996,901.56915,2.0691926,267.9155,44.772877
2021-03-06 07:00:00,21.072021,8.374451,900.81366,3.1382208,273.82437,44.08181
2021-03-06 08:00:00,22.174744,8.083893,899.93726,4.0596185,278.18924,40.40277
2021-03-06 09:00:00,22.358643,7.9780884,899.17346,4.5699306,281.30338,39.666897
2021-03-06 10:00:00,21.534271,8.867737,898.56915,4.616316,280.22278,44.30397
2021-03-06 11:00:00,21.459778,8.91275,898.4573,4.1676917,285.63873,44.641865
2021-03-06 12:00:00,21.327728,8.580048,898.64484,2.703967,290.2765,44.004036
2021-03-06 13:00:00,20.875366,8.479889,899.0076,1.753285,298.6101,44.937595
2021-03-06 14:00:00,19.393677,8.90921,899.57556,1.0444179,301.54114,50.700413
2021-03-06 15:00:00,18.162842,8.935242,900.14484,0.535127,290.27045,54.850166
2021-03-06 16:00:00,17.880829,8.877045,900.51874,0.34670645,228.3136,55.612244
2021-03-06 17:00:00,16.885986,9.020081,900.58,0.6084614,202.08798,59.79293
2021-03-06 18:00:00,16.605103,8.979889,900.3215,0.7890175,203.37881,60.703743
2021-03-06 19:00:00,16.33899,8.889709,899.84705,0.8492113,211.33038,61.36548
2021-03-06 20:00:00,15.426239,8.811615,899.3201,0.8547702,219.75392,64.70869
2021-03-06 21:00:00,15.217316,8.813141,898.93756,0.78721756,229.21082,65.588844
2021-03-06 22:00:00,14.467957,8.632233,898.68414,1.1644213,232.97504,67.99587
2021-03-06 23:00:00,14.383545,8.65448,898.80365,0.8912892,242.82141,68.470726
2021-03-07 00:00:00,14.776062,9.05188,899.1741,0.51958734,252.6634,68.573135
2021-03-07 01:00:00,14.764496,9.057465,899.845,0.079775885,303.1076,68.650116
2021-03-07 02:00:00,16.137909,9.337006,900.5994,0.33665353,58.818726,64.05842
2021-03-07 03:00:00,16.823975,9.446472,901.259,0.35204706,51.442963,61.776287
2021-03-07 04:00:00,17.562286,9.548065,901.6551,0.21840978,275.42334,59.361313
2021-03-07 05:00:00,20.510162,9.271057,901.66266,0.8707417,272.69385,48.480877
2021-03-07 06:00:00,21.237488,9.002075,901.20386,1.5884583,279.19537,45.52763
2021-03-07 07:00:00,21.490662,9.148254,900.39166,2.2681193,285.75366,45.270607
2021-03-07 08:00:00,22.588501,8.958893,899.50134,2.790105,290.49973,41.80301
2021-03-07 09:00:00,22.732086,9.041229,898.73724,3.0311854,295.77948,41.67112
2021-03-07 10:00:00,21.85672,9.75177,898.2051,3.0403552,296.10794,46.1009
2021-03-07 11:00:00,21.766846,9.775085,898.12103,2.4905293,311.391,46.42711
2021-03-07 12:00:00,21.585999,9.829376,898.36487,1.9434118,346.18732,47.11428
2021-03-07 13:00:00,21.253723,9.65979,898.85565,2.009459,22.29187,47.539402
2021-03-07 14:00:00,19.953918,10.048523,899.4718,2.2647827,44.385437,52.86276
2021-03-07 15:00:00,18.802338,10.157898,900.09564,2.451747,58.390015,57.205147
2021-03-07 16:00:00,18.522766,10.165131,900.47675,2.5614145,68.34628,58.242344
2021-03-07 17:00:00,17.520752,10.125702,900.59467,2.5675013,75.14374,61.865147
2021-03-07 18:00:00,17.251038,10.110474,900.36084,2.4938705,79.31006,62.864025
2021-03-07 19:00:00,16.994415,10.063721,899.9864,2.355961,80.9339,63.693947
2021-03-07 20:00:00,16.093048,10.029022,899.56366,2.2000005,79.72162,67.29386
2021-03-07 21:00:00,15.910156,9.932495,899.26117,2.1302865,77.18729,67.64581
2021-03-07 22:00:00,15.286713,9.886353,899.01984,1.4605939,85.708374,70.18391
2021-03-07 23:00:00,15.199463,9.878235,899.1711,1.7359269,77.22064,70.53984
2021-03-08 00:00:00,15.526886,10.242035,899.6085,2.1340222,73.888824,70.77456
2021-03-08 01:00:00,15.452301,10.2100525,900.35034,2.6621761,73.60147,70.96197
2021-03-08 02:00:00,16.620117,10.50705,901.1828,3.0235043,76.33176,67.18348
2021-03-08 03:00:00,17.161194,10.49939,901.91345,2.7310836,80.67786,64.88474
2021-03-08 04:00:00,17.787231,10.571045,902.3402,2.00695,81.437805,62.669353
2021-03-08 05:00:00,20.459167,10.423248,902.34875,1.3889383,75.84003,52.53557
2021-03-08 06:00:00,21.39981,10.115295,901.9024,0.8639167,61.826416,48.574844
2021-03-08 07:00:00,21.618256,10.162079,901.09216,0.58081454,12.233459,48.0798
2021-03-08 08:00:00,22.685913,9.793976,900.1395,0.89886236,329.92438,43.956505
2021-03-08 09:00:00,22.85205,9.865875,899.35974,1.3527224,321.87433,43.72607
2021-03-08 10:00:00,21.93753,10.522522,898.8282,1.3835974,303.8764,48.2989
2021-03-08 11:00:00,21.831757,10.576782,898.82886,1.3698148,340.56607,48.78773
2021-03-08 12:00:00,21.6734,10.592987,899.12665,1.8061836,21.221863,49.3152
2021-03-08 13:00:00,21.357422,10.555359,899.6211,2.3379896,40.443848,50.152344
2021-03-08 14:00:00,20.062286,10.875122,900.18506,2.7247996,49.12799,55.48368
2021-03-08 15:00:00,18.768646,10.846191,900.7796,2.9281967,55.351532,60.016174
2021-03-08 16:00:00,18.432343,10.695557,901.21625,2.990614,60.102264,60.68167
2021-03-08 17:00:00,17.420807,10.793671,901.3368,2.892978,63.44223,65.09129
2021-03-08 18:00:00,17.15866,10.721405,901.16583,2.70943,64.850586,65.86153
2021-03-08 19:00:00,16.889221,10.601746,900.8435,2.5507972,63.123474,66.4637
2021-03-08 20:00:00,16.05597,10.613281,900.4077,2.4514146,59.724792,70.135056
2021-03-08 21:00:00,15.782166,10.5408325,900.0739,2.4247925,55.208282,71.02895
2021-03-08 22:00:00,15.176147,10.46936,899.8798,1.861156,59.80133,73.49134
2021-03-08 23:00:00,15.025787,10.362305,899.92377,2.1197479,55.79193,73.67731
2021-03-09 00:00:00,15.257294,10.626495,900.31714,2.4226909,55.713104,73.8786
2021-03-09 01:00:00,15.163208,10.540649,900.93835,2.7957904,58.282257,73.9027
2021-03-09 02:00:00,16.43805,10.872711,901.6702,3.047933,60.911438,69.63956
2021-03-09 03:00:00,16.851349,10.729553,902.31805,2.8715174,61.59445,67.19258
2021-03-09 04:00:00,17.449677,10.616028,902.7571,2.4420853,61.558228,64.20941
2021-03-09 05:00:00,20.289856,10.584442,902.7672,1.9040965,58.284363,53.660862
2021-03-09 06:00:00,21.202972,10.307648,902.342,1.3179673,41.346497,49.80022
2021-03-09 07:00:00,21.485565,10.31839,901.5508,1.1433948,356.6653,48.98031
2021-03-09 08:00:00,22.601288,9.802399,900.64874,1.6283156,326.52155,44.207767
2021-03-09 09:00:00,22.771881,9.720032,899.8795,2.1932888,315.90686,43.511734
2021-03-09 10:00:00,21.868286,10.266815,899.2688,2.6499202,306.45297,47.683277
2021-03-09 11:00:00,21.781708,10.164307,899.25635,2.5499434,319.01733,47.608963
2021-03-09 12:00:00,21.585266,10.019104,899.5276,2.0849588,344.83484,47.71861
2021-03-09 13:00:00,21.388184,9.941742,900.00854,2.0836308,8.485931,48.048447
2021-03-09 14:00:00,20.087006,10.439972,900.6962,2.18519,26.788391,53.817493
2021-03-09 15:00:00,18.709137,10.382233,901.3508,2.1987662,39.00061,58.40753
2021-03-09 16:00:00,18.36557,10.299011,901.84155,2.1453207,49.002625,59.34698
2021-03-09 17:00:00,17.235657,10.303467,901.9321,1.9790239,54.18451,63.741566
2021-03-09 18:00:00,16.931366,10.225342,901.7473,1.7650267,55.83545,64.643326
2021-03-09 19:00:00,16.738312,10.286011,901.3415,1.5206873,52.443604,65.705345
2021-03-09 20:00:00,15.833557,10.213379,900.88055,1.4326651,44.369507,69.26644
2021-03-09 21:00:00,15.63916,10.164429,900.4521,1.5329909,36.807526,69.9042
2021-03-09 22:00:00,15.022827,9.94989,900.2618,0.8683993,44.866272,71.688354
2021-03-09 23:00:00,14.897369,9.945465,900.33167,1.2237306,37.1268,72.24809
2021-03-10 00:00:00,15.149933,10.194275,900.6978,1.6444685,37.35269,72.27635
2021-03-10 01:00:00,15.178558,10.213501,901.34705,2.1014516,41.46704,72.236244
2021-03-10 02:00:00,16.531372,10.575592,902.1184,2.3750148,44.42859,67.87267
2021-03-10 03:00:00,16.991394,10.458954,902.736,2.2266133,40.98993,65.40949
2021-03-10 04:00:00,17.637207,10.352295,903.04614,1.9382706,28.206696,62.348717
2021-03-10 05:00:00,20.399445,10.596558,902.93115,1.7115853,14.591675,53.34199
2021-03-10 06:00:00,21.232147,10.254089,902.4283,1.709674,352.235,49.533775
2021-03-10 07:00:00,21.475922,10.082001,901.54956,2.1062148,328.4881,48.241478
2021-03-10 08:00:00,22.545319,9.7543335,900.5873,2.6437032,317.08728,44.215603
2021-03-10 09:00:00,22.71106,9.630798,899.71576,3.0135512,314.97025,43.411907
2021-03-10 10:00:00,21.836151,10.074432,899.1019,3.0002925,313.86786,47.166767
2021-03-10 11:00:00,21.751984,10.155334,898.92596,2.9201133,325.86948,47.6669
2021-03-10 12:00:00,21.647888,10.213318,899.08685,2.5010655,350.19827,48.157303
2021-03-10 13:00:00,21.372498,10.210602,899.5768,2.4522302,11.744904,48.967014
2021-03-10 14:00:00,19.889679,10.360779,900.24615,2.5114217,28.085266,54.19209
2021-03-10 15:00:00,18.777802,10.390839,900.9634,2.4845695,41.468445,58.19079
2021-03-10 16:00:00,18.487396,10.457428,901.4344,2.3799522,53.753906,59.521305
2021-03-10 17:00:00,17.393738,10.38092,901.6082,2.208983,62.821075,63.43493
2021-03-10 18:00:00,17.058655,10.401825,901.4104,1.9574617,68.220825,64.88384
2021-03-10 19:00:00,16.828918,10.374573,901.0043,1.7134145,70.33615,65.71586
2021-03-10 20:00:00,15.967743,10.137054,900.5514,1.5168033,68.272156,68.32591
2021-03-10 21:00:00,15.747467,10.110352,900.1804,1.4125372,64.205475,69.17099
2021-03-10 22:00:00,15.0121155,9.8333435,900.0708,1.021581,81.528076,71.18014
2021-03-10 23:00:00,14.885712,9.818115,900.14905,1.123501,76.84042,71.688385
2021-03-11 00:00:00,15.193207,10.16684,900.5865,1.3571334,69.480804,71.9437
2021-03-11 01:00:00,15.302307,10.24057,901.2635,1.7033179,67.3465,71.79417
2021-03-11 02:00:00,16.579285,10.640198,902.0078,1.9904889,70.21628,67.95797
2021-03-11 03:00:00,17.163177,10.7508545,902.6247,1.7163618,74.70935,65.971794
2021-03-11 04:00:00,17.774109,10.5286255,903.03687,1.2433528,84.960266,62.544178
2021-03-11 05:00:00,20.431122,10.632202,903.0212,0.6826857,103.13501,53.3643
2021-03-11 06:00:00,21.240234,10.358185,902.61743,0.2284242,189.88383,49.854355
2021-03-11 07:00:00,21.471558,10.237488,901.80273,0.7621031,267.78006,48.75828
2021-03-11 08:00:00,22.533356,9.954132,900.9609,1.3876709,283.61496,44.843838
2021-03-11 09:00:00,22.667511,9.747742,900.20905,1.8383762,294.39264,43.869465
2021-03-11 10:00:00,21.728699,10.16037,899.64,1.8985626,302.81567,47.750828
2021-03-11 11:00:00,21.597137,10.225861,899.5162,1.9485737,326.61682,48.34748
2021-03-11 12:00:00,21.460114,10.236359,899.7653,2.0949278,355.4395,48.78879
2021-03-11 13:00:00,21.159637,10.263672,900.3289,2.4713492,14.990509,49.78646
2021-03-11 14:00:00,19.960907,10.404114,901.0645,2.74861,29.080627,54.109676
2021-03-11 15:00:00,18.744476,10.321655,901.82196,2.8290517,39.84149,58.0436
2021-03-11 16:00:00,18.397247,10.293274,902.3716,2.7858863,48.36328,59.20659
2021-03-11 17:00:00,17.372772,10.145599,902.57404,2.632906,55.12982,62.52889
2021-03-11 18:00:00,17.102325,10.187439,902.4698,2.4660132,58.73578,63.785427
2021-03-11 19:00:00,16.884888,10.148499,902.10876,2.3420012,58.67093,64.502106
2021-03-11 20:00:00,16.035461,9.967865,901.634,2.3747747,55.582092,67.26579
2021-03-11 21:00:00,15.8654175,9.972412,901.20056,2.5386322,53.02362,68.02092
2021-03-11 22:00:00,15.218292,9.943054,901.07886,2.0257752,68.64871,70.76099
2021-03-11 23:00:00,15.074158,9.880859,901.2392,2.4101295,64.09296,71.122665
2021-03-12 00:00:00,15.408722,10.055145,901.6736,2.9007509,61.688354,70.42763
2021-03-12 01:00:00,15.429718,10.08606,902.411,3.4930115,61.12149,70.4784
2021-03-12 02:00:00,16.786804,10.402893,903.2862,4.0015225,61.558563,66.01625
2021-03-12 03:00:00,17.301056,10.33786,904.00946,4.0943127,64.55478,63.624443
2021-03-12 04:00:00,17.794373,10.269318,904.48315,3.9194655,69.15436,61.393513
2021-03-12 05:00:00,20.360138,10.322754,904.5206,3.5458732,73.84808,52.50451
2021-03-12 06:00:00,21.308594,10.23584,904.1236,2.8741684,75.7569,49.24208
2021-03-12 07:00:00,21.569366,10.177002,903.35443,2.0387228,72.41373,48.271893
2021-03-12 08:00:00,22.5943,10.053223,902.4561,1.3767002,58.066284,44.97534
2021-03-12 09:00:00,22.714294,9.964661,901.6675,1.271782,33.89969,44.38532
2021-03-12 10:00:00,21.757294,10.230621,901.15656,0.7940383,10.686066,47.891693
2021-03-12 11:00:00,21.670258,10.163269,901.1053,1.5883074,21.446533,47.930984
2021-03-12 12:00:00,21.50354,10.188843,901.3349,2.6038146,29.697113,48.50508
2021-03-12 13:00:00,21.270477,10.151215,901.863,3.2173936,35.100555,49.07908
2021-03-12 14:00:00,19.967194,10.396149,902.5172,3.6154897,41.716095,54.059895
2021-03-12 15:00:00,18.707275,10.225311,903.1214,3.8432307,45.70807,57.80575
2021-03-12 16:00:00,18.486053,10.309662,903.48334,3.877667,49.29123,58.94252
2021-03-12 17:00:00,17.47345,10.195953,903.60175,3.851126,50.9588,62.342026
2021-03-12 18:00:00,17.13971,10.229004,903.46826,3.7470846,50.80661,63.81159
2021-03-12 19:00:00,16.936676,10.21463,903.0357,3.7099168,48.933563,64.575356
2021-03-12 20:00:00,16.077972,10.074341,902.52325,3.7857015,46.78595,67.563065
2021-03-12 21:00:00,15.895233,10.060791,902.0302,3.9299486,44.78952,68.29402
2021-03-12 22:00:00,15.225769,9.878784,901.95294,3.305881,51.193817,70.42335
2021-03-12 23:00:00,15.110931,9.887268,901.926,3.6905224,48.880188,70.98518
2021-03-13 00:00:00,15.353607,10.030975,902.26117,4.027563,48.413452,70.562904
2021-03-13 01:00:00,15.498657,10.101044,902.848,4.342674,49.19632,70.23796
2021-03-13 02:00:00,16.734802,10.407562,903.56085,4.5541077,50.577057,66.25511
2021-03-13 03:00:00,17.336914,10.557709,904.1671,4.308177,50.286713,64.417656
2021-03-13 04:00:00,17.97525,10.60022,904.50867,3.9185245,44.1438,62.052788
2021-03-13 05:00:00,20.49118,10.869049,904.44196,3.6377106,34.506775,54.01103
2021-03-13 06:00:00,21.298462,10.744019,903.9391,3.5303617,22.798737,50.96993
2021-03-13 07:00:00,21.515442,10.642029,903.02167,3.6717381,10.275085,49.95683
2021-03-13 08:00:00,22.450897,10.4921875,901.98517,4.0775285,359.55002,46.717953
2021-03-13 09:00:00,22.602966,10.398132,901.0782,4.6069784,353.2109,45.9991
2021-03-13 10:00:00,21.722717,10.653839,900.5131,4.794286,350.35553,49.366356
2021-03-13 11:00:00,21.633942,10.66922,900.2992,5.42653,354.52234,49.685818
2021-03-13 12:00:00,21.48352,10.696808,900.35187,5.5256777,2.5283813,50.237335
2021-03-13 13:00:00,21.223724,10.609863,900.6482,5.532165,8.422791,50.748985
2021-03-13 14:00:00,19.944336,10.763184,901.10803,5.5460887,13.650116,55.476006
2021-03-13 15:00:00,18.78894,10.563141,901.5754,5.5404654,18.365234,58.82191
2021-03-13 16:00:00,18.456207,10.514923,901.87805,5.4031043,22.415527,59.866653
2021-03-13 17:00:00,17.473602,10.428009,901.88916,5.237743,24.862549,63.314396
2021-03-13 18:00:00,17.16626,10.459198,901.63275,5.047296,25.098633,64.69043
2021-03-13 19:00:00,16.955109,10.467285,901.137,4.9079757,24.238098,65.59648
2021-03-13 20:00:00,16.131104,10.265472,900.5971,4.787818,22.762238,68.19982
2021-03-13 21:00:00,15.967987,10.322235,900.15063,4.7311,21.571716,69.175
2021-03-13 22:00:00,15.24118,10.267822,899.9339,4.013856,27.26178,72.20773
2021-03-13 23:00:00,15.110504,10.22934,899.8429,4.140313,27.572388,72.62963
2021-03-14 00:00:00,15.4947815,10.517914,900.10626,4.2225447,29.73941,72.23741
2021-03-14 01:00:00,15.536163,10.583069,900.6775,4.316925,32.811127,72.35947
2021-03-14 02:00:00,16.848175,10.751282,901.30853,4.5151668,36.336914,67.3033
2021-03-14 03:00:00,17.419647,10.54834,901.8265,4.3762903,40.279602,64.04194
2021-03-14 04:00:00,18.094452,10.447998,902.077,3.698232,43.39026,60.9682
2021-03-14 05:00:00,20.806793,10.393127,902.02655,2.8010564,38.989197,51.31913
2021-03-14 06:00:00,21.726654,10.192322,901.55786,2.2295,17.958557,47.858852
2021-03-14 07:00:00,21.945251,10.115204,900.7269,2.3723626,349.59277,46.981617
2021-03-14 08:00:00,22.93808,9.75589,899.76373,2.9638267,333.44962,43.179466
2021-03-14 09:00:00,23.072693,9.67688,898.9341,3.4768746,327.43045,42.602814
2021-03-14 10:00:00,22.246521,9.90448,898.4596,3.6840196,330.4047,45.481335
2021-03-14 11:00:00,22.121368,9.928192,898.34595,3.7959719,336.2256,45.902096
2021-03-14 12:00:00,22.006561,9.999634,898.5061,3.5297475,352.25854,46.445946
2021-03-14 13:00:00,21.732056,10.031036,898.9138,3.3958123,3.6073303,47.33005
2021-03-14 14:00:00,20.379517,10.197845,899.4611,3.307151,12.3628235,52.006226
2021-03-14 15:00:00,19.16632,10.316986,900.03064,3.2845967,18.928741,56.517906
2021-03-14 16:00:00,18.791473,10.287109,900.421,3.2500262,24.160706,57.740086
2021-03-14 17:00:00,17.845581,10.267029,900.5232,3.25844,26.972534,61.18657
2021-03-14 18:00:00,17.593384,10.305145,900.3329,3.2383368,26.655792,62.324833
2021-03-14 19:00:00,17.35083,10.244629,899.8907,3.2271628,24.64569,63.031185
2021-03-14 20:00:00,16.440582,9.884033,899.35156,3.2741985,22.441467,65.18478
2021-03-14 21:00:00,16.19397,9.857574,898.89307,3.4077854,21.50351,66.09933
2021-03-14 22:00:00,15.425262,10.005737,898.59174,3.1390295,23.820068,70.12087
2021-03-14 23:00:00,15.291168,10.03772,898.6541,3.3208401,26.617981,70.87817
2021-03-15 00:00:00,15.582977,10.285248,898.9771,3.5171614,29.164246,70.724464
2021-03-15 01:00:00,15.636414,10.32843,899.57935,3.6896596,33.350677,70.6863
2021-03-15 02:00:00,17.237518,10.656494,900.28046,3.7576826,35.353638,65.25141
2021-03-15 03:00:00,17.681854,10.452881,900.90894,3.4722614,30.498138,62.59198
2021-03-15 04:00:00,18.258026,10.275055,901.3049,3.2889514,25.06604,59.653126
2021-03-15 05:00:00,21.009247,10.315216,901.31195,2.9172566,17.615906,50.421516
2021-03-15 06:00:00,21.912262,10.081421,900.9484,2.6724606,0.8233032,46.97009
2021-03-15 07:00:00,22.192902,9.975891,900.17236,2.9133124,341.0579,45.848663
2021-03-15 08:00:00,23.214874,9.880249,899.317,3.4387438,329.2947,42.817802
2021-03-15 09:00:00,23.384216,9.744019,898.5415,3.9461534,324.9836,41.997105
2021-03-15 10:00:00,22.571198,10.008606,897.9392,4.0417094,333.47147,44.904274
2021-03-15 11:00:00,22.480652,9.934387,897.84125,4.0427465,339.7386,44.928215
2021-03-15 12:00:00,22.352478,9.828064,898.1026,3.7046463,353.8123,44.95841
2021-03-15 13:00:00,22.105255,9.870087,898.56006,3.5286784,3.2483215,45.768776
2021-03-15 14:00:00,20.599335,10.08667,899.1839,3.4125848,10.738251,50.926105
2021-03-15 15:00:00,19.238922,10.150391,899.76624,3.258546,16.176575,55.640453
2021-03-15 16:00:00,18.93805,10.247284,900.1621,3.0714896,19.680847,57.062065
2021-03-15 17:00:00,17.88501,10.21463,900.266,2.8691359,20.291382,60.821766
2021-03-15 18:00:00,17.56842,10.171997,900.0439,2.6946807,16.808655,61.8705
2021-03-15 19:00:00,17.346771,10.187653,899.6379,2.6066756,10.869812,62.80789
2021-03-15 20:00:00,16.445831,9.974915,899.15546,2.6486964,4.674347,65.56064
2021-03-15 21:00:00,16.25412,9.8064575,898.72766,2.8002772,0.9907532,65.62136
2021-03-15 22:00:00,15.542786,9.604797,898.44745,2.4456635,357.832,67.74994
2021-03-15 23:00:00,15.447693,9.571503,898.5139,2.6173623,0.11932373,68.011925
2021-03-16 00:00:00,15.787384,9.875397,898.90466,2.747302,3.1240234,67.91855
2021-03-16 01:00:00,15.771301,9.908264,899.52814,2.8248153,8.37677,68.13822
2021-03-16 02:00:00,17.405731,10.4201355,900.2545,2.767699,12.195038,63.552902
2021-03-16 03:00:00,17.816986,10.442749,900.8755,2.3320203,4.6679993,62.019604
2021-03-16 04:00:00,18.453308,10.371643,901.21906,2.2374263,346.37357,59.30829
2021-03-16 05:00:00,21.214111,10.348541,901.2204,2.5261595,329.67795,49.90218
2021-03-16 06:00:00,22.126831,10.082855,900.7901,3.167923,315.72513,46.364044
2021-03-16 07:00:00,22.417664,10.09082,900.05945,4.025088,310.34756,45.57496
2021-03-16 08:00:00,23.446747,9.69046,899.1824,4.802989,309.80228,41.688988
2021-03-16 09:00:00,23.603302,9.584198,898.38983,5.3629847,311.02948,41.00401
2021-03-16 10:00:00,22.725891,10.050903,897.818,5.0678473,314.50797,44.610744
2021-03-16 11:00:00,22.61316,10.103668,897.68604,5.010996,322.05975,45.07565
2021-03-16 12:00:00,22.437622,10.122131,897.8332,4.5292783,332.74127,45.615078
2021-03-16 13:00:00,22.200317,10.176178,898.28345,4.2506447,340.73145,46.445786
2021-03-16 14:00:00,20.831848,10.599091,898.9339,4.000191,347.27374,51.948196
2021-03-16 15:00:00,19.40857,10.636414,899.5555,3.7436328,352.9712,56.869976
2021-03-16 16:00:00,19.078888,10.703003,899.9542,3.415646,356.79752,58.30732
2021-03-16 17:00:00,18.045685,10.660431,900.0561,3.1079226,359.24954,62.026775
2021-03-16 18:00:00,17.785858,10.73996,899.83057,2.860956,359.29205,63.383366
2021-03-16 19:00:00,17.599213,10.799225,899.34955,2.720997,357.6752,64.38642
2021-03-16 20:00:00,16.708893,10.548065,898.83026,2.6785707,355.57635,66.988556
2021-03-16 21:00:00,16.510803,10.610687,898.3489,2.7077765,355.43753,68.1205
2021-03-16 22:00:00,15.734314,10.358459,897.9551,1.9160994,355.5748,70.38573
2021-03-16 23:00:00,15.557312,10.271576,897.9437,2.0546582,359.86423,70.77619
2021-03-17 00:00:00,15.811401,10.444122,898.2176,2.221035,6.5089417,70.44087
2021-03-17 01:00:00,15.8897705,10.520203,898.79376,2.4000952,15.138184,70.44523
2021-03-17 02:00:00,17.352661,10.832672,899.44415,2.3754754,21.307892,65.54175
2021-03-17 03:00:00,18.201385,10.621155,900.08514,1.9561372,19.92575,61.262833
2021-03-17 04:00:00,18.922699,10.465088,900.4249,1.5437499,3.073944,57.952744
2021-03-17 05:00:00,21.566101,10.311676,900.382,1.5117419,336.19928,48.717655
2021-03-17 06:00:00,22.488922,10.066895,899.9238,2.005668,313.37262,45.305504
2021-03-17 07:00:00,22.732086,9.9496155,899.155,2.7303326,304.91776,44.29284
2021-03-17 08:00:00,23.773376,9.740509,898.28516,3.3684125,302.95496,41.014053
2021-03-17 09:00:00,23.991821,9.5867,897.546,3.800259,303.4996,40.063435
2021-03-17 10:00:00,22.926483,10.092621,896.9679,3.6214366,311.56717,44.19485
2021-03-17 11:00:00,22.805084,10.060455,896.88837,3.3807502,321.7585,44.425438
2021-03-17 12:00:00,22.58078,10.199585,897.09,2.7688298,339.06476,45.454754
2021-03-17 13:00:00,22.342163,10.327576,897.5868,2.5095031,351.73712,46.51441
2021-03-17 14:00:00,20.921234,10.710175,898.1573,2.3211496,4.6322937,52.046795
2021-03-17 15:00:00,19.69815,10.682922,898.74274,2.1737683,15.203125,56.029255
2021-03-17 16:00:00,19.431396,10.747467,899.1474,1.9977616,23.524384,57.210487
2021-03-17 17:00:00,18.388092,10.709839,899.3554,1.770709,28.914307,60.90802
2021-03-17 18:00:00,18.124115,10.76062,899.2583,1.5822487,30.476074,62.134678
2021-03-17 19:00:00,17.831482,10.750336,898.9518,1.4781398,24.089905,63.245182
2021-03-17 20:00:00,16.85794,10.627655,898.53687,1.4258913,14.042633,66.710625
2021-03-17 21:00:00,16.665344,10.665924,898.1984,1.4773169,4.865692,67.70325
2021-03-17 22:00:00,16.006714,10.393982,898.0093,1.2223127,341.9727,69.33524
2021-03-17 23:00:00,15.926086,10.440796,898.0515,1.5171927,351.41394,69.91102
2021-03-18 00:00:00,16.174347,10.642029,898.437,1.7935969,358.67645,69.74085
2021-03-18 01:00:00,16.2807,10.721039,899.0419,1.995731,6.832489,69.63493
2021-03-18 02:00:00,17.626862,11.021881,899.70953,1.9291188,11.491913,65.23191
2021-03-18 03:00:00,18.059753,10.732452,900.34296,1.6180942,351.7215,62.269627
2021-03-18 04:00:00,18.693665,10.330688,900.6573,1.8788886,327.02258,58.263374
2021-03-18 05:00:00,21.36731,10.286133,900.5642,2.2834797,314.21173,49.23023
2021-03-18 06:00:00,22.318909,10.031738,900.0709,2.7412364,305.62573,45.668697
2021-03-18 07:00:00,22.558868,9.982971,899.2983,3.3543456,301.4105,44.8609
2021-03-18 08:00:00,23.391418,9.768158,898.47,3.9456882,300.2168,42.046833
2021-03-18 09:00:00,23.635895,9.481171,897.76733,4.3913126,301.54282,40.64145
2021-03-18 10:00:00,22.612732,10.213348,897.31,4.3597956,304.25104,45.40838
2021-03-18 11:00:00,22.492035,10.159943,897.30383,4.180959,311.77664,45.579525
2021-03-18 12:00:00,22.244537,10.133057,897.60724,3.685696,322.7311,46.187656
2021-03-18 13:00:00,21.922089,10.217377,898.12354,3.4943838,330.1048,47.370342
2021-03-18 14:00:00,20.530487,10.444855,898.76514,3.2932444,337.0265,52.380394
2021-03-18 15:00:00,19.308594,10.470215,899.4575,3.0189972,342.92844,56.594803
2021-03-18 16:00:00,18.98413,10.502014,899.9112,2.6795316,345.85587,57.873238
2021-03-18 17:00:00,17.978882,10.518402,900.072,2.3814878,345.2592,61.70144
2021-03-18 18:00:00,17.651154,10.435669,899.9486,2.2598143,342.21527,62.64128
2021-03-18 19:00:00,17.430542,10.533844,899.69037,2.2774954,338.4472,63.936115
2021-03-18 20:00:00,16.527863,10.340607,899.341,2.3459344,335.53973,66.83272
2021-03-18 21:00:00,16.369904,10.308868,899.025,2.440005,335.19016,67.36487
2021-03-18 22:00:00,15.760864,10.18335,898.7818,2.4166164,332.60034,69.449684
2021-03-18 23:00:00,15.651672,10.18634,898.8622,2.626224,338.21423,69.950554
2021-03-19 00:00:00,16.006989,10.382416,899.1989,2.7817292,344.84097,69.28057
2021-03-19 01:00:00,15.99469,10.43219,899.77625,2.976724,351.29044,69.56549
2021-03-19 02:00:00,17.299316,10.545349,900.44086,3.0548716,351.99005,64.517746
2021-03-19 03:00:00,17.675568,10.41629,900.9889,3.0375917,348.14352,62.464207
2021-03-19 04:00:00,18.38855,10.238037,901.1571,3.084696,338.85956,59.020813
2021-03-19 05:00:00,21.000916,10.281464,900.9304,3.4441175,326.09875,50.333797
2021-03-19 06:00:00,21.830597,10.148163,900.3398,4.130664,314.19998,47.41586
2021-03-19 07:00:00,22.104767,10.132324,899.5505,4.963328,306.95648,46.580193
2021-03-19 08:00:00,23.21167,9.870117,898.628,5.6933665,303.56448,42.797043
2021-03-19 09:00:00,23.367004,9.830078,897.851,6.1609707,303.12323,42.283905
2021-03-19 10:00:00,22.322937,10.309021,897.3828,5.8490524,301.82794,46.511215
2021-03-19 11:00:00,22.220642,10.341461,897.2604,5.634429,307.6136,46.903072
2021-03-19 12:00:00,22.075378,10.472809,897.4603,4.9847193,317.59134,47.736217
2021-03-19 13:00:00,21.820648,10.425293,897.76025,4.629943,324.5974,48.330482
2021-03-19 14:00:00,20.551514,10.735657,898.24506,4.229885,328.88113,53.33538
2021-03-19 15:00:00,19.17691,10.55127,898.7951,3.8767622,332.74405,57.369785
2021-03-19 16:00:00,18.845917,10.6180725,899.17505,3.5465195,333.88934,58.82772
2021-03-19 17:00:00,17.863617,10.6073,899.272,3.2779512,331.2543,62.5195
2021-03-19 18:00:00,17.58725,10.656647,899.0633,3.163698,326.20416,63.826805
2021-03-19 19:00:00,17.414734,10.655243,898.66724,3.2038207,321.7464,64.51942
2021-03-19 20:00:00,16.546478,10.455109,898.1775,3.2965984,318.89542,67.26537
2021-03-19 21:00:00,16.355225,10.400238,897.77875,3.3966527,318.35995,67.84012
2021-03-19 22:00:00,15.784363,10.3403015,897.6286,3.45016,317.03186,70.07585
2021-03-19 23:00:00,15.63266,10.293457,897.6897,3.4944212,318.28604,70.53848
2021-03-20 00:00:00,15.897461,10.385315,898.048,3.5187874,320.51416,69.780334
2021-03-20 01:00:00,15.901642,10.359772,898.59045,3.547986,323.05264,69.642944
2021-03-20 02:00:00,17.343964,10.787872,899.2244,3.7618632,322.19678,65.38278
2021-03-20 03:00:00,17.766846,10.633759,899.7129,4.073134,319.34613,63.01242
2021-03-20 04:00:00,18.388184,10.393341,899.9296,4.5444517,315.2097,59.63705
2021-03-20 05:00:00,21.023682,10.466492,899.72577,5.0501637,310.89014,50.88765
2021-03-20 06:00:00,21.946411,10.415283,899.1407,5.6825876,306.01193,47.92892
2021-03-20 07:00:00,22.203033,10.352814,898.2734,6.312897,303.1407,46.98897
2021-03-20 08:00:00,23.221344,10.207397,897.3212,6.8484216,301.95776,43.74783
2021-03-20 09:00:00,23.438599,10.052216,896.5843,7.166524,302.87753,42.732285
2021-03-20 10:00:00,22.632568,10.450806,896.03485,6.4054694,304.146,46.07807
2021-03-20 11:00:00,22.527863,10.478088,895.9571,6.086554,309.92343,46.45633
2021-03-20 12:00:00,22.317902,10.452515,896.046,5.1413393,316.91296,46.972893
2021-03-20 13:00:00,22.031586,10.546356,896.40076,4.434006,321.23138,48.098957
2021-03-20 14:00:00,20.626556,10.7258,896.914,3.8269503,324.9049,53.05448
2021-03-20 15:00:00,19.284698,10.673737,897.5019,3.325295,326.81,57.452522
2021-03-20 16:00:00,18.984924,10.738739,897.8658,2.9252381,325.11227,58.78961
2021-03-20 17:00:00,17.934753,10.602173,898.00635,2.6495872,319.4631,62.21909
2021-03-20 18:00:00,17.706055,10.6119995,897.889,2.5786984,311.60645,63.16262
2021-03-20 19:00:00,17.459503,10.611542,897.5446,2.6520226,306.71515,64.15043
2021-03-20 20:00:00,16.52652,10.276581,897.1426,2.7570455,304.8494,66.55345
2021-03-20 21:00:00,16.330902,10.222137,896.791,2.8271391,305.79828,67.14246
2021-03-20 22:00:00,15.735962,10.221588,896.68774,2.3878615,305.92712,69.73829
2021-03-20 23:00:00,15.635712,10.202301,896.8243,2.342308,309.8362,70.09676
2021-03-21 00:00:00,16.016174,10.298462,897.22815,2.2448277,314.74072,68.8532
2021-03-21 01:00:00,16.143005,10.399689,897.951,2.136712,322.84998,68.761116
2021-03-21 02:00:00,17.601685,10.582703,898.7166,2.1740158,327.3664,63.45559
2021-03-21 03:00:00,18.095428,10.382141,899.3568,2.178915,325.84723,60.69733
2021-03-21 04:00:00,18.720917,10.247162,899.63635,2.085899,314.47968,57.840813
2021-03-21 05:00:00,21.390106,10.16745,899.54987,2.2614753,300.5969,48.773426
2021-03-21 06:00:00,22.26831,9.952118,899.1014,2.7927983,290.39838,45.56613
2021-03-21 07:00:00,22.550018,9.931549,898.3377,3.5333116,287.72983,44.73082
2021-03-21 08:00:00,23.550629,9.635223,897.4648,4.1209116,288.38272,41.275463
2021-03-21 09:00:00,23.73059,9.530273,896.76196,4.4671183,291.29544,40.543854
2021-03-21 10:00:00,22.763184,9.8845825,896.2032,4.358469,297.05148,44.017334
2021-03-21 11:00:00,22.670868,9.969849,896.13635,3.8964999,306.90283,44.51786
2021-03-21 12:00:00,22.542847,9.981079,896.3396,3.0305884,320.55502,44.898872
2021-03-21 13:00:00,22.213776,10.169861,896.8335,2.471547,335.19064,46.38817
2021-03-21 14:00:00,20.777252,10.398193,897.5318,2.0955307,349.27524,51.429886
2021-03-21 15:00:00,19.370361,10.342926,898.2736,1.8376951,0.21694946,55.90118
2021-03-21 16:00:00,19.150726,10.382843,898.7523,1.5986278,6.5055237,56.821953
2021-03-21 17:00:00,18.128601,10.189758,898.9514,1.3514936,10.662476,59.798134
2021-03-21 18:00:00,17.879852,10.212311,898.9073,1.1966646,6.6926575,60.832096
2021-03-21 19:00:00,17.622864,10.160217,898.625,1.1884922,2.3918152,61.609943
2021-03-21 20:00:00,16.77002,10.104858,898.2138,1.2943474,358.02612,64.78455
2021-03-21 21:00:00,16.614716,10.18161,897.89655,1.4311975,358.1074,65.76303
2021-03-21 22:00:00,15.954559,10.085846,897.93524,1.6624236,349.96478,68.149796
2021-03-21 23:00:00,15.906952,10.063171,898.1461,1.8656017,1.8383789,68.25377
2021-03-22 00:00:00,16.278046,10.319122,898.7452,2.074913,13.252838,67.80646
2021-03-22 01:00:00,16.51059,10.578705,899.5189,2.3934639,23.01233,67.97651
2021-03-22 02:00:00,17.970367,10.8506775,900.37616,2.6308787,29.860107,63.11462
2021-03-22 03:00:00,18.549591,10.828064,901.0554,2.5515423,34.320312,60.77086
2021-03-22 04:00:00,19.142456,10.750275,901.42194,2.2269907,36.587494,58.259647
2021-03-22 05:00:00,21.696198,10.694061,901.3868,1.9015983,38.039368,49.57897
2021-03-22 06:00:00,22.48352,10.507019,901.00073,1.3839327,33.484528,46.671535
2021-03-22 07:00:00,22.728088,10.457092,900.2342,0.9489193,6.0781555,45.831024
2021-03-22 08:00:00,23.729126,10.362854,899.3769,1.0702571,325.39325,42.871017
2021-03-22 09:00:00,23.875946,10.3159485,898.6301,1.4572932,311.4227,42.361256
2021-03-22 10:00:00,22.943604,10.773773,898.0923,1.7826813,285.6401,46.20025
2021-03-22 11:00:00,22.86258,10.809967,897.9967,1.5305921,302.8648,46.53938
2021-03-22 12:00:00,22.642975,10.938324,898.1833,1.3383338,336.65125,47.56716
2021-03-22 13:00:00,22.319885,11.053619,898.6708,1.5288332,7.275635,48.88281
2021-03-22 14:00:00,21.08847,11.379486,899.38837,1.7703685,27.803253,53.854065
2021-03-22 15:00:00,19.811157,11.081207,900.1382,1.9581323,39.886444,57.129753
2021-03-22 16:00:00,19.51123,11.1258545,900.6294,2.0445948,47.283234,58.375866
2021-03-22 17:00:00,18.485504,11.092651,900.8378,2.070492,50.22168,62.09656
2021-03-22 18:00:00,18.197968,11.191864,900.7404,2.0992572,50.34076,63.643448
2021-03-22 19:00:00,17.972137,11.207886,900.4242,2.1522837,46.973083,64.62138
2021-03-22 20:00:00,17.066223,10.961395,899.9338,2.2466218,44.397278,67.31305
2021-03-22 21:00:00,16.84842,10.944366,899.55615,2.4068766,42.855865,68.1714
2021-03-22 22:00:00,16.286438,10.932648,899.418,1.7977098,44.209656,70.595436
2021-03-22 23:00:00,16.20398,10.963898,899.50586,2.2019663,46.77133,71.11472
2021-03-23 00:00:00,16.43991,11.254547,899.91656,2.6071703,51.187653,71.417725
2021-03-23 01:00:00,16.757904,11.5373535,900.5334,3.021391,56.871613,71.311134
2021-03-23 02:00:00,18.155487,11.838318,901.2583,3.1858368,62.51773,66.59956
2021-03-23 03:00:00,18.578552,11.777588,901.8681,2.8785458,67.82678,64.59726
2021-03-23 04:00:00,19.030457,11.480408,902.1316,2.542407,71.71466,61.57836
2021-03-23 05:00:00,21.601807,11.708679,902.0248,2.0851064,76.5036,53.33412
2021-03-23 06:00:00,22.402374,11.407379,901.5147,1.4547431,80.62988,49.79167
2021-03-23 07:00:00,22.630676,11.329437,900.7897,0.7988641,76.1615,48.853283
2021-03-23 08:00:00,23.57019,11.258759,899.9098,0.319672,14.678619,45.93937
2021-03-23 09:00:00,23.752747,11.132355,899.1325,0.74665815,323.86844,45.058044
2021-03-23 10:00:00,22.867645,11.253479,898.36615,1.5228645,316.6786,47.914715
2021-03-23 11:00:00,22.770996,11.40564,898.3007,1.7322729,336.21124,48.68414
2021-03-23 12:00:00,22.628204,11.479553,898.55255,2.015,3.399109,49.348328
2021-03-23 13:00:00,22.331696,11.482117,899.01196,2.2970507,18.675598,50.253952
2021-03-23 14:00:00,20.999603,11.6718445,899.716,2.4458864,29.864807,55.205433
2021-03-23 15:00:00,19.814789,11.644592,900.41943,2.5624087,39.40442,59.28687
2021-03-23 16:00:00,19.507477,11.743988,900.91187,2.5861056,47.17105,60.82644
2021-03-23 17:00:00,18.492737,11.72757,901.05255,2.5782566,52.69571,64.73126
2021-03-23 18:00:00,18.100739,11.757385,900.8767,2.4691868,53.789154,66.47314
2021-03-23 19:00:00,17.908234,11.775055,900.4639,2.357544,51.74707,67.3609
2021-03-23 20:00:00,17.092377,11.600037,900.048,2.2774253,46.768555,70.10503
2021-03-23 21:00:00,16.932404,11.59082,899.695,2.308698,41.944427,70.7759
2021-03-23 22:00:00,16.5206,11.510803,899.44696,2.0940096,39.901947,72.2673
2021-03-23 23:00:00,16.411407,11.514526,899.5364,2.2965143,39.94806,72.7889
2021-03-24 00:00:00,16.641083,11.7578125,899.9467,2.5504694,41.49762,72.89564
2021-03-24 01:00:00,16.60556,11.639038,900.5929,2.8275466,43.329865,72.48972
2021-03-24 02:00:00,18.164215,11.95752,901.27985,2.806688,44.90622,67.08808
2021-03-24 03:00:00,18.486572,11.7890625,901.83405,2.177246,40.801086,65.01952
2021-03-24 04:00:00,19.06607,11.638306,902.0973,1.751859,28.72409,62.08623
2021-03-24 05:00:00,21.56372,11.658234,901.991,1.5192076,10.575287,53.280777
2021-03-24 06:00:00,22.379242,11.26651,901.43475,1.6300278,341.3114,49.398926
2021-03-24 07:00:00,22.618805,11.195709,900.5639,2.265891,318.806,48.457363
2021-03-24 08:00:00,23.609467,11.034149,899.5744,3.089067,310.66724,45.153378
2021-03-24 09:00:00,23.813019,10.920197,898.657,3.7672849,310.22098,44.267296
2021-03-24 10:00:00,22.891388,11.132568,897.9988,3.977161,306.4893,47.46398
2021-03-24 11:00:00,22.785858,11.21167,897.7268,4.0242195,317.94678,48.019585
2021-03-24 12:00:00,22.637695,11.323547,897.87585,3.7727525,332.83807,48.81343
2021-03-24 13:00:00,22.394714,11.527832,898.27673,3.6190522,343.61768,50.21325
2021-03-24 14:00:00,21.099915,11.618317,898.8381,3.660885,352.4146,54.67275
2021-03-24 15:00:00,19.864716,11.487305,899.4158,3.7029688,359.1413,58.492573
2021-03-24 16:00:00,19.607605,11.545349,899.855,3.6324,4.2372437,59.661472
2021-03-24 17:00:00,18.511444,11.571777,899.9414,3.5308962,7.0711365,63.99373
2021-03-24 18:00:00,18.227173,11.660797,899.7106,3.4409926,7.9585876,65.52846
2021-03-24 19:00:00,17.947662,11.669739,899.2721,3.4164197,8.11203,66.72863
2021-03-24 20:00:00,17.07547,11.303345,898.82904,3.4916253,9.046234,68.81638
2021-03-24 21:00:00,16.935822,11.230988,898.4782,3.613691,10.472382,69.09588
2021-03-24 22:00:00,16.247467,11.13028,898.3775,3.0658658,16.190369,71.70516
2021-03-24 23:00:00,16.103058,11.136993,898.37415,3.2852192,17.13501,72.400566
2021-03-25 00:00:00,16.380981,11.339264,898.7753,3.5105033,19.640686,72.08932
2021-03-25 01:00:00,16.381958,11.272217,899.396,3.7143006,23.662231,71.765526
2021-03-25 02:00:00,17.847443,11.6094055,900.1428,3.8328683,24.059326,66.88365
2021-03-25 03:00:00,18.142548,11.327423,900.72534,3.7581785,24.604431,64.44133
2021-03-25 04:00:00,18.593872,11.1076355,901.0288,3.761007,24.161102,61.738026
2021-03-25 05:00:00,21.259827,11.006134,900.99646,3.5194404,19.628479,51.988346
2021-03-25 06:00:00,22.169006,10.757599,900.56494,3.2861483,6.17572,48.373234
2021-03-25 07:00:00,22.395569,10.6484375,899.77875,3.4569154,349.36484,47.365673
2021-03-25 08:00:00,23.39325,10.403442,898.8173,3.9694185,337.48663,43.86627
2021-03-25 09:00:00,23.58374,10.16748,898.0302,4.4993567,333.09842,42.687607
2021-03-25 10:00:00,22.683105,10.50827,897.51587,3.7469666,322.1709,46.113262
2021-03-25 11:00:00,22.612091,10.511871,897.38495,3.9154804,330.37186,46.323524
2021-03-25 12:00:00,22.50116,10.546234,897.6019,3.5588586,341.71066,46.743507
2021-03-25 13:00:00,22.265686,10.529144,898.1779,3.3056233,350.68372,47.36362
2021-03-25 14:00:00,20.95169,10.839722,898.8974,3.3163502,358.0736,52.39886
2021-03-25 15:00:00,19.66275,10.746429,899.5792,3.369396,3.3491516,56.390224
2021-03-25 16:00:00,19.433228,10.765564,900.05,3.27109,7.605072,57.272865
2021-03-25 17:00:00,18.321411,10.678406,900.14374,3.190574,9.4192505,61.03538
2021-03-25 18:00:00,17.930817,10.675934,899.9358,3.154189,9.016998,62.54081
2021-03-25 19:00:00,17.720032,10.693207,899.4877,3.1906493,7.62677,63.44903
2021-03-25 20:00:00,16.905884,10.458984,898.9441,3.2781703,5.844269,65.765045
2021-03-25 21:00:00,16.725342,10.35849,898.56494,3.4502358,5.320709,66.07828
2021-03-25 22:00:00,15.988739,10.105499,898.32916,2.7110157,13.710754,68.090614
2021-03-25 23:00:00,15.8703,10.0737915,898.42993,2.8342044,13.531097,68.46238
2021-03-26 00:00:00,16.392303,10.424957,898.91876,2.958399,16.904419,67.791855
2021-03-26 01:00:00,16.432373,10.363556,899.6041,3.0936449,20.623657,67.34287
2021-03-26 02:00:00,17.799286,10.45813,900.38446,3.1747165,17.430176,62.15246
2021-03-26 03:00:00,18.367554,10.326813,901.00867,3.3395157,12.366852,59.449787
2021-03-26 04:00:00,19.054962,10.124451,901.31287,3.4875739,7.209717,56.18447
2021-03-26 05:00:00,21.725983,10.069977,901.18787,3.5979023,359.19168,47.471077
2021-03-26 06:00:00,22.689331,9.795044,900.6718,3.905982,347.89392,43.95053
2021-03-26 07:00:00,22.971222,9.70224,899.82837,4.4972463,338.55118,42.938187
2021-03-26 08:00:00,24.124878,9.555878,898.8741,5.1750016,333.03918,39.662487
2021-03-26 09:00:00,24.2724,9.463562,898.0678,5.7066517,331.66544,39.0701
2021-03-26 10:00:00,23.505402,10.000305,897.50726,5.22561,329.06183,42.412956
2021-03-26 11:00:00,23.406311,9.981812,897.32733,5.211812,335.14154,42.61444
2021-03-26 12:00:00,23.249146,9.888306,897.52094,4.5393453,345.68063,42.7523
2021-03-26 13:00:00,22.913177,9.986847,898.01624,3.9916337,354.20267,43.91868
2021-03-26 14:00:00,21.263947,10.215332,898.716,3.6491032,4.4417114,49.309483
2021-03-26 15:00:00,20.008972,10.25415,899.40436,3.469415,13.048737,53.411716
2021-03-26 16:00:00,19.645416,10.228699,899.84674,3.337387,20.513367,54.536404
2021-03-26 17:00:00,18.537872,10.226379,899.86237,3.161708,26.663513,58.42584
2021-03-26 18:00:00,18.199066,10.185181,899.5578,2.9904785,31.624481,59.515972
2021-03-26 19:00:00,17.916931,10.14975,899.07654,2.81353,33.75238,60.437225
2021-03-26 20:00:00,16.90335,9.833313,898.57806,2.7342267,34.6781,63.08227
2021-03-26 21:00:00,16.725555,9.786835,898.1381,2.6988027,36.122894,63.599438
2021-03-26 22:00:00,15.893005,9.381805,897.9604,2.720552,42.26837,65.26394
2021-03-26 23:00:00,15.737213,9.439941,897.98376,2.7079499,45.080658,66.17528
2021-03-27 00:00:00,16.262115,9.682343,898.2682,2.70598,49.700806,65.044495
2021-03-27 01:00:00,16.519135,9.747498,898.87335,2.807735,54.674835,64.26932
2021-03-27 02:00:00,18.205963,10.105011,899.5885,2.7826827,61.066986,59.172363
2021-03-27 03:00:00,18.792542,10.056,900.21173,2.5211306,68.12216,56.8516
2021-03-27 04:00:00,19.590576,10.141266,900.5087,1.9770668,73.58188,54.403717
2021-03-27 05:00:00,22.654327,10.289642,900.3954,1.1532933,72.9223,45.525215
2021-03-27 06:00:00,23.575806,9.914398,899.9228,0.34077528,15.827576,41.991238
2021-03-27 07:00:00,23.816711,9.805969,899.11584,1.071844,292.31757,41.087128
2021-03-27 08:00:00,24.923431,9.694336,898.2403,2.0287247,285.98157,38.164867
2021-03-27 09:00:00,25.06195,9.651489,897.3951,2.7276413,286.47015,37.742317
2021-03-27 10:00:00,24.209076,10.432404,896.75745,3.1674328,267.85892,41.84605
2021-03-27 11:00:00,24.076904,10.4444275,896.59314,2.9916174,275.18365,42.21307
2021-03-27 12:00:00,23.931183,10.461273,896.8528,2.2446992,280.56607,42.632042
2021-03-27 13:00:00,23.517517,10.347748,897.34454,1.7117643,281.93402,43.37726
2021-03-27 14:00:00,21.87735,10.679779,898.01154,1.2363068,276.18933,48.986855
2021-03-27 15:00:00,20.590942,10.620789,898.64087,0.9355447,262.58014,52.80078
2021-03-27 16:00:00,20.222351,10.745056,899.0634,0.88416237,239.97284,54.464222
2021-03-27 17:00:00,19.119507,10.805298,899.13837,1.0901284,227.79797,58.556873
2021-03-27 18:00:00,18.768097,10.865753,898.9073,1.3901231,226.17226,60.096287
2021-03-27 19:00:00,18.49353,10.873932,898.46094,1.6820395,230.66351,61.170692
2021-03-27 20:00:00,17.581146,10.676086,897.8667,1.8816769,236.60681,63.93404
2021-03-27 21:00:00,17.382782,10.7187805,897.3738,2.0170312,242.71817,64.923645
2021-03-27 22:00:00,16.709015,10.565247,897.1731,1.5553945,235.50827,67.064735
2021-03-27 23:00:00,16.606659,10.552307,897.2165,1.4868169,239.56766,67.444
2021-03-28 00:00:00,17.03479,10.9374695,897.5357,1.3030245,242.26666,67.3401
2021-03-28 01:00:00,17.05957,10.979523,898.1093,1.0304483,244.75723,67.42249
2021-03-28 02:00:00,18.627716,11.475433,898.70825,0.9522082,246.93198,63.126396
2021-03-28 03:00:00,19.16455,11.356293,899.17633,1.1479226,251.60934,60.566414
2021-03-28 04:00:00,20.03128,11.333832,899.414,1.5993919,254.42564,57.307392
2021-03-28 05:00:00,22.83374,11.273712,899.25226,2.1998353,260.91818,48.07762
2021-03-28 06:00:00,23.67926,10.866333,898.7128,2.945129,267.7124,44.465702
2021-03-28 07:00:00,23.90686,10.692352,897.8091,3.7039516,271.92267,43.356514
2021-03-28 08:00:00,24.98053,10.315796,896.8446,4.2704887,274.34796,39.64972
2021-03-28 09:00:00,25.149078,10.213074,895.91766,4.598535,275.10236,38.985195
2021-03-28 10:00:00,24.25,10.729706,895.23987,4.832688,268.4401,42.578175
2021-03-28 11:00:00,24.141846,10.743256,895.0243,4.4919987,267.44705,42.893925
2021-03-28 12:00:00,24.018066,10.642212,895.1814,3.5017362,263.4236,42.9243
2021-03-28 13:00:00,23.69577,10.503235,895.59485,2.665854,253.88416,43.361137
2021-03-28 14:00:00,22.02887,11.165039,896.24664,2.329078,236.96236,50.125893
2021-03-28 15:00:00,20.893097,11.257233,896.98706,2.444887,221.35957,54.06509
2021-03-28 16:00:00,20.62204,11.2378235,897.5254,2.7806163,211.0652,54.9041
2021-03-28 17:00:00,19.605011,11.272095,897.7086,3.2320833,207.20801,58.601986
2021-03-28 18:00:00,19.30841,11.363556,897.5032,3.6273365,208.45656,60.05512
2021-03-28 19:00:00,19.050629,11.515228,897.12604,3.8926535,212.26976,61.642708
2021-03-28 20:00:00,18.314545,11.485565,896.6767,4.044371,216.52327,64.42005
2021-03-28 21:00:00,18.04602,11.530273,896.27155,4.0587897,220.78732,65.7091
2021-03-28 22:00:00,17.469421,11.315674,896.1958,3.6594784,221.10312,67.17859
2021-03-28 23:00:00,17.41687,11.342438,896.1943,3.4445932,222.26955,67.52137
2021-03-29 00:00:00,17.695862,11.609222,896.512,3.2234204,220.63068,67.52432
2021-03-29 01:00:00,17.79123,11.676727,897.0183,2.9639926,218.90904,67.41983
2021-03-29 02:00:00,19.3255,12.10321,897.6118,3.1737337,217.55328,62.992233
2021-03-29 03:00:00,19.859589,11.942474,898.05096,3.8526864,222.43645,60.295654
2021-03-29 04:00:00,20.55075,11.894806,898.22687,4.6938996,230.42537,57.592667
2021-03-29 05:00:00,23.187317,11.856873,898.07196,5.5360856,238.12234,48.90869
2021-03-29 06:00:00,24.069519,11.458252,897.5682,6.261216,245.25937,45.17264
2021-03-29 07:00:00,24.325806,11.375214,896.7424,6.900396,249.98975,44.239845
2021-03-29 08:00:00,25.190857,11.2948,895.76154,7.3848686,253.0878,41.78899
2021-03-29 09:00:00,25.431244,11.1076355,894.8069,7.7101707,255.03477,40.687893
2021-03-29 10:00:00,24.560638,11.553497,893.9522,7.239415,256.6814,44.139576
2021-03-29 11:00:00,24.400024,11.548889,893.65326,6.785774,254.46906,44.552376
2021-03-29 12:00:00,24.036469,11.682312,893.7647,5.8555264,247.16898,45.9375
2021-03-29 13:00:00,23.617554,11.481934,894.1944,5.4699583,239.71515,46.490074
2021-03-29 14:00:00,22.156403,11.805664,894.85187,5.5110517,234.0369,51.88998
2021-03-29 15:00:00,21.191406,11.890442,895.5089,5.8477197,230.28407,55.351597
2021-03-29 16:00:00,20.904205,12.025452,895.88727,6.282192,228.35641,56.839966
2021-03-29 17:00:00,19.840057,12.003113,895.9663,6.7663426,227.76884,60.610287
2021-03-29 18:00:00,19.4599,12.066528,895.7112,7.280771,228.7497,62.31724
2021-03-29 19:00:00,19.209625,12.110474,895.3429,7.724983,231.05829,63.47864
2021-03-29 20:00:00,18.533447,12.137604,894.8511,8.0689745,233.94414,66.33464
2021-03-29 21:00:00,18.347076,12.095764,894.4476,8.236534,237.44618,66.92924
2021-03-29 22:00:00,17.730103,12.165649,894.1482,7.5704045,243.99426,69.89588
2021-03-29 23:00:00,17.615875,12.13504,894.16565,7.523178,245.19073,70.259254
2021-03-30 00:00:00,17.896393,12.334442,894.45795,7.3817334,246.5369,69.93964
2021-03-30 01:00:00,17.87436,12.289856,894.9786,7.2793064,248.06828,69.83181
2021-03-30 02:00:00,19.083252,12.442963,895.57935,7.809107,250.30348,65.39377
2021-03-30 03:00:00,19.477081,12.277405,896.09235,8.621769,254.39673,63.12007
2021-03-30 04:00:00,20.035156,12.045105,896.31226,9.377743,258.78018,60.048058
2021-03-30 05:00:00,22.268127,11.754578,896.1986,10.028761,262.89545,51.364815
2021-03-30 06:00:00,23.138214,11.459198,895.7249,10.606907,266.42816,47.78271
2021-03-30 07:00:00,23.446259,11.407928,894.95,11.080571,269.6023,46.743256
2021-03-30 08:00:00,24.52359,10.969055,894.02094,11.393797,272.1219,42.55769
2021-03-30 09:00:00,24.711609,10.88208,893.1771,11.45039,274.59796,41.839542
2021-03-30 10:00:00,23.85205,11.135834,892.37115,10.448973,276.89017,44.800003
2021-03-30 11:00:00,23.754211,11.11084,892.16675,9.524257,278.41248,44.98984
2021-03-30 12:00:00,23.564331,11.081665,892.2791,7.651999,277.99585,45.41928
2021-03-30 13:00:00,23.242035,11.045593,892.7001,6.002675,273.1899,46.200516
2021-03-30 14:00:00,21.889923,11.619293,893.28485,5.300554,266.96817,52.09512
2021-03-30 15:00:00,20.739227,11.400024,893.8823,5.0274935,260.17596,55.09777
2021-03-30 16:00:00,20.454956,11.463898,894.2578,5.0095778,253.04654,56.30897
2021-03-30 17:00:00,19.460602,11.457245,894.3738,5.2320676,247.71587,59.85919
2021-03-30 18:00:00,19.192413,11.485809,894.1796,5.534107,244.90213,60.981644
2021-03-30 19:00:00,18.970428,11.484924,893.8321,5.8547273,244.17769,61.82787
2021-03-30 20:00:00,18.160858,11.468445,893.3837,6.122627,244.44913,64.970695
2021-03-30 21:00:00,17.973022,11.407227,892.9574,6.335685,245.36807,65.47632
2021-03-30 22:00:00,17.380127,11.407043,892.6648,6.0861053,250.74857,67.968216
2021-03-30 23:00:00,17.25763,11.315796,892.6903,6.1535773,249.24976,68.08397
2021-03-31 00:00:00,17.552582,11.687012,893.00757,6.1771693,248.31184,68.487946
2021-03-31 01:00:00,17.487183,11.606903,893.63403,6.1225357,247.18091,68.40828
2021-03-31 02:00:00,18.7146,11.917847,894.3865,6.5847936,246.64313,64.64494
2021-03-31 03:00:00,19.101166,11.526642,895.045,7.284029,248.69649,61.495155
2021-03-31 04:00:00,19.591217,11.176819,895.37994,8.135076,253.06302,58.28312
2021-03-31 05:00:00,21.95169,11.068665,895.3416,8.877927,256.16086,50.04154
2021-03-31 06:00:00,22.9151,10.7211,894.9589,9.746976,258.20813,46.118217
2021-03-31 07:00:00,23.190796,10.642059,894.26,10.69873,260.26038,45.117466
2021-03-31 08:00:00,24.243378,10.3177185,893.4239,11.558049,262.32574,41.44183
2021-03-31 09:00:00,24.40805,10.102936,892.6607,12.047279,264.33356,40.45045
2021-03-31 10:00:00,23.603912,10.292053,892.0277,11.322936,265.65094,42.99192
2021-03-31 11:00:00,23.531403,10.448914,891.9257,10.821972,266.35388,43.634373
2021-03-31 12:00:00,23.382751,10.389496,892.13947,9.34978,264.63135,43.853256
2021-03-31 13:00:00,22.87082,10.053314,892.568,8.110397,260.19644,44.22771
2021-03-31 14:00:00,21.432404,10.800537,893.10596,7.6878676,257.03094,50.743683
2021-03-31 15:00:00,20.360413,10.739655,893.69836,7.5328736,255.09091,53.982292
2021-03-31 16:00:00,20.129944,10.774597,894.0513,7.5440497,253.52628,54.88399
2021-03-31 17:00:00,18.987366,10.84787,894.20166,7.7244124,252.48456,59.20868
2021-03-31 18:00:00,18.74237,10.923462,894.03986,7.9687433,252.20337,60.424187
2021-03-31 19:00:00,18.544678,10.924927,893.71423,8.168429,252.6363,61.182014
2021-03-31 20:00:00,17.743347,10.850128,893.3139,8.30774,253.63097,64.02045
2021-03-31 21:00:00,17.509766,10.742218,892.9785,8.358679,255.06512,64.50574
2021-03-31 22:00:00,16.80484,10.706665,892.7816,8.098004,254.08755,67.288574
2021-03-31 23:00:00,16.70282,10.718384,892.9469,8.02404,254.92177,67.77849
